[{"contributors":null,"truncated":false,"text":"“@WSJ: Central Sydney shut down by police amid ongoing hostage situation: http://t.co/wlogoSgFol” @antgoldbloom","in_reply_to_status_id":544290258951892992,"id":544290355068166146,"favorite_count":0,"source":"<a href=\"http://twitter.com/download/iphone\" rel=\"nofollow\">Twitter for iPhone</a>","retweeted":false,"coordinates":null,"entities":{"symbols":[],"user_mentions":[{"id":3108351,"indices":[1,5],"id_str":"3108351","screen_name":"WSJ","name":"Wall Street Journal"},{"id":167960058,"indices":[98,111],"id_str":"167960058","screen_name":"antgoldbloom","name":"Anthony Goldbloom"}],"hashtags":[],"urls":[{"url":"http://t.co/wlogoSgFol","indices":[74,96],"expanded_url":"http://on.wsj.com/16mVQts","display_url":"on.wsj.com/16mVQts"}]},"in_reply_to_screen_name":"WSJ","id_str":"544290355068166146","retweet_count":0,"in_reply_to_user_id":3108351,"favorited":false,"user":{"follow_request_sent":false,"profile_use_background_image":true,"profile_text_color":"333333","default_profile_image":false,"id":329119160,"profile_background_image_url_https":"https://abs.twimg.com/images/themes/theme1/bg.png","verified":false,"profile_location":null,"profile_image_url_https":"https://pbs.twimg.com/profile_images/3420212297/63da9d083364794e1ca081d72ddc5600_normal.jpeg","profile_sidebar_fill_color":"DDEEF6","entities":{"description":{"urls":[]}},"followers_count":239,"profile_sidebar_border_color":"C0DEED","id_str":"329119160","profile_background_color":"C0DEED","listed_count":3,"is_translation_enabled":false,"utc_offset":-28800,"statuses_count":5750,"description":"Staff Writer at SB Nation; done some writing for ESPN TrueHoop as well. Just a guy trying to get the best out of life. #LiveLaughLove #LoveLife","friends_count":2001,"location":"","profile_link_color":"0084B4","profile_image_url":"http://pbs.twimg.com/profile_images/3420212297/63da9d083364794e1ca081d72ddc5600_normal.jpeg","following":false,"geo_enabled":true,"profile_banner_url":"https://pbs.twimg.com/profile_banners/329119160/1364072185","profile_background_image_url":"http://abs.twimg.com/images/themes/theme1/bg.png","name":"Sam Sorkin","lang":"en","profile_background_tile":false,"favourites_count":301,"screen_name":"samsportfan23","notifications":false,"url":null,"created_at":"Mon Jul 04 15:34:12 +0000 2011","contributors_enabled":false,"time_zone":"Pacific Time (US & Canada)","protected":false,"default_profile":true,"is_translator":false},"geo":null,"in_reply_to_user_id_str":"3108351","possibly_sensitive":false,"lang":"en","created_at":"Mon Dec 15 00:38:27 +0000 2014","in_reply_to_status_id_str":"544290258951892992","place":null},
{"contributors":null,"truncated":false,"text":"“@WSJ: Central Sydney shut down by police amid ongoing hostage situation: http://t.co/7GESl6U7qE”","in_reply_to_status_id":544290258951892992,"id":544291071833157632,"favorite_count":0,"source":"<a href=\"http://twitter.com/download/iphone\" rel=\"nofollow\">Twitter for iPhone</a>","retweeted":false,"coordinates":null,"entities":{"symbols":[],"user_mentions":[{"id":3108351,"indices":[1,5],"id_str":"3108351","screen_name":"WSJ","name":"Wall Street Journal"}],"hashtags":[],"urls":[{"url":"http://t.co/7GESl6U7qE","indices":[74,96],"expanded_url":"http://on.wsj.com/16mVQts","display_url":"on.wsj.com/16mVQts"}]},"in_reply_to_screen_name":"WSJ","id_str":"544291071833157632","retweet_count":0,"in_reply_to_user_id":3108351,"favorited":false,"user":{"follow_request_sent":false,"profile_use_background_image":true,"profile_text_color":"333333","default_profile_image":false,"id":41687976,"profile_background_image_url_https":"https://abs.twimg.com/images/themes/theme14/bg.gif","verified":false,"profile_location":null,"profile_image_url_https":"https://pbs.twimg.com/profile_images/588570650261880834/ilBTb9gE_normal.jpg","profile_sidebar_fill_color":"EFEFEF","entities":{"url":{"urls":[{"url":"http://t.co/jfre488Gtb","indices":[0,22],"expanded_url":"http://facebook.com/Itza.IH7","display_url":"facebook.com/Itza.IH7"}]},"description":{"urls":[]}},"followers_count":829,"profile_sidebar_border_color":"FFFFFF","id_str":"41687976","profile_background_color":"131516","listed_count":8,"is_translation_enabled":false,"utc_offset":-21600,"statuses_count":4003,"description":"Student Marketing, ex-soccer player & Madridista. #swag IG: @itza_ih7 ❤️❤️❤️ @MadisonElleBeer ❤️❤️❤️","friends_count":1675,"location":"snapchat @Itza_nh","profile_link_color":"009999","profile_image_url":"http://pbs.twimg.com/profile_images/588570650261880834/ilBTb9gE_normal.jpg","following":false,"geo_enabled":true,"profile_banner_url":"https://pbs.twimg.com/profile_banners/41687976/1418359770","profile_background_image_url":"http://abs.twimg.com/images/themes/theme14/bg.gif","name":"Itza_HN ♛","lang":"es","profile_background_tile":false,"favourites_count":3788,"screen_name":"Itza_IH7","notifications":false,"url":"http://t.co/jfre488Gtb","created_at":"Thu May 21 22:00:32 +0000 2009","contributors_enabled":false,"time_zone":"Mexico City","protected":false,"default_profile":false,"is_translator":false},"geo":null,"in_reply_to_user_id_str":"3108351","possibly_sensitive":false,"lang":"en","created_at":"Mon Dec 15 00:41:18 +0000 2014","in_reply_to_status_id_str":"544290258951892992","place":null},
{"contributors":null,"truncated":false,"text":"@WSJ #diversity","in_reply_to_status_id":544290258951892992,"id":544292284259262464,"favorite_count":0,"source":"<a href=\"http://twitter.com\" rel=\"nofollow\">Twitter Web Client</a>","retweeted":false,"coordinates":null,"entities":{"symbols":[],"user_mentions":[{"id":3108351,"indices":[0,4],"id_str":"3108351","screen_name":"WSJ","name":"Wall Street Journal"}],"hashtags":[{"indices":[5,15],"text":"diversity"}],"urls":[]},"in_reply_to_screen_name":"WSJ","id_str":"544292284259262464","retweet_count":0,"in_reply_to_user_id":3108351,"favorited":false,"user":{"follow_request_sent":false,"profile_use_background_image":true,"profile_text_color":"333333","default_profile_image":false,"id":2871588796,"profile_background_image_url_https":"https://abs.twimg.com/images/themes/theme1/bg.png","verified":false,"profile_location":null,"profile_image_url_https":"https://pbs.twimg.com/profile_images/531984968835035136/9TxsZByb_normal.jpeg","profile_sidebar_fill_color":"DDEEF6","entities":{"url":{"urls":[{"url":"http://t.co/vjZNzIq9fQ","indices":[0,22],"expanded_url":"http://RivalThoughts.com","display_url":"RivalThoughts.com"}]},"description":{"urls":[]}},"followers_count":190,"profile_sidebar_border_color":"C0DEED","id_str":"2871588796","profile_background_color":"C0DEED","listed_count":2,"is_translation_enabled":false,"utc_offset":null,"statuses_count":1386,"description":"To learn who rules over you, simply find out who you are not allowed to criticize.","friends_count":554,"location":"","profile_link_color":"0084B4","profile_image_url":"http://pbs.twimg.com/profile_images/531984968835035136/9TxsZByb_normal.jpeg","following":false,"geo_enabled":false,"profile_banner_url":"https://pbs.twimg.com/profile_banners/2871588796/1415670403","profile_background_image_url":"http://abs.twimg.com/images/themes/theme1/bg.png","name":"Rival Thoughts","lang":"en","profile_background_tile":false,"favourites_count":231,"screen_name":"RivalThoughts","notifications":false,"url":"http://t.co/vjZNzIq9fQ","created_at":"Tue Nov 11 00:58:06 +0000 2014","contributors_enabled":false,"time_zone":null,"protected":false,"default_profile":true,"is_translator":false},"geo":null,"in_reply_to_user_id_str":"3108351","lang":"und","created_at":"Mon Dec 15 00:46:07 +0000 2014","in_reply_to_status_id_str":"544290258951892992","place":null},
{"contributors":null,"truncated":false,"text":"@WSJ @maybe Sydney needs to borrow some guns??","in_reply_to_status_id":544290258951892992,"id":544292833042374656,"favorite_count":0,"source":"<a href=\"http://twitter.com\" rel=\"nofollow\">Twitter Web Client</a>","retweeted":false,"coordinates":null,"entities":{"symbols":[],"user_mentions":[{"id":3108351,"indices":[0,4],"id_str":"3108351","screen_name":"WSJ","name":"Wall Street Journal"},{"id":340713091,"indices":[5,11],"id_str":"340713091","screen_name":"maybe","name":"maybe"}],"hashtags":[],"urls":[]},"in_reply_to_screen_name":"WSJ","id_str":"544292833042374656","retweet_count":0,"in_reply_to_user_id":3108351,"favorited":false,"user":{"follow_request_sent":false,"profile_use_background_image":true,"profile_text_color":"333333","default_profile_image":true,"id":2802005307,"profile_background_image_url_https":"https://abs.twimg.com/images/themes/theme1/bg.png","verified":false,"profile_location":null,"profile_image_url_https":"https://abs.twimg.com/sticky/default_profile_images/default_profile_3_normal.png","profile_sidebar_fill_color":"DDEEF6","entities":{"description":{"urls":[]}},"followers_count":2,"profile_sidebar_border_color":"C0DEED","id_str":"2802005307","profile_background_color":"C0DEED","listed_count":0,"is_translation_enabled":false,"utc_offset":null,"statuses_count":8,"description":"","friends_count":34,"location":"","profile_link_color":"0084B4","profile_image_url":"http://abs.twimg.com/sticky/default_profile_images/default_profile_3_normal.png","following":false,"geo_enabled":false,"profile_background_image_url":"http://abs.twimg.com/images/themes/theme1/bg.png","name":"T Doric","lang":"en","profile_background_tile":false,"favourites_count":0,"screen_name":"tdoric300","notifications":false,"url":null,"created_at":"Fri Oct 03 14:48:03 +0000 2014","contributors_enabled":false,"time_zone":null,"protected":false,"default_profile":true,"is_translator":false},"geo":null,"in_reply_to_user_id_str":"3108351","lang":"en","created_at":"Mon Dec 15 00:48:18 +0000 2014","in_reply_to_status_id_str":"544290258951892992","place":null},
{"contributors":null,"truncated":false,"text":"@WSJ More workplace violence I'm sure !","in_reply_to_status_id":544290258951892992,"id":544292932216696832,"favorite_count":0,"source":"<a href=\"http://twitter.com/#!/download/ipad\" rel=\"nofollow\">Twitter for iPad</a>","retweeted":false,"coordinates":null,"entities":{"symbols":[],"user_mentions":[{"id":3108351,"indices":[0,4],"id_str":"3108351","screen_name":"WSJ","name":"Wall Street Journal"}],"hashtags":[],"urls":[]},"in_reply_to_screen_name":"WSJ","id_str":"544292932216696832","retweet_count":0,"in_reply_to_user_id":3108351,"favorited":false,"user":{"follow_request_sent":false,"profile_use_background_image":true,"profile_text_color":"333333","default_profile_image":false,"id":1910974609,"profile_background_image_url_https":"https://abs.twimg.com/images/themes/theme1/bg.png","verified":false,"profile_location":null,"profile_image_url_https":"https://pbs.twimg.com/profile_images/378800000516982835/7aa7c74b7b461c688a9e9a2d485aceaa_normal.jpeg","profile_sidebar_fill_color":"DDEEF6","entities":{"description":{"urls":[]}},"followers_count":414,"profile_sidebar_border_color":"C0DEED","id_str":"1910974609","profile_background_color":"C0DEED","listed_count":6,"is_translation_enabled":false,"utc_offset":-18000,"statuses_count":9837,"description":"","friends_count":525,"location":"","profile_link_color":"0084B4","profile_image_url":"http://pbs.twimg.com/profile_images/378800000516982835/7aa7c74b7b461c688a9e9a2d485aceaa_normal.jpeg","following":false,"geo_enabled":true,"profile_background_image_url":"http://abs.twimg.com/images/themes/theme1/bg.png","name":"Mark J","lang":"en","profile_background_tile":false,"favourites_count":4582,"screen_name":"hhibeachguy","notifications":false,"url":null,"created_at":"Fri Sep 27 12:02:24 +0000 2013","contributors_enabled":false,"time_zone":"Eastern Time (US & Canada)","protected":false,"default_profile":true,"is_translator":false},"geo":null,"in_reply_to_user_id_str":"3108351","lang":"en","created_at":"Mon Dec 15 00:48:42 +0000 2014","in_reply_to_status_id_str":"544290258951892992","place":null},
{"contributors":null,"truncated":false,"text":"“@WSJ: Central Sydney shut down by police amid ongoing hostage situation: http://t.co/Cla9yAVq4P” hoping for all the best here","in_reply_to_status_id":544290258951892992,"id":544293285670694912,"favorite_count":0,"source":"<a href=\"http://twitter.com/download/iphone\" rel=\"nofollow\">Twitter for iPhone</a>","retweeted":false,"coordinates":null,"entities":{"symbols":[],"user_mentions":[{"id":3108351,"indices":[1,5],"id_str":"3108351","screen_name":"WSJ","name":"Wall Street Journal"}],"hashtags":[],"urls":[{"url":"http://t.co/Cla9yAVq4P","indices":[74,96],"expanded_url":"http://on.wsj.com/16mVQts","display_url":"on.wsj.com/16mVQts"}]},"in_reply_to_screen_name":"WSJ","id_str":"544293285670694912","retweet_count":0,"in_reply_to_user_id":3108351,"favorited":false,"user":{"follow_request_sent":false,"profile_use_background_image":true,"profile_text_color":"3C3940","default_profile_image":false,"id":60815956,"profile_background_image_url_https":"https://abs.twimg.com/images/themes/theme4/bg.gif","verified":false,"profile_location":null,"profile_image_url_https":"https://pbs.twimg.com/profile_images/494880560259407874/MWmra3QH_normal.jpeg","profile_sidebar_fill_color":"95E8EC","entities":{"description":{"urls":[]}},"followers_count":705,"profile_sidebar_border_color":"5ED4DC","id_str":"60815956","profile_background_color":"0099B9","listed_count":9,"is_translation_enabled":false,"utc_offset":-18000,"statuses_count":37454,"description":"100% natural, no artificial sweeteners. Unlicensed Dancer.","friends_count":408,"location":"Not at home","profile_link_color":"0099B9","profile_image_url":"http://pbs.twimg.com/profile_images/494880560259407874/MWmra3QH_normal.jpeg","following":false,"geo_enabled":true,"profile_banner_url":"https://pbs.twimg.com/profile_banners/60815956/1406823744","profile_background_image_url":"http://abs.twimg.com/images/themes/theme4/bg.gif","name":"Just Hate","lang":"en","profile_background_tile":false,"favourites_count":11728,"screen_name":"justhate","notifications":false,"url":null,"created_at":"Tue Jul 28 04:56:40 +0000 2009","contributors_enabled":false,"time_zone":"Eastern Time (US & Canada)","protected":false,"default_profile":false,"is_translator":false},"geo":null,"in_reply_to_user_id_str":"3108351","possibly_sensitive":false,"lang":"en","created_at":"Mon Dec 15 00:50:06 +0000 2014","in_reply_to_status_id_str":"544290258951892992","place":null},
{"contributors":null,"truncated":false,"text":"@WSJ @dwinningWSJ \nPrayers","in_reply_to_status_id":544290258951892992,"id":544295119051300864,"favorite_count":0,"source":"<a href=\"http://twitter.com/download/iphone\" rel=\"nofollow\">Twitter for iPhone</a>","retweeted":false,"coordinates":null,"entities":{"symbols":[],"user_mentions":[{"id":3108351,"indices":[0,4],"id_str":"3108351","screen_name":"WSJ","name":"Wall Street Journal"},{"id":376026875,"indices":[5,17],"id_str":"376026875","screen_name":"dwinningWSJ","name":"David Winning"}],"hashtags":[],"urls":[]},"in_reply_to_screen_name":"WSJ","id_str":"544295119051300864","retweet_count":0,"in_reply_to_user_id":3108351,"favorited":false,"user":{"follow_request_sent":false,"profile_use_background_image":true,"profile_text_color":"333333","default_profile_image":false,"id":915436742,"profile_background_image_url_https":"https://abs.twimg.com/images/themes/theme1/bg.png","verified":false,"profile_location":null,"profile_image_url_https":"https://pbs.twimg.com/profile_images/2786078275/b6b1b77d76d6e0d735857301a05cdecc_normal.jpeg","profile_sidebar_fill_color":"DDEEF6","entities":{"url":{"urls":[{"url":"http://t.co/7zHGHRsFrA","indices":[0,22],"expanded_url":"http://www.ihealthoasis.com","display_url":"ihealthoasis.com"}]},"description":{"urls":[]}},"followers_count":1162,"profile_sidebar_border_color":"C0DEED","id_str":"915436742","profile_background_color":"C0DEED","listed_count":51,"is_translation_enabled":false,"utc_offset":-14400,"statuses_count":35718,"description":"President, CEO & Founder of @ihealthoasis \niHealth Oasis is a Revolutionary Appointment Booking Platform. \nTweets are my opinions. RT/Favs are not endorsements.","friends_count":969,"location":"NYC","profile_link_color":"0084B4","profile_image_url":"http://pbs.twimg.com/profile_images/2786078275/b6b1b77d76d6e0d735857301a05cdecc_normal.jpeg","following":false,"geo_enabled":false,"profile_banner_url":"https://pbs.twimg.com/profile_banners/915436742/1412186922","profile_background_image_url":"http://abs.twimg.com/images/themes/theme1/bg.png","name":"Amila Karunaratne","lang":"en","profile_background_tile":false,"favourites_count":21745,"screen_name":"A_Karunaratne","notifications":false,"url":"http://t.co/7zHGHRsFrA","created_at":"Tue Oct 30 20:27:49 +0000 2012","contributors_enabled":false,"time_zone":"Atlantic Time (Canada)","protected":false,"default_profile":true,"is_translator":false},"geo":null,"in_reply_to_user_id_str":"3108351","lang":"en","created_at":"Mon Dec 15 00:57:23 +0000 2014","in_reply_to_status_id_str":"544290258951892992","place":null},
{"contributors":null,"truncated":false,"text":"@WSJ now remember, even if your kids r in the cafe, no torturing anyone who might know anything if this happens in U.S.","in_reply_to_status_id":544290258951892992,"id":544297064679477248,"favorite_count":0,"source":"<a href=\"http://twitter.com\" rel=\"nofollow\">Twitter Web Client</a>","retweeted":false,"coordinates":null,"entities":{"symbols":[],"user_mentions":[{"id":3108351,"indices":[0,4],"id_str":"3108351","screen_name":"WSJ","name":"Wall Street Journal"}],"hashtags":[],"urls":[]},"in_reply_to_screen_name":"WSJ","id_str":"544297064679477248","retweet_count":0,"in_reply_to_user_id":3108351,"favorited":false,"user":{"follow_request_sent":false,"profile_use_background_image":true,"profile_text_color":"333333","default_profile_image":false,"id":598849362,"profile_background_image_url_https":"https://abs.twimg.com/images/themes/theme1/bg.png","verified":false,"profile_location":null,"profile_image_url_https":"https://pbs.twimg.com/profile_images/378800000169070139/ff3ad695953dc5a99a7c2fe7c85412ad_normal.png","profile_sidebar_fill_color":"DDEEF6","entities":{"description":{"urls":[]}},"followers_count":33,"profile_sidebar_border_color":"C0DEED","id_str":"598849362","profile_background_color":"C0DEED","listed_count":2,"is_translation_enabled":false,"utc_offset":-25200,"statuses_count":1903,"description":"pizza expert","friends_count":159,"location":"","profile_link_color":"0084B4","profile_image_url":"http://pbs.twimg.com/profile_images/378800000169070139/ff3ad695953dc5a99a7c2fe7c85412ad_normal.png","following":false,"geo_enabled":false,"profile_background_image_url":"http://abs.twimg.com/images/themes/theme1/bg.png","name":"Jonathan Barnett","lang":"en","profile_background_tile":false,"favourites_count":101,"screen_name":"jbarnyla","notifications":false,"url":null,"created_at":"Sun Jun 03 23:59:19 +0000 2012","contributors_enabled":false,"time_zone":"Arizona","protected":false,"default_profile":true,"is_translator":false},"geo":null,"in_reply_to_user_id_str":"3108351","lang":"en","created_at":"Mon Dec 15 01:05:07 +0000 2014","in_reply_to_status_id_str":"544290258951892992","place":null},
{"contributors":null,"truncated":false,"text":"@WSJ @dwinningWSJ ugh. The craziness continues!","in_reply_to_status_id":544290258951892992,"id":544297256036630528,"favorite_count":0,"source":"<a href=\"http://twitter.com/download/iphone\" rel=\"nofollow\">Twitter for iPhone</a>","retweeted":false,"coordinates":null,"entities":{"symbols":[],"user_mentions":[{"id":3108351,"indices":[0,4],"id_str":"3108351","screen_name":"WSJ","name":"Wall Street Journal"},{"id":376026875,"indices":[5,17],"id_str":"376026875","screen_name":"dwinningWSJ","name":"David Winning"}],"hashtags":[],"urls":[]},"in_reply_to_screen_name":"WSJ","id_str":"544297256036630528","retweet_count":0,"in_reply_to_user_id":3108351,"favorited":false,"user":{"follow_request_sent":false,"profile_use_background_image":true,"profile_text_color":"333333","default_profile_image":false,"id":2181875067,"profile_background_image_url_https":"https://abs.twimg.com/images/themes/theme1/bg.png","verified":false,"profile_location":null,"profile_image_url_https":"https://pbs.twimg.com/profile_images/502847547095154688/1PhNhcdp_normal.jpeg","profile_sidebar_fill_color":"DDEEF6","entities":{"description":{"urls":[]}},"followers_count":40,"profile_sidebar_border_color":"C0DEED","id_str":"2181875067","profile_background_color":"C0DEED","listed_count":0,"is_translation_enabled":false,"utc_offset":null,"statuses_count":200,"description":"","friends_count":90,"location":"Boston","profile_link_color":"0084B4","profile_image_url":"http://pbs.twimg.com/profile_images/502847547095154688/1PhNhcdp_normal.jpeg","following":false,"geo_enabled":false,"profile_banner_url":"https://pbs.twimg.com/profile_banners/2181875067/1408723172","profile_background_image_url":"http://abs.twimg.com/images/themes/theme1/bg.png","name":"Harsh Soni","lang":"en","profile_background_tile":false,"favourites_count":0,"screen_name":"harshbabas","notifications":false,"url":null,"created_at":"Fri Nov 15 11:56:53 +0000 2013","contributors_enabled":false,"time_zone":null,"protected":false,"default_profile":true,"is_translator":false},"geo":null,"in_reply_to_user_id_str":"3108351","lang":"en","created_at":"Mon Dec 15 01:05:53 +0000 2014","in_reply_to_status_id_str":"544290258951892992","place":null},
{"contributors":null,"truncated":false,"text":"Thoughts go out to those in Sydney dealing with the 20-hostage situation “@WSJ http://t.co/RhNzKjW3Dq”","in_reply_to_status_id":544290258951892992,"id":544299831054073856,"favorite_count":0,"source":"<a href=\"http://twitter.com/download/iphone\" rel=\"nofollow\">Twitter for iPhone</a>","retweeted":false,"coordinates":null,"entities":{"symbols":[],"user_mentions":[{"id":3108351,"indices":[74,78],"id_str":"3108351","screen_name":"WSJ","name":"Wall Street Journal"}],"hashtags":[],"urls":[{"url":"http://t.co/RhNzKjW3Dq","indices":[79,101],"expanded_url":"http://on.wsj.com/16mVQts","display_url":"on.wsj.com/16mVQts"}]},"in_reply_to_screen_name":"WSJ","id_str":"544299831054073856","retweet_count":0,"in_reply_to_user_id":3108351,"favorited":false,"user":{"follow_request_sent":false,"profile_use_background_image":true,"profile_text_color":"333333","default_profile_image":false,"id":1660476866,"profile_background_image_url_https":"https://abs.twimg.com/images/themes/theme1/bg.png","verified":false,"profile_location":null,"profile_image_url_https":"https://pbs.twimg.com/profile_images/527088800502005761/yvSaa3ON_normal.jpeg","profile_sidebar_fill_color":"DDEEF6","entities":{"description":{"urls":[]}},"followers_count":75,"profile_sidebar_border_color":"C0DEED","id_str":"1660476866","profile_background_color":"C0DEED","listed_count":2,"is_translation_enabled":false,"utc_offset":null,"statuses_count":170,"description":"passionate about student development and employment, management consulting, tech, good eats, and nice suits","friends_count":117,"location":"","profile_link_color":"0084B4","profile_image_url":"http://pbs.twimg.com/profile_images/527088800502005761/yvSaa3ON_normal.jpeg","following":false,"geo_enabled":false,"profile_banner_url":"https://pbs.twimg.com/profile_banners/1660476866/1414502746","profile_background_image_url":"http://abs.twimg.com/images/themes/theme1/bg.png","name":"Brandon Li","lang":"en","profile_background_tile":false,"favourites_count":50,"screen_name":"brandonhli","notifications":false,"url":null,"created_at":"Sat Aug 10 16:21:27 +0000 2013","contributors_enabled":false,"time_zone":null,"protected":false,"default_profile":true,"is_translator":false},"geo":null,"in_reply_to_user_id_str":"3108351","possibly_sensitive":false,"lang":"en","created_at":"Mon Dec 15 01:16:06 +0000 2014","in_reply_to_status_id_str":"544290258951892992","place":null}
]