[{"contributors":null,"truncated":false,"text":"@martydownunder @idfelite no...the flag WAS noticed during gaza war...THATS when government should have acted","in_reply_to_status_id":544298959993200640,"id":544305924232335361,"favorite_count":1,"source":"<a href=\"http://twitter.com/download/android\" rel=\"nofollow\">Twitter for Android</a>","retweeted":false,"coordinates":null,"entities":{"symbols":[],"user_mentions":[{"id":17984709,"indices":[0,15],"id_str":"17984709","screen_name":"martydownunder","name":"Martydownunder"},{"id":941878034,"indices":[16,25],"id_str":"941878034","screen_name":"idfelite","name":"IDF Elite"}],"hashtags":[],"urls":[]},"in_reply_to_screen_name":"martydownunder","id_str":"544305924232335361","retweet_count":2,"in_reply_to_user_id":17984709,"favorited":false,"user":{"follow_request_sent":false,"profile_use_background_image":true,"profile_text_color":"333333","default_profile_image":true,"id":2909294196,"profile_background_image_url_https":"https://abs.twimg.com/images/themes/theme1/bg.png","verified":false,"profile_location":null,"profile_image_url_https":"https://abs.twimg.com/sticky/default_profile_images/default_profile_4_normal.png","profile_sidebar_fill_color":"DDEEF6","entities":{"description":{"urls":[]}},"followers_count":12,"profile_sidebar_border_color":"C0DEED","id_str":"2909294196","profile_background_color":"C0DEED","listed_count":1,"is_translation_enabled":false,"utc_offset":null,"statuses_count":569,"description":"","friends_count":58,"location":"","profile_link_color":"0084B4","profile_image_url":"http://abs.twimg.com/sticky/default_profile_images/default_profile_4_normal.png","following":false,"geo_enabled":false,"profile_background_image_url":"http://abs.twimg.com/images/themes/theme1/bg.png","name":"Steven Rose","lang":"en","profile_background_tile":false,"favourites_count":489,"screen_name":"docrose_rose","notifications":false,"url":null,"created_at":"Mon Nov 24 18:25:18 +0000 2014","contributors_enabled":false,"time_zone":null,"protected":false,"default_profile":true,"is_translator":false},"geo":null,"in_reply_to_user_id_str":"17984709","lang":"en","created_at":"Mon Dec 15 01:40:19 +0000 2014","in_reply_to_status_id_str":"544298959993200640","place":null},
{"contributors":null,"truncated":false,"text":"@martydownunder @idfelite no need to worry...Islam is a religion of peace....","in_reply_to_status_id":544298959993200640,"id":544306037986439168,"favorite_count":6,"source":"<a href=\"http://twitter.com/download/iphone\" rel=\"nofollow\">Twitter for iPhone</a>","retweeted":false,"coordinates":null,"entities":{"symbols":[],"user_mentions":[{"id":17984709,"indices":[0,15],"id_str":"17984709","screen_name":"martydownunder","name":"Martydownunder"},{"id":941878034,"indices":[16,25],"id_str":"941878034","screen_name":"idfelite","name":"IDF Elite"}],"hashtags":[],"urls":[]},"in_reply_to_screen_name":"martydownunder","id_str":"544306037986439168","retweet_count":2,"in_reply_to_user_id":17984709,"favorited":false,"user":{"follow_request_sent":false,"profile_use_background_image":true,"profile_text_color":"333333","default_profile_image":false,"id":141424085,"profile_background_image_url_https":"https://abs.twimg.com/images/themes/theme1/bg.png","verified":false,"profile_location":null,"profile_image_url_https":"https://pbs.twimg.com/profile_images/1798009934/image_normal.jpg","profile_sidebar_fill_color":"DDEEF6","entities":{"description":{"urls":[]}},"followers_count":100,"profile_sidebar_border_color":"C0DEED","id_str":"141424085","profile_background_color":"C0DEED","listed_count":4,"is_translation_enabled":false,"utc_offset":-18000,"statuses_count":3878,"description":"canadian zionist Habs fan","friends_count":419,"location":"here, there and everywhere","profile_link_color":"0084B4","profile_image_url":"http://pbs.twimg.com/profile_images/1798009934/image_normal.jpg","following":false,"geo_enabled":true,"profile_background_image_url":"http://abs.twimg.com/images/themes/theme1/bg.png","name":"HabsFan","lang":"en","profile_background_tile":false,"favourites_count":1126,"screen_name":"lennydogin","notifications":false,"url":null,"created_at":"Sat May 08 02:12:14 +0000 2010","contributors_enabled":false,"time_zone":"Eastern Time (US & Canada)","protected":false,"default_profile":true,"is_translator":false},"geo":null,"in_reply_to_user_id_str":"17984709","lang":"en","created_at":"Mon Dec 15 01:40:46 +0000 2014","in_reply_to_status_id_str":"544298959993200640","place":null},
{"contributors":null,"truncated":false,"text":".@martydownunder yikes","in_reply_to_status_id":544298959993200640,"id":544306814062702592,"favorite_count":2,"source":"<a href=\"http://twitter.com/download/android\" rel=\"nofollow\">Twitter for Android</a>","retweeted":false,"coordinates":{"type":"Point","coordinates":[-64.7277504,32.3226223]},"entities":{"symbols":[],"user_mentions":[{"id":17984709,"indices":[1,16],"id_str":"17984709","screen_name":"martydownunder","name":"Martydownunder"}],"hashtags":[],"urls":[]},"in_reply_to_screen_name":"martydownunder","id_str":"544306814062702592","retweet_count":0,"in_reply_to_user_id":17984709,"favorited":false,"user":{"follow_request_sent":false,"profile_use_background_image":true,"profile_text_color":"634047","default_profile_image":false,"id":49038258,"profile_background_image_url_https":"https://pbs.twimg.com/profile_background_images/378800000024379095/755a041359ff1840c7ddb34b4ea36f37.jpeg","verified":false,"profile_location":null,"profile_image_url_https":"https://pbs.twimg.com/profile_images/587381394050920448/UArcY583_normal.jpg","profile_sidebar_fill_color":"E3E2DE","entities":{"description":{"urls":[]}},"followers_count":549,"profile_sidebar_border_color":"FFFFFF","id_str":"49038258","profile_background_color":"EDECE9","listed_count":13,"is_translation_enabled":false,"utc_offset":-14400,"statuses_count":42735,"description":"WORLD CITIZEN. BAHÁ'Í. WOKE","friends_count":613,"location":"32.3000° N, 64.7833° W","profile_link_color":"088253","profile_image_url":"http://pbs.twimg.com/profile_images/587381394050920448/UArcY583_normal.jpg","following":false,"geo_enabled":true,"profile_banner_url":"https://pbs.twimg.com/profile_banners/49038258/1416938341","profile_background_image_url":"http://pbs.twimg.com/profile_background_images/378800000024379095/755a041359ff1840c7ddb34b4ea36f37.jpeg","name":"SYMONDS SAYS","lang":"en","profile_background_tile":true,"favourites_count":3558,"screen_name":"SYMONDSxSAYS","notifications":false,"url":null,"created_at":"Sat Jun 20 15:53:51 +0000 2009","contributors_enabled":false,"time_zone":"Atlantic Time (Canada)","protected":false,"default_profile":false,"is_translator":false},"geo":{"type":"Point","coordinates":[32.3226223,-64.7277504]},"in_reply_to_user_id_str":"17984709","lang":"en","created_at":"Mon Dec 15 01:43:51 +0000 2014","in_reply_to_status_id_str":"544298959993200640","place":{"full_name":"Bermuda","url":"https://api.twitter.com/1.1/geo/id/360981d61a4350f3.json","country":"Bermuda","place_type":"country","bounding_box":{"type":"Polygon","coordinates":[[[-64.86046302,32.264715887],[-64.676096158,32.264715887],[-64.676096158,32.388657945],[-64.86046302,32.388657945]]]},"contained_within":[],"country_code":"BM","attributes":{},"id":"360981d61a4350f3","name":"Bermuda"}},
{"contributors":null,"truncated":false,"text":"@martydownunder @streamsrivers IS IT ISIS? ISIS it is? Rite?","in_reply_to_status_id":544298959993200640,"id":544310717902757888,"favorite_count":0,"source":"<a href=\"http://twitter.com/download/iphone\" rel=\"nofollow\">Twitter for iPhone</a>","retweeted":false,"coordinates":null,"entities":{"symbols":[],"user_mentions":[{"id":17984709,"indices":[0,15],"id_str":"17984709","screen_name":"martydownunder","name":"Martydownunder"},{"id":1627120838,"indices":[16,30],"id_str":"1627120838","screen_name":"streamsrivers","name":"Samuel Ward"}],"hashtags":[],"urls":[]},"in_reply_to_screen_name":"martydownunder","id_str":"544310717902757888","retweet_count":0,"in_reply_to_user_id":17984709,"favorited":false,"user":{"follow_request_sent":false,"profile_use_background_image":true,"profile_text_color":"333333","default_profile_image":false,"id":265645992,"profile_background_image_url_https":"https://abs.twimg.com/images/themes/theme1/bg.png","verified":false,"profile_location":null,"profile_image_url_https":"https://pbs.twimg.com/profile_images/582880169465110528/LTLJJLe9_normal.jpg","profile_sidebar_fill_color":"DDEEF6","entities":{"url":{"urls":[{"url":"https://t.co/8MSpEozK5H","indices":[0,23],"expanded_url":"https://twitter.com/Queen_V1216","display_url":"twitter.com/Queen_V1216"}]},"description":{"urls":[]}},"followers_count":2195,"profile_sidebar_border_color":"C0DEED","id_str":"265645992","profile_background_color":"C0DEED","listed_count":48,"is_translation_enabled":false,"utc_offset":-18000,"statuses_count":82412,"description":"Chairman 2012; Pres 2006-'12 UERMAFUSA; MEDCHI Alliance Pres '99-'00;PGMSA-Pres 92-'93 SMAA VP 2006; MARVADC;Mentor,adviser; PMAMWDC; Phi Theta Kappa Alpha","friends_count":1742,"location":" #ORPUW","profile_link_color":"0084B4","profile_image_url":"http://pbs.twimg.com/profile_images/582880169465110528/LTLJJLe9_normal.jpg","following":false,"geo_enabled":true,"profile_banner_url":"https://pbs.twimg.com/profile_banners/265645992/1353291774","profile_background_image_url":"http://abs.twimg.com/images/themes/theme1/bg.png","name":"Vickie Barnachea","lang":"en","profile_background_tile":false,"favourites_count":8870,"screen_name":"Queen_V1216","notifications":false,"url":"https://t.co/8MSpEozK5H","created_at":"Sun Mar 13 22:54:01 +0000 2011","contributors_enabled":false,"time_zone":"Eastern Time (US & Canada)","protected":false,"default_profile":true,"is_translator":false},"geo":null,"in_reply_to_user_id_str":"17984709","lang":"en","created_at":"Mon Dec 15 01:59:22 +0000 2014","in_reply_to_status_id_str":"544298959993200640","place":null},
{"contributors":null,"truncated":false,"text":"@Queen_V1216 @streamsrivers Jihadists.","in_reply_to_status_id":544310717902757888,"id":544312130791424001,"favorite_count":2,"source":"<a href=\"http://twitter.com\" rel=\"nofollow\">Twitter Web Client</a>","retweeted":false,"coordinates":null,"entities":{"symbols":[],"user_mentions":[{"id":265645992,"indices":[0,12],"id_str":"265645992","screen_name":"Queen_V1216","name":"Vickie Barnachea"},{"id":1627120838,"indices":[13,27],"id_str":"1627120838","screen_name":"streamsrivers","name":"Samuel Ward"}],"hashtags":[],"urls":[]},"in_reply_to_screen_name":"Queen_V1216","id_str":"544312130791424001","retweet_count":0,"in_reply_to_user_id":265645992,"favorited":false,"user":{"follow_request_sent":false,"profile_use_background_image":true,"profile_text_color":"333333","default_profile_image":false,"id":17984709,"profile_background_image_url_https":"https://pbs.twimg.com/profile_background_images/476972084422131712/MArdO6IM.jpeg","verified":false,"profile_location":null,"profile_image_url_https":"https://pbs.twimg.com/profile_images/2679181709/3db208bd1aad837880029708469886a7_normal.jpeg","profile_sidebar_fill_color":"EFEFEF","entities":{"description":{"urls":[]}},"followers_count":760,"profile_sidebar_border_color":"FFFFFF","id_str":"17984709","profile_background_color":"131516","listed_count":4,"is_translation_enabled":false,"utc_offset":-36000,"statuses_count":22327,"description":"","friends_count":1550,"location":"","profile_link_color":"192E96","profile_image_url":"http://pbs.twimg.com/profile_images/2679181709/3db208bd1aad837880029708469886a7_normal.jpeg","following":false,"geo_enabled":true,"profile_banner_url":"https://pbs.twimg.com/profile_banners/17984709/1355553096","profile_background_image_url":"http://pbs.twimg.com/profile_background_images/476972084422131712/MArdO6IM.jpeg","name":"Martydownunder","lang":"en","profile_background_tile":true,"favourites_count":266,"screen_name":"martydownunder","notifications":false,"url":null,"created_at":"Tue Dec 09 05:10:02 +0000 2008","contributors_enabled":false,"time_zone":"Hawaii","protected":false,"default_profile":false,"is_translator":false},"geo":null,"in_reply_to_user_id_str":"265645992","lang":"en","created_at":"Mon Dec 15 02:04:59 +0000 2014","in_reply_to_status_id_str":"544310717902757888","place":null},
{"contributors":null,"truncated":false,"text":"@martydownunder thanks for sharing! I've highlighted you on my @RebelMouse http://t.co/Hu5aueOPlq","in_reply_to_status_id":544298959993200640,"id":544316425733955586,"favorite_count":0,"source":"<a href=\"http://www.rebelmouse.com\" rel=\"nofollow\">RebelMouse Application</a>","retweeted":false,"coordinates":null,"entities":{"symbols":[],"user_mentions":[{"id":17984709,"indices":[0,15],"id_str":"17984709","screen_name":"martydownunder","name":"Martydownunder"},{"id":341251022,"indices":[63,74],"id_str":"341251022","screen_name":"RebelMouse","name":"RebelMouse"}],"hashtags":[],"urls":[{"url":"http://t.co/Hu5aueOPlq","indices":[75,97],"expanded_url":"http://rbl.ms/1AxOxrL","display_url":"rbl.ms/1AxOxrL"}]},"in_reply_to_screen_name":"martydownunder","id_str":"544316425733955586","retweet_count":0,"in_reply_to_user_id":17984709,"favorited":false,"user":{"follow_request_sent":false,"profile_use_background_image":true,"profile_text_color":"000000","default_profile_image":false,"id":12896172,"profile_background_image_url_https":"https://pbs.twimg.com/profile_background_images/357230677/1320266541peach-polka-dots.jpg","verified":false,"profile_location":null,"profile_image_url_https":"https://pbs.twimg.com/profile_images/472624637759614977/gm4TNhUr_normal.jpeg","profile_sidebar_fill_color":"F0A8AA","entities":{"url":{"urls":[{"url":"http://t.co/3P15XpDxer","indices":[0,22],"expanded_url":"http://littlebytesnews.blogspot.com","display_url":"littlebytesnews.blogspot.com"}]},"description":{"urls":[{"url":"http://t.co/rvyd3mkLkJ","indices":[110,132],"expanded_url":"http://littlebytesnews.com","display_url":"littlebytesnews.com"}]}},"followers_count":23420,"profile_sidebar_border_color":"FB7175","id_str":"12896172","profile_background_color":"E7E0B4","listed_count":1277,"is_translation_enabled":false,"utc_offset":-25200,"statuses_count":969712,"description":"SAHM/blogger;tweet abt politics to parenting&everything in btwn[autofeed]#Catholic #prolife #tcot #news #tech http://t.co/rvyd3mkLkJ submit parenting news","friends_count":21100,"location":"USA","profile_link_color":"8B0508","profile_image_url":"http://pbs.twimg.com/profile_images/472624637759614977/gm4TNhUr_normal.jpeg","following":false,"geo_enabled":false,"profile_banner_url":"https://pbs.twimg.com/profile_banners/12896172/1409009923","profile_background_image_url":"http://pbs.twimg.com/profile_background_images/357230677/1320266541peach-polka-dots.jpg","name":"Patty","lang":"en","profile_background_tile":false,"favourites_count":1177758,"screen_name":"littlebytesnews","notifications":false,"url":"http://t.co/3P15XpDxer","created_at":"Thu Jan 31 01:53:37 +0000 2008","contributors_enabled":false,"time_zone":"Arizona","protected":false,"default_profile":false,"is_translator":false},"geo":null,"in_reply_to_user_id_str":"17984709","possibly_sensitive":false,"lang":"en","created_at":"Mon Dec 15 02:22:03 +0000 2014","in_reply_to_status_id_str":"544298959993200640","place":null},
{"contributors":null,"truncated":false,"text":"@martydownunder @Queen_V1216 @streamsrivers Probably just one demented crazy dude ... nothing else #sydneysiege #SydneyHostages","in_reply_to_status_id":544312130791424001,"id":544317954561568768,"favorite_count":0,"source":"<a href=\"http://twitter.com\" rel=\"nofollow\">Twitter Web Client</a>","retweeted":false,"coordinates":null,"entities":{"symbols":[],"user_mentions":[{"id":17984709,"indices":[0,15],"id_str":"17984709","screen_name":"martydownunder","name":"Martydownunder"},{"id":265645992,"indices":[16,28],"id_str":"265645992","screen_name":"Queen_V1216","name":"Vickie Barnachea"},{"id":1627120838,"indices":[29,43],"id_str":"1627120838","screen_name":"streamsrivers","name":"Samuel Ward"}],"hashtags":[{"indices":[99,111],"text":"sydneysiege"},{"indices":[112,127],"text":"SydneyHostages"}],"urls":[]},"in_reply_to_screen_name":"martydownunder","id_str":"544317954561568768","retweet_count":0,"in_reply_to_user_id":17984709,"favorited":false,"user":{"follow_request_sent":false,"profile_use_background_image":true,"profile_text_color":"333333","default_profile_image":false,"id":2929175617,"profile_background_image_url_https":"https://abs.twimg.com/images/themes/theme1/bg.png","verified":false,"profile_location":null,"profile_image_url_https":"https://pbs.twimg.com/profile_images/544036654793494528/X0MREd-n_normal.jpeg","profile_sidebar_fill_color":"DDEEF6","entities":{"description":{"urls":[]}},"followers_count":31,"profile_sidebar_border_color":"C0DEED","id_str":"2929175617","profile_background_color":"C0DEED","listed_count":1,"is_translation_enabled":false,"utc_offset":null,"statuses_count":218,"description":"Essendon Bombers, Arsenal Gunners & Melbourne Victory!! \n\nMolon Labe - Come get us!!","friends_count":278,"location":"","profile_link_color":"0084B4","profile_image_url":"http://pbs.twimg.com/profile_images/544036654793494528/X0MREd-n_normal.jpeg","following":false,"geo_enabled":false,"profile_banner_url":"https://pbs.twimg.com/profile_banners/2929175617/1418543286","profile_background_image_url":"http://abs.twimg.com/images/themes/theme1/bg.png","name":"Panagamithite","lang":"en","profile_background_tile":false,"favourites_count":36,"screen_name":"Dons_gunners","notifications":false,"url":null,"created_at":"Sun Dec 14 02:46:37 +0000 2014","contributors_enabled":false,"time_zone":null,"protected":false,"default_profile":true,"is_translator":false},"geo":null,"in_reply_to_user_id_str":"17984709","lang":"en","created_at":"Mon Dec 15 02:28:07 +0000 2014","in_reply_to_status_id_str":"544312130791424001","place":null},
{"contributors":null,"truncated":false,"text":"@martydownunder @Eagle_Vision When are western countries going to start sending these Muslim bastards back where they came from.","in_reply_to_status_id":544298959993200640,"id":544318575024951297,"favorite_count":1,"source":"<a href=\"http://twitter.com/download/iphone\" rel=\"nofollow\">Twitter for iPhone</a>","retweeted":false,"coordinates":null,"entities":{"symbols":[],"user_mentions":[{"id":17984709,"indices":[0,15],"id_str":"17984709","screen_name":"martydownunder","name":"Martydownunder"},{"id":73774016,"indices":[16,29],"id_str":"73774016","screen_name":"Eagle_Vision","name":"Eastwood"}],"hashtags":[],"urls":[]},"in_reply_to_screen_name":"martydownunder","id_str":"544318575024951297","retweet_count":0,"in_reply_to_user_id":17984709,"favorited":false,"user":{"follow_request_sent":false,"profile_use_background_image":true,"profile_text_color":"333333","default_profile_image":false,"id":339783846,"profile_background_image_url_https":"https://abs.twimg.com/images/themes/theme1/bg.png","verified":false,"profile_location":null,"profile_image_url_https":"https://pbs.twimg.com/profile_images/2311339345/8ragoneaa83lysfc4bor_normal.png","profile_sidebar_fill_color":"DDEEF6","entities":{"description":{"urls":[]}},"followers_count":49,"profile_sidebar_border_color":"C0DEED","id_str":"339783846","profile_background_color":"C0DEED","listed_count":0,"is_translation_enabled":false,"utc_offset":-21600,"statuses_count":931,"description":"John 14:6 #tcot","friends_count":221,"location":"","profile_link_color":"0084B4","profile_image_url":"http://pbs.twimg.com/profile_images/2311339345/8ragoneaa83lysfc4bor_normal.png","following":false,"geo_enabled":false,"profile_background_image_url":"http://abs.twimg.com/images/themes/theme1/bg.png","name":"Frisco_Maximus","lang":"en","profile_background_tile":false,"favourites_count":10,"screen_name":"pf2adr","notifications":false,"url":null,"created_at":"Thu Jul 21 17:09:22 +0000 2011","contributors_enabled":false,"time_zone":"Central Time (US & Canada)","protected":false,"default_profile":true,"is_translator":false},"geo":null,"in_reply_to_user_id_str":"17984709","lang":"en","created_at":"Mon Dec 15 02:30:35 +0000 2014","in_reply_to_status_id_str":"544298959993200640","place":null},
{"contributors":null,"truncated":false,"text":"@martydownunder @Eagle_Vision #tcot\nY don't U ppl in Sydney wake up? \nTHIS IS WAR!\nDeclared by Muhammed in the Qu'ran\nAnd it's TO THE DEATH","in_reply_to_status_id":544298959993200640,"id":544318897537560576,"favorite_count":3,"source":"<a href=\"https://twitter.com/download/android\" rel=\"nofollow\">Twitter for Android Tablets</a>","retweeted":false,"coordinates":null,"entities":{"symbols":[],"user_mentions":[{"id":17984709,"indices":[0,15],"id_str":"17984709","screen_name":"martydownunder","name":"Martydownunder"},{"id":73774016,"indices":[16,29],"id_str":"73774016","screen_name":"Eagle_Vision","name":"Eastwood"}],"hashtags":[{"indices":[30,35],"text":"tcot"}],"urls":[]},"in_reply_to_screen_name":"martydownunder","id_str":"544318897537560576","retweet_count":2,"in_reply_to_user_id":17984709,"favorited":false,"user":{"follow_request_sent":false,"profile_use_background_image":false,"profile_text_color":"000000","default_profile_image":false,"id":1711450184,"profile_background_image_url_https":"https://abs.twimg.com/images/themes/theme14/bg.gif","verified":false,"profile_location":null,"profile_image_url_https":"https://pbs.twimg.com/profile_images/545548507021443072/F-Ne97FM_normal.png","profile_sidebar_fill_color":"000000","entities":{"url":{"urls":[{"url":"http://t.co/6NhkTDvGYL","indices":[0,22],"expanded_url":"http://www.youtube.com/watch?v=sv5UzALN080","display_url":"youtube.com/watch?v=sv5UzA…"}]},"description":{"urls":[]}},"followers_count":432,"profile_sidebar_border_color":"000000","id_str":"1711450184","profile_background_color":"000000","listed_count":4,"is_translation_enabled":false,"utc_offset":28800,"statuses_count":1270,"description":"#USMC Combat #VietnamVet Huey Gunner #USNavy 5 CVs 10 Sea Service Ribbons \r\nAMERICA Loved it, Served it, Risked My Life 4 it & LEFT","friends_count":355,"location":"Watching USA Self-Destruct","profile_link_color":"000000","profile_image_url":"http://pbs.twimg.com/profile_images/545548507021443072/F-Ne97FM_normal.png","following":false,"geo_enabled":false,"profile_banner_url":"https://pbs.twimg.com/profile_banners/1711450184/1418902167","profile_background_image_url":"http://abs.twimg.com/images/themes/theme14/bg.gif","name":"Why Bother?","lang":"en","profile_background_tile":false,"favourites_count":415,"screen_name":"Its_2_L8","notifications":false,"url":"http://t.co/6NhkTDvGYL","created_at":"Fri Aug 30 01:18:06 +0000 2013","contributors_enabled":false,"time_zone":"Beijing","protected":false,"default_profile":false,"is_translator":false},"geo":null,"in_reply_to_user_id_str":"17984709","lang":"en","created_at":"Mon Dec 15 02:31:52 +0000 2014","in_reply_to_status_id_str":"544298959993200640","place":null},
{"contributors":null,"truncated":false,"text":"They're noticing now! #PrayForSydney #SydneyHostageCrisis  @martydownunder @RushetteNY","in_reply_to_status_id":544298959993200640,"id":544319383154094080,"favorite_count":3,"source":"<a href=\"http://twitter.com/download/android\" rel=\"nofollow\">Twitter for Android</a>","retweeted":false,"coordinates":null,"entities":{"symbols":[],"user_mentions":[{"id":17984709,"indices":[59,74],"id_str":"17984709","screen_name":"martydownunder","name":"Martydownunder"},{"id":198945680,"indices":[75,86],"id_str":"198945680","screen_name":"RushetteNY","name":"Rushette"}],"hashtags":[{"indices":[22,36],"text":"PrayForSydney"},{"indices":[37,57],"text":"SydneyHostageCrisis"}],"urls":[]},"in_reply_to_screen_name":"martydownunder","id_str":"544319383154094080","retweet_count":3,"in_reply_to_user_id":17984709,"favorited":false,"user":{"follow_request_sent":false,"profile_use_background_image":true,"profile_text_color":"333333","default_profile_image":false,"id":54702689,"profile_background_image_url_https":"https://abs.twimg.com/images/themes/theme1/bg.png","verified":false,"profile_location":null,"profile_image_url_https":"https://pbs.twimg.com/profile_images/562859156722683904/JkhvZtv6_normal.jpeg","profile_sidebar_fill_color":"DDEEF6","entities":{"description":{"urls":[]}},"followers_count":2250,"profile_sidebar_border_color":"C0DEED","id_str":"54702689","profile_background_color":"C0DEED","listed_count":31,"is_translation_enabled":false,"utc_offset":-28800,"statuses_count":9819,"description":"America loving constitutional conservative  #Christian  #DogsRule 10+ Years #NRA  UZI Knife fan.  #ProIsrael  Love our #ArmedForces   #ccot  Romans 10:9","friends_count":2349,"location":"Washington State","profile_link_color":"0084B4","profile_image_url":"http://pbs.twimg.com/profile_images/562859156722683904/JkhvZtv6_normal.jpeg","following":false,"geo_enabled":false,"profile_banner_url":"https://pbs.twimg.com/profile_banners/54702689/1416638969","profile_background_image_url":"http://abs.twimg.com/images/themes/theme1/bg.png","name":"M.E./ #TeamIsrael ","lang":"en","profile_background_tile":false,"favourites_count":14846,"screen_name":"XDeimos","notifications":false,"url":null,"created_at":"Tue Jul 07 22:31:21 +0000 2009","contributors_enabled":false,"time_zone":"Pacific Time (US & Canada)","protected":false,"default_profile":true,"is_translator":false},"geo":null,"in_reply_to_user_id_str":"17984709","lang":"en","created_at":"Mon Dec 15 02:33:48 +0000 2014","in_reply_to_status_id_str":"544298959993200640","place":null},
{"contributors":null,"truncated":false,"text":"@martydownunder Dhimmitude","in_reply_to_status_id":544298959993200640,"id":544319533079474177,"favorite_count":0,"source":"<a href=\"http://twitter.com/download/android\" rel=\"nofollow\">Twitter for Android</a>","retweeted":false,"coordinates":null,"entities":{"symbols":[],"user_mentions":[{"id":17984709,"indices":[0,15],"id_str":"17984709","screen_name":"martydownunder","name":"Martydownunder"}],"hashtags":[],"urls":[]},"in_reply_to_screen_name":"martydownunder","id_str":"544319533079474177","retweet_count":1,"in_reply_to_user_id":17984709,"favorited":false,"user":{"follow_request_sent":false,"profile_use_background_image":true,"profile_text_color":"333333","default_profile_image":false,"id":2900148061,"profile_background_image_url_https":"https://abs.twimg.com/images/themes/theme1/bg.png","verified":false,"profile_location":null,"profile_image_url_https":"https://pbs.twimg.com/profile_images/558506092943011840/Yq6PsWwZ_normal.jpeg","profile_sidebar_fill_color":"DDEEF6","entities":{"description":{"urls":[]}},"followers_count":41,"profile_sidebar_border_color":"C0DEED","id_str":"2900148061","profile_background_color":"C0DEED","listed_count":0,"is_translation_enabled":false,"utc_offset":null,"statuses_count":584,"description":"","friends_count":144,"location":"","profile_link_color":"0084B4","profile_image_url":"http://pbs.twimg.com/profile_images/558506092943011840/Yq6PsWwZ_normal.jpeg","following":false,"geo_enabled":false,"profile_background_image_url":"http://abs.twimg.com/images/themes/theme1/bg.png","name":"Allyson Taylor","lang":"en","profile_background_tile":false,"favourites_count":387,"screen_name":"allysonrtaylor7","notifications":false,"url":null,"created_at":"Sat Nov 15 07:51:59 +0000 2014","contributors_enabled":false,"time_zone":null,"protected":false,"default_profile":true,"is_translator":false},"geo":null,"in_reply_to_user_id_str":"17984709","lang":"en","created_at":"Mon Dec 15 02:34:24 +0000 2014","in_reply_to_status_id_str":"544298959993200640","place":null},
{"contributors":null,"truncated":false,"text":"@Dons_gunners @martydownunder @Queen_V1216 An Islamic sympathizer is my guess al nursa's main goal to overthrow Assad.","in_reply_to_status_id":544317954561568768,"id":544319588809183232,"favorite_count":0,"source":"<a href=\"http://twitter.com/#!/download/ipad\" rel=\"nofollow\">Twitter for iPad</a>","retweeted":false,"coordinates":null,"entities":{"symbols":[],"user_mentions":[{"id":2929175617,"indices":[0,13],"id_str":"2929175617","screen_name":"Dons_gunners","name":"Panagamithite"},{"id":17984709,"indices":[14,29],"id_str":"17984709","screen_name":"martydownunder","name":"Martydownunder"},{"id":265645992,"indices":[30,42],"id_str":"265645992","screen_name":"Queen_V1216","name":"Vickie Barnachea"}],"hashtags":[],"urls":[]},"in_reply_to_screen_name":"Dons_gunners","id_str":"544319588809183232","retweet_count":0,"in_reply_to_user_id":2929175617,"favorited":false,"user":{"follow_request_sent":false,"profile_use_background_image":false,"profile_text_color":"333333","default_profile_image":false,"id":1627120838,"profile_background_image_url_https":"https://pbs.twimg.com/profile_background_images/378800000063759124/2e4303a4ce683f862b1ba2d6ec674d2c.jpeg","verified":false,"profile_location":null,"profile_image_url_https":"https://pbs.twimg.com/profile_images/581817339986911232/QZ6s9cVV_normal.jpg","profile_sidebar_fill_color":"C0DFEC","entities":{"description":{"urls":[]}},"followers_count":2129,"profile_sidebar_border_color":"FFFFFF","id_str":"1627120838","profile_background_color":"D5DAF0","listed_count":4,"is_translation_enabled":false,"utc_offset":-28800,"statuses_count":18316,"description":"christian • husband • father • conservative • capitalist • infidel • small biz • nobama • family is the center of my universe.","friends_count":645,"location":"USA","profile_link_color":"D5DAF0","profile_image_url":"http://pbs.twimg.com/profile_images/581817339986911232/QZ6s9cVV_normal.jpg","following":false,"geo_enabled":false,"profile_banner_url":"https://pbs.twimg.com/profile_banners/1627120838/1418873326","profile_background_image_url":"http://pbs.twimg.com/profile_background_images/378800000063759124/2e4303a4ce683f862b1ba2d6ec674d2c.jpeg","name":"Samuel Ward","lang":"en","profile_background_tile":false,"favourites_count":4896,"screen_name":"streamsrivers","notifications":false,"url":null,"created_at":"Sun Jul 28 05:20:30 +0000 2013","contributors_enabled":false,"time_zone":"Pacific Time (US & Canada)","protected":false,"default_profile":false,"is_translator":false},"geo":null,"in_reply_to_user_id_str":"2929175617","lang":"en","created_at":"Mon Dec 15 02:34:37 +0000 2014","in_reply_to_status_id_str":"544317954561568768","place":null},
{"contributors":null,"truncated":false,"text":"“@martydownunder #Sydney #Australia http://t.co/tD1xDk78DP\n\nThose assholes need to be deported! Pronto!","in_reply_to_status_id":544298959993200640,"id":544329512788324353,"favorite_count":1,"source":"<a href=\"http://twitter.com/#!/download/ipad\" rel=\"nofollow\">Twitter for iPad</a>","retweeted":false,"coordinates":null,"entities":{"symbols":[],"user_mentions":[{"id":17984709,"indices":[1,16],"id_str":"17984709","screen_name":"martydownunder","name":"Martydownunder"}],"hashtags":[{"indices":[17,24],"text":"Sydney"},{"indices":[25,35],"text":"Australia"}],"urls":[],"media":[{"source_user_id":17984709,"source_status_id_str":"544298959993200640","expanded_url":"http://twitter.com/martydownunder/status/544298959993200640/photo/1","display_url":"pic.twitter.com/tD1xDk78DP","url":"http://t.co/tD1xDk78DP","media_url_https":"https://pbs.twimg.com/media/B429BN7CcAA5YEP.jpg","source_user_id_str":"17984709","source_status_id":544298959993200640,"id_str":"544298958596501504","sizes":{"small":{"h":226,"resize":"fit","w":340},"large":{"h":396,"resize":"fit","w":594},"medium":{"h":396,"resize":"fit","w":594},"thumb":{"h":150,"resize":"crop","w":150}},"indices":[36,58],"type":"photo","id":544298958596501504,"media_url":"http://pbs.twimg.com/media/B429BN7CcAA5YEP.jpg"}]},"in_reply_to_screen_name":"martydownunder","id_str":"544329512788324353","retweet_count":1,"in_reply_to_user_id":17984709,"favorited":false,"user":{"follow_request_sent":false,"profile_use_background_image":true,"profile_text_color":"333333","default_profile_image":false,"id":62550901,"profile_background_image_url_https":"https://pbs.twimg.com/profile_background_images/441779092824670208/15XQMUS6.jpeg","verified":false,"profile_location":null,"profile_image_url_https":"https://pbs.twimg.com/profile_images/576463183013089280/SOHbNOn8_normal.jpeg","profile_sidebar_fill_color":"DDFFCC","entities":{"description":{"urls":[]}},"followers_count":3104,"profile_sidebar_border_color":"FFFFFF","id_str":"62550901","profile_background_color":"9AE4E8","listed_count":28,"is_translation_enabled":false,"utc_offset":-36000,"statuses_count":73572,"description":"Amante de la Arquitectura, la ecologia y el urbanismo inteligente. No nos queda otra que comenzar desde cero.","friends_count":972,"location":"","profile_link_color":"0084B4","profile_image_url":"http://pbs.twimg.com/profile_images/576463183013089280/SOHbNOn8_normal.jpeg","following":false,"geo_enabled":false,"profile_banner_url":"https://pbs.twimg.com/profile_banners/62550901/1394163367","profile_background_image_url":"http://pbs.twimg.com/profile_background_images/441779092824670208/15XQMUS6.jpeg","name":"Lee O'Pallis","lang":"en","profile_background_tile":true,"favourites_count":5358,"screen_name":"leopalis","notifications":false,"url":null,"created_at":"Mon Aug 03 16:17:15 +0000 2009","contributors_enabled":false,"time_zone":"Hawaii","protected":false,"default_profile":false,"is_translator":false},"geo":null,"in_reply_to_user_id_str":"17984709","possibly_sensitive":false,"lang":"en","created_at":"Mon Dec 15 03:14:03 +0000 2014","in_reply_to_status_id_str":"544298959993200640","place":null,"extended_entities":{"media":[{"source_user_id":17984709,"source_status_id_str":"544298959993200640","expanded_url":"http://twitter.com/martydownunder/status/544298959993200640/photo/1","display_url":"pic.twitter.com/tD1xDk78DP","url":"http://t.co/tD1xDk78DP","media_url_https":"https://pbs.twimg.com/media/B429BN7CcAA5YEP.jpg","source_user_id_str":"17984709","source_status_id":544298959993200640,"id_str":"544298958596501504","sizes":{"small":{"h":226,"resize":"fit","w":340},"large":{"h":396,"resize":"fit","w":594},"medium":{"h":396,"resize":"fit","w":594},"thumb":{"h":150,"resize":"crop","w":150}},"indices":[36,58],"type":"photo","id":544298958596501504,"media_url":"http://pbs.twimg.com/media/B429BN7CcAA5YEP.jpg"}]}},
{"contributors":null,"truncated":false,"text":"@martydownunder @consmover But hey, be nice to terrorists. Christopher Hitchens and torture http://t.co/6JHfveiTl0","in_reply_to_status_id":544298959993200640,"id":544331039796371456,"favorite_count":0,"source":"<a href=\"http://twitter.com\" rel=\"nofollow\">Twitter Web Client</a>","retweeted":false,"coordinates":null,"entities":{"symbols":[],"user_mentions":[{"id":17984709,"indices":[0,15],"id_str":"17984709","screen_name":"martydownunder","name":"Martydownunder"},{"id":1147086920,"indices":[16,26],"id_str":"1147086920","screen_name":"consmover","name":"Consmover"}],"hashtags":[],"urls":[{"url":"http://t.co/6JHfveiTl0","indices":[92,114],"expanded_url":"http://bit.ly/1x9L84V","display_url":"bit.ly/1x9L84V"}]},"in_reply_to_screen_name":"martydownunder","id_str":"544331039796371456","retweet_count":0,"in_reply_to_user_id":17984709,"favorited":false,"user":{"follow_request_sent":false,"profile_use_background_image":true,"profile_text_color":"333333","default_profile_image":false,"id":469485578,"profile_background_image_url_https":"https://abs.twimg.com/images/themes/theme1/bg.png","verified":false,"profile_location":null,"profile_image_url_https":"https://pbs.twimg.com/profile_images/1768905449/45545_460874831829_696626829_6810037_5690713_n_normal.jpg","profile_sidebar_fill_color":"DDEEF6","entities":{"url":{"urls":[{"url":"http://t.co/hLYAGLTXkP","indices":[0,22],"expanded_url":"http://thismakesmemadyoutoo.blogspot.com/","display_url":"thismakesmemadyoutoo.blogspot.com"}]},"description":{"urls":[]}},"followers_count":1302,"profile_sidebar_border_color":"C0DEED","id_str":"469485578","profile_background_color":"C0DEED","listed_count":7,"is_translation_enabled":false,"utc_offset":null,"statuses_count":8967,"description":"Grandfather, Politics, EU, phoney Green policies and stuff, from a conservative and Christian perspective. #TCOT  Please follow below blogspot. Living in UAE","friends_count":1661,"location":"United Kingdom","profile_link_color":"0084B4","profile_image_url":"http://pbs.twimg.com/profile_images/1768905449/45545_460874831829_696626829_6810037_5690713_n_normal.jpg","following":false,"geo_enabled":false,"profile_background_image_url":"http://abs.twimg.com/images/themes/theme1/bg.png","name":"Tom O'Brien","lang":"en","profile_background_tile":false,"favourites_count":49,"screen_name":"obritom","notifications":false,"url":"http://t.co/hLYAGLTXkP","created_at":"Fri Jan 20 17:03:54 +0000 2012","contributors_enabled":false,"time_zone":null,"protected":false,"default_profile":true,"is_translator":false},"geo":null,"in_reply_to_user_id_str":"17984709","possibly_sensitive":false,"lang":"en","created_at":"Mon Dec 15 03:20:07 +0000 2014","in_reply_to_status_id_str":"544298959993200640","place":null},
{"contributors":null,"truncated":false,"text":"@martydownunder that is not an extremist flag. You are ill informed mate!","in_reply_to_status_id":544298959993200640,"id":544331376229879809,"favorite_count":0,"source":"<a href=\"http://twitter.com/download/android\" rel=\"nofollow\">Twitter for Android</a>","retweeted":false,"coordinates":null,"entities":{"symbols":[],"user_mentions":[{"id":17984709,"indices":[0,15],"id_str":"17984709","screen_name":"martydownunder","name":"Martydownunder"}],"hashtags":[],"urls":[]},"in_reply_to_screen_name":"martydownunder","id_str":"544331376229879809","retweet_count":0,"in_reply_to_user_id":17984709,"favorited":false,"user":{"follow_request_sent":false,"profile_use_background_image":true,"profile_text_color":"333333","default_profile_image":false,"id":16372991,"profile_background_image_url_https":"https://abs.twimg.com/images/themes/theme15/bg.png","verified":false,"profile_location":null,"profile_image_url_https":"https://pbs.twimg.com/profile_images/469650609667198976/PI80zaQv_normal.png","profile_sidebar_fill_color":"C0DFEC","entities":{"url":{"urls":[{"url":"http://t.co/Met5RH9Jgq","indices":[0,22],"expanded_url":"http://au.linkedin.com/in/mmansour/","display_url":"au.linkedin.com/in/mmansour/"}]},"description":{"urls":[]}},"followers_count":2269,"profile_sidebar_border_color":"A8C7F7","id_str":"16372991","profile_background_color":"022330","listed_count":87,"is_translation_enabled":false,"utc_offset":39600,"statuses_count":18669,"description":"One of Australia's most connected Technology Recruiters, big network, big personality Recruitment Guru  #Recruitment101 Opinions are my own! #EnjoyYourself","friends_count":2315,"location":"Sydney, Australia","profile_link_color":"0084B4","profile_image_url":"http://pbs.twimg.com/profile_images/469650609667198976/PI80zaQv_normal.png","following":false,"geo_enabled":true,"profile_banner_url":"https://pbs.twimg.com/profile_banners/16372991/1400808892","profile_background_image_url":"http://abs.twimg.com/images/themes/theme15/bg.png","name":"Mark Mansour","lang":"en","profile_background_tile":false,"favourites_count":1532,"screen_name":"MarkMansour01","notifications":false,"url":"http://t.co/Met5RH9Jgq","created_at":"Sat Sep 20 01:19:47 +0000 2008","contributors_enabled":false,"time_zone":"Sydney","protected":false,"default_profile":false,"is_translator":false},"geo":null,"in_reply_to_user_id_str":"17984709","lang":"en","created_at":"Mon Dec 15 03:21:27 +0000 2014","in_reply_to_status_id_str":"544298959993200640","place":null},
{"contributors":null,"truncated":false,"text":"@martydownunder @SmashingPundit Funny we didn't see that on TV","in_reply_to_status_id":544298959993200640,"id":544341404080955393,"favorite_count":0,"source":"<a href=\"http://twitter.com\" rel=\"nofollow\">Twitter Web Client</a>","retweeted":false,"coordinates":null,"entities":{"symbols":[],"user_mentions":[{"id":17984709,"indices":[0,15],"id_str":"17984709","screen_name":"martydownunder","name":"Martydownunder"},{"id":2804586564,"indices":[16,31],"id_str":"2804586564","screen_name":"SmashingPundit","name":"Smashing Pundit"}],"hashtags":[],"urls":[]},"in_reply_to_screen_name":"martydownunder","id_str":"544341404080955393","retweet_count":0,"in_reply_to_user_id":17984709,"favorited":false,"user":{"follow_request_sent":false,"profile_use_background_image":true,"profile_text_color":"333333","default_profile_image":false,"id":83391991,"profile_background_image_url_https":"https://abs.twimg.com/images/themes/theme1/bg.png","verified":false,"profile_location":null,"profile_image_url_https":"https://pbs.twimg.com/profile_images/454485472098545666/oRYFDJJM_normal.jpeg","profile_sidebar_fill_color":"DDEEF6","entities":{"description":{"urls":[]}},"followers_count":38,"profile_sidebar_border_color":"C0DEED","id_str":"83391991","profile_background_color":"C0DEED","listed_count":0,"is_translation_enabled":false,"utc_offset":-25200,"statuses_count":1143,"description":"Ron Moers is an author, detective, cat lover and  patriot. Love the USA and respect the flag. Many have died upholding its honor!","friends_count":149,"location":"","profile_link_color":"0084B4","profile_image_url":"http://pbs.twimg.com/profile_images/454485472098545666/oRYFDJJM_normal.jpeg","following":false,"geo_enabled":false,"profile_background_image_url":"http://abs.twimg.com/images/themes/theme1/bg.png","name":"THE NO BS ZONE","lang":"en","profile_background_tile":false,"favourites_count":67,"screen_name":"NOBSZONE","notifications":false,"url":null,"created_at":"Sun Oct 18 16:20:38 +0000 2009","contributors_enabled":false,"time_zone":"Arizona","protected":false,"default_profile":true,"is_translator":false},"geo":null,"in_reply_to_user_id_str":"17984709","lang":"en","created_at":"Mon Dec 15 04:01:18 +0000 2014","in_reply_to_status_id_str":"544298959993200640","place":null},
{"contributors":null,"truncated":false,"text":"@NOBSZONE @SmashingPundit I sawbeheading signs accidentally ran into Gaza protest in Melb in 2008. Thought would be huge news but nothing.","in_reply_to_status_id":544341404080955393,"id":544341726261821441,"favorite_count":0,"source":"<a href=\"http://twitter.com\" rel=\"nofollow\">Twitter Web Client</a>","retweeted":false,"coordinates":null,"entities":{"symbols":[],"user_mentions":[{"id":83391991,"indices":[0,9],"id_str":"83391991","screen_name":"NOBSZONE","name":"THE NO BS ZONE"},{"id":2804586564,"indices":[10,25],"id_str":"2804586564","screen_name":"SmashingPundit","name":"Smashing Pundit"}],"hashtags":[],"urls":[]},"in_reply_to_screen_name":"NOBSZONE","id_str":"544341726261821441","retweet_count":0,"in_reply_to_user_id":83391991,"favorited":false,"user":{"follow_request_sent":false,"profile_use_background_image":true,"profile_text_color":"333333","default_profile_image":false,"id":17984709,"profile_background_image_url_https":"https://pbs.twimg.com/profile_background_images/476972084422131712/MArdO6IM.jpeg","verified":false,"profile_location":null,"profile_image_url_https":"https://pbs.twimg.com/profile_images/2679181709/3db208bd1aad837880029708469886a7_normal.jpeg","profile_sidebar_fill_color":"EFEFEF","entities":{"description":{"urls":[]}},"followers_count":760,"profile_sidebar_border_color":"FFFFFF","id_str":"17984709","profile_background_color":"131516","listed_count":4,"is_translation_enabled":false,"utc_offset":-36000,"statuses_count":22327,"description":"","friends_count":1550,"location":"","profile_link_color":"192E96","profile_image_url":"http://pbs.twimg.com/profile_images/2679181709/3db208bd1aad837880029708469886a7_normal.jpeg","following":false,"geo_enabled":true,"profile_banner_url":"https://pbs.twimg.com/profile_banners/17984709/1355553096","profile_background_image_url":"http://pbs.twimg.com/profile_background_images/476972084422131712/MArdO6IM.jpeg","name":"Martydownunder","lang":"en","profile_background_tile":true,"favourites_count":266,"screen_name":"martydownunder","notifications":false,"url":null,"created_at":"Tue Dec 09 05:10:02 +0000 2008","contributors_enabled":false,"time_zone":"Hawaii","protected":false,"default_profile":false,"is_translator":false},"geo":null,"in_reply_to_user_id_str":"83391991","lang":"en","created_at":"Mon Dec 15 04:02:35 +0000 2014","in_reply_to_status_id_str":"544341404080955393","place":null},
{"contributors":null,"truncated":false,"text":"@martydownunder @Soapbox80 I despise both Jewish and Muslim Jihadists","in_reply_to_status_id":544298959993200640,"id":544361013693267968,"favorite_count":0,"source":"<a href=\"http://twitter.com\" rel=\"nofollow\">Twitter Web Client</a>","retweeted":false,"coordinates":null,"entities":{"symbols":[],"user_mentions":[{"id":17984709,"indices":[0,15],"id_str":"17984709","screen_name":"martydownunder","name":"Martydownunder"},{"id":1303219214,"indices":[16,26],"id_str":"1303219214","screen_name":"Soapbox80","name":"Nat"}],"hashtags":[],"urls":[]},"in_reply_to_screen_name":"martydownunder","id_str":"544361013693267968","retweet_count":0,"in_reply_to_user_id":17984709,"favorited":false,"user":{"follow_request_sent":false,"profile_use_background_image":true,"profile_text_color":"333333","default_profile_image":false,"id":472513258,"profile_background_image_url_https":"https://abs.twimg.com/images/themes/theme1/bg.png","verified":false,"profile_location":null,"profile_image_url_https":"https://pbs.twimg.com/profile_images/1776958849/article-2013565-0CF7FBD200000578-391_634x578_2__normal.jpg","profile_sidebar_fill_color":"DDEEF6","entities":{"url":{"urls":[{"url":"http://t.co/p8EeepZDZd","indices":[0,22],"expanded_url":"http://chrishagentb.blog.com","display_url":"chrishagentb.blog.com"}]},"description":{"urls":[]}},"followers_count":534,"profile_sidebar_border_color":"C0DEED","id_str":"472513258","profile_background_color":"C0DEED","listed_count":14,"is_translation_enabled":false,"utc_offset":36000,"statuses_count":12983,"description":"If I had to label myself, paleoconservative might do it. But perceptions and experiences shape my beliefs, not belief systems, religious or political.","friends_count":391,"location":"Australia","profile_link_color":"0084B4","profile_image_url":"http://pbs.twimg.com/profile_images/1776958849/article-2013565-0CF7FBD200000578-391_634x578_2__normal.jpg","following":false,"geo_enabled":false,"profile_background_image_url":"http://abs.twimg.com/images/themes/theme1/bg.png","name":"Chris Hagen","lang":"en","profile_background_tile":false,"favourites_count":8,"screen_name":"chrishagentb","notifications":false,"url":"http://t.co/p8EeepZDZd","created_at":"Tue Jan 24 01:13:55 +0000 2012","contributors_enabled":false,"time_zone":"Brisbane","protected":false,"default_profile":true,"is_translator":false},"geo":null,"in_reply_to_user_id_str":"17984709","lang":"en","created_at":"Mon Dec 15 05:19:14 +0000 2014","in_reply_to_status_id_str":"544298959993200640","place":null},
{"contributors":null,"truncated":false,"text":"@chrishagentb @martydownunder @Soapbox80 ...Jews...don't...ahhh...DO the 'Jihad' thing...","in_reply_to_status_id":544361013693267968,"id":544363053559865344,"favorite_count":1,"source":"<a href=\"http://twitter.com/download/android\" rel=\"nofollow\">Twitter for Android</a>","retweeted":false,"coordinates":null,"entities":{"symbols":[],"user_mentions":[{"id":472513258,"indices":[0,13],"id_str":"472513258","screen_name":"chrishagentb","name":"Chris Hagen"},{"id":17984709,"indices":[14,29],"id_str":"17984709","screen_name":"martydownunder","name":"Martydownunder"},{"id":1303219214,"indices":[30,40],"id_str":"1303219214","screen_name":"Soapbox80","name":"Nat"}],"hashtags":[],"urls":[]},"in_reply_to_screen_name":"chrishagentb","id_str":"544363053559865344","retweet_count":0,"in_reply_to_user_id":472513258,"favorited":false,"user":{"follow_request_sent":false,"profile_use_background_image":true,"profile_text_color":"156FAB","default_profile_image":false,"id":52368836,"profile_background_image_url_https":"https://pbs.twimg.com/profile_background_images/179541729/diagonal-smoke.jpg","verified":false,"profile_location":null,"profile_image_url_https":"https://pbs.twimg.com/profile_images/569719784191717376/vOT-Unue_normal.jpeg","profile_sidebar_fill_color":"0D0D0C","entities":{"description":{"urls":[]}},"followers_count":167,"profile_sidebar_border_color":"FFFFFF","id_str":"52368836","profile_background_color":"0C175C","listed_count":1,"is_translation_enabled":false,"utc_offset":-18000,"statuses_count":1785,"description":"The above picture is not me.","friends_count":422,"location":"Where was that, now?","profile_link_color":"5E595B","profile_image_url":"http://pbs.twimg.com/profile_images/569719784191717376/vOT-Unue_normal.jpeg","following":false,"geo_enabled":true,"profile_banner_url":"https://pbs.twimg.com/profile_banners/52368836/1416347595","profile_background_image_url":"http://pbs.twimg.com/profile_background_images/179541729/diagonal-smoke.jpg","name":" Noneya מאמין","lang":"en","profile_background_tile":true,"favourites_count":302,"screen_name":"ugottabekidn","notifications":false,"url":null,"created_at":"Tue Jun 30 11:21:28 +0000 2009","contributors_enabled":false,"time_zone":"Eastern Time (US & Canada)","protected":false,"default_profile":false,"is_translator":false},"geo":null,"in_reply_to_user_id_str":"472513258","lang":"en","created_at":"Mon Dec 15 05:27:20 +0000 2014","in_reply_to_status_id_str":"544361013693267968","place":null},
{"contributors":null,"truncated":false,"text":"@ugottabekidn @martydownunder @Soapbox80 Sure they do, they just have a US funded military to do it with.","in_reply_to_status_id":544363053559865344,"id":544365757606289409,"favorite_count":0,"source":"<a href=\"http://twitter.com\" rel=\"nofollow\">Twitter Web Client</a>","retweeted":false,"coordinates":null,"entities":{"symbols":[],"user_mentions":[{"id":52368836,"indices":[0,13],"id_str":"52368836","screen_name":"ugottabekidn","name":" Noneya מאמין"},{"id":17984709,"indices":[14,29],"id_str":"17984709","screen_name":"martydownunder","name":"Martydownunder"},{"id":1303219214,"indices":[30,40],"id_str":"1303219214","screen_name":"Soapbox80","name":"Nat"}],"hashtags":[],"urls":[]},"in_reply_to_screen_name":"ugottabekidn","id_str":"544365757606289409","retweet_count":0,"in_reply_to_user_id":52368836,"favorited":false,"user":{"follow_request_sent":false,"profile_use_background_image":true,"profile_text_color":"333333","default_profile_image":false,"id":472513258,"profile_background_image_url_https":"https://abs.twimg.com/images/themes/theme1/bg.png","verified":false,"profile_location":null,"profile_image_url_https":"https://pbs.twimg.com/profile_images/1776958849/article-2013565-0CF7FBD200000578-391_634x578_2__normal.jpg","profile_sidebar_fill_color":"DDEEF6","entities":{"url":{"urls":[{"url":"http://t.co/p8EeepZDZd","indices":[0,22],"expanded_url":"http://chrishagentb.blog.com","display_url":"chrishagentb.blog.com"}]},"description":{"urls":[]}},"followers_count":533,"profile_sidebar_border_color":"C0DEED","id_str":"472513258","profile_background_color":"C0DEED","listed_count":14,"is_translation_enabled":false,"utc_offset":36000,"statuses_count":12983,"description":"If I had to label myself, paleoconservative might do it. But perceptions and experiences shape my beliefs, not belief systems, religious or political.","friends_count":391,"location":"Australia","profile_link_color":"0084B4","profile_image_url":"http://pbs.twimg.com/profile_images/1776958849/article-2013565-0CF7FBD200000578-391_634x578_2__normal.jpg","following":false,"geo_enabled":false,"profile_background_image_url":"http://abs.twimg.com/images/themes/theme1/bg.png","name":"Chris Hagen","lang":"en","profile_background_tile":false,"favourites_count":8,"screen_name":"chrishagentb","notifications":false,"url":"http://t.co/p8EeepZDZd","created_at":"Tue Jan 24 01:13:55 +0000 2012","contributors_enabled":false,"time_zone":"Brisbane","protected":false,"default_profile":true,"is_translator":false},"geo":null,"in_reply_to_user_id_str":"52368836","lang":"en","created_at":"Mon Dec 15 05:38:05 +0000 2014","in_reply_to_status_id_str":"544363053559865344","place":null},
{"contributors":null,"truncated":false,"text":"@chrishagentb @martydownunder @Soapbox80 hey Chris, you forgot to blame the evil Jews for Ferguson &amp; Ebola too.","in_reply_to_status_id":544361013693267968,"id":544438226971140096,"favorite_count":1,"source":"<a href=\"http://twitter.com/download/iphone\" rel=\"nofollow\">Twitter for iPhone</a>","retweeted":false,"coordinates":null,"entities":{"symbols":[],"user_mentions":[{"id":472513258,"indices":[0,13],"id_str":"472513258","screen_name":"chrishagentb","name":"Chris Hagen"},{"id":17984709,"indices":[14,29],"id_str":"17984709","screen_name":"martydownunder","name":"Martydownunder"},{"id":1303219214,"indices":[30,40],"id_str":"1303219214","screen_name":"Soapbox80","name":"Nat"}],"hashtags":[],"urls":[]},"in_reply_to_screen_name":"chrishagentb","id_str":"544438226971140096","retweet_count":0,"in_reply_to_user_id":472513258,"favorited":false,"user":{"follow_request_sent":false,"profile_use_background_image":true,"profile_text_color":"333333","default_profile_image":false,"id":180940997,"profile_background_image_url_https":"https://pbs.twimg.com/profile_background_images/542891745/logo_entersport.png","verified":false,"profile_location":null,"profile_image_url_https":"https://pbs.twimg.com/profile_images/527598913289596928/OYlHpvHl_normal.jpeg","profile_sidebar_fill_color":"EFEFEF","entities":{"url":{"urls":[{"url":"http://t.co/fx0LtfDFrp","indices":[0,22],"expanded_url":"http://www.entersport.net","display_url":"entersport.net"}]},"description":{"urls":[]}},"followers_count":1040,"profile_sidebar_border_color":"EEEEEE","id_str":"180940997","profile_background_color":"131516","listed_count":15,"is_translation_enabled":false,"utc_offset":-18000,"statuses_count":3926,"description":"Sports Agent. Dog Owner. Aquatically inclined.","friends_count":350,"location":"Los Angeles","profile_link_color":"009999","profile_image_url":"http://pbs.twimg.com/profile_images/527598913289596928/OYlHpvHl_normal.jpeg","following":false,"geo_enabled":true,"profile_banner_url":"https://pbs.twimg.com/profile_banners/180940997/1360656408","profile_background_image_url":"http://pbs.twimg.com/profile_background_images/542891745/logo_entersport.png","name":"Daniel Moldovan","lang":"en","profile_background_tile":true,"favourites_count":2179,"screen_name":"dmoldovan88","notifications":false,"url":"http://t.co/fx0LtfDFrp","created_at":"Fri Aug 20 22:07:18 +0000 2010","contributors_enabled":false,"time_zone":"Eastern Time (US & Canada)","protected":false,"default_profile":false,"is_translator":false},"geo":null,"in_reply_to_user_id_str":"472513258","lang":"en","created_at":"Mon Dec 15 10:26:03 +0000 2014","in_reply_to_status_id_str":"544361013693267968","place":null},
{"contributors":null,"truncated":false,"text":"@dmoldovan88 @chrishagentb @Soapbox80 Jewish jihadists? Obviously this guy has no idea like so many.","in_reply_to_status_id":544438226971140096,"id":544438748960657408,"favorite_count":1,"source":"<a href=\"http://twitter.com/#!/download/ipad\" rel=\"nofollow\">Twitter for iPad</a>","retweeted":false,"coordinates":null,"entities":{"symbols":[],"user_mentions":[{"id":180940997,"indices":[0,12],"id_str":"180940997","screen_name":"dmoldovan88","name":"Daniel Moldovan"},{"id":472513258,"indices":[13,26],"id_str":"472513258","screen_name":"chrishagentb","name":"Chris Hagen"},{"id":1303219214,"indices":[27,37],"id_str":"1303219214","screen_name":"Soapbox80","name":"Nat"}],"hashtags":[],"urls":[]},"in_reply_to_screen_name":"dmoldovan88","id_str":"544438748960657408","retweet_count":0,"in_reply_to_user_id":180940997,"favorited":false,"user":{"follow_request_sent":false,"profile_use_background_image":true,"profile_text_color":"333333","default_profile_image":false,"id":17984709,"profile_background_image_url_https":"https://pbs.twimg.com/profile_background_images/476972084422131712/MArdO6IM.jpeg","verified":false,"profile_location":null,"profile_image_url_https":"https://pbs.twimg.com/profile_images/2679181709/3db208bd1aad837880029708469886a7_normal.jpeg","profile_sidebar_fill_color":"EFEFEF","entities":{"description":{"urls":[]}},"followers_count":758,"profile_sidebar_border_color":"FFFFFF","id_str":"17984709","profile_background_color":"131516","listed_count":4,"is_translation_enabled":false,"utc_offset":-36000,"statuses_count":22327,"description":"","friends_count":1550,"location":"","profile_link_color":"192E96","profile_image_url":"http://pbs.twimg.com/profile_images/2679181709/3db208bd1aad837880029708469886a7_normal.jpeg","following":false,"geo_enabled":true,"profile_banner_url":"https://pbs.twimg.com/profile_banners/17984709/1355553096","profile_background_image_url":"http://pbs.twimg.com/profile_background_images/476972084422131712/MArdO6IM.jpeg","name":"Martydownunder","lang":"en","profile_background_tile":true,"favourites_count":266,"screen_name":"martydownunder","notifications":false,"url":null,"created_at":"Tue Dec 09 05:10:02 +0000 2008","contributors_enabled":false,"time_zone":"Hawaii","protected":false,"default_profile":false,"is_translator":false},"geo":null,"in_reply_to_user_id_str":"180940997","lang":"en","created_at":"Mon Dec 15 10:28:07 +0000 2014","in_reply_to_status_id_str":"544438226971140096","place":null},
{"contributors":null,"truncated":false,"text":"@dmoldovan88 @martydownunder @Soapbox80 Both were caused by Obama and the other race baiters/incompetents.","in_reply_to_status_id":544438226971140096,"id":544443022608302081,"favorite_count":0,"source":"<a href=\"http://twitter.com\" rel=\"nofollow\">Twitter Web Client</a>","retweeted":false,"coordinates":null,"entities":{"symbols":[],"user_mentions":[{"id":180940997,"indices":[0,12],"id_str":"180940997","screen_name":"dmoldovan88","name":"Daniel Moldovan"},{"id":17984709,"indices":[13,28],"id_str":"17984709","screen_name":"martydownunder","name":"Martydownunder"},{"id":1303219214,"indices":[29,39],"id_str":"1303219214","screen_name":"Soapbox80","name":"Nat"}],"hashtags":[],"urls":[]},"in_reply_to_screen_name":"dmoldovan88","id_str":"544443022608302081","retweet_count":0,"in_reply_to_user_id":180940997,"favorited":false,"user":{"follow_request_sent":false,"profile_use_background_image":true,"profile_text_color":"333333","default_profile_image":false,"id":472513258,"profile_background_image_url_https":"https://abs.twimg.com/images/themes/theme1/bg.png","verified":false,"profile_location":null,"profile_image_url_https":"https://pbs.twimg.com/profile_images/1776958849/article-2013565-0CF7FBD200000578-391_634x578_2__normal.jpg","profile_sidebar_fill_color":"DDEEF6","entities":{"url":{"urls":[{"url":"http://t.co/p8EeepZDZd","indices":[0,22],"expanded_url":"http://chrishagentb.blog.com","display_url":"chrishagentb.blog.com"}]},"description":{"urls":[]}},"followers_count":533,"profile_sidebar_border_color":"C0DEED","id_str":"472513258","profile_background_color":"C0DEED","listed_count":14,"is_translation_enabled":false,"utc_offset":36000,"statuses_count":12983,"description":"If I had to label myself, paleoconservative might do it. But perceptions and experiences shape my beliefs, not belief systems, religious or political.","friends_count":391,"location":"Australia","profile_link_color":"0084B4","profile_image_url":"http://pbs.twimg.com/profile_images/1776958849/article-2013565-0CF7FBD200000578-391_634x578_2__normal.jpg","following":false,"geo_enabled":false,"profile_background_image_url":"http://abs.twimg.com/images/themes/theme1/bg.png","name":"Chris Hagen","lang":"en","profile_background_tile":false,"favourites_count":8,"screen_name":"chrishagentb","notifications":false,"url":"http://t.co/p8EeepZDZd","created_at":"Tue Jan 24 01:13:55 +0000 2012","contributors_enabled":false,"time_zone":"Brisbane","protected":false,"default_profile":true,"is_translator":false},"geo":null,"in_reply_to_user_id_str":"180940997","lang":"en","created_at":"Mon Dec 15 10:45:06 +0000 2014","in_reply_to_status_id_str":"544438226971140096","place":null},
{"contributors":null,"truncated":false,"text":"“@dmoldovan88: @chrishagentb @martydownunder @Soapbox80 hey Chris, you forgot to blame the evil Jews for Ferguson &amp; Ebola too.”#girdles lol","in_reply_to_status_id":544438226971140096,"id":544549208884527105,"favorite_count":0,"source":"<a href=\"http://twitter.com/download/iphone\" rel=\"nofollow\">Twitter for iPhone</a>","retweeted":false,"coordinates":null,"entities":{"symbols":[],"user_mentions":[{"id":180940997,"indices":[1,13],"id_str":"180940997","screen_name":"dmoldovan88","name":"Daniel Moldovan"},{"id":472513258,"indices":[15,28],"id_str":"472513258","screen_name":"chrishagentb","name":"Chris Hagen"},{"id":17984709,"indices":[29,44],"id_str":"17984709","screen_name":"martydownunder","name":"Martydownunder"},{"id":1303219214,"indices":[45,55],"id_str":"1303219214","screen_name":"Soapbox80","name":"Nat"}],"hashtags":[{"indices":[131,139],"text":"girdles"}],"urls":[]},"in_reply_to_screen_name":"dmoldovan88","id_str":"544549208884527105","retweet_count":0,"in_reply_to_user_id":180940997,"favorited":false,"user":{"follow_request_sent":false,"profile_use_background_image":true,"profile_text_color":"333333","default_profile_image":false,"id":2401156465,"profile_background_image_url_https":"https://abs.twimg.com/images/themes/theme1/bg.png","verified":false,"profile_location":null,"profile_image_url_https":"https://pbs.twimg.com/profile_images/572477998772948994/rgokhdMD_normal.jpeg","profile_sidebar_fill_color":"DDEEF6","entities":{"description":{"urls":[]}},"followers_count":1543,"profile_sidebar_border_color":"C0DEED","id_str":"2401156465","profile_background_color":"C0DEED","listed_count":19,"is_translation_enabled":false,"utc_offset":null,"statuses_count":36771,"description":"We all started as an egg... #LUVaVET everyday, And by the way Seaworld Blows","friends_count":1999,"location":"London","profile_link_color":"0084B4","profile_image_url":"http://pbs.twimg.com/profile_images/572477998772948994/rgokhdMD_normal.jpeg","following":false,"geo_enabled":false,"profile_background_image_url":"http://abs.twimg.com/images/themes/theme1/bg.png","name":"J R","lang":"en","profile_background_tile":false,"favourites_count":33758,"screen_name":"RJennromao","notifications":false,"url":null,"created_at":"Fri Mar 21 07:31:48 +0000 2014","contributors_enabled":false,"time_zone":null,"protected":false,"default_profile":true,"is_translator":false},"geo":null,"in_reply_to_user_id_str":"180940997","lang":"en","created_at":"Mon Dec 15 17:47:03 +0000 2014","in_reply_to_status_id_str":"544438226971140096","place":null},
{"contributors":null,"truncated":false,"text":"@lennydogin @martydownunder @idfelite  That would be the islam of  the twin towers, bombing in Bali, beheading of 4 kids?  what r u smoking?","in_reply_to_status_id":544306037986439168,"id":544580905138802688,"favorite_count":1,"source":"<a href=\"http://twitter.com\" rel=\"nofollow\">Twitter Web Client</a>","retweeted":false,"coordinates":null,"entities":{"symbols":[],"user_mentions":[{"id":141424085,"indices":[0,11],"id_str":"141424085","screen_name":"lennydogin","name":"HabsFan"},{"id":17984709,"indices":[12,27],"id_str":"17984709","screen_name":"martydownunder","name":"Martydownunder"},{"id":941878034,"indices":[28,37],"id_str":"941878034","screen_name":"idfelite","name":"IDF Elite"}],"hashtags":[],"urls":[]},"in_reply_to_screen_name":"lennydogin","id_str":"544580905138802688","retweet_count":0,"in_reply_to_user_id":141424085,"favorited":false,"user":{"follow_request_sent":false,"profile_use_background_image":true,"profile_text_color":"333333","default_profile_image":true,"id":2843440568,"profile_background_image_url_https":"https://abs.twimg.com/images/themes/theme1/bg.png","verified":false,"profile_location":null,"profile_image_url_https":"https://abs.twimg.com/sticky/default_profile_images/default_profile_3_normal.png","profile_sidebar_fill_color":"DDEEF6","entities":{"description":{"urls":[]}},"followers_count":4,"profile_sidebar_border_color":"C0DEED","id_str":"2843440568","profile_background_color":"C0DEED","listed_count":0,"is_translation_enabled":false,"utc_offset":null,"statuses_count":2,"description":"","friends_count":4,"location":"","profile_link_color":"0084B4","profile_image_url":"http://abs.twimg.com/sticky/default_profile_images/default_profile_3_normal.png","following":false,"geo_enabled":false,"profile_background_image_url":"http://abs.twimg.com/images/themes/theme1/bg.png","name":"Bonzersmom","lang":"en","profile_background_tile":false,"favourites_count":0,"screen_name":"bonzersmom1","notifications":false,"url":null,"created_at":"Tue Oct 07 11:04:50 +0000 2014","contributors_enabled":false,"time_zone":null,"protected":false,"default_profile":true,"is_translator":false},"geo":null,"in_reply_to_user_id_str":"141424085","lang":"en","created_at":"Mon Dec 15 19:53:00 +0000 2014","in_reply_to_status_id_str":"544306037986439168","place":null},
{"contributors":null,"truncated":false,"text":"@bonzersmom1 @martydownunder @idfelite you didn't take my tweet as sarcastic","in_reply_to_status_id":544580905138802688,"id":544599023886540801,"favorite_count":0,"source":"<a href=\"http://twitter.com/download/iphone\" rel=\"nofollow\">Twitter for iPhone</a>","retweeted":false,"coordinates":null,"entities":{"symbols":[],"user_mentions":[{"id":2843440568,"indices":[0,12],"id_str":"2843440568","screen_name":"bonzersmom1","name":"Bonzersmom"},{"id":17984709,"indices":[13,28],"id_str":"17984709","screen_name":"martydownunder","name":"Martydownunder"},{"id":941878034,"indices":[29,38],"id_str":"941878034","screen_name":"idfelite","name":"IDF Elite"}],"hashtags":[],"urls":[]},"in_reply_to_screen_name":"bonzersmom1","id_str":"544599023886540801","retweet_count":0,"in_reply_to_user_id":2843440568,"favorited":false,"user":{"follow_request_sent":false,"profile_use_background_image":true,"profile_text_color":"333333","default_profile_image":false,"id":141424085,"profile_background_image_url_https":"https://abs.twimg.com/images/themes/theme1/bg.png","verified":false,"profile_location":null,"profile_image_url_https":"https://pbs.twimg.com/profile_images/1798009934/image_normal.jpg","profile_sidebar_fill_color":"DDEEF6","entities":{"description":{"urls":[]}},"followers_count":100,"profile_sidebar_border_color":"C0DEED","id_str":"141424085","profile_background_color":"C0DEED","listed_count":4,"is_translation_enabled":false,"utc_offset":-18000,"statuses_count":3878,"description":"canadian zionist Habs fan","friends_count":419,"location":"here, there and everywhere","profile_link_color":"0084B4","profile_image_url":"http://pbs.twimg.com/profile_images/1798009934/image_normal.jpg","following":false,"geo_enabled":true,"profile_background_image_url":"http://abs.twimg.com/images/themes/theme1/bg.png","name":"HabsFan","lang":"en","profile_background_tile":false,"favourites_count":1126,"screen_name":"lennydogin","notifications":false,"url":null,"created_at":"Sat May 08 02:12:14 +0000 2010","contributors_enabled":false,"time_zone":"Eastern Time (US & Canada)","protected":false,"default_profile":true,"is_translator":false},"geo":null,"in_reply_to_user_id_str":"2843440568","lang":"en","created_at":"Mon Dec 15 21:05:00 +0000 2014","in_reply_to_status_id_str":"544580905138802688","place":null},
{"contributors":null,"truncated":false,"text":"@streamsrivers @martydownunder @Queen_V1216 as I said yesterday nothing to do with religion..just a fucking deranged man.. #sydneysiege","in_reply_to_status_id":544319588809183232,"id":544645758453284865,"favorite_count":0,"source":"<a href=\"http://twitter.com/download/iphone\" rel=\"nofollow\">Twitter for iPhone</a>","retweeted":false,"coordinates":null,"entities":{"symbols":[],"user_mentions":[{"id":1627120838,"indices":[0,14],"id_str":"1627120838","screen_name":"streamsrivers","name":"Samuel Ward"},{"id":17984709,"indices":[15,30],"id_str":"17984709","screen_name":"martydownunder","name":"Martydownunder"},{"id":265645992,"indices":[31,43],"id_str":"265645992","screen_name":"Queen_V1216","name":"Vickie Barnachea"}],"hashtags":[{"indices":[123,135],"text":"sydneysiege"}],"urls":[]},"in_reply_to_screen_name":"streamsrivers","id_str":"544645758453284865","retweet_count":0,"in_reply_to_user_id":1627120838,"favorited":false,"user":{"follow_request_sent":false,"profile_use_background_image":true,"profile_text_color":"333333","default_profile_image":false,"id":2929175617,"profile_background_image_url_https":"https://abs.twimg.com/images/themes/theme1/bg.png","verified":false,"profile_location":null,"profile_image_url_https":"https://pbs.twimg.com/profile_images/544036654793494528/X0MREd-n_normal.jpeg","profile_sidebar_fill_color":"DDEEF6","entities":{"description":{"urls":[]}},"followers_count":32,"profile_sidebar_border_color":"C0DEED","id_str":"2929175617","profile_background_color":"C0DEED","listed_count":1,"is_translation_enabled":false,"utc_offset":null,"statuses_count":218,"description":"Essendon Bombers, Arsenal Gunners & Melbourne Victory!! \n\nMolon Labe - Come get us!!","friends_count":278,"location":"","profile_link_color":"0084B4","profile_image_url":"http://pbs.twimg.com/profile_images/544036654793494528/X0MREd-n_normal.jpeg","following":false,"geo_enabled":false,"profile_banner_url":"https://pbs.twimg.com/profile_banners/2929175617/1418543286","profile_background_image_url":"http://abs.twimg.com/images/themes/theme1/bg.png","name":"Panagamithite","lang":"en","profile_background_tile":false,"favourites_count":36,"screen_name":"Dons_gunners","notifications":false,"url":null,"created_at":"Sun Dec 14 02:46:37 +0000 2014","contributors_enabled":false,"time_zone":null,"protected":false,"default_profile":true,"is_translator":false},"geo":null,"in_reply_to_user_id_str":"1627120838","lang":"en","created_at":"Tue Dec 16 00:10:42 +0000 2014","in_reply_to_status_id_str":"544319588809183232","place":null}
]