[{"contributors":null,"truncated":false,"text":"“@PzFeed: ISIS FLAG VISIBLE AS GUNMAN SEIZES SYDNEY CAFE, HOLDS HOSTAGES”","in_reply_to_status_id":544273220128739329,"id":544273258322083840,"favorite_count":0,"source":"<a href=\"http://itunes.apple.com/us/app/twitter/id409789998?mt=12\" rel=\"nofollow\">Twitter for Mac</a>","retweeted":false,"coordinates":null,"entities":{"symbols":[],"user_mentions":[{"id":292777349,"indices":[1,8],"id_str":"292777349","screen_name":"PzFeed","name":"PzFeed Top News"}],"hashtags":[],"urls":[]},"in_reply_to_screen_name":"PzFeed","id_str":"544273258322083840","retweet_count":0,"in_reply_to_user_id":292777349,"favorited":false,"user":{"follow_request_sent":false,"profile_use_background_image":true,"profile_text_color":"FFFF00","default_profile_image":false,"id":35646496,"profile_background_image_url_https":"https://pbs.twimg.com/profile_background_images/723143719/d1712611ac8732e77de2fe0022de54da.jpeg","verified":false,"profile_location":null,"profile_image_url_https":"https://pbs.twimg.com/profile_images/589636695525560320/fAx13ko1_normal.jpg","profile_sidebar_fill_color":"FF0000","entities":{"url":{"urls":[{"url":"http://t.co/0fkoBRo4Rc","indices":[0,22],"expanded_url":"http://www.facebook.com/fred.lee.quinn","display_url":"facebook.com/fred.lee.quinn"}]},"description":{"urls":[]}},"followers_count":3591,"profile_sidebar_border_color":"FFFFFF","id_str":"35646496","profile_background_color":"000000","listed_count":67,"is_translation_enabled":false,"utc_offset":-18000,"statuses_count":233540,"description":"Winning since my dad skeeted in my mom....thank God I wasn't swallowed. #Team. #SteelerNation","friends_count":2887,"location":"D[M]V","profile_link_color":"000000","profile_image_url":"http://pbs.twimg.com/profile_images/589636695525560320/fAx13ko1_normal.jpg","following":false,"geo_enabled":true,"profile_banner_url":"https://pbs.twimg.com/profile_banners/35646496/1402067990","profile_background_image_url":"http://pbs.twimg.com/profile_background_images/723143719/d1712611ac8732e77de2fe0022de54da.jpeg","name":"FredLee","lang":"en","profile_background_tile":false,"favourites_count":130,"screen_name":"iFredLee","notifications":false,"url":"http://t.co/0fkoBRo4Rc","created_at":"Mon Apr 27 02:44:27 +0000 2009","contributors_enabled":false,"time_zone":"Eastern Time (US & Canada)","protected":false,"default_profile":false,"is_translator":false},"geo":null,"in_reply_to_user_id_str":"292777349","lang":"en","created_at":"Sun Dec 14 23:30:31 +0000 2014","in_reply_to_status_id_str":"544273220128739329","place":null},
{"contributors":null,"truncated":false,"text":"This is seriously worrying. RT “@PzFeed: ISIS FLAG VISIBLE AS GUNMAN SEIZES SYDNEY CAFE, HOLDS HOSTAGES”","in_reply_to_status_id":544273220128739329,"id":544273467643006976,"favorite_count":0,"source":"<a href=\"http://twitter.com/download/iphone\" rel=\"nofollow\">Twitter for iPhone</a>","retweeted":false,"coordinates":{"type":"Point","coordinates":[-0.78062567,51.23637334]},"entities":{"symbols":[],"user_mentions":[{"id":292777349,"indices":[32,39],"id_str":"292777349","screen_name":"PzFeed","name":"PzFeed Top News"}],"hashtags":[],"urls":[]},"in_reply_to_screen_name":"PzFeed","id_str":"544273467643006976","retweet_count":1,"in_reply_to_user_id":292777349,"favorited":false,"user":{"follow_request_sent":false,"profile_use_background_image":true,"profile_text_color":"333333","default_profile_image":false,"id":243817787,"profile_background_image_url_https":"https://abs.twimg.com/images/themes/theme1/bg.png","verified":false,"profile_location":null,"profile_image_url_https":"https://pbs.twimg.com/profile_images/588037631944044545/mAtFbuja_normal.jpg","profile_sidebar_fill_color":"DDEEF6","entities":{"url":{"urls":[{"url":"http://t.co/ayiGhooKpE","indices":[0,22],"expanded_url":"http://www.dontforgetthechaos.com","display_url":"dontforgetthechaos.com"}]},"description":{"urls":[]}},"followers_count":1838,"profile_sidebar_border_color":"C0DEED","id_str":"243817787","profile_background_color":"C0DEED","listed_count":73,"is_translation_enabled":false,"utc_offset":null,"statuses_count":72176,"description":"Photographer of music & street..... Artist (sort of)... Collector of tattoos. Drinks milkshake. Runs marathons & muddy races. Random. Chaos. \nShow me state 11.","friends_count":1682,"location":"Farnham, Posh Surrey....","profile_link_color":"0084B4","profile_image_url":"http://pbs.twimg.com/profile_images/588037631944044545/mAtFbuja_normal.jpg","following":false,"geo_enabled":true,"profile_banner_url":"https://pbs.twimg.com/profile_banners/243817787/1348044140","profile_background_image_url":"http://abs.twimg.com/images/themes/theme1/bg.png","name":"Jonny G","lang":"en","profile_background_tile":false,"favourites_count":2266,"screen_name":"dontforgetchaos","notifications":false,"url":"http://t.co/ayiGhooKpE","created_at":"Thu Jan 27 21:50:23 +0000 2011","contributors_enabled":false,"time_zone":null,"protected":false,"default_profile":true,"is_translator":false},"geo":{"type":"Point","coordinates":[51.23637334,-0.78062567]},"in_reply_to_user_id_str":"292777349","lang":"en","created_at":"Sun Dec 14 23:31:21 +0000 2014","in_reply_to_status_id_str":"544273220128739329","place":{"full_name":"Upper Hale, South East","url":"https://api.twitter.com/1.1/geo/id/31232db75fa248cc.json","country":"United Kingdom","place_type":"city","bounding_box":{"type":"Polygon","coordinates":[[[-0.81902,51.22511],[-0.769415,51.22511],[-0.769415,51.241116],[-0.81902,51.241116]]]},"contained_within":[],"country_code":"GB","attributes":{},"id":"31232db75fa248cc","name":"Upper Hale"}},
{"contributors":null,"truncated":false,"text":"😩😩😩 “@PzFeed: ISIS FLAG VISIBLE AS GUNMAN SEIZES SYDNEY CAFE, HOLDS HOSTAGES”","in_reply_to_status_id":544273220128739329,"id":544273477625057281,"favorite_count":0,"source":"<a href=\"http://twitter.com/download/iphone\" rel=\"nofollow\">Twitter for iPhone</a>","retweeted":false,"coordinates":null,"entities":{"symbols":[],"user_mentions":[{"id":292777349,"indices":[5,12],"id_str":"292777349","screen_name":"PzFeed","name":"PzFeed Top News"}],"hashtags":[],"urls":[]},"in_reply_to_screen_name":"PzFeed","id_str":"544273477625057281","retweet_count":0,"in_reply_to_user_id":292777349,"favorited":false,"user":{"follow_request_sent":false,"profile_use_background_image":false,"profile_text_color":"333333","default_profile_image":false,"id":499568043,"profile_background_image_url_https":"https://pbs.twimg.com/profile_background_images/495030768/rihanna-and-chris-brown.jpg","verified":false,"profile_location":null,"profile_image_url_https":"https://pbs.twimg.com/profile_images/581410292233609217/uzDfhJ1n_normal.jpg","profile_sidebar_fill_color":"DDEEF6","entities":{"description":{"urls":[]}},"followers_count":6349,"profile_sidebar_border_color":"FFFFFF","id_str":"499568043","profile_background_color":"C0DEED","listed_count":28,"is_translation_enabled":false,"utc_offset":39600,"statuses_count":76854,"description":"You'll probably go insane with a bitch like me....","friends_count":200,"location":"","profile_link_color":"0084B4","profile_image_url":"http://pbs.twimg.com/profile_images/581410292233609217/uzDfhJ1n_normal.jpg","following":false,"geo_enabled":false,"profile_banner_url":"https://pbs.twimg.com/profile_banners/499568043/1406337315","profile_background_image_url":"http://pbs.twimg.com/profile_background_images/495030768/rihanna-and-chris-brown.jpg","name":"MaRi.","lang":"en","profile_background_tile":true,"favourites_count":394,"screen_name":"Marijana_xox","notifications":false,"url":null,"created_at":"Wed Feb 22 07:49:13 +0000 2012","contributors_enabled":false,"time_zone":"Sydney","protected":false,"default_profile":false,"is_translator":false},"geo":null,"in_reply_to_user_id_str":"292777349","lang":"en","created_at":"Sun Dec 14 23:31:23 +0000 2014","in_reply_to_status_id_str":"544273220128739329","place":null},
{"contributors":null,"truncated":false,"text":"#ISIS FLAG VISIBLE AS GUNMAN SEIZES SYDNEY CAFE, HOLDS HOSTAGES via @PzFeed","in_reply_to_status_id":544273220128739329,"id":544273521472724992,"favorite_count":3,"source":"<a href=\"http://twitter.com/download/iphone\" rel=\"nofollow\">Twitter for iPhone</a>","retweeted":false,"coordinates":null,"entities":{"symbols":[],"user_mentions":[{"id":292777349,"indices":[68,75],"id_str":"292777349","screen_name":"PzFeed","name":"PzFeed Top News"}],"hashtags":[{"indices":[0,5],"text":"ISIS"}],"urls":[]},"in_reply_to_screen_name":"PzFeed","id_str":"544273521472724992","retweet_count":13,"in_reply_to_user_id":292777349,"favorited":false,"user":{"follow_request_sent":false,"profile_use_background_image":true,"profile_text_color":"333333","default_profile_image":false,"id":2566535282,"profile_background_image_url_https":"https://abs.twimg.com/images/themes/theme1/bg.png","verified":false,"profile_location":null,"profile_image_url_https":"https://pbs.twimg.com/profile_images/543565392342290432/aXZfchuk_normal.png","profile_sidebar_fill_color":"DDEEF6","entities":{"url":{"urls":[{"url":"http://t.co/mUbxGiZt9z","indices":[0,22],"expanded_url":"http://www.conflict-news.com","display_url":"conflict-news.com"}]},"description":{"urls":[]}},"followers_count":11567,"profile_sidebar_border_color":"C0DEED","id_str":"2566535282","profile_background_color":"C0DEED","listed_count":447,"is_translation_enabled":false,"utc_offset":null,"statuses_count":16907,"description":"Conflict News strives to give you breaking news on conflicts around the world. RT ≠ Endorsement - Media inquires can be sent to  rConflictNews at gmail","friends_count":681,"location":"","profile_link_color":"CC4442","profile_image_url":"http://pbs.twimg.com/profile_images/543565392342290432/aXZfchuk_normal.png","following":false,"geo_enabled":false,"profile_banner_url":"https://pbs.twimg.com/profile_banners/2566535282/1402735099","profile_background_image_url":"http://abs.twimg.com/images/themes/theme1/bg.png","name":"Conflict News","lang":"en","profile_background_tile":false,"favourites_count":3292,"screen_name":"rConflictNews","notifications":false,"url":"http://t.co/mUbxGiZt9z","created_at":"Sat Jun 14 05:49:56 +0000 2014","contributors_enabled":false,"time_zone":null,"protected":false,"default_profile":false,"is_translator":false},"geo":null,"in_reply_to_user_id_str":"292777349","lang":"en","created_at":"Sun Dec 14 23:31:34 +0000 2014","in_reply_to_status_id_str":"544273220128739329","place":null},
{"contributors":null,"truncated":false,"text":"OH PUTAIN “@PzFeed: ISIS FLAG VISIBLE AS GUNMAN SEIZES SYDNEY CAFE, HOLDS HOSTAGES”","in_reply_to_status_id":544273220128739329,"id":544273845658869761,"favorite_count":0,"source":"<a href=\"http://itunes.apple.com/us/app/twitter/id409789998?mt=12\" rel=\"nofollow\">Twitter for Mac</a>","retweeted":false,"coordinates":null,"entities":{"symbols":[],"user_mentions":[{"id":292777349,"indices":[11,18],"id_str":"292777349","screen_name":"PzFeed","name":"PzFeed Top News"}],"hashtags":[],"urls":[]},"in_reply_to_screen_name":"PzFeed","id_str":"544273845658869761","retweet_count":0,"in_reply_to_user_id":292777349,"favorited":false,"user":{"follow_request_sent":false,"profile_use_background_image":true,"profile_text_color":"333333","default_profile_image":false,"id":264862915,"profile_background_image_url_https":"https://pbs.twimg.com/profile_background_images/557396860/Skypics.png","verified":false,"profile_location":null,"profile_image_url_https":"https://pbs.twimg.com/profile_images/564956649279221761/SfYqk9FN_normal.jpeg","profile_sidebar_fill_color":"DDEEF6","entities":{"description":{"urls":[]}},"followers_count":1879,"profile_sidebar_border_color":"C0DEED","id_str":"264862915","profile_background_color":"C0DEED","listed_count":57,"is_translation_enabled":false,"utc_offset":3600,"statuses_count":106970,"description":"HR Activist. Are you a leader or a follower ? عربية Fr En. Tweet 2nd degré voire 3ème. Terrorire, AyatoLOL et consultant jihad #UpTheRebels","friends_count":573,"location":"In my office","profile_link_color":"0084B4","profile_image_url":"http://pbs.twimg.com/profile_images/564956649279221761/SfYqk9FN_normal.jpeg","following":false,"geo_enabled":false,"profile_banner_url":"https://pbs.twimg.com/profile_banners/264862915/1411411470","profile_background_image_url":"http://pbs.twimg.com/profile_background_images/557396860/Skypics.png","name":"Ti Nounou","lang":"fr","profile_background_tile":false,"favourites_count":2512,"screen_name":"Ti_nounou","notifications":false,"url":null,"created_at":"Sat Mar 12 15:42:46 +0000 2011","contributors_enabled":false,"time_zone":"Paris","protected":false,"default_profile":false,"is_translator":false},"geo":null,"in_reply_to_user_id_str":"292777349","lang":"en","created_at":"Sun Dec 14 23:32:51 +0000 2014","in_reply_to_status_id_str":"544273220128739329","place":null},
{"contributors":null,"truncated":false,"text":"@rConflictNews @PzFeed it's a Shahada flag: https://t.co/6i5ct8tcHY","in_reply_to_status_id":544273521472724992,"id":544273860104056833,"favorite_count":1,"source":"<a href=\"https://about.twitter.com/products/tweetdeck\" rel=\"nofollow\">TweetDeck</a>","retweeted":false,"coordinates":null,"entities":{"symbols":[],"user_mentions":[{"id":2566535282,"indices":[0,14],"id_str":"2566535282","screen_name":"rConflictNews","name":"Conflict News"},{"id":292777349,"indices":[15,22],"id_str":"292777349","screen_name":"PzFeed","name":"PzFeed Top News"}],"hashtags":[],"urls":[{"url":"https://t.co/6i5ct8tcHY","indices":[44,67],"expanded_url":"https://www.google.de/search?q=Shahada&source=lnms&tbm=isch&sa=X&ei=9h2OVM2iC-P9ygOo24LADg&ved=0CAgQ_AUoAQ&biw=1920&bih=938","display_url":"google.de/search?q=Shaha…"}]},"in_reply_to_screen_name":"rConflictNews","id_str":"544273860104056833","retweet_count":0,"in_reply_to_user_id":2566535282,"favorited":false,"user":{"follow_request_sent":false,"profile_use_background_image":false,"profile_text_color":"000000","default_profile_image":false,"id":265075984,"profile_background_image_url_https":"https://abs.twimg.com/images/themes/theme9/bg.gif","verified":false,"profile_location":null,"profile_image_url_https":"https://pbs.twimg.com/profile_images/497397538308096001/jMJ6kt8c_normal.jpeg","profile_sidebar_fill_color":"000000","entities":{"description":{"urls":[]}},"followers_count":148,"profile_sidebar_border_color":"000000","id_str":"265075984","profile_background_color":"000000","listed_count":5,"is_translation_enabled":false,"utc_offset":3600,"statuses_count":13609,"description":"RTs not endorsement.","friends_count":1081,"location":"","profile_link_color":"ABB8C2","profile_image_url":"http://pbs.twimg.com/profile_images/497397538308096001/jMJ6kt8c_normal.jpeg","following":false,"geo_enabled":false,"profile_banner_url":"https://pbs.twimg.com/profile_banners/265075984/1398322348","profile_background_image_url":"http://abs.twimg.com/images/themes/theme9/bg.gif","name":"Spill.The.News","lang":"en","profile_background_tile":false,"favourites_count":90,"screen_name":"spillthenews","notifications":false,"url":null,"created_at":"Sun Mar 13 00:10:11 +0000 2011","contributors_enabled":false,"time_zone":"Ljubljana","protected":false,"default_profile":false,"is_translator":false},"geo":null,"in_reply_to_user_id_str":"2566535282","possibly_sensitive":false,"lang":"en","created_at":"Sun Dec 14 23:32:55 +0000 2014","in_reply_to_status_id_str":"544273521472724992","place":null},
{"contributors":null,"truncated":false,"text":"@PzFeed @Smhfd","in_reply_to_status_id":544273220128739329,"id":544274044045254659,"favorite_count":0,"source":"<a href=\"http://twitter.com/download/iphone\" rel=\"nofollow\">Twitter for iPhone</a>","retweeted":false,"coordinates":null,"entities":{"symbols":[],"user_mentions":[{"id":292777349,"indices":[0,7],"id_str":"292777349","screen_name":"PzFeed","name":"PzFeed Top News"},{"id":47051236,"indices":[8,14],"id_str":"47051236","screen_name":"Smhfd","name":"♡ Steffie is God ♡"}],"hashtags":[],"urls":[]},"in_reply_to_screen_name":"PzFeed","id_str":"544274044045254659","retweet_count":0,"in_reply_to_user_id":292777349,"favorited":false,"user":{"follow_request_sent":false,"profile_use_background_image":false,"profile_text_color":"000000","default_profile_image":false,"id":462511443,"profile_background_image_url_https":"https://abs.twimg.com/images/themes/theme14/bg.gif","verified":false,"profile_location":null,"profile_image_url_https":"https://pbs.twimg.com/profile_images/535314789699178496/hnXLBSxt_normal.jpeg","profile_sidebar_fill_color":"000000","entities":{"description":{"urls":[]}},"followers_count":467,"profile_sidebar_border_color":"000000","id_str":"462511443","profile_background_color":"000000","listed_count":1,"is_translation_enabled":false,"utc_offset":-21600,"statuses_count":22156,"description":"#Trio @risk_nellis @riskasian","friends_count":232,"location":"","profile_link_color":"3B94D9","profile_image_url":"http://pbs.twimg.com/profile_images/535314789699178496/hnXLBSxt_normal.jpeg","following":false,"geo_enabled":false,"profile_banner_url":"https://pbs.twimg.com/profile_banners/462511443/1413789694","profile_background_image_url":"http://abs.twimg.com/images/themes/theme14/bg.gif","name":"Fluffy  ¯\\_(ツ)_/¯","lang":"en-gb","profile_background_tile":false,"favourites_count":5880,"screen_name":"RisK_Fluffy","notifications":false,"url":null,"created_at":"Fri Jan 13 01:17:38 +0000 2012","contributors_enabled":false,"time_zone":"Central America","protected":false,"default_profile":false,"is_translator":false},"geo":null,"in_reply_to_user_id_str":"292777349","lang":"und","created_at":"Sun Dec 14 23:33:38 +0000 2014","in_reply_to_status_id_str":"544273220128739329","place":null},
{"contributors":null,"truncated":false,"text":"@rConflictNews @PzFeed Its not ISIS flag its Jabhat-Al Nusra.","in_reply_to_status_id":544273521472724992,"id":544274074474909696,"favorite_count":1,"source":"<a href=\"http://twitter.com\" rel=\"nofollow\">Twitter Web Client</a>","retweeted":false,"coordinates":null,"entities":{"symbols":[],"user_mentions":[{"id":2566535282,"indices":[0,14],"id_str":"2566535282","screen_name":"rConflictNews","name":"Conflict News"},{"id":292777349,"indices":[15,22],"id_str":"292777349","screen_name":"PzFeed","name":"PzFeed Top News"}],"hashtags":[],"urls":[]},"in_reply_to_screen_name":"rConflictNews","id_str":"544274074474909696","retweet_count":0,"in_reply_to_user_id":2566535282,"favorited":false,"user":{"follow_request_sent":false,"profile_use_background_image":true,"profile_text_color":"333333","default_profile_image":false,"id":1408512746,"profile_background_image_url_https":"https://abs.twimg.com/images/themes/theme1/bg.png","verified":false,"profile_location":null,"profile_image_url_https":"https://pbs.twimg.com/profile_images/562411531908829188/SWIzGAwj_normal.jpeg","profile_sidebar_fill_color":"DDEEF6","entities":{"description":{"urls":[]}},"followers_count":172,"profile_sidebar_border_color":"C0DEED","id_str":"1408512746","profile_background_color":"C0DEED","listed_count":7,"is_translation_enabled":false,"utc_offset":0,"statuses_count":5683,"description":"","friends_count":200,"location":"","profile_link_color":"0084B4","profile_image_url":"http://pbs.twimg.com/profile_images/562411531908829188/SWIzGAwj_normal.jpeg","following":false,"geo_enabled":false,"profile_banner_url":"https://pbs.twimg.com/profile_banners/1408512746/1418361173","profile_background_image_url":"http://abs.twimg.com/images/themes/theme1/bg.png","name":"Flea1862","lang":"en","profile_background_tile":false,"favourites_count":720,"screen_name":"Flea1337","notifications":false,"url":null,"created_at":"Mon May 06 19:16:33 +0000 2013","contributors_enabled":false,"time_zone":"London","protected":false,"default_profile":true,"is_translator":false},"geo":null,"in_reply_to_user_id_str":"2566535282","lang":"en","created_at":"Sun Dec 14 23:33:46 +0000 2014","in_reply_to_status_id_str":"544273521472724992","place":null},
{"contributors":null,"truncated":false,"text":"\"@PzFeed: ISIS FLAG VISIBLE AS GUNMAN SEIZES SYDNEY CAFE, HOLDS HOSTAGES\"\n\nMad away day that","in_reply_to_status_id":544273220128739329,"id":544274098608943104,"favorite_count":22,"source":"<a href=\"http://twitter.com\" rel=\"nofollow\">Twitter Web Client</a>","retweeted":false,"coordinates":null,"entities":{"symbols":[],"user_mentions":[{"id":292777349,"indices":[1,8],"id_str":"292777349","screen_name":"PzFeed","name":"PzFeed Top News"}],"hashtags":[],"urls":[]},"in_reply_to_screen_name":"PzFeed","id_str":"544274098608943104","retweet_count":16,"in_reply_to_user_id":292777349,"favorited":false,"user":{"follow_request_sent":false,"profile_use_background_image":true,"profile_text_color":"333333","default_profile_image":false,"id":300418874,"profile_background_image_url_https":"https://abs.twimg.com/images/themes/theme14/bg.gif","verified":false,"profile_location":null,"profile_image_url_https":"https://pbs.twimg.com/profile_images/585203561669197824/tYk7pcwb_normal.jpg","profile_sidebar_fill_color":"EFEFEF","entities":{"description":{"urls":[]}},"followers_count":2554,"profile_sidebar_border_color":"EEEEEE","id_str":"300418874","profile_background_color":"131516","listed_count":2,"is_translation_enabled":false,"utc_offset":-28800,"statuses_count":28639,"description":".","friends_count":418,"location":"Liverpool","profile_link_color":"009999","profile_image_url":"http://pbs.twimg.com/profile_images/585203561669197824/tYk7pcwb_normal.jpg","following":false,"geo_enabled":true,"profile_banner_url":"https://pbs.twimg.com/profile_banners/300418874/1418866921","profile_background_image_url":"http://abs.twimg.com/images/themes/theme14/bg.gif","name":"Luke","lang":"en","profile_background_tile":true,"favourites_count":6871,"screen_name":"LukeA1993","notifications":false,"url":null,"created_at":"Tue May 17 18:44:17 +0000 2011","contributors_enabled":false,"time_zone":"Pacific Time (US & Canada)","protected":false,"default_profile":false,"is_translator":false},"geo":null,"in_reply_to_user_id_str":"292777349","lang":"en","created_at":"Sun Dec 14 23:33:51 +0000 2014","in_reply_to_status_id_str":"544273220128739329","place":null},
{"contributors":null,"truncated":false,"text":"@PzFeed Is it bad i automatically assumed that it was ISIS? But i was correct...","in_reply_to_status_id":544273220128739329,"id":544274124265517056,"favorite_count":0,"source":"<a href=\"http://twitter.com/download/iphone\" rel=\"nofollow\">Twitter for iPhone</a>","retweeted":false,"coordinates":null,"entities":{"symbols":[],"user_mentions":[{"id":292777349,"indices":[0,7],"id_str":"292777349","screen_name":"PzFeed","name":"PzFeed Top News"}],"hashtags":[],"urls":[]},"in_reply_to_screen_name":"PzFeed","id_str":"544274124265517056","retweet_count":0,"in_reply_to_user_id":292777349,"favorited":false,"user":{"follow_request_sent":false,"profile_use_background_image":true,"profile_text_color":"333333","default_profile_image":false,"id":949007618,"profile_background_image_url_https":"https://pbs.twimg.com/profile_background_images/451191079845363713/V8q8Aj2l.jpeg","verified":false,"profile_location":null,"profile_image_url_https":"https://pbs.twimg.com/profile_images/545093168774258688/ok_aLOX9_normal.jpeg","profile_sidebar_fill_color":"DDEEF6","entities":{"description":{"urls":[]}},"followers_count":807,"profile_sidebar_border_color":"FFFFFF","id_str":"949007618","profile_background_color":"C0DEED","listed_count":7,"is_translation_enabled":false,"utc_offset":-18000,"statuses_count":15612,"description":"#Anchored4LIFE #YNWA #LFCFollowBack","friends_count":1642,"location":"Tennessee","profile_link_color":"0084B4","profile_image_url":"http://pbs.twimg.com/profile_images/545093168774258688/ok_aLOX9_normal.jpeg","following":false,"geo_enabled":false,"profile_banner_url":"https://pbs.twimg.com/profile_banners/949007618/1418495193","profile_background_image_url":"http://pbs.twimg.com/profile_background_images/451191079845363713/V8q8Aj2l.jpeg","name":"7-2","lang":"en","profile_background_tile":true,"favourites_count":19698,"screen_name":"EspanaDore","notifications":false,"url":null,"created_at":"Thu Nov 15 03:54:09 +0000 2012","contributors_enabled":false,"time_zone":"Eastern Time (US & Canada)","protected":false,"default_profile":false,"is_translator":false},"geo":null,"in_reply_to_user_id_str":"292777349","lang":"en","created_at":"Sun Dec 14 23:33:58 +0000 2014","in_reply_to_status_id_str":"544273220128739329","place":null},
{"contributors":null,"truncated":false,"text":"@LukeA1993 @PzFeed No Isis No Party","in_reply_to_status_id":544274098608943104,"id":544275015529930754,"favorite_count":2,"source":"<a href=\"http://twitter.com/download/android\" rel=\"nofollow\">Twitter for Android</a>","retweeted":false,"coordinates":null,"entities":{"symbols":[],"user_mentions":[{"id":300418874,"indices":[0,10],"id_str":"300418874","screen_name":"LukeA1993","name":"Luke"},{"id":292777349,"indices":[11,18],"id_str":"292777349","screen_name":"PzFeed","name":"PzFeed Top News"}],"hashtags":[],"urls":[]},"in_reply_to_screen_name":"LukeA1993","id_str":"544275015529930754","retweet_count":0,"in_reply_to_user_id":300418874,"favorited":false,"user":{"follow_request_sent":false,"profile_use_background_image":true,"profile_text_color":"333333","default_profile_image":false,"id":607034515,"profile_background_image_url_https":"https://pbs.twimg.com/profile_background_images/378800000076686503/ca6ecface674aef228ebd31bea461314.jpeg","verified":false,"profile_location":null,"profile_image_url_https":"https://pbs.twimg.com/profile_images/590054830724493312/yfzcON5f_normal.jpg","profile_sidebar_fill_color":"DDEEF6","entities":{"url":{"urls":[{"url":"https://t.co/Opt8KAt2hy","indices":[0,23],"expanded_url":"https://www.facebook.com/WeLoveMCFC","display_url":"facebook.com/WeLoveMCFC"}]},"description":{"urls":[]}},"followers_count":4551,"profile_sidebar_border_color":"FFFFFF","id_str":"607034515","profile_background_color":"C0DEED","listed_count":23,"is_translation_enabled":false,"utc_offset":0,"statuses_count":55471,"description":"♥ MCFC , Green Bay Packers ,Boston Red Sox , Oasis , The Stone Roses , Nirvana , Pizza , Oreos , KFC , Hayden Panettiere, Taylor Swift & Jennifer Lawrence","friends_count":1826,"location":"Wherever MCFC are playing","profile_link_color":"0084B4","profile_image_url":"http://pbs.twimg.com/profile_images/590054830724493312/yfzcON5f_normal.jpg","following":false,"geo_enabled":true,"profile_banner_url":"https://pbs.twimg.com/profile_banners/607034515/1418250377","profile_background_image_url":"http://pbs.twimg.com/profile_background_images/378800000076686503/ca6ecface674aef228ebd31bea461314.jpeg","name":"ManCityArmy1894","lang":"en","profile_background_tile":true,"favourites_count":25900,"screen_name":"ManCityArmy1894","notifications":false,"url":"https://t.co/Opt8KAt2hy","created_at":"Wed Jun 13 08:52:49 +0000 2012","contributors_enabled":false,"time_zone":"Casablanca","protected":false,"default_profile":false,"is_translator":false},"geo":null,"in_reply_to_user_id_str":"300418874","lang":"en","created_at":"Sun Dec 14 23:37:30 +0000 2014","in_reply_to_status_id_str":"544274098608943104","place":null},
{"contributors":null,"truncated":false,"text":"“@Marijana_xox: 😩😩😩 “@PzFeed: ISIS FLAG VISIBLE AS GUNMAN SEIZES SYDNEY CAFE, HOLDS HOSTAGES”” 🙊 be safe mate!","in_reply_to_status_id":544273477625057281,"id":544279590869680129,"favorite_count":0,"source":"<a href=\"http://twitter.com/download/iphone\" rel=\"nofollow\">Twitter for iPhone</a>","retweeted":false,"coordinates":null,"entities":{"symbols":[],"user_mentions":[{"id":499568043,"indices":[1,14],"id_str":"499568043","screen_name":"Marijana_xox","name":"MaRi."},{"id":292777349,"indices":[21,28],"id_str":"292777349","screen_name":"PzFeed","name":"PzFeed Top News"}],"hashtags":[],"urls":[]},"in_reply_to_screen_name":"Marijana_xox","id_str":"544279590869680129","retweet_count":0,"in_reply_to_user_id":499568043,"favorited":false,"user":{"follow_request_sent":false,"profile_use_background_image":true,"profile_text_color":"3C3940","default_profile_image":false,"id":24919031,"profile_background_image_url_https":"https://abs.twimg.com/images/themes/theme4/bg.gif","verified":false,"profile_location":null,"profile_image_url_https":"https://pbs.twimg.com/profile_images/581938456101855232/AHD2Uu8F_normal.jpg","profile_sidebar_fill_color":"95E8EC","entities":{"description":{"urls":[]}},"followers_count":212,"profile_sidebar_border_color":"5ED4DC","id_str":"24919031","profile_background_color":"0099B9","listed_count":3,"is_translation_enabled":false,"utc_offset":-18000,"statuses_count":16184,"description":"AG-GIE PRIDE!!!","friends_count":295,"location":"2 planets away","profile_link_color":"0099B9","profile_image_url":"http://pbs.twimg.com/profile_images/581938456101855232/AHD2Uu8F_normal.jpg","following":false,"geo_enabled":true,"profile_banner_url":"https://pbs.twimg.com/profile_banners/24919031/1406650210","profile_background_image_url":"http://abs.twimg.com/images/themes/theme4/bg.gif","name":"Kawana. F.$.S.L.","lang":"en","profile_background_tile":false,"favourites_count":1894,"screen_name":"coo_bear","notifications":false,"url":null,"created_at":"Tue Mar 17 17:40:26 +0000 2009","contributors_enabled":false,"time_zone":"Eastern Time (US & Canada)","protected":false,"default_profile":false,"is_translator":false},"geo":null,"in_reply_to_user_id_str":"499568043","lang":"en","created_at":"Sun Dec 14 23:55:41 +0000 2014","in_reply_to_status_id_str":"544273477625057281","place":null},
{"contributors":null,"truncated":false,"text":"@PzFeed not ISIS flag. Stop with the wrong information","in_reply_to_status_id":544273220128739329,"id":544281072968945664,"favorite_count":1,"source":"<a href=\"http://twitter.com/download/iphone\" rel=\"nofollow\">Twitter for iPhone</a>","retweeted":false,"coordinates":null,"entities":{"symbols":[],"user_mentions":[{"id":292777349,"indices":[0,7],"id_str":"292777349","screen_name":"PzFeed","name":"PzFeed Top News"}],"hashtags":[],"urls":[]},"in_reply_to_screen_name":"PzFeed","id_str":"544281072968945664","retweet_count":0,"in_reply_to_user_id":292777349,"favorited":false,"user":{"follow_request_sent":false,"profile_use_background_image":true,"profile_text_color":"333333","default_profile_image":false,"id":16344352,"profile_background_image_url_https":"https://abs.twimg.com/images/themes/theme18/bg.gif","verified":false,"profile_location":null,"profile_image_url_https":"https://pbs.twimg.com/profile_images/430539689699721217/x9D8adc1_normal.jpeg","profile_sidebar_fill_color":"F6F6F6","entities":{"description":{"urls":[]}},"followers_count":646,"profile_sidebar_border_color":"EEEEEE","id_str":"16344352","profile_background_color":"ACDED6","listed_count":15,"is_translation_enabled":false,"utc_offset":-18000,"statuses_count":21215,"description":"I bake, watch sport and listen to unpopular types of music.","friends_count":1839,"location":"New York via Adelaide","profile_link_color":"038543","profile_image_url":"http://pbs.twimg.com/profile_images/430539689699721217/x9D8adc1_normal.jpeg","following":false,"geo_enabled":false,"profile_banner_url":"https://pbs.twimg.com/profile_banners/16344352/1379222551","profile_background_image_url":"http://abs.twimg.com/images/themes/theme18/bg.gif","name":"Jessica","lang":"en","profile_background_tile":false,"favourites_count":701,"screen_name":"jesskmcq","notifications":false,"url":null,"created_at":"Thu Sep 18 07:58:28 +0000 2008","contributors_enabled":false,"time_zone":"America/New_York","protected":false,"default_profile":false,"is_translator":false},"geo":null,"in_reply_to_user_id_str":"292777349","lang":"en","created_at":"Mon Dec 15 00:01:34 +0000 2014","in_reply_to_status_id_str":"544273220128739329","place":null},
{"contributors":null,"truncated":false,"text":"“@PzFeed: ISIS FLAG VISIBLE AS GUNMAN SEIZES SYDNEY CAFE, HOLDS HOSTAGES” @JusticeRivera21 😳😳","in_reply_to_status_id":544273220128739329,"id":544286952095502336,"favorite_count":0,"source":"<a href=\"http://twitter.com/download/iphone\" rel=\"nofollow\">Twitter for iPhone</a>","retweeted":false,"coordinates":null,"entities":{"symbols":[],"user_mentions":[{"id":292777349,"indices":[1,8],"id_str":"292777349","screen_name":"PzFeed","name":"PzFeed Top News"},{"id":2758925727,"indices":[74,90],"id_str":"2758925727","screen_name":"JusticeRivera21","name":"Me, Myself, and I"}],"hashtags":[],"urls":[]},"in_reply_to_screen_name":"PzFeed","id_str":"544286952095502336","retweet_count":0,"in_reply_to_user_id":292777349,"favorited":false,"user":{"follow_request_sent":false,"profile_use_background_image":false,"profile_text_color":"000000","default_profile_image":false,"id":713434534,"profile_background_image_url_https":"https://abs.twimg.com/images/themes/theme1/bg.png","verified":false,"profile_location":null,"profile_image_url_https":"https://pbs.twimg.com/profile_images/545079363163930624/LtpVrR3U_normal.jpeg","profile_sidebar_fill_color":"000000","entities":{"description":{"urls":[{"url":"https://t.co/E9fnWnwoKi","indices":[42,65],"expanded_url":"https://twitter.com/calsdiscostick/status/518772084617777156","display_url":"twitter.com/calsdiscostick…"}]}},"followers_count":1388,"profile_sidebar_border_color":"000000","id_str":"713434534","profile_background_color":"000000","listed_count":7,"is_translation_enabled":false,"utc_offset":-18000,"statuses_count":17953,"description":"stressed, depressed, and not well dressed https://t.co/E9fnWnwoKi","friends_count":236,"location":"lmao/4 lololol/5","profile_link_color":"ABB8C2","profile_image_url":"http://pbs.twimg.com/profile_images/545079363163930624/LtpVrR3U_normal.jpeg","following":false,"geo_enabled":false,"profile_banner_url":"https://pbs.twimg.com/profile_banners/713434534/1418839390","profile_background_image_url":"http://abs.twimg.com/images/themes/theme1/bg.png","name":"lucas,,!","lang":"en","profile_background_tile":false,"favourites_count":12663,"screen_name":"calsdiscostick","notifications":false,"url":null,"created_at":"Sun Oct 13 21:25:57 +0000 2013","contributors_enabled":false,"time_zone":"Eastern Time (US & Canada)","protected":false,"default_profile":false,"is_translator":false},"geo":null,"in_reply_to_user_id_str":"292777349","lang":"en","created_at":"Mon Dec 15 00:24:56 +0000 2014","in_reply_to_status_id_str":"544273220128739329","place":null},
{"contributors":null,"truncated":false,"text":"@calsdiscostick thank you for tagging me in this. I'll look into it. We'll talk about it tomorrow","in_reply_to_status_id":544286952095502336,"id":544316050670882816,"favorite_count":1,"source":"<a href=\"http://twitter.com/download/iphone\" rel=\"nofollow\">Twitter for iPhone</a>","retweeted":false,"coordinates":null,"entities":{"symbols":[],"user_mentions":[{"id":713434534,"indices":[0,15],"id_str":"713434534","screen_name":"calsdiscostick","name":"calum,,! :)):"}],"hashtags":[],"urls":[]},"in_reply_to_screen_name":"calsdiscostick","id_str":"544316050670882816","retweet_count":0,"in_reply_to_user_id":713434534,"favorited":false,"user":{"follow_request_sent":false,"profile_use_background_image":true,"profile_text_color":"333333","default_profile_image":false,"id":2758925727,"profile_background_image_url_https":"https://abs.twimg.com/images/themes/theme1/bg.png","verified":false,"profile_location":null,"profile_image_url_https":"https://pbs.twimg.com/profile_images/589637404505538561/X_xw9s1r_normal.jpg","profile_sidebar_fill_color":"DDEEF6","entities":{"description":{"urls":[]}},"followers_count":390,"profile_sidebar_border_color":"C0DEED","id_str":"2758925727","profile_background_color":"C0DEED","listed_count":1,"is_translation_enabled":false,"utc_offset":null,"statuses_count":2113,"description":"I may be a psycopath... or maybe just gay. i will NOT eat your soul. Imma still fuck you up if you talk shit tho MobWives is BAE","friends_count":941,"location":"","profile_link_color":"0084B4","profile_image_url":"http://pbs.twimg.com/profile_images/589637404505538561/X_xw9s1r_normal.jpg","following":false,"geo_enabled":false,"profile_banner_url":"https://pbs.twimg.com/profile_banners/2758925727/1418070896","profile_background_image_url":"http://abs.twimg.com/images/themes/theme1/bg.png","name":"Me, Myself, and I","lang":"en","profile_background_tile":false,"favourites_count":1205,"screen_name":"JusticeRivera21","notifications":false,"url":null,"created_at":"Tue Sep 02 03:35:05 +0000 2014","contributors_enabled":false,"time_zone":null,"protected":false,"default_profile":true,"is_translator":false},"geo":null,"in_reply_to_user_id_str":"713434534","lang":"en","created_at":"Mon Dec 15 02:20:34 +0000 2014","in_reply_to_status_id_str":"544286952095502336","place":null},
{"contributors":null,"truncated":false,"text":"@JusticeRivera21 💓","in_reply_to_status_id":544316050670882816,"id":544318183948443649,"favorite_count":1,"source":"<a href=\"http://twitter.com/download/iphone\" rel=\"nofollow\">Twitter for iPhone</a>","retweeted":false,"coordinates":null,"entities":{"symbols":[],"user_mentions":[{"id":2758925727,"indices":[0,16],"id_str":"2758925727","screen_name":"JusticeRivera21","name":"Me, Myself, and I"}],"hashtags":[],"urls":[]},"in_reply_to_screen_name":"JusticeRivera21","id_str":"544318183948443649","retweet_count":0,"in_reply_to_user_id":2758925727,"favorited":false,"user":{"follow_request_sent":false,"profile_use_background_image":false,"profile_text_color":"000000","default_profile_image":false,"id":713434534,"profile_background_image_url_https":"https://abs.twimg.com/images/themes/theme1/bg.png","verified":false,"profile_location":null,"profile_image_url_https":"https://pbs.twimg.com/profile_images/545079363163930624/LtpVrR3U_normal.jpeg","profile_sidebar_fill_color":"000000","entities":{"description":{"urls":[{"url":"https://t.co/E9fnWnwoKi","indices":[42,65],"expanded_url":"https://twitter.com/calsdiscostick/status/518772084617777156","display_url":"twitter.com/calsdiscostick…"}]}},"followers_count":1388,"profile_sidebar_border_color":"000000","id_str":"713434534","profile_background_color":"000000","listed_count":7,"is_translation_enabled":false,"utc_offset":-18000,"statuses_count":17953,"description":"stressed, depressed, and not well dressed https://t.co/E9fnWnwoKi","friends_count":236,"location":"lmao/4 lololol/5","profile_link_color":"ABB8C2","profile_image_url":"http://pbs.twimg.com/profile_images/545079363163930624/LtpVrR3U_normal.jpeg","following":false,"geo_enabled":false,"profile_banner_url":"https://pbs.twimg.com/profile_banners/713434534/1418839390","profile_background_image_url":"http://abs.twimg.com/images/themes/theme1/bg.png","name":"lucas,,!","lang":"en","profile_background_tile":false,"favourites_count":12663,"screen_name":"calsdiscostick","notifications":false,"url":null,"created_at":"Sun Oct 13 21:25:57 +0000 2013","contributors_enabled":false,"time_zone":"Eastern Time (US & Canada)","protected":false,"default_profile":false,"is_translator":false},"geo":null,"in_reply_to_user_id_str":"2758925727","lang":"und","created_at":"Mon Dec 15 02:29:02 +0000 2014","in_reply_to_status_id_str":"544316050670882816","place":null},
{"contributors":null,"truncated":false,"text":"@calsdiscostick oh shit man I'm looking into in and it's not good","in_reply_to_status_id":544318183948443649,"id":544318314659721216,"favorite_count":1,"source":"<a href=\"http://twitter.com/download/iphone\" rel=\"nofollow\">Twitter for iPhone</a>","retweeted":false,"coordinates":null,"entities":{"symbols":[],"user_mentions":[{"id":713434534,"indices":[0,15],"id_str":"713434534","screen_name":"calsdiscostick","name":"lucas,,!"}],"hashtags":[],"urls":[]},"in_reply_to_screen_name":"calsdiscostick","id_str":"544318314659721216","retweet_count":0,"in_reply_to_user_id":713434534,"favorited":false,"user":{"follow_request_sent":false,"profile_use_background_image":true,"profile_text_color":"333333","default_profile_image":false,"id":2758925727,"profile_background_image_url_https":"https://abs.twimg.com/images/themes/theme1/bg.png","verified":false,"profile_location":null,"profile_image_url_https":"https://pbs.twimg.com/profile_images/589637404505538561/X_xw9s1r_normal.jpg","profile_sidebar_fill_color":"DDEEF6","entities":{"description":{"urls":[]}},"followers_count":390,"profile_sidebar_border_color":"C0DEED","id_str":"2758925727","profile_background_color":"C0DEED","listed_count":1,"is_translation_enabled":false,"utc_offset":null,"statuses_count":2112,"description":"I may be a psycopath... or maybe just gay. i will NOT eat your soul. Imma still fuck you up if you talk shit tho MobWives is BAE","friends_count":942,"location":"","profile_link_color":"0084B4","profile_image_url":"http://pbs.twimg.com/profile_images/589637404505538561/X_xw9s1r_normal.jpg","following":false,"geo_enabled":false,"profile_banner_url":"https://pbs.twimg.com/profile_banners/2758925727/1418070896","profile_background_image_url":"http://abs.twimg.com/images/themes/theme1/bg.png","name":"Me, Myself, and I","lang":"en","profile_background_tile":false,"favourites_count":1205,"screen_name":"JusticeRivera21","notifications":false,"url":null,"created_at":"Tue Sep 02 03:35:05 +0000 2014","contributors_enabled":false,"time_zone":null,"protected":false,"default_profile":true,"is_translator":false},"geo":null,"in_reply_to_user_id_str":"713434534","lang":"en","created_at":"Mon Dec 15 02:29:33 +0000 2014","in_reply_to_status_id_str":"544318183948443649","place":null},
{"contributors":null,"truncated":false,"text":"@JusticeRivera21 I know it's fucking crazy. But they haven't confirmed that the flags represent or relate to isis","in_reply_to_status_id":544318314659721216,"id":544319232994197506,"favorite_count":1,"source":"<a href=\"http://twitter.com/download/iphone\" rel=\"nofollow\">Twitter for iPhone</a>","retweeted":false,"coordinates":null,"entities":{"symbols":[],"user_mentions":[{"id":2758925727,"indices":[0,16],"id_str":"2758925727","screen_name":"JusticeRivera21","name":"Me, Myself, and I"}],"hashtags":[],"urls":[]},"in_reply_to_screen_name":"JusticeRivera21","id_str":"544319232994197506","retweet_count":0,"in_reply_to_user_id":2758925727,"favorited":false,"user":{"follow_request_sent":false,"profile_use_background_image":false,"profile_text_color":"000000","default_profile_image":false,"id":713434534,"profile_background_image_url_https":"https://abs.twimg.com/images/themes/theme1/bg.png","verified":false,"profile_location":null,"profile_image_url_https":"https://pbs.twimg.com/profile_images/545079363163930624/LtpVrR3U_normal.jpeg","profile_sidebar_fill_color":"000000","entities":{"description":{"urls":[{"url":"https://t.co/E9fnWnwoKi","indices":[42,65],"expanded_url":"https://twitter.com/calsdiscostick/status/518772084617777156","display_url":"twitter.com/calsdiscostick…"}]}},"followers_count":1390,"profile_sidebar_border_color":"000000","id_str":"713434534","profile_background_color":"000000","listed_count":7,"is_translation_enabled":false,"utc_offset":-18000,"statuses_count":17959,"description":"stressed, depressed, and not well dressed https://t.co/E9fnWnwoKi","friends_count":238,"location":"lmao/4 lololol/5","profile_link_color":"ABB8C2","profile_image_url":"http://pbs.twimg.com/profile_images/545079363163930624/LtpVrR3U_normal.jpeg","following":false,"geo_enabled":false,"profile_banner_url":"https://pbs.twimg.com/profile_banners/713434534/1418839390","profile_background_image_url":"http://abs.twimg.com/images/themes/theme1/bg.png","name":"lucas,,!","lang":"en","profile_background_tile":false,"favourites_count":12679,"screen_name":"calsdiscostick","notifications":false,"url":null,"created_at":"Sun Oct 13 21:25:57 +0000 2013","contributors_enabled":false,"time_zone":"Eastern Time (US & Canada)","protected":false,"default_profile":false,"is_translator":false},"geo":null,"in_reply_to_user_id_str":"2758925727","lang":"en","created_at":"Mon Dec 15 02:33:12 +0000 2014","in_reply_to_status_id_str":"544318314659721216","place":null},
{"contributors":null,"truncated":false,"text":"@calsdiscostick they said it connects to the Islamic state","in_reply_to_status_id":544319232994197506,"id":544319371292983297,"favorite_count":1,"source":"<a href=\"http://twitter.com/download/iphone\" rel=\"nofollow\">Twitter for iPhone</a>","retweeted":false,"coordinates":null,"entities":{"symbols":[],"user_mentions":[{"id":713434534,"indices":[0,15],"id_str":"713434534","screen_name":"calsdiscostick","name":"lucas,,!"}],"hashtags":[],"urls":[]},"in_reply_to_screen_name":"calsdiscostick","id_str":"544319371292983297","retweet_count":0,"in_reply_to_user_id":713434534,"favorited":false,"user":{"follow_request_sent":false,"profile_use_background_image":true,"profile_text_color":"333333","default_profile_image":false,"id":2758925727,"profile_background_image_url_https":"https://abs.twimg.com/images/themes/theme1/bg.png","verified":false,"profile_location":null,"profile_image_url_https":"https://pbs.twimg.com/profile_images/589637404505538561/X_xw9s1r_normal.jpg","profile_sidebar_fill_color":"DDEEF6","entities":{"description":{"urls":[]}},"followers_count":390,"profile_sidebar_border_color":"C0DEED","id_str":"2758925727","profile_background_color":"C0DEED","listed_count":1,"is_translation_enabled":false,"utc_offset":null,"statuses_count":2112,"description":"I may be a psycopath... or maybe just gay. i will NOT eat your soul. Imma still fuck you up if you talk shit tho MobWives is BAE","friends_count":942,"location":"","profile_link_color":"0084B4","profile_image_url":"http://pbs.twimg.com/profile_images/589637404505538561/X_xw9s1r_normal.jpg","following":false,"geo_enabled":false,"profile_banner_url":"https://pbs.twimg.com/profile_banners/2758925727/1418070896","profile_background_image_url":"http://abs.twimg.com/images/themes/theme1/bg.png","name":"Me, Myself, and I","lang":"en","profile_background_tile":false,"favourites_count":1205,"screen_name":"JusticeRivera21","notifications":false,"url":null,"created_at":"Tue Sep 02 03:35:05 +0000 2014","contributors_enabled":false,"time_zone":null,"protected":false,"default_profile":true,"is_translator":false},"geo":null,"in_reply_to_user_id_str":"713434534","lang":"en","created_at":"Mon Dec 15 02:33:45 +0000 2014","in_reply_to_status_id_str":"544319232994197506","place":null},
{"contributors":null,"truncated":false,"text":"@calsdiscostick http://t.co/U86mp9QSdZ","in_reply_to_status_id":544319232994197506,"id":544319500796329984,"favorite_count":1,"source":"<a href=\"http://twitter.com/download/iphone\" rel=\"nofollow\">Twitter for iPhone</a>","retweeted":false,"coordinates":null,"entities":{"symbols":[],"user_mentions":[{"id":713434534,"indices":[0,15],"id_str":"713434534","screen_name":"calsdiscostick","name":"calum,,! :)):"}],"hashtags":[],"urls":[],"media":[{"expanded_url":"http://twitter.com/JusticeRivera21/status/544319500796329984/photo/1","display_url":"pic.twitter.com/U86mp9QSdZ","url":"http://t.co/U86mp9QSdZ","media_url_https":"https://pbs.twimg.com/media/B43Psl3CIAAdU11.jpg","id_str":"544319494965829632","sizes":{"small":{"h":340,"resize":"fit","w":340},"large":{"h":612,"resize":"fit","w":612},"medium":{"h":600,"resize":"fit","w":600},"thumb":{"h":150,"resize":"crop","w":150}},"indices":[16,38],"type":"photo","id":544319494965829632,"media_url":"http://pbs.twimg.com/media/B43Psl3CIAAdU11.jpg"}]},"in_reply_to_screen_name":"calsdiscostick","id_str":"544319500796329984","retweet_count":0,"in_reply_to_user_id":713434534,"favorited":false,"user":{"follow_request_sent":false,"profile_use_background_image":true,"profile_text_color":"333333","default_profile_image":false,"id":2758925727,"profile_background_image_url_https":"https://abs.twimg.com/images/themes/theme1/bg.png","verified":false,"profile_location":null,"profile_image_url_https":"https://pbs.twimg.com/profile_images/589637404505538561/X_xw9s1r_normal.jpg","profile_sidebar_fill_color":"DDEEF6","entities":{"description":{"urls":[]}},"followers_count":390,"profile_sidebar_border_color":"C0DEED","id_str":"2758925727","profile_background_color":"C0DEED","listed_count":1,"is_translation_enabled":false,"utc_offset":null,"statuses_count":2112,"description":"I may be a psycopath... or maybe just gay. i will NOT eat your soul. Imma still fuck you up if you talk shit tho MobWives is BAE","friends_count":942,"location":"","profile_link_color":"0084B4","profile_image_url":"http://pbs.twimg.com/profile_images/589637404505538561/X_xw9s1r_normal.jpg","following":false,"geo_enabled":false,"profile_banner_url":"https://pbs.twimg.com/profile_banners/2758925727/1418070896","profile_background_image_url":"http://abs.twimg.com/images/themes/theme1/bg.png","name":"Me, Myself, and I","lang":"en","profile_background_tile":false,"favourites_count":1205,"screen_name":"JusticeRivera21","notifications":false,"url":null,"created_at":"Tue Sep 02 03:35:05 +0000 2014","contributors_enabled":false,"time_zone":null,"protected":false,"default_profile":true,"is_translator":false},"geo":null,"in_reply_to_user_id_str":"713434534","possibly_sensitive":false,"lang":"und","created_at":"Mon Dec 15 02:34:16 +0000 2014","in_reply_to_status_id_str":"544319232994197506","place":null,"extended_entities":{"media":[{"expanded_url":"http://twitter.com/JusticeRivera21/status/544319500796329984/photo/1","display_url":"pic.twitter.com/U86mp9QSdZ","url":"http://t.co/U86mp9QSdZ","media_url_https":"https://pbs.twimg.com/media/B43Psl3CIAAdU11.jpg","id_str":"544319494965829632","sizes":{"small":{"h":340,"resize":"fit","w":340},"large":{"h":612,"resize":"fit","w":612},"medium":{"h":600,"resize":"fit","w":600},"thumb":{"h":150,"resize":"crop","w":150}},"indices":[16,38],"type":"photo","id":544319494965829632,"media_url":"http://pbs.twimg.com/media/B43Psl3CIAAdU11.jpg"}]}},
{"contributors":null,"truncated":false,"text":"@calsdiscostick sucks that Mrs. JD don't got a Twitter","in_reply_to_status_id":544319232994197506,"id":544319594845175808,"favorite_count":1,"source":"<a href=\"http://twitter.com/download/iphone\" rel=\"nofollow\">Twitter for iPhone</a>","retweeted":false,"coordinates":null,"entities":{"symbols":[],"user_mentions":[{"id":713434534,"indices":[0,15],"id_str":"713434534","screen_name":"calsdiscostick","name":"calum,,! :((:"}],"hashtags":[],"urls":[]},"in_reply_to_screen_name":"calsdiscostick","id_str":"544319594845175808","retweet_count":0,"in_reply_to_user_id":713434534,"favorited":false,"user":{"follow_request_sent":false,"profile_use_background_image":true,"profile_text_color":"333333","default_profile_image":false,"id":2758925727,"profile_background_image_url_https":"https://abs.twimg.com/images/themes/theme1/bg.png","verified":false,"profile_location":null,"profile_image_url_https":"https://pbs.twimg.com/profile_images/589637404505538561/X_xw9s1r_normal.jpg","profile_sidebar_fill_color":"DDEEF6","entities":{"description":{"urls":[]}},"followers_count":390,"profile_sidebar_border_color":"C0DEED","id_str":"2758925727","profile_background_color":"C0DEED","listed_count":1,"is_translation_enabled":false,"utc_offset":null,"statuses_count":2112,"description":"I may be a psycopath... or maybe just gay. i will NOT eat your soul. Imma still fuck you up if you talk shit tho MobWives is BAE","friends_count":942,"location":"","profile_link_color":"0084B4","profile_image_url":"http://pbs.twimg.com/profile_images/589637404505538561/X_xw9s1r_normal.jpg","following":false,"geo_enabled":false,"profile_banner_url":"https://pbs.twimg.com/profile_banners/2758925727/1418070896","profile_background_image_url":"http://abs.twimg.com/images/themes/theme1/bg.png","name":"Me, Myself, and I","lang":"en","profile_background_tile":false,"favourites_count":1205,"screen_name":"JusticeRivera21","notifications":false,"url":null,"created_at":"Tue Sep 02 03:35:05 +0000 2014","contributors_enabled":false,"time_zone":null,"protected":false,"default_profile":true,"is_translator":false},"geo":null,"in_reply_to_user_id_str":"713434534","lang":"en","created_at":"Mon Dec 15 02:34:39 +0000 2014","in_reply_to_status_id_str":"544319232994197506","place":null},
{"contributors":null,"truncated":false,"text":"@JusticeRivera21 I know but not Isis 100%","in_reply_to_status_id":544319371292983297,"id":544319868078915584,"favorite_count":1,"source":"<a href=\"http://twitter.com/download/iphone\" rel=\"nofollow\">Twitter for iPhone</a>","retweeted":false,"coordinates":null,"entities":{"symbols":[],"user_mentions":[{"id":2758925727,"indices":[0,16],"id_str":"2758925727","screen_name":"JusticeRivera21","name":"Me, Myself, and I"}],"hashtags":[],"urls":[]},"in_reply_to_screen_name":"JusticeRivera21","id_str":"544319868078915584","retweet_count":0,"in_reply_to_user_id":2758925727,"favorited":false,"user":{"follow_request_sent":false,"profile_use_background_image":false,"profile_text_color":"000000","default_profile_image":false,"id":713434534,"profile_background_image_url_https":"https://abs.twimg.com/images/themes/theme1/bg.png","verified":false,"profile_location":null,"profile_image_url_https":"https://pbs.twimg.com/profile_images/545079363163930624/LtpVrR3U_normal.jpeg","profile_sidebar_fill_color":"000000","entities":{"description":{"urls":[{"url":"https://t.co/E9fnWnwoKi","indices":[42,65],"expanded_url":"https://twitter.com/calsdiscostick/status/518772084617777156","display_url":"twitter.com/calsdiscostick…"}]}},"followers_count":1390,"profile_sidebar_border_color":"000000","id_str":"713434534","profile_background_color":"000000","listed_count":7,"is_translation_enabled":false,"utc_offset":-18000,"statuses_count":17959,"description":"stressed, depressed, and not well dressed https://t.co/E9fnWnwoKi","friends_count":238,"location":"lmao/4 lololol/5","profile_link_color":"ABB8C2","profile_image_url":"http://pbs.twimg.com/profile_images/545079363163930624/LtpVrR3U_normal.jpeg","following":false,"geo_enabled":false,"profile_banner_url":"https://pbs.twimg.com/profile_banners/713434534/1418839390","profile_background_image_url":"http://abs.twimg.com/images/themes/theme1/bg.png","name":"lucas,,!","lang":"en","profile_background_tile":false,"favourites_count":12679,"screen_name":"calsdiscostick","notifications":false,"url":null,"created_at":"Sun Oct 13 21:25:57 +0000 2013","contributors_enabled":false,"time_zone":"Eastern Time (US & Canada)","protected":false,"default_profile":false,"is_translator":false},"geo":null,"in_reply_to_user_id_str":"2758925727","lang":"en","created_at":"Mon Dec 15 02:35:44 +0000 2014","in_reply_to_status_id_str":"544319371292983297","place":null},
{"contributors":null,"truncated":false,"text":"@JusticeRivera21 word","in_reply_to_status_id":544319594845175808,"id":544319892498182145,"favorite_count":1,"source":"<a href=\"http://twitter.com/download/iphone\" rel=\"nofollow\">Twitter for iPhone</a>","retweeted":false,"coordinates":null,"entities":{"symbols":[],"user_mentions":[{"id":2758925727,"indices":[0,16],"id_str":"2758925727","screen_name":"JusticeRivera21","name":"Me, Myself, and I"}],"hashtags":[],"urls":[]},"in_reply_to_screen_name":"JusticeRivera21","id_str":"544319892498182145","retweet_count":0,"in_reply_to_user_id":2758925727,"favorited":false,"user":{"follow_request_sent":false,"profile_use_background_image":false,"profile_text_color":"000000","default_profile_image":false,"id":713434534,"profile_background_image_url_https":"https://abs.twimg.com/images/themes/theme1/bg.png","verified":false,"profile_location":null,"profile_image_url_https":"https://pbs.twimg.com/profile_images/545079363163930624/LtpVrR3U_normal.jpeg","profile_sidebar_fill_color":"000000","entities":{"description":{"urls":[{"url":"https://t.co/E9fnWnwoKi","indices":[42,65],"expanded_url":"https://twitter.com/calsdiscostick/status/518772084617777156","display_url":"twitter.com/calsdiscostick…"}]}},"followers_count":1390,"profile_sidebar_border_color":"000000","id_str":"713434534","profile_background_color":"000000","listed_count":7,"is_translation_enabled":false,"utc_offset":-18000,"statuses_count":17959,"description":"stressed, depressed, and not well dressed https://t.co/E9fnWnwoKi","friends_count":238,"location":"lmao/4 lololol/5","profile_link_color":"ABB8C2","profile_image_url":"http://pbs.twimg.com/profile_images/545079363163930624/LtpVrR3U_normal.jpeg","following":false,"geo_enabled":false,"profile_banner_url":"https://pbs.twimg.com/profile_banners/713434534/1418839390","profile_background_image_url":"http://abs.twimg.com/images/themes/theme1/bg.png","name":"lucas,,!","lang":"en","profile_background_tile":false,"favourites_count":12679,"screen_name":"calsdiscostick","notifications":false,"url":null,"created_at":"Sun Oct 13 21:25:57 +0000 2013","contributors_enabled":false,"time_zone":"Eastern Time (US & Canada)","protected":false,"default_profile":false,"is_translator":false},"geo":null,"in_reply_to_user_id_str":"2758925727","lang":"en","created_at":"Mon Dec 15 02:35:50 +0000 2014","in_reply_to_status_id_str":"544319594845175808","place":null},
{"contributors":null,"truncated":false,"text":"@calsdiscostick true true","in_reply_to_status_id":544319868078915584,"id":544319962006183936,"favorite_count":1,"source":"<a href=\"http://twitter.com/download/iphone\" rel=\"nofollow\">Twitter for iPhone</a>","retweeted":false,"coordinates":null,"entities":{"symbols":[],"user_mentions":[{"id":713434534,"indices":[0,15],"id_str":"713434534","screen_name":"calsdiscostick","name":"lucas,,!"}],"hashtags":[],"urls":[]},"in_reply_to_screen_name":"calsdiscostick","id_str":"544319962006183936","retweet_count":0,"in_reply_to_user_id":713434534,"favorited":false,"user":{"follow_request_sent":false,"profile_use_background_image":true,"profile_text_color":"333333","default_profile_image":false,"id":2758925727,"profile_background_image_url_https":"https://abs.twimg.com/images/themes/theme1/bg.png","verified":false,"profile_location":null,"profile_image_url_https":"https://pbs.twimg.com/profile_images/589637404505538561/X_xw9s1r_normal.jpg","profile_sidebar_fill_color":"DDEEF6","entities":{"description":{"urls":[]}},"followers_count":390,"profile_sidebar_border_color":"C0DEED","id_str":"2758925727","profile_background_color":"C0DEED","listed_count":1,"is_translation_enabled":false,"utc_offset":null,"statuses_count":2112,"description":"I may be a psycopath... or maybe just gay. i will NOT eat your soul. Imma still fuck you up if you talk shit tho MobWives is BAE","friends_count":942,"location":"","profile_link_color":"0084B4","profile_image_url":"http://pbs.twimg.com/profile_images/589637404505538561/X_xw9s1r_normal.jpg","following":false,"geo_enabled":false,"profile_banner_url":"https://pbs.twimg.com/profile_banners/2758925727/1418070896","profile_background_image_url":"http://abs.twimg.com/images/themes/theme1/bg.png","name":"Me, Myself, and I","lang":"en","profile_background_tile":false,"favourites_count":1205,"screen_name":"JusticeRivera21","notifications":false,"url":null,"created_at":"Tue Sep 02 03:35:05 +0000 2014","contributors_enabled":false,"time_zone":null,"protected":false,"default_profile":true,"is_translator":false},"geo":null,"in_reply_to_user_id_str":"713434534","lang":"en","created_at":"Mon Dec 15 02:36:06 +0000 2014","in_reply_to_status_id_str":"544319868078915584","place":null},
{"contributors":null,"truncated":false,"text":"@calsdiscostick we should send them to Gauntanamo Bay","in_reply_to_status_id":544319892498182145,"id":544321595586932737,"favorite_count":1,"source":"<a href=\"http://twitter.com/download/iphone\" rel=\"nofollow\">Twitter for iPhone</a>","retweeted":false,"coordinates":null,"entities":{"symbols":[],"user_mentions":[{"id":713434534,"indices":[0,15],"id_str":"713434534","screen_name":"calsdiscostick","name":"lucas,,!"}],"hashtags":[],"urls":[]},"in_reply_to_screen_name":"calsdiscostick","id_str":"544321595586932737","retweet_count":0,"in_reply_to_user_id":713434534,"favorited":false,"user":{"follow_request_sent":false,"profile_use_background_image":true,"profile_text_color":"333333","default_profile_image":false,"id":2758925727,"profile_background_image_url_https":"https://abs.twimg.com/images/themes/theme1/bg.png","verified":false,"profile_location":null,"profile_image_url_https":"https://pbs.twimg.com/profile_images/589637404505538561/X_xw9s1r_normal.jpg","profile_sidebar_fill_color":"DDEEF6","entities":{"description":{"urls":[]}},"followers_count":390,"profile_sidebar_border_color":"C0DEED","id_str":"2758925727","profile_background_color":"C0DEED","listed_count":1,"is_translation_enabled":false,"utc_offset":null,"statuses_count":2112,"description":"I may be a psycopath... or maybe just gay. i will NOT eat your soul. Imma still fuck you up if you talk shit tho MobWives is BAE","friends_count":942,"location":"","profile_link_color":"0084B4","profile_image_url":"http://pbs.twimg.com/profile_images/589637404505538561/X_xw9s1r_normal.jpg","following":false,"geo_enabled":false,"profile_banner_url":"https://pbs.twimg.com/profile_banners/2758925727/1418070896","profile_background_image_url":"http://abs.twimg.com/images/themes/theme1/bg.png","name":"Me, Myself, and I","lang":"en","profile_background_tile":false,"favourites_count":1205,"screen_name":"JusticeRivera21","notifications":false,"url":null,"created_at":"Tue Sep 02 03:35:05 +0000 2014","contributors_enabled":false,"time_zone":null,"protected":false,"default_profile":true,"is_translator":false},"geo":null,"in_reply_to_user_id_str":"713434534","lang":"en","created_at":"Mon Dec 15 02:42:36 +0000 2014","in_reply_to_status_id_str":"544319892498182145","place":null},
{"contributors":null,"truncated":false,"text":"@JusticeRivera21 fuck that bring them to koreas concentration camps my nigga","in_reply_to_status_id":544321595586932737,"id":544321908607819777,"favorite_count":0,"source":"<a href=\"http://twitter.com/download/iphone\" rel=\"nofollow\">Twitter for iPhone</a>","retweeted":false,"coordinates":null,"entities":{"symbols":[],"user_mentions":[{"id":2758925727,"indices":[0,16],"id_str":"2758925727","screen_name":"JusticeRivera21","name":"Me, Myself, and I"}],"hashtags":[],"urls":[]},"in_reply_to_screen_name":"JusticeRivera21","id_str":"544321908607819777","retweet_count":0,"in_reply_to_user_id":2758925727,"favorited":false,"user":{"follow_request_sent":false,"profile_use_background_image":false,"profile_text_color":"000000","default_profile_image":false,"id":713434534,"profile_background_image_url_https":"https://abs.twimg.com/images/themes/theme1/bg.png","verified":false,"profile_location":null,"profile_image_url_https":"https://pbs.twimg.com/profile_images/545079363163930624/LtpVrR3U_normal.jpeg","profile_sidebar_fill_color":"000000","entities":{"description":{"urls":[{"url":"https://t.co/E9fnWnwoKi","indices":[42,65],"expanded_url":"https://twitter.com/calsdiscostick/status/518772084617777156","display_url":"twitter.com/calsdiscostick…"}]}},"followers_count":1390,"profile_sidebar_border_color":"000000","id_str":"713434534","profile_background_color":"000000","listed_count":7,"is_translation_enabled":false,"utc_offset":-18000,"statuses_count":17959,"description":"stressed, depressed, and not well dressed https://t.co/E9fnWnwoKi","friends_count":238,"location":"lmao/4 lololol/5","profile_link_color":"ABB8C2","profile_image_url":"http://pbs.twimg.com/profile_images/545079363163930624/LtpVrR3U_normal.jpeg","following":false,"geo_enabled":false,"profile_banner_url":"https://pbs.twimg.com/profile_banners/713434534/1418839390","profile_background_image_url":"http://abs.twimg.com/images/themes/theme1/bg.png","name":"lucas,,!","lang":"en","profile_background_tile":false,"favourites_count":12679,"screen_name":"calsdiscostick","notifications":false,"url":null,"created_at":"Sun Oct 13 21:25:57 +0000 2013","contributors_enabled":false,"time_zone":"Eastern Time (US & Canada)","protected":false,"default_profile":false,"is_translator":false},"geo":null,"in_reply_to_user_id_str":"2758925727","lang":"en","created_at":"Mon Dec 15 02:43:50 +0000 2014","in_reply_to_status_id_str":"544321595586932737","place":null},
{"contributors":null,"truncated":false,"text":"@calsdiscostick let's start a petition to make concentration camps for all ISIS members","in_reply_to_status_id":544321908607819777,"id":544322140066295809,"favorite_count":1,"source":"<a href=\"http://twitter.com/download/iphone\" rel=\"nofollow\">Twitter for iPhone</a>","retweeted":false,"coordinates":null,"entities":{"symbols":[],"user_mentions":[{"id":713434534,"indices":[0,15],"id_str":"713434534","screen_name":"calsdiscostick","name":"lucas,,!"}],"hashtags":[],"urls":[]},"in_reply_to_screen_name":"calsdiscostick","id_str":"544322140066295809","retweet_count":0,"in_reply_to_user_id":713434534,"favorited":false,"user":{"follow_request_sent":false,"profile_use_background_image":true,"profile_text_color":"333333","default_profile_image":false,"id":2758925727,"profile_background_image_url_https":"https://abs.twimg.com/images/themes/theme1/bg.png","verified":false,"profile_location":null,"profile_image_url_https":"https://pbs.twimg.com/profile_images/589637404505538561/X_xw9s1r_normal.jpg","profile_sidebar_fill_color":"DDEEF6","entities":{"description":{"urls":[]}},"followers_count":390,"profile_sidebar_border_color":"C0DEED","id_str":"2758925727","profile_background_color":"C0DEED","listed_count":1,"is_translation_enabled":false,"utc_offset":null,"statuses_count":2112,"description":"I may be a psycopath... or maybe just gay. i will NOT eat your soul. Imma still fuck you up if you talk shit tho MobWives is BAE","friends_count":942,"location":"","profile_link_color":"0084B4","profile_image_url":"http://pbs.twimg.com/profile_images/589637404505538561/X_xw9s1r_normal.jpg","following":false,"geo_enabled":false,"profile_banner_url":"https://pbs.twimg.com/profile_banners/2758925727/1418070896","profile_background_image_url":"http://abs.twimg.com/images/themes/theme1/bg.png","name":"Me, Myself, and I","lang":"en","profile_background_tile":false,"favourites_count":1205,"screen_name":"JusticeRivera21","notifications":false,"url":null,"created_at":"Tue Sep 02 03:35:05 +0000 2014","contributors_enabled":false,"time_zone":null,"protected":false,"default_profile":true,"is_translator":false},"geo":null,"in_reply_to_user_id_str":"713434534","lang":"en","created_at":"Mon Dec 15 02:44:45 +0000 2014","in_reply_to_status_id_str":"544321908607819777","place":null},
{"contributors":null,"truncated":false,"text":"@calsdiscostick do you think your boys will be saying anything about this? Or nah?","in_reply_to_status_id":544321908607819777,"id":544322577783877632,"favorite_count":1,"source":"<a href=\"http://twitter.com/download/iphone\" rel=\"nofollow\">Twitter for iPhone</a>","retweeted":false,"coordinates":null,"entities":{"symbols":[],"user_mentions":[{"id":713434534,"indices":[0,15],"id_str":"713434534","screen_name":"calsdiscostick","name":"calum,,! :)):"}],"hashtags":[],"urls":[]},"in_reply_to_screen_name":"calsdiscostick","id_str":"544322577783877632","retweet_count":0,"in_reply_to_user_id":713434534,"favorited":false,"user":{"follow_request_sent":false,"profile_use_background_image":true,"profile_text_color":"333333","default_profile_image":false,"id":2758925727,"profile_background_image_url_https":"https://abs.twimg.com/images/themes/theme1/bg.png","verified":false,"profile_location":null,"profile_image_url_https":"https://pbs.twimg.com/profile_images/589637404505538561/X_xw9s1r_normal.jpg","profile_sidebar_fill_color":"DDEEF6","entities":{"description":{"urls":[]}},"followers_count":390,"profile_sidebar_border_color":"C0DEED","id_str":"2758925727","profile_background_color":"C0DEED","listed_count":1,"is_translation_enabled":false,"utc_offset":null,"statuses_count":2112,"description":"I may be a psycopath... or maybe just gay. i will NOT eat your soul. Imma still fuck you up if you talk shit tho MobWives is BAE","friends_count":942,"location":"","profile_link_color":"0084B4","profile_image_url":"http://pbs.twimg.com/profile_images/589637404505538561/X_xw9s1r_normal.jpg","following":false,"geo_enabled":false,"profile_banner_url":"https://pbs.twimg.com/profile_banners/2758925727/1418070896","profile_background_image_url":"http://abs.twimg.com/images/themes/theme1/bg.png","name":"Me, Myself, and I","lang":"en","profile_background_tile":false,"favourites_count":1205,"screen_name":"JusticeRivera21","notifications":false,"url":null,"created_at":"Tue Sep 02 03:35:05 +0000 2014","contributors_enabled":false,"time_zone":null,"protected":false,"default_profile":true,"is_translator":false},"geo":null,"in_reply_to_user_id_str":"713434534","lang":"en","created_at":"Mon Dec 15 02:46:30 +0000 2014","in_reply_to_status_id_str":"544321908607819777","place":null},
{"contributors":null,"truncated":false,"text":"@JusticeRivera21 ok chill bc I don't need an Isis member twatching me then having me disappear the next day","in_reply_to_status_id":544322140066295809,"id":544322586759688192,"favorite_count":0,"source":"<a href=\"http://twitter.com/download/iphone\" rel=\"nofollow\">Twitter for iPhone</a>","retweeted":false,"coordinates":null,"entities":{"symbols":[],"user_mentions":[{"id":2758925727,"indices":[0,16],"id_str":"2758925727","screen_name":"JusticeRivera21","name":"Me, Myself, and I"}],"hashtags":[],"urls":[]},"in_reply_to_screen_name":"JusticeRivera21","id_str":"544322586759688192","retweet_count":0,"in_reply_to_user_id":2758925727,"favorited":false,"user":{"follow_request_sent":false,"profile_use_background_image":false,"profile_text_color":"000000","default_profile_image":false,"id":713434534,"profile_background_image_url_https":"https://abs.twimg.com/images/themes/theme1/bg.png","verified":false,"profile_location":null,"profile_image_url_https":"https://pbs.twimg.com/profile_images/545079363163930624/LtpVrR3U_normal.jpeg","profile_sidebar_fill_color":"000000","entities":{"description":{"urls":[{"url":"https://t.co/E9fnWnwoKi","indices":[42,65],"expanded_url":"https://twitter.com/calsdiscostick/status/518772084617777156","display_url":"twitter.com/calsdiscostick…"}]}},"followers_count":1390,"profile_sidebar_border_color":"000000","id_str":"713434534","profile_background_color":"000000","listed_count":7,"is_translation_enabled":false,"utc_offset":-18000,"statuses_count":17959,"description":"stressed, depressed, and not well dressed https://t.co/E9fnWnwoKi","friends_count":238,"location":"lmao/4 lololol/5","profile_link_color":"ABB8C2","profile_image_url":"http://pbs.twimg.com/profile_images/545079363163930624/LtpVrR3U_normal.jpeg","following":false,"geo_enabled":false,"profile_banner_url":"https://pbs.twimg.com/profile_banners/713434534/1418839390","profile_background_image_url":"http://abs.twimg.com/images/themes/theme1/bg.png","name":"lucas,,!","lang":"en","profile_background_tile":false,"favourites_count":12679,"screen_name":"calsdiscostick","notifications":false,"url":null,"created_at":"Sun Oct 13 21:25:57 +0000 2013","contributors_enabled":false,"time_zone":"Eastern Time (US & Canada)","protected":false,"default_profile":false,"is_translator":false},"geo":null,"in_reply_to_user_id_str":"2758925727","lang":"en","created_at":"Mon Dec 15 02:46:32 +0000 2014","in_reply_to_status_id_str":"544322140066295809","place":null},
{"contributors":null,"truncated":false,"text":"@RisK_Fluffy @PzFeed wow","in_reply_to_status_id":544274044045254659,"id":544322816485494785,"favorite_count":0,"source":"<a href=\"http://twitter.com/download/iphone\" rel=\"nofollow\">Twitter for iPhone</a>","retweeted":false,"coordinates":null,"entities":{"symbols":[],"user_mentions":[{"id":462511443,"indices":[0,12],"id_str":"462511443","screen_name":"RisK_Fluffy","name":"Fluffy  ¯\\_(ツ)_/¯"},{"id":292777349,"indices":[13,20],"id_str":"292777349","screen_name":"PzFeed","name":"PzFeed Top News"}],"hashtags":[],"urls":[]},"in_reply_to_screen_name":"RisK_Fluffy","id_str":"544322816485494785","retweet_count":0,"in_reply_to_user_id":462511443,"favorited":false,"user":{"follow_request_sent":false,"profile_use_background_image":true,"profile_text_color":"000000","default_profile_image":false,"id":47051236,"profile_background_image_url_https":"https://pbs.twimg.com/profile_background_images/438152664996519936/KS1uMs3Q.png","verified":false,"profile_location":null,"profile_image_url_https":"https://pbs.twimg.com/profile_images/542207995157827585/W0RvtnWT_normal.jpeg","profile_sidebar_fill_color":"FFFFFF","entities":{"url":{"urls":[{"url":"http://t.co/MHUgwKNHbc","indices":[0,22],"expanded_url":"http://steffiee.tumblr.com/","display_url":"steffiee.tumblr.com"}]},"description":{"urls":[]}},"followers_count":3216,"profile_sidebar_border_color":"FFFFFF","id_str":"47051236","profile_background_color":"FFFFFF","listed_count":10,"is_translation_enabled":false,"utc_offset":39600,"statuses_count":41475,"description":"My level of sarcasm’s gotten to a point where I don’t even know if I’m kidding or not.","friends_count":1077,"location":"tumblr likes are porn gifs ","profile_link_color":"000000","profile_image_url":"http://pbs.twimg.com/profile_images/542207995157827585/W0RvtnWT_normal.jpeg","following":false,"geo_enabled":true,"profile_banner_url":"https://pbs.twimg.com/profile_banners/47051236/1418178787","profile_background_image_url":"http://pbs.twimg.com/profile_background_images/438152664996519936/KS1uMs3Q.png","name":"♡ Steffie is God ♡","lang":"en","profile_background_tile":true,"favourites_count":15933,"screen_name":"Smhfd","notifications":false,"url":"http://t.co/MHUgwKNHbc","created_at":"Sun Jun 14 07:05:24 +0000 2009","contributors_enabled":false,"time_zone":"Melbourne","protected":false,"default_profile":false,"is_translator":false},"geo":null,"in_reply_to_user_id_str":"462511443","lang":"und","created_at":"Mon Dec 15 02:47:27 +0000 2014","in_reply_to_status_id_str":"544274044045254659","place":null},
{"contributors":null,"truncated":false,"text":"@calsdiscostick We're from New Jersey. They're too scared of the crack heads and gangs","in_reply_to_status_id":544322586759688192,"id":544322821581967360,"favorite_count":1,"source":"<a href=\"http://twitter.com/download/iphone\" rel=\"nofollow\">Twitter for iPhone</a>","retweeted":false,"coordinates":null,"entities":{"symbols":[],"user_mentions":[{"id":713434534,"indices":[0,15],"id_str":"713434534","screen_name":"calsdiscostick","name":"calum,,! :)):"}],"hashtags":[],"urls":[]},"in_reply_to_screen_name":"calsdiscostick","id_str":"544322821581967360","retweet_count":0,"in_reply_to_user_id":713434534,"favorited":false,"user":{"follow_request_sent":false,"profile_use_background_image":true,"profile_text_color":"333333","default_profile_image":false,"id":2758925727,"profile_background_image_url_https":"https://abs.twimg.com/images/themes/theme1/bg.png","verified":false,"profile_location":null,"profile_image_url_https":"https://pbs.twimg.com/profile_images/589637404505538561/X_xw9s1r_normal.jpg","profile_sidebar_fill_color":"DDEEF6","entities":{"description":{"urls":[]}},"followers_count":390,"profile_sidebar_border_color":"C0DEED","id_str":"2758925727","profile_background_color":"C0DEED","listed_count":1,"is_translation_enabled":false,"utc_offset":null,"statuses_count":2112,"description":"I may be a psycopath... or maybe just gay. i will NOT eat your soul. Imma still fuck you up if you talk shit tho MobWives is BAE","friends_count":942,"location":"","profile_link_color":"0084B4","profile_image_url":"http://pbs.twimg.com/profile_images/589637404505538561/X_xw9s1r_normal.jpg","following":false,"geo_enabled":false,"profile_banner_url":"https://pbs.twimg.com/profile_banners/2758925727/1418070896","profile_background_image_url":"http://abs.twimg.com/images/themes/theme1/bg.png","name":"Me, Myself, and I","lang":"en","profile_background_tile":false,"favourites_count":1205,"screen_name":"JusticeRivera21","notifications":false,"url":null,"created_at":"Tue Sep 02 03:35:05 +0000 2014","contributors_enabled":false,"time_zone":null,"protected":false,"default_profile":true,"is_translator":false},"geo":null,"in_reply_to_user_id_str":"713434534","lang":"en","created_at":"Mon Dec 15 02:47:28 +0000 2014","in_reply_to_status_id_str":"544322586759688192","place":null},
{"contributors":null,"truncated":false,"text":"@JusticeRivera21 my boys?? OH AYY MY FUCK BOIS 5sos. Idk maybe bc all of their family's live in Sydney. But Sydney's huge af so","in_reply_to_status_id":544322577783877632,"id":544322881166249984,"favorite_count":0,"source":"<a href=\"http://twitter.com/download/iphone\" rel=\"nofollow\">Twitter for iPhone</a>","retweeted":false,"coordinates":null,"entities":{"symbols":[],"user_mentions":[{"id":2758925727,"indices":[0,16],"id_str":"2758925727","screen_name":"JusticeRivera21","name":"Me, Myself, and I"}],"hashtags":[],"urls":[]},"in_reply_to_screen_name":"JusticeRivera21","id_str":"544322881166249984","retweet_count":0,"in_reply_to_user_id":2758925727,"favorited":false,"user":{"follow_request_sent":false,"profile_use_background_image":false,"profile_text_color":"000000","default_profile_image":false,"id":713434534,"profile_background_image_url_https":"https://abs.twimg.com/images/themes/theme1/bg.png","verified":false,"profile_location":null,"profile_image_url_https":"https://pbs.twimg.com/profile_images/545079363163930624/LtpVrR3U_normal.jpeg","profile_sidebar_fill_color":"000000","entities":{"description":{"urls":[{"url":"https://t.co/E9fnWnwoKi","indices":[42,65],"expanded_url":"https://twitter.com/calsdiscostick/status/518772084617777156","display_url":"twitter.com/calsdiscostick…"}]}},"followers_count":1390,"profile_sidebar_border_color":"000000","id_str":"713434534","profile_background_color":"000000","listed_count":7,"is_translation_enabled":false,"utc_offset":-18000,"statuses_count":17959,"description":"stressed, depressed, and not well dressed https://t.co/E9fnWnwoKi","friends_count":238,"location":"lmao/4 lololol/5","profile_link_color":"ABB8C2","profile_image_url":"http://pbs.twimg.com/profile_images/545079363163930624/LtpVrR3U_normal.jpeg","following":false,"geo_enabled":false,"profile_banner_url":"https://pbs.twimg.com/profile_banners/713434534/1418839390","profile_background_image_url":"http://abs.twimg.com/images/themes/theme1/bg.png","name":"lucas,,!","lang":"en","profile_background_tile":false,"favourites_count":12679,"screen_name":"calsdiscostick","notifications":false,"url":null,"created_at":"Sun Oct 13 21:25:57 +0000 2013","contributors_enabled":false,"time_zone":"Eastern Time (US & Canada)","protected":false,"default_profile":false,"is_translator":false},"geo":null,"in_reply_to_user_id_str":"2758925727","lang":"en","created_at":"Mon Dec 15 02:47:42 +0000 2014","in_reply_to_status_id_str":"544322577783877632","place":null},
{"contributors":null,"truncated":false,"text":"@JusticeRivera21 trU and the prostitudes","in_reply_to_status_id":544322821581967360,"id":544323075622588416,"favorite_count":0,"source":"<a href=\"http://twitter.com/download/iphone\" rel=\"nofollow\">Twitter for iPhone</a>","retweeted":false,"coordinates":null,"entities":{"symbols":[],"user_mentions":[{"id":2758925727,"indices":[0,16],"id_str":"2758925727","screen_name":"JusticeRivera21","name":"Me, Myself, and I"}],"hashtags":[],"urls":[]},"in_reply_to_screen_name":"JusticeRivera21","id_str":"544323075622588416","retweet_count":0,"in_reply_to_user_id":2758925727,"favorited":false,"user":{"follow_request_sent":false,"profile_use_background_image":false,"profile_text_color":"000000","default_profile_image":false,"id":713434534,"profile_background_image_url_https":"https://abs.twimg.com/images/themes/theme1/bg.png","verified":false,"profile_location":null,"profile_image_url_https":"https://pbs.twimg.com/profile_images/545079363163930624/LtpVrR3U_normal.jpeg","profile_sidebar_fill_color":"000000","entities":{"description":{"urls":[{"url":"https://t.co/E9fnWnwoKi","indices":[42,65],"expanded_url":"https://twitter.com/calsdiscostick/status/518772084617777156","display_url":"twitter.com/calsdiscostick…"}]}},"followers_count":1390,"profile_sidebar_border_color":"000000","id_str":"713434534","profile_background_color":"000000","listed_count":7,"is_translation_enabled":false,"utc_offset":-18000,"statuses_count":17959,"description":"stressed, depressed, and not well dressed https://t.co/E9fnWnwoKi","friends_count":238,"location":"lmao/4 lololol/5","profile_link_color":"ABB8C2","profile_image_url":"http://pbs.twimg.com/profile_images/545079363163930624/LtpVrR3U_normal.jpeg","following":false,"geo_enabled":false,"profile_banner_url":"https://pbs.twimg.com/profile_banners/713434534/1418839390","profile_background_image_url":"http://abs.twimg.com/images/themes/theme1/bg.png","name":"lucas,,!","lang":"en","profile_background_tile":false,"favourites_count":12679,"screen_name":"calsdiscostick","notifications":false,"url":null,"created_at":"Sun Oct 13 21:25:57 +0000 2013","contributors_enabled":false,"time_zone":"Eastern Time (US & Canada)","protected":false,"default_profile":false,"is_translator":false},"geo":null,"in_reply_to_user_id_str":"2758925727","lang":"en","created_at":"Mon Dec 15 02:48:28 +0000 2014","in_reply_to_status_id_str":"544322821581967360","place":null},
{"contributors":null,"truncated":false,"text":"@calsdiscostick yea that's why I said that, with them being Ausies and all","in_reply_to_status_id":544322881166249984,"id":544323116345065474,"favorite_count":1,"source":"<a href=\"http://twitter.com/download/iphone\" rel=\"nofollow\">Twitter for iPhone</a>","retweeted":false,"coordinates":null,"entities":{"symbols":[],"user_mentions":[{"id":713434534,"indices":[0,15],"id_str":"713434534","screen_name":"calsdiscostick","name":"calum,,! :)):"}],"hashtags":[],"urls":[]},"in_reply_to_screen_name":"calsdiscostick","id_str":"544323116345065474","retweet_count":0,"in_reply_to_user_id":713434534,"favorited":false,"user":{"follow_request_sent":false,"profile_use_background_image":true,"profile_text_color":"333333","default_profile_image":false,"id":2758925727,"profile_background_image_url_https":"https://abs.twimg.com/images/themes/theme1/bg.png","verified":false,"profile_location":null,"profile_image_url_https":"https://pbs.twimg.com/profile_images/589637404505538561/X_xw9s1r_normal.jpg","profile_sidebar_fill_color":"DDEEF6","entities":{"description":{"urls":[]}},"followers_count":387,"profile_sidebar_border_color":"C0DEED","id_str":"2758925727","profile_background_color":"C0DEED","listed_count":1,"is_translation_enabled":false,"utc_offset":null,"statuses_count":2112,"description":"I may be a psycopath... or maybe just gay. i will NOT eat your soul. Imma still fuck you up if you talk shit tho MobWives is BAE","friends_count":943,"location":"","profile_link_color":"0084B4","profile_image_url":"http://pbs.twimg.com/profile_images/589637404505538561/X_xw9s1r_normal.jpg","following":false,"geo_enabled":false,"profile_banner_url":"https://pbs.twimg.com/profile_banners/2758925727/1418070896","profile_background_image_url":"http://abs.twimg.com/images/themes/theme1/bg.png","name":"Me, Myself, and I","lang":"en","profile_background_tile":false,"favourites_count":1204,"screen_name":"JusticeRivera21","notifications":false,"url":null,"created_at":"Tue Sep 02 03:35:05 +0000 2014","contributors_enabled":false,"time_zone":null,"protected":false,"default_profile":true,"is_translator":false},"geo":null,"in_reply_to_user_id_str":"713434534","lang":"en","created_at":"Mon Dec 15 02:48:38 +0000 2014","in_reply_to_status_id_str":"544322881166249984","place":null},
{"contributors":null,"truncated":false,"text":"@calsdiscostick HEY! We are not that scary!","in_reply_to_status_id":544323075622588416,"id":544323199413272577,"favorite_count":1,"source":"<a href=\"http://twitter.com/download/iphone\" rel=\"nofollow\">Twitter for iPhone</a>","retweeted":false,"coordinates":null,"entities":{"symbols":[],"user_mentions":[{"id":713434534,"indices":[0,15],"id_str":"713434534","screen_name":"calsdiscostick","name":"calum,,! :((:"}],"hashtags":[],"urls":[]},"in_reply_to_screen_name":"calsdiscostick","id_str":"544323199413272577","retweet_count":0,"in_reply_to_user_id":713434534,"favorited":false,"user":{"follow_request_sent":false,"profile_use_background_image":true,"profile_text_color":"333333","default_profile_image":false,"id":2758925727,"profile_background_image_url_https":"https://abs.twimg.com/images/themes/theme1/bg.png","verified":false,"profile_location":null,"profile_image_url_https":"https://pbs.twimg.com/profile_images/589637404505538561/X_xw9s1r_normal.jpg","profile_sidebar_fill_color":"DDEEF6","entities":{"description":{"urls":[]}},"followers_count":387,"profile_sidebar_border_color":"C0DEED","id_str":"2758925727","profile_background_color":"C0DEED","listed_count":1,"is_translation_enabled":false,"utc_offset":null,"statuses_count":2112,"description":"I may be a psycopath... or maybe just gay. i will NOT eat your soul. Imma still fuck you up if you talk shit tho MobWives is BAE","friends_count":943,"location":"","profile_link_color":"0084B4","profile_image_url":"http://pbs.twimg.com/profile_images/589637404505538561/X_xw9s1r_normal.jpg","following":false,"geo_enabled":false,"profile_banner_url":"https://pbs.twimg.com/profile_banners/2758925727/1418070896","profile_background_image_url":"http://abs.twimg.com/images/themes/theme1/bg.png","name":"Me, Myself, and I","lang":"en","profile_background_tile":false,"favourites_count":1204,"screen_name":"JusticeRivera21","notifications":false,"url":null,"created_at":"Tue Sep 02 03:35:05 +0000 2014","contributors_enabled":false,"time_zone":null,"protected":false,"default_profile":true,"is_translator":false},"geo":null,"in_reply_to_user_id_str":"713434534","lang":"en","created_at":"Mon Dec 15 02:48:58 +0000 2014","in_reply_to_status_id_str":"544323075622588416","place":null},
{"contributors":null,"truncated":false,"text":"@JusticeRivera21 HAHAHAJAJJA good joke justice","in_reply_to_status_id":544323199413272577,"id":544323327398264833,"favorite_count":1,"source":"<a href=\"http://twitter.com/download/iphone\" rel=\"nofollow\">Twitter for iPhone</a>","retweeted":false,"coordinates":null,"entities":{"symbols":[],"user_mentions":[{"id":2758925727,"indices":[0,16],"id_str":"2758925727","screen_name":"JusticeRivera21","name":"Me, Myself, and I"}],"hashtags":[],"urls":[]},"in_reply_to_screen_name":"JusticeRivera21","id_str":"544323327398264833","retweet_count":1,"in_reply_to_user_id":2758925727,"favorited":false,"user":{"follow_request_sent":false,"profile_use_background_image":false,"profile_text_color":"000000","default_profile_image":false,"id":713434534,"profile_background_image_url_https":"https://abs.twimg.com/images/themes/theme1/bg.png","verified":false,"profile_location":null,"profile_image_url_https":"https://pbs.twimg.com/profile_images/545079363163930624/LtpVrR3U_normal.jpeg","profile_sidebar_fill_color":"000000","entities":{"description":{"urls":[{"url":"https://t.co/E9fnWnwoKi","indices":[42,65],"expanded_url":"https://twitter.com/calsdiscostick/status/518772084617777156","display_url":"twitter.com/calsdiscostick…"}]}},"followers_count":1390,"profile_sidebar_border_color":"000000","id_str":"713434534","profile_background_color":"000000","listed_count":7,"is_translation_enabled":false,"utc_offset":-18000,"statuses_count":17959,"description":"stressed, depressed, and not well dressed https://t.co/E9fnWnwoKi","friends_count":238,"location":"lmao/4 lololol/5","profile_link_color":"ABB8C2","profile_image_url":"http://pbs.twimg.com/profile_images/545079363163930624/LtpVrR3U_normal.jpeg","following":false,"geo_enabled":false,"profile_banner_url":"https://pbs.twimg.com/profile_banners/713434534/1418839390","profile_background_image_url":"http://abs.twimg.com/images/themes/theme1/bg.png","name":"lucas,,!","lang":"en","profile_background_tile":false,"favourites_count":12678,"screen_name":"calsdiscostick","notifications":false,"url":null,"created_at":"Sun Oct 13 21:25:57 +0000 2013","contributors_enabled":false,"time_zone":"Eastern Time (US & Canada)","protected":false,"default_profile":false,"is_translator":false},"geo":null,"in_reply_to_user_id_str":"2758925727","lang":"sl","created_at":"Mon Dec 15 02:49:28 +0000 2014","in_reply_to_status_id_str":"544323199413272577","place":null},
{"contributors":null,"truncated":false,"text":"@calsdiscostick *said no one ever*","in_reply_to_status_id":544323327398264833,"id":544323482247766016,"favorite_count":1,"source":"<a href=\"http://twitter.com/download/iphone\" rel=\"nofollow\">Twitter for iPhone</a>","retweeted":false,"coordinates":null,"entities":{"symbols":[],"user_mentions":[{"id":713434534,"indices":[0,15],"id_str":"713434534","screen_name":"calsdiscostick","name":"calum,,! :)):"}],"hashtags":[],"urls":[]},"in_reply_to_screen_name":"calsdiscostick","id_str":"544323482247766016","retweet_count":0,"in_reply_to_user_id":713434534,"favorited":false,"user":{"follow_request_sent":false,"profile_use_background_image":true,"profile_text_color":"333333","default_profile_image":false,"id":2758925727,"profile_background_image_url_https":"https://abs.twimg.com/images/themes/theme1/bg.png","verified":false,"profile_location":null,"profile_image_url_https":"https://pbs.twimg.com/profile_images/589637404505538561/X_xw9s1r_normal.jpg","profile_sidebar_fill_color":"DDEEF6","entities":{"description":{"urls":[]}},"followers_count":387,"profile_sidebar_border_color":"C0DEED","id_str":"2758925727","profile_background_color":"C0DEED","listed_count":1,"is_translation_enabled":false,"utc_offset":null,"statuses_count":2112,"description":"I may be a psycopath... or maybe just gay. i will NOT eat your soul. Imma still fuck you up if you talk shit tho MobWives is BAE","friends_count":943,"location":"","profile_link_color":"0084B4","profile_image_url":"http://pbs.twimg.com/profile_images/589637404505538561/X_xw9s1r_normal.jpg","following":false,"geo_enabled":false,"profile_banner_url":"https://pbs.twimg.com/profile_banners/2758925727/1418070896","profile_background_image_url":"http://abs.twimg.com/images/themes/theme1/bg.png","name":"Me, Myself, and I","lang":"en","profile_background_tile":false,"favourites_count":1204,"screen_name":"JusticeRivera21","notifications":false,"url":null,"created_at":"Tue Sep 02 03:35:05 +0000 2014","contributors_enabled":false,"time_zone":null,"protected":false,"default_profile":true,"is_translator":false},"geo":null,"in_reply_to_user_id_str":"713434534","lang":"en","created_at":"Mon Dec 15 02:50:05 +0000 2014","in_reply_to_status_id_str":"544323327398264833","place":null},
{"contributors":null,"truncated":false,"text":"@JusticeRivera21 *says the fggt*","in_reply_to_status_id":544323482247766016,"id":544323760434999296,"favorite_count":1,"source":"<a href=\"http://twitter.com/download/iphone\" rel=\"nofollow\">Twitter for iPhone</a>","retweeted":false,"coordinates":null,"entities":{"symbols":[],"user_mentions":[{"id":2758925727,"indices":[0,16],"id_str":"2758925727","screen_name":"JusticeRivera21","name":"Me, Myself, and I"}],"hashtags":[],"urls":[]},"in_reply_to_screen_name":"JusticeRivera21","id_str":"544323760434999296","retweet_count":1,"in_reply_to_user_id":2758925727,"favorited":false,"user":{"follow_request_sent":false,"profile_use_background_image":false,"profile_text_color":"000000","default_profile_image":false,"id":713434534,"profile_background_image_url_https":"https://abs.twimg.com/images/themes/theme1/bg.png","verified":false,"profile_location":null,"profile_image_url_https":"https://pbs.twimg.com/profile_images/545079363163930624/LtpVrR3U_normal.jpeg","profile_sidebar_fill_color":"000000","entities":{"description":{"urls":[{"url":"https://t.co/E9fnWnwoKi","indices":[42,65],"expanded_url":"https://twitter.com/calsdiscostick/status/518772084617777156","display_url":"twitter.com/calsdiscostick…"}]}},"followers_count":1390,"profile_sidebar_border_color":"000000","id_str":"713434534","profile_background_color":"000000","listed_count":7,"is_translation_enabled":false,"utc_offset":-18000,"statuses_count":17959,"description":"stressed, depressed, and not well dressed https://t.co/E9fnWnwoKi","friends_count":238,"location":"lmao/4 lololol/5","profile_link_color":"ABB8C2","profile_image_url":"http://pbs.twimg.com/profile_images/545079363163930624/LtpVrR3U_normal.jpeg","following":false,"geo_enabled":false,"profile_banner_url":"https://pbs.twimg.com/profile_banners/713434534/1418839390","profile_background_image_url":"http://abs.twimg.com/images/themes/theme1/bg.png","name":"lucas,,!","lang":"en","profile_background_tile":false,"favourites_count":12678,"screen_name":"calsdiscostick","notifications":false,"url":null,"created_at":"Sun Oct 13 21:25:57 +0000 2013","contributors_enabled":false,"time_zone":"Eastern Time (US & Canada)","protected":false,"default_profile":false,"is_translator":false},"geo":null,"in_reply_to_user_id_str":"2758925727","lang":"en","created_at":"Mon Dec 15 02:51:12 +0000 2014","in_reply_to_status_id_str":"544323482247766016","place":null},
{"contributors":null,"truncated":false,"text":"@calsdiscostick *says the school reject* 🔥","in_reply_to_status_id":544323760434999296,"id":544324150282956800,"favorite_count":0,"source":"<a href=\"http://twitter.com/download/iphone\" rel=\"nofollow\">Twitter for iPhone</a>","retweeted":false,"coordinates":null,"entities":{"symbols":[],"user_mentions":[{"id":713434534,"indices":[0,15],"id_str":"713434534","screen_name":"calsdiscostick","name":"calum,,! :((:"}],"hashtags":[],"urls":[]},"in_reply_to_screen_name":"calsdiscostick","id_str":"544324150282956800","retweet_count":0,"in_reply_to_user_id":713434534,"favorited":false,"user":{"follow_request_sent":false,"profile_use_background_image":true,"profile_text_color":"333333","default_profile_image":false,"id":2758925727,"profile_background_image_url_https":"https://abs.twimg.com/images/themes/theme1/bg.png","verified":false,"profile_location":null,"profile_image_url_https":"https://pbs.twimg.com/profile_images/589637404505538561/X_xw9s1r_normal.jpg","profile_sidebar_fill_color":"DDEEF6","entities":{"description":{"urls":[]}},"followers_count":387,"profile_sidebar_border_color":"C0DEED","id_str":"2758925727","profile_background_color":"C0DEED","listed_count":1,"is_translation_enabled":false,"utc_offset":null,"statuses_count":2112,"description":"I may be a psycopath... or maybe just gay. i will NOT eat your soul. Imma still fuck you up if you talk shit tho MobWives is BAE","friends_count":943,"location":"","profile_link_color":"0084B4","profile_image_url":"http://pbs.twimg.com/profile_images/589637404505538561/X_xw9s1r_normal.jpg","following":false,"geo_enabled":false,"profile_banner_url":"https://pbs.twimg.com/profile_banners/2758925727/1418070896","profile_background_image_url":"http://abs.twimg.com/images/themes/theme1/bg.png","name":"Me, Myself, and I","lang":"en","profile_background_tile":false,"favourites_count":1204,"screen_name":"JusticeRivera21","notifications":false,"url":null,"created_at":"Tue Sep 02 03:35:05 +0000 2014","contributors_enabled":false,"time_zone":null,"protected":false,"default_profile":true,"is_translator":false},"geo":null,"in_reply_to_user_id_str":"713434534","lang":"en","created_at":"Mon Dec 15 02:52:45 +0000 2014","in_reply_to_status_id_str":"544323760434999296","place":null}
]