[{"contributors":null,"truncated":false,"text":"@abcnews ABC understands sweet FA. You promote jihadis every week. Rack off you treacherous scum #auspol #sydneysiege @TurnbullMalcolm","in_reply_to_status_id":544287991959539713,"id":544289060722720769,"favorite_count":9,"source":"<a href=\"http://twitter.com\" rel=\"nofollow\">Twitter Web Client</a>","retweeted":false,"coordinates":null,"entities":{"symbols":[],"user_mentions":[{"id":2768501,"indices":[0,8],"id_str":"2768501","screen_name":"abcnews","name":"ABC News"},{"id":16734909,"indices":[118,134],"id_str":"16734909","screen_name":"TurnbullMalcolm","name":"Malcolm Turnbull"}],"hashtags":[{"indices":[97,104],"text":"auspol"},{"indices":[105,117],"text":"sydneysiege"}],"urls":[]},"in_reply_to_screen_name":"abcnews","id_str":"544289060722720769","retweet_count":12,"in_reply_to_user_id":2768501,"favorited":false,"user":{"follow_request_sent":false,"profile_use_background_image":false,"profile_text_color":"333333","default_profile_image":false,"id":2833701362,"profile_background_image_url_https":"https://abs.twimg.com/images/themes/theme1/bg.png","verified":false,"profile_location":null,"profile_image_url_https":"https://pbs.twimg.com/profile_images/515762967212609539/H9oxuU82_normal.jpeg","profile_sidebar_fill_color":"DDEEF6","entities":{"description":{"urls":[]}},"followers_count":442,"profile_sidebar_border_color":"FFFFFF","id_str":"2833701362","profile_background_color":"503A70","listed_count":14,"is_translation_enabled":false,"utc_offset":39600,"statuses_count":7111,"description":"Back to annoy lefties and the Gaystapo while Twitter gets its knickers in a knot promoting terrorists and sex predators.","friends_count":700,"location":"Inside your head","profile_link_color":"B30404","profile_image_url":"http://pbs.twimg.com/profile_images/515762967212609539/H9oxuU82_normal.jpeg","following":false,"geo_enabled":true,"profile_banner_url":"https://pbs.twimg.com/profile_banners/2833701362/1411802733","profile_background_image_url":"http://abs.twimg.com/images/themes/theme1/bg.png","name":"Correllio Redux","lang":"en","profile_background_tile":true,"favourites_count":44,"screen_name":"CorrellioRedux","notifications":false,"url":null,"created_at":"Sat Sep 27 07:04:47 +0000 2014","contributors_enabled":false,"time_zone":"Sydney","protected":false,"default_profile":false,"is_translator":false},"geo":null,"in_reply_to_user_id_str":"2768501","lang":"en","created_at":"Mon Dec 15 00:33:19 +0000 2014","in_reply_to_status_id_str":"544287991959539713","place":null},
{"contributors":null,"truncated":false,"text":"@abcnews    The threat of terrorism  in this country grows stronger every day. We are now part of the big world!!!","in_reply_to_status_id":544287991959539713,"id":544291784470179840,"favorite_count":0,"source":"<a href=\"http://twitter.com/#!/download/ipad\" rel=\"nofollow\">Twitter for iPad</a>","retweeted":false,"coordinates":null,"entities":{"symbols":[],"user_mentions":[{"id":2768501,"indices":[0,8],"id_str":"2768501","screen_name":"abcnews","name":"ABC News"}],"hashtags":[],"urls":[]},"in_reply_to_screen_name":"abcnews","id_str":"544291784470179840","retweet_count":0,"in_reply_to_user_id":2768501,"favorited":false,"user":{"follow_request_sent":false,"profile_use_background_image":true,"profile_text_color":"333333","default_profile_image":true,"id":462665315,"profile_background_image_url_https":"https://abs.twimg.com/images/themes/theme1/bg.png","verified":false,"profile_location":null,"profile_image_url_https":"https://abs.twimg.com/sticky/default_profile_images/default_profile_0_normal.png","profile_sidebar_fill_color":"DDEEF6","entities":{"description":{"urls":[]}},"followers_count":1,"profile_sidebar_border_color":"C0DEED","id_str":"462665315","profile_background_color":"C0DEED","listed_count":0,"is_translation_enabled":false,"utc_offset":null,"statuses_count":8,"description":"","friends_count":11,"location":"","profile_link_color":"0084B4","profile_image_url":"http://abs.twimg.com/sticky/default_profile_images/default_profile_0_normal.png","following":false,"geo_enabled":false,"profile_background_image_url":"http://abs.twimg.com/images/themes/theme1/bg.png","name":"rhonda yvonne dekuyp","lang":"en","profile_background_tile":false,"favourites_count":2,"screen_name":"RDekuyp","notifications":false,"url":null,"created_at":"Fri Jan 13 06:19:06 +0000 2012","contributors_enabled":false,"time_zone":null,"protected":false,"default_profile":true,"is_translator":false},"geo":null,"in_reply_to_user_id_str":"2768501","lang":"en","created_at":"Mon Dec 15 00:44:08 +0000 2014","in_reply_to_status_id_str":"544287991959539713","place":null}
]