[{"contributors":null,"truncated":false,"text":"@mr_internet - \"hey jerks, we got you surrounded\".. not sure how social media would change that.","in_reply_to_status_id":544288302254137345,"id":544288517166477312,"favorite_count":0,"source":"<a href=\"https://about.twitter.com/products/tweetdeck\" rel=\"nofollow\">TweetDeck</a>","retweeted":false,"coordinates":null,"entities":{"symbols":[],"user_mentions":[{"id":14200367,"indices":[0,12],"id_str":"14200367","screen_name":"mr_internet","name":"tech-news.tv"}],"hashtags":[],"urls":[]},"in_reply_to_screen_name":"mr_internet","id_str":"544288517166477312","retweet_count":0,"in_reply_to_user_id":14200367,"favorited":false,"user":{"follow_request_sent":false,"profile_use_background_image":true,"profile_text_color":"0B1C2C","default_profile_image":false,"id":13083622,"profile_background_image_url_https":"https://pbs.twimg.com/profile_background_images/378800000152130228/yF-znn3F.jpeg","verified":true,"profile_location":null,"profile_image_url_https":"https://pbs.twimg.com/profile_images/586872821403488256/B0xrNezu_normal.png","profile_sidebar_fill_color":"1F648B","entities":{"url":{"urls":[{"url":"http://t.co/T6sCG21Ail","indices":[0,22],"expanded_url":"http://techAU.com.au","display_url":"techAU.com.au"}]},"description":{"urls":[]}},"followers_count":9478,"profile_sidebar_border_color":"FFFFFF","id_str":"13083622","profile_background_color":"1A1B1F","listed_count":365,"is_translation_enabled":false,"utc_offset":39600,"statuses_count":59077,"description":"I love technology, if you do, then follow me for updates. If you're innovating I'll help tell the world.","friends_count":3390,"location":"Wodonga, Australia","profile_link_color":"0088E3","profile_image_url":"http://pbs.twimg.com/profile_images/586872821403488256/B0xrNezu_normal.png","following":false,"geo_enabled":false,"profile_banner_url":"https://pbs.twimg.com/profile_banners/13083622/1402381891","profile_background_image_url":"http://pbs.twimg.com/profile_background_images/378800000152130228/yF-znn3F.jpeg","name":"Jason Cartwright","lang":"en","profile_background_tile":false,"favourites_count":2938,"screen_name":"techAU","notifications":false,"url":"http://t.co/T6sCG21Ail","created_at":"Tue Feb 05 06:44:19 +0000 2008","contributors_enabled":false,"time_zone":"Sydney","protected":false,"default_profile":false,"is_translator":false},"geo":null,"in_reply_to_user_id_str":"14200367","lang":"en","created_at":"Mon Dec 15 00:31:09 +0000 2014","in_reply_to_status_id_str":"544288302254137345","place":null},
{"contributors":null,"truncated":false,"text":"@techAU true ..haha  some folks were tweeting more than news was due to reporting blackout including some demands .. From inside via hostage","in_reply_to_status_id":544288517166477312,"id":544484332190965761,"favorite_count":0,"source":"<a href=\"http://tapbots.com/tweetbot\" rel=\"nofollow\">Tweetbot for iΟS</a>","retweeted":false,"coordinates":null,"entities":{"symbols":[],"user_mentions":[{"id":13083622,"indices":[0,7],"id_str":"13083622","screen_name":"techAU","name":"Jason Cartwright"}],"hashtags":[],"urls":[]},"in_reply_to_screen_name":"techAU","id_str":"544484332190965761","retweet_count":0,"in_reply_to_user_id":13083622,"favorited":false,"user":{"follow_request_sent":false,"profile_use_background_image":true,"profile_text_color":"333333","default_profile_image":false,"id":14200367,"profile_background_image_url_https":"https://pbs.twimg.com/profile_background_images/437106584968122368/6k73UBgL.jpeg","verified":false,"profile_location":null,"profile_image_url_https":"https://pbs.twimg.com/profile_images/2959638462/ae4a679cc76817e5a073ab980b44d22b_normal.png","profile_sidebar_fill_color":"DDFFCC","entities":{"url":{"urls":[{"url":"http://t.co/Imr04xCjIm","indices":[0,22],"expanded_url":"http://tech-news.tv","display_url":"tech-news.tv"}]},"description":{"urls":[]}},"followers_count":218855,"profile_sidebar_border_color":"FFFFFF","id_str":"14200367","profile_background_color":"9AE4E8","listed_count":86,"is_translation_enabled":false,"utc_offset":39600,"statuses_count":5529,"description":"Funny Internet | Cloud | Social Media Guy | Tech Evangelist Geek | Introduced Business Broadband in 1995 | Blogger | Foodie | Martial Arts","friends_count":2216,"location":"Melbourne via Texas, Cali & UK","profile_link_color":"0084B4","profile_image_url":"http://pbs.twimg.com/profile_images/2959638462/ae4a679cc76817e5a073ab980b44d22b_normal.png","following":false,"geo_enabled":true,"profile_banner_url":"https://pbs.twimg.com/profile_banners/14200367/1393048801","profile_background_image_url":"http://pbs.twimg.com/profile_background_images/437106584968122368/6k73UBgL.jpeg","name":"tech-news.tv","lang":"en","profile_background_tile":false,"favourites_count":40,"screen_name":"mr_internet","notifications":false,"url":"http://t.co/Imr04xCjIm","created_at":"Sun Mar 23 02:57:55 +0000 2008","contributors_enabled":false,"time_zone":"Melbourne","protected":false,"default_profile":false,"is_translator":false},"geo":null,"in_reply_to_user_id_str":"13083622","lang":"en","created_at":"Mon Dec 15 13:29:15 +0000 2014","in_reply_to_status_id_str":"544288517166477312","place":null}
]