[{"contributors":null,"truncated":false,"text":"@BlogsofWar @tomsteinfort to Woah wtf is happening in #Sydney? #flag","in_reply_to_status_id":544270745744846848,"id":544271052273385473,"favorite_count":0,"source":"<a href=\"http://twitterrific.com\" rel=\"nofollow\">Twitterrific</a>","retweeted":false,"coordinates":null,"entities":{"symbols":[],"user_mentions":[{"id":14401607,"indices":[0,11],"id_str":"14401607","screen_name":"BlogsofWar","name":"Blogs of War"},{"id":25777812,"indices":[12,25],"id_str":"25777812","screen_name":"tomsteinfort","name":"Tom Steinfort"}],"hashtags":[{"indices":[54,61],"text":"Sydney"},{"indices":[63,68],"text":"flag"}],"urls":[]},"in_reply_to_screen_name":"BlogsofWar","id_str":"544271052273385473","retweet_count":0,"in_reply_to_user_id":14401607,"favorited":false,"user":{"follow_request_sent":false,"profile_use_background_image":false,"profile_text_color":"FFDEB1","default_profile_image":false,"id":19331942,"profile_background_image_url_https":"https://pbs.twimg.com/profile_background_images/456080206407544832/ZEsDpdEi.png","verified":false,"profile_location":null,"profile_image_url_https":"https://pbs.twimg.com/profile_images/485128408494374912/VDcN9HRA_normal.png","profile_sidebar_fill_color":"FFEFC8","entities":{"url":{"urls":[{"url":"http://t.co/7Vvls4invV","indices":[0,22],"expanded_url":"http://twistedbrainofadesigner.tumblr.com/","display_url":"twistedbrainofadesigner.tumblr.com"}]},"description":{"urls":[{"url":"http://t.co/tN13Uj2EmF","indices":[61,83],"expanded_url":"http://robbeddesign.com","display_url":"robbeddesign.com"}]}},"followers_count":722,"profile_sidebar_border_color":"D8BFA9","id_str":"19331942","profile_background_color":"1E1F29","listed_count":41,"is_translation_enabled":false,"utc_offset":28800,"statuses_count":8895,"description":"World Traveller - Graphic Designer - Typographic Connoisseur http://t.co/tN13Uj2EmF","friends_count":929,"location":"London","profile_link_color":"158DED","profile_image_url":"http://pbs.twimg.com/profile_images/485128408494374912/VDcN9HRA_normal.png","following":false,"geo_enabled":true,"profile_banner_url":"https://pbs.twimg.com/profile_banners/19331942/1406234743","profile_background_image_url":"http://pbs.twimg.com/profile_background_images/456080206407544832/ZEsDpdEi.png","name":"Ed Robertson","lang":"en","profile_background_tile":true,"favourites_count":366,"screen_name":"eddrobertson","notifications":false,"url":"http://t.co/7Vvls4invV","created_at":"Thu Jan 22 09:07:04 +0000 2009","contributors_enabled":false,"time_zone":"Perth","protected":false,"default_profile":false,"is_translator":false},"geo":null,"in_reply_to_user_id_str":"14401607","lang":"en","created_at":"Sun Dec 14 23:21:45 +0000 2014","in_reply_to_status_id_str":"544270745744846848","place":null},
{"contributors":null,"truncated":false,"text":"@BlogsofWar @stephenfhayes @tomsteinfort Sydney Australia?","in_reply_to_status_id":544270745744846848,"id":544271595691585536,"favorite_count":0,"source":"<a href=\"http://twitter.com\" rel=\"nofollow\">Twitter Web Client</a>","retweeted":false,"coordinates":null,"entities":{"symbols":[],"user_mentions":[{"id":14401607,"indices":[0,11],"id_str":"14401607","screen_name":"BlogsofWar","name":"Blogs of War"},{"id":69773058,"indices":[12,26],"id_str":"69773058","screen_name":"stephenfhayes","name":"Stephen Hayes"},{"id":25777812,"indices":[27,40],"id_str":"25777812","screen_name":"tomsteinfort","name":"Tom Steinfort"}],"hashtags":[],"urls":[]},"in_reply_to_screen_name":"BlogsofWar","id_str":"544271595691585536","retweet_count":0,"in_reply_to_user_id":14401607,"favorited":false,"user":{"follow_request_sent":false,"profile_use_background_image":true,"profile_text_color":"333333","default_profile_image":false,"id":154138113,"profile_background_image_url_https":"https://abs.twimg.com/images/themes/theme1/bg.png","verified":false,"profile_location":null,"profile_image_url_https":"https://pbs.twimg.com/profile_images/512719458918359041/1f5pRokH_normal.jpeg","profile_sidebar_fill_color":"DDEEF6","entities":{"description":{"urls":[]}},"followers_count":148,"profile_sidebar_border_color":"C0DEED","id_str":"154138113","profile_background_color":"C0DEED","listed_count":2,"is_translation_enabled":false,"utc_offset":-18000,"statuses_count":12621,"description":"Love chatting with people; all ages, religions, political affiliations, love diversity.","friends_count":214,"location":"","profile_link_color":"0084B4","profile_image_url":"http://pbs.twimg.com/profile_images/512719458918359041/1f5pRokH_normal.jpeg","following":false,"geo_enabled":false,"profile_background_image_url":"http://abs.twimg.com/images/themes/theme1/bg.png","name":"Margaret Harrington","lang":"en","profile_background_tile":false,"favourites_count":44,"screen_name":"62jerseygirl","notifications":false,"url":null,"created_at":"Thu Jun 10 13:29:57 +0000 2010","contributors_enabled":false,"time_zone":"Eastern Time (US & Canada)","protected":false,"default_profile":true,"is_translator":false},"geo":null,"in_reply_to_user_id_str":"14401607","lang":"en","created_at":"Sun Dec 14 23:23:55 +0000 2014","in_reply_to_status_id_str":"544270745744846848","place":null},
{"contributors":null,"truncated":false,"text":"WOAH WTF??  \n\nWhen did this happen?\nBeen outside working\n@BlogsofWar @tomsteinfort @stephenfhayes","in_reply_to_status_id":544270745744846848,"id":544271934519648257,"favorite_count":0,"source":"<a href=\"https://about.twitter.com/products/tweetdeck\" rel=\"nofollow\">TweetDeck</a>","retweeted":false,"coordinates":null,"entities":{"symbols":[],"user_mentions":[{"id":14401607,"indices":[57,68],"id_str":"14401607","screen_name":"BlogsofWar","name":"Blogs of War"},{"id":25777812,"indices":[69,82],"id_str":"25777812","screen_name":"tomsteinfort","name":"Tom Steinfort"},{"id":69773058,"indices":[83,97],"id_str":"69773058","screen_name":"stephenfhayes","name":"Stephen Hayes"}],"hashtags":[],"urls":[]},"in_reply_to_screen_name":"BlogsofWar","id_str":"544271934519648257","retweet_count":0,"in_reply_to_user_id":14401607,"favorited":false,"user":{"follow_request_sent":false,"profile_use_background_image":true,"profile_text_color":"333333","default_profile_image":false,"id":1903011067,"profile_background_image_url_https":"https://abs.twimg.com/images/themes/theme1/bg.png","verified":false,"profile_location":null,"profile_image_url_https":"https://pbs.twimg.com/profile_images/378800000505067682/5b4e6db4293be774457414550713a9bc_normal.jpeg","profile_sidebar_fill_color":"DDEEF6","entities":{"url":{"urls":[{"url":"http://t.co/XBcsBMKVy4","indices":[0,22],"expanded_url":"http://constitutionwarrior.wordpress.com/","display_url":"constitutionwarrior.wordpress.com"}]},"description":{"urls":[{"url":"http://t.co/7wjfzqqBg1","indices":[81,103],"expanded_url":"http://teachingamericanhistory.org/fed-antifed/antifederalist/","display_url":"teachingamericanhistory.org/fed-antifed/an…"}]}},"followers_count":2588,"profile_sidebar_border_color":"C0DEED","id_str":"1903011067","profile_background_color":"C0DEED","listed_count":62,"is_translation_enabled":false,"utc_offset":-28800,"statuses_count":19543,"description":"Retired Army SFC 13R 11B 13F Iraq Veteran Carrying the Torch of Anti-Federalism\r\nhttp://t.co/7wjfzqqBg1","friends_count":1952,"location":"Fields of Liberty","profile_link_color":"0084B4","profile_image_url":"http://pbs.twimg.com/profile_images/378800000505067682/5b4e6db4293be774457414550713a9bc_normal.jpeg","following":false,"geo_enabled":false,"profile_banner_url":"https://pbs.twimg.com/profile_banners/1903011067/1399572802","profile_background_image_url":"http://abs.twimg.com/images/themes/theme1/bg.png","name":"A Federal Farmer","lang":"en","profile_background_tile":false,"favourites_count":1096,"screen_name":"AFederalFarmer","notifications":false,"url":"http://t.co/XBcsBMKVy4","created_at":"Wed Sep 25 05:40:52 +0000 2013","contributors_enabled":false,"time_zone":"Pacific Time (US & Canada)","protected":false,"default_profile":true,"is_translator":false},"geo":null,"in_reply_to_user_id_str":"14401607","lang":"en","created_at":"Sun Dec 14 23:25:15 +0000 2014","in_reply_to_status_id_str":"544270745744846848","place":null},
{"contributors":null,"truncated":false,"text":"@BlogsofWar @tomsteinfort  where's the BBC ?","in_reply_to_status_id":544270745744846848,"id":544272017105895425,"favorite_count":0,"source":"<a href=\"http://twitter.com/download/android\" rel=\"nofollow\">Twitter for Android</a>","retweeted":false,"coordinates":null,"entities":{"symbols":[],"user_mentions":[{"id":14401607,"indices":[0,11],"id_str":"14401607","screen_name":"BlogsofWar","name":"Blogs of War"},{"id":25777812,"indices":[12,25],"id_str":"25777812","screen_name":"tomsteinfort","name":"Tom Steinfort"}],"hashtags":[],"urls":[]},"in_reply_to_screen_name":"BlogsofWar","id_str":"544272017105895425","retweet_count":0,"in_reply_to_user_id":14401607,"favorited":false,"user":{"follow_request_sent":false,"profile_use_background_image":true,"profile_text_color":"333333","default_profile_image":false,"id":2495955023,"profile_background_image_url_https":"https://abs.twimg.com/images/themes/theme1/bg.png","verified":false,"profile_location":null,"profile_image_url_https":"https://pbs.twimg.com/profile_images/493346348935417856/V8jrHLjI_normal.jpeg","profile_sidebar_fill_color":"DDEEF6","entities":{"description":{"urls":[]}},"followers_count":606,"profile_sidebar_border_color":"C0DEED","id_str":"2495955023","profile_background_color":"C0DEED","listed_count":15,"is_translation_enabled":false,"utc_offset":null,"statuses_count":11252,"description":"Retired. Angry. Disillusioned.Boycott anything Muslim.No politician, but I know right from wrong.I WANT MY COUNTRY BACK .","friends_count":666,"location":"Yorkshire ","profile_link_color":"0084B4","profile_image_url":"http://pbs.twimg.com/profile_images/493346348935417856/V8jrHLjI_normal.jpeg","following":false,"geo_enabled":false,"profile_banner_url":"https://pbs.twimg.com/profile_banners/2495955023/1406829111","profile_background_image_url":"http://abs.twimg.com/images/themes/theme1/bg.png","name":"YORKSHIRE TYKE. ","lang":"en","profile_background_tile":false,"favourites_count":802,"screen_name":"mikpowell","notifications":false,"url":null,"created_at":"Sun Apr 20 00:12:28 +0000 2014","contributors_enabled":false,"time_zone":null,"protected":false,"default_profile":true,"is_translator":false},"geo":null,"in_reply_to_user_id_str":"14401607","lang":"en","created_at":"Sun Dec 14 23:25:35 +0000 2014","in_reply_to_status_id_str":"544270745744846848","place":null},
{"contributors":null,"truncated":false,"text":"@BlogsofWar @stephenfhayes @tomsteinfort Not good. Not good at all. Father please intervene.","in_reply_to_status_id":544270745744846848,"id":544272464122220544,"favorite_count":0,"source":"<a href=\"http://twitter.com\" rel=\"nofollow\">Twitter Web Client</a>","retweeted":false,"coordinates":null,"entities":{"symbols":[],"user_mentions":[{"id":14401607,"indices":[0,11],"id_str":"14401607","screen_name":"BlogsofWar","name":"Blogs of War"},{"id":69773058,"indices":[12,26],"id_str":"69773058","screen_name":"stephenfhayes","name":"Stephen Hayes"},{"id":25777812,"indices":[27,40],"id_str":"25777812","screen_name":"tomsteinfort","name":"Tom Steinfort"}],"hashtags":[],"urls":[]},"in_reply_to_screen_name":"BlogsofWar","id_str":"544272464122220544","retweet_count":0,"in_reply_to_user_id":14401607,"favorited":false,"user":{"follow_request_sent":false,"profile_use_background_image":true,"profile_text_color":"333333","default_profile_image":false,"id":2753308284,"profile_background_image_url_https":"https://abs.twimg.com/images/themes/theme1/bg.png","verified":false,"profile_location":null,"profile_image_url_https":"https://pbs.twimg.com/profile_images/505563259596832768/MhuFtXhp_normal.jpeg","profile_sidebar_fill_color":"DDEEF6","entities":{"description":{"urls":[]}},"followers_count":201,"profile_sidebar_border_color":"C0DEED","id_str":"2753308284","profile_background_color":"C0DEED","listed_count":4,"is_translation_enabled":false,"utc_offset":-18000,"statuses_count":2963,"description":"Architect. Political Enthusiast. Big Tent Conservative. Freedom Isn't Free.","friends_count":88,"location":"Tampa Bay","profile_link_color":"0084B4","profile_image_url":"http://pbs.twimg.com/profile_images/505563259596832768/MhuFtXhp_normal.jpeg","following":false,"geo_enabled":false,"profile_banner_url":"https://pbs.twimg.com/profile_banners/2753308284/1409370506","profile_background_image_url":"http://abs.twimg.com/images/themes/theme1/bg.png","name":"Holly","lang":"en","profile_background_tile":false,"favourites_count":1963,"screen_name":"HollyASwanson","notifications":false,"url":null,"created_at":"Thu Aug 21 23:23:54 +0000 2014","contributors_enabled":false,"time_zone":"Eastern Time (US & Canada)","protected":false,"default_profile":true,"is_translator":false},"geo":null,"in_reply_to_user_id_str":"14401607","lang":"en","created_at":"Sun Dec 14 23:27:22 +0000 2014","in_reply_to_status_id_str":"544270745744846848","place":null},
{"contributors":null,"truncated":false,"text":"@BlogsofWar @stephenfhayes @tomsteinfort Striking AUS because of their refusal to tolerate terrorists?","in_reply_to_status_id":544270745744846848,"id":544272929379594244,"favorite_count":0,"source":"<a href=\"http://twitter.com\" rel=\"nofollow\">Twitter Web Client</a>","retweeted":false,"coordinates":null,"entities":{"symbols":[],"user_mentions":[{"id":14401607,"indices":[0,11],"id_str":"14401607","screen_name":"BlogsofWar","name":"Blogs of War"},{"id":69773058,"indices":[12,26],"id_str":"69773058","screen_name":"stephenfhayes","name":"Stephen Hayes"},{"id":25777812,"indices":[27,40],"id_str":"25777812","screen_name":"tomsteinfort","name":"Tom Steinfort"}],"hashtags":[],"urls":[]},"in_reply_to_screen_name":"BlogsofWar","id_str":"544272929379594244","retweet_count":0,"in_reply_to_user_id":14401607,"favorited":false,"user":{"follow_request_sent":false,"profile_use_background_image":true,"profile_text_color":"333333","default_profile_image":false,"id":2182729622,"profile_background_image_url_https":"https://abs.twimg.com/images/themes/theme1/bg.png","verified":false,"profile_location":null,"profile_image_url_https":"https://pbs.twimg.com/profile_images/378800000712394721/d37f42abad361360f014c11fe51335aa_normal.jpeg","profile_sidebar_fill_color":"DDEEF6","entities":{"description":{"urls":[]}},"followers_count":42,"profile_sidebar_border_color":"C0DEED","id_str":"2182729622","profile_background_color":"C0DEED","listed_count":2,"is_translation_enabled":false,"utc_offset":null,"statuses_count":193,"description":"Conservatism:  A tacit understanding that everything of true significance in human existence has already happened - at least once.","friends_count":56,"location":"","profile_link_color":"0084B4","profile_image_url":"http://pbs.twimg.com/profile_images/378800000712394721/d37f42abad361360f014c11fe51335aa_normal.jpeg","following":false,"geo_enabled":false,"profile_background_image_url":"http://abs.twimg.com/images/themes/theme1/bg.png","name":"Peter Frost","lang":"en","profile_background_tile":false,"favourites_count":83,"screen_name":"PFFrost","notifications":false,"url":null,"created_at":"Fri Nov 08 18:44:14 +0000 2013","contributors_enabled":false,"time_zone":null,"protected":false,"default_profile":true,"is_translator":false},"geo":null,"in_reply_to_user_id_str":"14401607","lang":"en","created_at":"Sun Dec 14 23:29:13 +0000 2014","in_reply_to_status_id_str":"544270745744846848","place":null},
{"contributors":null,"truncated":false,"text":"@BlogsofWar @stephenfhayes @tomsteinfort ..w/Australia's strict gun control legislation, it was bound to happen. Legal gun ownership works","in_reply_to_status_id":544270745744846848,"id":544275567986888705,"favorite_count":1,"source":"<a href=\"http://twitter.com\" rel=\"nofollow\">Twitter Web Client</a>","retweeted":false,"coordinates":null,"entities":{"symbols":[],"user_mentions":[{"id":14401607,"indices":[0,11],"id_str":"14401607","screen_name":"BlogsofWar","name":"Blogs of War"},{"id":69773058,"indices":[12,26],"id_str":"69773058","screen_name":"stephenfhayes","name":"Stephen Hayes"},{"id":25777812,"indices":[27,40],"id_str":"25777812","screen_name":"tomsteinfort","name":"Tom Steinfort"}],"hashtags":[],"urls":[]},"in_reply_to_screen_name":"BlogsofWar","id_str":"544275567986888705","retweet_count":1,"in_reply_to_user_id":14401607,"favorited":false,"user":{"follow_request_sent":false,"profile_use_background_image":true,"profile_text_color":"333333","default_profile_image":false,"id":2483044398,"profile_background_image_url_https":"https://abs.twimg.com/images/themes/theme1/bg.png","verified":false,"profile_location":null,"profile_image_url_https":"https://pbs.twimg.com/profile_images/464229846827032576/RX1t7rz9_normal.jpeg","profile_sidebar_fill_color":"DDEEF6","entities":{"url":{"urls":[{"url":"http://t.co/Bp6widZXWH","indices":[0,22],"expanded_url":"http://writeinussenate2014.info","display_url":"writeinussenate2014.info"}]},"description":{"urls":[]}},"followers_count":68,"profile_sidebar_border_color":"C0DEED","id_str":"2483044398","profile_background_color":"FFFFFF","listed_count":0,"is_translation_enabled":false,"utc_offset":null,"statuses_count":273,"description":"Write In Candidate US Senate NC\nUnaffiliated. Do not let republican win Nov 4th pick up the moderate's baton","friends_count":58,"location":"North Carolina","profile_link_color":"0084B4","profile_image_url":"http://pbs.twimg.com/profile_images/464229846827032576/RX1t7rz9_normal.jpeg","following":false,"geo_enabled":false,"profile_banner_url":"https://pbs.twimg.com/profile_banners/2483044398/1399515993","profile_background_image_url":"http://abs.twimg.com/images/themes/theme1/bg.png","name":"Barry Gurney","lang":"en","profile_background_tile":false,"favourites_count":3,"screen_name":"writeinussenate","notifications":false,"url":"http://t.co/Bp6widZXWH","created_at":"Thu May 08 02:19:29 +0000 2014","contributors_enabled":false,"time_zone":null,"protected":false,"default_profile":false,"is_translator":false},"geo":null,"in_reply_to_user_id_str":"14401607","lang":"en","created_at":"Sun Dec 14 23:39:42 +0000 2014","in_reply_to_status_id_str":"544270745744846848","place":null},
{"contributors":null,"truncated":false,"text":"@BlogsofWar @tomsteinfort @thegrugq not an ISIS flag.","in_reply_to_status_id":544270745744846848,"id":544282251689607168,"favorite_count":0,"source":"<a href=\"http://tapbots.com/tweetbot\" rel=\"nofollow\">Tweetbot for iΟS</a>","retweeted":false,"coordinates":null,"entities":{"symbols":[],"user_mentions":[{"id":14401607,"indices":[0,11],"id_str":"14401607","screen_name":"BlogsofWar","name":"Blogs of War"},{"id":25777812,"indices":[12,25],"id_str":"25777812","screen_name":"tomsteinfort","name":"Tom Steinfort"},{"id":18983429,"indices":[26,35],"id_str":"18983429","screen_name":"thegrugq","name":"the grugq"}],"hashtags":[],"urls":[]},"in_reply_to_screen_name":"BlogsofWar","id_str":"544282251689607168","retweet_count":0,"in_reply_to_user_id":14401607,"favorited":false,"user":{"follow_request_sent":false,"profile_use_background_image":true,"profile_text_color":"333333","default_profile_image":false,"id":977910404,"profile_background_image_url_https":"https://abs.twimg.com/images/themes/theme15/bg.png","verified":false,"profile_location":null,"profile_image_url_https":"https://pbs.twimg.com/profile_images/446879086950879232/b2-rpStd_normal.jpeg","profile_sidebar_fill_color":"C0DFEC","entities":{"description":{"urls":[]}},"followers_count":2961,"profile_sidebar_border_color":"A8C7F7","id_str":"977910404","profile_background_color":"022330","listed_count":82,"is_translation_enabled":false,"utc_offset":0,"statuses_count":12230,"description":"Inebriated ragetweeter on a tiny Pacific atoll. Evangelical Contrarian. Occasional purveyor of recipes and/or poetry. Ex cyber computer hacker.","friends_count":138,"location":"7°05′22″ N 171°22′48″ E","profile_link_color":"0084B4","profile_image_url":"http://pbs.twimg.com/profile_images/446879086950879232/b2-rpStd_normal.jpeg","following":false,"geo_enabled":false,"profile_background_image_url":"http://abs.twimg.com/images/themes/theme15/bg.png","name":"Ben Nagy","lang":"en","profile_background_tile":false,"favourites_count":11,"screen_name":"rantyben","notifications":false,"url":null,"created_at":"Thu Nov 29 08:40:29 +0000 2012","contributors_enabled":false,"time_zone":"Casablanca","protected":false,"default_profile":false,"is_translator":false},"geo":null,"in_reply_to_user_id_str":"14401607","lang":"en","created_at":"Mon Dec 15 00:06:15 +0000 2014","in_reply_to_status_id_str":"544270745744846848","place":null},
{"contributors":null,"truncated":false,"text":"@BlogsofWar @stephenfhayes @tomsteinfort if terrorists have family in Australia, take their property &amp; DEPORT them ALL Tell the Terrorists .","in_reply_to_status_id":544270745744846848,"id":544286445402222592,"favorite_count":0,"source":"<a href=\"http://twitter.com\" rel=\"nofollow\">Twitter Web Client</a>","retweeted":false,"coordinates":null,"entities":{"symbols":[],"user_mentions":[{"id":14401607,"indices":[0,11],"id_str":"14401607","screen_name":"BlogsofWar","name":"Blogs of War"},{"id":69773058,"indices":[12,26],"id_str":"69773058","screen_name":"stephenfhayes","name":"Stephen Hayes"},{"id":25777812,"indices":[27,40],"id_str":"25777812","screen_name":"tomsteinfort","name":"Tom Steinfort"}],"hashtags":[],"urls":[]},"in_reply_to_screen_name":"BlogsofWar","id_str":"544286445402222592","retweet_count":0,"in_reply_to_user_id":14401607,"favorited":false,"user":{"follow_request_sent":false,"profile_use_background_image":true,"profile_text_color":"333333","default_profile_image":false,"id":970608607,"profile_background_image_url_https":"https://abs.twimg.com/images/themes/theme1/bg.png","verified":false,"profile_location":null,"profile_image_url_https":"https://pbs.twimg.com/profile_images/2908910674/7602a70dd7b64516253c82d19405fe3b_normal.jpeg","profile_sidebar_fill_color":"DDEEF6","entities":{"description":{"urls":[]}},"followers_count":20,"profile_sidebar_border_color":"C0DEED","id_str":"970608607","profile_background_color":"C0DEED","listed_count":3,"is_translation_enabled":false,"utc_offset":-28800,"statuses_count":4104,"description":"","friends_count":43,"location":"","profile_link_color":"0084B4","profile_image_url":"http://pbs.twimg.com/profile_images/2908910674/7602a70dd7b64516253c82d19405fe3b_normal.jpeg","following":false,"geo_enabled":false,"profile_background_image_url":"http://abs.twimg.com/images/themes/theme1/bg.png","name":"J","lang":"en","profile_background_tile":false,"favourites_count":231,"screen_name":"Bucephalus300","notifications":false,"url":null,"created_at":"Sun Nov 25 19:07:26 +0000 2012","contributors_enabled":false,"time_zone":"Pacific Time (US & Canada)","protected":false,"default_profile":true,"is_translator":false},"geo":null,"in_reply_to_user_id_str":"14401607","lang":"en","created_at":"Mon Dec 15 00:22:55 +0000 2014","in_reply_to_status_id_str":"544270745744846848","place":null},
{"contributors":null,"truncated":false,"text":"@BlogsofWar @tomsteinfort. And the liberals want us to feel bad about interrogating these animals.","in_reply_to_status_id":544270745744846848,"id":544287094055514112,"favorite_count":0,"source":"<a href=\"http://twitter.com/download/android\" rel=\"nofollow\">Twitter for Android</a>","retweeted":false,"coordinates":null,"entities":{"symbols":[],"user_mentions":[{"id":14401607,"indices":[0,11],"id_str":"14401607","screen_name":"BlogsofWar","name":"Blogs of War"},{"id":25777812,"indices":[12,25],"id_str":"25777812","screen_name":"tomsteinfort","name":"Tom Steinfort"}],"hashtags":[],"urls":[]},"in_reply_to_screen_name":"BlogsofWar","id_str":"544287094055514112","retweet_count":0,"in_reply_to_user_id":14401607,"favorited":false,"user":{"follow_request_sent":false,"profile_use_background_image":true,"profile_text_color":"333333","default_profile_image":true,"id":402070775,"profile_background_image_url_https":"https://abs.twimg.com/images/themes/theme1/bg.png","verified":false,"profile_location":null,"profile_image_url_https":"https://abs.twimg.com/sticky/default_profile_images/default_profile_1_normal.png","profile_sidebar_fill_color":"DDEEF6","entities":{"description":{"urls":[]}},"followers_count":10,"profile_sidebar_border_color":"C0DEED","id_str":"402070775","profile_background_color":"C0DEED","listed_count":1,"is_translation_enabled":false,"utc_offset":null,"statuses_count":526,"description":"","friends_count":41,"location":"Las Vegas","profile_link_color":"0084B4","profile_image_url":"http://abs.twimg.com/sticky/default_profile_images/default_profile_1_normal.png","following":false,"geo_enabled":true,"profile_background_image_url":"http://abs.twimg.com/images/themes/theme1/bg.png","name":"Joseph Fraser","lang":"en","profile_background_tile":false,"favourites_count":63,"screen_name":"jff2642","notifications":false,"url":null,"created_at":"Mon Oct 31 14:14:55 +0000 2011","contributors_enabled":false,"time_zone":null,"protected":false,"default_profile":true,"is_translator":false},"geo":null,"in_reply_to_user_id_str":"14401607","lang":"en","created_at":"Mon Dec 15 00:25:30 +0000 2014","in_reply_to_status_id_str":"544270745744846848","place":null},
{"contributors":null,"truncated":false,"text":"@BlogsofWar @tomsteinfort Might be an idea to not propagate this photo? Think of the hostages' families.","in_reply_to_status_id":544270745744846848,"id":544293553317625856,"favorite_count":0,"source":"<a href=\"http://twitter.com/download/android\" rel=\"nofollow\">Twitter for Android</a>","retweeted":false,"coordinates":null,"entities":{"symbols":[],"user_mentions":[{"id":14401607,"indices":[0,11],"id_str":"14401607","screen_name":"BlogsofWar","name":"Blogs of War"},{"id":25777812,"indices":[12,25],"id_str":"25777812","screen_name":"tomsteinfort","name":"Tom Steinfort"}],"hashtags":[],"urls":[]},"in_reply_to_screen_name":"BlogsofWar","id_str":"544293553317625856","retweet_count":0,"in_reply_to_user_id":14401607,"favorited":false,"user":{"follow_request_sent":false,"profile_use_background_image":false,"profile_text_color":"000000","default_profile_image":false,"id":2472886705,"profile_background_image_url_https":"https://abs.twimg.com/images/themes/theme1/bg.png","verified":false,"profile_location":null,"profile_image_url_https":"https://pbs.twimg.com/profile_images/461937531978645504/YegwrhBl_normal.jpeg","profile_sidebar_fill_color":"000000","entities":{"url":{"urls":[{"url":"http://t.co/fQXY9PuI7Y","indices":[0,22],"expanded_url":"http://pure.rhul.ac.uk/portal/en/persons/andreas-haggman%28e8f116af-aad7-4f3d-ba98-bcf0d6612d4a%29.h","display_url":"pure.rhul.ac.uk/portal/en/pers…"}]},"description":{"urls":[]}},"followers_count":45,"profile_sidebar_border_color":"000000","id_str":"2472886705","profile_background_color":"000000","listed_count":1,"is_translation_enabled":false,"utc_offset":0,"statuses_count":334,"description":"Cyber Security CDT @ISGNews, @RoyalHolloway. Interested in cyber, technology, military history, video games, and sports.","friends_count":224,"location":"","profile_link_color":"3B94D9","profile_image_url":"http://pbs.twimg.com/profile_images/461937531978645504/YegwrhBl_normal.jpeg","following":false,"geo_enabled":false,"profile_banner_url":"https://pbs.twimg.com/profile_banners/2472886705/1411680706","profile_background_image_url":"http://abs.twimg.com/images/themes/theme1/bg.png","name":"Andreas Haggman","lang":"en-gb","profile_background_tile":false,"favourites_count":3,"screen_name":"Andreas_Haggman","notifications":false,"url":"http://t.co/fQXY9PuI7Y","created_at":"Thu May 01 18:29:03 +0000 2014","contributors_enabled":false,"time_zone":"London","protected":false,"default_profile":false,"is_translator":false},"geo":null,"in_reply_to_user_id_str":"14401607","lang":"en","created_at":"Mon Dec 15 00:51:10 +0000 2014","in_reply_to_status_id_str":"544270745744846848","place":null},
{"contributors":null,"truncated":false,"text":"@BlogsofWar @stephenfhayes @tomsteinfort People are holding their hands up all over the World and for some it is very terrifying !!!!!","in_reply_to_status_id":544270745744846848,"id":544293590877212672,"favorite_count":0,"source":"<a href=\"http://twitter.com\" rel=\"nofollow\">Twitter Web Client</a>","retweeted":false,"coordinates":null,"entities":{"symbols":[],"user_mentions":[{"id":14401607,"indices":[0,11],"id_str":"14401607","screen_name":"BlogsofWar","name":"Blogs of War"},{"id":69773058,"indices":[12,26],"id_str":"69773058","screen_name":"stephenfhayes","name":"Stephen Hayes"},{"id":25777812,"indices":[27,40],"id_str":"25777812","screen_name":"tomsteinfort","name":"Tom Steinfort"}],"hashtags":[],"urls":[]},"in_reply_to_screen_name":"BlogsofWar","id_str":"544293590877212672","retweet_count":0,"in_reply_to_user_id":14401607,"favorited":false,"user":{"follow_request_sent":false,"profile_use_background_image":false,"profile_text_color":"000000","default_profile_image":false,"id":2743717021,"profile_background_image_url_https":"https://abs.twimg.com/images/themes/theme1/bg.png","verified":false,"profile_location":null,"profile_image_url_https":"https://pbs.twimg.com/profile_images/547015520419995648/VJfUeuLK_normal.jpeg","profile_sidebar_fill_color":"000000","entities":{"description":{"urls":[]}},"followers_count":5,"profile_sidebar_border_color":"000000","id_str":"2743717021","profile_background_color":"000000","listed_count":0,"is_translation_enabled":false,"utc_offset":null,"statuses_count":305,"description":"I am a singer songwriter from Waco, Texas. I now Have an album on the net I Wanna Be Like Elvis  ON I- Tunes And  Amazon. I enjoy life and all it brings.","friends_count":17,"location":"Mount Airy Maryland","profile_link_color":"DD2E44","profile_image_url":"http://pbs.twimg.com/profile_images/547015520419995648/VJfUeuLK_normal.jpeg","following":false,"geo_enabled":false,"profile_banner_url":"https://pbs.twimg.com/profile_banners/2743717021/1416745769","profile_background_image_url":"http://abs.twimg.com/images/themes/theme1/bg.png","name":"Gilberto Caballero","lang":"en","profile_background_tile":false,"favourites_count":1,"screen_name":"3ymI7toOYGW5QEd","notifications":false,"url":null,"created_at":"Tue Aug 19 02:05:21 +0000 2014","contributors_enabled":false,"time_zone":null,"protected":false,"default_profile":false,"is_translator":false},"geo":null,"in_reply_to_user_id_str":"14401607","lang":"en","created_at":"Mon Dec 15 00:51:19 +0000 2014","in_reply_to_status_id_str":"544270745744846848","place":null},
{"contributors":null,"truncated":false,"text":"@BlogsofWar @tomsteinfort Hands up Don't shoot?","in_reply_to_status_id":544270745744846848,"id":544303722609012736,"favorite_count":0,"source":"<a href=\"http://twitter.com\" rel=\"nofollow\">Twitter Web Client</a>","retweeted":false,"coordinates":null,"entities":{"symbols":[],"user_mentions":[{"id":14401607,"indices":[0,11],"id_str":"14401607","screen_name":"BlogsofWar","name":"Blogs of War"},{"id":25777812,"indices":[12,25],"id_str":"25777812","screen_name":"tomsteinfort","name":"Tom Steinfort"}],"hashtags":[],"urls":[]},"in_reply_to_screen_name":"BlogsofWar","id_str":"544303722609012736","retweet_count":0,"in_reply_to_user_id":14401607,"favorited":false,"user":{"follow_request_sent":false,"profile_use_background_image":true,"profile_text_color":"333333","default_profile_image":false,"id":2385557324,"profile_background_image_url_https":"https://pbs.twimg.com/profile_background_images/458784113353175040/jcAcwu5i.jpeg","verified":false,"profile_location":null,"profile_image_url_https":"https://pbs.twimg.com/profile_images/536233936754466817/pbenpRR-_normal.jpeg","profile_sidebar_fill_color":"DDEEF6","entities":{"url":{"urls":[{"url":"https://t.co/5XO6Y9ruRY","indices":[0,23],"expanded_url":"https://www.youtube.com/watch?v=mOYV7zMoDck","display_url":"youtube.com/watch?v=mOYV7z…"}]},"description":{"urls":[]}},"followers_count":322,"profile_sidebar_border_color":"FFFFFF","id_str":"2385557324","profile_background_color":"092103","listed_count":2,"is_translation_enabled":false,"utc_offset":-18000,"statuses_count":2865,"description":"54, catalog commando, libertarian, autism dad, art toys, Scorpio, knifenut, pseudo war. Hate: Nazis, Communists, hippies, Sharia.  Love: Vietnam vets #Yooper","friends_count":368,"location":"Teh Free State","profile_link_color":"2558CF","profile_image_url":"http://pbs.twimg.com/profile_images/536233936754466817/pbenpRR-_normal.jpeg","following":false,"geo_enabled":false,"profile_banner_url":"https://pbs.twimg.com/profile_banners/2385557324/1418666684","profile_background_image_url":"http://pbs.twimg.com/profile_background_images/458784113353175040/jcAcwu5i.jpeg","name":"ConSec Leader","lang":"en","profile_background_tile":true,"favourites_count":3225,"screen_name":"Cleve_N_Twain","notifications":false,"url":"https://t.co/5XO6Y9ruRY","created_at":"Wed Mar 12 17:15:15 +0000 2014","contributors_enabled":false,"time_zone":"Eastern Time (US & Canada)","protected":false,"default_profile":false,"is_translator":false},"geo":null,"in_reply_to_user_id_str":"14401607","lang":"en","created_at":"Mon Dec 15 01:31:34 +0000 2014","in_reply_to_status_id_str":"544270745744846848","place":null},
{"contributors":null,"truncated":false,"text":"@BlogsofWar @Rekka_K @tomsteinfort correction not an ISIS flag but you can still use ISIS to sell you news even more","in_reply_to_status_id":544270745744846848,"id":544311348314644480,"favorite_count":0,"source":"<a href=\"http://twitter.com\" rel=\"nofollow\">Twitter Web Client</a>","retweeted":false,"coordinates":null,"entities":{"symbols":[],"user_mentions":[{"id":14401607,"indices":[0,11],"id_str":"14401607","screen_name":"BlogsofWar","name":"Blogs of War"},{"id":2509611182,"indices":[12,20],"id_str":"2509611182","screen_name":"Rekka_K","name":"Rekka"},{"id":25777812,"indices":[21,34],"id_str":"25777812","screen_name":"tomsteinfort","name":"Tom Steinfort"}],"hashtags":[],"urls":[]},"in_reply_to_screen_name":"BlogsofWar","id_str":"544311348314644480","retweet_count":1,"in_reply_to_user_id":14401607,"favorited":false,"user":{"follow_request_sent":false,"profile_use_background_image":true,"profile_text_color":"333333","default_profile_image":false,"id":2847603102,"profile_background_image_url_https":"https://abs.twimg.com/images/themes/theme1/bg.png","verified":false,"profile_location":null,"profile_image_url_https":"https://pbs.twimg.com/profile_images/519910747157979136/U3-5hdiN_normal.jpeg","profile_sidebar_fill_color":"DDEEF6","entities":{"description":{"urls":[]}},"followers_count":549,"profile_sidebar_border_color":"C0DEED","id_str":"2847603102","profile_background_color":"C0DEED","listed_count":3,"is_translation_enabled":false,"utc_offset":null,"statuses_count":3635,"description":"I stand for justice, I refuse Subjugation, Islamic State represent Me !!.","friends_count":74,"location":"","profile_link_color":"0084B4","profile_image_url":"http://pbs.twimg.com/profile_images/519910747157979136/U3-5hdiN_normal.jpeg","following":false,"geo_enabled":false,"profile_banner_url":"https://pbs.twimg.com/profile_banners/2847603102/1412791423","profile_background_image_url":"http://abs.twimg.com/images/themes/theme1/bg.png","name":"Ibn Ahmed ","lang":"en","profile_background_tile":false,"favourites_count":224,"screen_name":"Lion_Sumaal123","notifications":false,"url":null,"created_at":"Wed Oct 08 16:26:47 +0000 2014","contributors_enabled":false,"time_zone":null,"protected":false,"default_profile":true,"is_translator":false},"geo":null,"in_reply_to_user_id_str":"14401607","lang":"en","created_at":"Mon Dec 15 02:01:52 +0000 2014","in_reply_to_status_id_str":"544270745744846848","place":null},
{"contributors":null,"truncated":false,"text":"@BlogsofWar @tomsteinfort not an ISIS flag. For me is a Jhabat al Nusra flag #Sydneycafeseige #terrorism http://t.co/pOJBHjgC3a","in_reply_to_status_id":544270745744846848,"id":544350042568814592,"favorite_count":0,"source":"<a href=\"http://twitter.com/#!/download/ipad\" rel=\"nofollow\">Twitter for iPad</a>","retweeted":false,"coordinates":null,"entities":{"symbols":[],"user_mentions":[{"id":14401607,"indices":[0,11],"id_str":"14401607","screen_name":"BlogsofWar","name":"Blogs of War"},{"id":25777812,"indices":[12,25],"id_str":"25777812","screen_name":"tomsteinfort","name":"Tom Steinfort"}],"hashtags":[{"indices":[77,93],"text":"Sydneycafeseige"},{"indices":[94,104],"text":"terrorism"}],"urls":[],"media":[{"expanded_url":"http://twitter.com/LeNefastofeles/status/544350042568814592/photo/1","display_url":"pic.twitter.com/pOJBHjgC3a","url":"http://t.co/pOJBHjgC3a","media_url_https":"https://pbs.twimg.com/media/B43rZvVIMAAdeCB.jpg","id_str":"544349957416038400","sizes":{"large":{"h":1000,"resize":"fit","w":1000},"small":{"h":340,"resize":"fit","w":340},"medium":{"h":600,"resize":"fit","w":600},"thumb":{"h":150,"resize":"crop","w":150}},"indices":[105,127],"type":"photo","id":544349957416038400,"media_url":"http://pbs.twimg.com/media/B43rZvVIMAAdeCB.jpg"}]},"in_reply_to_screen_name":"BlogsofWar","id_str":"544350042568814592","retweet_count":0,"in_reply_to_user_id":14401607,"favorited":false,"user":{"follow_request_sent":false,"profile_use_background_image":true,"profile_text_color":"333333","default_profile_image":false,"id":199820447,"profile_background_image_url_https":"https://abs.twimg.com/images/themes/theme14/bg.gif","verified":false,"profile_location":null,"profile_image_url_https":"https://pbs.twimg.com/profile_images/565066813617102848/-KQCbTsr_normal.jpeg","profile_sidebar_fill_color":"EFEFEF","entities":{"description":{"urls":[]}},"followers_count":133,"profile_sidebar_border_color":"EEEEEE","id_str":"199820447","profile_background_color":"131516","listed_count":3,"is_translation_enabled":false,"utc_offset":-21600,"statuses_count":4293,"description":"Im the worst spy ever. National Security, Terrorism and war studies. I play the synthesizers too.","friends_count":76,"location":"Tenochtitlan/Mexico City","profile_link_color":"009999","profile_image_url":"http://pbs.twimg.com/profile_images/565066813617102848/-KQCbTsr_normal.jpeg","following":false,"geo_enabled":false,"profile_banner_url":"https://pbs.twimg.com/profile_banners/199820447/1418794462","profile_background_image_url":"http://abs.twimg.com/images/themes/theme14/bg.gif","name":"Adán Bustamante","lang":"es","profile_background_tile":true,"favourites_count":1293,"screen_name":"LeNefastofeles","notifications":false,"url":null,"created_at":"Thu Oct 07 20:11:44 +0000 2010","contributors_enabled":false,"time_zone":"Mexico City","protected":false,"default_profile":false,"is_translator":false},"geo":null,"in_reply_to_user_id_str":"14401607","possibly_sensitive":false,"lang":"nl","created_at":"Mon Dec 15 04:35:38 +0000 2014","in_reply_to_status_id_str":"544270745744846848","place":null,"extended_entities":{"media":[{"expanded_url":"http://twitter.com/LeNefastofeles/status/544350042568814592/photo/1","display_url":"pic.twitter.com/pOJBHjgC3a","url":"http://t.co/pOJBHjgC3a","media_url_https":"https://pbs.twimg.com/media/B43rZvVIMAAdeCB.jpg","id_str":"544349957416038400","sizes":{"large":{"h":1000,"resize":"fit","w":1000},"small":{"h":340,"resize":"fit","w":340},"medium":{"h":600,"resize":"fit","w":600},"thumb":{"h":150,"resize":"crop","w":150}},"indices":[105,127],"type":"photo","id":544349957416038400,"media_url":"http://pbs.twimg.com/media/B43rZvVIMAAdeCB.jpg"}]}},
{"contributors":null,"truncated":false,"text":"Neoconservatives right again. The Islamist threat is VERY real. \n@BlogsofWar @clairlemon @tomsteinfort","in_reply_to_status_id":544270745744846848,"id":544372631986655232,"favorite_count":0,"source":"<a href=\"http://twitter.com\" rel=\"nofollow\">Twitter Web Client</a>","retweeted":false,"coordinates":null,"entities":{"symbols":[],"user_mentions":[{"id":14401607,"indices":[65,76],"id_str":"14401607","screen_name":"BlogsofWar","name":"Blogs of War"},{"id":1398479138,"indices":[77,88],"id_str":"1398479138","screen_name":"clairlemon","name":"Claire Lehmann"},{"id":25777812,"indices":[89,102],"id_str":"25777812","screen_name":"tomsteinfort","name":"Tom Steinfort"}],"hashtags":[],"urls":[]},"in_reply_to_screen_name":"BlogsofWar","id_str":"544372631986655232","retweet_count":0,"in_reply_to_user_id":14401607,"favorited":false,"user":{"follow_request_sent":false,"profile_use_background_image":true,"profile_text_color":"333333","default_profile_image":false,"id":262068361,"profile_background_image_url_https":"https://abs.twimg.com/images/themes/theme15/bg.png","verified":false,"profile_location":null,"profile_image_url_https":"https://pbs.twimg.com/profile_images/564029126562963457/_eNqq3KI_normal.jpeg","profile_sidebar_fill_color":"C0DFEC","entities":{"url":{"urls":[{"url":"http://t.co/GuzNTTFEO0","indices":[0,22],"expanded_url":"http://www.benjaminterpstra.com","display_url":"benjaminterpstra.com"}]},"description":{"urls":[]}},"followers_count":836,"profile_sidebar_border_color":"A8C7F7","id_str":"262068361","profile_background_color":"022330","listed_count":23,"is_translation_enabled":false,"utc_offset":39600,"statuses_count":19032,"description":"“Red wine with fish…Well that should have told me something.” –Bond, James Bond","friends_count":688,"location":"Victoria, Australia","profile_link_color":"0084B4","profile_image_url":"http://pbs.twimg.com/profile_images/564029126562963457/_eNqq3KI_normal.jpeg","following":false,"geo_enabled":false,"profile_banner_url":"https://pbs.twimg.com/profile_banners/262068361/1418787232","profile_background_image_url":"http://abs.twimg.com/images/themes/theme15/bg.png","name":"Cheeky Gent ","lang":"en","profile_background_tile":false,"favourites_count":11255,"screen_name":"CheekyGent","notifications":false,"url":"http://t.co/GuzNTTFEO0","created_at":"Mon Mar 07 08:28:00 +0000 2011","contributors_enabled":false,"time_zone":"Melbourne","protected":false,"default_profile":false,"is_translator":false},"geo":null,"in_reply_to_user_id_str":"14401607","lang":"en","created_at":"Mon Dec 15 06:05:24 +0000 2014","in_reply_to_status_id_str":"544270745744846848","place":null},
{"contributors":null,"truncated":false,"text":"@BlogsofWar @Katsalgi @tomsteinfort Gee, I wish these folks were allowed by their govt to have firearms so they cd have defended themselves.","in_reply_to_status_id":544270745744846848,"id":544597638382096384,"favorite_count":0,"source":"<a href=\"http://twitter.com/download/android\" rel=\"nofollow\">Twitter for Android</a>","retweeted":false,"coordinates":null,"entities":{"symbols":[],"user_mentions":[{"id":14401607,"indices":[0,11],"id_str":"14401607","screen_name":"BlogsofWar","name":"Blogs of War"},{"id":26536146,"indices":[12,21],"id_str":"26536146","screen_name":"Katsalgi","name":"Kerry Martin"},{"id":25777812,"indices":[22,35],"id_str":"25777812","screen_name":"tomsteinfort","name":"Tom Steinfort"}],"hashtags":[],"urls":[]},"in_reply_to_screen_name":"BlogsofWar","id_str":"544597638382096384","retweet_count":0,"in_reply_to_user_id":14401607,"favorited":false,"user":{"follow_request_sent":false,"profile_use_background_image":true,"profile_text_color":"333333","default_profile_image":false,"id":2288010913,"profile_background_image_url_https":"https://abs.twimg.com/images/themes/theme1/bg.png","verified":false,"profile_location":null,"profile_image_url_https":"https://pbs.twimg.com/profile_images/587012712028311552/n8Q8eK0Q_normal.jpg","profile_sidebar_fill_color":"DDEEF6","entities":{"url":{"urls":[{"url":"http://t.co/O4z4XP9BY2","indices":[0,22],"expanded_url":"http://www.joezsingin.com","display_url":"joezsingin.com"}]},"description":{"urls":[]}},"followers_count":768,"profile_sidebar_border_color":"C0DEED","id_str":"2288010913","profile_background_color":"C0DEED","listed_count":7,"is_translation_enabled":false,"utc_offset":-18000,"statuses_count":11324,"description":"Entertainer/vocalist/pianist. Vocal Coaching, Choir Direction. frustrated patriotic old school conservative.","friends_count":575,"location":"Upstate NY","profile_link_color":"0084B4","profile_image_url":"http://pbs.twimg.com/profile_images/587012712028311552/n8Q8eK0Q_normal.jpg","following":false,"geo_enabled":true,"profile_banner_url":"https://pbs.twimg.com/profile_banners/2288010913/1390436186","profile_background_image_url":"http://abs.twimg.com/images/themes/theme1/bg.png","name":"RockinJoe","lang":"en","profile_background_tile":false,"favourites_count":1133,"screen_name":"RockinJoe1","notifications":false,"url":"http://t.co/O4z4XP9BY2","created_at":"Sun Jan 12 10:52:48 +0000 2014","contributors_enabled":false,"time_zone":"Eastern Time (US & Canada)","protected":false,"default_profile":true,"is_translator":false},"geo":null,"in_reply_to_user_id_str":"14401607","lang":"en","created_at":"Mon Dec 15 20:59:29 +0000 2014","in_reply_to_status_id_str":"544270745744846848","place":null}
]