[{"contributors":null,"truncated":false,"text":"@7NewsSydney it's not right you have live footage of the hostages, exactly what the gunmen want. You're playing into their hands","in_reply_to_status_id":544274585697280000,"id":544274750227234817,"favorite_count":0,"source":"<a href=\"http://twitter.com\" rel=\"nofollow\">Twitter Web Client</a>","retweeted":false,"coordinates":null,"entities":{"symbols":[],"user_mentions":[{"id":156464691,"indices":[0,12],"id_str":"156464691","screen_name":"7NewsSydney","name":"7 News Sydney"}],"hashtags":[],"urls":[]},"in_reply_to_screen_name":"7NewsSydney","id_str":"544274750227234817","retweet_count":0,"in_reply_to_user_id":156464691,"favorited":false,"user":{"follow_request_sent":false,"profile_use_background_image":true,"profile_text_color":"333333","default_profile_image":false,"id":6921192,"profile_background_image_url_https":"https://pbs.twimg.com/profile_background_images/81633074/3594486626_5636a30b38_b.jpg","verified":false,"profile_location":null,"profile_image_url_https":"https://pbs.twimg.com/profile_images/525398922358185984/x_uR2VNO_normal.jpeg","profile_sidebar_fill_color":"EFEFEF","entities":{"url":{"urls":[{"url":"http://t.co/0McodSJ3Fb","indices":[0,22],"expanded_url":"http://willdeasyphotography.com","display_url":"willdeasyphotography.com"}]},"description":{"urls":[]}},"followers_count":548,"profile_sidebar_border_color":"EEEEEE","id_str":"6921192","profile_background_color":"131516","listed_count":19,"is_translation_enabled":false,"utc_offset":39600,"statuses_count":11603,"description":"Irish expat living in Sydney. Fan of coffee, wine and all things tech.","friends_count":707,"location":"Sydney, Australia ","profile_link_color":"009999","profile_image_url":"http://pbs.twimg.com/profile_images/525398922358185984/x_uR2VNO_normal.jpeg","following":false,"geo_enabled":true,"profile_background_image_url":"http://pbs.twimg.com/profile_background_images/81633074/3594486626_5636a30b38_b.jpg","name":"Will Deasy","lang":"en","profile_background_tile":false,"favourites_count":225,"screen_name":"willdeasy","notifications":false,"url":"http://t.co/0McodSJ3Fb","created_at":"Tue Jun 19 10:34:38 +0000 2007","contributors_enabled":false,"time_zone":"Sydney","protected":false,"default_profile":false,"is_translator":false},"geo":null,"in_reply_to_user_id_str":"156464691","lang":"en","created_at":"Sun Dec 14 23:36:27 +0000 2014","in_reply_to_status_id_str":"544274585697280000","place":null},
{"contributors":null,"truncated":false,"text":"@7NewsSydney I can't believe this world, people putting innocent people's lives at risk! Why? This world has lost it.","in_reply_to_status_id":544274585697280000,"id":544276324630540288,"favorite_count":0,"source":"<a href=\"http://twitter.com/download/iphone\" rel=\"nofollow\">Twitter for iPhone</a>","retweeted":false,"coordinates":null,"entities":{"symbols":[],"user_mentions":[{"id":156464691,"indices":[0,12],"id_str":"156464691","screen_name":"7NewsSydney","name":"7 News Sydney"}],"hashtags":[],"urls":[]},"in_reply_to_screen_name":"7NewsSydney","id_str":"544276324630540288","retweet_count":0,"in_reply_to_user_id":156464691,"favorited":false,"user":{"follow_request_sent":false,"profile_use_background_image":true,"profile_text_color":"333333","default_profile_image":false,"id":38372499,"profile_background_image_url_https":"https://pbs.twimg.com/profile_background_images/378800000066538050/81d3d6b522ce9313428b85226e5dca05.jpeg","verified":false,"profile_location":null,"profile_image_url_https":"https://pbs.twimg.com/profile_images/466123278063394816/oXzn55EJ_normal.jpeg","profile_sidebar_fill_color":"F6F6F6","entities":{"description":{"urls":[]}},"followers_count":143,"profile_sidebar_border_color":"FFFFFF","id_str":"38372499","profile_background_color":"ACDED6","listed_count":0,"is_translation_enabled":false,"utc_offset":39600,"statuses_count":839,"description":"Music is an explosive expression of humanity. It's something we are all touched by. No matter what culture we're from, everyone loves music","friends_count":304,"location":"","profile_link_color":"038543","profile_image_url":"http://pbs.twimg.com/profile_images/466123278063394816/oXzn55EJ_normal.jpeg","following":false,"geo_enabled":true,"profile_banner_url":"https://pbs.twimg.com/profile_banners/38372499/1389671742","profile_background_image_url":"http://pbs.twimg.com/profile_background_images/378800000066538050/81d3d6b522ce9313428b85226e5dca05.jpeg","name":"Jess Haldane","lang":"en","profile_background_tile":true,"favourites_count":179,"screen_name":"Jesssieanne","notifications":false,"url":null,"created_at":"Thu May 07 04:57:57 +0000 2009","contributors_enabled":false,"time_zone":"Sydney","protected":false,"default_profile":false,"is_translator":false},"geo":null,"in_reply_to_user_id_str":"156464691","lang":"en","created_at":"Sun Dec 14 23:42:42 +0000 2014","in_reply_to_status_id_str":"544274585697280000","place":null},
{"contributors":null,"truncated":false,"text":"@7NewsSydney I hope children are not involved in this horrible situation in Martin Place.","in_reply_to_status_id":544274585697280000,"id":544277182118236160,"favorite_count":1,"source":"<a href=\"http://store.ovi.com/content/256340\" rel=\"nofollow\">Twitter for Nokia S40</a>","retweeted":false,"coordinates":null,"entities":{"symbols":[],"user_mentions":[{"id":156464691,"indices":[0,12],"id_str":"156464691","screen_name":"7NewsSydney","name":"7 News Sydney"}],"hashtags":[],"urls":[]},"in_reply_to_screen_name":"7NewsSydney","id_str":"544277182118236160","retweet_count":2,"in_reply_to_user_id":156464691,"favorited":false,"user":{"follow_request_sent":false,"profile_use_background_image":true,"profile_text_color":"333333","default_profile_image":false,"id":1301317915,"profile_background_image_url_https":"https://pbs.twimg.com/profile_background_images/453374287030677505/aRUldIIj.jpeg","verified":false,"profile_location":null,"profile_image_url_https":"https://pbs.twimg.com/profile_images/583091849952268289/4HUfwBbQ_normal.jpg","profile_sidebar_fill_color":"DDEEF6","entities":{"description":{"urls":[]}},"followers_count":130,"profile_sidebar_border_color":"000000","id_str":"1301317915","profile_background_color":"EDECE9","listed_count":1,"is_translation_enabled":false,"utc_offset":39600,"statuses_count":4088,"description":"Beyonce by day, Kayne West by night, Napoleon Dynamite realistically.","friends_count":77,"location":"Australia","profile_link_color":"088253","profile_image_url":"http://pbs.twimg.com/profile_images/583091849952268289/4HUfwBbQ_normal.jpg","following":false,"geo_enabled":false,"profile_banner_url":"https://pbs.twimg.com/profile_banners/1301317915/1414987902","profile_background_image_url":"http://pbs.twimg.com/profile_background_images/453374287030677505/aRUldIIj.jpeg","name":"Daina-Lee Clarke","lang":"en","profile_background_tile":true,"favourites_count":4218,"screen_name":"official_daina","notifications":false,"url":null,"created_at":"Mon Mar 25 21:57:39 +0000 2013","contributors_enabled":false,"time_zone":"Sydney","protected":false,"default_profile":false,"is_translator":false},"geo":null,"in_reply_to_user_id_str":"156464691","lang":"en","created_at":"Sun Dec 14 23:46:07 +0000 2014","in_reply_to_status_id_str":"544274585697280000","place":null}
]