[{"contributors":null,"truncated":false,"text":"@SkyNewsAust @campricenews Who would that be,the shock jocks who think they are terrorist experts,2GB??","in_reply_to_status_id":544287499397242880,"id":544289337517436928,"favorite_count":1,"source":"<a href=\"http://twitter.com/#!/download/ipad\" rel=\"nofollow\">Twitter for iPad</a>","retweeted":false,"coordinates":null,"entities":{"symbols":[],"user_mentions":[{"id":16834659,"indices":[0,12],"id_str":"16834659","screen_name":"SkyNewsAust","name":"Sky News Australia"},{"id":24796875,"indices":[13,26],"id_str":"24796875","screen_name":"campricenews","name":"Cameron Price"}],"hashtags":[],"urls":[]},"in_reply_to_screen_name":"SkyNewsAust","id_str":"544289337517436928","retweet_count":0,"in_reply_to_user_id":16834659,"favorited":false,"user":{"follow_request_sent":false,"profile_use_background_image":true,"profile_text_color":"333333","default_profile_image":false,"id":938489083,"profile_background_image_url_https":"https://abs.twimg.com/images/themes/theme1/bg.png","verified":false,"profile_location":null,"profile_image_url_https":"https://pbs.twimg.com/profile_images/3493818051/6b7a109be6eea8dc905425326ad4650b_normal.jpeg","profile_sidebar_fill_color":"DDEEF6","entities":{"description":{"urls":[]}},"followers_count":1372,"profile_sidebar_border_color":"C0DEED","id_str":"938489083","profile_background_color":"C0DEED","listed_count":21,"is_translation_enabled":false,"utc_offset":null,"statuses_count":32462,"description":"","friends_count":1316,"location":"","profile_link_color":"0084B4","profile_image_url":"http://pbs.twimg.com/profile_images/3493818051/6b7a109be6eea8dc905425326ad4650b_normal.jpeg","following":false,"geo_enabled":false,"profile_background_image_url":"http://abs.twimg.com/images/themes/theme1/bg.png","name":"Elizabeth Marr","lang":"en","profile_background_tile":false,"favourites_count":9225,"screen_name":"JmarrMarr","notifications":false,"url":null,"created_at":"Sat Nov 10 06:13:05 +0000 2012","contributors_enabled":false,"time_zone":null,"protected":false,"default_profile":true,"is_translator":false},"geo":null,"in_reply_to_user_id_str":"16834659","lang":"en","created_at":"Mon Dec 15 00:34:25 +0000 2014","in_reply_to_status_id_str":"544287499397242880","place":null},
{"contributors":null,"truncated":false,"text":"@SkyNewsAust @KKeneally @campricenews dont belive hadlet will do anything for ratings","in_reply_to_status_id":544287499397242880,"id":544291075553107971,"favorite_count":0,"source":"<a href=\"https://twitter.com/download/android\" rel=\"nofollow\">Twitter for Android Tablets</a>","retweeted":false,"coordinates":null,"entities":{"symbols":[],"user_mentions":[{"id":16834659,"indices":[0,12],"id_str":"16834659","screen_name":"SkyNewsAust","name":"Sky News Australia"},{"id":18925120,"indices":[13,23],"id_str":"18925120","screen_name":"KKeneally","name":"Kristina Keneally"},{"id":24796875,"indices":[24,37],"id_str":"24796875","screen_name":"campricenews","name":"Cameron Price"}],"hashtags":[],"urls":[]},"in_reply_to_screen_name":"SkyNewsAust","id_str":"544291075553107971","retweet_count":0,"in_reply_to_user_id":16834659,"favorited":false,"user":{"follow_request_sent":false,"profile_use_background_image":true,"profile_text_color":"333333","default_profile_image":false,"id":1859586222,"profile_background_image_url_https":"https://abs.twimg.com/images/themes/theme1/bg.png","verified":false,"profile_location":null,"profile_image_url_https":"https://pbs.twimg.com/profile_images/496014039214862336/2b-pnYm2_normal.jpeg","profile_sidebar_fill_color":"DDEEF6","entities":{"description":{"urls":[]}},"followers_count":108,"profile_sidebar_border_color":"C0DEED","id_str":"1859586222","profile_background_color":"C0DEED","listed_count":0,"is_translation_enabled":false,"utc_offset":null,"statuses_count":5087,"description":"sailor, procrastinator...retired gentleman","friends_count":152,"location":"The Borough, Australia","profile_link_color":"0084B4","profile_image_url":"http://pbs.twimg.com/profile_images/496014039214862336/2b-pnYm2_normal.jpeg","following":false,"geo_enabled":false,"profile_banner_url":"https://pbs.twimg.com/profile_banners/1859586222/1379052520","profile_background_image_url":"http://abs.twimg.com/images/themes/theme1/bg.png","name":" Team McClure","lang":"en","profile_background_tile":false,"favourites_count":331,"screen_name":"McClureRodney","notifications":false,"url":null,"created_at":"Fri Sep 13 05:54:53 +0000 2013","contributors_enabled":false,"time_zone":null,"protected":false,"default_profile":true,"is_translator":false},"geo":null,"in_reply_to_user_id_str":"16834659","lang":"en","created_at":"Mon Dec 15 00:41:19 +0000 2014","in_reply_to_status_id_str":"544287499397242880","place":null},
{"contributors":null,"truncated":false,"text":"@SkyNewsAust @KKeneally @campricenews If it's UNCONFRIMED, It's not Breaking News!","in_reply_to_status_id":544287499397242880,"id":544291686738710528,"favorite_count":1,"source":"<a href=\"http://twitter.com\" rel=\"nofollow\">Twitter Web Client</a>","retweeted":false,"coordinates":null,"entities":{"symbols":[],"user_mentions":[{"id":16834659,"indices":[0,12],"id_str":"16834659","screen_name":"SkyNewsAust","name":"Sky News Australia"},{"id":18925120,"indices":[13,23],"id_str":"18925120","screen_name":"KKeneally","name":"Kristina Keneally"},{"id":24796875,"indices":[24,37],"id_str":"24796875","screen_name":"campricenews","name":"Cameron Price"}],"hashtags":[],"urls":[]},"in_reply_to_screen_name":"SkyNewsAust","id_str":"544291686738710528","retweet_count":0,"in_reply_to_user_id":16834659,"favorited":false,"user":{"follow_request_sent":false,"profile_use_background_image":true,"profile_text_color":"333333","default_profile_image":false,"id":158199012,"profile_background_image_url_https":"https://pbs.twimg.com/profile_background_images/378800000032678200/5c1d8139a9f136dc5a1ddff4dece87aa.jpeg","verified":false,"profile_location":null,"profile_image_url_https":"https://pbs.twimg.com/profile_images/3735039072/2f7fc1de00b3f488d8dbdb054d25b9e8_normal.jpeg","profile_sidebar_fill_color":"C0DFEC","entities":{"description":{"urls":[]}},"followers_count":322,"profile_sidebar_border_color":"FFFFFF","id_str":"158199012","profile_background_color":"022330","listed_count":4,"is_translation_enabled":false,"utc_offset":37800,"statuses_count":5289,"description":"@Adelaide36ers Music Man, @Quiz_Meisters Host & RAA Insurance Analyst.\nI am what you call a triple threat!\nAlso a dad, hubby, @essendonfc member & diet coke fan","friends_count":643,"location":"Adelaide","profile_link_color":"0D4721","profile_image_url":"http://pbs.twimg.com/profile_images/3735039072/2f7fc1de00b3f488d8dbdb054d25b9e8_normal.jpeg","following":false,"geo_enabled":true,"profile_banner_url":"https://pbs.twimg.com/profile_banners/158199012/1398643173","profile_background_image_url":"http://pbs.twimg.com/profile_background_images/378800000032678200/5c1d8139a9f136dc5a1ddff4dece87aa.jpeg","name":"Toby Strudwicke","lang":"en","profile_background_tile":false,"favourites_count":806,"screen_name":"SkipStrudwicke","notifications":false,"url":null,"created_at":"Tue Jun 22 01:42:48 +0000 2010","contributors_enabled":false,"time_zone":"Adelaide","protected":false,"default_profile":false,"is_translator":false},"geo":null,"in_reply_to_user_id_str":"16834659","lang":"en","created_at":"Mon Dec 15 00:43:45 +0000 2014","in_reply_to_status_id_str":"544287499397242880","place":null},
{"contributors":null,"truncated":false,"text":"@SkyNewsAust @jacar101 @campricenews  zzzzzzzzzzzz","in_reply_to_status_id":544287499397242880,"id":544301824791306240,"favorite_count":0,"source":"<a href=\"http://twitter.com/download/android\" rel=\"nofollow\">Twitter for Android</a>","retweeted":false,"coordinates":null,"entities":{"symbols":[],"user_mentions":[{"id":16834659,"indices":[0,12],"id_str":"16834659","screen_name":"SkyNewsAust","name":"Sky News Australia"},{"id":223162337,"indices":[13,22],"id_str":"223162337","screen_name":"jacar101","name":"Wake Up Scotland ⚡️"},{"id":24796875,"indices":[23,36],"id_str":"24796875","screen_name":"campricenews","name":"Cameron Price"}],"hashtags":[],"urls":[]},"in_reply_to_screen_name":"SkyNewsAust","id_str":"544301824791306240","retweet_count":0,"in_reply_to_user_id":16834659,"favorited":false,"user":{"follow_request_sent":false,"profile_use_background_image":true,"profile_text_color":"333333","default_profile_image":false,"id":1708912243,"profile_background_image_url_https":"https://abs.twimg.com/images/themes/theme1/bg.png","verified":false,"profile_location":null,"profile_image_url_https":"https://pbs.twimg.com/profile_images/507494670168227840/DwogdQOa_normal.jpeg","profile_sidebar_fill_color":"DDEEF6","entities":{"description":{"urls":[]}},"followers_count":292,"profile_sidebar_border_color":"C0DEED","id_str":"1708912243","profile_background_color":"C0DEED","listed_count":1,"is_translation_enabled":false,"utc_offset":null,"statuses_count":9120,"description":"","friends_count":298,"location":"","profile_link_color":"0084B4","profile_image_url":"http://pbs.twimg.com/profile_images/507494670168227840/DwogdQOa_normal.jpeg","following":false,"geo_enabled":false,"profile_background_image_url":"http://abs.twimg.com/images/themes/theme1/bg.png","name":"mark rooney","lang":"en","profile_background_tile":false,"favourites_count":4569,"screen_name":"glenn_bulb71","notifications":false,"url":null,"created_at":"Thu Aug 29 03:03:50 +0000 2013","contributors_enabled":false,"time_zone":null,"protected":false,"default_profile":true,"is_translator":false},"geo":null,"in_reply_to_user_id_str":"16834659","lang":"und","created_at":"Mon Dec 15 01:24:02 +0000 2014","in_reply_to_status_id_str":"544287499397242880","place":null},
{"contributors":null,"truncated":false,"text":"@SkyNewsAust @campricenews if its unconfirmed DON'T REPORT IT. It's NOT NEWS yet!","in_reply_to_status_id":544287499397242880,"id":544302633553375232,"favorite_count":0,"source":"<a href=\"http://twitter.com\" rel=\"nofollow\">Twitter Web Client</a>","retweeted":false,"coordinates":null,"entities":{"symbols":[],"user_mentions":[{"id":16834659,"indices":[0,12],"id_str":"16834659","screen_name":"SkyNewsAust","name":"Sky News Australia"},{"id":24796875,"indices":[13,26],"id_str":"24796875","screen_name":"campricenews","name":"Cameron Price"}],"hashtags":[],"urls":[]},"in_reply_to_screen_name":"SkyNewsAust","id_str":"544302633553375232","retweet_count":0,"in_reply_to_user_id":16834659,"favorited":false,"user":{"follow_request_sent":false,"profile_use_background_image":true,"profile_text_color":"333333","default_profile_image":false,"id":395042420,"profile_background_image_url_https":"https://abs.twimg.com/images/themes/theme1/bg.png","verified":false,"profile_location":null,"profile_image_url_https":"https://pbs.twimg.com/profile_images/378800000378486880/1bf1a325a2cf8b3205007c906f8ef310_normal.jpeg","profile_sidebar_fill_color":"DDEEF6","entities":{"description":{"urls":[]}},"followers_count":68,"profile_sidebar_border_color":"C0DEED","id_str":"395042420","profile_background_color":"C0DEED","listed_count":0,"is_translation_enabled":false,"utc_offset":36000,"statuses_count":573,"description":"","friends_count":428,"location":"","profile_link_color":"0084B4","profile_image_url":"http://pbs.twimg.com/profile_images/378800000378486880/1bf1a325a2cf8b3205007c906f8ef310_normal.jpeg","following":false,"geo_enabled":false,"profile_banner_url":"https://pbs.twimg.com/profile_banners/395042420/1377760328","profile_background_image_url":"http://abs.twimg.com/images/themes/theme1/bg.png","name":"Amanda Norbury","lang":"en","profile_background_tile":false,"favourites_count":309,"screen_name":"MandyNorbury","notifications":false,"url":null,"created_at":"Fri Oct 21 01:29:48 +0000 2011","contributors_enabled":false,"time_zone":"Brisbane","protected":false,"default_profile":true,"is_translator":false},"geo":null,"in_reply_to_user_id_str":"16834659","lang":"en","created_at":"Mon Dec 15 01:27:15 +0000 2014","in_reply_to_status_id_str":"544287499397242880","place":null}
]