[{"contributors":null,"truncated":false,"text":"@mscott cc: @thehindsiteblog","in_reply_to_status_id":544278985249550337,"id":544279390553530368,"favorite_count":0,"source":"<a href=\"http://twitter.com/download/iphone\" rel=\"nofollow\">Twitter for iPhone</a>","retweeted":false,"coordinates":null,"entities":{"symbols":[],"user_mentions":[{"id":22123727,"indices":[0,7],"id_str":"22123727","screen_name":"mscott","name":"Mark Scott"},{"id":116368024,"indices":[12,28],"id_str":"116368024","screen_name":"thehindsiteblog","name":"The HindSite Blog"}],"hashtags":[],"urls":[]},"in_reply_to_screen_name":"mscott","id_str":"544279390553530368","retweet_count":0,"in_reply_to_user_id":22123727,"favorited":false,"user":{"follow_request_sent":false,"profile_use_background_image":false,"profile_text_color":"473C42","default_profile_image":false,"id":112134283,"profile_background_image_url_https":"https://pbs.twimg.com/profile_background_images/851421431/f110e2d23a16ba254276e985638883d2.jpeg","verified":false,"profile_location":null,"profile_image_url_https":"https://pbs.twimg.com/profile_images/547638223371915264/vd_sICWg_normal.jpeg","profile_sidebar_fill_color":"FFFFFF","entities":{"description":{"urls":[]}},"followers_count":212,"profile_sidebar_border_color":"000000","id_str":"112134283","profile_background_color":"000000","listed_count":6,"is_translation_enabled":false,"utc_offset":39600,"statuses_count":1695,"description":"Arts student at USyd. @SydOperaHouse Music Intern.","friends_count":520,"location":"Sydney","profile_link_color":"ABB8C2","profile_image_url":"http://pbs.twimg.com/profile_images/547638223371915264/vd_sICWg_normal.jpeg","following":false,"geo_enabled":true,"profile_banner_url":"https://pbs.twimg.com/profile_banners/112134283/1411640022","profile_background_image_url":"http://pbs.twimg.com/profile_background_images/851421431/f110e2d23a16ba254276e985638883d2.jpeg","name":"Josh Milch","lang":"en","profile_background_tile":true,"favourites_count":359,"screen_name":"joshmilch","notifications":false,"url":null,"created_at":"Sun Feb 07 10:41:09 +0000 2010","contributors_enabled":false,"time_zone":"Sydney","protected":false,"default_profile":false,"is_translator":false},"geo":null,"in_reply_to_user_id_str":"22123727","lang":"und","created_at":"Sun Dec 14 23:54:53 +0000 2014","in_reply_to_status_id_str":"544278985249550337","place":null},
{"contributors":null,"truncated":false,"text":"How hard is it to turn down the external sound ABC? @mscott @grogsgamut","in_reply_to_status_id":544278985249550337,"id":544279768636465152,"favorite_count":0,"source":"<a href=\"http://itunes.apple.com/us/app/twitter/id409789998?mt=12\" rel=\"nofollow\">Twitter for Mac</a>","retweeted":false,"coordinates":null,"entities":{"symbols":[],"user_mentions":[{"id":22123727,"indices":[52,59],"id_str":"22123727","screen_name":"mscott","name":"Mark Scott"},{"id":50560529,"indices":[60,71],"id_str":"50560529","screen_name":"GrogsGamut","name":"Greg Jericho"}],"hashtags":[],"urls":[]},"in_reply_to_screen_name":"mscott","id_str":"544279768636465152","retweet_count":0,"in_reply_to_user_id":22123727,"favorited":false,"user":{"follow_request_sent":false,"profile_use_background_image":true,"profile_text_color":"999090","default_profile_image":false,"id":89177788,"profile_background_image_url_https":"https://abs.twimg.com/images/themes/theme1/bg.png","verified":false,"profile_location":null,"profile_image_url_https":"https://pbs.twimg.com/profile_images/1214937143/Peake_crop_normal.jpg","profile_sidebar_fill_color":"1A1A2E","entities":{"description":{"urls":[]}},"followers_count":68,"profile_sidebar_border_color":"181A1E","id_str":"89177788","profile_background_color":"1A1B1F","listed_count":3,"is_translation_enabled":false,"utc_offset":-36000,"statuses_count":2140,"description":"My own opinion with a touch of frost. Old editor, media follower and still work in that arena mainly around climate change. Loves basketball but crap player.","friends_count":143,"location":"Where the wild things are","profile_link_color":"2FC2EF","profile_image_url":"http://pbs.twimg.com/profile_images/1214937143/Peake_crop_normal.jpg","following":false,"geo_enabled":false,"profile_background_image_url":"http://abs.twimg.com/images/themes/theme1/bg.png","name":"Steerpike","lang":"en","profile_background_tile":false,"favourites_count":10,"screen_name":"Steerpike1","notifications":false,"url":null,"created_at":"Wed Nov 11 12:52:36 +0000 2009","contributors_enabled":false,"time_zone":"Hawaii","protected":false,"default_profile":false,"is_translator":false},"geo":null,"in_reply_to_user_id_str":"22123727","lang":"en","created_at":"Sun Dec 14 23:56:23 +0000 2014","in_reply_to_status_id_str":"544278985249550337","place":null},
{"contributors":null,"truncated":false,"text":"RT “@mscott: Geoblock lifted on #ABCNews24. \nStreaming coverage of Martin Place siege in Sydney here  http://t.co/RuGJvbFs8A. #sydneysiege","in_reply_to_status_id":544278985249550337,"id":544280052175613952,"favorite_count":0,"source":"<a href=\"http://twitter.com/download/iphone\" rel=\"nofollow\">Twitter for iPhone</a>","retweeted":false,"coordinates":null,"entities":{"symbols":[],"user_mentions":[{"id":22123727,"indices":[4,11],"id_str":"22123727","screen_name":"mscott","name":"Mark Scott"}],"hashtags":[{"indices":[32,42],"text":"ABCNews24"},{"indices":[126,138],"text":"sydneysiege"}],"urls":[{"url":"http://t.co/RuGJvbFs8A","indices":[102,124],"expanded_url":"http://abc.net.au/news24","display_url":"abc.net.au/news24"}]},"in_reply_to_screen_name":"mscott","id_str":"544280052175613952","retweet_count":1,"in_reply_to_user_id":22123727,"favorited":false,"user":{"follow_request_sent":false,"profile_use_background_image":true,"profile_text_color":"333333","default_profile_image":false,"id":259620466,"profile_background_image_url_https":"https://pbs.twimg.com/profile_background_images/212011897/ground.jpg","verified":false,"profile_location":null,"profile_image_url_https":"https://pbs.twimg.com/profile_images/577404534298779648/AJ1-sGSx_normal.jpeg","profile_sidebar_fill_color":"DDEEF6","entities":{"description":{"urls":[]}},"followers_count":2620,"profile_sidebar_border_color":"C0DEED","id_str":"259620466","profile_background_color":"C0DEED","listed_count":72,"is_translation_enabled":false,"utc_offset":39600,"statuses_count":4094,"description":"Freelance journo @AJEnglish @abcnews & more. Formerly @Reuters @BBCnews @CNNI. Specialises in international news, wine, agriculture. Australian made.","friends_count":798,"location":"Currently Doha via Syd&Lon","profile_link_color":"0084B4","profile_image_url":"http://pbs.twimg.com/profile_images/577404534298779648/AJ1-sGSx_normal.jpeg","following":false,"geo_enabled":false,"profile_banner_url":"https://pbs.twimg.com/profile_banners/259620466/1392386724","profile_background_image_url":"http://pbs.twimg.com/profile_background_images/212011897/ground.jpg","name":"Imogen Brennan","lang":"en","profile_background_tile":true,"favourites_count":19273,"screen_name":"ImogenBrennan","notifications":false,"url":null,"created_at":"Wed Mar 02 07:27:25 +0000 2011","contributors_enabled":false,"time_zone":"Sydney","protected":false,"default_profile":false,"is_translator":false},"geo":null,"in_reply_to_user_id_str":"22123727","possibly_sensitive":false,"lang":"en","created_at":"Sun Dec 14 23:57:31 +0000 2014","in_reply_to_status_id_str":"544278985249550337","place":null},
{"contributors":null,"truncated":false,"text":"@mscott Any danger of leaving it off for good?? Expats are shut out by the ABC. Missing quality shows.","in_reply_to_status_id":544278985249550337,"id":544280339720728576,"favorite_count":0,"source":"<a href=\"http://www.echofon.com/\" rel=\"nofollow\">Echofon</a>","retweeted":false,"coordinates":null,"entities":{"symbols":[],"user_mentions":[{"id":22123727,"indices":[0,7],"id_str":"22123727","screen_name":"mscott","name":"Mark Scott"}],"hashtags":[],"urls":[]},"in_reply_to_screen_name":"mscott","id_str":"544280339720728576","retweet_count":0,"in_reply_to_user_id":22123727,"favorited":false,"user":{"follow_request_sent":false,"profile_use_background_image":false,"profile_text_color":"333333","default_profile_image":false,"id":20125356,"profile_background_image_url_https":"https://pbs.twimg.com/profile_background_images/777248005/389ea85bbac4ee2a8d26c12b49d50c21.jpeg","verified":false,"profile_location":null,"profile_image_url_https":"https://pbs.twimg.com/profile_images/580942204547571713/VDEQuXW0_normal.jpg","profile_sidebar_fill_color":"DDFFCC","entities":{"description":{"urls":[]}},"followers_count":187,"profile_sidebar_border_color":"FFFFFF","id_str":"20125356","profile_background_color":"9AE4E8","listed_count":5,"is_translation_enabled":false,"utc_offset":39600,"statuses_count":11757,"description":"","friends_count":1948,"location":"New York City","profile_link_color":"0084B4","profile_image_url":"http://pbs.twimg.com/profile_images/580942204547571713/VDEQuXW0_normal.jpg","following":false,"geo_enabled":true,"profile_background_image_url":"http://pbs.twimg.com/profile_background_images/777248005/389ea85bbac4ee2a8d26c12b49d50c21.jpeg","name":"Johnson Von Trapp","lang":"en","profile_background_tile":true,"favourites_count":5,"screen_name":"JVTrapp06","notifications":false,"url":null,"created_at":"Thu Feb 05 07:18:35 +0000 2009","contributors_enabled":false,"time_zone":"Sydney","protected":false,"default_profile":false,"is_translator":false},"geo":null,"in_reply_to_user_id_str":"22123727","lang":"en","created_at":"Sun Dec 14 23:58:39 +0000 2014","in_reply_to_status_id_str":"544278985249550337","place":null},
{"contributors":null,"truncated":false,"text":"@mscott thanks","in_reply_to_status_id":544278985249550337,"id":544281086705299457,"favorite_count":0,"source":"<a href=\"https://about.twitter.com/products/tweetdeck\" rel=\"nofollow\">TweetDeck</a>","retweeted":false,"coordinates":null,"entities":{"symbols":[],"user_mentions":[{"id":22123727,"indices":[0,7],"id_str":"22123727","screen_name":"mscott","name":"Mark Scott"}],"hashtags":[],"urls":[]},"in_reply_to_screen_name":"mscott","id_str":"544281086705299457","retweet_count":0,"in_reply_to_user_id":22123727,"favorited":false,"user":{"follow_request_sent":false,"profile_use_background_image":true,"profile_text_color":"C72424","default_profile_image":false,"id":9507342,"profile_background_image_url_https":"https://pbs.twimg.com/profile_background_images/20014230/in_dreams.jpg","verified":true,"profile_location":null,"profile_image_url_https":"https://pbs.twimg.com/profile_images/462063048945963009/zRNgzbWC_normal.jpeg","profile_sidebar_fill_color":"8682F0","entities":{"url":{"urls":[{"url":"http://t.co/GdANGZ6o1x","indices":[0,22],"expanded_url":"http://on.mash.to/1jOX6rb","display_url":"on.mash.to/1jOX6rb"}]},"description":{"urls":[]}},"followers_count":12861,"profile_sidebar_border_color":"000000","id_str":"9507342","profile_background_color":"80282B","listed_count":670,"is_translation_enabled":false,"utc_offset":-18000,"statuses_count":67450,"description":"writer / real-time news editor @mashable / RT ≠ confirmed / email: moneyries@gmail.com / your move, chief","friends_count":7042,"location":"Brooklyn, NY","profile_link_color":"5B0FFF","profile_image_url":"http://pbs.twimg.com/profile_images/462063048945963009/zRNgzbWC_normal.jpeg","following":false,"geo_enabled":true,"profile_banner_url":"https://pbs.twimg.com/profile_banners/9507342/1417538146","profile_background_image_url":"http://pbs.twimg.com/profile_background_images/20014230/in_dreams.jpg","name":"Brian Ries","lang":"en","profile_background_tile":true,"favourites_count":10652,"screen_name":"moneyries","notifications":false,"url":"http://t.co/GdANGZ6o1x","created_at":"Wed Oct 17 20:52:29 +0000 2007","contributors_enabled":false,"time_zone":"Eastern Time (US & Canada)","protected":false,"default_profile":false,"is_translator":false},"geo":null,"in_reply_to_user_id_str":"22123727","lang":"en","created_at":"Mon Dec 15 00:01:37 +0000 2014","in_reply_to_status_id_str":"544278985249550337","place":null},
{"contributors":null,"truncated":false,"text":"@mscott still does not work in uk","in_reply_to_status_id":544278985249550337,"id":544281098906521600,"favorite_count":0,"source":"<a href=\"https://mobile.twitter.com\" rel=\"nofollow\">Mobile Web (M5)</a>","retweeted":false,"coordinates":null,"entities":{"symbols":[],"user_mentions":[{"id":22123727,"indices":[0,7],"id_str":"22123727","screen_name":"mscott","name":"Mark Scott"}],"hashtags":[],"urls":[]},"in_reply_to_screen_name":"mscott","id_str":"544281098906521600","retweet_count":0,"in_reply_to_user_id":22123727,"favorited":false,"user":{"follow_request_sent":false,"profile_use_background_image":true,"profile_text_color":"333333","default_profile_image":false,"id":422939774,"profile_background_image_url_https":"https://abs.twimg.com/images/themes/theme1/bg.png","verified":false,"profile_location":null,"profile_image_url_https":"https://pbs.twimg.com/profile_images/472798503689670656/8vXJio3c_normal.jpeg","profile_sidebar_fill_color":"DDEEF6","entities":{"description":{"urls":[]}},"followers_count":70,"profile_sidebar_border_color":"C0DEED","id_str":"422939774","profile_background_color":"C0DEED","listed_count":1,"is_translation_enabled":false,"utc_offset":3600,"statuses_count":575,"description":"","friends_count":171,"location":"London","profile_link_color":"B30000","profile_image_url":"http://pbs.twimg.com/profile_images/472798503689670656/8vXJio3c_normal.jpeg","following":false,"geo_enabled":false,"profile_banner_url":"https://pbs.twimg.com/profile_banners/422939774/1401559158","profile_background_image_url":"http://abs.twimg.com/images/themes/theme1/bg.png","name":"Will Barber","lang":"en","profile_background_tile":false,"favourites_count":1,"screen_name":"1MrWill","notifications":false,"url":null,"created_at":"Sun Nov 27 21:46:08 +0000 2011","contributors_enabled":false,"time_zone":"Amsterdam","protected":false,"default_profile":false,"is_translator":false},"geo":null,"in_reply_to_user_id_str":"22123727","lang":"en","created_at":"Mon Dec 15 00:01:40 +0000 2014","in_reply_to_status_id_str":"544278985249550337","place":null},
{"contributors":null,"truncated":false,"text":"@mscott Are your reporters 100% sure it is an ISIS flag? Cause that is what is being reported. #facts","in_reply_to_status_id":544278985249550337,"id":544281192632053761,"favorite_count":0,"source":"<a href=\"http://tapbots.com/software/tweetbot/mac\" rel=\"nofollow\">Tweetbot for Mac</a>","retweeted":false,"coordinates":null,"entities":{"symbols":[],"user_mentions":[{"id":22123727,"indices":[0,7],"id_str":"22123727","screen_name":"mscott","name":"Mark Scott"}],"hashtags":[{"indices":[95,101],"text":"facts"}],"urls":[]},"in_reply_to_screen_name":"mscott","id_str":"544281192632053761","retweet_count":0,"in_reply_to_user_id":22123727,"favorited":false,"user":{"follow_request_sent":false,"profile_use_background_image":true,"profile_text_color":"324959","default_profile_image":false,"id":16254565,"profile_background_image_url_https":"https://pbs.twimg.com/profile_background_images/742856238/a0cd915c438ffbfb90fbfbc45c5c6280.jpeg","verified":false,"profile_location":null,"profile_image_url_https":"https://pbs.twimg.com/profile_images/562539096560508930/bgmAu3D0_normal.jpeg","profile_sidebar_fill_color":"0D0806","entities":{"description":{"urls":[{"url":"http://t.co/mj5fobkkoB","indices":[115,137],"expanded_url":"http://www.last.fm/user/tnargus/now","display_url":"last.fm/user/tnargus/n…"}]}},"followers_count":376,"profile_sidebar_border_color":"FFFFFF","id_str":"16254565","profile_background_color":"BDBDBD","listed_count":13,"is_translation_enabled":false,"utc_offset":39600,"statuses_count":25059,"description":"Audiophile. Father. Designer. Gamer. Beer Lover. Dreamteamer & Designer for @FantasyPhantoms. #GoSwans #nowplaying http://t.co/mj5fobkkoB","friends_count":546,"location":"Wagga Wagga","profile_link_color":"54504D","profile_image_url":"http://pbs.twimg.com/profile_images/562539096560508930/bgmAu3D0_normal.jpeg","following":false,"geo_enabled":true,"profile_banner_url":"https://pbs.twimg.com/profile_banners/16254565/1392110764","profile_background_image_url":"http://pbs.twimg.com/profile_background_images/742856238/a0cd915c438ffbfb90fbfbc45c5c6280.jpeg","name":"Blair Doherty","lang":"en","profile_background_tile":false,"favourites_count":21,"screen_name":"tnargus","notifications":false,"url":null,"created_at":"Fri Sep 12 09:07:27 +0000 2008","contributors_enabled":false,"time_zone":"Sydney","protected":false,"default_profile":false,"is_translator":false},"geo":null,"in_reply_to_user_id_str":"22123727","lang":"en","created_at":"Mon Dec 15 00:02:03 +0000 2014","in_reply_to_status_id_str":"544278985249550337","place":null},
{"contributors":null,"truncated":false,"text":"@mscott it's not working here in the uk mate","in_reply_to_status_id":544278985249550337,"id":544281249037418496,"favorite_count":0,"source":"<a href=\"http://twitter.com/download/android\" rel=\"nofollow\">Twitter for Android</a>","retweeted":false,"coordinates":null,"entities":{"symbols":[],"user_mentions":[{"id":22123727,"indices":[0,7],"id_str":"22123727","screen_name":"mscott","name":"Mark Scott"}],"hashtags":[],"urls":[]},"in_reply_to_screen_name":"mscott","id_str":"544281249037418496","retweet_count":0,"in_reply_to_user_id":22123727,"favorited":false,"user":{"follow_request_sent":false,"profile_use_background_image":true,"profile_text_color":"B7724F","default_profile_image":false,"id":190552528,"profile_background_image_url_https":"https://pbs.twimg.com/profile_background_images/154941745/xaf82aa2ced7f95712c14a9428c6ef23.png","verified":false,"profile_location":null,"profile_image_url_https":"https://pbs.twimg.com/profile_images/2277410246/hcfd87sw46q4cwoc70nl_normal.jpeg","profile_sidebar_fill_color":"FCBFB1","entities":{"description":{"urls":[]}},"followers_count":34,"profile_sidebar_border_color":"D8E6C4","id_str":"190552528","profile_background_color":"FA5B79","listed_count":0,"is_translation_enabled":false,"utc_offset":39600,"statuses_count":2743,"description":"","friends_count":185,"location":"","profile_link_color":"B2A862","profile_image_url":"http://pbs.twimg.com/profile_images/2277410246/hcfd87sw46q4cwoc70nl_normal.jpeg","following":false,"geo_enabled":false,"profile_background_image_url":"http://pbs.twimg.com/profile_background_images/154941745/xaf82aa2ced7f95712c14a9428c6ef23.png","name":"은경","lang":"en","profile_background_tile":true,"favourites_count":2174,"screen_name":"eunkyung0130","notifications":false,"url":null,"created_at":"Tue Sep 14 06:52:51 +0000 2010","contributors_enabled":false,"time_zone":"Sydney","protected":false,"default_profile":false,"is_translator":false},"geo":null,"in_reply_to_user_id_str":"22123727","lang":"en","created_at":"Mon Dec 15 00:02:16 +0000 2014","in_reply_to_status_id_str":"544278985249550337","place":null},
{"contributors":null,"truncated":false,"text":"@mscott does not seem to work on mobile in the US. What about your YouTube stream? http://t.co/f10qWjDBxv","in_reply_to_status_id":544278985249550337,"id":544281932406599681,"favorite_count":0,"source":"<a href=\"http://twitter.com/download/iphone\" rel=\"nofollow\">Twitter for iPhone</a>","retweeted":false,"coordinates":null,"entities":{"symbols":[],"user_mentions":[{"id":22123727,"indices":[0,7],"id_str":"22123727","screen_name":"mscott","name":"Mark Scott"}],"hashtags":[],"urls":[{"url":"http://t.co/f10qWjDBxv","indices":[83,105],"expanded_url":"http://youtube.com/watch?v=nvzpSvyyZis","display_url":"youtube.com/watch?v=nvzpSv…"}]},"in_reply_to_screen_name":"mscott","id_str":"544281932406599681","retweet_count":0,"in_reply_to_user_id":22123727,"favorited":false,"user":{"follow_request_sent":false,"profile_use_background_image":true,"profile_text_color":"663B12","default_profile_image":false,"id":25470122,"profile_background_image_url_https":"https://abs.twimg.com/images/themes/theme2/bg.gif","verified":false,"profile_location":null,"profile_image_url_https":"https://pbs.twimg.com/profile_images/3252908890/a2a3263e62aed33380f927db0086f159_normal.jpeg","profile_sidebar_fill_color":"DAECF4","entities":{"url":{"urls":[{"url":"http://t.co/suUVJFl0FY","indices":[0,22],"expanded_url":"http://www.linkedin.com/in/tomsly","display_url":"linkedin.com/in/tomsly"}]},"description":{"urls":[]}},"followers_count":2836,"profile_sidebar_border_color":"C6E2EE","id_str":"25470122","profile_background_color":"C6E2EE","listed_count":33,"is_translation_enabled":false,"utc_offset":-28800,"statuses_count":1199,"description":"Global Head of News @YouTube / Former BD @Google / SFO by way of BOS.  Roots in STL.","friends_count":676,"location":"San Francisco, CA","profile_link_color":"1F98C7","profile_image_url":"http://pbs.twimg.com/profile_images/3252908890/a2a3263e62aed33380f927db0086f159_normal.jpeg","following":false,"geo_enabled":true,"profile_background_image_url":"http://abs.twimg.com/images/themes/theme2/bg.gif","name":"Tom Sly","lang":"en","profile_background_tile":false,"favourites_count":511,"screen_name":"tomsly","notifications":false,"url":"http://t.co/suUVJFl0FY","created_at":"Fri Mar 20 06:08:44 +0000 2009","contributors_enabled":false,"time_zone":"Pacific Time (US & Canada)","protected":false,"default_profile":false,"is_translator":false},"geo":null,"in_reply_to_user_id_str":"22123727","possibly_sensitive":false,"lang":"en","created_at":"Mon Dec 15 00:04:59 +0000 2014","in_reply_to_status_id_str":"544278985249550337","place":null},
{"contributors":null,"truncated":false,"text":"@mscott Put the geoblock back on! We can have coverage once they're out. Don't broadcast police movements!","in_reply_to_status_id":544278985249550337,"id":544282085763346432,"favorite_count":0,"source":"<a href=\"http://twitter.com/download/iphone\" rel=\"nofollow\">Twitter for iPhone</a>","retweeted":false,"coordinates":null,"entities":{"symbols":[],"user_mentions":[{"id":22123727,"indices":[0,7],"id_str":"22123727","screen_name":"mscott","name":"Mark Scott"}],"hashtags":[],"urls":[]},"in_reply_to_screen_name":"mscott","id_str":"544282085763346432","retweet_count":0,"in_reply_to_user_id":22123727,"favorited":false,"user":{"follow_request_sent":false,"profile_use_background_image":true,"profile_text_color":"333333","default_profile_image":false,"id":105173441,"profile_background_image_url_https":"https://pbs.twimg.com/profile_background_images/806919528/bccb99dc3cb130d8f8d7c16b40894027.jpeg","verified":false,"profile_location":null,"profile_image_url_https":"https://pbs.twimg.com/profile_images/565121397844754433/kBtuPtit_normal.jpeg","profile_sidebar_fill_color":"DDEEF6","entities":{"url":{"urls":[{"url":"http://t.co/Pr8WH8Og5m","indices":[0,22],"expanded_url":"http://youtube.com/user/thatsmrrobertson","display_url":"youtube.com/user/thatsmrro…"}]},"description":{"urls":[{"url":"http://t.co/VDgR74Vca2","indices":[112,134],"expanded_url":"http://bit.ly/1x4Kc03","display_url":"bit.ly/1x4Kc03"}]}},"followers_count":3253,"profile_sidebar_border_color":"FFFFFF","id_str":"105173441","profile_background_color":"C0DEED","listed_count":80,"is_translation_enabled":false,"utc_offset":0,"statuses_count":10585,"description":"Withered boy genius. Appears on the surprisingly popular Videogame Nation.  Next London DARK ROOM Dec 3rd 2014: http://t.co/VDgR74Vca2","friends_count":1755,"location":"United Kingdom","profile_link_color":"0084B4","profile_image_url":"http://pbs.twimg.com/profile_images/565121397844754433/kBtuPtit_normal.jpeg","following":false,"geo_enabled":false,"profile_banner_url":"https://pbs.twimg.com/profile_banners/105173441/1398307186","profile_background_image_url":"http://pbs.twimg.com/profile_background_images/806919528/bccb99dc3cb130d8f8d7c16b40894027.jpeg","name":"John Robertson","lang":"en","profile_background_tile":true,"favourites_count":2048,"screen_name":"Robbotron","notifications":false,"url":"http://t.co/Pr8WH8Og5m","created_at":"Fri Jan 15 15:39:33 +0000 2010","contributors_enabled":false,"time_zone":"Edinburgh","protected":false,"default_profile":false,"is_translator":false},"geo":null,"in_reply_to_user_id_str":"22123727","lang":"en","created_at":"Mon Dec 15 00:05:36 +0000 2014","in_reply_to_status_id_str":"544278985249550337","place":null},
{"contributors":null,"truncated":false,"text":"@mscott @ztharli the more coverage there is the more worried I am its giving these people what they want, and the situation a bad end.","in_reply_to_status_id":544278985249550337,"id":544282252302381056,"favorite_count":0,"source":"<a href=\"http://twitter.com\" rel=\"nofollow\">Twitter Web Client</a>","retweeted":false,"coordinates":null,"entities":{"symbols":[],"user_mentions":[{"id":22123727,"indices":[0,7],"id_str":"22123727","screen_name":"mscott","name":"Mark Scott"},{"id":120459837,"indices":[8,16],"id_str":"120459837","screen_name":"ztharli","name":"Zorine 'Harli' T"}],"hashtags":[],"urls":[]},"in_reply_to_screen_name":"mscott","id_str":"544282252302381056","retweet_count":0,"in_reply_to_user_id":22123727,"favorited":false,"user":{"follow_request_sent":false,"profile_use_background_image":true,"profile_text_color":"333333","default_profile_image":false,"id":141919351,"profile_background_image_url_https":"https://pbs.twimg.com/profile_background_images/880985991/59850e0b7a7e22d48704b81292edb230.png","verified":false,"profile_location":null,"profile_image_url_https":"https://pbs.twimg.com/profile_images/589923146465202176/KUD7v8sC_normal.jpg","profile_sidebar_fill_color":"EFEFEF","entities":{"description":{"urls":[]}},"followers_count":350,"profile_sidebar_border_color":"FFFFFF","id_str":"141919351","profile_background_color":"FFFFFF","listed_count":13,"is_translation_enabled":false,"utc_offset":0,"statuses_count":28697,"description":"You bet your life it is!","friends_count":373,"location":"","profile_link_color":"3B94D9","profile_image_url":"http://pbs.twimg.com/profile_images/589923146465202176/KUD7v8sC_normal.jpg","following":false,"geo_enabled":false,"profile_banner_url":"https://pbs.twimg.com/profile_banners/141919351/1417166129","profile_background_image_url":"http://pbs.twimg.com/profile_background_images/880985991/59850e0b7a7e22d48704b81292edb230.png","name":"robin smith","lang":"en","profile_background_tile":true,"favourites_count":3246,"screen_name":"seiibutsu","notifications":false,"url":null,"created_at":"Sun May 09 12:01:56 +0000 2010","contributors_enabled":false,"time_zone":"London","protected":false,"default_profile":false,"is_translator":false},"geo":null,"in_reply_to_user_id_str":"22123727","lang":"en","created_at":"Mon Dec 15 00:06:15 +0000 2014","in_reply_to_status_id_str":"544278985249550337","place":null},
{"contributors":null,"truncated":false,"text":"@mscott @ztharli fingers crossed this ends well and swiftly.","in_reply_to_status_id":544278985249550337,"id":544282314931707904,"favorite_count":0,"source":"<a href=\"http://twitter.com\" rel=\"nofollow\">Twitter Web Client</a>","retweeted":false,"coordinates":null,"entities":{"symbols":[],"user_mentions":[{"id":22123727,"indices":[0,7],"id_str":"22123727","screen_name":"mscott","name":"Mark Scott"},{"id":120459837,"indices":[8,16],"id_str":"120459837","screen_name":"ztharli","name":"Zorine 'Harli' T"}],"hashtags":[],"urls":[]},"in_reply_to_screen_name":"mscott","id_str":"544282314931707904","retweet_count":0,"in_reply_to_user_id":22123727,"favorited":false,"user":{"follow_request_sent":false,"profile_use_background_image":true,"profile_text_color":"333333","default_profile_image":false,"id":141919351,"profile_background_image_url_https":"https://pbs.twimg.com/profile_background_images/880985991/59850e0b7a7e22d48704b81292edb230.png","verified":false,"profile_location":null,"profile_image_url_https":"https://pbs.twimg.com/profile_images/589923146465202176/KUD7v8sC_normal.jpg","profile_sidebar_fill_color":"EFEFEF","entities":{"description":{"urls":[]}},"followers_count":350,"profile_sidebar_border_color":"FFFFFF","id_str":"141919351","profile_background_color":"FFFFFF","listed_count":13,"is_translation_enabled":false,"utc_offset":0,"statuses_count":28697,"description":"You bet your life it is!","friends_count":373,"location":"","profile_link_color":"3B94D9","profile_image_url":"http://pbs.twimg.com/profile_images/589923146465202176/KUD7v8sC_normal.jpg","following":false,"geo_enabled":false,"profile_banner_url":"https://pbs.twimg.com/profile_banners/141919351/1417166129","profile_background_image_url":"http://pbs.twimg.com/profile_background_images/880985991/59850e0b7a7e22d48704b81292edb230.png","name":"robin smith","lang":"en","profile_background_tile":true,"favourites_count":3246,"screen_name":"seiibutsu","notifications":false,"url":null,"created_at":"Sun May 09 12:01:56 +0000 2010","contributors_enabled":false,"time_zone":"London","protected":false,"default_profile":false,"is_translator":false},"geo":null,"in_reply_to_user_id_str":"22123727","lang":"en","created_at":"Mon Dec 15 00:06:30 +0000 2014","in_reply_to_status_id_str":"544278985249550337","place":null},
{"contributors":null,"truncated":false,"text":"Yes. This is what real news is about: “@mscott: Geoblock lifted on #ABCNews24. Streaming coverage of the Martin Place siege in Sydney...\"","in_reply_to_status_id":544278985249550337,"id":544282786039726080,"favorite_count":0,"source":"<a href=\"http://twitter.com/download/iphone\" rel=\"nofollow\">Twitter for iPhone</a>","retweeted":false,"coordinates":null,"entities":{"symbols":[],"user_mentions":[{"id":22123727,"indices":[39,46],"id_str":"22123727","screen_name":"mscott","name":"Mark Scott"}],"hashtags":[{"indices":[67,77],"text":"ABCNews24"}],"urls":[]},"in_reply_to_screen_name":"mscott","id_str":"544282786039726080","retweet_count":0,"in_reply_to_user_id":22123727,"favorited":false,"user":{"follow_request_sent":false,"profile_use_background_image":true,"profile_text_color":"333333","default_profile_image":false,"id":561711031,"profile_background_image_url_https":"https://pbs.twimg.com/profile_background_images/875994568/6b60a9da3745b8cc6680f19621c03c6c.jpeg","verified":false,"profile_location":null,"profile_image_url_https":"https://pbs.twimg.com/profile_images/488866761454784512/mElmMmeH_normal.jpeg","profile_sidebar_fill_color":"DDEEF6","entities":{"url":{"urls":[{"url":"http://t.co/dhqvNQwAOj","indices":[0,22],"expanded_url":"http://www.nathcarter.com","display_url":"nathcarter.com"}]},"description":{"urls":[]}},"followers_count":135,"profile_sidebar_border_color":"000000","id_str":"561711031","profile_background_color":"6B6B6B","listed_count":4,"is_translation_enabled":false,"utc_offset":39600,"statuses_count":1337,"description":"Opinionated dude in Sydney | completing a Masters degree in journalism | freelance designer & editor | Christian","friends_count":515,"location":"Sydney","profile_link_color":"0084B4","profile_image_url":"http://pbs.twimg.com/profile_images/488866761454784512/mElmMmeH_normal.jpeg","following":false,"geo_enabled":true,"profile_banner_url":"https://pbs.twimg.com/profile_banners/561711031/1409110762","profile_background_image_url":"http://pbs.twimg.com/profile_background_images/875994568/6b60a9da3745b8cc6680f19621c03c6c.jpeg","name":"Nathan Carter","lang":"en","profile_background_tile":false,"favourites_count":32,"screen_name":"nathanrcarter","notifications":false,"url":"http://t.co/dhqvNQwAOj","created_at":"Tue Apr 24 04:02:07 +0000 2012","contributors_enabled":false,"time_zone":"Sydney","protected":false,"default_profile":false,"is_translator":false},"geo":null,"in_reply_to_user_id_str":"22123727","lang":"en","created_at":"Mon Dec 15 00:08:23 +0000 2014","in_reply_to_status_id_str":"544278985249550337","place":null},
{"contributors":null,"truncated":false,"text":"@mscott @bajopants Still blocked here (USA, iOS iView app). The geoblock lifting never works... &gt;&lt; Just get rid of it. Expats pay tax too!","in_reply_to_status_id":544278985249550337,"id":544284533756284929,"favorite_count":0,"source":"<a href=\"http://twitter.com/download/iphone\" rel=\"nofollow\">Twitter for iPhone</a>","retweeted":false,"coordinates":null,"entities":{"symbols":[],"user_mentions":[{"id":22123727,"indices":[0,7],"id_str":"22123727","screen_name":"mscott","name":"Mark Scott"},{"id":34886889,"indices":[8,18],"id_str":"34886889","screen_name":"bajopants","name":"Steven O'Donnell"}],"hashtags":[],"urls":[]},"in_reply_to_screen_name":"mscott","id_str":"544284533756284929","retweet_count":0,"in_reply_to_user_id":22123727,"favorited":false,"user":{"follow_request_sent":false,"profile_use_background_image":true,"profile_text_color":"333333","default_profile_image":false,"id":69570400,"profile_background_image_url_https":"https://abs.twimg.com/images/themes/theme14/bg.gif","verified":false,"profile_location":null,"profile_image_url_https":"https://pbs.twimg.com/profile_images/416235420/cimexus_normal.jpg","profile_sidebar_fill_color":"EFEFEF","entities":{"description":{"urls":[]}},"followers_count":13,"profile_sidebar_border_color":"EEEEEE","id_str":"69570400","profile_background_color":"131516","listed_count":0,"is_translation_enabled":false,"utc_offset":-21600,"statuses_count":576,"description":"","friends_count":123,"location":"Madison, WI and Canberra, ACT","profile_link_color":"009999","profile_image_url":"http://pbs.twimg.com/profile_images/416235420/cimexus_normal.jpg","following":false,"geo_enabled":true,"profile_background_image_url":"http://abs.twimg.com/images/themes/theme14/bg.gif","name":"Cimexus","lang":"en","profile_background_tile":true,"favourites_count":6,"screen_name":"Cimexus","notifications":false,"url":null,"created_at":"Fri Aug 28 12:01:08 +0000 2009","contributors_enabled":false,"time_zone":"Central Time (US & Canada)","protected":false,"default_profile":false,"is_translator":false},"geo":null,"in_reply_to_user_id_str":"22123727","lang":"en","created_at":"Mon Dec 15 00:15:19 +0000 2014","in_reply_to_status_id_str":"544278985249550337","place":null},
{"contributors":null,"truncated":false,"text":"@mscott @vornothecat Ta, trying that one too.  I'm on this one https://t.co/gAjNMIZvAT","in_reply_to_status_id":544278985249550337,"id":544285782639267840,"favorite_count":0,"source":"<a href=\"http://twitter.com\" rel=\"nofollow\">Twitter Web Client</a>","retweeted":false,"coordinates":null,"entities":{"symbols":[],"user_mentions":[{"id":22123727,"indices":[0,7],"id_str":"22123727","screen_name":"mscott","name":"Mark Scott"},{"id":15759727,"indices":[8,20],"id_str":"15759727","screen_name":"vornothecat","name":"vorno"}],"hashtags":[],"urls":[{"url":"https://t.co/gAjNMIZvAT","indices":[63,86],"expanded_url":"https://au.news.yahoo.com/video/watch/17174725/yahoo-7-live-sydney/","display_url":"au.news.yahoo.com/video/watch/17…"}]},"in_reply_to_screen_name":"mscott","id_str":"544285782639267840","retweet_count":0,"in_reply_to_user_id":22123727,"favorited":false,"user":{"follow_request_sent":false,"profile_use_background_image":true,"profile_text_color":"000000","default_profile_image":false,"id":27353755,"profile_background_image_url_https":"https://pbs.twimg.com/profile_background_images/94862509/thissucksasmuchasyourewillingtosucktogetit.jpg","verified":false,"profile_location":null,"profile_image_url_https":"https://pbs.twimg.com/profile_images/522965834809888768/zfM2SW9p_normal.png","profile_sidebar_fill_color":"6B6137","entities":{"description":{"urls":[]}},"followers_count":288,"profile_sidebar_border_color":"C0DEED","id_str":"27353755","profile_background_color":"19272E","listed_count":18,"is_translation_enabled":false,"utc_offset":39600,"statuses_count":27258,"description":"Just another geek/nerd/dork on the internet, nothing to see here.","friends_count":141,"location":"Australia","profile_link_color":"D66317","profile_image_url":"http://pbs.twimg.com/profile_images/522965834809888768/zfM2SW9p_normal.png","following":false,"geo_enabled":false,"profile_banner_url":"https://pbs.twimg.com/profile_banners/27353755/1406892251","profile_background_image_url":"http://pbs.twimg.com/profile_background_images/94862509/thissucksasmuchasyourewillingtosucktogetit.jpg","name":"abrasion","lang":"en","profile_background_tile":true,"favourites_count":6,"screen_name":"abrasion","notifications":false,"url":null,"created_at":"Sun Mar 29 01:34:51 +0000 2009","contributors_enabled":false,"time_zone":"Melbourne","protected":false,"default_profile":false,"is_translator":false},"geo":null,"in_reply_to_user_id_str":"22123727","possibly_sensitive":false,"lang":"en","created_at":"Mon Dec 15 00:20:17 +0000 2014","in_reply_to_status_id_str":"544278985249550337","place":null},
{"contributors":null,"truncated":false,"text":"@JVTrapp06 @mscott you would have to talk to the content rights holders , they determine where ABC can allow their shows to be broadcast","in_reply_to_status_id":544280339720728576,"id":544300186554474497,"favorite_count":0,"source":"<a href=\"http://twitter.com\" rel=\"nofollow\">Twitter Web Client</a>","retweeted":false,"coordinates":null,"entities":{"symbols":[],"user_mentions":[{"id":20125356,"indices":[0,10],"id_str":"20125356","screen_name":"JVTrapp06","name":"Johnson Von Trapp"},{"id":22123727,"indices":[11,18],"id_str":"22123727","screen_name":"mscott","name":"Mark Scott"}],"hashtags":[],"urls":[]},"in_reply_to_screen_name":"JVTrapp06","id_str":"544300186554474497","retweet_count":0,"in_reply_to_user_id":20125356,"favorited":false,"user":{"follow_request_sent":false,"profile_use_background_image":true,"profile_text_color":"333333","default_profile_image":false,"id":343238371,"profile_background_image_url_https":"https://pbs.twimg.com/profile_background_images/771559947/babcf9fc4ef1f0c18bbc639a401b9a23.jpeg","verified":false,"profile_location":null,"profile_image_url_https":"https://pbs.twimg.com/profile_images/423216931689086976/bPNuBSV3_normal.jpeg","profile_sidebar_fill_color":"DDEEF6","entities":{"description":{"urls":[]}},"followers_count":38,"profile_sidebar_border_color":"FFFFFF","id_str":"343238371","profile_background_color":"C6E2EE","listed_count":0,"is_translation_enabled":false,"utc_offset":39600,"statuses_count":3623,"description":"A pillar of the community (or maybe more of a table leg)","friends_count":58,"location":"Cyberspace (Of course)","profile_link_color":"1F98C7","profile_image_url":"http://pbs.twimg.com/profile_images/423216931689086976/bPNuBSV3_normal.jpeg","following":false,"geo_enabled":false,"profile_background_image_url":"http://pbs.twimg.com/profile_background_images/771559947/babcf9fc4ef1f0c18bbc639a401b9a23.jpeg","name":"Roy Greensmith","lang":"en","profile_background_tile":true,"favourites_count":44,"screen_name":"Pappabosley","notifications":false,"url":null,"created_at":"Wed Jul 27 07:56:24 +0000 2011","contributors_enabled":false,"time_zone":"Melbourne","protected":false,"default_profile":false,"is_translator":false},"geo":null,"in_reply_to_user_id_str":"20125356","lang":"en","created_at":"Mon Dec 15 01:17:31 +0000 2014","in_reply_to_status_id_str":"544280339720728576","place":null},
{"contributors":null,"truncated":false,"text":"@JVTrapp06 @mscott it's not often that people need a VPN to get into Aus!","in_reply_to_status_id":544280339720728576,"id":544393704560017410,"favorite_count":0,"source":"<a href=\"http://twitter.com/#!/download/ipad\" rel=\"nofollow\">Twitter for iPad</a>","retweeted":false,"coordinates":null,"entities":{"symbols":[],"user_mentions":[{"id":20125356,"indices":[0,10],"id_str":"20125356","screen_name":"JVTrapp06","name":"Johnson Von Trapp"},{"id":22123727,"indices":[11,18],"id_str":"22123727","screen_name":"mscott","name":"Mark Scott"}],"hashtags":[],"urls":[]},"in_reply_to_screen_name":"JVTrapp06","id_str":"544393704560017410","retweet_count":0,"in_reply_to_user_id":20125356,"favorited":false,"user":{"follow_request_sent":false,"profile_use_background_image":true,"profile_text_color":"666666","default_profile_image":false,"id":2890370808,"profile_background_image_url_https":"https://abs.twimg.com/images/themes/theme9/bg.gif","verified":false,"profile_location":null,"profile_image_url_https":"https://pbs.twimg.com/profile_images/530189610194706433/wTRg7gKl_normal.jpeg","profile_sidebar_fill_color":"252429","entities":{"description":{"urls":[]}},"followers_count":21,"profile_sidebar_border_color":"181A1E","id_str":"2890370808","profile_background_color":"1A1B1F","listed_count":0,"is_translation_enabled":false,"utc_offset":null,"statuses_count":247,"description":"English/drama teacher, mentor, lunatic, gamer, biker, Twitter n00b, social media deniar.  Not necessarily in that order.","friends_count":98,"location":"Canberra","profile_link_color":"2FC2EF","profile_image_url":"http://pbs.twimg.com/profile_images/530189610194706433/wTRg7gKl_normal.jpeg","following":false,"geo_enabled":false,"profile_banner_url":"https://pbs.twimg.com/profile_banners/2890370808/1415242028","profile_background_image_url":"http://abs.twimg.com/images/themes/theme9/bg.gif","name":"Duck","lang":"en-gb","profile_background_tile":false,"favourites_count":93,"screen_name":"Duck_rage","notifications":false,"url":null,"created_at":"Wed Nov 05 03:19:51 +0000 2014","contributors_enabled":false,"time_zone":null,"protected":false,"default_profile":false,"is_translator":false},"geo":null,"in_reply_to_user_id_str":"20125356","lang":"en","created_at":"Mon Dec 15 07:29:08 +0000 2014","in_reply_to_status_id_str":"544280339720728576","place":null},
{"contributors":null,"truncated":false,"text":"@mscott super awesome","in_reply_to_status_id":544278985249550337,"id":544687372030709761,"favorite_count":0,"source":"<a href=\"http://twitter.com\" rel=\"nofollow\">Twitter Web Client</a>","retweeted":false,"coordinates":null,"entities":{"symbols":[],"user_mentions":[{"id":22123727,"indices":[0,7],"id_str":"22123727","screen_name":"mscott","name":"Mark Scott"}],"hashtags":[],"urls":[]},"in_reply_to_screen_name":"mscott","id_str":"544687372030709761","retweet_count":0,"in_reply_to_user_id":22123727,"favorited":false,"user":{"follow_request_sent":false,"profile_use_background_image":true,"profile_text_color":"333333","default_profile_image":false,"id":2728383136,"profile_background_image_url_https":"https://abs.twimg.com/images/themes/theme1/bg.png","verified":false,"profile_location":null,"profile_image_url_https":"https://pbs.twimg.com/profile_images/494185775697637376/cF-Mff5c_normal.jpeg","profile_sidebar_fill_color":"DDEEF6","entities":{"description":{"urls":[]}},"followers_count":774,"profile_sidebar_border_color":"C0DEED","id_str":"2728383136","profile_background_color":"C0DEED","listed_count":1,"is_translation_enabled":false,"utc_offset":null,"statuses_count":1981,"description":"General web maven. Music fan. Professional pop culture lover. Certified twitter aficionado. Zombie buff. Subtly charming organizer.","friends_count":924,"location":"Pendroy","profile_link_color":"0084B4","profile_image_url":"http://pbs.twimg.com/profile_images/494185775697637376/cF-Mff5c_normal.jpeg","following":false,"geo_enabled":false,"profile_banner_url":"https://pbs.twimg.com/profile_banners/2728383136/1406658135","profile_background_image_url":"http://abs.twimg.com/images/themes/theme1/bg.png","name":"Hollie Monaghan","lang":"en","profile_background_tile":false,"favourites_count":1,"screen_name":"bilikas6888","notifications":false,"url":null,"created_at":"Tue Jul 29 18:06:44 +0000 2014","contributors_enabled":false,"time_zone":null,"protected":false,"default_profile":true,"is_translator":false},"geo":null,"in_reply_to_user_id_str":"22123727","lang":"en","created_at":"Tue Dec 16 02:56:03 +0000 2014","in_reply_to_status_id_str":"544278985249550337","place":null}
]