[{"contributors":null,"truncated":false,"text":"@BBCWorld Why are other big buildings being evacuated? Police have more info or knee-jerk reaction?","in_reply_to_status_id":544294893146091520,"id":544295537181069312,"favorite_count":0,"source":"<a href=\"http://twitter.com\" rel=\"nofollow\">Twitter Web Client</a>","retweeted":false,"coordinates":null,"entities":{"symbols":[],"user_mentions":[{"id":742143,"indices":[0,9],"id_str":"742143","screen_name":"BBCWorld","name":"BBC News (World)"}],"hashtags":[],"urls":[]},"in_reply_to_screen_name":"BBCWorld","id_str":"544295537181069312","retweet_count":0,"in_reply_to_user_id":742143,"favorited":false,"user":{"follow_request_sent":false,"profile_use_background_image":true,"profile_text_color":"333333","default_profile_image":false,"id":19497064,"profile_background_image_url_https":"https://abs.twimg.com/images/themes/theme1/bg.png","verified":false,"profile_location":null,"profile_image_url_https":"https://pbs.twimg.com/profile_images/74225516/P200408_15.59_02__normal.JPG","profile_sidebar_fill_color":"DDEEF6","entities":{"description":{"urls":[]}},"followers_count":16,"profile_sidebar_border_color":"C0DEED","id_str":"19497064","profile_background_color":"C0DEED","listed_count":0,"is_translation_enabled":false,"utc_offset":28800,"statuses_count":144,"description":"A crouton floating in the bouillabaisse of life","friends_count":102,"location":"Hingland","profile_link_color":"0084B4","profile_image_url":"http://pbs.twimg.com/profile_images/74225516/P200408_15.59_02__normal.JPG","following":false,"geo_enabled":true,"profile_background_image_url":"http://abs.twimg.com/images/themes/theme1/bg.png","name":"Mark Sampson","lang":"en","profile_background_tile":false,"favourites_count":13,"screen_name":"aphex2k","notifications":false,"url":null,"created_at":"Sun Jan 25 17:56:51 +0000 2009","contributors_enabled":false,"time_zone":"Perth","protected":false,"default_profile":true,"is_translator":false},"geo":null,"in_reply_to_user_id_str":"742143","lang":"en","created_at":"Mon Dec 15 00:59:03 +0000 2014","in_reply_to_status_id_str":"544294893146091520","place":null},
{"contributors":null,"truncated":false,"text":"Situation should be dealt with cleverly &amp; strongly. No mercy for the hostage takers @BBCWorld","in_reply_to_status_id":544294893146091520,"id":544295899585732609,"favorite_count":0,"source":"<a href=\"http://twitter.com/download/android\" rel=\"nofollow\">Twitter for Android</a>","retweeted":false,"coordinates":null,"entities":{"symbols":[],"user_mentions":[{"id":742143,"indices":[88,97],"id_str":"742143","screen_name":"BBCWorld","name":"BBC News (World)"}],"hashtags":[],"urls":[]},"in_reply_to_screen_name":"BBCWorld","id_str":"544295899585732609","retweet_count":0,"in_reply_to_user_id":742143,"favorited":false,"user":{"follow_request_sent":false,"profile_use_background_image":true,"profile_text_color":"333333","default_profile_image":false,"id":923278088,"profile_background_image_url_https":"https://abs.twimg.com/images/themes/theme1/bg.png","verified":false,"profile_location":null,"profile_image_url_https":"https://pbs.twimg.com/profile_images/574374793509666816/75QUh_u4_normal.jpeg","profile_sidebar_fill_color":"DDEEF6","entities":{"description":{"urls":[]}},"followers_count":76,"profile_sidebar_border_color":"C0DEED","id_str":"923278088","profile_background_color":"C0DEED","listed_count":1,"is_translation_enabled":false,"utc_offset":19800,"statuses_count":2527,"description":"Aspiring for a strong & stable India which can lead the world one day, tweets are independent views","friends_count":305,"location":"Land of Hinduism & Vedas","profile_link_color":"0084B4","profile_image_url":"http://pbs.twimg.com/profile_images/574374793509666816/75QUh_u4_normal.jpeg","following":false,"geo_enabled":false,"profile_banner_url":"https://pbs.twimg.com/profile_banners/923278088/1385542356","profile_background_image_url":"http://abs.twimg.com/images/themes/theme1/bg.png","name":"PGP","lang":"en","profile_background_tile":false,"favourites_count":26,"screen_name":"PriyanGMenon","notifications":false,"url":null,"created_at":"Sat Nov 03 14:00:42 +0000 2012","contributors_enabled":false,"time_zone":"Mumbai","protected":false,"default_profile":true,"is_translator":false},"geo":null,"in_reply_to_user_id_str":"742143","lang":"en","created_at":"Mon Dec 15 01:00:29 +0000 2014","in_reply_to_status_id_str":"544294893146091520","place":null},
{"contributors":null,"truncated":false,"text":"@BBCWorld still not clear what's happening","in_reply_to_status_id":544294893146091520,"id":544296014363246592,"favorite_count":0,"source":"<a href=\"http://www.twitter.com\" rel=\"nofollow\">Twitter for Windows Phone</a>","retweeted":false,"coordinates":null,"entities":{"symbols":[],"user_mentions":[{"id":742143,"indices":[0,9],"id_str":"742143","screen_name":"BBCWorld","name":"BBC News (World)"}],"hashtags":[],"urls":[]},"in_reply_to_screen_name":"BBCWorld","id_str":"544296014363246592","retweet_count":0,"in_reply_to_user_id":742143,"favorited":false,"user":{"follow_request_sent":false,"profile_use_background_image":true,"profile_text_color":"333333","default_profile_image":false,"id":510490823,"profile_background_image_url_https":"https://abs.twimg.com/images/themes/theme1/bg.png","verified":false,"profile_location":null,"profile_image_url_https":"https://pbs.twimg.com/profile_images/422468414800941057/e0oQRr17_normal.jpeg","profile_sidebar_fill_color":"DDEEF6","entities":{"description":{"urls":[]}},"followers_count":18,"profile_sidebar_border_color":"C0DEED","id_str":"510490823","profile_background_color":"C0DEED","listed_count":0,"is_translation_enabled":false,"utc_offset":null,"statuses_count":275,"description":"","friends_count":68,"location":"","profile_link_color":"0084B4","profile_image_url":"http://pbs.twimg.com/profile_images/422468414800941057/e0oQRr17_normal.jpeg","following":false,"geo_enabled":false,"profile_banner_url":"https://pbs.twimg.com/profile_banners/510490823/1389559364","profile_background_image_url":"http://abs.twimg.com/images/themes/theme1/bg.png","name":"gabriele richichi","lang":"it","profile_background_tile":false,"favourites_count":24,"screen_name":"gabrielerichich","notifications":false,"url":null,"created_at":"Thu Mar 01 16:33:25 +0000 2012","contributors_enabled":false,"time_zone":null,"protected":false,"default_profile":true,"is_translator":false},"geo":null,"in_reply_to_user_id_str":"742143","lang":"en","created_at":"Mon Dec 15 01:00:57 +0000 2014","in_reply_to_status_id_str":"544294893146091520","place":null},
{"contributors":null,"truncated":false,"text":"@BBCWorld i have heard there are credible threats at major public places in the uk over Christmas..... is this true @BBCWorld?","in_reply_to_status_id":544294893146091520,"id":544296218613256192,"favorite_count":0,"source":"<a href=\"http://twitter.com/download/android\" rel=\"nofollow\">Twitter for Android</a>","retweeted":false,"coordinates":null,"entities":{"symbols":[],"user_mentions":[{"id":742143,"indices":[0,9],"id_str":"742143","screen_name":"BBCWorld","name":"BBC News (World)"},{"id":742143,"indices":[116,125],"id_str":"742143","screen_name":"BBCWorld","name":"BBC News (World)"}],"hashtags":[],"urls":[]},"in_reply_to_screen_name":"BBCWorld","id_str":"544296218613256192","retweet_count":0,"in_reply_to_user_id":742143,"favorited":false,"user":{"follow_request_sent":false,"profile_use_background_image":true,"profile_text_color":"333333","default_profile_image":false,"id":712588641,"profile_background_image_url_https":"https://pbs.twimg.com/profile_background_images/378800000163476913/PXOs7Fj5.jpeg","verified":false,"profile_location":null,"profile_image_url_https":"https://pbs.twimg.com/profile_images/535079980418351104/4vGKOjM7_normal.jpeg","profile_sidebar_fill_color":"DDEEF6","entities":{"url":{"urls":[{"url":"http://t.co/cQobC6EFSK","indices":[0,22],"expanded_url":"http://www.TheGraniteXchange.co.uk","display_url":"TheGraniteXchange.co.uk"}]},"description":{"urls":[]}},"followers_count":1775,"profile_sidebar_border_color":"000000","id_str":"712588641","profile_background_color":"C0DEED","listed_count":23,"is_translation_enabled":false,"utc_offset":null,"statuses_count":18171,"description":"An inspired interior surface specialist with £5million public liability insurance - cutting stone, not corners","friends_count":2000,"location":"UK WIDE INSTALLATION","profile_link_color":"0084B4","profile_image_url":"http://pbs.twimg.com/profile_images/535079980418351104/4vGKOjM7_normal.jpeg","following":false,"geo_enabled":false,"profile_banner_url":"https://pbs.twimg.com/profile_banners/712588641/1416407804","profile_background_image_url":"http://pbs.twimg.com/profile_background_images/378800000163476913/PXOs7Fj5.jpeg","name":"bernard wynne","lang":"en","profile_background_tile":true,"favourites_count":14142,"screen_name":"GraniteXchange","notifications":false,"url":"http://t.co/cQobC6EFSK","created_at":"Sun Oct 13 12:37:45 +0000 2013","contributors_enabled":false,"time_zone":null,"protected":false,"default_profile":false,"is_translator":false},"geo":null,"in_reply_to_user_id_str":"742143","lang":"en","created_at":"Mon Dec 15 01:01:45 +0000 2014","in_reply_to_status_id_str":"544294893146091520","place":null},
{"contributors":null,"truncated":false,"text":"Special Prayers for #Sydney tonight \"@bbcworld: Ongoing hostage situation in Sydney café. #sydneysiege http://t.co/Z4hz7svcXQ”","in_reply_to_status_id":544294893146091520,"id":544296384493789186,"favorite_count":3,"source":"<a href=\"http://twitter.com/download/iphone\" rel=\"nofollow\">Twitter for iPhone</a>","retweeted":false,"coordinates":null,"entities":{"symbols":[],"user_mentions":[{"id":742143,"indices":[37,46],"id_str":"742143","screen_name":"BBCWorld","name":"BBC News (World)"}],"hashtags":[{"indices":[20,27],"text":"Sydney"},{"indices":[90,102],"text":"sydneysiege"}],"urls":[{"url":"http://t.co/Z4hz7svcXQ","indices":[103,125],"expanded_url":"http://bbc.in/1wxluEu","display_url":"bbc.in/1wxluEu"}]},"in_reply_to_screen_name":"BBCWorld","id_str":"544296384493789186","retweet_count":4,"in_reply_to_user_id":742143,"favorited":false,"user":{"follow_request_sent":false,"profile_use_background_image":true,"profile_text_color":"333333","default_profile_image":false,"id":85754435,"profile_background_image_url_https":"https://pbs.twimg.com/profile_background_images/378800000063862816/8c755620ce46057bb373c9fa7cff5f9b.png","verified":false,"profile_location":null,"profile_image_url_https":"https://pbs.twimg.com/profile_images/588874436931104770/Srs8aoOs_normal.jpg","profile_sidebar_fill_color":"E6F6F9","entities":{"url":{"urls":[{"url":"http://t.co/eE0LXq953t","indices":[0,22],"expanded_url":"http://www.muslimsforpeace.org","display_url":"muslimsforpeace.org"}]},"description":{"urls":[]}},"followers_count":1235,"profile_sidebar_border_color":"FFFFFF","id_str":"85754435","profile_background_color":"DBE9ED","listed_count":12,"is_translation_enabled":false,"utc_offset":-18000,"statuses_count":10565,"description":"","friends_count":584,"location":"Richmond, VA","profile_link_color":"CC3366","profile_image_url":"http://pbs.twimg.com/profile_images/588874436931104770/Srs8aoOs_normal.jpg","following":false,"geo_enabled":true,"profile_banner_url":"https://pbs.twimg.com/profile_banners/85754435/1418773235","profile_background_image_url":"http://pbs.twimg.com/profile_background_images/378800000063862816/8c755620ce46057bb373c9fa7cff5f9b.png","name":"Ayesha Noor","lang":"en","profile_background_tile":true,"favourites_count":634,"screen_name":"FriendlyMuslim","notifications":false,"url":"http://t.co/eE0LXq953t","created_at":"Wed Oct 28 06:00:06 +0000 2009","contributors_enabled":false,"time_zone":"Eastern Time (US & Canada)","protected":false,"default_profile":false,"is_translator":false},"geo":null,"in_reply_to_user_id_str":"742143","possibly_sensitive":false,"lang":"en","created_at":"Mon Dec 15 01:02:25 +0000 2014","in_reply_to_status_id_str":"544294893146091520","place":null},
{"contributors":null,"truncated":false,"text":"@BBCWorld praying for a peaceful, safe ending to this crisis. #sydneysiege","in_reply_to_status_id":544294893146091520,"id":544297327402713088,"favorite_count":1,"source":"<a href=\"http://twitter.com/#!/download/ipad\" rel=\"nofollow\">Twitter for iPad</a>","retweeted":false,"coordinates":null,"entities":{"symbols":[],"user_mentions":[{"id":742143,"indices":[0,9],"id_str":"742143","screen_name":"BBCWorld","name":"BBC News (World)"}],"hashtags":[{"indices":[62,74],"text":"sydneysiege"}],"urls":[]},"in_reply_to_screen_name":"BBCWorld","id_str":"544297327402713088","retweet_count":0,"in_reply_to_user_id":742143,"favorited":false,"user":{"follow_request_sent":false,"profile_use_background_image":true,"profile_text_color":"333333","default_profile_image":false,"id":750360169,"profile_background_image_url_https":"https://abs.twimg.com/images/themes/theme1/bg.png","verified":false,"profile_location":null,"profile_image_url_https":"https://pbs.twimg.com/profile_images/2896224337/4b05b6e3cde02ddb6932e8b9ffb984a5_normal.jpeg","profile_sidebar_fill_color":"DDEEF6","entities":{"description":{"urls":[]}},"followers_count":372,"profile_sidebar_border_color":"C0DEED","id_str":"750360169","profile_background_color":"C0DEED","listed_count":11,"is_translation_enabled":false,"utc_offset":-28800,"statuses_count":20324,"description":"","friends_count":1237,"location":"","profile_link_color":"0084B4","profile_image_url":"http://pbs.twimg.com/profile_images/2896224337/4b05b6e3cde02ddb6932e8b9ffb984a5_normal.jpeg","following":false,"geo_enabled":true,"profile_banner_url":"https://pbs.twimg.com/profile_banners/750360169/1353885737","profile_background_image_url":"http://abs.twimg.com/images/themes/theme1/bg.png","name":"J. McCavendish","lang":"en","profile_background_tile":false,"favourites_count":6553,"screen_name":"limitlesskait","notifications":false,"url":null,"created_at":"Sat Aug 11 00:54:17 +0000 2012","contributors_enabled":false,"time_zone":"Pacific Time (US & Canada)","protected":false,"default_profile":true,"is_translator":false},"geo":null,"in_reply_to_user_id_str":"742143","lang":"en","created_at":"Mon Dec 15 01:06:10 +0000 2014","in_reply_to_status_id_str":"544294893146091520","place":null},
{"contributors":null,"truncated":false,"text":"@BBCWorld terrorism is a virus, the roots are getting deeper, as a virus do by dwelling deep inside our systems. terrorism is same..","in_reply_to_status_id":544294893146091520,"id":544297633636818944,"favorite_count":0,"source":"<a href=\"http://twitter.com\" rel=\"nofollow\">Twitter Web Client</a>","retweeted":false,"coordinates":null,"entities":{"symbols":[],"user_mentions":[{"id":742143,"indices":[0,9],"id_str":"742143","screen_name":"BBCWorld","name":"BBC News (World)"}],"hashtags":[],"urls":[]},"in_reply_to_screen_name":"BBCWorld","id_str":"544297633636818944","retweet_count":0,"in_reply_to_user_id":742143,"favorited":false,"user":{"follow_request_sent":false,"profile_use_background_image":true,"profile_text_color":"3D1957","default_profile_image":false,"id":185761169,"profile_background_image_url_https":"https://abs.twimg.com/images/themes/theme10/bg.gif","verified":false,"profile_location":null,"profile_image_url_https":"https://pbs.twimg.com/profile_images/378800000710067834/11a94a104875c3c477b9b1b2926dc408_normal.jpeg","profile_sidebar_fill_color":"7AC3EE","entities":{"description":{"urls":[]}},"followers_count":25,"profile_sidebar_border_color":"65B0DA","id_str":"185761169","profile_background_color":"642D8B","listed_count":0,"is_translation_enabled":false,"utc_offset":null,"statuses_count":107,"description":"","friends_count":104,"location":"","profile_link_color":"FF0000","profile_image_url":"http://pbs.twimg.com/profile_images/378800000710067834/11a94a104875c3c477b9b1b2926dc408_normal.jpeg","following":false,"geo_enabled":true,"profile_banner_url":"https://pbs.twimg.com/profile_banners/185761169/1417356588","profile_background_image_url":"http://abs.twimg.com/images/themes/theme10/bg.gif","name":"AKSHAT NIGAM","lang":"en","profile_background_tile":true,"favourites_count":8,"screen_name":"nigamaks","notifications":false,"url":null,"created_at":"Wed Sep 01 19:41:13 +0000 2010","contributors_enabled":false,"time_zone":null,"protected":false,"default_profile":false,"is_translator":false},"geo":null,"in_reply_to_user_id_str":"742143","lang":"en","created_at":"Mon Dec 15 01:07:23 +0000 2014","in_reply_to_status_id_str":"544294893146091520","place":null},
{"contributors":null,"truncated":false,"text":"@BBCWorld why exactly did you give misinformation regarding how many hostages there was in the store -bbc? To make the story more","in_reply_to_status_id":544294893146091520,"id":544297678771724288,"favorite_count":0,"source":"<a href=\"http://twitter.com/#!/download/ipad\" rel=\"nofollow\">Twitter for iPad</a>","retweeted":false,"coordinates":null,"entities":{"symbols":[],"user_mentions":[{"id":742143,"indices":[0,9],"id_str":"742143","screen_name":"BBCWorld","name":"BBC News (World)"}],"hashtags":[],"urls":[]},"in_reply_to_screen_name":"BBCWorld","id_str":"544297678771724288","retweet_count":0,"in_reply_to_user_id":742143,"favorited":false,"user":{"follow_request_sent":false,"profile_use_background_image":true,"profile_text_color":"333333","default_profile_image":false,"id":1542767918,"profile_background_image_url_https":"https://abs.twimg.com/images/themes/theme1/bg.png","verified":false,"profile_location":null,"profile_image_url_https":"https://pbs.twimg.com/profile_images/378800000038249282/b46083b16c7825ba99c1adf472b3ee7e_normal.jpeg","profile_sidebar_fill_color":"DDEEF6","entities":{"description":{"urls":[]}},"followers_count":4213,"profile_sidebar_border_color":"C0DEED","id_str":"1542767918","profile_background_color":"C0DEED","listed_count":56,"is_translation_enabled":false,"utc_offset":null,"statuses_count":107269,"description":"L for Learner in the world of psychics, 3 C's,tarot cards,I love angels","friends_count":4566,"location":"Lake Macquarie NSW Australia","profile_link_color":"0084B4","profile_image_url":"http://pbs.twimg.com/profile_images/378800000038249282/b46083b16c7825ba99c1adf472b3ee7e_normal.jpeg","following":false,"geo_enabled":true,"profile_banner_url":"https://pbs.twimg.com/profile_banners/1542767918/1413276273","profile_background_image_url":"http://abs.twimg.com/images/themes/theme1/bg.png","name":"KM Waugh","lang":"en-gb","profile_background_tile":false,"favourites_count":97196,"screen_name":"PsychicWaugh","notifications":false,"url":null,"created_at":"Mon Jun 24 07:58:08 +0000 2013","contributors_enabled":false,"time_zone":null,"protected":false,"default_profile":true,"is_translator":false},"geo":null,"in_reply_to_user_id_str":"742143","lang":"en","created_at":"Mon Dec 15 01:07:33 +0000 2014","in_reply_to_status_id_str":"544294893146091520","place":null},
{"contributors":null,"truncated":false,"text":"@BBCWorld sensational. How would the CEO of Lindt now how many people were in the store- when even the police haven't confirmed how many","in_reply_to_status_id":544297678771724288,"id":544297830853001216,"favorite_count":1,"source":"<a href=\"http://twitter.com/#!/download/ipad\" rel=\"nofollow\">Twitter for iPad</a>","retweeted":false,"coordinates":null,"entities":{"symbols":[],"user_mentions":[{"id":742143,"indices":[0,9],"id_str":"742143","screen_name":"BBCWorld","name":"BBC News (World)"}],"hashtags":[],"urls":[]},"in_reply_to_screen_name":"PsychicWaugh","id_str":"544297830853001216","retweet_count":0,"in_reply_to_user_id":1542767918,"favorited":false,"user":{"follow_request_sent":false,"profile_use_background_image":true,"profile_text_color":"333333","default_profile_image":false,"id":1542767918,"profile_background_image_url_https":"https://abs.twimg.com/images/themes/theme1/bg.png","verified":false,"profile_location":null,"profile_image_url_https":"https://pbs.twimg.com/profile_images/378800000038249282/b46083b16c7825ba99c1adf472b3ee7e_normal.jpeg","profile_sidebar_fill_color":"DDEEF6","entities":{"description":{"urls":[]}},"followers_count":4213,"profile_sidebar_border_color":"C0DEED","id_str":"1542767918","profile_background_color":"C0DEED","listed_count":56,"is_translation_enabled":false,"utc_offset":null,"statuses_count":107269,"description":"L for Learner in the world of psychics, 3 C's,tarot cards,I love angels","friends_count":4566,"location":"Lake Macquarie NSW Australia","profile_link_color":"0084B4","profile_image_url":"http://pbs.twimg.com/profile_images/378800000038249282/b46083b16c7825ba99c1adf472b3ee7e_normal.jpeg","following":false,"geo_enabled":true,"profile_banner_url":"https://pbs.twimg.com/profile_banners/1542767918/1413276273","profile_background_image_url":"http://abs.twimg.com/images/themes/theme1/bg.png","name":"KM Waugh","lang":"en-gb","profile_background_tile":false,"favourites_count":97196,"screen_name":"PsychicWaugh","notifications":false,"url":null,"created_at":"Mon Jun 24 07:58:08 +0000 2013","contributors_enabled":false,"time_zone":null,"protected":false,"default_profile":true,"is_translator":false},"geo":null,"in_reply_to_user_id_str":"1542767918","lang":"en","created_at":"Mon Dec 15 01:08:10 +0000 2014","in_reply_to_status_id_str":"544297678771724288","place":null},
{"contributors":null,"truncated":false,"text":"@BBCWorld \nKindly call your Army and Navy seals ... \nthese are deadly ISLAMIC terrorists who BLOW themselves ..","in_reply_to_status_id":544294893146091520,"id":544297851950354432,"favorite_count":0,"source":"<a href=\"http://twitter.com\" rel=\"nofollow\">Twitter Web Client</a>","retweeted":false,"coordinates":null,"entities":{"symbols":[],"user_mentions":[{"id":742143,"indices":[0,9],"id_str":"742143","screen_name":"BBCWorld","name":"BBC News (World)"}],"hashtags":[],"urls":[]},"in_reply_to_screen_name":"BBCWorld","id_str":"544297851950354432","retweet_count":0,"in_reply_to_user_id":742143,"favorited":false,"user":{"follow_request_sent":false,"profile_use_background_image":true,"profile_text_color":"333333","default_profile_image":false,"id":79802631,"profile_background_image_url_https":"https://pbs.twimg.com/profile_background_images/689967490/57dc57b653a14dfde02a84cc7b50d11e.jpeg","verified":false,"profile_location":null,"profile_image_url_https":"https://pbs.twimg.com/profile_images/502776032911310849/IJEu5Yw-_normal.jpeg","profile_sidebar_fill_color":"EFEFEF","entities":{"url":{"urls":[{"url":"http://t.co/g0jxdxKy38","indices":[0,22],"expanded_url":"http://www.youtube.com/user/threefortyfive?feature=mhee","display_url":"youtube.com/user/threefort…"}]},"description":{"urls":[]}},"followers_count":1145,"profile_sidebar_border_color":"FFFFFF","id_str":"79802631","profile_background_color":"131516","listed_count":13,"is_translation_enabled":false,"utc_offset":19800,"statuses_count":128289,"description":"|| श्रीमान एक्स परिस्थितियों में ||\r\n|| सत्यम शिवम् सुन्दरम ||\r\n|| जो व्याख्या से परे हैं वह ही राम हैं ||\r\nहिन्दू धरम के सामान उच्च कोई धरम नहीं है","friends_count":1999,"location":"India","profile_link_color":"009999","profile_image_url":"http://pbs.twimg.com/profile_images/502776032911310849/IJEu5Yw-_normal.jpeg","following":false,"geo_enabled":false,"profile_banner_url":"https://pbs.twimg.com/profile_banners/79802631/1412945322","profile_background_image_url":"http://pbs.twimg.com/profile_background_images/689967490/57dc57b653a14dfde02a84cc7b50d11e.jpeg","name":"Mr. X in Situations ","lang":"en","profile_background_tile":false,"favourites_count":127032,"screen_name":"peeyushmalhotra","notifications":false,"url":"http://t.co/g0jxdxKy38","created_at":"Sun Oct 04 18:55:01 +0000 2009","contributors_enabled":false,"time_zone":"Chennai","protected":false,"default_profile":false,"is_translator":false},"geo":null,"in_reply_to_user_id_str":"742143","lang":"en","created_at":"Mon Dec 15 01:08:15 +0000 2014","in_reply_to_status_id_str":"544294893146091520","place":null},
{"contributors":null,"truncated":false,"text":"@BBCWorld hostages their is?","in_reply_to_status_id":544297830853001216,"id":544297864650706946,"favorite_count":0,"source":"<a href=\"http://twitter.com/#!/download/ipad\" rel=\"nofollow\">Twitter for iPad</a>","retweeted":false,"coordinates":null,"entities":{"symbols":[],"user_mentions":[{"id":742143,"indices":[0,9],"id_str":"742143","screen_name":"BBCWorld","name":"BBC News (World)"}],"hashtags":[],"urls":[]},"in_reply_to_screen_name":"PsychicWaugh","id_str":"544297864650706946","retweet_count":0,"in_reply_to_user_id":1542767918,"favorited":false,"user":{"follow_request_sent":false,"profile_use_background_image":true,"profile_text_color":"333333","default_profile_image":false,"id":1542767918,"profile_background_image_url_https":"https://abs.twimg.com/images/themes/theme1/bg.png","verified":false,"profile_location":null,"profile_image_url_https":"https://pbs.twimg.com/profile_images/378800000038249282/b46083b16c7825ba99c1adf472b3ee7e_normal.jpeg","profile_sidebar_fill_color":"DDEEF6","entities":{"description":{"urls":[]}},"followers_count":4213,"profile_sidebar_border_color":"C0DEED","id_str":"1542767918","profile_background_color":"C0DEED","listed_count":56,"is_translation_enabled":false,"utc_offset":null,"statuses_count":107269,"description":"L for Learner in the world of psychics, 3 C's,tarot cards,I love angels","friends_count":4566,"location":"Lake Macquarie NSW Australia","profile_link_color":"0084B4","profile_image_url":"http://pbs.twimg.com/profile_images/378800000038249282/b46083b16c7825ba99c1adf472b3ee7e_normal.jpeg","following":false,"geo_enabled":true,"profile_banner_url":"https://pbs.twimg.com/profile_banners/1542767918/1413276273","profile_background_image_url":"http://abs.twimg.com/images/themes/theme1/bg.png","name":"KM Waugh","lang":"en-gb","profile_background_tile":false,"favourites_count":97196,"screen_name":"PsychicWaugh","notifications":false,"url":null,"created_at":"Mon Jun 24 07:58:08 +0000 2013","contributors_enabled":false,"time_zone":null,"protected":false,"default_profile":true,"is_translator":false},"geo":null,"in_reply_to_user_id_str":"1542767918","lang":"en","created_at":"Mon Dec 15 01:08:18 +0000 2014","in_reply_to_status_id_str":"544297830853001216","place":null},
{"contributors":null,"truncated":false,"text":"@BBCWorld @cnnbrk so there is a hostage situation in Sydney? Why won't @cnnbrk report it?","in_reply_to_status_id":544294893146091520,"id":544298394030968832,"favorite_count":0,"source":"<a href=\"http://twitter.com/download/iphone\" rel=\"nofollow\">Twitter for iPhone</a>","retweeted":false,"coordinates":null,"entities":{"symbols":[],"user_mentions":[{"id":742143,"indices":[0,9],"id_str":"742143","screen_name":"BBCWorld","name":"BBC News (World)"},{"id":428333,"indices":[10,17],"id_str":"428333","screen_name":"cnnbrk","name":"CNN Breaking News"},{"id":428333,"indices":[71,78],"id_str":"428333","screen_name":"cnnbrk","name":"CNN Breaking News"}],"hashtags":[],"urls":[]},"in_reply_to_screen_name":"BBCWorld","id_str":"544298394030968832","retweet_count":0,"in_reply_to_user_id":742143,"favorited":false,"user":{"follow_request_sent":false,"profile_use_background_image":true,"profile_text_color":"634047","default_profile_image":false,"id":20028665,"profile_background_image_url_https":"https://abs.twimg.com/images/themes/theme3/bg.gif","verified":false,"profile_location":null,"profile_image_url_https":"https://pbs.twimg.com/profile_images/452871748581474306/GM9e02LE_normal.jpeg","profile_sidebar_fill_color":"E3E2DE","entities":{"description":{"urls":[]}},"followers_count":117,"profile_sidebar_border_color":"D3D2CF","id_str":"20028665","profile_background_color":"EDECE9","listed_count":1,"is_translation_enabled":false,"utc_offset":-28800,"statuses_count":2075,"description":"Wife of @Papa_maddox, Mama of Casey/Kelly/Caitlin/Cammie; Grammie of Lucy, Max and Jack. Grateful follower of Christ.","friends_count":132,"location":"Seattle","profile_link_color":"088253","profile_image_url":"http://pbs.twimg.com/profile_images/452871748581474306/GM9e02LE_normal.jpeg","following":false,"geo_enabled":true,"profile_banner_url":"https://pbs.twimg.com/profile_banners/20028665/1396808011","profile_background_image_url":"http://abs.twimg.com/images/themes/theme3/bg.gif","name":"Cathy Maddox","lang":"en","profile_background_tile":false,"favourites_count":215,"screen_name":"MamaMaddox","notifications":false,"url":null,"created_at":"Wed Feb 04 04:58:49 +0000 2009","contributors_enabled":false,"time_zone":"Pacific Time (US & Canada)","protected":false,"default_profile":false,"is_translator":false},"geo":null,"in_reply_to_user_id_str":"742143","lang":"en","created_at":"Mon Dec 15 01:10:24 +0000 2014","in_reply_to_status_id_str":"544294893146091520","place":null},
{"contributors":null,"truncated":false,"text":"@BBCWorld Ongoing hostage situation in Sydney café. #sydneysiege Major landmarks like the Sydney Opera House evcuated http://t.co/dFkdaFAj5O","in_reply_to_status_id":544294893146091520,"id":544298982608879616,"favorite_count":0,"source":"<a href=\"http://twitter.com\" rel=\"nofollow\">Twitter Web Client</a>","retweeted":false,"coordinates":null,"entities":{"symbols":[],"user_mentions":[{"id":742143,"indices":[0,9],"id_str":"742143","screen_name":"BBCWorld","name":"BBC News (World)"}],"hashtags":[{"indices":[52,64],"text":"sydneysiege"}],"urls":[{"url":"http://t.co/dFkdaFAj5O","indices":[118,140],"expanded_url":"http://bbc.in/1wxluEu","display_url":"bbc.in/1wxluEu"}]},"in_reply_to_screen_name":"BBCWorld","id_str":"544298982608879616","retweet_count":0,"in_reply_to_user_id":742143,"favorited":false,"user":{"follow_request_sent":false,"profile_use_background_image":true,"profile_text_color":"333333","default_profile_image":false,"id":2611858165,"profile_background_image_url_https":"https://abs.twimg.com/images/themes/theme1/bg.png","verified":false,"profile_location":null,"profile_image_url_https":"https://pbs.twimg.com/profile_images/486530410357063681/9cd90bXG_normal.jpeg","profile_sidebar_fill_color":"DDEEF6","entities":{"description":{"urls":[]}},"followers_count":19,"profile_sidebar_border_color":"C0DEED","id_str":"2611858165","profile_background_color":"C0DEED","listed_count":0,"is_translation_enabled":false,"utc_offset":null,"statuses_count":486,"description":"Site manager for a supermarket chain, sports lover, outdoorsy.","friends_count":119,"location":"","profile_link_color":"0084B4","profile_image_url":"http://pbs.twimg.com/profile_images/486530410357063681/9cd90bXG_normal.jpeg","following":false,"geo_enabled":false,"profile_banner_url":"https://pbs.twimg.com/profile_banners/2611858165/1404832870","profile_background_image_url":"http://abs.twimg.com/images/themes/theme1/bg.png","name":"Keirulf Midd","lang":"en","profile_background_tile":false,"favourites_count":18,"screen_name":"Care_Wolff","notifications":false,"url":null,"created_at":"Tue Jul 08 15:16:48 +0000 2014","contributors_enabled":false,"time_zone":null,"protected":false,"default_profile":true,"is_translator":false},"geo":null,"in_reply_to_user_id_str":"742143","possibly_sensitive":false,"lang":"en","created_at":"Mon Dec 15 01:12:44 +0000 2014","in_reply_to_status_id_str":"544294893146091520","place":null},
{"contributors":null,"truncated":false,"text":"@BBCWorld What are the demands? Any contacts with #Australian #ISIS terrorists? Any casualties? Standing by Australia &amp; praying this ends","in_reply_to_status_id":544294893146091520,"id":544300707608670208,"favorite_count":0,"source":"<a href=\"http://www.twitter.com\" rel=\"nofollow\">Twitter for Windows Phone</a>","retweeted":false,"coordinates":null,"entities":{"symbols":[],"user_mentions":[{"id":742143,"indices":[0,9],"id_str":"742143","screen_name":"BBCWorld","name":"BBC News (World)"}],"hashtags":[{"indices":[50,61],"text":"Australian"},{"indices":[62,67],"text":"ISIS"}],"urls":[]},"in_reply_to_screen_name":"BBCWorld","id_str":"544300707608670208","retweet_count":0,"in_reply_to_user_id":742143,"favorited":false,"user":{"follow_request_sent":false,"profile_use_background_image":true,"profile_text_color":"333333","default_profile_image":false,"id":2241006968,"profile_background_image_url_https":"https://abs.twimg.com/images/themes/theme1/bg.png","verified":false,"profile_location":null,"profile_image_url_https":"https://pbs.twimg.com/profile_images/378800000859130940/W9AyX-OU_normal.png","profile_sidebar_fill_color":"DDEEF6","entities":{"url":{"urls":[{"url":"http://t.co/dJpgJ7kgUc","indices":[0,22],"expanded_url":"http://allaboutmadras.blogspot.in","display_url":"allaboutmadras.blogspot.in"}]},"description":{"urls":[]}},"followers_count":23,"profile_sidebar_border_color":"C0DEED","id_str":"2241006968","profile_background_color":"C0DEED","listed_count":0,"is_translation_enabled":false,"utc_offset":null,"statuses_count":431,"description":"IT professional, social activist and blogger.  Wishing Bharat gets her glory back","friends_count":194,"location":"Chennai","profile_link_color":"0084B4","profile_image_url":"http://pbs.twimg.com/profile_images/378800000859130940/W9AyX-OU_normal.png","following":false,"geo_enabled":false,"profile_background_image_url":"http://abs.twimg.com/images/themes/theme1/bg.png","name":"Shanmuga Sundara Ram","lang":"en","profile_background_tile":false,"favourites_count":77,"screen_name":"Shasur4Bharat","notifications":false,"url":"http://t.co/dJpgJ7kgUc","created_at":"Wed Dec 11 16:09:33 +0000 2013","contributors_enabled":false,"time_zone":null,"protected":false,"default_profile":true,"is_translator":false},"geo":null,"in_reply_to_user_id_str":"742143","lang":"en","created_at":"Mon Dec 15 01:19:35 +0000 2014","in_reply_to_status_id_str":"544294893146091520","place":null},
{"contributors":null,"truncated":false,"text":"Did your host really say we shouldn't jump to conclusions? You think the guy with a gun is pissed off about coffee? C'mon @BBCWorld","in_reply_to_status_id":544294893146091520,"id":544301711003615232,"favorite_count":10,"source":"<a href=\"http://twitter.com/#!/download/ipad\" rel=\"nofollow\">Twitter for iPad</a>","retweeted":false,"coordinates":null,"entities":{"symbols":[],"user_mentions":[{"id":742143,"indices":[122,131],"id_str":"742143","screen_name":"BBCWorld","name":"BBC News (World)"}],"hashtags":[],"urls":[]},"in_reply_to_screen_name":"BBCWorld","id_str":"544301711003615232","retweet_count":18,"in_reply_to_user_id":742143,"favorited":false,"user":{"follow_request_sent":false,"profile_use_background_image":true,"profile_text_color":"333333","default_profile_image":false,"id":35051304,"profile_background_image_url_https":"https://abs.twimg.com/images/themes/theme1/bg.png","verified":false,"profile_location":null,"profile_image_url_https":"https://pbs.twimg.com/profile_images/589966185359220736/QRuYps0e_normal.jpg","profile_sidebar_fill_color":"DDEEF6","entities":{"url":{"urls":[{"url":"http://t.co/rhxrDaO8jH","indices":[0,22],"expanded_url":"http://chainsawthismfer.com","display_url":"chainsawthismfer.com"}]},"description":{"urls":[]}},"followers_count":36869,"profile_sidebar_border_color":"C0DEED","id_str":"35051304","profile_background_color":"C0DEED","listed_count":811,"is_translation_enabled":false,"utc_offset":-25200,"statuses_count":144802,"description":"Just a-hopping through the forest. tlot-ish Sugar & spice & everything nice, if sugar & spice were a deadly weapon. Host of Unapologetically Bunny. #GetEmBoo","friends_count":17824,"location":" Out West Somewhere","profile_link_color":"0084B4","profile_image_url":"http://pbs.twimg.com/profile_images/589966185359220736/QRuYps0e_normal.jpg","following":false,"geo_enabled":false,"profile_banner_url":"https://pbs.twimg.com/profile_banners/35051304/1417554854","profile_background_image_url":"http://abs.twimg.com/images/themes/theme1/bg.png","name":"SantaBunnyFooFoo","lang":"en","profile_background_tile":false,"favourites_count":178844,"screen_name":"PolitiBunny","notifications":false,"url":"http://t.co/rhxrDaO8jH","created_at":"Fri Apr 24 21:47:49 +0000 2009","contributors_enabled":false,"time_zone":"Mountain Time (US & Canada)","protected":false,"default_profile":true,"is_translator":false},"geo":null,"in_reply_to_user_id_str":"742143","lang":"en","created_at":"Mon Dec 15 01:23:35 +0000 2014","in_reply_to_status_id_str":"544294893146091520","place":null},
{"contributors":null,"truncated":false,"text":"@PolitiBunny @BBCWorld beans not picked by Juan Valdez","in_reply_to_status_id":544301711003615232,"id":544302000343875585,"favorite_count":1,"source":"<a href=\"http://twitter.com\" rel=\"nofollow\">Twitter Web Client</a>","retweeted":false,"coordinates":null,"entities":{"symbols":[],"user_mentions":[{"id":35051304,"indices":[0,12],"id_str":"35051304","screen_name":"PolitiBunny","name":"SantaBunnyFooFoo"},{"id":742143,"indices":[13,22],"id_str":"742143","screen_name":"BBCWorld","name":"BBC News (World)"}],"hashtags":[],"urls":[]},"in_reply_to_screen_name":"PolitiBunny","id_str":"544302000343875585","retweet_count":0,"in_reply_to_user_id":35051304,"favorited":false,"user":{"follow_request_sent":false,"profile_use_background_image":true,"profile_text_color":"333333","default_profile_image":false,"id":2587786188,"profile_background_image_url_https":"https://abs.twimg.com/images/themes/theme1/bg.png","verified":false,"profile_location":null,"profile_image_url_https":"https://pbs.twimg.com/profile_images/548124756315078656/gZMJU6IQ_normal.jpeg","profile_sidebar_fill_color":"DDEEF6","entities":{"description":{"urls":[]}},"followers_count":378,"profile_sidebar_border_color":"C0DEED","id_str":"2587786188","profile_background_color":"C0DEED","listed_count":0,"is_translation_enabled":false,"utc_offset":null,"statuses_count":3441,"description":"Self Employed for life","friends_count":1242,"location":"Pennsyltucky    ","profile_link_color":"B3000F","profile_image_url":"http://pbs.twimg.com/profile_images/548124756315078656/gZMJU6IQ_normal.jpeg","following":false,"geo_enabled":false,"profile_background_image_url":"http://abs.twimg.com/images/themes/theme1/bg.png","name":"Glenn Grinch","lang":"en","profile_background_tile":false,"favourites_count":873,"screen_name":"wgd1601","notifications":false,"url":null,"created_at":"Wed Jun 25 16:20:49 +0000 2014","contributors_enabled":false,"time_zone":null,"protected":false,"default_profile":false,"is_translator":false},"geo":null,"in_reply_to_user_id_str":"35051304","lang":"en","created_at":"Mon Dec 15 01:24:44 +0000 2014","in_reply_to_status_id_str":"544301711003615232","place":null},
{"contributors":null,"truncated":false,"text":"@PolitiBunny @BBCWorld Right. Maybe they're a bunch of Christians in there with the flag with Arabic writing on it. You never know.","in_reply_to_status_id":544301711003615232,"id":544302060792184833,"favorite_count":6,"source":"<a href=\"http://twitter.com\" rel=\"nofollow\">Twitter Web Client</a>","retweeted":false,"coordinates":null,"entities":{"symbols":[],"user_mentions":[{"id":35051304,"indices":[0,12],"id_str":"35051304","screen_name":"PolitiBunny","name":"SantaBunnyFooFoo"},{"id":742143,"indices":[13,22],"id_str":"742143","screen_name":"BBCWorld","name":"BBC News (World)"}],"hashtags":[],"urls":[]},"in_reply_to_screen_name":"PolitiBunny","id_str":"544302060792184833","retweet_count":6,"in_reply_to_user_id":35051304,"favorited":false,"user":{"follow_request_sent":false,"profile_use_background_image":true,"profile_text_color":"333333","default_profile_image":false,"id":2881770975,"profile_background_image_url_https":"https://abs.twimg.com/images/themes/theme1/bg.png","verified":false,"profile_location":null,"profile_image_url_https":"https://pbs.twimg.com/profile_images/534471158175789057/wKIyVdIz_normal.jpeg","profile_sidebar_fill_color":"DDEEF6","entities":{"description":{"urls":[]}},"followers_count":63,"profile_sidebar_border_color":"C0DEED","id_str":"2881770975","profile_background_color":"C0DEED","listed_count":1,"is_translation_enabled":false,"utc_offset":null,"statuses_count":525,"description":"","friends_count":172,"location":"","profile_link_color":"0084B4","profile_image_url":"http://pbs.twimg.com/profile_images/534471158175789057/wKIyVdIz_normal.jpeg","following":false,"geo_enabled":false,"profile_background_image_url":"http://abs.twimg.com/images/themes/theme1/bg.png","name":"diogenes","lang":"en","profile_background_tile":false,"favourites_count":41,"screen_name":"diogenes323bc","notifications":false,"url":null,"created_at":"Mon Nov 17 22:17:26 +0000 2014","contributors_enabled":false,"time_zone":null,"protected":false,"default_profile":true,"is_translator":false},"geo":null,"in_reply_to_user_id_str":"35051304","lang":"en","created_at":"Mon Dec 15 01:24:58 +0000 2014","in_reply_to_status_id_str":"544301711003615232","place":null},
{"contributors":null,"truncated":false,"text":"@PolitiBunny @BBCWorld he is mad about chocolate.","in_reply_to_status_id":544301711003615232,"id":544302061912092673,"favorite_count":0,"source":"<a href=\"http://twitter.com\" rel=\"nofollow\">Twitter Web Client</a>","retweeted":false,"coordinates":null,"entities":{"symbols":[],"user_mentions":[{"id":35051304,"indices":[0,12],"id_str":"35051304","screen_name":"PolitiBunny","name":"SantaBunnyFooFoo"},{"id":742143,"indices":[13,22],"id_str":"742143","screen_name":"BBCWorld","name":"BBC News (World)"}],"hashtags":[],"urls":[]},"in_reply_to_screen_name":"PolitiBunny","id_str":"544302061912092673","retweet_count":0,"in_reply_to_user_id":35051304,"favorited":false,"user":{"follow_request_sent":false,"profile_use_background_image":false,"profile_text_color":"362720","default_profile_image":false,"id":25184694,"profile_background_image_url_https":"https://abs.twimg.com/images/themes/theme19/bg.gif","verified":false,"profile_location":null,"profile_image_url_https":"https://pbs.twimg.com/profile_images/531798246990303232/u5oKpAZs_normal.jpeg","profile_sidebar_fill_color":"E5507E","entities":{"description":{"urls":[]}},"followers_count":589,"profile_sidebar_border_color":"FFFFFF","id_str":"25184694","profile_background_color":"F5ABB5","listed_count":5,"is_translation_enabled":false,"utc_offset":-18000,"statuses_count":2950,"description":"Former US Marine.  ♡ hockey, family, and dressed up legs!","friends_count":1349,"location":"USA","profile_link_color":"DD2E44","profile_image_url":"http://pbs.twimg.com/profile_images/531798246990303232/u5oKpAZs_normal.jpeg","following":false,"geo_enabled":true,"profile_banner_url":"https://pbs.twimg.com/profile_banners/25184694/1399313363","profile_background_image_url":"http://abs.twimg.com/images/themes/theme19/bg.gif","name":"#BruinsFam","lang":"en","profile_background_tile":false,"favourites_count":2172,"screen_name":"BosBruinsFam","notifications":false,"url":null,"created_at":"Wed Mar 18 23:34:15 +0000 2009","contributors_enabled":false,"time_zone":"Eastern Time (US & Canada)","protected":false,"default_profile":false,"is_translator":false},"geo":null,"in_reply_to_user_id_str":"35051304","lang":"en","created_at":"Mon Dec 15 01:24:58 +0000 2014","in_reply_to_status_id_str":"544301711003615232","place":null},
{"contributors":null,"truncated":false,"text":"@PolitiBunny @BBCWorld Yeah his Grande mocha double shot latte tasted like pork so he is mad about his coffee!","in_reply_to_status_id":544301711003615232,"id":544302143315128320,"favorite_count":0,"source":"<a href=\"http://twitter.com\" rel=\"nofollow\">Twitter Web Client</a>","retweeted":false,"coordinates":null,"entities":{"symbols":[],"user_mentions":[{"id":35051304,"indices":[0,12],"id_str":"35051304","screen_name":"PolitiBunny","name":"SantaBunnyFooFoo"},{"id":742143,"indices":[13,22],"id_str":"742143","screen_name":"BBCWorld","name":"BBC News (World)"}],"hashtags":[],"urls":[]},"in_reply_to_screen_name":"PolitiBunny","id_str":"544302143315128320","retweet_count":0,"in_reply_to_user_id":35051304,"favorited":false,"user":{"follow_request_sent":false,"profile_use_background_image":false,"profile_text_color":"000000","default_profile_image":false,"id":2684175109,"profile_background_image_url_https":"https://abs.twimg.com/images/themes/theme1/bg.png","verified":false,"profile_location":null,"profile_image_url_https":"https://pbs.twimg.com/profile_images/545924016070860800/CKy8mCRd_normal.jpeg","profile_sidebar_fill_color":"000000","entities":{"url":{"urls":[{"url":"http://t.co/H4oUUIhL9K","indices":[0,22],"expanded_url":"http://theirvinepatriot.blogspot.com/","display_url":"theirvinepatriot.blogspot.com"}]},"description":{"urls":[]}},"followers_count":824,"profile_sidebar_border_color":"000000","id_str":"2684175109","profile_background_color":"000000","listed_count":11,"is_translation_enabled":false,"utc_offset":null,"statuses_count":12030,"description":"I am Virgil Edwards, Taking no Liberal Nonsense and Pushing hard for the US Constitution #tcot #SCR #CWR405 #WAKCR  Followed by @yesnicksearcy","friends_count":822,"location":"","profile_link_color":"0000B3","profile_image_url":"http://pbs.twimg.com/profile_images/545924016070860800/CKy8mCRd_normal.jpeg","following":false,"geo_enabled":false,"profile_banner_url":"https://pbs.twimg.com/profile_banners/2684175109/1406439350","profile_background_image_url":"http://abs.twimg.com/images/themes/theme1/bg.png","name":"Rep KY6 Challenger","lang":"en","profile_background_tile":false,"favourites_count":173,"screen_name":"IrvinePatriot","notifications":false,"url":"http://t.co/H4oUUIhL9K","created_at":"Sun Jul 27 04:50:18 +0000 2014","contributors_enabled":false,"time_zone":null,"protected":false,"default_profile":false,"is_translator":false},"geo":null,"in_reply_to_user_id_str":"35051304","lang":"en","created_at":"Mon Dec 15 01:25:18 +0000 2014","in_reply_to_status_id_str":"544301711003615232","place":null},
{"contributors":null,"truncated":false,"text":"@PolitiBunny @BBCWorld See this what happens when overpriced coffee orders are done wrong. Someone get the guy caffeine STAT!","in_reply_to_status_id":544301711003615232,"id":544302553568010240,"favorite_count":0,"source":"<a href=\"https://about.twitter.com/products/tweetdeck\" rel=\"nofollow\">TweetDeck</a>","retweeted":false,"coordinates":null,"entities":{"symbols":[],"user_mentions":[{"id":35051304,"indices":[0,12],"id_str":"35051304","screen_name":"PolitiBunny","name":"SantaBunnyFooFoo"},{"id":742143,"indices":[13,22],"id_str":"742143","screen_name":"BBCWorld","name":"BBC News (World)"}],"hashtags":[],"urls":[]},"in_reply_to_screen_name":"PolitiBunny","id_str":"544302553568010240","retweet_count":0,"in_reply_to_user_id":35051304,"favorited":false,"user":{"follow_request_sent":false,"profile_use_background_image":true,"profile_text_color":"333333","default_profile_image":false,"id":960881222,"profile_background_image_url_https":"https://abs.twimg.com/images/themes/theme14/bg.gif","verified":false,"profile_location":null,"profile_image_url_https":"https://pbs.twimg.com/profile_images/2874626669/7686e71575dbb8af533a90b30e6d25a2_normal.png","profile_sidebar_fill_color":"DDEEF6","entities":{"description":{"urls":[]}},"followers_count":1187,"profile_sidebar_border_color":"FFFFFF","id_str":"960881222","profile_background_color":"131516","listed_count":9,"is_translation_enabled":false,"utc_offset":-21600,"statuses_count":5495,"description":"Pointing out what is clearly right and clearly wrong","friends_count":1422,"location":"","profile_link_color":"990000","profile_image_url":"http://pbs.twimg.com/profile_images/2874626669/7686e71575dbb8af533a90b30e6d25a2_normal.png","following":false,"geo_enabled":false,"profile_background_image_url":"http://abs.twimg.com/images/themes/theme14/bg.gif","name":"Clearly Wrong","lang":"en","profile_background_tile":true,"favourites_count":228,"screen_name":"clearlyRong","notifications":false,"url":null,"created_at":"Tue Nov 20 17:37:08 +0000 2012","contributors_enabled":false,"time_zone":"Central Time (US & Canada)","protected":false,"default_profile":false,"is_translator":false},"geo":null,"in_reply_to_user_id_str":"35051304","lang":"en","created_at":"Mon Dec 15 01:26:56 +0000 2014","in_reply_to_status_id_str":"544301711003615232","place":null},
{"contributors":null,"truncated":false,"text":"@GraniteXchange @BBCWorld be scared! TERRRRRORRRRRRRRRRRR!!!!","in_reply_to_status_id":544296218613256192,"id":544302823534784512,"favorite_count":0,"source":"<a href=\"http://twitter.com\" rel=\"nofollow\">Twitter Web Client</a>","retweeted":false,"coordinates":null,"entities":{"symbols":[],"user_mentions":[{"id":712588641,"indices":[0,15],"id_str":"712588641","screen_name":"GraniteXchange","name":"bernard wynne"},{"id":742143,"indices":[16,25],"id_str":"742143","screen_name":"BBCWorld","name":"BBC News (World)"}],"hashtags":[],"urls":[]},"in_reply_to_screen_name":"GraniteXchange","id_str":"544302823534784512","retweet_count":0,"in_reply_to_user_id":712588641,"favorited":false,"user":{"follow_request_sent":false,"profile_use_background_image":true,"profile_text_color":"333333","default_profile_image":false,"id":469699513,"profile_background_image_url_https":"https://abs.twimg.com/images/themes/theme1/bg.png","verified":false,"profile_location":null,"profile_image_url_https":"https://pbs.twimg.com/profile_images/1769435178/leslie_phillips_150x188_normal.jpg","profile_sidebar_fill_color":"DDEEF6","entities":{"description":{"urls":[]}},"followers_count":353,"profile_sidebar_border_color":"C0DEED","id_str":"469699513","profile_background_color":"C0DEED","listed_count":6,"is_translation_enabled":false,"utc_offset":0,"statuses_count":15146,"description":"Speaking up against the Ruling Elite and the Govts, Mercenaries, Mainstream Media and useful idiots that are servile to them.","friends_count":214,"location":"Uranus","profile_link_color":"0084B4","profile_image_url":"http://pbs.twimg.com/profile_images/1769435178/leslie_phillips_150x188_normal.jpg","following":false,"geo_enabled":false,"profile_banner_url":"https://pbs.twimg.com/profile_banners/469699513/1418488112","profile_background_image_url":"http://abs.twimg.com/images/themes/theme1/bg.png","name":"Smeggypants","lang":"en","profile_background_tile":false,"favourites_count":919,"screen_name":"Smeggypants","notifications":false,"url":null,"created_at":"Fri Jan 20 21:57:45 +0000 2012","contributors_enabled":false,"time_zone":"London","protected":false,"default_profile":true,"is_translator":false},"geo":null,"in_reply_to_user_id_str":"712588641","lang":"en","created_at":"Mon Dec 15 01:28:00 +0000 2014","in_reply_to_status_id_str":"544296218613256192","place":null},
{"contributors":null,"truncated":false,"text":"@PolitiBunny Good thing Australia outlawed guns because... Oh wait. @BBCWorld","in_reply_to_status_id":544301711003615232,"id":544303328293695489,"favorite_count":0,"source":"<a href=\"http://twitter.com\" rel=\"nofollow\">Twitter Web Client</a>","retweeted":false,"coordinates":null,"entities":{"symbols":[],"user_mentions":[{"id":35051304,"indices":[0,12],"id_str":"35051304","screen_name":"PolitiBunny","name":"SantaBunnyFooFoo"},{"id":742143,"indices":[68,77],"id_str":"742143","screen_name":"BBCWorld","name":"BBC News (World)"}],"hashtags":[],"urls":[]},"in_reply_to_screen_name":"PolitiBunny","id_str":"544303328293695489","retweet_count":3,"in_reply_to_user_id":35051304,"favorited":false,"user":{"follow_request_sent":false,"profile_use_background_image":true,"profile_text_color":"4D87B7","default_profile_image":false,"id":1849848000,"profile_background_image_url_https":"https://pbs.twimg.com/profile_background_images/378800000115965344/9931b31bd2872ccaaefb2fb4ef2a33c3.png","verified":false,"profile_location":null,"profile_image_url_https":"https://pbs.twimg.com/profile_images/516805124572708864/kzD3F5Zj_normal.jpeg","profile_sidebar_fill_color":"003A6C","entities":{"description":{"urls":[{"url":"http://t.co/ytrdnRSvY7","indices":[125,147],"expanded_url":"http://tinyurl.com/alt-course","display_url":"tinyurl.com/alt-course"}]}},"followers_count":3755,"profile_sidebar_border_color":"FFFFFF","id_str":"1849848000","profile_background_color":"022330","listed_count":64,"is_translation_enabled":false,"utc_offset":-28800,"statuses_count":6778,"description":"Former San Diego PD. My novel Altering Course now on Amazon. Limited Gov't. Free Markets. Constitutionalist.  2nd Amendment. http://t.co/ytrdnRSvY7","friends_count":4124,"location":"San Diego, California","profile_link_color":"0084B4","profile_image_url":"http://pbs.twimg.com/profile_images/516805124572708864/kzD3F5Zj_normal.jpeg","following":false,"geo_enabled":false,"profile_banner_url":"https://pbs.twimg.com/profile_banners/1849848000/1379446804","profile_background_image_url":"http://pbs.twimg.com/profile_background_images/378800000115965344/9931b31bd2872ccaaefb2fb4ef2a33c3.png","name":"George Eliseo","lang":"en","profile_background_tile":true,"favourites_count":52386,"screen_name":"GeorgeEliseo","notifications":false,"url":null,"created_at":"Tue Sep 10 00:37:39 +0000 2013","contributors_enabled":false,"time_zone":"Pacific Time (US & Canada)","protected":false,"default_profile":false,"is_translator":false},"geo":null,"in_reply_to_user_id_str":"35051304","lang":"en","created_at":"Mon Dec 15 01:30:00 +0000 2014","in_reply_to_status_id_str":"544301711003615232","place":null},
{"contributors":null,"truncated":false,"text":"@PolitiBunny @BBCWorld Dont call the police! Call Al Sharpton!","in_reply_to_status_id":544301711003615232,"id":544303369268260864,"favorite_count":1,"source":"<a href=\"http://twitter.com/#!/download/ipad\" rel=\"nofollow\">Twitter for iPad</a>","retweeted":false,"coordinates":null,"entities":{"symbols":[],"user_mentions":[{"id":35051304,"indices":[0,12],"id_str":"35051304","screen_name":"PolitiBunny","name":"SantaBunnyFooFoo"},{"id":742143,"indices":[13,22],"id_str":"742143","screen_name":"BBCWorld","name":"BBC News (World)"}],"hashtags":[],"urls":[]},"in_reply_to_screen_name":"PolitiBunny","id_str":"544303369268260864","retweet_count":0,"in_reply_to_user_id":35051304,"favorited":false,"user":{"follow_request_sent":false,"profile_use_background_image":true,"profile_text_color":"333333","default_profile_image":false,"id":2481267398,"profile_background_image_url_https":"https://abs.twimg.com/images/themes/theme1/bg.png","verified":false,"profile_location":null,"profile_image_url_https":"https://pbs.twimg.com/profile_images/544249369919102976/lQOlaJf0_normal.jpeg","profile_sidebar_fill_color":"DDEEF6","entities":{"description":{"urls":[]}},"followers_count":57,"profile_sidebar_border_color":"C0DEED","id_str":"2481267398","profile_background_color":"C0DEED","listed_count":2,"is_translation_enabled":false,"utc_offset":null,"statuses_count":354,"description":"The greatest thing is in life is to live it in a way that will outlast it.","friends_count":240,"location":"","profile_link_color":"0084B4","profile_image_url":"http://pbs.twimg.com/profile_images/544249369919102976/lQOlaJf0_normal.jpeg","following":false,"geo_enabled":false,"profile_banner_url":"https://pbs.twimg.com/profile_banners/2481267398/1418594136","profile_background_image_url":"http://abs.twimg.com/images/themes/theme1/bg.png","name":"BL W","lang":"en","profile_background_tile":false,"favourites_count":21,"screen_name":"BLWstuff","notifications":false,"url":null,"created_at":"Wed May 07 03:40:56 +0000 2014","contributors_enabled":false,"time_zone":null,"protected":false,"default_profile":true,"is_translator":false},"geo":null,"in_reply_to_user_id_str":"35051304","lang":"en","created_at":"Mon Dec 15 01:30:10 +0000 2014","in_reply_to_status_id_str":"544301711003615232","place":null},
{"contributors":null,"truncated":false,"text":"@PolitiBunny the media had no trouble jumping to conclusions re Ferguson, etc @BBCWorld","in_reply_to_status_id":544301711003615232,"id":544303976163074048,"favorite_count":0,"source":"<a href=\"http://twitter.com/download/iphone\" rel=\"nofollow\">Twitter for iPhone</a>","retweeted":false,"coordinates":null,"entities":{"symbols":[],"user_mentions":[{"id":35051304,"indices":[0,12],"id_str":"35051304","screen_name":"PolitiBunny","name":"SantaBunnyFooFoo"},{"id":742143,"indices":[78,87],"id_str":"742143","screen_name":"BBCWorld","name":"BBC News (World)"}],"hashtags":[],"urls":[]},"in_reply_to_screen_name":"PolitiBunny","id_str":"544303976163074048","retweet_count":0,"in_reply_to_user_id":35051304,"favorited":false,"user":{"follow_request_sent":false,"profile_use_background_image":true,"profile_text_color":"333333","default_profile_image":false,"id":632805985,"profile_background_image_url_https":"https://abs.twimg.com/images/themes/theme1/bg.png","verified":false,"profile_location":null,"profile_image_url_https":"https://pbs.twimg.com/profile_images/499420661077397504/Lm3gNclc_normal.jpeg","profile_sidebar_fill_color":"DDEEF6","entities":{"description":{"urls":[]}},"followers_count":1612,"profile_sidebar_border_color":"C0DEED","id_str":"632805985","profile_background_color":"C0DEED","listed_count":68,"is_translation_enabled":false,"utc_offset":-18000,"statuses_count":60231,"description":"I like my drinks stiff and pie crusts flaky. Not a glutton for punishment. Interested in everything, expert at nothing. Clinger, not bitter Mom of 5, wife of 1.","friends_count":448,"location":"Passaic, NJ (Long Island born)","profile_link_color":"0084B4","profile_image_url":"http://pbs.twimg.com/profile_images/499420661077397504/Lm3gNclc_normal.jpeg","following":false,"geo_enabled":false,"profile_banner_url":"https://pbs.twimg.com/profile_banners/632805985/1365435522","profile_background_image_url":"http://abs.twimg.com/images/themes/theme1/bg.png","name":"Loot My Pantry ","lang":"en","profile_background_tile":false,"favourites_count":36926,"screen_name":"szysgt","notifications":false,"url":null,"created_at":"Wed Jul 11 11:04:51 +0000 2012","contributors_enabled":false,"time_zone":"Eastern Time (US & Canada)","protected":false,"default_profile":true,"is_translator":false},"geo":null,"in_reply_to_user_id_str":"35051304","lang":"en","created_at":"Mon Dec 15 01:32:35 +0000 2014","in_reply_to_status_id_str":"544301711003615232","place":null},
{"contributors":null,"truncated":false,"text":"@Shasur4Bharat leftists would soon call the attackers \"secular\" @BBCWorld","in_reply_to_status_id":544300707608670208,"id":544308374817370112,"favorite_count":1,"source":"<a href=\"http://twitter.com/download/android\" rel=\"nofollow\">Twitter for Android</a>","retweeted":false,"coordinates":null,"entities":{"symbols":[],"user_mentions":[{"id":2241006968,"indices":[0,14],"id_str":"2241006968","screen_name":"Shasur4Bharat","name":"Shanmuga Sundara Ram"},{"id":742143,"indices":[64,73],"id_str":"742143","screen_name":"BBCWorld","name":"BBC News (World)"}],"hashtags":[],"urls":[]},"in_reply_to_screen_name":"Shasur4Bharat","id_str":"544308374817370112","retweet_count":0,"in_reply_to_user_id":2241006968,"favorited":false,"user":{"follow_request_sent":false,"profile_use_background_image":true,"profile_text_color":"333333","default_profile_image":false,"id":93349233,"profile_background_image_url_https":"https://abs.twimg.com/images/themes/theme13/bg.gif","verified":false,"profile_location":null,"profile_image_url_https":"https://pbs.twimg.com/profile_images/520482475366043648/195t8XyL_normal.jpeg","profile_sidebar_fill_color":"FFFFFF","entities":{"description":{"urls":[]}},"followers_count":246,"profile_sidebar_border_color":"EEEEEE","id_str":"93349233","profile_background_color":"B2DFDA","listed_count":3,"is_translation_enabled":false,"utc_offset":null,"statuses_count":5180,"description":"Om Swasti Astu","friends_count":1997,"location":"","profile_link_color":"B1D413","profile_image_url":"http://pbs.twimg.com/profile_images/520482475366043648/195t8XyL_normal.jpeg","following":false,"geo_enabled":true,"profile_banner_url":"https://pbs.twimg.com/profile_banners/93349233/1399178135","profile_background_image_url":"http://abs.twimg.com/images/themes/theme13/bg.gif","name":"Rahul Hari","lang":"en","profile_background_tile":false,"favourites_count":2421,"screen_name":"Dharmayanam","notifications":false,"url":null,"created_at":"Sun Nov 29 07:33:12 +0000 2009","contributors_enabled":false,"time_zone":null,"protected":false,"default_profile":false,"is_translator":false},"geo":null,"in_reply_to_user_id_str":"2241006968","lang":"en","created_at":"Mon Dec 15 01:50:03 +0000 2014","in_reply_to_status_id_str":"544300707608670208","place":null},
{"contributors":null,"truncated":false,"text":"Those damn Methodists. @diogenes323bc @PolitiBunny @BBCWorld","in_reply_to_status_id":544302060792184833,"id":544312848282050561,"favorite_count":2,"source":"<a href=\"http://twitter.com\" rel=\"nofollow\">Twitter Web Client</a>","retweeted":false,"coordinates":null,"entities":{"symbols":[],"user_mentions":[{"id":2881770975,"indices":[23,37],"id_str":"2881770975","screen_name":"diogenes323bc","name":"diogenes"},{"id":35051304,"indices":[38,50],"id_str":"35051304","screen_name":"PolitiBunny","name":"SantaBunnyFooFoo"},{"id":742143,"indices":[51,60],"id_str":"742143","screen_name":"BBCWorld","name":"BBC News (World)"}],"hashtags":[],"urls":[]},"in_reply_to_screen_name":"diogenes323bc","id_str":"544312848282050561","retweet_count":1,"in_reply_to_user_id":2881770975,"favorited":false,"user":{"follow_request_sent":false,"profile_use_background_image":true,"profile_text_color":"333333","default_profile_image":false,"id":416696463,"profile_background_image_url_https":"https://pbs.twimg.com/profile_background_images/378800000087423730/d92532e9c7318ab1e0d85004ac6371e9.jpeg","verified":false,"profile_location":null,"profile_image_url_https":"https://pbs.twimg.com/profile_images/543850204542152704/-Qk0wNP2_normal.png","profile_sidebar_fill_color":"DDEEF6","entities":{"description":{"urls":[]}},"followers_count":11356,"profile_sidebar_border_color":"FFFFFF","id_str":"416696463","profile_background_color":"654321","listed_count":212,"is_translation_enabled":false,"utc_offset":-25200,"statuses_count":25973,"description":"U.S. Marine and Right-Wing Extremist or Domestic Terrorist, whichever you prefer. I swear a lot. Favorite = Good to go, RT = Good to go or you're an idiot.","friends_count":10574,"location":"#2A Defender","profile_link_color":"556B2F","profile_image_url":"http://pbs.twimg.com/profile_images/543850204542152704/-Qk0wNP2_normal.png","following":false,"geo_enabled":false,"profile_banner_url":"https://pbs.twimg.com/profile_banners/416696463/1405625929","profile_background_image_url":"http://pbs.twimg.com/profile_background_images/378800000087423730/d92532e9c7318ab1e0d85004ac6371e9.jpeg","name":"Gunny Dave USMC","lang":"en","profile_background_tile":true,"favourites_count":4279,"screen_name":"dave_usmc","notifications":false,"url":null,"created_at":"Sun Nov 20 01:17:24 +0000 2011","contributors_enabled":false,"time_zone":"Arizona","protected":false,"default_profile":false,"is_translator":false},"geo":null,"in_reply_to_user_id_str":"2881770975","lang":"en","created_at":"Mon Dec 15 02:07:50 +0000 2014","in_reply_to_status_id_str":"544302060792184833","place":null},
{"contributors":null,"truncated":false,"text":"@dave_usmc @diogenes323bc @PolitiBunny @BBCWorld probably jehovah's witnesses irritated with too many slammed doors. No offense to JW's. lol","in_reply_to_status_id":544312848282050561,"id":544317437471391745,"favorite_count":1,"source":"<a href=\"http://twitter.com\" rel=\"nofollow\">Twitter Web Client</a>","retweeted":false,"coordinates":null,"entities":{"symbols":[],"user_mentions":[{"id":416696463,"indices":[0,10],"id_str":"416696463","screen_name":"dave_usmc","name":"Gunny Dave USMC"},{"id":2881770975,"indices":[11,25],"id_str":"2881770975","screen_name":"diogenes323bc","name":"diogenes"},{"id":35051304,"indices":[26,38],"id_str":"35051304","screen_name":"PolitiBunny","name":"SantaBunnyFooFoo"},{"id":742143,"indices":[39,48],"id_str":"742143","screen_name":"BBCWorld","name":"BBC News (World)"}],"hashtags":[],"urls":[]},"in_reply_to_screen_name":"dave_usmc","id_str":"544317437471391745","retweet_count":0,"in_reply_to_user_id":416696463,"favorited":false,"user":{"follow_request_sent":false,"profile_use_background_image":true,"profile_text_color":"448668","default_profile_image":false,"id":399785087,"profile_background_image_url_https":"https://pbs.twimg.com/profile_background_images/631745393/xaafa1b086adb4fa7e1628e5d4ccb43c.jpg","verified":false,"profile_location":null,"profile_image_url_https":"https://pbs.twimg.com/profile_images/463814420997484544/4BDq4h98_normal.jpeg","profile_sidebar_fill_color":"000B17","entities":{"description":{"urls":[]}},"followers_count":441,"profile_sidebar_border_color":"F7B565","id_str":"399785087","profile_background_color":"001329","listed_count":2,"is_translation_enabled":false,"utc_offset":null,"statuses_count":11738,"description":"USMC 87-91 South Carolina  This is not my profile, and you are not reading this. Illusion is the new reality.","friends_count":564,"location":"","profile_link_color":"004358","profile_image_url":"http://pbs.twimg.com/profile_images/463814420997484544/4BDq4h98_normal.jpeg","following":false,"geo_enabled":true,"profile_banner_url":"https://pbs.twimg.com/profile_banners/399785087/1404616203","profile_background_image_url":"http://pbs.twimg.com/profile_background_images/631745393/xaafa1b086adb4fa7e1628e5d4ccb43c.jpg","name":"Badger Mike","lang":"en","profile_background_tile":false,"favourites_count":2580,"screen_name":"rubedawg1061","notifications":false,"url":null,"created_at":"Fri Oct 28 01:27:35 +0000 2011","contributors_enabled":false,"time_zone":null,"protected":false,"default_profile":false,"is_translator":false},"geo":null,"in_reply_to_user_id_str":"416696463","lang":"en","created_at":"Mon Dec 15 02:26:04 +0000 2014","in_reply_to_status_id_str":"544312848282050561","place":null},
{"contributors":null,"truncated":false,"text":"@aphex2k @BBCWorld Has been reported that hostage takers have stated they have devices planted around the CBD. Precaution","in_reply_to_status_id":544295537181069312,"id":544324890547851264,"favorite_count":0,"source":"<a href=\"http://twitter.com\" rel=\"nofollow\">Twitter Web Client</a>","retweeted":false,"coordinates":null,"entities":{"symbols":[],"user_mentions":[{"id":19497064,"indices":[0,8],"id_str":"19497064","screen_name":"aphex2k","name":"Mark Sampson"},{"id":742143,"indices":[9,18],"id_str":"742143","screen_name":"BBCWorld","name":"BBC News (World)"}],"hashtags":[],"urls":[]},"in_reply_to_screen_name":"aphex2k","id_str":"544324890547851264","retweet_count":0,"in_reply_to_user_id":19497064,"favorited":false,"user":{"follow_request_sent":false,"profile_use_background_image":true,"profile_text_color":"333333","default_profile_image":false,"id":81297237,"profile_background_image_url_https":"https://abs.twimg.com/images/themes/theme1/bg.png","verified":false,"profile_location":null,"profile_image_url_https":"https://pbs.twimg.com/profile_images/458155486408241152/qhHe9-9B_normal.jpeg","profile_sidebar_fill_color":"DDEEF6","entities":{"description":{"urls":[]}},"followers_count":9,"profile_sidebar_border_color":"C0DEED","id_str":"81297237","profile_background_color":"C0DEED","listed_count":0,"is_translation_enabled":false,"utc_offset":39600,"statuses_count":980,"description":"","friends_count":124,"location":"Australia","profile_link_color":"0084B4","profile_image_url":"http://pbs.twimg.com/profile_images/458155486408241152/qhHe9-9B_normal.jpeg","following":false,"geo_enabled":true,"profile_banner_url":"https://pbs.twimg.com/profile_banners/81297237/1398067905","profile_background_image_url":"http://abs.twimg.com/images/themes/theme1/bg.png","name":"Adele Whelan","lang":"en","profile_background_tile":false,"favourites_count":867,"screen_name":"adelewhelan","notifications":false,"url":null,"created_at":"Sat Oct 10 06:33:01 +0000 2009","contributors_enabled":false,"time_zone":"Melbourne","protected":false,"default_profile":true,"is_translator":false},"geo":null,"in_reply_to_user_id_str":"19497064","lang":"en","created_at":"Mon Dec 15 02:55:41 +0000 2014","in_reply_to_status_id_str":"544295537181069312","place":null}
]