[{"contributors":null,"truncated":false,"text":"@kesgardner I'm wondering why is the US Mainstream media is not breaking this news.","in_reply_to_status_id":544286172109758464,"id":544286543213383680,"favorite_count":0,"source":"<a href=\"http://www.playstation.com/\" rel=\"nofollow\">PlayStation®Vita</a>","retweeted":false,"coordinates":null,"entities":{"symbols":[],"user_mentions":[{"id":182251918,"indices":[0,11],"id_str":"182251918","screen_name":"kesgardner","name":"Ken Gardner"}],"hashtags":[],"urls":[]},"in_reply_to_screen_name":"kesgardner","id_str":"544286543213383680","retweet_count":0,"in_reply_to_user_id":182251918,"favorited":false,"user":{"follow_request_sent":false,"profile_use_background_image":true,"profile_text_color":"333333","default_profile_image":false,"id":126359064,"profile_background_image_url_https":"https://abs.twimg.com/images/themes/theme1/bg.png","verified":false,"profile_location":null,"profile_image_url_https":"https://pbs.twimg.com/profile_images/507600860549881856/nbWQ5mnz_normal.jpeg","profile_sidebar_fill_color":"DDEEF6","entities":{"url":{"urls":[{"url":"http://t.co/3SeAmpBgTg","indices":[0,22],"expanded_url":"http://www.amazon.com/gp/aw/ls?isHttp=1&lid=1GD63WI93VWN6&ref_=ARRAY(0x93212b88)&ty=wishlist","display_url":"amazon.com/gp/aw/ls?isHtt…"}]},"description":{"urls":[]}},"followers_count":271,"profile_sidebar_border_color":"C0DEED","id_str":"126359064","profile_background_color":"C0DEED","listed_count":3,"is_translation_enabled":false,"utc_offset":null,"statuses_count":14975,"description":"Formula one, a closet Pokémon fan, Soccer, and also a Yu-Gi-Oh! fan.... and I never give a damn... plus a gamer too! SEN/PSN: William_Silvey, Formula_1_Fan","friends_count":929,"location":"Natchitoches, LA USA","profile_link_color":"0084B4","profile_image_url":"http://pbs.twimg.com/profile_images/507600860549881856/nbWQ5mnz_normal.jpeg","following":false,"geo_enabled":true,"profile_banner_url":"https://pbs.twimg.com/profile_banners/126359064/1389901783","profile_background_image_url":"http://abs.twimg.com/images/themes/theme1/bg.png","name":"Thomas Silvey","lang":"en","profile_background_tile":false,"favourites_count":277,"screen_name":"formula1uberfan","notifications":false,"url":"http://t.co/3SeAmpBgTg","created_at":"Thu Mar 25 16:20:08 +0000 2010","contributors_enabled":false,"time_zone":null,"protected":false,"default_profile":true,"is_translator":false},"geo":null,"in_reply_to_user_id_str":"182251918","lang":"en","created_at":"Mon Dec 15 00:23:18 +0000 2014","in_reply_to_status_id_str":"544286172109758464","place":null},
{"contributors":null,"truncated":false,"text":"@formula1uberfan @kesgardner cnn just broke it","in_reply_to_status_id":544286543213383680,"id":544286632577613824,"favorite_count":0,"source":"<a href=\"http://twitter.com/download/iphone\" rel=\"nofollow\">Twitter for iPhone</a>","retweeted":false,"coordinates":null,"entities":{"symbols":[],"user_mentions":[{"id":126359064,"indices":[0,16],"id_str":"126359064","screen_name":"formula1uberfan","name":"Thomas Silvey"},{"id":182251918,"indices":[17,28],"id_str":"182251918","screen_name":"kesgardner","name":"Ken Gardner"}],"hashtags":[],"urls":[]},"in_reply_to_screen_name":"formula1uberfan","id_str":"544286632577613824","retweet_count":0,"in_reply_to_user_id":126359064,"favorited":false,"user":{"follow_request_sent":false,"profile_use_background_image":true,"profile_text_color":"333333","default_profile_image":false,"id":1149091800,"profile_background_image_url_https":"https://abs.twimg.com/images/themes/theme1/bg.png","verified":false,"profile_location":null,"profile_image_url_https":"https://pbs.twimg.com/profile_images/513368834561286144/KhINcxNh_normal.jpeg","profile_sidebar_fill_color":"DDEEF6","entities":{"description":{"urls":[]}},"followers_count":331,"profile_sidebar_border_color":"C0DEED","id_str":"1149091800","profile_background_color":"C0DEED","listed_count":3,"is_translation_enabled":false,"utc_offset":-18000,"statuses_count":3440,"description":"Circa 1993. #GastonCollege #ECU17 Lincolnton, NC","friends_count":810,"location":"","profile_link_color":"0084B4","profile_image_url":"http://pbs.twimg.com/profile_images/513368834561286144/KhINcxNh_normal.jpeg","following":false,"geo_enabled":false,"profile_banner_url":"https://pbs.twimg.com/profile_banners/1149091800/1385401309","profile_background_image_url":"http://abs.twimg.com/images/themes/theme1/bg.png","name":"Joseph Hayes","lang":"en","profile_background_tile":false,"favourites_count":4016,"screen_name":"Joseph93Hayes","notifications":false,"url":null,"created_at":"Mon Feb 04 21:21:04 +0000 2013","contributors_enabled":false,"time_zone":"Eastern Time (US & Canada)","protected":false,"default_profile":true,"is_translator":false},"geo":null,"in_reply_to_user_id_str":"126359064","lang":"en","created_at":"Mon Dec 15 00:23:40 +0000 2014","in_reply_to_status_id_str":"544286543213383680","place":null},
{"contributors":null,"truncated":false,"text":".@kesgardner yes we should hold ourselves to the standards of terrorists. Well done 10/10 you're an incredible and moral human being","in_reply_to_status_id":544286172109758464,"id":544286648784388096,"favorite_count":14,"source":"<a href=\"http://twitter.com/download/iphone\" rel=\"nofollow\">Twitter for iPhone</a>","retweeted":false,"coordinates":null,"entities":{"symbols":[],"user_mentions":[{"id":182251918,"indices":[1,12],"id_str":"182251918","screen_name":"kesgardner","name":"Ken Gardner"}],"hashtags":[],"urls":[]},"in_reply_to_screen_name":"kesgardner","id_str":"544286648784388096","retweet_count":5,"in_reply_to_user_id":182251918,"favorited":false,"user":{"follow_request_sent":false,"profile_use_background_image":true,"profile_text_color":"666666","default_profile_image":false,"id":32012957,"profile_background_image_url_https":"https://abs.twimg.com/images/themes/theme9/bg.gif","verified":false,"profile_location":null,"profile_image_url_https":"https://pbs.twimg.com/profile_images/568150781355130880/RUz26MEE_normal.jpeg","profile_sidebar_fill_color":"252429","entities":{"url":{"urls":[{"url":"http://t.co/76iwqrnkoH","indices":[0,22],"expanded_url":"http://my-twisted-words.blogspot.co.uk/","display_url":"my-twisted-words.blogspot.co.uk"}]},"description":{"urls":[]}},"followers_count":387,"profile_sidebar_border_color":"181A1E","id_str":"32012957","profile_background_color":"1A1B1F","listed_count":4,"is_translation_enabled":false,"utc_offset":0,"statuses_count":15555,"description":"I have a beard now.","friends_count":971,"location":"LDN","profile_link_color":"2FC2EF","profile_image_url":"http://pbs.twimg.com/profile_images/568150781355130880/RUz26MEE_normal.jpeg","following":false,"geo_enabled":true,"profile_banner_url":"https://pbs.twimg.com/profile_banners/32012957/1393499699","profile_background_image_url":"http://abs.twimg.com/images/themes/theme9/bg.gif","name":"Obligatory Xmas Name","lang":"en","profile_background_tile":false,"favourites_count":274,"screen_name":"Judoon_Platoon","notifications":false,"url":"http://t.co/76iwqrnkoH","created_at":"Thu Apr 16 17:33:49 +0000 2009","contributors_enabled":false,"time_zone":"London","protected":false,"default_profile":false,"is_translator":false},"geo":null,"in_reply_to_user_id_str":"182251918","lang":"en","created_at":"Mon Dec 15 00:23:44 +0000 2014","in_reply_to_status_id_str":"544286172109758464","place":null},
{"contributors":null,"truncated":false,"text":"@Joseph93Hayes @kesgardner is it on tv ATM?","in_reply_to_status_id":544286632577613824,"id":544287026464317440,"favorite_count":1,"source":"<a href=\"http://www.playstation.com/\" rel=\"nofollow\">PlayStation®Vita</a>","retweeted":false,"coordinates":null,"entities":{"symbols":[],"user_mentions":[{"id":1149091800,"indices":[0,14],"id_str":"1149091800","screen_name":"Joseph93Hayes","name":"Joseph Hayes"},{"id":182251918,"indices":[15,26],"id_str":"182251918","screen_name":"kesgardner","name":"Ken Gardner"}],"hashtags":[],"urls":[]},"in_reply_to_screen_name":"Joseph93Hayes","id_str":"544287026464317440","retweet_count":0,"in_reply_to_user_id":1149091800,"favorited":false,"user":{"follow_request_sent":false,"profile_use_background_image":true,"profile_text_color":"333333","default_profile_image":false,"id":126359064,"profile_background_image_url_https":"https://abs.twimg.com/images/themes/theme1/bg.png","verified":false,"profile_location":null,"profile_image_url_https":"https://pbs.twimg.com/profile_images/507600860549881856/nbWQ5mnz_normal.jpeg","profile_sidebar_fill_color":"DDEEF6","entities":{"url":{"urls":[{"url":"http://t.co/3SeAmpBgTg","indices":[0,22],"expanded_url":"http://www.amazon.com/gp/aw/ls?isHttp=1&lid=1GD63WI93VWN6&ref_=ARRAY(0x93212b88)&ty=wishlist","display_url":"amazon.com/gp/aw/ls?isHtt…"}]},"description":{"urls":[]}},"followers_count":271,"profile_sidebar_border_color":"C0DEED","id_str":"126359064","profile_background_color":"C0DEED","listed_count":3,"is_translation_enabled":false,"utc_offset":null,"statuses_count":14975,"description":"Formula one, a closet Pokémon fan, Soccer, and also a Yu-Gi-Oh! fan.... and I never give a damn... plus a gamer too! SEN/PSN: William_Silvey, Formula_1_Fan","friends_count":929,"location":"Natchitoches, LA USA","profile_link_color":"0084B4","profile_image_url":"http://pbs.twimg.com/profile_images/507600860549881856/nbWQ5mnz_normal.jpeg","following":false,"geo_enabled":true,"profile_banner_url":"https://pbs.twimg.com/profile_banners/126359064/1389901783","profile_background_image_url":"http://abs.twimg.com/images/themes/theme1/bg.png","name":"Thomas Silvey","lang":"en","profile_background_tile":false,"favourites_count":277,"screen_name":"formula1uberfan","notifications":false,"url":"http://t.co/3SeAmpBgTg","created_at":"Thu Mar 25 16:20:08 +0000 2010","contributors_enabled":false,"time_zone":null,"protected":false,"default_profile":true,"is_translator":false},"geo":null,"in_reply_to_user_id_str":"1149091800","lang":"en","created_at":"Mon Dec 15 00:25:14 +0000 2014","in_reply_to_status_id_str":"544286632577613824","place":null},
{"contributors":null,"truncated":false,"text":".@kesgardner #hottake","in_reply_to_status_id":544286172109758464,"id":544287045964009472,"favorite_count":0,"source":"<a href=\"http://twitter.com/download/iphone\" rel=\"nofollow\">Twitter for iPhone</a>","retweeted":false,"coordinates":null,"entities":{"symbols":[],"user_mentions":[{"id":182251918,"indices":[1,12],"id_str":"182251918","screen_name":"kesgardner","name":"Ken Gardner"}],"hashtags":[{"indices":[13,21],"text":"hottake"}],"urls":[]},"in_reply_to_screen_name":"kesgardner","id_str":"544287045964009472","retweet_count":0,"in_reply_to_user_id":182251918,"favorited":false,"user":{"follow_request_sent":false,"profile_use_background_image":true,"profile_text_color":"333333","default_profile_image":false,"id":270726710,"profile_background_image_url_https":"https://pbs.twimg.com/profile_background_images/448290060069113856/fo4WuPfC.jpeg","verified":false,"profile_location":null,"profile_image_url_https":"https://pbs.twimg.com/profile_images/573710052655169536/DpSin0-5_normal.jpeg","profile_sidebar_fill_color":"DDEEF6","entities":{"url":{"urls":[{"url":"http://t.co/g7IIAwvEma","indices":[0,22],"expanded_url":"http://chicago.cbslocal.com/tag/tim-baffoe/","display_url":"chicago.cbslocal.com/tag/tim-baffoe/"}]},"description":{"urls":[]}},"followers_count":6440,"profile_sidebar_border_color":"FFFFFF","id_str":"270726710","profile_background_color":"C0DEED","listed_count":194,"is_translation_enabled":false,"utc_offset":-21600,"statuses_count":94437,"description":"Teacher, student, pizza driver, freelance columnist @670TheScore @TheCauldron. Tweets not bosses' opinions. Doesn't rhyme w/ Dafoe. timbaffoe at gmail","friends_count":1755,"location":"Chicago","profile_link_color":"0084B4","profile_image_url":"http://pbs.twimg.com/profile_images/573710052655169536/DpSin0-5_normal.jpeg","following":false,"geo_enabled":true,"profile_banner_url":"https://pbs.twimg.com/profile_banners/270726710/1405658271","profile_background_image_url":"http://pbs.twimg.com/profile_background_images/448290060069113856/fo4WuPfC.jpeg","name":"WhysTheCarpetWetTodd","lang":"en","profile_background_tile":true,"favourites_count":262,"screen_name":"TimBaffoe","notifications":false,"url":"http://t.co/g7IIAwvEma","created_at":"Wed Mar 23 04:18:04 +0000 2011","contributors_enabled":false,"time_zone":"Central Time (US & Canada)","protected":false,"default_profile":false,"is_translator":false},"geo":null,"in_reply_to_user_id_str":"182251918","lang":"und","created_at":"Mon Dec 15 00:25:18 +0000 2014","in_reply_to_status_id_str":"544286172109758464","place":null},
{"contributors":null,"truncated":false,"text":"@kesgardner @gordonsolie well some people have GOT to WAKE UP","in_reply_to_status_id":544286172109758464,"id":544287063240364033,"favorite_count":0,"source":"<a href=\"http://twitter.com/download/iphone\" rel=\"nofollow\">Twitter for iPhone</a>","retweeted":false,"coordinates":null,"entities":{"symbols":[],"user_mentions":[{"id":182251918,"indices":[0,11],"id_str":"182251918","screen_name":"kesgardner","name":"Ken Gardner"},{"id":21065479,"indices":[12,24],"id_str":"21065479","screen_name":"gordonsolie","name":"Conservative Cane"}],"hashtags":[],"urls":[]},"in_reply_to_screen_name":"kesgardner","id_str":"544287063240364033","retweet_count":1,"in_reply_to_user_id":182251918,"favorited":false,"user":{"follow_request_sent":false,"profile_use_background_image":true,"profile_text_color":"333333","default_profile_image":false,"id":864927037,"profile_background_image_url_https":"https://abs.twimg.com/images/themes/theme1/bg.png","verified":false,"profile_location":null,"profile_image_url_https":"https://pbs.twimg.com/profile_images/584456303738753025/CODOZee-_normal.jpg","profile_sidebar_fill_color":"DDEEF6","entities":{"description":{"urls":[]}},"followers_count":549,"profile_sidebar_border_color":"C0DEED","id_str":"864927037","profile_background_color":"C0DEED","listed_count":1,"is_translation_enabled":false,"utc_offset":-21600,"statuses_count":9116,"description":"","friends_count":778,"location":"","profile_link_color":"0084B4","profile_image_url":"http://pbs.twimg.com/profile_images/584456303738753025/CODOZee-_normal.jpg","following":false,"geo_enabled":true,"profile_banner_url":"https://pbs.twimg.com/profile_banners/864927037/1418523946","profile_background_image_url":"http://abs.twimg.com/images/themes/theme1/bg.png","name":"paris","lang":"en","profile_background_tile":false,"favourites_count":3440,"screen_name":"Destinbeach22","notifications":false,"url":null,"created_at":"Sat Oct 06 16:13:57 +0000 2012","contributors_enabled":false,"time_zone":"Central Time (US & Canada)","protected":false,"default_profile":true,"is_translator":false},"geo":null,"in_reply_to_user_id_str":"182251918","lang":"en","created_at":"Mon Dec 15 00:25:22 +0000 2014","in_reply_to_status_id_str":"544286172109758464","place":null},
{"contributors":null,"truncated":false,"text":"@formula1uberfan they broke the news and said it was a developing story and then cut back to regular programming. So, not anymore.","in_reply_to_status_id":544287026464317440,"id":544287208682029056,"favorite_count":0,"source":"<a href=\"http://twitter.com/download/iphone\" rel=\"nofollow\">Twitter for iPhone</a>","retweeted":false,"coordinates":null,"entities":{"symbols":[],"user_mentions":[{"id":126359064,"indices":[0,16],"id_str":"126359064","screen_name":"formula1uberfan","name":"Thomas Silvey"}],"hashtags":[],"urls":[]},"in_reply_to_screen_name":"formula1uberfan","id_str":"544287208682029056","retweet_count":0,"in_reply_to_user_id":126359064,"favorited":false,"user":{"follow_request_sent":false,"profile_use_background_image":true,"profile_text_color":"333333","default_profile_image":false,"id":1149091800,"profile_background_image_url_https":"https://abs.twimg.com/images/themes/theme1/bg.png","verified":false,"profile_location":null,"profile_image_url_https":"https://pbs.twimg.com/profile_images/513368834561286144/KhINcxNh_normal.jpeg","profile_sidebar_fill_color":"DDEEF6","entities":{"description":{"urls":[]}},"followers_count":331,"profile_sidebar_border_color":"C0DEED","id_str":"1149091800","profile_background_color":"C0DEED","listed_count":3,"is_translation_enabled":false,"utc_offset":-18000,"statuses_count":3440,"description":"Circa 1993. #GastonCollege #ECU17 Lincolnton, NC","friends_count":810,"location":"","profile_link_color":"0084B4","profile_image_url":"http://pbs.twimg.com/profile_images/513368834561286144/KhINcxNh_normal.jpeg","following":false,"geo_enabled":false,"profile_banner_url":"https://pbs.twimg.com/profile_banners/1149091800/1385401309","profile_background_image_url":"http://abs.twimg.com/images/themes/theme1/bg.png","name":"Joseph Hayes","lang":"en","profile_background_tile":false,"favourites_count":4016,"screen_name":"Joseph93Hayes","notifications":false,"url":null,"created_at":"Mon Feb 04 21:21:04 +0000 2013","contributors_enabled":false,"time_zone":"Eastern Time (US & Canada)","protected":false,"default_profile":true,"is_translator":false},"geo":null,"in_reply_to_user_id_str":"126359064","lang":"en","created_at":"Mon Dec 15 00:25:57 +0000 2014","in_reply_to_status_id_str":"544287026464317440","place":null},
{"contributors":null,"truncated":false,"text":"@Joseph93Hayes ayy ay ay. Really?","in_reply_to_status_id":544287208682029056,"id":544287487997116417,"favorite_count":0,"source":"<a href=\"http://www.playstation.com/\" rel=\"nofollow\">PlayStation®Vita</a>","retweeted":false,"coordinates":null,"entities":{"symbols":[],"user_mentions":[{"id":1149091800,"indices":[0,14],"id_str":"1149091800","screen_name":"Joseph93Hayes","name":"Joseph Hayes"}],"hashtags":[],"urls":[]},"in_reply_to_screen_name":"Joseph93Hayes","id_str":"544287487997116417","retweet_count":0,"in_reply_to_user_id":1149091800,"favorited":false,"user":{"follow_request_sent":false,"profile_use_background_image":true,"profile_text_color":"333333","default_profile_image":false,"id":126359064,"profile_background_image_url_https":"https://abs.twimg.com/images/themes/theme1/bg.png","verified":false,"profile_location":null,"profile_image_url_https":"https://pbs.twimg.com/profile_images/507600860549881856/nbWQ5mnz_normal.jpeg","profile_sidebar_fill_color":"DDEEF6","entities":{"url":{"urls":[{"url":"http://t.co/3SeAmpBgTg","indices":[0,22],"expanded_url":"http://www.amazon.com/gp/aw/ls?isHttp=1&lid=1GD63WI93VWN6&ref_=ARRAY(0x93212b88)&ty=wishlist","display_url":"amazon.com/gp/aw/ls?isHtt…"}]},"description":{"urls":[]}},"followers_count":271,"profile_sidebar_border_color":"C0DEED","id_str":"126359064","profile_background_color":"C0DEED","listed_count":3,"is_translation_enabled":false,"utc_offset":null,"statuses_count":14975,"description":"Formula one, a closet Pokémon fan, Soccer, and also a Yu-Gi-Oh! fan.... and I never give a damn... plus a gamer too! SEN/PSN: William_Silvey, Formula_1_Fan","friends_count":929,"location":"Natchitoches, LA USA","profile_link_color":"0084B4","profile_image_url":"http://pbs.twimg.com/profile_images/507600860549881856/nbWQ5mnz_normal.jpeg","following":false,"geo_enabled":true,"profile_banner_url":"https://pbs.twimg.com/profile_banners/126359064/1389901783","profile_background_image_url":"http://abs.twimg.com/images/themes/theme1/bg.png","name":"Thomas Silvey","lang":"en","profile_background_tile":false,"favourites_count":277,"screen_name":"formula1uberfan","notifications":false,"url":"http://t.co/3SeAmpBgTg","created_at":"Thu Mar 25 16:20:08 +0000 2010","contributors_enabled":false,"time_zone":null,"protected":false,"default_profile":true,"is_translator":false},"geo":null,"in_reply_to_user_id_str":"1149091800","lang":"tl","created_at":"Mon Dec 15 00:27:04 +0000 2014","in_reply_to_status_id_str":"544287208682029056","place":null},
{"contributors":null,"truncated":false,"text":"@formula1uberfan yea they said they'd break back into it as things develop. But so far no station besides cnn has broke it.","in_reply_to_status_id":544287487997116417,"id":544287637834842114,"favorite_count":0,"source":"<a href=\"http://twitter.com/download/iphone\" rel=\"nofollow\">Twitter for iPhone</a>","retweeted":false,"coordinates":null,"entities":{"symbols":[],"user_mentions":[{"id":126359064,"indices":[0,16],"id_str":"126359064","screen_name":"formula1uberfan","name":"Thomas Silvey"}],"hashtags":[],"urls":[]},"in_reply_to_screen_name":"formula1uberfan","id_str":"544287637834842114","retweet_count":0,"in_reply_to_user_id":126359064,"favorited":false,"user":{"follow_request_sent":false,"profile_use_background_image":true,"profile_text_color":"333333","default_profile_image":false,"id":1149091800,"profile_background_image_url_https":"https://abs.twimg.com/images/themes/theme1/bg.png","verified":false,"profile_location":null,"profile_image_url_https":"https://pbs.twimg.com/profile_images/513368834561286144/KhINcxNh_normal.jpeg","profile_sidebar_fill_color":"DDEEF6","entities":{"description":{"urls":[]}},"followers_count":331,"profile_sidebar_border_color":"C0DEED","id_str":"1149091800","profile_background_color":"C0DEED","listed_count":3,"is_translation_enabled":false,"utc_offset":-18000,"statuses_count":3440,"description":"Circa 1993. #GastonCollege #ECU17 Lincolnton, NC","friends_count":810,"location":"","profile_link_color":"0084B4","profile_image_url":"http://pbs.twimg.com/profile_images/513368834561286144/KhINcxNh_normal.jpeg","following":false,"geo_enabled":false,"profile_banner_url":"https://pbs.twimg.com/profile_banners/1149091800/1385401309","profile_background_image_url":"http://abs.twimg.com/images/themes/theme1/bg.png","name":"Joseph Hayes","lang":"en","profile_background_tile":false,"favourites_count":4016,"screen_name":"Joseph93Hayes","notifications":false,"url":null,"created_at":"Mon Feb 04 21:21:04 +0000 2013","contributors_enabled":false,"time_zone":"Eastern Time (US & Canada)","protected":false,"default_profile":true,"is_translator":false},"geo":null,"in_reply_to_user_id_str":"126359064","lang":"en","created_at":"Mon Dec 15 00:27:39 +0000 2014","in_reply_to_status_id_str":"544287487997116417","place":null},
{"contributors":null,"truncated":false,"text":"@kesgardner Those arguing that we are war criminals will only use this as more evidence that EIT radicalized moderate muslims.","in_reply_to_status_id":544286172109758464,"id":544288758095695872,"favorite_count":0,"source":"<a href=\"http://twitter.com/download/android\" rel=\"nofollow\">Twitter for Android</a>","retweeted":false,"coordinates":null,"entities":{"symbols":[],"user_mentions":[{"id":182251918,"indices":[0,11],"id_str":"182251918","screen_name":"kesgardner","name":"Ken Gardner"}],"hashtags":[],"urls":[]},"in_reply_to_screen_name":"kesgardner","id_str":"544288758095695872","retweet_count":0,"in_reply_to_user_id":182251918,"favorited":false,"user":{"follow_request_sent":false,"profile_use_background_image":true,"profile_text_color":"333333","default_profile_image":false,"id":632392229,"profile_background_image_url_https":"https://pbs.twimg.com/profile_background_images/602112440/hhqhij4vkfznh6ewei8w.jpeg","verified":false,"profile_location":null,"profile_image_url_https":"https://pbs.twimg.com/profile_images/567187218783932417/3mSgwKXb_normal.jpeg","profile_sidebar_fill_color":"DDEEF6","entities":{"url":{"urls":[{"url":"http://t.co/z65A06pRnY","indices":[0,22],"expanded_url":"http://PeoriaAdventures.blogspot.com","display_url":"PeoriaAdventures.blogspot.com"}]},"description":{"urls":[]}},"followers_count":121,"profile_sidebar_border_color":"C0DEED","id_str":"632392229","profile_background_color":"C0DEED","listed_count":10,"is_translation_enabled":false,"utc_offset":-21600,"statuses_count":5764,"description":"American, Conservative, BSME Bradley University, Roman Catholic, TBD.\r\nLove God, family, and friends.\r\nViews expressed are solely mine.","friends_count":235,"location":"Peoria","profile_link_color":"0084B4","profile_image_url":"http://pbs.twimg.com/profile_images/567187218783932417/3mSgwKXb_normal.jpeg","following":false,"geo_enabled":false,"profile_background_image_url":"http://pbs.twimg.com/profile_background_images/602112440/hhqhij4vkfznh6ewei8w.jpeg","name":"Timothy J. Opperman","lang":"en","profile_background_tile":false,"favourites_count":79,"screen_name":"TJOpp63","notifications":false,"url":"http://t.co/z65A06pRnY","created_at":"Tue Jul 10 23:12:17 +0000 2012","contributors_enabled":false,"time_zone":"Central Time (US & Canada)","protected":false,"default_profile":false,"is_translator":false},"geo":null,"in_reply_to_user_id_str":"182251918","lang":"en","created_at":"Mon Dec 15 00:32:06 +0000 2014","in_reply_to_status_id_str":"544286172109758464","place":null},
{"contributors":null,"truncated":false,"text":"@kesgardner You're legendary","in_reply_to_status_id":544286172109758464,"id":544288804316905474,"favorite_count":0,"source":"<a href=\"https://twitter.com/download/android\" rel=\"nofollow\">Twitter for Android Tablets</a>","retweeted":false,"coordinates":null,"entities":{"symbols":[],"user_mentions":[{"id":182251918,"indices":[0,11],"id_str":"182251918","screen_name":"kesgardner","name":"Ken Gardner"}],"hashtags":[],"urls":[]},"in_reply_to_screen_name":"kesgardner","id_str":"544288804316905474","retweet_count":0,"in_reply_to_user_id":182251918,"favorited":false,"user":{"follow_request_sent":false,"profile_use_background_image":true,"profile_text_color":"333333","default_profile_image":false,"id":2769476752,"profile_background_image_url_https":"https://abs.twimg.com/images/themes/theme1/bg.png","verified":false,"profile_location":null,"profile_image_url_https":"https://pbs.twimg.com/profile_images/541288417301385217/eI9NuWf6_normal.jpeg","profile_sidebar_fill_color":"DDEEF6","entities":{"description":{"urls":[]}},"followers_count":156,"profile_sidebar_border_color":"C0DEED","id_str":"2769476752","profile_background_color":"C0DEED","listed_count":0,"is_translation_enabled":false,"utc_offset":0,"statuses_count":1043,"description":"mufc. the reds march on.","friends_count":310,"location":"","profile_link_color":"0084B4","profile_image_url":"http://pbs.twimg.com/profile_images/541288417301385217/eI9NuWf6_normal.jpeg","following":false,"geo_enabled":true,"profile_banner_url":"https://pbs.twimg.com/profile_banners/2769476752/1417212582","profile_background_image_url":"http://abs.twimg.com/images/themes/theme1/bg.png","name":"tom","lang":"en","profile_background_tile":false,"favourites_count":361,"screen_name":"2pacalypsed","notifications":false,"url":null,"created_at":"Sat Sep 13 23:38:19 +0000 2014","contributors_enabled":false,"time_zone":"London","protected":false,"default_profile":true,"is_translator":false},"geo":null,"in_reply_to_user_id_str":"182251918","lang":"en","created_at":"Mon Dec 15 00:32:18 +0000 2014","in_reply_to_status_id_str":"544286172109758464","place":null},
{"contributors":null,"truncated":false,"text":"@kesgardner @TScrasey I've said it before, and I'll say it again.  In the US, we make a report about it.  Other countries deny.  Asshats.","in_reply_to_status_id":544286172109758464,"id":544289165769461760,"favorite_count":1,"source":"<a href=\"http://twitter.com\" rel=\"nofollow\">Twitter Web Client</a>","retweeted":false,"coordinates":null,"entities":{"symbols":[],"user_mentions":[{"id":182251918,"indices":[0,11],"id_str":"182251918","screen_name":"kesgardner","name":"Ken Gardner"},{"id":541824742,"indices":[12,21],"id_str":"541824742","screen_name":"TScrasey","name":"SCRASEY"}],"hashtags":[],"urls":[]},"in_reply_to_screen_name":"kesgardner","id_str":"544289165769461760","retweet_count":0,"in_reply_to_user_id":182251918,"favorited":false,"user":{"follow_request_sent":false,"profile_use_background_image":false,"profile_text_color":"333333","default_profile_image":false,"id":2830225240,"profile_background_image_url_https":"https://pbs.twimg.com/profile_background_images/527139281135878145/zpj05PLd.jpeg","verified":false,"profile_location":null,"profile_image_url_https":"https://pbs.twimg.com/profile_images/565544144030806016/nd5WCL9n_normal.jpeg","profile_sidebar_fill_color":"DDEEF6","entities":{"description":{"urls":[]}},"followers_count":34,"profile_sidebar_border_color":"FFFFFF","id_str":"2830225240","profile_background_color":"DD2E44","listed_count":0,"is_translation_enabled":false,"utc_offset":-21600,"statuses_count":304,"description":"No different than any other here's the way I see it bio.  My thoughts me thinks.  Quirky, sarcastic, weird, emotional, overdone, done just right.  All in ok go.","friends_count":69,"location":"The South by way of Japan","profile_link_color":"4A913C","profile_image_url":"http://pbs.twimg.com/profile_images/565544144030806016/nd5WCL9n_normal.jpeg","following":false,"geo_enabled":false,"profile_banner_url":"https://pbs.twimg.com/profile_banners/2830225240/1417613390","profile_background_image_url":"http://pbs.twimg.com/profile_background_images/527139281135878145/zpj05PLd.jpeg","name":"Ashley","lang":"en","profile_background_tile":false,"favourites_count":245,"screen_name":"SheWoreFlannel","notifications":false,"url":null,"created_at":"Tue Oct 14 19:39:09 +0000 2014","contributors_enabled":false,"time_zone":"Central Time (US & Canada)","protected":false,"default_profile":false,"is_translator":false},"geo":null,"in_reply_to_user_id_str":"182251918","lang":"en","created_at":"Mon Dec 15 00:33:44 +0000 2014","in_reply_to_status_id_str":"544286172109758464","place":null},
{"contributors":null,"truncated":false,"text":"@kesgardner sceptical","in_reply_to_status_id":544286172109758464,"id":544290048493879296,"favorite_count":0,"source":"<a href=\"http://twitter.com/download/iphone\" rel=\"nofollow\">Twitter for iPhone</a>","retweeted":false,"coordinates":null,"entities":{"symbols":[],"user_mentions":[{"id":182251918,"indices":[0,11],"id_str":"182251918","screen_name":"kesgardner","name":"Ken Gardner"}],"hashtags":[],"urls":[]},"in_reply_to_screen_name":"kesgardner","id_str":"544290048493879296","retweet_count":0,"in_reply_to_user_id":182251918,"favorited":false,"user":{"follow_request_sent":false,"profile_use_background_image":true,"profile_text_color":"333333","default_profile_image":false,"id":2740020247,"profile_background_image_url_https":"https://abs.twimg.com/images/themes/theme1/bg.png","verified":false,"profile_location":null,"profile_image_url_https":"https://pbs.twimg.com/profile_images/501045183245340676/jYM8vt1E_normal.jpeg","profile_sidebar_fill_color":"DDEEF6","entities":{"description":{"urls":[]}},"followers_count":2,"profile_sidebar_border_color":"C0DEED","id_str":"2740020247","profile_background_color":"C0DEED","listed_count":0,"is_translation_enabled":false,"utc_offset":null,"statuses_count":3,"description":"#JustWantToMakeADifference\n\n#ILovePR","friends_count":105,"location":"","profile_link_color":"0084B4","profile_image_url":"http://pbs.twimg.com/profile_images/501045183245340676/jYM8vt1E_normal.jpeg","following":false,"geo_enabled":false,"profile_banner_url":"https://pbs.twimg.com/profile_banners/2740020247/1408293455","profile_background_image_url":"http://abs.twimg.com/images/themes/theme1/bg.png","name":"Ronan McGhee","lang":"en","profile_background_tile":false,"favourites_count":54,"screen_name":"ronan_mcghee","notifications":false,"url":null,"created_at":"Sun Aug 17 16:00:11 +0000 2014","contributors_enabled":false,"time_zone":null,"protected":false,"default_profile":true,"is_translator":false},"geo":null,"in_reply_to_user_id_str":"182251918","lang":"en","created_at":"Mon Dec 15 00:37:14 +0000 2014","in_reply_to_status_id_str":"544286172109758464","place":null},
{"contributors":null,"truncated":false,"text":"@kesgardner @Silkkkkkk 2 wrongs don't make a right, and we shouldn't be stooping to their level, they are the criminals, not us","in_reply_to_status_id":544286172109758464,"id":544290650947354624,"favorite_count":1,"source":"<a href=\"http://twitter.com/download/iphone\" rel=\"nofollow\">Twitter for iPhone</a>","retweeted":false,"coordinates":null,"entities":{"symbols":[],"user_mentions":[{"id":182251918,"indices":[0,11],"id_str":"182251918","screen_name":"kesgardner","name":"Ken Gardner"},{"id":2391964285,"indices":[12,22],"id_str":"2391964285","screen_name":"Silkkkkkk","name":"H"}],"hashtags":[],"urls":[]},"in_reply_to_screen_name":"kesgardner","id_str":"544290650947354624","retweet_count":0,"in_reply_to_user_id":182251918,"favorited":false,"user":{"follow_request_sent":false,"profile_use_background_image":true,"profile_text_color":"333333","default_profile_image":false,"id":1950204932,"profile_background_image_url_https":"https://abs.twimg.com/images/themes/theme1/bg.png","verified":false,"profile_location":null,"profile_image_url_https":"https://pbs.twimg.com/profile_images/590254710390726657/Dwqlb52d_normal.jpg","profile_sidebar_fill_color":"DDEEF6","entities":{"description":{"urls":[]}},"followers_count":303,"profile_sidebar_border_color":"C0DEED","id_str":"1950204932","profile_background_color":"C0DEED","listed_count":0,"is_translation_enabled":false,"utc_offset":0,"statuses_count":6998,"description":"exceedingly good effort since July 2014","friends_count":433,"location":"","profile_link_color":"0084B4","profile_image_url":"http://pbs.twimg.com/profile_images/590254710390726657/Dwqlb52d_normal.jpg","following":false,"geo_enabled":true,"profile_banner_url":"https://pbs.twimg.com/profile_banners/1950204932/1408378509","profile_background_image_url":"http://abs.twimg.com/images/themes/theme1/bg.png","name":"proper effort fc","lang":"en","profile_background_tile":false,"favourites_count":1632,"screen_name":"properblokefc","notifications":false,"url":null,"created_at":"Wed Oct 09 22:17:50 +0000 2013","contributors_enabled":false,"time_zone":"London","protected":false,"default_profile":true,"is_translator":false},"geo":null,"in_reply_to_user_id_str":"182251918","lang":"en","created_at":"Mon Dec 15 00:39:38 +0000 2014","in_reply_to_status_id_str":"544286172109758464","place":null},
{"contributors":null,"truncated":false,"text":"@kesgardner Also it's really important to debate over whether it is ISIS or not, because that makes a difference somehow.","in_reply_to_status_id":544286172109758464,"id":544290918820749312,"favorite_count":0,"source":"<a href=\"http://www.tweetiumapp.com\" rel=\"nofollow\">Tweetium for Windows</a>","retweeted":false,"coordinates":null,"entities":{"symbols":[],"user_mentions":[{"id":182251918,"indices":[0,11],"id_str":"182251918","screen_name":"kesgardner","name":"Ken Gardner"}],"hashtags":[],"urls":[]},"in_reply_to_screen_name":"kesgardner","id_str":"544290918820749312","retweet_count":0,"in_reply_to_user_id":182251918,"favorited":false,"user":{"follow_request_sent":false,"profile_use_background_image":true,"profile_text_color":"333333","default_profile_image":false,"id":347673715,"profile_background_image_url_https":"https://abs.twimg.com/images/themes/theme1/bg.png","verified":false,"profile_location":null,"profile_image_url_https":"https://pbs.twimg.com/profile_images/1485818272/yuppie80s_normal.jpg","profile_sidebar_fill_color":"DDEEF6","entities":{"url":{"urls":[{"url":"http://t.co/oi8Kov7lSq","indices":[0,22],"expanded_url":"http://blogs.gartner.com/brian-iverson/","display_url":"blogs.gartner.com/brian-iverson/"}]},"description":{"urls":[]}},"followers_count":300,"profile_sidebar_border_color":"C0DEED","id_str":"347673715","profile_background_color":"C0DEED","listed_count":12,"is_translation_enabled":false,"utc_offset":-21600,"statuses_count":6700,"description":"Research analyst covering Identity and Access Management, amateur economist, superforecaster, and pie maker.","friends_count":546,"location":"Minneapolis, MN","profile_link_color":"0084B4","profile_image_url":"http://pbs.twimg.com/profile_images/1485818272/yuppie80s_normal.jpg","following":false,"geo_enabled":true,"profile_background_image_url":"http://abs.twimg.com/images/themes/theme1/bg.png","name":"Brian Iverson","lang":"en","profile_background_tile":false,"favourites_count":150,"screen_name":"fearofmimes","notifications":false,"url":"http://t.co/oi8Kov7lSq","created_at":"Wed Aug 03 05:05:49 +0000 2011","contributors_enabled":false,"time_zone":"Central Time (US & Canada)","protected":false,"default_profile":true,"is_translator":false},"geo":null,"in_reply_to_user_id_str":"182251918","lang":"en","created_at":"Mon Dec 15 00:40:42 +0000 2014","in_reply_to_status_id_str":"544286172109758464","place":null},
{"contributors":null,"truncated":false,"text":"No fucking way is this serious! \"pouring water over a terrorists face\" referring to water boarding? That is fucking unbelievable @kesgardner","in_reply_to_status_id":544286172109758464,"id":544291213873278976,"favorite_count":0,"source":"<a href=\"http://twitter.com/download/iphone\" rel=\"nofollow\">Twitter for iPhone</a>","retweeted":false,"coordinates":null,"entities":{"symbols":[],"user_mentions":[{"id":182251918,"indices":[129,140],"id_str":"182251918","screen_name":"kesgardner","name":"Ken Gardner"}],"hashtags":[],"urls":[]},"in_reply_to_screen_name":"kesgardner","id_str":"544291213873278976","retweet_count":0,"in_reply_to_user_id":182251918,"favorited":false,"user":{"follow_request_sent":false,"profile_use_background_image":true,"profile_text_color":"333333","default_profile_image":false,"id":1212988922,"profile_background_image_url_https":"https://abs.twimg.com/images/themes/theme1/bg.png","verified":false,"profile_location":null,"profile_image_url_https":"https://pbs.twimg.com/profile_images/566683528063356929/5Je3Brrg_normal.jpeg","profile_sidebar_fill_color":"DDEEF6","entities":{"description":{"urls":[{"url":"https://t.co/mFYbTvXxT9","indices":[53,76],"expanded_url":"https://twitter.com/liverpoolred8/status/500611215329349632","display_url":"twitter.com/liverpoolred8/…"}]}},"followers_count":808,"profile_sidebar_border_color":"C0DEED","id_str":"1212988922","profile_background_color":"C0DEED","listed_count":3,"is_translation_enabled":false,"utc_offset":3600,"statuses_count":5851,"description":"'Married to the game and plus I'm staying committed' https://t.co/mFYbTvXxT9 ⭐️⭐️⭐️⭐️⭐️","friends_count":790,"location":"","profile_link_color":"0084B4","profile_image_url":"http://pbs.twimg.com/profile_images/566683528063356929/5Je3Brrg_normal.jpeg","following":false,"geo_enabled":false,"profile_banner_url":"https://pbs.twimg.com/profile_banners/1212988922/1399417609","profile_background_image_url":"http://abs.twimg.com/images/themes/theme1/bg.png","name":"Hendo","lang":"en","profile_background_tile":false,"favourites_count":663,"screen_name":"LiverpoolRed8","notifications":false,"url":null,"created_at":"Sat Feb 23 17:46:24 +0000 2013","contributors_enabled":false,"time_zone":"Amsterdam","protected":false,"default_profile":true,"is_translator":false},"geo":null,"in_reply_to_user_id_str":"182251918","lang":"en","created_at":"Mon Dec 15 00:41:52 +0000 2014","in_reply_to_status_id_str":"544286172109758464","place":null},
{"contributors":null,"truncated":false,"text":"@fearofmimes Whether it’s Al Qaeda or Boko Haram or ISIS or the Taliban, it’s all the same group of psychopaths.","in_reply_to_status_id":544290918820749312,"id":544291220948652032,"favorite_count":1,"source":"<a href=\"http://tapbots.com/software/tweetbot/mac\" rel=\"nofollow\">Tweetbot for Mac</a>","retweeted":false,"coordinates":null,"entities":{"symbols":[],"user_mentions":[{"id":347673715,"indices":[0,12],"id_str":"347673715","screen_name":"fearofmimes","name":"Brian Iverson"}],"hashtags":[],"urls":[]},"in_reply_to_screen_name":"fearofmimes","id_str":"544291220948652032","retweet_count":0,"in_reply_to_user_id":347673715,"favorited":false,"user":{"follow_request_sent":false,"profile_use_background_image":true,"profile_text_color":"333333","default_profile_image":false,"id":182251918,"profile_background_image_url_https":"https://abs.twimg.com/images/themes/theme15/bg.png","verified":false,"profile_location":null,"profile_image_url_https":"https://pbs.twimg.com/profile_images/3598317918/d6d7e89e2a491e6f3fe74867965c3493_normal.jpeg","profile_sidebar_fill_color":"C0DFEC","entities":{"url":{"urls":[{"url":"http://t.co/3srhYugTcO","indices":[0,22],"expanded_url":"http://www.facebook.com/kesgardner12","display_url":"facebook.com/kesgardner12"}]},"description":{"urls":[]}},"followers_count":30985,"profile_sidebar_border_color":"A8C7F7","id_str":"182251918","profile_background_color":"022330","listed_count":1251,"is_translation_enabled":false,"utc_offset":-21600,"statuses_count":223711,"description":"I support individual rights and limited government. I tweet mostly about politics and current events, but sometimes other topics as well. Aristotle over Plato.","friends_count":738,"location":"Texas, USA","profile_link_color":"0084B4","profile_image_url":"http://pbs.twimg.com/profile_images/3598317918/d6d7e89e2a491e6f3fe74867965c3493_normal.jpeg","following":false,"geo_enabled":false,"profile_banner_url":"https://pbs.twimg.com/profile_banners/182251918/1365061640","profile_background_image_url":"http://abs.twimg.com/images/themes/theme15/bg.png","name":"Ken Gardner","lang":"en","profile_background_tile":false,"favourites_count":31000,"screen_name":"kesgardner","notifications":false,"url":"http://t.co/3srhYugTcO","created_at":"Tue Aug 24 05:11:56 +0000 2010","contributors_enabled":false,"time_zone":"Central Time (US & Canada)","protected":false,"default_profile":false,"is_translator":false},"geo":null,"in_reply_to_user_id_str":"347673715","lang":"en","created_at":"Mon Dec 15 00:41:54 +0000 2014","in_reply_to_status_id_str":"544290918820749312","place":null},
{"contributors":null,"truncated":false,"text":"@kesgardner you know that there's something wrong with the situation when they have no list of demands, that usually means it's a false flag","in_reply_to_status_id":544286172109758464,"id":544292228483792896,"favorite_count":0,"source":"<a href=\"http://twitter.com/download/iphone\" rel=\"nofollow\">Twitter for iPhone</a>","retweeted":false,"coordinates":null,"entities":{"symbols":[],"user_mentions":[{"id":182251918,"indices":[0,11],"id_str":"182251918","screen_name":"kesgardner","name":"Ken Gardner"}],"hashtags":[],"urls":[]},"in_reply_to_screen_name":"kesgardner","id_str":"544292228483792896","retweet_count":0,"in_reply_to_user_id":182251918,"favorited":false,"user":{"follow_request_sent":false,"profile_use_background_image":true,"profile_text_color":"333333","default_profile_image":false,"id":93310294,"profile_background_image_url_https":"https://abs.twimg.com/images/themes/theme1/bg.png","verified":false,"profile_location":null,"profile_image_url_https":"https://pbs.twimg.com/profile_images/537733452020199425/RBgexULu_normal.jpeg","profile_sidebar_fill_color":"DDEEF6","entities":{"description":{"urls":[]}},"followers_count":60,"profile_sidebar_border_color":"C0DEED","id_str":"93310294","profile_background_color":"C0DEED","listed_count":2,"is_translation_enabled":false,"utc_offset":-18000,"statuses_count":2045,"description":"","friends_count":114,"location":"Dupont, Pennsylvania","profile_link_color":"0084B4","profile_image_url":"http://pbs.twimg.com/profile_images/537733452020199425/RBgexULu_normal.jpeg","following":false,"geo_enabled":true,"profile_background_image_url":"http://abs.twimg.com/images/themes/theme1/bg.png","name":"James Halke","lang":"en","profile_background_tile":false,"favourites_count":1060,"screen_name":"jameshalke","notifications":false,"url":null,"created_at":"Sun Nov 29 02:48:40 +0000 2009","contributors_enabled":false,"time_zone":"Eastern Time (US & Canada)","protected":false,"default_profile":true,"is_translator":false},"geo":null,"in_reply_to_user_id_str":"182251918","lang":"en","created_at":"Mon Dec 15 00:45:54 +0000 2014","in_reply_to_status_id_str":"544286172109758464","place":null},
{"contributors":null,"truncated":false,"text":"@Judoon_Platoon F*ck them. They deserve far worse than water boarding for what they did to this man &amp; many others. http://t.co/wgzOpji0yA","in_reply_to_status_id":544286648784388096,"id":544297994091114496,"favorite_count":0,"source":"<a href=\"http://twitter.com/download/iphone\" rel=\"nofollow\">Twitter for iPhone</a>","retweeted":false,"coordinates":null,"entities":{"symbols":[],"user_mentions":[{"id":32012957,"indices":[0,15],"id_str":"32012957","screen_name":"Judoon_Platoon","name":"Obligatory Xmas Name"}],"hashtags":[],"urls":[],"media":[{"expanded_url":"http://twitter.com/MooseMcKnuckle/status/544297994091114496/photo/1","display_url":"pic.twitter.com/wgzOpji0yA","url":"http://t.co/wgzOpji0yA","media_url_https":"https://pbs.twimg.com/media/B428I5GCUAAx1Ur.jpg","id_str":"544297990932811776","sizes":{"small":{"h":432,"resize":"fit","w":340},"large":{"h":432,"resize":"fit","w":340},"medium":{"h":432,"resize":"fit","w":340},"thumb":{"h":150,"resize":"crop","w":150}},"indices":[119,141],"type":"photo","id":544297990932811776,"media_url":"http://pbs.twimg.com/media/B428I5GCUAAx1Ur.jpg"}]},"in_reply_to_screen_name":"Judoon_Platoon","id_str":"544297994091114496","retweet_count":0,"in_reply_to_user_id":32012957,"favorited":false,"user":{"follow_request_sent":false,"profile_use_background_image":true,"profile_text_color":"333333","default_profile_image":false,"id":834997832,"profile_background_image_url_https":"https://abs.twimg.com/images/themes/theme1/bg.png","verified":false,"profile_location":null,"profile_image_url_https":"https://pbs.twimg.com/profile_images/3368796802/f712cf4d82362ebbcbf69426ceab4d60_normal.jpeg","profile_sidebar_fill_color":"DDEEF6","entities":{"description":{"urls":[]}},"followers_count":169,"profile_sidebar_border_color":"C0DEED","id_str":"834997832","profile_background_color":"C0DEED","listed_count":4,"is_translation_enabled":false,"utc_offset":null,"statuses_count":3974,"description":"Liberty is the bane of an insatiable centralized government.","friends_count":357,"location":"","profile_link_color":"0084B4","profile_image_url":"http://pbs.twimg.com/profile_images/3368796802/f712cf4d82362ebbcbf69426ceab4d60_normal.jpeg","following":false,"geo_enabled":false,"profile_banner_url":"https://pbs.twimg.com/profile_banners/834997832/1356000430","profile_background_image_url":"http://abs.twimg.com/images/themes/theme1/bg.png","name":"Snake Plissken","lang":"en","profile_background_tile":false,"favourites_count":327,"screen_name":"MooseMcKnuckle","notifications":false,"url":null,"created_at":"Thu Sep 20 07:25:37 +0000 2012","contributors_enabled":false,"time_zone":null,"protected":false,"default_profile":true,"is_translator":false},"geo":null,"in_reply_to_user_id_str":"32012957","possibly_sensitive":false,"lang":"en","created_at":"Mon Dec 15 01:08:49 +0000 2014","in_reply_to_status_id_str":"544286648784388096","place":null,"extended_entities":{"media":[{"expanded_url":"http://twitter.com/MooseMcKnuckle/status/544297994091114496/photo/1","display_url":"pic.twitter.com/wgzOpji0yA","url":"http://t.co/wgzOpji0yA","media_url_https":"https://pbs.twimg.com/media/B428I5GCUAAx1Ur.jpg","id_str":"544297990932811776","sizes":{"small":{"h":432,"resize":"fit","w":340},"large":{"h":432,"resize":"fit","w":340},"medium":{"h":432,"resize":"fit","w":340},"thumb":{"h":150,"resize":"crop","w":150}},"indices":[119,141],"type":"photo","id":544297990932811776,"media_url":"http://pbs.twimg.com/media/B428I5GCUAAx1Ur.jpg"}]}},
{"contributors":null,"truncated":false,"text":"@Judoon_Platoon  Hmmmm Waterboarding for info....raping kidnapping beheadings bombings for ??????????? #infidels?? #shias #sharia","in_reply_to_status_id":544286648784388096,"id":544299516263141376,"favorite_count":0,"source":"<a href=\"http://twitter.com/download/android\" rel=\"nofollow\">Twitter for Android</a>","retweeted":false,"coordinates":null,"entities":{"symbols":[],"user_mentions":[{"id":32012957,"indices":[0,15],"id_str":"32012957","screen_name":"Judoon_Platoon","name":"Obligatory Xmas Name"}],"hashtags":[{"indices":[103,112],"text":"infidels"},{"indices":[115,121],"text":"shias"},{"indices":[122,129],"text":"sharia"}],"urls":[]},"in_reply_to_screen_name":"Judoon_Platoon","id_str":"544299516263141376","retweet_count":0,"in_reply_to_user_id":32012957,"favorited":false,"user":{"follow_request_sent":false,"profile_use_background_image":true,"profile_text_color":"333333","default_profile_image":false,"id":310884882,"profile_background_image_url_https":"https://abs.twimg.com/images/themes/theme1/bg.png","verified":false,"profile_location":null,"profile_image_url_https":"https://pbs.twimg.com/profile_images/582383817194921984/BwXL8_r4_normal.jpg","profile_sidebar_fill_color":"DDEEF6","entities":{"description":{"urls":[]}},"followers_count":535,"profile_sidebar_border_color":"C0DEED","id_str":"310884882","profile_background_color":"C0DEED","listed_count":13,"is_translation_enabled":false,"utc_offset":null,"statuses_count":24793,"description":"A BELIEVER IN JESUS THE CHRIST  SEE THE REST ON MY FACEBOOK PAGES  PRAY UNCEASINGLY","friends_count":424,"location":"","profile_link_color":"00B31B","profile_image_url":"http://pbs.twimg.com/profile_images/582383817194921984/BwXL8_r4_normal.jpg","following":false,"geo_enabled":true,"profile_banner_url":"https://pbs.twimg.com/profile_banners/310884882/1418876855","profile_background_image_url":"http://abs.twimg.com/images/themes/theme1/bg.png","name":"Judith DeCrescenzo","lang":"en","profile_background_tile":false,"favourites_count":872,"screen_name":"JudithAnnDe","notifications":false,"url":null,"created_at":"Sat Jun 04 14:33:00 +0000 2011","contributors_enabled":false,"time_zone":null,"protected":false,"default_profile":false,"is_translator":false},"geo":null,"in_reply_to_user_id_str":"32012957","lang":"en","created_at":"Mon Dec 15 01:14:51 +0000 2014","in_reply_to_status_id_str":"544286648784388096","place":null},
{"contributors":null,"truncated":false,"text":"@MooseMcKnuckle @Judoon_Platoon MUCH MUCH MORE!!!!","in_reply_to_status_id":544297994091114496,"id":544299693581537283,"favorite_count":0,"source":"<a href=\"http://twitter.com/download/android\" rel=\"nofollow\">Twitter for Android</a>","retweeted":false,"coordinates":null,"entities":{"symbols":[],"user_mentions":[{"id":834997832,"indices":[0,15],"id_str":"834997832","screen_name":"MooseMcKnuckle","name":"Snake Plissken"},{"id":32012957,"indices":[16,31],"id_str":"32012957","screen_name":"Judoon_Platoon","name":"Obligatory Xmas Name"}],"hashtags":[],"urls":[]},"in_reply_to_screen_name":"MooseMcKnuckle","id_str":"544299693581537283","retweet_count":0,"in_reply_to_user_id":834997832,"favorited":false,"user":{"follow_request_sent":false,"profile_use_background_image":true,"profile_text_color":"333333","default_profile_image":false,"id":310884882,"profile_background_image_url_https":"https://abs.twimg.com/images/themes/theme1/bg.png","verified":false,"profile_location":null,"profile_image_url_https":"https://pbs.twimg.com/profile_images/582383817194921984/BwXL8_r4_normal.jpg","profile_sidebar_fill_color":"DDEEF6","entities":{"description":{"urls":[]}},"followers_count":535,"profile_sidebar_border_color":"C0DEED","id_str":"310884882","profile_background_color":"C0DEED","listed_count":13,"is_translation_enabled":false,"utc_offset":null,"statuses_count":24793,"description":"A BELIEVER IN JESUS THE CHRIST  SEE THE REST ON MY FACEBOOK PAGES  PRAY UNCEASINGLY","friends_count":424,"location":"","profile_link_color":"00B31B","profile_image_url":"http://pbs.twimg.com/profile_images/582383817194921984/BwXL8_r4_normal.jpg","following":false,"geo_enabled":true,"profile_banner_url":"https://pbs.twimg.com/profile_banners/310884882/1418876855","profile_background_image_url":"http://abs.twimg.com/images/themes/theme1/bg.png","name":"Judith DeCrescenzo","lang":"en","profile_background_tile":false,"favourites_count":872,"screen_name":"JudithAnnDe","notifications":false,"url":null,"created_at":"Sat Jun 04 14:33:00 +0000 2011","contributors_enabled":false,"time_zone":null,"protected":false,"default_profile":false,"is_translator":false},"geo":null,"in_reply_to_user_id_str":"834997832","lang":"en","created_at":"Mon Dec 15 01:15:34 +0000 2014","in_reply_to_status_id_str":"544297994091114496","place":null},
{"contributors":null,"truncated":false,"text":"Hahaha hooooooo boy is Big J gonna have words for you when you kick the bucket @JudithAnnDe @MooseMcKnuckle","in_reply_to_status_id":544299693581537283,"id":544334894948970496,"favorite_count":0,"source":"<a href=\"http://twitter.com/download/iphone\" rel=\"nofollow\">Twitter for iPhone</a>","retweeted":false,"coordinates":null,"entities":{"symbols":[],"user_mentions":[{"id":310884882,"indices":[79,91],"id_str":"310884882","screen_name":"JudithAnnDe","name":"Judith DeCrescenzo"},{"id":834997832,"indices":[92,107],"id_str":"834997832","screen_name":"MooseMcKnuckle","name":"Snake Plissken"}],"hashtags":[],"urls":[]},"in_reply_to_screen_name":"JudithAnnDe","id_str":"544334894948970496","retweet_count":0,"in_reply_to_user_id":310884882,"favorited":false,"user":{"follow_request_sent":false,"profile_use_background_image":true,"profile_text_color":"666666","default_profile_image":false,"id":32012957,"profile_background_image_url_https":"https://abs.twimg.com/images/themes/theme9/bg.gif","verified":false,"profile_location":null,"profile_image_url_https":"https://pbs.twimg.com/profile_images/568150781355130880/RUz26MEE_normal.jpeg","profile_sidebar_fill_color":"252429","entities":{"url":{"urls":[{"url":"http://t.co/76iwqrnkoH","indices":[0,22],"expanded_url":"http://my-twisted-words.blogspot.co.uk/","display_url":"my-twisted-words.blogspot.co.uk"}]},"description":{"urls":[]}},"followers_count":384,"profile_sidebar_border_color":"181A1E","id_str":"32012957","profile_background_color":"1A1B1F","listed_count":4,"is_translation_enabled":false,"utc_offset":0,"statuses_count":15558,"description":"I have a beard now.","friends_count":970,"location":"LDN","profile_link_color":"2FC2EF","profile_image_url":"http://pbs.twimg.com/profile_images/568150781355130880/RUz26MEE_normal.jpeg","following":false,"geo_enabled":true,"profile_banner_url":"https://pbs.twimg.com/profile_banners/32012957/1393499699","profile_background_image_url":"http://abs.twimg.com/images/themes/theme9/bg.gif","name":"Obligatory Xmas Name","lang":"en","profile_background_tile":false,"favourites_count":274,"screen_name":"Judoon_Platoon","notifications":false,"url":"http://t.co/76iwqrnkoH","created_at":"Thu Apr 16 17:33:49 +0000 2009","contributors_enabled":false,"time_zone":"London","protected":false,"default_profile":false,"is_translator":false},"geo":null,"in_reply_to_user_id_str":"310884882","lang":"en","created_at":"Mon Dec 15 03:35:26 +0000 2014","in_reply_to_status_id_str":"544299693581537283","place":null}
]