[{"contributors":null,"truncated":false,"text":"“@SkyNewsAust: #BREAKING: Hostages are being held and a siege is taking place at Sydney's Lindt Chocolat Cafe in Martin Place.”","in_reply_to_status_id":544268732046913536,"id":544268890969477121,"favorite_count":0,"source":"<a href=\"http://twitter.com/download/iphone\" rel=\"nofollow\">Twitter for iPhone</a>","retweeted":false,"coordinates":null,"entities":{"symbols":[],"user_mentions":[{"id":16834659,"indices":[1,13],"id_str":"16834659","screen_name":"SkyNewsAust","name":"Sky News Australia"}],"hashtags":[{"indices":[15,24],"text":"BREAKING"}],"urls":[]},"in_reply_to_screen_name":"SkyNewsAust","id_str":"544268890969477121","retweet_count":0,"in_reply_to_user_id":16834659,"favorited":false,"user":{"follow_request_sent":false,"profile_use_background_image":true,"profile_text_color":"333333","default_profile_image":false,"id":253615698,"profile_background_image_url_https":"https://abs.twimg.com/images/themes/theme1/bg.png","verified":false,"profile_location":null,"profile_image_url_https":"https://pbs.twimg.com/profile_images/584492211603120128/3oRLXpO9_normal.jpg","profile_sidebar_fill_color":"DDEEF6","entities":{"description":{"urls":[]}},"followers_count":866,"profile_sidebar_border_color":"C0DEED","id_str":"253615698","profile_background_color":"C0DEED","listed_count":25,"is_translation_enabled":false,"utc_offset":null,"statuses_count":19607,"description":"Dublin based Broadcast Journalist. All views expressed here are my own.","friends_count":1694,"location":"Dublin, Ireland","profile_link_color":"0084B4","profile_image_url":"http://pbs.twimg.com/profile_images/584492211603120128/3oRLXpO9_normal.jpg","following":false,"geo_enabled":false,"profile_banner_url":"https://pbs.twimg.com/profile_banners/253615698/1401648759","profile_background_image_url":"http://abs.twimg.com/images/themes/theme1/bg.png","name":"Eamonn Torsney","lang":"en","profile_background_tile":false,"favourites_count":1267,"screen_name":"thetorse","notifications":false,"url":null,"created_at":"Thu Feb 17 16:22:05 +0000 2011","contributors_enabled":false,"time_zone":null,"protected":false,"default_profile":true,"is_translator":false},"geo":null,"in_reply_to_user_id_str":"16834659","lang":"en","created_at":"Sun Dec 14 23:13:10 +0000 2014","in_reply_to_status_id_str":"544268732046913536","place":null},
{"contributors":null,"truncated":false,"text":"@thetorse @SkyNewsAust reports of an ISIS flag too I saw?","in_reply_to_status_id":544268890969477121,"id":544270096521527296,"favorite_count":0,"source":"<a href=\"http://twitter.com/download/iphone\" rel=\"nofollow\">Twitter for iPhone</a>","retweeted":false,"coordinates":null,"entities":{"symbols":[],"user_mentions":[{"id":253615698,"indices":[0,9],"id_str":"253615698","screen_name":"thetorse","name":"Eamonn Torsney"},{"id":16834659,"indices":[10,22],"id_str":"16834659","screen_name":"SkyNewsAust","name":"Sky News Australia"}],"hashtags":[],"urls":[]},"in_reply_to_screen_name":"thetorse","id_str":"544270096521527296","retweet_count":0,"in_reply_to_user_id":253615698,"favorited":false,"user":{"follow_request_sent":false,"profile_use_background_image":true,"profile_text_color":"8C818C","default_profile_image":false,"id":15144505,"profile_background_image_url_https":"https://pbs.twimg.com/profile_background_images/172399209/twitbg.jpg","verified":false,"profile_location":null,"profile_image_url_https":"https://pbs.twimg.com/profile_images/513808796310052864/CIC-sPc7_normal.jpeg","profile_sidebar_fill_color":"C25F5F","entities":{"url":{"urls":[{"url":"http://t.co/wvyroj1SH9","indices":[0,22],"expanded_url":"http://seanear1ey.com","display_url":"seanear1ey.com"}]},"description":{"urls":[]}},"followers_count":3734,"profile_sidebar_border_color":"181A1E","id_str":"15144505","profile_background_color":"1C1A1A","listed_count":70,"is_translation_enabled":false,"utc_offset":0,"statuses_count":77946,"description":"Mostly Head of Creative @NewSlangIE // Sometimes food-writer with @Culch_IE // Often tweeting.","friends_count":1013,"location":"Ranners, Dubland","profile_link_color":"EDCA2F","profile_image_url":"http://pbs.twimg.com/profile_images/513808796310052864/CIC-sPc7_normal.jpeg","following":false,"geo_enabled":true,"profile_banner_url":"https://pbs.twimg.com/profile_banners/15144505/1400843846","profile_background_image_url":"http://pbs.twimg.com/profile_background_images/172399209/twitbg.jpg","name":"Seán Earley","lang":"en","profile_background_tile":false,"favourites_count":9863,"screen_name":"seanearley","notifications":false,"url":"http://t.co/wvyroj1SH9","created_at":"Tue Jun 17 11:19:55 +0000 2008","contributors_enabled":false,"time_zone":"Dublin","protected":false,"default_profile":false,"is_translator":false},"geo":null,"in_reply_to_user_id_str":"253615698","lang":"en","created_at":"Sun Dec 14 23:17:57 +0000 2014","in_reply_to_status_id_str":"544268890969477121","place":null},
{"contributors":null,"truncated":false,"text":"@seanearley some disturbing images also posted on twitter. @SkyNewsAust","in_reply_to_status_id":544270096521527296,"id":544271971371188224,"favorite_count":0,"source":"<a href=\"http://twitter.com/download/iphone\" rel=\"nofollow\">Twitter for iPhone</a>","retweeted":false,"coordinates":null,"entities":{"symbols":[],"user_mentions":[{"id":15144505,"indices":[0,11],"id_str":"15144505","screen_name":"seanearley","name":"Seán Earley"},{"id":16834659,"indices":[59,71],"id_str":"16834659","screen_name":"SkyNewsAust","name":"Sky News Australia"}],"hashtags":[],"urls":[]},"in_reply_to_screen_name":"seanearley","id_str":"544271971371188224","retweet_count":0,"in_reply_to_user_id":15144505,"favorited":false,"user":{"follow_request_sent":false,"profile_use_background_image":true,"profile_text_color":"333333","default_profile_image":false,"id":253615698,"profile_background_image_url_https":"https://abs.twimg.com/images/themes/theme1/bg.png","verified":false,"profile_location":null,"profile_image_url_https":"https://pbs.twimg.com/profile_images/584492211603120128/3oRLXpO9_normal.jpg","profile_sidebar_fill_color":"DDEEF6","entities":{"description":{"urls":[]}},"followers_count":866,"profile_sidebar_border_color":"C0DEED","id_str":"253615698","profile_background_color":"C0DEED","listed_count":25,"is_translation_enabled":false,"utc_offset":null,"statuses_count":19607,"description":"Dublin based Broadcast Journalist. All views expressed here are my own.","friends_count":1694,"location":"Dublin, Ireland","profile_link_color":"0084B4","profile_image_url":"http://pbs.twimg.com/profile_images/584492211603120128/3oRLXpO9_normal.jpg","following":false,"geo_enabled":false,"profile_banner_url":"https://pbs.twimg.com/profile_banners/253615698/1401648759","profile_background_image_url":"http://abs.twimg.com/images/themes/theme1/bg.png","name":"Eamonn Torsney","lang":"en","profile_background_tile":false,"favourites_count":1267,"screen_name":"thetorse","notifications":false,"url":null,"created_at":"Thu Feb 17 16:22:05 +0000 2011","contributors_enabled":false,"time_zone":null,"protected":false,"default_profile":true,"is_translator":false},"geo":null,"in_reply_to_user_id_str":"15144505","lang":"en","created_at":"Sun Dec 14 23:25:24 +0000 2014","in_reply_to_status_id_str":"544270096521527296","place":null},
{"contributors":null,"truncated":false,"text":"Forced to hold #ISIS flag? MT @SkyNewsAust: BREAKING: Hostages held &amp; siege taking place at #Sydney's Lindt Chocolat Cafe in Martin Place.","in_reply_to_status_id":544268732046913536,"id":544275161982455808,"favorite_count":1,"source":"<a href=\"http://twitter.com/download/iphone\" rel=\"nofollow\">Twitter for iPhone</a>","retweeted":false,"coordinates":null,"entities":{"symbols":[],"user_mentions":[{"id":16834659,"indices":[30,42],"id_str":"16834659","screen_name":"SkyNewsAust","name":"Sky News Australia"}],"hashtags":[{"indices":[15,20],"text":"ISIS"},{"indices":[96,103],"text":"Sydney"}],"urls":[]},"in_reply_to_screen_name":"SkyNewsAust","id_str":"544275161982455808","retweet_count":0,"in_reply_to_user_id":16834659,"favorited":false,"user":{"follow_request_sent":false,"profile_use_background_image":true,"profile_text_color":"333333","default_profile_image":false,"id":81990798,"profile_background_image_url_https":"https://pbs.twimg.com/profile_background_images/367702730/nyc_skyline1PA.jpg","verified":false,"profile_location":null,"profile_image_url_https":"https://pbs.twimg.com/profile_images/583386661272330240/YCqrhCer_normal.jpg","profile_sidebar_fill_color":"EFEFEF","entities":{"url":{"urls":[{"url":"http://t.co/TPu0Mwn7XG","indices":[0,22],"expanded_url":"http://bit.ly/uGg0GY","display_url":"bit.ly/uGg0GY"}]},"description":{"urls":[]}},"followers_count":1189,"profile_sidebar_border_color":"EEEEEE","id_str":"81990798","profile_background_color":"131516","listed_count":30,"is_translation_enabled":false,"utc_offset":-18000,"statuses_count":21019,"description":"Australian girl from Melbourne & passionate @CollingwoodFC member in Manhattan! News & politics junkie (left). I love music, footy, film, craft beer. M.S ☤ PA-C","friends_count":854,"location":"New York-Palm Springs-Seattle","profile_link_color":"009999","profile_image_url":"http://pbs.twimg.com/profile_images/583386661272330240/YCqrhCer_normal.jpg","following":false,"geo_enabled":true,"profile_banner_url":"https://pbs.twimg.com/profile_banners/81990798/1418819169","profile_background_image_url":"http://pbs.twimg.com/profile_background_images/367702730/nyc_skyline1PA.jpg","name":"Stephanie SleighRide","lang":"en","profile_background_tile":true,"favourites_count":2053,"screen_name":"KissStephanie","notifications":false,"url":"http://t.co/TPu0Mwn7XG","created_at":"Tue Oct 13 02:28:50 +0000 2009","contributors_enabled":false,"time_zone":"Eastern Time (US & Canada)","protected":false,"default_profile":false,"is_translator":false},"geo":null,"in_reply_to_user_id_str":"16834659","lang":"en","created_at":"Sun Dec 14 23:38:05 +0000 2014","in_reply_to_status_id_str":"544268732046913536","place":null},
{"contributors":null,"truncated":false,"text":"@SkyNewsAust send your SAS in and fast","in_reply_to_status_id":544268732046913536,"id":544275696433246208,"favorite_count":0,"source":"<a href=\"http://twitter.com\" rel=\"nofollow\">Twitter Web Client</a>","retweeted":false,"coordinates":null,"entities":{"symbols":[],"user_mentions":[{"id":16834659,"indices":[0,12],"id_str":"16834659","screen_name":"SkyNewsAust","name":"Sky News Australia"}],"hashtags":[],"urls":[]},"in_reply_to_screen_name":"SkyNewsAust","id_str":"544275696433246208","retweet_count":0,"in_reply_to_user_id":16834659,"favorited":false,"user":{"follow_request_sent":false,"profile_use_background_image":false,"profile_text_color":"333333","default_profile_image":false,"id":233885425,"profile_background_image_url_https":"https://pbs.twimg.com/profile_background_images/439454086140661760/J70U2vvr.jpeg","verified":false,"profile_location":null,"profile_image_url_https":"https://pbs.twimg.com/profile_images/576514658992930816/GBSXSxm-_normal.jpeg","profile_sidebar_fill_color":"DDEEF6","entities":{"url":{"urls":[{"url":"http://t.co/qQcbBDX3yH","indices":[0,22],"expanded_url":"http://www.gburree.com","display_url":"gburree.com"}]},"description":{"urls":[]}},"followers_count":104,"profile_sidebar_border_color":"FFFFFF","id_str":"233885425","profile_background_color":"022330","listed_count":0,"is_translation_enabled":false,"utc_offset":0,"statuses_count":1855,"description":"","friends_count":617,"location":"Sittingbourne,Kent","profile_link_color":"3B94D9","profile_image_url":"http://pbs.twimg.com/profile_images/576514658992930816/GBSXSxm-_normal.jpeg","following":false,"geo_enabled":true,"profile_background_image_url":"http://pbs.twimg.com/profile_background_images/439454086140661760/J70U2vvr.jpeg","name":"GB photography ","lang":"en","profile_background_tile":false,"favourites_count":361,"screen_name":"Pardus_UK","notifications":false,"url":"http://t.co/qQcbBDX3yH","created_at":"Tue Jan 04 10:17:57 +0000 2011","contributors_enabled":false,"time_zone":"London","protected":false,"default_profile":false,"is_translator":false},"geo":null,"in_reply_to_user_id_str":"16834659","lang":"en","created_at":"Sun Dec 14 23:40:12 +0000 2014","in_reply_to_status_id_str":"544268732046913536","place":null},
{"contributors":null,"truncated":false,"text":"“@SkyNewsAust: #BREAKING: Hostages are being held and a siege is taking place at Sydney's Lindt Chocolat Cafe in Martin Place.” @AngieTVLau","in_reply_to_status_id":544268732046913536,"id":544279970483159040,"favorite_count":0,"source":"<a href=\"http://twitter.com/download/iphone\" rel=\"nofollow\">Twitter for iPhone</a>","retweeted":false,"coordinates":{"type":"Point","coordinates":[145.00052637,-37.7489708]},"entities":{"symbols":[],"user_mentions":[{"id":16834659,"indices":[1,13],"id_str":"16834659","screen_name":"SkyNewsAust","name":"Sky News Australia"},{"id":289390002,"indices":[128,139],"id_str":"289390002","screen_name":"AngieTVLau","name":"Angie Lau"}],"hashtags":[{"indices":[15,24],"text":"BREAKING"}],"urls":[]},"in_reply_to_screen_name":"SkyNewsAust","id_str":"544279970483159040","retweet_count":1,"in_reply_to_user_id":16834659,"favorited":false,"user":{"follow_request_sent":false,"profile_use_background_image":true,"profile_text_color":"333333","default_profile_image":false,"id":212473438,"profile_background_image_url_https":"https://abs.twimg.com/images/themes/theme1/bg.png","verified":false,"profile_location":null,"profile_image_url_https":"https://pbs.twimg.com/profile_images/575604194943483904/d8E6emcO_normal.jpeg","profile_sidebar_fill_color":"DDEEF6","entities":{"url":{"urls":[{"url":"http://t.co/R7BzN61OZ3","indices":[0,22],"expanded_url":"http://www.ferrari.com","display_url":"ferrari.com"}]},"description":{"urls":[]}},"followers_count":1254,"profile_sidebar_border_color":"C0DEED","id_str":"212473438","profile_background_color":"C0DEED","listed_count":17,"is_translation_enabled":false,"utc_offset":39600,"statuses_count":11013,"description":"Love F1, Ferrari (Im a Ferrarista and Ferrari member) Melbourne Victory FC and my wife! Banker in BB. Studying to be a FX trader. #SFMembers","friends_count":1998,"location":"Melbourne, Australia","profile_link_color":"0084B4","profile_image_url":"http://pbs.twimg.com/profile_images/575604194943483904/d8E6emcO_normal.jpeg","following":false,"geo_enabled":true,"profile_banner_url":"https://pbs.twimg.com/profile_banners/212473438/1363595872","profile_background_image_url":"http://abs.twimg.com/images/themes/theme1/bg.png","name":"Anthony Hvala","lang":"en","profile_background_tile":false,"favourites_count":147,"screen_name":"Ferrarikid1","notifications":false,"url":"http://t.co/R7BzN61OZ3","created_at":"Sat Nov 06 05:01:40 +0000 2010","contributors_enabled":false,"time_zone":"Melbourne","protected":false,"default_profile":true,"is_translator":false},"geo":{"type":"Point","coordinates":[-37.7489708,145.00052637]},"in_reply_to_user_id_str":"16834659","lang":"en","created_at":"Sun Dec 14 23:57:11 +0000 2014","in_reply_to_status_id_str":"544268732046913536","place":{"full_name":"Melbourne, Victoria","url":"https://api.twitter.com/1.1/geo/id/01864a8a64df9dc4.json","country":"Australia","place_type":"city","bounding_box":{"type":"Polygon","coordinates":[[[144.593741856,-38.433859306],[145.512528832,-38.433859306],[145.512528832,-37.5112737225],[144.593741856,-37.5112737225]]]},"contained_within":[],"country_code":"AU","attributes":{},"id":"01864a8a64df9dc4","name":"Melbourne"}},
{"contributors":null,"truncated":false,"text":"Wow! I was just there RT @SkyNewsAust: #BREAKING: Hostages are being held &amp; a siege is taking place at Sydney's Lindt Cafe in Martin Place","in_reply_to_status_id":544268732046913536,"id":544301461845188608,"favorite_count":0,"source":"<a href=\"http://twitter.com/download/iphone\" rel=\"nofollow\">Twitter for iPhone</a>","retweeted":false,"coordinates":null,"entities":{"symbols":[],"user_mentions":[{"id":16834659,"indices":[25,37],"id_str":"16834659","screen_name":"SkyNewsAust","name":"Sky News Australia"}],"hashtags":[{"indices":[39,48],"text":"BREAKING"}],"urls":[]},"in_reply_to_screen_name":"SkyNewsAust","id_str":"544301461845188608","retweet_count":0,"in_reply_to_user_id":16834659,"favorited":false,"user":{"follow_request_sent":false,"profile_use_background_image":false,"profile_text_color":"000000","default_profile_image":false,"id":62899824,"profile_background_image_url_https":"https://abs.twimg.com/images/themes/theme15/bg.png","verified":false,"profile_location":null,"profile_image_url_https":"https://pbs.twimg.com/profile_images/348029000/Copy_of_dland3_normal.PNG","profile_sidebar_fill_color":"000000","entities":{"description":{"urls":[]}},"followers_count":1867,"profile_sidebar_border_color":"000000","id_str":"62899824","profile_background_color":"000000","listed_count":12,"is_translation_enabled":false,"utc_offset":-25200,"statuses_count":1682,"description":"ENTJ | Husband l Father l Latino | Millennial | Entrepreneur | Doer not Dreamer | Mormon | Baseball | Kitchen Ninja | All tweets are mine |","friends_count":757,"location":"ASU & HBS","profile_link_color":"3B94D9","profile_image_url":"http://pbs.twimg.com/profile_images/348029000/Copy_of_dland3_normal.PNG","following":false,"geo_enabled":true,"profile_banner_url":"https://pbs.twimg.com/profile_banners/62899824/1380919395","profile_background_image_url":"http://abs.twimg.com/images/themes/theme15/bg.png","name":"Viramontes","lang":"en","profile_background_tile":false,"favourites_count":96,"screen_name":"saViramontes","notifications":false,"url":null,"created_at":"Tue Aug 04 19:10:19 +0000 2009","contributors_enabled":false,"time_zone":"Arizona","protected":false,"default_profile":false,"is_translator":false},"geo":null,"in_reply_to_user_id_str":"16834659","lang":"en","created_at":"Mon Dec 15 01:22:35 +0000 2014","in_reply_to_status_id_str":"544268732046913536","place":null},
{"contributors":null,"truncated":false,"text":"Omg “@SkyNewsAust: #BREAKING: Hostages are being held and a siege is taking place at Sydney's Lindt Chocolat Cafe in Martin Place.”","in_reply_to_status_id":544268732046913536,"id":544311698195095552,"favorite_count":0,"source":"<a href=\"http://twitter.com/download/iphone\" rel=\"nofollow\">Twitter for iPhone</a>","retweeted":false,"coordinates":null,"entities":{"symbols":[],"user_mentions":[{"id":16834659,"indices":[5,17],"id_str":"16834659","screen_name":"SkyNewsAust","name":"Sky News Australia"}],"hashtags":[{"indices":[19,28],"text":"BREAKING"}],"urls":[]},"in_reply_to_screen_name":"SkyNewsAust","id_str":"544311698195095552","retweet_count":0,"in_reply_to_user_id":16834659,"favorited":false,"user":{"follow_request_sent":false,"profile_use_background_image":true,"profile_text_color":"333333","default_profile_image":false,"id":110872598,"profile_background_image_url_https":"https://abs.twimg.com/images/themes/theme1/bg.png","verified":false,"profile_location":null,"profile_image_url_https":"https://pbs.twimg.com/profile_images/550839123141865473/JH5I0kIx_normal.jpeg","profile_sidebar_fill_color":"DDEEF6","entities":{"description":{"urls":[]}},"followers_count":103,"profile_sidebar_border_color":"C0DEED","id_str":"110872598","profile_background_color":"C0DEED","listed_count":1,"is_translation_enabled":false,"utc_offset":28800,"statuses_count":1726,"description":"A cool, young Dad. I am Daddy Cool. Headhunter, MMA enthusiast, gym rat wannabe, videogamer. Oh, and Gooner for Life.","friends_count":192,"location":"Kuala Lumpur","profile_link_color":"0084B4","profile_image_url":"http://pbs.twimg.com/profile_images/550839123141865473/JH5I0kIx_normal.jpeg","following":false,"geo_enabled":true,"profile_banner_url":"https://pbs.twimg.com/profile_banners/110872598/1377757759","profile_background_image_url":"http://abs.twimg.com/images/themes/theme1/bg.png","name":"Raja Ahmad Muzamir","lang":"en","profile_background_tile":false,"favourites_count":36,"screen_name":"rmuzamir","notifications":false,"url":null,"created_at":"Wed Feb 03 01:48:12 +0000 2010","contributors_enabled":false,"time_zone":"Kuala Lumpur","protected":false,"default_profile":true,"is_translator":false},"geo":null,"in_reply_to_user_id_str":"16834659","lang":"en","created_at":"Mon Dec 15 02:03:16 +0000 2014","in_reply_to_status_id_str":"544268732046913536","place":null}
]