[{"contributors":null,"truncated":false,"text":"@BasimaFaysal I say we go to lakemba n blow up their mosques","in_reply_to_status_id":544293021995393024,"id":544293210768424960,"favorite_count":2,"source":"<a href=\"http://twitter.com/download/iphone\" rel=\"nofollow\">Twitter for iPhone</a>","retweeted":false,"coordinates":null,"entities":{"symbols":[],"user_mentions":[{"id":1359226843,"indices":[0,13],"id_str":"1359226843","screen_name":"BasimaFaysal","name":"Basima Faysal"}],"hashtags":[],"urls":[]},"in_reply_to_screen_name":"BasimaFaysal","id_str":"544293210768424960","retweet_count":1,"in_reply_to_user_id":1359226843,"favorited":false,"user":{"follow_request_sent":false,"profile_use_background_image":true,"profile_text_color":"333333","default_profile_image":false,"id":1329199266,"profile_background_image_url_https":"https://abs.twimg.com/images/themes/theme1/bg.png","verified":false,"profile_location":null,"profile_image_url_https":"https://pbs.twimg.com/profile_images/472235974135513088/9lHAvHvP_normal.jpeg","profile_sidebar_fill_color":"DDEEF6","entities":{"description":{"urls":[]}},"followers_count":490,"profile_sidebar_border_color":"C0DEED","id_str":"1329199266","profile_background_color":"C0DEED","listed_count":9,"is_translation_enabled":false,"utc_offset":39600,"statuses_count":29293,"description":"Psychomum","friends_count":864,"location":"","profile_link_color":"0084B4","profile_image_url":"http://pbs.twimg.com/profile_images/472235974135513088/9lHAvHvP_normal.jpeg","following":false,"geo_enabled":false,"profile_banner_url":"https://pbs.twimg.com/profile_banners/1329199266/1418305566","profile_background_image_url":"http://abs.twimg.com/images/themes/theme1/bg.png","name":"psychomum","lang":"en","profile_background_tile":false,"favourites_count":2949,"screen_name":"AnitaTeguh","notifications":false,"url":null,"created_at":"Fri Apr 05 13:26:50 +0000 2013","contributors_enabled":false,"time_zone":"Sydney","protected":false,"default_profile":true,"is_translator":false},"geo":null,"in_reply_to_user_id_str":"1359226843","lang":"en","created_at":"Mon Dec 15 00:49:48 +0000 2014","in_reply_to_status_id_str":"544293021995393024","place":null},
{"contributors":null,"truncated":false,"text":"@BasimaFaysal and there are more NOT. Now is not the time for baseless crap.","in_reply_to_status_id":544293021995393024,"id":544294687457021954,"favorite_count":0,"source":"<a href=\"http://twitter.com/download/iphone\" rel=\"nofollow\">Twitter for iPhone</a>","retweeted":false,"coordinates":null,"entities":{"symbols":[],"user_mentions":[{"id":1359226843,"indices":[0,13],"id_str":"1359226843","screen_name":"BasimaFaysal","name":"Basima Faysal"}],"hashtags":[],"urls":[]},"in_reply_to_screen_name":"BasimaFaysal","id_str":"544294687457021954","retweet_count":0,"in_reply_to_user_id":1359226843,"favorited":false,"user":{"follow_request_sent":false,"profile_use_background_image":true,"profile_text_color":"634047","default_profile_image":false,"id":280489306,"profile_background_image_url_https":"https://abs.twimg.com/images/themes/theme3/bg.gif","verified":false,"profile_location":null,"profile_image_url_https":"https://pbs.twimg.com/profile_images/3678994215/b04e71852442a6b0021c8be1dec5178b_normal.jpeg","profile_sidebar_fill_color":"E3E2DE","entities":{"url":{"urls":[{"url":"http://t.co/iXKc5niFmm","indices":[0,22],"expanded_url":"http://www.krjourno.wordpress.com","display_url":"krjourno.wordpress.com"}]},"description":{"urls":[]}},"followers_count":323,"profile_sidebar_border_color":"D3D2CF","id_str":"280489306","profile_background_color":"EDECE9","listed_count":12,"is_translation_enabled":false,"utc_offset":37800,"statuses_count":5756,"description":"Writer. Feminist. Cyclist. Dancer. Lover of trash crime. YWCA Volunteer. Chronic whinger. Retweets are either endorsement or hilarious.","friends_count":756,"location":"Australia","profile_link_color":"088253","profile_image_url":"http://pbs.twimg.com/profile_images/3678994215/b04e71852442a6b0021c8be1dec5178b_normal.jpeg","following":false,"geo_enabled":false,"profile_banner_url":"https://pbs.twimg.com/profile_banners/280489306/1369781243","profile_background_image_url":"http://abs.twimg.com/images/themes/theme3/bg.gif","name":"Kat Anderson","lang":"en","profile_background_tile":false,"favourites_count":1088,"screen_name":"Fem_Kat","notifications":false,"url":"http://t.co/iXKc5niFmm","created_at":"Mon Apr 11 12:36:18 +0000 2011","contributors_enabled":false,"time_zone":"Adelaide","protected":false,"default_profile":false,"is_translator":false},"geo":null,"in_reply_to_user_id_str":"1359226843","lang":"en","created_at":"Mon Dec 15 00:55:40 +0000 2014","in_reply_to_status_id_str":"544293021995393024","place":null},
{"contributors":null,"truncated":false,"text":"Meanwhile, simpleton commentators rush to say Muslims \"disown\" rather than revere jihadis. \n#sydneysiege #MartinPlace #auspil @BasimaFaysal","in_reply_to_status_id":544293021995393024,"id":544294806998884353,"favorite_count":2,"source":"<a href=\"https://twitter.com/download/android\" rel=\"nofollow\">Twitter for Android Tablets</a>","retweeted":false,"coordinates":null,"entities":{"symbols":[],"user_mentions":[{"id":1359226843,"indices":[126,139],"id_str":"1359226843","screen_name":"BasimaFaysal","name":"Basima Faysal"}],"hashtags":[{"indices":[92,104],"text":"sydneysiege"},{"indices":[105,117],"text":"MartinPlace"},{"indices":[118,125],"text":"auspil"}],"urls":[]},"in_reply_to_screen_name":"BasimaFaysal","id_str":"544294806998884353","retweet_count":15,"in_reply_to_user_id":1359226843,"favorited":false,"user":{"follow_request_sent":false,"profile_use_background_image":true,"profile_text_color":"333333","default_profile_image":false,"id":1359226843,"profile_background_image_url_https":"https://pbs.twimg.com/profile_background_images/378800000181875682/QAsNZdKc.jpeg","verified":false,"profile_location":null,"profile_image_url_https":"https://pbs.twimg.com/profile_images/503812538492932097/bZRQG3W2_normal.png","profile_sidebar_fill_color":"DDEEF6","entities":{"url":{"urls":[{"url":"https://t.co/coLtLUUbWJ","indices":[0,23],"expanded_url":"https://twitter.com/BasimaFaysal","display_url":"twitter.com/BasimaFaysal"}]},"description":{"urls":[]}},"followers_count":4776,"profile_sidebar_border_color":"FFFFFF","id_str":"1359226843","profile_background_color":"C0DEED","listed_count":63,"is_translation_enabled":false,"utc_offset":null,"statuses_count":33665,"description":"Making life easier, simpler, sooner and more, 140 characters at a time.","friends_count":5114,"location":"Human Rights & Sharia: Pick 1","profile_link_color":"0084B4","profile_image_url":"http://pbs.twimg.com/profile_images/503812538492932097/bZRQG3W2_normal.png","following":false,"geo_enabled":false,"profile_banner_url":"https://pbs.twimg.com/profile_banners/1359226843/1391585950","profile_background_image_url":"http://pbs.twimg.com/profile_background_images/378800000181875682/QAsNZdKc.jpeg","name":"Basima Faysal","lang":"en","profile_background_tile":true,"favourites_count":17464,"screen_name":"BasimaFaysal","notifications":false,"url":"https://t.co/coLtLUUbWJ","created_at":"Wed Apr 17 11:40:11 +0000 2013","contributors_enabled":false,"time_zone":null,"protected":false,"default_profile":false,"is_translator":false},"geo":null,"in_reply_to_user_id_str":"1359226843","lang":"en","created_at":"Mon Dec 15 00:56:09 +0000 2014","in_reply_to_status_id_str":"544293021995393024","place":null},
{"contributors":null,"truncated":false,"text":"@BasimaFaysal @Sharpestick Now you will see how strong the Prime Minister is #sydney #martinplace This could happen here. Are we prepared?","in_reply_to_status_id":544293021995393024,"id":544294951488454656,"favorite_count":2,"source":"<a href=\"http://www.twitter.com\" rel=\"nofollow\">Twitter for BlackBerry</a>","retweeted":false,"coordinates":null,"entities":{"symbols":[],"user_mentions":[{"id":1359226843,"indices":[0,13],"id_str":"1359226843","screen_name":"BasimaFaysal","name":"Basima Faysal"},{"id":292074881,"indices":[14,26],"id_str":"292074881","screen_name":"Sharpestick","name":"Don Sharpe"}],"hashtags":[{"indices":[77,84],"text":"sydney"},{"indices":[85,97],"text":"martinplace"}],"urls":[]},"in_reply_to_screen_name":"BasimaFaysal","id_str":"544294951488454656","retweet_count":5,"in_reply_to_user_id":1359226843,"favorited":false,"user":{"follow_request_sent":false,"profile_use_background_image":true,"profile_text_color":"333333","default_profile_image":false,"id":255170102,"profile_background_image_url_https":"https://pbs.twimg.com/profile_background_images/378800000047993422/1e5a58b022b395d7b80887d7bcba530f.jpeg","verified":false,"profile_location":null,"profile_image_url_https":"https://pbs.twimg.com/profile_images/532528339127635968/7dX0Tyys_normal.jpeg","profile_sidebar_fill_color":"EFEFEF","entities":{"description":{"urls":[]}},"followers_count":394,"profile_sidebar_border_color":"FFFFFF","id_str":"255170102","profile_background_color":"131516","listed_count":4,"is_translation_enabled":false,"utc_offset":-18000,"statuses_count":12521,"description":"Good things come to those who believe, better things come to those who are patient, and the best things come to those who don't give up.","friends_count":1056,"location":"Toronto, Ontario Canada","profile_link_color":"009929","profile_image_url":"http://pbs.twimg.com/profile_images/532528339127635968/7dX0Tyys_normal.jpeg","following":false,"geo_enabled":false,"profile_banner_url":"https://pbs.twimg.com/profile_banners/255170102/1402104367","profile_background_image_url":"http://pbs.twimg.com/profile_background_images/378800000047993422/1e5a58b022b395d7b80887d7bcba530f.jpeg","name":"Russ Manock","lang":"en","profile_background_tile":true,"favourites_count":122,"screen_name":"xfiles41","notifications":false,"url":null,"created_at":"Sun Feb 20 20:37:23 +0000 2011","contributors_enabled":false,"time_zone":"Eastern Time (US & Canada)","protected":false,"default_profile":false,"is_translator":false},"geo":null,"in_reply_to_user_id_str":"1359226843","lang":"en","created_at":"Mon Dec 15 00:56:43 +0000 2014","in_reply_to_status_id_str":"544293021995393024","place":null},
{"contributors":null,"truncated":false,"text":"@BasimaFaysal @lupuscandoris More to the point, all over the world !","in_reply_to_status_id":544293021995393024,"id":544295767788503040,"favorite_count":1,"source":"<a href=\"http://twitter.com\" rel=\"nofollow\">Twitter Web Client</a>","retweeted":false,"coordinates":null,"entities":{"symbols":[],"user_mentions":[{"id":1359226843,"indices":[0,13],"id_str":"1359226843","screen_name":"BasimaFaysal","name":"Basima Faysal"},{"id":2539838183,"indices":[14,28],"id_str":"2539838183","screen_name":"lupuscandoris","name":"alba lupus"}],"hashtags":[],"urls":[]},"in_reply_to_screen_name":"BasimaFaysal","id_str":"544295767788503040","retweet_count":1,"in_reply_to_user_id":1359226843,"favorited":false,"user":{"follow_request_sent":false,"profile_use_background_image":true,"profile_text_color":"673E80","default_profile_image":false,"id":21051642,"profile_background_image_url_https":"https://pbs.twimg.com/profile_background_images/425911582/ts.jpg","verified":false,"profile_location":null,"profile_image_url_https":"https://pbs.twimg.com/profile_images/502628686638878721/bNXuhPkm_normal.png","profile_sidebar_fill_color":"BEC1BA","entities":{"description":{"urls":[{"url":"http://t.co/ru62e06aZR","indices":[30,52],"expanded_url":"http://zimmermanpress.tumblr.com","display_url":"zimmermanpress.tumblr.com"},{"url":"http://t.co/qqecjqxZZU","indices":[55,77],"expanded_url":"http://bit.ly/iGyGNw","display_url":"bit.ly/iGyGNw"}]}},"followers_count":469,"profile_sidebar_border_color":"000000","id_str":"21051642","profile_background_color":"1A1F59","listed_count":12,"is_translation_enabled":false,"utc_offset":0,"statuses_count":106385,"description":"I sometimes photograph stuff: http://t.co/ru62e06aZR & http://t.co/qqecjqxZZU","friends_count":642,"location":"I am Everywhere","profile_link_color":"1660B5","profile_image_url":"http://pbs.twimg.com/profile_images/502628686638878721/bNXuhPkm_normal.png","following":false,"geo_enabled":true,"profile_banner_url":"https://pbs.twimg.com/profile_banners/21051642/1398282248","profile_background_image_url":"http://pbs.twimg.com/profile_background_images/425911582/ts.jpg","name":"Tempus Fugit","lang":"en","profile_background_tile":true,"favourites_count":1694,"screen_name":"franosch","notifications":false,"url":null,"created_at":"Tue Feb 17 01:22:00 +0000 2009","contributors_enabled":false,"time_zone":"London","protected":false,"default_profile":false,"is_translator":false},"geo":null,"in_reply_to_user_id_str":"1359226843","lang":"en","created_at":"Mon Dec 15 00:59:58 +0000 2014","in_reply_to_status_id_str":"544293021995393024","place":{"full_name":"Bemidji, MN","url":"https://api.twitter.com/1.1/geo/id/17b31ef8fe912cec.json","country":"United States","place_type":"city","bounding_box":{"type":"Polygon","coordinates":[[[-94.949191,47.438946],[-94.821167,47.438946],[-94.821167,47.533651],[-94.949191,47.533651]]]},"contained_within":[],"country_code":"US","attributes":{},"id":"17b31ef8fe912cec","name":"Bemidji"}},
{"contributors":null,"truncated":false,"text":"@BasimaFaysal  Although predicted to happen, it is heart breaking to see our neighbours over the ditch going thru this!  They're SCUM","in_reply_to_status_id":544294806998884353,"id":544295843981848576,"favorite_count":1,"source":"<a href=\"http://twitter.com\" rel=\"nofollow\">Twitter Web Client</a>","retweeted":false,"coordinates":null,"entities":{"symbols":[],"user_mentions":[{"id":1359226843,"indices":[0,13],"id_str":"1359226843","screen_name":"BasimaFaysal","name":"Basima Faysal"}],"hashtags":[],"urls":[]},"in_reply_to_screen_name":"BasimaFaysal","id_str":"544295843981848576","retweet_count":2,"in_reply_to_user_id":1359226843,"favorited":false,"user":{"follow_request_sent":false,"profile_use_background_image":true,"profile_text_color":"333333","default_profile_image":false,"id":1730831946,"profile_background_image_url_https":"https://abs.twimg.com/images/themes/theme1/bg.png","verified":false,"profile_location":null,"profile_image_url_https":"https://pbs.twimg.com/profile_images/531193289278382080/qBgOO2pL_normal.jpeg","profile_sidebar_fill_color":"DDEEF6","entities":{"description":{"urls":[]}},"followers_count":316,"profile_sidebar_border_color":"C0DEED","id_str":"1730831946","profile_background_color":"C0DEED","listed_count":6,"is_translation_enabled":false,"utc_offset":46800,"statuses_count":3104,"description":". Support the Military. Anti-islam..it's killing us. Pro life-Save the babies!","friends_count":457,"location":"","profile_link_color":"0084B4","profile_image_url":"http://pbs.twimg.com/profile_images/531193289278382080/qBgOO2pL_normal.jpeg","following":false,"geo_enabled":false,"profile_banner_url":"https://pbs.twimg.com/profile_banners/1730831946/1415481451","profile_background_image_url":"http://abs.twimg.com/images/themes/theme1/bg.png","name":"Debs.nz","lang":"en","profile_background_tile":false,"favourites_count":3546,"screen_name":"Max61258074","notifications":false,"url":null,"created_at":"Thu Sep 05 05:05:06 +0000 2013","contributors_enabled":false,"time_zone":"Auckland","protected":false,"default_profile":true,"is_translator":false},"geo":null,"in_reply_to_user_id_str":"1359226843","lang":"en","created_at":"Mon Dec 15 01:00:16 +0000 2014","in_reply_to_status_id_str":"544294806998884353","place":null},
{"contributors":null,"truncated":false,"text":"@BasimaFaysal And I didn't mean Aussie Aussie Aussie!!! NS","in_reply_to_status_id":544294806998884353,"id":544296069606027264,"favorite_count":1,"source":"<a href=\"http://twitter.com\" rel=\"nofollow\">Twitter Web Client</a>","retweeted":false,"coordinates":null,"entities":{"symbols":[],"user_mentions":[{"id":1359226843,"indices":[0,13],"id_str":"1359226843","screen_name":"BasimaFaysal","name":"Basima Faysal"}],"hashtags":[],"urls":[]},"in_reply_to_screen_name":"BasimaFaysal","id_str":"544296069606027264","retweet_count":0,"in_reply_to_user_id":1359226843,"favorited":false,"user":{"follow_request_sent":false,"profile_use_background_image":true,"profile_text_color":"333333","default_profile_image":false,"id":1730831946,"profile_background_image_url_https":"https://abs.twimg.com/images/themes/theme1/bg.png","verified":false,"profile_location":null,"profile_image_url_https":"https://pbs.twimg.com/profile_images/531193289278382080/qBgOO2pL_normal.jpeg","profile_sidebar_fill_color":"DDEEF6","entities":{"description":{"urls":[]}},"followers_count":316,"profile_sidebar_border_color":"C0DEED","id_str":"1730831946","profile_background_color":"C0DEED","listed_count":6,"is_translation_enabled":false,"utc_offset":46800,"statuses_count":3104,"description":". Support the Military. Anti-islam..it's killing us. Pro life-Save the babies!","friends_count":457,"location":"","profile_link_color":"0084B4","profile_image_url":"http://pbs.twimg.com/profile_images/531193289278382080/qBgOO2pL_normal.jpeg","following":false,"geo_enabled":false,"profile_banner_url":"https://pbs.twimg.com/profile_banners/1730831946/1415481451","profile_background_image_url":"http://abs.twimg.com/images/themes/theme1/bg.png","name":"Debs.nz","lang":"en","profile_background_tile":false,"favourites_count":3546,"screen_name":"Max61258074","notifications":false,"url":null,"created_at":"Thu Sep 05 05:05:06 +0000 2013","contributors_enabled":false,"time_zone":"Auckland","protected":false,"default_profile":true,"is_translator":false},"geo":null,"in_reply_to_user_id_str":"1359226843","lang":"en","created_at":"Mon Dec 15 01:01:10 +0000 2014","in_reply_to_status_id_str":"544294806998884353","place":null},
{"contributors":null,"truncated":false,"text":"Yes, I am correct &amp; there is no good time to be whitewashing what Islam teaches. @Fem_Kat","in_reply_to_status_id":544294687457021954,"id":544296219187478529,"favorite_count":3,"source":"<a href=\"https://twitter.com/download/android\" rel=\"nofollow\">Twitter for Android Tablets</a>","retweeted":false,"coordinates":null,"entities":{"symbols":[],"user_mentions":[{"id":280489306,"indices":[85,93],"id_str":"280489306","screen_name":"Fem_Kat","name":"Kat Anderson"}],"hashtags":[],"urls":[]},"in_reply_to_screen_name":"Fem_Kat","id_str":"544296219187478529","retweet_count":4,"in_reply_to_user_id":280489306,"favorited":false,"user":{"follow_request_sent":false,"profile_use_background_image":true,"profile_text_color":"333333","default_profile_image":false,"id":1359226843,"profile_background_image_url_https":"https://pbs.twimg.com/profile_background_images/378800000181875682/QAsNZdKc.jpeg","verified":false,"profile_location":null,"profile_image_url_https":"https://pbs.twimg.com/profile_images/503812538492932097/bZRQG3W2_normal.png","profile_sidebar_fill_color":"DDEEF6","entities":{"url":{"urls":[{"url":"https://t.co/coLtLUUbWJ","indices":[0,23],"expanded_url":"https://twitter.com/BasimaFaysal","display_url":"twitter.com/BasimaFaysal"}]},"description":{"urls":[]}},"followers_count":4776,"profile_sidebar_border_color":"FFFFFF","id_str":"1359226843","profile_background_color":"C0DEED","listed_count":63,"is_translation_enabled":false,"utc_offset":null,"statuses_count":33665,"description":"Making life easier, simpler, sooner and more, 140 characters at a time.","friends_count":5114,"location":"Human Rights & Sharia: Pick 1","profile_link_color":"0084B4","profile_image_url":"http://pbs.twimg.com/profile_images/503812538492932097/bZRQG3W2_normal.png","following":false,"geo_enabled":false,"profile_banner_url":"https://pbs.twimg.com/profile_banners/1359226843/1391585950","profile_background_image_url":"http://pbs.twimg.com/profile_background_images/378800000181875682/QAsNZdKc.jpeg","name":"Basima Faysal","lang":"en","profile_background_tile":true,"favourites_count":17465,"screen_name":"BasimaFaysal","notifications":false,"url":"https://t.co/coLtLUUbWJ","created_at":"Wed Apr 17 11:40:11 +0000 2013","contributors_enabled":false,"time_zone":null,"protected":false,"default_profile":false,"is_translator":false},"geo":null,"in_reply_to_user_id_str":"280489306","lang":"en","created_at":"Mon Dec 15 01:01:45 +0000 2014","in_reply_to_status_id_str":"544294687457021954","place":null},
{"contributors":null,"truncated":false,"text":"@xfiles41 @BasimaFaysal \nSome of us are...\nMost of the #Sheeple are not.","in_reply_to_status_id":544294951488454656,"id":544296326335193088,"favorite_count":1,"source":"<a href=\"http://twitter.com/download/iphone\" rel=\"nofollow\">Twitter for iPhone</a>","retweeted":false,"coordinates":null,"entities":{"symbols":[],"user_mentions":[{"id":255170102,"indices":[0,9],"id_str":"255170102","screen_name":"xfiles41","name":"Russ Manock"},{"id":1359226843,"indices":[10,23],"id_str":"1359226843","screen_name":"BasimaFaysal","name":"Basima Faysal"}],"hashtags":[{"indices":[55,63],"text":"Sheeple"}],"urls":[]},"in_reply_to_screen_name":"xfiles41","id_str":"544296326335193088","retweet_count":0,"in_reply_to_user_id":255170102,"favorited":false,"user":{"follow_request_sent":false,"profile_use_background_image":true,"profile_text_color":"1C1F23","default_profile_image":false,"id":292074881,"profile_background_image_url_https":"https://pbs.twimg.com/profile_background_images/356276097/xb03d4e9b1b16d865111985b2c34f84c.jpg","verified":false,"profile_location":null,"profile_image_url_https":"https://pbs.twimg.com/profile_images/572803128040398848/HpKV1c3Z_normal.jpeg","profile_sidebar_fill_color":"C9C9C9","entities":{"description":{"urls":[]}},"followers_count":629,"profile_sidebar_border_color":"BFBFBF","id_str":"292074881","profile_background_color":"07090B","listed_count":20,"is_translation_enabled":false,"utc_offset":-25200,"statuses_count":23757,"description":"On a Diet of Advil & Anger Management I point out the Obvious. \nPut your shoulder to the wheel & push. #PerhapsIslamIsTheProblem","friends_count":262,"location":"Calgary","profile_link_color":"C34242","profile_image_url":"http://pbs.twimg.com/profile_images/572803128040398848/HpKV1c3Z_normal.jpeg","following":false,"geo_enabled":true,"profile_banner_url":"https://pbs.twimg.com/profile_banners/292074881/1385707154","profile_background_image_url":"http://pbs.twimg.com/profile_background_images/356276097/xb03d4e9b1b16d865111985b2c34f84c.jpg","name":"Don Sharpe","lang":"en","profile_background_tile":true,"favourites_count":906,"screen_name":"Sharpestick","notifications":false,"url":null,"created_at":"Tue May 03 02:08:27 +0000 2011","contributors_enabled":false,"time_zone":"Mountain Time (US & Canada)","protected":false,"default_profile":false,"is_translator":false},"geo":null,"in_reply_to_user_id_str":"255170102","lang":"en","created_at":"Mon Dec 15 01:02:11 +0000 2014","in_reply_to_status_id_str":"544294951488454656","place":null},
{"contributors":null,"truncated":false,"text":"@BasimaFaysal @888Scott \nExactly &amp; the likes of antiGovt #ABC having endlessly ridiculed security stepup now backpedal on their treachery","in_reply_to_status_id":544294806998884353,"id":544296526281846785,"favorite_count":2,"source":"<a href=\"http://twitter.com/download/iphone\" rel=\"nofollow\">Twitter for iPhone</a>","retweeted":false,"coordinates":null,"entities":{"symbols":[],"user_mentions":[{"id":1359226843,"indices":[0,13],"id_str":"1359226843","screen_name":"BasimaFaysal","name":"Basima Faysal"},{"id":528646417,"indices":[14,23],"id_str":"528646417","screen_name":"888Scott","name":"Scott"}],"hashtags":[{"indices":[61,65],"text":"ABC"}],"urls":[]},"in_reply_to_screen_name":"BasimaFaysal","id_str":"544296526281846785","retweet_count":5,"in_reply_to_user_id":1359226843,"favorited":false,"user":{"follow_request_sent":false,"profile_use_background_image":true,"profile_text_color":"333333","default_profile_image":false,"id":192852583,"profile_background_image_url_https":"https://abs.twimg.com/images/themes/theme1/bg.png","verified":false,"profile_location":null,"profile_image_url_https":"https://pbs.twimg.com/profile_images/378800000440795320/21deb2e69be1fe4dbfac42d021c9d7ed_normal.jpeg","profile_sidebar_fill_color":"DDEEF6","entities":{"description":{"urls":[]}},"followers_count":277,"profile_sidebar_border_color":"C0DEED","id_str":"192852583","profile_background_color":"C0DEED","listed_count":7,"is_translation_enabled":false,"utc_offset":39600,"statuses_count":9379,"description":"Libertarian | Opposed to big government |","friends_count":276,"location":"Sydney AUSTRALIA","profile_link_color":"0084B4","profile_image_url":"http://pbs.twimg.com/profile_images/378800000440795320/21deb2e69be1fe4dbfac42d021c9d7ed_normal.jpeg","following":false,"geo_enabled":true,"profile_banner_url":"https://pbs.twimg.com/profile_banners/192852583/1378858411","profile_background_image_url":"http://abs.twimg.com/images/themes/theme1/bg.png","name":"laissez faire","lang":"en","profile_background_tile":false,"favourites_count":597,"screen_name":"DecreeAbsolute","notifications":false,"url":null,"created_at":"Mon Sep 20 10:06:25 +0000 2010","contributors_enabled":false,"time_zone":"Sydney","protected":false,"default_profile":true,"is_translator":false},"geo":null,"in_reply_to_user_id_str":"1359226843","lang":"en","created_at":"Mon Dec 15 01:02:59 +0000 2014","in_reply_to_status_id_str":"544294806998884353","place":null},
{"contributors":null,"truncated":false,"text":"@BasimaFaysal is it not a fact that many people are NOT rejoicing right now? We know shit all. #reportfacts","in_reply_to_status_id":544296219187478529,"id":544296960501358592,"favorite_count":0,"source":"<a href=\"http://twitter.com/download/iphone\" rel=\"nofollow\">Twitter for iPhone</a>","retweeted":false,"coordinates":null,"entities":{"symbols":[],"user_mentions":[{"id":1359226843,"indices":[0,13],"id_str":"1359226843","screen_name":"BasimaFaysal","name":"Basima Faysal"}],"hashtags":[{"indices":[95,107],"text":"reportfacts"}],"urls":[]},"in_reply_to_screen_name":"BasimaFaysal","id_str":"544296960501358592","retweet_count":0,"in_reply_to_user_id":1359226843,"favorited":false,"user":{"follow_request_sent":false,"profile_use_background_image":true,"profile_text_color":"634047","default_profile_image":false,"id":280489306,"profile_background_image_url_https":"https://abs.twimg.com/images/themes/theme3/bg.gif","verified":false,"profile_location":null,"profile_image_url_https":"https://pbs.twimg.com/profile_images/3678994215/b04e71852442a6b0021c8be1dec5178b_normal.jpeg","profile_sidebar_fill_color":"E3E2DE","entities":{"url":{"urls":[{"url":"http://t.co/iXKc5niFmm","indices":[0,22],"expanded_url":"http://www.krjourno.wordpress.com","display_url":"krjourno.wordpress.com"}]},"description":{"urls":[]}},"followers_count":323,"profile_sidebar_border_color":"D3D2CF","id_str":"280489306","profile_background_color":"EDECE9","listed_count":12,"is_translation_enabled":false,"utc_offset":37800,"statuses_count":5756,"description":"Writer. Feminist. Cyclist. Dancer. Lover of trash crime. YWCA Volunteer. Chronic whinger. Retweets are either endorsement or hilarious.","friends_count":756,"location":"Australia","profile_link_color":"088253","profile_image_url":"http://pbs.twimg.com/profile_images/3678994215/b04e71852442a6b0021c8be1dec5178b_normal.jpeg","following":false,"geo_enabled":false,"profile_banner_url":"https://pbs.twimg.com/profile_banners/280489306/1369781243","profile_background_image_url":"http://abs.twimg.com/images/themes/theme3/bg.gif","name":"Kat Anderson","lang":"en","profile_background_tile":false,"favourites_count":1088,"screen_name":"Fem_Kat","notifications":false,"url":"http://t.co/iXKc5niFmm","created_at":"Mon Apr 11 12:36:18 +0000 2011","contributors_enabled":false,"time_zone":"Adelaide","protected":false,"default_profile":false,"is_translator":false},"geo":null,"in_reply_to_user_id_str":"1359226843","lang":"en","created_at":"Mon Dec 15 01:04:42 +0000 2014","in_reply_to_status_id_str":"544296219187478529","place":null},
{"contributors":null,"truncated":false,"text":"What a great time for a \"Mosque Open Day\" or \"Wear a hijab\".\n\n#sydneysiege #MartinPlace #auspil http://t.co/a5sApLGRIS","in_reply_to_status_id":544294806998884353,"id":544298482794647552,"favorite_count":6,"source":"<a href=\"https://twitter.com/download/android\" rel=\"nofollow\">Twitter for Android Tablets</a>","retweeted":false,"coordinates":null,"entities":{"symbols":[],"user_mentions":[],"hashtags":[{"indices":[62,74],"text":"sydneysiege"},{"indices":[75,87],"text":"MartinPlace"},{"indices":[88,95],"text":"auspil"}],"urls":[],"media":[{"expanded_url":"http://twitter.com/BasimaFaysal/status/544298482794647552/photo/1","display_url":"pic.twitter.com/a5sApLGRIS","url":"http://t.co/a5sApLGRIS","media_url_https":"https://pbs.twimg.com/media/B428kHsCQAEoHfb.jpg","id_str":"544298458706755585","sizes":{"large":{"h":471,"resize":"fit","w":875},"small":{"h":183,"resize":"fit","w":340},"medium":{"h":322,"resize":"fit","w":600},"thumb":{"h":150,"resize":"crop","w":150}},"indices":[96,118],"type":"photo","id":544298458706755585,"media_url":"http://pbs.twimg.com/media/B428kHsCQAEoHfb.jpg"}]},"in_reply_to_screen_name":"BasimaFaysal","id_str":"544298482794647552","retweet_count":18,"in_reply_to_user_id":1359226843,"favorited":false,"user":{"follow_request_sent":false,"profile_use_background_image":true,"profile_text_color":"333333","default_profile_image":false,"id":1359226843,"profile_background_image_url_https":"https://pbs.twimg.com/profile_background_images/378800000181875682/QAsNZdKc.jpeg","verified":false,"profile_location":null,"profile_image_url_https":"https://pbs.twimg.com/profile_images/503812538492932097/bZRQG3W2_normal.png","profile_sidebar_fill_color":"DDEEF6","entities":{"url":{"urls":[{"url":"https://t.co/coLtLUUbWJ","indices":[0,23],"expanded_url":"https://twitter.com/BasimaFaysal","display_url":"twitter.com/BasimaFaysal"}]},"description":{"urls":[]}},"followers_count":4776,"profile_sidebar_border_color":"FFFFFF","id_str":"1359226843","profile_background_color":"C0DEED","listed_count":63,"is_translation_enabled":false,"utc_offset":null,"statuses_count":33665,"description":"Making life easier, simpler, sooner and more, 140 characters at a time.","friends_count":5114,"location":"Human Rights & Sharia: Pick 1","profile_link_color":"0084B4","profile_image_url":"http://pbs.twimg.com/profile_images/503812538492932097/bZRQG3W2_normal.png","following":false,"geo_enabled":false,"profile_banner_url":"https://pbs.twimg.com/profile_banners/1359226843/1391585950","profile_background_image_url":"http://pbs.twimg.com/profile_background_images/378800000181875682/QAsNZdKc.jpeg","name":"Basima Faysal","lang":"en","profile_background_tile":true,"favourites_count":17465,"screen_name":"BasimaFaysal","notifications":false,"url":"https://t.co/coLtLUUbWJ","created_at":"Wed Apr 17 11:40:11 +0000 2013","contributors_enabled":false,"time_zone":null,"protected":false,"default_profile":false,"is_translator":false},"geo":null,"in_reply_to_user_id_str":"1359226843","possibly_sensitive":false,"lang":"en","created_at":"Mon Dec 15 01:10:45 +0000 2014","in_reply_to_status_id_str":"544294806998884353","place":null,"extended_entities":{"media":[{"expanded_url":"http://twitter.com/BasimaFaysal/status/544298482794647552/photo/1","display_url":"pic.twitter.com/a5sApLGRIS","url":"http://t.co/a5sApLGRIS","media_url_https":"https://pbs.twimg.com/media/B428kHsCQAEoHfb.jpg","id_str":"544298458706755585","sizes":{"large":{"h":471,"resize":"fit","w":875},"small":{"h":183,"resize":"fit","w":340},"medium":{"h":322,"resize":"fit","w":600},"thumb":{"h":150,"resize":"crop","w":150}},"indices":[96,118],"type":"photo","id":544298458706755585,"media_url":"http://pbs.twimg.com/media/B428kHsCQAEoHfb.jpg"}]}},
{"contributors":null,"truncated":false,"text":"@BasimaFaysal \nIt is either Sharia or Democracy. Until this happens, you will have such terrorist attacks.","in_reply_to_status_id":544298482794647552,"id":544299550828011520,"favorite_count":2,"source":"<a href=\"http://twitter.com\" rel=\"nofollow\">Twitter Web Client</a>","retweeted":false,"coordinates":null,"entities":{"symbols":[],"user_mentions":[{"id":1359226843,"indices":[0,13],"id_str":"1359226843","screen_name":"BasimaFaysal","name":"Basima Faysal"}],"hashtags":[],"urls":[]},"in_reply_to_screen_name":"BasimaFaysal","id_str":"544299550828011520","retweet_count":3,"in_reply_to_user_id":1359226843,"favorited":false,"user":{"follow_request_sent":false,"profile_use_background_image":true,"profile_text_color":"333333","default_profile_image":false,"id":2378914268,"profile_background_image_url_https":"https://abs.twimg.com/images/themes/theme1/bg.png","verified":false,"profile_location":null,"profile_image_url_https":"https://pbs.twimg.com/profile_images/589834284069888000/y54d1v0a_normal.jpg","profile_sidebar_fill_color":"DDEEF6","entities":{"url":{"urls":[{"url":"http://t.co/dFtAYohJ7F","indices":[0,22],"expanded_url":"http://notcovered.blogspot.in/","display_url":"notcovered.blogspot.in"}]},"description":{"urls":[]}},"followers_count":438,"profile_sidebar_border_color":"C0DEED","id_str":"2378914268","profile_background_color":"C0DEED","listed_count":5,"is_translation_enabled":false,"utc_offset":null,"statuses_count":15936,"description":"Reader, Indian-History buff, walker, rider, blogger, politically right and not correct. RT does not mean I concur","friends_count":601,"location":"India","profile_link_color":"0084B4","profile_image_url":"http://pbs.twimg.com/profile_images/589834284069888000/y54d1v0a_normal.jpg","following":false,"geo_enabled":false,"profile_banner_url":"https://pbs.twimg.com/profile_banners/2378914268/1404840908","profile_background_image_url":"http://abs.twimg.com/images/themes/theme1/bg.png","name":"Murali K","lang":"en","profile_background_tile":false,"favourites_count":2139,"screen_name":"dwimidhaM","notifications":false,"url":"http://t.co/dFtAYohJ7F","created_at":"Sat Mar 08 15:47:43 +0000 2014","contributors_enabled":false,"time_zone":null,"protected":false,"default_profile":true,"is_translator":false},"geo":null,"in_reply_to_user_id_str":"1359226843","lang":"en","created_at":"Mon Dec 15 01:15:00 +0000 2014","in_reply_to_status_id_str":"544298482794647552","place":null},
{"contributors":null,"truncated":false,"text":"@Fem_Kat @BasimaFaysal Yes yes let's withhold judgment til it happens again and again and again. Will you ever learn?","in_reply_to_status_id":544294687457021954,"id":544300552763752448,"favorite_count":0,"source":"<a href=\"http://twitter.com/download/android\" rel=\"nofollow\">Twitter for Android</a>","retweeted":false,"coordinates":null,"entities":{"symbols":[],"user_mentions":[{"id":280489306,"indices":[0,8],"id_str":"280489306","screen_name":"Fem_Kat","name":"Kat Anderson"},{"id":1359226843,"indices":[9,22],"id_str":"1359226843","screen_name":"BasimaFaysal","name":"Basima Faysal"}],"hashtags":[],"urls":[]},"in_reply_to_screen_name":"Fem_Kat","id_str":"544300552763752448","retweet_count":0,"in_reply_to_user_id":280489306,"favorited":false,"user":{"follow_request_sent":false,"profile_use_background_image":true,"profile_text_color":"333333","default_profile_image":false,"id":2237451721,"profile_background_image_url_https":"https://abs.twimg.com/images/themes/theme1/bg.png","verified":false,"profile_location":null,"profile_image_url_https":"https://pbs.twimg.com/profile_images/567006639891697664/yQVsTNPg_normal.jpeg","profile_sidebar_fill_color":"DDEEF6","entities":{"description":{"urls":[]}},"followers_count":20,"profile_sidebar_border_color":"C0DEED","id_str":"2237451721","profile_background_color":"C0DEED","listed_count":1,"is_translation_enabled":false,"utc_offset":null,"statuses_count":1529,"description":"Dat Butt","friends_count":33,"location":"","profile_link_color":"0084B4","profile_image_url":"http://pbs.twimg.com/profile_images/567006639891697664/yQVsTNPg_normal.jpeg","following":false,"geo_enabled":false,"profile_background_image_url":"http://abs.twimg.com/images/themes/theme1/bg.png","name":"HJG","lang":"en","profile_background_tile":false,"favourites_count":379,"screen_name":"NegiJew","notifications":false,"url":null,"created_at":"Mon Dec 09 10:44:07 +0000 2013","contributors_enabled":false,"time_zone":null,"protected":false,"default_profile":true,"is_translator":false},"geo":null,"in_reply_to_user_id_str":"280489306","lang":"en","created_at":"Mon Dec 15 01:18:59 +0000 2014","in_reply_to_status_id_str":"544294687457021954","place":null},
{"contributors":null,"truncated":false,"text":"@Fem_Kat @BasimaFaysal When the Charia revolution comes, you will be among the first up against the wall. Why do you defend Muslims?","in_reply_to_status_id":544294687457021954,"id":544300804082237440,"favorite_count":0,"source":"<a href=\"http://twitter.com/download/android\" rel=\"nofollow\">Twitter for Android</a>","retweeted":false,"coordinates":null,"entities":{"symbols":[],"user_mentions":[{"id":280489306,"indices":[0,8],"id_str":"280489306","screen_name":"Fem_Kat","name":"Kat Anderson"},{"id":1359226843,"indices":[9,22],"id_str":"1359226843","screen_name":"BasimaFaysal","name":"Basima Faysal"}],"hashtags":[],"urls":[]},"in_reply_to_screen_name":"Fem_Kat","id_str":"544300804082237440","retweet_count":0,"in_reply_to_user_id":280489306,"favorited":false,"user":{"follow_request_sent":false,"profile_use_background_image":true,"profile_text_color":"333333","default_profile_image":false,"id":2237451721,"profile_background_image_url_https":"https://abs.twimg.com/images/themes/theme1/bg.png","verified":false,"profile_location":null,"profile_image_url_https":"https://pbs.twimg.com/profile_images/567006639891697664/yQVsTNPg_normal.jpeg","profile_sidebar_fill_color":"DDEEF6","entities":{"description":{"urls":[]}},"followers_count":20,"profile_sidebar_border_color":"C0DEED","id_str":"2237451721","profile_background_color":"C0DEED","listed_count":1,"is_translation_enabled":false,"utc_offset":null,"statuses_count":1529,"description":"Dat Butt","friends_count":33,"location":"","profile_link_color":"0084B4","profile_image_url":"http://pbs.twimg.com/profile_images/567006639891697664/yQVsTNPg_normal.jpeg","following":false,"geo_enabled":false,"profile_background_image_url":"http://abs.twimg.com/images/themes/theme1/bg.png","name":"HJG","lang":"en","profile_background_tile":false,"favourites_count":379,"screen_name":"NegiJew","notifications":false,"url":null,"created_at":"Mon Dec 09 10:44:07 +0000 2013","contributors_enabled":false,"time_zone":null,"protected":false,"default_profile":true,"is_translator":false},"geo":null,"in_reply_to_user_id_str":"280489306","lang":"en","created_at":"Mon Dec 15 01:19:58 +0000 2014","in_reply_to_status_id_str":"544294687457021954","place":null},
{"contributors":null,"truncated":false,"text":"@NegiJew @BasimaFaysal What are you judging? We DONT KNOW FACTS, other than there are hostages.","in_reply_to_status_id":544300552763752448,"id":544300991110053888,"favorite_count":0,"source":"<a href=\"http://twitter.com/download/iphone\" rel=\"nofollow\">Twitter for iPhone</a>","retweeted":false,"coordinates":null,"entities":{"symbols":[],"user_mentions":[{"id":2237451721,"indices":[0,8],"id_str":"2237451721","screen_name":"NegiJew","name":"HJG"},{"id":1359226843,"indices":[9,22],"id_str":"1359226843","screen_name":"BasimaFaysal","name":"Basima Faysal"}],"hashtags":[],"urls":[]},"in_reply_to_screen_name":"NegiJew","id_str":"544300991110053888","retweet_count":0,"in_reply_to_user_id":2237451721,"favorited":false,"user":{"follow_request_sent":false,"profile_use_background_image":true,"profile_text_color":"634047","default_profile_image":false,"id":280489306,"profile_background_image_url_https":"https://abs.twimg.com/images/themes/theme3/bg.gif","verified":false,"profile_location":null,"profile_image_url_https":"https://pbs.twimg.com/profile_images/3678994215/b04e71852442a6b0021c8be1dec5178b_normal.jpeg","profile_sidebar_fill_color":"E3E2DE","entities":{"url":{"urls":[{"url":"http://t.co/iXKc5niFmm","indices":[0,22],"expanded_url":"http://www.krjourno.wordpress.com","display_url":"krjourno.wordpress.com"}]},"description":{"urls":[]}},"followers_count":323,"profile_sidebar_border_color":"D3D2CF","id_str":"280489306","profile_background_color":"EDECE9","listed_count":12,"is_translation_enabled":false,"utc_offset":37800,"statuses_count":5756,"description":"Writer. Feminist. Cyclist. Dancer. Lover of trash crime. YWCA Volunteer. Chronic whinger. Retweets are either endorsement or hilarious.","friends_count":756,"location":"Australia","profile_link_color":"088253","profile_image_url":"http://pbs.twimg.com/profile_images/3678994215/b04e71852442a6b0021c8be1dec5178b_normal.jpeg","following":false,"geo_enabled":false,"profile_banner_url":"https://pbs.twimg.com/profile_banners/280489306/1369781243","profile_background_image_url":"http://abs.twimg.com/images/themes/theme3/bg.gif","name":"Kat Anderson","lang":"en","profile_background_tile":false,"favourites_count":1088,"screen_name":"Fem_Kat","notifications":false,"url":"http://t.co/iXKc5niFmm","created_at":"Mon Apr 11 12:36:18 +0000 2011","contributors_enabled":false,"time_zone":"Adelaide","protected":false,"default_profile":false,"is_translator":false},"geo":null,"in_reply_to_user_id_str":"2237451721","lang":"en","created_at":"Mon Dec 15 01:20:43 +0000 2014","in_reply_to_status_id_str":"544300552763752448","place":null},
{"contributors":null,"truncated":false,"text":"@Fem_Kat @BasimaFaysal There is a picture where you can clearly see the black flag of Jihad... It isn't rocket science.","in_reply_to_status_id":544300991110053888,"id":544301283327610880,"favorite_count":0,"source":"<a href=\"http://twitter.com/download/android\" rel=\"nofollow\">Twitter for Android</a>","retweeted":false,"coordinates":null,"entities":{"symbols":[],"user_mentions":[{"id":280489306,"indices":[0,8],"id_str":"280489306","screen_name":"Fem_Kat","name":"Kat Anderson"},{"id":1359226843,"indices":[9,22],"id_str":"1359226843","screen_name":"BasimaFaysal","name":"Basima Faysal"}],"hashtags":[],"urls":[]},"in_reply_to_screen_name":"Fem_Kat","id_str":"544301283327610880","retweet_count":0,"in_reply_to_user_id":280489306,"favorited":false,"user":{"follow_request_sent":false,"profile_use_background_image":true,"profile_text_color":"333333","default_profile_image":false,"id":2237451721,"profile_background_image_url_https":"https://abs.twimg.com/images/themes/theme1/bg.png","verified":false,"profile_location":null,"profile_image_url_https":"https://pbs.twimg.com/profile_images/567006639891697664/yQVsTNPg_normal.jpeg","profile_sidebar_fill_color":"DDEEF6","entities":{"description":{"urls":[]}},"followers_count":20,"profile_sidebar_border_color":"C0DEED","id_str":"2237451721","profile_background_color":"C0DEED","listed_count":1,"is_translation_enabled":false,"utc_offset":null,"statuses_count":1529,"description":"Dat Butt","friends_count":33,"location":"","profile_link_color":"0084B4","profile_image_url":"http://pbs.twimg.com/profile_images/567006639891697664/yQVsTNPg_normal.jpeg","following":false,"geo_enabled":false,"profile_background_image_url":"http://abs.twimg.com/images/themes/theme1/bg.png","name":"HJG","lang":"en","profile_background_tile":false,"favourites_count":379,"screen_name":"NegiJew","notifications":false,"url":null,"created_at":"Mon Dec 09 10:44:07 +0000 2013","contributors_enabled":false,"time_zone":null,"protected":false,"default_profile":true,"is_translator":false},"geo":null,"in_reply_to_user_id_str":"280489306","lang":"en","created_at":"Mon Dec 15 01:21:53 +0000 2014","in_reply_to_status_id_str":"544300991110053888","place":null},
{"contributors":null,"truncated":false,"text":"@dwimidhaM @BasimaFaysal If you look at places like Pakistan, even Sharia is no guarantee against terrorist attacks","in_reply_to_status_id":544299550828011520,"id":544305284588376064,"favorite_count":0,"source":"<a href=\"http://twitter.com/download/android\" rel=\"nofollow\">Twitter for Android</a>","retweeted":false,"coordinates":{"type":"Point","coordinates":[77.0828068,28.5528739]},"entities":{"symbols":[],"user_mentions":[{"id":2378914268,"indices":[0,10],"id_str":"2378914268","screen_name":"dwimidhaM","name":"Murali K"},{"id":1359226843,"indices":[11,24],"id_str":"1359226843","screen_name":"BasimaFaysal","name":"Basima Faysal"}],"hashtags":[],"urls":[]},"in_reply_to_screen_name":"dwimidhaM","id_str":"544305284588376064","retweet_count":0,"in_reply_to_user_id":2378914268,"favorited":false,"user":{"follow_request_sent":false,"profile_use_background_image":true,"profile_text_color":"333333","default_profile_image":false,"id":18373898,"profile_background_image_url_https":"https://pbs.twimg.com/profile_background_images/204428160/2011-01-30_08.01.11.jpg","verified":false,"profile_location":null,"profile_image_url_https":"https://pbs.twimg.com/profile_images/3431765183/d368c83250b1919edafea3bf6d032748_normal.jpeg","profile_sidebar_fill_color":"A0C5C7","entities":{"url":{"urls":[{"url":"http://t.co/vtJYOTwEoG","indices":[0,22],"expanded_url":"http://www.mantranaindia.com","display_url":"mantranaindia.com"}]},"description":{"urls":[]}},"followers_count":410,"profile_sidebar_border_color":"86A4A6","id_str":"18373898","profile_background_color":"709397","listed_count":5,"is_translation_enabled":false,"utc_offset":19800,"statuses_count":3629,"description":"HR professional into consulting, coaching, psychometric testing and training","friends_count":134,"location":"Noida/Delhi","profile_link_color":"FF3300","profile_image_url":"http://pbs.twimg.com/profile_images/3431765183/d368c83250b1919edafea3bf6d032748_normal.jpeg","following":false,"geo_enabled":true,"profile_banner_url":"https://pbs.twimg.com/profile_banners/18373898/1354165986","profile_background_image_url":"http://pbs.twimg.com/profile_background_images/204428160/2011-01-30_08.01.11.jpg","name":"Rajan Sinha","lang":"en","profile_background_tile":false,"favourites_count":5279,"screen_name":"rajansinha","notifications":false,"url":"http://t.co/vtJYOTwEoG","created_at":"Thu Dec 25 12:00:55 +0000 2008","contributors_enabled":false,"time_zone":"New Delhi","protected":false,"default_profile":false,"is_translator":false},"geo":{"type":"Point","coordinates":[28.5528739,77.0828068]},"in_reply_to_user_id_str":"2378914268","lang":"en","created_at":"Mon Dec 15 01:37:47 +0000 2014","in_reply_to_status_id_str":"544299550828011520","place":{"full_name":"New Delhi, Delhi","url":"https://api.twitter.com/1.1/geo/id/317fcc4b21a604d5.json","country":"India","place_type":"city","bounding_box":{"type":"Polygon","coordinates":[[[76.8425202,28.3976574],[77.3476518,28.3976574],[77.3476518,28.8793215],[76.8425202,28.8793215]]]},"contained_within":[],"country_code":"IN","attributes":{},"id":"317fcc4b21a604d5","name":"New Delhi"}},
{"contributors":null,"truncated":false,"text":"@rajansinha @BasimaFaysal \nIn democracies clash between Democracy and Sharia. In Pakistan, it is between flavors of Sharia. Sharia finally.","in_reply_to_status_id":544305284588376064,"id":544306338029793280,"favorite_count":0,"source":"<a href=\"http://twitter.com\" rel=\"nofollow\">Twitter Web Client</a>","retweeted":false,"coordinates":null,"entities":{"symbols":[],"user_mentions":[{"id":18373898,"indices":[0,11],"id_str":"18373898","screen_name":"rajansinha","name":"Rajan Sinha"},{"id":1359226843,"indices":[12,25],"id_str":"1359226843","screen_name":"BasimaFaysal","name":"Basima Faysal"}],"hashtags":[],"urls":[]},"in_reply_to_screen_name":"rajansinha","id_str":"544306338029793280","retweet_count":0,"in_reply_to_user_id":18373898,"favorited":false,"user":{"follow_request_sent":false,"profile_use_background_image":true,"profile_text_color":"333333","default_profile_image":false,"id":2378914268,"profile_background_image_url_https":"https://abs.twimg.com/images/themes/theme1/bg.png","verified":false,"profile_location":null,"profile_image_url_https":"https://pbs.twimg.com/profile_images/589834284069888000/y54d1v0a_normal.jpg","profile_sidebar_fill_color":"DDEEF6","entities":{"url":{"urls":[{"url":"http://t.co/dFtAYohJ7F","indices":[0,22],"expanded_url":"http://notcovered.blogspot.in/","display_url":"notcovered.blogspot.in"}]},"description":{"urls":[]}},"followers_count":438,"profile_sidebar_border_color":"C0DEED","id_str":"2378914268","profile_background_color":"C0DEED","listed_count":5,"is_translation_enabled":false,"utc_offset":null,"statuses_count":15936,"description":"Reader, Indian-History buff, walker, rider, blogger, politically right and not correct. RT does not mean I concur","friends_count":601,"location":"India","profile_link_color":"0084B4","profile_image_url":"http://pbs.twimg.com/profile_images/589834284069888000/y54d1v0a_normal.jpg","following":false,"geo_enabled":false,"profile_banner_url":"https://pbs.twimg.com/profile_banners/2378914268/1404840908","profile_background_image_url":"http://abs.twimg.com/images/themes/theme1/bg.png","name":"Murali K","lang":"en","profile_background_tile":false,"favourites_count":2139,"screen_name":"dwimidhaM","notifications":false,"url":"http://t.co/dFtAYohJ7F","created_at":"Sat Mar 08 15:47:43 +0000 2014","contributors_enabled":false,"time_zone":null,"protected":false,"default_profile":true,"is_translator":false},"geo":null,"in_reply_to_user_id_str":"18373898","lang":"en","created_at":"Mon Dec 15 01:41:58 +0000 2014","in_reply_to_status_id_str":"544305284588376064","place":null},
{"contributors":null,"truncated":false,"text":"@Fem_Kat @BasimaFaysal only crap is from you luvvie","in_reply_to_status_id":544294687457021954,"id":544350113674452992,"favorite_count":0,"source":"<a href=\"http://twitter.com/#!/download/ipad\" rel=\"nofollow\">Twitter for iPad</a>","retweeted":false,"coordinates":null,"entities":{"symbols":[],"user_mentions":[{"id":280489306,"indices":[0,8],"id_str":"280489306","screen_name":"Fem_Kat","name":"Kat Anderson"},{"id":1359226843,"indices":[9,22],"id_str":"1359226843","screen_name":"BasimaFaysal","name":"Basima Faysal"}],"hashtags":[],"urls":[]},"in_reply_to_screen_name":"Fem_Kat","id_str":"544350113674452992","retweet_count":1,"in_reply_to_user_id":280489306,"favorited":false,"user":{"follow_request_sent":false,"profile_use_background_image":true,"profile_text_color":"333333","default_profile_image":false,"id":150974182,"profile_background_image_url_https":"https://abs.twimg.com/images/themes/theme1/bg.png","verified":false,"profile_location":null,"profile_image_url_https":"https://pbs.twimg.com/profile_images/2959969010/21e189f6fabb1b6ddae48276ace14215_normal.jpeg","profile_sidebar_fill_color":"DDEEF6","entities":{"description":{"urls":[]}},"followers_count":771,"profile_sidebar_border_color":"C0DEED","id_str":"150974182","profile_background_color":"C0DEED","listed_count":19,"is_translation_enabled":true,"utc_offset":36000,"statuses_count":22405,"description":"Detest Labor and Green communists. Detest the grubs who will not work. Detest those who allowed islamists into my country. Detest the commies in the ABC.","friends_count":480,"location":"","profile_link_color":"0084B4","profile_image_url":"http://pbs.twimg.com/profile_images/2959969010/21e189f6fabb1b6ddae48276ace14215_normal.jpeg","following":false,"geo_enabled":false,"profile_banner_url":"https://pbs.twimg.com/profile_banners/150974182/1355201214","profile_background_image_url":"http://abs.twimg.com/images/themes/theme1/bg.png","name":"Apache","lang":"en","profile_background_tile":false,"favourites_count":19,"screen_name":"apache_2005","notifications":false,"url":null,"created_at":"Wed Jun 02 08:39:19 +0000 2010","contributors_enabled":false,"time_zone":"Brisbane","protected":false,"default_profile":true,"is_translator":false},"geo":null,"in_reply_to_user_id_str":"280489306","lang":"en","created_at":"Mon Dec 15 04:35:55 +0000 2014","in_reply_to_status_id_str":"544294687457021954","place":null},
{"contributors":null,"truncated":false,"text":"Spare a thought 4 millions of jihad victims:\nChina\nMidEast\nUSA\nUK\nCan.\nThai.\nPhilippines\nIndia\n#auspol #SydneySeige http://t.co/y8yymri9eU","in_reply_to_status_id":544298482794647552,"id":544378759931912192,"favorite_count":10,"source":"<a href=\"https://twitter.com/download/android\" rel=\"nofollow\">Twitter for Android Tablets</a>","retweeted":false,"coordinates":null,"entities":{"symbols":[],"user_mentions":[],"hashtags":[{"indices":[95,102],"text":"auspol"},{"indices":[103,115],"text":"SydneySeige"}],"urls":[],"media":[{"expanded_url":"http://twitter.com/BasimaFaysal/status/544378759931912192/photo/1","display_url":"pic.twitter.com/y8yymri9eU","url":"http://t.co/y8yymri9eU","media_url_https":"https://pbs.twimg.com/media/B44FkmBCcAAv2T5.jpg","id_str":"544378731196739584","sizes":{"small":{"h":226,"resize":"fit","w":340},"large":{"h":682,"resize":"fit","w":1023},"medium":{"h":400,"resize":"fit","w":600},"thumb":{"h":150,"resize":"crop","w":150}},"indices":[116,138],"type":"photo","id":544378731196739584,"media_url":"http://pbs.twimg.com/media/B44FkmBCcAAv2T5.jpg"}]},"in_reply_to_screen_name":"BasimaFaysal","id_str":"544378759931912192","retweet_count":15,"in_reply_to_user_id":1359226843,"favorited":false,"user":{"follow_request_sent":false,"profile_use_background_image":true,"profile_text_color":"333333","default_profile_image":false,"id":1359226843,"profile_background_image_url_https":"https://pbs.twimg.com/profile_background_images/378800000181875682/QAsNZdKc.jpeg","verified":false,"profile_location":null,"profile_image_url_https":"https://pbs.twimg.com/profile_images/503812538492932097/bZRQG3W2_normal.png","profile_sidebar_fill_color":"DDEEF6","entities":{"url":{"urls":[{"url":"https://t.co/coLtLUUbWJ","indices":[0,23],"expanded_url":"https://twitter.com/BasimaFaysal","display_url":"twitter.com/BasimaFaysal"}]},"description":{"urls":[]}},"followers_count":4780,"profile_sidebar_border_color":"FFFFFF","id_str":"1359226843","profile_background_color":"C0DEED","listed_count":63,"is_translation_enabled":false,"utc_offset":null,"statuses_count":33669,"description":"Making life easier, simpler, sooner and more, 140 characters at a time.","friends_count":5111,"location":"Human Rights & Sharia: Pick 1","profile_link_color":"0084B4","profile_image_url":"http://pbs.twimg.com/profile_images/503812538492932097/bZRQG3W2_normal.png","following":false,"geo_enabled":false,"profile_banner_url":"https://pbs.twimg.com/profile_banners/1359226843/1391585950","profile_background_image_url":"http://pbs.twimg.com/profile_background_images/378800000181875682/QAsNZdKc.jpeg","name":"Basima Faysal","lang":"en","profile_background_tile":true,"favourites_count":17477,"screen_name":"BasimaFaysal","notifications":false,"url":"https://t.co/coLtLUUbWJ","created_at":"Wed Apr 17 11:40:11 +0000 2013","contributors_enabled":false,"time_zone":null,"protected":false,"default_profile":false,"is_translator":false},"geo":null,"in_reply_to_user_id_str":"1359226843","possibly_sensitive":false,"lang":"en","created_at":"Mon Dec 15 06:29:45 +0000 2014","in_reply_to_status_id_str":"544298482794647552","place":null,"extended_entities":{"media":[{"expanded_url":"http://twitter.com/BasimaFaysal/status/544378759931912192/photo/1","display_url":"pic.twitter.com/y8yymri9eU","url":"http://t.co/y8yymri9eU","media_url_https":"https://pbs.twimg.com/media/B44FkmBCcAAv2T5.jpg","id_str":"544378731196739584","sizes":{"small":{"h":226,"resize":"fit","w":340},"large":{"h":682,"resize":"fit","w":1023},"medium":{"h":400,"resize":"fit","w":600},"thumb":{"h":150,"resize":"crop","w":150}},"indices":[116,138],"type":"photo","id":544378731196739584,"media_url":"http://pbs.twimg.com/media/B44FkmBCcAAv2T5.jpg"}]}},
{"contributors":null,"truncated":false,"text":"@BasimaFaysal @wuhokay you forgot russia","in_reply_to_status_id":544378759931912192,"id":544390216237449216,"favorite_count":3,"source":"<a href=\"http://twitter.com/download/iphone\" rel=\"nofollow\">Twitter for iPhone</a>","retweeted":false,"coordinates":null,"entities":{"symbols":[],"user_mentions":[{"id":1359226843,"indices":[0,13],"id_str":"1359226843","screen_name":"BasimaFaysal","name":"Basima Faysal"},{"id":549181612,"indices":[14,22],"id_str":"549181612","screen_name":"wuhokay","name":"wuh? okay!"}],"hashtags":[],"urls":[]},"in_reply_to_screen_name":"BasimaFaysal","id_str":"544390216237449216","retweet_count":1,"in_reply_to_user_id":1359226843,"favorited":false,"user":{"follow_request_sent":false,"profile_use_background_image":true,"profile_text_color":"333333","default_profile_image":false,"id":2758351305,"profile_background_image_url_https":"https://abs.twimg.com/images/themes/theme1/bg.png","verified":false,"profile_location":null,"profile_image_url_https":"https://pbs.twimg.com/profile_images/506493490512289792/5wu_syEi_normal.jpeg","profile_sidebar_fill_color":"DDEEF6","entities":{"description":{"urls":[]}},"followers_count":105,"profile_sidebar_border_color":"C0DEED","id_str":"2758351305","profile_background_color":"C0DEED","listed_count":1,"is_translation_enabled":false,"utc_offset":null,"statuses_count":1995,"description":"I believe radical islam is the biggest threat to world peace this century and must be stopped whatever the cost.","friends_count":112,"location":"","profile_link_color":"0084B4","profile_image_url":"http://pbs.twimg.com/profile_images/506493490512289792/5wu_syEi_normal.jpeg","following":false,"geo_enabled":false,"profile_banner_url":"https://pbs.twimg.com/profile_banners/2758351305/1415160721","profile_background_image_url":"http://abs.twimg.com/images/themes/theme1/bg.png","name":"churchill","lang":"en","profile_background_tile":false,"favourites_count":134,"screen_name":"kingmenelaos24","notifications":false,"url":null,"created_at":"Mon Sep 01 17:13:50 +0000 2014","contributors_enabled":false,"time_zone":null,"protected":false,"default_profile":true,"is_translator":false},"geo":null,"in_reply_to_user_id_str":"1359226843","lang":"en","created_at":"Mon Dec 15 07:15:16 +0000 2014","in_reply_to_status_id_str":"544378759931912192","place":null},
{"contributors":null,"truncated":false,"text":"@kingmenelaos24 @wuhokay Not enough room for France, Spain, Italy, Germany, Burma, Indonesia, etc.","in_reply_to_status_id":544390216237449216,"id":544392797860556800,"favorite_count":3,"source":"<a href=\"https://twitter.com/download/android\" rel=\"nofollow\">Twitter for Android Tablets</a>","retweeted":false,"coordinates":null,"entities":{"symbols":[],"user_mentions":[{"id":2758351305,"indices":[0,15],"id_str":"2758351305","screen_name":"kingmenelaos24","name":"churchill"},{"id":549181612,"indices":[16,24],"id_str":"549181612","screen_name":"wuhokay","name":"wuh? okay!"}],"hashtags":[],"urls":[]},"in_reply_to_screen_name":"kingmenelaos24","id_str":"544392797860556800","retweet_count":2,"in_reply_to_user_id":2758351305,"favorited":false,"user":{"follow_request_sent":false,"profile_use_background_image":true,"profile_text_color":"333333","default_profile_image":false,"id":1359226843,"profile_background_image_url_https":"https://pbs.twimg.com/profile_background_images/378800000181875682/QAsNZdKc.jpeg","verified":false,"profile_location":null,"profile_image_url_https":"https://pbs.twimg.com/profile_images/503812538492932097/bZRQG3W2_normal.png","profile_sidebar_fill_color":"DDEEF6","entities":{"url":{"urls":[{"url":"https://t.co/coLtLUUbWJ","indices":[0,23],"expanded_url":"https://twitter.com/BasimaFaysal","display_url":"twitter.com/BasimaFaysal"}]},"description":{"urls":[]}},"followers_count":4780,"profile_sidebar_border_color":"FFFFFF","id_str":"1359226843","profile_background_color":"C0DEED","listed_count":63,"is_translation_enabled":false,"utc_offset":null,"statuses_count":33669,"description":"Making life easier, simpler, sooner and more, 140 characters at a time.","friends_count":5111,"location":"Human Rights & Sharia: Pick 1","profile_link_color":"0084B4","profile_image_url":"http://pbs.twimg.com/profile_images/503812538492932097/bZRQG3W2_normal.png","following":false,"geo_enabled":false,"profile_banner_url":"https://pbs.twimg.com/profile_banners/1359226843/1391585950","profile_background_image_url":"http://pbs.twimg.com/profile_background_images/378800000181875682/QAsNZdKc.jpeg","name":"Basima Faysal","lang":"en","profile_background_tile":true,"favourites_count":17477,"screen_name":"BasimaFaysal","notifications":false,"url":"https://t.co/coLtLUUbWJ","created_at":"Wed Apr 17 11:40:11 +0000 2013","contributors_enabled":false,"time_zone":null,"protected":false,"default_profile":false,"is_translator":false},"geo":null,"in_reply_to_user_id_str":"2758351305","lang":"en","created_at":"Mon Dec 15 07:25:31 +0000 2014","in_reply_to_status_id_str":"544390216237449216","place":null}
]