[{"contributors":null,"truncated":false,"text":"@MajorNews911 @7NewsSydney you mean that rag?","in_reply_to_status_id":544280397472088064,"id":544281847874998273,"favorite_count":0,"source":"<a href=\"https://mobile.twitter.com\" rel=\"nofollow\">Mobile Web (M5)</a>","retweeted":false,"coordinates":null,"entities":{"symbols":[],"user_mentions":[{"id":2738397743,"indices":[0,13],"id_str":"2738397743","screen_name":"MajorNews911","name":"G.Alexander(BRKNEWS)"},{"id":156464691,"indices":[14,26],"id_str":"156464691","screen_name":"7NewsSydney","name":"7 News Sydney"}],"hashtags":[],"urls":[]},"in_reply_to_screen_name":"MajorNews911","id_str":"544281847874998273","retweet_count":0,"in_reply_to_user_id":2738397743,"favorited":false,"user":{"follow_request_sent":false,"profile_use_background_image":true,"profile_text_color":"333333","default_profile_image":false,"id":1547659670,"profile_background_image_url_https":"https://abs.twimg.com/images/themes/theme1/bg.png","verified":false,"profile_location":null,"profile_image_url_https":"https://pbs.twimg.com/profile_images/378800000079990859/53d682d6c419ff841e7afe185d4879f3_normal.jpeg","profile_sidebar_fill_color":"DDEEF6","entities":{"description":{"urls":[]}},"followers_count":53,"profile_sidebar_border_color":"C0DEED","id_str":"1547659670","profile_background_color":"C0DEED","listed_count":0,"is_translation_enabled":false,"utc_offset":null,"statuses_count":2073,"description":"United States Marine Mother...Whats Your Super Power?","friends_count":165,"location":"everywhere","profile_link_color":"0084B4","profile_image_url":"http://pbs.twimg.com/profile_images/378800000079990859/53d682d6c419ff841e7afe185d4879f3_normal.jpeg","following":false,"geo_enabled":false,"profile_background_image_url":"http://abs.twimg.com/images/themes/theme1/bg.png","name":"Vixen3737","lang":"en","profile_background_tile":false,"favourites_count":751,"screen_name":"Barbara71865232","notifications":false,"url":null,"created_at":"Wed Jun 26 08:28:59 +0000 2013","contributors_enabled":false,"time_zone":null,"protected":false,"default_profile":true,"is_translator":false},"geo":null,"in_reply_to_user_id_str":"2738397743","lang":"en","created_at":"Mon Dec 15 00:04:39 +0000 2014","in_reply_to_status_id_str":"544280397472088064","place":null},
{"contributors":null,"truncated":false,"text":"@MajorNews911 @7NewsSydney I was wondering where you where. I saw that before you! I was surprised,haha. Not to make light of it by the way.","in_reply_to_status_id":544280397472088064,"id":544283025027399682,"favorite_count":0,"source":"<a href=\"http://twitter.com/download/iphone\" rel=\"nofollow\">Twitter for iPhone</a>","retweeted":false,"coordinates":null,"entities":{"symbols":[],"user_mentions":[{"id":2738397743,"indices":[0,13],"id_str":"2738397743","screen_name":"MajorNews911","name":"G.Alexander(BRKNEWS)"},{"id":156464691,"indices":[14,26],"id_str":"156464691","screen_name":"7NewsSydney","name":"7 News Sydney"}],"hashtags":[],"urls":[]},"in_reply_to_screen_name":"MajorNews911","id_str":"544283025027399682","retweet_count":0,"in_reply_to_user_id":2738397743,"favorited":false,"user":{"follow_request_sent":false,"profile_use_background_image":true,"profile_text_color":"333333","default_profile_image":false,"id":305061255,"profile_background_image_url_https":"https://abs.twimg.com/images/themes/theme1/bg.png","verified":false,"profile_location":null,"profile_image_url_https":"https://pbs.twimg.com/profile_images/378800000273639854/dbea49cf64e165044fb9414103febcd2_normal.jpeg","profile_sidebar_fill_color":"DDEEF6","entities":{"description":{"urls":[]}},"followers_count":271,"profile_sidebar_border_color":"C0DEED","id_str":"305061255","profile_background_color":"C0DEED","listed_count":1,"is_translation_enabled":false,"utc_offset":null,"statuses_count":8699,"description":"Belfast Huguenot","friends_count":481,"location":"","profile_link_color":"0084B4","profile_image_url":"http://pbs.twimg.com/profile_images/378800000273639854/dbea49cf64e165044fb9414103febcd2_normal.jpeg","following":false,"geo_enabled":true,"profile_banner_url":"https://pbs.twimg.com/profile_banners/305061255/1412432402","profile_background_image_url":"http://abs.twimg.com/images/themes/theme1/bg.png","name":"Dawson","lang":"en","profile_background_tile":false,"favourites_count":4314,"screen_name":"RudyardKipling7","notifications":false,"url":null,"created_at":"Wed May 25 15:37:13 +0000 2011","contributors_enabled":false,"time_zone":null,"protected":false,"default_profile":true,"is_translator":false},"geo":null,"in_reply_to_user_id_str":"2738397743","lang":"en","created_at":"Mon Dec 15 00:09:20 +0000 2014","in_reply_to_status_id_str":"544280397472088064","place":null},
{"contributors":null,"truncated":false,"text":"UPDATE: Opera House evacuated after suspicious package found. - @SkyNewsAust http://t.co/LoNBnYLtsM","in_reply_to_status_id":544280397472088064,"id":544286027868012544,"favorite_count":7,"source":"<a href=\"http://twitter.com/download/iphone\" rel=\"nofollow\">Twitter for iPhone</a>","retweeted":false,"coordinates":null,"entities":{"symbols":[],"user_mentions":[{"id":16834659,"indices":[64,76],"id_str":"16834659","screen_name":"SkyNewsAust","name":"Sky News Australia"}],"hashtags":[],"urls":[],"media":[{"expanded_url":"http://twitter.com/MajorNews911/status/544286027868012544/photo/1","display_url":"pic.twitter.com/LoNBnYLtsM","url":"http://t.co/LoNBnYLtsM","media_url_https":"https://pbs.twimg.com/media/B42xQNaCEAAxJyW.jpg","id_str":"544286022016569344","sizes":{"small":{"h":175,"resize":"fit","w":340},"large":{"h":300,"resize":"fit","w":582},"medium":{"h":300,"resize":"fit","w":582},"thumb":{"h":150,"resize":"crop","w":150}},"indices":[77,99],"type":"photo","id":544286022016569344,"media_url":"http://pbs.twimg.com/media/B42xQNaCEAAxJyW.jpg"}]},"in_reply_to_screen_name":"MajorNews911","id_str":"544286027868012544","retweet_count":62,"in_reply_to_user_id":2738397743,"favorited":false,"user":{"follow_request_sent":false,"profile_use_background_image":false,"profile_text_color":"000000","default_profile_image":false,"id":2738397743,"profile_background_image_url_https":"https://abs.twimg.com/images/themes/theme1/bg.png","verified":false,"profile_location":null,"profile_image_url_https":"https://pbs.twimg.com/profile_images/565888359906942976/fXMrkS0q_normal.jpeg","profile_sidebar_fill_color":"000000","entities":{"url":{"urls":[{"url":"http://t.co/4PzHBz9CHt","indices":[0,22],"expanded_url":"http://BreakingNews.com","display_url":"BreakingNews.com"}]},"description":{"urls":[]}},"followers_count":7523,"profile_sidebar_border_color":"000000","id_str":"2738397743","profile_background_color":"000000","listed_count":147,"is_translation_enabled":false,"utc_offset":-18000,"statuses_count":8090,"description":"@BreakingNews reporter. Number one for Developing, Breaking News.","friends_count":5343,"location":"","profile_link_color":"C40707","profile_image_url":"http://pbs.twimg.com/profile_images/565888359906942976/fXMrkS0q_normal.jpeg","following":false,"geo_enabled":true,"profile_banner_url":"https://pbs.twimg.com/profile_banners/2738397743/1417186266","profile_background_image_url":"http://abs.twimg.com/images/themes/theme1/bg.png","name":"G.Alexander(BRKNEWS)","lang":"en","profile_background_tile":false,"favourites_count":1195,"screen_name":"MajorNews911","notifications":false,"url":"http://t.co/4PzHBz9CHt","created_at":"Sat Aug 09 19:51:45 +0000 2014","contributors_enabled":false,"time_zone":"Eastern Time (US & Canada)","protected":false,"default_profile":false,"is_translator":false},"geo":null,"in_reply_to_user_id_str":"2738397743","possibly_sensitive":false,"lang":"en","created_at":"Mon Dec 15 00:21:16 +0000 2014","in_reply_to_status_id_str":"544280397472088064","place":null,"extended_entities":{"media":[{"expanded_url":"http://twitter.com/MajorNews911/status/544286027868012544/photo/1","display_url":"pic.twitter.com/LoNBnYLtsM","url":"http://t.co/LoNBnYLtsM","media_url_https":"https://pbs.twimg.com/media/B42xQNaCEAAxJyW.jpg","id_str":"544286022016569344","sizes":{"small":{"h":175,"resize":"fit","w":340},"large":{"h":300,"resize":"fit","w":582},"medium":{"h":300,"resize":"fit","w":582},"thumb":{"h":150,"resize":"crop","w":150}},"indices":[77,99],"type":"photo","id":544286022016569344,"media_url":"http://pbs.twimg.com/media/B42xQNaCEAAxJyW.jpg"}]}},
{"contributors":null,"truncated":false,"text":"RT @MajorNews911: #UPDATE: Opera House evacuated after suspicious package found. - @SkyNewsAust http://t.co/cvlNCH24Pv","in_reply_to_status_id":544286027868012544,"id":544286291098345472,"favorite_count":0,"source":"<a href=\"http://twitter.com/#!/download/ipad\" rel=\"nofollow\">Twitter for iPad</a>","retweeted":false,"coordinates":null,"entities":{"symbols":[],"user_mentions":[{"id":2738397743,"indices":[3,16],"id_str":"2738397743","screen_name":"MajorNews911","name":"G.Alexander(BRKNEWS)"},{"id":16834659,"indices":[83,95],"id_str":"16834659","screen_name":"SkyNewsAust","name":"Sky News Australia"}],"hashtags":[{"indices":[18,25],"text":"UPDATE"}],"urls":[],"media":[{"source_user_id":2738397743,"source_status_id_str":"544286027868012544","expanded_url":"http://twitter.com/MajorNews911/status/544286027868012544/photo/1","display_url":"pic.twitter.com/cvlNCH24Pv","url":"http://t.co/cvlNCH24Pv","media_url_https":"https://pbs.twimg.com/media/B42xQNaCEAAxJyW.jpg","source_user_id_str":"2738397743","source_status_id":544286027868012544,"id_str":"544286022016569344","sizes":{"small":{"h":175,"resize":"fit","w":340},"large":{"h":300,"resize":"fit","w":582},"medium":{"h":300,"resize":"fit","w":582},"thumb":{"h":150,"resize":"crop","w":150}},"indices":[96,118],"type":"photo","id":544286022016569344,"media_url":"http://pbs.twimg.com/media/B42xQNaCEAAxJyW.jpg"}]},"in_reply_to_screen_name":"MajorNews911","id_str":"544286291098345472","retweet_count":1,"in_reply_to_user_id":2738397743,"favorited":false,"user":{"follow_request_sent":false,"profile_use_background_image":true,"profile_text_color":"000000","default_profile_image":false,"id":50791051,"profile_background_image_url_https":"https://pbs.twimg.com/profile_background_images/104795389/breast-cancer-awareness.jpg","verified":false,"profile_location":null,"profile_image_url_https":"https://pbs.twimg.com/profile_images/927873815/f7f49435-0c29-4c9a-ad3f-cb1afa72d1b6_normal.png","profile_sidebar_fill_color":"FFABDC","entities":{"description":{"urls":[]}},"followers_count":4061,"profile_sidebar_border_color":"FFABDC","id_str":"50791051","profile_background_color":"7F0247","listed_count":152,"is_translation_enabled":false,"utc_offset":-18000,"statuses_count":106473,"description":"❤You got to dance like nobody is watching, Dream like you will live forever, Live like you are going to die tomorrow and Love like its never going to hurt.❤","friends_count":3314,"location":"iPhone: 0.000000,0.000000","profile_link_color":"7F0247","profile_image_url":"http://pbs.twimg.com/profile_images/927873815/f7f49435-0c29-4c9a-ad3f-cb1afa72d1b6_normal.png","following":false,"geo_enabled":false,"profile_background_image_url":"http://pbs.twimg.com/profile_background_images/104795389/breast-cancer-awareness.jpg","name":"Janice Dash","lang":"en","profile_background_tile":true,"favourites_count":940,"screen_name":"Trazlersgal","notifications":false,"url":null,"created_at":"Thu Jun 25 22:23:33 +0000 2009","contributors_enabled":false,"time_zone":"Eastern Time (US & Canada)","protected":false,"default_profile":false,"is_translator":false},"geo":null,"in_reply_to_user_id_str":"2738397743","possibly_sensitive":false,"lang":"en","created_at":"Mon Dec 15 00:22:18 +0000 2014","in_reply_to_status_id_str":"544286027868012544","place":null,"extended_entities":{"media":[{"source_user_id":2738397743,"source_status_id_str":"544286027868012544","expanded_url":"http://twitter.com/MajorNews911/status/544286027868012544/photo/1","display_url":"pic.twitter.com/cvlNCH24Pv","url":"http://t.co/cvlNCH24Pv","media_url_https":"https://pbs.twimg.com/media/B42xQNaCEAAxJyW.jpg","source_user_id_str":"2738397743","source_status_id":544286027868012544,"id_str":"544286022016569344","sizes":{"small":{"h":175,"resize":"fit","w":340},"large":{"h":300,"resize":"fit","w":582},"medium":{"h":300,"resize":"fit","w":582},"thumb":{"h":150,"resize":"crop","w":150}},"indices":[96,118],"type":"photo","id":544286022016569344,"media_url":"http://pbs.twimg.com/media/B42xQNaCEAAxJyW.jpg"}]}},
{"contributors":null,"truncated":false,"text":"NEW: PM statement on Sydney siege: 'Deeply concerning incident but Australia’s security agencies well equipped to deal with this.’ - 7News","in_reply_to_status_id":544286027868012544,"id":544290588150235137,"favorite_count":5,"source":"<a href=\"http://twitter.com/download/iphone\" rel=\"nofollow\">Twitter for iPhone</a>","retweeted":false,"coordinates":null,"entities":{"symbols":[],"user_mentions":[],"hashtags":[],"urls":[]},"in_reply_to_screen_name":"MajorNews911","id_str":"544290588150235137","retweet_count":13,"in_reply_to_user_id":2738397743,"favorited":false,"user":{"follow_request_sent":false,"profile_use_background_image":false,"profile_text_color":"000000","default_profile_image":false,"id":2738397743,"profile_background_image_url_https":"https://abs.twimg.com/images/themes/theme1/bg.png","verified":false,"profile_location":null,"profile_image_url_https":"https://pbs.twimg.com/profile_images/565888359906942976/fXMrkS0q_normal.jpeg","profile_sidebar_fill_color":"000000","entities":{"url":{"urls":[{"url":"http://t.co/4PzHBz9CHt","indices":[0,22],"expanded_url":"http://BreakingNews.com","display_url":"BreakingNews.com"}]},"description":{"urls":[]}},"followers_count":7523,"profile_sidebar_border_color":"000000","id_str":"2738397743","profile_background_color":"000000","listed_count":147,"is_translation_enabled":false,"utc_offset":-18000,"statuses_count":8090,"description":"@BreakingNews reporter. Number one for Developing, Breaking News.","friends_count":5343,"location":"","profile_link_color":"C40707","profile_image_url":"http://pbs.twimg.com/profile_images/565888359906942976/fXMrkS0q_normal.jpeg","following":false,"geo_enabled":true,"profile_banner_url":"https://pbs.twimg.com/profile_banners/2738397743/1417186266","profile_background_image_url":"http://abs.twimg.com/images/themes/theme1/bg.png","name":"G.Alexander(BRKNEWS)","lang":"en","profile_background_tile":false,"favourites_count":1195,"screen_name":"MajorNews911","notifications":false,"url":"http://t.co/4PzHBz9CHt","created_at":"Sat Aug 09 19:51:45 +0000 2014","contributors_enabled":false,"time_zone":"Eastern Time (US & Canada)","protected":false,"default_profile":false,"is_translator":false},"geo":null,"in_reply_to_user_id_str":"2738397743","lang":"en","created_at":"Mon Dec 15 00:39:23 +0000 2014","in_reply_to_status_id_str":"544286027868012544","place":null},
{"contributors":null,"truncated":false,"text":"@MajorNews911 if aus's security agency is so good why didn't they detect these bastards sooner?","in_reply_to_status_id":544290588150235137,"id":544294665827004417,"favorite_count":0,"source":"<a href=\"http://twitter.com/download/iphone\" rel=\"nofollow\">Twitter for iPhone</a>","retweeted":false,"coordinates":null,"entities":{"symbols":[],"user_mentions":[{"id":2738397743,"indices":[0,13],"id_str":"2738397743","screen_name":"MajorNews911","name":"G.Alexander(BRKNEWS)"}],"hashtags":[],"urls":[]},"in_reply_to_screen_name":"MajorNews911","id_str":"544294665827004417","retweet_count":0,"in_reply_to_user_id":2738397743,"favorited":false,"user":{"follow_request_sent":false,"profile_use_background_image":true,"profile_text_color":"333333","default_profile_image":false,"id":2834748828,"profile_background_image_url_https":"https://abs.twimg.com/images/themes/theme1/bg.png","verified":false,"profile_location":null,"profile_image_url_https":"https://pbs.twimg.com/profile_images/584350960648003584/LziJZ5Rr_normal.jpg","profile_sidebar_fill_color":"DDEEF6","entities":{"description":{"urls":[]}},"followers_count":101,"profile_sidebar_border_color":"C0DEED","id_str":"2834748828","profile_background_color":"C0DEED","listed_count":1,"is_translation_enabled":false,"utc_offset":null,"statuses_count":1998,"description":"Mum of 4 beautiful girls. Brings second hand back to life, photographer of the strange & unusual","friends_count":405,"location":"Dawesville, Western Australia","profile_link_color":"0084B4","profile_image_url":"http://pbs.twimg.com/profile_images/584350960648003584/LziJZ5Rr_normal.jpg","following":false,"geo_enabled":false,"profile_banner_url":"https://pbs.twimg.com/profile_banners/2834748828/1417970688","profile_background_image_url":"http://abs.twimg.com/images/themes/theme1/bg.png","name":"Dawn Kim Stancer","lang":"en-gb","profile_background_tile":false,"favourites_count":1902,"screen_name":"dawnieS65","notifications":false,"url":null,"created_at":"Sun Sep 28 07:14:34 +0000 2014","contributors_enabled":false,"time_zone":null,"protected":false,"default_profile":true,"is_translator":false},"geo":null,"in_reply_to_user_id_str":"2738397743","lang":"en","created_at":"Mon Dec 15 00:55:35 +0000 2014","in_reply_to_status_id_str":"544290588150235137","place":null},
{"contributors":null,"truncated":false,"text":"@MajorNews911 @7NewsSydney Identical? Imagine that..\nOh but wait, the I does not stand for ISLAMIC does it?\n&gt;;-)","in_reply_to_status_id":544280397472088064,"id":544298122290409472,"favorite_count":0,"source":"<a href=\"http://twitter.com\" rel=\"nofollow\">Twitter Web Client</a>","retweeted":false,"coordinates":null,"entities":{"symbols":[],"user_mentions":[{"id":2738397743,"indices":[0,13],"id_str":"2738397743","screen_name":"MajorNews911","name":"G.Alexander(BRKNEWS)"},{"id":156464691,"indices":[14,26],"id_str":"156464691","screen_name":"7NewsSydney","name":"7 News Sydney"}],"hashtags":[],"urls":[]},"in_reply_to_screen_name":"MajorNews911","id_str":"544298122290409472","retweet_count":0,"in_reply_to_user_id":2738397743,"favorited":false,"user":{"follow_request_sent":false,"profile_use_background_image":true,"profile_text_color":"333333","default_profile_image":false,"id":465790247,"profile_background_image_url_https":"https://abs.twimg.com/images/themes/theme1/bg.png","verified":false,"profile_location":null,"profile_image_url_https":"https://pbs.twimg.com/profile_images/554457287444533248/ajMhMUb__normal.png","profile_sidebar_fill_color":"DDEEF6","entities":{"description":{"urls":[]}},"followers_count":2052,"profile_sidebar_border_color":"C0DEED","id_str":"465790247","profile_background_color":"C0DEED","listed_count":19,"is_translation_enabled":false,"utc_offset":null,"statuses_count":19237,"description":"Constitutional conservative -\nNavy brat - former Navy line officer. Pro-Life - Pro-Israel - NRA Member -  Saved by the Blood of the Lamb","friends_count":1835,"location":"","profile_link_color":"0084B4","profile_image_url":"http://pbs.twimg.com/profile_images/554457287444533248/ajMhMUb__normal.png","following":false,"geo_enabled":false,"profile_banner_url":"https://pbs.twimg.com/profile_banners/465790247/1408242576","profile_background_image_url":"http://abs.twimg.com/images/themes/theme1/bg.png","name":"Black_Raven135","lang":"en","profile_background_tile":false,"favourites_count":2192,"screen_name":"RosaleeAdams","notifications":false,"url":null,"created_at":"Mon Jan 16 18:54:51 +0000 2012","contributors_enabled":false,"time_zone":null,"protected":false,"default_profile":true,"is_translator":false},"geo":null,"in_reply_to_user_id_str":"2738397743","lang":"en","created_at":"Mon Dec 15 01:09:19 +0000 2014","in_reply_to_status_id_str":"544280397472088064","place":null},
{"contributors":null,"truncated":false,"text":"@MajorNews911 @Serg_Ovalle @SkyNewsAust U R I B E ´S    FAULT","in_reply_to_status_id":544286027868012544,"id":544309568088838144,"favorite_count":0,"source":"<a href=\"http://twitter.com\" rel=\"nofollow\">Twitter Web Client</a>","retweeted":false,"coordinates":null,"entities":{"symbols":[],"user_mentions":[{"id":2738397743,"indices":[0,13],"id_str":"2738397743","screen_name":"MajorNews911","name":"G.Alexander(BRKNEWS)"},{"id":2182936730,"indices":[14,26],"id_str":"2182936730","screen_name":"Serg_Ovalle","name":"Sergio Andres "},{"id":16834659,"indices":[27,39],"id_str":"16834659","screen_name":"SkyNewsAust","name":"Sky News Australia"}],"hashtags":[],"urls":[]},"in_reply_to_screen_name":"MajorNews911","id_str":"544309568088838144","retweet_count":0,"in_reply_to_user_id":2738397743,"favorited":false,"user":{"follow_request_sent":false,"profile_use_background_image":true,"profile_text_color":"3E4415","default_profile_image":false,"id":331441395,"profile_background_image_url_https":"https://abs.twimg.com/images/themes/theme5/bg.gif","verified":false,"profile_location":null,"profile_image_url_https":"https://pbs.twimg.com/profile_images/543596187408793601/eLD7OjV1_normal.png","profile_sidebar_fill_color":"99CC33","entities":{"description":{"urls":[]}},"followers_count":2309,"profile_sidebar_border_color":"829D5E","id_str":"331441395","profile_background_color":"352726","listed_count":4,"is_translation_enabled":false,"utc_offset":-21600,"statuses_count":3777,"description":"Misógino al revés. La donna è la più bella. Ammiratore eterna delle femmine. Amare via twitter. Nessun cattive intenzioni.","friends_count":2033,"location":"Medellín, Colombia","profile_link_color":"CF3F2C","profile_image_url":"http://pbs.twimg.com/profile_images/543596187408793601/eLD7OjV1_normal.png","following":false,"geo_enabled":false,"profile_banner_url":"https://pbs.twimg.com/profile_banners/331441395/1418439336","profile_background_image_url":"http://abs.twimg.com/images/themes/theme5/bg.gif","name":"AdiósMundoCruel","lang":"en","profile_background_tile":false,"favourites_count":848,"screen_name":"UnHumanoComun","notifications":false,"url":null,"created_at":"Fri Jul 08 05:21:57 +0000 2011","contributors_enabled":false,"time_zone":"Central Time (US & Canada)","protected":false,"default_profile":false,"is_translator":false},"geo":null,"in_reply_to_user_id_str":"2738397743","lang":"en","created_at":"Mon Dec 15 01:54:48 +0000 2014","in_reply_to_status_id_str":"544286027868012544","place":null},
{"contributors":null,"truncated":false,"text":"@MajorNews911 @blackrepublican @7NewsSydney it's called #IslamicTerrorism #SydenySiege","in_reply_to_status_id":544280397472088064,"id":544337246841626624,"favorite_count":0,"source":"<a href=\"http://twitter.com/download/iphone\" rel=\"nofollow\">Twitter for iPhone</a>","retweeted":false,"coordinates":null,"entities":{"symbols":[],"user_mentions":[{"id":2738397743,"indices":[0,13],"id_str":"2738397743","screen_name":"MajorNews911","name":"G.Alexander(BRKNEWS)"},{"id":18294521,"indices":[14,30],"id_str":"18294521","screen_name":"blackrepublican","name":"Ξ BLACK REPUBLICAN Ξ"},{"id":156464691,"indices":[31,43],"id_str":"156464691","screen_name":"7NewsSydney","name":"7 News Sydney"}],"hashtags":[{"indices":[56,73],"text":"IslamicTerrorism"},{"indices":[74,86],"text":"SydenySiege"}],"urls":[]},"in_reply_to_screen_name":"MajorNews911","id_str":"544337246841626624","retweet_count":0,"in_reply_to_user_id":2738397743,"favorited":false,"user":{"follow_request_sent":false,"profile_use_background_image":true,"profile_text_color":"333333","default_profile_image":false,"id":448510528,"profile_background_image_url_https":"https://abs.twimg.com/images/themes/theme1/bg.png","verified":false,"profile_location":null,"profile_image_url_https":"https://pbs.twimg.com/profile_images/586543967279251457/9AUDIw3j_normal.jpg","profile_sidebar_fill_color":"DDEEF6","entities":{"url":{"urls":[{"url":"http://t.co/3x53SWaFwq","indices":[0,22],"expanded_url":"http://InGodWeTrust.com","display_url":"InGodWeTrust.com"}]},"description":{"urls":[]}},"followers_count":1086,"profile_sidebar_border_color":"C0DEED","id_str":"448510528","profile_background_color":"C0DEED","listed_count":8,"is_translation_enabled":false,"utc_offset":null,"statuses_count":4400,"description":"Conservative- American Patriot•Pro Israel &2A #IAMJOHNGALT","friends_count":1365,"location":"AMERICA","profile_link_color":"0084B4","profile_image_url":"http://pbs.twimg.com/profile_images/586543967279251457/9AUDIw3j_normal.jpg","following":false,"geo_enabled":false,"profile_banner_url":"https://pbs.twimg.com/profile_banners/448510528/1417007314","profile_background_image_url":"http://abs.twimg.com/images/themes/theme1/bg.png","name":"DagnyRed ن","lang":"en","profile_background_tile":false,"favourites_count":175,"screen_name":"DagnyRed","notifications":false,"url":"http://t.co/3x53SWaFwq","created_at":"Wed Dec 28 02:43:20 +0000 2011","contributors_enabled":false,"time_zone":null,"protected":false,"default_profile":true,"is_translator":false},"geo":null,"in_reply_to_user_id_str":"2738397743","lang":"en","created_at":"Mon Dec 15 03:44:47 +0000 2014","in_reply_to_status_id_str":"544280397472088064","place":null},
{"contributors":null,"truncated":false,"text":"@MajorNews911 @AfghanJourno @7NewsSydney good drama! V saw these b4 agnst iraq Afghanistan and in swat for preparation of ground suport!!!","in_reply_to_status_id":544280397472088064,"id":544338960785235968,"favorite_count":0,"source":"<a href=\"http://twitter.com/download/android\" rel=\"nofollow\">Twitter for Android</a>","retweeted":false,"coordinates":null,"entities":{"symbols":[],"user_mentions":[{"id":2738397743,"indices":[0,13],"id_str":"2738397743","screen_name":"MajorNews911","name":"G.Alexander(BRKNEWS)"},{"id":140833842,"indices":[14,27],"id_str":"140833842","screen_name":"AfghanJourno","name":"Malik Achakzai"},{"id":156464691,"indices":[28,40],"id_str":"156464691","screen_name":"7NewsSydney","name":"7 News Sydney"}],"hashtags":[],"urls":[]},"in_reply_to_screen_name":"MajorNews911","id_str":"544338960785235968","retweet_count":0,"in_reply_to_user_id":2738397743,"favorited":false,"user":{"follow_request_sent":false,"profile_use_background_image":true,"profile_text_color":"333333","default_profile_image":false,"id":624485062,"profile_background_image_url_https":"https://abs.twimg.com/images/themes/theme1/bg.png","verified":false,"profile_location":null,"profile_image_url_https":"https://pbs.twimg.com/profile_images/2537985778/uL86GimL_normal","profile_sidebar_fill_color":"DDEEF6","entities":{"url":{"urls":[{"url":"http://t.co/gBbzlwdkiR","indices":[0,22],"expanded_url":"http://www.youtube.com/watch?v=xIiQ_-YQ42o&feature=youtube_gdata_player","display_url":"youtube.com/watch?v=xIiQ_-…"}]},"description":{"urls":[]}},"followers_count":212,"profile_sidebar_border_color":"C0DEED","id_str":"624485062","profile_background_color":"C0DEED","listed_count":4,"is_translation_enabled":false,"utc_offset":null,"statuses_count":17532,"description":"","friends_count":611,"location":"hatta","profile_link_color":"0084B4","profile_image_url":"http://pbs.twimg.com/profile_images/2537985778/uL86GimL_normal","following":false,"geo_enabled":true,"profile_background_image_url":"http://abs.twimg.com/images/themes/theme1/bg.png","name":"mashalkhan","lang":"en","profile_background_tile":false,"favourites_count":1620,"screen_name":"mashalalko33","notifications":false,"url":"http://t.co/gBbzlwdkiR","created_at":"Mon Jul 02 08:18:12 +0000 2012","contributors_enabled":false,"time_zone":null,"protected":false,"default_profile":true,"is_translator":false},"geo":null,"in_reply_to_user_id_str":"2738397743","lang":"en","created_at":"Mon Dec 15 03:51:36 +0000 2014","in_reply_to_status_id_str":"544280397472088064","place":null}
]