[{"contributors":null,"truncated":false,"text":"@ABC #religionofpeace","in_reply_to_status_id":544293783702364162,"id":544294239136260096,"favorite_count":1,"source":"<a href=\"http://twitter.com/download/android\" rel=\"nofollow\">Twitter for Android</a>","retweeted":false,"coordinates":null,"entities":{"symbols":[],"user_mentions":[{"id":28785486,"indices":[0,4],"id_str":"28785486","screen_name":"ABC","name":"ABC News"}],"hashtags":[{"indices":[5,21],"text":"religionofpeace"}],"urls":[]},"in_reply_to_screen_name":"ABC","id_str":"544294239136260096","retweet_count":0,"in_reply_to_user_id":28785486,"favorited":false,"user":{"follow_request_sent":false,"profile_use_background_image":true,"profile_text_color":"333333","default_profile_image":false,"id":199946738,"profile_background_image_url_https":"https://abs.twimg.com/images/themes/theme1/bg.png","verified":false,"profile_location":null,"profile_image_url_https":"https://pbs.twimg.com/profile_images/528776903042142208/KzJAXPEH_normal.jpeg","profile_sidebar_fill_color":"DDEEF6","entities":{"description":{"urls":[]}},"followers_count":111,"profile_sidebar_border_color":"C0DEED","id_str":"199946738","profile_background_color":"C0DEED","listed_count":3,"is_translation_enabled":false,"utc_offset":-28800,"statuses_count":2683,"description":"The Radio Scanner stays...You go. Information obtained from the scanner is not absolute and final. Use the info with caution.","friends_count":271,"location":"Los Angeles","profile_link_color":"0084B4","profile_image_url":"http://pbs.twimg.com/profile_images/528776903042142208/KzJAXPEH_normal.jpeg","following":false,"geo_enabled":true,"profile_background_image_url":"http://abs.twimg.com/images/themes/theme1/bg.png","name":"Chris&Anita","lang":"en","profile_background_tile":false,"favourites_count":608,"screen_name":"Chrisnanita","notifications":false,"url":null,"created_at":"Fri Oct 08 02:43:33 +0000 2010","contributors_enabled":false,"time_zone":"Pacific Time (US & Canada)","protected":false,"default_profile":true,"is_translator":false},"geo":null,"in_reply_to_user_id_str":"28785486","lang":"und","created_at":"Mon Dec 15 00:53:53 +0000 2014","in_reply_to_status_id_str":"544293783702364162","place":null},
{"contributors":null,"truncated":false,"text":"@ABC take him out","in_reply_to_status_id":544293783702364162,"id":544294378815377409,"favorite_count":0,"source":"<a href=\"http://twitter.com/download/iphone\" rel=\"nofollow\">Twitter for iPhone</a>","retweeted":false,"coordinates":{"type":"Point","coordinates":[-83.18605067,42.18353247]},"entities":{"symbols":[],"user_mentions":[{"id":28785486,"indices":[0,4],"id_str":"28785486","screen_name":"ABC","name":"ABC News"}],"hashtags":[],"urls":[]},"in_reply_to_screen_name":"ABC","id_str":"544294378815377409","retweet_count":0,"in_reply_to_user_id":28785486,"favorited":false,"user":{"follow_request_sent":false,"profile_use_background_image":true,"profile_text_color":"3C3940","default_profile_image":false,"id":169772193,"profile_background_image_url_https":"https://pbs.twimg.com/profile_background_images/456565945150865408/kvYA2ozw.jpeg","verified":false,"profile_location":null,"profile_image_url_https":"https://pbs.twimg.com/profile_images/589474359015800834/qMvFG5Is_normal.jpg","profile_sidebar_fill_color":"95E8EC","entities":{"description":{"urls":[]}},"followers_count":870,"profile_sidebar_border_color":"FFFFFF","id_str":"169772193","profile_background_color":"000000","listed_count":10,"is_translation_enabled":false,"utc_offset":-18000,"statuses_count":151682,"description":"Free 3 #NullandVoid","friends_count":12,"location":"The Motor City","profile_link_color":"000000","profile_image_url":"http://pbs.twimg.com/profile_images/589474359015800834/qMvFG5Is_normal.jpg","following":false,"geo_enabled":true,"profile_banner_url":"https://pbs.twimg.com/profile_banners/169772193/1418880225","profile_background_image_url":"http://pbs.twimg.com/profile_background_images/456565945150865408/kvYA2ozw.jpeg","name":"Hendricks Taylor Jr.","lang":"en","profile_background_tile":true,"favourites_count":5480,"screen_name":"BigBoss861988","notifications":false,"url":null,"created_at":"Fri Jul 23 03:40:57 +0000 2010","contributors_enabled":false,"time_zone":"Eastern Time (US & Canada)","protected":false,"default_profile":false,"is_translator":false},"geo":{"type":"Point","coordinates":[42.18353247,-83.18605067]},"in_reply_to_user_id_str":"28785486","lang":"en","created_at":"Mon Dec 15 00:54:27 +0000 2014","in_reply_to_status_id_str":"544293783702364162","place":{"full_name":"Riverview, MI","url":"https://api.twitter.com/1.1/geo/id/4dba0f986b3262ee.json","country":"United States","place_type":"city","bounding_box":{"type":"Polygon","coordinates":[[[-83.21789,42.1552808],[-83.154223,42.1552808],[-83.154223,42.185302],[-83.21789,42.185302]]]},"contained_within":[],"country_code":"US","attributes":{},"id":"4dba0f986b3262ee","name":"Riverview"}},
{"contributors":null,"truncated":false,"text":"@ABC no no no","in_reply_to_status_id":544293783702364162,"id":544294432397594625,"favorite_count":0,"source":"<a href=\"http://twitter.com/download/iphone\" rel=\"nofollow\">Twitter for iPhone</a>","retweeted":false,"coordinates":{"type":"Point","coordinates":[-83.18618085,42.1835106]},"entities":{"symbols":[],"user_mentions":[{"id":28785486,"indices":[0,4],"id_str":"28785486","screen_name":"ABC","name":"ABC News"}],"hashtags":[],"urls":[]},"in_reply_to_screen_name":"ABC","id_str":"544294432397594625","retweet_count":0,"in_reply_to_user_id":28785486,"favorited":false,"user":{"follow_request_sent":false,"profile_use_background_image":true,"profile_text_color":"3C3940","default_profile_image":false,"id":169772193,"profile_background_image_url_https":"https://pbs.twimg.com/profile_background_images/456565945150865408/kvYA2ozw.jpeg","verified":false,"profile_location":null,"profile_image_url_https":"https://pbs.twimg.com/profile_images/589474359015800834/qMvFG5Is_normal.jpg","profile_sidebar_fill_color":"95E8EC","entities":{"description":{"urls":[]}},"followers_count":870,"profile_sidebar_border_color":"FFFFFF","id_str":"169772193","profile_background_color":"000000","listed_count":10,"is_translation_enabled":false,"utc_offset":-18000,"statuses_count":151682,"description":"Free 3 #NullandVoid","friends_count":12,"location":"The Motor City","profile_link_color":"000000","profile_image_url":"http://pbs.twimg.com/profile_images/589474359015800834/qMvFG5Is_normal.jpg","following":false,"geo_enabled":true,"profile_banner_url":"https://pbs.twimg.com/profile_banners/169772193/1418880225","profile_background_image_url":"http://pbs.twimg.com/profile_background_images/456565945150865408/kvYA2ozw.jpeg","name":"Hendricks Taylor Jr.","lang":"en","profile_background_tile":true,"favourites_count":5480,"screen_name":"BigBoss861988","notifications":false,"url":null,"created_at":"Fri Jul 23 03:40:57 +0000 2010","contributors_enabled":false,"time_zone":"Eastern Time (US & Canada)","protected":false,"default_profile":false,"is_translator":false},"geo":{"type":"Point","coordinates":[42.1835106,-83.18618085]},"in_reply_to_user_id_str":"28785486","lang":"es","created_at":"Mon Dec 15 00:54:39 +0000 2014","in_reply_to_status_id_str":"544293783702364162","place":{"full_name":"Riverview, MI","url":"https://api.twitter.com/1.1/geo/id/4dba0f986b3262ee.json","country":"United States","place_type":"city","bounding_box":{"type":"Polygon","coordinates":[[[-83.21789,42.1552808],[-83.154223,42.1552808],[-83.154223,42.185302],[-83.21789,42.185302]]]},"contained_within":[],"country_code":"US","attributes":{},"id":"4dba0f986b3262ee","name":"Riverview"}},
{"contributors":null,"truncated":false,"text":"“@ABC Australian PM Abbott: Police dealing w/\"reported hostage-taking incident\" in Sydney's bus. district - http://t.co/C4hr8QYGgB” FUCK!","in_reply_to_status_id":544293783702364162,"id":544294500139794432,"favorite_count":0,"source":"<a href=\"http://twitter.com/download/iphone\" rel=\"nofollow\">Twitter for iPhone</a>","retweeted":false,"coordinates":null,"entities":{"symbols":[],"user_mentions":[{"id":28785486,"indices":[1,5],"id_str":"28785486","screen_name":"ABC","name":"ABC News"}],"hashtags":[],"urls":[{"url":"http://t.co/C4hr8QYGgB","indices":[108,130],"expanded_url":"http://abcn.ws/16mTA5y","display_url":"abcn.ws/16mTA5y"}]},"in_reply_to_screen_name":"ABC","id_str":"544294500139794432","retweet_count":0,"in_reply_to_user_id":28785486,"favorited":false,"user":{"follow_request_sent":false,"profile_use_background_image":true,"profile_text_color":"333333","default_profile_image":false,"id":260239302,"profile_background_image_url_https":"https://abs.twimg.com/images/themes/theme7/bg.gif","verified":false,"profile_location":null,"profile_image_url_https":"https://pbs.twimg.com/profile_images/491031513899618306/OMoPIuGF_normal.jpeg","profile_sidebar_fill_color":"F3F3F3","entities":{"description":{"urls":[]}},"followers_count":229,"profile_sidebar_border_color":"DFDFDF","id_str":"260239302","profile_background_color":"EBEBEB","listed_count":3,"is_translation_enabled":false,"utc_offset":null,"statuses_count":2564,"description":"Full-time dad, interior designer, Betty Crocker 2.0, preparing my hostile takeover of the Martha Stewart empire.","friends_count":531,"location":"Oswego,IL","profile_link_color":"990000","profile_image_url":"http://pbs.twimg.com/profile_images/491031513899618306/OMoPIuGF_normal.jpeg","following":false,"geo_enabled":false,"profile_banner_url":"https://pbs.twimg.com/profile_banners/260239302/1370521199","profile_background_image_url":"http://abs.twimg.com/images/themes/theme7/bg.gif","name":"Brian","lang":"en","profile_background_tile":false,"favourites_count":811,"screen_name":"DesignDad","notifications":false,"url":null,"created_at":"Thu Mar 03 13:48:47 +0000 2011","contributors_enabled":false,"time_zone":null,"protected":false,"default_profile":false,"is_translator":false},"geo":null,"in_reply_to_user_id_str":"28785486","possibly_sensitive":false,"lang":"en","created_at":"Mon Dec 15 00:54:55 +0000 2014","in_reply_to_status_id_str":"544293783702364162","place":null},
{"contributors":null,"truncated":false,"text":"@ABC","in_reply_to_status_id":544293783702364162,"id":544294627361443841,"favorite_count":0,"source":"<a href=\"http://twitter.com/download/android\" rel=\"nofollow\">Twitter for Android</a>","retweeted":false,"coordinates":null,"entities":{"symbols":[],"user_mentions":[{"id":28785486,"indices":[0,4],"id_str":"28785486","screen_name":"ABC","name":"ABC News"}],"hashtags":[],"urls":[]},"in_reply_to_screen_name":"ABC","id_str":"544294627361443841","retweet_count":0,"in_reply_to_user_id":28785486,"favorited":false,"user":{"follow_request_sent":false,"profile_use_background_image":false,"profile_text_color":"000000","default_profile_image":false,"id":2723735572,"profile_background_image_url_https":"https://abs.twimg.com/images/themes/theme1/bg.png","verified":false,"profile_location":null,"profile_image_url_https":"https://pbs.twimg.com/profile_images/578997534573666304/DMNGE9LV_normal.jpeg","profile_sidebar_fill_color":"000000","entities":{"url":{"urls":[{"url":"http://t.co/oV5ySdeVc7","indices":[0,22],"expanded_url":"http://FaithBased92.wordpress.com","display_url":"FaithBased92.wordpress.com"}]},"description":{"urls":[]}},"followers_count":420,"profile_sidebar_border_color":"000000","id_str":"2723735572","profile_background_color":"000000","listed_count":5,"is_translation_enabled":false,"utc_offset":null,"statuses_count":32357,"description":"Favorite/RT doesn't mean I agree with tweet. Who is like the Lord? In Him I stand, and whom shall I fear?","friends_count":142,"location":"","profile_link_color":"085C00","profile_image_url":"http://pbs.twimg.com/profile_images/578997534573666304/DMNGE9LV_normal.jpeg","following":false,"geo_enabled":false,"profile_banner_url":"https://pbs.twimg.com/profile_banners/2723735572/1412992099","profile_background_image_url":"http://abs.twimg.com/images/themes/theme1/bg.png","name":"FaithBased","lang":"en","profile_background_tile":false,"favourites_count":3674,"screen_name":"FaithBased92","notifications":false,"url":"http://t.co/oV5ySdeVc7","created_at":"Fri Jul 25 02:07:28 +0000 2014","contributors_enabled":false,"time_zone":null,"protected":false,"default_profile":false,"is_translator":false},"geo":null,"in_reply_to_user_id_str":"28785486","lang":"und","created_at":"Mon Dec 15 00:55:26 +0000 2014","in_reply_to_status_id_str":"544293783702364162","place":null},
{"contributors":null,"truncated":false,"text":"@ABC The religion of peace strikes again. Hey Australia, how those anti gun laws working out?","in_reply_to_status_id":544293783702364162,"id":544297295865339905,"favorite_count":0,"source":"<a href=\"http://twitter.com/download/iphone\" rel=\"nofollow\">Twitter for iPhone</a>","retweeted":false,"coordinates":null,"entities":{"symbols":[],"user_mentions":[{"id":28785486,"indices":[0,4],"id_str":"28785486","screen_name":"ABC","name":"ABC News"}],"hashtags":[],"urls":[]},"in_reply_to_screen_name":"ABC","id_str":"544297295865339905","retweet_count":0,"in_reply_to_user_id":28785486,"favorited":false,"user":{"follow_request_sent":false,"profile_use_background_image":true,"profile_text_color":"333333","default_profile_image":false,"id":1149353412,"profile_background_image_url_https":"https://abs.twimg.com/images/themes/theme1/bg.png","verified":false,"profile_location":null,"profile_image_url_https":"https://pbs.twimg.com/profile_images/506814444886695937/AMpKJUz7_normal.jpeg","profile_sidebar_fill_color":"DDEEF6","entities":{"description":{"urls":[]}},"followers_count":275,"profile_sidebar_border_color":"C0DEED","id_str":"1149353412","profile_background_color":"C0DEED","listed_count":3,"is_translation_enabled":false,"utc_offset":null,"statuses_count":5387,"description":"","friends_count":419,"location":"","profile_link_color":"0084B4","profile_image_url":"http://pbs.twimg.com/profile_images/506814444886695937/AMpKJUz7_normal.jpeg","following":false,"geo_enabled":false,"profile_banner_url":"https://pbs.twimg.com/profile_banners/1149353412/1368557491","profile_background_image_url":"http://abs.twimg.com/images/themes/theme1/bg.png","name":"Ozetty","lang":"en","profile_background_tile":false,"favourites_count":2641,"screen_name":"Ozetty","notifications":false,"url":null,"created_at":"Mon Feb 04 23:37:31 +0000 2013","contributors_enabled":false,"time_zone":null,"protected":false,"default_profile":true,"is_translator":false},"geo":null,"in_reply_to_user_id_str":"28785486","lang":"en","created_at":"Mon Dec 15 01:06:02 +0000 2014","in_reply_to_status_id_str":"544293783702364162","place":null},
{"contributors":null,"truncated":false,"text":"@ABC \nKindly call your Army and Navy seals ... \nthese are deadly ISLAMIC terrorists who BLOW themselves ..","in_reply_to_status_id":544293783702364162,"id":544297898121252864,"favorite_count":0,"source":"<a href=\"http://twitter.com\" rel=\"nofollow\">Twitter Web Client</a>","retweeted":false,"coordinates":null,"entities":{"symbols":[],"user_mentions":[{"id":28785486,"indices":[0,4],"id_str":"28785486","screen_name":"ABC","name":"ABC News"}],"hashtags":[],"urls":[]},"in_reply_to_screen_name":"ABC","id_str":"544297898121252864","retweet_count":0,"in_reply_to_user_id":28785486,"favorited":false,"user":{"follow_request_sent":false,"profile_use_background_image":true,"profile_text_color":"333333","default_profile_image":false,"id":79802631,"profile_background_image_url_https":"https://pbs.twimg.com/profile_background_images/689967490/57dc57b653a14dfde02a84cc7b50d11e.jpeg","verified":false,"profile_location":null,"profile_image_url_https":"https://pbs.twimg.com/profile_images/502776032911310849/IJEu5Yw-_normal.jpeg","profile_sidebar_fill_color":"EFEFEF","entities":{"url":{"urls":[{"url":"http://t.co/g0jxdxKy38","indices":[0,22],"expanded_url":"http://www.youtube.com/user/threefortyfive?feature=mhee","display_url":"youtube.com/user/threefort…"}]},"description":{"urls":[]}},"followers_count":1144,"profile_sidebar_border_color":"FFFFFF","id_str":"79802631","profile_background_color":"131516","listed_count":14,"is_translation_enabled":false,"utc_offset":19800,"statuses_count":128289,"description":"|| श्रीमान एक्स परिस्थितियों में ||\r\n|| सत्यम शिवम् सुन्दरम ||\r\n|| जो व्याख्या से परे हैं वह ही राम हैं ||\r\nहिन्दू धरम के सामान उच्च कोई धरम नहीं है","friends_count":1999,"location":"India","profile_link_color":"009999","profile_image_url":"http://pbs.twimg.com/profile_images/502776032911310849/IJEu5Yw-_normal.jpeg","following":false,"geo_enabled":false,"profile_banner_url":"https://pbs.twimg.com/profile_banners/79802631/1412945322","profile_background_image_url":"http://pbs.twimg.com/profile_background_images/689967490/57dc57b653a14dfde02a84cc7b50d11e.jpeg","name":"Mr. X in Situations ","lang":"en","profile_background_tile":false,"favourites_count":127032,"screen_name":"peeyushmalhotra","notifications":false,"url":"http://t.co/g0jxdxKy38","created_at":"Sun Oct 04 18:55:01 +0000 2009","contributors_enabled":false,"time_zone":"Chennai","protected":false,"default_profile":false,"is_translator":false},"geo":null,"in_reply_to_user_id_str":"28785486","lang":"en","created_at":"Mon Dec 15 01:08:26 +0000 2014","in_reply_to_status_id_str":"544293783702364162","place":null},
{"contributors":null,"truncated":false,"text":"@ABC","in_reply_to_status_id":544293783702364162,"id":544315278965080064,"favorite_count":0,"source":"<a href=\"http://twitter.com/download/android\" rel=\"nofollow\">Twitter for Android</a>","retweeted":false,"coordinates":null,"entities":{"symbols":[],"user_mentions":[{"id":28785486,"indices":[0,4],"id_str":"28785486","screen_name":"ABC","name":"ABC News"}],"hashtags":[],"urls":[]},"in_reply_to_screen_name":"ABC","id_str":"544315278965080064","retweet_count":0,"in_reply_to_user_id":28785486,"favorited":false,"user":{"follow_request_sent":false,"profile_use_background_image":true,"profile_text_color":"333333","default_profile_image":false,"id":2915935225,"profile_background_image_url_https":"https://abs.twimg.com/images/themes/theme1/bg.png","verified":false,"profile_location":null,"profile_image_url_https":"https://pbs.twimg.com/profile_images/539502460600328192/tsaJAXr6_normal.jpeg","profile_sidebar_fill_color":"DDEEF6","entities":{"description":{"urls":[]}},"followers_count":3,"profile_sidebar_border_color":"C0DEED","id_str":"2915935225","profile_background_color":"C0DEED","listed_count":0,"is_translation_enabled":false,"utc_offset":null,"statuses_count":2,"description":"","friends_count":11,"location":"","profile_link_color":"0084B4","profile_image_url":"http://pbs.twimg.com/profile_images/539502460600328192/tsaJAXr6_normal.jpeg","following":false,"geo_enabled":false,"profile_background_image_url":"http://abs.twimg.com/images/themes/theme1/bg.png","name":"Ron Boogay","lang":"en","profile_background_tile":false,"favourites_count":6,"screen_name":"RBoogay","notifications":false,"url":null,"created_at":"Mon Dec 01 19:32:38 +0000 2014","contributors_enabled":false,"time_zone":null,"protected":false,"default_profile":true,"is_translator":false},"geo":null,"in_reply_to_user_id_str":"28785486","lang":"und","created_at":"Mon Dec 15 02:17:30 +0000 2014","in_reply_to_status_id_str":"544293783702364162","place":null}
]