[{"contributors":null,"truncated":false,"text":"@brianstelter Live feed just been cut for security reasons apparently.","in_reply_to_status_id":544277650714677249,"id":544277961415745536,"favorite_count":1,"source":"<a href=\"https://about.twitter.com/products/tweetdeck\" rel=\"nofollow\">TweetDeck</a>","retweeted":false,"coordinates":null,"entities":{"symbols":[],"user_mentions":[{"id":14515799,"indices":[0,13],"id_str":"14515799","screen_name":"brianstelter","name":"Brian Stelter"}],"hashtags":[],"urls":[]},"in_reply_to_screen_name":"brianstelter","id_str":"544277961415745536","retweet_count":4,"in_reply_to_user_id":14515799,"favorited":false,"user":{"follow_request_sent":false,"profile_use_background_image":true,"profile_text_color":"333333","default_profile_image":false,"id":15374715,"profile_background_image_url_https":"https://abs.twimg.com/images/themes/theme15/bg.png","verified":false,"profile_location":null,"profile_image_url_https":"https://pbs.twimg.com/profile_images/569499402645958656/_g6cx3yf_normal.jpeg","profile_sidebar_fill_color":"C0DFEC","entities":{"description":{"urls":[]}},"followers_count":199,"profile_sidebar_border_color":"A8C7F7","id_str":"15374715","profile_background_color":"022330","listed_count":3,"is_translation_enabled":false,"utc_offset":28800,"statuses_count":7239,"description":"Train staff at Telstra's Perth consumer contact centre. Of course these thoughts are mine.","friends_count":497,"location":"Perth","profile_link_color":"0084B4","profile_image_url":"http://pbs.twimg.com/profile_images/569499402645958656/_g6cx3yf_normal.jpeg","following":false,"geo_enabled":true,"profile_banner_url":"https://pbs.twimg.com/profile_banners/15374715/1415712333","profile_background_image_url":"http://abs.twimg.com/images/themes/theme15/bg.png","name":"Jayson Palmer","lang":"en","profile_background_tile":false,"favourites_count":93,"screen_name":"jasepalm","notifications":false,"url":null,"created_at":"Thu Jul 10 06:19:50 +0000 2008","contributors_enabled":false,"time_zone":"Perth","protected":false,"default_profile":false,"is_translator":false},"geo":null,"in_reply_to_user_id_str":"14515799","lang":"en","created_at":"Sun Dec 14 23:49:12 +0000 2014","in_reply_to_status_id_str":"544277650714677249","place":null},
{"contributors":null,"truncated":false,"text":"@brianstelter @7NewsSydney A live coverage is pretty warped. Stop it.","in_reply_to_status_id":544277650714677249,"id":544278255227129856,"favorite_count":0,"source":"<a href=\"http://www.echofon.com/\" rel=\"nofollow\">Echofon</a>","retweeted":false,"coordinates":null,"entities":{"symbols":[],"user_mentions":[{"id":14515799,"indices":[0,13],"id_str":"14515799","screen_name":"brianstelter","name":"Brian Stelter"},{"id":156464691,"indices":[14,26],"id_str":"156464691","screen_name":"7NewsSydney","name":"7 News Sydney"}],"hashtags":[],"urls":[]},"in_reply_to_screen_name":"brianstelter","id_str":"544278255227129856","retweet_count":0,"in_reply_to_user_id":14515799,"favorited":false,"user":{"follow_request_sent":false,"profile_use_background_image":false,"profile_text_color":"333333","default_profile_image":false,"id":20125356,"profile_background_image_url_https":"https://pbs.twimg.com/profile_background_images/777248005/389ea85bbac4ee2a8d26c12b49d50c21.jpeg","verified":false,"profile_location":null,"profile_image_url_https":"https://pbs.twimg.com/profile_images/580942204547571713/VDEQuXW0_normal.jpg","profile_sidebar_fill_color":"DDFFCC","entities":{"description":{"urls":[]}},"followers_count":187,"profile_sidebar_border_color":"FFFFFF","id_str":"20125356","profile_background_color":"9AE4E8","listed_count":5,"is_translation_enabled":false,"utc_offset":39600,"statuses_count":11757,"description":"","friends_count":1948,"location":"New York City","profile_link_color":"0084B4","profile_image_url":"http://pbs.twimg.com/profile_images/580942204547571713/VDEQuXW0_normal.jpg","following":false,"geo_enabled":true,"profile_background_image_url":"http://pbs.twimg.com/profile_background_images/777248005/389ea85bbac4ee2a8d26c12b49d50c21.jpeg","name":"Johnson Von Trapp","lang":"en","profile_background_tile":true,"favourites_count":5,"screen_name":"JVTrapp06","notifications":false,"url":null,"created_at":"Thu Feb 05 07:18:35 +0000 2009","contributors_enabled":false,"time_zone":"Sydney","protected":false,"default_profile":false,"is_translator":false},"geo":null,"in_reply_to_user_id_str":"14515799","lang":"en","created_at":"Sun Dec 14 23:50:22 +0000 2014","in_reply_to_status_id_str":"544277650714677249","place":null},
{"contributors":null,"truncated":false,"text":"@jasepalm It's working for me.  @brianstelter","in_reply_to_status_id":544277961415745536,"id":544278789543301120,"favorite_count":0,"source":"<a href=\"http://twitter.com/download/iphone\" rel=\"nofollow\">Twitter for iPhone</a>","retweeted":false,"coordinates":null,"entities":{"symbols":[],"user_mentions":[{"id":15374715,"indices":[0,9],"id_str":"15374715","screen_name":"jasepalm","name":"Jayson Palmer"},{"id":14515799,"indices":[32,45],"id_str":"14515799","screen_name":"brianstelter","name":"Brian Stelter"}],"hashtags":[],"urls":[]},"in_reply_to_screen_name":"jasepalm","id_str":"544278789543301120","retweet_count":0,"in_reply_to_user_id":15374715,"favorited":false,"user":{"follow_request_sent":false,"profile_use_background_image":true,"profile_text_color":"1C1F23","default_profile_image":false,"id":16090559,"profile_background_image_url_https":"https://pbs.twimg.com/profile_background_images/243472788/x87966d9d347cefda7deccb37302db15.png","verified":false,"profile_location":null,"profile_image_url_https":"https://pbs.twimg.com/profile_images/474800396389466112/YujZuElQ_normal.jpeg","profile_sidebar_fill_color":"C9C9C9","entities":{"url":{"urls":[{"url":"http://t.co/qq94pPcRl1","indices":[0,22],"expanded_url":"http://forgoodreason.org","display_url":"forgoodreason.org"}]},"description":{"urls":[]}},"followers_count":11840,"profile_sidebar_border_color":"BFBFBF","id_str":"16090559","profile_background_color":"07090B","listed_count":753,"is_translation_enabled":false,"utc_offset":-21600,"statuses_count":23994,"description":"For Good Reason host, mind-reader, skeptic, humanist in both senses. All opinions expressed are my own. RTs are not necessarily endorsements.","friends_count":2376,"location":"Hollywood, California ","profile_link_color":"C34242","profile_image_url":"http://pbs.twimg.com/profile_images/474800396389466112/YujZuElQ_normal.jpeg","following":false,"geo_enabled":true,"profile_banner_url":"https://pbs.twimg.com/profile_banners/16090559/1399408891","profile_background_image_url":"http://pbs.twimg.com/profile_background_images/243472788/x87966d9d347cefda7deccb37302db15.png","name":"D.J. Grothe","lang":"en","profile_background_tile":true,"favourites_count":9415,"screen_name":"DJGrothe","notifications":false,"url":"http://t.co/qq94pPcRl1","created_at":"Tue Sep 02 00:59:30 +0000 2008","contributors_enabled":false,"time_zone":"Central Time (US & Canada)","protected":false,"default_profile":false,"is_translator":false},"geo":null,"in_reply_to_user_id_str":"15374715","lang":"en","created_at":"Sun Dec 14 23:52:30 +0000 2014","in_reply_to_status_id_str":"544277961415745536","place":null},
{"contributors":null,"truncated":false,"text":"@brianstelter all live streams have been cut as per police directive.","in_reply_to_status_id":544277650714677249,"id":544278962126340097,"favorite_count":2,"source":"<a href=\"http://twitter.com/download/iphone\" rel=\"nofollow\">Twitter for iPhone</a>","retweeted":false,"coordinates":null,"entities":{"symbols":[],"user_mentions":[{"id":14515799,"indices":[0,13],"id_str":"14515799","screen_name":"brianstelter","name":"Brian Stelter"}],"hashtags":[],"urls":[]},"in_reply_to_screen_name":"brianstelter","id_str":"544278962126340097","retweet_count":1,"in_reply_to_user_id":14515799,"favorited":false,"user":{"follow_request_sent":false,"profile_use_background_image":true,"profile_text_color":"333333","default_profile_image":false,"id":216230774,"profile_background_image_url_https":"https://abs.twimg.com/images/themes/theme16/bg.gif","verified":false,"profile_location":null,"profile_image_url_https":"https://pbs.twimg.com/profile_images/378800000791432071/e17c9a226ce9e44c8151fc79d02bef6f_normal.jpeg","profile_sidebar_fill_color":"DDFFCC","entities":{"description":{"urls":[]}},"followers_count":5300,"profile_sidebar_border_color":"BDDCAD","id_str":"216230774","profile_background_color":"9AE4E8","listed_count":216,"is_translation_enabled":false,"utc_offset":-18000,"statuses_count":1631,"description":"Born in Vietnam. Raised in Australia.  Nosy reporter type for Seven News in Sydney. \nScripturient sapiosexual. \nEnquire within.","friends_count":422,"location":"cturner@seven.com.au","profile_link_color":"0084B4","profile_image_url":"http://pbs.twimg.com/profile_images/378800000791432071/e17c9a226ce9e44c8151fc79d02bef6f_normal.jpeg","following":false,"geo_enabled":false,"profile_banner_url":"https://pbs.twimg.com/profile_banners/216230774/1401402651","profile_background_image_url":"http://abs.twimg.com/images/themes/theme16/bg.gif","name":"Cath Turner","lang":"en","profile_background_tile":false,"favourites_count":190,"screen_name":"turnerscope","notifications":false,"url":null,"created_at":"Tue Nov 16 03:28:09 +0000 2010","contributors_enabled":false,"time_zone":"Eastern Time (US & Canada)","protected":false,"default_profile":false,"is_translator":false},"geo":null,"in_reply_to_user_id_str":"14515799","lang":"en","created_at":"Sun Dec 14 23:53:11 +0000 2014","in_reply_to_status_id_str":"544277650714677249","place":null},
{"contributors":null,"truncated":false,"text":"@turnerscope 7 is still showing a long-distance shot; some police visible.","in_reply_to_status_id":544278962126340097,"id":544279130301562881,"favorite_count":0,"source":"<a href=\"http://twitter.com\" rel=\"nofollow\">Twitter Web Client</a>","retweeted":false,"coordinates":null,"entities":{"symbols":[],"user_mentions":[{"id":216230774,"indices":[0,12],"id_str":"216230774","screen_name":"turnerscope","name":"Cath Turner"}],"hashtags":[],"urls":[]},"in_reply_to_screen_name":"turnerscope","id_str":"544279130301562881","retweet_count":0,"in_reply_to_user_id":216230774,"favorited":false,"user":{"follow_request_sent":false,"profile_use_background_image":true,"profile_text_color":"333333","default_profile_image":false,"id":14515799,"profile_background_image_url_https":"https://abs.twimg.com/images/themes/theme19/bg.gif","verified":true,"profile_location":null,"profile_image_url_https":"https://pbs.twimg.com/profile_images/378800000011961281/f053ce187d9fe1393f4684ca92c89d74_normal.jpeg","profile_sidebar_fill_color":"DDEEF6","entities":{"url":{"urls":[{"url":"http://t.co/1UqjjxzQgY","indices":[0,22],"expanded_url":"http://www.brianstelter.com/","display_url":"brianstelter.com"}]},"description":{"urls":[]}},"followers_count":254197,"profile_sidebar_border_color":"FFFFFF","id_str":"14515799","profile_background_color":"FFF04D","listed_count":8501,"is_translation_enabled":false,"utc_offset":-18000,"statuses_count":66968,"description":"CNN's senior media correspondent and host of @CNNReliable. Former @nytimes reporter. Wrote the NYT bestseller Top of the Morning. Email: bstelter@gmail.com","friends_count":3848,"location":"New York City","profile_link_color":"D44700","profile_image_url":"http://pbs.twimg.com/profile_images/378800000011961281/f053ce187d9fe1393f4684ca92c89d74_normal.jpeg","following":false,"geo_enabled":true,"profile_background_image_url":"http://abs.twimg.com/images/themes/theme19/bg.gif","name":"Brian Stelter","lang":"en","profile_background_tile":false,"favourites_count":27404,"screen_name":"brianstelter","notifications":false,"url":"http://t.co/1UqjjxzQgY","created_at":"Thu Apr 24 18:41:42 +0000 2008","contributors_enabled":false,"time_zone":"Eastern Time (US & Canada)","protected":false,"default_profile":false,"is_translator":false},"geo":null,"in_reply_to_user_id_str":"216230774","lang":"en","created_at":"Sun Dec 14 23:53:51 +0000 2014","in_reply_to_status_id_str":"544278962126340097","place":null},
{"contributors":null,"truncated":false,"text":"Live stream “@brianstelter: Hostage situation in Sydney happening next door to @7NewsSydney's studio -- coverage https://t.co/utCP3mVp9W”","in_reply_to_status_id":544277650714677249,"id":544279186471272448,"favorite_count":0,"source":"<a href=\"http://twitter.com/download/iphone\" rel=\"nofollow\">Twitter for iPhone</a>","retweeted":false,"coordinates":null,"entities":{"symbols":[],"user_mentions":[{"id":14515799,"indices":[13,26],"id_str":"14515799","screen_name":"brianstelter","name":"Brian Stelter"},{"id":156464691,"indices":[79,91],"id_str":"156464691","screen_name":"7NewsSydney","name":"7 News Sydney"}],"hashtags":[],"urls":[{"url":"https://t.co/utCP3mVp9W","indices":[113,136],"expanded_url":"https://au.news.yahoo.com/video/watch/17174725/yahoo-7-live-sydney/","display_url":"au.news.yahoo.com/video/watch/17…"}]},"in_reply_to_screen_name":"brianstelter","id_str":"544279186471272448","retweet_count":0,"in_reply_to_user_id":14515799,"favorited":false,"user":{"follow_request_sent":false,"profile_use_background_image":true,"profile_text_color":"333333","default_profile_image":false,"id":238852699,"profile_background_image_url_https":"https://abs.twimg.com/images/themes/theme1/bg.png","verified":false,"profile_location":null,"profile_image_url_https":"https://pbs.twimg.com/profile_images/2808162173/ab46fbb6d93e5a0f24957c6f74b8dd96_normal.jpeg","profile_sidebar_fill_color":"DDEEF6","entities":{"url":{"urls":[{"url":"https://t.co/KtLP7jY7OM","indices":[0,23],"expanded_url":"https://www.facebook.com/rwttrob.martinez","display_url":"facebook.com/rwttrob.martin…"}]},"description":{"urls":[]}},"followers_count":208,"profile_sidebar_border_color":"C0DEED","id_str":"238852699","profile_background_color":"C0DEED","listed_count":7,"is_translation_enabled":false,"utc_offset":-25200,"statuses_count":3896,"description":"UNITED STATES NAVY  NAVAL SPEC WARFARE Military Detachment Unit w/my Engineering Degree &my name, I experienced more Real World Situations. ABCNews before NAVY","friends_count":307,"location":"Denver, Colorado, USA","profile_link_color":"0084B4","profile_image_url":"http://pbs.twimg.com/profile_images/2808162173/ab46fbb6d93e5a0f24957c6f74b8dd96_normal.jpeg","following":false,"geo_enabled":false,"profile_banner_url":"https://pbs.twimg.com/profile_banners/238852699/1352075408","profile_background_image_url":"http://abs.twimg.com/images/themes/theme1/bg.png","name":"ROB MARTINEZ","lang":"en","profile_background_tile":false,"favourites_count":5408,"screen_name":"RWTTROBMARTINEZ","notifications":false,"url":"https://t.co/KtLP7jY7OM","created_at":"Sun Jan 16 05:35:53 +0000 2011","contributors_enabled":false,"time_zone":"Mountain Time (US & Canada)","protected":false,"default_profile":true,"is_translator":false},"geo":null,"in_reply_to_user_id_str":"14515799","possibly_sensitive":false,"lang":"en","created_at":"Sun Dec 14 23:54:04 +0000 2014","in_reply_to_status_id_str":"544277650714677249","place":null},
{"contributors":null,"truncated":false,"text":"@brianstelter @turnerscope yeah just no liveshot of Lindt Cafe itself.","in_reply_to_status_id":544279130301562881,"id":544279254163140609,"favorite_count":0,"source":"<a href=\"https://about.twitter.com/products/tweetdeck\" rel=\"nofollow\">TweetDeck</a>","retweeted":false,"coordinates":null,"entities":{"symbols":[],"user_mentions":[{"id":14515799,"indices":[0,13],"id_str":"14515799","screen_name":"brianstelter","name":"Brian Stelter"},{"id":216230774,"indices":[14,26],"id_str":"216230774","screen_name":"turnerscope","name":"Cath Turner"}],"hashtags":[],"urls":[]},"in_reply_to_screen_name":"brianstelter","id_str":"544279254163140609","retweet_count":0,"in_reply_to_user_id":14515799,"favorited":false,"user":{"follow_request_sent":false,"profile_use_background_image":true,"profile_text_color":"333333","default_profile_image":false,"id":17266705,"profile_background_image_url_https":"https://pbs.twimg.com/profile_background_images/15166712/IMG_1035__1600x1200_.JPG","verified":false,"profile_location":null,"profile_image_url_https":"https://pbs.twimg.com/profile_images/418548804984401920/F4PWVbUl_normal.jpeg","profile_sidebar_fill_color":"DDFFCC","entities":{"description":{"urls":[]}},"followers_count":664,"profile_sidebar_border_color":"BDDCAD","id_str":"17266705","profile_background_color":"9AE4E8","listed_count":31,"is_translation_enabled":false,"utc_offset":39600,"statuses_count":11611,"description":"Living the dream, cloud version.. follow me for musings on #cloud #salesforce #portals #social #cms + news, sports+ent!\r\ncontact me for anything @OrchestraCMS!","friends_count":1174,"location":"Sydney, Australia","profile_link_color":"0084B4","profile_image_url":"http://pbs.twimg.com/profile_images/418548804984401920/F4PWVbUl_normal.jpeg","following":false,"geo_enabled":false,"profile_banner_url":"https://pbs.twimg.com/profile_banners/17266705/1357079320","profile_background_image_url":"http://pbs.twimg.com/profile_background_images/15166712/IMG_1035__1600x1200_.JPG","name":"simongascoigne","lang":"en","profile_background_tile":true,"favourites_count":251,"screen_name":"simongascoigne","notifications":false,"url":null,"created_at":"Sun Nov 09 09:01:59 +0000 2008","contributors_enabled":false,"time_zone":"Sydney","protected":false,"default_profile":false,"is_translator":false},"geo":null,"in_reply_to_user_id_str":"14515799","lang":"en","created_at":"Sun Dec 14 23:54:21 +0000 2014","in_reply_to_status_id_str":"544279130301562881","place":null},
{"contributors":null,"truncated":false,"text":"@brianstelter Thanks for posting the link, Brother Brian.","in_reply_to_status_id":544277650714677249,"id":544279360048340993,"favorite_count":1,"source":"<a href=\"http://twitter.com\" rel=\"nofollow\">Twitter Web Client</a>","retweeted":false,"coordinates":null,"entities":{"symbols":[],"user_mentions":[{"id":14515799,"indices":[0,13],"id_str":"14515799","screen_name":"brianstelter","name":"Brian Stelter"}],"hashtags":[],"urls":[]},"in_reply_to_screen_name":"brianstelter","id_str":"544279360048340993","retweet_count":0,"in_reply_to_user_id":14515799,"favorited":false,"user":{"follow_request_sent":false,"profile_use_background_image":true,"profile_text_color":"3E4415","default_profile_image":false,"id":90059772,"profile_background_image_url_https":"https://abs.twimg.com/images/themes/theme5/bg.gif","verified":false,"profile_location":null,"profile_image_url_https":"https://pbs.twimg.com/profile_images/436266129602789376/YHwVFKdz_normal.jpeg","profile_sidebar_fill_color":"99CC33","entities":{"description":{"urls":[]}},"followers_count":1052,"profile_sidebar_border_color":"829D5E","id_str":"90059772","profile_background_color":"352726","listed_count":13,"is_translation_enabled":false,"utc_offset":-28800,"statuses_count":14469,"description":"Purse crazy. Champion couch lounger & remote control enthusiast. Avid football watcher, #T-Tapper & #PlexusSlim drinker. Jesus loves me! #HashTagAbuser","friends_count":1969,"location":"Orange County, California","profile_link_color":"D02B55","profile_image_url":"http://pbs.twimg.com/profile_images/436266129602789376/YHwVFKdz_normal.jpeg","following":false,"geo_enabled":true,"profile_background_image_url":"http://abs.twimg.com/images/themes/theme5/bg.gif","name":"PurseBrat","lang":"en","profile_background_tile":false,"favourites_count":6585,"screen_name":"pursebrat","notifications":false,"url":null,"created_at":"Sun Nov 15 00:52:54 +0000 2009","contributors_enabled":false,"time_zone":"Pacific Time (US & Canada)","protected":false,"default_profile":false,"is_translator":false},"geo":null,"in_reply_to_user_id_str":"14515799","lang":"en","created_at":"Sun Dec 14 23:54:46 +0000 2014","in_reply_to_status_id_str":"544277650714677249","place":null},
{"contributors":null,"truncated":false,"text":"@brianstelter that's street behind studio via link truck. Live studio stream cut","in_reply_to_status_id":544279130301562881,"id":544279477883113472,"favorite_count":0,"source":"<a href=\"http://twitter.com/download/iphone\" rel=\"nofollow\">Twitter for iPhone</a>","retweeted":false,"coordinates":null,"entities":{"symbols":[],"user_mentions":[{"id":14515799,"indices":[0,13],"id_str":"14515799","screen_name":"brianstelter","name":"Brian Stelter"}],"hashtags":[],"urls":[]},"in_reply_to_screen_name":"brianstelter","id_str":"544279477883113472","retweet_count":1,"in_reply_to_user_id":14515799,"favorited":false,"user":{"follow_request_sent":false,"profile_use_background_image":true,"profile_text_color":"333333","default_profile_image":false,"id":216230774,"profile_background_image_url_https":"https://abs.twimg.com/images/themes/theme16/bg.gif","verified":false,"profile_location":null,"profile_image_url_https":"https://pbs.twimg.com/profile_images/378800000791432071/e17c9a226ce9e44c8151fc79d02bef6f_normal.jpeg","profile_sidebar_fill_color":"DDFFCC","entities":{"description":{"urls":[]}},"followers_count":5300,"profile_sidebar_border_color":"BDDCAD","id_str":"216230774","profile_background_color":"9AE4E8","listed_count":216,"is_translation_enabled":false,"utc_offset":-18000,"statuses_count":1631,"description":"Born in Vietnam. Raised in Australia.  Nosy reporter type for Seven News in Sydney. \nScripturient sapiosexual. \nEnquire within.","friends_count":422,"location":"cturner@seven.com.au","profile_link_color":"0084B4","profile_image_url":"http://pbs.twimg.com/profile_images/378800000791432071/e17c9a226ce9e44c8151fc79d02bef6f_normal.jpeg","following":false,"geo_enabled":false,"profile_banner_url":"https://pbs.twimg.com/profile_banners/216230774/1401402651","profile_background_image_url":"http://abs.twimg.com/images/themes/theme16/bg.gif","name":"Cath Turner","lang":"en","profile_background_tile":false,"favourites_count":190,"screen_name":"turnerscope","notifications":false,"url":null,"created_at":"Tue Nov 16 03:28:09 +0000 2010","contributors_enabled":false,"time_zone":"Eastern Time (US & Canada)","protected":false,"default_profile":false,"is_translator":false},"geo":null,"in_reply_to_user_id_str":"14515799","lang":"en","created_at":"Sun Dec 14 23:55:14 +0000 2014","in_reply_to_status_id_str":"544279130301562881","place":null},
{"contributors":null,"truncated":false,"text":"@brianstelter @7NewsSydney No stream????","in_reply_to_status_id":544277650714677249,"id":544283358054715392,"favorite_count":0,"source":"<a href=\"https://mobile.twitter.com\" rel=\"nofollow\">Mobile Web (M5)</a>","retweeted":false,"coordinates":null,"entities":{"symbols":[],"user_mentions":[{"id":14515799,"indices":[0,13],"id_str":"14515799","screen_name":"brianstelter","name":"Brian Stelter"},{"id":156464691,"indices":[14,26],"id_str":"156464691","screen_name":"7NewsSydney","name":"7 News Sydney"}],"hashtags":[],"urls":[]},"in_reply_to_screen_name":"brianstelter","id_str":"544283358054715392","retweet_count":0,"in_reply_to_user_id":14515799,"favorited":false,"user":{"follow_request_sent":false,"profile_use_background_image":true,"profile_text_color":"333333","default_profile_image":false,"id":1232348810,"profile_background_image_url_https":"https://pbs.twimg.com/profile_background_images/378800000070745325/d539f521168d1bb9215f481ae944f4d5.jpeg","verified":false,"profile_location":null,"profile_image_url_https":"https://pbs.twimg.com/profile_images/3326155129/3d47829d153399f3304aada6430682ef_normal.jpeg","profile_sidebar_fill_color":"DDEEF6","entities":{"description":{"urls":[]}},"followers_count":166,"profile_sidebar_border_color":"000000","id_str":"1232348810","profile_background_color":"C0DEED","listed_count":0,"is_translation_enabled":false,"utc_offset":-18000,"statuses_count":4196,"description":"Love life!  Always on, slightly off!  Enjoy travel, reading, writing a book, enjoy fitness, love my family, and I'm a Child of God!","friends_count":147,"location":"USA","profile_link_color":"0084B4","profile_image_url":"http://pbs.twimg.com/profile_images/3326155129/3d47829d153399f3304aada6430682ef_normal.jpeg","following":false,"geo_enabled":false,"profile_background_image_url":"http://pbs.twimg.com/profile_background_images/378800000070745325/d539f521168d1bb9215f481ae944f4d5.jpeg","name":"Suzie","lang":"en","profile_background_tile":true,"favourites_count":2521,"screen_name":"MyersSuzan","notifications":false,"url":null,"created_at":"Sat Mar 02 01:19:34 +0000 2013","contributors_enabled":false,"time_zone":"Eastern Time (US & Canada)","protected":false,"default_profile":false,"is_translator":false},"geo":null,"in_reply_to_user_id_str":"14515799","lang":"en","created_at":"Mon Dec 15 00:10:39 +0000 2014","in_reply_to_status_id_str":"544277650714677249","place":null},
{"contributors":null,"truncated":false,"text":"@brianstelter @7NewsSydney I'm watching it now.  Thanks for the link.  Great public service, Brian.","in_reply_to_status_id":544277650714677249,"id":544289700778106880,"favorite_count":0,"source":"<a href=\"http://twitter.com\" rel=\"nofollow\">Twitter Web Client</a>","retweeted":false,"coordinates":null,"entities":{"symbols":[],"user_mentions":[{"id":14515799,"indices":[0,13],"id_str":"14515799","screen_name":"brianstelter","name":"Brian Stelter"},{"id":156464691,"indices":[14,26],"id_str":"156464691","screen_name":"7NewsSydney","name":"7 News Sydney"}],"hashtags":[],"urls":[]},"in_reply_to_screen_name":"brianstelter","id_str":"544289700778106880","retweet_count":0,"in_reply_to_user_id":14515799,"favorited":false,"user":{"follow_request_sent":false,"profile_use_background_image":true,"profile_text_color":"333333","default_profile_image":false,"id":155470516,"profile_background_image_url_https":"https://abs.twimg.com/images/themes/theme1/bg.png","verified":false,"profile_location":null,"profile_image_url_https":"https://pbs.twimg.com/profile_images/570376970093883392/09oqvykj_normal.jpeg","profile_sidebar_fill_color":"DDEEF6","entities":{"description":{"urls":[]}},"followers_count":67,"profile_sidebar_border_color":"C0DEED","id_str":"155470516","profile_background_color":"C0DEED","listed_count":3,"is_translation_enabled":false,"utc_offset":-18000,"statuses_count":1506,"description":"Interested in politics, current events, history,sports, animals, music, chess.  Log Cabin Republican.  News junkie.   Southern gentleman.  Dry sense of humor.","friends_count":356,"location":"VA","profile_link_color":"0084B4","profile_image_url":"http://pbs.twimg.com/profile_images/570376970093883392/09oqvykj_normal.jpeg","following":false,"geo_enabled":false,"profile_banner_url":"https://pbs.twimg.com/profile_banners/155470516/1412361512","profile_background_image_url":"http://abs.twimg.com/images/themes/theme1/bg.png","name":"Brent","lang":"en","profile_background_tile":false,"favourites_count":99,"screen_name":"BHVT","notifications":false,"url":null,"created_at":"Mon Jun 14 06:35:35 +0000 2010","contributors_enabled":false,"time_zone":"Eastern Time (US & Canada)","protected":false,"default_profile":true,"is_translator":false},"geo":null,"in_reply_to_user_id_str":"14515799","lang":"en","created_at":"Mon Dec 15 00:35:51 +0000 2014","in_reply_to_status_id_str":"544277650714677249","place":null},
{"contributors":null,"truncated":false,"text":"@brianstelter Mustn't use disproportionate force on the poor peace loving Moslem inside of the newly liberated cafe. http://t.co/3gTPGJiTMF","in_reply_to_status_id":544277650714677249,"id":544350915503742979,"favorite_count":0,"source":"<a href=\"http://twitter.com\" rel=\"nofollow\">Twitter Web Client</a>","retweeted":false,"coordinates":null,"entities":{"symbols":[],"user_mentions":[{"id":14515799,"indices":[0,13],"id_str":"14515799","screen_name":"brianstelter","name":"Brian Stelter"}],"hashtags":[],"urls":[],"media":[{"source_user_id":7439352,"source_status_id_str":"544350671281987585","expanded_url":"http://twitter.com/JoeBillScott/status/544350671281987585/photo/1","display_url":"pic.twitter.com/3gTPGJiTMF","url":"http://t.co/3gTPGJiTMF","media_url_https":"https://pbs.twimg.com/media/B43sDQwCEAE5nND.jpg","source_user_id_str":"7439352","source_status_id":544350671281987585,"id_str":"544350670761889793","sizes":{"small":{"h":141,"resize":"fit","w":340},"large":{"h":419,"resize":"fit","w":1006},"medium":{"h":249,"resize":"fit","w":600},"thumb":{"h":150,"resize":"crop","w":150}},"indices":[117,139],"type":"photo","id":544350670761889793,"media_url":"http://pbs.twimg.com/media/B43sDQwCEAE5nND.jpg"}]},"in_reply_to_screen_name":"brianstelter","id_str":"544350915503742979","retweet_count":0,"in_reply_to_user_id":14515799,"favorited":false,"user":{"follow_request_sent":false,"profile_use_background_image":true,"profile_text_color":"333333","default_profile_image":false,"id":7439352,"profile_background_image_url_https":"https://pbs.twimg.com/profile_background_images/342394434/TwitBack1c.JPG","verified":false,"profile_location":null,"profile_image_url_https":"https://pbs.twimg.com/profile_images/546060898066894848/6Y-eZn_q_normal.jpeg","profile_sidebar_fill_color":"F3F3F3","entities":{"description":{"urls":[]}},"followers_count":21467,"profile_sidebar_border_color":"DFDFDF","id_str":"7439352","profile_background_color":"EBEBEB","listed_count":360,"is_translation_enabled":false,"utc_offset":-28800,"statuses_count":9576,"description":"What do I do? . . .  \r\n\r\nI'm doing it. ✡","friends_count":8212,"location":"","profile_link_color":"990000","profile_image_url":"http://pbs.twimg.com/profile_images/546060898066894848/6Y-eZn_q_normal.jpeg","following":false,"geo_enabled":true,"profile_banner_url":"https://pbs.twimg.com/profile_banners/7439352/1353427712","profile_background_image_url":"http://pbs.twimg.com/profile_background_images/342394434/TwitBack1c.JPG","name":"JoeBillScott™","lang":"en","profile_background_tile":true,"favourites_count":202,"screen_name":"JoeBillScott","notifications":false,"url":null,"created_at":"Thu Jul 12 21:50:04 +0000 2007","contributors_enabled":false,"time_zone":"Pacific Time (US & Canada)","protected":false,"default_profile":false,"is_translator":false},"geo":null,"in_reply_to_user_id_str":"14515799","possibly_sensitive":false,"lang":"en","created_at":"Mon Dec 15 04:39:06 +0000 2014","in_reply_to_status_id_str":"544277650714677249","place":null,"extended_entities":{"media":[{"source_user_id":7439352,"source_status_id_str":"544350671281987585","expanded_url":"http://twitter.com/JoeBillScott/status/544350671281987585/photo/1","display_url":"pic.twitter.com/3gTPGJiTMF","url":"http://t.co/3gTPGJiTMF","media_url_https":"https://pbs.twimg.com/media/B43sDQwCEAE5nND.jpg","source_user_id_str":"7439352","source_status_id":544350671281987585,"id_str":"544350670761889793","sizes":{"small":{"h":141,"resize":"fit","w":340},"large":{"h":419,"resize":"fit","w":1006},"medium":{"h":249,"resize":"fit","w":600},"thumb":{"h":150,"resize":"crop","w":150}},"indices":[117,139],"type":"photo","id":544350670761889793,"media_url":"http://pbs.twimg.com/media/B43sDQwCEAE5nND.jpg"}]}}
]