[{"contributors":null,"truncated":false,"text":"@smh @paintsandsings seriously? That sou nds like overkill for 2 young stupid men in a cafe","in_reply_to_status_id":544279776765431809,"id":544280433492389888,"favorite_count":0,"source":"<a href=\"http://twitter.com\" rel=\"nofollow\">Twitter Web Client</a>","retweeted":false,"coordinates":null,"entities":{"symbols":[],"user_mentions":[{"id":16675569,"indices":[0,4],"id_str":"16675569","screen_name":"smh","name":"smh.com.au"},{"id":1368100356,"indices":[5,20],"id_str":"1368100356","screen_name":"paintsandsings","name":"Emilie"}],"hashtags":[],"urls":[]},"in_reply_to_screen_name":"smh","id_str":"544280433492389888","retweet_count":0,"in_reply_to_user_id":16675569,"favorited":false,"user":{"follow_request_sent":false,"profile_use_background_image":true,"profile_text_color":"333333","default_profile_image":false,"id":1634512056,"profile_background_image_url_https":"https://abs.twimg.com/images/themes/theme1/bg.png","verified":false,"profile_location":null,"profile_image_url_https":"https://pbs.twimg.com/profile_images/378800000218202668/78195b22663babc40977315c3a26e9cc_normal.jpeg","profile_sidebar_fill_color":"DDEEF6","entities":{"description":{"urls":[]}},"followers_count":1725,"profile_sidebar_border_color":"C0DEED","id_str":"1634512056","profile_background_color":"C0DEED","listed_count":53,"is_translation_enabled":false,"utc_offset":39600,"statuses_count":60909,"description":"opinionated TV tragic news junkie media PhD, concerned about human rights, hate injustice LNP fools, dog lover wine lover","friends_count":1495,"location":"Aust","profile_link_color":"0084B4","profile_image_url":"http://pbs.twimg.com/profile_images/378800000218202668/78195b22663babc40977315c3a26e9cc_normal.jpeg","following":false,"geo_enabled":false,"profile_banner_url":"https://pbs.twimg.com/profile_banners/1634512056/1414322331","profile_background_image_url":"http://abs.twimg.com/images/themes/theme1/bg.png","name":"Dr Sally","lang":"en","profile_background_tile":false,"favourites_count":2068,"screen_name":"slsandpet","notifications":false,"url":null,"created_at":"Wed Jul 31 04:08:38 +0000 2013","contributors_enabled":false,"time_zone":"New Caledonia","protected":false,"default_profile":true,"is_translator":false},"geo":null,"in_reply_to_user_id_str":"16675569","lang":"en","created_at":"Sun Dec 14 23:59:02 +0000 2014","in_reply_to_status_id_str":"544279776765431809","place":null},
{"contributors":null,"truncated":false,"text":"@smh @Channel7 drivers let response crews on #wyndhamstreet get through!","in_reply_to_status_id":544279776765431809,"id":544280613000204288,"favorite_count":0,"source":"<a href=\"http://twitter.com/download/iphone\" rel=\"nofollow\">Twitter for iPhone</a>","retweeted":false,"coordinates":null,"entities":{"symbols":[],"user_mentions":[{"id":16675569,"indices":[0,4],"id_str":"16675569","screen_name":"smh","name":"smh.com.au"},{"id":1093638847,"indices":[5,14],"id_str":"1093638847","screen_name":"Channel7","name":"Channel 7"}],"hashtags":[{"indices":[45,59],"text":"wyndhamstreet"}],"urls":[]},"in_reply_to_screen_name":"smh","id_str":"544280613000204288","retweet_count":0,"in_reply_to_user_id":16675569,"favorited":false,"user":{"follow_request_sent":false,"profile_use_background_image":true,"profile_text_color":"333333","default_profile_image":false,"id":1693969812,"profile_background_image_url_https":"https://abs.twimg.com/images/themes/theme1/bg.png","verified":false,"profile_location":null,"profile_image_url_https":"https://pbs.twimg.com/profile_images/496500029238960128/shgj9U3r_normal.jpeg","profile_sidebar_fill_color":"DDEEF6","entities":{"url":{"urls":[{"url":"http://t.co/dgewTbQamB","indices":[0,22],"expanded_url":"http://www.collezionesantina.com.au","display_url":"collezionesantina.com.au"}]},"description":{"urls":[]}},"followers_count":360,"profile_sidebar_border_color":"C0DEED","id_str":"1693969812","profile_background_color":"C0DEED","listed_count":9,"is_translation_enabled":false,"utc_offset":39600,"statuses_count":3204,"description":"For all women, for all occasions, in the finest cloth from all over the world, individually crafted clothing for the woman who dares to be different.","friends_count":1241,"location":"Sydney, Australia","profile_link_color":"0084B4","profile_image_url":"http://pbs.twimg.com/profile_images/496500029238960128/shgj9U3r_normal.jpeg","following":false,"geo_enabled":true,"profile_banner_url":"https://pbs.twimg.com/profile_banners/1693969812/1406195228","profile_background_image_url":"http://abs.twimg.com/images/themes/theme1/bg.png","name":"Collezione Santina","lang":"en","profile_background_tile":false,"favourites_count":1135,"screen_name":"AltaModaSydney","notifications":false,"url":"http://t.co/dgewTbQamB","created_at":"Fri Aug 23 14:32:41 +0000 2013","contributors_enabled":false,"time_zone":"Sydney","protected":false,"default_profile":true,"is_translator":false},"geo":null,"in_reply_to_user_id_str":"16675569","lang":"en","created_at":"Sun Dec 14 23:59:45 +0000 2014","in_reply_to_status_id_str":"544279776765431809","place":null},
{"contributors":null,"truncated":false,"text":"“@smh: Update: Airspace over Sydney has been shut down. Live coverage: http://t.co/2a9QI6yBzd #sydneysiege”","in_reply_to_status_id":544279776765431809,"id":544281206112534529,"favorite_count":0,"source":"<a href=\"http://twitter.com/download/iphone\" rel=\"nofollow\">Twitter for iPhone</a>","retweeted":false,"coordinates":null,"entities":{"symbols":[],"user_mentions":[{"id":16675569,"indices":[1,5],"id_str":"16675569","screen_name":"smh","name":"smh.com.au"}],"hashtags":[{"indices":[94,106],"text":"sydneysiege"}],"urls":[{"url":"http://t.co/2a9QI6yBzd","indices":[71,93],"expanded_url":"http://ow.ly/FSpHL","display_url":"ow.ly/FSpHL"}]},"in_reply_to_screen_name":"smh","id_str":"544281206112534529","retweet_count":0,"in_reply_to_user_id":16675569,"favorited":false,"user":{"follow_request_sent":false,"profile_use_background_image":true,"profile_text_color":"333333","default_profile_image":false,"id":324198458,"profile_background_image_url_https":"https://abs.twimg.com/images/themes/theme1/bg.png","verified":false,"profile_location":null,"profile_image_url_https":"https://pbs.twimg.com/profile_images/553441232374886401/Ry7ucQbL_normal.jpeg","profile_sidebar_fill_color":"DDEEF6","entities":{"url":{"urls":[{"url":"http://t.co/NUSc7qbPbt","indices":[0,22],"expanded_url":"http://explicitpassion.tumblr.com/","display_url":"explicitpassion.tumblr.com"}]},"description":{"urls":[]}},"followers_count":105,"profile_sidebar_border_color":"C0DEED","id_str":"324198458","profile_background_color":"C0DEED","listed_count":1,"is_translation_enabled":false,"utc_offset":39600,"statuses_count":4845,"description":"20 years of existence;","friends_count":88,"location":" Sydney, Australia ","profile_link_color":"0084B4","profile_image_url":"http://pbs.twimg.com/profile_images/553441232374886401/Ry7ucQbL_normal.jpeg","following":false,"geo_enabled":false,"profile_banner_url":"https://pbs.twimg.com/profile_banners/324198458/1399123392","profile_background_image_url":"http://abs.twimg.com/images/themes/theme1/bg.png","name":"Ibʈee Ullah","lang":"en","profile_background_tile":true,"favourites_count":417,"screen_name":"ibtiullah","notifications":false,"url":"http://t.co/NUSc7qbPbt","created_at":"Sun Jun 26 05:16:21 +0000 2011","contributors_enabled":false,"time_zone":"Sydney","protected":false,"default_profile":false,"is_translator":false},"geo":null,"in_reply_to_user_id_str":"16675569","possibly_sensitive":false,"lang":"en","created_at":"Mon Dec 15 00:02:06 +0000 2014","in_reply_to_status_id_str":"544279776765431809","place":null},
{"contributors":null,"truncated":false,"text":"@smh Prise d'otage dans un magasin de chocolat à Sydney en Australie par un homme armé.","in_reply_to_status_id":544279776765431809,"id":544281679733723137,"favorite_count":0,"source":"<a href=\"https://about.twitter.com/products/tweetdeck\" rel=\"nofollow\">TweetDeck</a>","retweeted":false,"coordinates":null,"entities":{"symbols":[],"user_mentions":[{"id":16675569,"indices":[0,4],"id_str":"16675569","screen_name":"smh","name":"smh.com.au"}],"hashtags":[],"urls":[]},"in_reply_to_screen_name":"smh","id_str":"544281679733723137","retweet_count":0,"in_reply_to_user_id":16675569,"favorited":false,"user":{"follow_request_sent":false,"profile_use_background_image":true,"profile_text_color":"2B1717","default_profile_image":false,"id":162848820,"profile_background_image_url_https":"https://pbs.twimg.com/profile_background_images/156146899/Grippe_v2_0.jpg","verified":false,"profile_location":null,"profile_image_url_https":"https://pbs.twimg.com/profile_images/378800000396859653/3592b901928fa967a27670d3aa06310e_normal.jpeg","profile_sidebar_fill_color":"D9342B","entities":{"url":{"urls":[{"url":"http://t.co/gqsegFGP2N","indices":[0,22],"expanded_url":"http://flu-killer.blogspot.com","display_url":"flu-killer.blogspot.com"}]},"description":{"urls":[]}},"followers_count":752,"profile_sidebar_border_color":"1A1414","id_str":"162848820","profile_background_color":"AB4248","listed_count":3,"is_translation_enabled":false,"utc_offset":-18000,"statuses_count":14816,"description":"Je suis l'inventeur de la meilleure façon pour combattre le virus de la grippe. *****\r\n\r\n     I am the inventor of the best way to fight the flu virus.","friends_count":1773,"location":"DDO, Québec, Canada","profile_link_color":"2F9CB5","profile_image_url":"http://pbs.twimg.com/profile_images/378800000396859653/3592b901928fa967a27670d3aa06310e_normal.jpeg","following":false,"geo_enabled":true,"profile_banner_url":"https://pbs.twimg.com/profile_banners/162848820/1378064342","profile_background_image_url":"http://pbs.twimg.com/profile_background_images/156146899/Grippe_v2_0.jpg","name":"Tueur de Grippe","lang":"fr","profile_background_tile":true,"favourites_count":54,"screen_name":"Flu_Killer","notifications":false,"url":"http://t.co/gqsegFGP2N","created_at":"Sun Jul 04 21:37:07 +0000 2010","contributors_enabled":false,"time_zone":"Eastern Time (US & Canada)","protected":false,"default_profile":false,"is_translator":false},"geo":null,"in_reply_to_user_id_str":"16675569","lang":"fr","created_at":"Mon Dec 15 00:03:59 +0000 2014","in_reply_to_status_id_str":"544279776765431809","place":null},
{"contributors":null,"truncated":false,"text":"@smh Prise d'otage dans un magasin de chocolat à Sydney en Australie par un homme armé.","in_reply_to_status_id":544279776765431809,"id":544281679746301954,"favorite_count":0,"source":"<a href=\"https://about.twitter.com/products/tweetdeck\" rel=\"nofollow\">TweetDeck</a>","retweeted":false,"coordinates":null,"entities":{"symbols":[],"user_mentions":[{"id":16675569,"indices":[0,4],"id_str":"16675569","screen_name":"smh","name":"smh.com.au"}],"hashtags":[],"urls":[]},"in_reply_to_screen_name":"smh","id_str":"544281679746301954","retweet_count":0,"in_reply_to_user_id":16675569,"favorited":false,"user":{"follow_request_sent":false,"profile_use_background_image":true,"profile_text_color":"333333","default_profile_image":false,"id":33559205,"profile_background_image_url_https":"https://pbs.twimg.com/profile_background_images/84522026/2009_0805Mars0124.JPG","verified":false,"profile_location":null,"profile_image_url_https":"https://pbs.twimg.com/profile_images/1165945541/VirginRacing_normal.png","profile_sidebar_fill_color":"EFEFEF","entities":{"url":{"urls":[{"url":"http://t.co/UOSN6nixad","indices":[0,22],"expanded_url":"http://fouinard.blogspot.com/","display_url":"fouinard.blogspot.com"}]},"description":{"urls":[]}},"followers_count":245,"profile_sidebar_border_color":"EEEEEE","id_str":"33559205","profile_background_color":"131516","listed_count":2,"is_translation_enabled":false,"utc_offset":-18000,"statuses_count":6218,"description":"I like F1, Autoracing, Bicycling, Photography. I am curious, imaginative and sensitive.","friends_count":591,"location":"Québec, Canada","profile_link_color":"009999","profile_image_url":"http://pbs.twimg.com/profile_images/1165945541/VirginRacing_normal.png","following":false,"geo_enabled":false,"profile_banner_url":"https://pbs.twimg.com/profile_banners/33559205/1409595555","profile_background_image_url":"http://pbs.twimg.com/profile_background_images/84522026/2009_0805Mars0124.JPG","name":"Sylvain Lague","lang":"fr","profile_background_tile":false,"favourites_count":70,"screen_name":"Fouinard","notifications":false,"url":"http://t.co/UOSN6nixad","created_at":"Mon Apr 20 15:55:38 +0000 2009","contributors_enabled":false,"time_zone":"Quito","protected":false,"default_profile":false,"is_translator":false},"geo":null,"in_reply_to_user_id_str":"16675569","lang":"fr","created_at":"Mon Dec 15 00:03:59 +0000 2014","in_reply_to_status_id_str":"544279776765431809","place":null},
{"contributors":null,"truncated":false,"text":"@smh @AdamBaldwin Do you think @TonyAbbottMHR will call it \"workplace violence\"?","in_reply_to_status_id":544279776765431809,"id":544281766983655424,"favorite_count":0,"source":"<a href=\"http://twitter.com\" rel=\"nofollow\">Twitter Web Client</a>","retweeted":false,"coordinates":null,"entities":{"symbols":[],"user_mentions":[{"id":16675569,"indices":[0,4],"id_str":"16675569","screen_name":"smh","name":"smh.com.au"},{"id":91279573,"indices":[5,17],"id_str":"91279573","screen_name":"AdamBaldwin","name":"Adam Baldwin"},{"id":93766096,"indices":[31,45],"id_str":"93766096","screen_name":"TonyAbbottMHR","name":"Tony Abbott"}],"hashtags":[],"urls":[]},"in_reply_to_screen_name":"smh","id_str":"544281766983655424","retweet_count":0,"in_reply_to_user_id":16675569,"favorited":false,"user":{"follow_request_sent":false,"profile_use_background_image":true,"profile_text_color":"333333","default_profile_image":false,"id":1428723944,"profile_background_image_url_https":"https://pbs.twimg.com/profile_background_images/476836983843467266/cP3TbolA.png","verified":false,"profile_location":null,"profile_image_url_https":"https://pbs.twimg.com/profile_images/585171562032037888/9EBKTYbD_normal.png","profile_sidebar_fill_color":"DDEEF6","entities":{"description":{"urls":[]}},"followers_count":184,"profile_sidebar_border_color":"FFFFFF","id_str":"1428723944","profile_background_color":"C0DEED","listed_count":6,"is_translation_enabled":true,"utc_offset":-14400,"statuses_count":4335,"description":"Sapiens of the the Homo Genus, Hominini Tribe, Hominidae Family,  Primates Order, Mammalia Class,  Chordata Phylum and Animalia Kingdom. アディ ・ ベイカーソン. 人間.","friends_count":359,"location":"","profile_link_color":"0084B4","profile_image_url":"http://pbs.twimg.com/profile_images/585171562032037888/9EBKTYbD_normal.png","following":false,"geo_enabled":false,"profile_banner_url":"https://pbs.twimg.com/profile_banners/1428723944/1406096346","profile_background_image_url":"http://pbs.twimg.com/profile_background_images/476836983843467266/cP3TbolA.png","name":"Audie Bakerson","lang":"en","profile_background_tile":true,"favourites_count":345,"screen_name":"RollyKahn","notifications":false,"url":null,"created_at":"Tue May 14 20:00:30 +0000 2013","contributors_enabled":false,"time_zone":"Atlantic Time (Canada)","protected":false,"default_profile":false,"is_translator":false},"geo":null,"in_reply_to_user_id_str":"16675569","lang":"en","created_at":"Mon Dec 15 00:04:20 +0000 2014","in_reply_to_status_id_str":"544279776765431809","place":null},
{"contributors":null,"truncated":false,"text":"Hostages taken by armed gunman @smh: Update: Airspace over Sydney has been shut down. http://t.co/KokQiscGRI #sydneysiege","in_reply_to_status_id":544279776765431809,"id":544282910204100608,"favorite_count":0,"source":"<a href=\"http://twitter.com/download/iphone\" rel=\"nofollow\">Twitter for iPhone</a>","retweeted":false,"coordinates":null,"entities":{"symbols":[],"user_mentions":[{"id":16675569,"indices":[31,35],"id_str":"16675569","screen_name":"smh","name":"smh.com.au"}],"hashtags":[{"indices":[109,121],"text":"sydneysiege"}],"urls":[{"url":"http://t.co/KokQiscGRI","indices":[86,108],"expanded_url":"http://ow.ly/FSpHL","display_url":"ow.ly/FSpHL"}]},"in_reply_to_screen_name":"smh","id_str":"544282910204100608","retweet_count":0,"in_reply_to_user_id":16675569,"favorited":false,"user":{"follow_request_sent":false,"profile_use_background_image":true,"profile_text_color":"333333","default_profile_image":false,"id":1173694938,"profile_background_image_url_https":"https://abs.twimg.com/images/themes/theme1/bg.png","verified":false,"profile_location":null,"profile_image_url_https":"https://pbs.twimg.com/profile_images/3490307229/4bff07f68f313113a617fe377e186759_normal.jpeg","profile_sidebar_fill_color":"DDEEF6","entities":{"description":{"urls":[]}},"followers_count":164,"profile_sidebar_border_color":"C0DEED","id_str":"1173694938","profile_background_color":"C0DEED","listed_count":6,"is_translation_enabled":false,"utc_offset":-18000,"statuses_count":1043,"description":"UN, Social Media, Australia","friends_count":368,"location":"","profile_link_color":"0084B4","profile_image_url":"http://pbs.twimg.com/profile_images/3490307229/4bff07f68f313113a617fe377e186759_normal.jpeg","following":false,"geo_enabled":false,"profile_background_image_url":"http://abs.twimg.com/images/themes/theme1/bg.png","name":"Michelle Tong","lang":"en","profile_background_tile":false,"favourites_count":107,"screen_name":"MichelleTong3","notifications":false,"url":null,"created_at":"Wed Feb 13 02:54:59 +0000 2013","contributors_enabled":false,"time_zone":"Eastern Time (US & Canada)","protected":false,"default_profile":true,"is_translator":false},"geo":null,"in_reply_to_user_id_str":"16675569","possibly_sensitive":false,"lang":"en","created_at":"Mon Dec 15 00:08:52 +0000 2014","in_reply_to_status_id_str":"544279776765431809","place":null},
{"contributors":null,"truncated":false,"text":"@slsandpet @smh @paintsandsings if you don't \"overkill\" and take this serious before you know it you have another 911","in_reply_to_status_id":544280433492389888,"id":544283258070896641,"favorite_count":0,"source":"<a href=\"http://twitter.com/download/iphone\" rel=\"nofollow\">Twitter for iPhone</a>","retweeted":false,"coordinates":null,"entities":{"symbols":[],"user_mentions":[{"id":1634512056,"indices":[0,10],"id_str":"1634512056","screen_name":"slsandpet","name":"Dr Sally"},{"id":16675569,"indices":[11,15],"id_str":"16675569","screen_name":"smh","name":"smh.com.au"},{"id":1368100356,"indices":[16,31],"id_str":"1368100356","screen_name":"paintsandsings","name":"Emilie"}],"hashtags":[],"urls":[]},"in_reply_to_screen_name":"slsandpet","id_str":"544283258070896641","retweet_count":0,"in_reply_to_user_id":1634512056,"favorited":false,"user":{"follow_request_sent":false,"profile_use_background_image":true,"profile_text_color":"333333","default_profile_image":false,"id":84745032,"profile_background_image_url_https":"https://abs.twimg.com/images/themes/theme1/bg.png","verified":false,"profile_location":null,"profile_image_url_https":"https://pbs.twimg.com/profile_images/556953035843203072/w2bF3Tcb_normal.jpeg","profile_sidebar_fill_color":"DDEEF6","entities":{"description":{"urls":[]}},"followers_count":436,"profile_sidebar_border_color":"C0DEED","id_str":"84745032","profile_background_color":"C0DEED","listed_count":11,"is_translation_enabled":false,"utc_offset":null,"statuses_count":13387,"description":"South Sydney Rabbitohs Manchester United New York Knicks San Francisco 49ers New York Rangers Boston Red Sox #SSFC #MUFC #KNICKS #49ERS #RANGERS #REDSOX","friends_count":842,"location":"","profile_link_color":"0084B4","profile_image_url":"http://pbs.twimg.com/profile_images/556953035843203072/w2bF3Tcb_normal.jpeg","following":false,"geo_enabled":true,"profile_banner_url":"https://pbs.twimg.com/profile_banners/84745032/1409997402","profile_background_image_url":"http://abs.twimg.com/images/themes/theme1/bg.png","name":"Adz ","lang":"en","profile_background_tile":false,"favourites_count":1521,"screen_name":"twozero3five","notifications":false,"url":null,"created_at":"Sat Oct 24 02:13:52 +0000 2009","contributors_enabled":false,"time_zone":null,"protected":false,"default_profile":true,"is_translator":false},"geo":null,"in_reply_to_user_id_str":"1634512056","lang":"en","created_at":"Mon Dec 15 00:10:15 +0000 2014","in_reply_to_status_id_str":"544280433492389888","place":null},
{"contributors":null,"truncated":false,"text":"@twozero3five @smh @paintsandsings Taking things too far is exactly what cases excessive response. Now get off my timeline","in_reply_to_status_id":544283258070896641,"id":544287517390819328,"favorite_count":0,"source":"<a href=\"http://twitter.com\" rel=\"nofollow\">Twitter Web Client</a>","retweeted":false,"coordinates":null,"entities":{"symbols":[],"user_mentions":[{"id":84745032,"indices":[0,13],"id_str":"84745032","screen_name":"twozero3five","name":"Adz "},{"id":16675569,"indices":[14,18],"id_str":"16675569","screen_name":"smh","name":"smh.com.au"},{"id":1368100356,"indices":[19,34],"id_str":"1368100356","screen_name":"paintsandsings","name":"Emilie"}],"hashtags":[],"urls":[]},"in_reply_to_screen_name":"twozero3five","id_str":"544287517390819328","retweet_count":0,"in_reply_to_user_id":84745032,"favorited":false,"user":{"follow_request_sent":false,"profile_use_background_image":true,"profile_text_color":"333333","default_profile_image":false,"id":1634512056,"profile_background_image_url_https":"https://abs.twimg.com/images/themes/theme1/bg.png","verified":false,"profile_location":null,"profile_image_url_https":"https://pbs.twimg.com/profile_images/378800000218202668/78195b22663babc40977315c3a26e9cc_normal.jpeg","profile_sidebar_fill_color":"DDEEF6","entities":{"description":{"urls":[]}},"followers_count":1725,"profile_sidebar_border_color":"C0DEED","id_str":"1634512056","profile_background_color":"C0DEED","listed_count":53,"is_translation_enabled":false,"utc_offset":39600,"statuses_count":60910,"description":"opinionated TV tragic news junkie media PhD, concerned about human rights, hate injustice LNP fools, dog lover wine lover","friends_count":1495,"location":"Aust","profile_link_color":"0084B4","profile_image_url":"http://pbs.twimg.com/profile_images/378800000218202668/78195b22663babc40977315c3a26e9cc_normal.jpeg","following":false,"geo_enabled":false,"profile_banner_url":"https://pbs.twimg.com/profile_banners/1634512056/1414322331","profile_background_image_url":"http://abs.twimg.com/images/themes/theme1/bg.png","name":"Dr Sally","lang":"en","profile_background_tile":false,"favourites_count":2068,"screen_name":"slsandpet","notifications":false,"url":null,"created_at":"Wed Jul 31 04:08:38 +0000 2013","contributors_enabled":false,"time_zone":"New Caledonia","protected":false,"default_profile":true,"is_translator":false},"geo":null,"in_reply_to_user_id_str":"84745032","lang":"en","created_at":"Mon Dec 15 00:27:11 +0000 2014","in_reply_to_status_id_str":"544283258070896641","place":null},
{"contributors":null,"truncated":false,"text":"@slsandpet @smh @paintsandsings you're an idiot, I'm sure you would feel otherwise if your family were being held hostage.","in_reply_to_status_id":544287517390819328,"id":544288209627131905,"favorite_count":0,"source":"<a href=\"http://twitter.com/download/iphone\" rel=\"nofollow\">Twitter for iPhone</a>","retweeted":false,"coordinates":null,"entities":{"symbols":[],"user_mentions":[{"id":1634512056,"indices":[0,10],"id_str":"1634512056","screen_name":"slsandpet","name":"Dr Sally"},{"id":16675569,"indices":[11,15],"id_str":"16675569","screen_name":"smh","name":"smh.com.au"},{"id":1368100356,"indices":[16,31],"id_str":"1368100356","screen_name":"paintsandsings","name":"Emilie"}],"hashtags":[],"urls":[]},"in_reply_to_screen_name":"slsandpet","id_str":"544288209627131905","retweet_count":0,"in_reply_to_user_id":1634512056,"favorited":false,"user":{"follow_request_sent":false,"profile_use_background_image":true,"profile_text_color":"333333","default_profile_image":false,"id":84745032,"profile_background_image_url_https":"https://abs.twimg.com/images/themes/theme1/bg.png","verified":false,"profile_location":null,"profile_image_url_https":"https://pbs.twimg.com/profile_images/556953035843203072/w2bF3Tcb_normal.jpeg","profile_sidebar_fill_color":"DDEEF6","entities":{"description":{"urls":[]}},"followers_count":436,"profile_sidebar_border_color":"C0DEED","id_str":"84745032","profile_background_color":"C0DEED","listed_count":11,"is_translation_enabled":false,"utc_offset":null,"statuses_count":13387,"description":"South Sydney Rabbitohs Manchester United New York Knicks San Francisco 49ers New York Rangers Boston Red Sox #SSFC #MUFC #KNICKS #49ERS #RANGERS #REDSOX","friends_count":842,"location":"","profile_link_color":"0084B4","profile_image_url":"http://pbs.twimg.com/profile_images/556953035843203072/w2bF3Tcb_normal.jpeg","following":false,"geo_enabled":true,"profile_banner_url":"https://pbs.twimg.com/profile_banners/84745032/1409997402","profile_background_image_url":"http://abs.twimg.com/images/themes/theme1/bg.png","name":"Adz ","lang":"en","profile_background_tile":false,"favourites_count":1521,"screen_name":"twozero3five","notifications":false,"url":null,"created_at":"Sat Oct 24 02:13:52 +0000 2009","contributors_enabled":false,"time_zone":null,"protected":false,"default_profile":true,"is_translator":false},"geo":null,"in_reply_to_user_id_str":"1634512056","lang":"en","created_at":"Mon Dec 15 00:29:56 +0000 2014","in_reply_to_status_id_str":"544287517390819328","place":null},
{"contributors":null,"truncated":false,"text":"@smh \nHas #obama called Austalian gov wanting this classed as workplace violence?","in_reply_to_status_id":544279776765431809,"id":544289208446107648,"favorite_count":0,"source":"<a href=\"http://twitter.com/download/android\" rel=\"nofollow\">Twitter for Android</a>","retweeted":false,"coordinates":null,"entities":{"symbols":[],"user_mentions":[{"id":16675569,"indices":[0,4],"id_str":"16675569","screen_name":"smh","name":"smh.com.au"}],"hashtags":[{"indices":[10,16],"text":"obama"}],"urls":[]},"in_reply_to_screen_name":"smh","id_str":"544289208446107648","retweet_count":0,"in_reply_to_user_id":16675569,"favorited":false,"user":{"follow_request_sent":false,"profile_use_background_image":true,"profile_text_color":"333333","default_profile_image":false,"id":349445673,"profile_background_image_url_https":"https://abs.twimg.com/images/themes/theme1/bg.png","verified":false,"profile_location":null,"profile_image_url_https":"https://pbs.twimg.com/profile_images/378800000518643198/70ab2995606be69027a1f460b0eef249_normal.jpeg","profile_sidebar_fill_color":"DDEEF6","entities":{"description":{"urls":[]}},"followers_count":911,"profile_sidebar_border_color":"C0DEED","id_str":"349445673","profile_background_color":"C0DEED","listed_count":24,"is_translation_enabled":false,"utc_offset":-36000,"statuses_count":33982,"description":"I say it the way i see it. xx","friends_count":1180,"location":"","profile_link_color":"0084B4","profile_image_url":"http://pbs.twimg.com/profile_images/378800000518643198/70ab2995606be69027a1f460b0eef249_normal.jpeg","following":false,"geo_enabled":true,"profile_banner_url":"https://pbs.twimg.com/profile_banners/349445673/1380366385","profile_background_image_url":"http://abs.twimg.com/images/themes/theme1/bg.png","name":"clare dandolo","lang":"en","profile_background_tile":false,"favourites_count":7618,"screen_name":"beldandolo","notifications":false,"url":null,"created_at":"Sat Aug 06 03:26:26 +0000 2011","contributors_enabled":false,"time_zone":"Hawaii","protected":false,"default_profile":true,"is_translator":false},"geo":null,"in_reply_to_user_id_str":"16675569","lang":"en","created_at":"Mon Dec 15 00:33:54 +0000 2014","in_reply_to_status_id_str":"544279776765431809","place":null},
{"contributors":null,"truncated":false,"text":"@smh \nThis is islam evil ideology in the windows of lindt shop and holding Australians hostage\nHad enough yet Austalians?","in_reply_to_status_id":544279776765431809,"id":544289444480565249,"favorite_count":1,"source":"<a href=\"http://twitter.com/download/android\" rel=\"nofollow\">Twitter for Android</a>","retweeted":false,"coordinates":null,"entities":{"symbols":[],"user_mentions":[{"id":16675569,"indices":[0,4],"id_str":"16675569","screen_name":"smh","name":"smh.com.au"}],"hashtags":[],"urls":[]},"in_reply_to_screen_name":"smh","id_str":"544289444480565249","retweet_count":0,"in_reply_to_user_id":16675569,"favorited":false,"user":{"follow_request_sent":false,"profile_use_background_image":true,"profile_text_color":"333333","default_profile_image":false,"id":349445673,"profile_background_image_url_https":"https://abs.twimg.com/images/themes/theme1/bg.png","verified":false,"profile_location":null,"profile_image_url_https":"https://pbs.twimg.com/profile_images/378800000518643198/70ab2995606be69027a1f460b0eef249_normal.jpeg","profile_sidebar_fill_color":"DDEEF6","entities":{"description":{"urls":[]}},"followers_count":911,"profile_sidebar_border_color":"C0DEED","id_str":"349445673","profile_background_color":"C0DEED","listed_count":24,"is_translation_enabled":false,"utc_offset":-36000,"statuses_count":33982,"description":"I say it the way i see it. xx","friends_count":1180,"location":"","profile_link_color":"0084B4","profile_image_url":"http://pbs.twimg.com/profile_images/378800000518643198/70ab2995606be69027a1f460b0eef249_normal.jpeg","following":false,"geo_enabled":true,"profile_banner_url":"https://pbs.twimg.com/profile_banners/349445673/1380366385","profile_background_image_url":"http://abs.twimg.com/images/themes/theme1/bg.png","name":"clare dandolo","lang":"en","profile_background_tile":false,"favourites_count":7618,"screen_name":"beldandolo","notifications":false,"url":null,"created_at":"Sat Aug 06 03:26:26 +0000 2011","contributors_enabled":false,"time_zone":"Hawaii","protected":false,"default_profile":true,"is_translator":false},"geo":null,"in_reply_to_user_id_str":"16675569","lang":"en","created_at":"Mon Dec 15 00:34:50 +0000 2014","in_reply_to_status_id_str":"544279776765431809","place":null},
{"contributors":null,"truncated":false,"text":"@smh not true. How come u are reporting ignorant tweets from people that have no idea?","in_reply_to_status_id":544279776765431809,"id":544292024522788865,"favorite_count":0,"source":"<a href=\"http://twitter.com/download/iphone\" rel=\"nofollow\">Twitter for iPhone</a>","retweeted":false,"coordinates":null,"entities":{"symbols":[],"user_mentions":[{"id":16675569,"indices":[0,4],"id_str":"16675569","screen_name":"smh","name":"smh.com.au"}],"hashtags":[],"urls":[]},"in_reply_to_screen_name":"smh","id_str":"544292024522788865","retweet_count":0,"in_reply_to_user_id":16675569,"favorited":false,"user":{"follow_request_sent":false,"profile_use_background_image":true,"profile_text_color":"333333","default_profile_image":false,"id":17286340,"profile_background_image_url_https":"https://abs.twimg.com/images/themes/theme13/bg.gif","verified":false,"profile_location":null,"profile_image_url_https":"https://pbs.twimg.com/profile_images/578423351338668032/fd1SkXgG_normal.jpeg","profile_sidebar_fill_color":"FFFFFF","entities":{"url":{"urls":[{"url":"http://t.co/mNrMCZmivy","indices":[0,22],"expanded_url":"http://www.markfahey.org","display_url":"markfahey.org"}]},"description":{"urls":[]}},"followers_count":236,"profile_sidebar_border_color":"EEEEEE","id_str":"17286340","profile_background_color":"B2DFDA","listed_count":3,"is_translation_enabled":false,"utc_offset":39600,"statuses_count":3894,"description":"New Media Creator / Health Infomatics Specialist / Fascinated by all things North Korean","friends_count":241,"location":"Sydney, Australia","profile_link_color":"93A644","profile_image_url":"http://pbs.twimg.com/profile_images/578423351338668032/fd1SkXgG_normal.jpeg","following":false,"geo_enabled":true,"profile_background_image_url":"http://abs.twimg.com/images/themes/theme13/bg.gif","name":"realmarkfahey","lang":"en","profile_background_tile":false,"favourites_count":1160,"screen_name":"realmarkfahey","notifications":false,"url":"http://t.co/mNrMCZmivy","created_at":"Mon Nov 10 13:23:59 +0000 2008","contributors_enabled":false,"time_zone":"Sydney","protected":false,"default_profile":false,"is_translator":false},"geo":null,"in_reply_to_user_id_str":"16675569","lang":"en","created_at":"Mon Dec 15 00:45:05 +0000 2014","in_reply_to_status_id_str":"544279776765431809","place":null}
]