[{"contributors":null,"truncated":false,"text":"@waverider_ ily","in_reply_to_status_id":544298663061643264,"id":544298689523511296,"favorite_count":0,"source":"<a href=\"https://about.twitter.com/products/tweetdeck\" rel=\"nofollow\">TweetDeck</a>","retweeted":false,"coordinates":null,"entities":{"symbols":[],"user_mentions":[{"id":488176442,"indices":[0,11],"id_str":"488176442","screen_name":"waverider_","name":"Liamthelion☯☮"}],"hashtags":[],"urls":[]},"in_reply_to_screen_name":"waverider_","id_str":"544298689523511296","retweet_count":0,"in_reply_to_user_id":488176442,"favorited":false,"user":{"follow_request_sent":false,"profile_use_background_image":true,"profile_text_color":"666666","default_profile_image":false,"id":2578088185,"profile_background_image_url_https":"https://abs.twimg.com/images/themes/theme9/bg.gif","verified":false,"profile_location":null,"profile_image_url_https":"https://pbs.twimg.com/profile_images/543952794894364672/7_EV9dLh_normal.jpeg","profile_sidebar_fill_color":"252429","entities":{"description":{"urls":[]}},"followers_count":1160,"profile_sidebar_border_color":"FFFFFF","id_str":"2578088185","profile_background_color":"1A1B1F","listed_count":6,"is_translation_enabled":false,"utc_offset":-14400,"statuses_count":48790,"description":"kenzie is hella pEFECTION // wrists are for bracelets, not for cutting - k.q.","friends_count":196,"location":"cUddLIng WitH kENziE","profile_link_color":"DD2E44","profile_image_url":"http://pbs.twimg.com/profile_images/543952794894364672/7_EV9dLh_normal.jpeg","following":false,"geo_enabled":true,"profile_banner_url":"https://pbs.twimg.com/profile_banners/2578088185/1418523642","profile_background_image_url":"http://abs.twimg.com/images/themes/theme9/bg.gif","name":"juliette","lang":"en","profile_background_tile":false,"favourites_count":23497,"screen_name":"ashleyftsidemen","notifications":false,"url":null,"created_at":"Fri Jun 20 05:11:59 +0000 2014","contributors_enabled":false,"time_zone":"Atlantic Time (Canada)","protected":false,"default_profile":false,"is_translator":false},"geo":null,"in_reply_to_user_id_str":"488176442","lang":"und","created_at":"Mon Dec 15 01:11:34 +0000 2014","in_reply_to_status_id_str":"544298663061643264","place":null},
{"contributors":null,"truncated":false,"text":"@waverider_ why","in_reply_to_status_id":544298663061643264,"id":544298725808799744,"favorite_count":1,"source":"<a href=\"http://twitter.com/download/iphone\" rel=\"nofollow\">Twitter for iPhone</a>","retweeted":false,"coordinates":null,"entities":{"symbols":[],"user_mentions":[{"id":488176442,"indices":[0,11],"id_str":"488176442","screen_name":"waverider_","name":"Liamthelion☯☮"}],"hashtags":[],"urls":[]},"in_reply_to_screen_name":"waverider_","id_str":"544298725808799744","retweet_count":0,"in_reply_to_user_id":488176442,"favorited":false,"user":{"follow_request_sent":false,"profile_use_background_image":true,"profile_text_color":"333333","default_profile_image":false,"id":2722220787,"profile_background_image_url_https":"https://abs.twimg.com/images/themes/theme1/bg.png","verified":false,"profile_location":null,"profile_image_url_https":"https://pbs.twimg.com/profile_images/588891510504034304/aW9ECzMa_normal.jpg","profile_sidebar_fill_color":"DDEEF6","entities":{"url":{"urls":[{"url":"https://t.co/svJzt2a43n","indices":[0,23],"expanded_url":"https://twitter.com/mukesleeping/status/518891370157989888","display_url":"twitter.com/mukesleeping/s…"}]},"description":{"urls":[]}},"followers_count":5512,"profile_sidebar_border_color":"C0DEED","id_str":"2722220787","profile_background_color":"C0DEED","listed_count":36,"is_translation_enabled":false,"utc_offset":null,"statuses_count":20752,"description":"⠀⠀ ⠀ ☔️ michael come threw☔️⠀ ⠀ ⠀ ⠀ ⠀ ⠀⠀ ⠀ ⠀ ⠀ ⠀ ⠀ ⠀ ⠀⠀⠀ 0/4 ⠀","friends_count":3914,"location":"","profile_link_color":"0084B4","profile_image_url":"http://pbs.twimg.com/profile_images/588891510504034304/aW9ECzMa_normal.jpg","following":false,"geo_enabled":false,"profile_banner_url":"https://pbs.twimg.com/profile_banners/2722220787/1418258597","profile_background_image_url":"http://abs.twimg.com/images/themes/theme1/bg.png","name":"Ashley | pls michael","lang":"en","profile_background_tile":false,"favourites_count":16927,"screen_name":"Mukesleeping","notifications":false,"url":"https://t.co/svJzt2a43n","created_at":"Wed Jul 23 23:16:10 +0000 2014","contributors_enabled":false,"time_zone":null,"protected":false,"default_profile":true,"is_translator":false},"geo":null,"in_reply_to_user_id_str":"488176442","lang":"und","created_at":"Mon Dec 15 01:11:43 +0000 2014","in_reply_to_status_id_str":"544298663061643264","place":null},
{"contributors":null,"truncated":false,"text":"@waverider_ I love youuuuuu","in_reply_to_status_id":544298663061643264,"id":544298739540582400,"favorite_count":0,"source":"<a href=\"http://twitter.com/download/iphone\" rel=\"nofollow\">Twitter for iPhone</a>","retweeted":false,"coordinates":null,"entities":{"symbols":[],"user_mentions":[{"id":488176442,"indices":[0,11],"id_str":"488176442","screen_name":"waverider_","name":"Liamthelion☯☮"}],"hashtags":[],"urls":[]},"in_reply_to_screen_name":"waverider_","id_str":"544298739540582400","retweet_count":0,"in_reply_to_user_id":488176442,"favorited":false,"user":{"follow_request_sent":false,"profile_use_background_image":true,"profile_text_color":"333333","default_profile_image":false,"id":2644429393,"profile_background_image_url_https":"https://abs.twimg.com/images/themes/theme1/bg.png","verified":false,"profile_location":null,"profile_image_url_https":"https://pbs.twimg.com/profile_images/544324612343873536/zS_yJh7U_normal.jpeg","profile_sidebar_fill_color":"DDEEF6","entities":{"description":{"urls":[]}},"followers_count":240,"profile_sidebar_border_color":"C0DEED","id_str":"2644429393","profile_background_color":"C0DEED","listed_count":6,"is_translation_enabled":false,"utc_offset":null,"statuses_count":2841,"description":"my parents warned me about drugs on the street, but not ones with blue eyes and heartbeat","friends_count":243,"location":"","profile_link_color":"0084B4","profile_image_url":"http://pbs.twimg.com/profile_images/544324612343873536/zS_yJh7U_normal.jpeg","following":false,"geo_enabled":false,"profile_banner_url":"https://pbs.twimg.com/profile_banners/2644429393/1406540917","profile_background_image_url":"http://abs.twimg.com/images/themes/theme1/bg.png","name":"please 5sos || Jesse","lang":"en","profile_background_tile":false,"favourites_count":570,"screen_name":"Jesseloves5sos","notifications":false,"url":null,"created_at":"Mon Jul 14 08:10:36 +0000 2014","contributors_enabled":false,"time_zone":null,"protected":false,"default_profile":true,"is_translator":false},"geo":null,"in_reply_to_user_id_str":"488176442","lang":"en","created_at":"Mon Dec 15 01:11:46 +0000 2014","in_reply_to_status_id_str":"544298663061643264","place":null},
{"contributors":null,"truncated":false,"text":"@waverider_ what happened?","in_reply_to_status_id":544298663061643264,"id":544298753449291776,"favorite_count":0,"source":"<a href=\"http://twitter.com/download/iphone\" rel=\"nofollow\">Twitter for iPhone</a>","retweeted":false,"coordinates":null,"entities":{"symbols":[],"user_mentions":[{"id":488176442,"indices":[0,11],"id_str":"488176442","screen_name":"waverider_","name":"Liamthelion☯☮"}],"hashtags":[],"urls":[]},"in_reply_to_screen_name":"waverider_","id_str":"544298753449291776","retweet_count":0,"in_reply_to_user_id":488176442,"favorited":false,"user":{"follow_request_sent":false,"profile_use_background_image":true,"profile_text_color":"333333","default_profile_image":false,"id":624835651,"profile_background_image_url_https":"https://pbs.twimg.com/profile_background_images/378800000056905519/25428cdab4cb34fc8db02bbefdf12a56.png","verified":false,"profile_location":null,"profile_image_url_https":"https://pbs.twimg.com/profile_images/568777699280551936/BmTlh-io_normal.jpeg","profile_sidebar_fill_color":"DDEEF6","entities":{"description":{"urls":[]}},"followers_count":382,"profile_sidebar_border_color":"FFFFFF","id_str":"624835651","profile_background_color":"709397","listed_count":1,"is_translation_enabled":false,"utc_offset":-14400,"statuses_count":1408,"description":"I DONT KNOW WHATS GOING ON 99% OF THE TIME","friends_count":1895,"location":"","profile_link_color":"FF3300","profile_image_url":"http://pbs.twimg.com/profile_images/568777699280551936/BmTlh-io_normal.jpeg","following":false,"geo_enabled":false,"profile_banner_url":"https://pbs.twimg.com/profile_banners/624835651/1408768381","profile_background_image_url":"http://pbs.twimg.com/profile_background_images/378800000056905519/25428cdab4cb34fc8db02bbefdf12a56.png","name":"Camryn✌️","lang":"en","profile_background_tile":true,"favourites_count":157,"screen_name":"XxCamrynHoranXx","notifications":false,"url":null,"created_at":"Mon Jul 02 17:09:31 +0000 2012","contributors_enabled":false,"time_zone":"Atlantic Time (Canada)","protected":false,"default_profile":false,"is_translator":false},"geo":null,"in_reply_to_user_id_str":"488176442","lang":"en","created_at":"Mon Dec 15 01:11:50 +0000 2014","in_reply_to_status_id_str":"544298663061643264","place":null},
{"contributors":null,"truncated":false,"text":"@waverider_ wait why","in_reply_to_status_id":544298663061643264,"id":544298755403816960,"favorite_count":0,"source":"<a href=\"http://twitter.com/download/iphone\" rel=\"nofollow\">Twitter for iPhone</a>","retweeted":false,"coordinates":null,"entities":{"symbols":[],"user_mentions":[{"id":488176442,"indices":[0,11],"id_str":"488176442","screen_name":"waverider_","name":"Liamthelion☯☮"}],"hashtags":[],"urls":[]},"in_reply_to_screen_name":"waverider_","id_str":"544298755403816960","retweet_count":0,"in_reply_to_user_id":488176442,"favorited":false,"user":{"follow_request_sent":false,"profile_use_background_image":true,"profile_text_color":"333333","default_profile_image":false,"id":2788293315,"profile_background_image_url_https":"https://abs.twimg.com/images/themes/theme1/bg.png","verified":false,"profile_location":null,"profile_image_url_https":"https://pbs.twimg.com/profile_images/556690801250828288/_Rh2Ax2s_normal.jpeg","profile_sidebar_fill_color":"DDEEF6","entities":{"description":{"urls":[]}},"followers_count":152,"profile_sidebar_border_color":"C0DEED","id_str":"2788293315","profile_background_color":"C0DEED","listed_count":0,"is_translation_enabled":false,"utc_offset":null,"statuses_count":639,"description":"bruh.","friends_count":233,"location":"","profile_link_color":"0084B4","profile_image_url":"http://pbs.twimg.com/profile_images/556690801250828288/_Rh2Ax2s_normal.jpeg","following":false,"geo_enabled":false,"profile_banner_url":"https://pbs.twimg.com/profile_banners/2788293315/1418780200","profile_background_image_url":"http://abs.twimg.com/images/themes/theme1/bg.png","name":"Valerie","lang":"en","profile_background_tile":false,"favourites_count":204,"screen_name":"FreakyyIrwin","notifications":false,"url":null,"created_at":"Sun Sep 28 01:30:02 +0000 2014","contributors_enabled":false,"time_zone":null,"protected":false,"default_profile":true,"is_translator":false},"geo":null,"in_reply_to_user_id_str":"488176442","lang":"en","created_at":"Mon Dec 15 01:11:50 +0000 2014","in_reply_to_status_id_str":"544298663061643264","place":null},
{"contributors":null,"truncated":false,"text":"@waverider_ what happened?!!!","in_reply_to_status_id":544298663061643264,"id":544298763238772736,"favorite_count":0,"source":"<a href=\"http://twitter.com/download/iphone\" rel=\"nofollow\">Twitter for iPhone</a>","retweeted":false,"coordinates":null,"entities":{"symbols":[],"user_mentions":[{"id":488176442,"indices":[0,11],"id_str":"488176442","screen_name":"waverider_","name":"Liamthelion☯☮"}],"hashtags":[],"urls":[]},"in_reply_to_screen_name":"waverider_","id_str":"544298763238772736","retweet_count":0,"in_reply_to_user_id":488176442,"favorited":false,"user":{"follow_request_sent":false,"profile_use_background_image":true,"profile_text_color":"333333","default_profile_image":false,"id":2578889441,"profile_background_image_url_https":"https://abs.twimg.com/images/themes/theme1/bg.png","verified":false,"profile_location":null,"profile_image_url_https":"https://pbs.twimg.com/profile_images/534545319912943617/HEyOGy_f_normal.jpeg","profile_sidebar_fill_color":"DDEEF6","entities":{"description":{"urls":[]}},"followers_count":203,"profile_sidebar_border_color":"C0DEED","id_str":"2578889441","profile_background_color":"C0DEED","listed_count":1,"is_translation_enabled":false,"utc_offset":null,"statuses_count":901,"description":"Niall af  wwa 8|17|14","friends_count":335,"location":"","profile_link_color":"0084B4","profile_image_url":"http://pbs.twimg.com/profile_images/534545319912943617/HEyOGy_f_normal.jpeg","following":false,"geo_enabled":false,"profile_banner_url":"https://pbs.twimg.com/profile_banners/2578889441/1416874825","profile_background_image_url":"http://abs.twimg.com/images/themes/theme1/bg.png","name":"PLEASE NIALL","lang":"en","profile_background_tile":false,"favourites_count":2029,"screen_name":"RitterRianna","notifications":false,"url":null,"created_at":"Tue Jun 03 00:03:30 +0000 2014","contributors_enabled":false,"time_zone":null,"protected":false,"default_profile":true,"is_translator":false},"geo":null,"in_reply_to_user_id_str":"488176442","lang":"en","created_at":"Mon Dec 15 01:11:52 +0000 2014","in_reply_to_status_id_str":"544298663061643264","place":null},
{"contributors":null,"truncated":false,"text":"@waverider_ what's going on??","in_reply_to_status_id":544298663061643264,"id":544298768821395456,"favorite_count":1,"source":"<a href=\"http://twitter.com/download/iphone\" rel=\"nofollow\">Twitter for iPhone</a>","retweeted":false,"coordinates":{"type":"Point","coordinates":[-79.27556892,37.28891654]},"entities":{"symbols":[],"user_mentions":[{"id":488176442,"indices":[0,11],"id_str":"488176442","screen_name":"waverider_","name":"Liamthelion☯☮"}],"hashtags":[],"urls":[]},"in_reply_to_screen_name":"waverider_","id_str":"544298768821395456","retweet_count":0,"in_reply_to_user_id":488176442,"favorited":false,"user":{"follow_request_sent":false,"profile_use_background_image":true,"profile_text_color":"333333","default_profile_image":false,"id":2168920623,"profile_background_image_url_https":"https://abs.twimg.com/images/themes/theme1/bg.png","verified":false,"profile_location":null,"profile_image_url_https":"https://pbs.twimg.com/profile_images/589442912150282241/YN_3S2H2_normal.jpg","profile_sidebar_fill_color":"DDEEF6","entities":{"description":{"urls":[]}},"followers_count":201,"profile_sidebar_border_color":"C0DEED","id_str":"2168920623","profile_background_color":"C0DEED","listed_count":1,"is_translation_enabled":false,"utc_offset":null,"statuses_count":1356,"description":"","friends_count":303,"location":"Lynchburg, VA","profile_link_color":"0084B4","profile_image_url":"http://pbs.twimg.com/profile_images/589442912150282241/YN_3S2H2_normal.jpg","following":false,"geo_enabled":true,"profile_banner_url":"https://pbs.twimg.com/profile_banners/2168920623/1418669564","profile_background_image_url":"http://abs.twimg.com/images/themes/theme1/bg.png","name":"Anna","lang":"en","profile_background_tile":false,"favourites_count":877,"screen_name":"anna_sisk","notifications":false,"url":null,"created_at":"Tue Nov 05 02:49:56 +0000 2013","contributors_enabled":false,"time_zone":null,"protected":false,"default_profile":true,"is_translator":false},"geo":{"type":"Point","coordinates":[37.28891654,-79.27556892]},"in_reply_to_user_id_str":"488176442","lang":"en","created_at":"Mon Dec 15 01:11:53 +0000 2014","in_reply_to_status_id_str":"544298663061643264","place":{"full_name":"Virginia, US","url":"https://api.twitter.com/1.1/geo/id/5635c19c2b5078d1.json","country":"United States","place_type":"admin","bounding_box":{"type":"Polygon","coordinates":[[[-83.67529,36.540739],[-75.16644,36.540739],[-75.16644,39.466012],[-83.67529,39.466012]]]},"contained_within":[],"country_code":"US","attributes":{},"id":"5635c19c2b5078d1","name":"Virginia"}},
{"contributors":null,"truncated":false,"text":"@waverider_ what's going on in Sydney?","in_reply_to_status_id":544298663061643264,"id":544298788761116672,"favorite_count":1,"source":"<a href=\"http://twitter.com/download/iphone\" rel=\"nofollow\">Twitter for iPhone</a>","retweeted":false,"coordinates":null,"entities":{"symbols":[],"user_mentions":[{"id":488176442,"indices":[0,11],"id_str":"488176442","screen_name":"waverider_","name":"Liamthelion☯☮"}],"hashtags":[],"urls":[]},"in_reply_to_screen_name":"waverider_","id_str":"544298788761116672","retweet_count":0,"in_reply_to_user_id":488176442,"favorited":false,"user":{"follow_request_sent":false,"profile_use_background_image":false,"profile_text_color":"000000","default_profile_image":false,"id":2762271200,"profile_background_image_url_https":"https://abs.twimg.com/images/themes/theme1/bg.png","verified":false,"profile_location":null,"profile_image_url_https":"https://pbs.twimg.com/profile_images/582195749917573120/pnLybNKE_normal.jpg","profile_sidebar_fill_color":"000000","entities":{"description":{"urls":[]}},"followers_count":158,"profile_sidebar_border_color":"000000","id_str":"2762271200","profile_background_color":"000000","listed_count":1,"is_translation_enabled":false,"utc_offset":null,"statuses_count":3474,"description":"❥Larry is real.❥ \n♡Nothing can come between Oops and Hi♡\n∞IG-adoring.larry∞","friends_count":29,"location":"","profile_link_color":"F5ABB5","profile_image_url":"http://pbs.twimg.com/profile_images/582195749917573120/pnLybNKE_normal.jpg","following":false,"geo_enabled":false,"profile_banner_url":"https://pbs.twimg.com/profile_banners/2762271200/1415741700","profile_background_image_url":"http://abs.twimg.com/images/themes/theme1/bg.png","name":"Jasmine","lang":"en","profile_background_tile":false,"favourites_count":3639,"screen_name":"Adoring2larry","notifications":false,"url":null,"created_at":"Sun Aug 24 12:28:40 +0000 2014","contributors_enabled":false,"time_zone":null,"protected":false,"default_profile":false,"is_translator":false},"geo":null,"in_reply_to_user_id_str":"488176442","lang":"en","created_at":"Mon Dec 15 01:11:58 +0000 2014","in_reply_to_status_id_str":"544298663061643264","place":null},
{"contributors":null,"truncated":false,"text":"@waverider_ what happened?","in_reply_to_status_id":544298663061643264,"id":544298792082608128,"favorite_count":0,"source":"<a href=\"http://twitter.com/download/iphone\" rel=\"nofollow\">Twitter for iPhone</a>","retweeted":false,"coordinates":null,"entities":{"symbols":[],"user_mentions":[{"id":488176442,"indices":[0,11],"id_str":"488176442","screen_name":"waverider_","name":"Liamthelion☯☮"}],"hashtags":[],"urls":[]},"in_reply_to_screen_name":"waverider_","id_str":"544298792082608128","retweet_count":0,"in_reply_to_user_id":488176442,"favorited":false,"user":{"follow_request_sent":false,"profile_use_background_image":true,"profile_text_color":"666666","default_profile_image":false,"id":554708521,"profile_background_image_url_https":"https://pbs.twimg.com/profile_background_images/437315614739161089/gIlg5NgQ.jpeg","verified":false,"profile_location":null,"profile_image_url_https":"https://pbs.twimg.com/profile_images/534844759026589696/OzmZNn0k_normal.jpeg","profile_sidebar_fill_color":"252429","entities":{"description":{"urls":[]}},"followers_count":921,"profile_sidebar_border_color":"FFFFFF","id_str":"554708521","profile_background_color":"1A1B1F","listed_count":0,"is_translation_enabled":false,"utc_offset":-18000,"statuses_count":5642,"description":"they're doing it, they're taking on the world","friends_count":1972,"location":"8/16/14","profile_link_color":"2FC2EF","profile_image_url":"http://pbs.twimg.com/profile_images/534844759026589696/OzmZNn0k_normal.jpeg","following":false,"geo_enabled":false,"profile_banner_url":"https://pbs.twimg.com/profile_banners/554708521/1418785514","profile_background_image_url":"http://pbs.twimg.com/profile_background_images/437315614739161089/gIlg5NgQ.jpeg","name":"karaline:)","lang":"en","profile_background_tile":false,"favourites_count":1835,"screen_name":"KaraKittenxx","notifications":false,"url":null,"created_at":"Sun Apr 15 23:19:43 +0000 2012","contributors_enabled":false,"time_zone":"Eastern Time (US & Canada)","protected":false,"default_profile":false,"is_translator":false},"geo":null,"in_reply_to_user_id_str":"488176442","lang":"en","created_at":"Mon Dec 15 01:11:59 +0000 2014","in_reply_to_status_id_str":"544298663061643264","place":null},
{"contributors":null,"truncated":false,"text":"@waverider_  what is happening ?😰","in_reply_to_status_id":544298663061643264,"id":544298800701915138,"favorite_count":0,"source":"<a href=\"http://twitter.com/#!/download/ipad\" rel=\"nofollow\">Twitter for iPad</a>","retweeted":false,"coordinates":null,"entities":{"symbols":[],"user_mentions":[{"id":488176442,"indices":[0,11],"id_str":"488176442","screen_name":"waverider_","name":"Liamthelion☯☮"}],"hashtags":[],"urls":[]},"in_reply_to_screen_name":"waverider_","id_str":"544298800701915138","retweet_count":0,"in_reply_to_user_id":488176442,"favorited":false,"user":{"follow_request_sent":false,"profile_use_background_image":true,"profile_text_color":"333333","default_profile_image":false,"id":2538274052,"profile_background_image_url_https":"https://abs.twimg.com/images/themes/theme1/bg.png","verified":false,"profile_location":null,"profile_image_url_https":"https://pbs.twimg.com/profile_images/586487370473541632/9tC6vH--_normal.jpg","profile_sidebar_fill_color":"DDEEF6","entities":{"description":{"urls":[]}},"followers_count":371,"profile_sidebar_border_color":"C0DEED","id_str":"2538274052","profile_background_color":"C0DEED","listed_count":3,"is_translation_enabled":false,"utc_offset":null,"statuses_count":1407,"description":"WHY DO YOU NEED BRA WHEN JAMES YAMMOUNI HAVE 2 HANDS?!","friends_count":955,"location":"","profile_link_color":"0084B4","profile_image_url":"http://pbs.twimg.com/profile_images/586487370473541632/9tC6vH--_normal.jpg","following":false,"geo_enabled":true,"profile_banner_url":"https://pbs.twimg.com/profile_banners/2538274052/1416953754","profile_background_image_url":"http://abs.twimg.com/images/themes/theme1/bg.png","name":"~JAI~","lang":"ar","profile_background_tile":false,"favourites_count":1294,"screen_name":"JemzAnaconda","notifications":false,"url":null,"created_at":"Sat May 31 21:57:51 +0000 2014","contributors_enabled":false,"time_zone":null,"protected":false,"default_profile":true,"is_translator":false},"geo":null,"in_reply_to_user_id_str":"488176442","lang":"en","created_at":"Mon Dec 15 01:12:01 +0000 2014","in_reply_to_status_id_str":"544298663061643264","place":null},
{"contributors":null,"truncated":false,"text":"@waverider_ wait what happened ?","in_reply_to_status_id":544298663061643264,"id":544298813935341568,"favorite_count":1,"source":"<a href=\"http://twitter.com/download/iphone\" rel=\"nofollow\">Twitter for iPhone</a>","retweeted":false,"coordinates":null,"entities":{"symbols":[],"user_mentions":[{"id":488176442,"indices":[0,11],"id_str":"488176442","screen_name":"waverider_","name":"Liamthelion☯☮"}],"hashtags":[],"urls":[]},"in_reply_to_screen_name":"waverider_","id_str":"544298813935341568","retweet_count":0,"in_reply_to_user_id":488176442,"favorited":false,"user":{"follow_request_sent":false,"profile_use_background_image":false,"profile_text_color":"000000","default_profile_image":false,"id":2545014912,"profile_background_image_url_https":"https://abs.twimg.com/images/themes/theme1/bg.png","verified":false,"profile_location":null,"profile_image_url_https":"https://pbs.twimg.com/profile_images/515925011002294273/tQzpOpyO_normal.jpeg","profile_sidebar_fill_color":"000000","entities":{"url":{"urls":[{"url":"http://t.co/i5ctYZuFWK","indices":[0,22],"expanded_url":"http://ugh-like-can-u-not.tumblr.com","display_url":"ugh-like-can-u-not.tumblr.com"}]},"description":{"urls":[]}},"followers_count":440,"profile_sidebar_border_color":"000000","id_str":"2545014912","profile_background_color":"000000","listed_count":1,"is_translation_enabled":false,"utc_offset":-18000,"statuses_count":1531,"description":"1/6 || the internet is pretty cool so thats why im on here a lot","friends_count":1100,"location":"","profile_link_color":"79BAD1","profile_image_url":"http://pbs.twimg.com/profile_images/515925011002294273/tQzpOpyO_normal.jpeg","following":false,"geo_enabled":false,"profile_banner_url":"https://pbs.twimg.com/profile_banners/2545014912/1411645662","profile_background_image_url":"http://abs.twimg.com/images/themes/theme1/bg.png","name":"∞ | x","lang":"en","profile_background_tile":false,"favourites_count":1474,"screen_name":"majestico2l","notifications":false,"url":"http://t.co/i5ctYZuFWK","created_at":"Wed Jun 04 02:20:44 +0000 2014","contributors_enabled":false,"time_zone":"Eastern Time (US & Canada)","protected":false,"default_profile":false,"is_translator":false},"geo":null,"in_reply_to_user_id_str":"488176442","lang":"en","created_at":"Mon Dec 15 01:12:04 +0000 2014","in_reply_to_status_id_str":"544298663061643264","place":null},
{"contributors":null,"truncated":false,"text":"@waverider_ what why","in_reply_to_status_id":544298663061643264,"id":544298814178623488,"favorite_count":0,"source":"<a href=\"http://twitter.com/download/android\" rel=\"nofollow\">Twitter for Android</a>","retweeted":false,"coordinates":null,"entities":{"symbols":[],"user_mentions":[{"id":488176442,"indices":[0,11],"id_str":"488176442","screen_name":"waverider_","name":"Liamthelion☯☮"}],"hashtags":[],"urls":[]},"in_reply_to_screen_name":"waverider_","id_str":"544298814178623488","retweet_count":0,"in_reply_to_user_id":488176442,"favorited":false,"user":{"follow_request_sent":false,"profile_use_background_image":true,"profile_text_color":"333333","default_profile_image":false,"id":2359296135,"profile_background_image_url_https":"https://pbs.twimg.com/profile_background_images/520354129386811392/1RZWURMv.png","verified":false,"profile_location":null,"profile_image_url_https":"https://pbs.twimg.com/profile_images/587717670549749761/CmOwhkBu_normal.jpg","profile_sidebar_fill_color":"DDEEF6","entities":{"description":{"urls":[]}},"followers_count":415,"profile_sidebar_border_color":"000000","id_str":"2359296135","profile_background_color":"94D487","listed_count":2,"is_translation_enabled":false,"utc_offset":null,"statuses_count":1504,"description":"I forgot how many days until I get to see my boys. 1/5 of Janoskians follow","friends_count":1034,"location":"Virginia","profile_link_color":"DD2E44","profile_image_url":"http://pbs.twimg.com/profile_images/587717670549749761/CmOwhkBu_normal.jpg","following":false,"geo_enabled":false,"profile_banner_url":"https://pbs.twimg.com/profile_banners/2359296135/1414869721","profile_background_image_url":"http://pbs.twimg.com/profile_background_images/520354129386811392/1RZWURMv.png","name":"hell","lang":"en","profile_background_tile":true,"favourites_count":6448,"screen_name":"kailyn040","notifications":false,"url":null,"created_at":"Sat Feb 22 20:17:28 +0000 2014","contributors_enabled":false,"time_zone":null,"protected":false,"default_profile":false,"is_translator":false},"geo":null,"in_reply_to_user_id_str":"488176442","lang":"en","created_at":"Mon Dec 15 01:12:04 +0000 2014","in_reply_to_status_id_str":"544298663061643264","place":null},
{"contributors":null,"truncated":false,"text":"@waverider_ wait what?","in_reply_to_status_id":544298663061643264,"id":544298829231964160,"favorite_count":0,"source":"<a href=\"http://twitter.com/#!/download/ipad\" rel=\"nofollow\">Twitter for iPad</a>","retweeted":false,"coordinates":null,"entities":{"symbols":[],"user_mentions":[{"id":488176442,"indices":[0,11],"id_str":"488176442","screen_name":"waverider_","name":"Liamthelion☯☮"}],"hashtags":[],"urls":[]},"in_reply_to_screen_name":"waverider_","id_str":"544298829231964160","retweet_count":0,"in_reply_to_user_id":488176442,"favorited":false,"user":{"follow_request_sent":false,"profile_use_background_image":true,"profile_text_color":"333333","default_profile_image":false,"id":613870438,"profile_background_image_url_https":"https://abs.twimg.com/images/themes/theme1/bg.png","verified":false,"profile_location":null,"profile_image_url_https":"https://pbs.twimg.com/profile_images/585461865075105792/6LVi4CTd_normal.jpg","profile_sidebar_fill_color":"DDEEF6","entities":{"description":{"urls":[]}},"followers_count":350,"profile_sidebar_border_color":"C0DEED","id_str":"613870438","profile_background_color":"C0DEED","listed_count":0,"is_translation_enabled":false,"utc_offset":null,"statuses_count":2219,"description":"Instagram: @toxxichemmings","friends_count":334,"location":"0/4","profile_link_color":"0084B4","profile_image_url":"http://pbs.twimg.com/profile_images/585461865075105792/6LVi4CTd_normal.jpg","following":false,"geo_enabled":true,"profile_banner_url":"https://pbs.twimg.com/profile_banners/613870438/1418103130","profile_background_image_url":"http://abs.twimg.com/images/themes/theme1/bg.png","name":"Liam is bae af","lang":"en","profile_background_tile":false,"favourites_count":8081,"screen_name":"KeelyNelson474","notifications":false,"url":null,"created_at":"Wed Jun 20 23:58:02 +0000 2012","contributors_enabled":false,"time_zone":null,"protected":false,"default_profile":true,"is_translator":false},"geo":null,"in_reply_to_user_id_str":"488176442","lang":"en","created_at":"Mon Dec 15 01:12:08 +0000 2014","in_reply_to_status_id_str":"544298663061643264","place":null},
{"contributors":null,"truncated":false,"text":"@waverider_ what happened??","in_reply_to_status_id":544298663061643264,"id":544298852644552704,"favorite_count":0,"source":"<a href=\"http://twitter.com/#!/download/ipad\" rel=\"nofollow\">Twitter for iPad</a>","retweeted":false,"coordinates":null,"entities":{"symbols":[],"user_mentions":[{"id":488176442,"indices":[0,11],"id_str":"488176442","screen_name":"waverider_","name":"Liamthelion☯☮"}],"hashtags":[],"urls":[]},"in_reply_to_screen_name":"waverider_","id_str":"544298852644552704","retweet_count":0,"in_reply_to_user_id":488176442,"favorited":false,"user":{"follow_request_sent":false,"profile_use_background_image":true,"profile_text_color":"333333","default_profile_image":false,"id":613870438,"profile_background_image_url_https":"https://abs.twimg.com/images/themes/theme1/bg.png","verified":false,"profile_location":null,"profile_image_url_https":"https://pbs.twimg.com/profile_images/585461865075105792/6LVi4CTd_normal.jpg","profile_sidebar_fill_color":"DDEEF6","entities":{"description":{"urls":[]}},"followers_count":350,"profile_sidebar_border_color":"C0DEED","id_str":"613870438","profile_background_color":"C0DEED","listed_count":0,"is_translation_enabled":false,"utc_offset":null,"statuses_count":2219,"description":"Instagram: @toxxichemmings","friends_count":334,"location":"0/4","profile_link_color":"0084B4","profile_image_url":"http://pbs.twimg.com/profile_images/585461865075105792/6LVi4CTd_normal.jpg","following":false,"geo_enabled":true,"profile_banner_url":"https://pbs.twimg.com/profile_banners/613870438/1418103130","profile_background_image_url":"http://abs.twimg.com/images/themes/theme1/bg.png","name":"Liam is bae af","lang":"en","profile_background_tile":false,"favourites_count":8081,"screen_name":"KeelyNelson474","notifications":false,"url":null,"created_at":"Wed Jun 20 23:58:02 +0000 2012","contributors_enabled":false,"time_zone":null,"protected":false,"default_profile":true,"is_translator":false},"geo":null,"in_reply_to_user_id_str":"488176442","lang":"en","created_at":"Mon Dec 15 01:12:13 +0000 2014","in_reply_to_status_id_str":"544298663061643264","place":null},
{"contributors":null,"truncated":false,"text":"@waverider_ what happened","in_reply_to_status_id":544298663061643264,"id":544298867446263808,"favorite_count":0,"source":"<a href=\"http://twitter.com/download/iphone\" rel=\"nofollow\">Twitter for iPhone</a>","retweeted":false,"coordinates":null,"entities":{"symbols":[],"user_mentions":[{"id":488176442,"indices":[0,11],"id_str":"488176442","screen_name":"waverider_","name":"Liamthelion☯☮"}],"hashtags":[],"urls":[]},"in_reply_to_screen_name":"waverider_","id_str":"544298867446263808","retweet_count":0,"in_reply_to_user_id":488176442,"favorited":false,"user":{"follow_request_sent":false,"profile_use_background_image":false,"profile_text_color":"000000","default_profile_image":false,"id":2763531567,"profile_background_image_url_https":"https://abs.twimg.com/images/themes/theme1/bg.png","verified":false,"profile_location":null,"profile_image_url_https":"https://pbs.twimg.com/profile_images/566220864522575872/leKGTzvX_normal.jpeg","profile_sidebar_fill_color":"000000","entities":{"description":{"urls":[]}},"followers_count":420,"profile_sidebar_border_color":"000000","id_str":"2763531567","profile_background_color":"000000","listed_count":3,"is_translation_enabled":false,"utc_offset":null,"statuses_count":5185,"description":"i just love a lot of people that dont know i exist","friends_count":451,"location":"","profile_link_color":"00FFFF","profile_image_url":"http://pbs.twimg.com/profile_images/566220864522575872/leKGTzvX_normal.jpeg","following":false,"geo_enabled":false,"profile_banner_url":"https://pbs.twimg.com/profile_banners/2763531567/1418259347","profile_background_image_url":"http://abs.twimg.com/images/themes/theme1/bg.png","name":"brooke ❥","lang":"en","profile_background_tile":false,"favourites_count":6835,"screen_name":"mgkftjustin","notifications":false,"url":null,"created_at":"Sat Sep 06 23:51:00 +0000 2014","contributors_enabled":false,"time_zone":null,"protected":false,"default_profile":false,"is_translator":false},"geo":null,"in_reply_to_user_id_str":"488176442","lang":"en","created_at":"Mon Dec 15 01:12:17 +0000 2014","in_reply_to_status_id_str":"544298663061643264","place":null},
{"contributors":null,"truncated":false,"text":"@waverider_ I love you more than pizza. But shhh don't tell pizza!","in_reply_to_status_id":544298663061643264,"id":544298880200740864,"favorite_count":1,"source":"<a href=\"http://twitter.com/download/iphone\" rel=\"nofollow\">Twitter for iPhone</a>","retweeted":false,"coordinates":null,"entities":{"symbols":[],"user_mentions":[{"id":488176442,"indices":[0,11],"id_str":"488176442","screen_name":"waverider_","name":"Liamthelion☯☮"}],"hashtags":[],"urls":[]},"in_reply_to_screen_name":"waverider_","id_str":"544298880200740864","retweet_count":0,"in_reply_to_user_id":488176442,"favorited":false,"user":{"follow_request_sent":false,"profile_use_background_image":true,"profile_text_color":"333333","default_profile_image":false,"id":2644429393,"profile_background_image_url_https":"https://abs.twimg.com/images/themes/theme1/bg.png","verified":false,"profile_location":null,"profile_image_url_https":"https://pbs.twimg.com/profile_images/544324612343873536/zS_yJh7U_normal.jpeg","profile_sidebar_fill_color":"DDEEF6","entities":{"description":{"urls":[]}},"followers_count":240,"profile_sidebar_border_color":"C0DEED","id_str":"2644429393","profile_background_color":"C0DEED","listed_count":6,"is_translation_enabled":false,"utc_offset":null,"statuses_count":2841,"description":"my parents warned me about drugs on the street, but not ones with blue eyes and heartbeat","friends_count":243,"location":"","profile_link_color":"0084B4","profile_image_url":"http://pbs.twimg.com/profile_images/544324612343873536/zS_yJh7U_normal.jpeg","following":false,"geo_enabled":false,"profile_banner_url":"https://pbs.twimg.com/profile_banners/2644429393/1406540917","profile_background_image_url":"http://abs.twimg.com/images/themes/theme1/bg.png","name":"please 5sos || Jesse","lang":"en","profile_background_tile":false,"favourites_count":570,"screen_name":"Jesseloves5sos","notifications":false,"url":null,"created_at":"Mon Jul 14 08:10:36 +0000 2014","contributors_enabled":false,"time_zone":null,"protected":false,"default_profile":true,"is_translator":false},"geo":null,"in_reply_to_user_id_str":"488176442","lang":"en","created_at":"Mon Dec 15 01:12:20 +0000 2014","in_reply_to_status_id_str":"544298663061643264","place":null},
{"contributors":null,"truncated":false,"text":"@waverider_ what happened???","in_reply_to_status_id":544298663061643264,"id":544298920462262272,"favorite_count":1,"source":"<a href=\"http://twitter.com/download/android\" rel=\"nofollow\">Twitter for Android</a>","retweeted":false,"coordinates":null,"entities":{"symbols":[],"user_mentions":[{"id":488176442,"indices":[0,11],"id_str":"488176442","screen_name":"waverider_","name":"Liamthelion☯☮"}],"hashtags":[],"urls":[]},"in_reply_to_screen_name":"waverider_","id_str":"544298920462262272","retweet_count":0,"in_reply_to_user_id":488176442,"favorited":false,"user":{"follow_request_sent":false,"profile_use_background_image":true,"profile_text_color":"333333","default_profile_image":false,"id":2251013233,"profile_background_image_url_https":"https://pbs.twimg.com/profile_background_images/437090021879717889/V2ELUtgh.png","verified":false,"profile_location":null,"profile_image_url_https":"https://pbs.twimg.com/profile_images/581472981810958336/qquLAy5r_normal.jpg","profile_sidebar_fill_color":"DDEEF6","entities":{"description":{"urls":[]}},"followers_count":323,"profile_sidebar_border_color":"FFFFFF","id_str":"2251013233","profile_background_color":"BADFCD","listed_count":3,"is_translation_enabled":false,"utc_offset":-25200,"statuses_count":5342,"description":"hi hey hi","friends_count":540,"location":"tucson","profile_link_color":"FF0000","profile_image_url":"http://pbs.twimg.com/profile_images/581472981810958336/qquLAy5r_normal.jpg","following":false,"geo_enabled":false,"profile_banner_url":"https://pbs.twimg.com/profile_banners/2251013233/1417237361","profile_background_image_url":"http://pbs.twimg.com/profile_background_images/437090021879717889/V2ELUtgh.png","name":"waverider","lang":"en","profile_background_tile":true,"favourites_count":3512,"screen_name":"narreh_feels","notifications":false,"url":null,"created_at":"Tue Dec 17 21:41:23 +0000 2013","contributors_enabled":false,"time_zone":"Arizona","protected":false,"default_profile":false,"is_translator":false},"geo":null,"in_reply_to_user_id_str":"488176442","lang":"en","created_at":"Mon Dec 15 01:12:29 +0000 2014","in_reply_to_status_id_str":"544298663061643264","place":null},
{"contributors":null,"truncated":false,"text":"@waverider_ I'm going there for 3 weeks tomorrow I'm really scared now","in_reply_to_status_id":544298663061643264,"id":544298945279574017,"favorite_count":0,"source":"<a href=\"http://twitter.com\" rel=\"nofollow\">Twitter Web Client</a>","retweeted":false,"coordinates":null,"entities":{"symbols":[],"user_mentions":[{"id":488176442,"indices":[0,11],"id_str":"488176442","screen_name":"waverider_","name":"Liamthelion☯☮"}],"hashtags":[],"urls":[]},"in_reply_to_screen_name":"waverider_","id_str":"544298945279574017","retweet_count":0,"in_reply_to_user_id":488176442,"favorited":false,"user":{"follow_request_sent":false,"profile_use_background_image":true,"profile_text_color":"000000","default_profile_image":false,"id":2841941971,"profile_background_image_url_https":"https://abs.twimg.com/images/themes/theme10/bg.gif","verified":false,"profile_location":null,"profile_image_url_https":"https://pbs.twimg.com/profile_images/540098012488298496/K_h5fHpx_normal.jpeg","profile_sidebar_fill_color":"000000","entities":{"description":{"urls":[]}},"followers_count":726,"profile_sidebar_border_color":"000000","id_str":"2841941971","profile_background_color":"F5ABB5","listed_count":6,"is_translation_enabled":false,"utc_offset":36000,"statuses_count":4529,"description":"The last song we're gonna play is a cover of BARBIE GIRL!!","friends_count":578,"location":"queensland, australia","profile_link_color":"F5ABB5","profile_image_url":"http://pbs.twimg.com/profile_images/540098012488298496/K_h5fHpx_normal.jpeg","following":false,"geo_enabled":false,"profile_banner_url":"https://pbs.twimg.com/profile_banners/2841941971/1417604390","profile_background_image_url":"http://abs.twimg.com/images/themes/theme10/bg.gif","name":"michael clifford","lang":"en-gb","profile_background_tile":true,"favourites_count":1651,"screen_name":"nickelbackxmgc","notifications":false,"url":null,"created_at":"Mon Oct 06 02:54:53 +0000 2014","contributors_enabled":false,"time_zone":"Brisbane","protected":false,"default_profile":false,"is_translator":false},"geo":null,"in_reply_to_user_id_str":"488176442","lang":"en","created_at":"Mon Dec 15 01:12:35 +0000 2014","in_reply_to_status_id_str":"544298663061643264","place":null},
{"contributors":null,"truncated":false,"text":"@waverider_ People are being held hostage at a cafe.","in_reply_to_status_id":544298663061643264,"id":544299096559722496,"favorite_count":1,"source":"<a href=\"http://twitter.com/download/iphone\" rel=\"nofollow\">Twitter for iPhone</a>","retweeted":false,"coordinates":null,"entities":{"symbols":[],"user_mentions":[{"id":488176442,"indices":[0,11],"id_str":"488176442","screen_name":"waverider_","name":"Liamthelion☯☮"}],"hashtags":[],"urls":[]},"in_reply_to_screen_name":"waverider_","id_str":"544299096559722496","retweet_count":0,"in_reply_to_user_id":488176442,"favorited":false,"user":{"follow_request_sent":false,"profile_use_background_image":true,"profile_text_color":"000000","default_profile_image":false,"id":991953229,"profile_background_image_url_https":"https://pbs.twimg.com/profile_background_images/451189564841787393/JdwM9ZYv.png","verified":false,"profile_location":null,"profile_image_url_https":"https://pbs.twimg.com/profile_images/581644019765133312/f4tK_042_normal.jpg","profile_sidebar_fill_color":"FFFFFF","entities":{"description":{"urls":[]}},"followers_count":180,"profile_sidebar_border_color":"FFFFFF","id_str":"991953229","profile_background_color":"FFFFFF","listed_count":1,"is_translation_enabled":false,"utc_offset":-28800,"statuses_count":2704,"description":"It’s the middle of the night and I’m so gone.","friends_count":210,"location":"","profile_link_color":"ED269D","profile_image_url":"http://pbs.twimg.com/profile_images/581644019765133312/f4tK_042_normal.jpg","following":false,"geo_enabled":true,"profile_banner_url":"https://pbs.twimg.com/profile_banners/991953229/1418115301","profile_background_image_url":"http://pbs.twimg.com/profile_background_images/451189564841787393/JdwM9ZYv.png","name":"Adrian","lang":"en","profile_background_tile":true,"favourites_count":221,"screen_name":"GAYDRIAN_","notifications":false,"url":null,"created_at":"Wed Dec 05 22:48:32 +0000 2012","contributors_enabled":false,"time_zone":"Pacific Time (US & Canada)","protected":false,"default_profile":false,"is_translator":false},"geo":null,"in_reply_to_user_id_str":"488176442","lang":"en","created_at":"Mon Dec 15 01:13:11 +0000 2014","in_reply_to_status_id_str":"544298663061643264","place":null},
{"contributors":null,"truncated":false,"text":"@waverider_ Like I honestly thought this bs died months ago last time I was in Sydney (September)","in_reply_to_status_id":544298945279574017,"id":544299301677985792,"favorite_count":1,"source":"<a href=\"http://twitter.com\" rel=\"nofollow\">Twitter Web Client</a>","retweeted":false,"coordinates":null,"entities":{"symbols":[],"user_mentions":[{"id":488176442,"indices":[0,11],"id_str":"488176442","screen_name":"waverider_","name":"Liamthelion☯☮"}],"hashtags":[],"urls":[]},"in_reply_to_screen_name":"nickelbackxmgc","id_str":"544299301677985792","retweet_count":0,"in_reply_to_user_id":2841941971,"favorited":false,"user":{"follow_request_sent":false,"profile_use_background_image":true,"profile_text_color":"000000","default_profile_image":false,"id":2841941971,"profile_background_image_url_https":"https://abs.twimg.com/images/themes/theme10/bg.gif","verified":false,"profile_location":null,"profile_image_url_https":"https://pbs.twimg.com/profile_images/540098012488298496/K_h5fHpx_normal.jpeg","profile_sidebar_fill_color":"000000","entities":{"description":{"urls":[]}},"followers_count":735,"profile_sidebar_border_color":"000000","id_str":"2841941971","profile_background_color":"F5ABB5","listed_count":6,"is_translation_enabled":false,"utc_offset":36000,"statuses_count":4550,"description":"The last song we're gonna play is a cover of BARBIE GIRL!!","friends_count":587,"location":"queensland, australia","profile_link_color":"F5ABB5","profile_image_url":"http://pbs.twimg.com/profile_images/540098012488298496/K_h5fHpx_normal.jpeg","following":false,"geo_enabled":false,"profile_banner_url":"https://pbs.twimg.com/profile_banners/2841941971/1417604390","profile_background_image_url":"http://abs.twimg.com/images/themes/theme10/bg.gif","name":"michael clifford","lang":"en-gb","profile_background_tile":true,"favourites_count":1663,"screen_name":"nickelbackxmgc","notifications":false,"url":null,"created_at":"Mon Oct 06 02:54:53 +0000 2014","contributors_enabled":false,"time_zone":"Brisbane","protected":false,"default_profile":false,"is_translator":false},"geo":null,"in_reply_to_user_id_str":"2841941971","lang":"en","created_at":"Mon Dec 15 01:14:00 +0000 2014","in_reply_to_status_id_str":"544298945279574017","place":null},
{"contributors":null,"truncated":false,"text":"@mgkftjustin @waverider_ terrorism","in_reply_to_status_id":544298867446263808,"id":544425862079057920,"favorite_count":0,"source":"<a href=\"http://twitter.com\" rel=\"nofollow\">Twitter Web Client</a>","retweeted":false,"coordinates":null,"entities":{"symbols":[],"user_mentions":[{"id":2763531567,"indices":[0,12],"id_str":"2763531567","screen_name":"mgkftjustin","name":"brooke ❥"},{"id":488176442,"indices":[13,24],"id_str":"488176442","screen_name":"waverider_","name":"Liamthelion☯☮"}],"hashtags":[],"urls":[]},"in_reply_to_screen_name":"mgkftjustin","id_str":"544425862079057920","retweet_count":0,"in_reply_to_user_id":2763531567,"favorited":false,"user":{"follow_request_sent":false,"profile_use_background_image":true,"profile_text_color":"333333","default_profile_image":false,"id":2659335253,"profile_background_image_url_https":"https://abs.twimg.com/images/themes/theme1/bg.png","verified":false,"profile_location":null,"profile_image_url_https":"https://pbs.twimg.com/profile_images/574086286098612227/sIlUSMwL_normal.jpeg","profile_sidebar_fill_color":"DDEEF6","entities":{"url":{"urls":[{"url":"http://t.co/DiV3RdobyC","indices":[0,22],"expanded_url":"http://www.instagram.com/chrislanzonfans","display_url":"instagram.com/chrislanzonfans"}]},"description":{"urls":[]}},"followers_count":59,"profile_sidebar_border_color":"C0DEED","id_str":"2659335253","profile_background_color":"C0DEED","listed_count":0,"is_translation_enabled":false,"utc_offset":36000,"statuses_count":316,"description":"cняιѕ Ɩαηzση ιѕ Ɩιfє","friends_count":34,"location":"ѕу∂ηєу αυѕтяαℓια","profile_link_color":"0084B4","profile_image_url":"http://pbs.twimg.com/profile_images/574086286098612227/sIlUSMwL_normal.jpeg","following":false,"geo_enabled":false,"profile_background_image_url":"http://abs.twimg.com/images/themes/theme1/bg.png","name":"Chris Lanzon","lang":"en","profile_background_tile":false,"favourites_count":7,"screen_name":"ChrisLanzonFans","notifications":false,"url":"http://t.co/DiV3RdobyC","created_at":"Sat Jul 19 11:50:20 +0000 2014","contributors_enabled":false,"time_zone":"Brisbane","protected":false,"default_profile":true,"is_translator":false},"geo":null,"in_reply_to_user_id_str":"2763531567","lang":"es","created_at":"Mon Dec 15 09:36:55 +0000 2014","in_reply_to_status_id_str":"544298867446263808","place":null},
{"contributors":null,"truncated":false,"text":"@KeelyNelson474 @waverider_  terrorism","in_reply_to_status_id":544298852644552704,"id":544425877849640960,"favorite_count":0,"source":"<a href=\"http://twitter.com\" rel=\"nofollow\">Twitter Web Client</a>","retweeted":false,"coordinates":null,"entities":{"symbols":[],"user_mentions":[{"id":613870438,"indices":[0,15],"id_str":"613870438","screen_name":"KeelyNelson474","name":"Liam is bae af"},{"id":488176442,"indices":[16,27],"id_str":"488176442","screen_name":"waverider_","name":"Liamthelion☯☮"}],"hashtags":[],"urls":[]},"in_reply_to_screen_name":"KeelyNelson474","id_str":"544425877849640960","retweet_count":0,"in_reply_to_user_id":613870438,"favorited":false,"user":{"follow_request_sent":false,"profile_use_background_image":true,"profile_text_color":"333333","default_profile_image":false,"id":2659335253,"profile_background_image_url_https":"https://abs.twimg.com/images/themes/theme1/bg.png","verified":false,"profile_location":null,"profile_image_url_https":"https://pbs.twimg.com/profile_images/574086286098612227/sIlUSMwL_normal.jpeg","profile_sidebar_fill_color":"DDEEF6","entities":{"url":{"urls":[{"url":"http://t.co/DiV3RdobyC","indices":[0,22],"expanded_url":"http://www.instagram.com/chrislanzonfans","display_url":"instagram.com/chrislanzonfans"}]},"description":{"urls":[]}},"followers_count":59,"profile_sidebar_border_color":"C0DEED","id_str":"2659335253","profile_background_color":"C0DEED","listed_count":0,"is_translation_enabled":false,"utc_offset":36000,"statuses_count":316,"description":"cняιѕ Ɩαηzση ιѕ Ɩιfє","friends_count":34,"location":"ѕу∂ηєу αυѕтяαℓια","profile_link_color":"0084B4","profile_image_url":"http://pbs.twimg.com/profile_images/574086286098612227/sIlUSMwL_normal.jpeg","following":false,"geo_enabled":false,"profile_background_image_url":"http://abs.twimg.com/images/themes/theme1/bg.png","name":"Chris Lanzon","lang":"en","profile_background_tile":false,"favourites_count":7,"screen_name":"ChrisLanzonFans","notifications":false,"url":"http://t.co/DiV3RdobyC","created_at":"Sat Jul 19 11:50:20 +0000 2014","contributors_enabled":false,"time_zone":"Brisbane","protected":false,"default_profile":true,"is_translator":false},"geo":null,"in_reply_to_user_id_str":"613870438","lang":"es","created_at":"Mon Dec 15 09:36:58 +0000 2014","in_reply_to_status_id_str":"544298852644552704","place":null},
{"contributors":null,"truncated":false,"text":"@kailyn040 @waverider_  terrorism","in_reply_to_status_id":544298814178623488,"id":544425888209567744,"favorite_count":0,"source":"<a href=\"http://twitter.com\" rel=\"nofollow\">Twitter Web Client</a>","retweeted":false,"coordinates":null,"entities":{"symbols":[],"user_mentions":[{"id":2359296135,"indices":[0,10],"id_str":"2359296135","screen_name":"kailyn040","name":"hell"},{"id":488176442,"indices":[11,22],"id_str":"488176442","screen_name":"waverider_","name":"Liamthelion☯☮"}],"hashtags":[],"urls":[]},"in_reply_to_screen_name":"kailyn040","id_str":"544425888209567744","retweet_count":0,"in_reply_to_user_id":2359296135,"favorited":false,"user":{"follow_request_sent":false,"profile_use_background_image":true,"profile_text_color":"333333","default_profile_image":false,"id":2659335253,"profile_background_image_url_https":"https://abs.twimg.com/images/themes/theme1/bg.png","verified":false,"profile_location":null,"profile_image_url_https":"https://pbs.twimg.com/profile_images/574086286098612227/sIlUSMwL_normal.jpeg","profile_sidebar_fill_color":"DDEEF6","entities":{"url":{"urls":[{"url":"http://t.co/DiV3RdobyC","indices":[0,22],"expanded_url":"http://www.instagram.com/chrislanzonfans","display_url":"instagram.com/chrislanzonfans"}]},"description":{"urls":[]}},"followers_count":59,"profile_sidebar_border_color":"C0DEED","id_str":"2659335253","profile_background_color":"C0DEED","listed_count":0,"is_translation_enabled":false,"utc_offset":36000,"statuses_count":316,"description":"cняιѕ Ɩαηzση ιѕ Ɩιfє","friends_count":34,"location":"ѕу∂ηєу αυѕтяαℓια","profile_link_color":"0084B4","profile_image_url":"http://pbs.twimg.com/profile_images/574086286098612227/sIlUSMwL_normal.jpeg","following":false,"geo_enabled":false,"profile_background_image_url":"http://abs.twimg.com/images/themes/theme1/bg.png","name":"Chris Lanzon","lang":"en","profile_background_tile":false,"favourites_count":7,"screen_name":"ChrisLanzonFans","notifications":false,"url":"http://t.co/DiV3RdobyC","created_at":"Sat Jul 19 11:50:20 +0000 2014","contributors_enabled":false,"time_zone":"Brisbane","protected":false,"default_profile":true,"is_translator":false},"geo":null,"in_reply_to_user_id_str":"2359296135","lang":"es","created_at":"Mon Dec 15 09:37:01 +0000 2014","in_reply_to_status_id_str":"544298814178623488","place":null},
{"contributors":null,"truncated":false,"text":"@majestico2l @waverider_  terrorism","in_reply_to_status_id":544298813935341568,"id":544425926293868546,"favorite_count":0,"source":"<a href=\"http://twitter.com\" rel=\"nofollow\">Twitter Web Client</a>","retweeted":false,"coordinates":null,"entities":{"symbols":[],"user_mentions":[{"id":2545014912,"indices":[0,12],"id_str":"2545014912","screen_name":"majestico2l","name":"∞ | x"},{"id":488176442,"indices":[13,24],"id_str":"488176442","screen_name":"waverider_","name":"Liamthelion☯☮"}],"hashtags":[],"urls":[]},"in_reply_to_screen_name":"majestico2l","id_str":"544425926293868546","retweet_count":0,"in_reply_to_user_id":2545014912,"favorited":false,"user":{"follow_request_sent":false,"profile_use_background_image":true,"profile_text_color":"333333","default_profile_image":false,"id":2659335253,"profile_background_image_url_https":"https://abs.twimg.com/images/themes/theme1/bg.png","verified":false,"profile_location":null,"profile_image_url_https":"https://pbs.twimg.com/profile_images/574086286098612227/sIlUSMwL_normal.jpeg","profile_sidebar_fill_color":"DDEEF6","entities":{"url":{"urls":[{"url":"http://t.co/DiV3RdobyC","indices":[0,22],"expanded_url":"http://www.instagram.com/chrislanzonfans","display_url":"instagram.com/chrislanzonfans"}]},"description":{"urls":[]}},"followers_count":59,"profile_sidebar_border_color":"C0DEED","id_str":"2659335253","profile_background_color":"C0DEED","listed_count":0,"is_translation_enabled":false,"utc_offset":36000,"statuses_count":316,"description":"cняιѕ Ɩαηzση ιѕ Ɩιfє","friends_count":34,"location":"ѕу∂ηєу αυѕтяαℓια","profile_link_color":"0084B4","profile_image_url":"http://pbs.twimg.com/profile_images/574086286098612227/sIlUSMwL_normal.jpeg","following":false,"geo_enabled":false,"profile_background_image_url":"http://abs.twimg.com/images/themes/theme1/bg.png","name":"Chris Lanzon","lang":"en","profile_background_tile":false,"favourites_count":7,"screen_name":"ChrisLanzonFans","notifications":false,"url":"http://t.co/DiV3RdobyC","created_at":"Sat Jul 19 11:50:20 +0000 2014","contributors_enabled":false,"time_zone":"Brisbane","protected":false,"default_profile":true,"is_translator":false},"geo":null,"in_reply_to_user_id_str":"2545014912","lang":"es","created_at":"Mon Dec 15 09:37:10 +0000 2014","in_reply_to_status_id_str":"544298813935341568","place":null},
{"contributors":null,"truncated":false,"text":"@JemzAnaconda @waverider_  terrorism","in_reply_to_status_id":544298800701915138,"id":544425937689780225,"favorite_count":0,"source":"<a href=\"http://twitter.com\" rel=\"nofollow\">Twitter Web Client</a>","retweeted":false,"coordinates":null,"entities":{"symbols":[],"user_mentions":[{"id":2538274052,"indices":[0,13],"id_str":"2538274052","screen_name":"JemzAnaconda","name":"~JAI~"},{"id":488176442,"indices":[14,25],"id_str":"488176442","screen_name":"waverider_","name":"Liamthelion☯☮"}],"hashtags":[],"urls":[]},"in_reply_to_screen_name":"JemzAnaconda","id_str":"544425937689780225","retweet_count":0,"in_reply_to_user_id":2538274052,"favorited":false,"user":{"follow_request_sent":false,"profile_use_background_image":true,"profile_text_color":"333333","default_profile_image":false,"id":2659335253,"profile_background_image_url_https":"https://abs.twimg.com/images/themes/theme1/bg.png","verified":false,"profile_location":null,"profile_image_url_https":"https://pbs.twimg.com/profile_images/574086286098612227/sIlUSMwL_normal.jpeg","profile_sidebar_fill_color":"DDEEF6","entities":{"url":{"urls":[{"url":"http://t.co/DiV3RdobyC","indices":[0,22],"expanded_url":"http://www.instagram.com/chrislanzonfans","display_url":"instagram.com/chrislanzonfans"}]},"description":{"urls":[]}},"followers_count":59,"profile_sidebar_border_color":"C0DEED","id_str":"2659335253","profile_background_color":"C0DEED","listed_count":0,"is_translation_enabled":false,"utc_offset":36000,"statuses_count":316,"description":"cняιѕ Ɩαηzση ιѕ Ɩιfє","friends_count":34,"location":"ѕу∂ηєу αυѕтяαℓια","profile_link_color":"0084B4","profile_image_url":"http://pbs.twimg.com/profile_images/574086286098612227/sIlUSMwL_normal.jpeg","following":false,"geo_enabled":false,"profile_background_image_url":"http://abs.twimg.com/images/themes/theme1/bg.png","name":"Chris Lanzon","lang":"en","profile_background_tile":false,"favourites_count":7,"screen_name":"ChrisLanzonFans","notifications":false,"url":"http://t.co/DiV3RdobyC","created_at":"Sat Jul 19 11:50:20 +0000 2014","contributors_enabled":false,"time_zone":"Brisbane","protected":false,"default_profile":true,"is_translator":false},"geo":null,"in_reply_to_user_id_str":"2538274052","lang":"es","created_at":"Mon Dec 15 09:37:13 +0000 2014","in_reply_to_status_id_str":"544298800701915138","place":null},
{"contributors":null,"truncated":false,"text":"@KaraKittenxx @waverider_  terrorism","in_reply_to_status_id":544298792082608128,"id":544425948783730688,"favorite_count":0,"source":"<a href=\"http://twitter.com\" rel=\"nofollow\">Twitter Web Client</a>","retweeted":false,"coordinates":null,"entities":{"symbols":[],"user_mentions":[{"id":554708521,"indices":[0,13],"id_str":"554708521","screen_name":"KaraKittenxx","name":"karaline:)"},{"id":488176442,"indices":[14,25],"id_str":"488176442","screen_name":"waverider_","name":"Liamthelion☯☮"}],"hashtags":[],"urls":[]},"in_reply_to_screen_name":"KaraKittenxx","id_str":"544425948783730688","retweet_count":0,"in_reply_to_user_id":554708521,"favorited":false,"user":{"follow_request_sent":false,"profile_use_background_image":true,"profile_text_color":"333333","default_profile_image":false,"id":2659335253,"profile_background_image_url_https":"https://abs.twimg.com/images/themes/theme1/bg.png","verified":false,"profile_location":null,"profile_image_url_https":"https://pbs.twimg.com/profile_images/574086286098612227/sIlUSMwL_normal.jpeg","profile_sidebar_fill_color":"DDEEF6","entities":{"url":{"urls":[{"url":"http://t.co/DiV3RdobyC","indices":[0,22],"expanded_url":"http://www.instagram.com/chrislanzonfans","display_url":"instagram.com/chrislanzonfans"}]},"description":{"urls":[]}},"followers_count":59,"profile_sidebar_border_color":"C0DEED","id_str":"2659335253","profile_background_color":"C0DEED","listed_count":0,"is_translation_enabled":false,"utc_offset":36000,"statuses_count":316,"description":"cняιѕ Ɩαηzση ιѕ Ɩιfє","friends_count":34,"location":"ѕу∂ηєу αυѕтяαℓια","profile_link_color":"0084B4","profile_image_url":"http://pbs.twimg.com/profile_images/574086286098612227/sIlUSMwL_normal.jpeg","following":false,"geo_enabled":false,"profile_background_image_url":"http://abs.twimg.com/images/themes/theme1/bg.png","name":"Chris Lanzon","lang":"en","profile_background_tile":false,"favourites_count":7,"screen_name":"ChrisLanzonFans","notifications":false,"url":"http://t.co/DiV3RdobyC","created_at":"Sat Jul 19 11:50:20 +0000 2014","contributors_enabled":false,"time_zone":"Brisbane","protected":false,"default_profile":true,"is_translator":false},"geo":null,"in_reply_to_user_id_str":"554708521","lang":"es","created_at":"Mon Dec 15 09:37:15 +0000 2014","in_reply_to_status_id_str":"544298792082608128","place":null},
{"contributors":null,"truncated":false,"text":"@Adoring2larry @waverider_  terrorism","in_reply_to_status_id":544298788761116672,"id":544425960078983170,"favorite_count":1,"source":"<a href=\"http://twitter.com\" rel=\"nofollow\">Twitter Web Client</a>","retweeted":false,"coordinates":null,"entities":{"symbols":[],"user_mentions":[{"id":2762271200,"indices":[0,14],"id_str":"2762271200","screen_name":"Adoring2larry","name":"Jasmine"},{"id":488176442,"indices":[15,26],"id_str":"488176442","screen_name":"waverider_","name":"Liamthelion☯☮"}],"hashtags":[],"urls":[]},"in_reply_to_screen_name":"Adoring2larry","id_str":"544425960078983170","retweet_count":0,"in_reply_to_user_id":2762271200,"favorited":false,"user":{"follow_request_sent":false,"profile_use_background_image":true,"profile_text_color":"333333","default_profile_image":false,"id":2659335253,"profile_background_image_url_https":"https://abs.twimg.com/images/themes/theme1/bg.png","verified":false,"profile_location":null,"profile_image_url_https":"https://pbs.twimg.com/profile_images/574086286098612227/sIlUSMwL_normal.jpeg","profile_sidebar_fill_color":"DDEEF6","entities":{"url":{"urls":[{"url":"http://t.co/DiV3RdobyC","indices":[0,22],"expanded_url":"http://www.instagram.com/chrislanzonfans","display_url":"instagram.com/chrislanzonfans"}]},"description":{"urls":[]}},"followers_count":59,"profile_sidebar_border_color":"C0DEED","id_str":"2659335253","profile_background_color":"C0DEED","listed_count":0,"is_translation_enabled":false,"utc_offset":36000,"statuses_count":316,"description":"cняιѕ Ɩαηzση ιѕ Ɩιfє","friends_count":34,"location":"ѕу∂ηєу αυѕтяαℓια","profile_link_color":"0084B4","profile_image_url":"http://pbs.twimg.com/profile_images/574086286098612227/sIlUSMwL_normal.jpeg","following":false,"geo_enabled":false,"profile_background_image_url":"http://abs.twimg.com/images/themes/theme1/bg.png","name":"Chris Lanzon","lang":"en","profile_background_tile":false,"favourites_count":7,"screen_name":"ChrisLanzonFans","notifications":false,"url":"http://t.co/DiV3RdobyC","created_at":"Sat Jul 19 11:50:20 +0000 2014","contributors_enabled":false,"time_zone":"Brisbane","protected":false,"default_profile":true,"is_translator":false},"geo":null,"in_reply_to_user_id_str":"2762271200","lang":"es","created_at":"Mon Dec 15 09:37:18 +0000 2014","in_reply_to_status_id_str":"544298788761116672","place":null},
{"contributors":null,"truncated":false,"text":"@anna_sisk @waverider_  terrorism","in_reply_to_status_id":544298768821395456,"id":544425973605605377,"favorite_count":0,"source":"<a href=\"http://twitter.com\" rel=\"nofollow\">Twitter Web Client</a>","retweeted":false,"coordinates":null,"entities":{"symbols":[],"user_mentions":[{"id":2168920623,"indices":[0,10],"id_str":"2168920623","screen_name":"anna_sisk","name":"Anna"},{"id":488176442,"indices":[11,22],"id_str":"488176442","screen_name":"waverider_","name":"Liamthelion☯☮"}],"hashtags":[],"urls":[]},"in_reply_to_screen_name":"anna_sisk","id_str":"544425973605605377","retweet_count":0,"in_reply_to_user_id":2168920623,"favorited":false,"user":{"follow_request_sent":false,"profile_use_background_image":true,"profile_text_color":"333333","default_profile_image":false,"id":2659335253,"profile_background_image_url_https":"https://abs.twimg.com/images/themes/theme1/bg.png","verified":false,"profile_location":null,"profile_image_url_https":"https://pbs.twimg.com/profile_images/574086286098612227/sIlUSMwL_normal.jpeg","profile_sidebar_fill_color":"DDEEF6","entities":{"url":{"urls":[{"url":"http://t.co/DiV3RdobyC","indices":[0,22],"expanded_url":"http://www.instagram.com/chrislanzonfans","display_url":"instagram.com/chrislanzonfans"}]},"description":{"urls":[]}},"followers_count":59,"profile_sidebar_border_color":"C0DEED","id_str":"2659335253","profile_background_color":"C0DEED","listed_count":0,"is_translation_enabled":false,"utc_offset":36000,"statuses_count":316,"description":"cняιѕ Ɩαηzση ιѕ Ɩιfє","friends_count":34,"location":"ѕу∂ηєу αυѕтяαℓια","profile_link_color":"0084B4","profile_image_url":"http://pbs.twimg.com/profile_images/574086286098612227/sIlUSMwL_normal.jpeg","following":false,"geo_enabled":false,"profile_background_image_url":"http://abs.twimg.com/images/themes/theme1/bg.png","name":"Chris Lanzon","lang":"en","profile_background_tile":false,"favourites_count":7,"screen_name":"ChrisLanzonFans","notifications":false,"url":"http://t.co/DiV3RdobyC","created_at":"Sat Jul 19 11:50:20 +0000 2014","contributors_enabled":false,"time_zone":"Brisbane","protected":false,"default_profile":true,"is_translator":false},"geo":null,"in_reply_to_user_id_str":"2168920623","lang":"es","created_at":"Mon Dec 15 09:37:21 +0000 2014","in_reply_to_status_id_str":"544298768821395456","place":null},
{"contributors":null,"truncated":false,"text":"@RitterRianna @waverider_  terrorism","in_reply_to_status_id":544298763238772736,"id":544425996443590658,"favorite_count":0,"source":"<a href=\"http://twitter.com\" rel=\"nofollow\">Twitter Web Client</a>","retweeted":false,"coordinates":null,"entities":{"symbols":[],"user_mentions":[{"id":2578889441,"indices":[0,13],"id_str":"2578889441","screen_name":"RitterRianna","name":"PLEASE NIALL"},{"id":488176442,"indices":[14,25],"id_str":"488176442","screen_name":"waverider_","name":"Liamthelion☯☮"}],"hashtags":[],"urls":[]},"in_reply_to_screen_name":"RitterRianna","id_str":"544425996443590658","retweet_count":0,"in_reply_to_user_id":2578889441,"favorited":false,"user":{"follow_request_sent":false,"profile_use_background_image":true,"profile_text_color":"333333","default_profile_image":false,"id":2659335253,"profile_background_image_url_https":"https://abs.twimg.com/images/themes/theme1/bg.png","verified":false,"profile_location":null,"profile_image_url_https":"https://pbs.twimg.com/profile_images/574086286098612227/sIlUSMwL_normal.jpeg","profile_sidebar_fill_color":"DDEEF6","entities":{"url":{"urls":[{"url":"http://t.co/DiV3RdobyC","indices":[0,22],"expanded_url":"http://www.instagram.com/chrislanzonfans","display_url":"instagram.com/chrislanzonfans"}]},"description":{"urls":[]}},"followers_count":59,"profile_sidebar_border_color":"C0DEED","id_str":"2659335253","profile_background_color":"C0DEED","listed_count":0,"is_translation_enabled":false,"utc_offset":36000,"statuses_count":316,"description":"cняιѕ Ɩαηzση ιѕ Ɩιfє","friends_count":34,"location":"ѕу∂ηєу αυѕтяαℓια","profile_link_color":"0084B4","profile_image_url":"http://pbs.twimg.com/profile_images/574086286098612227/sIlUSMwL_normal.jpeg","following":false,"geo_enabled":false,"profile_background_image_url":"http://abs.twimg.com/images/themes/theme1/bg.png","name":"Chris Lanzon","lang":"en","profile_background_tile":false,"favourites_count":7,"screen_name":"ChrisLanzonFans","notifications":false,"url":"http://t.co/DiV3RdobyC","created_at":"Sat Jul 19 11:50:20 +0000 2014","contributors_enabled":false,"time_zone":"Brisbane","protected":false,"default_profile":true,"is_translator":false},"geo":null,"in_reply_to_user_id_str":"2578889441","lang":"es","created_at":"Mon Dec 15 09:37:27 +0000 2014","in_reply_to_status_id_str":"544298763238772736","place":null},
{"contributors":null,"truncated":false,"text":"@FreakyyIrwin @waverider_  terrorism","in_reply_to_status_id":544298755403816960,"id":544426017310257152,"favorite_count":0,"source":"<a href=\"http://twitter.com\" rel=\"nofollow\">Twitter Web Client</a>","retweeted":false,"coordinates":null,"entities":{"symbols":[],"user_mentions":[{"id":2788293315,"indices":[0,13],"id_str":"2788293315","screen_name":"FreakyyIrwin","name":"Valerie"},{"id":488176442,"indices":[14,25],"id_str":"488176442","screen_name":"waverider_","name":"Liamthelion☯☮"}],"hashtags":[],"urls":[]},"in_reply_to_screen_name":"FreakyyIrwin","id_str":"544426017310257152","retweet_count":0,"in_reply_to_user_id":2788293315,"favorited":false,"user":{"follow_request_sent":false,"profile_use_background_image":true,"profile_text_color":"333333","default_profile_image":false,"id":2659335253,"profile_background_image_url_https":"https://abs.twimg.com/images/themes/theme1/bg.png","verified":false,"profile_location":null,"profile_image_url_https":"https://pbs.twimg.com/profile_images/574086286098612227/sIlUSMwL_normal.jpeg","profile_sidebar_fill_color":"DDEEF6","entities":{"url":{"urls":[{"url":"http://t.co/DiV3RdobyC","indices":[0,22],"expanded_url":"http://www.instagram.com/chrislanzonfans","display_url":"instagram.com/chrislanzonfans"}]},"description":{"urls":[]}},"followers_count":59,"profile_sidebar_border_color":"C0DEED","id_str":"2659335253","profile_background_color":"C0DEED","listed_count":0,"is_translation_enabled":false,"utc_offset":36000,"statuses_count":316,"description":"cняιѕ Ɩαηzση ιѕ Ɩιfє","friends_count":34,"location":"ѕу∂ηєу αυѕтяαℓια","profile_link_color":"0084B4","profile_image_url":"http://pbs.twimg.com/profile_images/574086286098612227/sIlUSMwL_normal.jpeg","following":false,"geo_enabled":false,"profile_background_image_url":"http://abs.twimg.com/images/themes/theme1/bg.png","name":"Chris Lanzon","lang":"en","profile_background_tile":false,"favourites_count":7,"screen_name":"ChrisLanzonFans","notifications":false,"url":"http://t.co/DiV3RdobyC","created_at":"Sat Jul 19 11:50:20 +0000 2014","contributors_enabled":false,"time_zone":"Brisbane","protected":false,"default_profile":true,"is_translator":false},"geo":null,"in_reply_to_user_id_str":"2788293315","lang":"es","created_at":"Mon Dec 15 09:37:32 +0000 2014","in_reply_to_status_id_str":"544298755403816960","place":null},
{"contributors":null,"truncated":false,"text":"@XxCamrynHoranXx @waverider_  terrorism","in_reply_to_status_id":544298753449291776,"id":544426028513234944,"favorite_count":0,"source":"<a href=\"http://twitter.com\" rel=\"nofollow\">Twitter Web Client</a>","retweeted":false,"coordinates":null,"entities":{"symbols":[],"user_mentions":[{"id":624835651,"indices":[0,16],"id_str":"624835651","screen_name":"XxCamrynHoranXx","name":"Camryn✌️"},{"id":488176442,"indices":[17,28],"id_str":"488176442","screen_name":"waverider_","name":"Liamthelion☯☮"}],"hashtags":[],"urls":[]},"in_reply_to_screen_name":"XxCamrynHoranXx","id_str":"544426028513234944","retweet_count":0,"in_reply_to_user_id":624835651,"favorited":false,"user":{"follow_request_sent":false,"profile_use_background_image":true,"profile_text_color":"333333","default_profile_image":false,"id":2659335253,"profile_background_image_url_https":"https://abs.twimg.com/images/themes/theme1/bg.png","verified":false,"profile_location":null,"profile_image_url_https":"https://pbs.twimg.com/profile_images/574086286098612227/sIlUSMwL_normal.jpeg","profile_sidebar_fill_color":"DDEEF6","entities":{"url":{"urls":[{"url":"http://t.co/DiV3RdobyC","indices":[0,22],"expanded_url":"http://www.instagram.com/chrislanzonfans","display_url":"instagram.com/chrislanzonfans"}]},"description":{"urls":[]}},"followers_count":59,"profile_sidebar_border_color":"C0DEED","id_str":"2659335253","profile_background_color":"C0DEED","listed_count":0,"is_translation_enabled":false,"utc_offset":36000,"statuses_count":316,"description":"cняιѕ Ɩαηzση ιѕ Ɩιfє","friends_count":34,"location":"ѕу∂ηєу αυѕтяαℓια","profile_link_color":"0084B4","profile_image_url":"http://pbs.twimg.com/profile_images/574086286098612227/sIlUSMwL_normal.jpeg","following":false,"geo_enabled":false,"profile_background_image_url":"http://abs.twimg.com/images/themes/theme1/bg.png","name":"Chris Lanzon","lang":"en","profile_background_tile":false,"favourites_count":7,"screen_name":"ChrisLanzonFans","notifications":false,"url":"http://t.co/DiV3RdobyC","created_at":"Sat Jul 19 11:50:20 +0000 2014","contributors_enabled":false,"time_zone":"Brisbane","protected":false,"default_profile":true,"is_translator":false},"geo":null,"in_reply_to_user_id_str":"624835651","lang":"es","created_at":"Mon Dec 15 09:37:34 +0000 2014","in_reply_to_status_id_str":"544298753449291776","place":null},
{"contributors":null,"truncated":false,"text":"@Mukesleeping @waverider_  terrorism","in_reply_to_status_id":544298725808799744,"id":544426038764122112,"favorite_count":1,"source":"<a href=\"http://twitter.com\" rel=\"nofollow\">Twitter Web Client</a>","retweeted":false,"coordinates":null,"entities":{"symbols":[],"user_mentions":[{"id":2722220787,"indices":[0,13],"id_str":"2722220787","screen_name":"Mukesleeping","name":"Ashley | pls michael"},{"id":488176442,"indices":[14,25],"id_str":"488176442","screen_name":"waverider_","name":"Liamthelion☯☮"}],"hashtags":[],"urls":[]},"in_reply_to_screen_name":"Mukesleeping","id_str":"544426038764122112","retweet_count":0,"in_reply_to_user_id":2722220787,"favorited":false,"user":{"follow_request_sent":false,"profile_use_background_image":true,"profile_text_color":"333333","default_profile_image":false,"id":2659335253,"profile_background_image_url_https":"https://abs.twimg.com/images/themes/theme1/bg.png","verified":false,"profile_location":null,"profile_image_url_https":"https://pbs.twimg.com/profile_images/574086286098612227/sIlUSMwL_normal.jpeg","profile_sidebar_fill_color":"DDEEF6","entities":{"url":{"urls":[{"url":"http://t.co/DiV3RdobyC","indices":[0,22],"expanded_url":"http://www.instagram.com/chrislanzonfans","display_url":"instagram.com/chrislanzonfans"}]},"description":{"urls":[]}},"followers_count":59,"profile_sidebar_border_color":"C0DEED","id_str":"2659335253","profile_background_color":"C0DEED","listed_count":0,"is_translation_enabled":false,"utc_offset":36000,"statuses_count":316,"description":"cняιѕ Ɩαηzση ιѕ Ɩιfє","friends_count":34,"location":"ѕу∂ηєу αυѕтяαℓια","profile_link_color":"0084B4","profile_image_url":"http://pbs.twimg.com/profile_images/574086286098612227/sIlUSMwL_normal.jpeg","following":false,"geo_enabled":false,"profile_background_image_url":"http://abs.twimg.com/images/themes/theme1/bg.png","name":"Chris Lanzon","lang":"en","profile_background_tile":false,"favourites_count":7,"screen_name":"ChrisLanzonFans","notifications":false,"url":"http://t.co/DiV3RdobyC","created_at":"Sat Jul 19 11:50:20 +0000 2014","contributors_enabled":false,"time_zone":"Brisbane","protected":false,"default_profile":true,"is_translator":false},"geo":null,"in_reply_to_user_id_str":"2722220787","lang":"es","created_at":"Mon Dec 15 09:37:37 +0000 2014","in_reply_to_status_id_str":"544298725808799744","place":null},
{"contributors":null,"truncated":false,"text":"@ChrisLanzonFans @waverider_  oh that's awful","in_reply_to_status_id":544425973605605377,"id":544461940186415104,"favorite_count":1,"source":"<a href=\"http://twitter.com/download/iphone\" rel=\"nofollow\">Twitter for iPhone</a>","retweeted":false,"coordinates":{"type":"Point","coordinates":[-79.27556892,37.28891654]},"entities":{"symbols":[],"user_mentions":[{"id":2659335253,"indices":[0,16],"id_str":"2659335253","screen_name":"ChrisLanzonFans","name":"Chris Lanzon"},{"id":488176442,"indices":[17,28],"id_str":"488176442","screen_name":"waverider_","name":"Liamthelion☯☮"}],"hashtags":[],"urls":[]},"in_reply_to_screen_name":"ChrisLanzonFans","id_str":"544461940186415104","retweet_count":1,"in_reply_to_user_id":2659335253,"favorited":false,"user":{"follow_request_sent":false,"profile_use_background_image":true,"profile_text_color":"333333","default_profile_image":false,"id":2168920623,"profile_background_image_url_https":"https://abs.twimg.com/images/themes/theme1/bg.png","verified":false,"profile_location":null,"profile_image_url_https":"https://pbs.twimg.com/profile_images/589442912150282241/YN_3S2H2_normal.jpg","profile_sidebar_fill_color":"DDEEF6","entities":{"description":{"urls":[]}},"followers_count":200,"profile_sidebar_border_color":"C0DEED","id_str":"2168920623","profile_background_color":"C0DEED","listed_count":1,"is_translation_enabled":false,"utc_offset":null,"statuses_count":1357,"description":"","friends_count":302,"location":"Lynchburg, VA","profile_link_color":"0084B4","profile_image_url":"http://pbs.twimg.com/profile_images/589442912150282241/YN_3S2H2_normal.jpg","following":false,"geo_enabled":true,"profile_banner_url":"https://pbs.twimg.com/profile_banners/2168920623/1418669564","profile_background_image_url":"http://abs.twimg.com/images/themes/theme1/bg.png","name":"Anna","lang":"en","profile_background_tile":false,"favourites_count":877,"screen_name":"anna_sisk","notifications":false,"url":null,"created_at":"Tue Nov 05 02:49:56 +0000 2013","contributors_enabled":false,"time_zone":null,"protected":false,"default_profile":true,"is_translator":false},"geo":{"type":"Point","coordinates":[37.28891654,-79.27556892]},"in_reply_to_user_id_str":"2659335253","lang":"en","created_at":"Mon Dec 15 12:00:16 +0000 2014","in_reply_to_status_id_str":"544425973605605377","place":{"full_name":"Virginia, US","url":"https://api.twitter.com/1.1/geo/id/5635c19c2b5078d1.json","country":"United States","place_type":"admin","bounding_box":{"type":"Polygon","coordinates":[[[-83.67529,36.540739],[-75.16644,36.540739],[-75.16644,39.466012],[-83.67529,39.466012]]]},"contained_within":[],"country_code":"US","attributes":{},"id":"5635c19c2b5078d1","name":"Virginia"}},
{"contributors":null,"truncated":false,"text":"@ChrisLanzonFans @waverider_ O","in_reply_to_status_id":544426038764122112,"id":544463482385870848,"favorite_count":1,"source":"<a href=\"http://twitter.com/download/iphone\" rel=\"nofollow\">Twitter for iPhone</a>","retweeted":false,"coordinates":null,"entities":{"symbols":[],"user_mentions":[{"id":2659335253,"indices":[0,16],"id_str":"2659335253","screen_name":"ChrisLanzonFans","name":"Chris Lanzon"},{"id":488176442,"indices":[17,28],"id_str":"488176442","screen_name":"waverider_","name":"Liamthelion☯☮"}],"hashtags":[],"urls":[]},"in_reply_to_screen_name":"ChrisLanzonFans","id_str":"544463482385870848","retweet_count":1,"in_reply_to_user_id":2659335253,"favorited":false,"user":{"follow_request_sent":false,"profile_use_background_image":true,"profile_text_color":"333333","default_profile_image":false,"id":2722220787,"profile_background_image_url_https":"https://abs.twimg.com/images/themes/theme1/bg.png","verified":false,"profile_location":null,"profile_image_url_https":"https://pbs.twimg.com/profile_images/588891510504034304/aW9ECzMa_normal.jpg","profile_sidebar_fill_color":"DDEEF6","entities":{"url":{"urls":[{"url":"https://t.co/svJzt2a43n","indices":[0,23],"expanded_url":"https://twitter.com/mukesleeping/status/518891370157989888","display_url":"twitter.com/mukesleeping/s…"}]},"description":{"urls":[]}},"followers_count":5525,"profile_sidebar_border_color":"C0DEED","id_str":"2722220787","profile_background_color":"C0DEED","listed_count":36,"is_translation_enabled":false,"utc_offset":null,"statuses_count":20792,"description":"⠀⠀ ⠀ ☔️ michael come threw☔️⠀ ⠀ ⠀ ⠀ ⠀ ⠀⠀ ⠀ ⠀ ⠀ ⠀ ⠀ ⠀ ⠀⠀⠀ 0/4 ⠀","friends_count":3917,"location":"","profile_link_color":"0084B4","profile_image_url":"http://pbs.twimg.com/profile_images/588891510504034304/aW9ECzMa_normal.jpg","following":false,"geo_enabled":false,"profile_banner_url":"https://pbs.twimg.com/profile_banners/2722220787/1418258597","profile_background_image_url":"http://abs.twimg.com/images/themes/theme1/bg.png","name":"Ashley | pls michael","lang":"en","profile_background_tile":false,"favourites_count":16978,"screen_name":"Mukesleeping","notifications":false,"url":"https://t.co/svJzt2a43n","created_at":"Wed Jul 23 23:16:10 +0000 2014","contributors_enabled":false,"time_zone":null,"protected":false,"default_profile":true,"is_translator":false},"geo":null,"in_reply_to_user_id_str":"2659335253","lang":"und","created_at":"Mon Dec 15 12:06:24 +0000 2014","in_reply_to_status_id_str":"544426038764122112","place":null}
]