[{"contributors":null,"truncated":false,"text":"“@Reuters: Hostages held in Sydney cafe, Islamic flag seen in window: local TV http://t.co/6dEIU25ofw” #Sydney","in_reply_to_status_id":544282449388519424,"id":544282601151037441,"favorite_count":0,"source":"<a href=\"http://twitter.com/download/iphone\" rel=\"nofollow\">Twitter for iPhone</a>","retweeted":false,"coordinates":null,"entities":{"symbols":[],"user_mentions":[{"id":1652541,"indices":[1,9],"id_str":"1652541","screen_name":"Reuters","name":"Reuters Top News"}],"hashtags":[{"indices":[103,110],"text":"Sydney"}],"urls":[{"url":"http://t.co/6dEIU25ofw","indices":[79,101],"expanded_url":"http://reut.rs/1xiOVNc","display_url":"reut.rs/1xiOVNc"}]},"in_reply_to_screen_name":"Reuters","id_str":"544282601151037441","retweet_count":0,"in_reply_to_user_id":1652541,"favorited":false,"user":{"follow_request_sent":false,"profile_use_background_image":true,"profile_text_color":"3C3940","default_profile_image":false,"id":120233447,"profile_background_image_url_https":"https://pbs.twimg.com/profile_background_images/472386890495045632/IchG9O6N.jpeg","verified":false,"profile_location":null,"profile_image_url_https":"https://pbs.twimg.com/profile_images/477009715499913216/ZpkM-Cox_normal.jpeg","profile_sidebar_fill_color":"DCF9FA","entities":{"url":{"urls":[{"url":"http://t.co/SLM6H4UcQO","indices":[0,22],"expanded_url":"http://jasonbourn.livejournal.com","display_url":"jasonbourn.livejournal.com"}]},"description":{"urls":[]}},"followers_count":1727,"profile_sidebar_border_color":"FFFFFF","id_str":"120233447","profile_background_color":"0099B9","listed_count":32,"is_translation_enabled":false,"utc_offset":14400,"statuses_count":38523,"description":"Твиттер-аккаунт российского политика правого толка Артёма Чернышёва. ЛДПР. По образованию историк. #РусскийМарш","friends_count":929,"location":"Moscow, Russian Empire. ","profile_link_color":"0099B9","profile_image_url":"http://pbs.twimg.com/profile_images/477009715499913216/ZpkM-Cox_normal.jpeg","following":false,"geo_enabled":false,"profile_banner_url":"https://pbs.twimg.com/profile_banners/120233447/1398261475","profile_background_image_url":"http://pbs.twimg.com/profile_background_images/472386890495045632/IchG9O6N.jpeg","name":"господин Чернышёвъ","lang":"ru","profile_background_tile":false,"favourites_count":188,"screen_name":"White_technolog","notifications":false,"url":"http://t.co/SLM6H4UcQO","created_at":"Fri Mar 05 21:45:50 +0000 2010","contributors_enabled":false,"time_zone":"Abu Dhabi","protected":false,"default_profile":false,"is_translator":false},"geo":null,"in_reply_to_user_id_str":"1652541","possibly_sensitive":false,"lang":"en","created_at":"Mon Dec 15 00:07:39 +0000 2014","in_reply_to_status_id_str":"544282449388519424","place":null},
{"contributors":null,"truncated":false,"text":"@Reuters Listening/watching the live feed.","in_reply_to_status_id":544282449388519424,"id":544282647787479040,"favorite_count":1,"source":"<a href=\"http://twitter.com\" rel=\"nofollow\">Twitter Web Client</a>","retweeted":false,"coordinates":null,"entities":{"symbols":[],"user_mentions":[{"id":1652541,"indices":[0,8],"id_str":"1652541","screen_name":"Reuters","name":"Reuters Top News"}],"hashtags":[],"urls":[]},"in_reply_to_screen_name":"Reuters","id_str":"544282647787479040","retweet_count":0,"in_reply_to_user_id":1652541,"favorited":false,"user":{"follow_request_sent":false,"profile_use_background_image":true,"profile_text_color":"333333","default_profile_image":false,"id":2480543874,"profile_background_image_url_https":"https://pbs.twimg.com/profile_background_images/472915079487188992/gRbrgtpd.jpeg","verified":false,"profile_location":null,"profile_image_url_https":"https://pbs.twimg.com/profile_images/588129234364846080/CEgVLodp_normal.jpg","profile_sidebar_fill_color":"DDEEF6","entities":{"description":{"urls":[]}},"followers_count":484,"profile_sidebar_border_color":"FFFFFF","id_str":"2480543874","profile_background_color":"EBEBEB","listed_count":6,"is_translation_enabled":false,"utc_offset":-18000,"statuses_count":3157,"description":"Coach Affiliate at Carolina Aramburo Coaching. Dedicated rescue cat mommy. Detroit Tigers SuperFan. Looking for the perfect job. Hey!","friends_count":2000,"location":"Garden City, Michigan","profile_link_color":"9E532B","profile_image_url":"http://pbs.twimg.com/profile_images/588129234364846080/CEgVLodp_normal.jpg","following":false,"geo_enabled":true,"profile_banner_url":"https://pbs.twimg.com/profile_banners/2480543874/1402678513","profile_background_image_url":"http://pbs.twimg.com/profile_background_images/472915079487188992/gRbrgtpd.jpeg","name":"Sue Baldock","lang":"en","profile_background_tile":false,"favourites_count":9446,"screen_name":"Brookie1953","notifications":false,"url":null,"created_at":"Tue May 06 22:15:45 +0000 2014","contributors_enabled":false,"time_zone":"Eastern Time (US & Canada)","protected":false,"default_profile":false,"is_translator":false},"geo":null,"in_reply_to_user_id_str":"1652541","lang":"en","created_at":"Mon Dec 15 00:07:50 +0000 2014","in_reply_to_status_id_str":"544282449388519424","place":null},
{"contributors":null,"truncated":false,"text":"RT: @Reuters @LarryRiceWxGuru Hostages held in Sydney cafe, Islamic flag seen in window: local TV http://t.co/TqzqNsvZHn","in_reply_to_status_id":544282449388519424,"id":544282860752863232,"favorite_count":0,"source":"<a href=\"http://twitter.com\" rel=\"nofollow\">Twitter Web Client</a>","retweeted":false,"coordinates":null,"entities":{"symbols":[],"user_mentions":[{"id":1652541,"indices":[4,12],"id_str":"1652541","screen_name":"Reuters","name":"Reuters Top News"},{"id":392815688,"indices":[13,29],"id_str":"392815688","screen_name":"LarryRiceWxGuru","name":"Larry Rice"}],"hashtags":[],"urls":[{"url":"http://t.co/TqzqNsvZHn","indices":[98,120],"expanded_url":"http://reut.rs/1xiOVNc","display_url":"reut.rs/1xiOVNc"}]},"in_reply_to_screen_name":"Reuters","id_str":"544282860752863232","retweet_count":1,"in_reply_to_user_id":1652541,"favorited":false,"user":{"follow_request_sent":false,"profile_use_background_image":true,"profile_text_color":"333333","default_profile_image":false,"id":58302091,"profile_background_image_url_https":"https://pbs.twimg.com/profile_background_images/440736793525104640/jRFi7g7X.jpeg","verified":false,"profile_location":null,"profile_image_url_https":"https://pbs.twimg.com/profile_images/514918395284709376/TVRd6IwZ_normal.jpeg","profile_sidebar_fill_color":"E6F6F9","entities":{"url":{"urls":[{"url":"http://t.co/oJMF4IopLi","indices":[0,22],"expanded_url":"http://www.komonews.com/seattlerefined","display_url":"komonews.com/seattlerefined"}]},"description":{"urls":[]}},"followers_count":1430,"profile_sidebar_border_color":"000000","id_str":"58302091","profile_background_color":"09C5EB","listed_count":62,"is_translation_enabled":false,"utc_offset":-25200,"statuses_count":4836,"description":"KOMO Producer, Seattle Refined blogger, proud transplant from northern Michigan, and devourer of any food left in the newsroom!","friends_count":919,"location":"Seattle","profile_link_color":"CC3366","profile_image_url":"http://pbs.twimg.com/profile_images/514918395284709376/TVRd6IwZ_normal.jpeg","following":false,"geo_enabled":true,"profile_banner_url":"https://pbs.twimg.com/profile_banners/58302091/1376018992","profile_background_image_url":"http://pbs.twimg.com/profile_background_images/440736793525104640/jRFi7g7X.jpeg","name":"Jennifer Lawson","lang":"en","profile_background_tile":true,"favourites_count":1231,"screen_name":"JenKOMOProducer","notifications":false,"url":"http://t.co/oJMF4IopLi","created_at":"Sun Jul 19 21:42:21 +0000 2009","contributors_enabled":false,"time_zone":"Arizona","protected":false,"default_profile":false,"is_translator":false},"geo":null,"in_reply_to_user_id_str":"1652541","possibly_sensitive":false,"lang":"en","created_at":"Mon Dec 15 00:08:40 +0000 2014","in_reply_to_status_id_str":"544282449388519424","place":null},
{"contributors":null,"truncated":false,"text":"@Reuters \nRT @RealAlexJones: #ISIS and #IslamicState work for #CIA claims former #al-Qaeda commander. \nhttp://t.co/EWPEYP2cHI","in_reply_to_status_id":544282449388519424,"id":544282975114760193,"favorite_count":0,"source":"<a href=\"http://twitter.com/download/iphone\" rel=\"nofollow\">Twitter for iPhone</a>","retweeted":false,"coordinates":null,"entities":{"symbols":[],"user_mentions":[{"id":1652541,"indices":[0,8],"id_str":"1652541","screen_name":"Reuters","name":"Reuters Top News"},{"id":109065990,"indices":[13,27],"id_str":"109065990","screen_name":"RealAlexJones","name":"Alex Jones"}],"hashtags":[{"indices":[29,34],"text":"ISIS"},{"indices":[39,52],"text":"IslamicState"},{"indices":[62,66],"text":"CIA"},{"indices":[81,84],"text":"al"}],"urls":[{"url":"http://t.co/EWPEYP2cHI","indices":[103,125],"expanded_url":"http://bit.ly/1qu7k2D","display_url":"bit.ly/1qu7k2D"}]},"in_reply_to_screen_name":"Reuters","id_str":"544282975114760193","retweet_count":0,"in_reply_to_user_id":1652541,"favorited":false,"user":{"follow_request_sent":false,"profile_use_background_image":false,"profile_text_color":"333333","default_profile_image":false,"id":20715638,"profile_background_image_url_https":"https://pbs.twimg.com/profile_background_images/57106457/PhilDecarolisBanner-1.jpg","verified":false,"profile_location":null,"profile_image_url_https":"https://pbs.twimg.com/profile_images/2828969248/fe68d4becba183c3c27b39c0f8ad8a68_normal.png","profile_sidebar_fill_color":"DDEEF6","entities":{"url":{"urls":[{"url":"http://t.co/rizv2Me5AD","indices":[0,22],"expanded_url":"http://www.facebook.com/#!/profile.php?id=1255246954","display_url":"facebook.com/#!/profile.php…"}]},"description":{"urls":[]}},"followers_count":2647,"profile_sidebar_border_color":"C0DEED","id_str":"20715638","profile_background_color":"C0DEED","listed_count":60,"is_translation_enabled":false,"utc_offset":-28800,"statuses_count":243520,"description":"","friends_count":52,"location":"Southern California","profile_link_color":"0084B4","profile_image_url":"http://pbs.twimg.com/profile_images/2828969248/fe68d4becba183c3c27b39c0f8ad8a68_normal.png","following":false,"geo_enabled":false,"profile_banner_url":"https://pbs.twimg.com/profile_banners/20715638/1403451236","profile_background_image_url":"http://pbs.twimg.com/profile_background_images/57106457/PhilDecarolisBanner-1.jpg","name":"Phil De Carolis","lang":"en","profile_background_tile":false,"favourites_count":15,"screen_name":"PhilDeCarolis","notifications":false,"url":"http://t.co/rizv2Me5AD","created_at":"Thu Feb 12 20:42:54 +0000 2009","contributors_enabled":false,"time_zone":"Pacific Time (US & Canada)","protected":false,"default_profile":false,"is_translator":false},"geo":null,"in_reply_to_user_id_str":"1652541","possibly_sensitive":false,"lang":"en","created_at":"Mon Dec 15 00:09:08 +0000 2014","in_reply_to_status_id_str":"544282449388519424","place":null},
{"contributors":null,"truncated":false,"text":"@Reuters not ISIS.  Flag. Testimony quote. Siege perpetrated by 2 idiotic wannabees.#sydneyseige.#lindtcafe","in_reply_to_status_id":544282449388519424,"id":544283074205192192,"favorite_count":0,"source":"<a href=\"http://twitter.com/download/android\" rel=\"nofollow\">Twitter for Android</a>","retweeted":false,"coordinates":null,"entities":{"symbols":[],"user_mentions":[{"id":1652541,"indices":[0,8],"id_str":"1652541","screen_name":"Reuters","name":"Reuters Top News"}],"hashtags":[{"indices":[84,96],"text":"sydneyseige"},{"indices":[97,107],"text":"lindtcafe"}],"urls":[]},"in_reply_to_screen_name":"Reuters","id_str":"544283074205192192","retweet_count":0,"in_reply_to_user_id":1652541,"favorited":false,"user":{"follow_request_sent":false,"profile_use_background_image":true,"profile_text_color":"333333","default_profile_image":false,"id":285505398,"profile_background_image_url_https":"https://abs.twimg.com/images/themes/theme1/bg.png","verified":false,"profile_location":null,"profile_image_url_https":"https://pbs.twimg.com/profile_images/3085392491/8f4478a57c467f3a956a598cca2d0d7a_normal.jpeg","profile_sidebar_fill_color":"DDEEF6","entities":{"description":{"urls":[]}},"followers_count":59,"profile_sidebar_border_color":"C0DEED","id_str":"285505398","profile_background_color":"C0DEED","listed_count":0,"is_translation_enabled":false,"utc_offset":39600,"statuses_count":3446,"description":"Loathe bullies. Lets dive beneath  the surface and find the truth with some dignity.","friends_count":220,"location":"","profile_link_color":"0084B4","profile_image_url":"http://pbs.twimg.com/profile_images/3085392491/8f4478a57c467f3a956a598cca2d0d7a_normal.jpeg","following":false,"geo_enabled":false,"profile_background_image_url":"http://abs.twimg.com/images/themes/theme1/bg.png","name":"just suzanne","lang":"en","profile_background_tile":false,"favourites_count":2254,"screen_name":"suzzzh","notifications":false,"url":null,"created_at":"Thu Apr 21 08:24:34 +0000 2011","contributors_enabled":false,"time_zone":"Melbourne","protected":false,"default_profile":true,"is_translator":false},"geo":null,"in_reply_to_user_id_str":"1652541","lang":"en","created_at":"Mon Dec 15 00:09:31 +0000 2014","in_reply_to_status_id_str":"544282449388519424","place":null},
{"contributors":null,"truncated":false,"text":"11:10 Uhr in Sydney:\n\n“@Reuters: Hostages held in Sydney cafe, Islamic flag seen in window: local TV http://t.co/HdGodRE1zz”","in_reply_to_status_id":544282449388519424,"id":544283440506748929,"favorite_count":0,"source":"<a href=\"http://twitter.com/download/iphone\" rel=\"nofollow\">Twitter for iPhone</a>","retweeted":false,"coordinates":null,"entities":{"symbols":[],"user_mentions":[{"id":1652541,"indices":[23,31],"id_str":"1652541","screen_name":"Reuters","name":"Reuters Top News"}],"hashtags":[],"urls":[{"url":"http://t.co/HdGodRE1zz","indices":[101,123],"expanded_url":"http://reut.rs/1xiOVNc","display_url":"reut.rs/1xiOVNc"}]},"in_reply_to_screen_name":"Reuters","id_str":"544283440506748929","retweet_count":0,"in_reply_to_user_id":1652541,"favorited":false,"user":{"follow_request_sent":false,"profile_use_background_image":true,"profile_text_color":"333333","default_profile_image":false,"id":900943398,"profile_background_image_url_https":"https://abs.twimg.com/images/themes/theme1/bg.png","verified":false,"profile_location":null,"profile_image_url_https":"https://pbs.twimg.com/profile_images/553284115232202752/6HRf300h_normal.jpeg","profile_sidebar_fill_color":"DDEEF6","entities":{"description":{"urls":[]}},"followers_count":219,"profile_sidebar_border_color":"C0DEED","id_str":"900943398","profile_background_color":"C0DEED","listed_count":10,"is_translation_enabled":false,"utc_offset":null,"statuses_count":15732,"description":"»Das Leben ist gar nicht so. Es ist ganz anders.«\n                     Baltic Sea/Germany","friends_count":304,"location":"","profile_link_color":"0084B4","profile_image_url":"http://pbs.twimg.com/profile_images/553284115232202752/6HRf300h_normal.jpeg","following":false,"geo_enabled":true,"profile_banner_url":"https://pbs.twimg.com/profile_banners/900943398/1418864693","profile_background_image_url":"http://abs.twimg.com/images/themes/theme1/bg.png","name":"Phil v. Ou","lang":"de","profile_background_tile":false,"favourites_count":4528,"screen_name":"Frank_Hurlemann","notifications":false,"url":null,"created_at":"Wed Oct 24 01:35:50 +0000 2012","contributors_enabled":false,"time_zone":null,"protected":false,"default_profile":true,"is_translator":false},"geo":null,"in_reply_to_user_id_str":"1652541","possibly_sensitive":false,"lang":"en","created_at":"Mon Dec 15 00:10:59 +0000 2014","in_reply_to_status_id_str":"544282449388519424","place":null},
{"contributors":null,"truncated":false,"text":"@Reuters 1st article I've seen reporting ONLY known facts, provides other information for context, allows readers to come to own conclusions","in_reply_to_status_id":544282449388519424,"id":544283500501680128,"favorite_count":1,"source":"<a href=\"http://twitter.com\" rel=\"nofollow\">Twitter Web Client</a>","retweeted":false,"coordinates":null,"entities":{"symbols":[],"user_mentions":[{"id":1652541,"indices":[0,8],"id_str":"1652541","screen_name":"Reuters","name":"Reuters Top News"}],"hashtags":[],"urls":[]},"in_reply_to_screen_name":"Reuters","id_str":"544283500501680128","retweet_count":0,"in_reply_to_user_id":1652541,"favorited":false,"user":{"follow_request_sent":false,"profile_use_background_image":true,"profile_text_color":"333333","default_profile_image":false,"id":1052484990,"profile_background_image_url_https":"https://pbs.twimg.com/profile_background_images/465044213730521088/fSgMxhcm.jpeg","verified":false,"profile_location":null,"profile_image_url_https":"https://pbs.twimg.com/profile_images/490388381503746050/g2zXdva3_normal.jpeg","profile_sidebar_fill_color":"DDEEF6","entities":{"url":{"urls":[{"url":"http://t.co/PfWNhJBO2B","indices":[0,22],"expanded_url":"http://kristykaden.wordpress.com","display_url":"kristykaden.wordpress.com"}]},"description":{"urls":[]}},"followers_count":85,"profile_sidebar_border_color":"FFFFFF","id_str":"1052484990","profile_background_color":"131516","listed_count":4,"is_translation_enabled":false,"utc_offset":36000,"statuses_count":370,"description":"21 year old student of Journalism and Peace & Conflict!\nDeputy Editor-in-Chief and Oceania Editor for The Global Panorama. \nContact me via my website :)","friends_count":233,"location":"Brisbane, Australia","profile_link_color":"761DA3","profile_image_url":"http://pbs.twimg.com/profile_images/490388381503746050/g2zXdva3_normal.jpeg","following":false,"geo_enabled":false,"profile_banner_url":"https://pbs.twimg.com/profile_banners/1052484990/1412668128","profile_background_image_url":"http://pbs.twimg.com/profile_background_images/465044213730521088/fSgMxhcm.jpeg","name":"Kristy Kaden","lang":"en","profile_background_tile":true,"favourites_count":146,"screen_name":"kristyycat","notifications":false,"url":"http://t.co/PfWNhJBO2B","created_at":"Tue Jan 01 12:31:29 +0000 2013","contributors_enabled":false,"time_zone":"Brisbane","protected":false,"default_profile":false,"is_translator":false},"geo":null,"in_reply_to_user_id_str":"1652541","lang":"en","created_at":"Mon Dec 15 00:11:13 +0000 2014","in_reply_to_status_id_str":"544282449388519424","place":null},
{"contributors":null,"truncated":false,"text":"“@Reuters: Hostages held in Sydney cafe, Islamic flag seen in window: local TV http://t.co/XgFpBMMIfD”","in_reply_to_status_id":544282449388519424,"id":544283507842093057,"favorite_count":0,"source":"<a href=\"http://twitter.com/download/iphone\" rel=\"nofollow\">Twitter for iPhone</a>","retweeted":false,"coordinates":null,"entities":{"symbols":[],"user_mentions":[{"id":1652541,"indices":[1,9],"id_str":"1652541","screen_name":"Reuters","name":"Reuters Top News"}],"hashtags":[],"urls":[{"url":"http://t.co/XgFpBMMIfD","indices":[79,101],"expanded_url":"http://reut.rs/1xiOVNc","display_url":"reut.rs/1xiOVNc"}]},"in_reply_to_screen_name":"Reuters","id_str":"544283507842093057","retweet_count":1,"in_reply_to_user_id":1652541,"favorited":false,"user":{"follow_request_sent":false,"profile_use_background_image":true,"profile_text_color":"333333","default_profile_image":false,"id":59513871,"profile_background_image_url_https":"https://pbs.twimg.com/profile_background_images/391072255/Collage_VR-comprimido.jpg","verified":false,"profile_location":null,"profile_image_url_https":"https://pbs.twimg.com/profile_images/564136611353329664/UMj4XoPt_normal.jpeg","profile_sidebar_fill_color":"DDEEF6","entities":{"url":{"urls":[{"url":"http://t.co/NpUaE40723","indices":[0,22],"expanded_url":"http://about.me/alvarovr","display_url":"about.me/alvarovr"}]},"description":{"urls":[]}},"followers_count":7184,"profile_sidebar_border_color":"C0DEED","id_str":"59513871","profile_background_color":"C0DEED","listed_count":97,"is_translation_enabled":false,"utc_offset":null,"statuses_count":38374,"description":"Emprendedor / Fundador de @Retuit_ y @Disappster / Locutor en RMX / Enamorado de mi vida.","friends_count":1422,"location":"Mexico City ","profile_link_color":"0084B4","profile_image_url":"http://pbs.twimg.com/profile_images/564136611353329664/UMj4XoPt_normal.jpeg","following":false,"geo_enabled":true,"profile_banner_url":"https://pbs.twimg.com/profile_banners/59513871/1415216805","profile_background_image_url":"http://pbs.twimg.com/profile_background_images/391072255/Collage_VR-comprimido.jpg","name":"Alvaro Velasco","lang":"en","profile_background_tile":false,"favourites_count":2378,"screen_name":"alvarovr","notifications":false,"url":"http://t.co/NpUaE40723","created_at":"Thu Jul 23 16:31:09 +0000 2009","contributors_enabled":false,"time_zone":null,"protected":false,"default_profile":false,"is_translator":false},"geo":null,"in_reply_to_user_id_str":"1652541","possibly_sensitive":false,"lang":"en","created_at":"Mon Dec 15 00:11:15 +0000 2014","in_reply_to_status_id_str":"544282449388519424","place":null},
{"contributors":null,"truncated":false,"text":"@Reuters  islamic state flag used in this crisis. Keep covering up for these scums.","in_reply_to_status_id":544282449388519424,"id":544284013670563842,"favorite_count":0,"source":"<a href=\"http://twitter.com/download/android\" rel=\"nofollow\">Twitter for Android</a>","retweeted":false,"coordinates":null,"entities":{"symbols":[],"user_mentions":[{"id":1652541,"indices":[0,8],"id_str":"1652541","screen_name":"Reuters","name":"Reuters Top News"}],"hashtags":[],"urls":[]},"in_reply_to_screen_name":"Reuters","id_str":"544284013670563842","retweet_count":0,"in_reply_to_user_id":1652541,"favorited":false,"user":{"follow_request_sent":false,"profile_use_background_image":true,"profile_text_color":"333333","default_profile_image":false,"id":369174235,"profile_background_image_url_https":"https://pbs.twimg.com/profile_background_images/876772187/2f64bfe1b5739e67cc2eea91108fb3e7.jpeg","verified":false,"profile_location":null,"profile_image_url_https":"https://pbs.twimg.com/profile_images/497669580131540993/gKKSBMn4_normal.jpeg","profile_sidebar_fill_color":"DDEEF6","entities":{"description":{"urls":[]}},"followers_count":34,"profile_sidebar_border_color":"FFFFFF","id_str":"369174235","profile_background_color":"1A1B1F","listed_count":0,"is_translation_enabled":false,"utc_offset":39600,"statuses_count":602,"description":"The joy of Friday's.","friends_count":171,"location":"Western Sydney","profile_link_color":"2FC2EF","profile_image_url":"http://pbs.twimg.com/profile_images/497669580131540993/gKKSBMn4_normal.jpeg","following":false,"geo_enabled":true,"profile_banner_url":"https://pbs.twimg.com/profile_banners/369174235/1369446001","profile_background_image_url":"http://pbs.twimg.com/profile_background_images/876772187/2f64bfe1b5739e67cc2eea91108fb3e7.jpeg","name":"Lozz","lang":"en","profile_background_tile":true,"favourites_count":385,"screen_name":"fly_kick","notifications":false,"url":null,"created_at":"Tue Sep 06 22:15:54 +0000 2011","contributors_enabled":false,"time_zone":"Sydney","protected":false,"default_profile":false,"is_translator":false},"geo":null,"in_reply_to_user_id_str":"1652541","lang":"en","created_at":"Mon Dec 15 00:13:15 +0000 2014","in_reply_to_status_id_str":"544282449388519424","place":null},
{"contributors":null,"truncated":false,"text":"@Reuters I hope everyone safe, but who knows another western stunt to demonize Islam. Can't trust Blair, Bush, Chenny n Abott like Cowboys.","in_reply_to_status_id":544282449388519424,"id":544284274451419136,"favorite_count":0,"source":"<a href=\"http://twitter.com\" rel=\"nofollow\">Twitter Web Client</a>","retweeted":false,"coordinates":null,"entities":{"symbols":[],"user_mentions":[{"id":1652541,"indices":[0,8],"id_str":"1652541","screen_name":"Reuters","name":"Reuters Top News"}],"hashtags":[],"urls":[]},"in_reply_to_screen_name":"Reuters","id_str":"544284274451419136","retweet_count":0,"in_reply_to_user_id":1652541,"favorited":false,"user":{"follow_request_sent":false,"profile_use_background_image":true,"profile_text_color":"333333","default_profile_image":false,"id":439052086,"profile_background_image_url_https":"https://abs.twimg.com/images/themes/theme1/bg.png","verified":false,"profile_location":null,"profile_image_url_https":"https://pbs.twimg.com/profile_images/502372101450264577/Y3tlVPAD_normal.jpeg","profile_sidebar_fill_color":"DDEEF6","entities":{"description":{"urls":[]}},"followers_count":19,"profile_sidebar_border_color":"C0DEED","id_str":"439052086","profile_background_color":"C0DEED","listed_count":0,"is_translation_enabled":false,"utc_offset":null,"statuses_count":574,"description":"","friends_count":61,"location":"","profile_link_color":"0084B4","profile_image_url":"http://pbs.twimg.com/profile_images/502372101450264577/Y3tlVPAD_normal.jpeg","following":false,"geo_enabled":false,"profile_background_image_url":"http://abs.twimg.com/images/themes/theme1/bg.png","name":"Ali","lang":"en","profile_background_tile":false,"favourites_count":59,"screen_name":"smrizali","notifications":false,"url":null,"created_at":"Sat Dec 17 09:28:11 +0000 2011","contributors_enabled":false,"time_zone":null,"protected":false,"default_profile":true,"is_translator":false},"geo":null,"in_reply_to_user_id_str":"1652541","lang":"en","created_at":"Mon Dec 15 00:14:17 +0000 2014","in_reply_to_status_id_str":"544282449388519424","place":null},
{"contributors":null,"truncated":false,"text":"@Reuters And this is why we have the #SecondAmendmentRights here in the #USA🇺🇸🇺🇸🇺🇸🇺🇸🇺🇸","in_reply_to_status_id":544282449388519424,"id":544284575975739392,"favorite_count":2,"source":"<a href=\"http://twitter.com/download/iphone\" rel=\"nofollow\">Twitter for iPhone</a>","retweeted":false,"coordinates":null,"entities":{"symbols":[],"user_mentions":[{"id":1652541,"indices":[0,8],"id_str":"1652541","screen_name":"Reuters","name":"Reuters Top News"}],"hashtags":[{"indices":[37,59],"text":"SecondAmendmentRights"},{"indices":[72,76],"text":"USA"}],"urls":[]},"in_reply_to_screen_name":"Reuters","id_str":"544284575975739392","retweet_count":0,"in_reply_to_user_id":1652541,"favorited":false,"user":{"follow_request_sent":false,"profile_use_background_image":true,"profile_text_color":"333333","default_profile_image":false,"id":1487097990,"profile_background_image_url_https":"https://abs.twimg.com/images/themes/theme1/bg.png","verified":false,"profile_location":null,"profile_image_url_https":"https://pbs.twimg.com/profile_images/553222351655952384/aYGjS2aE_normal.jpeg","profile_sidebar_fill_color":"DDEEF6","entities":{"description":{"urls":[]}},"followers_count":172,"profile_sidebar_border_color":"C0DEED","id_str":"1487097990","profile_background_color":"C0DEED","listed_count":6,"is_translation_enabled":false,"utc_offset":null,"statuses_count":7383,"description":"The Constitution was written for a reason.","friends_count":70,"location":"","profile_link_color":"0084B4","profile_image_url":"http://pbs.twimg.com/profile_images/553222351655952384/aYGjS2aE_normal.jpeg","following":false,"geo_enabled":false,"profile_banner_url":"https://pbs.twimg.com/profile_banners/1487097990/1404973560","profile_background_image_url":"http://abs.twimg.com/images/themes/theme1/bg.png","name":"Free1","lang":"en","profile_background_tile":false,"favourites_count":2510,"screen_name":"Swing4daFences","notifications":false,"url":null,"created_at":"Thu Jun 06 07:32:14 +0000 2013","contributors_enabled":false,"time_zone":null,"protected":false,"default_profile":true,"is_translator":false},"geo":null,"in_reply_to_user_id_str":"1652541","lang":"en","created_at":"Mon Dec 15 00:15:29 +0000 2014","in_reply_to_status_id_str":"544282449388519424","place":null},
{"contributors":null,"truncated":false,"text":"“@Reuters: Hostages held in Sydney cafe, Islamic flag seen in window: local TV http://t.co/iTnCkTP0a2” not good","in_reply_to_status_id":544282449388519424,"id":544285131209338880,"favorite_count":0,"source":"<a href=\"http://twitter.com/download/iphone\" rel=\"nofollow\">Twitter for iPhone</a>","retweeted":false,"coordinates":{"type":"Point","coordinates":[-118.3018797,46.05729255]},"entities":{"symbols":[],"user_mentions":[{"id":1652541,"indices":[1,9],"id_str":"1652541","screen_name":"Reuters","name":"Reuters Top News"}],"hashtags":[],"urls":[{"url":"http://t.co/iTnCkTP0a2","indices":[79,101],"expanded_url":"http://reut.rs/1xiOVNc","display_url":"reut.rs/1xiOVNc"}]},"in_reply_to_screen_name":"Reuters","id_str":"544285131209338880","retweet_count":0,"in_reply_to_user_id":1652541,"favorited":false,"user":{"follow_request_sent":false,"profile_use_background_image":true,"profile_text_color":"333333","default_profile_image":false,"id":2350316353,"profile_background_image_url_https":"https://abs.twimg.com/images/themes/theme1/bg.png","verified":false,"profile_location":null,"profile_image_url_https":"https://pbs.twimg.com/profile_images/586383529073704960/t3Gg1gM4_normal.jpg","profile_sidebar_fill_color":"DDEEF6","entities":{"url":{"urls":[{"url":"http://t.co/G0ELQhafXn","indices":[0,22],"expanded_url":"http://www.facebook.com/MarilynsCookieLee","display_url":"facebook.com/MarilynsCookie…"}]},"description":{"urls":[]}},"followers_count":772,"profile_sidebar_border_color":"C0DEED","id_str":"2350316353","profile_background_color":"C0DEED","listed_count":16,"is_translation_enabled":false,"utc_offset":null,"statuses_count":10577,"description":"WSU Murrow alum, Seattle sports fan, insurance analyst, actress, direct sales babe, ΑΔΠ,half Italian, with just a pinch of sarcasm and a dash of neuroses.","friends_count":1287,"location":"Walla Walla","profile_link_color":"0084B4","profile_image_url":"http://pbs.twimg.com/profile_images/586383529073704960/t3Gg1gM4_normal.jpg","following":false,"geo_enabled":true,"profile_banner_url":"https://pbs.twimg.com/profile_banners/2350316353/1418333332","profile_background_image_url":"http://abs.twimg.com/images/themes/theme1/bg.png","name":"Marilyn Washabaugh","lang":"en","profile_background_tile":false,"favourites_count":34833,"screen_name":"WazzuCoug94","notifications":false,"url":"http://t.co/G0ELQhafXn","created_at":"Tue Feb 18 15:50:29 +0000 2014","contributors_enabled":false,"time_zone":null,"protected":false,"default_profile":true,"is_translator":false},"geo":{"type":"Point","coordinates":[46.05729255,-118.3018797]},"in_reply_to_user_id_str":"1652541","possibly_sensitive":false,"lang":"en","created_at":"Mon Dec 15 00:17:42 +0000 2014","in_reply_to_status_id_str":"544282449388519424","place":{"full_name":"Walla Walla, WA","url":"https://api.twitter.com/1.1/geo/id/3f449e4a20757d86.json","country":"United States","place_type":"city","bounding_box":{"type":"Polygon","coordinates":[[[-118.3790859,46.0228571],[-118.263051,46.0228571],[-118.263051,46.106424],[-118.3790859,46.106424]]]},"contained_within":[],"country_code":"US","attributes":{},"id":"3f449e4a20757d86","name":"Walla Walla"}},
{"contributors":null,"truncated":false,"text":"@Reuters oh no","in_reply_to_status_id":544282449388519424,"id":544285221613764608,"favorite_count":0,"source":"<a href=\"http://twitter.com/download/iphone\" rel=\"nofollow\">Twitter for iPhone</a>","retweeted":false,"coordinates":null,"entities":{"symbols":[],"user_mentions":[{"id":1652541,"indices":[0,8],"id_str":"1652541","screen_name":"Reuters","name":"Reuters Top News"}],"hashtags":[],"urls":[]},"in_reply_to_screen_name":"Reuters","id_str":"544285221613764608","retweet_count":0,"in_reply_to_user_id":1652541,"favorited":false,"user":{"follow_request_sent":false,"profile_use_background_image":true,"profile_text_color":"333333","default_profile_image":false,"id":2907401280,"profile_background_image_url_https":"https://abs.twimg.com/images/themes/theme1/bg.png","verified":false,"profile_location":null,"profile_image_url_https":"https://pbs.twimg.com/profile_images/540562601558560768/rlwiXW7S_normal.jpeg","profile_sidebar_fill_color":"DDEEF6","entities":{"description":{"urls":[]}},"followers_count":778,"profile_sidebar_border_color":"C0DEED","id_str":"2907401280","profile_background_color":"C0DEED","listed_count":3,"is_translation_enabled":false,"utc_offset":null,"statuses_count":3916,"description":"","friends_count":1960,"location":"Kansas City","profile_link_color":"0084B4","profile_image_url":"http://pbs.twimg.com/profile_images/540562601558560768/rlwiXW7S_normal.jpeg","following":false,"geo_enabled":false,"profile_banner_url":"https://pbs.twimg.com/profile_banners/2907401280/1416700344","profile_background_image_url":"http://abs.twimg.com/images/themes/theme1/bg.png","name":"Rose Corsino","lang":"en","profile_background_tile":false,"favourites_count":2025,"screen_name":"racorsino_rose","notifications":false,"url":null,"created_at":"Sat Nov 22 18:53:34 +0000 2014","contributors_enabled":false,"time_zone":null,"protected":false,"default_profile":true,"is_translator":false},"geo":null,"in_reply_to_user_id_str":"1652541","lang":"en","created_at":"Mon Dec 15 00:18:03 +0000 2014","in_reply_to_status_id_str":"544282449388519424","place":null},
{"contributors":null,"truncated":false,"text":"@smrizali Islam does a fine job of demonizing itself, no outside help needed. @Reuters","in_reply_to_status_id":544284274451419136,"id":544286017537445888,"favorite_count":3,"source":"<a href=\"https://twitter.com/download/android\" rel=\"nofollow\">Twitter for Android Tablets</a>","retweeted":false,"coordinates":null,"entities":{"symbols":[],"user_mentions":[{"id":439052086,"indices":[0,9],"id_str":"439052086","screen_name":"smrizali","name":"Ali"},{"id":1652541,"indices":[78,86],"id_str":"1652541","screen_name":"Reuters","name":"Reuters Top News"}],"hashtags":[],"urls":[]},"in_reply_to_screen_name":"smrizali","id_str":"544286017537445888","retweet_count":0,"in_reply_to_user_id":439052086,"favorited":false,"user":{"follow_request_sent":false,"profile_use_background_image":true,"profile_text_color":"333333","default_profile_image":false,"id":131017910,"profile_background_image_url_https":"https://abs.twimg.com/images/themes/theme1/bg.png","verified":false,"profile_location":null,"profile_image_url_https":"https://pbs.twimg.com/profile_images/419286286063513601/MqaIJJLH_normal.jpeg","profile_sidebar_fill_color":"DDEEF6","entities":{"description":{"urls":[]}},"followers_count":543,"profile_sidebar_border_color":"C0DEED","id_str":"131017910","profile_background_color":"C0DEED","listed_count":26,"is_translation_enabled":false,"utc_offset":-21600,"statuses_count":9884,"description":"Computer programmer. Skeptic. Atheist. Indie/classic films enthusiast and craft beer lover.","friends_count":557,"location":"Illinois","profile_link_color":"0084B4","profile_image_url":"http://pbs.twimg.com/profile_images/419286286063513601/MqaIJJLH_normal.jpeg","following":false,"geo_enabled":true,"profile_banner_url":"https://pbs.twimg.com/profile_banners/131017910/1381115106","profile_background_image_url":"http://abs.twimg.com/images/themes/theme1/bg.png","name":"Juan","lang":"en","profile_background_tile":false,"favourites_count":8709,"screen_name":"SimpleUserID","notifications":false,"url":null,"created_at":"Fri Apr 09 01:18:55 +0000 2010","contributors_enabled":false,"time_zone":"Central Time (US & Canada)","protected":false,"default_profile":true,"is_translator":false},"geo":null,"in_reply_to_user_id_str":"439052086","lang":"en","created_at":"Mon Dec 15 00:21:13 +0000 2014","in_reply_to_status_id_str":"544284274451419136","place":null},
{"contributors":null,"truncated":false,"text":"“@Reuters: Hostages held in Sydney cafe, Islamic flag seen in window: local TV http://t.co/KPRKLI1kNv”#","in_reply_to_status_id":544282449388519424,"id":544287486927978496,"favorite_count":0,"source":"<a href=\"http://twitter.com/download/iphone\" rel=\"nofollow\">Twitter for iPhone</a>","retweeted":false,"coordinates":null,"entities":{"symbols":[],"user_mentions":[{"id":1652541,"indices":[1,9],"id_str":"1652541","screen_name":"Reuters","name":"Reuters Top News"}],"hashtags":[],"urls":[{"url":"http://t.co/KPRKLI1kNv","indices":[79,101],"expanded_url":"http://reut.rs/1xiOVNc","display_url":"reut.rs/1xiOVNc"}]},"in_reply_to_screen_name":"Reuters","id_str":"544287486927978496","retweet_count":0,"in_reply_to_user_id":1652541,"favorited":false,"user":{"follow_request_sent":false,"profile_use_background_image":true,"profile_text_color":"333333","default_profile_image":true,"id":1129438412,"profile_background_image_url_https":"https://abs.twimg.com/images/themes/theme1/bg.png","verified":false,"profile_location":null,"profile_image_url_https":"https://abs.twimg.com/sticky/default_profile_images/default_profile_4_normal.png","profile_sidebar_fill_color":"DDEEF6","entities":{"description":{"urls":[]}},"followers_count":2,"profile_sidebar_border_color":"C0DEED","id_str":"1129438412","profile_background_color":"C0DEED","listed_count":0,"is_translation_enabled":false,"utc_offset":null,"statuses_count":9,"description":"","friends_count":79,"location":"","profile_link_color":"0084B4","profile_image_url":"http://abs.twimg.com/sticky/default_profile_images/default_profile_4_normal.png","following":false,"geo_enabled":false,"profile_background_image_url":"http://abs.twimg.com/images/themes/theme1/bg.png","name":"Fatma fetaih","lang":"en","profile_background_tile":false,"favourites_count":1,"screen_name":"fatma_fetaih","notifications":false,"url":null,"created_at":"Mon Jan 28 22:53:42 +0000 2013","contributors_enabled":false,"time_zone":null,"protected":false,"default_profile":true,"is_translator":false},"geo":null,"in_reply_to_user_id_str":"1652541","possibly_sensitive":false,"lang":"en","created_at":"Mon Dec 15 00:27:03 +0000 2014","in_reply_to_status_id_str":"544282449388519424","place":null},
{"contributors":null,"truncated":false,"text":"@Reuters hey, let's all invite more Muslims to our nations! What FUN!","in_reply_to_status_id":544282449388519424,"id":544288415257096192,"favorite_count":0,"source":"<a href=\"http://twitter.com\" rel=\"nofollow\">Twitter Web Client</a>","retweeted":false,"coordinates":null,"entities":{"symbols":[],"user_mentions":[{"id":1652541,"indices":[0,8],"id_str":"1652541","screen_name":"Reuters","name":"Reuters Top News"}],"hashtags":[],"urls":[]},"in_reply_to_screen_name":"Reuters","id_str":"544288415257096192","retweet_count":0,"in_reply_to_user_id":1652541,"favorited":false,"user":{"follow_request_sent":false,"profile_use_background_image":true,"profile_text_color":"333333","default_profile_image":false,"id":197499997,"profile_background_image_url_https":"https://pbs.twimg.com/profile_background_images/378800000114889706/130b0f1840b3be93e923225c145c4b0b.jpeg","verified":false,"profile_location":null,"profile_image_url_https":"https://pbs.twimg.com/profile_images/1459449364/VINDICATOR_OF_YAH_FLAG_-_NO_GOLD_BACKGROUND_normal.jpg","profile_sidebar_fill_color":"F6FFD1","entities":{"url":{"urls":[{"url":"http://t.co/3yFNk4LkAw","indices":[0,22],"expanded_url":"http://TrustChristORGoToHell.org","display_url":"TrustChristORGoToHell.org"}]},"description":{"urls":[]}},"followers_count":3901,"profile_sidebar_border_color":"FFFFFF","id_str":"197499997","profile_background_color":"050845","listed_count":47,"is_translation_enabled":false,"utc_offset":-28800,"statuses_count":34462,"description":"They compassed me about like bees; they are quenched as the fire of thorns: 4 in the name of Yah I will destroy them. #Masculist #ProLife #CCOT #BLOCKZionists!!","friends_count":3895,"location":"JUDGMENT","profile_link_color":"0099CC","profile_image_url":"http://pbs.twimg.com/profile_images/1459449364/VINDICATOR_OF_YAH_FLAG_-_NO_GOLD_BACKGROUND_normal.jpg","following":false,"geo_enabled":false,"profile_banner_url":"https://pbs.twimg.com/profile_banners/197499997/1414786755","profile_background_image_url":"http://pbs.twimg.com/profile_background_images/378800000114889706/130b0f1840b3be93e923225c145c4b0b.jpeg","name":"Vin DiCator","lang":"en","profile_background_tile":true,"favourites_count":42256,"screen_name":"VINDICATORofYah","notifications":false,"url":"http://t.co/3yFNk4LkAw","created_at":"Fri Oct 01 17:25:36 +0000 2010","contributors_enabled":false,"time_zone":"Pacific Time (US & Canada)","protected":false,"default_profile":false,"is_translator":false},"geo":null,"in_reply_to_user_id_str":"1652541","lang":"en","created_at":"Mon Dec 15 00:30:45 +0000 2014","in_reply_to_status_id_str":"544282449388519424","place":null},
{"contributors":null,"truncated":false,"text":"@Reuters @JonVancil   Not the best day to be an Aussie. Hoping we respond strongly 💪","in_reply_to_status_id":544282449388519424,"id":544288771458338816,"favorite_count":1,"source":"<a href=\"http://twitter.com/download/iphone\" rel=\"nofollow\">Twitter for iPhone</a>","retweeted":false,"coordinates":null,"entities":{"symbols":[],"user_mentions":[{"id":1652541,"indices":[0,8],"id_str":"1652541","screen_name":"Reuters","name":"Reuters Top News"},{"id":2925122185,"indices":[9,19],"id_str":"2925122185","screen_name":"JonVancil","name":"Jon Vancil"}],"hashtags":[],"urls":[]},"in_reply_to_screen_name":"Reuters","id_str":"544288771458338816","retweet_count":0,"in_reply_to_user_id":1652541,"favorited":false,"user":{"follow_request_sent":false,"profile_use_background_image":true,"profile_text_color":"333333","default_profile_image":false,"id":384001769,"profile_background_image_url_https":"https://pbs.twimg.com/profile_background_images/417273140/built-ford-tough_250.gif","verified":false,"profile_location":null,"profile_image_url_https":"https://pbs.twimg.com/profile_images/496558442375413760/Gil6urtu_normal.jpeg","profile_sidebar_fill_color":"DDEEF6","entities":{"url":{"urls":[{"url":"http://t.co/uFGH5aB0tp","indices":[0,22],"expanded_url":"http://twitter.com/BHaberbusch","display_url":"twitter.com/BHaberbusch"}]},"description":{"urls":[]}},"followers_count":44,"profile_sidebar_border_color":"C0DEED","id_str":"384001769","profile_background_color":"C0DEED","listed_count":1,"is_translation_enabled":false,"utc_offset":39600,"statuses_count":1769,"description":"Motor sport mad, gear head, petrol head, blue blooded Ford fan and general car nut! May also love history and politics. Stop by and say hello!","friends_count":194,"location":"NSW, Australia","profile_link_color":"0084B4","profile_image_url":"http://pbs.twimg.com/profile_images/496558442375413760/Gil6urtu_normal.jpeg","following":false,"geo_enabled":true,"profile_banner_url":"https://pbs.twimg.com/profile_banners/384001769/1407222412","profile_background_image_url":"http://pbs.twimg.com/profile_background_images/417273140/built-ford-tough_250.gif","name":"Bennett Haberbusch","lang":"en","profile_background_tile":true,"favourites_count":1752,"screen_name":"BHaberbusch","notifications":false,"url":"http://t.co/uFGH5aB0tp","created_at":"Sun Oct 02 22:05:14 +0000 2011","contributors_enabled":false,"time_zone":"Sydney","protected":false,"default_profile":false,"is_translator":false},"geo":null,"in_reply_to_user_id_str":"1652541","lang":"en","created_at":"Mon Dec 15 00:32:10 +0000 2014","in_reply_to_status_id_str":"544282449388519424","place":null},
{"contributors":null,"truncated":false,"text":"@WazzuCoug94 @Reuters definitely not good.  Hope for safe return of all hostages","in_reply_to_status_id":544285131209338880,"id":544289308341858304,"favorite_count":1,"source":"<a href=\"http://twitter.com/download/iphone\" rel=\"nofollow\">Twitter for iPhone</a>","retweeted":false,"coordinates":{"type":"Point","coordinates":[-122.34758409,47.16466512]},"entities":{"symbols":[],"user_mentions":[{"id":2350316353,"indices":[0,12],"id_str":"2350316353","screen_name":"WazzuCoug94","name":"Marilyn Washabaugh"},{"id":1652541,"indices":[13,21],"id_str":"1652541","screen_name":"Reuters","name":"Reuters Top News"}],"hashtags":[],"urls":[]},"in_reply_to_screen_name":"WazzuCoug94","id_str":"544289308341858304","retweet_count":0,"in_reply_to_user_id":2350316353,"favorited":false,"user":{"follow_request_sent":false,"profile_use_background_image":true,"profile_text_color":"333333","default_profile_image":false,"id":13120122,"profile_background_image_url_https":"https://abs.twimg.com/images/themes/theme1/bg.png","verified":false,"profile_location":null,"profile_image_url_https":"https://pbs.twimg.com/profile_images/552709810316009472/FuSSYROm_normal.png","profile_sidebar_fill_color":"DDEEF6","entities":{"url":{"urls":[{"url":"http://t.co/yL3auWC6gO","indices":[0,22],"expanded_url":"http://teamupfornonprofits.org","display_url":"teamupfornonprofits.org"}]},"description":{"urls":[]}},"followers_count":3604,"profile_sidebar_border_color":"C0DEED","id_str":"13120122","profile_background_color":"C0DEED","listed_count":51,"is_translation_enabled":false,"utc_offset":-28800,"statuses_count":15679,"description":"|Lover of #Music, #Seattle Sports, #Seahawks, #GameOfThrones, #Disney, #Marvel, #StarWars| Twitter guy for @teamup4nonprof| listening to @KrisOrlowski -Believer","friends_count":3595,"location":"Puyallup","profile_link_color":"0084B4","profile_image_url":"http://pbs.twimg.com/profile_images/552709810316009472/FuSSYROm_normal.png","following":false,"geo_enabled":true,"profile_banner_url":"https://pbs.twimg.com/profile_banners/13120122/1408509162","profile_background_image_url":"http://abs.twimg.com/images/themes/theme1/bg.png","name":"Otto Rogers","lang":"en","profile_background_tile":false,"favourites_count":19009,"screen_name":"smashmode","notifications":false,"url":"http://t.co/yL3auWC6gO","created_at":"Tue Feb 05 23:21:12 +0000 2008","contributors_enabled":false,"time_zone":"Pacific Time (US & Canada)","protected":false,"default_profile":true,"is_translator":false},"geo":{"type":"Point","coordinates":[47.16466512,-122.34758409]},"in_reply_to_user_id_str":"2350316353","lang":"en","created_at":"Mon Dec 15 00:34:18 +0000 2014","in_reply_to_status_id_str":"544285131209338880","place":{"full_name":"Summit, WA","url":"https://api.twitter.com/1.1/geo/id/71363b539f29a337.json","country":"United States","place_type":"city","bounding_box":{"type":"Polygon","coordinates":[[[-122.39766,47.157769],[-122.325735,47.157769],[-122.325735,47.180946],[-122.39766,47.180946]]]},"contained_within":[],"country_code":"US","attributes":{},"id":"71363b539f29a337","name":"Summit"}},
{"contributors":null,"truncated":false,"text":"@SimpleUserID @Reuters I'm sure it does for u and you are not alone. Isamophobes spectacles high in trend and hate encapsulates well in it.","in_reply_to_status_id":544286017537445888,"id":544304894920757249,"favorite_count":0,"source":"<a href=\"http://twitter.com\" rel=\"nofollow\">Twitter Web Client</a>","retweeted":false,"coordinates":null,"entities":{"symbols":[],"user_mentions":[{"id":131017910,"indices":[0,13],"id_str":"131017910","screen_name":"SimpleUserID","name":"Juan"},{"id":1652541,"indices":[14,22],"id_str":"1652541","screen_name":"Reuters","name":"Reuters Top News"}],"hashtags":[],"urls":[]},"in_reply_to_screen_name":"SimpleUserID","id_str":"544304894920757249","retweet_count":0,"in_reply_to_user_id":131017910,"favorited":false,"user":{"follow_request_sent":false,"profile_use_background_image":true,"profile_text_color":"333333","default_profile_image":false,"id":439052086,"profile_background_image_url_https":"https://abs.twimg.com/images/themes/theme1/bg.png","verified":false,"profile_location":null,"profile_image_url_https":"https://pbs.twimg.com/profile_images/502372101450264577/Y3tlVPAD_normal.jpeg","profile_sidebar_fill_color":"DDEEF6","entities":{"description":{"urls":[]}},"followers_count":19,"profile_sidebar_border_color":"C0DEED","id_str":"439052086","profile_background_color":"C0DEED","listed_count":0,"is_translation_enabled":false,"utc_offset":null,"statuses_count":574,"description":"","friends_count":59,"location":"","profile_link_color":"0084B4","profile_image_url":"http://pbs.twimg.com/profile_images/502372101450264577/Y3tlVPAD_normal.jpeg","following":false,"geo_enabled":false,"profile_background_image_url":"http://abs.twimg.com/images/themes/theme1/bg.png","name":"Ali","lang":"en","profile_background_tile":false,"favourites_count":59,"screen_name":"smrizali","notifications":false,"url":null,"created_at":"Sat Dec 17 09:28:11 +0000 2011","contributors_enabled":false,"time_zone":null,"protected":false,"default_profile":true,"is_translator":false},"geo":null,"in_reply_to_user_id_str":"131017910","lang":"en","created_at":"Mon Dec 15 01:36:14 +0000 2014","in_reply_to_status_id_str":"544286017537445888","place":null},
{"contributors":null,"truncated":false,"text":"@smrizali Yes, of course. It's \"Islamophobia\" (stupid made up word), \"zionists\", and the evil West's fault. @Reuters","in_reply_to_status_id":544304894920757249,"id":544305572934586368,"favorite_count":0,"source":"<a href=\"http://twitter.com/download/android\" rel=\"nofollow\">Twitter for Android</a>","retweeted":false,"coordinates":null,"entities":{"symbols":[],"user_mentions":[{"id":439052086,"indices":[0,9],"id_str":"439052086","screen_name":"smrizali","name":"Ali"},{"id":1652541,"indices":[108,116],"id_str":"1652541","screen_name":"Reuters","name":"Reuters Top News"}],"hashtags":[],"urls":[]},"in_reply_to_screen_name":"smrizali","id_str":"544305572934586368","retweet_count":0,"in_reply_to_user_id":439052086,"favorited":false,"user":{"follow_request_sent":false,"profile_use_background_image":true,"profile_text_color":"333333","default_profile_image":false,"id":131017910,"profile_background_image_url_https":"https://abs.twimg.com/images/themes/theme1/bg.png","verified":false,"profile_location":null,"profile_image_url_https":"https://pbs.twimg.com/profile_images/419286286063513601/MqaIJJLH_normal.jpeg","profile_sidebar_fill_color":"DDEEF6","entities":{"description":{"urls":[]}},"followers_count":540,"profile_sidebar_border_color":"C0DEED","id_str":"131017910","profile_background_color":"C0DEED","listed_count":26,"is_translation_enabled":false,"utc_offset":-21600,"statuses_count":9884,"description":"Computer programmer. Skeptic. Atheist. Indie/classic films enthusiast and craft beer lover.","friends_count":556,"location":"Illinois","profile_link_color":"0084B4","profile_image_url":"http://pbs.twimg.com/profile_images/419286286063513601/MqaIJJLH_normal.jpeg","following":false,"geo_enabled":true,"profile_banner_url":"https://pbs.twimg.com/profile_banners/131017910/1381115106","profile_background_image_url":"http://abs.twimg.com/images/themes/theme1/bg.png","name":"Juan","lang":"en","profile_background_tile":false,"favourites_count":8711,"screen_name":"SimpleUserID","notifications":false,"url":null,"created_at":"Fri Apr 09 01:18:55 +0000 2010","contributors_enabled":false,"time_zone":"Central Time (US & Canada)","protected":false,"default_profile":true,"is_translator":false},"geo":null,"in_reply_to_user_id_str":"439052086","lang":"en","created_at":"Mon Dec 15 01:38:55 +0000 2014","in_reply_to_status_id_str":"544304894920757249","place":null},
{"contributors":null,"truncated":false,"text":"@SimpleUserID @Reuters Yeah,can't blame West for its blood hungry self righteous Cowboys.Islamophobe(stpd wrd) when War Money is so charming","in_reply_to_status_id":544305572934586368,"id":544310961033584641,"favorite_count":0,"source":"<a href=\"http://twitter.com\" rel=\"nofollow\">Twitter Web Client</a>","retweeted":false,"coordinates":null,"entities":{"symbols":[],"user_mentions":[{"id":131017910,"indices":[0,13],"id_str":"131017910","screen_name":"SimpleUserID","name":"Juan"},{"id":1652541,"indices":[14,22],"id_str":"1652541","screen_name":"Reuters","name":"Reuters Top News"}],"hashtags":[],"urls":[]},"in_reply_to_screen_name":"SimpleUserID","id_str":"544310961033584641","retweet_count":0,"in_reply_to_user_id":131017910,"favorited":false,"user":{"follow_request_sent":false,"profile_use_background_image":true,"profile_text_color":"333333","default_profile_image":false,"id":439052086,"profile_background_image_url_https":"https://abs.twimg.com/images/themes/theme1/bg.png","verified":false,"profile_location":null,"profile_image_url_https":"https://pbs.twimg.com/profile_images/502372101450264577/Y3tlVPAD_normal.jpeg","profile_sidebar_fill_color":"DDEEF6","entities":{"description":{"urls":[]}},"followers_count":19,"profile_sidebar_border_color":"C0DEED","id_str":"439052086","profile_background_color":"C0DEED","listed_count":0,"is_translation_enabled":false,"utc_offset":null,"statuses_count":574,"description":"","friends_count":59,"location":"","profile_link_color":"0084B4","profile_image_url":"http://pbs.twimg.com/profile_images/502372101450264577/Y3tlVPAD_normal.jpeg","following":false,"geo_enabled":false,"profile_background_image_url":"http://abs.twimg.com/images/themes/theme1/bg.png","name":"Ali","lang":"en","profile_background_tile":false,"favourites_count":59,"screen_name":"smrizali","notifications":false,"url":null,"created_at":"Sat Dec 17 09:28:11 +0000 2011","contributors_enabled":false,"time_zone":null,"protected":false,"default_profile":true,"is_translator":false},"geo":null,"in_reply_to_user_id_str":"131017910","lang":"en","created_at":"Mon Dec 15 02:00:20 +0000 2014","in_reply_to_status_id_str":"544305572934586368","place":null},
{"contributors":null,"truncated":false,"text":"@smrizali Predictable. What do the West's faults have to do with Islam's teachings, such as hatred of us kuffar? @Reuters","in_reply_to_status_id":544310961033584641,"id":544324253055975425,"favorite_count":0,"source":"<a href=\"http://twitter.com/download/android\" rel=\"nofollow\">Twitter for Android</a>","retweeted":false,"coordinates":null,"entities":{"symbols":[],"user_mentions":[{"id":439052086,"indices":[0,9],"id_str":"439052086","screen_name":"smrizali","name":"Ali"},{"id":1652541,"indices":[113,121],"id_str":"1652541","screen_name":"Reuters","name":"Reuters Top News"}],"hashtags":[],"urls":[]},"in_reply_to_screen_name":"smrizali","id_str":"544324253055975425","retweet_count":0,"in_reply_to_user_id":439052086,"favorited":false,"user":{"follow_request_sent":false,"profile_use_background_image":true,"profile_text_color":"333333","default_profile_image":false,"id":131017910,"profile_background_image_url_https":"https://abs.twimg.com/images/themes/theme1/bg.png","verified":false,"profile_location":null,"profile_image_url_https":"https://pbs.twimg.com/profile_images/419286286063513601/MqaIJJLH_normal.jpeg","profile_sidebar_fill_color":"DDEEF6","entities":{"description":{"urls":[]}},"followers_count":540,"profile_sidebar_border_color":"C0DEED","id_str":"131017910","profile_background_color":"C0DEED","listed_count":26,"is_translation_enabled":false,"utc_offset":-21600,"statuses_count":9884,"description":"Computer programmer. Skeptic. Atheist. Indie/classic films enthusiast and craft beer lover.","friends_count":556,"location":"Illinois","profile_link_color":"0084B4","profile_image_url":"http://pbs.twimg.com/profile_images/419286286063513601/MqaIJJLH_normal.jpeg","following":false,"geo_enabled":true,"profile_banner_url":"https://pbs.twimg.com/profile_banners/131017910/1381115106","profile_background_image_url":"http://abs.twimg.com/images/themes/theme1/bg.png","name":"Juan","lang":"en","profile_background_tile":false,"favourites_count":8711,"screen_name":"SimpleUserID","notifications":false,"url":null,"created_at":"Fri Apr 09 01:18:55 +0000 2010","contributors_enabled":false,"time_zone":"Central Time (US & Canada)","protected":false,"default_profile":true,"is_translator":false},"geo":null,"in_reply_to_user_id_str":"439052086","lang":"en","created_at":"Mon Dec 15 02:53:09 +0000 2014","in_reply_to_status_id_str":"544310961033584641","place":null},
{"contributors":null,"truncated":false,"text":"@SimpleUserID @Reuters oh you figured it out all by yourself, eh. Sure Fox News knowledge is very helpful for you :-)","in_reply_to_status_id":544324253055975425,"id":544326449394507778,"favorite_count":0,"source":"<a href=\"http://twitter.com\" rel=\"nofollow\">Twitter Web Client</a>","retweeted":false,"coordinates":null,"entities":{"symbols":[],"user_mentions":[{"id":131017910,"indices":[0,13],"id_str":"131017910","screen_name":"SimpleUserID","name":"Juan"},{"id":1652541,"indices":[14,22],"id_str":"1652541","screen_name":"Reuters","name":"Reuters Top News"}],"hashtags":[],"urls":[]},"in_reply_to_screen_name":"SimpleUserID","id_str":"544326449394507778","retweet_count":0,"in_reply_to_user_id":131017910,"favorited":false,"user":{"follow_request_sent":false,"profile_use_background_image":true,"profile_text_color":"333333","default_profile_image":false,"id":439052086,"profile_background_image_url_https":"https://abs.twimg.com/images/themes/theme1/bg.png","verified":false,"profile_location":null,"profile_image_url_https":"https://pbs.twimg.com/profile_images/502372101450264577/Y3tlVPAD_normal.jpeg","profile_sidebar_fill_color":"DDEEF6","entities":{"description":{"urls":[]}},"followers_count":19,"profile_sidebar_border_color":"C0DEED","id_str":"439052086","profile_background_color":"C0DEED","listed_count":0,"is_translation_enabled":false,"utc_offset":null,"statuses_count":574,"description":"","friends_count":59,"location":"","profile_link_color":"0084B4","profile_image_url":"http://pbs.twimg.com/profile_images/502372101450264577/Y3tlVPAD_normal.jpeg","following":false,"geo_enabled":false,"profile_background_image_url":"http://abs.twimg.com/images/themes/theme1/bg.png","name":"Ali","lang":"en","profile_background_tile":false,"favourites_count":59,"screen_name":"smrizali","notifications":false,"url":null,"created_at":"Sat Dec 17 09:28:11 +0000 2011","contributors_enabled":false,"time_zone":null,"protected":false,"default_profile":true,"is_translator":false},"geo":null,"in_reply_to_user_id_str":"131017910","lang":"en","created_at":"Mon Dec 15 03:01:53 +0000 2014","in_reply_to_status_id_str":"544324253055975425","place":null},
{"contributors":null,"truncated":false,"text":"@smrizali I figured it out by reading the Quran, the hadith and sunnah. Fox News are a joke. @Reuters","in_reply_to_status_id":544326449394507778,"id":544327106898169856,"favorite_count":0,"source":"<a href=\"http://twitter.com/download/android\" rel=\"nofollow\">Twitter for Android</a>","retweeted":false,"coordinates":null,"entities":{"symbols":[],"user_mentions":[{"id":439052086,"indices":[0,9],"id_str":"439052086","screen_name":"smrizali","name":"Ali"},{"id":1652541,"indices":[93,101],"id_str":"1652541","screen_name":"Reuters","name":"Reuters Top News"}],"hashtags":[],"urls":[]},"in_reply_to_screen_name":"smrizali","id_str":"544327106898169856","retweet_count":0,"in_reply_to_user_id":439052086,"favorited":false,"user":{"follow_request_sent":false,"profile_use_background_image":true,"profile_text_color":"333333","default_profile_image":false,"id":131017910,"profile_background_image_url_https":"https://abs.twimg.com/images/themes/theme1/bg.png","verified":false,"profile_location":null,"profile_image_url_https":"https://pbs.twimg.com/profile_images/419286286063513601/MqaIJJLH_normal.jpeg","profile_sidebar_fill_color":"DDEEF6","entities":{"description":{"urls":[]}},"followers_count":540,"profile_sidebar_border_color":"C0DEED","id_str":"131017910","profile_background_color":"C0DEED","listed_count":26,"is_translation_enabled":false,"utc_offset":-21600,"statuses_count":9884,"description":"Computer programmer. Skeptic. Atheist. Indie/classic films enthusiast and craft beer lover.","friends_count":556,"location":"Illinois","profile_link_color":"0084B4","profile_image_url":"http://pbs.twimg.com/profile_images/419286286063513601/MqaIJJLH_normal.jpeg","following":false,"geo_enabled":true,"profile_banner_url":"https://pbs.twimg.com/profile_banners/131017910/1381115106","profile_background_image_url":"http://abs.twimg.com/images/themes/theme1/bg.png","name":"Juan","lang":"en","profile_background_tile":false,"favourites_count":8711,"screen_name":"SimpleUserID","notifications":false,"url":null,"created_at":"Fri Apr 09 01:18:55 +0000 2010","contributors_enabled":false,"time_zone":"Central Time (US & Canada)","protected":false,"default_profile":true,"is_translator":false},"geo":null,"in_reply_to_user_id_str":"439052086","lang":"en","created_at":"Mon Dec 15 03:04:30 +0000 2014","in_reply_to_status_id_str":"544326449394507778","place":null},
{"contributors":null,"truncated":false,"text":"@SimpleUserID @Reuters Yeah of course with your scholarly skills and knowledge of Islam and conclusions even Fox news is a Joke. Good luck!","in_reply_to_status_id":544327106898169856,"id":544328813849497600,"favorite_count":0,"source":"<a href=\"http://twitter.com\" rel=\"nofollow\">Twitter Web Client</a>","retweeted":false,"coordinates":null,"entities":{"symbols":[],"user_mentions":[{"id":131017910,"indices":[0,13],"id_str":"131017910","screen_name":"SimpleUserID","name":"Juan"},{"id":1652541,"indices":[14,22],"id_str":"1652541","screen_name":"Reuters","name":"Reuters Top News"}],"hashtags":[],"urls":[]},"in_reply_to_screen_name":"SimpleUserID","id_str":"544328813849497600","retweet_count":0,"in_reply_to_user_id":131017910,"favorited":false,"user":{"follow_request_sent":false,"profile_use_background_image":true,"profile_text_color":"333333","default_profile_image":false,"id":439052086,"profile_background_image_url_https":"https://abs.twimg.com/images/themes/theme1/bg.png","verified":false,"profile_location":null,"profile_image_url_https":"https://pbs.twimg.com/profile_images/502372101450264577/Y3tlVPAD_normal.jpeg","profile_sidebar_fill_color":"DDEEF6","entities":{"description":{"urls":[]}},"followers_count":19,"profile_sidebar_border_color":"C0DEED","id_str":"439052086","profile_background_color":"C0DEED","listed_count":0,"is_translation_enabled":false,"utc_offset":null,"statuses_count":574,"description":"","friends_count":59,"location":"","profile_link_color":"0084B4","profile_image_url":"http://pbs.twimg.com/profile_images/502372101450264577/Y3tlVPAD_normal.jpeg","following":false,"geo_enabled":false,"profile_background_image_url":"http://abs.twimg.com/images/themes/theme1/bg.png","name":"Ali","lang":"en","profile_background_tile":false,"favourites_count":59,"screen_name":"smrizali","notifications":false,"url":null,"created_at":"Sat Dec 17 09:28:11 +0000 2011","contributors_enabled":false,"time_zone":null,"protected":false,"default_profile":true,"is_translator":false},"geo":null,"in_reply_to_user_id_str":"131017910","lang":"en","created_at":"Mon Dec 15 03:11:17 +0000 2014","in_reply_to_status_id_str":"544327106898169856","place":null},
{"contributors":null,"truncated":false,"text":"@smrizali Yet funny how you didn't answer my question. @Reuters","in_reply_to_status_id":544328813849497600,"id":544328993915539458,"favorite_count":0,"source":"<a href=\"http://twitter.com/download/android\" rel=\"nofollow\">Twitter for Android</a>","retweeted":false,"coordinates":null,"entities":{"symbols":[],"user_mentions":[{"id":439052086,"indices":[0,9],"id_str":"439052086","screen_name":"smrizali","name":"Ali"},{"id":1652541,"indices":[55,63],"id_str":"1652541","screen_name":"Reuters","name":"Reuters Top News"}],"hashtags":[],"urls":[]},"in_reply_to_screen_name":"smrizali","id_str":"544328993915539458","retweet_count":0,"in_reply_to_user_id":439052086,"favorited":false,"user":{"follow_request_sent":false,"profile_use_background_image":true,"profile_text_color":"333333","default_profile_image":false,"id":131017910,"profile_background_image_url_https":"https://abs.twimg.com/images/themes/theme1/bg.png","verified":false,"profile_location":null,"profile_image_url_https":"https://pbs.twimg.com/profile_images/419286286063513601/MqaIJJLH_normal.jpeg","profile_sidebar_fill_color":"DDEEF6","entities":{"description":{"urls":[]}},"followers_count":540,"profile_sidebar_border_color":"C0DEED","id_str":"131017910","profile_background_color":"C0DEED","listed_count":26,"is_translation_enabled":false,"utc_offset":-21600,"statuses_count":9884,"description":"Computer programmer. Skeptic. Atheist. Indie/classic films enthusiast and craft beer lover.","friends_count":556,"location":"Illinois","profile_link_color":"0084B4","profile_image_url":"http://pbs.twimg.com/profile_images/419286286063513601/MqaIJJLH_normal.jpeg","following":false,"geo_enabled":true,"profile_banner_url":"https://pbs.twimg.com/profile_banners/131017910/1381115106","profile_background_image_url":"http://abs.twimg.com/images/themes/theme1/bg.png","name":"Juan","lang":"en","profile_background_tile":false,"favourites_count":8711,"screen_name":"SimpleUserID","notifications":false,"url":null,"created_at":"Fri Apr 09 01:18:55 +0000 2010","contributors_enabled":false,"time_zone":"Central Time (US & Canada)","protected":false,"default_profile":true,"is_translator":false},"geo":null,"in_reply_to_user_id_str":"439052086","lang":"en","created_at":"Mon Dec 15 03:11:59 +0000 2014","in_reply_to_status_id_str":"544328813849497600","place":null},
{"contributors":null,"truncated":false,"text":"@SimpleUserID @Reuters My dear \"Kafir\" friend with all the conclusions u have, u don't need an answer. U need restart how u look at things","in_reply_to_status_id":544328993915539458,"id":544332018339692545,"favorite_count":0,"source":"<a href=\"http://twitter.com\" rel=\"nofollow\">Twitter Web Client</a>","retweeted":false,"coordinates":null,"entities":{"symbols":[],"user_mentions":[{"id":131017910,"indices":[0,13],"id_str":"131017910","screen_name":"SimpleUserID","name":"Juan"},{"id":1652541,"indices":[14,22],"id_str":"1652541","screen_name":"Reuters","name":"Reuters Top News"}],"hashtags":[],"urls":[]},"in_reply_to_screen_name":"SimpleUserID","id_str":"544332018339692545","retweet_count":0,"in_reply_to_user_id":131017910,"favorited":false,"user":{"follow_request_sent":false,"profile_use_background_image":true,"profile_text_color":"333333","default_profile_image":false,"id":439052086,"profile_background_image_url_https":"https://abs.twimg.com/images/themes/theme1/bg.png","verified":false,"profile_location":null,"profile_image_url_https":"https://pbs.twimg.com/profile_images/502372101450264577/Y3tlVPAD_normal.jpeg","profile_sidebar_fill_color":"DDEEF6","entities":{"description":{"urls":[]}},"followers_count":19,"profile_sidebar_border_color":"C0DEED","id_str":"439052086","profile_background_color":"C0DEED","listed_count":0,"is_translation_enabled":false,"utc_offset":null,"statuses_count":574,"description":"","friends_count":59,"location":"","profile_link_color":"0084B4","profile_image_url":"http://pbs.twimg.com/profile_images/502372101450264577/Y3tlVPAD_normal.jpeg","following":false,"geo_enabled":false,"profile_background_image_url":"http://abs.twimg.com/images/themes/theme1/bg.png","name":"Ali","lang":"en","profile_background_tile":false,"favourites_count":59,"screen_name":"smrizali","notifications":false,"url":null,"created_at":"Sat Dec 17 09:28:11 +0000 2011","contributors_enabled":false,"time_zone":null,"protected":false,"default_profile":true,"is_translator":false},"geo":null,"in_reply_to_user_id_str":"131017910","lang":"en","created_at":"Mon Dec 15 03:24:01 +0000 2014","in_reply_to_status_id_str":"544328993915539458","place":null},
{"contributors":null,"truncated":false,"text":"@smrizali Then please answer my question. What does Islam teach about us kuffar? @Reuters","in_reply_to_status_id":544332018339692545,"id":544333236609253376,"favorite_count":0,"source":"<a href=\"http://twitter.com/download/android\" rel=\"nofollow\">Twitter for Android</a>","retweeted":false,"coordinates":null,"entities":{"symbols":[],"user_mentions":[{"id":439052086,"indices":[0,9],"id_str":"439052086","screen_name":"smrizali","name":"Ali"},{"id":1652541,"indices":[81,89],"id_str":"1652541","screen_name":"Reuters","name":"Reuters Top News"}],"hashtags":[],"urls":[]},"in_reply_to_screen_name":"smrizali","id_str":"544333236609253376","retweet_count":0,"in_reply_to_user_id":439052086,"favorited":false,"user":{"follow_request_sent":false,"profile_use_background_image":true,"profile_text_color":"333333","default_profile_image":false,"id":131017910,"profile_background_image_url_https":"https://abs.twimg.com/images/themes/theme1/bg.png","verified":false,"profile_location":null,"profile_image_url_https":"https://pbs.twimg.com/profile_images/419286286063513601/MqaIJJLH_normal.jpeg","profile_sidebar_fill_color":"DDEEF6","entities":{"description":{"urls":[]}},"followers_count":540,"profile_sidebar_border_color":"C0DEED","id_str":"131017910","profile_background_color":"C0DEED","listed_count":26,"is_translation_enabled":false,"utc_offset":-21600,"statuses_count":9884,"description":"Computer programmer. Skeptic. Atheist. Indie/classic films enthusiast and craft beer lover.","friends_count":556,"location":"Illinois","profile_link_color":"0084B4","profile_image_url":"http://pbs.twimg.com/profile_images/419286286063513601/MqaIJJLH_normal.jpeg","following":false,"geo_enabled":true,"profile_banner_url":"https://pbs.twimg.com/profile_banners/131017910/1381115106","profile_background_image_url":"http://abs.twimg.com/images/themes/theme1/bg.png","name":"Juan","lang":"en","profile_background_tile":false,"favourites_count":8711,"screen_name":"SimpleUserID","notifications":false,"url":null,"created_at":"Fri Apr 09 01:18:55 +0000 2010","contributors_enabled":false,"time_zone":"Central Time (US & Canada)","protected":false,"default_profile":true,"is_translator":false},"geo":null,"in_reply_to_user_id_str":"439052086","lang":"en","created_at":"Mon Dec 15 03:28:51 +0000 2014","in_reply_to_status_id_str":"544332018339692545","place":null}
]