[{"contributors":null,"truncated":false,"text":"@smh share photos after the situation has been resolved. Assume all hostage takers know how to use Twitter.","in_reply_to_status_id":544284483453595648,"id":544284870378151936,"favorite_count":1,"source":"<a href=\"http://twitter.com/download/android\" rel=\"nofollow\">Twitter for Android</a>","retweeted":false,"coordinates":null,"entities":{"symbols":[],"user_mentions":[{"id":16675569,"indices":[0,4],"id_str":"16675569","screen_name":"smh","name":"smh.com.au"}],"hashtags":[],"urls":[]},"in_reply_to_screen_name":"smh","id_str":"544284870378151936","retweet_count":3,"in_reply_to_user_id":16675569,"favorited":false,"user":{"follow_request_sent":false,"profile_use_background_image":true,"profile_text_color":"333333","default_profile_image":false,"id":175282160,"profile_background_image_url_https":"https://abs.twimg.com/images/themes/theme13/bg.gif","verified":false,"profile_location":null,"profile_image_url_https":"https://pbs.twimg.com/profile_images/2913213596/1eac13ffd84299c5382307ca5012dba0_normal.jpeg","profile_sidebar_fill_color":"FFFFFF","entities":{"description":{"urls":[]}},"followers_count":343,"profile_sidebar_border_color":"76F771","id_str":"175282160","profile_background_color":"175887","listed_count":13,"is_translation_enabled":false,"utc_offset":39600,"statuses_count":2582,"description":"I work in campaigns & projects. I love food/gardens/homey things. I'm a passionate progressive. Views are always my own.","friends_count":586,"location":"Sydney","profile_link_color":"0A591B","profile_image_url":"http://pbs.twimg.com/profile_images/2913213596/1eac13ffd84299c5382307ca5012dba0_normal.jpeg","following":false,"geo_enabled":false,"profile_banner_url":"https://pbs.twimg.com/profile_banners/175282160/1396054214","profile_background_image_url":"http://abs.twimg.com/images/themes/theme13/bg.gif","name":"Justine","lang":"en","profile_background_tile":false,"favourites_count":103,"screen_name":"justinegdh","notifications":false,"url":null,"created_at":"Fri Aug 06 04:56:12 +0000 2010","contributors_enabled":false,"time_zone":"New Caledonia","protected":false,"default_profile":false,"is_translator":false},"geo":null,"in_reply_to_user_id_str":"16675569","lang":"en","created_at":"Mon Dec 15 00:16:40 +0000 2014","in_reply_to_status_id_str":"544284483453595648","place":null},
{"contributors":null,"truncated":false,"text":"@smh dont post and jeopardise op!","in_reply_to_status_id":544284483453595648,"id":544284880972939264,"favorite_count":2,"source":"<a href=\"http://twitter.com\" rel=\"nofollow\">Twitter Web Client</a>","retweeted":false,"coordinates":null,"entities":{"symbols":[],"user_mentions":[{"id":16675569,"indices":[0,4],"id_str":"16675569","screen_name":"smh","name":"smh.com.au"}],"hashtags":[],"urls":[]},"in_reply_to_screen_name":"smh","id_str":"544284880972939264","retweet_count":1,"in_reply_to_user_id":16675569,"favorited":false,"user":{"follow_request_sent":false,"profile_use_background_image":true,"profile_text_color":"333333","default_profile_image":true,"id":48684811,"profile_background_image_url_https":"https://abs.twimg.com/images/themes/theme1/bg.png","verified":false,"profile_location":null,"profile_image_url_https":"https://abs.twimg.com/sticky/default_profile_images/default_profile_0_normal.png","profile_sidebar_fill_color":"DDEEF6","entities":{"description":{"urls":[]}},"followers_count":378,"profile_sidebar_border_color":"C0DEED","id_str":"48684811","profile_background_color":"C0DEED","listed_count":6,"is_translation_enabled":false,"utc_offset":36000,"statuses_count":5265,"description":"Family man, Rugby Union and Cricket Nut, Contrarian, Non-ideological","friends_count":1098,"location":"South East Queensland","profile_link_color":"0084B4","profile_image_url":"http://abs.twimg.com/sticky/default_profile_images/default_profile_0_normal.png","following":false,"geo_enabled":true,"profile_background_image_url":"http://abs.twimg.com/images/themes/theme1/bg.png","name":"Dale Grounds","lang":"en","profile_background_tile":false,"favourites_count":539,"screen_name":"dalegrounds","notifications":false,"url":null,"created_at":"Fri Jun 19 11:52:36 +0000 2009","contributors_enabled":false,"time_zone":"Brisbane","protected":false,"default_profile":true,"is_translator":false},"geo":null,"in_reply_to_user_id_str":"16675569","lang":"en","created_at":"Mon Dec 15 00:16:42 +0000 2014","in_reply_to_status_id_str":"544284483453595648","place":null},
{"contributors":null,"truncated":false,"text":"RT @smh: Police outside the Lindt cafe in Martin Place. Photo by Fairfax photographer Daniel Munoz. #SydneySiege http://t.co/JhdluzqSyd","in_reply_to_status_id":544284483453595648,"id":544284952314269696,"favorite_count":0,"source":"<a href=\"http://www.hootsuite.com\" rel=\"nofollow\">Hootsuite</a>","retweeted":false,"coordinates":null,"entities":{"symbols":[],"user_mentions":[{"id":16675569,"indices":[3,7],"id_str":"16675569","screen_name":"smh","name":"smh.com.au"}],"hashtags":[{"indices":[100,112],"text":"SydneySiege"}],"urls":[],"media":[{"source_user_id":16675569,"source_status_id_str":"544284483453595648","expanded_url":"http://twitter.com/smh/status/544284483453595648/photo/1","display_url":"pic.twitter.com/JhdluzqSyd","url":"http://t.co/JhdluzqSyd","media_url_https":"https://pbs.twimg.com/media/B42v2l2CcAEC8LR.jpg","source_user_id_str":"16675569","source_status_id":544284483453595648,"id_str":"544284482388258817","sizes":{"large":{"h":348,"resize":"fit","w":620},"small":{"h":190,"resize":"fit","w":340},"medium":{"h":336,"resize":"fit","w":600},"thumb":{"h":150,"resize":"crop","w":150}},"indices":[113,135],"type":"photo","id":544284482388258817,"media_url":"http://pbs.twimg.com/media/B42v2l2CcAEC8LR.jpg"}]},"in_reply_to_screen_name":"smh","id_str":"544284952314269696","retweet_count":1,"in_reply_to_user_id":16675569,"favorited":false,"user":{"follow_request_sent":false,"profile_use_background_image":true,"profile_text_color":"52555C","default_profile_image":false,"id":43493268,"profile_background_image_url_https":"https://pbs.twimg.com/profile_background_images/194109525/xb9f1d518387e66ee531ecf075ae9804.jpg","verified":false,"profile_location":null,"profile_image_url_https":"https://pbs.twimg.com/profile_images/1218809331/Gordon_normal.jpg","profile_sidebar_fill_color":"061127","entities":{"url":{"urls":[{"url":"http://t.co/0Mi9EJ3Vdz","indices":[0,22],"expanded_url":"http://www.gordongallachersphotography.com","display_url":"gordongallachersphotography.com"}]},"description":{"urls":[]}},"followers_count":452,"profile_sidebar_border_color":"000515","id_str":"43493268","profile_background_color":"59472F","listed_count":13,"is_translation_enabled":false,"utc_offset":39600,"statuses_count":2053,"description":"30 y/o Sydney Based Freelance News Photographer","friends_count":1546,"location":"Sydney - Australia","profile_link_color":"827972","profile_image_url":"http://pbs.twimg.com/profile_images/1218809331/Gordon_normal.jpg","following":false,"geo_enabled":true,"profile_banner_url":"https://pbs.twimg.com/profile_banners/43493268/1375690754","profile_background_image_url":"http://pbs.twimg.com/profile_background_images/194109525/xb9f1d518387e66ee531ecf075ae9804.jpg","name":"Gordon Gallacher","lang":"en","profile_background_tile":false,"favourites_count":0,"screen_name":"Gordon_25M","notifications":false,"url":"http://t.co/0Mi9EJ3Vdz","created_at":"Sat May 30 06:28:20 +0000 2009","contributors_enabled":false,"time_zone":"Sydney","protected":false,"default_profile":false,"is_translator":false},"geo":null,"in_reply_to_user_id_str":"16675569","possibly_sensitive":false,"lang":"en","created_at":"Mon Dec 15 00:16:59 +0000 2014","in_reply_to_status_id_str":"544284483453595648","place":null,"extended_entities":{"media":[{"source_user_id":16675569,"source_status_id_str":"544284483453595648","expanded_url":"http://twitter.com/smh/status/544284483453595648/photo/1","display_url":"pic.twitter.com/JhdluzqSyd","url":"http://t.co/JhdluzqSyd","media_url_https":"https://pbs.twimg.com/media/B42v2l2CcAEC8LR.jpg","source_user_id_str":"16675569","source_status_id":544284483453595648,"id_str":"544284482388258817","sizes":{"large":{"h":348,"resize":"fit","w":620},"small":{"h":190,"resize":"fit","w":340},"medium":{"h":336,"resize":"fit","w":600},"thumb":{"h":150,"resize":"crop","w":150}},"indices":[113,135],"type":"photo","id":544284482388258817,"media_url":"http://pbs.twimg.com/media/B42v2l2CcAEC8LR.jpg"}]}},
{"contributors":null,"truncated":false,"text":"@smh do not post pic's of what the police are doing!!! I will block and stop reading you if you don't. Crim's read twitter too!!","in_reply_to_status_id":544284483453595648,"id":544285234909302784,"favorite_count":1,"source":"<a href=\"http://twitter.com\" rel=\"nofollow\">Twitter Web Client</a>","retweeted":false,"coordinates":null,"entities":{"symbols":[],"user_mentions":[{"id":16675569,"indices":[0,4],"id_str":"16675569","screen_name":"smh","name":"smh.com.au"}],"hashtags":[],"urls":[]},"in_reply_to_screen_name":"smh","id_str":"544285234909302784","retweet_count":0,"in_reply_to_user_id":16675569,"favorited":false,"user":{"follow_request_sent":false,"profile_use_background_image":true,"profile_text_color":"663B12","default_profile_image":true,"id":102584544,"profile_background_image_url_https":"https://abs.twimg.com/images/themes/theme2/bg.gif","verified":false,"profile_location":null,"profile_image_url_https":"https://abs.twimg.com/sticky/default_profile_images/default_profile_6_normal.png","profile_sidebar_fill_color":"DAECF4","entities":{"description":{"urls":[]}},"followers_count":10,"profile_sidebar_border_color":"C6E2EE","id_str":"102584544","profile_background_color":"C6E2EE","listed_count":0,"is_translation_enabled":false,"utc_offset":null,"statuses_count":124,"description":"","friends_count":57,"location":"","profile_link_color":"1F98C7","profile_image_url":"http://abs.twimg.com/sticky/default_profile_images/default_profile_6_normal.png","following":false,"geo_enabled":false,"profile_background_image_url":"http://abs.twimg.com/images/themes/theme2/bg.gif","name":"belinda holdsworth","lang":"en","profile_background_tile":false,"favourites_count":8,"screen_name":"belleholdsworth","notifications":false,"url":null,"created_at":"Thu Jan 07 05:17:48 +0000 2010","contributors_enabled":false,"time_zone":null,"protected":false,"default_profile":false,"is_translator":false},"geo":null,"in_reply_to_user_id_str":"16675569","lang":"en","created_at":"Mon Dec 15 00:18:06 +0000 2014","in_reply_to_status_id_str":"544284483453595648","place":null},
{"contributors":null,"truncated":false,"text":"@smh Anyone linking the \"coincidence\" that Lindt are one of only a few chocolate companies that are NOT Halal Certified? #sydneysiege","in_reply_to_status_id":544284483453595648,"id":544285330031915008,"favorite_count":0,"source":"<a href=\"http://twitter.com/download/iphone\" rel=\"nofollow\">Twitter for iPhone</a>","retweeted":false,"coordinates":null,"entities":{"symbols":[],"user_mentions":[{"id":16675569,"indices":[0,4],"id_str":"16675569","screen_name":"smh","name":"smh.com.au"}],"hashtags":[{"indices":[121,133],"text":"sydneysiege"}],"urls":[]},"in_reply_to_screen_name":"smh","id_str":"544285330031915008","retweet_count":1,"in_reply_to_user_id":16675569,"favorited":false,"user":{"follow_request_sent":false,"profile_use_background_image":true,"profile_text_color":"333333","default_profile_image":false,"id":188672541,"profile_background_image_url_https":"https://abs.twimg.com/images/themes/theme1/bg.png","verified":false,"profile_location":null,"profile_image_url_https":"https://pbs.twimg.com/profile_images/1709429864/image_normal.jpg","profile_sidebar_fill_color":"DDEEF6","entities":{"url":{"urls":[{"url":"http://t.co/eDhJHfQJZl","indices":[0,22],"expanded_url":"http://www.switchsymbol.com","display_url":"switchsymbol.com"}]},"description":{"urls":[]}},"followers_count":3031,"profile_sidebar_border_color":"C0DEED","id_str":"188672541","profile_background_color":"C0DEED","listed_count":39,"is_translation_enabled":false,"utc_offset":39600,"statuses_count":5157,"description":"Sex diary of a swinging couple. Happy to meet up with any attractive couples, sexy women or hung, cut, white men that aren't full of themselves.","friends_count":469,"location":"Sydney, Australia","profile_link_color":"0084B4","profile_image_url":"http://pbs.twimg.com/profile_images/1709429864/image_normal.jpg","following":false,"geo_enabled":false,"profile_banner_url":"https://pbs.twimg.com/profile_banners/188672541/1408075431","profile_background_image_url":"http://abs.twimg.com/images/themes/theme1/bg.png","name":"Switch & Tina","lang":"en","profile_background_tile":false,"favourites_count":1111,"screen_name":"NoHangups4u","notifications":false,"url":"http://t.co/eDhJHfQJZl","created_at":"Thu Sep 09 09:09:22 +0000 2010","contributors_enabled":false,"time_zone":"Sydney","protected":false,"default_profile":true,"is_translator":false},"geo":null,"in_reply_to_user_id_str":"16675569","lang":"en","created_at":"Mon Dec 15 00:18:29 +0000 2014","in_reply_to_status_id_str":"544284483453595648","place":null},
{"contributors":null,"truncated":false,"text":"@justinegdh @smh Very responsible comment.","in_reply_to_status_id":544284870378151936,"id":544285433660596224,"favorite_count":0,"source":"<a href=\"http://twitter.com/download/android\" rel=\"nofollow\">Twitter for Android</a>","retweeted":false,"coordinates":null,"entities":{"symbols":[],"user_mentions":[{"id":175282160,"indices":[0,11],"id_str":"175282160","screen_name":"justinegdh","name":"Justine"},{"id":16675569,"indices":[12,16],"id_str":"16675569","screen_name":"smh","name":"smh.com.au"}],"hashtags":[],"urls":[]},"in_reply_to_screen_name":"justinegdh","id_str":"544285433660596224","retweet_count":0,"in_reply_to_user_id":175282160,"favorited":false,"user":{"follow_request_sent":false,"profile_use_background_image":true,"profile_text_color":"333333","default_profile_image":true,"id":1314797419,"profile_background_image_url_https":"https://abs.twimg.com/images/themes/theme1/bg.png","verified":false,"profile_location":null,"profile_image_url_https":"https://abs.twimg.com/sticky/default_profile_images/default_profile_5_normal.png","profile_sidebar_fill_color":"DDEEF6","entities":{"description":{"urls":[]}},"followers_count":7,"profile_sidebar_border_color":"C0DEED","id_str":"1314797419","profile_background_color":"C0DEED","listed_count":0,"is_translation_enabled":false,"utc_offset":null,"statuses_count":9,"description":"","friends_count":19,"location":"","profile_link_color":"0084B4","profile_image_url":"http://abs.twimg.com/sticky/default_profile_images/default_profile_5_normal.png","following":false,"geo_enabled":false,"profile_background_image_url":"http://abs.twimg.com/images/themes/theme1/bg.png","name":"Satha Pillay","lang":"en","profile_background_tile":false,"favourites_count":0,"screen_name":"SathaPillay","notifications":false,"url":null,"created_at":"Fri Mar 29 18:33:24 +0000 2013","contributors_enabled":false,"time_zone":null,"protected":false,"default_profile":true,"is_translator":false},"geo":null,"in_reply_to_user_id_str":"175282160","lang":"en","created_at":"Mon Dec 15 00:18:54 +0000 2014","in_reply_to_status_id_str":"544284870378151936","place":null},
{"contributors":null,"truncated":false,"text":"@smh is this good practice to be posting these pictures in the middle of their operation?","in_reply_to_status_id":544284483453595648,"id":544285543451070465,"favorite_count":0,"source":"<a href=\"http://twitter.com\" rel=\"nofollow\">Twitter Web Client</a>","retweeted":false,"coordinates":null,"entities":{"symbols":[],"user_mentions":[{"id":16675569,"indices":[0,4],"id_str":"16675569","screen_name":"smh","name":"smh.com.au"}],"hashtags":[],"urls":[]},"in_reply_to_screen_name":"smh","id_str":"544285543451070465","retweet_count":0,"in_reply_to_user_id":16675569,"favorited":false,"user":{"follow_request_sent":false,"profile_use_background_image":true,"profile_text_color":"333333","default_profile_image":false,"id":1654719594,"profile_background_image_url_https":"https://abs.twimg.com/images/themes/theme1/bg.png","verified":false,"profile_location":null,"profile_image_url_https":"https://pbs.twimg.com/profile_images/378800000269411589/9b27aa33d221c13ad4f84690920f98cb_normal.jpeg","profile_sidebar_fill_color":"DDEEF6","entities":{"description":{"urls":[]}},"followers_count":9,"profile_sidebar_border_color":"C0DEED","id_str":"1654719594","profile_background_color":"C0DEED","listed_count":0,"is_translation_enabled":false,"utc_offset":null,"statuses_count":58,"description":"Studying International Studies at UOW","friends_count":83,"location":"","profile_link_color":"0084B4","profile_image_url":"http://pbs.twimg.com/profile_images/378800000269411589/9b27aa33d221c13ad4f84690920f98cb_normal.jpeg","following":false,"geo_enabled":false,"profile_banner_url":"https://pbs.twimg.com/profile_banners/1654719594/1376140038","profile_background_image_url":"http://abs.twimg.com/images/themes/theme1/bg.png","name":"Danielle Peers-Catt","lang":"en-gb","profile_background_tile":false,"favourites_count":0,"screen_name":"DanielleLPC","notifications":false,"url":null,"created_at":"Thu Aug 08 06:46:14 +0000 2013","contributors_enabled":false,"time_zone":null,"protected":false,"default_profile":true,"is_translator":false},"geo":null,"in_reply_to_user_id_str":"16675569","lang":"en","created_at":"Mon Dec 15 00:19:20 +0000 2014","in_reply_to_status_id_str":"544284483453595648","place":null},
{"contributors":null,"truncated":false,"text":"@smh @bencubby I guess SMH not worrying about the \"don't broadcast police movements\" thing?","in_reply_to_status_id":544284483453595648,"id":544285736761954304,"favorite_count":0,"source":"<a href=\"http://twitter.com\" rel=\"nofollow\">Twitter Web Client</a>","retweeted":false,"coordinates":null,"entities":{"symbols":[],"user_mentions":[{"id":16675569,"indices":[0,4],"id_str":"16675569","screen_name":"smh","name":"smh.com.au"},{"id":255753616,"indices":[5,14],"id_str":"255753616","screen_name":"bencubby","name":"Hark the Herald Ben"}],"hashtags":[],"urls":[]},"in_reply_to_screen_name":"smh","id_str":"544285736761954304","retweet_count":1,"in_reply_to_user_id":16675569,"favorited":false,"user":{"follow_request_sent":false,"profile_use_background_image":true,"profile_text_color":"000000","default_profile_image":false,"id":1970791,"profile_background_image_url_https":"https://pbs.twimg.com/profile_background_images/442923994442768384/R1gefUO6.jpeg","verified":false,"profile_location":null,"profile_image_url_https":"https://pbs.twimg.com/profile_images/505227731768836097/1jE6wwAr_normal.png","profile_sidebar_fill_color":"E0FF92","entities":{"url":{"urls":[{"url":"http://t.co/OoSMjQnVUu","indices":[0,22],"expanded_url":"http://kickthatcomputer.wordpress.com","display_url":"kickthatcomputer.wordpress.com"}]},"description":{"urls":[]}},"followers_count":260,"profile_sidebar_border_color":"000000","id_str":"1970791","profile_background_color":"12038A","listed_count":14,"is_translation_enabled":false,"utc_offset":39600,"statuses_count":17923,"description":"All views are possibly my own. If in doubt, assume it's sarcasm. I don't speak for my employers, they can speak for themselves. I do stuff with computers.","friends_count":388,"location":"Sydney, Australia","profile_link_color":"0000FF","profile_image_url":"http://pbs.twimg.com/profile_images/505227731768836097/1jE6wwAr_normal.png","following":false,"geo_enabled":false,"profile_banner_url":"https://pbs.twimg.com/profile_banners/1970791/1405234988","profile_background_image_url":"http://pbs.twimg.com/profile_background_images/442923994442768384/R1gefUO6.jpeg","name":"Scott","lang":"en","profile_background_tile":false,"favourites_count":124,"screen_name":"scott_thewspot","notifications":false,"url":"http://t.co/OoSMjQnVUu","created_at":"Fri Mar 23 03:04:43 +0000 2007","contributors_enabled":false,"time_zone":"Sydney","protected":false,"default_profile":false,"is_translator":false},"geo":null,"in_reply_to_user_id_str":"16675569","lang":"en","created_at":"Mon Dec 15 00:20:06 +0000 2014","in_reply_to_status_id_str":"544284483453595648","place":null},
{"contributors":null,"truncated":false,"text":"@smh Pull the photos down, NOW! Hostage takers have access to social media too. You are toying the lives of the hostages and the police!","in_reply_to_status_id":544284483453595648,"id":544285873055866880,"favorite_count":0,"source":"<a href=\"http://twitter.com\" rel=\"nofollow\">Twitter Web Client</a>","retweeted":false,"coordinates":null,"entities":{"symbols":[],"user_mentions":[{"id":16675569,"indices":[0,4],"id_str":"16675569","screen_name":"smh","name":"smh.com.au"}],"hashtags":[],"urls":[]},"in_reply_to_screen_name":"smh","id_str":"544285873055866880","retweet_count":0,"in_reply_to_user_id":16675569,"favorited":false,"user":{"follow_request_sent":false,"profile_use_background_image":true,"profile_text_color":"333333","default_profile_image":false,"id":149455862,"profile_background_image_url_https":"https://pbs.twimg.com/profile_background_images/454932661392252928/yLnky24I.png","verified":false,"profile_location":null,"profile_image_url_https":"https://pbs.twimg.com/profile_images/454932106833956864/gxkQG6ZD_normal.jpeg","profile_sidebar_fill_color":"DDEEF6","entities":{"url":{"urls":[{"url":"http://t.co/O4bniHO6oT","indices":[0,22],"expanded_url":"http://theplasticdiaries.com","display_url":"theplasticdiaries.com"}]},"description":{"urls":[]}},"followers_count":4443,"profile_sidebar_border_color":"FFFFFF","id_str":"149455862","profile_background_color":"F0F3F5","listed_count":121,"is_translation_enabled":false,"utc_offset":39600,"statuses_count":37873,"description":"Editor of The Plastic Diaries, sharing my quest to looking & feeling good. Crazy dog lady. #bblogger talking #makeup #fashion #travel #wellbeing!","friends_count":1080,"location":"","profile_link_color":"0084B4","profile_image_url":"http://pbs.twimg.com/profile_images/454932106833956864/gxkQG6ZD_normal.jpeg","following":false,"geo_enabled":false,"profile_banner_url":"https://pbs.twimg.com/profile_banners/149455862/1408952148","profile_background_image_url":"http://pbs.twimg.com/profile_background_images/454932661392252928/yLnky24I.png","name":"Kimberly Nissen","lang":"en","profile_background_tile":true,"favourites_count":33,"screen_name":"PlasticDiaries","notifications":false,"url":"http://t.co/O4bniHO6oT","created_at":"Sat May 29 09:52:09 +0000 2010","contributors_enabled":false,"time_zone":"Sydney","protected":false,"default_profile":false,"is_translator":false},"geo":null,"in_reply_to_user_id_str":"16675569","lang":"en","created_at":"Mon Dec 15 00:20:39 +0000 2014","in_reply_to_status_id_str":"544284483453595648","place":null},
{"contributors":null,"truncated":false,"text":".@smh I believe the police are asking for coverage of their activity to be stopped. In case this is assisting the gunmen/women.","in_reply_to_status_id":544284483453595648,"id":544286382823198721,"favorite_count":0,"source":"<a href=\"http://twitter.com/#!/download/ipad\" rel=\"nofollow\">Twitter for iPad</a>","retweeted":false,"coordinates":null,"entities":{"symbols":[],"user_mentions":[{"id":16675569,"indices":[1,5],"id_str":"16675569","screen_name":"smh","name":"smh.com.au"}],"hashtags":[],"urls":[]},"in_reply_to_screen_name":"smh","id_str":"544286382823198721","retweet_count":0,"in_reply_to_user_id":16675569,"favorited":false,"user":{"follow_request_sent":false,"profile_use_background_image":true,"profile_text_color":"333333","default_profile_image":false,"id":565936487,"profile_background_image_url_https":"https://abs.twimg.com/images/themes/theme12/bg.gif","verified":false,"profile_location":null,"profile_image_url_https":"https://pbs.twimg.com/profile_images/587181849358663680/Oo7V1a-d_normal.jpg","profile_sidebar_fill_color":"DDEEF6","entities":{"description":{"urls":[]}},"followers_count":1509,"profile_sidebar_border_color":"FFFFFF","id_str":"565936487","profile_background_color":"C1EBD6","listed_count":69,"is_translation_enabled":false,"utc_offset":null,"statuses_count":94211,"description":"Atheist #humanrights #childrights #refugees #LGBTI  Morrison/Abbott/Shorten/Rudd/Gillard/Marles/Emerson/Howard belong in the #ICC for crimes against humanity.","friends_count":1644,"location":"Fascist Australia","profile_link_color":"FF0000","profile_image_url":"http://pbs.twimg.com/profile_images/587181849358663680/Oo7V1a-d_normal.jpg","following":false,"geo_enabled":false,"profile_banner_url":"https://pbs.twimg.com/profile_banners/565936487/1396765108","profile_background_image_url":"http://abs.twimg.com/images/themes/theme12/bg.gif","name":"S","lang":"en","profile_background_tile":false,"favourites_count":33290,"screen_name":"dopsdingers","notifications":false,"url":null,"created_at":"Sun Apr 29 03:13:30 +0000 2012","contributors_enabled":false,"time_zone":null,"protected":false,"default_profile":false,"is_translator":false},"geo":null,"in_reply_to_user_id_str":"16675569","lang":"en","created_at":"Mon Dec 15 00:22:40 +0000 2014","in_reply_to_status_id_str":"544284483453595648","place":null},
{"contributors":null,"truncated":false,"text":"@belleholdsworth @smh The police look pretty relaxed, op is over! thats how it looks to me!","in_reply_to_status_id":544285234909302784,"id":544287015701729280,"favorite_count":0,"source":"<a href=\"http://twitter.com\" rel=\"nofollow\">Twitter Web Client</a>","retweeted":false,"coordinates":null,"entities":{"symbols":[],"user_mentions":[{"id":102584544,"indices":[0,16],"id_str":"102584544","screen_name":"belleholdsworth","name":"belinda holdsworth"},{"id":16675569,"indices":[17,21],"id_str":"16675569","screen_name":"smh","name":"smh.com.au"}],"hashtags":[],"urls":[]},"in_reply_to_screen_name":"belleholdsworth","id_str":"544287015701729280","retweet_count":0,"in_reply_to_user_id":102584544,"favorited":false,"user":{"follow_request_sent":false,"profile_use_background_image":true,"profile_text_color":"333333","default_profile_image":false,"id":1725045786,"profile_background_image_url_https":"https://abs.twimg.com/images/themes/theme8/bg.gif","verified":false,"profile_location":null,"profile_image_url_https":"https://pbs.twimg.com/profile_images/538338027894886400/nJHmw89I_normal.png","profile_sidebar_fill_color":"EADEAA","entities":{"url":{"urls":[{"url":"http://t.co/E6WvnZobwW","indices":[0,22],"expanded_url":"http://www.facebook.com/shaughan.abbott","display_url":"facebook.com/shaughan.abbott"}]},"description":{"urls":[]}},"followers_count":2597,"profile_sidebar_border_color":"D9B17E","id_str":"1725045786","profile_background_color":"8B542B","listed_count":29,"is_translation_enabled":false,"utc_offset":37800,"statuses_count":69284,"description":"Mature-age,Disabled Uni Student. Founding Friend of climate council. Independent Thinker. DAAS Groupie. Founding member of Australian Progressives.","friends_count":2535,"location":"Adelaide SA. Australia ","profile_link_color":"9D582E","profile_image_url":"http://pbs.twimg.com/profile_images/538338027894886400/nJHmw89I_normal.png","following":false,"geo_enabled":true,"profile_banner_url":"https://pbs.twimg.com/profile_banners/1725045786/1385173331","profile_background_image_url":"http://abs.twimg.com/images/themes/theme8/bg.gif","name":"#ausprog JEDI  ","lang":"en","profile_background_tile":false,"favourites_count":28505,"screen_name":"ShaughanA","notifications":false,"url":"http://t.co/E6WvnZobwW","created_at":"Tue Sep 03 10:27:29 +0000 2013","contributors_enabled":false,"time_zone":"Adelaide","protected":false,"default_profile":false,"is_translator":false},"geo":null,"in_reply_to_user_id_str":"102584544","lang":"en","created_at":"Mon Dec 15 00:25:11 +0000 2014","in_reply_to_status_id_str":"544285234909302784","place":null},
{"contributors":null,"truncated":false,"text":"@smh I am freaking out!","in_reply_to_status_id":544284483453595648,"id":544287419030196225,"favorite_count":0,"source":"<a href=\"http://twitter.com\" rel=\"nofollow\">Twitter Web Client</a>","retweeted":false,"coordinates":null,"entities":{"symbols":[],"user_mentions":[{"id":16675569,"indices":[0,4],"id_str":"16675569","screen_name":"smh","name":"smh.com.au"}],"hashtags":[],"urls":[]},"in_reply_to_screen_name":"smh","id_str":"544287419030196225","retweet_count":0,"in_reply_to_user_id":16675569,"favorited":false,"user":{"follow_request_sent":false,"profile_use_background_image":true,"profile_text_color":"333333","default_profile_image":false,"id":51963883,"profile_background_image_url_https":"https://abs.twimg.com/images/themes/theme1/bg.png","verified":false,"profile_location":null,"profile_image_url_https":"https://pbs.twimg.com/profile_images/378800000342175793/af79ba58b8abfdf8ed3e0410c58bc9c4_normal.jpeg","profile_sidebar_fill_color":"DDEEF6","entities":{"description":{"urls":[]}},"followers_count":2,"profile_sidebar_border_color":"C0DEED","id_str":"51963883","profile_background_color":"C0DEED","listed_count":0,"is_translation_enabled":false,"utc_offset":null,"statuses_count":91,"description":"","friends_count":13,"location":"Sydney, Australia","profile_link_color":"0084B4","profile_image_url":"http://pbs.twimg.com/profile_images/378800000342175793/af79ba58b8abfdf8ed3e0410c58bc9c4_normal.jpeg","following":false,"geo_enabled":false,"profile_background_image_url":"http://abs.twimg.com/images/themes/theme1/bg.png","name":"Jennifer Zakaria","lang":"en","profile_background_tile":false,"favourites_count":0,"screen_name":"BertiePanzoff","notifications":false,"url":null,"created_at":"Mon Jun 29 04:53:29 +0000 2009","contributors_enabled":false,"time_zone":null,"protected":false,"default_profile":true,"is_translator":false},"geo":null,"in_reply_to_user_id_str":"16675569","lang":"en","created_at":"Mon Dec 15 00:26:47 +0000 2014","in_reply_to_status_id_str":"544284483453595648","place":null},
{"contributors":null,"truncated":false,"text":"@dalegrounds @smh dont post and jeopardise op!","in_reply_to_status_id":544284880972939264,"id":544287593588723712,"favorite_count":0,"source":"<a href=\"http://twitter.com\" rel=\"nofollow\">Twitter Web Client</a>","retweeted":false,"coordinates":null,"entities":{"symbols":[],"user_mentions":[{"id":48684811,"indices":[0,12],"id_str":"48684811","screen_name":"dalegrounds","name":"Dale Grounds"},{"id":16675569,"indices":[13,17],"id_str":"16675569","screen_name":"smh","name":"smh.com.au"}],"hashtags":[],"urls":[]},"in_reply_to_screen_name":"dalegrounds","id_str":"544287593588723712","retweet_count":1,"in_reply_to_user_id":48684811,"favorited":false,"user":{"follow_request_sent":false,"profile_use_background_image":true,"profile_text_color":"333333","default_profile_image":false,"id":51963883,"profile_background_image_url_https":"https://abs.twimg.com/images/themes/theme1/bg.png","verified":false,"profile_location":null,"profile_image_url_https":"https://pbs.twimg.com/profile_images/378800000342175793/af79ba58b8abfdf8ed3e0410c58bc9c4_normal.jpeg","profile_sidebar_fill_color":"DDEEF6","entities":{"description":{"urls":[]}},"followers_count":2,"profile_sidebar_border_color":"C0DEED","id_str":"51963883","profile_background_color":"C0DEED","listed_count":0,"is_translation_enabled":false,"utc_offset":null,"statuses_count":91,"description":"","friends_count":13,"location":"Sydney, Australia","profile_link_color":"0084B4","profile_image_url":"http://pbs.twimg.com/profile_images/378800000342175793/af79ba58b8abfdf8ed3e0410c58bc9c4_normal.jpeg","following":false,"geo_enabled":false,"profile_background_image_url":"http://abs.twimg.com/images/themes/theme1/bg.png","name":"Jennifer Zakaria","lang":"en","profile_background_tile":false,"favourites_count":0,"screen_name":"BertiePanzoff","notifications":false,"url":null,"created_at":"Mon Jun 29 04:53:29 +0000 2009","contributors_enabled":false,"time_zone":null,"protected":false,"default_profile":true,"is_translator":false},"geo":null,"in_reply_to_user_id_str":"48684811","lang":"en","created_at":"Mon Dec 15 00:27:29 +0000 2014","in_reply_to_status_id_str":"544284880972939264","place":null},
{"contributors":null,"truncated":false,"text":"@smh @SarWhyte Irresponsible, unethical &amp; immoral reporting. Before, during or after fact. DON'T give IS fodder fir their propaganda.","in_reply_to_status_id":544284483453595648,"id":544287682621227008,"favorite_count":0,"source":"<a href=\"http://twitter.com/download/android\" rel=\"nofollow\">Twitter for Android</a>","retweeted":false,"coordinates":null,"entities":{"symbols":[],"user_mentions":[{"id":16675569,"indices":[0,4],"id_str":"16675569","screen_name":"smh","name":"smh.com.au"},{"id":55729485,"indices":[5,14],"id_str":"55729485","screen_name":"SarWhyte","name":"Sarah Whyte"}],"hashtags":[],"urls":[]},"in_reply_to_screen_name":"smh","id_str":"544287682621227008","retweet_count":0,"in_reply_to_user_id":16675569,"favorited":false,"user":{"follow_request_sent":false,"profile_use_background_image":true,"profile_text_color":"3E4415","default_profile_image":false,"id":15616878,"profile_background_image_url_https":"https://pbs.twimg.com/profile_background_images/796970255/657655a079a8c02ffecff5622396ccd1.gif","verified":false,"profile_location":null,"profile_image_url_https":"https://pbs.twimg.com/profile_images/580261843635036160/YRhyMrRu_normal.jpg","profile_sidebar_fill_color":"BDF058","entities":{"url":{"urls":[{"url":"http://t.co/gSaGw3qfYH","indices":[0,22],"expanded_url":"http://www.judiegade.com.au","display_url":"judiegade.com.au"}]},"description":{"urls":[]}},"followers_count":467,"profile_sidebar_border_color":"FFFFFF","id_str":"15616878","profile_background_color":"352726","listed_count":19,"is_translation_enabled":false,"utc_offset":39600,"statuses_count":3260,"description":"Freelance multimedia journalist, politics, urban farmer, seed collector. \r\nPsychology~Health Promotion~Journalism.","friends_count":737,"location":"Melbourne, Australia","profile_link_color":"D02B54","profile_image_url":"http://pbs.twimg.com/profile_images/580261843635036160/YRhyMrRu_normal.jpg","following":false,"geo_enabled":true,"profile_banner_url":"https://pbs.twimg.com/profile_banners/15616878/1361495319","profile_background_image_url":"http://pbs.twimg.com/profile_background_images/796970255/657655a079a8c02ffecff5622396ccd1.gif","name":"Judie Gade","lang":"en","profile_background_tile":true,"favourites_count":385,"screen_name":"ADDventurous","notifications":false,"url":"http://t.co/gSaGw3qfYH","created_at":"Sun Jul 27 02:59:47 +0000 2008","contributors_enabled":false,"time_zone":"Melbourne","protected":false,"default_profile":false,"is_translator":false},"geo":null,"in_reply_to_user_id_str":"16675569","lang":"en","created_at":"Mon Dec 15 00:27:50 +0000 2014","in_reply_to_status_id_str":"544284483453595648","place":null},
{"contributors":null,"truncated":false,"text":"@smh You know you went too far when the big boys show up!","in_reply_to_status_id":544284483453595648,"id":544287735213588481,"favorite_count":0,"source":"<a href=\"http://twitter.com\" rel=\"nofollow\">Twitter Web Client</a>","retweeted":false,"coordinates":null,"entities":{"symbols":[],"user_mentions":[{"id":16675569,"indices":[0,4],"id_str":"16675569","screen_name":"smh","name":"smh.com.au"}],"hashtags":[],"urls":[]},"in_reply_to_screen_name":"smh","id_str":"544287735213588481","retweet_count":0,"in_reply_to_user_id":16675569,"favorited":false,"user":{"follow_request_sent":false,"profile_use_background_image":true,"profile_text_color":"333333","default_profile_image":false,"id":403516709,"profile_background_image_url_https":"https://abs.twimg.com/images/themes/theme1/bg.png","verified":false,"profile_location":null,"profile_image_url_https":"https://pbs.twimg.com/profile_images/1619021129/gta-v-five-logo-v-only_normal.png","profile_sidebar_fill_color":"DDEEF6","entities":{"description":{"urls":[]}},"followers_count":16,"profile_sidebar_border_color":"C0DEED","id_str":"403516709","profile_background_color":"C0DEED","listed_count":0,"is_translation_enabled":false,"utc_offset":null,"statuses_count":226,"description":"","friends_count":167,"location":"Sydney, Australia","profile_link_color":"0084B4","profile_image_url":"http://pbs.twimg.com/profile_images/1619021129/gta-v-five-logo-v-only_normal.png","following":false,"geo_enabled":true,"profile_background_image_url":"http://abs.twimg.com/images/themes/theme1/bg.png","name":"Sam Lewis","lang":"en","profile_background_tile":false,"favourites_count":158,"screen_name":"Cardinal7477","notifications":false,"url":null,"created_at":"Wed Nov 02 16:17:55 +0000 2011","contributors_enabled":false,"time_zone":null,"protected":false,"default_profile":true,"is_translator":false},"geo":null,"in_reply_to_user_id_str":"16675569","lang":"en","created_at":"Mon Dec 15 00:28:03 +0000 2014","in_reply_to_status_id_str":"544284483453595648","place":{"full_name":"Sydney, New South Wales","url":"https://api.twitter.com/1.1/geo/id/0073b76548e5984f.json","country":"Australia","place_type":"city","bounding_box":{"type":"Polygon","coordinates":[[[150.520928608,-34.1183470085],[151.343020992,-34.1183470085],[151.343020992,-33.578140996],[150.520928608,-33.578140996]]]},"contained_within":[],"country_code":"AU","attributes":{},"id":"0073b76548e5984f","name":"Sydney"}},
{"contributors":null,"truncated":false,"text":"@justinegdh @smh There is just no way people will stop tweeting/following situations like these. Media or Crims will get followers...","in_reply_to_status_id":544284870378151936,"id":544289887139008512,"favorite_count":0,"source":"<a href=\"http://twitter.com\" rel=\"nofollow\">Twitter Web Client</a>","retweeted":false,"coordinates":null,"entities":{"symbols":[],"user_mentions":[{"id":175282160,"indices":[0,11],"id_str":"175282160","screen_name":"justinegdh","name":"Justine"},{"id":16675569,"indices":[12,16],"id_str":"16675569","screen_name":"smh","name":"smh.com.au"}],"hashtags":[],"urls":[]},"in_reply_to_screen_name":"justinegdh","id_str":"544289887139008512","retweet_count":0,"in_reply_to_user_id":175282160,"favorited":false,"user":{"follow_request_sent":false,"profile_use_background_image":true,"profile_text_color":"333333","default_profile_image":false,"id":403516709,"profile_background_image_url_https":"https://abs.twimg.com/images/themes/theme1/bg.png","verified":false,"profile_location":null,"profile_image_url_https":"https://pbs.twimg.com/profile_images/1619021129/gta-v-five-logo-v-only_normal.png","profile_sidebar_fill_color":"DDEEF6","entities":{"description":{"urls":[]}},"followers_count":16,"profile_sidebar_border_color":"C0DEED","id_str":"403516709","profile_background_color":"C0DEED","listed_count":0,"is_translation_enabled":false,"utc_offset":null,"statuses_count":226,"description":"","friends_count":167,"location":"Sydney, Australia","profile_link_color":"0084B4","profile_image_url":"http://pbs.twimg.com/profile_images/1619021129/gta-v-five-logo-v-only_normal.png","following":false,"geo_enabled":true,"profile_background_image_url":"http://abs.twimg.com/images/themes/theme1/bg.png","name":"Sam Lewis","lang":"en","profile_background_tile":false,"favourites_count":158,"screen_name":"Cardinal7477","notifications":false,"url":null,"created_at":"Wed Nov 02 16:17:55 +0000 2011","contributors_enabled":false,"time_zone":null,"protected":false,"default_profile":true,"is_translator":false},"geo":null,"in_reply_to_user_id_str":"175282160","lang":"en","created_at":"Mon Dec 15 00:36:36 +0000 2014","in_reply_to_status_id_str":"544284870378151936","place":{"full_name":"Sydney, New South Wales","url":"https://api.twitter.com/1.1/geo/id/0073b76548e5984f.json","country":"Australia","place_type":"city","bounding_box":{"type":"Polygon","coordinates":[[[150.520928608,-34.1183470085],[151.343020992,-34.1183470085],[151.343020992,-33.578140996],[150.520928608,-33.578140996]]]},"contained_within":[],"country_code":"AU","attributes":{},"id":"0073b76548e5984f","name":"Sydney"}},
{"contributors":null,"truncated":false,"text":"@smh has this photo been cleared for use by the police? Let's hope you're helping and not hindering their efforts.","in_reply_to_status_id":544284483453595648,"id":544290714834579458,"favorite_count":1,"source":"<a href=\"http://twitter.com/download/iphone\" rel=\"nofollow\">Twitter for iPhone</a>","retweeted":false,"coordinates":null,"entities":{"symbols":[],"user_mentions":[{"id":16675569,"indices":[0,4],"id_str":"16675569","screen_name":"smh","name":"smh.com.au"}],"hashtags":[],"urls":[]},"in_reply_to_screen_name":"smh","id_str":"544290714834579458","retweet_count":2,"in_reply_to_user_id":16675569,"favorited":false,"user":{"follow_request_sent":false,"profile_use_background_image":true,"profile_text_color":"333333","default_profile_image":false,"id":86718958,"profile_background_image_url_https":"https://abs.twimg.com/images/themes/theme1/bg.png","verified":false,"profile_location":null,"profile_image_url_https":"https://pbs.twimg.com/profile_images/508136743/7319_1107848029613_1629180107_262726_53461_n_normal.jpg","profile_sidebar_fill_color":"DDEEF6","entities":{"description":{"urls":[]}},"followers_count":182,"profile_sidebar_border_color":"C0DEED","id_str":"86718958","profile_background_color":"C0DEED","listed_count":6,"is_translation_enabled":false,"utc_offset":null,"statuses_count":1394,"description":"","friends_count":265,"location":"","profile_link_color":"0084B4","profile_image_url":"http://pbs.twimg.com/profile_images/508136743/7319_1107848029613_1629180107_262726_53461_n_normal.jpg","following":false,"geo_enabled":false,"profile_background_image_url":"http://abs.twimg.com/images/themes/theme1/bg.png","name":"Simon Binns","lang":"en","profile_background_tile":false,"favourites_count":26,"screen_name":"sabinns","notifications":false,"url":null,"created_at":"Sun Nov 01 13:11:11 +0000 2009","contributors_enabled":false,"time_zone":null,"protected":false,"default_profile":true,"is_translator":false},"geo":null,"in_reply_to_user_id_str":"16675569","lang":"en","created_at":"Mon Dec 15 00:39:53 +0000 2014","in_reply_to_status_id_str":"544284483453595648","place":null},
{"contributors":null,"truncated":false,"text":"@sabinns @Jen3578 @smh It would not be the first time Fairfax gets it wrong! They have never heard of the truth, they just make stuff up!","in_reply_to_status_id":544290714834579458,"id":544443282478989312,"favorite_count":1,"source":"<a href=\"http://twitter.com\" rel=\"nofollow\">Twitter Web Client</a>","retweeted":false,"coordinates":null,"entities":{"symbols":[],"user_mentions":[{"id":86718958,"indices":[0,8],"id_str":"86718958","screen_name":"sabinns","name":"Simon Binns"},{"id":824915659,"indices":[9,17],"id_str":"824915659","screen_name":"Jen3578","name":"Jen3578"},{"id":16675569,"indices":[18,22],"id_str":"16675569","screen_name":"smh","name":"smh.com.au"}],"hashtags":[],"urls":[]},"in_reply_to_screen_name":"sabinns","id_str":"544443282478989312","retweet_count":1,"in_reply_to_user_id":86718958,"favorited":false,"user":{"follow_request_sent":false,"profile_use_background_image":true,"profile_text_color":"333333","default_profile_image":false,"id":1724568876,"profile_background_image_url_https":"https://abs.twimg.com/images/themes/theme1/bg.png","verified":false,"profile_location":null,"profile_image_url_https":"https://pbs.twimg.com/profile_images/378800000404051376/f5dacc3ab43b54032b7097f076d5cf23_normal.jpeg","profile_sidebar_fill_color":"DDEEF6","entities":{"description":{"urls":[]}},"followers_count":939,"profile_sidebar_border_color":"FFFFFF","id_str":"1724568876","profile_background_color":"C0DEED","listed_count":2,"is_translation_enabled":false,"utc_offset":0,"statuses_count":40423,"description":"A little left & a lot more right. In the real world there's not much difference. A  proud Nationalist Socialist who despises Communists","friends_count":509,"location":"","profile_link_color":"0084B4","profile_image_url":"http://pbs.twimg.com/profile_images/378800000404051376/f5dacc3ab43b54032b7097f076d5cf23_normal.jpeg","following":false,"geo_enabled":false,"profile_banner_url":"https://pbs.twimg.com/profile_banners/1724568876/1378190498","profile_background_image_url":"http://abs.twimg.com/images/themes/theme1/bg.png","name":"The Angry Socialist","lang":"en","profile_background_tile":false,"favourites_count":21509,"screen_name":"angrysocialst","notifications":false,"url":null,"created_at":"Tue Sep 03 06:36:01 +0000 2013","contributors_enabled":false,"time_zone":"London","protected":false,"default_profile":false,"is_translator":false},"geo":null,"in_reply_to_user_id_str":"86718958","lang":"en","created_at":"Mon Dec 15 10:46:08 +0000 2014","in_reply_to_status_id_str":"544290714834579458","place":null}
]