[{"contributors":null,"truncated":false,"text":"@9NewsSyd @ShimonPro Praying so hard right now.🙏","in_reply_to_status_id":544282127404388353,"id":544283230082322432,"favorite_count":0,"source":"<a href=\"http://twitter.com/download/iphone\" rel=\"nofollow\">Twitter for iPhone</a>","retweeted":false,"coordinates":null,"entities":{"symbols":[],"user_mentions":[{"id":171802941,"indices":[0,9],"id_str":"171802941","screen_name":"9NewsSyd","name":"Nine News Sydney"},{"id":65277959,"indices":[10,20],"id_str":"65277959","screen_name":"ShimonPro","name":"Shimon Prokupecz"}],"hashtags":[],"urls":[]},"in_reply_to_screen_name":"9NewsSyd","id_str":"544283230082322432","retweet_count":0,"in_reply_to_user_id":171802941,"favorited":false,"user":{"follow_request_sent":false,"profile_use_background_image":true,"profile_text_color":"333333","default_profile_image":false,"id":2925094346,"profile_background_image_url_https":"https://abs.twimg.com/images/themes/theme1/bg.png","verified":false,"profile_location":null,"profile_image_url_https":"https://pbs.twimg.com/profile_images/542535143986974720/7cCiGsjH_normal.jpeg","profile_sidebar_fill_color":"DDEEF6","entities":{"description":{"urls":[]}},"followers_count":205,"profile_sidebar_border_color":"C0DEED","id_str":"2925094346","profile_background_color":"C0DEED","listed_count":0,"is_translation_enabled":false,"utc_offset":-28800,"statuses_count":846,"description":"this is how we do it in America","friends_count":399,"location":"","profile_link_color":"0084B4","profile_image_url":"http://pbs.twimg.com/profile_images/542535143986974720/7cCiGsjH_normal.jpeg","following":false,"geo_enabled":true,"profile_banner_url":"https://pbs.twimg.com/profile_banners/2925094346/1418797437","profile_background_image_url":"http://abs.twimg.com/images/themes/theme1/bg.png","name":"K","lang":"en","profile_background_tile":false,"favourites_count":3172,"screen_name":"realityhologram","notifications":false,"url":null,"created_at":"Wed Dec 10 03:08:03 +0000 2014","contributors_enabled":false,"time_zone":"Pacific Time (US & Canada)","protected":false,"default_profile":true,"is_translator":false},"geo":null,"in_reply_to_user_id_str":"171802941","lang":"en","created_at":"Mon Dec 15 00:10:09 +0000 2014","in_reply_to_status_id_str":"544282127404388353","place":null},
{"contributors":null,"truncated":false,"text":"@9NewsSyd @Amazin9889 Jesus.  Get these guys and show we will not be intimidated","in_reply_to_status_id":544282127404388353,"id":544283570597294080,"favorite_count":0,"source":"<a href=\"http://twitter.com/download/android\" rel=\"nofollow\">Twitter for Android</a>","retweeted":false,"coordinates":null,"entities":{"symbols":[],"user_mentions":[{"id":171802941,"indices":[0,9],"id_str":"171802941","screen_name":"9NewsSyd","name":"Nine News Sydney"},{"id":299376059,"indices":[10,21],"id_str":"299376059","screen_name":"Amazin9889","name":"Robert Mah"}],"hashtags":[],"urls":[]},"in_reply_to_screen_name":"9NewsSyd","id_str":"544283570597294080","retweet_count":0,"in_reply_to_user_id":171802941,"favorited":false,"user":{"follow_request_sent":false,"profile_use_background_image":true,"profile_text_color":"333333","default_profile_image":false,"id":1078367455,"profile_background_image_url_https":"https://abs.twimg.com/images/themes/theme1/bg.png","verified":false,"profile_location":null,"profile_image_url_https":"https://pbs.twimg.com/profile_images/588414652616413184/6FpWiebY_normal.jpg","profile_sidebar_fill_color":"DDEEF6","entities":{"description":{"urls":[]}},"followers_count":1661,"profile_sidebar_border_color":"C0DEED","id_str":"1078367455","profile_background_color":"C0DEED","listed_count":41,"is_translation_enabled":false,"utc_offset":null,"statuses_count":31765,"description":"MARRIED Lover of Food & Wine, Fashion, Hockey, F1 Racing, all things Decor. An Aries with fire & passion for all that I do. Life is about living!","friends_count":1946,"location":"Brampton, ON Canada eh. ","profile_link_color":"0084B4","profile_image_url":"http://pbs.twimg.com/profile_images/588414652616413184/6FpWiebY_normal.jpg","following":false,"geo_enabled":true,"profile_banner_url":"https://pbs.twimg.com/profile_banners/1078367455/1411491672","profile_background_image_url":"http://abs.twimg.com/images/themes/theme1/bg.png","name":"Just Me, Elaine ","lang":"en","profile_background_tile":false,"favourites_count":20392,"screen_name":"eepeters_ep","notifications":false,"url":null,"created_at":"Fri Jan 11 03:09:50 +0000 2013","contributors_enabled":false,"time_zone":null,"protected":false,"default_profile":true,"is_translator":false},"geo":null,"in_reply_to_user_id_str":"171802941","lang":"en","created_at":"Mon Dec 15 00:11:30 +0000 2014","in_reply_to_status_id_str":"544282127404388353","place":null},
{"contributors":null,"truncated":false,"text":"@Amazin9889 @9NewsSyd twisted idea of what religion is","in_reply_to_status_id":544284922434056192,"id":544285247182221314,"favorite_count":0,"source":"<a href=\"http://twitter.com/download/android\" rel=\"nofollow\">Twitter for Android</a>","retweeted":false,"coordinates":null,"entities":{"symbols":[],"user_mentions":[{"id":299376059,"indices":[0,11],"id_str":"299376059","screen_name":"Amazin9889","name":"Robert Mah"},{"id":171802941,"indices":[12,21],"id_str":"171802941","screen_name":"9NewsSyd","name":"Nine News Sydney"}],"hashtags":[],"urls":[]},"in_reply_to_screen_name":"Amazin9889","id_str":"544285247182221314","retweet_count":0,"in_reply_to_user_id":299376059,"favorited":false,"user":{"follow_request_sent":false,"profile_use_background_image":true,"profile_text_color":"333333","default_profile_image":false,"id":1078367455,"profile_background_image_url_https":"https://abs.twimg.com/images/themes/theme1/bg.png","verified":false,"profile_location":null,"profile_image_url_https":"https://pbs.twimg.com/profile_images/588414652616413184/6FpWiebY_normal.jpg","profile_sidebar_fill_color":"DDEEF6","entities":{"description":{"urls":[]}},"followers_count":1661,"profile_sidebar_border_color":"C0DEED","id_str":"1078367455","profile_background_color":"C0DEED","listed_count":41,"is_translation_enabled":false,"utc_offset":null,"statuses_count":31765,"description":"MARRIED Lover of Food & Wine, Fashion, Hockey, F1 Racing, all things Decor. An Aries with fire & passion for all that I do. Life is about living!","friends_count":1946,"location":"Brampton, ON Canada eh. ","profile_link_color":"0084B4","profile_image_url":"http://pbs.twimg.com/profile_images/588414652616413184/6FpWiebY_normal.jpg","following":false,"geo_enabled":true,"profile_banner_url":"https://pbs.twimg.com/profile_banners/1078367455/1411491672","profile_background_image_url":"http://abs.twimg.com/images/themes/theme1/bg.png","name":"Just Me, Elaine ","lang":"en","profile_background_tile":false,"favourites_count":20392,"screen_name":"eepeters_ep","notifications":false,"url":null,"created_at":"Fri Jan 11 03:09:50 +0000 2013","contributors_enabled":false,"time_zone":null,"protected":false,"default_profile":true,"is_translator":false},"geo":null,"in_reply_to_user_id_str":"299376059","lang":"en","created_at":"Mon Dec 15 00:18:09 +0000 2014","in_reply_to_status_id_str":"544284922434056192","place":null},
{"contributors":null,"truncated":false,"text":"Vía @9NewsSyd: UPDATE: Aerials are coming in from Sydney Opera House, with reports it has also been evacuated. #9News http://t.co/UGPGDtz865","in_reply_to_status_id":544282127404388353,"id":544295972126601216,"favorite_count":0,"source":"<a href=\"http://twitter.com/#!/download/ipad\" rel=\"nofollow\">Twitter for iPad</a>","retweeted":false,"coordinates":null,"entities":{"symbols":[],"user_mentions":[{"id":171802941,"indices":[4,13],"id_str":"171802941","screen_name":"9NewsSyd","name":"Nine News Sydney"}],"hashtags":[{"indices":[111,117],"text":"9News"}],"urls":[],"media":[{"source_user_id":171802941,"source_status_id_str":"544282127404388353","expanded_url":"http://twitter.com/9NewsSyd/status/544282127404388353/photo/1","display_url":"pic.twitter.com/UGPGDtz865","url":"http://t.co/UGPGDtz865","media_url_https":"https://pbs.twimg.com/media/B42ttd4CUAEArvK.png","source_user_id_str":"171802941","source_status_id":544282127404388353,"id_str":"544282126607077377","sizes":{"small":{"h":192,"resize":"fit","w":340},"large":{"h":340,"resize":"fit","w":599},"medium":{"h":340,"resize":"fit","w":599},"thumb":{"h":150,"resize":"crop","w":150}},"indices":[118,140],"type":"photo","id":544282126607077377,"media_url":"http://pbs.twimg.com/media/B42ttd4CUAEArvK.png"}]},"in_reply_to_screen_name":"9NewsSyd","id_str":"544295972126601216","retweet_count":6,"in_reply_to_user_id":171802941,"favorited":false,"user":{"follow_request_sent":false,"profile_use_background_image":true,"profile_text_color":"5C91B9","default_profile_image":false,"id":29465011,"profile_background_image_url_https":"https://pbs.twimg.com/profile_background_images/692413997/a6edfb7e3d68e87264874ca185a65dd1.jpeg","verified":false,"profile_location":null,"profile_image_url_https":"https://pbs.twimg.com/profile_images/490852776407076865/zTIUKmUs_normal.jpeg","profile_sidebar_fill_color":"1C1C1C","entities":{"description":{"urls":[]}},"followers_count":501,"profile_sidebar_border_color":"000000","id_str":"29465011","profile_background_color":"C0DCF1","listed_count":9,"is_translation_enabled":false,"utc_offset":-21600,"statuses_count":20569,"description":"ARQUITECTO (Me dedico a diseñar y construir), APASIONADO DE LAS FUERZAS DE LA NATURALEZA (ESPAÑOL/INGLES)","friends_count":483,"location":"","profile_link_color":"0A2680","profile_image_url":"http://pbs.twimg.com/profile_images/490852776407076865/zTIUKmUs_normal.jpeg","following":false,"geo_enabled":false,"profile_banner_url":"https://pbs.twimg.com/profile_banners/29465011/1380324049","profile_background_image_url":"http://pbs.twimg.com/profile_background_images/692413997/a6edfb7e3d68e87264874ca185a65dd1.jpeg","name":"ffloresm","lang":"en","profile_background_tile":false,"favourites_count":1391,"screen_name":"ffloresm","notifications":false,"url":null,"created_at":"Tue Apr 07 15:02:31 +0000 2009","contributors_enabled":false,"time_zone":"Central Time (US & Canada)","protected":false,"default_profile":false,"is_translator":false},"geo":null,"in_reply_to_user_id_str":"171802941","possibly_sensitive":false,"lang":"en","created_at":"Mon Dec 15 01:00:46 +0000 2014","in_reply_to_status_id_str":"544282127404388353","place":null,"extended_entities":{"media":[{"source_user_id":171802941,"source_status_id_str":"544282127404388353","expanded_url":"http://twitter.com/9NewsSyd/status/544282127404388353/photo/1","display_url":"pic.twitter.com/UGPGDtz865","url":"http://t.co/UGPGDtz865","media_url_https":"https://pbs.twimg.com/media/B42ttd4CUAEArvK.png","source_user_id_str":"171802941","source_status_id":544282127404388353,"id_str":"544282126607077377","sizes":{"small":{"h":192,"resize":"fit","w":340},"large":{"h":340,"resize":"fit","w":599},"medium":{"h":340,"resize":"fit","w":599},"thumb":{"h":150,"resize":"crop","w":150}},"indices":[118,140],"type":"photo","id":544282126607077377,"media_url":"http://pbs.twimg.com/media/B42ttd4CUAEArvK.png"}]}},
{"contributors":null,"truncated":false,"text":"@9NewsSyd @omar_rahman","in_reply_to_status_id":544282127404388353,"id":544739352685727744,"favorite_count":0,"source":"<a href=\"http://twitter.com/download/iphone\" rel=\"nofollow\">Twitter for iPhone</a>","retweeted":false,"coordinates":null,"entities":{"symbols":[],"user_mentions":[{"id":171802941,"indices":[0,9],"id_str":"171802941","screen_name":"9NewsSyd","name":"Nine News Sydney"},{"id":152620932,"indices":[10,22],"id_str":"152620932","screen_name":"omar_rahman","name":"Omer Rehman"}],"hashtags":[],"urls":[]},"in_reply_to_screen_name":"9NewsSyd","id_str":"544739352685727744","retweet_count":0,"in_reply_to_user_id":171802941,"favorited":false,"user":{"follow_request_sent":false,"profile_use_background_image":true,"profile_text_color":"333333","default_profile_image":true,"id":253211867,"profile_background_image_url_https":"https://abs.twimg.com/images/themes/theme1/bg.png","verified":false,"profile_location":null,"profile_image_url_https":"https://abs.twimg.com/sticky/default_profile_images/default_profile_6_normal.png","profile_sidebar_fill_color":"DDEEF6","entities":{"description":{"urls":[]}},"followers_count":1,"profile_sidebar_border_color":"C0DEED","id_str":"253211867","profile_background_color":"C0DEED","listed_count":0,"is_translation_enabled":false,"utc_offset":null,"statuses_count":1,"description":"","friends_count":7,"location":"Lahore","profile_link_color":"0084B4","profile_image_url":"http://abs.twimg.com/sticky/default_profile_images/default_profile_6_normal.png","following":false,"geo_enabled":false,"profile_background_image_url":"http://abs.twimg.com/images/themes/theme1/bg.png","name":"ABDUL","lang":"en","profile_background_tile":false,"favourites_count":0,"screen_name":"GHAFFAR11","notifications":false,"url":null,"created_at":"Wed Feb 16 19:50:08 +0000 2011","contributors_enabled":false,"time_zone":null,"protected":false,"default_profile":true,"is_translator":false},"geo":null,"in_reply_to_user_id_str":"171802941","lang":"und","created_at":"Tue Dec 16 06:22:37 +0000 2014","in_reply_to_status_id_str":"544282127404388353","place":null}
]