[{"contributors":null,"truncated":false,"text":"@smh Thank you!!","in_reply_to_status_id":544284859628523521,"id":544284964515115008,"favorite_count":0,"source":"<a href=\"http://twitter.com\" rel=\"nofollow\">Twitter Web Client</a>","retweeted":false,"coordinates":null,"entities":{"symbols":[],"user_mentions":[{"id":16675569,"indices":[0,4],"id_str":"16675569","screen_name":"smh","name":"smh.com.au"}],"hashtags":[],"urls":[]},"in_reply_to_screen_name":"smh","id_str":"544284964515115008","retweet_count":0,"in_reply_to_user_id":16675569,"favorited":false,"user":{"follow_request_sent":false,"profile_use_background_image":true,"profile_text_color":"333333","default_profile_image":false,"id":305508680,"profile_background_image_url_https":"https://pbs.twimg.com/profile_background_images/525081423800049664/M7_MUDwe.jpeg","verified":false,"profile_location":null,"profile_image_url_https":"https://pbs.twimg.com/profile_images/532396975946092546/QvkcWaBv_normal.jpeg","profile_sidebar_fill_color":"EFEFEF","entities":{"description":{"urls":[]}},"followers_count":393,"profile_sidebar_border_color":"000000","id_str":"305508680","profile_background_color":"0F1012","listed_count":5,"is_translation_enabled":false,"utc_offset":39600,"statuses_count":2163,"description":"Muslim activist, media commentator, social critic, youtubist, independent fabric of great society! Fairfax allegiance! zacmalah@hotmail.com","friends_count":1330,"location":"Sydney","profile_link_color":"9266CC","profile_image_url":"http://pbs.twimg.com/profile_images/532396975946092546/QvkcWaBv_normal.jpeg","following":false,"geo_enabled":true,"profile_banner_url":"https://pbs.twimg.com/profile_banners/305508680/1415576608","profile_background_image_url":"http://pbs.twimg.com/profile_background_images/525081423800049664/M7_MUDwe.jpeg","name":"Zaky Mallah","lang":"en","profile_background_tile":true,"favourites_count":1005,"screen_name":"ZakyMallah","notifications":false,"url":null,"created_at":"Thu May 26 10:24:54 +0000 2011","contributors_enabled":false,"time_zone":"Sydney","protected":false,"default_profile":false,"is_translator":false},"geo":null,"in_reply_to_user_id_str":"16675569","lang":"en","created_at":"Mon Dec 15 00:17:02 +0000 2014","in_reply_to_status_id_str":"544284859628523521","place":null},
{"contributors":null,"truncated":false,"text":"@smh  What`s a Shahada flag ?","in_reply_to_status_id":544284859628523521,"id":544285635628904448,"favorite_count":0,"source":"<a href=\"http://twitter.com\" rel=\"nofollow\">Twitter Web Client</a>","retweeted":false,"coordinates":null,"entities":{"symbols":[],"user_mentions":[{"id":16675569,"indices":[0,4],"id_str":"16675569","screen_name":"smh","name":"smh.com.au"}],"hashtags":[],"urls":[]},"in_reply_to_screen_name":"smh","id_str":"544285635628904448","retweet_count":0,"in_reply_to_user_id":16675569,"favorited":false,"user":{"follow_request_sent":false,"profile_use_background_image":true,"profile_text_color":"333333","default_profile_image":false,"id":211113654,"profile_background_image_url_https":"https://abs.twimg.com/images/themes/theme1/bg.png","verified":false,"profile_location":null,"profile_image_url_https":"https://pbs.twimg.com/profile_images/1701582899/everyone__2__normal.jpg","profile_sidebar_fill_color":"DDEEF6","entities":{"description":{"urls":[]}},"followers_count":369,"profile_sidebar_border_color":"C0DEED","id_str":"211113654","profile_background_color":"C0DEED","listed_count":8,"is_translation_enabled":false,"utc_offset":null,"statuses_count":6130,"description":"Medical Dr, writer, runner, liberal party man, now single,two girls 21+25, opinions part of my huge media empire responsibilities  brennankevin60@gmail.com","friends_count":555,"location":"Katoomba  NSW   mob 0422825761","profile_link_color":"0084B4","profile_image_url":"http://pbs.twimg.com/profile_images/1701582899/everyone__2__normal.jpg","following":false,"geo_enabled":false,"profile_background_image_url":"http://abs.twimg.com/images/themes/theme1/bg.png","name":"Kevin Brennan","lang":"en","profile_background_tile":false,"favourites_count":30,"screen_name":"Detracter","notifications":false,"url":null,"created_at":"Tue Nov 02 10:52:55 +0000 2010","contributors_enabled":false,"time_zone":null,"protected":false,"default_profile":true,"is_translator":false},"geo":null,"in_reply_to_user_id_str":"16675569","lang":"en","created_at":"Mon Dec 15 00:19:42 +0000 2014","in_reply_to_status_id_str":"544284859628523521","place":null},
{"contributors":null,"truncated":false,"text":"@smh so it's ok then. Is it connected to a christian terror group","in_reply_to_status_id":544284859628523521,"id":544285662006874112,"favorite_count":0,"source":"<a href=\"http://www.twitter.com\" rel=\"nofollow\">Twitter for BlackBerry</a>","retweeted":false,"coordinates":null,"entities":{"symbols":[],"user_mentions":[{"id":16675569,"indices":[0,4],"id_str":"16675569","screen_name":"smh","name":"smh.com.au"}],"hashtags":[],"urls":[]},"in_reply_to_screen_name":"smh","id_str":"544285662006874112","retweet_count":0,"in_reply_to_user_id":16675569,"favorited":false,"user":{"follow_request_sent":false,"profile_use_background_image":true,"profile_text_color":"333333","default_profile_image":false,"id":193129397,"profile_background_image_url_https":"https://abs.twimg.com/images/themes/theme1/bg.png","verified":false,"profile_location":null,"profile_image_url_https":"https://pbs.twimg.com/profile_images/1217872066/IMG00046-20101208-2120_normal.jpg","profile_sidebar_fill_color":"DDEEF6","entities":{"url":{"urls":[{"url":"http://t.co/EAMypaHypL","indices":[0,22],"expanded_url":"http://www.mipanel.biz","display_url":"mipanel.biz"}]},"description":{"urls":[]}},"followers_count":105,"profile_sidebar_border_color":"C0DEED","id_str":"193129397","profile_background_color":"C0DEED","listed_count":2,"is_translation_enabled":false,"utc_offset":null,"statuses_count":1562,"description":"Father, husband. Political Junkie, Interests- Low Cost Housing. Love People. Moving to Vanuatu","friends_count":352,"location":"Sydney, AUD","profile_link_color":"0084B4","profile_image_url":"http://pbs.twimg.com/profile_images/1217872066/IMG00046-20101208-2120_normal.jpg","following":false,"geo_enabled":false,"profile_banner_url":"https://pbs.twimg.com/profile_banners/193129397/1379388198","profile_background_image_url":"http://abs.twimg.com/images/themes/theme1/bg.png","name":"Biff","lang":"en","profile_background_tile":false,"favourites_count":44,"screen_name":"MKH2076","notifications":false,"url":"http://t.co/EAMypaHypL","created_at":"Tue Sep 21 01:29:44 +0000 2010","contributors_enabled":false,"time_zone":null,"protected":false,"default_profile":true,"is_translator":false},"geo":null,"in_reply_to_user_id_str":"16675569","lang":"en","created_at":"Mon Dec 15 00:19:48 +0000 2014","in_reply_to_status_id_str":"544284859628523521","place":null},
{"contributors":null,"truncated":false,"text":"You mean to say in name of Mohammed &amp; Allah?\" @smh The flag in the Lindt cafe window appears to be a Shahada flag, not #ISIS  #SydneySiege \"","in_reply_to_status_id":544284859628523521,"id":544285733800796160,"favorite_count":0,"source":"<a href=\"http://twitter.com\" rel=\"nofollow\">Twitter Web Client</a>","retweeted":false,"coordinates":null,"entities":{"symbols":[],"user_mentions":[{"id":16675569,"indices":[50,54],"id_str":"16675569","screen_name":"smh","name":"smh.com.au"}],"hashtags":[{"indices":[123,128],"text":"ISIS"},{"indices":[130,142],"text":"SydneySiege"}],"urls":[]},"in_reply_to_screen_name":"smh","id_str":"544285733800796160","retweet_count":1,"in_reply_to_user_id":16675569,"favorited":false,"user":{"follow_request_sent":false,"profile_use_background_image":true,"profile_text_color":"333333","default_profile_image":false,"id":459023633,"profile_background_image_url_https":"https://pbs.twimg.com/profile_background_images/466055804043280385/KVe2pMXR.jpeg","verified":false,"profile_location":null,"profile_image_url_https":"https://pbs.twimg.com/profile_images/454487869260705792/FYAAx5VN_normal.jpeg","profile_sidebar_fill_color":"DDEEF6","entities":{"description":{"urls":[]}},"followers_count":1241,"profile_sidebar_border_color":"FFFFFF","id_str":"459023633","profile_background_color":"C0DEED","listed_count":32,"is_translation_enabled":false,"utc_offset":39600,"statuses_count":18943,"description":"Support freedom, democracy, freespeech, reason, science, humanity & oppose religious law-eg #sharia No pol affiliation, I Never Block. Offend me-it's your right","friends_count":1294,"location":"Sydney","profile_link_color":"0084B4","profile_image_url":"http://pbs.twimg.com/profile_images/454487869260705792/FYAAx5VN_normal.jpeg","following":false,"geo_enabled":false,"profile_banner_url":"https://pbs.twimg.com/profile_banners/459023633/1378626371","profile_background_image_url":"http://pbs.twimg.com/profile_background_images/466055804043280385/KVe2pMXR.jpeg","name":"Robbie Singh","lang":"en","profile_background_tile":true,"favourites_count":40,"screen_name":"RobbieSingh2","notifications":false,"url":null,"created_at":"Mon Jan 09 06:12:05 +0000 2012","contributors_enabled":false,"time_zone":"Sydney","protected":false,"default_profile":false,"is_translator":false},"geo":null,"in_reply_to_user_id_str":"16675569","lang":"en","created_at":"Mon Dec 15 00:20:05 +0000 2014","in_reply_to_status_id_str":"544284859628523521","place":null},
{"contributors":null,"truncated":false,"text":"Saying thank you for invoking name of Mohammed &amp; Allah in #sydneyseige &gt; \"@ZakyMallah : @smh @smh Thank you!! \"","in_reply_to_status_id":544284964515115008,"id":544286031692836864,"favorite_count":0,"source":"<a href=\"http://twitter.com\" rel=\"nofollow\">Twitter Web Client</a>","retweeted":false,"coordinates":null,"entities":{"symbols":[],"user_mentions":[{"id":305508680,"indices":[81,92],"id_str":"305508680","screen_name":"ZakyMallah","name":"Zaky Mallah"},{"id":16675569,"indices":[95,99],"id_str":"16675569","screen_name":"smh","name":"smh.com.au"},{"id":16675569,"indices":[100,104],"id_str":"16675569","screen_name":"smh","name":"smh.com.au"}],"hashtags":[{"indices":[62,74],"text":"sydneyseige"}],"urls":[]},"in_reply_to_screen_name":"ZakyMallah","id_str":"544286031692836864","retweet_count":0,"in_reply_to_user_id":305508680,"favorited":false,"user":{"follow_request_sent":false,"profile_use_background_image":true,"profile_text_color":"333333","default_profile_image":false,"id":459023633,"profile_background_image_url_https":"https://pbs.twimg.com/profile_background_images/466055804043280385/KVe2pMXR.jpeg","verified":false,"profile_location":null,"profile_image_url_https":"https://pbs.twimg.com/profile_images/454487869260705792/FYAAx5VN_normal.jpeg","profile_sidebar_fill_color":"DDEEF6","entities":{"description":{"urls":[]}},"followers_count":1241,"profile_sidebar_border_color":"FFFFFF","id_str":"459023633","profile_background_color":"C0DEED","listed_count":32,"is_translation_enabled":false,"utc_offset":39600,"statuses_count":18943,"description":"Support freedom, democracy, freespeech, reason, science, humanity & oppose religious law-eg #sharia No pol affiliation, I Never Block. Offend me-it's your right","friends_count":1294,"location":"Sydney","profile_link_color":"0084B4","profile_image_url":"http://pbs.twimg.com/profile_images/454487869260705792/FYAAx5VN_normal.jpeg","following":false,"geo_enabled":false,"profile_banner_url":"https://pbs.twimg.com/profile_banners/459023633/1378626371","profile_background_image_url":"http://pbs.twimg.com/profile_background_images/466055804043280385/KVe2pMXR.jpeg","name":"Robbie Singh","lang":"en","profile_background_tile":true,"favourites_count":40,"screen_name":"RobbieSingh2","notifications":false,"url":null,"created_at":"Mon Jan 09 06:12:05 +0000 2012","contributors_enabled":false,"time_zone":"Sydney","protected":false,"default_profile":false,"is_translator":false},"geo":null,"in_reply_to_user_id_str":"305508680","lang":"en","created_at":"Mon Dec 15 00:21:16 +0000 2014","in_reply_to_status_id_str":"544284964515115008","place":null},
{"contributors":null,"truncated":false,"text":"@smh What's the difference they have them hostage!!!!","in_reply_to_status_id":544284859628523521,"id":544286201012690944,"favorite_count":1,"source":"<a href=\"http://twitter.com\" rel=\"nofollow\">Twitter Web Client</a>","retweeted":false,"coordinates":null,"entities":{"symbols":[],"user_mentions":[{"id":16675569,"indices":[0,4],"id_str":"16675569","screen_name":"smh","name":"smh.com.au"}],"hashtags":[],"urls":[]},"in_reply_to_screen_name":"smh","id_str":"544286201012690944","retweet_count":1,"in_reply_to_user_id":16675569,"favorited":false,"user":{"follow_request_sent":false,"profile_use_background_image":false,"profile_text_color":"000000","default_profile_image":false,"id":2887197776,"profile_background_image_url_https":"https://abs.twimg.com/images/themes/theme1/bg.png","verified":false,"profile_location":null,"profile_image_url_https":"https://pbs.twimg.com/profile_images/573988227993894912/uGiVkogs_normal.png","profile_sidebar_fill_color":"000000","entities":{"description":{"urls":[]}},"followers_count":77,"profile_sidebar_border_color":"000000","id_str":"2887197776","profile_background_color":"000000","listed_count":1,"is_translation_enabled":false,"utc_offset":null,"statuses_count":202,"description":"Greyhound Rescue and voice for the voiceless. I oppose cruelty to all animals and hope we see the day they are respected and free","friends_count":221,"location":"nsw Australia","profile_link_color":"3B94D9","profile_image_url":"http://pbs.twimg.com/profile_images/573988227993894912/uGiVkogs_normal.png","following":false,"geo_enabled":false,"profile_banner_url":"https://pbs.twimg.com/profile_banners/2887197776/1416271510","profile_background_image_url":"http://abs.twimg.com/images/themes/theme1/bg.png","name":"Susie","lang":"en","profile_background_tile":false,"favourites_count":77,"screen_name":"rosiemamabear","notifications":false,"url":null,"created_at":"Sun Nov 02 08:22:09 +0000 2014","contributors_enabled":false,"time_zone":null,"protected":false,"default_profile":false,"is_translator":false},"geo":null,"in_reply_to_user_id_str":"16675569","lang":"en","created_at":"Mon Dec 15 00:21:57 +0000 2014","in_reply_to_status_id_str":"544284859628523521","place":null},
{"contributors":null,"truncated":false,"text":"@RobbieSingh2 @AnthonyJMConroy @smh   Who cares - it's Islamic.  @AustralianLabor @QandA #SydneySiege","in_reply_to_status_id":544285733800796160,"id":544286497264783361,"favorite_count":0,"source":"<a href=\"http://twitter.com/download/iphone\" rel=\"nofollow\">Twitter for iPhone</a>","retweeted":false,"coordinates":null,"entities":{"symbols":[],"user_mentions":[{"id":459023633,"indices":[0,13],"id_str":"459023633","screen_name":"RobbieSingh2","name":"Robbie Singh"},{"id":181388172,"indices":[14,30],"id_str":"181388172","screen_name":"AnthonyJMConroy","name":"Anthony J M Conroy"},{"id":16675569,"indices":[31,35],"id_str":"16675569","screen_name":"smh","name":"smh.com.au"},{"id":95766807,"indices":[65,81],"id_str":"95766807","screen_name":"AustralianLabor","name":"Australian Labor"},{"id":16213404,"indices":[82,88],"id_str":"16213404","screen_name":"QandA","name":"ABC Q&A"}],"hashtags":[{"indices":[89,101],"text":"SydneySiege"}],"urls":[]},"in_reply_to_screen_name":"RobbieSingh2","id_str":"544286497264783361","retweet_count":0,"in_reply_to_user_id":459023633,"favorited":false,"user":{"follow_request_sent":false,"profile_use_background_image":true,"profile_text_color":"333333","default_profile_image":false,"id":2861527184,"profile_background_image_url_https":"https://abs.twimg.com/images/themes/theme1/bg.png","verified":false,"profile_location":null,"profile_image_url_https":"https://pbs.twimg.com/profile_images/575310908978655232/pSnBGScl_normal.jpeg","profile_sidebar_fill_color":"DDEEF6","entities":{"description":{"urls":[]}},"followers_count":147,"profile_sidebar_border_color":"C0DEED","id_str":"2861527184","profile_background_color":"C0DEED","listed_count":4,"is_translation_enabled":false,"utc_offset":null,"statuses_count":1394,"description":"firm believer in global population control and preservation of our resources -anti Green anti Labor at the moment - have swung in the past - not again 4sum time","friends_count":261,"location":"Pemberton WA","profile_link_color":"0084B4","profile_image_url":"http://pbs.twimg.com/profile_images/575310908978655232/pSnBGScl_normal.jpeg","following":false,"geo_enabled":false,"profile_background_image_url":"http://abs.twimg.com/images/themes/theme1/bg.png","name":"Rudy","lang":"en","profile_background_tile":false,"favourites_count":9,"screen_name":"ephtaim45","notifications":false,"url":null,"created_at":"Sat Oct 18 00:30:33 +0000 2014","contributors_enabled":false,"time_zone":null,"protected":false,"default_profile":true,"is_translator":false},"geo":null,"in_reply_to_user_id_str":"459023633","lang":"en","created_at":"Mon Dec 15 00:23:07 +0000 2014","in_reply_to_status_id_str":"544285733800796160","place":null},
{"contributors":null,"truncated":false,"text":"The flag in Lindt cafe window appears to be a Shahada flag,not an Islamic State flag.Live blog http://t.co/lWF8YCYy9O #SydneySiege via @smh","in_reply_to_status_id":544284859628523521,"id":544286539899879425,"favorite_count":0,"source":"<a href=\"http://twitter.com/download/iphone\" rel=\"nofollow\">Twitter for iPhone</a>","retweeted":false,"coordinates":null,"entities":{"symbols":[],"user_mentions":[{"id":16675569,"indices":[135,139],"id_str":"16675569","screen_name":"smh","name":"smh.com.au"}],"hashtags":[{"indices":[118,130],"text":"SydneySiege"}],"urls":[{"url":"http://t.co/lWF8YCYy9O","indices":[95,117],"expanded_url":"http://ow.ly/FSraF","display_url":"ow.ly/FSraF"}]},"in_reply_to_screen_name":"smh","id_str":"544286539899879425","retweet_count":0,"in_reply_to_user_id":16675569,"favorited":false,"user":{"follow_request_sent":false,"profile_use_background_image":true,"profile_text_color":"3E4415","default_profile_image":false,"id":37595323,"profile_background_image_url_https":"https://abs.twimg.com/images/themes/theme5/bg.gif","verified":false,"profile_location":null,"profile_image_url_https":"https://pbs.twimg.com/profile_images/378800000337627482/37cfe42c48a78d3d7a1ece653689d2e8_normal.jpeg","profile_sidebar_fill_color":"99CC33","entities":{"description":{"urls":[]}},"followers_count":2889,"profile_sidebar_border_color":"829D5E","id_str":"37595323","profile_background_color":"352726","listed_count":63,"is_translation_enabled":false,"utc_offset":28800,"statuses_count":75773,"description":"Consultant, Music, Travelling, Football, SABM, LoyarBurok","friends_count":1124,"location":"","profile_link_color":"D02B55","profile_image_url":"http://pbs.twimg.com/profile_images/378800000337627482/37cfe42c48a78d3d7a1ece653689d2e8_normal.jpeg","following":false,"geo_enabled":true,"profile_banner_url":"https://pbs.twimg.com/profile_banners/37595323/1364521738","profile_background_image_url":"http://abs.twimg.com/images/themes/theme5/bg.gif","name":"Adrian Ng","lang":"en","profile_background_tile":false,"favourites_count":280,"screen_name":"AdrianNCF","notifications":false,"url":null,"created_at":"Mon May 04 04:36:03 +0000 2009","contributors_enabled":false,"time_zone":"Kuala Lumpur","protected":false,"default_profile":false,"is_translator":false},"geo":null,"in_reply_to_user_id_str":"16675569","possibly_sensitive":false,"lang":"en","created_at":"Mon Dec 15 00:23:18 +0000 2014","in_reply_to_status_id_str":"544284859628523521","place":null},
{"contributors":null,"truncated":false,"text":"@smh @NewsAustralia yeah because why ask someone who understands these things? lol #auspol","in_reply_to_status_id":544284859628523521,"id":544287802402148353,"favorite_count":0,"source":"<a href=\"http://tapbots.com/tweetbot\" rel=\"nofollow\">Tweetbot for iΟS</a>","retweeted":false,"coordinates":null,"entities":{"symbols":[],"user_mentions":[{"id":16675569,"indices":[0,4],"id_str":"16675569","screen_name":"smh","name":"smh.com.au"},{"id":377163508,"indices":[5,19],"id_str":"377163508","screen_name":"NewsAustralia","name":"News Australia"}],"hashtags":[{"indices":[83,90],"text":"auspol"}],"urls":[]},"in_reply_to_screen_name":"smh","id_str":"544287802402148353","retweet_count":0,"in_reply_to_user_id":16675569,"favorited":false,"user":{"follow_request_sent":false,"profile_use_background_image":false,"profile_text_color":"000000","default_profile_image":false,"id":14643310,"profile_background_image_url_https":"https://abs.twimg.com/images/themes/theme9/bg.gif","verified":false,"profile_location":null,"profile_image_url_https":"https://pbs.twimg.com/profile_images/583835413149650944/L6w55GOy_normal.png","profile_sidebar_fill_color":"000000","entities":{"description":{"urls":[]}},"followers_count":52,"profile_sidebar_border_color":"000000","id_str":"14643310","profile_background_color":"000000","listed_count":0,"is_translation_enabled":false,"utc_offset":39600,"statuses_count":704,"description":"Nerd and amateur woodworker.","friends_count":133,"location":"Sydney, Australia","profile_link_color":"DD2E44","profile_image_url":"http://pbs.twimg.com/profile_images/583835413149650944/L6w55GOy_normal.png","following":false,"geo_enabled":false,"profile_background_image_url":"http://abs.twimg.com/images/themes/theme9/bg.gif","name":"∀ (n, k)","lang":"en","profile_background_tile":false,"favourites_count":372,"screen_name":"anktastic","notifications":false,"url":null,"created_at":"Sun May 04 01:18:37 +0000 2008","contributors_enabled":false,"time_zone":"Sydney","protected":false,"default_profile":false,"is_translator":false},"geo":null,"in_reply_to_user_id_str":"16675569","lang":"en","created_at":"Mon Dec 15 00:28:19 +0000 2014","in_reply_to_status_id_str":"544284859628523521","place":null},
{"contributors":null,"truncated":false,"text":"“@smh: flag in Lindt cafe appears to be a Shahada flag, not an Islamic State flag ttp://ow.ly/FSraF #SydneySiege” #martinplace #auspoI","in_reply_to_status_id":544284859628523521,"id":544288257903583233,"favorite_count":1,"source":"<a href=\"http://twitter.com/download/iphone\" rel=\"nofollow\">Twitter for iPhone</a>","retweeted":false,"coordinates":null,"entities":{"symbols":[],"user_mentions":[{"id":16675569,"indices":[1,5],"id_str":"16675569","screen_name":"smh","name":"smh.com.au"}],"hashtags":[{"indices":[100,112],"text":"SydneySiege"},{"indices":[114,126],"text":"martinplace"},{"indices":[127,134],"text":"auspoI"}],"urls":[]},"in_reply_to_screen_name":"smh","id_str":"544288257903583233","retweet_count":2,"in_reply_to_user_id":16675569,"favorited":false,"user":{"follow_request_sent":false,"profile_use_background_image":true,"profile_text_color":"140205","default_profile_image":false,"id":19898890,"profile_background_image_url_https":"https://pbs.twimg.com/profile_background_images/487758370451910656/qkmNKJPW.jpeg","verified":true,"profile_location":null,"profile_image_url_https":"https://pbs.twimg.com/profile_images/557388267666944001/6TnBIjX9_normal.jpeg","profile_sidebar_fill_color":"AFE6F7","entities":{"url":{"urls":[{"url":"http://t.co/aFGMIHX2MT","indices":[0,22],"expanded_url":"http://www.theage.com.au","display_url":"theage.com.au"}]},"description":{"urls":[]}},"followers_count":8771,"profile_sidebar_border_color":"FFFFFF","id_str":"19898890","profile_background_color":"5BF0F0","listed_count":137,"is_translation_enabled":false,"utc_offset":39600,"statuses_count":13641,"description":"Journalist and curator of words at The Age @theage scarbone@fairfaxmedia.com.au 8667 3192. These are the views of my views Instagram @suzannecarbone","friends_count":7971,"location":"Melbourne, Australia","profile_link_color":"1AAEED","profile_image_url":"http://pbs.twimg.com/profile_images/557388267666944001/6TnBIjX9_normal.jpeg","following":false,"geo_enabled":false,"profile_banner_url":"https://pbs.twimg.com/profile_banners/19898890/1412746856","profile_background_image_url":"http://pbs.twimg.com/profile_background_images/487758370451910656/qkmNKJPW.jpeg","name":"Suzanne Carbone","lang":"en","profile_background_tile":true,"favourites_count":10,"screen_name":"SuzanneCarbone","notifications":false,"url":"http://t.co/aFGMIHX2MT","created_at":"Mon Feb 02 09:02:03 +0000 2009","contributors_enabled":false,"time_zone":"Melbourne","protected":false,"default_profile":false,"is_translator":false},"geo":null,"in_reply_to_user_id_str":"16675569","lang":"en","created_at":"Mon Dec 15 00:30:07 +0000 2014","in_reply_to_status_id_str":"544284859628523521","place":null},
{"contributors":null,"truncated":false,"text":".@SuzanneCarbone .@smh Same shit, different smell! #islamisevil","in_reply_to_status_id":544288257903583233,"id":544288503387795456,"favorite_count":3,"source":"<a href=\"http://twitter.com\" rel=\"nofollow\">Twitter Web Client</a>","retweeted":false,"coordinates":null,"entities":{"symbols":[],"user_mentions":[{"id":19898890,"indices":[1,16],"id_str":"19898890","screen_name":"SuzanneCarbone","name":"Suzanne Carbone"},{"id":16675569,"indices":[18,22],"id_str":"16675569","screen_name":"smh","name":"smh.com.au"}],"hashtags":[{"indices":[51,63],"text":"islamisevil"}],"urls":[]},"in_reply_to_screen_name":"SuzanneCarbone","id_str":"544288503387795456","retweet_count":1,"in_reply_to_user_id":19898890,"favorited":false,"user":{"follow_request_sent":false,"profile_use_background_image":true,"profile_text_color":"333333","default_profile_image":false,"id":2329801698,"profile_background_image_url_https":"https://abs.twimg.com/images/themes/theme1/bg.png","verified":false,"profile_location":null,"profile_image_url_https":"https://pbs.twimg.com/profile_images/509832465880346625/BBBk8V7n_normal.jpeg","profile_sidebar_fill_color":"DDEEF6","entities":{"description":{"urls":[]}},"followers_count":776,"profile_sidebar_border_color":"C0DEED","id_str":"2329801698","profile_background_color":"C0DEED","listed_count":26,"is_translation_enabled":false,"utc_offset":39600,"statuses_count":12757,"description":"New Govt & still constantly being CENSORED by Lefties - ALP, Greens, ABC etc for expressing my opinion. Twitter AU still CENSORING tweets!","friends_count":789,"location":"","profile_link_color":"0084B4","profile_image_url":"http://pbs.twimg.com/profile_images/509832465880346625/BBBk8V7n_normal.jpeg","following":false,"geo_enabled":false,"profile_banner_url":"https://pbs.twimg.com/profile_banners/2329801698/1394678035","profile_background_image_url":"http://abs.twimg.com/images/themes/theme1/bg.png","name":"John Team Australia","lang":"en","profile_background_tile":false,"favourites_count":1974,"screen_name":"JohnTheLeftist","notifications":false,"url":null,"created_at":"Thu Feb 06 05:56:25 +0000 2014","contributors_enabled":false,"time_zone":"Sydney","protected":false,"default_profile":true,"is_translator":false},"geo":null,"in_reply_to_user_id_str":"19898890","lang":"en","created_at":"Mon Dec 15 00:31:06 +0000 2014","in_reply_to_status_id_str":"544288257903583233","place":null},
{"contributors":null,"truncated":false,"text":"@smh until u know for sure why are u reporting","in_reply_to_status_id":544284859628523521,"id":544289968126844928,"favorite_count":0,"source":"<a href=\"http://twitter.com/download/iphone\" rel=\"nofollow\">Twitter for iPhone</a>","retweeted":false,"coordinates":null,"entities":{"symbols":[],"user_mentions":[{"id":16675569,"indices":[0,4],"id_str":"16675569","screen_name":"smh","name":"smh.com.au"}],"hashtags":[],"urls":[]},"in_reply_to_screen_name":"smh","id_str":"544289968126844928","retweet_count":0,"in_reply_to_user_id":16675569,"favorited":false,"user":{"follow_request_sent":false,"profile_use_background_image":true,"profile_text_color":"333333","default_profile_image":false,"id":347883924,"profile_background_image_url_https":"https://abs.twimg.com/images/themes/theme1/bg.png","verified":false,"profile_location":null,"profile_image_url_https":"https://pbs.twimg.com/profile_images/589208290065690624/iLwAkI0H_normal.jpg","profile_sidebar_fill_color":"DDEEF6","entities":{"description":{"urls":[]}},"followers_count":170,"profile_sidebar_border_color":"C0DEED","id_str":"347883924","profile_background_color":"C0DEED","listed_count":1,"is_translation_enabled":false,"utc_offset":null,"statuses_count":7079,"description":"rude sarcastic","friends_count":70,"location":"Sydney","profile_link_color":"0084B4","profile_image_url":"http://pbs.twimg.com/profile_images/589208290065690624/iLwAkI0H_normal.jpg","following":false,"geo_enabled":false,"profile_banner_url":"https://pbs.twimg.com/profile_banners/347883924/1410677612","profile_background_image_url":"http://abs.twimg.com/images/themes/theme1/bg.png","name":"Julz","lang":"en","profile_background_tile":false,"favourites_count":13154,"screen_name":"julia_goo_lia","notifications":false,"url":null,"created_at":"Wed Aug 03 14:35:44 +0000 2011","contributors_enabled":false,"time_zone":null,"protected":false,"default_profile":true,"is_translator":false},"geo":null,"in_reply_to_user_id_str":"16675569","lang":"en","created_at":"Mon Dec 15 00:36:55 +0000 2014","in_reply_to_status_id_str":"544284859628523521","place":null},
{"contributors":null,"truncated":false,"text":"@smh @TonyAbbottMHR No matter which flag is shown at the Lindt, please do not give in to the perps, unless you want to 'islamise' Australia","in_reply_to_status_id":544284859628523521,"id":544317218364723200,"favorite_count":0,"source":"<a href=\"http://twitter.com/download/android\" rel=\"nofollow\">Twitter for Android</a>","retweeted":false,"coordinates":null,"entities":{"symbols":[],"user_mentions":[{"id":16675569,"indices":[0,4],"id_str":"16675569","screen_name":"smh","name":"smh.com.au"},{"id":93766096,"indices":[5,19],"id_str":"93766096","screen_name":"TonyAbbottMHR","name":"Tony Abbott"}],"hashtags":[],"urls":[]},"in_reply_to_screen_name":"smh","id_str":"544317218364723200","retweet_count":0,"in_reply_to_user_id":16675569,"favorited":false,"user":{"follow_request_sent":false,"profile_use_background_image":true,"profile_text_color":"333333","default_profile_image":false,"id":121120097,"profile_background_image_url_https":"https://abs.twimg.com/images/themes/theme18/bg.gif","verified":false,"profile_location":null,"profile_image_url_https":"https://pbs.twimg.com/profile_images/500830498009001986/eRYWEvgy_normal.jpeg","profile_sidebar_fill_color":"F6F6F6","entities":{"description":{"urls":[]}},"followers_count":94,"profile_sidebar_border_color":"FFFFFF","id_str":"121120097","profile_background_color":"ACDED6","listed_count":0,"is_translation_enabled":false,"utc_offset":19800,"statuses_count":1849,"description":"Irreverent and malicious to the core!","friends_count":162,"location":"The world  ","profile_link_color":"038543","profile_image_url":"http://pbs.twimg.com/profile_images/500830498009001986/eRYWEvgy_normal.jpeg","following":false,"geo_enabled":false,"profile_banner_url":"https://pbs.twimg.com/profile_banners/121120097/1408242269","profile_background_image_url":"http://abs.twimg.com/images/themes/theme18/bg.gif","name":"Vivek Kher","lang":"en","profile_background_tile":false,"favourites_count":91,"screen_name":"vk62","notifications":false,"url":null,"created_at":"Mon Mar 08 13:51:44 +0000 2010","contributors_enabled":false,"time_zone":"Mumbai","protected":false,"default_profile":false,"is_translator":false},"geo":null,"in_reply_to_user_id_str":"16675569","lang":"en","created_at":"Mon Dec 15 02:25:12 +0000 2014","in_reply_to_status_id_str":"544284859628523521","place":null},
{"contributors":null,"truncated":false,"text":"@smh @ShivAroor It can say free pizza for all you care. There are people being held hostage by rabid Muslims &amp; here we are discussing fonts.","in_reply_to_status_id":544284859628523521,"id":544317393812475905,"favorite_count":0,"source":"<a href=\"http://twitter.com/download/iphone\" rel=\"nofollow\">Twitter for iPhone</a>","retweeted":false,"coordinates":null,"entities":{"symbols":[],"user_mentions":[{"id":16675569,"indices":[0,4],"id_str":"16675569","screen_name":"smh","name":"smh.com.au"},{"id":139189823,"indices":[5,15],"id_str":"139189823","screen_name":"ShivAroor","name":"Shiv Aroor"}],"hashtags":[],"urls":[]},"in_reply_to_screen_name":"smh","id_str":"544317393812475905","retweet_count":0,"in_reply_to_user_id":16675569,"favorited":false,"user":{"follow_request_sent":false,"profile_use_background_image":true,"profile_text_color":"333333","default_profile_image":false,"id":2833082389,"profile_background_image_url_https":"https://abs.twimg.com/images/themes/theme1/bg.png","verified":false,"profile_location":null,"profile_image_url_https":"https://pbs.twimg.com/profile_images/566330419155456000/ejBxTFtY_normal.jpeg","profile_sidebar_fill_color":"DDEEF6","entities":{"description":{"urls":[]}},"followers_count":17,"profile_sidebar_border_color":"C0DEED","id_str":"2833082389","profile_background_color":"C0DEED","listed_count":2,"is_translation_enabled":false,"utc_offset":null,"statuses_count":1752,"description":"","friends_count":140,"location":"","profile_link_color":"0084B4","profile_image_url":"http://pbs.twimg.com/profile_images/566330419155456000/ejBxTFtY_normal.jpeg","following":false,"geo_enabled":false,"profile_banner_url":"https://pbs.twimg.com/profile_banners/2833082389/1411746847","profile_background_image_url":"http://abs.twimg.com/images/themes/theme1/bg.png","name":"peasfry","lang":"en","profile_background_tile":false,"favourites_count":2776,"screen_name":"PeasFry","notifications":false,"url":null,"created_at":"Fri Sep 26 15:11:00 +0000 2014","contributors_enabled":false,"time_zone":null,"protected":false,"default_profile":true,"is_translator":false},"geo":null,"in_reply_to_user_id_str":"16675569","lang":"en","created_at":"Mon Dec 15 02:25:54 +0000 2014","in_reply_to_status_id_str":"544284859628523521","place":null},
{"contributors":null,"truncated":false,"text":"@smh The Black Standard jihadist flag is prophet Mohammed's banner. #SydneySiege  @ShivAroor","in_reply_to_status_id":544284859628523521,"id":544318789114814465,"favorite_count":0,"source":"<a href=\"http://twitter.com/download/android\" rel=\"nofollow\">Twitter for Android</a>","retweeted":false,"coordinates":null,"entities":{"symbols":[],"user_mentions":[{"id":16675569,"indices":[0,4],"id_str":"16675569","screen_name":"smh","name":"smh.com.au"},{"id":139189823,"indices":[82,92],"id_str":"139189823","screen_name":"ShivAroor","name":"Shiv Aroor"}],"hashtags":[{"indices":[68,80],"text":"SydneySiege"}],"urls":[]},"in_reply_to_screen_name":"smh","id_str":"544318789114814465","retweet_count":0,"in_reply_to_user_id":16675569,"favorited":false,"user":{"follow_request_sent":false,"profile_use_background_image":true,"profile_text_color":"333333","default_profile_image":false,"id":573490762,"profile_background_image_url_https":"https://abs.twimg.com/images/themes/theme1/bg.png","verified":false,"profile_location":null,"profile_image_url_https":"https://pbs.twimg.com/profile_images/577824812002721792/zcw_Zr15_normal.jpeg","profile_sidebar_fill_color":"DDEEF6","entities":{"description":{"urls":[]}},"followers_count":493,"profile_sidebar_border_color":"C0DEED","id_str":"573490762","profile_background_color":"C0DEED","listed_count":6,"is_translation_enabled":false,"utc_offset":19800,"statuses_count":19872,"description":"Languishing in no-man's land, between Manager and a Leader ; A Troll and a Blogger |  Exterme Right on Economics |","friends_count":397,"location":"हिन्दीया","profile_link_color":"0084B4","profile_image_url":"http://pbs.twimg.com/profile_images/577824812002721792/zcw_Zr15_normal.jpeg","following":false,"geo_enabled":true,"profile_banner_url":"https://pbs.twimg.com/profile_banners/573490762/1415025976","profile_background_image_url":"http://abs.twimg.com/images/themes/theme1/bg.png","name":"Ajax Ngp","lang":"en","profile_background_tile":false,"favourites_count":2131,"screen_name":"AjaxNgp","notifications":false,"url":null,"created_at":"Mon May 07 09:54:58 +0000 2012","contributors_enabled":false,"time_zone":"New Delhi","protected":false,"default_profile":true,"is_translator":false},"geo":null,"in_reply_to_user_id_str":"16675569","lang":"en","created_at":"Mon Dec 15 02:31:26 +0000 2014","in_reply_to_status_id_str":"544284859628523521","place":null}
]