[{"contributors":null,"truncated":false,"text":"@Jessicaveronica I just heard about the situation. Praying that no one gets hurt 🙏💗","in_reply_to_status_id":544275574642835456,"id":544276126798204929,"favorite_count":0,"source":"<a href=\"http://twitter.com/download/android\" rel=\"nofollow\">Twitter for Android</a>","retweeted":false,"coordinates":null,"entities":{"symbols":[],"user_mentions":[{"id":27964284,"indices":[0,16],"id_str":"27964284","screen_name":"Jessicaveronica","name":"Jessica Veronica"}],"hashtags":[],"urls":[]},"in_reply_to_screen_name":"Jessicaveronica","id_str":"544276126798204929","retweet_count":0,"in_reply_to_user_id":27964284,"favorited":false,"user":{"follow_request_sent":false,"profile_use_background_image":true,"profile_text_color":"3D1957","default_profile_image":false,"id":19976487,"profile_background_image_url_https":"https://pbs.twimg.com/profile_background_images/378800000118885534/189c93ac5c239e4c7f684f1db13fdc53.jpeg","verified":false,"profile_location":null,"profile_image_url_https":"https://pbs.twimg.com/profile_images/585832302904795137/Zs0Ljui4_normal.jpg","profile_sidebar_fill_color":"7AC3EE","entities":{"description":{"urls":[]}},"followers_count":1092,"profile_sidebar_border_color":"000000","id_str":"19976487","profile_background_color":"080808","listed_count":10,"is_translation_enabled":false,"utc_offset":3600,"statuses_count":54044,"description":"Always be yourself. Unless you can be a unicorn. Then always be a unicorn | Aspiring media journalist | Music, fashion & travelling ♥ | IG: Izzi_Sjogren ✌","friends_count":912,"location":"Norway ","profile_link_color":"B97FE0","profile_image_url":"http://pbs.twimg.com/profile_images/585832302904795137/Zs0Ljui4_normal.jpg","following":false,"geo_enabled":true,"profile_banner_url":"https://pbs.twimg.com/profile_banners/19976487/1418760778","profile_background_image_url":"http://pbs.twimg.com/profile_background_images/378800000118885534/189c93ac5c239e4c7f684f1db13fdc53.jpeg","name":"I z z I ","lang":"en","profile_background_tile":false,"favourites_count":2300,"screen_name":"Izzi_Sjogren","notifications":false,"url":null,"created_at":"Tue Feb 03 15:15:50 +0000 2009","contributors_enabled":false,"time_zone":"Stockholm","protected":false,"default_profile":false,"is_translator":false},"geo":null,"in_reply_to_user_id_str":"27964284","lang":"en","created_at":"Sun Dec 14 23:41:55 +0000 2014","in_reply_to_status_id_str":"544275574642835456","place":null},
{"contributors":null,"truncated":false,"text":"@Jessicaveronica yep !! One of the places I work at is right near there &amp; no one is answering if they're okay 😕","in_reply_to_status_id":544275574642835456,"id":544276327885307905,"favorite_count":0,"source":"<a href=\"http://twitter.com/download/iphone\" rel=\"nofollow\">Twitter for iPhone</a>","retweeted":false,"coordinates":null,"entities":{"symbols":[],"user_mentions":[{"id":27964284,"indices":[0,16],"id_str":"27964284","screen_name":"Jessicaveronica","name":"Jessica Veronica"}],"hashtags":[],"urls":[]},"in_reply_to_screen_name":"Jessicaveronica","id_str":"544276327885307905","retweet_count":0,"in_reply_to_user_id":27964284,"favorited":false,"user":{"follow_request_sent":false,"profile_use_background_image":true,"profile_text_color":"0C3E53","default_profile_image":false,"id":18107013,"profile_background_image_url_https":"https://pbs.twimg.com/profile_background_images/57257176/northamerica_outters_big.jpg","verified":false,"profile_location":null,"profile_image_url_https":"https://pbs.twimg.com/profile_images/473037911479185408/xVcUYmX__normal.jpeg","profile_sidebar_fill_color":"FFF7CC","entities":{"description":{"urls":[]}},"followers_count":202,"profile_sidebar_border_color":"FFFFFF","id_str":"18107013","profile_background_color":"BADFCD","listed_count":6,"is_translation_enabled":false,"utc_offset":39600,"statuses_count":16064,"description":"Rebel.","friends_count":720,"location":"Sydney/New York.","profile_link_color":"048AA5","profile_image_url":"http://pbs.twimg.com/profile_images/473037911479185408/xVcUYmX__normal.jpeg","following":false,"geo_enabled":false,"profile_background_image_url":"http://pbs.twimg.com/profile_background_images/57257176/northamerica_outters_big.jpg","name":"Sasha","lang":"en","profile_background_tile":true,"favourites_count":178,"screen_name":"Sasha_Kate","notifications":false,"url":null,"created_at":"Sat Dec 13 23:23:00 +0000 2008","contributors_enabled":false,"time_zone":"Sydney","protected":false,"default_profile":false,"is_translator":false},"geo":null,"in_reply_to_user_id_str":"27964284","lang":"en","created_at":"Sun Dec 14 23:42:43 +0000 2014","in_reply_to_status_id_str":"544275574642835456","place":null},
{"contributors":null,"truncated":false,"text":"@Jessicaveronica just read about that! :-( i hope whomever is doing this will come to their senses and releases everyone!!","in_reply_to_status_id":544275574642835456,"id":544276573437063168,"favorite_count":1,"source":"<a href=\"http://twitter.com/download/iphone\" rel=\"nofollow\">Twitter for iPhone</a>","retweeted":false,"coordinates":null,"entities":{"symbols":[],"user_mentions":[{"id":27964284,"indices":[0,16],"id_str":"27964284","screen_name":"Jessicaveronica","name":"Jessica Veronica"}],"hashtags":[],"urls":[]},"in_reply_to_screen_name":"Jessicaveronica","id_str":"544276573437063168","retweet_count":0,"in_reply_to_user_id":27964284,"favorited":false,"user":{"follow_request_sent":false,"profile_use_background_image":true,"profile_text_color":"666666","default_profile_image":false,"id":35703335,"profile_background_image_url_https":"https://pbs.twimg.com/profile_background_images/768606895/3a2d9d18588485340c9db45600c6fe9f.jpeg","verified":false,"profile_location":null,"profile_image_url_https":"https://pbs.twimg.com/profile_images/582652627047038976/3MP-7wZC_normal.jpg","profile_sidebar_fill_color":"252429","entities":{"description":{"urls":[]}},"followers_count":246,"profile_sidebar_border_color":"FFFFFF","id_str":"35703335","profile_background_color":"1A1B1F","listed_count":6,"is_translation_enabled":false,"utc_offset":3600,"statuses_count":9443,"description":"Where words fail, music speaks","friends_count":468,"location":"the Netherlands","profile_link_color":"2FC2EF","profile_image_url":"http://pbs.twimg.com/profile_images/582652627047038976/3MP-7wZC_normal.jpg","following":false,"geo_enabled":false,"profile_banner_url":"https://pbs.twimg.com/profile_banners/35703335/1414811946","profile_background_image_url":"http://pbs.twimg.com/profile_background_images/768606895/3a2d9d18588485340c9db45600c6fe9f.jpeg","name":"Ish","lang":"en","profile_background_tile":false,"favourites_count":2542,"screen_name":"ishtus","notifications":false,"url":null,"created_at":"Mon Apr 27 08:50:18 +0000 2009","contributors_enabled":false,"time_zone":"Amsterdam","protected":false,"default_profile":false,"is_translator":false},"geo":null,"in_reply_to_user_id_str":"27964284","lang":"en","created_at":"Sun Dec 14 23:43:41 +0000 2014","in_reply_to_status_id_str":"544275574642835456","place":null},
{"contributors":null,"truncated":false,"text":"@Jessicaveronica what happened? ;w;","in_reply_to_status_id":544275574642835456,"id":544276653753765888,"favorite_count":0,"source":"<a href=\"http://twitter.com\" rel=\"nofollow\">Twitter Web Client</a>","retweeted":false,"coordinates":null,"entities":{"symbols":[],"user_mentions":[{"id":27964284,"indices":[0,16],"id_str":"27964284","screen_name":"Jessicaveronica","name":"Jessica Veronica"}],"hashtags":[],"urls":[]},"in_reply_to_screen_name":"Jessicaveronica","id_str":"544276653753765888","retweet_count":0,"in_reply_to_user_id":27964284,"favorited":false,"user":{"follow_request_sent":false,"profile_use_background_image":true,"profile_text_color":"CC0829","default_profile_image":false,"id":250563788,"profile_background_image_url_https":"https://pbs.twimg.com/profile_background_images/534846966442647553/AFUCW8iA.jpeg","verified":false,"profile_location":null,"profile_image_url_https":"https://pbs.twimg.com/profile_images/589864265525362689/3VZwDwtV_normal.jpg","profile_sidebar_fill_color":"7AC3EE","entities":{"url":{"urls":[{"url":"https://t.co/9MavyywlPQ","indices":[0,23],"expanded_url":"https://www.youtube.com/channel/UCmm9fA3_invAF6IaftNX2IA","display_url":"youtube.com/channel/UCmm9f…"}]},"description":{"urls":[]}},"followers_count":247,"profile_sidebar_border_color":"000000","id_str":"250563788","profile_background_color":"642D8B","listed_count":5,"is_translation_enabled":false,"utc_offset":-10800,"statuses_count":37567,"description":"» i want a brother like stiles stilinski. i am shit but that's ok. oh and music is my life. i think i like 5sos, union j, panicland and some other great ppl ✌✌","friends_count":296,"location":"actually germany","profile_link_color":"9266CC","profile_image_url":"http://pbs.twimg.com/profile_images/589864265525362689/3VZwDwtV_normal.jpg","following":false,"geo_enabled":true,"profile_banner_url":"https://pbs.twimg.com/profile_banners/250563788/1418498151","profile_background_image_url":"http://pbs.twimg.com/profile_background_images/534846966442647553/AFUCW8iA.jpeg","name":"sanny ♌ 梦想家 ","lang":"de","profile_background_tile":true,"favourites_count":9807,"screen_name":"justsannii","notifications":false,"url":"https://t.co/9MavyywlPQ","created_at":"Fri Feb 11 10:25:08 +0000 2011","contributors_enabled":false,"time_zone":"Greenland","protected":false,"default_profile":false,"is_translator":false},"geo":null,"in_reply_to_user_id_str":"27964284","lang":"en","created_at":"Sun Dec 14 23:44:01 +0000 2014","in_reply_to_status_id_str":"544275574642835456","place":null},
{"contributors":null,"truncated":false,"text":"@Jessicaveronica @TheVeronicas what's happening in Sydney right now","in_reply_to_status_id":544275574642835456,"id":544276790936866816,"favorite_count":0,"source":"<a href=\"http://twitter.com/download/iphone\" rel=\"nofollow\">Twitter for iPhone</a>","retweeted":false,"coordinates":null,"entities":{"symbols":[],"user_mentions":[{"id":27964284,"indices":[0,16],"id_str":"27964284","screen_name":"Jessicaveronica","name":"Jessica Veronica"},{"id":16005075,"indices":[17,30],"id_str":"16005075","screen_name":"TheVeronicas","name":"The Veronicas"}],"hashtags":[],"urls":[]},"in_reply_to_screen_name":"Jessicaveronica","id_str":"544276790936866816","retweet_count":0,"in_reply_to_user_id":27964284,"favorited":false,"user":{"follow_request_sent":false,"profile_use_background_image":true,"profile_text_color":"333333","default_profile_image":false,"id":2888898472,"profile_background_image_url_https":"https://abs.twimg.com/images/themes/theme1/bg.png","verified":false,"profile_location":null,"profile_image_url_https":"https://pbs.twimg.com/profile_images/589455464649216000/SydjnWdX_normal.jpg","profile_sidebar_fill_color":"DDEEF6","entities":{"description":{"urls":[]}},"followers_count":261,"profile_sidebar_border_color":"C0DEED","id_str":"2888898472","profile_background_color":"C0DEED","listed_count":1,"is_translation_enabled":false,"utc_offset":null,"statuses_count":789,"description":"She Looks So Perfect, Disconnected, Daylight, Never Be, What I Like About You, Rejects, Unpredictable, Beside You, Amnesia, This Is All @5SOS @Luke5SOS I ❤️You","friends_count":837,"location":"","profile_link_color":"0084B4","profile_image_url":"http://pbs.twimg.com/profile_images/589455464649216000/SydjnWdX_normal.jpg","following":false,"geo_enabled":true,"profile_banner_url":"https://pbs.twimg.com/profile_banners/2888898472/1418864673","profile_background_image_url":"http://abs.twimg.com/images/themes/theme1/bg.png","name":"Luke Please FollowMe","lang":"en","profile_background_tile":false,"favourites_count":1447,"screen_name":"sidneyjones2014","notifications":false,"url":null,"created_at":"Sun Nov 23 07:06:59 +0000 2014","contributors_enabled":false,"time_zone":null,"protected":false,"default_profile":true,"is_translator":false},"geo":null,"in_reply_to_user_id_str":"27964284","lang":"en","created_at":"Sun Dec 14 23:44:33 +0000 2014","in_reply_to_status_id_str":"544275574642835456","place":null},
{"contributors":null,"truncated":false,"text":"@Jessicaveronica Prayers from Scotland.  🙏😔","in_reply_to_status_id":544275574642835456,"id":544276815662313472,"favorite_count":0,"source":"<a href=\"http://twitter.com/download/iphone\" rel=\"nofollow\">Twitter for iPhone</a>","retweeted":false,"coordinates":null,"entities":{"symbols":[],"user_mentions":[{"id":27964284,"indices":[0,16],"id_str":"27964284","screen_name":"Jessicaveronica","name":"Jessica Veronica"}],"hashtags":[],"urls":[]},"in_reply_to_screen_name":"Jessicaveronica","id_str":"544276815662313472","retweet_count":0,"in_reply_to_user_id":27964284,"favorited":false,"user":{"follow_request_sent":false,"profile_use_background_image":true,"profile_text_color":"333333","default_profile_image":false,"id":456033302,"profile_background_image_url_https":"https://abs.twimg.com/images/themes/theme1/bg.png","verified":false,"profile_location":null,"profile_image_url_https":"https://pbs.twimg.com/profile_images/540183546921762816/YI9ZVc3n_normal.jpeg","profile_sidebar_fill_color":"DDEEF6","entities":{"url":{"urls":[{"url":"http://t.co/EIANQXEbXn","indices":[0,22],"expanded_url":"http://petitpiaf1.tumblr.com","display_url":"petitpiaf1.tumblr.com"}]},"description":{"urls":[]}},"followers_count":114,"profile_sidebar_border_color":"C0DEED","id_str":"456033302","profile_background_color":"C0DEED","listed_count":2,"is_translation_enabled":false,"utc_offset":3600,"statuses_count":66,"description":"Working it out... C'est toi, mon amour... - Édith Piaf et Eddy Constantine","friends_count":808,"location":"Fife","profile_link_color":"0084B4","profile_image_url":"http://pbs.twimg.com/profile_images/540183546921762816/YI9ZVc3n_normal.jpeg","following":false,"geo_enabled":true,"profile_banner_url":"https://pbs.twimg.com/profile_banners/456033302/1417624773","profile_background_image_url":"http://abs.twimg.com/images/themes/theme1/bg.png","name":"Daniel Campbell","lang":"en","profile_background_tile":false,"favourites_count":20,"screen_name":"thedanielluke","notifications":false,"url":"http://t.co/EIANQXEbXn","created_at":"Thu Jan 05 20:09:40 +0000 2012","contributors_enabled":false,"time_zone":"Amsterdam","protected":false,"default_profile":true,"is_translator":false},"geo":null,"in_reply_to_user_id_str":"27964284","lang":"en","created_at":"Sun Dec 14 23:44:39 +0000 2014","in_reply_to_status_id_str":"544275574642835456","place":null},
{"contributors":null,"truncated":false,"text":"@Jessicaveronica 👎 makes me cringe. Sending prayers and love. 💛","in_reply_to_status_id":544275574642835456,"id":544277229988220929,"favorite_count":0,"source":"<a href=\"http://twitter.com/download/iphone\" rel=\"nofollow\">Twitter for iPhone</a>","retweeted":false,"coordinates":null,"entities":{"symbols":[],"user_mentions":[{"id":27964284,"indices":[0,16],"id_str":"27964284","screen_name":"Jessicaveronica","name":"Jessica Veronica"}],"hashtags":[],"urls":[]},"in_reply_to_screen_name":"Jessicaveronica","id_str":"544277229988220929","retweet_count":0,"in_reply_to_user_id":27964284,"favorited":false,"user":{"follow_request_sent":false,"profile_use_background_image":true,"profile_text_color":"333333","default_profile_image":false,"id":249317946,"profile_background_image_url_https":"https://pbs.twimg.com/profile_background_images/378800000122957462/71a8a8225d1637a1ab0287a8ac634b58.jpeg","verified":false,"profile_location":null,"profile_image_url_https":"https://pbs.twimg.com/profile_images/585519949210320896/54B4jdcd_normal.jpg","profile_sidebar_fill_color":"DDEEF6","entities":{"description":{"urls":[]}},"followers_count":300,"profile_sidebar_border_color":"FFFFFF","id_str":"249317946","profile_background_color":"C0DEED","listed_count":1,"is_translation_enabled":false,"utc_offset":-18000,"statuses_count":2038,"description":"live a little, love a lot, I like to Listen to music, have a good time, I'm a Teacher, 22, and love the Lord. BAM!","friends_count":237,"location":"USA- North Georgia","profile_link_color":"0084B4","profile_image_url":"http://pbs.twimg.com/profile_images/585519949210320896/54B4jdcd_normal.jpg","following":false,"geo_enabled":true,"profile_banner_url":"https://pbs.twimg.com/profile_banners/249317946/1415141009","profile_background_image_url":"http://pbs.twimg.com/profile_background_images/378800000122957462/71a8a8225d1637a1ab0287a8ac634b58.jpeg","name":"Emily  Taylor","lang":"en","profile_background_tile":true,"favourites_count":1481,"screen_name":"emilyLtaylor21","notifications":false,"url":null,"created_at":"Tue Feb 08 20:18:31 +0000 2011","contributors_enabled":false,"time_zone":"Eastern Time (US & Canada)","protected":false,"default_profile":false,"is_translator":false},"geo":null,"in_reply_to_user_id_str":"27964284","lang":"en","created_at":"Sun Dec 14 23:46:18 +0000 2014","in_reply_to_status_id_str":"544275574642835456","place":null},
{"contributors":null,"truncated":false,"text":"@Jessicaveronica Yes. And marksmen.","in_reply_to_status_id":544275574642835456,"id":544277300913917952,"favorite_count":0,"source":"<a href=\"http://twitter.com/download/iphone\" rel=\"nofollow\">Twitter for iPhone</a>","retweeted":false,"coordinates":null,"entities":{"symbols":[],"user_mentions":[{"id":27964284,"indices":[0,16],"id_str":"27964284","screen_name":"Jessicaveronica","name":"Jessica Veronica"}],"hashtags":[],"urls":[]},"in_reply_to_screen_name":"Jessicaveronica","id_str":"544277300913917952","retweet_count":0,"in_reply_to_user_id":27964284,"favorited":false,"user":{"follow_request_sent":false,"profile_use_background_image":true,"profile_text_color":"333333","default_profile_image":false,"id":2322996398,"profile_background_image_url_https":"https://abs.twimg.com/images/themes/theme1/bg.png","verified":false,"profile_location":null,"profile_image_url_https":"https://pbs.twimg.com/profile_images/429777121787912193/sImHZuNy_normal.jpeg","profile_sidebar_fill_color":"DDEEF6","entities":{"description":{"urls":[]}},"followers_count":167,"profile_sidebar_border_color":"C0DEED","id_str":"2322996398","profile_background_color":"C0DEED","listed_count":4,"is_translation_enabled":false,"utc_offset":null,"statuses_count":7909,"description":"","friends_count":432,"location":"","profile_link_color":"0084B4","profile_image_url":"http://pbs.twimg.com/profile_images/429777121787912193/sImHZuNy_normal.jpeg","following":false,"geo_enabled":false,"profile_background_image_url":"http://abs.twimg.com/images/themes/theme1/bg.png","name":"Wacky Pope","lang":"en","profile_background_tile":false,"favourites_count":328,"screen_name":"bones_mckinney","notifications":false,"url":null,"created_at":"Sat Feb 01 23:28:36 +0000 2014","contributors_enabled":false,"time_zone":null,"protected":false,"default_profile":true,"is_translator":false},"geo":null,"in_reply_to_user_id_str":"27964284","lang":"en","created_at":"Sun Dec 14 23:46:35 +0000 2014","in_reply_to_status_id_str":"544275574642835456","place":null},
{"contributors":null,"truncated":false,"text":"@Jessicaveronica what happened? D:","in_reply_to_status_id":544275574642835456,"id":544278597574598656,"favorite_count":0,"source":"<a href=\"https://twitter.com/download/android\" rel=\"nofollow\">Twitter for Android Tablets</a>","retweeted":false,"coordinates":null,"entities":{"symbols":[],"user_mentions":[{"id":27964284,"indices":[0,16],"id_str":"27964284","screen_name":"Jessicaveronica","name":"Jessica Veronica"}],"hashtags":[],"urls":[]},"in_reply_to_screen_name":"Jessicaveronica","id_str":"544278597574598656","retweet_count":0,"in_reply_to_user_id":27964284,"favorited":false,"user":{"follow_request_sent":false,"profile_use_background_image":true,"profile_text_color":"362720","default_profile_image":false,"id":348763011,"profile_background_image_url_https":"https://pbs.twimg.com/profile_background_images/475900230634725376/4q8zJqBk.jpeg","verified":false,"profile_location":null,"profile_image_url_https":"https://pbs.twimg.com/profile_images/589274436802478080/uBlQlWiB_normal.jpg","profile_sidebar_fill_color":"E5507E","entities":{"url":{"urls":[{"url":"http://t.co/hSQivRE0is","indices":[0,22],"expanded_url":"http://es.pinterest.com/francipizano/","display_url":"es.pinterest.com/francipizano/"}]},"description":{"urls":[]}},"followers_count":303,"profile_sidebar_border_color":"FFFFFF","id_str":"348763011","profile_background_color":"FF6699","listed_count":1,"is_translation_enabled":false,"utc_offset":36000,"statuses_count":4774,"description":". Life is a play that does not allow trials. So, sing, laugh, dance, cry and live each moment before the curtain falls and the work done without applause ☾∧† ◯","friends_count":634,"location":"Brisbane","profile_link_color":"B30D57","profile_image_url":"http://pbs.twimg.com/profile_images/589274436802478080/uBlQlWiB_normal.jpg","following":false,"geo_enabled":true,"profile_banner_url":"https://pbs.twimg.com/profile_banners/348763011/1416606639","profile_background_image_url":"http://pbs.twimg.com/profile_background_images/475900230634725376/4q8zJqBk.jpeg","name":"France ","lang":"es","profile_background_tile":true,"favourites_count":1702,"screen_name":"Origliasso_Kiss","notifications":false,"url":"http://t.co/hSQivRE0is","created_at":"Thu Aug 04 23:38:47 +0000 2011","contributors_enabled":false,"time_zone":"Brisbane","protected":false,"default_profile":false,"is_translator":false},"geo":null,"in_reply_to_user_id_str":"27964284","lang":"en","created_at":"Sun Dec 14 23:51:44 +0000 2014","in_reply_to_status_id_str":"544275574642835456","place":null},
{"contributors":null,"truncated":false,"text":"@Jessicaveronica This is so scary Jessi....I'm sending every positive vibe I have to those innocent victims inside that shop...","in_reply_to_status_id":544275574642835456,"id":544278976898670593,"favorite_count":0,"source":"<a href=\"http://twitter.com/download/android\" rel=\"nofollow\">Twitter for Android</a>","retweeted":false,"coordinates":null,"entities":{"symbols":[],"user_mentions":[{"id":27964284,"indices":[0,16],"id_str":"27964284","screen_name":"Jessicaveronica","name":"Jessica Veronica"}],"hashtags":[],"urls":[]},"in_reply_to_screen_name":"Jessicaveronica","id_str":"544278976898670593","retweet_count":0,"in_reply_to_user_id":27964284,"favorited":false,"user":{"follow_request_sent":false,"profile_use_background_image":true,"profile_text_color":"400D82","default_profile_image":false,"id":31045604,"profile_background_image_url_https":"https://pbs.twimg.com/profile_background_images/569239602/rv6i61s08zq1wvepcqn5.jpeg","verified":false,"profile_location":null,"profile_image_url_https":"https://pbs.twimg.com/profile_images/586977581292879872/xnm-M6lA_normal.jpg","profile_sidebar_fill_color":"7D7D7D","entities":{"description":{"urls":[]}},"followers_count":331,"profile_sidebar_border_color":"000000","id_str":"31045604","profile_background_color":"0A0A01","listed_count":7,"is_translation_enabled":false,"utc_offset":36000,"statuses_count":22461,"description":"Somewhere over the rainbow...","friends_count":231,"location":"Australia","profile_link_color":"8340F7","profile_image_url":"http://pbs.twimg.com/profile_images/586977581292879872/xnm-M6lA_normal.jpg","following":false,"geo_enabled":false,"profile_banner_url":"https://pbs.twimg.com/profile_banners/31045604/1409919172","profile_background_image_url":"http://pbs.twimg.com/profile_background_images/569239602/rv6i61s08zq1wvepcqn5.jpeg","name":"Sandy ","lang":"en","profile_background_tile":true,"favourites_count":2436,"screen_name":"SandyMaree21","notifications":false,"url":null,"created_at":"Tue Apr 14 03:24:46 +0000 2009","contributors_enabled":false,"time_zone":"Brisbane","protected":false,"default_profile":false,"is_translator":false},"geo":null,"in_reply_to_user_id_str":"27964284","lang":"en","created_at":"Sun Dec 14 23:53:14 +0000 2014","in_reply_to_status_id_str":"544275574642835456","place":null},
{"contributors":null,"truncated":false,"text":"@SandyMaree21 @Jessicaveronica never thought it would happen in Aus","in_reply_to_status_id":544278976898670593,"id":544279157668986882,"favorite_count":0,"source":"<a href=\"http://twitter.com/download/iphone\" rel=\"nofollow\">Twitter for iPhone</a>","retweeted":false,"coordinates":null,"entities":{"symbols":[],"user_mentions":[{"id":31045604,"indices":[0,13],"id_str":"31045604","screen_name":"SandyMaree21","name":"Sandy "},{"id":27964284,"indices":[14,30],"id_str":"27964284","screen_name":"Jessicaveronica","name":"Jessica Veronica"}],"hashtags":[],"urls":[]},"in_reply_to_screen_name":"SandyMaree21","id_str":"544279157668986882","retweet_count":0,"in_reply_to_user_id":31045604,"favorited":false,"user":{"follow_request_sent":false,"profile_use_background_image":true,"profile_text_color":"0C3E53","default_profile_image":false,"id":18107013,"profile_background_image_url_https":"https://pbs.twimg.com/profile_background_images/57257176/northamerica_outters_big.jpg","verified":false,"profile_location":null,"profile_image_url_https":"https://pbs.twimg.com/profile_images/473037911479185408/xVcUYmX__normal.jpeg","profile_sidebar_fill_color":"FFF7CC","entities":{"description":{"urls":[]}},"followers_count":202,"profile_sidebar_border_color":"FFFFFF","id_str":"18107013","profile_background_color":"BADFCD","listed_count":6,"is_translation_enabled":false,"utc_offset":39600,"statuses_count":16064,"description":"Rebel.","friends_count":720,"location":"Sydney/New York.","profile_link_color":"048AA5","profile_image_url":"http://pbs.twimg.com/profile_images/473037911479185408/xVcUYmX__normal.jpeg","following":false,"geo_enabled":false,"profile_background_image_url":"http://pbs.twimg.com/profile_background_images/57257176/northamerica_outters_big.jpg","name":"Sasha","lang":"en","profile_background_tile":true,"favourites_count":178,"screen_name":"Sasha_Kate","notifications":false,"url":null,"created_at":"Sat Dec 13 23:23:00 +0000 2008","contributors_enabled":false,"time_zone":"Sydney","protected":false,"default_profile":false,"is_translator":false},"geo":null,"in_reply_to_user_id_str":"31045604","lang":"en","created_at":"Sun Dec 14 23:53:58 +0000 2014","in_reply_to_status_id_str":"544278976898670593","place":null},
{"contributors":null,"truncated":false,"text":"@Sasha_Kate @Jessicaveronica I am terrified for those people. Especially what they say they had threatened to do... This is terrifying.","in_reply_to_status_id":544279157668986882,"id":544279646116651009,"favorite_count":0,"source":"<a href=\"http://twitter.com/download/android\" rel=\"nofollow\">Twitter for Android</a>","retweeted":false,"coordinates":null,"entities":{"symbols":[],"user_mentions":[{"id":18107013,"indices":[0,11],"id_str":"18107013","screen_name":"Sasha_Kate","name":"Sasha"},{"id":27964284,"indices":[12,28],"id_str":"27964284","screen_name":"Jessicaveronica","name":"Jessica Veronica"}],"hashtags":[],"urls":[]},"in_reply_to_screen_name":"Sasha_Kate","id_str":"544279646116651009","retweet_count":0,"in_reply_to_user_id":18107013,"favorited":false,"user":{"follow_request_sent":false,"profile_use_background_image":true,"profile_text_color":"400D82","default_profile_image":false,"id":31045604,"profile_background_image_url_https":"https://pbs.twimg.com/profile_background_images/569239602/rv6i61s08zq1wvepcqn5.jpeg","verified":false,"profile_location":null,"profile_image_url_https":"https://pbs.twimg.com/profile_images/586977581292879872/xnm-M6lA_normal.jpg","profile_sidebar_fill_color":"7D7D7D","entities":{"description":{"urls":[]}},"followers_count":331,"profile_sidebar_border_color":"000000","id_str":"31045604","profile_background_color":"0A0A01","listed_count":7,"is_translation_enabled":false,"utc_offset":36000,"statuses_count":22461,"description":"Somewhere over the rainbow...","friends_count":231,"location":"Australia","profile_link_color":"8340F7","profile_image_url":"http://pbs.twimg.com/profile_images/586977581292879872/xnm-M6lA_normal.jpg","following":false,"geo_enabled":false,"profile_banner_url":"https://pbs.twimg.com/profile_banners/31045604/1409919172","profile_background_image_url":"http://pbs.twimg.com/profile_background_images/569239602/rv6i61s08zq1wvepcqn5.jpeg","name":"Sandy ","lang":"en","profile_background_tile":true,"favourites_count":2436,"screen_name":"SandyMaree21","notifications":false,"url":null,"created_at":"Tue Apr 14 03:24:46 +0000 2009","contributors_enabled":false,"time_zone":"Brisbane","protected":false,"default_profile":false,"is_translator":false},"geo":null,"in_reply_to_user_id_str":"18107013","lang":"en","created_at":"Sun Dec 14 23:55:54 +0000 2014","in_reply_to_status_id_str":"544279157668986882","place":null},
{"contributors":null,"truncated":false,"text":"@SandyMaree21 I know !!! We have a box office at a building in the next block. Got word that they're okay &amp; they've shut. So scary.","in_reply_to_status_id":544279646116651009,"id":544280662488793088,"favorite_count":0,"source":"<a href=\"http://twitter.com/download/iphone\" rel=\"nofollow\">Twitter for iPhone</a>","retweeted":false,"coordinates":null,"entities":{"symbols":[],"user_mentions":[{"id":31045604,"indices":[0,13],"id_str":"31045604","screen_name":"SandyMaree21","name":"Sandy "}],"hashtags":[],"urls":[]},"in_reply_to_screen_name":"SandyMaree21","id_str":"544280662488793088","retweet_count":0,"in_reply_to_user_id":31045604,"favorited":false,"user":{"follow_request_sent":false,"profile_use_background_image":true,"profile_text_color":"0C3E53","default_profile_image":false,"id":18107013,"profile_background_image_url_https":"https://pbs.twimg.com/profile_background_images/57257176/northamerica_outters_big.jpg","verified":false,"profile_location":null,"profile_image_url_https":"https://pbs.twimg.com/profile_images/473037911479185408/xVcUYmX__normal.jpeg","profile_sidebar_fill_color":"FFF7CC","entities":{"description":{"urls":[]}},"followers_count":202,"profile_sidebar_border_color":"FFFFFF","id_str":"18107013","profile_background_color":"BADFCD","listed_count":6,"is_translation_enabled":false,"utc_offset":39600,"statuses_count":16064,"description":"Rebel.","friends_count":720,"location":"Sydney/New York.","profile_link_color":"048AA5","profile_image_url":"http://pbs.twimg.com/profile_images/473037911479185408/xVcUYmX__normal.jpeg","following":false,"geo_enabled":false,"profile_background_image_url":"http://pbs.twimg.com/profile_background_images/57257176/northamerica_outters_big.jpg","name":"Sasha","lang":"en","profile_background_tile":true,"favourites_count":178,"screen_name":"Sasha_Kate","notifications":false,"url":null,"created_at":"Sat Dec 13 23:23:00 +0000 2008","contributors_enabled":false,"time_zone":"Sydney","protected":false,"default_profile":false,"is_translator":false},"geo":null,"in_reply_to_user_id_str":"31045604","lang":"en","created_at":"Sun Dec 14 23:59:56 +0000 2014","in_reply_to_status_id_str":"544279646116651009","place":null},
{"contributors":null,"truncated":false,"text":"@SandyMaree21 @Jessicaveronica Suspicious package sent to opera house and being evacuated. It gets worse.","in_reply_to_status_id":544279646116651009,"id":544281184591560705,"favorite_count":0,"source":"<a href=\"http://twitter.com/download/iphone\" rel=\"nofollow\">Twitter for iPhone</a>","retweeted":false,"coordinates":null,"entities":{"symbols":[],"user_mentions":[{"id":31045604,"indices":[0,13],"id_str":"31045604","screen_name":"SandyMaree21","name":"Sandy "},{"id":27964284,"indices":[14,30],"id_str":"27964284","screen_name":"Jessicaveronica","name":"Jessica Veronica"}],"hashtags":[],"urls":[]},"in_reply_to_screen_name":"SandyMaree21","id_str":"544281184591560705","retweet_count":0,"in_reply_to_user_id":31045604,"favorited":false,"user":{"follow_request_sent":false,"profile_use_background_image":true,"profile_text_color":"0C3E53","default_profile_image":false,"id":18107013,"profile_background_image_url_https":"https://pbs.twimg.com/profile_background_images/57257176/northamerica_outters_big.jpg","verified":false,"profile_location":null,"profile_image_url_https":"https://pbs.twimg.com/profile_images/473037911479185408/xVcUYmX__normal.jpeg","profile_sidebar_fill_color":"FFF7CC","entities":{"description":{"urls":[]}},"followers_count":202,"profile_sidebar_border_color":"FFFFFF","id_str":"18107013","profile_background_color":"BADFCD","listed_count":6,"is_translation_enabled":false,"utc_offset":39600,"statuses_count":16064,"description":"Rebel.","friends_count":720,"location":"Sydney/New York.","profile_link_color":"048AA5","profile_image_url":"http://pbs.twimg.com/profile_images/473037911479185408/xVcUYmX__normal.jpeg","following":false,"geo_enabled":false,"profile_background_image_url":"http://pbs.twimg.com/profile_background_images/57257176/northamerica_outters_big.jpg","name":"Sasha","lang":"en","profile_background_tile":true,"favourites_count":178,"screen_name":"Sasha_Kate","notifications":false,"url":null,"created_at":"Sat Dec 13 23:23:00 +0000 2008","contributors_enabled":false,"time_zone":"Sydney","protected":false,"default_profile":false,"is_translator":false},"geo":null,"in_reply_to_user_id_str":"31045604","lang":"en","created_at":"Mon Dec 15 00:02:01 +0000 2014","in_reply_to_status_id_str":"544279646116651009","place":null},
{"contributors":null,"truncated":false,"text":"@Jessicaveronica it's so tragic. Heartbreaking. Please let them return safely to their families","in_reply_to_status_id":544275574642835456,"id":544281200068530177,"favorite_count":0,"source":"<a href=\"http://twitter.com/download/iphone\" rel=\"nofollow\">Twitter for iPhone</a>","retweeted":false,"coordinates":null,"entities":{"symbols":[],"user_mentions":[{"id":27964284,"indices":[0,16],"id_str":"27964284","screen_name":"Jessicaveronica","name":"Jessica Veronica"}],"hashtags":[],"urls":[]},"in_reply_to_screen_name":"Jessicaveronica","id_str":"544281200068530177","retweet_count":0,"in_reply_to_user_id":27964284,"favorited":false,"user":{"follow_request_sent":false,"profile_use_background_image":true,"profile_text_color":"333333","default_profile_image":false,"id":86676188,"profile_background_image_url_https":"https://pbs.twimg.com/profile_background_images/684425936/21bd1a49127b0b5fec1ca2137abae5f4.jpeg","verified":false,"profile_location":null,"profile_image_url_https":"https://pbs.twimg.com/profile_images/583045477555290112/66VG0sIu_normal.jpg","profile_sidebar_fill_color":"DDEEF6","entities":{"url":{"urls":[{"url":"http://t.co/ylFA8w7gtC","indices":[0,22],"expanded_url":"http://im-your-lolita.tumblr.com","display_url":"im-your-lolita.tumblr.com"}]},"description":{"urls":[]}},"followers_count":821,"profile_sidebar_border_color":"FFFFFF","id_str":"86676188","profile_background_color":"C0DEED","listed_count":37,"is_translation_enabled":false,"utc_offset":36000,"statuses_count":24084,"description":"Alysha. 22. Australia. I drink too much coffee, laugh too loud and really love The Veronicas.","friends_count":120,"location":"Perth, WA","profile_link_color":"0084B4","profile_image_url":"http://pbs.twimg.com/profile_images/583045477555290112/66VG0sIu_normal.jpg","following":false,"geo_enabled":false,"profile_banner_url":"https://pbs.twimg.com/profile_banners/86676188/1401539452","profile_background_image_url":"http://pbs.twimg.com/profile_background_images/684425936/21bd1a49127b0b5fec1ca2137abae5f4.jpeg","name":"Alysha Veronica","lang":"en","profile_background_tile":true,"favourites_count":234,"screen_name":"lyshyypop","notifications":false,"url":"http://t.co/ylFA8w7gtC","created_at":"Sun Nov 01 07:04:17 +0000 2009","contributors_enabled":false,"time_zone":"Brisbane","protected":false,"default_profile":false,"is_translator":false},"geo":null,"in_reply_to_user_id_str":"27964284","lang":"en","created_at":"Mon Dec 15 00:02:05 +0000 2014","in_reply_to_status_id_str":"544275574642835456","place":null},
{"contributors":null,"truncated":false,"text":"@Sasha_Kate @Jessicaveronica Oh my :( This is just so awful. I haven't heard that yet. I'm watching CH 7.","in_reply_to_status_id":544281184591560705,"id":544282724760961024,"favorite_count":0,"source":"<a href=\"http://twitter.com/download/android\" rel=\"nofollow\">Twitter for Android</a>","retweeted":false,"coordinates":null,"entities":{"symbols":[],"user_mentions":[{"id":18107013,"indices":[0,11],"id_str":"18107013","screen_name":"Sasha_Kate","name":"Sasha"},{"id":27964284,"indices":[12,28],"id_str":"27964284","screen_name":"Jessicaveronica","name":"Jessica Veronica"}],"hashtags":[],"urls":[]},"in_reply_to_screen_name":"Sasha_Kate","id_str":"544282724760961024","retweet_count":0,"in_reply_to_user_id":18107013,"favorited":false,"user":{"follow_request_sent":false,"profile_use_background_image":true,"profile_text_color":"400D82","default_profile_image":false,"id":31045604,"profile_background_image_url_https":"https://pbs.twimg.com/profile_background_images/569239602/rv6i61s08zq1wvepcqn5.jpeg","verified":false,"profile_location":null,"profile_image_url_https":"https://pbs.twimg.com/profile_images/586977581292879872/xnm-M6lA_normal.jpg","profile_sidebar_fill_color":"7D7D7D","entities":{"description":{"urls":[]}},"followers_count":331,"profile_sidebar_border_color":"000000","id_str":"31045604","profile_background_color":"0A0A01","listed_count":7,"is_translation_enabled":false,"utc_offset":36000,"statuses_count":22461,"description":"Somewhere over the rainbow...","friends_count":231,"location":"Australia","profile_link_color":"8340F7","profile_image_url":"http://pbs.twimg.com/profile_images/586977581292879872/xnm-M6lA_normal.jpg","following":false,"geo_enabled":false,"profile_banner_url":"https://pbs.twimg.com/profile_banners/31045604/1409919172","profile_background_image_url":"http://pbs.twimg.com/profile_background_images/569239602/rv6i61s08zq1wvepcqn5.jpeg","name":"Sandy ","lang":"en","profile_background_tile":true,"favourites_count":2436,"screen_name":"SandyMaree21","notifications":false,"url":null,"created_at":"Tue Apr 14 03:24:46 +0000 2009","contributors_enabled":false,"time_zone":"Brisbane","protected":false,"default_profile":false,"is_translator":false},"geo":null,"in_reply_to_user_id_str":"18107013","lang":"en","created_at":"Mon Dec 15 00:08:08 +0000 2014","in_reply_to_status_id_str":"544281184591560705","place":null},
{"contributors":null,"truncated":false,"text":"@SandyMaree21 @Jessicaveronica I'm in the city at work. Keeping myself updated","in_reply_to_status_id":544281184591560705,"id":544282913626267648,"favorite_count":0,"source":"<a href=\"http://twitter.com/download/iphone\" rel=\"nofollow\">Twitter for iPhone</a>","retweeted":false,"coordinates":null,"entities":{"symbols":[],"user_mentions":[{"id":31045604,"indices":[0,13],"id_str":"31045604","screen_name":"SandyMaree21","name":"Sandy "},{"id":27964284,"indices":[14,30],"id_str":"27964284","screen_name":"Jessicaveronica","name":"Jessica Veronica"}],"hashtags":[],"urls":[]},"in_reply_to_screen_name":"Sasha_Kate","id_str":"544282913626267648","retweet_count":0,"in_reply_to_user_id":18107013,"favorited":false,"user":{"follow_request_sent":false,"profile_use_background_image":true,"profile_text_color":"0C3E53","default_profile_image":false,"id":18107013,"profile_background_image_url_https":"https://pbs.twimg.com/profile_background_images/57257176/northamerica_outters_big.jpg","verified":false,"profile_location":null,"profile_image_url_https":"https://pbs.twimg.com/profile_images/473037911479185408/xVcUYmX__normal.jpeg","profile_sidebar_fill_color":"FFF7CC","entities":{"description":{"urls":[]}},"followers_count":202,"profile_sidebar_border_color":"FFFFFF","id_str":"18107013","profile_background_color":"BADFCD","listed_count":6,"is_translation_enabled":false,"utc_offset":39600,"statuses_count":16064,"description":"Rebel.","friends_count":720,"location":"Sydney/New York.","profile_link_color":"048AA5","profile_image_url":"http://pbs.twimg.com/profile_images/473037911479185408/xVcUYmX__normal.jpeg","following":false,"geo_enabled":false,"profile_background_image_url":"http://pbs.twimg.com/profile_background_images/57257176/northamerica_outters_big.jpg","name":"Sasha","lang":"en","profile_background_tile":true,"favourites_count":178,"screen_name":"Sasha_Kate","notifications":false,"url":null,"created_at":"Sat Dec 13 23:23:00 +0000 2008","contributors_enabled":false,"time_zone":"Sydney","protected":false,"default_profile":false,"is_translator":false},"geo":null,"in_reply_to_user_id_str":"18107013","lang":"en","created_at":"Mon Dec 15 00:08:53 +0000 2014","in_reply_to_status_id_str":"544281184591560705","place":null},
{"contributors":null,"truncated":false,"text":"@Sasha_Kate Oh Sasha...please take care!!!!!!!!","in_reply_to_status_id":544282913626267648,"id":544283839536054272,"favorite_count":0,"source":"<a href=\"http://twitter.com/download/android\" rel=\"nofollow\">Twitter for Android</a>","retweeted":false,"coordinates":null,"entities":{"symbols":[],"user_mentions":[{"id":18107013,"indices":[0,11],"id_str":"18107013","screen_name":"Sasha_Kate","name":"Sasha"}],"hashtags":[],"urls":[]},"in_reply_to_screen_name":"Sasha_Kate","id_str":"544283839536054272","retweet_count":0,"in_reply_to_user_id":18107013,"favorited":false,"user":{"follow_request_sent":false,"profile_use_background_image":true,"profile_text_color":"400D82","default_profile_image":false,"id":31045604,"profile_background_image_url_https":"https://pbs.twimg.com/profile_background_images/569239602/rv6i61s08zq1wvepcqn5.jpeg","verified":false,"profile_location":null,"profile_image_url_https":"https://pbs.twimg.com/profile_images/586977581292879872/xnm-M6lA_normal.jpg","profile_sidebar_fill_color":"7D7D7D","entities":{"description":{"urls":[]}},"followers_count":331,"profile_sidebar_border_color":"000000","id_str":"31045604","profile_background_color":"0A0A01","listed_count":7,"is_translation_enabled":false,"utc_offset":36000,"statuses_count":22461,"description":"Somewhere over the rainbow...","friends_count":231,"location":"Australia","profile_link_color":"8340F7","profile_image_url":"http://pbs.twimg.com/profile_images/586977581292879872/xnm-M6lA_normal.jpg","following":false,"geo_enabled":false,"profile_banner_url":"https://pbs.twimg.com/profile_banners/31045604/1409919172","profile_background_image_url":"http://pbs.twimg.com/profile_background_images/569239602/rv6i61s08zq1wvepcqn5.jpeg","name":"Sandy ","lang":"en","profile_background_tile":true,"favourites_count":2436,"screen_name":"SandyMaree21","notifications":false,"url":null,"created_at":"Tue Apr 14 03:24:46 +0000 2009","contributors_enabled":false,"time_zone":"Brisbane","protected":false,"default_profile":false,"is_translator":false},"geo":null,"in_reply_to_user_id_str":"18107013","lang":"en","created_at":"Mon Dec 15 00:12:34 +0000 2014","in_reply_to_status_id_str":"544282913626267648","place":null},
{"contributors":null,"truncated":false,"text":"@SandyMaree21 I will. Suppose to have a work Christmas party tonight. Not sure if I'm going to go.","in_reply_to_status_id":544283839536054272,"id":544284367393017857,"favorite_count":0,"source":"<a href=\"http://twitter.com/download/iphone\" rel=\"nofollow\">Twitter for iPhone</a>","retweeted":false,"coordinates":null,"entities":{"symbols":[],"user_mentions":[{"id":31045604,"indices":[0,13],"id_str":"31045604","screen_name":"SandyMaree21","name":"Sandy "}],"hashtags":[],"urls":[]},"in_reply_to_screen_name":"SandyMaree21","id_str":"544284367393017857","retweet_count":0,"in_reply_to_user_id":31045604,"favorited":false,"user":{"follow_request_sent":false,"profile_use_background_image":true,"profile_text_color":"0C3E53","default_profile_image":false,"id":18107013,"profile_background_image_url_https":"https://pbs.twimg.com/profile_background_images/57257176/northamerica_outters_big.jpg","verified":false,"profile_location":null,"profile_image_url_https":"https://pbs.twimg.com/profile_images/473037911479185408/xVcUYmX__normal.jpeg","profile_sidebar_fill_color":"FFF7CC","entities":{"description":{"urls":[]}},"followers_count":202,"profile_sidebar_border_color":"FFFFFF","id_str":"18107013","profile_background_color":"BADFCD","listed_count":6,"is_translation_enabled":false,"utc_offset":39600,"statuses_count":16064,"description":"Rebel.","friends_count":720,"location":"Sydney/New York.","profile_link_color":"048AA5","profile_image_url":"http://pbs.twimg.com/profile_images/473037911479185408/xVcUYmX__normal.jpeg","following":false,"geo_enabled":false,"profile_background_image_url":"http://pbs.twimg.com/profile_background_images/57257176/northamerica_outters_big.jpg","name":"Sasha","lang":"en","profile_background_tile":true,"favourites_count":178,"screen_name":"Sasha_Kate","notifications":false,"url":null,"created_at":"Sat Dec 13 23:23:00 +0000 2008","contributors_enabled":false,"time_zone":"Sydney","protected":false,"default_profile":false,"is_translator":false},"geo":null,"in_reply_to_user_id_str":"31045604","lang":"en","created_at":"Mon Dec 15 00:14:40 +0000 2014","in_reply_to_status_id_str":"544283839536054272","place":null},
{"contributors":null,"truncated":false,"text":"@Sasha_Kate I would be staying right out of there. These people are so unpredictable. It too risky. Are you close to there?","in_reply_to_status_id":544284367393017857,"id":544284798265483264,"favorite_count":0,"source":"<a href=\"http://twitter.com/download/android\" rel=\"nofollow\">Twitter for Android</a>","retweeted":false,"coordinates":null,"entities":{"symbols":[],"user_mentions":[{"id":18107013,"indices":[0,11],"id_str":"18107013","screen_name":"Sasha_Kate","name":"Sasha"}],"hashtags":[],"urls":[]},"in_reply_to_screen_name":"Sasha_Kate","id_str":"544284798265483264","retweet_count":0,"in_reply_to_user_id":18107013,"favorited":false,"user":{"follow_request_sent":false,"profile_use_background_image":true,"profile_text_color":"400D82","default_profile_image":false,"id":31045604,"profile_background_image_url_https":"https://pbs.twimg.com/profile_background_images/569239602/rv6i61s08zq1wvepcqn5.jpeg","verified":false,"profile_location":null,"profile_image_url_https":"https://pbs.twimg.com/profile_images/586977581292879872/xnm-M6lA_normal.jpg","profile_sidebar_fill_color":"7D7D7D","entities":{"description":{"urls":[]}},"followers_count":330,"profile_sidebar_border_color":"000000","id_str":"31045604","profile_background_color":"0A0A01","listed_count":7,"is_translation_enabled":false,"utc_offset":36000,"statuses_count":22464,"description":"Somewhere over the rainbow...","friends_count":231,"location":"Australia","profile_link_color":"8340F7","profile_image_url":"http://pbs.twimg.com/profile_images/586977581292879872/xnm-M6lA_normal.jpg","following":false,"geo_enabled":false,"profile_banner_url":"https://pbs.twimg.com/profile_banners/31045604/1409919172","profile_background_image_url":"http://pbs.twimg.com/profile_background_images/569239602/rv6i61s08zq1wvepcqn5.jpeg","name":"Sandy ","lang":"en","profile_background_tile":true,"favourites_count":2443,"screen_name":"SandyMaree21","notifications":false,"url":null,"created_at":"Tue Apr 14 03:24:46 +0000 2009","contributors_enabled":false,"time_zone":"Brisbane","protected":false,"default_profile":false,"is_translator":false},"geo":null,"in_reply_to_user_id_str":"18107013","lang":"en","created_at":"Mon Dec 15 00:16:22 +0000 2014","in_reply_to_status_id_str":"544284367393017857","place":null},
{"contributors":null,"truncated":false,"text":"@Sasha_Kate stay safe sash!!!!","in_reply_to_status_id":544284367393017857,"id":544286099128848385,"favorite_count":0,"source":"<a href=\"http://twitter.com/download/iphone\" rel=\"nofollow\">Twitter for iPhone</a>","retweeted":false,"coordinates":null,"entities":{"symbols":[],"user_mentions":[{"id":18107013,"indices":[0,11],"id_str":"18107013","screen_name":"Sasha_Kate","name":"Sasha"}],"hashtags":[],"urls":[]},"in_reply_to_screen_name":"Sasha_Kate","id_str":"544286099128848385","retweet_count":0,"in_reply_to_user_id":18107013,"favorited":false,"user":{"follow_request_sent":false,"profile_use_background_image":false,"profile_text_color":"A20830","default_profile_image":false,"id":2339438172,"profile_background_image_url_https":"https://pbs.twimg.com/profile_background_images/509634576222674945/u3ASQ_MG.png","verified":false,"profile_location":null,"profile_image_url_https":"https://pbs.twimg.com/profile_images/584611513773625344/EDGiulP__normal.jpg","profile_sidebar_fill_color":"661620","entities":{"description":{"urls":[]}},"followers_count":232,"profile_sidebar_border_color":"2C0D0E","id_str":"2339438172","profile_background_color":"DCD5B8","listed_count":3,"is_translation_enabled":false,"utc_offset":39600,"statuses_count":3067,"description":"THE VERONICAS. New Album out NOV 21! RIP Diem ❤️ forever in my heart xxx LOVE YOU","friends_count":1229,"location":"Melbourne","profile_link_color":"9266CC","profile_image_url":"http://pbs.twimg.com/profile_images/584611513773625344/EDGiulP__normal.jpg","following":false,"geo_enabled":false,"profile_banner_url":"https://pbs.twimg.com/profile_banners/2339438172/1416019034","profile_background_image_url":"http://pbs.twimg.com/profile_background_images/509634576222674945/u3ASQ_MG.png","name":"K!R$TY ","lang":"en","profile_background_tile":true,"favourites_count":579,"screen_name":"KirstMattHannie","notifications":false,"url":null,"created_at":"Tue Feb 11 23:47:30 +0000 2014","contributors_enabled":false,"time_zone":"Sydney","protected":false,"default_profile":false,"is_translator":false},"geo":null,"in_reply_to_user_id_str":"18107013","lang":"en","created_at":"Mon Dec 15 00:21:33 +0000 2014","in_reply_to_status_id_str":"544284367393017857","place":null},
{"contributors":null,"truncated":false,"text":"@Sasha_Kate @SandyMaree21 :( Hope everything works out okay there &lt;3","in_reply_to_status_id":544280662488793088,"id":544314075606286337,"favorite_count":0,"source":"<a href=\"http://twitter.com\" rel=\"nofollow\">Twitter Web Client</a>","retweeted":false,"coordinates":null,"entities":{"symbols":[],"user_mentions":[{"id":18107013,"indices":[0,11],"id_str":"18107013","screen_name":"Sasha_Kate","name":"Sasha"},{"id":31045604,"indices":[12,25],"id_str":"31045604","screen_name":"SandyMaree21","name":"Sandy "}],"hashtags":[],"urls":[]},"in_reply_to_screen_name":"Sasha_Kate","id_str":"544314075606286337","retweet_count":0,"in_reply_to_user_id":18107013,"favorited":false,"user":{"follow_request_sent":false,"profile_use_background_image":true,"profile_text_color":"333333","default_profile_image":false,"id":224666883,"profile_background_image_url_https":"https://pbs.twimg.com/profile_background_images/717407632/48b860a5b05c4a60df55c5625ee68484.jpeg","verified":false,"profile_location":null,"profile_image_url_https":"https://pbs.twimg.com/profile_images/1441686718/5rJ6jt5g_normal","profile_sidebar_fill_color":"DDEEF6","entities":{"url":{"urls":[{"url":"http://t.co/7OkPHBDy7D","indices":[0,22],"expanded_url":"http://jeffreadwrite.wordpress.com/","display_url":"jeffreadwrite.wordpress.com"}]},"description":{"urls":[]}},"followers_count":1460,"profile_sidebar_border_color":"FFFFFF","id_str":"224666883","profile_background_color":"1A1B1F","listed_count":49,"is_translation_enabled":false,"utc_offset":-18000,"statuses_count":78851,"description":"I am a ghostly whisper, lost in sky, a stray thought ever fading, stubbornly asking why, wingtips glinting in starlight as through the frozen darkness I fly.","friends_count":1550,"location":"In my head, thinking, USA.","profile_link_color":"2FC2EF","profile_image_url":"http://pbs.twimg.com/profile_images/1441686718/5rJ6jt5g_normal","following":false,"geo_enabled":false,"profile_banner_url":"https://pbs.twimg.com/profile_banners/224666883/1402028288","profile_background_image_url":"http://pbs.twimg.com/profile_background_images/717407632/48b860a5b05c4a60df55c5625ee68484.jpeg","name":"Jeff","lang":"en","profile_background_tile":true,"favourites_count":23234,"screen_name":"jeffreadwrite","notifications":false,"url":"http://t.co/7OkPHBDy7D","created_at":"Thu Dec 09 15:27:58 +0000 2010","contributors_enabled":false,"time_zone":"Eastern Time (US & Canada)","protected":false,"default_profile":false,"is_translator":false},"geo":null,"in_reply_to_user_id_str":"18107013","lang":"en","created_at":"Mon Dec 15 02:12:43 +0000 2014","in_reply_to_status_id_str":"544280662488793088","place":null}
]