[{"contributors":null,"truncated":false,"text":"@bbcbreaking For Only $25 You Can Buy 10K Followers http://t.co/7CXwkqzBw3","in_reply_to_status_id":544271743331078144,"id":544271860092112896,"favorite_count":0,"source":"<a href=\"https://mobile.twitter.com\" rel=\"nofollow\">Mobile Web (M2)</a>","retweeted":false,"coordinates":null,"entities":{"symbols":[],"user_mentions":[{"id":5402612,"indices":[0,12],"id_str":"5402612","screen_name":"BBCBreaking","name":"BBC Breaking News"}],"hashtags":[],"urls":[{"url":"http://t.co/7CXwkqzBw3","indices":[52,74],"expanded_url":"http://bit.ly/1FwyfkB","display_url":"bit.ly/1FwyfkB"}]},"in_reply_to_screen_name":"BBCBreaking","id_str":"544271860092112896","retweet_count":0,"in_reply_to_user_id":5402612,"favorited":false,"user":{"follow_request_sent":false,"profile_use_background_image":true,"profile_text_color":"FA8459","default_profile_image":false,"id":929662333,"profile_background_image_url_https":"https://pbs.twimg.com/profile_background_images/704148887/530305ee54dcd37a33244a09f7f62844.jpeg","verified":false,"profile_location":null,"profile_image_url_https":"https://pbs.twimg.com/profile_images/537455688780611584/u1aj5vr4_normal.jpeg","profile_sidebar_fill_color":"000000","entities":{"description":{"urls":[]}},"followers_count":18855,"profile_sidebar_border_color":"6CD0E0","id_str":"929662333","profile_background_color":"030103","listed_count":4,"is_translation_enabled":false,"utc_offset":null,"statuses_count":13498,"description":"Parody account","friends_count":728,"location":"Miami","profile_link_color":"947974","profile_image_url":"http://pbs.twimg.com/profile_images/537455688780611584/u1aj5vr4_normal.jpeg","following":false,"geo_enabled":false,"profile_background_image_url":"http://pbs.twimg.com/profile_background_images/704148887/530305ee54dcd37a33244a09f7f62844.jpeg","name":"Harry Styles.","lang":"pt","profile_background_tile":false,"favourites_count":29,"screen_name":"haurry_stvlles","notifications":false,"url":null,"created_at":"Tue Nov 06 12:44:46 +0000 2012","contributors_enabled":false,"time_zone":null,"protected":false,"default_profile":false,"is_translator":false},"geo":null,"in_reply_to_user_id_str":"5402612","possibly_sensitive":false,"lang":"en","created_at":"Sun Dec 14 23:24:58 +0000 2014","in_reply_to_status_id_str":"544271743331078144","place":null},
{"contributors":null,"truncated":false,"text":"@haurry_stvlles @BBCBreaking news","in_reply_to_status_id":544271860092112896,"id":544271895395598337,"favorite_count":0,"source":"<a href=\"http://twitter.com/download/android\" rel=\"nofollow\">Twitter for Android</a>","retweeted":false,"coordinates":null,"entities":{"symbols":[],"user_mentions":[{"id":929662333,"indices":[0,15],"id_str":"929662333","screen_name":"haurry_stvlles","name":"Harry Styles."},{"id":5402612,"indices":[16,28],"id_str":"5402612","screen_name":"BBCBreaking","name":"BBC Breaking News"}],"hashtags":[],"urls":[]},"in_reply_to_screen_name":"haurry_stvlles","id_str":"544271895395598337","retweet_count":0,"in_reply_to_user_id":929662333,"favorited":false,"user":{"follow_request_sent":false,"profile_use_background_image":true,"profile_text_color":"12B67E","default_profile_image":false,"id":1085149063,"profile_background_image_url_https":"https://pbs.twimg.com/profile_background_images/531994855904251904/7Xl7QAO1.jpeg","verified":false,"profile_location":null,"profile_image_url_https":"https://pbs.twimg.com/profile_images/545057254589087744/KhL-OxOM_normal.jpeg","profile_sidebar_fill_color":"854D0B","entities":{"url":{"urls":[{"url":"http://t.co/kMQCV0bMXR","indices":[0,22],"expanded_url":"http://www.youtube.com/lannesbowl","display_url":"youtube.com/lannesbowl"}]},"description":{"urls":[]}},"followers_count":622176,"profile_sidebar_border_color":"FFFFFF","id_str":"1085149063","profile_background_color":"ABB8C2","listed_count":43,"is_translation_enabled":false,"utc_offset":-7200,"statuses_count":83732,"description":"Profissional: lannbowl@gmail.com Official Twitter account Lannes Bowl. Twitter User Twitteiro!","friends_count":75146,"location":"Miami, FL and Brazil ","profile_link_color":"DD2E44","profile_image_url":"http://pbs.twimg.com/profile_images/545057254589087744/KhL-OxOM_normal.jpeg","following":false,"geo_enabled":true,"profile_banner_url":"https://pbs.twimg.com/profile_banners/1085149063/1415590238","profile_background_image_url":"http://pbs.twimg.com/profile_background_images/531994855904251904/7Xl7QAO1.jpeg","name":"Lannes Bowl","lang":"pt","profile_background_tile":true,"favourites_count":5571,"screen_name":"LannesBowl","notifications":false,"url":"http://t.co/kMQCV0bMXR","created_at":"Sun Jan 13 05:58:35 +0000 2013","contributors_enabled":false,"time_zone":"Brasilia","protected":false,"default_profile":false,"is_translator":false},"geo":null,"in_reply_to_user_id_str":"929662333","lang":"en","created_at":"Sun Dec 14 23:25:06 +0000 2014","in_reply_to_status_id_str":"544271860092112896","place":null},
{"contributors":null,"truncated":false,"text":"“@BBCBreaking: Reports are coming in of a hostage situation at a cafe in the Australian city of Sydney http://t.co/qTrtTIWcsc”","in_reply_to_status_id":544271743331078144,"id":544271926810533888,"favorite_count":0,"source":"<a href=\"http://twitter.com/download/iphone\" rel=\"nofollow\">Twitter for iPhone</a>","retweeted":false,"coordinates":null,"entities":{"symbols":[],"user_mentions":[{"id":5402612,"indices":[1,13],"id_str":"5402612","screen_name":"BBCBreaking","name":"BBC Breaking News"}],"hashtags":[],"urls":[{"url":"http://t.co/qTrtTIWcsc","indices":[103,125],"expanded_url":"http://bbc.in/1uJKp4p","display_url":"bbc.in/1uJKp4p"}]},"in_reply_to_screen_name":"BBCBreaking","id_str":"544271926810533888","retweet_count":0,"in_reply_to_user_id":5402612,"favorited":false,"user":{"follow_request_sent":false,"profile_use_background_image":true,"profile_text_color":"333333","default_profile_image":false,"id":90282879,"profile_background_image_url_https":"https://abs.twimg.com/images/themes/theme15/bg.png","verified":false,"profile_location":null,"profile_image_url_https":"https://pbs.twimg.com/profile_images/542172568/img489_normal.jpg","profile_sidebar_fill_color":"C0DFEC","entities":{"url":{"urls":[{"url":"http://t.co/OuIrVS4nNg","indices":[0,22],"expanded_url":"http://www.facebook.com/mattmcconicokrnv","display_url":"facebook.com/mattmcconicokr…"}]},"description":{"urls":[]}},"followers_count":1577,"profile_sidebar_border_color":"A8C7F7","id_str":"90282879","profile_background_color":"022330","listed_count":61,"is_translation_enabled":false,"utc_offset":-28800,"statuses_count":15431,"description":"News Director for @KRNV & @FOX11Reno RTs & people/groups followed/listed  ≠ endorsements mmcconico@mynews4.com","friends_count":1899,"location":"Reno, Nevada","profile_link_color":"0084B4","profile_image_url":"http://pbs.twimg.com/profile_images/542172568/img489_normal.jpg","following":false,"geo_enabled":false,"profile_banner_url":"https://pbs.twimg.com/profile_banners/90282879/1376689042","profile_background_image_url":"http://abs.twimg.com/images/themes/theme15/bg.png","name":"Matt McConico","lang":"en","profile_background_tile":false,"favourites_count":3402,"screen_name":"themcconicowire","notifications":false,"url":"http://t.co/OuIrVS4nNg","created_at":"Mon Nov 16 00:24:07 +0000 2009","contributors_enabled":false,"time_zone":"Pacific Time (US & Canada)","protected":false,"default_profile":false,"is_translator":false},"geo":null,"in_reply_to_user_id_str":"5402612","possibly_sensitive":false,"lang":"en","created_at":"Sun Dec 14 23:25:14 +0000 2014","in_reply_to_status_id_str":"544271743331078144","place":null},
{"contributors":null,"truncated":false,"text":"@BBCBreaking yes its ISIS - do keep up","in_reply_to_status_id":544271743331078144,"id":544271928694157313,"favorite_count":1,"source":"<a href=\"https://about.twitter.com/products/tweetdeck\" rel=\"nofollow\">TweetDeck</a>","retweeted":false,"coordinates":null,"entities":{"symbols":[],"user_mentions":[{"id":5402612,"indices":[0,12],"id_str":"5402612","screen_name":"BBCBreaking","name":"BBC Breaking News"}],"hashtags":[],"urls":[]},"in_reply_to_screen_name":"BBCBreaking","id_str":"544271928694157313","retweet_count":2,"in_reply_to_user_id":5402612,"favorited":false,"user":{"follow_request_sent":false,"profile_use_background_image":true,"profile_text_color":"333333","default_profile_image":false,"id":65403897,"profile_background_image_url_https":"https://abs.twimg.com/images/themes/theme1/bg.png","verified":false,"profile_location":null,"profile_image_url_https":"https://pbs.twimg.com/profile_images/553492982070923265/EU742qYX_normal.png","profile_sidebar_fill_color":"DDEEF6","entities":{"url":{"urls":[{"url":"http://t.co/XjvfVqGNpC","indices":[0,22],"expanded_url":"http://thepoliticodaily.blogspot.com/","display_url":"thepoliticodaily.blogspot.com"}]},"description":{"urls":[]}},"followers_count":1104,"profile_sidebar_border_color":"C0DEED","id_str":"65403897","profile_background_color":"C0DEED","listed_count":34,"is_translation_enabled":false,"utc_offset":0,"statuses_count":122372,"description":"Pro-european, Westminster watcher and writer of the political news blog the @Politico_Daily - news junkie & a Barnet FC fan too","friends_count":866,"location":"the UK","profile_link_color":"0084B4","profile_image_url":"http://pbs.twimg.com/profile_images/553492982070923265/EU742qYX_normal.png","following":false,"geo_enabled":false,"profile_banner_url":"https://pbs.twimg.com/profile_banners/65403897/1353327013","profile_background_image_url":"http://abs.twimg.com/images/themes/theme1/bg.png","name":"Iain","lang":"en","profile_background_tile":false,"favourites_count":29,"screen_name":"Iain_33","notifications":false,"url":"http://t.co/XjvfVqGNpC","created_at":"Thu Aug 13 16:36:30 +0000 2009","contributors_enabled":false,"time_zone":"London","protected":false,"default_profile":true,"is_translator":false},"geo":null,"in_reply_to_user_id_str":"5402612","lang":"en","created_at":"Sun Dec 14 23:25:14 +0000 2014","in_reply_to_status_id_str":"544271743331078144","place":null},
{"contributors":null,"truncated":false,"text":"@BBCBreaking Was the food really that bad then ???","in_reply_to_status_id":544271743331078144,"id":544272078757953536,"favorite_count":2,"source":"<a href=\"https://twitter.com/download/android\" rel=\"nofollow\">Twitter for Android Tablets</a>","retweeted":false,"coordinates":null,"entities":{"symbols":[],"user_mentions":[{"id":5402612,"indices":[0,12],"id_str":"5402612","screen_name":"BBCBreaking","name":"BBC Breaking News"}],"hashtags":[],"urls":[]},"in_reply_to_screen_name":"BBCBreaking","id_str":"544272078757953536","retweet_count":0,"in_reply_to_user_id":5402612,"favorited":false,"user":{"follow_request_sent":false,"profile_use_background_image":true,"profile_text_color":"333333","default_profile_image":false,"id":2256809998,"profile_background_image_url_https":"https://abs.twimg.com/images/themes/theme1/bg.png","verified":false,"profile_location":null,"profile_image_url_https":"https://pbs.twimg.com/profile_images/528318075691466753/NIs683mg_normal.png","profile_sidebar_fill_color":"DDEEF6","entities":{"description":{"urls":[]}},"followers_count":536,"profile_sidebar_border_color":"C0DEED","id_str":"2256809998","profile_background_color":"C0DEED","listed_count":2,"is_translation_enabled":false,"utc_offset":null,"statuses_count":3916,"description":"Telly addict Student of Fun & Travel with a bit of Happiness along the way. From Oxford","friends_count":1937,"location":"Oxfordshire","profile_link_color":"0084B4","profile_image_url":"http://pbs.twimg.com/profile_images/528318075691466753/NIs683mg_normal.png","following":false,"geo_enabled":true,"profile_banner_url":"https://pbs.twimg.com/profile_banners/2256809998/1417800204","profile_background_image_url":"http://abs.twimg.com/images/themes/theme1/bg.png","name":"Hannah Carty ","lang":"en","profile_background_tile":false,"favourites_count":5634,"screen_name":"HannahC19","notifications":false,"url":null,"created_at":"Wed Jan 01 19:40:15 +0000 2014","contributors_enabled":false,"time_zone":null,"protected":false,"default_profile":true,"is_translator":false},"geo":null,"in_reply_to_user_id_str":"5402612","lang":"en","created_at":"Sun Dec 14 23:25:50 +0000 2014","in_reply_to_status_id_str":"544271743331078144","place":null},
{"contributors":null,"truncated":false,"text":"@BBCBreaking Pulp Fiction? @ChloeBrenners","in_reply_to_status_id":544271743331078144,"id":544272326800736257,"favorite_count":0,"source":"<a href=\"http://twitter.com\" rel=\"nofollow\">Twitter Web Client</a>","retweeted":false,"coordinates":null,"entities":{"symbols":[],"user_mentions":[{"id":5402612,"indices":[0,12],"id_str":"5402612","screen_name":"BBCBreaking","name":"BBC Breaking News"},{"id":1112322350,"indices":[27,41],"id_str":"1112322350","screen_name":"ChloeBrenners","name":"Chloe."}],"hashtags":[],"urls":[]},"in_reply_to_screen_name":"BBCBreaking","id_str":"544272326800736257","retweet_count":0,"in_reply_to_user_id":5402612,"favorited":false,"user":{"follow_request_sent":false,"profile_use_background_image":true,"profile_text_color":"333333","default_profile_image":false,"id":2378935614,"profile_background_image_url_https":"https://pbs.twimg.com/profile_background_images/442334931063037952/sAkkQWB5.jpeg","verified":false,"profile_location":null,"profile_image_url_https":"https://pbs.twimg.com/profile_images/587401096961912833/MXIQnU2q_normal.jpg","profile_sidebar_fill_color":"DDEEF6","entities":{"description":{"urls":[]}},"followers_count":148,"profile_sidebar_border_color":"FFFFFF","id_str":"2378935614","profile_background_color":"BA98D1","listed_count":0,"is_translation_enabled":false,"utc_offset":0,"statuses_count":3235,"description":"Casey-Scarlett.","friends_count":126,"location":"Peterborough","profile_link_color":"000000","profile_image_url":"http://pbs.twimg.com/profile_images/587401096961912833/MXIQnU2q_normal.jpg","following":false,"geo_enabled":true,"profile_banner_url":"https://pbs.twimg.com/profile_banners/2378935614/1416182994","profile_background_image_url":"http://pbs.twimg.com/profile_background_images/442334931063037952/sAkkQWB5.jpeg","name":"money, power, glory","lang":"en","profile_background_tile":false,"favourites_count":2415,"screen_name":"_hauntxd","notifications":false,"url":null,"created_at":"Sat Mar 08 16:06:02 +0000 2014","contributors_enabled":false,"time_zone":"Casablanca","protected":false,"default_profile":false,"is_translator":false},"geo":null,"in_reply_to_user_id_str":"5402612","lang":"en","created_at":"Sun Dec 14 23:26:49 +0000 2014","in_reply_to_status_id_str":"544271743331078144","place":null},
{"contributors":null,"truncated":false,"text":"@BBCBreaking @BBCNews @LizBeefo 😥","in_reply_to_status_id":544271743331078144,"id":544272565196566528,"favorite_count":0,"source":"<a href=\"http://twitter.com/download/iphone\" rel=\"nofollow\">Twitter for iPhone</a>","retweeted":false,"coordinates":null,"entities":{"symbols":[],"user_mentions":[{"id":5402612,"indices":[0,12],"id_str":"5402612","screen_name":"BBCBreaking","name":"BBC Breaking News"},{"id":612473,"indices":[13,21],"id_str":"612473","screen_name":"BBCNews","name":"BBC News (UK)"},{"id":2448218247,"indices":[22,31],"id_str":"2448218247","screen_name":"LizBeefo","name":"Elizabeth Kean"}],"hashtags":[],"urls":[]},"in_reply_to_screen_name":"BBCBreaking","id_str":"544272565196566528","retweet_count":0,"in_reply_to_user_id":5402612,"favorited":false,"user":{"follow_request_sent":false,"profile_use_background_image":true,"profile_text_color":"333333","default_profile_image":false,"id":302253794,"profile_background_image_url_https":"https://abs.twimg.com/images/themes/theme1/bg.png","verified":false,"profile_location":null,"profile_image_url_https":"https://pbs.twimg.com/profile_images/584064365453828096/6S9AoD0T_normal.jpg","profile_sidebar_fill_color":"DDEEF6","entities":{"description":{"urls":[]}},"followers_count":381,"profile_sidebar_border_color":"C0DEED","id_str":"302253794","profile_background_color":"C0DEED","listed_count":1,"is_translation_enabled":false,"utc_offset":null,"statuses_count":2166,"description":"Mummy to Sebastian, wife to richard, baker of cakes","friends_count":110,"location":"lambourn ","profile_link_color":"0084B4","profile_image_url":"http://pbs.twimg.com/profile_images/584064365453828096/6S9AoD0T_normal.jpg","following":false,"geo_enabled":true,"profile_banner_url":"https://pbs.twimg.com/profile_banners/302253794/1418158036","profile_background_image_url":"http://abs.twimg.com/images/themes/theme1/bg.png","name":"ashleigh kingscote","lang":"en","profile_background_tile":false,"favourites_count":1038,"screen_name":"cake_tickler","notifications":false,"url":null,"created_at":"Fri May 20 21:37:25 +0000 2011","contributors_enabled":false,"time_zone":null,"protected":false,"default_profile":true,"is_translator":false},"geo":null,"in_reply_to_user_id_str":"5402612","lang":"und","created_at":"Sun Dec 14 23:27:46 +0000 2014","in_reply_to_status_id_str":"544271743331078144","place":null},
{"contributors":null,"truncated":false,"text":"“@BBCBreaking: Reports are coming in of a hostage situation at a cafe in the Australian city of Sydney http://t.co/kid4mTWQZc” @RdGaucha","in_reply_to_status_id":544271743331078144,"id":544272760198156288,"favorite_count":0,"source":"<a href=\"http://twitter.com/download/iphone\" rel=\"nofollow\">Twitter for iPhone</a>","retweeted":false,"coordinates":null,"entities":{"symbols":[],"user_mentions":[{"id":5402612,"indices":[1,13],"id_str":"5402612","screen_name":"BBCBreaking","name":"BBC Breaking News"},{"id":46409160,"indices":[127,136],"id_str":"46409160","screen_name":"RdGaucha","name":"Rádio Gaúcha"}],"hashtags":[],"urls":[{"url":"http://t.co/kid4mTWQZc","indices":[103,125],"expanded_url":"http://bbc.in/1uJKp4p","display_url":"bbc.in/1uJKp4p"}]},"in_reply_to_screen_name":"BBCBreaking","id_str":"544272760198156288","retweet_count":0,"in_reply_to_user_id":5402612,"favorited":false,"user":{"follow_request_sent":false,"profile_use_background_image":true,"profile_text_color":"333333","default_profile_image":false,"id":48155944,"profile_background_image_url_https":"https://pbs.twimg.com/profile_background_images/826114706/d500aedf934900c0610ce0f575e1ba97.jpeg","verified":false,"profile_location":null,"profile_image_url_https":"https://pbs.twimg.com/profile_images/501478372942168064/-TRWOxH6_normal.jpeg","profile_sidebar_fill_color":"DDFFCC","entities":{"url":{"urls":[{"url":"http://t.co/OyEJvnPYmy","indices":[0,22],"expanded_url":"http://guilhermejardim.blogspot.com/","display_url":"guilhermejardim.blogspot.com"}]},"description":{"urls":[]}},"followers_count":669,"profile_sidebar_border_color":"FFFFFF","id_str":"48155944","profile_background_color":"9AE4E8","listed_count":4,"is_translation_enabled":false,"utc_offset":-7200,"statuses_count":30109,"description":"I'm fan of race of cars...cycle...motorcycle...boats...","friends_count":1869,"location":"Porto Alegre, Brazil","profile_link_color":"0084B4","profile_image_url":"http://pbs.twimg.com/profile_images/501478372942168064/-TRWOxH6_normal.jpeg","following":false,"geo_enabled":true,"profile_banner_url":"https://pbs.twimg.com/profile_banners/48155944/1364397439","profile_background_image_url":"http://pbs.twimg.com/profile_background_images/826114706/d500aedf934900c0610ce0f575e1ba97.jpeg","name":"Guilherme Jardim","lang":"en","profile_background_tile":true,"favourites_count":2729,"screen_name":"gjardim","notifications":false,"url":"http://t.co/OyEJvnPYmy","created_at":"Wed Jun 17 23:11:14 +0000 2009","contributors_enabled":false,"time_zone":"Brasilia","protected":false,"default_profile":false,"is_translator":false},"geo":null,"in_reply_to_user_id_str":"5402612","possibly_sensitive":false,"lang":"en","created_at":"Sun Dec 14 23:28:32 +0000 2014","in_reply_to_status_id_str":"544271743331078144","place":null},
{"contributors":null,"truncated":false,"text":"@Iain_33 @BBCBreaking Was the food really that bad get the chef lol","in_reply_to_status_id":544271928694157313,"id":544272796336259073,"favorite_count":0,"source":"<a href=\"https://twitter.com/download/android\" rel=\"nofollow\">Twitter for Android Tablets</a>","retweeted":false,"coordinates":null,"entities":{"symbols":[],"user_mentions":[{"id":65403897,"indices":[0,8],"id_str":"65403897","screen_name":"Iain_33","name":"Iain"},{"id":5402612,"indices":[9,21],"id_str":"5402612","screen_name":"BBCBreaking","name":"BBC Breaking News"}],"hashtags":[],"urls":[]},"in_reply_to_screen_name":"Iain_33","id_str":"544272796336259073","retweet_count":0,"in_reply_to_user_id":65403897,"favorited":false,"user":{"follow_request_sent":false,"profile_use_background_image":true,"profile_text_color":"333333","default_profile_image":false,"id":2256809998,"profile_background_image_url_https":"https://abs.twimg.com/images/themes/theme1/bg.png","verified":false,"profile_location":null,"profile_image_url_https":"https://pbs.twimg.com/profile_images/528318075691466753/NIs683mg_normal.png","profile_sidebar_fill_color":"DDEEF6","entities":{"description":{"urls":[]}},"followers_count":536,"profile_sidebar_border_color":"C0DEED","id_str":"2256809998","profile_background_color":"C0DEED","listed_count":2,"is_translation_enabled":false,"utc_offset":null,"statuses_count":3916,"description":"Telly addict Student of Fun & Travel with a bit of Happiness along the way. From Oxford","friends_count":1937,"location":"Oxfordshire","profile_link_color":"0084B4","profile_image_url":"http://pbs.twimg.com/profile_images/528318075691466753/NIs683mg_normal.png","following":false,"geo_enabled":true,"profile_banner_url":"https://pbs.twimg.com/profile_banners/2256809998/1417800204","profile_background_image_url":"http://abs.twimg.com/images/themes/theme1/bg.png","name":"Hannah Carty ","lang":"en","profile_background_tile":false,"favourites_count":5634,"screen_name":"HannahC19","notifications":false,"url":null,"created_at":"Wed Jan 01 19:40:15 +0000 2014","contributors_enabled":false,"time_zone":null,"protected":false,"default_profile":true,"is_translator":false},"geo":null,"in_reply_to_user_id_str":"65403897","lang":"en","created_at":"Sun Dec 14 23:28:41 +0000 2014","in_reply_to_status_id_str":"544271928694157313","place":null},
{"contributors":null,"truncated":false,"text":"@cake_tickler @BBCBreaking @BBCNews which cafe??","in_reply_to_status_id":544272565196566528,"id":544273077308096512,"favorite_count":0,"source":"<a href=\"http://twitter.com/download/iphone\" rel=\"nofollow\">Twitter for iPhone</a>","retweeted":false,"coordinates":null,"entities":{"symbols":[],"user_mentions":[{"id":302253794,"indices":[0,13],"id_str":"302253794","screen_name":"cake_tickler","name":"ashleigh kingscote"},{"id":5402612,"indices":[14,26],"id_str":"5402612","screen_name":"BBCBreaking","name":"BBC Breaking News"},{"id":612473,"indices":[27,35],"id_str":"612473","screen_name":"BBCNews","name":"BBC News (UK)"}],"hashtags":[],"urls":[]},"in_reply_to_screen_name":"cake_tickler","id_str":"544273077308096512","retweet_count":0,"in_reply_to_user_id":302253794,"favorited":false,"user":{"follow_request_sent":false,"profile_use_background_image":true,"profile_text_color":"333333","default_profile_image":false,"id":2448218247,"profile_background_image_url_https":"https://abs.twimg.com/images/themes/theme1/bg.png","verified":false,"profile_location":null,"profile_image_url_https":"https://pbs.twimg.com/profile_images/450717792392990721/YNHdPLmQ_normal.jpeg","profile_sidebar_fill_color":"DDEEF6","entities":{"url":{"urls":[{"url":"http://t.co/eRyxZiXX75","indices":[0,22],"expanded_url":"http://www.offexploring.com/travel-addict-beefo","display_url":"offexploring.com/travel-addict-…"}]},"description":{"urls":[]}},"followers_count":36,"profile_sidebar_border_color":"C0DEED","id_str":"2448218247","profile_background_color":"C0DEED","listed_count":0,"is_translation_enabled":false,"utc_offset":null,"statuses_count":341,"description":"","friends_count":80,"location":"london ","profile_link_color":"0084B4","profile_image_url":"http://pbs.twimg.com/profile_images/450717792392990721/YNHdPLmQ_normal.jpeg","following":false,"geo_enabled":false,"profile_banner_url":"https://pbs.twimg.com/profile_banners/2448218247/1412257711","profile_background_image_url":"http://abs.twimg.com/images/themes/theme1/bg.png","name":"Elizabeth Kean","lang":"en","profile_background_tile":false,"favourites_count":142,"screen_name":"LizBeefo","notifications":false,"url":"http://t.co/eRyxZiXX75","created_at":"Sun Mar 30 22:18:49 +0000 2014","contributors_enabled":false,"time_zone":null,"protected":false,"default_profile":true,"is_translator":false},"geo":null,"in_reply_to_user_id_str":"302253794","lang":"en","created_at":"Sun Dec 14 23:29:48 +0000 2014","in_reply_to_status_id_str":"544272565196566528","place":null},
{"contributors":null,"truncated":false,"text":"@HannahC19 @BBCBreaking lol, jokes aside there is a fully armed police force surrounding the building","in_reply_to_status_id":544272796336259073,"id":544273301796048896,"favorite_count":1,"source":"<a href=\"https://about.twitter.com/products/tweetdeck\" rel=\"nofollow\">TweetDeck</a>","retweeted":false,"coordinates":null,"entities":{"symbols":[],"user_mentions":[{"id":2256809998,"indices":[0,10],"id_str":"2256809998","screen_name":"HannahC19","name":"Hannah Carty "},{"id":5402612,"indices":[11,23],"id_str":"5402612","screen_name":"BBCBreaking","name":"BBC Breaking News"}],"hashtags":[],"urls":[]},"in_reply_to_screen_name":"HannahC19","id_str":"544273301796048896","retweet_count":0,"in_reply_to_user_id":2256809998,"favorited":false,"user":{"follow_request_sent":false,"profile_use_background_image":true,"profile_text_color":"333333","default_profile_image":false,"id":65403897,"profile_background_image_url_https":"https://abs.twimg.com/images/themes/theme1/bg.png","verified":false,"profile_location":null,"profile_image_url_https":"https://pbs.twimg.com/profile_images/553492982070923265/EU742qYX_normal.png","profile_sidebar_fill_color":"DDEEF6","entities":{"url":{"urls":[{"url":"http://t.co/XjvfVqGNpC","indices":[0,22],"expanded_url":"http://thepoliticodaily.blogspot.com/","display_url":"thepoliticodaily.blogspot.com"}]},"description":{"urls":[]}},"followers_count":1104,"profile_sidebar_border_color":"C0DEED","id_str":"65403897","profile_background_color":"C0DEED","listed_count":34,"is_translation_enabled":false,"utc_offset":0,"statuses_count":122372,"description":"Pro-european, Westminster watcher and writer of the political news blog the @Politico_Daily - news junkie & a Barnet FC fan too","friends_count":866,"location":"the UK","profile_link_color":"0084B4","profile_image_url":"http://pbs.twimg.com/profile_images/553492982070923265/EU742qYX_normal.png","following":false,"geo_enabled":false,"profile_banner_url":"https://pbs.twimg.com/profile_banners/65403897/1353327013","profile_background_image_url":"http://abs.twimg.com/images/themes/theme1/bg.png","name":"Iain","lang":"en","profile_background_tile":false,"favourites_count":29,"screen_name":"Iain_33","notifications":false,"url":"http://t.co/XjvfVqGNpC","created_at":"Thu Aug 13 16:36:30 +0000 2009","contributors_enabled":false,"time_zone":"London","protected":false,"default_profile":true,"is_translator":false},"geo":null,"in_reply_to_user_id_str":"2256809998","lang":"en","created_at":"Sun Dec 14 23:30:41 +0000 2014","in_reply_to_status_id_str":"544272796336259073","place":null},
{"contributors":null,"truncated":false,"text":"@Iain_33 @BBCBreaking Yes true jokes aside hope all gets sorted peacefully send in the C.I.A","in_reply_to_status_id":544273301796048896,"id":544273777149087745,"favorite_count":0,"source":"<a href=\"https://twitter.com/download/android\" rel=\"nofollow\">Twitter for Android Tablets</a>","retweeted":false,"coordinates":null,"entities":{"symbols":[],"user_mentions":[{"id":65403897,"indices":[0,8],"id_str":"65403897","screen_name":"Iain_33","name":"Iain"},{"id":5402612,"indices":[9,21],"id_str":"5402612","screen_name":"BBCBreaking","name":"BBC Breaking News"}],"hashtags":[],"urls":[]},"in_reply_to_screen_name":"Iain_33","id_str":"544273777149087745","retweet_count":0,"in_reply_to_user_id":65403897,"favorited":false,"user":{"follow_request_sent":false,"profile_use_background_image":true,"profile_text_color":"333333","default_profile_image":false,"id":2256809998,"profile_background_image_url_https":"https://abs.twimg.com/images/themes/theme1/bg.png","verified":false,"profile_location":null,"profile_image_url_https":"https://pbs.twimg.com/profile_images/528318075691466753/NIs683mg_normal.png","profile_sidebar_fill_color":"DDEEF6","entities":{"description":{"urls":[]}},"followers_count":536,"profile_sidebar_border_color":"C0DEED","id_str":"2256809998","profile_background_color":"C0DEED","listed_count":2,"is_translation_enabled":false,"utc_offset":null,"statuses_count":3916,"description":"Telly addict Student of Fun & Travel with a bit of Happiness along the way. From Oxford","friends_count":1937,"location":"Oxfordshire","profile_link_color":"0084B4","profile_image_url":"http://pbs.twimg.com/profile_images/528318075691466753/NIs683mg_normal.png","following":false,"geo_enabled":true,"profile_banner_url":"https://pbs.twimg.com/profile_banners/2256809998/1417800204","profile_background_image_url":"http://abs.twimg.com/images/themes/theme1/bg.png","name":"Hannah Carty ","lang":"en","profile_background_tile":false,"favourites_count":5634,"screen_name":"HannahC19","notifications":false,"url":null,"created_at":"Wed Jan 01 19:40:15 +0000 2014","contributors_enabled":false,"time_zone":null,"protected":false,"default_profile":true,"is_translator":false},"geo":null,"in_reply_to_user_id_str":"65403897","lang":"en","created_at":"Sun Dec 14 23:32:35 +0000 2014","in_reply_to_status_id_str":"544273301796048896","place":null},
{"contributors":null,"truncated":false,"text":"@_hauntxd @BBCBreaking Good God... Hopefully there's a Jules Winnifeild type character there to save them all 😢","in_reply_to_status_id":544272326800736257,"id":544274150437953536,"favorite_count":1,"source":"<a href=\"http://twitter.com/download/iphone\" rel=\"nofollow\">Twitter for iPhone</a>","retweeted":false,"coordinates":null,"entities":{"symbols":[],"user_mentions":[{"id":2378935614,"indices":[0,9],"id_str":"2378935614","screen_name":"_hauntxd","name":"money, power, glory"},{"id":5402612,"indices":[10,22],"id_str":"5402612","screen_name":"BBCBreaking","name":"BBC Breaking News"}],"hashtags":[],"urls":[]},"in_reply_to_screen_name":"_hauntxd","id_str":"544274150437953536","retweet_count":2,"in_reply_to_user_id":2378935614,"favorited":false,"user":{"follow_request_sent":false,"profile_use_background_image":true,"profile_text_color":"333333","default_profile_image":false,"id":1112322350,"profile_background_image_url_https":"https://abs.twimg.com/images/themes/theme1/bg.png","verified":false,"profile_location":null,"profile_image_url_https":"https://pbs.twimg.com/profile_images/427979150218244096/nkcxeOc0_normal.jpeg","profile_sidebar_fill_color":"DDEEF6","entities":{"description":{"urls":[]}},"followers_count":127,"profile_sidebar_border_color":"C0DEED","id_str":"1112322350","profile_background_color":"C0DEED","listed_count":0,"is_translation_enabled":false,"utc_offset":null,"statuses_count":1143,"description":"","friends_count":321,"location":"Peterborough.","profile_link_color":"0084B4","profile_image_url":"http://pbs.twimg.com/profile_images/427979150218244096/nkcxeOc0_normal.jpeg","following":false,"geo_enabled":false,"profile_banner_url":"https://pbs.twimg.com/profile_banners/1112322350/1386118391","profile_background_image_url":"http://abs.twimg.com/images/themes/theme1/bg.png","name":"Chloe.","lang":"en","profile_background_tile":false,"favourites_count":1389,"screen_name":"ChloeBrenners","notifications":false,"url":null,"created_at":"Tue Jan 22 18:43:11 +0000 2013","contributors_enabled":false,"time_zone":null,"protected":false,"default_profile":true,"is_translator":false},"geo":null,"in_reply_to_user_id_str":"2378935614","lang":"en","created_at":"Sun Dec 14 23:34:04 +0000 2014","in_reply_to_status_id_str":"544272326800736257","place":null},
{"contributors":null,"truncated":false,"text":"@LizBeefo @BBCBreaking @BBCNews don't know :( please don't go out today!","in_reply_to_status_id":544273077308096512,"id":544274291286884352,"favorite_count":0,"source":"<a href=\"http://twitter.com/download/iphone\" rel=\"nofollow\">Twitter for iPhone</a>","retweeted":false,"coordinates":null,"entities":{"symbols":[],"user_mentions":[{"id":2448218247,"indices":[0,9],"id_str":"2448218247","screen_name":"LizBeefo","name":"Elizabeth Kean"},{"id":5402612,"indices":[10,22],"id_str":"5402612","screen_name":"BBCBreaking","name":"BBC Breaking News"},{"id":612473,"indices":[23,31],"id_str":"612473","screen_name":"BBCNews","name":"BBC News (UK)"}],"hashtags":[],"urls":[]},"in_reply_to_screen_name":"LizBeefo","id_str":"544274291286884352","retweet_count":0,"in_reply_to_user_id":2448218247,"favorited":false,"user":{"follow_request_sent":false,"profile_use_background_image":true,"profile_text_color":"333333","default_profile_image":false,"id":302253794,"profile_background_image_url_https":"https://abs.twimg.com/images/themes/theme1/bg.png","verified":false,"profile_location":null,"profile_image_url_https":"https://pbs.twimg.com/profile_images/584064365453828096/6S9AoD0T_normal.jpg","profile_sidebar_fill_color":"DDEEF6","entities":{"description":{"urls":[]}},"followers_count":381,"profile_sidebar_border_color":"C0DEED","id_str":"302253794","profile_background_color":"C0DEED","listed_count":1,"is_translation_enabled":false,"utc_offset":null,"statuses_count":2166,"description":"Mummy to Sebastian, wife to richard, baker of cakes","friends_count":110,"location":"lambourn ","profile_link_color":"0084B4","profile_image_url":"http://pbs.twimg.com/profile_images/584064365453828096/6S9AoD0T_normal.jpg","following":false,"geo_enabled":true,"profile_banner_url":"https://pbs.twimg.com/profile_banners/302253794/1418158036","profile_background_image_url":"http://abs.twimg.com/images/themes/theme1/bg.png","name":"ashleigh kingscote","lang":"en","profile_background_tile":false,"favourites_count":1038,"screen_name":"cake_tickler","notifications":false,"url":null,"created_at":"Fri May 20 21:37:25 +0000 2011","contributors_enabled":false,"time_zone":null,"protected":false,"default_profile":true,"is_translator":false},"geo":null,"in_reply_to_user_id_str":"2448218247","lang":"en","created_at":"Sun Dec 14 23:34:37 +0000 2014","in_reply_to_status_id_str":"544273077308096512","place":null},
{"contributors":null,"truncated":false,"text":"@_hauntxd @BBCBreaking **Winnfield","in_reply_to_status_id":544274150437953536,"id":544274520044220416,"favorite_count":0,"source":"<a href=\"http://twitter.com/download/iphone\" rel=\"nofollow\">Twitter for iPhone</a>","retweeted":false,"coordinates":null,"entities":{"symbols":[],"user_mentions":[{"id":2378935614,"indices":[0,9],"id_str":"2378935614","screen_name":"_hauntxd","name":"money, power, glory"},{"id":5402612,"indices":[10,22],"id_str":"5402612","screen_name":"BBCBreaking","name":"BBC Breaking News"}],"hashtags":[],"urls":[]},"in_reply_to_screen_name":"ChloeBrenners","id_str":"544274520044220416","retweet_count":0,"in_reply_to_user_id":1112322350,"favorited":false,"user":{"follow_request_sent":false,"profile_use_background_image":true,"profile_text_color":"333333","default_profile_image":false,"id":1112322350,"profile_background_image_url_https":"https://abs.twimg.com/images/themes/theme1/bg.png","verified":false,"profile_location":null,"profile_image_url_https":"https://pbs.twimg.com/profile_images/427979150218244096/nkcxeOc0_normal.jpeg","profile_sidebar_fill_color":"DDEEF6","entities":{"description":{"urls":[]}},"followers_count":127,"profile_sidebar_border_color":"C0DEED","id_str":"1112322350","profile_background_color":"C0DEED","listed_count":0,"is_translation_enabled":false,"utc_offset":null,"statuses_count":1143,"description":"","friends_count":321,"location":"Peterborough.","profile_link_color":"0084B4","profile_image_url":"http://pbs.twimg.com/profile_images/427979150218244096/nkcxeOc0_normal.jpeg","following":false,"geo_enabled":false,"profile_banner_url":"https://pbs.twimg.com/profile_banners/1112322350/1386118391","profile_background_image_url":"http://abs.twimg.com/images/themes/theme1/bg.png","name":"Chloe.","lang":"en","profile_background_tile":false,"favourites_count":1389,"screen_name":"ChloeBrenners","notifications":false,"url":null,"created_at":"Tue Jan 22 18:43:11 +0000 2013","contributors_enabled":false,"time_zone":null,"protected":false,"default_profile":true,"is_translator":false},"geo":null,"in_reply_to_user_id_str":"1112322350","lang":"no","created_at":"Sun Dec 14 23:35:32 +0000 2014","in_reply_to_status_id_str":"544274150437953536","place":null},
{"contributors":null,"truncated":false,"text":"Really bbc??!You couldn't translate the 'Arabic writing'?' \"@BBCBreaking: Reports are coming in of a hostage situation at a cafe in Sydney\"","in_reply_to_status_id":544271743331078144,"id":544275218404225024,"favorite_count":0,"source":"<a href=\"http://twitter.com/download/iphone\" rel=\"nofollow\">Twitter for iPhone</a>","retweeted":false,"coordinates":null,"entities":{"symbols":[],"user_mentions":[{"id":5402612,"indices":[60,72],"id_str":"5402612","screen_name":"BBCBreaking","name":"BBC Breaking News"}],"hashtags":[],"urls":[]},"in_reply_to_screen_name":"BBCBreaking","id_str":"544275218404225024","retweet_count":1,"in_reply_to_user_id":5402612,"favorited":false,"user":{"follow_request_sent":false,"profile_use_background_image":true,"profile_text_color":"080808","default_profile_image":false,"id":24056462,"profile_background_image_url_https":"https://pbs.twimg.com/profile_background_images/196886271/P1000831a.jpg","verified":false,"profile_location":null,"profile_image_url_https":"https://pbs.twimg.com/profile_images/587019867276103680/31sjMwqQ_normal.jpg","profile_sidebar_fill_color":"2FE0B4","entities":{"url":{"urls":[{"url":"http://t.co/hxm3rR7KjX","indices":[0,22],"expanded_url":"http://www.myspace.com/g2uk","display_url":"myspace.com/g2uk"}]},"description":{"urls":[]}},"followers_count":845,"profile_sidebar_border_color":"050505","id_str":"24056462","profile_background_color":"45E8E0","listed_count":17,"is_translation_enabled":false,"utc_offset":3600,"statuses_count":9113,"description":"My life: gastronomy, my Hawaiian ladies (hens+cats), drum&bass, sport, travel, cheese, running, rollerderby, hawaii, wine sundays, muddy boots, gin!!","friends_count":818,"location":"Epsom Downs / London ","profile_link_color":"00B371","profile_image_url":"http://pbs.twimg.com/profile_images/587019867276103680/31sjMwqQ_normal.jpg","following":false,"geo_enabled":false,"profile_background_image_url":"http://pbs.twimg.com/profile_background_images/196886271/P1000831a.jpg","name":"Nel Mel","lang":"en","profile_background_tile":false,"favourites_count":1251,"screen_name":"NelMels","notifications":false,"url":"http://t.co/hxm3rR7KjX","created_at":"Thu Mar 12 22:36:53 +0000 2009","contributors_enabled":false,"time_zone":"Amsterdam","protected":false,"default_profile":false,"is_translator":false},"geo":null,"in_reply_to_user_id_str":"5402612","lang":"en","created_at":"Sun Dec 14 23:38:18 +0000 2014","in_reply_to_status_id_str":"544271743331078144","place":null},
{"contributors":null,"truncated":false,"text":"@HannahC19 @BBCBreaking Great timing for humour.","in_reply_to_status_id":544272078757953536,"id":544275818785280000,"favorite_count":0,"source":"<a href=\"http://twitter.com/download/iphone\" rel=\"nofollow\">Twitter for iPhone</a>","retweeted":false,"coordinates":null,"entities":{"symbols":[],"user_mentions":[{"id":2256809998,"indices":[0,10],"id_str":"2256809998","screen_name":"HannahC19","name":"Hannah Carty "},{"id":5402612,"indices":[11,23],"id_str":"5402612","screen_name":"BBCBreaking","name":"BBC Breaking News"}],"hashtags":[],"urls":[]},"in_reply_to_screen_name":"HannahC19","id_str":"544275818785280000","retweet_count":0,"in_reply_to_user_id":2256809998,"favorited":false,"user":{"follow_request_sent":false,"profile_use_background_image":true,"profile_text_color":"333333","default_profile_image":false,"id":193114114,"profile_background_image_url_https":"https://abs.twimg.com/images/themes/theme15/bg.png","verified":false,"profile_location":null,"profile_image_url_https":"https://pbs.twimg.com/profile_images/571433092042362881/kYhKYLQG_normal.jpeg","profile_sidebar_fill_color":"C0DFEC","entities":{"description":{"urls":[]}},"followers_count":80,"profile_sidebar_border_color":"A8C7F7","id_str":"193114114","profile_background_color":"022330","listed_count":0,"is_translation_enabled":false,"utc_offset":-18000,"statuses_count":4913,"description":"Socialist with a concept of reality. Hamiltonian by choice. Proud dad and granddad. I've got the Best wife in world. Soccer bests hockey - everyday.","friends_count":82,"location":"Hamilton, Ontario. Canada","profile_link_color":"0084B4","profile_image_url":"http://pbs.twimg.com/profile_images/571433092042362881/kYhKYLQG_normal.jpeg","following":false,"geo_enabled":true,"profile_banner_url":"https://pbs.twimg.com/profile_banners/193114114/1415725780","profile_background_image_url":"http://abs.twimg.com/images/themes/theme15/bg.png","name":"Arnold deVries","lang":"en","profile_background_tile":false,"favourites_count":381,"screen_name":"bigkeeper13","notifications":false,"url":null,"created_at":"Tue Sep 21 00:35:34 +0000 2010","contributors_enabled":false,"time_zone":"Quito","protected":false,"default_profile":false,"is_translator":false},"geo":null,"in_reply_to_user_id_str":"2256809998","lang":"en","created_at":"Sun Dec 14 23:40:42 +0000 2014","in_reply_to_status_id_str":"544272078757953536","place":null},
{"contributors":null,"truncated":false,"text":"“@BBCBreaking: Reports are coming in of a hostage situation at a cafe in the Australian city of Sydney http://t.co/iLnr6BDaGo”","in_reply_to_status_id":544271743331078144,"id":544276378150256640,"favorite_count":4,"source":"<a href=\"http://twitter.com/download/iphone\" rel=\"nofollow\">Twitter for iPhone</a>","retweeted":false,"coordinates":null,"entities":{"symbols":[],"user_mentions":[{"id":5402612,"indices":[1,13],"id_str":"5402612","screen_name":"BBCBreaking","name":"BBC Breaking News"}],"hashtags":[],"urls":[{"url":"http://t.co/iLnr6BDaGo","indices":[103,125],"expanded_url":"http://bbc.in/1uJKp4p","display_url":"bbc.in/1uJKp4p"}]},"in_reply_to_screen_name":"BBCBreaking","id_str":"544276378150256640","retweet_count":0,"in_reply_to_user_id":5402612,"favorited":false,"user":{"follow_request_sent":false,"profile_use_background_image":true,"profile_text_color":"666666","default_profile_image":false,"id":47746339,"profile_background_image_url_https":"https://abs.twimg.com/images/themes/theme9/bg.gif","verified":false,"profile_location":null,"profile_image_url_https":"https://pbs.twimg.com/profile_images/1550469622/neg_normal.jpg","profile_sidebar_fill_color":"252429","entities":{"url":{"urls":[{"url":"https://t.co/I3PIGx42sw","indices":[0,23],"expanded_url":"https://www.facebook.com/NEGINSHIRAGHA?fref=ts","display_url":"facebook.com/NEGINSHIRAGHA?…"}]},"description":{"urls":[]}},"followers_count":24281,"profile_sidebar_border_color":"181A1E","id_str":"47746339","profile_background_color":"1A1B1F","listed_count":110,"is_translation_enabled":false,"utc_offset":0,"statuses_count":1352,"description":"BBC Persian Reporter, views are mine not BBC's","friends_count":295,"location":"London","profile_link_color":"2FC2EF","profile_image_url":"http://pbs.twimg.com/profile_images/1550469622/neg_normal.jpg","following":false,"geo_enabled":false,"profile_banner_url":"https://pbs.twimg.com/profile_banners/47746339/1348660763","profile_background_image_url":"http://abs.twimg.com/images/themes/theme9/bg.gif","name":"negin shiraghaei","lang":"en","profile_background_tile":false,"favourites_count":142,"screen_name":"neginsh","notifications":false,"url":"https://t.co/I3PIGx42sw","created_at":"Tue Jun 16 21:50:56 +0000 2009","contributors_enabled":false,"time_zone":"London","protected":false,"default_profile":false,"is_translator":false},"geo":null,"in_reply_to_user_id_str":"5402612","possibly_sensitive":false,"lang":"en","created_at":"Sun Dec 14 23:42:55 +0000 2014","in_reply_to_status_id_str":"544271743331078144","place":null},
{"contributors":null,"truncated":false,"text":"@BBCBreaking Sounds like responsible coverage. Any word on the odds of it ending in a fatality?","in_reply_to_status_id":544271743331078144,"id":544277097536290817,"favorite_count":0,"source":"<a href=\"http://www.twitter.com\" rel=\"nofollow\">Twitter for Windows Phone</a>","retweeted":false,"coordinates":null,"entities":{"symbols":[],"user_mentions":[{"id":5402612,"indices":[0,12],"id_str":"5402612","screen_name":"BBCBreaking","name":"BBC Breaking News"}],"hashtags":[],"urls":[]},"in_reply_to_screen_name":"BBCBreaking","id_str":"544277097536290817","retweet_count":0,"in_reply_to_user_id":5402612,"favorited":false,"user":{"follow_request_sent":false,"profile_use_background_image":true,"profile_text_color":"634047","default_profile_image":false,"id":15189196,"profile_background_image_url_https":"https://abs.twimg.com/images/themes/theme3/bg.gif","verified":false,"profile_location":null,"profile_image_url_https":"https://pbs.twimg.com/profile_images/509073637794938881/TVPr12Xj_normal.jpeg","profile_sidebar_fill_color":"E3E2DE","entities":{"description":{"urls":[]}},"followers_count":500,"profile_sidebar_border_color":"D3D2CF","id_str":"15189196","profile_background_color":"EDECE9","listed_count":12,"is_translation_enabled":false,"utc_offset":0,"statuses_count":30650,"description":"This is awkward","friends_count":345,"location":"Worcestershire, UK","profile_link_color":"088253","profile_image_url":"http://pbs.twimg.com/profile_images/509073637794938881/TVPr12Xj_normal.jpeg","following":false,"geo_enabled":false,"profile_background_image_url":"http://abs.twimg.com/images/themes/theme3/bg.gif","name":"Damien Healy","lang":"en-gb","profile_background_tile":false,"favourites_count":20981,"screen_name":"damienhealy","notifications":false,"url":null,"created_at":"Sat Jun 21 11:54:00 +0000 2008","contributors_enabled":false,"time_zone":"London","protected":false,"default_profile":false,"is_translator":false},"geo":null,"in_reply_to_user_id_str":"5402612","lang":"en","created_at":"Sun Dec 14 23:45:46 +0000 2014","in_reply_to_status_id_str":"544271743331078144","place":null},
{"contributors":null,"truncated":false,"text":"@LizBeefo @cake_tickler @BBCBreaking @BBCNews Lindt cafe in Martin Place","in_reply_to_status_id":544273077308096512,"id":544281151422996480,"favorite_count":1,"source":"<a href=\"http://twitter.com/download/iphone\" rel=\"nofollow\">Twitter for iPhone</a>","retweeted":false,"coordinates":null,"entities":{"symbols":[],"user_mentions":[{"id":2448218247,"indices":[0,9],"id_str":"2448218247","screen_name":"LizBeefo","name":"Elizabeth Kean"},{"id":302253794,"indices":[10,23],"id_str":"302253794","screen_name":"cake_tickler","name":"ashleigh kingscote"},{"id":5402612,"indices":[24,36],"id_str":"5402612","screen_name":"BBCBreaking","name":"BBC Breaking News"},{"id":612473,"indices":[37,45],"id_str":"612473","screen_name":"BBCNews","name":"BBC News (UK)"}],"hashtags":[],"urls":[]},"in_reply_to_screen_name":"LizBeefo","id_str":"544281151422996480","retweet_count":0,"in_reply_to_user_id":2448218247,"favorited":false,"user":{"follow_request_sent":false,"profile_use_background_image":true,"profile_text_color":"333333","default_profile_image":false,"id":2638177484,"profile_background_image_url_https":"https://abs.twimg.com/images/themes/theme1/bg.png","verified":false,"profile_location":null,"profile_image_url_https":"https://pbs.twimg.com/profile_images/544801145516859393/865Q9CEA_normal.jpeg","profile_sidebar_fill_color":"DDEEF6","entities":{"description":{"urls":[]}},"followers_count":4,"profile_sidebar_border_color":"C0DEED","id_str":"2638177484","profile_background_color":"C0DEED","listed_count":0,"is_translation_enabled":false,"utc_offset":null,"statuses_count":36,"description":"","friends_count":76,"location":"","profile_link_color":"0084B4","profile_image_url":"http://pbs.twimg.com/profile_images/544801145516859393/865Q9CEA_normal.jpeg","following":false,"geo_enabled":false,"profile_banner_url":"https://pbs.twimg.com/profile_banners/2638177484/1405271579","profile_background_image_url":"http://abs.twimg.com/images/themes/theme1/bg.png","name":"steph","lang":"en","profile_background_tile":false,"favourites_count":123,"screen_name":"hyggeligt_","notifications":false,"url":null,"created_at":"Sun Jul 13 17:03:00 +0000 2014","contributors_enabled":false,"time_zone":null,"protected":false,"default_profile":true,"is_translator":false},"geo":null,"in_reply_to_user_id_str":"2448218247","lang":"en","created_at":"Mon Dec 15 00:01:53 +0000 2014","in_reply_to_status_id_str":"544273077308096512","place":null},
{"contributors":null,"truncated":false,"text":"@bigkeeper13 @BBCBreaking if we all just smile maybe just maybe we can have a more peaceful world -  never cry or fear","in_reply_to_status_id":544275818785280000,"id":544286126476103680,"favorite_count":0,"source":"<a href=\"https://twitter.com/download/android\" rel=\"nofollow\">Twitter for Android Tablets</a>","retweeted":false,"coordinates":null,"entities":{"symbols":[],"user_mentions":[{"id":193114114,"indices":[0,12],"id_str":"193114114","screen_name":"bigkeeper13","name":"Arnold deVries"},{"id":5402612,"indices":[13,25],"id_str":"5402612","screen_name":"BBCBreaking","name":"BBC Breaking News"}],"hashtags":[],"urls":[]},"in_reply_to_screen_name":"bigkeeper13","id_str":"544286126476103680","retweet_count":0,"in_reply_to_user_id":193114114,"favorited":false,"user":{"follow_request_sent":false,"profile_use_background_image":true,"profile_text_color":"333333","default_profile_image":false,"id":2256809998,"profile_background_image_url_https":"https://abs.twimg.com/images/themes/theme1/bg.png","verified":false,"profile_location":null,"profile_image_url_https":"https://pbs.twimg.com/profile_images/528318075691466753/NIs683mg_normal.png","profile_sidebar_fill_color":"DDEEF6","entities":{"description":{"urls":[]}},"followers_count":538,"profile_sidebar_border_color":"C0DEED","id_str":"2256809998","profile_background_color":"C0DEED","listed_count":2,"is_translation_enabled":false,"utc_offset":null,"statuses_count":3950,"description":"Telly addict Student of Fun & Travel with a bit of Happiness along the way. From Oxford","friends_count":1941,"location":"Oxfordshire","profile_link_color":"0084B4","profile_image_url":"http://pbs.twimg.com/profile_images/528318075691466753/NIs683mg_normal.png","following":false,"geo_enabled":true,"profile_banner_url":"https://pbs.twimg.com/profile_banners/2256809998/1417800204","profile_background_image_url":"http://abs.twimg.com/images/themes/theme1/bg.png","name":"Hannah Carty ","lang":"en","profile_background_tile":false,"favourites_count":5690,"screen_name":"HannahC19","notifications":false,"url":null,"created_at":"Wed Jan 01 19:40:15 +0000 2014","contributors_enabled":false,"time_zone":null,"protected":false,"default_profile":true,"is_translator":false},"geo":null,"in_reply_to_user_id_str":"193114114","lang":"en","created_at":"Mon Dec 15 00:21:39 +0000 2014","in_reply_to_status_id_str":"544275818785280000","place":null},
{"contributors":null,"truncated":false,"text":"@HannahC19  fair enough. Fair point. Still think it may be too soon but your view at least tells me your not one of those tools sans feeling","in_reply_to_status_id":544286126476103680,"id":544286888019128320,"favorite_count":1,"source":"<a href=\"http://twitter.com/download/iphone\" rel=\"nofollow\">Twitter for iPhone</a>","retweeted":false,"coordinates":null,"entities":{"symbols":[],"user_mentions":[{"id":2256809998,"indices":[0,10],"id_str":"2256809998","screen_name":"HannahC19","name":"Hannah Carty "}],"hashtags":[],"urls":[]},"in_reply_to_screen_name":"HannahC19","id_str":"544286888019128320","retweet_count":0,"in_reply_to_user_id":2256809998,"favorited":false,"user":{"follow_request_sent":false,"profile_use_background_image":true,"profile_text_color":"333333","default_profile_image":false,"id":193114114,"profile_background_image_url_https":"https://abs.twimg.com/images/themes/theme15/bg.png","verified":false,"profile_location":null,"profile_image_url_https":"https://pbs.twimg.com/profile_images/571433092042362881/kYhKYLQG_normal.jpeg","profile_sidebar_fill_color":"C0DFEC","entities":{"description":{"urls":[]}},"followers_count":80,"profile_sidebar_border_color":"A8C7F7","id_str":"193114114","profile_background_color":"022330","listed_count":0,"is_translation_enabled":false,"utc_offset":-18000,"statuses_count":4915,"description":"Socialist with a concept of reality. Hamiltonian by choice. Proud dad and granddad. I've got the Best wife in world. Soccer bests hockey - everyday.","friends_count":82,"location":"Hamilton, Ontario. Canada","profile_link_color":"0084B4","profile_image_url":"http://pbs.twimg.com/profile_images/571433092042362881/kYhKYLQG_normal.jpeg","following":false,"geo_enabled":true,"profile_banner_url":"https://pbs.twimg.com/profile_banners/193114114/1415725780","profile_background_image_url":"http://abs.twimg.com/images/themes/theme15/bg.png","name":"Arnold deVries","lang":"en","profile_background_tile":false,"favourites_count":381,"screen_name":"bigkeeper13","notifications":false,"url":null,"created_at":"Tue Sep 21 00:35:34 +0000 2010","contributors_enabled":false,"time_zone":"Quito","protected":false,"default_profile":false,"is_translator":false},"geo":null,"in_reply_to_user_id_str":"2256809998","lang":"en","created_at":"Mon Dec 15 00:24:41 +0000 2014","in_reply_to_status_id_str":"544286126476103680","place":null},
{"contributors":null,"truncated":false,"text":"@bigkeeper13 @BBCBreaking Watching news with my Dad we hope all gets sorted we joke to help us deal with things that's all no harm meant","in_reply_to_status_id":544286126476103680,"id":544288547730362368,"favorite_count":0,"source":"<a href=\"https://twitter.com/download/android\" rel=\"nofollow\">Twitter for Android Tablets</a>","retweeted":false,"coordinates":null,"entities":{"symbols":[],"user_mentions":[{"id":193114114,"indices":[0,12],"id_str":"193114114","screen_name":"bigkeeper13","name":"Arnold deVries"},{"id":5402612,"indices":[13,25],"id_str":"5402612","screen_name":"BBCBreaking","name":"BBC Breaking News"}],"hashtags":[],"urls":[]},"in_reply_to_screen_name":"HannahC19","id_str":"544288547730362368","retweet_count":0,"in_reply_to_user_id":2256809998,"favorited":false,"user":{"follow_request_sent":false,"profile_use_background_image":true,"profile_text_color":"333333","default_profile_image":false,"id":2256809998,"profile_background_image_url_https":"https://abs.twimg.com/images/themes/theme1/bg.png","verified":false,"profile_location":null,"profile_image_url_https":"https://pbs.twimg.com/profile_images/528318075691466753/NIs683mg_normal.png","profile_sidebar_fill_color":"DDEEF6","entities":{"description":{"urls":[]}},"followers_count":538,"profile_sidebar_border_color":"C0DEED","id_str":"2256809998","profile_background_color":"C0DEED","listed_count":2,"is_translation_enabled":false,"utc_offset":null,"statuses_count":3950,"description":"Telly addict Student of Fun & Travel with a bit of Happiness along the way. From Oxford","friends_count":1941,"location":"Oxfordshire","profile_link_color":"0084B4","profile_image_url":"http://pbs.twimg.com/profile_images/528318075691466753/NIs683mg_normal.png","following":false,"geo_enabled":true,"profile_banner_url":"https://pbs.twimg.com/profile_banners/2256809998/1417800204","profile_background_image_url":"http://abs.twimg.com/images/themes/theme1/bg.png","name":"Hannah Carty ","lang":"en","profile_background_tile":false,"favourites_count":5690,"screen_name":"HannahC19","notifications":false,"url":null,"created_at":"Wed Jan 01 19:40:15 +0000 2014","contributors_enabled":false,"time_zone":null,"protected":false,"default_profile":true,"is_translator":false},"geo":null,"in_reply_to_user_id_str":"2256809998","lang":"en","created_at":"Mon Dec 15 00:31:16 +0000 2014","in_reply_to_status_id_str":"544286126476103680","place":null},
{"contributors":null,"truncated":false,"text":"@HannahC19  yup. Get it. Glad you clarified it. And humour is omnipresent with me.","in_reply_to_status_id":544288547730362368,"id":544288944335380480,"favorite_count":1,"source":"<a href=\"http://twitter.com/download/iphone\" rel=\"nofollow\">Twitter for iPhone</a>","retweeted":false,"coordinates":null,"entities":{"symbols":[],"user_mentions":[{"id":2256809998,"indices":[0,10],"id_str":"2256809998","screen_name":"HannahC19","name":"Hannah Carty "}],"hashtags":[],"urls":[]},"in_reply_to_screen_name":"HannahC19","id_str":"544288944335380480","retweet_count":0,"in_reply_to_user_id":2256809998,"favorited":false,"user":{"follow_request_sent":false,"profile_use_background_image":true,"profile_text_color":"333333","default_profile_image":false,"id":193114114,"profile_background_image_url_https":"https://abs.twimg.com/images/themes/theme15/bg.png","verified":false,"profile_location":null,"profile_image_url_https":"https://pbs.twimg.com/profile_images/571433092042362881/kYhKYLQG_normal.jpeg","profile_sidebar_fill_color":"C0DFEC","entities":{"description":{"urls":[]}},"followers_count":80,"profile_sidebar_border_color":"A8C7F7","id_str":"193114114","profile_background_color":"022330","listed_count":0,"is_translation_enabled":false,"utc_offset":-18000,"statuses_count":4915,"description":"Socialist with a concept of reality. Hamiltonian by choice. Proud dad and granddad. I've got the Best wife in world. Soccer bests hockey - everyday.","friends_count":82,"location":"Hamilton, Ontario. Canada","profile_link_color":"0084B4","profile_image_url":"http://pbs.twimg.com/profile_images/571433092042362881/kYhKYLQG_normal.jpeg","following":false,"geo_enabled":true,"profile_banner_url":"https://pbs.twimg.com/profile_banners/193114114/1415725780","profile_background_image_url":"http://abs.twimg.com/images/themes/theme15/bg.png","name":"Arnold deVries","lang":"en","profile_background_tile":false,"favourites_count":381,"screen_name":"bigkeeper13","notifications":false,"url":null,"created_at":"Tue Sep 21 00:35:34 +0000 2010","contributors_enabled":false,"time_zone":"Quito","protected":false,"default_profile":false,"is_translator":false},"geo":null,"in_reply_to_user_id_str":"2256809998","lang":"en","created_at":"Mon Dec 15 00:32:51 +0000 2014","in_reply_to_status_id_str":"544288547730362368","place":null},
{"contributors":null,"truncated":false,"text":"@bigkeeper13 @BBCBreaking My Dad just said on Xmas day the Germans and English played a football match truce match","in_reply_to_status_id":544288547730362368,"id":544289822119321601,"favorite_count":0,"source":"<a href=\"https://twitter.com/download/android\" rel=\"nofollow\">Twitter for Android Tablets</a>","retweeted":false,"coordinates":null,"entities":{"symbols":[],"user_mentions":[{"id":193114114,"indices":[0,12],"id_str":"193114114","screen_name":"bigkeeper13","name":"Arnold deVries"},{"id":5402612,"indices":[13,25],"id_str":"5402612","screen_name":"BBCBreaking","name":"BBC Breaking News"}],"hashtags":[],"urls":[]},"in_reply_to_screen_name":"HannahC19","id_str":"544289822119321601","retweet_count":0,"in_reply_to_user_id":2256809998,"favorited":false,"user":{"follow_request_sent":false,"profile_use_background_image":true,"profile_text_color":"333333","default_profile_image":false,"id":2256809998,"profile_background_image_url_https":"https://abs.twimg.com/images/themes/theme1/bg.png","verified":false,"profile_location":null,"profile_image_url_https":"https://pbs.twimg.com/profile_images/528318075691466753/NIs683mg_normal.png","profile_sidebar_fill_color":"DDEEF6","entities":{"description":{"urls":[]}},"followers_count":538,"profile_sidebar_border_color":"C0DEED","id_str":"2256809998","profile_background_color":"C0DEED","listed_count":2,"is_translation_enabled":false,"utc_offset":null,"statuses_count":3950,"description":"Telly addict Student of Fun & Travel with a bit of Happiness along the way. From Oxford","friends_count":1941,"location":"Oxfordshire","profile_link_color":"0084B4","profile_image_url":"http://pbs.twimg.com/profile_images/528318075691466753/NIs683mg_normal.png","following":false,"geo_enabled":true,"profile_banner_url":"https://pbs.twimg.com/profile_banners/2256809998/1417800204","profile_background_image_url":"http://abs.twimg.com/images/themes/theme1/bg.png","name":"Hannah Carty ","lang":"en","profile_background_tile":false,"favourites_count":5690,"screen_name":"HannahC19","notifications":false,"url":null,"created_at":"Wed Jan 01 19:40:15 +0000 2014","contributors_enabled":false,"time_zone":null,"protected":false,"default_profile":true,"is_translator":false},"geo":null,"in_reply_to_user_id_str":"2256809998","lang":"en","created_at":"Mon Dec 15 00:36:20 +0000 2014","in_reply_to_status_id_str":"544288547730362368","place":null},
{"contributors":null,"truncated":false,"text":"@HannahC19 @BBCBreaking Saw some story last week that they're making a monument to that event. Spirt and humour can be great unifiers.","in_reply_to_status_id":544289822119321601,"id":544290675643387904,"favorite_count":1,"source":"<a href=\"http://twitter.com/download/iphone\" rel=\"nofollow\">Twitter for iPhone</a>","retweeted":false,"coordinates":null,"entities":{"symbols":[],"user_mentions":[{"id":2256809998,"indices":[0,10],"id_str":"2256809998","screen_name":"HannahC19","name":"Hannah Carty "},{"id":5402612,"indices":[11,23],"id_str":"5402612","screen_name":"BBCBreaking","name":"BBC Breaking News"}],"hashtags":[],"urls":[]},"in_reply_to_screen_name":"HannahC19","id_str":"544290675643387904","retweet_count":0,"in_reply_to_user_id":2256809998,"favorited":false,"user":{"follow_request_sent":false,"profile_use_background_image":true,"profile_text_color":"333333","default_profile_image":false,"id":193114114,"profile_background_image_url_https":"https://abs.twimg.com/images/themes/theme15/bg.png","verified":false,"profile_location":null,"profile_image_url_https":"https://pbs.twimg.com/profile_images/571433092042362881/kYhKYLQG_normal.jpeg","profile_sidebar_fill_color":"C0DFEC","entities":{"description":{"urls":[]}},"followers_count":80,"profile_sidebar_border_color":"A8C7F7","id_str":"193114114","profile_background_color":"022330","listed_count":0,"is_translation_enabled":false,"utc_offset":-18000,"statuses_count":4915,"description":"Socialist with a concept of reality. Hamiltonian by choice. Proud dad and granddad. I've got the Best wife in world. Soccer bests hockey - everyday.","friends_count":82,"location":"Hamilton, Ontario. Canada","profile_link_color":"0084B4","profile_image_url":"http://pbs.twimg.com/profile_images/571433092042362881/kYhKYLQG_normal.jpeg","following":false,"geo_enabled":true,"profile_banner_url":"https://pbs.twimg.com/profile_banners/193114114/1415725780","profile_background_image_url":"http://abs.twimg.com/images/themes/theme15/bg.png","name":"Arnold deVries","lang":"en","profile_background_tile":false,"favourites_count":381,"screen_name":"bigkeeper13","notifications":false,"url":null,"created_at":"Tue Sep 21 00:35:34 +0000 2010","contributors_enabled":false,"time_zone":"Quito","protected":false,"default_profile":false,"is_translator":false},"geo":null,"in_reply_to_user_id_str":"2256809998","lang":"en","created_at":"Mon Dec 15 00:39:44 +0000 2014","in_reply_to_status_id_str":"544289822119321601","place":null},
{"contributors":null,"truncated":false,"text":"@bigkeeper13 @BBCBreaking one day yes just one day my friend peace  http://t.co/ehopwPXmSm","in_reply_to_status_id":544289822119321601,"id":544290832476807168,"favorite_count":0,"source":"<a href=\"https://twitter.com/download/android\" rel=\"nofollow\">Twitter for Android Tablets</a>","retweeted":false,"coordinates":null,"entities":{"symbols":[],"user_mentions":[{"id":193114114,"indices":[0,12],"id_str":"193114114","screen_name":"bigkeeper13","name":"Arnold deVries"},{"id":5402612,"indices":[13,25],"id_str":"5402612","screen_name":"BBCBreaking","name":"BBC Breaking News"}],"hashtags":[],"urls":[{"url":"http://t.co/ehopwPXmSm","indices":[68,90],"expanded_url":"http://www.walesonline.co.uk/news/local-news/welsh-german-soldiers-recreate-christmas-8285082","display_url":"walesonline.co.uk/news/local-new…"}]},"in_reply_to_screen_name":"HannahC19","id_str":"544290832476807168","retweet_count":0,"in_reply_to_user_id":2256809998,"favorited":false,"user":{"follow_request_sent":false,"profile_use_background_image":true,"profile_text_color":"333333","default_profile_image":false,"id":2256809998,"profile_background_image_url_https":"https://abs.twimg.com/images/themes/theme1/bg.png","verified":false,"profile_location":null,"profile_image_url_https":"https://pbs.twimg.com/profile_images/528318075691466753/NIs683mg_normal.png","profile_sidebar_fill_color":"DDEEF6","entities":{"description":{"urls":[]}},"followers_count":538,"profile_sidebar_border_color":"C0DEED","id_str":"2256809998","profile_background_color":"C0DEED","listed_count":2,"is_translation_enabled":false,"utc_offset":null,"statuses_count":3950,"description":"Telly addict Student of Fun & Travel with a bit of Happiness along the way. From Oxford","friends_count":1941,"location":"Oxfordshire","profile_link_color":"0084B4","profile_image_url":"http://pbs.twimg.com/profile_images/528318075691466753/NIs683mg_normal.png","following":false,"geo_enabled":true,"profile_banner_url":"https://pbs.twimg.com/profile_banners/2256809998/1417800204","profile_background_image_url":"http://abs.twimg.com/images/themes/theme1/bg.png","name":"Hannah Carty ","lang":"en","profile_background_tile":false,"favourites_count":5690,"screen_name":"HannahC19","notifications":false,"url":null,"created_at":"Wed Jan 01 19:40:15 +0000 2014","contributors_enabled":false,"time_zone":null,"protected":false,"default_profile":true,"is_translator":false},"geo":null,"in_reply_to_user_id_str":"2256809998","possibly_sensitive":false,"lang":"en","created_at":"Mon Dec 15 00:40:21 +0000 2014","in_reply_to_status_id_str":"544289822119321601","place":null},
{"contributors":null,"truncated":false,"text":"@damienhealy @BBCBreaking Hey man, it's ISIS. What happened to their other hostages. I can't help but fear the worst. Just keep hope I guess","in_reply_to_status_id":544277097536290817,"id":544293043260899328,"favorite_count":0,"source":"<a href=\"http://twitter.com/download/iphone\" rel=\"nofollow\">Twitter for iPhone</a>","retweeted":false,"coordinates":null,"entities":{"symbols":[],"user_mentions":[{"id":15189196,"indices":[0,12],"id_str":"15189196","screen_name":"damienhealy","name":"Damien Healy"},{"id":5402612,"indices":[13,25],"id_str":"5402612","screen_name":"BBCBreaking","name":"BBC Breaking News"}],"hashtags":[],"urls":[]},"in_reply_to_screen_name":"damienhealy","id_str":"544293043260899328","retweet_count":0,"in_reply_to_user_id":15189196,"favorited":false,"user":{"follow_request_sent":false,"profile_use_background_image":true,"profile_text_color":"333333","default_profile_image":false,"id":1472778894,"profile_background_image_url_https":"https://abs.twimg.com/images/themes/theme14/bg.gif","verified":false,"profile_location":null,"profile_image_url_https":"https://pbs.twimg.com/profile_images/586168554749349891/fDrVzE4c_normal.jpg","profile_sidebar_fill_color":"EFEFEF","entities":{"url":{"urls":[{"url":"http://t.co/qUOwblfLz0","indices":[0,22],"expanded_url":"http://www.youtube.com/ItsPointlessYT","display_url":"youtube.com/ItsPointlessYT"}]},"description":{"urls":[]}},"followers_count":92,"profile_sidebar_border_color":"EEEEEE","id_str":"1472778894","profile_background_color":"131516","listed_count":1,"is_translation_enabled":false,"utc_offset":3600,"statuses_count":2045,"description":"So, I like to speak Italian and learn other languages. I also like to play games and make videos on youtube *~*. Enjoy. \nOh, I'm also a Grammar Nazi.","friends_count":173,"location":"District 12","profile_link_color":"009999","profile_image_url":"http://pbs.twimg.com/profile_images/586168554749349891/fDrVzE4c_normal.jpg","following":false,"geo_enabled":false,"profile_banner_url":"https://pbs.twimg.com/profile_banners/1472778894/1417876104","profile_background_image_url":"http://abs.twimg.com/images/themes/theme14/bg.gif","name":"P o i n t y","lang":"en","profile_background_tile":true,"favourites_count":948,"screen_name":"PointlessPHD","notifications":false,"url":"http://t.co/qUOwblfLz0","created_at":"Fri May 31 18:33:38 +0000 2013","contributors_enabled":false,"time_zone":"Amsterdam","protected":false,"default_profile":false,"is_translator":false},"geo":null,"in_reply_to_user_id_str":"15189196","lang":"en","created_at":"Mon Dec 15 00:49:08 +0000 2014","in_reply_to_status_id_str":"544277097536290817","place":null},
{"contributors":null,"truncated":false,"text":"@PointlessPHD @BBCBreaking Not an ISIS flag, must be another group of loveable Fascists.","in_reply_to_status_id":544293043260899328,"id":544294299874365440,"favorite_count":0,"source":"<a href=\"http://www.twitter.com\" rel=\"nofollow\">Twitter for Windows Phone</a>","retweeted":false,"coordinates":null,"entities":{"symbols":[],"user_mentions":[{"id":1472778894,"indices":[0,13],"id_str":"1472778894","screen_name":"PointlessPHD","name":"P o i n t y"},{"id":5402612,"indices":[14,26],"id_str":"5402612","screen_name":"BBCBreaking","name":"BBC Breaking News"}],"hashtags":[],"urls":[]},"in_reply_to_screen_name":"PointlessPHD","id_str":"544294299874365440","retweet_count":0,"in_reply_to_user_id":1472778894,"favorited":false,"user":{"follow_request_sent":false,"profile_use_background_image":true,"profile_text_color":"634047","default_profile_image":false,"id":15189196,"profile_background_image_url_https":"https://abs.twimg.com/images/themes/theme3/bg.gif","verified":false,"profile_location":null,"profile_image_url_https":"https://pbs.twimg.com/profile_images/509073637794938881/TVPr12Xj_normal.jpeg","profile_sidebar_fill_color":"E3E2DE","entities":{"description":{"urls":[]}},"followers_count":500,"profile_sidebar_border_color":"D3D2CF","id_str":"15189196","profile_background_color":"EDECE9","listed_count":12,"is_translation_enabled":false,"utc_offset":0,"statuses_count":30671,"description":"This is awkward","friends_count":348,"location":"Worcestershire, UK","profile_link_color":"088253","profile_image_url":"http://pbs.twimg.com/profile_images/509073637794938881/TVPr12Xj_normal.jpeg","following":false,"geo_enabled":false,"profile_background_image_url":"http://abs.twimg.com/images/themes/theme3/bg.gif","name":"Damien Healy","lang":"en-gb","profile_background_tile":false,"favourites_count":21033,"screen_name":"damienhealy","notifications":false,"url":null,"created_at":"Sat Jun 21 11:54:00 +0000 2008","contributors_enabled":false,"time_zone":"London","protected":false,"default_profile":false,"is_translator":false},"geo":null,"in_reply_to_user_id_str":"1472778894","lang":"en","created_at":"Mon Dec 15 00:54:08 +0000 2014","in_reply_to_status_id_str":"544293043260899328","place":null},
{"contributors":null,"truncated":false,"text":"@damienhealy @BBCBreaking Oh right. I just pray there will be no casualties.","in_reply_to_status_id":544294299874365440,"id":544294491411460099,"favorite_count":0,"source":"<a href=\"http://twitter.com/download/iphone\" rel=\"nofollow\">Twitter for iPhone</a>","retweeted":false,"coordinates":null,"entities":{"symbols":[],"user_mentions":[{"id":15189196,"indices":[0,12],"id_str":"15189196","screen_name":"damienhealy","name":"Damien Healy"},{"id":5402612,"indices":[13,25],"id_str":"5402612","screen_name":"BBCBreaking","name":"BBC Breaking News"}],"hashtags":[],"urls":[]},"in_reply_to_screen_name":"damienhealy","id_str":"544294491411460099","retweet_count":0,"in_reply_to_user_id":15189196,"favorited":false,"user":{"follow_request_sent":false,"profile_use_background_image":true,"profile_text_color":"333333","default_profile_image":false,"id":1472778894,"profile_background_image_url_https":"https://abs.twimg.com/images/themes/theme14/bg.gif","verified":false,"profile_location":null,"profile_image_url_https":"https://pbs.twimg.com/profile_images/586168554749349891/fDrVzE4c_normal.jpg","profile_sidebar_fill_color":"EFEFEF","entities":{"url":{"urls":[{"url":"http://t.co/qUOwblfLz0","indices":[0,22],"expanded_url":"http://www.youtube.com/ItsPointlessYT","display_url":"youtube.com/ItsPointlessYT"}]},"description":{"urls":[]}},"followers_count":92,"profile_sidebar_border_color":"EEEEEE","id_str":"1472778894","profile_background_color":"131516","listed_count":1,"is_translation_enabled":false,"utc_offset":3600,"statuses_count":2045,"description":"So, I like to speak Italian and learn other languages. I also like to play games and make videos on youtube *~*. Enjoy. \nOh, I'm also a Grammar Nazi.","friends_count":173,"location":"District 12","profile_link_color":"009999","profile_image_url":"http://pbs.twimg.com/profile_images/586168554749349891/fDrVzE4c_normal.jpg","following":false,"geo_enabled":false,"profile_banner_url":"https://pbs.twimg.com/profile_banners/1472778894/1417876104","profile_background_image_url":"http://abs.twimg.com/images/themes/theme14/bg.gif","name":"P o i n t y","lang":"en","profile_background_tile":true,"favourites_count":948,"screen_name":"PointlessPHD","notifications":false,"url":"http://t.co/qUOwblfLz0","created_at":"Fri May 31 18:33:38 +0000 2013","contributors_enabled":false,"time_zone":"Amsterdam","protected":false,"default_profile":false,"is_translator":false},"geo":null,"in_reply_to_user_id_str":"15189196","lang":"en","created_at":"Mon Dec 15 00:54:53 +0000 2014","in_reply_to_status_id_str":"544294299874365440","place":null},
{"contributors":null,"truncated":false,"text":"@PointlessPHD @BBCBreaking I'll know who to blame then if it ends badly.","in_reply_to_status_id":544294491411460099,"id":544295282713055232,"favorite_count":1,"source":"<a href=\"http://www.twitter.com\" rel=\"nofollow\">Twitter for Windows Phone</a>","retweeted":false,"coordinates":null,"entities":{"symbols":[],"user_mentions":[{"id":1472778894,"indices":[0,13],"id_str":"1472778894","screen_name":"PointlessPHD","name":"P o i n t y"},{"id":5402612,"indices":[14,26],"id_str":"5402612","screen_name":"BBCBreaking","name":"BBC Breaking News"}],"hashtags":[],"urls":[]},"in_reply_to_screen_name":"PointlessPHD","id_str":"544295282713055232","retweet_count":0,"in_reply_to_user_id":1472778894,"favorited":false,"user":{"follow_request_sent":false,"profile_use_background_image":true,"profile_text_color":"634047","default_profile_image":false,"id":15189196,"profile_background_image_url_https":"https://abs.twimg.com/images/themes/theme3/bg.gif","verified":false,"profile_location":null,"profile_image_url_https":"https://pbs.twimg.com/profile_images/509073637794938881/TVPr12Xj_normal.jpeg","profile_sidebar_fill_color":"E3E2DE","entities":{"description":{"urls":[]}},"followers_count":500,"profile_sidebar_border_color":"D3D2CF","id_str":"15189196","profile_background_color":"EDECE9","listed_count":12,"is_translation_enabled":false,"utc_offset":0,"statuses_count":30671,"description":"This is awkward","friends_count":348,"location":"Worcestershire, UK","profile_link_color":"088253","profile_image_url":"http://pbs.twimg.com/profile_images/509073637794938881/TVPr12Xj_normal.jpeg","following":false,"geo_enabled":false,"profile_background_image_url":"http://abs.twimg.com/images/themes/theme3/bg.gif","name":"Damien Healy","lang":"en-gb","profile_background_tile":false,"favourites_count":21033,"screen_name":"damienhealy","notifications":false,"url":null,"created_at":"Sat Jun 21 11:54:00 +0000 2008","contributors_enabled":false,"time_zone":"London","protected":false,"default_profile":false,"is_translator":false},"geo":null,"in_reply_to_user_id_str":"1472778894","lang":"en","created_at":"Mon Dec 15 00:58:02 +0000 2014","in_reply_to_status_id_str":"544294491411460099","place":null},
{"contributors":null,"truncated":false,"text":"@damienhealy @BBCBreaking Yup. And all of this is in the name of religion.","in_reply_to_status_id":544295282713055232,"id":544295817264529408,"favorite_count":0,"source":"<a href=\"http://twitter.com/#!/download/ipad\" rel=\"nofollow\">Twitter for iPad</a>","retweeted":false,"coordinates":null,"entities":{"symbols":[],"user_mentions":[{"id":15189196,"indices":[0,12],"id_str":"15189196","screen_name":"damienhealy","name":"Damien Healy"},{"id":5402612,"indices":[13,25],"id_str":"5402612","screen_name":"BBCBreaking","name":"BBC Breaking News"}],"hashtags":[],"urls":[]},"in_reply_to_screen_name":"damienhealy","id_str":"544295817264529408","retweet_count":0,"in_reply_to_user_id":15189196,"favorited":false,"user":{"follow_request_sent":false,"profile_use_background_image":true,"profile_text_color":"333333","default_profile_image":false,"id":1472778894,"profile_background_image_url_https":"https://abs.twimg.com/images/themes/theme14/bg.gif","verified":false,"profile_location":null,"profile_image_url_https":"https://pbs.twimg.com/profile_images/586168554749349891/fDrVzE4c_normal.jpg","profile_sidebar_fill_color":"EFEFEF","entities":{"url":{"urls":[{"url":"http://t.co/qUOwblfLz0","indices":[0,22],"expanded_url":"http://www.youtube.com/ItsPointlessYT","display_url":"youtube.com/ItsPointlessYT"}]},"description":{"urls":[]}},"followers_count":92,"profile_sidebar_border_color":"EEEEEE","id_str":"1472778894","profile_background_color":"131516","listed_count":1,"is_translation_enabled":false,"utc_offset":3600,"statuses_count":2045,"description":"So, I like to speak Italian and learn other languages. I also like to play games and make videos on youtube *~*. Enjoy. \nOh, I'm also a Grammar Nazi.","friends_count":173,"location":"District 12","profile_link_color":"009999","profile_image_url":"http://pbs.twimg.com/profile_images/586168554749349891/fDrVzE4c_normal.jpg","following":false,"geo_enabled":false,"profile_banner_url":"https://pbs.twimg.com/profile_banners/1472778894/1417876104","profile_background_image_url":"http://abs.twimg.com/images/themes/theme14/bg.gif","name":"P o i n t y","lang":"en","profile_background_tile":true,"favourites_count":948,"screen_name":"PointlessPHD","notifications":false,"url":"http://t.co/qUOwblfLz0","created_at":"Fri May 31 18:33:38 +0000 2013","contributors_enabled":false,"time_zone":"Amsterdam","protected":false,"default_profile":false,"is_translator":false},"geo":null,"in_reply_to_user_id_str":"15189196","lang":"en","created_at":"Mon Dec 15 01:00:10 +0000 2014","in_reply_to_status_id_str":"544295282713055232","place":null},
{"contributors":null,"truncated":false,"text":"@bigkeeper13 @BBCBreaking Why take over a chocolate factory/care ?","in_reply_to_status_id":544290675643387904,"id":544304846720217088,"favorite_count":0,"source":"<a href=\"https://twitter.com/download/android\" rel=\"nofollow\">Twitter for Android Tablets</a>","retweeted":false,"coordinates":null,"entities":{"symbols":[],"user_mentions":[{"id":193114114,"indices":[0,12],"id_str":"193114114","screen_name":"bigkeeper13","name":"Arnold deVries"},{"id":5402612,"indices":[13,25],"id_str":"5402612","screen_name":"BBCBreaking","name":"BBC Breaking News"}],"hashtags":[],"urls":[]},"in_reply_to_screen_name":"bigkeeper13","id_str":"544304846720217088","retweet_count":0,"in_reply_to_user_id":193114114,"favorited":false,"user":{"follow_request_sent":false,"profile_use_background_image":true,"profile_text_color":"333333","default_profile_image":false,"id":2256809998,"profile_background_image_url_https":"https://abs.twimg.com/images/themes/theme1/bg.png","verified":false,"profile_location":null,"profile_image_url_https":"https://pbs.twimg.com/profile_images/528318075691466753/NIs683mg_normal.png","profile_sidebar_fill_color":"DDEEF6","entities":{"description":{"urls":[]}},"followers_count":538,"profile_sidebar_border_color":"C0DEED","id_str":"2256809998","profile_background_color":"C0DEED","listed_count":2,"is_translation_enabled":false,"utc_offset":null,"statuses_count":3950,"description":"Telly addict Student of Fun & Travel with a bit of Happiness along the way. From Oxford","friends_count":1941,"location":"Oxfordshire","profile_link_color":"0084B4","profile_image_url":"http://pbs.twimg.com/profile_images/528318075691466753/NIs683mg_normal.png","following":false,"geo_enabled":true,"profile_banner_url":"https://pbs.twimg.com/profile_banners/2256809998/1417800204","profile_background_image_url":"http://abs.twimg.com/images/themes/theme1/bg.png","name":"Hannah Carty ","lang":"en","profile_background_tile":false,"favourites_count":5690,"screen_name":"HannahC19","notifications":false,"url":null,"created_at":"Wed Jan 01 19:40:15 +0000 2014","contributors_enabled":false,"time_zone":null,"protected":false,"default_profile":true,"is_translator":false},"geo":null,"in_reply_to_user_id_str":"193114114","lang":"en","created_at":"Mon Dec 15 01:36:02 +0000 2014","in_reply_to_status_id_str":"544290675643387904","place":null},
{"contributors":null,"truncated":false,"text":"@bigkeeper13 @BBCBreaking @bigkeeper13 @BBCBreaking Why take over a chocolate factory/cafe ?????","in_reply_to_status_id":544290675643387904,"id":544304979746766848,"favorite_count":0,"source":"<a href=\"https://twitter.com/download/android\" rel=\"nofollow\">Twitter for Android Tablets</a>","retweeted":false,"coordinates":null,"entities":{"symbols":[],"user_mentions":[{"id":193114114,"indices":[0,12],"id_str":"193114114","screen_name":"bigkeeper13","name":"Arnold deVries"},{"id":5402612,"indices":[13,25],"id_str":"5402612","screen_name":"BBCBreaking","name":"BBC Breaking News"},{"id":193114114,"indices":[26,38],"id_str":"193114114","screen_name":"bigkeeper13","name":"Arnold deVries"},{"id":5402612,"indices":[39,51],"id_str":"5402612","screen_name":"BBCBreaking","name":"BBC Breaking News"}],"hashtags":[],"urls":[]},"in_reply_to_screen_name":"bigkeeper13","id_str":"544304979746766848","retweet_count":0,"in_reply_to_user_id":193114114,"favorited":false,"user":{"follow_request_sent":false,"profile_use_background_image":true,"profile_text_color":"333333","default_profile_image":false,"id":2256809998,"profile_background_image_url_https":"https://abs.twimg.com/images/themes/theme1/bg.png","verified":false,"profile_location":null,"profile_image_url_https":"https://pbs.twimg.com/profile_images/528318075691466753/NIs683mg_normal.png","profile_sidebar_fill_color":"DDEEF6","entities":{"description":{"urls":[]}},"followers_count":538,"profile_sidebar_border_color":"C0DEED","id_str":"2256809998","profile_background_color":"C0DEED","listed_count":2,"is_translation_enabled":false,"utc_offset":null,"statuses_count":3950,"description":"Telly addict Student of Fun & Travel with a bit of Happiness along the way. From Oxford","friends_count":1941,"location":"Oxfordshire","profile_link_color":"0084B4","profile_image_url":"http://pbs.twimg.com/profile_images/528318075691466753/NIs683mg_normal.png","following":false,"geo_enabled":true,"profile_banner_url":"https://pbs.twimg.com/profile_banners/2256809998/1417800204","profile_background_image_url":"http://abs.twimg.com/images/themes/theme1/bg.png","name":"Hannah Carty ","lang":"en","profile_background_tile":false,"favourites_count":5690,"screen_name":"HannahC19","notifications":false,"url":null,"created_at":"Wed Jan 01 19:40:15 +0000 2014","contributors_enabled":false,"time_zone":null,"protected":false,"default_profile":true,"is_translator":false},"geo":null,"in_reply_to_user_id_str":"193114114","lang":"en","created_at":"Mon Dec 15 01:36:34 +0000 2014","in_reply_to_status_id_str":"544290675643387904","place":null}
]