[{"contributors":null,"truncated":false,"text":"“@9NewsSyd: UPDATE: Reports the Sydney Opera House has also been evacuated. #9News” OMG","in_reply_to_status_id":544280873806610433,"id":544281064772882433,"favorite_count":0,"source":"<a href=\"http://twitter.com/#!/download/ipad\" rel=\"nofollow\">Twitter for iPad</a>","retweeted":false,"coordinates":null,"entities":{"symbols":[],"user_mentions":[{"id":171802941,"indices":[1,10],"id_str":"171802941","screen_name":"9NewsSyd","name":"Nine News Sydney"}],"hashtags":[{"indices":[76,82],"text":"9News"}],"urls":[]},"in_reply_to_screen_name":"9NewsSyd","id_str":"544281064772882433","retweet_count":0,"in_reply_to_user_id":171802941,"favorited":false,"user":{"follow_request_sent":false,"profile_use_background_image":false,"profile_text_color":"333333","default_profile_image":false,"id":1347165090,"profile_background_image_url_https":"https://pbs.twimg.com/profile_background_images/378800000170099228/dvzO-Tbh.jpeg","verified":false,"profile_location":null,"profile_image_url_https":"https://pbs.twimg.com/profile_images/582113190718242816/KModOlWz_normal.jpg","profile_sidebar_fill_color":"F6F6F6","entities":{"description":{"urls":[]}},"followers_count":76,"profile_sidebar_border_color":"000000","id_str":"1347165090","profile_background_color":"1A1B1F","listed_count":2,"is_translation_enabled":false,"utc_offset":39600,"statuses_count":2024,"description":"Hi, I'm Carly & I generally have no idea what I'm doing but I like stuff so lets see what happens. ✌❤","friends_count":186,"location":"Australia ","profile_link_color":"4D4A4F","profile_image_url":"http://pbs.twimg.com/profile_images/582113190718242816/KModOlWz_normal.jpg","following":false,"geo_enabled":false,"profile_banner_url":"https://pbs.twimg.com/profile_banners/1347165090/1399284787","profile_background_image_url":"http://pbs.twimg.com/profile_background_images/378800000170099228/dvzO-Tbh.jpeg","name":"Carly","lang":"en","profile_background_tile":false,"favourites_count":128,"screen_name":"carlylou_","notifications":false,"url":null,"created_at":"Fri Apr 12 16:14:28 +0000 2013","contributors_enabled":false,"time_zone":"Sydney","protected":false,"default_profile":false,"is_translator":false},"geo":null,"in_reply_to_user_id_str":"171802941","lang":"en","created_at":"Mon Dec 15 00:01:32 +0000 2014","in_reply_to_status_id_str":"544280873806610433","place":null},
{"contributors":null,"truncated":false,"text":"@9NewsSyd @lizibrown oh no!!","in_reply_to_status_id":544280873806610433,"id":544281535239966721,"favorite_count":0,"source":"<a href=\"http://twitter.com/download/iphone\" rel=\"nofollow\">Twitter for iPhone</a>","retweeted":false,"coordinates":null,"entities":{"symbols":[],"user_mentions":[{"id":171802941,"indices":[0,9],"id_str":"171802941","screen_name":"9NewsSyd","name":"Nine News Sydney"},{"id":92884184,"indices":[10,20],"id_str":"92884184","screen_name":"lizibrown","name":"Elizabeth Brown"}],"hashtags":[],"urls":[]},"in_reply_to_screen_name":"9NewsSyd","id_str":"544281535239966721","retweet_count":0,"in_reply_to_user_id":171802941,"favorited":false,"user":{"follow_request_sent":false,"profile_use_background_image":true,"profile_text_color":"362720","default_profile_image":false,"id":546303962,"profile_background_image_url_https":"https://pbs.twimg.com/profile_background_images/755332833/076226a2a65e3bed3721ed34f337dcd4.jpeg","verified":false,"profile_location":null,"profile_image_url_https":"https://pbs.twimg.com/profile_images/585499819545915393/ihzXyei7_normal.jpg","profile_sidebar_fill_color":"E5507E","entities":{"description":{"urls":[]}},"followers_count":487,"profile_sidebar_border_color":"FFFFFF","id_str":"546303962","profile_background_color":"FF6699","listed_count":8,"is_translation_enabled":false,"utc_offset":-21600,"statuses_count":17605,"description":"I LOVE TO READ! Addicted to Twilight, Robert Pattinson, cool TV shows/movies, turtles, and supporting my Ironman friends!","friends_count":556,"location":"WI","profile_link_color":"B40B43","profile_image_url":"http://pbs.twimg.com/profile_images/585499819545915393/ihzXyei7_normal.jpg","following":false,"geo_enabled":true,"profile_banner_url":"https://pbs.twimg.com/profile_banners/546303962/1418598388","profile_background_image_url":"http://pbs.twimg.com/profile_background_images/755332833/076226a2a65e3bed3721ed34f337dcd4.jpeg","name":"Sarah Mann","lang":"en","profile_background_tile":false,"favourites_count":34527,"screen_name":"twilightreader3","notifications":false,"url":null,"created_at":"Thu Apr 05 21:41:02 +0000 2012","contributors_enabled":false,"time_zone":"Central Time (US & Canada)","protected":false,"default_profile":false,"is_translator":false},"geo":null,"in_reply_to_user_id_str":"171802941","lang":"en","created_at":"Mon Dec 15 00:03:24 +0000 2014","in_reply_to_status_id_str":"544280873806610433","place":null},
{"contributors":null,"truncated":false,"text":"@9NewsSyd @TheTodayShow #prayforsydney","in_reply_to_status_id":544280873806610433,"id":544281545381404672,"favorite_count":0,"source":"<a href=\"http://twitter.com\" rel=\"nofollow\">Twitter Web Client</a>","retweeted":false,"coordinates":null,"entities":{"symbols":[],"user_mentions":[{"id":171802941,"indices":[0,9],"id_str":"171802941","screen_name":"9NewsSyd","name":"Nine News Sydney"},{"id":23879043,"indices":[10,23],"id_str":"23879043","screen_name":"TheTodayShow","name":"The Today Show"}],"hashtags":[{"indices":[24,38],"text":"prayforsydney"}],"urls":[]},"in_reply_to_screen_name":"9NewsSyd","id_str":"544281545381404672","retweet_count":0,"in_reply_to_user_id":171802941,"favorited":false,"user":{"follow_request_sent":false,"profile_use_background_image":false,"profile_text_color":"000000","default_profile_image":false,"id":2927389322,"profile_background_image_url_https":"https://abs.twimg.com/images/themes/theme1/bg.png","verified":false,"profile_location":null,"profile_image_url_https":"https://pbs.twimg.com/profile_images/567975132874813440/r-khgU9U_normal.jpeg","profile_sidebar_fill_color":"000000","entities":{"description":{"urls":[]}},"followers_count":12,"profile_sidebar_border_color":"000000","id_str":"2927389322","profile_background_color":"000000","listed_count":0,"is_translation_enabled":false,"utc_offset":null,"statuses_count":31,"description":"sydney|13|one direction|katy perry|","friends_count":91,"location":"Sydney, Australia","profile_link_color":"9266CC","profile_image_url":"http://pbs.twimg.com/profile_images/567975132874813440/r-khgU9U_normal.jpeg","following":false,"geo_enabled":false,"profile_banner_url":"https://pbs.twimg.com/profile_banners/2927389322/1418364085","profile_background_image_url":"http://abs.twimg.com/images/themes/theme1/bg.png","name":"ashy murphy","lang":"en","profile_background_tile":false,"favourites_count":0,"screen_name":"h0ransp0tat0","notifications":false,"url":null,"created_at":"Fri Dec 12 05:38:25 +0000 2014","contributors_enabled":false,"time_zone":null,"protected":false,"default_profile":false,"is_translator":false},"geo":null,"in_reply_to_user_id_str":"171802941","lang":"und","created_at":"Mon Dec 15 00:03:27 +0000 2014","in_reply_to_status_id_str":"544280873806610433","place":null},
{"contributors":null,"truncated":false,"text":"“@9NewsSyd: UPDATE: Reports the Sydney Opera House has also been evacuated. #9News” what the FUCK","in_reply_to_status_id":544280873806610433,"id":544281680433790976,"favorite_count":0,"source":"<a href=\"http://twitter.com/download/iphone\" rel=\"nofollow\">Twitter for iPhone</a>","retweeted":false,"coordinates":null,"entities":{"symbols":[],"user_mentions":[{"id":171802941,"indices":[1,10],"id_str":"171802941","screen_name":"9NewsSyd","name":"Nine News Sydney"}],"hashtags":[{"indices":[76,82],"text":"9News"}],"urls":[]},"in_reply_to_screen_name":"9NewsSyd","id_str":"544281680433790976","retweet_count":0,"in_reply_to_user_id":171802941,"favorited":false,"user":{"follow_request_sent":false,"profile_use_background_image":true,"profile_text_color":"000000","default_profile_image":false,"id":279886159,"profile_background_image_url_https":"https://pbs.twimg.com/profile_background_images/530328834596290562/KjAbesCk.jpeg","verified":false,"profile_location":null,"profile_image_url_https":"https://pbs.twimg.com/profile_images/587231222595584000/3nxKv7Ey_normal.jpg","profile_sidebar_fill_color":"E3C7ED","entities":{"description":{"urls":[]}},"followers_count":2714,"profile_sidebar_border_color":"FFFFFF","id_str":"279886159","profile_background_color":"000000","listed_count":12,"is_translation_enabled":false,"utc_offset":-36000,"statuses_count":47553,"description":"be your own anchor | 1/5","friends_count":882,"location":"melbourne ","profile_link_color":"ABB8C2","profile_image_url":"http://pbs.twimg.com/profile_images/587231222595584000/3nxKv7Ey_normal.jpg","following":false,"geo_enabled":false,"profile_banner_url":"https://pbs.twimg.com/profile_banners/279886159/1418802282","profile_background_image_url":"http://pbs.twimg.com/profile_background_images/530328834596290562/KjAbesCk.jpeg","name":"soph","lang":"en","profile_background_tile":true,"favourites_count":1610,"screen_name":"_sopherica","notifications":false,"url":null,"created_at":"Sun Apr 10 06:20:33 +0000 2011","contributors_enabled":false,"time_zone":"Hawaii","protected":false,"default_profile":false,"is_translator":false},"geo":null,"in_reply_to_user_id_str":"171802941","lang":"en","created_at":"Mon Dec 15 00:03:59 +0000 2014","in_reply_to_status_id_str":"544280873806610433","place":null},
{"contributors":null,"truncated":false,"text":"@9NewsSyd @TheTodayShow these pricks warned us they will one day own our country.  This is their evil shit in motion, get used to it","in_reply_to_status_id":544280873806610433,"id":544283302861889537,"favorite_count":0,"source":"<a href=\"https://mobile.twitter.com\" rel=\"nofollow\">Mobile Web (M5)</a>","retweeted":false,"coordinates":null,"entities":{"symbols":[],"user_mentions":[{"id":171802941,"indices":[0,9],"id_str":"171802941","screen_name":"9NewsSyd","name":"Nine News Sydney"},{"id":23879043,"indices":[10,23],"id_str":"23879043","screen_name":"TheTodayShow","name":"The Today Show"}],"hashtags":[],"urls":[]},"in_reply_to_screen_name":"9NewsSyd","id_str":"544283302861889537","retweet_count":0,"in_reply_to_user_id":171802941,"favorited":false,"user":{"follow_request_sent":false,"profile_use_background_image":true,"profile_text_color":"634047","default_profile_image":false,"id":277368916,"profile_background_image_url_https":"https://pbs.twimg.com/profile_background_images/531684096909385728/2JmBWG32.jpeg","verified":false,"profile_location":null,"profile_image_url_https":"https://pbs.twimg.com/profile_images/584087356082225152/LCkeE9gU_normal.jpg","profile_sidebar_fill_color":"E3E2DE","entities":{"url":{"urls":[{"url":"http://t.co/Vue7tFVBjd","indices":[0,22],"expanded_url":"http://www.vidgen8or.com","display_url":"vidgen8or.com"}]},"description":{"urls":[]}},"followers_count":653,"profile_sidebar_border_color":"FFFFFF","id_str":"277368916","profile_background_color":"EDECE9","listed_count":22,"is_translation_enabled":false,"utc_offset":37800,"statuses_count":97052,"description":"Writer, poet, lyricist, smart-ass","friends_count":594,"location":"Australia","profile_link_color":"088253","profile_image_url":"http://pbs.twimg.com/profile_images/584087356082225152/LCkeE9gU_normal.jpg","following":false,"geo_enabled":false,"profile_banner_url":"https://pbs.twimg.com/profile_banners/277368916/1418469191","profile_background_image_url":"http://pbs.twimg.com/profile_background_images/531684096909385728/2JmBWG32.jpeg","name":"lez","lang":"en","profile_background_tile":true,"favourites_count":8765,"screen_name":"saycheezpleez","notifications":false,"url":"http://t.co/Vue7tFVBjd","created_at":"Tue Apr 05 06:49:04 +0000 2011","contributors_enabled":false,"time_zone":"Adelaide","protected":false,"default_profile":false,"is_translator":false},"geo":null,"in_reply_to_user_id_str":"171802941","lang":"en","created_at":"Mon Dec 15 00:10:26 +0000 2014","in_reply_to_status_id_str":"544280873806610433","place":null},
{"contributors":null,"truncated":false,"text":"@9NewsSyd @TheTodayShow already some parts of Sydney looking like Casafknblanca grrr","in_reply_to_status_id":544283302861889537,"id":544284111959904257,"favorite_count":0,"source":"<a href=\"https://mobile.twitter.com\" rel=\"nofollow\">Mobile Web (M5)</a>","retweeted":false,"coordinates":null,"entities":{"symbols":[],"user_mentions":[{"id":171802941,"indices":[0,9],"id_str":"171802941","screen_name":"9NewsSyd","name":"Nine News Sydney"},{"id":23879043,"indices":[10,23],"id_str":"23879043","screen_name":"TheTodayShow","name":"The Today Show"}],"hashtags":[],"urls":[]},"in_reply_to_screen_name":"saycheezpleez","id_str":"544284111959904257","retweet_count":0,"in_reply_to_user_id":277368916,"favorited":false,"user":{"follow_request_sent":false,"profile_use_background_image":true,"profile_text_color":"634047","default_profile_image":false,"id":277368916,"profile_background_image_url_https":"https://pbs.twimg.com/profile_background_images/531684096909385728/2JmBWG32.jpeg","verified":false,"profile_location":null,"profile_image_url_https":"https://pbs.twimg.com/profile_images/584087356082225152/LCkeE9gU_normal.jpg","profile_sidebar_fill_color":"E3E2DE","entities":{"url":{"urls":[{"url":"http://t.co/Vue7tFVBjd","indices":[0,22],"expanded_url":"http://www.vidgen8or.com","display_url":"vidgen8or.com"}]},"description":{"urls":[]}},"followers_count":653,"profile_sidebar_border_color":"FFFFFF","id_str":"277368916","profile_background_color":"EDECE9","listed_count":22,"is_translation_enabled":false,"utc_offset":37800,"statuses_count":97052,"description":"Writer, poet, lyricist, smart-ass","friends_count":594,"location":"Australia","profile_link_color":"088253","profile_image_url":"http://pbs.twimg.com/profile_images/584087356082225152/LCkeE9gU_normal.jpg","following":false,"geo_enabled":false,"profile_banner_url":"https://pbs.twimg.com/profile_banners/277368916/1418469191","profile_background_image_url":"http://pbs.twimg.com/profile_background_images/531684096909385728/2JmBWG32.jpeg","name":"lez","lang":"en","profile_background_tile":true,"favourites_count":8765,"screen_name":"saycheezpleez","notifications":false,"url":"http://t.co/Vue7tFVBjd","created_at":"Tue Apr 05 06:49:04 +0000 2011","contributors_enabled":false,"time_zone":"Adelaide","protected":false,"default_profile":false,"is_translator":false},"geo":null,"in_reply_to_user_id_str":"277368916","lang":"en","created_at":"Mon Dec 15 00:13:39 +0000 2014","in_reply_to_status_id_str":"544283302861889537","place":null}
]