[{"contributors":null,"truncated":false,"text":"RT @GrayConnolly: I repeat=&gt;if you are in Sydney, do NOT tweet or post news of what Police are doing a       (cont) http://t.co/iS8a4HQqEH","in_reply_to_status_id":544279950929321984,"id":544280219453243393,"favorite_count":0,"source":"<a href=\"http://twicca.r246.jp/\" rel=\"nofollow\">twicca</a>","retweeted":false,"coordinates":null,"entities":{"symbols":[],"user_mentions":[{"id":499696436,"indices":[3,16],"id_str":"499696436","screen_name":"GrayConnolly","name":"Gray Connolly"}],"hashtags":[],"urls":[{"url":"http://t.co/iS8a4HQqEH","indices":[119,141],"expanded_url":"http://tl.gd/nhrmav","display_url":"tl.gd/nhrmav"}]},"in_reply_to_screen_name":"GrayConnolly","id_str":"544280219453243393","retweet_count":0,"in_reply_to_user_id":499696436,"favorited":false,"user":{"follow_request_sent":false,"profile_use_background_image":true,"profile_text_color":"000000","default_profile_image":false,"id":82998105,"profile_background_image_url_https":"https://pbs.twimg.com/profile_background_images/71351441/45.gif","verified":false,"profile_location":null,"profile_image_url_https":"https://pbs.twimg.com/profile_images/475326661/flag-l_normal.jpg","profile_sidebar_fill_color":"807C71","entities":{"description":{"urls":[]}},"followers_count":12279,"profile_sidebar_border_color":"000000","id_str":"82998105","profile_background_color":"FFFFFF","listed_count":647,"is_translation_enabled":false,"utc_offset":-21600,"statuses_count":175580,"description":"News for all Military throughout the world. 11 Year U.S. Air Force member.  Proud member of the #whodat nation.  RTs ≠ endorsements.  Following ≠ endorsements","friends_count":1120,"location":"Baton Rouge, LA","profile_link_color":"AA9884","profile_image_url":"http://pbs.twimg.com/profile_images/475326661/flag-l_normal.jpg","following":false,"geo_enabled":false,"profile_background_image_url":"http://pbs.twimg.com/profile_background_images/71351441/45.gif","name":"Chris","lang":"en","profile_background_tile":true,"favourites_count":0,"screen_name":"AllMilitaryNews","notifications":false,"url":null,"created_at":"Fri Oct 16 23:08:15 +0000 2009","contributors_enabled":false,"time_zone":"Central Time (US & Canada)","protected":false,"default_profile":false,"is_translator":false},"geo":null,"in_reply_to_user_id_str":"499696436","possibly_sensitive":false,"lang":"en","created_at":"Sun Dec 14 23:58:11 +0000 2014","in_reply_to_status_id_str":"544279950929321984","place":null},
{"contributors":null,"truncated":false,"text":"@GrayConnolly @scrivenlking Especially with a Shahadah flag...","in_reply_to_status_id":544279950929321984,"id":544280259802443777,"favorite_count":0,"source":"<a href=\"http://twitter.com/#!/download/ipad\" rel=\"nofollow\">Twitter for iPad</a>","retweeted":false,"coordinates":null,"entities":{"symbols":[],"user_mentions":[{"id":499696436,"indices":[0,13],"id_str":"499696436","screen_name":"GrayConnolly","name":"Gray Connolly"},{"id":27471564,"indices":[14,27],"id_str":"27471564","screen_name":"scrivenlking","name":"Scriven King"}],"hashtags":[],"urls":[]},"in_reply_to_screen_name":"GrayConnolly","id_str":"544280259802443777","retweet_count":0,"in_reply_to_user_id":499696436,"favorited":false,"user":{"follow_request_sent":false,"profile_use_background_image":true,"profile_text_color":"333333","default_profile_image":false,"id":2453850531,"profile_background_image_url_https":"https://abs.twimg.com/images/themes/theme14/bg.gif","verified":false,"profile_location":null,"profile_image_url_https":"https://pbs.twimg.com/profile_images/533067045785440256/g-SMIdYt_normal.jpeg","profile_sidebar_fill_color":"EFEFEF","entities":{"url":{"urls":[{"url":"http://t.co/7eZwSgUQs4","indices":[0,22],"expanded_url":"http://www.jonathanwade.ca","display_url":"jonathanwade.ca"}]},"description":{"urls":[]}},"followers_count":747,"profile_sidebar_border_color":"EEEEEE","id_str":"2453850531","profile_background_color":"131516","listed_count":11,"is_translation_enabled":false,"utc_offset":-18000,"statuses_count":2451,"description":"Former Canadian Soldier & #Afghanistan Combat Vet | Royal Military College of #Canada Student | Defense Consultant | Freedom of #Religion! #OPSEC Please!","friends_count":385,"location":"Canada","profile_link_color":"000000","profile_image_url":"http://pbs.twimg.com/profile_images/533067045785440256/g-SMIdYt_normal.jpeg","following":false,"geo_enabled":false,"profile_banner_url":"https://pbs.twimg.com/profile_banners/2453850531/1417141904","profile_background_image_url":"http://abs.twimg.com/images/themes/theme14/bg.gif","name":"Jonathan Wade","lang":"en-gb","profile_background_tile":true,"favourites_count":1169,"screen_name":"JWadeMoses","notifications":false,"url":"http://t.co/7eZwSgUQs4","created_at":"Wed Apr 02 02:31:59 +0000 2014","contributors_enabled":false,"time_zone":"Eastern Time (US & Canada)","protected":false,"default_profile":false,"is_translator":false},"geo":null,"in_reply_to_user_id_str":"499696436","lang":"en","created_at":"Sun Dec 14 23:58:20 +0000 2014","in_reply_to_status_id_str":"544279950929321984","place":null},
{"contributors":null,"truncated":false,"text":"@GrayConnolly *Gunmen* if they're jihadists, we don't know that yet. Flag makes it likely, but we can't be sure, and certainty matters.","in_reply_to_status_id":544279950929321984,"id":544280306698555392,"favorite_count":2,"source":"<a href=\"https://about.twitter.com/products/tweetdeck\" rel=\"nofollow\">TweetDeck</a>","retweeted":false,"coordinates":null,"entities":{"symbols":[],"user_mentions":[{"id":499696436,"indices":[0,13],"id_str":"499696436","screen_name":"GrayConnolly","name":"Gray Connolly"}],"hashtags":[],"urls":[]},"in_reply_to_screen_name":"GrayConnolly","id_str":"544280306698555392","retweet_count":0,"in_reply_to_user_id":499696436,"favorited":false,"user":{"follow_request_sent":false,"profile_use_background_image":true,"profile_text_color":"333333","default_profile_image":false,"id":215133466,"profile_background_image_url_https":"https://abs.twimg.com/images/themes/theme1/bg.png","verified":false,"profile_location":null,"profile_image_url_https":"https://pbs.twimg.com/profile_images/560257705760129024/fmQAxouR_normal.jpeg","profile_sidebar_fill_color":"DDEEF6","entities":{"description":{"urls":[]}},"followers_count":593,"profile_sidebar_border_color":"C0DEED","id_str":"215133466","profile_background_color":"C0DEED","listed_count":13,"is_translation_enabled":false,"utc_offset":39600,"statuses_count":2449,"description":"Philosopher working in ethics at Uni of Notre Dame, Australia. Occasional media commentator. Not-very-good writer. Military ethics is my jam.","friends_count":1278,"location":"Sydney, Australia","profile_link_color":"0084B4","profile_image_url":"http://pbs.twimg.com/profile_images/560257705760129024/fmQAxouR_normal.jpeg","following":false,"geo_enabled":true,"profile_banner_url":"https://pbs.twimg.com/profile_banners/215133466/1415581507","profile_background_image_url":"http://abs.twimg.com/images/themes/theme1/bg.png","name":"Doctor Beardface","lang":"en","profile_background_tile":false,"favourites_count":354,"screen_name":"matthewtbeard","notifications":false,"url":null,"created_at":"Sat Nov 13 02:32:00 +0000 2010","contributors_enabled":false,"time_zone":"Sydney","protected":false,"default_profile":true,"is_translator":false},"geo":null,"in_reply_to_user_id_str":"499696436","lang":"en","created_at":"Sun Dec 14 23:58:32 +0000 2014","in_reply_to_status_id_str":"544279950929321984","place":null},
{"contributors":null,"truncated":false,"text":"@GrayConnolly @scrivenlking Sydney police should shut off mobile coverage, Internet around the site for this reason.","in_reply_to_status_id":544279950929321984,"id":544280452782391298,"favorite_count":4,"source":"<a href=\"http://twitter.com/download/iphone\" rel=\"nofollow\">Twitter for iPhone</a>","retweeted":false,"coordinates":null,"entities":{"symbols":[],"user_mentions":[{"id":499696436,"indices":[0,13],"id_str":"499696436","screen_name":"GrayConnolly","name":"Gray Connolly"},{"id":27471564,"indices":[14,27],"id_str":"27471564","screen_name":"scrivenlking","name":"Scriven King"}],"hashtags":[],"urls":[]},"in_reply_to_screen_name":"GrayConnolly","id_str":"544280452782391298","retweet_count":0,"in_reply_to_user_id":499696436,"favorited":false,"user":{"follow_request_sent":false,"profile_use_background_image":true,"profile_text_color":"333333","default_profile_image":false,"id":2237808535,"profile_background_image_url_https":"https://abs.twimg.com/images/themes/theme1/bg.png","verified":false,"profile_location":null,"profile_image_url_https":"https://pbs.twimg.com/profile_images/378800000850716039/0bc84c66d3048178cd4d1361f34aa224_normal.jpeg","profile_sidebar_fill_color":"DDEEF6","entities":{"description":{"urls":[]}},"followers_count":1289,"profile_sidebar_border_color":"C0DEED","id_str":"2237808535","profile_background_color":"C0DEED","listed_count":50,"is_translation_enabled":false,"utc_offset":-25200,"statuses_count":110,"description":"Security Researcher and Crypto-Wizard with all the secure golden keys.","friends_count":219,"location":"","profile_link_color":"0084B4","profile_image_url":"http://pbs.twimg.com/profile_images/378800000850716039/0bc84c66d3048178cd4d1361f34aa224_normal.jpeg","following":false,"geo_enabled":true,"profile_banner_url":"https://pbs.twimg.com/profile_banners/2237808535/1398402126","profile_background_image_url":"http://abs.twimg.com/images/themes/theme1/bg.png","name":"Pwn All The Things","lang":"en","profile_background_tile":false,"favourites_count":884,"screen_name":"pwnallthethings","notifications":false,"url":null,"created_at":"Mon Dec 09 15:21:25 +0000 2013","contributors_enabled":false,"time_zone":"Arizona","protected":false,"default_profile":true,"is_translator":false},"geo":null,"in_reply_to_user_id_str":"499696436","lang":"en","created_at":"Sun Dec 14 23:59:06 +0000 2014","in_reply_to_status_id_str":"544279950929321984","place":null},
{"contributors":null,"truncated":false,"text":"“@GrayConnolly =&gt;if you are in Sydney, do NOT tweet or post news of what Police are doing around Martin Place.” #SydneyHostage","in_reply_to_status_id":544279950929321984,"id":544280533090705408,"favorite_count":0,"source":"<a href=\"http://twitter.com/download/iphone\" rel=\"nofollow\">Twitter for iPhone</a>","retweeted":false,"coordinates":null,"entities":{"symbols":[],"user_mentions":[{"id":499696436,"indices":[1,14],"id_str":"499696436","screen_name":"GrayConnolly","name":"Gray Connolly"}],"hashtags":[{"indices":[115,129],"text":"SydneyHostage"}],"urls":[]},"in_reply_to_screen_name":"GrayConnolly","id_str":"544280533090705408","retweet_count":2,"in_reply_to_user_id":499696436,"favorited":false,"user":{"follow_request_sent":false,"profile_use_background_image":true,"profile_text_color":"663B12","default_profile_image":false,"id":22070847,"profile_background_image_url_https":"https://abs.twimg.com/images/themes/theme2/bg.gif","verified":false,"profile_location":null,"profile_image_url_https":"https://pbs.twimg.com/profile_images/478582452387332096/B0e_qmHl_normal.jpeg","profile_sidebar_fill_color":"DAECF4","entities":{"description":{"urls":[]}},"followers_count":731,"profile_sidebar_border_color":"C6E2EE","id_str":"22070847","profile_background_color":"C6E2EE","listed_count":15,"is_translation_enabled":false,"utc_offset":3600,"statuses_count":2482,"description":"a little open source intelligence (OSINT) on secret services.. \nsecure chat (XMPP): uncover007@jabber.de","friends_count":950,"location":"","profile_link_color":"1F98C7","profile_image_url":"http://pbs.twimg.com/profile_images/478582452387332096/B0e_qmHl_normal.jpeg","following":false,"geo_enabled":true,"profile_background_image_url":"http://abs.twimg.com/images/themes/theme2/bg.gif","name":"Uncover 007","lang":"en","profile_background_tile":false,"favourites_count":59,"screen_name":"uncover007","notifications":false,"url":null,"created_at":"Thu Feb 26 22:15:57 +0000 2009","contributors_enabled":false,"time_zone":"Berlin","protected":false,"default_profile":false,"is_translator":false},"geo":null,"in_reply_to_user_id_str":"499696436","lang":"en","created_at":"Sun Dec 14 23:59:25 +0000 2014","in_reply_to_status_id_str":"544279950929321984","place":null},
{"contributors":null,"truncated":false,"text":"@GrayConnolly @53pamela Good luck with that. The Media are reporting everything they're doing.","in_reply_to_status_id":544279950929321984,"id":544280615852322817,"favorite_count":2,"source":"<a href=\"https://about.twitter.com/products/tweetdeck\" rel=\"nofollow\">TweetDeck</a>","retweeted":false,"coordinates":null,"entities":{"symbols":[],"user_mentions":[{"id":499696436,"indices":[0,13],"id_str":"499696436","screen_name":"GrayConnolly","name":"Gray Connolly"},{"id":338633208,"indices":[14,23],"id_str":"338633208","screen_name":"53pamela","name":"PamelaH"}],"hashtags":[],"urls":[]},"in_reply_to_screen_name":"GrayConnolly","id_str":"544280615852322817","retweet_count":1,"in_reply_to_user_id":499696436,"favorited":false,"user":{"follow_request_sent":false,"profile_use_background_image":false,"profile_text_color":"000000","default_profile_image":false,"id":965259080,"profile_background_image_url_https":"https://abs.twimg.com/images/themes/theme1/bg.png","verified":false,"profile_location":null,"profile_image_url_https":"https://pbs.twimg.com/profile_images/585270787382194176/3kH8x7P1_normal.jpg","profile_sidebar_fill_color":"000000","entities":{"description":{"urls":[]}},"followers_count":3317,"profile_sidebar_border_color":"000000","id_str":"965259080","profile_background_color":"000000","listed_count":44,"is_translation_enabled":false,"utc_offset":39600,"statuses_count":58959,"description":"Australia's Favourite Nose. Parody","friends_count":423,"location":"Melbourne","profile_link_color":"4A913C","profile_image_url":"http://pbs.twimg.com/profile_images/585270787382194176/3kH8x7P1_normal.jpg","following":false,"geo_enabled":false,"profile_banner_url":"https://pbs.twimg.com/profile_banners/965259080/1410462138","profile_background_image_url":"http://abs.twimg.com/images/themes/theme1/bg.png","name":"W.M. Lawry","lang":"en","profile_background_tile":false,"favourites_count":7736,"screen_name":"Corpse_in_Pads","notifications":false,"url":null,"created_at":"Fri Nov 23 01:04:36 +0000 2012","contributors_enabled":false,"time_zone":"New Caledonia","protected":false,"default_profile":false,"is_translator":false},"geo":null,"in_reply_to_user_id_str":"499696436","lang":"en","created_at":"Sun Dec 14 23:59:45 +0000 2014","in_reply_to_status_id_str":"544279950929321984","place":null},
{"contributors":null,"truncated":false,"text":"#JihadiLivesMatter @GrayConnolly @AG_Conservative","in_reply_to_status_id":544279950929321984,"id":544281393056858112,"favorite_count":0,"source":"<a href=\"http://twitter.com\" rel=\"nofollow\">Twitter Web Client</a>","retweeted":false,"coordinates":null,"entities":{"symbols":[],"user_mentions":[{"id":499696436,"indices":[19,32],"id_str":"499696436","screen_name":"GrayConnolly","name":"Gray Connolly"},{"id":116835497,"indices":[33,49],"id_str":"116835497","screen_name":"AG_Conservative","name":"AG"}],"hashtags":[{"indices":[0,18],"text":"JihadiLivesMatter"}],"urls":[]},"in_reply_to_screen_name":"GrayConnolly","id_str":"544281393056858112","retweet_count":0,"in_reply_to_user_id":499696436,"favorited":false,"user":{"follow_request_sent":false,"profile_use_background_image":true,"profile_text_color":"333333","default_profile_image":false,"id":2194747062,"profile_background_image_url_https":"https://abs.twimg.com/images/themes/theme14/bg.gif","verified":false,"profile_location":null,"profile_image_url_https":"https://pbs.twimg.com/profile_images/378800000740225020/11def6a17aa34392161d44639d329df5_normal.jpeg","profile_sidebar_fill_color":"EFEFEF","entities":{"description":{"urls":[]}},"followers_count":2172,"profile_sidebar_border_color":"EEEEEE","id_str":"2194747062","profile_background_color":"131516","listed_count":6,"is_translation_enabled":false,"utc_offset":null,"statuses_count":2439,"description":"Lawyer, baker, candlestick maker","friends_count":155,"location":"Free range, grass-fed tweets ","profile_link_color":"009999","profile_image_url":"http://pbs.twimg.com/profile_images/378800000740225020/11def6a17aa34392161d44639d329df5_normal.jpeg","following":false,"geo_enabled":false,"profile_banner_url":"https://pbs.twimg.com/profile_banners/2194747062/1412219872","profile_background_image_url":"http://abs.twimg.com/images/themes/theme14/bg.gif","name":"Bread N. Circus","lang":"en","profile_background_tile":true,"favourites_count":0,"screen_name":"BreadNCircusUSA","notifications":false,"url":null,"created_at":"Thu Nov 14 19:32:32 +0000 2013","contributors_enabled":false,"time_zone":null,"protected":false,"default_profile":false,"is_translator":false},"geo":null,"in_reply_to_user_id_str":"499696436","lang":"und","created_at":"Mon Dec 15 00:02:51 +0000 2014","in_reply_to_status_id_str":"544279950929321984","place":null},
{"contributors":null,"truncated":false,"text":"@GrayConnolly @JonathanVicent Remember: if we allow freedom and lawful assembly the terrorists have won.","in_reply_to_status_id":544279950929321984,"id":544281896130457600,"favorite_count":1,"source":"<a href=\"http://twitter.com/download/iphone\" rel=\"nofollow\">Twitter for iPhone</a>","retweeted":false,"coordinates":null,"entities":{"symbols":[],"user_mentions":[{"id":499696436,"indices":[0,13],"id_str":"499696436","screen_name":"GrayConnolly","name":"Gray Connolly"},{"id":225166727,"indices":[14,29],"id_str":"225166727","screen_name":"JonathanVicent","name":"Jonathan Vicentt"}],"hashtags":[],"urls":[]},"in_reply_to_screen_name":"GrayConnolly","id_str":"544281896130457600","retweet_count":0,"in_reply_to_user_id":499696436,"favorited":false,"user":{"follow_request_sent":false,"profile_use_background_image":true,"profile_text_color":"333333","default_profile_image":false,"id":2261645749,"profile_background_image_url_https":"https://abs.twimg.com/images/themes/theme1/bg.png","verified":false,"profile_location":null,"profile_image_url_https":"https://pbs.twimg.com/profile_images/586716814845026304/pNYeJX56_normal.jpg","profile_sidebar_fill_color":"DDEEF6","entities":{"description":{"urls":[]}},"followers_count":38,"profile_sidebar_border_color":"C0DEED","id_str":"2261645749","profile_background_color":"C0DEED","listed_count":3,"is_translation_enabled":false,"utc_offset":null,"statuses_count":1945,"description":"Satellite, Dub Ingest Operator, Camera Operator, Writer and Baseball lover","friends_count":95,"location":"Toronto Ontario","profile_link_color":"0084B4","profile_image_url":"http://pbs.twimg.com/profile_images/586716814845026304/pNYeJX56_normal.jpg","following":false,"geo_enabled":false,"profile_banner_url":"https://pbs.twimg.com/profile_banners/2261645749/1407690518","profile_background_image_url":"http://abs.twimg.com/images/themes/theme1/bg.png","name":"Sean Webb","lang":"en","profile_background_tile":false,"favourites_count":466,"screen_name":"SeanWeb59160425","notifications":false,"url":null,"created_at":"Wed Dec 25 16:17:15 +0000 2013","contributors_enabled":false,"time_zone":null,"protected":false,"default_profile":true,"is_translator":false},"geo":null,"in_reply_to_user_id_str":"499696436","lang":"en","created_at":"Mon Dec 15 00:04:50 +0000 2014","in_reply_to_status_id_str":"544279950929321984","place":null},
{"contributors":null,"truncated":false,"text":"@GrayConnolly @VodkaPundit Great advice. Praying my ass off for these folks.","in_reply_to_status_id":544279950929321984,"id":544283213666193410,"favorite_count":0,"source":"<a href=\"http://twitter.com\" rel=\"nofollow\">Twitter Web Client</a>","retweeted":false,"coordinates":null,"entities":{"symbols":[],"user_mentions":[{"id":499696436,"indices":[0,13],"id_str":"499696436","screen_name":"GrayConnolly","name":"Gray Connolly"},{"id":17118279,"indices":[14,26],"id_str":"17118279","screen_name":"VodkaPundit","name":"Stephen Green"}],"hashtags":[],"urls":[]},"in_reply_to_screen_name":"GrayConnolly","id_str":"544283213666193410","retweet_count":0,"in_reply_to_user_id":499696436,"favorited":false,"user":{"follow_request_sent":false,"profile_use_background_image":true,"profile_text_color":"333333","default_profile_image":false,"id":2753308284,"profile_background_image_url_https":"https://abs.twimg.com/images/themes/theme1/bg.png","verified":false,"profile_location":null,"profile_image_url_https":"https://pbs.twimg.com/profile_images/505563259596832768/MhuFtXhp_normal.jpeg","profile_sidebar_fill_color":"DDEEF6","entities":{"description":{"urls":[]}},"followers_count":202,"profile_sidebar_border_color":"C0DEED","id_str":"2753308284","profile_background_color":"C0DEED","listed_count":4,"is_translation_enabled":false,"utc_offset":-18000,"statuses_count":3006,"description":"Architect. Political Enthusiast. Big Tent Conservative. Freedom Isn't Free.","friends_count":90,"location":"Tampa Bay","profile_link_color":"0084B4","profile_image_url":"http://pbs.twimg.com/profile_images/505563259596832768/MhuFtXhp_normal.jpeg","following":false,"geo_enabled":false,"profile_banner_url":"https://pbs.twimg.com/profile_banners/2753308284/1409370506","profile_background_image_url":"http://abs.twimg.com/images/themes/theme1/bg.png","name":"Holly","lang":"en","profile_background_tile":false,"favourites_count":1981,"screen_name":"HollyASwanson","notifications":false,"url":null,"created_at":"Thu Aug 21 23:23:54 +0000 2014","contributors_enabled":false,"time_zone":"Eastern Time (US & Canada)","protected":false,"default_profile":true,"is_translator":false},"geo":null,"in_reply_to_user_id_str":"499696436","lang":"en","created_at":"Mon Dec 15 00:10:05 +0000 2014","in_reply_to_status_id_str":"544279950929321984","place":null},
{"contributors":null,"truncated":false,"text":"@GrayConnolly @VodkaPundit you would think this would go without having to be said...sigh","in_reply_to_status_id":544279950929321984,"id":544283244460392448,"favorite_count":0,"source":"<a href=\"http://twitter.com/download/iphone\" rel=\"nofollow\">Twitter for iPhone</a>","retweeted":false,"coordinates":null,"entities":{"symbols":[],"user_mentions":[{"id":499696436,"indices":[0,13],"id_str":"499696436","screen_name":"GrayConnolly","name":"Gray Connolly"},{"id":17118279,"indices":[14,26],"id_str":"17118279","screen_name":"VodkaPundit","name":"Stephen Green"}],"hashtags":[],"urls":[]},"in_reply_to_screen_name":"GrayConnolly","id_str":"544283244460392448","retweet_count":0,"in_reply_to_user_id":499696436,"favorited":false,"user":{"follow_request_sent":false,"profile_use_background_image":true,"profile_text_color":"333333","default_profile_image":false,"id":390421144,"profile_background_image_url_https":"https://abs.twimg.com/images/themes/theme1/bg.png","verified":false,"profile_location":null,"profile_image_url_https":"https://pbs.twimg.com/profile_images/3487827456/0249645e499fb0642924ee7e6f49bbea_normal.jpeg","profile_sidebar_fill_color":"DDEEF6","entities":{"description":{"urls":[]}},"followers_count":66,"profile_sidebar_border_color":"C0DEED","id_str":"390421144","profile_background_color":"C0DEED","listed_count":0,"is_translation_enabled":false,"utc_offset":-25200,"statuses_count":3451,"description":"Rabid, though still very amateur golfer; hockey fan and staunch Libertarian.  Live the way you choose and leave me alone. I'll do the same for you.","friends_count":136,"location":"Salt Lake City, UT","profile_link_color":"008FB3","profile_image_url":"http://pbs.twimg.com/profile_images/3487827456/0249645e499fb0642924ee7e6f49bbea_normal.jpeg","following":false,"geo_enabled":true,"profile_banner_url":"https://pbs.twimg.com/profile_banners/390421144/1401224221","profile_background_image_url":"http://abs.twimg.com/images/themes/theme1/bg.png","name":"Jonathan Sabin","lang":"en","profile_background_tile":false,"favourites_count":75,"screen_name":"jonathanwsabin","notifications":false,"url":null,"created_at":"Thu Oct 13 23:26:33 +0000 2011","contributors_enabled":false,"time_zone":"Mountain Time (US & Canada)","protected":false,"default_profile":false,"is_translator":false},"geo":null,"in_reply_to_user_id_str":"499696436","lang":"en","created_at":"Mon Dec 15 00:10:12 +0000 2014","in_reply_to_status_id_str":"544279950929321984","place":null},
{"contributors":null,"truncated":false,"text":"@GrayConnolly @AG_Conservative see that @9NewsSyd","in_reply_to_status_id":544279950929321984,"id":544283662389612545,"favorite_count":0,"source":"<a href=\"http://twitter.com\" rel=\"nofollow\">Twitter Web Client</a>","retweeted":false,"coordinates":null,"entities":{"symbols":[],"user_mentions":[{"id":499696436,"indices":[0,13],"id_str":"499696436","screen_name":"GrayConnolly","name":"Gray Connolly"},{"id":116835497,"indices":[14,30],"id_str":"116835497","screen_name":"AG_Conservative","name":"AG"},{"id":171802941,"indices":[40,49],"id_str":"171802941","screen_name":"9NewsSyd","name":"Nine News Sydney"}],"hashtags":[],"urls":[]},"in_reply_to_screen_name":"GrayConnolly","id_str":"544283662389612545","retweet_count":0,"in_reply_to_user_id":499696436,"favorited":false,"user":{"follow_request_sent":false,"profile_use_background_image":true,"profile_text_color":"333333","default_profile_image":false,"id":21190891,"profile_background_image_url_https":"https://abs.twimg.com/images/themes/theme1/bg.png","verified":false,"profile_location":null,"profile_image_url_https":"https://pbs.twimg.com/profile_images/464796103926247424/WKEemRT4_normal.jpeg","profile_sidebar_fill_color":"DDEEF6","entities":{"description":{"urls":[]}},"followers_count":654,"profile_sidebar_border_color":"C0DEED","id_str":"21190891","profile_background_color":"C0DEED","listed_count":13,"is_translation_enabled":false,"utc_offset":-18000,"statuses_count":85863,"description":"You have the right to be offended. I have the right to not care.","friends_count":709,"location":"USA","profile_link_color":"0084B4","profile_image_url":"http://pbs.twimg.com/profile_images/464796103926247424/WKEemRT4_normal.jpeg","following":false,"geo_enabled":false,"profile_banner_url":"https://pbs.twimg.com/profile_banners/21190891/1360793293","profile_background_image_url":"http://abs.twimg.com/images/themes/theme1/bg.png","name":"PJ","lang":"en","profile_background_tile":false,"favourites_count":7615,"screen_name":"museisluse","notifications":false,"url":null,"created_at":"Wed Feb 18 12:26:56 +0000 2009","contributors_enabled":false,"time_zone":"Eastern Time (US & Canada)","protected":false,"default_profile":true,"is_translator":false},"geo":null,"in_reply_to_user_id_str":"499696436","lang":"en","created_at":"Mon Dec 15 00:11:52 +0000 2014","in_reply_to_status_id_str":"544279950929321984","place":null},
{"contributors":null,"truncated":false,"text":"@GrayConnolly @AG_Conservative add @7NewsSydney cut the cameras!","in_reply_to_status_id":544279950929321984,"id":544283961107968000,"favorite_count":0,"source":"<a href=\"http://twitter.com\" rel=\"nofollow\">Twitter Web Client</a>","retweeted":false,"coordinates":null,"entities":{"symbols":[],"user_mentions":[{"id":499696436,"indices":[0,13],"id_str":"499696436","screen_name":"GrayConnolly","name":"Gray Connolly"},{"id":116835497,"indices":[14,30],"id_str":"116835497","screen_name":"AG_Conservative","name":"AG"},{"id":156464691,"indices":[35,47],"id_str":"156464691","screen_name":"7NewsSydney","name":"7 News Sydney"}],"hashtags":[],"urls":[]},"in_reply_to_screen_name":"GrayConnolly","id_str":"544283961107968000","retweet_count":0,"in_reply_to_user_id":499696436,"favorited":false,"user":{"follow_request_sent":false,"profile_use_background_image":true,"profile_text_color":"333333","default_profile_image":false,"id":21190891,"profile_background_image_url_https":"https://abs.twimg.com/images/themes/theme1/bg.png","verified":false,"profile_location":null,"profile_image_url_https":"https://pbs.twimg.com/profile_images/464796103926247424/WKEemRT4_normal.jpeg","profile_sidebar_fill_color":"DDEEF6","entities":{"description":{"urls":[]}},"followers_count":654,"profile_sidebar_border_color":"C0DEED","id_str":"21190891","profile_background_color":"C0DEED","listed_count":13,"is_translation_enabled":false,"utc_offset":-18000,"statuses_count":85863,"description":"You have the right to be offended. I have the right to not care.","friends_count":709,"location":"USA","profile_link_color":"0084B4","profile_image_url":"http://pbs.twimg.com/profile_images/464796103926247424/WKEemRT4_normal.jpeg","following":false,"geo_enabled":false,"profile_banner_url":"https://pbs.twimg.com/profile_banners/21190891/1360793293","profile_background_image_url":"http://abs.twimg.com/images/themes/theme1/bg.png","name":"PJ","lang":"en","profile_background_tile":false,"favourites_count":7615,"screen_name":"museisluse","notifications":false,"url":null,"created_at":"Wed Feb 18 12:26:56 +0000 2009","contributors_enabled":false,"time_zone":"Eastern Time (US & Canada)","protected":false,"default_profile":true,"is_translator":false},"geo":null,"in_reply_to_user_id_str":"499696436","lang":"en","created_at":"Mon Dec 15 00:13:03 +0000 2014","in_reply_to_status_id_str":"544279950929321984","place":null},
{"contributors":null,"truncated":false,"text":"@GrayConnolly @VodkaPundit Pay no attention to those bearded blokes with the camo rifles &amp; jumpsuits going around the back. Not the SASR.","in_reply_to_status_id":544279950929321984,"id":544284115500277760,"favorite_count":0,"source":"<a href=\"https://twitter.com/download/android\" rel=\"nofollow\">Twitter for Android Tablets</a>","retweeted":false,"coordinates":null,"entities":{"symbols":[],"user_mentions":[{"id":499696436,"indices":[0,13],"id_str":"499696436","screen_name":"GrayConnolly","name":"Gray Connolly"},{"id":17118279,"indices":[14,26],"id_str":"17118279","screen_name":"VodkaPundit","name":"Stephen Green"}],"hashtags":[],"urls":[]},"in_reply_to_screen_name":"GrayConnolly","id_str":"544284115500277760","retweet_count":0,"in_reply_to_user_id":499696436,"favorited":false,"user":{"follow_request_sent":false,"profile_use_background_image":true,"profile_text_color":"333333","default_profile_image":false,"id":877020889,"profile_background_image_url_https":"https://abs.twimg.com/images/themes/theme1/bg.png","verified":false,"profile_location":null,"profile_image_url_https":"https://pbs.twimg.com/profile_images/570439696406474752/aAxo99CY_normal.jpeg","profile_sidebar_fill_color":"DDEEF6","entities":{"description":{"urls":[]}},"followers_count":56,"profile_sidebar_border_color":"C0DEED","id_str":"877020889","profile_background_color":"C0DEED","listed_count":1,"is_translation_enabled":false,"utc_offset":null,"statuses_count":1474,"description":"Admiral McRaven was right, if you make your bed every morning, you've at least accomplished one thing for the day.","friends_count":175,"location":"Near 45° North.","profile_link_color":"0084B4","profile_image_url":"http://pbs.twimg.com/profile_images/570439696406474752/aAxo99CY_normal.jpeg","following":false,"geo_enabled":false,"profile_banner_url":"https://pbs.twimg.com/profile_banners/877020889/1409451982","profile_background_image_url":"http://abs.twimg.com/images/themes/theme1/bg.png","name":"matt green","lang":"en","profile_background_tile":false,"favourites_count":184,"screen_name":"1077idaho","notifications":false,"url":null,"created_at":"Sat Oct 13 04:05:21 +0000 2012","contributors_enabled":false,"time_zone":null,"protected":false,"default_profile":true,"is_translator":false},"geo":null,"in_reply_to_user_id_str":"499696436","lang":"en","created_at":"Mon Dec 15 00:13:40 +0000 2014","in_reply_to_status_id_str":"544279950929321984","place":null},
{"contributors":null,"truncated":false,"text":"@GrayConnolly Tell @dpfdpf ABC News has removed geoblocking - live coverage of Sydney hostage situation here - http://t.co/Maq7UCyZyr","in_reply_to_status_id":544279950929321984,"id":544284388242907136,"favorite_count":0,"source":"<a href=\"http://twitter.com\" rel=\"nofollow\">Twitter Web Client</a>","retweeted":false,"coordinates":null,"entities":{"symbols":[],"user_mentions":[{"id":499696436,"indices":[0,13],"id_str":"499696436","screen_name":"GrayConnolly","name":"Gray Connolly"},{"id":18628111,"indices":[19,26],"id_str":"18628111","screen_name":"dpfdpf","name":"David Farrar"}],"hashtags":[],"urls":[{"url":"http://t.co/Maq7UCyZyr","indices":[111,133],"expanded_url":"http://www.abc.net.au/news/abcnews24/","display_url":"abc.net.au/news/abcnews24/"}]},"in_reply_to_screen_name":"GrayConnolly","id_str":"544284388242907136","retweet_count":0,"in_reply_to_user_id":499696436,"favorited":false,"user":{"follow_request_sent":false,"profile_use_background_image":true,"profile_text_color":"333333","default_profile_image":false,"id":316777623,"profile_background_image_url_https":"https://abs.twimg.com/images/themes/theme1/bg.png","verified":false,"profile_location":null,"profile_image_url_https":"https://pbs.twimg.com/profile_images/548091682340605953/fZWd-GOM_normal.jpeg","profile_sidebar_fill_color":"DDEEF6","entities":{"description":{"urls":[]}},"followers_count":733,"profile_sidebar_border_color":"C0DEED","id_str":"316777623","profile_background_color":"C0DEED","listed_count":16,"is_translation_enabled":false,"utc_offset":0,"statuses_count":14220,"description":"If I ruled the world, every day would be the first day of spring.","friends_count":1496,"location":"","profile_link_color":"0084B4","profile_image_url":"http://pbs.twimg.com/profile_images/548091682340605953/fZWd-GOM_normal.jpeg","following":false,"geo_enabled":false,"profile_background_image_url":"http://abs.twimg.com/images/themes/theme1/bg.png","name":" Scho_field","lang":"en","profile_background_tile":false,"favourites_count":39,"screen_name":"bischofield","notifications":false,"url":null,"created_at":"Mon Jun 13 23:27:03 +0000 2011","contributors_enabled":false,"time_zone":"London","protected":false,"default_profile":true,"is_translator":false},"geo":null,"in_reply_to_user_id_str":"499696436","possibly_sensitive":false,"lang":"en","created_at":"Mon Dec 15 00:14:45 +0000 2014","in_reply_to_status_id_str":"544279950929321984","place":null},
{"contributors":null,"truncated":false,"text":"@GrayConnolly","in_reply_to_status_id":544279950929321984,"id":544284465913020416,"favorite_count":0,"source":"<a href=\"http://twitter.com/download/iphone\" rel=\"nofollow\">Twitter for iPhone</a>","retweeted":false,"coordinates":null,"entities":{"symbols":[],"user_mentions":[{"id":499696436,"indices":[0,13],"id_str":"499696436","screen_name":"GrayConnolly","name":"Gray Connolly"}],"hashtags":[],"urls":[]},"in_reply_to_screen_name":"GrayConnolly","id_str":"544284465913020416","retweet_count":0,"in_reply_to_user_id":499696436,"favorited":false,"user":{"follow_request_sent":false,"profile_use_background_image":true,"profile_text_color":"333333","default_profile_image":false,"id":2524504334,"profile_background_image_url_https":"https://abs.twimg.com/images/themes/theme1/bg.png","verified":false,"profile_location":null,"profile_image_url_https":"https://pbs.twimg.com/profile_images/470845511381954560/5cWfaW4X_normal.jpeg","profile_sidebar_fill_color":"DDEEF6","entities":{"description":{"urls":[]}},"followers_count":5,"profile_sidebar_border_color":"C0DEED","id_str":"2524504334","profile_background_color":"C0DEED","listed_count":0,"is_translation_enabled":false,"utc_offset":null,"statuses_count":56,"description":"","friends_count":93,"location":"","profile_link_color":"0084B4","profile_image_url":"http://pbs.twimg.com/profile_images/470845511381954560/5cWfaW4X_normal.jpeg","following":false,"geo_enabled":false,"profile_banner_url":"https://pbs.twimg.com/profile_banners/2524504334/1401093289","profile_background_image_url":"http://abs.twimg.com/images/themes/theme1/bg.png","name":"Pan Tang","lang":"en","profile_background_tile":false,"favourites_count":117,"screen_name":"panan423","notifications":false,"url":null,"created_at":"Mon May 26 08:32:56 +0000 2014","contributors_enabled":false,"time_zone":null,"protected":false,"default_profile":true,"is_translator":false},"geo":null,"in_reply_to_user_id_str":"499696436","lang":"und","created_at":"Mon Dec 15 00:15:03 +0000 2014","in_reply_to_status_id_str":"544279950929321984","place":null},
{"contributors":null,"truncated":false,"text":"@GrayConnolly or watch tv.. The news stations are broadcasting information nationally","in_reply_to_status_id":544279950929321984,"id":544288692404109312,"favorite_count":0,"source":"<a href=\"http://twitter.com\" rel=\"nofollow\">Twitter Web Client</a>","retweeted":false,"coordinates":null,"entities":{"symbols":[],"user_mentions":[{"id":499696436,"indices":[0,13],"id_str":"499696436","screen_name":"GrayConnolly","name":"Gray Connolly"}],"hashtags":[],"urls":[]},"in_reply_to_screen_name":"GrayConnolly","id_str":"544288692404109312","retweet_count":0,"in_reply_to_user_id":499696436,"favorited":false,"user":{"follow_request_sent":false,"profile_use_background_image":true,"profile_text_color":"333333","default_profile_image":false,"id":71796084,"profile_background_image_url_https":"https://abs.twimg.com/images/themes/theme1/bg.png","verified":false,"profile_location":null,"profile_image_url_https":"https://pbs.twimg.com/profile_images/514579458309619712/8L04_I48_normal.jpeg","profile_sidebar_fill_color":"DDEEF6","entities":{"description":{"urls":[]}},"followers_count":59,"profile_sidebar_border_color":"C0DEED","id_str":"71796084","profile_background_color":"C0DEED","listed_count":0,"is_translation_enabled":false,"utc_offset":null,"statuses_count":103,"description":"Human-","friends_count":224,"location":"Earth","profile_link_color":"0084B4","profile_image_url":"http://pbs.twimg.com/profile_images/514579458309619712/8L04_I48_normal.jpeg","following":false,"geo_enabled":false,"profile_banner_url":"https://pbs.twimg.com/profile_banners/71796084/1411520211","profile_background_image_url":"http://abs.twimg.com/images/themes/theme1/bg.png","name":"Lawrence Gilchrist","lang":"en","profile_background_tile":false,"favourites_count":78,"screen_name":"jagexx","notifications":false,"url":null,"created_at":"Sat Sep 05 13:01:48 +0000 2009","contributors_enabled":false,"time_zone":null,"protected":false,"default_profile":true,"is_translator":false},"geo":null,"in_reply_to_user_id_str":"499696436","lang":"en","created_at":"Mon Dec 15 00:31:51 +0000 2014","in_reply_to_status_id_str":"544279950929321984","place":null},
{"contributors":null,"truncated":false,"text":"@epdog2005 @GrayConnolly This was for whistleblowing.","in_reply_to_status_id":544279950929321984,"id":544289479755038720,"favorite_count":0,"source":"<a href=\"http://surrendercontrol.com\" rel=\"nofollow\">Orwell for iPhone</a>","retweeted":false,"coordinates":null,"entities":{"symbols":[],"user_mentions":[{"id":2213098207,"indices":[0,10],"id_str":"2213098207","screen_name":"epdog2005","name":"adam ep"},{"id":499696436,"indices":[11,24],"id_str":"499696436","screen_name":"GrayConnolly","name":"Gray Connolly"}],"hashtags":[],"urls":[]},"in_reply_to_screen_name":"GrayConnolly","id_str":"544289479755038720","retweet_count":0,"in_reply_to_user_id":499696436,"favorited":false,"user":{"follow_request_sent":false,"profile_use_background_image":true,"profile_text_color":"333333","default_profile_image":false,"id":2478060493,"profile_background_image_url_https":"https://abs.twimg.com/images/themes/theme1/bg.png","verified":false,"profile_location":null,"profile_image_url_https":"https://pbs.twimg.com/profile_images/553431152313131008/KB7z_FXO_normal.jpeg","profile_sidebar_fill_color":"DDEEF6","entities":{"description":{"urls":[]}},"followers_count":1688,"profile_sidebar_border_color":"C0DEED","id_str":"2478060493","profile_background_color":"C0DEED","listed_count":28,"is_translation_enabled":false,"utc_offset":36000,"statuses_count":5800,"description":"","friends_count":1865,"location":"Bangkok","profile_link_color":"0084B4","profile_image_url":"http://pbs.twimg.com/profile_images/553431152313131008/KB7z_FXO_normal.jpeg","following":false,"geo_enabled":false,"profile_background_image_url":"http://abs.twimg.com/images/themes/theme1/bg.png","name":"The real Grugq","lang":"en","profile_background_tile":false,"favourites_count":82,"screen_name":"thegrugq_ebooks","notifications":false,"url":null,"created_at":"Mon May 05 08:45:50 +0000 2014","contributors_enabled":false,"time_zone":"Brisbane","protected":false,"default_profile":true,"is_translator":false},"geo":null,"in_reply_to_user_id_str":"499696436","lang":"en","created_at":"Mon Dec 15 00:34:59 +0000 2014","in_reply_to_status_id_str":"544279950929321984","place":null},
{"contributors":null,"truncated":false,"text":"@GrayConnolly @jamieberry11 thought it was odd sky news made this woman there go into every small detail about evacuation etc","in_reply_to_status_id":544279950929321984,"id":544289557622312960,"favorite_count":0,"source":"<a href=\"http://twitter.com/download/iphone\" rel=\"nofollow\">Twitter for iPhone</a>","retweeted":false,"coordinates":null,"entities":{"symbols":[],"user_mentions":[{"id":499696436,"indices":[0,13],"id_str":"499696436","screen_name":"GrayConnolly","name":"Gray Connolly"},{"id":296332523,"indices":[14,27],"id_str":"296332523","screen_name":"jamieberry11","name":"Jamie Collett"}],"hashtags":[],"urls":[]},"in_reply_to_screen_name":"GrayConnolly","id_str":"544289557622312960","retweet_count":0,"in_reply_to_user_id":499696436,"favorited":false,"user":{"follow_request_sent":false,"profile_use_background_image":true,"profile_text_color":"333333","default_profile_image":false,"id":252054530,"profile_background_image_url_https":"https://pbs.twimg.com/profile_background_images/881514554/92b35dafd363f82b7798177a3d1a7dde.jpeg","verified":false,"profile_location":null,"profile_image_url_https":"https://pbs.twimg.com/profile_images/572374247789764608/MRbGhENU_normal.jpeg","profile_sidebar_fill_color":"DDEEF6","entities":{"description":{"urls":[]}},"followers_count":1457,"profile_sidebar_border_color":"FFFFFF","id_str":"252054530","profile_background_color":"642D8B","listed_count":11,"is_translation_enabled":false,"utc_offset":0,"statuses_count":88524,"description":"","friends_count":871,"location":"South East London","profile_link_color":"FF0000","profile_image_url":"http://pbs.twimg.com/profile_images/572374247789764608/MRbGhENU_normal.jpeg","following":false,"geo_enabled":true,"profile_banner_url":"https://pbs.twimg.com/profile_banners/252054530/1417678549","profile_background_image_url":"http://pbs.twimg.com/profile_background_images/881514554/92b35dafd363f82b7798177a3d1a7dde.jpeg","name":"Jamal.","lang":"en","profile_background_tile":false,"favourites_count":6990,"screen_name":"carefreejamal","notifications":false,"url":null,"created_at":"Mon Feb 14 11:45:05 +0000 2011","contributors_enabled":false,"time_zone":"London","protected":false,"default_profile":false,"is_translator":false},"geo":null,"in_reply_to_user_id_str":"499696436","lang":"en","created_at":"Mon Dec 15 00:35:17 +0000 2014","in_reply_to_status_id_str":"544279950929321984","place":null},
{"contributors":null,"truncated":false,"text":"@GrayConnolly @ChelseaRumours its live on TV, bet they're watching inside. Shades of Munich","in_reply_to_status_id":544279950929321984,"id":544291230780510208,"favorite_count":1,"source":"<a href=\"http://twitter.com/#!/download/ipad\" rel=\"nofollow\">Twitter for iPad</a>","retweeted":false,"coordinates":null,"entities":{"symbols":[],"user_mentions":[{"id":499696436,"indices":[0,13],"id_str":"499696436","screen_name":"GrayConnolly","name":"Gray Connolly"},{"id":253162254,"indices":[14,29],"id_str":"253162254","screen_name":"ChelseaRumours","name":"Chelsea Rumours"}],"hashtags":[],"urls":[]},"in_reply_to_screen_name":"GrayConnolly","id_str":"544291230780510208","retweet_count":0,"in_reply_to_user_id":499696436,"favorited":false,"user":{"follow_request_sent":false,"profile_use_background_image":true,"profile_text_color":"4D918A","default_profile_image":false,"id":293204804,"profile_background_image_url_https":"https://pbs.twimg.com/profile_background_images/779274356/f7124384892d5ca66319bd7e1111705c.jpeg","verified":false,"profile_location":null,"profile_image_url_https":"https://pbs.twimg.com/profile_images/536604643665924097/-WZC0uXO_normal.jpeg","profile_sidebar_fill_color":"B9D8D6","entities":{"url":{"urls":[{"url":"http://t.co/EqvLAghHID","indices":[0,22],"expanded_url":"http://www.iOffice.me.uk","display_url":"iOffice.me.uk"}]},"description":{"urls":[]}},"followers_count":164,"profile_sidebar_border_color":"4D918A","id_str":"293204804","profile_background_color":"F2F7F7","listed_count":0,"is_translation_enabled":false,"utc_offset":0,"statuses_count":7315,"description":"Not Standard Issue","friends_count":223,"location":"England","profile_link_color":"587370","profile_image_url":"http://pbs.twimg.com/profile_images/536604643665924097/-WZC0uXO_normal.jpeg","following":false,"geo_enabled":true,"profile_banner_url":"https://pbs.twimg.com/profile_banners/293204804/1396810325","profile_background_image_url":"http://pbs.twimg.com/profile_background_images/779274356/f7124384892d5ca66319bd7e1111705c.jpeg","name":"KateAitken","lang":"en","profile_background_tile":false,"favourites_count":295,"screen_name":"KateAitken1","notifications":false,"url":"http://t.co/EqvLAghHID","created_at":"Wed May 04 23:11:47 +0000 2011","contributors_enabled":false,"time_zone":"London","protected":false,"default_profile":false,"is_translator":false},"geo":null,"in_reply_to_user_id_str":"499696436","lang":"en","created_at":"Mon Dec 15 00:41:56 +0000 2014","in_reply_to_status_id_str":"544279950929321984","place":null},
{"contributors":null,"truncated":false,"text":"@KateAitken1 @ChelseaRumours  one prays it is not so but yes, precisely","in_reply_to_status_id":544291230780510208,"id":544292055678070784,"favorite_count":0,"source":"<a href=\"http://twitter.com\" rel=\"nofollow\">Twitter Web Client</a>","retweeted":false,"coordinates":null,"entities":{"symbols":[],"user_mentions":[{"id":293204804,"indices":[0,12],"id_str":"293204804","screen_name":"KateAitken1","name":"KateAitken"},{"id":253162254,"indices":[13,28],"id_str":"253162254","screen_name":"ChelseaRumours","name":"Chelsea Rumours"}],"hashtags":[],"urls":[]},"in_reply_to_screen_name":"KateAitken1","id_str":"544292055678070784","retweet_count":0,"in_reply_to_user_id":293204804,"favorited":false,"user":{"follow_request_sent":false,"profile_use_background_image":true,"profile_text_color":"F20E40","default_profile_image":false,"id":499696436,"profile_background_image_url_https":"https://pbs.twimg.com/profile_background_images/535667489443569665/9nDYDnVG.jpeg","verified":false,"profile_location":null,"profile_image_url_https":"https://pbs.twimg.com/profile_images/588984739459010560/9282aLAP_normal.jpg","profile_sidebar_fill_color":"C0DFEC","entities":{"url":{"urls":[{"url":"http://t.co/tR4lLi09ZV","indices":[0,22],"expanded_url":"http://strategycounsel.blogspot.com.au","display_url":"strategycounsel.blogspot.com.au"}]},"description":{"urls":[]}},"followers_count":1240,"profile_sidebar_border_color":"FFFFFF","id_str":"499696436","profile_background_color":"226B85","listed_count":51,"is_translation_enabled":false,"utc_offset":39600,"statuses_count":973,"description":"Husbandist|Strategist|Realist|Militarist| Ultramontanist|Biblicist|Jurist| ~SSFC/KLF/ISTJ/Car guy/Basset Hound owner~Proverbs 27:17~ *RTs NOT endorsements*","friends_count":1829,"location":"Sydney","profile_link_color":"DD2E44","profile_image_url":"http://pbs.twimg.com/profile_images/588984739459010560/9282aLAP_normal.jpg","following":false,"geo_enabled":true,"profile_banner_url":"https://pbs.twimg.com/profile_banners/499696436/1398219547","profile_background_image_url":"http://pbs.twimg.com/profile_background_images/535667489443569665/9nDYDnVG.jpeg","name":"Gray Connolly","lang":"en-gb","profile_background_tile":true,"favourites_count":17649,"screen_name":"GrayConnolly","notifications":false,"url":"http://t.co/tR4lLi09ZV","created_at":"Wed Feb 22 11:28:07 +0000 2012","contributors_enabled":false,"time_zone":"Sydney","protected":false,"default_profile":false,"is_translator":false},"geo":null,"in_reply_to_user_id_str":"293204804","lang":"en","created_at":"Mon Dec 15 00:45:13 +0000 2014","in_reply_to_status_id_str":"544291230780510208","place":{"full_name":"Sydney, New South Wales","url":"https://api.twitter.com/1.1/geo/id/0073b76548e5984f.json","country":"Australia","place_type":"city","bounding_box":{"type":"Polygon","coordinates":[[[150.520928608,-34.1183470085],[151.343020992,-34.1183470085],[151.343020992,-33.578140996],[150.520928608,-33.578140996]]]},"contained_within":[],"country_code":"AU","attributes":{},"id":"0073b76548e5984f","name":"Sydney"}}
]