[{"contributors":null,"truncated":false,"text":"@MotherJones \nHow long before you maggots write a story to tie this savagery to the global warming sham you love to pimp?","in_reply_to_status_id":544296158206894081,"id":544298734088359936,"favorite_count":0,"source":"<a href=\"http://twitter.com/download/android\" rel=\"nofollow\">Twitter for Android</a>","retweeted":false,"coordinates":null,"entities":{"symbols":[],"user_mentions":[{"id":18510860,"indices":[0,12],"id_str":"18510860","screen_name":"MotherJones","name":"Mother Jones"}],"hashtags":[],"urls":[]},"in_reply_to_screen_name":"MotherJones","id_str":"544298734088359936","retweet_count":0,"in_reply_to_user_id":18510860,"favorited":false,"user":{"follow_request_sent":false,"profile_use_background_image":true,"profile_text_color":"333333","default_profile_image":false,"id":1554738476,"profile_background_image_url_https":"https://abs.twimg.com/images/themes/theme1/bg.png","verified":false,"profile_location":null,"profile_image_url_https":"https://pbs.twimg.com/profile_images/492438663616536576/WdK-ko0l_normal.jpeg","profile_sidebar_fill_color":"DDEEF6","entities":{"description":{"urls":[]}},"followers_count":179,"profile_sidebar_border_color":"C0DEED","id_str":"1554738476","profile_background_color":"C0DEED","listed_count":6,"is_translation_enabled":false,"utc_offset":-14400,"statuses_count":2572,"description":"","friends_count":658,"location":"Vero Beach","profile_link_color":"0084B4","profile_image_url":"http://pbs.twimg.com/profile_images/492438663616536576/WdK-ko0l_normal.jpeg","following":false,"geo_enabled":false,"profile_background_image_url":"http://abs.twimg.com/images/themes/theme1/bg.png","name":"OldDog","lang":"en","profile_background_tile":false,"favourites_count":1244,"screen_name":"zebra19er","notifications":false,"url":null,"created_at":"Sat Jun 29 04:25:31 +0000 2013","contributors_enabled":false,"time_zone":"Atlantic Time (Canada)","protected":false,"default_profile":true,"is_translator":false},"geo":null,"in_reply_to_user_id_str":"18510860","lang":"en","created_at":"Mon Dec 15 01:11:45 +0000 2014","in_reply_to_status_id_str":"544296158206894081","place":null},
{"contributors":null,"truncated":false,"text":"@MotherJones &amp; no news coverage, 15 min on CNN &amp; all other stations can't do live news?????","in_reply_to_status_id":544296158206894081,"id":544301795447541760,"favorite_count":0,"source":"<a href=\"http://twitter.com/download/iphone\" rel=\"nofollow\">Twitter for iPhone</a>","retweeted":false,"coordinates":null,"entities":{"symbols":[],"user_mentions":[{"id":18510860,"indices":[0,12],"id_str":"18510860","screen_name":"MotherJones","name":"Mother Jones"}],"hashtags":[],"urls":[]},"in_reply_to_screen_name":"MotherJones","id_str":"544301795447541760","retweet_count":0,"in_reply_to_user_id":18510860,"favorited":false,"user":{"follow_request_sent":false,"profile_use_background_image":true,"profile_text_color":"333333","default_profile_image":false,"id":2307296066,"profile_background_image_url_https":"https://abs.twimg.com/images/themes/theme1/bg.png","verified":false,"profile_location":null,"profile_image_url_https":"https://pbs.twimg.com/profile_images/426474334463352832/2cwRdM5Y_normal.jpeg","profile_sidebar_fill_color":"DDEEF6","entities":{"url":{"urls":[{"url":"http://t.co/e5XfmM5r3v","indices":[0,22],"expanded_url":"http://teaminspireproject.com","display_url":"teaminspireproject.com"}]},"description":{"urls":[]}},"followers_count":575,"profile_sidebar_border_color":"C0DEED","id_str":"2307296066","profile_background_color":"C0DEED","listed_count":25,"is_translation_enabled":false,"utc_offset":null,"statuses_count":57678,"description":"","friends_count":348,"location":"","profile_link_color":"0084B4","profile_image_url":"http://pbs.twimg.com/profile_images/426474334463352832/2cwRdM5Y_normal.jpeg","following":false,"geo_enabled":true,"profile_background_image_url":"http://abs.twimg.com/images/themes/theme1/bg.png","name":"Suzette","lang":"en","profile_background_tile":false,"favourites_count":26328,"screen_name":"suzettepetillo","notifications":false,"url":"http://t.co/e5XfmM5r3v","created_at":"Thu Jan 23 21:56:52 +0000 2014","contributors_enabled":false,"time_zone":null,"protected":false,"default_profile":true,"is_translator":false},"geo":null,"in_reply_to_user_id_str":"18510860","lang":"en","created_at":"Mon Dec 15 01:23:55 +0000 2014","in_reply_to_status_id_str":"544296158206894081","place":null},
{"contributors":null,"truncated":false,"text":"@MotherJones @HaroldItz","in_reply_to_status_id":544296158206894081,"id":544309620450160640,"favorite_count":0,"source":"<a href=\"http://twitter.com\" rel=\"nofollow\">Twitter Web Client</a>","retweeted":false,"coordinates":null,"entities":{"symbols":[],"user_mentions":[{"id":18510860,"indices":[0,12],"id_str":"18510860","screen_name":"MotherJones","name":"Mother Jones"},{"id":293227742,"indices":[13,23],"id_str":"293227742","screen_name":"HaroldItz","name":"Harold Itzkowitz"}],"hashtags":[],"urls":[]},"in_reply_to_screen_name":"MotherJones","id_str":"544309620450160640","retweet_count":0,"in_reply_to_user_id":18510860,"favorited":false,"user":{"follow_request_sent":false,"profile_use_background_image":true,"profile_text_color":"333333","default_profile_image":false,"id":705564782,"profile_background_image_url_https":"https://abs.twimg.com/images/themes/theme1/bg.png","verified":false,"profile_location":null,"profile_image_url_https":"https://pbs.twimg.com/profile_images/2481028029/gwbiombp33xb93tzkkje_normal.jpeg","profile_sidebar_fill_color":"DDEEF6","entities":{"description":{"urls":[]}},"followers_count":1219,"profile_sidebar_border_color":"C0DEED","id_str":"705564782","profile_background_color":"C0DEED","listed_count":48,"is_translation_enabled":false,"utc_offset":null,"statuses_count":73307,"description":"","friends_count":1706,"location":"Tampa, Florida","profile_link_color":"0084B4","profile_image_url":"http://pbs.twimg.com/profile_images/2481028029/gwbiombp33xb93tzkkje_normal.jpeg","following":false,"geo_enabled":false,"profile_background_image_url":"http://abs.twimg.com/images/themes/theme1/bg.png","name":"Rosa Jordan","lang":"en","profile_background_tile":false,"favourites_count":2022,"screen_name":"rmj_rosa","notifications":false,"url":null,"created_at":"Thu Jul 19 18:38:43 +0000 2012","contributors_enabled":false,"time_zone":null,"protected":false,"default_profile":true,"is_translator":false},"geo":null,"in_reply_to_user_id_str":"18510860","lang":"und","created_at":"Mon Dec 15 01:55:00 +0000 2014","in_reply_to_status_id_str":"544296158206894081","place":null},
{"contributors":null,"truncated":false,"text":"“@MotherJones: Breaking: Sydney On Lockdown as Dramatic Siege Unfolds http://t.co/tGezn7ZvBu #sydneysiege http://t.co/Ebqc92wnW1”","in_reply_to_status_id":544296158206894081,"id":544324018367500288,"favorite_count":0,"source":"<a href=\"http://twitter.com/download/iphone\" rel=\"nofollow\">Twitter for iPhone</a>","retweeted":false,"coordinates":null,"entities":{"symbols":[],"user_mentions":[{"id":18510860,"indices":[1,13],"id_str":"18510860","screen_name":"MotherJones","name":"Mother Jones"}],"hashtags":[{"indices":[93,105],"text":"sydneysiege"}],"urls":[{"url":"http://t.co/tGezn7ZvBu","indices":[70,92],"expanded_url":"http://bit.ly/1yPgkC4","display_url":"bit.ly/1yPgkC4"}],"media":[{"source_user_id":18510860,"source_status_id_str":"544296158206894081","expanded_url":"http://twitter.com/MotherJones/status/544296158206894081/photo/1","display_url":"pic.twitter.com/Ebqc92wnW1","url":"http://t.co/Ebqc92wnW1","media_url_https":"https://pbs.twimg.com/media/B426eIsCQAALl3z.jpg","source_user_id_str":"18510860","source_status_id":544296158206894081,"id_str":"544296156872720384","sizes":{"large":{"h":354,"resize":"fit","w":630},"small":{"h":191,"resize":"fit","w":340},"medium":{"h":337,"resize":"fit","w":600},"thumb":{"h":150,"resize":"crop","w":150}},"indices":[106,128],"type":"photo","id":544296156872720384,"media_url":"http://pbs.twimg.com/media/B426eIsCQAALl3z.jpg"}]},"in_reply_to_screen_name":"MotherJones","id_str":"544324018367500288","retweet_count":2,"in_reply_to_user_id":18510860,"favorited":false,"user":{"follow_request_sent":false,"profile_use_background_image":true,"profile_text_color":"0C3E53","default_profile_image":false,"id":282894960,"profile_background_image_url_https":"https://pbs.twimg.com/profile_background_images/852532419/a632afab160871fae1491531afa55c33.png","verified":false,"profile_location":null,"profile_image_url_https":"https://pbs.twimg.com/profile_images/3575637147/d2295d05632bc061697f2bd004554c5e_normal.jpeg","profile_sidebar_fill_color":"FFF7CC","entities":{"description":{"urls":[]}},"followers_count":6976,"profile_sidebar_border_color":"FFFFFF","id_str":"282894960","profile_background_color":"DD2E44","listed_count":254,"is_translation_enabled":false,"utc_offset":-14400,"statuses_count":139175,"description":"The idea that some lives matter less is the root  of all that is wrong with the world.","friends_count":7422,"location":"","profile_link_color":"0D41A3","profile_image_url":"http://pbs.twimg.com/profile_images/3575637147/d2295d05632bc061697f2bd004554c5e_normal.jpeg","following":false,"geo_enabled":false,"profile_banner_url":"https://pbs.twimg.com/profile_banners/282894960/1367122138","profile_background_image_url":"http://pbs.twimg.com/profile_background_images/852532419/a632afab160871fae1491531afa55c33.png","name":"Not Given","lang":"en","profile_background_tile":true,"favourites_count":59484,"screen_name":"Can_ada","notifications":false,"url":null,"created_at":"Sat Apr 16 04:43:00 +0000 2011","contributors_enabled":false,"time_zone":"Atlantic Time (Canada)","protected":false,"default_profile":false,"is_translator":false},"geo":null,"in_reply_to_user_id_str":"18510860","possibly_sensitive":false,"lang":"en","created_at":"Mon Dec 15 02:52:13 +0000 2014","in_reply_to_status_id_str":"544296158206894081","place":null,"extended_entities":{"media":[{"source_user_id":18510860,"source_status_id_str":"544296158206894081","expanded_url":"http://twitter.com/MotherJones/status/544296158206894081/photo/1","display_url":"pic.twitter.com/Ebqc92wnW1","url":"http://t.co/Ebqc92wnW1","media_url_https":"https://pbs.twimg.com/media/B426eIsCQAALl3z.jpg","source_user_id_str":"18510860","source_status_id":544296158206894081,"id_str":"544296156872720384","sizes":{"large":{"h":354,"resize":"fit","w":630},"small":{"h":191,"resize":"fit","w":340},"medium":{"h":337,"resize":"fit","w":600},"thumb":{"h":150,"resize":"crop","w":150}},"indices":[106,128],"type":"photo","id":544296156872720384,"media_url":"http://pbs.twimg.com/media/B426eIsCQAALl3z.jpg"}]}},
{"contributors":null,"truncated":false,"text":".@MotherJones people are dangerous and stupid.","in_reply_to_status_id":544296158206894081,"id":544325709343514624,"favorite_count":0,"source":"<a href=\"http://twitter.com/download/iphone\" rel=\"nofollow\">Twitter for iPhone</a>","retweeted":false,"coordinates":null,"entities":{"symbols":[],"user_mentions":[{"id":18510860,"indices":[1,13],"id_str":"18510860","screen_name":"MotherJones","name":"Mother Jones"}],"hashtags":[],"urls":[]},"in_reply_to_screen_name":"MotherJones","id_str":"544325709343514624","retweet_count":0,"in_reply_to_user_id":18510860,"favorited":false,"user":{"follow_request_sent":false,"profile_use_background_image":true,"profile_text_color":"634047","default_profile_image":false,"id":23219195,"profile_background_image_url_https":"https://pbs.twimg.com/profile_background_images/457036636253978624/LI11b1No.jpeg","verified":false,"profile_location":null,"profile_image_url_https":"https://pbs.twimg.com/profile_images/581514860892012545/ROKQh5u9_normal.jpg","profile_sidebar_fill_color":"E3E2DE","entities":{"url":{"urls":[{"url":"http://t.co/xINQUimBVK","indices":[0,22],"expanded_url":"http://www.DelaneyWilliams.com","display_url":"DelaneyWilliams.com"}]},"description":{"urls":[]}},"followers_count":2142,"profile_sidebar_border_color":"000000","id_str":"23219195","profile_background_color":"2AA0B0","listed_count":45,"is_translation_enabled":false,"utc_offset":-18000,"statuses_count":2748,"description":"Actor~HBO's THE WIRE, VEEP and YOU DON'T KNOW JACK; NBC's LAW&ORDER:SVU and THE WEST WING, CBS's COLD CASE","friends_count":529,"location":"","profile_link_color":"088253","profile_image_url":"http://pbs.twimg.com/profile_images/581514860892012545/ROKQh5u9_normal.jpg","following":false,"geo_enabled":true,"profile_banner_url":"https://pbs.twimg.com/profile_banners/23219195/1418764563","profile_background_image_url":"http://pbs.twimg.com/profile_background_images/457036636253978624/LI11b1No.jpeg","name":"Delaney Williams","lang":"en","profile_background_tile":true,"favourites_count":2491,"screen_name":"delaneywilliams","notifications":false,"url":"http://t.co/xINQUimBVK","created_at":"Sat Mar 07 18:30:08 +0000 2009","contributors_enabled":false,"time_zone":"Eastern Time (US & Canada)","protected":false,"default_profile":false,"is_translator":false},"geo":null,"in_reply_to_user_id_str":"18510860","lang":"en","created_at":"Mon Dec 15 02:58:56 +0000 2014","in_reply_to_status_id_str":"544296158206894081","place":null},
{"contributors":null,"truncated":false,"text":"@MotherJones @rgay Okay, one block is on lockdown. I'm six blocks away and it's business as usual.","in_reply_to_status_id":544296158206894081,"id":544347718672330753,"favorite_count":4,"source":"<a href=\"https://about.twitter.com/products/tweetdeck\" rel=\"nofollow\">TweetDeck</a>","retweeted":false,"coordinates":null,"entities":{"symbols":[],"user_mentions":[{"id":18510860,"indices":[0,12],"id_str":"18510860","screen_name":"MotherJones","name":"Mother Jones"},{"id":6974622,"indices":[13,18],"id_str":"6974622","screen_name":"rgay","name":" Sugah Daddy "}],"hashtags":[],"urls":[]},"in_reply_to_screen_name":"MotherJones","id_str":"544347718672330753","retweet_count":1,"in_reply_to_user_id":18510860,"favorited":false,"user":{"follow_request_sent":false,"profile_use_background_image":true,"profile_text_color":"333333","default_profile_image":false,"id":9177342,"profile_background_image_url_https":"https://pbs.twimg.com/profile_background_images/378800000033643270/750d14fcb00c1caadd8ff5dd754a5449.jpeg","verified":false,"profile_location":null,"profile_image_url_https":"https://pbs.twimg.com/profile_images/528686619574796289/GGx74BAv_normal.png","profile_sidebar_fill_color":"DDEEF6","entities":{"description":{"urls":[{"url":"http://t.co/QIMhyH0oKS","indices":[66,88],"expanded_url":"http://notesfromcrimealley.blogspot.com.au/","display_url":"notesfromcrimealley.blogspot.com.au"}]}},"followers_count":262,"profile_sidebar_border_color":"000000","id_str":"9177342","profile_background_color":"ACDED6","listed_count":11,"is_translation_enabled":false,"utc_offset":39600,"statuses_count":24409,"description":"I am the revelation! The tiger force at the core of all things! \n\nhttp://t.co/QIMhyH0oKS","friends_count":184,"location":"Sydney","profile_link_color":"038543","profile_image_url":"http://pbs.twimg.com/profile_images/528686619574796289/GGx74BAv_normal.png","following":false,"geo_enabled":false,"profile_background_image_url":"http://pbs.twimg.com/profile_background_images/378800000033643270/750d14fcb00c1caadd8ff5dd754a5449.jpeg","name":"Alex Vakarian","lang":"en","profile_background_tile":true,"favourites_count":3538,"screen_name":"euchrid","notifications":false,"url":null,"created_at":"Sun Sep 30 19:39:13 +0000 2007","contributors_enabled":false,"time_zone":"Sydney","protected":false,"default_profile":false,"is_translator":false},"geo":null,"in_reply_to_user_id_str":"18510860","lang":"en","created_at":"Mon Dec 15 04:26:24 +0000 2014","in_reply_to_status_id_str":"544296158206894081","place":null},
{"contributors":null,"truncated":false,"text":"@MotherJones watch the guns disappear in Australia in record time","in_reply_to_status_id":544296158206894081,"id":544406546797838336,"favorite_count":0,"source":"<a href=\"http://twitter.com/download/iphone\" rel=\"nofollow\">Twitter for iPhone</a>","retweeted":false,"coordinates":null,"entities":{"symbols":[],"user_mentions":[{"id":18510860,"indices":[0,12],"id_str":"18510860","screen_name":"MotherJones","name":"Mother Jones"}],"hashtags":[],"urls":[]},"in_reply_to_screen_name":"MotherJones","id_str":"544406546797838336","retweet_count":0,"in_reply_to_user_id":18510860,"favorited":false,"user":{"follow_request_sent":false,"profile_use_background_image":true,"profile_text_color":"333333","default_profile_image":true,"id":1692934940,"profile_background_image_url_https":"https://abs.twimg.com/images/themes/theme1/bg.png","verified":false,"profile_location":null,"profile_image_url_https":"https://abs.twimg.com/sticky/default_profile_images/default_profile_4_normal.png","profile_sidebar_fill_color":"DDEEF6","entities":{"url":{"urls":[{"url":"http://t.co/8vcYhuqaf8","indices":[0,22],"expanded_url":"http://www.yahoo.com","display_url":"yahoo.com"}]},"description":{"urls":[]}},"followers_count":19,"profile_sidebar_border_color":"C0DEED","id_str":"1692934940","profile_background_color":"C0DEED","listed_count":0,"is_translation_enabled":false,"utc_offset":null,"statuses_count":833,"description":"","friends_count":92,"location":"Lieberman.mia @gmail,com","profile_link_color":"0084B4","profile_image_url":"http://abs.twimg.com/sticky/default_profile_images/default_profile_4_normal.png","following":false,"geo_enabled":true,"profile_background_image_url":"http://abs.twimg.com/images/themes/theme1/bg.png","name":"Myra Lieberman(Mia)","lang":"en","profile_background_tile":false,"favourites_count":609,"screen_name":"LiebMia","notifications":false,"url":"http://t.co/8vcYhuqaf8","created_at":"Fri Aug 23 05:13:57 +0000 2013","contributors_enabled":false,"time_zone":null,"protected":false,"default_profile":true,"is_translator":false},"geo":null,"in_reply_to_user_id_str":"18510860","lang":"en","created_at":"Mon Dec 15 08:20:09 +0000 2014","in_reply_to_status_id_str":"544296158206894081","place":null}
]