[{"contributors":null,"truncated":false,"text":"@SimonLongstaff Thinking more about the people with guns to their heads right now mate.","in_reply_to_status_id":544293261506928640,"id":544295438049095681,"favorite_count":0,"source":"<a href=\"http://www.hootsuite.com\" rel=\"nofollow\">Hootsuite</a>","retweeted":false,"coordinates":null,"entities":{"symbols":[],"user_mentions":[{"id":29148666,"indices":[0,15],"id_str":"29148666","screen_name":"SimonLongstaff","name":"Simon Longstaff"}],"hashtags":[],"urls":[]},"in_reply_to_screen_name":"SimonLongstaff","id_str":"544295438049095681","retweet_count":0,"in_reply_to_user_id":29148666,"favorited":false,"user":{"follow_request_sent":false,"profile_use_background_image":true,"profile_text_color":"333333","default_profile_image":false,"id":88928656,"profile_background_image_url_https":"https://abs.twimg.com/images/themes/theme1/bg.png","verified":false,"profile_location":null,"profile_image_url_https":"https://pbs.twimg.com/profile_images/500537555331207171/LwdgSNg9_normal.jpeg","profile_sidebar_fill_color":"DDEEF6","entities":{"description":{"urls":[]}},"followers_count":29,"profile_sidebar_border_color":"C0DEED","id_str":"88928656","profile_background_color":"C0DEED","listed_count":0,"is_translation_enabled":false,"utc_offset":-36000,"statuses_count":44,"description":"","friends_count":96,"location":"","profile_link_color":"0084B4","profile_image_url":"http://pbs.twimg.com/profile_images/500537555331207171/LwdgSNg9_normal.jpeg","following":false,"geo_enabled":false,"profile_background_image_url":"http://abs.twimg.com/images/themes/theme1/bg.png","name":"Dave Corbett","lang":"en","profile_background_tile":false,"favourites_count":3,"screen_name":"chezcorbay","notifications":false,"url":null,"created_at":"Tue Nov 10 13:36:32 +0000 2009","contributors_enabled":false,"time_zone":"Hawaii","protected":false,"default_profile":true,"is_translator":false},"geo":null,"in_reply_to_user_id_str":"29148666","lang":"en","created_at":"Mon Dec 15 00:58:39 +0000 2014","in_reply_to_status_id_str":"544293261506928640","place":null},
{"contributors":null,"truncated":false,"text":"@SimonLongstaff @muso1947 CRAP. They know who these Jihardists' are &amp; protect them. It is time to end Political Correctness and get real","in_reply_to_status_id":544293261506928640,"id":544300530944589824,"favorite_count":0,"source":"<a href=\"http://twitter.com\" rel=\"nofollow\">Twitter Web Client</a>","retweeted":false,"coordinates":null,"entities":{"symbols":[],"user_mentions":[{"id":29148666,"indices":[0,15],"id_str":"29148666","screen_name":"SimonLongstaff","name":"Simon Longstaff"},{"id":551483643,"indices":[16,25],"id_str":"551483643","screen_name":"muso1947","name":"Just a Dame"}],"hashtags":[],"urls":[]},"in_reply_to_screen_name":"SimonLongstaff","id_str":"544300530944589824","retweet_count":0,"in_reply_to_user_id":29148666,"favorited":false,"user":{"follow_request_sent":false,"profile_use_background_image":true,"profile_text_color":"333333","default_profile_image":false,"id":78269757,"profile_background_image_url_https":"https://abs.twimg.com/images/themes/theme1/bg.png","verified":false,"profile_location":null,"profile_image_url_https":"https://pbs.twimg.com/profile_images/432017133417926656/KVGf7Qvb_normal.jpeg","profile_sidebar_fill_color":"DDEEF6","entities":{"description":{"urls":[]}},"followers_count":115,"profile_sidebar_border_color":"C0DEED","id_str":"78269757","profile_background_color":"C0DEED","listed_count":0,"is_translation_enabled":false,"utc_offset":36000,"statuses_count":1974,"description":"Commonwealth scholar, Psychology  & Ag graduate, ex company director & academic . Now semi-retired farmer and opinionated grumpy old man.","friends_count":396,"location":"Queensland Australia","profile_link_color":"0084B4","profile_image_url":"http://pbs.twimg.com/profile_images/432017133417926656/KVGf7Qvb_normal.jpeg","following":false,"geo_enabled":false,"profile_banner_url":"https://pbs.twimg.com/profile_banners/78269757/1402209662","profile_background_image_url":"http://abs.twimg.com/images/themes/theme1/bg.png","name":"Jamie King","lang":"en","profile_background_tile":false,"favourites_count":12,"screen_name":"JamieCK50F","notifications":false,"url":null,"created_at":"Tue Sep 29 10:12:10 +0000 2009","contributors_enabled":false,"time_zone":"Brisbane","protected":false,"default_profile":true,"is_translator":false},"geo":null,"in_reply_to_user_id_str":"29148666","lang":"en","created_at":"Mon Dec 15 01:18:53 +0000 2014","in_reply_to_status_id_str":"544293261506928640","place":null},
{"contributors":null,"truncated":false,"text":"@SimonLongstaff \nWhat Media don't say It's OLD WORLD  Mediterranean CROWD Area Jihadists NOT Australasian in Australasia  #abcnews24 #auspol","in_reply_to_status_id":544293261506928640,"id":544311095469408256,"favorite_count":0,"source":"<a href=\"https://about.twitter.com/products/tweetdeck\" rel=\"nofollow\">TweetDeck</a>","retweeted":false,"coordinates":null,"entities":{"symbols":[],"user_mentions":[{"id":29148666,"indices":[0,15],"id_str":"29148666","screen_name":"SimonLongstaff","name":"Simon Longstaff"}],"hashtags":[{"indices":[122,132],"text":"abcnews24"},{"indices":[133,140],"text":"auspol"}],"urls":[]},"in_reply_to_screen_name":"SimonLongstaff","id_str":"544311095469408256","retweet_count":0,"in_reply_to_user_id":29148666,"favorited":false,"user":{"follow_request_sent":false,"profile_use_background_image":true,"profile_text_color":"333333","default_profile_image":false,"id":448608078,"profile_background_image_url_https":"https://pbs.twimg.com/profile_background_images/628496209/khltgst3qgcvsy35bntg.jpeg","verified":false,"profile_location":null,"profile_image_url_https":"https://pbs.twimg.com/profile_images/2076317886/DANSHEEP_normal.jpg","profile_sidebar_fill_color":"EFEFEF","entities":{"url":{"urls":[{"url":"http://t.co/DH8PrzNDuK","indices":[0,22],"expanded_url":"http://www.facebook.com/SuzieBobridge","display_url":"facebook.com/SuzieBobridge"}]},"description":{"urls":[]}},"followers_count":305,"profile_sidebar_border_color":"EEEEEE","id_str":"448608078","profile_background_color":"131516","listed_count":3,"is_translation_enabled":false,"utc_offset":37800,"statuses_count":19870,"description":"Walk the Earth...You Fat Bastards !! Don't vote for Lawyers Cathars where right; \r\nThe rich will get richer the poor will just get vicious;  Vote AUSTRALASIAN","friends_count":423,"location":"Australia ","profile_link_color":"009999","profile_image_url":"http://pbs.twimg.com/profile_images/2076317886/DANSHEEP_normal.jpg","following":false,"geo_enabled":false,"profile_banner_url":"https://pbs.twimg.com/profile_banners/448608078/1353629692","profile_background_image_url":"http://pbs.twimg.com/profile_background_images/628496209/khltgst3qgcvsy35bntg.jpeg","name":"Carnegie","lang":"en","profile_background_tile":true,"favourites_count":21,"screen_name":"sheepRdangerous","notifications":false,"url":"http://t.co/DH8PrzNDuK","created_at":"Wed Dec 28 05:33:25 +0000 2011","contributors_enabled":false,"time_zone":"Adelaide","protected":false,"default_profile":false,"is_translator":false},"geo":null,"in_reply_to_user_id_str":"29148666","lang":"en","created_at":"Mon Dec 15 02:00:52 +0000 2014","in_reply_to_status_id_str":"544293261506928640","place":null},
{"contributors":null,"truncated":false,"text":"@SimonLongstaff @AussieOskar they are copping it now here, from the alan vomit jones redneck bogan brigade, in spades sadly.","in_reply_to_status_id":544293261506928640,"id":544311615957377024,"favorite_count":0,"source":"<a href=\"http://twitter.com\" rel=\"nofollow\">Twitter Web Client</a>","retweeted":false,"coordinates":null,"entities":{"symbols":[],"user_mentions":[{"id":29148666,"indices":[0,15],"id_str":"29148666","screen_name":"SimonLongstaff","name":"Simon Longstaff"},{"id":323076264,"indices":[16,28],"id_str":"323076264","screen_name":"AussieOskar","name":"King Oskar"}],"hashtags":[],"urls":[]},"in_reply_to_screen_name":"SimonLongstaff","id_str":"544311615957377024","retweet_count":0,"in_reply_to_user_id":29148666,"favorited":false,"user":{"follow_request_sent":false,"profile_use_background_image":true,"profile_text_color":"333333","default_profile_image":true,"id":229994594,"profile_background_image_url_https":"https://abs.twimg.com/images/themes/theme1/bg.png","verified":false,"profile_location":null,"profile_image_url_https":"https://abs.twimg.com/sticky/default_profile_images/default_profile_4_normal.png","profile_sidebar_fill_color":"DDEEF6","entities":{"description":{"urls":[]}},"followers_count":302,"profile_sidebar_border_color":"C0DEED","id_str":"229994594","profile_background_color":"C0DEED","listed_count":6,"is_translation_enabled":false,"utc_offset":null,"statuses_count":9998,"description":"LEFT of centre,loves boxer dogs, chess,green issues, the ocean, animals, bushwalking,reading,Collingwood magpies,history,music,blues, rock,dining out,politics","friends_count":265,"location":"Mt Evelyn","profile_link_color":"0084B4","profile_image_url":"http://abs.twimg.com/sticky/default_profile_images/default_profile_4_normal.png","following":false,"geo_enabled":false,"profile_background_image_url":"http://abs.twimg.com/images/themes/theme1/bg.png","name":"Stephen James.","lang":"en","profile_background_tile":false,"favourites_count":14,"screen_name":"piesnchess","notifications":false,"url":null,"created_at":"Thu Dec 23 23:27:24 +0000 2010","contributors_enabled":false,"time_zone":null,"protected":false,"default_profile":true,"is_translator":false},"geo":null,"in_reply_to_user_id_str":"29148666","lang":"en","created_at":"Mon Dec 15 02:02:56 +0000 2014","in_reply_to_status_id_str":"544293261506928640","place":null},
{"contributors":null,"truncated":false,"text":"@SimonLongstaff @janafavero Who said it's a jihadi an what the hell does that even mean?    Jihad means struggle, why adopt lazy language.","in_reply_to_status_id":544293261506928640,"id":544339477494124545,"favorite_count":0,"source":"<a href=\"http://twitter.com\" rel=\"nofollow\">Twitter Web Client</a>","retweeted":false,"coordinates":null,"entities":{"symbols":[],"user_mentions":[{"id":29148666,"indices":[0,15],"id_str":"29148666","screen_name":"SimonLongstaff","name":"Simon Longstaff"},{"id":174557918,"indices":[16,27],"id_str":"174557918","screen_name":"janafavero","name":"Jana Favero"}],"hashtags":[],"urls":[]},"in_reply_to_screen_name":"SimonLongstaff","id_str":"544339477494124545","retweet_count":0,"in_reply_to_user_id":29148666,"favorited":false,"user":{"follow_request_sent":false,"profile_use_background_image":true,"profile_text_color":"333333","default_profile_image":false,"id":1418377147,"profile_background_image_url_https":"https://abs.twimg.com/images/themes/theme1/bg.png","verified":false,"profile_location":null,"profile_image_url_https":"https://pbs.twimg.com/profile_images/457500583977447424/pkQEfAsK_normal.jpeg","profile_sidebar_fill_color":"DDEEF6","entities":{"description":{"urls":[]}},"followers_count":333,"profile_sidebar_border_color":"C0DEED","id_str":"1418377147","profile_background_color":"C0DEED","listed_count":11,"is_translation_enabled":false,"utc_offset":37800,"statuses_count":28340,"description":"Refugee advocate, human rights campaigner","friends_count":398,"location":"Australia","profile_link_color":"0084B4","profile_image_url":"http://pbs.twimg.com/profile_images/457500583977447424/pkQEfAsK_normal.jpeg","following":false,"geo_enabled":false,"profile_banner_url":"https://pbs.twimg.com/profile_banners/1418377147/1404150776","profile_background_image_url":"http://abs.twimg.com/images/themes/theme1/bg.png","name":"Marilyn Shepherd","lang":"en","profile_background_tile":false,"favourites_count":8,"screen_name":"MarilynShephe15","notifications":false,"url":null,"created_at":"Fri May 10 15:23:36 +0000 2013","contributors_enabled":false,"time_zone":"Adelaide","protected":false,"default_profile":true,"is_translator":false},"geo":null,"in_reply_to_user_id_str":"29148666","lang":"en","created_at":"Mon Dec 15 03:53:39 +0000 2014","in_reply_to_status_id_str":"544293261506928640","place":null}
]