[{"contributors":null,"truncated":false,"text":"@tomsteinfort @MasterDroo hmmm...sounds so unlike Islamic terrorists.","in_reply_to_status_id":544279945128591360,"id":544281427454746624,"favorite_count":0,"source":"<a href=\"http://twitter.com/download/iphone\" rel=\"nofollow\">Twitter for iPhone</a>","retweeted":false,"coordinates":null,"entities":{"symbols":[],"user_mentions":[{"id":25777812,"indices":[0,13],"id_str":"25777812","screen_name":"tomsteinfort","name":"Tom Steinfort"},{"id":231202247,"indices":[14,25],"id_str":"231202247","screen_name":"MasterDroo","name":"Drew"}],"hashtags":[],"urls":[]},"in_reply_to_screen_name":"tomsteinfort","id_str":"544281427454746624","retweet_count":1,"in_reply_to_user_id":25777812,"favorited":false,"user":{"follow_request_sent":false,"profile_use_background_image":true,"profile_text_color":"333333","default_profile_image":false,"id":80878908,"profile_background_image_url_https":"https://abs.twimg.com/images/themes/theme1/bg.png","verified":false,"profile_location":null,"profile_image_url_https":"https://pbs.twimg.com/profile_images/378800000619052028/dd38b62d0187733e53a23a10fbf2f4b1_normal.jpeg","profile_sidebar_fill_color":"DDEEF6","entities":{"description":{"urls":[]}},"followers_count":94,"profile_sidebar_border_color":"C0DEED","id_str":"80878908","profile_background_color":"C0DEED","listed_count":1,"is_translation_enabled":false,"utc_offset":-18000,"statuses_count":2152,"description":"CARDS Diehard","friends_count":258,"location":"Louisville, Ky.","profile_link_color":"0084B4","profile_image_url":"http://pbs.twimg.com/profile_images/378800000619052028/dd38b62d0187733e53a23a10fbf2f4b1_normal.jpeg","following":false,"geo_enabled":false,"profile_banner_url":"https://pbs.twimg.com/profile_banners/80878908/1382205358","profile_background_image_url":"http://abs.twimg.com/images/themes/theme1/bg.png","name":"Jimmy Blair","lang":"en","profile_background_tile":false,"favourites_count":938,"screen_name":"jimmybgocards","notifications":false,"url":null,"created_at":"Thu Oct 08 15:58:46 +0000 2009","contributors_enabled":false,"time_zone":"Eastern Time (US & Canada)","protected":false,"default_profile":true,"is_translator":false},"geo":null,"in_reply_to_user_id_str":"25777812","lang":"en","created_at":"Mon Dec 15 00:02:59 +0000 2014","in_reply_to_status_id_str":"544279945128591360","place":null},
{"contributors":null,"truncated":false,"text":"“@tomsteinfort: 13 hostages being held in Sydney by 2 armed Islamic terrorists. Black Islamic flag in window”\n-Workplace violence","in_reply_to_status_id":544279945128591360,"id":544281449809993728,"favorite_count":0,"source":"<a href=\"http://twitter.com/download/iphone\" rel=\"nofollow\">Twitter for iPhone</a>","retweeted":false,"coordinates":null,"entities":{"symbols":[],"user_mentions":[{"id":25777812,"indices":[1,14],"id_str":"25777812","screen_name":"tomsteinfort","name":"Tom Steinfort"}],"hashtags":[],"urls":[]},"in_reply_to_screen_name":"tomsteinfort","id_str":"544281449809993728","retweet_count":0,"in_reply_to_user_id":25777812,"favorited":false,"user":{"follow_request_sent":false,"profile_use_background_image":true,"profile_text_color":"333333","default_profile_image":false,"id":1364701332,"profile_background_image_url_https":"https://abs.twimg.com/images/themes/theme1/bg.png","verified":false,"profile_location":null,"profile_image_url_https":"https://pbs.twimg.com/profile_images/417172319656620033/r6AT4UKl_normal.png","profile_sidebar_fill_color":"DDEEF6","entities":{"url":{"urls":[{"url":"http://t.co/nNojU9uYu1","indices":[0,22],"expanded_url":"http://NecessaryEvil.gov","display_url":"NecessaryEvil.gov"}]},"description":{"urls":[]}},"followers_count":1426,"profile_sidebar_border_color":"C0DEED","id_str":"1364701332","profile_background_color":"C0DEED","listed_count":27,"is_translation_enabled":false,"utc_offset":null,"statuses_count":22348,"description":"Friendly neighborhood dissident. Climate denier, bull shit spier, idiot infra-del. Opinions my own, hands off.","friends_count":1844,"location":"Everywhere & Nowhere","profile_link_color":"0084B4","profile_image_url":"http://pbs.twimg.com/profile_images/417172319656620033/r6AT4UKl_normal.png","following":false,"geo_enabled":true,"profile_banner_url":"https://pbs.twimg.com/profile_banners/1364701332/1376286234","profile_background_image_url":"http://abs.twimg.com/images/themes/theme1/bg.png","name":"Head n' Hands","lang":"en","profile_background_tile":false,"favourites_count":1366,"screen_name":"damaninmiddle","notifications":false,"url":"http://t.co/nNojU9uYu1","created_at":"Fri Apr 19 15:40:36 +0000 2013","contributors_enabled":false,"time_zone":null,"protected":false,"default_profile":true,"is_translator":false},"geo":null,"in_reply_to_user_id_str":"25777812","lang":"en","created_at":"Mon Dec 15 00:03:04 +0000 2014","in_reply_to_status_id_str":"544279945128591360","place":null},
{"contributors":null,"truncated":false,"text":"@tomsteinfort \nPlease remove \"Islamic Flag\" phrase and replace with \"IS style flag\"\nCheers mate.","in_reply_to_status_id":544279945128591360,"id":544282353246699520,"favorite_count":0,"source":"<a href=\"http://twitter.com/download/android\" rel=\"nofollow\">Twitter for Android</a>","retweeted":false,"coordinates":null,"entities":{"symbols":[],"user_mentions":[{"id":25777812,"indices":[0,13],"id_str":"25777812","screen_name":"tomsteinfort","name":"Tom Steinfort"}],"hashtags":[],"urls":[]},"in_reply_to_screen_name":"tomsteinfort","id_str":"544282353246699520","retweet_count":0,"in_reply_to_user_id":25777812,"favorited":false,"user":{"follow_request_sent":false,"profile_use_background_image":true,"profile_text_color":"333333","default_profile_image":false,"id":1079450924,"profile_background_image_url_https":"https://abs.twimg.com/images/themes/theme1/bg.png","verified":false,"profile_location":null,"profile_image_url_https":"https://pbs.twimg.com/profile_images/509029622252834816/1HcdaB9t_normal.jpeg","profile_sidebar_fill_color":"DDEEF6","entities":{"url":{"urls":[{"url":"https://t.co/8XSUdE2uaQ","indices":[0,23],"expanded_url":"https://www.youtube.com/channel/UCFtk9ham7N33t3ZkfAm5BwQ?app=desktop&persist_app=1","display_url":"youtube.com/channel/UCFtk9…"}]},"description":{"urls":[]}},"followers_count":1523,"profile_sidebar_border_color":"C0DEED","id_str":"1079450924","profile_background_color":"C0DEED","listed_count":93,"is_translation_enabled":false,"utc_offset":null,"statuses_count":50604,"description":"#BDS activist, Just trying to do my bit for Human Rights","friends_count":369,"location":"London England","profile_link_color":"0084B4","profile_image_url":"http://pbs.twimg.com/profile_images/509029622252834816/1HcdaB9t_normal.jpeg","following":false,"geo_enabled":true,"profile_banner_url":"https://pbs.twimg.com/profile_banners/1079450924/1418589683","profile_background_image_url":"http://abs.twimg.com/images/themes/theme1/bg.png","name":"Damian James Read ","lang":"en","profile_background_tile":false,"favourites_count":23324,"screen_name":"damianjread","notifications":false,"url":"https://t.co/8XSUdE2uaQ","created_at":"Fri Jan 11 12:03:33 +0000 2013","contributors_enabled":false,"time_zone":null,"protected":false,"default_profile":true,"is_translator":false},"geo":null,"in_reply_to_user_id_str":"25777812","lang":"en","created_at":"Mon Dec 15 00:06:39 +0000 2014","in_reply_to_status_id_str":"544279945128591360","place":null},
{"contributors":null,"truncated":false,"text":"@tomsteinfort set up the snipers and take the filth out with led in the head!!!","in_reply_to_status_id":544279945128591360,"id":544282738098851841,"favorite_count":0,"source":"<a href=\"http://twitter.com/download/iphone\" rel=\"nofollow\">Twitter for iPhone</a>","retweeted":false,"coordinates":null,"entities":{"symbols":[],"user_mentions":[{"id":25777812,"indices":[0,13],"id_str":"25777812","screen_name":"tomsteinfort","name":"Tom Steinfort"}],"hashtags":[],"urls":[]},"in_reply_to_screen_name":"tomsteinfort","id_str":"544282738098851841","retweet_count":0,"in_reply_to_user_id":25777812,"favorited":false,"user":{"follow_request_sent":false,"profile_use_background_image":true,"profile_text_color":"3C3940","default_profile_image":false,"id":274279734,"profile_background_image_url_https":"https://abs.twimg.com/images/themes/theme4/bg.gif","verified":false,"profile_location":null,"profile_image_url_https":"https://pbs.twimg.com/profile_images/477014165140144128/zYv5I9bb_normal.jpeg","profile_sidebar_fill_color":"95E8EC","entities":{"description":{"urls":[]}},"followers_count":339,"profile_sidebar_border_color":"5ED4DC","id_str":"274279734","profile_background_color":"0099B9","listed_count":2,"is_translation_enabled":false,"utc_offset":39600,"statuses_count":360,"description":"Father of 3 who LUVS Graphic Design & Architecture & a one eyed Hawthorn Hawks supporter & proud Aussie who luvs the Aussie Cricket Team & The Socceroos.","friends_count":993,"location":"Geelong","profile_link_color":"0099B9","profile_image_url":"http://pbs.twimg.com/profile_images/477014165140144128/zYv5I9bb_normal.jpeg","following":false,"geo_enabled":false,"profile_banner_url":"https://pbs.twimg.com/profile_banners/274279734/1392893555","profile_background_image_url":"http://abs.twimg.com/images/themes/theme4/bg.gif","name":"Shayne Leech","lang":"en","profile_background_tile":false,"favourites_count":63,"screen_name":"shayneleech","notifications":false,"url":null,"created_at":"Wed Mar 30 02:09:20 +0000 2011","contributors_enabled":false,"time_zone":"Melbourne","protected":false,"default_profile":false,"is_translator":false},"geo":null,"in_reply_to_user_id_str":"25777812","lang":"en","created_at":"Mon Dec 15 00:08:11 +0000 2014","in_reply_to_status_id_str":"544279945128591360","place":null},
{"contributors":null,"truncated":false,"text":"@tomsteinfort @9NewsAUS be careful how you report this. Not an Islamic flag","in_reply_to_status_id":544279945128591360,"id":544283357417177088,"favorite_count":1,"source":"<a href=\"http://twitter.com/download/iphone\" rel=\"nofollow\">Twitter for iPhone</a>","retweeted":false,"coordinates":null,"entities":{"symbols":[],"user_mentions":[{"id":25777812,"indices":[0,13],"id_str":"25777812","screen_name":"tomsteinfort","name":"Tom Steinfort"},{"id":22993014,"indices":[14,23],"id_str":"22993014","screen_name":"9NewsAUS","name":"Nine News Australia"}],"hashtags":[],"urls":[]},"in_reply_to_screen_name":"tomsteinfort","id_str":"544283357417177088","retweet_count":0,"in_reply_to_user_id":25777812,"favorited":false,"user":{"follow_request_sent":false,"profile_use_background_image":true,"profile_text_color":"333333","default_profile_image":false,"id":176340196,"profile_background_image_url_https":"https://abs.twimg.com/images/themes/theme1/bg.png","verified":false,"profile_location":null,"profile_image_url_https":"https://pbs.twimg.com/profile_images/576939773442424832/NEWNVbVM_normal.jpeg","profile_sidebar_fill_color":"DDEEF6","entities":{"description":{"urls":[]}},"followers_count":82,"profile_sidebar_border_color":"C0DEED","id_str":"176340196","profile_background_color":"C0DEED","listed_count":0,"is_translation_enabled":false,"utc_offset":null,"statuses_count":1248,"description":"19, Intersectional Feminist, Journalism Major at UWS, typical Arab                    Email: zoe.antoun@gmail.com","friends_count":564,"location":"","profile_link_color":"0084B4","profile_image_url":"http://pbs.twimg.com/profile_images/576939773442424832/NEWNVbVM_normal.jpeg","following":false,"geo_enabled":true,"profile_banner_url":"https://pbs.twimg.com/profile_banners/176340196/1418812016","profile_background_image_url":"http://abs.twimg.com/images/themes/theme1/bg.png","name":"Zoe Antoun","lang":"en","profile_background_tile":false,"favourites_count":209,"screen_name":"ZoeKatharine","notifications":false,"url":null,"created_at":"Mon Aug 09 07:51:12 +0000 2010","contributors_enabled":false,"time_zone":null,"protected":false,"default_profile":true,"is_translator":false},"geo":null,"in_reply_to_user_id_str":"25777812","lang":"en","created_at":"Mon Dec 15 00:10:39 +0000 2014","in_reply_to_status_id_str":"544279945128591360","place":null},
{"contributors":null,"truncated":false,"text":"@tomsteinfort @screwthechew sending prayers","in_reply_to_status_id":544279945128591360,"id":544283565048205314,"favorite_count":1,"source":"<a href=\"http://twitter.com\" rel=\"nofollow\">Twitter Web Client</a>","retweeted":false,"coordinates":null,"entities":{"symbols":[],"user_mentions":[{"id":25777812,"indices":[0,13],"id_str":"25777812","screen_name":"tomsteinfort","name":"Tom Steinfort"},{"id":311850420,"indices":[14,27],"id_str":"311850420","screen_name":"screwthechew","name":"Screw The Chew"}],"hashtags":[],"urls":[]},"in_reply_to_screen_name":"tomsteinfort","id_str":"544283565048205314","retweet_count":0,"in_reply_to_user_id":25777812,"favorited":false,"user":{"follow_request_sent":false,"profile_use_background_image":true,"profile_text_color":"333333","default_profile_image":false,"id":318667162,"profile_background_image_url_https":"https://abs.twimg.com/images/themes/theme1/bg.png","verified":false,"profile_location":null,"profile_image_url_https":"https://pbs.twimg.com/profile_images/421982749142962176/Ly-WsDlH_normal.jpeg","profile_sidebar_fill_color":"DDEEF6","entities":{"description":{"urls":[]}},"followers_count":440,"profile_sidebar_border_color":"C0DEED","id_str":"318667162","profile_background_color":"C0DEED","listed_count":8,"is_translation_enabled":false,"utc_offset":null,"statuses_count":16315,"description":"I'm a libertarian/ I love heavy metal/ I'm a female drummer /I love dogs!","friends_count":1072,"location":"lou. ky","profile_link_color":"0084B4","profile_image_url":"http://pbs.twimg.com/profile_images/421982749142962176/Ly-WsDlH_normal.jpeg","following":false,"geo_enabled":false,"profile_banner_url":"https://pbs.twimg.com/profile_banners/318667162/1399160622","profile_background_image_url":"http://abs.twimg.com/images/themes/theme1/bg.png","name":"rhonda thompson","lang":"en","profile_background_tile":false,"favourites_count":465,"screen_name":"kissangel864","notifications":false,"url":null,"created_at":"Thu Jun 16 21:11:43 +0000 2011","contributors_enabled":false,"time_zone":null,"protected":false,"default_profile":true,"is_translator":false},"geo":null,"in_reply_to_user_id_str":"25777812","lang":"en","created_at":"Mon Dec 15 00:11:28 +0000 2014","in_reply_to_status_id_str":"544279945128591360","place":null},
{"contributors":null,"truncated":false,"text":"@tomsteinfort @9NewsMelb if there is one hair on any hostage touched, then we have the right to bear arms and send the pricks to hell","in_reply_to_status_id":544279945128591360,"id":544284566471442432,"favorite_count":1,"source":"<a href=\"http://twitter.com/download/iphone\" rel=\"nofollow\">Twitter for iPhone</a>","retweeted":false,"coordinates":null,"entities":{"symbols":[],"user_mentions":[{"id":25777812,"indices":[0,13],"id_str":"25777812","screen_name":"tomsteinfort","name":"Tom Steinfort"},{"id":183036128,"indices":[14,24],"id_str":"183036128","screen_name":"9NewsMelb","name":"Nine News Melbourne"}],"hashtags":[],"urls":[]},"in_reply_to_screen_name":"tomsteinfort","id_str":"544284566471442432","retweet_count":0,"in_reply_to_user_id":25777812,"favorited":false,"user":{"follow_request_sent":false,"profile_use_background_image":true,"profile_text_color":"333333","default_profile_image":false,"id":78567484,"profile_background_image_url_https":"https://abs.twimg.com/images/themes/theme1/bg.png","verified":false,"profile_location":null,"profile_image_url_https":"https://pbs.twimg.com/profile_images/517234227394256897/K90pUW0q_normal.jpeg","profile_sidebar_fill_color":"DDEEF6","entities":{"description":{"urls":[]}},"followers_count":36,"profile_sidebar_border_color":"C0DEED","id_str":"78567484","profile_background_color":"C0DEED","listed_count":0,"is_translation_enabled":false,"utc_offset":39600,"statuses_count":228,"description":"EFC member for 22 years bleed Red & Black.Love my WWE old school nWo and Hulkamaina. Married to an awesome girl!","friends_count":147,"location":"Melbourne","profile_link_color":"0084B4","profile_image_url":"http://pbs.twimg.com/profile_images/517234227394256897/K90pUW0q_normal.jpeg","following":false,"geo_enabled":true,"profile_banner_url":"https://pbs.twimg.com/profile_banners/78567484/1372593010","profile_background_image_url":"http://abs.twimg.com/images/themes/theme1/bg.png","name":"Maurice","lang":"en","profile_background_tile":false,"favourites_count":8,"screen_name":"fallinangel71","notifications":false,"url":null,"created_at":"Wed Sep 30 10:26:43 +0000 2009","contributors_enabled":false,"time_zone":"Melbourne","protected":false,"default_profile":true,"is_translator":false},"geo":null,"in_reply_to_user_id_str":"25777812","lang":"en","created_at":"Mon Dec 15 00:15:27 +0000 2014","in_reply_to_status_id_str":"544279945128591360","place":null},
{"contributors":null,"truncated":false,"text":"@tomsteinfort No need to adress the terrorists with the word \"Islamic\".","in_reply_to_status_id":544279945128591360,"id":544285829179256832,"favorite_count":1,"source":"<a href=\"http://twitter.com/download/android\" rel=\"nofollow\">Twitter for Android</a>","retweeted":false,"coordinates":null,"entities":{"symbols":[],"user_mentions":[{"id":25777812,"indices":[0,13],"id_str":"25777812","screen_name":"tomsteinfort","name":"Tom Steinfort"}],"hashtags":[],"urls":[]},"in_reply_to_screen_name":"tomsteinfort","id_str":"544285829179256832","retweet_count":0,"in_reply_to_user_id":25777812,"favorited":false,"user":{"follow_request_sent":false,"profile_use_background_image":true,"profile_text_color":"666666","default_profile_image":false,"id":57638185,"profile_background_image_url_https":"https://abs.twimg.com/images/themes/theme9/bg.gif","verified":false,"profile_location":null,"profile_image_url_https":"https://pbs.twimg.com/profile_images/583952355277701120/cdZhI65N_normal.jpg","profile_sidebar_fill_color":"252429","entities":{"url":{"urls":[{"url":"http://t.co/wPndzGahF2","indices":[0,22],"expanded_url":"http://fachryihdam.tumblr.com","display_url":"fachryihdam.tumblr.com"}]},"description":{"urls":[]}},"followers_count":149,"profile_sidebar_border_color":"181A1E","id_str":"57638185","profile_background_color":"1A1B1F","listed_count":2,"is_translation_enabled":false,"utc_offset":25200,"statuses_count":27416,"description":"You love me? God, we're two peas. I love me too.","friends_count":48,"location":"Curva Sud","profile_link_color":"2FC2EF","profile_image_url":"http://pbs.twimg.com/profile_images/583952355277701120/cdZhI65N_normal.jpg","following":false,"geo_enabled":true,"profile_banner_url":"https://pbs.twimg.com/profile_banners/57638185/1411485197","profile_background_image_url":"http://abs.twimg.com/images/themes/theme9/bg.gif","name":"Ben Caffrey","lang":"en","profile_background_tile":false,"favourites_count":4337,"screen_name":"fachryihdam","notifications":false,"url":"http://t.co/wPndzGahF2","created_at":"Fri Jul 17 13:09:29 +0000 2009","contributors_enabled":false,"time_zone":"Asia/Jakarta","protected":false,"default_profile":false,"is_translator":false},"geo":null,"in_reply_to_user_id_str":"25777812","lang":"en","created_at":"Mon Dec 15 00:20:28 +0000 2014","in_reply_to_status_id_str":"544279945128591360","place":null},
{"contributors":null,"truncated":false,"text":"@tomsteinfort @ACurrentAffair9","in_reply_to_status_id":544279945128591360,"id":544285887840784385,"favorite_count":0,"source":"<a href=\"http://twitter.com/download/iphone\" rel=\"nofollow\">Twitter for iPhone</a>","retweeted":false,"coordinates":null,"entities":{"symbols":[],"user_mentions":[{"id":25777812,"indices":[0,13],"id_str":"25777812","screen_name":"tomsteinfort","name":"Tom Steinfort"},{"id":287603080,"indices":[14,30],"id_str":"287603080","screen_name":"ACurrentAffair9","name":"A Current Affair"}],"hashtags":[],"urls":[]},"in_reply_to_screen_name":"tomsteinfort","id_str":"544285887840784385","retweet_count":0,"in_reply_to_user_id":25777812,"favorited":false,"user":{"follow_request_sent":false,"profile_use_background_image":true,"profile_text_color":"333333","default_profile_image":false,"id":166529542,"profile_background_image_url_https":"https://abs.twimg.com/images/themes/theme1/bg.png","verified":false,"profile_location":null,"profile_image_url_https":"https://pbs.twimg.com/profile_images/2342057209/image_normal.jpg","profile_sidebar_fill_color":"DDEEF6","entities":{"description":{"urls":[]}},"followers_count":16,"profile_sidebar_border_color":"C0DEED","id_str":"166529542","profile_background_color":"C0DEED","listed_count":0,"is_translation_enabled":false,"utc_offset":null,"statuses_count":40,"description":"","friends_count":41,"location":"","profile_link_color":"0084B4","profile_image_url":"http://pbs.twimg.com/profile_images/2342057209/image_normal.jpg","following":false,"geo_enabled":false,"profile_background_image_url":"http://abs.twimg.com/images/themes/theme1/bg.png","name":"Anne G","lang":"en","profile_background_tile":false,"favourites_count":26,"screen_name":"nepeangirl","notifications":false,"url":null,"created_at":"Wed Jul 14 11:19:45 +0000 2010","contributors_enabled":false,"time_zone":null,"protected":false,"default_profile":true,"is_translator":false},"geo":null,"in_reply_to_user_id_str":"25777812","lang":"und","created_at":"Mon Dec 15 00:20:42 +0000 2014","in_reply_to_status_id_str":"544279945128591360","place":null},
{"contributors":null,"truncated":false,"text":"@damianjread @tomsteinfort its the flag of Al Nusra.","in_reply_to_status_id":544282353246699520,"id":544294856038703105,"favorite_count":1,"source":"<a href=\"http://twitter.com\" rel=\"nofollow\">Twitter Web Client</a>","retweeted":false,"coordinates":null,"entities":{"symbols":[],"user_mentions":[{"id":1079450924,"indices":[0,12],"id_str":"1079450924","screen_name":"damianjread","name":"Damian James Read "},{"id":25777812,"indices":[13,26],"id_str":"25777812","screen_name":"tomsteinfort","name":"Tom Steinfort"}],"hashtags":[],"urls":[]},"in_reply_to_screen_name":"damianjread","id_str":"544294856038703105","retweet_count":0,"in_reply_to_user_id":1079450924,"favorited":false,"user":{"follow_request_sent":false,"profile_use_background_image":false,"profile_text_color":"333333","default_profile_image":false,"id":166957076,"profile_background_image_url_https":"https://pbs.twimg.com/profile_background_images/784160038/d3ca9adf8dfaba42d866b8ca9826f057.png","verified":false,"profile_location":null,"profile_image_url_https":"https://pbs.twimg.com/profile_images/3471089867/da3c5c68699c8eab10e69fdff064f443_normal.jpeg","profile_sidebar_fill_color":"EFEFEF","entities":{"description":{"urls":[{"url":"http://t.co/KhbvMn1eKS","indices":[37,59],"expanded_url":"http://world.College","display_url":"world.College"}]}},"followers_count":672,"profile_sidebar_border_color":"FFFFFF","id_str":"166957076","profile_background_color":"131516","listed_count":10,"is_translation_enabled":false,"utc_offset":-21600,"statuses_count":12855,"description":"Smart,ambitious, wants to change the http://t.co/KhbvMn1eKS Sophmore, fun interesting, kind,serious but also relaxing.#VFL","friends_count":1575,"location":"Cordova, Tennessee","profile_link_color":"009999","profile_image_url":"http://pbs.twimg.com/profile_images/3471089867/da3c5c68699c8eab10e69fdff064f443_normal.jpeg","following":false,"geo_enabled":true,"profile_banner_url":"https://pbs.twimg.com/profile_banners/166957076/1354842245","profile_background_image_url":"http://pbs.twimg.com/profile_background_images/784160038/d3ca9adf8dfaba42d866b8ca9826f057.png","name":"Carlos Williams","lang":"en","profile_background_tile":true,"favourites_count":1858,"screen_name":"Smart_Sapper12B","notifications":false,"url":null,"created_at":"Thu Jul 15 12:02:24 +0000 2010","contributors_enabled":false,"time_zone":"Central Time (US & Canada)","protected":false,"default_profile":false,"is_translator":false},"geo":null,"in_reply_to_user_id_str":"1079450924","lang":"en","created_at":"Mon Dec 15 00:56:20 +0000 2014","in_reply_to_status_id_str":"544282353246699520","place":{"full_name":"Memphis, TN","url":"https://api.twitter.com/1.1/geo/id/f995a9bd45d4a867.json","country":"United States","place_type":"city","bounding_box":{"type":"Polygon","coordinates":[[[-90.135782,34.994192],[-89.708276,34.994192],[-89.708276,35.2728491],[-90.135782,35.2728491]]]},"contained_within":[],"country_code":"US","attributes":{},"id":"f995a9bd45d4a867","name":"Memphis"}},
{"contributors":null,"truncated":false,"text":"@tomsteinfort @instapundit Soo, two bullets?","in_reply_to_status_id":544279945128591360,"id":544295288341794816,"favorite_count":0,"source":"<a href=\"http://twitter.com/download/android\" rel=\"nofollow\">Twitter for Android</a>","retweeted":false,"coordinates":null,"entities":{"symbols":[],"user_mentions":[{"id":25777812,"indices":[0,13],"id_str":"25777812","screen_name":"tomsteinfort","name":"Tom Steinfort"},{"id":727472528,"indices":[14,26],"id_str":"727472528","screen_name":"instapundit","name":"Instapundit.com"}],"hashtags":[],"urls":[]},"in_reply_to_screen_name":"tomsteinfort","id_str":"544295288341794816","retweet_count":0,"in_reply_to_user_id":25777812,"favorited":false,"user":{"follow_request_sent":false,"profile_use_background_image":true,"profile_text_color":"333333","default_profile_image":true,"id":621219247,"profile_background_image_url_https":"https://abs.twimg.com/images/themes/theme1/bg.png","verified":false,"profile_location":null,"profile_image_url_https":"https://abs.twimg.com/sticky/default_profile_images/default_profile_5_normal.png","profile_sidebar_fill_color":"DDEEF6","entities":{"description":{"urls":[]}},"followers_count":122,"profile_sidebar_border_color":"C0DEED","id_str":"621219247","profile_background_color":"C0DEED","listed_count":0,"is_translation_enabled":false,"utc_offset":null,"statuses_count":2849,"description":"Nothing here but me.  Listening and learning","friends_count":618,"location":"","profile_link_color":"0084B4","profile_image_url":"http://abs.twimg.com/sticky/default_profile_images/default_profile_5_normal.png","following":false,"geo_enabled":false,"profile_background_image_url":"http://abs.twimg.com/images/themes/theme1/bg.png","name":"John Hasley","lang":"en","profile_background_tile":false,"favourites_count":158,"screen_name":"PonsSublicius","notifications":false,"url":null,"created_at":"Thu Jun 28 18:46:15 +0000 2012","contributors_enabled":false,"time_zone":null,"protected":false,"default_profile":true,"is_translator":false},"geo":null,"in_reply_to_user_id_str":"25777812","lang":"en","created_at":"Mon Dec 15 00:58:03 +0000 2014","in_reply_to_status_id_str":"544279945128591360","place":null},
{"contributors":null,"truncated":false,"text":"@fachryihdam Clarify what you mean","in_reply_to_status_id":544285829179256832,"id":544296733577322496,"favorite_count":0,"source":"<a href=\"http://twitter.com/download/iphone\" rel=\"nofollow\">Twitter for iPhone</a>","retweeted":false,"coordinates":null,"entities":{"symbols":[],"user_mentions":[{"id":57638185,"indices":[0,12],"id_str":"57638185","screen_name":"fachryihdam","name":"Ben Caffrey"}],"hashtags":[],"urls":[]},"in_reply_to_screen_name":"fachryihdam","id_str":"544296733577322496","retweet_count":0,"in_reply_to_user_id":57638185,"favorited":false,"user":{"follow_request_sent":false,"profile_use_background_image":true,"profile_text_color":"006600","default_profile_image":false,"id":1271150924,"profile_background_image_url_https":"https://pbs.twimg.com/profile_background_images/378800000063045035/db06b8086f99db78e9dcd35033c56e57.jpeg","verified":false,"profile_location":null,"profile_image_url_https":"https://pbs.twimg.com/profile_images/580355347610619906/jlJz4pvB_normal.jpg","profile_sidebar_fill_color":"FFFFFF","entities":{"description":{"urls":[]}},"followers_count":412,"profile_sidebar_border_color":"000000","id_str":"1271150924","profile_background_color":"C0DEED","listed_count":7,"is_translation_enabled":false,"utc_offset":-25200,"statuses_count":5326,"description":"Executive Producer. I went from San Berdoo to Kalamazoo just to get away from you.","friends_count":250,"location":"Little Rock","profile_link_color":"0600B3","profile_image_url":"http://pbs.twimg.com/profile_images/580355347610619906/jlJz4pvB_normal.jpg","following":false,"geo_enabled":true,"profile_banner_url":"https://pbs.twimg.com/profile_banners/1271150924/1414499612","profile_background_image_url":"http://pbs.twimg.com/profile_background_images/378800000063045035/db06b8086f99db78e9dcd35033c56e57.jpeg","name":"Matthew Carroll","lang":"en","profile_background_tile":false,"favourites_count":754,"screen_name":"MatthewMGC","notifications":false,"url":null,"created_at":"Sat Mar 16 01:37:34 +0000 2013","contributors_enabled":false,"time_zone":"Arizona","protected":false,"default_profile":false,"is_translator":false},"geo":null,"in_reply_to_user_id_str":"57638185","lang":"en","created_at":"Mon Dec 15 01:03:48 +0000 2014","in_reply_to_status_id_str":"544285829179256832","place":null},
{"contributors":null,"truncated":false,"text":"@ZoeKatharine @tomsteinfort @9NewsAUS  how is it now a Islamic flag when the writing is on the black standard of Islam?????","in_reply_to_status_id":544283357417177088,"id":544297401356255232,"favorite_count":0,"source":"<a href=\"http://twitter.com\" rel=\"nofollow\">Twitter Web Client</a>","retweeted":false,"coordinates":null,"entities":{"symbols":[],"user_mentions":[{"id":176340196,"indices":[0,13],"id_str":"176340196","screen_name":"ZoeKatharine","name":"Zoe Antoun"},{"id":25777812,"indices":[14,27],"id_str":"25777812","screen_name":"tomsteinfort","name":"Tom Steinfort"},{"id":22993014,"indices":[28,37],"id_str":"22993014","screen_name":"9NewsAUS","name":"Nine News Australia"}],"hashtags":[],"urls":[]},"in_reply_to_screen_name":"ZoeKatharine","id_str":"544297401356255232","retweet_count":0,"in_reply_to_user_id":176340196,"favorited":false,"user":{"follow_request_sent":false,"profile_use_background_image":false,"profile_text_color":"333333","default_profile_image":false,"id":166957076,"profile_background_image_url_https":"https://pbs.twimg.com/profile_background_images/784160038/d3ca9adf8dfaba42d866b8ca9826f057.png","verified":false,"profile_location":null,"profile_image_url_https":"https://pbs.twimg.com/profile_images/3471089867/da3c5c68699c8eab10e69fdff064f443_normal.jpeg","profile_sidebar_fill_color":"EFEFEF","entities":{"description":{"urls":[{"url":"http://t.co/KhbvMn1eKS","indices":[37,59],"expanded_url":"http://world.College","display_url":"world.College"}]}},"followers_count":672,"profile_sidebar_border_color":"FFFFFF","id_str":"166957076","profile_background_color":"131516","listed_count":10,"is_translation_enabled":false,"utc_offset":-21600,"statuses_count":12855,"description":"Smart,ambitious, wants to change the http://t.co/KhbvMn1eKS Sophmore, fun interesting, kind,serious but also relaxing.#VFL","friends_count":1575,"location":"Cordova, Tennessee","profile_link_color":"009999","profile_image_url":"http://pbs.twimg.com/profile_images/3471089867/da3c5c68699c8eab10e69fdff064f443_normal.jpeg","following":false,"geo_enabled":true,"profile_banner_url":"https://pbs.twimg.com/profile_banners/166957076/1354842245","profile_background_image_url":"http://pbs.twimg.com/profile_background_images/784160038/d3ca9adf8dfaba42d866b8ca9826f057.png","name":"Carlos Williams","lang":"en","profile_background_tile":true,"favourites_count":1858,"screen_name":"Smart_Sapper12B","notifications":false,"url":null,"created_at":"Thu Jul 15 12:02:24 +0000 2010","contributors_enabled":false,"time_zone":"Central Time (US & Canada)","protected":false,"default_profile":false,"is_translator":false},"geo":null,"in_reply_to_user_id_str":"176340196","lang":"en","created_at":"Mon Dec 15 01:06:27 +0000 2014","in_reply_to_status_id_str":"544283357417177088","place":{"full_name":"Memphis, TN","url":"https://api.twitter.com/1.1/geo/id/f995a9bd45d4a867.json","country":"United States","place_type":"city","bounding_box":{"type":"Polygon","coordinates":[[[-90.135782,34.994192],[-89.708276,34.994192],[-89.708276,35.2728491],[-90.135782,35.2728491]]]},"contained_within":[],"country_code":"US","attributes":{},"id":"f995a9bd45d4a867","name":"Memphis"}},
{"contributors":null,"truncated":false,"text":"@Smart_Sapper12B @tomsteinfort it is an Islamic teaching on a flag being used in ways not in accordance with Islam itself.","in_reply_to_status_id":544297401356255232,"id":544297812825882625,"favorite_count":0,"source":"<a href=\"http://twitter.com/download/iphone\" rel=\"nofollow\">Twitter for iPhone</a>","retweeted":false,"coordinates":null,"entities":{"symbols":[],"user_mentions":[{"id":166957076,"indices":[0,16],"id_str":"166957076","screen_name":"Smart_Sapper12B","name":"Carlos Williams"},{"id":25777812,"indices":[17,30],"id_str":"25777812","screen_name":"tomsteinfort","name":"Tom Steinfort"}],"hashtags":[],"urls":[]},"in_reply_to_screen_name":"Smart_Sapper12B","id_str":"544297812825882625","retweet_count":0,"in_reply_to_user_id":166957076,"favorited":false,"user":{"follow_request_sent":false,"profile_use_background_image":true,"profile_text_color":"333333","default_profile_image":false,"id":176340196,"profile_background_image_url_https":"https://abs.twimg.com/images/themes/theme1/bg.png","verified":false,"profile_location":null,"profile_image_url_https":"https://pbs.twimg.com/profile_images/576939773442424832/NEWNVbVM_normal.jpeg","profile_sidebar_fill_color":"DDEEF6","entities":{"description":{"urls":[]}},"followers_count":82,"profile_sidebar_border_color":"C0DEED","id_str":"176340196","profile_background_color":"C0DEED","listed_count":0,"is_translation_enabled":false,"utc_offset":null,"statuses_count":1248,"description":"19, Intersectional Feminist, Journalism Major at UWS, typical Arab                    Email: zoe.antoun@gmail.com","friends_count":564,"location":"","profile_link_color":"0084B4","profile_image_url":"http://pbs.twimg.com/profile_images/576939773442424832/NEWNVbVM_normal.jpeg","following":false,"geo_enabled":true,"profile_banner_url":"https://pbs.twimg.com/profile_banners/176340196/1418812016","profile_background_image_url":"http://abs.twimg.com/images/themes/theme1/bg.png","name":"Zoe Antoun","lang":"en","profile_background_tile":false,"favourites_count":209,"screen_name":"ZoeKatharine","notifications":false,"url":null,"created_at":"Mon Aug 09 07:51:12 +0000 2010","contributors_enabled":false,"time_zone":null,"protected":false,"default_profile":true,"is_translator":false},"geo":null,"in_reply_to_user_id_str":"166957076","lang":"en","created_at":"Mon Dec 15 01:08:05 +0000 2014","in_reply_to_status_id_str":"544297401356255232","place":null},
{"contributors":null,"truncated":false,"text":"@MatthewMGC What I mean is that Tom doesn't need to use \"Islamic\" on his sentences. Just because he was waving Arabic-written flag....","in_reply_to_status_id":544296733577322496,"id":544348628802744320,"favorite_count":0,"source":"<a href=\"http://twitter.com/download/android\" rel=\"nofollow\">Twitter for Android</a>","retweeted":false,"coordinates":null,"entities":{"symbols":[],"user_mentions":[{"id":1271150924,"indices":[0,11],"id_str":"1271150924","screen_name":"MatthewMGC","name":"Matthew Carroll"}],"hashtags":[],"urls":[]},"in_reply_to_screen_name":"MatthewMGC","id_str":"544348628802744320","retweet_count":0,"in_reply_to_user_id":1271150924,"favorited":false,"user":{"follow_request_sent":false,"profile_use_background_image":true,"profile_text_color":"666666","default_profile_image":false,"id":57638185,"profile_background_image_url_https":"https://abs.twimg.com/images/themes/theme9/bg.gif","verified":false,"profile_location":null,"profile_image_url_https":"https://pbs.twimg.com/profile_images/583952355277701120/cdZhI65N_normal.jpg","profile_sidebar_fill_color":"252429","entities":{"url":{"urls":[{"url":"http://t.co/wPndzGahF2","indices":[0,22],"expanded_url":"http://fachryihdam.tumblr.com","display_url":"fachryihdam.tumblr.com"}]},"description":{"urls":[]}},"followers_count":149,"profile_sidebar_border_color":"181A1E","id_str":"57638185","profile_background_color":"1A1B1F","listed_count":2,"is_translation_enabled":false,"utc_offset":25200,"statuses_count":27416,"description":"You love me? God, we're two peas. I love me too.","friends_count":48,"location":"Curva Sud","profile_link_color":"2FC2EF","profile_image_url":"http://pbs.twimg.com/profile_images/583952355277701120/cdZhI65N_normal.jpg","following":false,"geo_enabled":true,"profile_banner_url":"https://pbs.twimg.com/profile_banners/57638185/1411485197","profile_background_image_url":"http://abs.twimg.com/images/themes/theme9/bg.gif","name":"Ben Caffrey","lang":"en","profile_background_tile":false,"favourites_count":4337,"screen_name":"fachryihdam","notifications":false,"url":"http://t.co/wPndzGahF2","created_at":"Fri Jul 17 13:09:29 +0000 2009","contributors_enabled":false,"time_zone":"Asia/Jakarta","protected":false,"default_profile":false,"is_translator":false},"geo":null,"in_reply_to_user_id_str":"1271150924","lang":"en","created_at":"Mon Dec 15 04:30:01 +0000 2014","in_reply_to_status_id_str":"544296733577322496","place":null},
{"contributors":null,"truncated":false,"text":"@MatthewMGC ....doesn't mean they're Muslims. It simply means that they're fanatic evils who suppport terrorist organization like ISIS.","in_reply_to_status_id":544296733577322496,"id":544348840909111296,"favorite_count":0,"source":"<a href=\"http://twitter.com/download/android\" rel=\"nofollow\">Twitter for Android</a>","retweeted":false,"coordinates":null,"entities":{"symbols":[],"user_mentions":[{"id":1271150924,"indices":[0,11],"id_str":"1271150924","screen_name":"MatthewMGC","name":"Matthew Carroll"}],"hashtags":[],"urls":[]},"in_reply_to_screen_name":"MatthewMGC","id_str":"544348840909111296","retweet_count":0,"in_reply_to_user_id":1271150924,"favorited":false,"user":{"follow_request_sent":false,"profile_use_background_image":true,"profile_text_color":"666666","default_profile_image":false,"id":57638185,"profile_background_image_url_https":"https://abs.twimg.com/images/themes/theme9/bg.gif","verified":false,"profile_location":null,"profile_image_url_https":"https://pbs.twimg.com/profile_images/583952355277701120/cdZhI65N_normal.jpg","profile_sidebar_fill_color":"252429","entities":{"url":{"urls":[{"url":"http://t.co/wPndzGahF2","indices":[0,22],"expanded_url":"http://fachryihdam.tumblr.com","display_url":"fachryihdam.tumblr.com"}]},"description":{"urls":[]}},"followers_count":149,"profile_sidebar_border_color":"181A1E","id_str":"57638185","profile_background_color":"1A1B1F","listed_count":2,"is_translation_enabled":false,"utc_offset":25200,"statuses_count":27416,"description":"You love me? God, we're two peas. I love me too.","friends_count":48,"location":"Curva Sud","profile_link_color":"2FC2EF","profile_image_url":"http://pbs.twimg.com/profile_images/583952355277701120/cdZhI65N_normal.jpg","following":false,"geo_enabled":true,"profile_banner_url":"https://pbs.twimg.com/profile_banners/57638185/1411485197","profile_background_image_url":"http://abs.twimg.com/images/themes/theme9/bg.gif","name":"Ben Caffrey","lang":"en","profile_background_tile":false,"favourites_count":4337,"screen_name":"fachryihdam","notifications":false,"url":"http://t.co/wPndzGahF2","created_at":"Fri Jul 17 13:09:29 +0000 2009","contributors_enabled":false,"time_zone":"Asia/Jakarta","protected":false,"default_profile":false,"is_translator":false},"geo":null,"in_reply_to_user_id_str":"1271150924","lang":"en","created_at":"Mon Dec 15 04:30:51 +0000 2014","in_reply_to_status_id_str":"544296733577322496","place":null},
{"contributors":null,"truncated":false,"text":"@MatthewMGC It's like Christians that don't want to be likened with KKK's racism and white supremacism.","in_reply_to_status_id":544296733577322496,"id":544349133419470848,"favorite_count":0,"source":"<a href=\"http://twitter.com/download/android\" rel=\"nofollow\">Twitter for Android</a>","retweeted":false,"coordinates":null,"entities":{"symbols":[],"user_mentions":[{"id":1271150924,"indices":[0,11],"id_str":"1271150924","screen_name":"MatthewMGC","name":"Matthew Carroll"}],"hashtags":[],"urls":[]},"in_reply_to_screen_name":"MatthewMGC","id_str":"544349133419470848","retweet_count":0,"in_reply_to_user_id":1271150924,"favorited":false,"user":{"follow_request_sent":false,"profile_use_background_image":true,"profile_text_color":"666666","default_profile_image":false,"id":57638185,"profile_background_image_url_https":"https://abs.twimg.com/images/themes/theme9/bg.gif","verified":false,"profile_location":null,"profile_image_url_https":"https://pbs.twimg.com/profile_images/583952355277701120/cdZhI65N_normal.jpg","profile_sidebar_fill_color":"252429","entities":{"url":{"urls":[{"url":"http://t.co/wPndzGahF2","indices":[0,22],"expanded_url":"http://fachryihdam.tumblr.com","display_url":"fachryihdam.tumblr.com"}]},"description":{"urls":[]}},"followers_count":149,"profile_sidebar_border_color":"181A1E","id_str":"57638185","profile_background_color":"1A1B1F","listed_count":2,"is_translation_enabled":false,"utc_offset":25200,"statuses_count":27416,"description":"You love me? God, we're two peas. I love me too.","friends_count":48,"location":"Curva Sud","profile_link_color":"2FC2EF","profile_image_url":"http://pbs.twimg.com/profile_images/583952355277701120/cdZhI65N_normal.jpg","following":false,"geo_enabled":true,"profile_banner_url":"https://pbs.twimg.com/profile_banners/57638185/1411485197","profile_background_image_url":"http://abs.twimg.com/images/themes/theme9/bg.gif","name":"Ben Caffrey","lang":"en","profile_background_tile":false,"favourites_count":4337,"screen_name":"fachryihdam","notifications":false,"url":"http://t.co/wPndzGahF2","created_at":"Fri Jul 17 13:09:29 +0000 2009","contributors_enabled":false,"time_zone":"Asia/Jakarta","protected":false,"default_profile":false,"is_translator":false},"geo":null,"in_reply_to_user_id_str":"1271150924","lang":"en","created_at":"Mon Dec 15 04:32:01 +0000 2014","in_reply_to_status_id_str":"544296733577322496","place":null},
{"contributors":null,"truncated":false,"text":"@Smart_Sapper12B Thankyou :)\n@tomsteinfort 's tweet didn't have a pic so I wrongly assumed it was Isis flag \nfrom the description.","in_reply_to_status_id":544294856038703105,"id":544438676756123648,"favorite_count":0,"source":"<a href=\"http://twitter.com/download/android\" rel=\"nofollow\">Twitter for Android</a>","retweeted":false,"coordinates":null,"entities":{"symbols":[],"user_mentions":[{"id":166957076,"indices":[0,16],"id_str":"166957076","screen_name":"Smart_Sapper12B","name":"Carlos Williams"},{"id":25777812,"indices":[29,42],"id_str":"25777812","screen_name":"tomsteinfort","name":"Tom Steinfort"}],"hashtags":[],"urls":[]},"in_reply_to_screen_name":"Smart_Sapper12B","id_str":"544438676756123648","retweet_count":0,"in_reply_to_user_id":166957076,"favorited":false,"user":{"follow_request_sent":false,"profile_use_background_image":true,"profile_text_color":"333333","default_profile_image":false,"id":1079450924,"profile_background_image_url_https":"https://abs.twimg.com/images/themes/theme1/bg.png","verified":false,"profile_location":null,"profile_image_url_https":"https://pbs.twimg.com/profile_images/509029622252834816/1HcdaB9t_normal.jpeg","profile_sidebar_fill_color":"DDEEF6","entities":{"url":{"urls":[{"url":"https://t.co/8XSUdE2uaQ","indices":[0,23],"expanded_url":"https://www.youtube.com/channel/UCFtk9ham7N33t3ZkfAm5BwQ?app=desktop&persist_app=1","display_url":"youtube.com/channel/UCFtk9…"}]},"description":{"urls":[]}},"followers_count":1523,"profile_sidebar_border_color":"C0DEED","id_str":"1079450924","profile_background_color":"C0DEED","listed_count":93,"is_translation_enabled":false,"utc_offset":null,"statuses_count":50604,"description":"#BDS activist, Just trying to do my bit for Human Rights","friends_count":369,"location":"London England","profile_link_color":"0084B4","profile_image_url":"http://pbs.twimg.com/profile_images/509029622252834816/1HcdaB9t_normal.jpeg","following":false,"geo_enabled":true,"profile_banner_url":"https://pbs.twimg.com/profile_banners/1079450924/1418589683","profile_background_image_url":"http://abs.twimg.com/images/themes/theme1/bg.png","name":"Damian James Read ","lang":"en","profile_background_tile":false,"favourites_count":23324,"screen_name":"damianjread","notifications":false,"url":"https://t.co/8XSUdE2uaQ","created_at":"Fri Jan 11 12:03:33 +0000 2013","contributors_enabled":false,"time_zone":null,"protected":false,"default_profile":true,"is_translator":false},"geo":null,"in_reply_to_user_id_str":"166957076","lang":"en","created_at":"Mon Dec 15 10:27:50 +0000 2014","in_reply_to_status_id_str":"544294856038703105","place":null}
]