[{"contributors":null,"truncated":false,"text":"http://t.co/QAnuoU9BZ1 Martin Place ISIS #sydneysiege .@Cybermum_AU","in_reply_to_status_id":544294274674593792,"id":544294581190557697,"favorite_count":0,"source":"<a href=\"http://twitter.com\" rel=\"nofollow\">Twitter Web Client</a>","retweeted":false,"coordinates":null,"entities":{"symbols":[],"user_mentions":[{"id":497534338,"indices":[55,67],"id_str":"497534338","screen_name":"Cybermum_AU","name":"Alex Merton-McCann"}],"hashtags":[{"indices":[41,53],"text":"sydneysiege"}],"urls":[{"url":"http://t.co/QAnuoU9BZ1","indices":[0,22],"expanded_url":"http://youtu.be/9LKZn-9RULI","display_url":"youtu.be/9LKZn-9RULI"}]},"in_reply_to_screen_name":"Cybermum_AU","id_str":"544294581190557697","retweet_count":0,"in_reply_to_user_id":497534338,"favorited":false,"user":{"follow_request_sent":false,"profile_use_background_image":true,"profile_text_color":"333333","default_profile_image":false,"id":2879860455,"profile_background_image_url_https":"https://abs.twimg.com/images/themes/theme1/bg.png","verified":false,"profile_location":null,"profile_image_url_https":"https://pbs.twimg.com/profile_images/543306014942969856/hOsAhIYH_normal.jpeg","profile_sidebar_fill_color":"DDEEF6","entities":{"description":{"urls":[]}},"followers_count":8,"profile_sidebar_border_color":"C0DEED","id_str":"2879860455","profile_background_color":"C0DEED","listed_count":0,"is_translation_enabled":false,"utc_offset":null,"statuses_count":377,"description":"","friends_count":22,"location":"","profile_link_color":"0084B4","profile_image_url":"http://pbs.twimg.com/profile_images/543306014942969856/hOsAhIYH_normal.jpeg","following":false,"geo_enabled":false,"profile_background_image_url":"http://abs.twimg.com/images/themes/theme1/bg.png","name":"RIPSAMMY","lang":"en","profile_background_tile":false,"favourites_count":12,"screen_name":"morzgulangelo","notifications":false,"url":null,"created_at":"Sun Nov 16 18:42:06 +0000 2014","contributors_enabled":false,"time_zone":null,"protected":false,"default_profile":true,"is_translator":false},"geo":null,"in_reply_to_user_id_str":"497534338","possibly_sensitive":false,"lang":"en","created_at":"Mon Dec 15 00:55:15 +0000 2014","in_reply_to_status_id_str":"544294274674593792","place":null},
{"contributors":null,"truncated":false,"text":"@Cybermum_AU @JaneCaro but the media are ok to broadcast it live? #MartinPlaceSiege","in_reply_to_status_id":544294274674593792,"id":544295129951907840,"favorite_count":1,"source":"<a href=\"http://twitter.com/#!/download/ipad\" rel=\"nofollow\">Twitter for iPad</a>","retweeted":false,"coordinates":null,"entities":{"symbols":[],"user_mentions":[{"id":497534338,"indices":[0,12],"id_str":"497534338","screen_name":"Cybermum_AU","name":"Alex Merton-McCann"},{"id":92932981,"indices":[13,22],"id_str":"92932981","screen_name":"JaneCaro","name":"Jane Caro"}],"hashtags":[{"indices":[66,83],"text":"MartinPlaceSiege"}],"urls":[]},"in_reply_to_screen_name":"Cybermum_AU","id_str":"544295129951907840","retweet_count":0,"in_reply_to_user_id":497534338,"favorited":false,"user":{"follow_request_sent":false,"profile_use_background_image":false,"profile_text_color":"FA8459","default_profile_image":false,"id":58371527,"profile_background_image_url_https":"https://pbs.twimg.com/profile_background_images/493768925981593600/puN4Bdy1.jpeg","verified":false,"profile_location":null,"profile_image_url_https":"https://pbs.twimg.com/profile_images/558973296834658305/xi8ls3q8_normal.jpeg","profile_sidebar_fill_color":"000000","entities":{"description":{"urls":[]}},"followers_count":329,"profile_sidebar_border_color":"ADF1FC","id_str":"58371527","profile_background_color":"030103","listed_count":8,"is_translation_enabled":false,"utc_offset":37800,"statuses_count":3173,"description":"The world has enough for everyone's need but not for everyone's greed. Mahatma Ghandi.","friends_count":1145,"location":"Australia, South-ish.","profile_link_color":"947974","profile_image_url":"http://pbs.twimg.com/profile_images/558973296834658305/xi8ls3q8_normal.jpeg","following":false,"geo_enabled":false,"profile_banner_url":"https://pbs.twimg.com/profile_banners/58371527/1400766452","profile_background_image_url":"http://pbs.twimg.com/profile_background_images/493768925981593600/puN4Bdy1.jpeg","name":"Pablito L'amore","lang":"en","profile_background_tile":false,"favourites_count":1068,"screen_name":"paulsbootique","notifications":false,"url":null,"created_at":"Mon Jul 20 03:02:57 +0000 2009","contributors_enabled":false,"time_zone":"Adelaide","protected":false,"default_profile":false,"is_translator":false},"geo":null,"in_reply_to_user_id_str":"497534338","lang":"en","created_at":"Mon Dec 15 00:57:26 +0000 2014","in_reply_to_status_id_str":"544294274674593792","place":null},
{"contributors":null,"truncated":false,"text":"@Cybermum_AU @Leroy_Lynch can you retweet that request from the police..I'd love to see it","in_reply_to_status_id":544294274674593792,"id":544296022059384834,"favorite_count":2,"source":"<a href=\"http://twitter.com/#!/download/ipad\" rel=\"nofollow\">Twitter for iPad</a>","retweeted":false,"coordinates":null,"entities":{"symbols":[],"user_mentions":[{"id":497534338,"indices":[0,12],"id_str":"497534338","screen_name":"Cybermum_AU","name":"Alex Merton-McCann"},{"id":379590591,"indices":[13,25],"id_str":"379590591","screen_name":"Leroy_Lynch","name":"Leroy"}],"hashtags":[],"urls":[]},"in_reply_to_screen_name":"Cybermum_AU","id_str":"544296022059384834","retweet_count":0,"in_reply_to_user_id":497534338,"favorited":false,"user":{"follow_request_sent":false,"profile_use_background_image":true,"profile_text_color":"333333","default_profile_image":false,"id":521405528,"profile_background_image_url_https":"https://abs.twimg.com/images/themes/theme1/bg.png","verified":false,"profile_location":null,"profile_image_url_https":"https://pbs.twimg.com/profile_images/576371893185413120/s61Or_eg_normal.jpeg","profile_sidebar_fill_color":"DDEEF6","entities":{"description":{"urls":[]}},"followers_count":860,"profile_sidebar_border_color":"C0DEED","id_str":"521405528","profile_background_color":"C0DEED","listed_count":4,"is_translation_enabled":false,"utc_offset":null,"statuses_count":2308,"description":"The rule holds good in everything in lifes uncertain fight; You'll find the winner can't go wrong the loser can't go right. Banjo Pattinson c.1890","friends_count":797,"location":"","profile_link_color":"0084B4","profile_image_url":"http://pbs.twimg.com/profile_images/576371893185413120/s61Or_eg_normal.jpeg","following":false,"geo_enabled":true,"profile_banner_url":"https://pbs.twimg.com/profile_banners/521405528/1399354600","profile_background_image_url":"http://abs.twimg.com/images/themes/theme1/bg.png","name":" freeponyrides","lang":"en","profile_background_tile":false,"favourites_count":1556,"screen_name":"craigparker44","notifications":false,"url":null,"created_at":"Sun Mar 11 15:19:48 +0000 2012","contributors_enabled":false,"time_zone":null,"protected":false,"default_profile":true,"is_translator":false},"geo":null,"in_reply_to_user_id_str":"497534338","lang":"en","created_at":"Mon Dec 15 01:00:58 +0000 2014","in_reply_to_status_id_str":"544294274674593792","place":null},
{"contributors":null,"truncated":false,"text":"“@Cybermum_AU: Police are requesting that no photos of the Lindt cafe siege are shared on social media\" @Channel7 @Channel9 @abcnews","in_reply_to_status_id":544294274674593792,"id":544296421298429953,"favorite_count":0,"source":"<a href=\"http://twitter.com/download/iphone\" rel=\"nofollow\">Twitter for iPhone</a>","retweeted":false,"coordinates":null,"entities":{"symbols":[],"user_mentions":[{"id":497534338,"indices":[1,13],"id_str":"497534338","screen_name":"Cybermum_AU","name":"Alex Merton-McCann"},{"id":1093638847,"indices":[104,113],"id_str":"1093638847","screen_name":"Channel7","name":"Channel 7"},{"id":248568377,"indices":[114,123],"id_str":"248568377","screen_name":"Channel9","name":"Channel 9"},{"id":2768501,"indices":[124,132],"id_str":"2768501","screen_name":"abcnews","name":"ABC News"}],"hashtags":[],"urls":[]},"in_reply_to_screen_name":"Cybermum_AU","id_str":"544296421298429953","retweet_count":0,"in_reply_to_user_id":497534338,"favorited":false,"user":{"follow_request_sent":false,"profile_use_background_image":true,"profile_text_color":"333333","default_profile_image":false,"id":2889328202,"profile_background_image_url_https":"https://abs.twimg.com/images/themes/theme1/bg.png","verified":false,"profile_location":null,"profile_image_url_https":"https://pbs.twimg.com/profile_images/538467583666581504/PJvFWyx9_normal.jpeg","profile_sidebar_fill_color":"DDEEF6","entities":{"description":{"urls":[]}},"followers_count":2,"profile_sidebar_border_color":"C0DEED","id_str":"2889328202","profile_background_color":"C0DEED","listed_count":0,"is_translation_enabled":false,"utc_offset":null,"statuses_count":13,"description":"","friends_count":153,"location":"","profile_link_color":"0084B4","profile_image_url":"http://pbs.twimg.com/profile_images/538467583666581504/PJvFWyx9_normal.jpeg","following":false,"geo_enabled":false,"profile_background_image_url":"http://abs.twimg.com/images/themes/theme1/bg.png","name":"Jordan","lang":"en","profile_background_tile":false,"favourites_count":80,"screen_name":"Jay_OB3","notifications":false,"url":null,"created_at":"Tue Nov 04 04:17:40 +0000 2014","contributors_enabled":false,"time_zone":null,"protected":false,"default_profile":true,"is_translator":false},"geo":null,"in_reply_to_user_id_str":"497534338","lang":"en","created_at":"Mon Dec 15 01:02:34 +0000 2014","in_reply_to_status_id_str":"544294274674593792","place":null},
{"contributors":null,"truncated":false,"text":"@Cybermum_AU @JaneCaro\nTell that to @BuzzFeedOz  …","in_reply_to_status_id":544294274674593792,"id":544297291642064896,"favorite_count":0,"source":"<a href=\"http://tapbots.com/tweetbot\" rel=\"nofollow\">Tweetbot for iΟS</a>","retweeted":false,"coordinates":null,"entities":{"symbols":[],"user_mentions":[{"id":497534338,"indices":[0,12],"id_str":"497534338","screen_name":"Cybermum_AU","name":"Alex Merton-McCann"},{"id":92932981,"indices":[13,22],"id_str":"92932981","screen_name":"JaneCaro","name":"Jane Caro"},{"id":1855737487,"indices":[36,47],"id_str":"1855737487","screen_name":"BuzzFeedOz","name":"BuzzFeed Australia"}],"hashtags":[],"urls":[]},"in_reply_to_screen_name":"Cybermum_AU","id_str":"544297291642064896","retweet_count":0,"in_reply_to_user_id":497534338,"favorited":false,"user":{"follow_request_sent":false,"profile_use_background_image":false,"profile_text_color":"333333","default_profile_image":false,"id":83762902,"profile_background_image_url_https":"https://pbs.twimg.com/profile_background_images/449704318472429568/sQjAWOMT.jpeg","verified":false,"profile_location":null,"profile_image_url_https":"https://pbs.twimg.com/profile_images/449126750899810304/CfdNZyMd_normal.jpeg","profile_sidebar_fill_color":"EFEFEF","entities":{"url":{"urls":[{"url":"http://t.co/lBy4oafdbY","indices":[0,22],"expanded_url":"http://postfact.net","display_url":"postfact.net"}]},"description":{"urls":[]}},"followers_count":889,"profile_sidebar_border_color":"FFFFFF","id_str":"83762902","profile_background_color":"4FB3F5","listed_count":84,"is_translation_enabled":false,"utc_offset":39600,"statuses_count":2757,"description":"Gordon Farrer: lecturer at RMIT University; PhD candidate researching fact-checking websites. Ex Age. Views expressed are sometimes my own.","friends_count":883,"location":"-37.993947,145.088103","profile_link_color":"FF0000","profile_image_url":"http://pbs.twimg.com/profile_images/449126750899810304/CfdNZyMd_normal.jpeg","following":false,"geo_enabled":false,"profile_background_image_url":"http://pbs.twimg.com/profile_background_images/449704318472429568/sQjAWOMT.jpeg","name":"Infactability","lang":"en","profile_background_tile":false,"favourites_count":8,"screen_name":"infactability","notifications":false,"url":"http://t.co/lBy4oafdbY","created_at":"Tue Oct 20 03:52:44 +0000 2009","contributors_enabled":false,"time_zone":"Melbourne","protected":false,"default_profile":false,"is_translator":false},"geo":null,"in_reply_to_user_id_str":"497534338","lang":"en","created_at":"Mon Dec 15 01:06:01 +0000 2014","in_reply_to_status_id_str":"544294274674593792","place":null},
{"contributors":null,"truncated":false,"text":"lol ok RT @Cybermum_AU: Police are requesting that no photos of the Lindt cafe siege are shared on social media","in_reply_to_status_id":544294274674593792,"id":544298508057346048,"favorite_count":1,"source":"<a href=\"http://twitter.com\" rel=\"nofollow\">Twitter Web Client</a>","retweeted":false,"coordinates":null,"entities":{"symbols":[],"user_mentions":[{"id":497534338,"indices":[10,22],"id_str":"497534338","screen_name":"Cybermum_AU","name":"Alex Merton-McCann"}],"hashtags":[],"urls":[]},"in_reply_to_screen_name":"Cybermum_AU","id_str":"544298508057346048","retweet_count":4,"in_reply_to_user_id":497534338,"favorited":false,"user":{"follow_request_sent":false,"profile_use_background_image":true,"profile_text_color":"333333","default_profile_image":false,"id":15617140,"profile_background_image_url_https":"https://pbs.twimg.com/profile_background_images/18882234/peaceful_demonstrations_for_protest_25.jpg","verified":false,"profile_location":null,"profile_image_url_https":"https://pbs.twimg.com/profile_images/490632308916232194/0VCOksyD_normal.jpeg","profile_sidebar_fill_color":"DDFFCC","entities":{"description":{"urls":[]}},"followers_count":10445,"profile_sidebar_border_color":"BDDCAD","id_str":"15617140","profile_background_color":"9AE4E8","listed_count":631,"is_translation_enabled":false,"utc_offset":-18000,"statuses_count":134152,"description":"Journalist, Farsi student. Print the legend.","friends_count":498,"location":"Philadelphia","profile_link_color":"0084B4","profile_image_url":"http://pbs.twimg.com/profile_images/490632308916232194/0VCOksyD_normal.jpeg","following":false,"geo_enabled":false,"profile_banner_url":"https://pbs.twimg.com/profile_banners/15617140/1379612187","profile_background_image_url":"http://pbs.twimg.com/profile_background_images/18882234/peaceful_demonstrations_for_protest_25.jpg","name":"Joanne","lang":"en","profile_background_tile":true,"favourites_count":12688,"screen_name":"sabzbrach","notifications":false,"url":null,"created_at":"Sun Jul 27 03:31:39 +0000 2008","contributors_enabled":false,"time_zone":"Eastern Time (US & Canada)","protected":false,"default_profile":false,"is_translator":false},"geo":null,"in_reply_to_user_id_str":"497534338","lang":"en","created_at":"Mon Dec 15 01:10:51 +0000 2014","in_reply_to_status_id_str":"544294274674593792","place":null},
{"contributors":null,"truncated":false,"text":"@Cybermum_AU @Yazberries so it can be televised on TV but not Social media? Police are a joke with their demands.","in_reply_to_status_id":544294274674593792,"id":544298815402950656,"favorite_count":0,"source":"<a href=\"http://tapbots.com/tweetbot\" rel=\"nofollow\">Tweetbot for iΟS</a>","retweeted":false,"coordinates":null,"entities":{"symbols":[],"user_mentions":[{"id":497534338,"indices":[0,12],"id_str":"497534338","screen_name":"Cybermum_AU","name":"Alex Merton-McCann"},{"id":23558813,"indices":[13,24],"id_str":"23558813","screen_name":"Yazberries","name":"Yasmin Vought"}],"hashtags":[],"urls":[]},"in_reply_to_screen_name":"Cybermum_AU","id_str":"544298815402950656","retweet_count":0,"in_reply_to_user_id":497534338,"favorited":false,"user":{"follow_request_sent":false,"profile_use_background_image":true,"profile_text_color":"666666","default_profile_image":false,"id":432385625,"profile_background_image_url_https":"https://pbs.twimg.com/profile_background_images/378800000043930953/ff397eabe0436e922de251d1bcce8189.jpeg","verified":false,"profile_location":null,"profile_image_url_https":"https://pbs.twimg.com/profile_images/3229096174/003813342b7f9e190f46886eb67daba1_normal.jpeg","profile_sidebar_fill_color":"252429","entities":{"description":{"urls":[]}},"followers_count":3,"profile_sidebar_border_color":"000000","id_str":"432385625","profile_background_color":"000000","listed_count":0,"is_translation_enabled":false,"utc_offset":39600,"statuses_count":1968,"description":"Gamer. Real life is just a hobby.","friends_count":15,"location":"Behind the shadows","profile_link_color":"2FC2EF","profile_image_url":"http://pbs.twimg.com/profile_images/3229096174/003813342b7f9e190f46886eb67daba1_normal.jpeg","following":false,"geo_enabled":false,"profile_banner_url":"https://pbs.twimg.com/profile_banners/432385625/1372060414","profile_background_image_url":"http://pbs.twimg.com/profile_background_images/378800000043930953/ff397eabe0436e922de251d1bcce8189.jpeg","name":"Rik","lang":"en","profile_background_tile":false,"favourites_count":48,"screen_name":"ImC0ld","notifications":false,"url":null,"created_at":"Fri Dec 09 10:22:43 +0000 2011","contributors_enabled":false,"time_zone":"Melbourne","protected":false,"default_profile":false,"is_translator":false},"geo":null,"in_reply_to_user_id_str":"497534338","lang":"en","created_at":"Mon Dec 15 01:12:04 +0000 2014","in_reply_to_status_id_str":"544294274674593792","place":null},
{"contributors":null,"truncated":false,"text":"@Cybermum_AU @PeacePiper Livestreams are better anyway. http://t.co/hqjcvOTPYh","in_reply_to_status_id":544294274674593792,"id":544299415738286080,"favorite_count":0,"source":"<a href=\"http://twitter.com\" rel=\"nofollow\">Twitter Web Client</a>","retweeted":false,"coordinates":null,"entities":{"symbols":[],"user_mentions":[{"id":497534338,"indices":[0,12],"id_str":"497534338","screen_name":"Cybermum_AU","name":"Alex Merton-McCann"},{"id":17872080,"indices":[13,24],"id_str":"17872080","screen_name":"PeacePiper","name":"perthtones"}],"hashtags":[],"urls":[{"url":"http://t.co/hqjcvOTPYh","indices":[56,78],"expanded_url":"http://www.freenews.com.au/live-video","display_url":"freenews.com.au/live-video"}]},"in_reply_to_screen_name":"Cybermum_AU","id_str":"544299415738286080","retweet_count":0,"in_reply_to_user_id":497534338,"favorited":false,"user":{"follow_request_sent":false,"profile_use_background_image":true,"profile_text_color":"333333","default_profile_image":false,"id":1163640458,"profile_background_image_url_https":"https://abs.twimg.com/images/themes/theme1/bg.png","verified":false,"profile_location":null,"profile_image_url_https":"https://pbs.twimg.com/profile_images/569357216205914112/8q7ecEQL_normal.jpeg","profile_sidebar_fill_color":"DDEEF6","entities":{"description":{"urls":[]}},"followers_count":580,"profile_sidebar_border_color":"C0DEED","id_str":"1163640458","profile_background_color":"C0DEED","listed_count":20,"is_translation_enabled":false,"utc_offset":-18000,"statuses_count":9333,"description":"Remember ████ ██ █ ████ everything ███ █████ is ██ ████ fine ████ ███ █ ██████ trust. █████ ███████ ███ your █████ ████ government!","friends_count":583,"location":"","profile_link_color":"0084B4","profile_image_url":"http://pbs.twimg.com/profile_images/569357216205914112/8q7ecEQL_normal.jpeg","following":false,"geo_enabled":false,"profile_background_image_url":"http://abs.twimg.com/images/themes/theme1/bg.png","name":"Paige Start","lang":"en","profile_background_tile":false,"favourites_count":232,"screen_name":"dukdukgo","notifications":false,"url":null,"created_at":"Sat Feb 09 18:05:17 +0000 2013","contributors_enabled":false,"time_zone":"Eastern Time (US & Canada)","protected":false,"default_profile":true,"is_translator":false},"geo":null,"in_reply_to_user_id_str":"497534338","possibly_sensitive":false,"lang":"en","created_at":"Mon Dec 15 01:14:27 +0000 2014","in_reply_to_status_id_str":"544294274674593792","place":null},
{"contributors":null,"truncated":false,"text":"@sabzbrach @daniel_lario @Cybermum_AU tell the media.","in_reply_to_status_id":544298508057346048,"id":544300046187913217,"favorite_count":2,"source":"<a href=\"http://twitter.com/download/android\" rel=\"nofollow\">Twitter for Android</a>","retweeted":false,"coordinates":null,"entities":{"symbols":[],"user_mentions":[{"id":15617140,"indices":[0,10],"id_str":"15617140","screen_name":"sabzbrach","name":"Joanne"},{"id":1048468734,"indices":[11,24],"id_str":"1048468734","screen_name":"daniel_lario","name":"ن"},{"id":497534338,"indices":[25,37],"id_str":"497534338","screen_name":"Cybermum_AU","name":"Alex Merton-McCann"}],"hashtags":[],"urls":[]},"in_reply_to_screen_name":"sabzbrach","id_str":"544300046187913217","retweet_count":0,"in_reply_to_user_id":15617140,"favorited":false,"user":{"follow_request_sent":false,"profile_use_background_image":true,"profile_text_color":"333333","default_profile_image":false,"id":200918966,"profile_background_image_url_https":"https://abs.twimg.com/images/themes/theme1/bg.png","verified":false,"profile_location":null,"profile_image_url_https":"https://pbs.twimg.com/profile_images/378800000856719875/rY4hwqTQ_normal.jpeg","profile_sidebar_fill_color":"DDEEF6","entities":{"url":{"urls":[{"url":"http://t.co/qkjmmyKgrD","indices":[0,22],"expanded_url":"http://genocideinsyria.org","display_url":"genocideinsyria.org"}]},"description":{"urls":[]}},"followers_count":1097,"profile_sidebar_border_color":"C0DEED","id_str":"200918966","profile_background_color":"C0DEED","listed_count":88,"is_translation_enabled":false,"utc_offset":-28800,"statuses_count":77846,"description":"Free Syria news aggregator.  MY FAVES ARE DONATION SITES Love to Free Syria! Death to Assad & Daesh       Justice for Mike Brown.","friends_count":1158,"location":"fairfax,california","profile_link_color":"65A31D","profile_image_url":"http://pbs.twimg.com/profile_images/378800000856719875/rY4hwqTQ_normal.jpeg","following":false,"geo_enabled":false,"profile_banner_url":"https://pbs.twimg.com/profile_banners/200918966/1394251986","profile_background_image_url":"http://abs.twimg.com/images/themes/theme1/bg.png","name":"publicOutcry NFZ","lang":"en","profile_background_tile":false,"favourites_count":1362,"screen_name":"dingalingy55","notifications":false,"url":"http://t.co/qkjmmyKgrD","created_at":"Sun Oct 10 16:44:18 +0000 2010","contributors_enabled":false,"time_zone":"Pacific Time (US & Canada)","protected":false,"default_profile":false,"is_translator":false},"geo":null,"in_reply_to_user_id_str":"15617140","lang":"en","created_at":"Mon Dec 15 01:16:58 +0000 2014","in_reply_to_status_id_str":"544298508057346048","place":null}
]