[{"contributors":null,"truncated":false,"text":"@SkyNewsAust What about the Opera House?!","in_reply_to_status_id":544292910578278400,"id":544293009723244545,"favorite_count":0,"source":"<a href=\"http://twitter.com\" rel=\"nofollow\">Twitter Web Client</a>","retweeted":false,"coordinates":null,"entities":{"symbols":[],"user_mentions":[{"id":16834659,"indices":[0,12],"id_str":"16834659","screen_name":"SkyNewsAust","name":"Sky News Australia"}],"hashtags":[],"urls":[]},"in_reply_to_screen_name":"SkyNewsAust","id_str":"544293009723244545","retweet_count":0,"in_reply_to_user_id":16834659,"favorited":false,"user":{"follow_request_sent":false,"profile_use_background_image":true,"profile_text_color":"333333","default_profile_image":false,"id":930789798,"profile_background_image_url_https":"https://pbs.twimg.com/profile_background_images/378800000165823982/9qS7QKJ1.jpeg","verified":false,"profile_location":null,"profile_image_url_https":"https://pbs.twimg.com/profile_images/585848554025025537/6Sy7n0cR_normal.jpg","profile_sidebar_fill_color":"DDEEF6","entities":{"description":{"urls":[]}},"followers_count":513,"profile_sidebar_border_color":"FFFFFF","id_str":"930789798","profile_background_color":"DBE9ED","listed_count":13,"is_translation_enabled":false,"utc_offset":3600,"statuses_count":12285,"description":"A 22 y.o. leftist #journalist, #EU-lover & #LGBT rights supporter.:) Talk 2 me:D I follow back.I run SLD Wołów twitter & fb :). #SLD #PES #Federalists","friends_count":703,"location":"European Union (US of Europe)","profile_link_color":"CC3366","profile_image_url":"http://pbs.twimg.com/profile_images/585848554025025537/6Sy7n0cR_normal.jpg","following":false,"geo_enabled":false,"profile_banner_url":"https://pbs.twimg.com/profile_banners/930789798/1409079041","profile_background_image_url":"http://pbs.twimg.com/profile_background_images/378800000165823982/9qS7QKJ1.jpeg","name":"Łukasz Lisak","lang":"pl","profile_background_tile":false,"favourites_count":2699,"screen_name":"RundfunkEuropa","notifications":false,"url":null,"created_at":"Tue Nov 06 23:59:03 +0000 2012","contributors_enabled":false,"time_zone":"Amsterdam","protected":false,"default_profile":false,"is_translator":false},"geo":null,"in_reply_to_user_id_str":"16834659","lang":"en","created_at":"Mon Dec 15 00:49:00 +0000 2014","in_reply_to_status_id_str":"544292910578278400","place":null},
{"contributors":null,"truncated":false,"text":"#Sydney\n@SkyNewsAust: NSW Police + AFP raiding several homes in Lakemba right now\n#martinplacesiege #sydneysiege #sydneycafesiege\n@PMOnAir","in_reply_to_status_id":544292910578278400,"id":544293369443545088,"favorite_count":0,"source":"<a href=\"http://twitter.com/#!/download/ipad\" rel=\"nofollow\">Twitter for iPad</a>","retweeted":false,"coordinates":null,"entities":{"symbols":[],"user_mentions":[{"id":16834659,"indices":[8,20],"id_str":"16834659","screen_name":"SkyNewsAust","name":"Sky News Australia"},{"id":76628896,"indices":[130,138],"id_str":"76628896","screen_name":"PMOnAir","name":"Paul Murray"}],"hashtags":[{"indices":[0,7],"text":"Sydney"},{"indices":[82,99],"text":"martinplacesiege"},{"indices":[100,112],"text":"sydneysiege"},{"indices":[113,129],"text":"sydneycafesiege"}],"urls":[]},"in_reply_to_screen_name":"SkyNewsAust","id_str":"544293369443545088","retweet_count":0,"in_reply_to_user_id":16834659,"favorited":false,"user":{"follow_request_sent":false,"profile_use_background_image":true,"profile_text_color":"333333","default_profile_image":false,"id":999907196,"profile_background_image_url_https":"https://abs.twimg.com/images/themes/theme1/bg.png","verified":false,"profile_location":null,"profile_image_url_https":"https://pbs.twimg.com/profile_images/2954714522/25e1298f6339017afbc26fbcb2854770_normal.jpeg","profile_sidebar_fill_color":"DDEEF6","entities":{"url":{"urls":[{"url":"http://t.co/PBGyW7s34Y","indices":[0,22],"expanded_url":"http://ottawafamilytree.net","display_url":"ottawafamilytree.net"}]},"description":{"urls":[]}},"followers_count":869,"profile_sidebar_border_color":"C0DEED","id_str":"999907196","profile_background_color":"C0DEED","listed_count":29,"is_translation_enabled":false,"utc_offset":null,"statuses_count":12188,"description":"McEwan, Wilson, Cadieux, Frood, O'Connor, Doyle, Dolan, Killeen,  descendants & ancestors from Scotland, Ireland & France","friends_count":1548,"location":"Ottawa, Canada","profile_link_color":"0084B4","profile_image_url":"http://pbs.twimg.com/profile_images/2954714522/25e1298f6339017afbc26fbcb2854770_normal.jpeg","following":false,"geo_enabled":false,"profile_banner_url":"https://pbs.twimg.com/profile_banners/999907196/1355692571","profile_background_image_url":"http://abs.twimg.com/images/themes/theme1/bg.png","name":"Ottawa Family Tree","lang":"en","profile_background_tile":false,"favourites_count":208,"screen_name":"ottawafamtree","notifications":false,"url":"http://t.co/PBGyW7s34Y","created_at":"Sun Dec 09 18:50:46 +0000 2012","contributors_enabled":false,"time_zone":null,"protected":false,"default_profile":true,"is_translator":false},"geo":null,"in_reply_to_user_id_str":"16834659","lang":"en","created_at":"Mon Dec 15 00:50:26 +0000 2014","in_reply_to_status_id_str":"544292910578278400","place":null},
{"contributors":null,"truncated":false,"text":"Stop retweeting this stuff - #dicks with guns in Lindt shops have smart phones too! @SkyNewsAust @MiaFreedman @PMOnAir","in_reply_to_status_id":544292910578278400,"id":544293712176508928,"favorite_count":1,"source":"<a href=\"http://twitter.com\" rel=\"nofollow\">Twitter Web Client</a>","retweeted":false,"coordinates":null,"entities":{"symbols":[],"user_mentions":[{"id":16834659,"indices":[84,96],"id_str":"16834659","screen_name":"SkyNewsAust","name":"Sky News Australia"},{"id":389861789,"indices":[97,109],"id_str":"389861789","screen_name":"MiaFreedman","name":"Mia Freedman"},{"id":76628896,"indices":[110,118],"id_str":"76628896","screen_name":"PMOnAir","name":"Paul Murray"}],"hashtags":[{"indices":[29,35],"text":"dicks"}],"urls":[]},"in_reply_to_screen_name":"SkyNewsAust","id_str":"544293712176508928","retweet_count":0,"in_reply_to_user_id":16834659,"favorited":false,"user":{"follow_request_sent":false,"profile_use_background_image":true,"profile_text_color":"333333","default_profile_image":false,"id":64884827,"profile_background_image_url_https":"https://pbs.twimg.com/profile_background_images/472605861911621632/5e1W51YK.jpeg","verified":false,"profile_location":null,"profile_image_url_https":"https://pbs.twimg.com/profile_images/587806008191295489/ofgxrfV8_normal.jpg","profile_sidebar_fill_color":"DDEEF6","entities":{"url":{"urls":[{"url":"http://t.co/atK1kBQgWP","indices":[0,22],"expanded_url":"http://about.me/davidlamond","display_url":"about.me/davidlamond"}]},"description":{"urls":[]}},"followers_count":623,"profile_sidebar_border_color":"FFFFFF","id_str":"64884827","profile_background_color":"C0DEED","listed_count":19,"is_translation_enabled":false,"utc_offset":39600,"statuses_count":13485,"description":"Corporate Consigliere working on improving organisational effectiveness with businesses around the world; cook and driver for family on regular occasions.","friends_count":264,"location":"Sydney, Australia","profile_link_color":"0084B4","profile_image_url":"http://pbs.twimg.com/profile_images/587806008191295489/ofgxrfV8_normal.jpg","following":false,"geo_enabled":true,"profile_banner_url":"https://pbs.twimg.com/profile_banners/64884827/1418678533","profile_background_image_url":"http://pbs.twimg.com/profile_background_images/472605861911621632/5e1W51YK.jpeg","name":"David Lamond","lang":"en","profile_background_tile":false,"favourites_count":1035,"screen_name":"davidlamond","notifications":false,"url":"http://t.co/atK1kBQgWP","created_at":"Wed Aug 12 00:56:48 +0000 2009","contributors_enabled":false,"time_zone":"Sydney","protected":false,"default_profile":false,"is_translator":false},"geo":null,"in_reply_to_user_id_str":"16834659","lang":"en","created_at":"Mon Dec 15 00:51:48 +0000 2014","in_reply_to_status_id_str":"544292910578278400","place":null},
{"contributors":null,"truncated":false,"text":"@SkyNewsAust @PMOnAir Can you confirm if there's 2 terrorists now? Was on Channel 7 two mins ago.","in_reply_to_status_id":544292910578278400,"id":544294240704942082,"favorite_count":0,"source":"<a href=\"http://twitter.com\" rel=\"nofollow\">Twitter Web Client</a>","retweeted":false,"coordinates":null,"entities":{"symbols":[],"user_mentions":[{"id":16834659,"indices":[0,12],"id_str":"16834659","screen_name":"SkyNewsAust","name":"Sky News Australia"},{"id":76628896,"indices":[13,21],"id_str":"76628896","screen_name":"PMOnAir","name":"Paul Murray"}],"hashtags":[],"urls":[]},"in_reply_to_screen_name":"SkyNewsAust","id_str":"544294240704942082","retweet_count":0,"in_reply_to_user_id":16834659,"favorited":false,"user":{"follow_request_sent":false,"profile_use_background_image":true,"profile_text_color":"39BD91","default_profile_image":false,"id":1285570952,"profile_background_image_url_https":"https://pbs.twimg.com/profile_background_images/449080925335195649/yd3QiHGf.png","verified":false,"profile_location":null,"profile_image_url_https":"https://pbs.twimg.com/profile_images/449078002106654722/M4kFmfFh_normal.png","profile_sidebar_fill_color":"0E0D02","entities":{"description":{"urls":[]}},"followers_count":78,"profile_sidebar_border_color":"FFFFFF","id_str":"1285570952","profile_background_color":"0E0D02","listed_count":1,"is_translation_enabled":false,"utc_offset":36000,"statuses_count":136,"description":"Loving life","friends_count":216,"location":"Australia","profile_link_color":"895429","profile_image_url":"http://pbs.twimg.com/profile_images/449078002106654722/M4kFmfFh_normal.png","following":false,"geo_enabled":true,"profile_banner_url":"https://pbs.twimg.com/profile_banners/1285570952/1418633772","profile_background_image_url":"http://pbs.twimg.com/profile_background_images/449080925335195649/yd3QiHGf.png","name":"Dave Bouwmeester","lang":"en","profile_background_tile":false,"favourites_count":11,"screen_name":"DaveBouwmeester","notifications":false,"url":null,"created_at":"Thu Mar 21 09:49:28 +0000 2013","contributors_enabled":false,"time_zone":"Brisbane","protected":false,"default_profile":false,"is_translator":false},"geo":null,"in_reply_to_user_id_str":"16834659","lang":"en","created_at":"Mon Dec 15 00:53:54 +0000 2014","in_reply_to_status_id_str":"544292910578278400","place":null},
{"contributors":null,"truncated":false,"text":"@SkyNewsAust @MiaFreedman @PMOnAir just what the racists want","in_reply_to_status_id":544292910578278400,"id":544297214701350913,"favorite_count":0,"source":"<a href=\"http://twitter.com/download/iphone\" rel=\"nofollow\">Twitter for iPhone</a>","retweeted":false,"coordinates":null,"entities":{"symbols":[],"user_mentions":[{"id":16834659,"indices":[0,12],"id_str":"16834659","screen_name":"SkyNewsAust","name":"Sky News Australia"},{"id":389861789,"indices":[13,25],"id_str":"389861789","screen_name":"MiaFreedman","name":"Mia Freedman"},{"id":76628896,"indices":[26,34],"id_str":"76628896","screen_name":"PMOnAir","name":"Paul Murray"}],"hashtags":[],"urls":[]},"in_reply_to_screen_name":"SkyNewsAust","id_str":"544297214701350913","retweet_count":0,"in_reply_to_user_id":16834659,"favorited":false,"user":{"follow_request_sent":false,"profile_use_background_image":true,"profile_text_color":"333333","default_profile_image":false,"id":1038235795,"profile_background_image_url_https":"https://abs.twimg.com/images/themes/theme1/bg.png","verified":false,"profile_location":null,"profile_image_url_https":"https://pbs.twimg.com/profile_images/506319314769551360/xPu7jvg5_normal.jpeg","profile_sidebar_fill_color":"DDEEF6","entities":{"description":{"urls":[]}},"followers_count":1942,"profile_sidebar_border_color":"C0DEED","id_str":"1038235795","profile_background_color":"C0DEED","listed_count":47,"is_translation_enabled":false,"utc_offset":null,"statuses_count":289356,"description":"Mother of three, destroying the joint, frightbat, i dont suffer RWNJ","friends_count":272,"location":"","profile_link_color":"0084B4","profile_image_url":"http://pbs.twimg.com/profile_images/506319314769551360/xPu7jvg5_normal.jpeg","following":false,"geo_enabled":true,"profile_background_image_url":"http://abs.twimg.com/images/themes/theme1/bg.png","name":"Susan Mackay","lang":"en","profile_background_tile":false,"favourites_count":66931,"screen_name":"mackaysuzie","notifications":false,"url":null,"created_at":"Wed Dec 26 22:32:33 +0000 2012","contributors_enabled":false,"time_zone":null,"protected":false,"default_profile":true,"is_translator":false},"geo":null,"in_reply_to_user_id_str":"16834659","lang":"en","created_at":"Mon Dec 15 01:05:43 +0000 2014","in_reply_to_status_id_str":"544292910578278400","place":null},
{"contributors":null,"truncated":false,"text":"@SkyNewsAust No they are not, get your facts straight!","in_reply_to_status_id":544292910578278400,"id":544299475020152832,"favorite_count":0,"source":"<a href=\"http://twitter.com/download/android\" rel=\"nofollow\">Twitter for Android</a>","retweeted":false,"coordinates":{"type":"Point","coordinates":[151.2093712,-33.8617124]},"entities":{"symbols":[],"user_mentions":[{"id":16834659,"indices":[0,12],"id_str":"16834659","screen_name":"SkyNewsAust","name":"Sky News Australia"}],"hashtags":[],"urls":[]},"in_reply_to_screen_name":"SkyNewsAust","id_str":"544299475020152832","retweet_count":0,"in_reply_to_user_id":16834659,"favorited":false,"user":{"follow_request_sent":false,"profile_use_background_image":false,"profile_text_color":"333333","default_profile_image":false,"id":28558856,"profile_background_image_url_https":"https://pbs.twimg.com/profile_background_images/414828967/twilk_background_4f2a078d31374.jpg","verified":false,"profile_location":null,"profile_image_url_https":"https://pbs.twimg.com/profile_images/3589627361/be1292eb639cec766839ac65be058afd_normal.jpeg","profile_sidebar_fill_color":"5DA7F5","entities":{"url":{"urls":[{"url":"https://t.co/iaRLSa8L3y","indices":[0,23],"expanded_url":"https://www.rebelmouse.com/dominickj/","display_url":"rebelmouse.com/dominickj/"}]},"description":{"urls":[]}},"followers_count":1022,"profile_sidebar_border_color":"F0F71B","id_str":"28558856","profile_background_color":"1A1AA3","listed_count":54,"is_translation_enabled":false,"utc_offset":39600,"statuses_count":13768,"description":"Book devouring; Rozelle living, Guardian reading, bad joke loving, social media whoring, Xbox playing, worshiper of the Lego Overlords.","friends_count":1390,"location":"Rozelle, Sydney","profile_link_color":"0D0D01","profile_image_url":"http://pbs.twimg.com/profile_images/3589627361/be1292eb639cec766839ac65be058afd_normal.jpeg","following":false,"geo_enabled":true,"profile_banner_url":"https://pbs.twimg.com/profile_banners/28558856/1348037871","profile_background_image_url":"http://pbs.twimg.com/profile_background_images/414828967/twilk_background_4f2a078d31374.jpg","name":"Nick Edwards","lang":"en","profile_background_tile":true,"favourites_count":66,"screen_name":"dominickj","notifications":false,"url":"https://t.co/iaRLSa8L3y","created_at":"Fri Apr 03 13:12:45 +0000 2009","contributors_enabled":false,"time_zone":"Sydney","protected":false,"default_profile":false,"is_translator":false},"geo":{"type":"Point","coordinates":[-33.8617124,151.2093712]},"in_reply_to_user_id_str":"16834659","lang":"en","created_at":"Mon Dec 15 01:14:42 +0000 2014","in_reply_to_status_id_str":"544292910578278400","place":{"full_name":"Sydney, New South Wales","url":"https://api.twitter.com/1.1/geo/id/0073b76548e5984f.json","country":"Australia","place_type":"city","bounding_box":{"type":"Polygon","coordinates":[[[150.520928608,-34.1183470085],[151.343020992,-34.1183470085],[151.343020992,-33.578140996],[150.520928608,-33.578140996]]]},"contained_within":[],"country_code":"AU","attributes":{},"id":"0073b76548e5984f","name":"Sydney"}},
{"contributors":null,"truncated":false,"text":"@SkyNewsAust @paddygibson @PMOnAir where is your source for those statements! &amp; why would you alert anyone of intentions to raid addresses?","in_reply_to_status_id":544292910578278400,"id":544299601717493760,"favorite_count":0,"source":"<a href=\"http://twitter.com/#!/download/ipad\" rel=\"nofollow\">Twitter for iPad</a>","retweeted":false,"coordinates":null,"entities":{"symbols":[],"user_mentions":[{"id":16834659,"indices":[0,12],"id_str":"16834659","screen_name":"SkyNewsAust","name":"Sky News Australia"},{"id":238481837,"indices":[13,25],"id_str":"238481837","screen_name":"paddygibson","name":"Padraic Gibson"},{"id":76628896,"indices":[26,34],"id_str":"76628896","screen_name":"PMOnAir","name":"Paul Murray"}],"hashtags":[],"urls":[]},"in_reply_to_screen_name":"SkyNewsAust","id_str":"544299601717493760","retweet_count":0,"in_reply_to_user_id":16834659,"favorited":false,"user":{"follow_request_sent":false,"profile_use_background_image":true,"profile_text_color":"333333","default_profile_image":false,"id":180694158,"profile_background_image_url_https":"https://pbs.twimg.com/profile_background_images/525835178824839168/ALNSk38W.jpeg","verified":false,"profile_location":null,"profile_image_url_https":"https://pbs.twimg.com/profile_images/540293582628724736/TzO8fL0__normal.png","profile_sidebar_fill_color":"C0DFEC","entities":{"description":{"urls":[]}},"followers_count":2183,"profile_sidebar_border_color":"FFFFFF","id_str":"180694158","profile_background_color":"042401","listed_count":46,"is_translation_enabled":false,"utc_offset":39600,"statuses_count":66406,"description":"#intelligentConversation #news #DART updates #coffeefreak 'Truth always Prevails especially when least expected'","friends_count":2440,"location":"","profile_link_color":"998F86","profile_image_url":"http://pbs.twimg.com/profile_images/540293582628724736/TzO8fL0__normal.png","following":false,"geo_enabled":false,"profile_banner_url":"https://pbs.twimg.com/profile_banners/180694158/1418606825","profile_background_image_url":"http://pbs.twimg.com/profile_background_images/525835178824839168/ALNSk38W.jpeg","name":"M","lang":"en","profile_background_tile":true,"favourites_count":16353,"screen_name":"_martinek_","notifications":false,"url":null,"created_at":"Fri Aug 20 06:59:55 +0000 2010","contributors_enabled":false,"time_zone":"Melbourne","protected":false,"default_profile":false,"is_translator":false},"geo":null,"in_reply_to_user_id_str":"16834659","lang":"en","created_at":"Mon Dec 15 01:15:12 +0000 2014","in_reply_to_status_id_str":"544292910578278400","place":null},
{"contributors":null,"truncated":false,"text":"@SkyNewsAust @PMOnAir you guys as media should not be broadcasting anything remotely tactical of police opetations","in_reply_to_status_id":544292910578278400,"id":544328364308189184,"favorite_count":0,"source":"<a href=\"http://twitter.com/download/android\" rel=\"nofollow\">Twitter for Android</a>","retweeted":false,"coordinates":null,"entities":{"symbols":[],"user_mentions":[{"id":16834659,"indices":[0,12],"id_str":"16834659","screen_name":"SkyNewsAust","name":"Sky News Australia"},{"id":76628896,"indices":[13,21],"id_str":"76628896","screen_name":"PMOnAir","name":"Paul Murray"}],"hashtags":[],"urls":[]},"in_reply_to_screen_name":"SkyNewsAust","id_str":"544328364308189184","retweet_count":0,"in_reply_to_user_id":16834659,"favorited":false,"user":{"follow_request_sent":false,"profile_use_background_image":true,"profile_text_color":"333333","default_profile_image":false,"id":161240952,"profile_background_image_url_https":"https://abs.twimg.com/images/themes/theme1/bg.png","verified":false,"profile_location":null,"profile_image_url_https":"https://pbs.twimg.com/profile_images/1225226021/image_normal.jpg","profile_sidebar_fill_color":"DDEEF6","entities":{"description":{"urls":[]}},"followers_count":12,"profile_sidebar_border_color":"C0DEED","id_str":"161240952","profile_background_color":"C0DEED","listed_count":3,"is_translation_enabled":false,"utc_offset":null,"statuses_count":203,"description":"i love live music, hit me up with maxwell, a beautiful woman, wine and im happy baby!!","friends_count":55,"location":"melbourne","profile_link_color":"0084B4","profile_image_url":"http://pbs.twimg.com/profile_images/1225226021/image_normal.jpg","following":false,"geo_enabled":true,"profile_background_image_url":"http://abs.twimg.com/images/themes/theme1/bg.png","name":"Athan Kalos","lang":"en","profile_background_tile":false,"favourites_count":79,"screen_name":"AthanTheGreek","notifications":false,"url":null,"created_at":"Wed Jun 30 10:07:45 +0000 2010","contributors_enabled":false,"time_zone":null,"protected":false,"default_profile":true,"is_translator":false},"geo":null,"in_reply_to_user_id_str":"16834659","lang":"en","created_at":"Mon Dec 15 03:09:29 +0000 2014","in_reply_to_status_id_str":"544292910578278400","place":null},
{"contributors":null,"truncated":false,"text":"@SkyNewsAust @PMOnAir @GayPatriot this turned out to be false","in_reply_to_status_id":544292910578278400,"id":544331189918920704,"favorite_count":0,"source":"<a href=\"http://tapbots.com/software/tweetbot/mac\" rel=\"nofollow\">Tweetbot for Mac</a>","retweeted":false,"coordinates":null,"entities":{"symbols":[],"user_mentions":[{"id":16834659,"indices":[0,12],"id_str":"16834659","screen_name":"SkyNewsAust","name":"Sky News Australia"},{"id":76628896,"indices":[13,21],"id_str":"76628896","screen_name":"PMOnAir","name":"Paul Murray"},{"id":18244206,"indices":[22,33],"id_str":"18244206","screen_name":"GayPatriot","name":"Happy Holigays!!"}],"hashtags":[],"urls":[]},"in_reply_to_screen_name":"SkyNewsAust","id_str":"544331189918920704","retweet_count":1,"in_reply_to_user_id":16834659,"favorited":false,"user":{"follow_request_sent":false,"profile_use_background_image":true,"profile_text_color":"333333","default_profile_image":false,"id":16491845,"profile_background_image_url_https":"https://pbs.twimg.com/profile_background_images/90586449/twilk_background_4bbf58ac5a575.jpg","verified":false,"profile_location":null,"profile_image_url_https":"https://pbs.twimg.com/profile_images/378800000690982194/90afd3d677ad4f5cf0e70daece0ded06_normal.jpeg","profile_sidebar_fill_color":"DDFFCC","entities":{"url":{"urls":[{"url":"http://t.co/IBxYpG5ESE","indices":[0,22],"expanded_url":"http://www.jeffdunetz.com","display_url":"jeffdunetz.com"}]},"description":{"urls":[]}},"followers_count":7893,"profile_sidebar_border_color":"BDDCAD","id_str":"16491845","profile_background_color":"9AE4E8","listed_count":542,"is_translation_enabled":false,"utc_offset":12600,"statuses_count":73232,"description":"The Conservative Voice From the People's Republic of New York... Is not exhibiting Ebola-like symptoms. Not the guy who killed Bin Laden","friends_count":3528,"location":"New York","profile_link_color":"DD2E44","profile_image_url":"http://pbs.twimg.com/profile_images/378800000690982194/90afd3d677ad4f5cf0e70daece0ded06_normal.jpeg","following":false,"geo_enabled":false,"profile_background_image_url":"http://pbs.twimg.com/profile_background_images/90586449/twilk_background_4bbf58ac5a575.jpg","name":"Jeff Dunetz","lang":"en","profile_background_tile":true,"favourites_count":28,"screen_name":"yidwithlid","notifications":false,"url":"http://t.co/IBxYpG5ESE","created_at":"Sat Sep 27 22:19:47 +0000 2008","contributors_enabled":false,"time_zone":"Tehran","protected":false,"default_profile":false,"is_translator":false},"geo":null,"in_reply_to_user_id_str":"16834659","lang":"en","created_at":"Mon Dec 15 03:20:43 +0000 2014","in_reply_to_status_id_str":"544292910578278400","place":null}
]