[{"contributors":null,"truncated":false,"text":"@smh GET YOUR INFO CORRECT GUYS… NOT FAST!!","in_reply_to_status_id":544286686142685184,"id":544286887519588352,"favorite_count":0,"source":"<a href=\"http://itunes.apple.com/us/app/twitter/id409789998?mt=12\" rel=\"nofollow\">Twitter for Mac</a>","retweeted":false,"coordinates":null,"entities":{"symbols":[],"user_mentions":[{"id":16675569,"indices":[0,4],"id_str":"16675569","screen_name":"smh","name":"smh.com.au"}],"hashtags":[],"urls":[]},"in_reply_to_screen_name":"smh","id_str":"544286887519588352","retweet_count":0,"in_reply_to_user_id":16675569,"favorited":false,"user":{"follow_request_sent":false,"profile_use_background_image":false,"profile_text_color":"000000","default_profile_image":false,"id":80253523,"profile_background_image_url_https":"https://abs.twimg.com/images/themes/theme3/bg.gif","verified":false,"profile_location":null,"profile_image_url_https":"https://pbs.twimg.com/profile_images/550759671938564096/xS2unXsu_normal.png","profile_sidebar_fill_color":"000000","entities":{"url":{"urls":[{"url":"http://t.co/vdY5QXWCnL","indices":[0,22],"expanded_url":"http://about.me/terencemonro","display_url":"about.me/terencemonro"}]},"description":{"urls":[]}},"followers_count":15531,"profile_sidebar_border_color":"000000","id_str":"80253523","profile_background_color":"000000","listed_count":29,"is_translation_enabled":false,"utc_offset":39600,"statuses_count":19803,"description":"Aussie iOS Developer | Joe Cross Juicer Convert | Retro Gamer | Sound Designer | Mac Lover | Feline Cat Hugger","friends_count":2056,"location":"Midlands, Tasmania","profile_link_color":"89C9FA","profile_image_url":"http://pbs.twimg.com/profile_images/550759671938564096/xS2unXsu_normal.png","following":false,"geo_enabled":true,"profile_banner_url":"https://pbs.twimg.com/profile_banners/80253523/1415335929","profile_background_image_url":"http://abs.twimg.com/images/themes/theme3/bg.gif","name":"Terence Monro ","lang":"en","profile_background_tile":false,"favourites_count":455,"screen_name":"TerenceMonro","notifications":false,"url":"http://t.co/vdY5QXWCnL","created_at":"Tue Oct 06 08:40:17 +0000 2009","contributors_enabled":false,"time_zone":"Hobart","protected":false,"default_profile":false,"is_translator":false},"geo":null,"in_reply_to_user_id_str":"16675569","lang":"en","created_at":"Mon Dec 15 00:24:41 +0000 2014","in_reply_to_status_id_str":"544286686142685184","place":null},
{"contributors":null,"truncated":false,"text":"@smh How does that even happen? Ridiculous.","in_reply_to_status_id":544286686142685184,"id":544286987784441856,"favorite_count":1,"source":"<a href=\"http://twitter.com\" rel=\"nofollow\">Twitter Web Client</a>","retweeted":false,"coordinates":null,"entities":{"symbols":[],"user_mentions":[{"id":16675569,"indices":[0,4],"id_str":"16675569","screen_name":"smh","name":"smh.com.au"}],"hashtags":[],"urls":[]},"in_reply_to_screen_name":"smh","id_str":"544286987784441856","retweet_count":0,"in_reply_to_user_id":16675569,"favorited":false,"user":{"follow_request_sent":false,"profile_use_background_image":true,"profile_text_color":"333333","default_profile_image":false,"id":34065579,"profile_background_image_url_https":"https://abs.twimg.com/images/themes/theme1/bg.png","verified":false,"profile_location":null,"profile_image_url_https":"https://pbs.twimg.com/profile_images/973560816/33ecf3f9-5ed6-4b0f-9686-e20988208031_normal.png","profile_sidebar_fill_color":"DDEEF6","entities":{"description":{"urls":[]}},"followers_count":324,"profile_sidebar_border_color":"C0DEED","id_str":"34065579","profile_background_color":"C0DEED","listed_count":10,"is_translation_enabled":false,"utc_offset":39600,"statuses_count":4420,"description":"Team Aero cyclist, Sydney FC, Socceroos, Liverpool FC, Wests Tigers, Sydney Swans, NSW Waratahs Liberal Party NSW member, Accountant (yay!)","friends_count":1209,"location":"Bronte, Australia","profile_link_color":"0084B4","profile_image_url":"http://pbs.twimg.com/profile_images/973560816/33ecf3f9-5ed6-4b0f-9686-e20988208031_normal.png","following":false,"geo_enabled":true,"profile_background_image_url":"http://abs.twimg.com/images/themes/theme1/bg.png","name":"Adam Gwynne","lang":"en","profile_background_tile":false,"favourites_count":234,"screen_name":"gwynne007","notifications":false,"url":null,"created_at":"Tue Apr 21 22:17:47 +0000 2009","contributors_enabled":false,"time_zone":"Sydney","protected":false,"default_profile":true,"is_translator":false},"geo":null,"in_reply_to_user_id_str":"16675569","lang":"en","created_at":"Mon Dec 15 00:25:04 +0000 2014","in_reply_to_status_id_str":"544286686142685184","place":null},
{"contributors":null,"truncated":false,"text":"case in point... '@smh CORRECTION: We reported earlier Sydney air space was shut down. That is not correct.'","in_reply_to_status_id":544286686142685184,"id":544287262242926592,"favorite_count":1,"source":"<a href=\"http://twitter.com\" rel=\"nofollow\">Twitter Web Client</a>","retweeted":false,"coordinates":null,"entities":{"symbols":[],"user_mentions":[{"id":16675569,"indices":[18,22],"id_str":"16675569","screen_name":"smh","name":"smh.com.au"}],"hashtags":[],"urls":[]},"in_reply_to_screen_name":"smh","id_str":"544287262242926592","retweet_count":0,"in_reply_to_user_id":16675569,"favorited":false,"user":{"follow_request_sent":false,"profile_use_background_image":true,"profile_text_color":"1E6979","default_profile_image":false,"id":20140331,"profile_background_image_url_https":"https://pbs.twimg.com/profile_background_images/378800000060472843/a6e30e9a87d7f158cd4d16feb603696e.jpeg","verified":false,"profile_location":null,"profile_image_url_https":"https://pbs.twimg.com/profile_images/576463253552828416/auG6my6g_normal.png","profile_sidebar_fill_color":"D97D4E","entities":{"url":{"urls":[{"url":"http://t.co/BHUEZ5rtJf","indices":[0,22],"expanded_url":"http://www.ljohns84.tumblr.com/","display_url":"ljohns84.tumblr.com"}]},"description":{"urls":[]}},"followers_count":548,"profile_sidebar_border_color":"000000","id_str":"20140331","profile_background_color":"272131","listed_count":21,"is_translation_enabled":false,"utc_offset":39600,"statuses_count":27301,"description":"Urbanism. Happiness. Food. New Experiences.","friends_count":777,"location":"","profile_link_color":"274A6D","profile_image_url":"http://pbs.twimg.com/profile_images/576463253552828416/auG6my6g_normal.png","following":false,"geo_enabled":true,"profile_banner_url":"https://pbs.twimg.com/profile_banners/20140331/1396791542","profile_background_image_url":"http://pbs.twimg.com/profile_background_images/378800000060472843/a6e30e9a87d7f158cd4d16feb603696e.jpeg","name":"Luke J","lang":"en","profile_background_tile":true,"favourites_count":1133,"screen_name":"todisappear","notifications":false,"url":"http://t.co/BHUEZ5rtJf","created_at":"Thu Feb 05 11:40:17 +0000 2009","contributors_enabled":false,"time_zone":"Sydney","protected":false,"default_profile":false,"is_translator":false},"geo":null,"in_reply_to_user_id_str":"16675569","lang":"en","created_at":"Mon Dec 15 00:26:10 +0000 2014","in_reply_to_status_id_str":"544286686142685184","place":null},
{"contributors":null,"truncated":false,"text":"Australia's fourth estate. Grim. RT @smh CORRECTION: We reported earlier Sydney air space was shut down. That is not correct... #SydneySiege","in_reply_to_status_id":544286686142685184,"id":544287574106206208,"favorite_count":0,"source":"<a href=\"http://twitter.com\" rel=\"nofollow\">Twitter Web Client</a>","retweeted":false,"coordinates":null,"entities":{"symbols":[],"user_mentions":[{"id":16675569,"indices":[36,40],"id_str":"16675569","screen_name":"smh","name":"smh.com.au"}],"hashtags":[{"indices":[128,140],"text":"SydneySiege"}],"urls":[]},"in_reply_to_screen_name":"smh","id_str":"544287574106206208","retweet_count":0,"in_reply_to_user_id":16675569,"favorited":false,"user":{"follow_request_sent":false,"profile_use_background_image":true,"profile_text_color":"333333","default_profile_image":false,"id":1595683692,"profile_background_image_url_https":"https://pbs.twimg.com/profile_background_images/378800000049942143/edf6b80c553f51071b1f94fa47e941ba.png","verified":false,"profile_location":null,"profile_image_url_https":"https://pbs.twimg.com/profile_images/469403289453228032/UukpNY9S_normal.jpeg","profile_sidebar_fill_color":"DDEEF6","entities":{"description":{"urls":[]}},"followers_count":383,"profile_sidebar_border_color":"000000","id_str":"1595683692","profile_background_color":"C0DEED","listed_count":4,"is_translation_enabled":false,"utc_offset":-28800,"statuses_count":2836,"description":"A Writer & International Development Major trying to understand politics & all involved. A big fan of waffles (in my mouth - not my hair). Will write for food.","friends_count":811,"location":"","profile_link_color":"0084B4","profile_image_url":"http://pbs.twimg.com/profile_images/469403289453228032/UukpNY9S_normal.jpeg","following":false,"geo_enabled":false,"profile_banner_url":"https://pbs.twimg.com/profile_banners/1595683692/1396696470","profile_background_image_url":"http://pbs.twimg.com/profile_background_images/378800000049942143/edf6b80c553f51071b1f94fa47e941ba.png","name":"J Fish","lang":"en","profile_background_tile":true,"favourites_count":2302,"screen_name":"_j_fish","notifications":false,"url":null,"created_at":"Mon Jul 15 12:13:16 +0000 2013","contributors_enabled":false,"time_zone":"Pacific Time (US & Canada)","protected":false,"default_profile":false,"is_translator":false},"geo":null,"in_reply_to_user_id_str":"16675569","lang":"en","created_at":"Mon Dec 15 00:27:24 +0000 2014","in_reply_to_status_id_str":"544286686142685184","place":null},
{"contributors":null,"truncated":false,"text":"@gwynne007 @smh emergent and fluid situation. News outlets are as good as their official sources.","in_reply_to_status_id":544286987784441856,"id":544287625377746945,"favorite_count":0,"source":"<a href=\"http://twitter.com/download/iphone\" rel=\"nofollow\">Twitter for iPhone</a>","retweeted":false,"coordinates":null,"entities":{"symbols":[],"user_mentions":[{"id":34065579,"indices":[0,10],"id_str":"34065579","screen_name":"gwynne007","name":"Adam Gwynne"},{"id":16675569,"indices":[11,15],"id_str":"16675569","screen_name":"smh","name":"smh.com.au"}],"hashtags":[],"urls":[]},"in_reply_to_screen_name":"gwynne007","id_str":"544287625377746945","retweet_count":0,"in_reply_to_user_id":34065579,"favorited":false,"user":{"follow_request_sent":false,"profile_use_background_image":true,"profile_text_color":"333333","default_profile_image":false,"id":23811498,"profile_background_image_url_https":"https://pbs.twimg.com/profile_background_images/768434077/5d170553d82fc4661693a254b87c8499.jpeg","verified":false,"profile_location":null,"profile_image_url_https":"https://pbs.twimg.com/profile_images/555040918001025024/WTP9nUx9_normal.jpeg","profile_sidebar_fill_color":"FFFFFF","entities":{"url":{"urls":[{"url":"http://t.co/hXq3taSlg4","indices":[0,22],"expanded_url":"http://linkedin.com/in/heathermassel","display_url":"linkedin.com/in/heathermass…"}]},"description":{"urls":[]}},"followers_count":712,"profile_sidebar_border_color":"FFFFFF","id_str":"23811498","profile_background_color":"B2DFDA","listed_count":10,"is_translation_enabled":false,"utc_offset":-25200,"statuses_count":2434,"description":"Press relations. Recovering ex-journo. #poligeek. Powered by strong coffee, dark chocolate and lip gloss.","friends_count":2001,"location":"Canada","profile_link_color":"93A644","profile_image_url":"http://pbs.twimg.com/profile_images/555040918001025024/WTP9nUx9_normal.jpeg","following":false,"geo_enabled":false,"profile_banner_url":"https://pbs.twimg.com/profile_banners/23811498/1417807701","profile_background_image_url":"http://pbs.twimg.com/profile_background_images/768434077/5d170553d82fc4661693a254b87c8499.jpeg","name":"Heather Massel","lang":"en","profile_background_tile":false,"favourites_count":1290,"screen_name":"lolaclare1","notifications":false,"url":"http://t.co/hXq3taSlg4","created_at":"Wed Mar 11 19:18:53 +0000 2009","contributors_enabled":false,"time_zone":"Mountain Time (US & Canada)","protected":false,"default_profile":false,"is_translator":false},"geo":null,"in_reply_to_user_id_str":"34065579","lang":"en","created_at":"Mon Dec 15 00:27:36 +0000 2014","in_reply_to_status_id_str":"544286987784441856","place":null},
{"contributors":null,"truncated":false,"text":"@smh the website is still showing a headline stating airspace shut down http://t.co/mGXd2ulvlN","in_reply_to_status_id":544286686142685184,"id":544287635473068032,"favorite_count":0,"source":"<a href=\"http://twitter.com/download/iphone\" rel=\"nofollow\">Twitter for iPhone</a>","retweeted":false,"coordinates":null,"entities":{"symbols":[],"user_mentions":[{"id":16675569,"indices":[0,4],"id_str":"16675569","screen_name":"smh","name":"smh.com.au"}],"hashtags":[],"urls":[],"media":[{"expanded_url":"http://twitter.com/Sydneyfornia/status/544287635473068032/photo/1","display_url":"pic.twitter.com/mGXd2ulvlN","url":"http://t.co/mGXd2ulvlN","media_url_https":"https://pbs.twimg.com/media/B42ysGXCAAAIqxl.jpg","id_str":"544287600672899072","sizes":{"large":{"h":1024,"resize":"fit","w":764},"small":{"h":455,"resize":"fit","w":340},"medium":{"h":804,"resize":"fit","w":600},"thumb":{"h":150,"resize":"crop","w":150}},"indices":[72,94],"type":"photo","id":544287600672899072,"media_url":"http://pbs.twimg.com/media/B42ysGXCAAAIqxl.jpg"}]},"in_reply_to_screen_name":"smh","id_str":"544287635473068032","retweet_count":0,"in_reply_to_user_id":16675569,"favorited":false,"user":{"follow_request_sent":false,"profile_use_background_image":true,"profile_text_color":"333333","default_profile_image":false,"id":25733280,"profile_background_image_url_https":"https://abs.twimg.com/images/themes/theme1/bg.png","verified":false,"profile_location":null,"profile_image_url_https":"https://pbs.twimg.com/profile_images/1191017208/image_normal.jpg","profile_sidebar_fill_color":"DDEEF6","entities":{"description":{"urls":[]}},"followers_count":181,"profile_sidebar_border_color":"C0DEED","id_str":"25733280","profile_background_color":"C0DEED","listed_count":3,"is_translation_enabled":false,"utc_offset":39600,"statuses_count":1689,"description":"California girl in Sydney","friends_count":405,"location":"Sydney, Australia","profile_link_color":"0084B4","profile_image_url":"http://pbs.twimg.com/profile_images/1191017208/image_normal.jpg","following":false,"geo_enabled":true,"profile_background_image_url":"http://abs.twimg.com/images/themes/theme1/bg.png","name":"SydneyCA","lang":"en","profile_background_tile":false,"favourites_count":13,"screen_name":"Sydneyfornia","notifications":false,"url":null,"created_at":"Sat Mar 21 21:42:02 +0000 2009","contributors_enabled":false,"time_zone":"Sydney","protected":false,"default_profile":true,"is_translator":false},"geo":null,"in_reply_to_user_id_str":"16675569","possibly_sensitive":false,"lang":"en","created_at":"Mon Dec 15 00:27:39 +0000 2014","in_reply_to_status_id_str":"544286686142685184","place":null,"extended_entities":{"media":[{"expanded_url":"http://twitter.com/Sydneyfornia/status/544287635473068032/photo/1","display_url":"pic.twitter.com/mGXd2ulvlN","url":"http://t.co/mGXd2ulvlN","media_url_https":"https://pbs.twimg.com/media/B42ysGXCAAAIqxl.jpg","id_str":"544287600672899072","sizes":{"large":{"h":1024,"resize":"fit","w":764},"small":{"h":455,"resize":"fit","w":340},"medium":{"h":804,"resize":"fit","w":600},"thumb":{"h":150,"resize":"crop","w":150}},"indices":[72,94],"type":"photo","id":544287600672899072,"media_url":"http://pbs.twimg.com/media/B42ysGXCAAAIqxl.jpg"}]}},
{"contributors":null,"truncated":false,"text":"@Chrisgill95 @smh why put out untruths if not confirmed dont   tweet about it adds to hysteria","in_reply_to_status_id":544286686142685184,"id":544287834312814594,"favorite_count":0,"source":"<a href=\"http://theqube.oire.org/\" rel=\"nofollow\">TheQube</a>","retweeted":false,"coordinates":null,"entities":{"symbols":[],"user_mentions":[{"id":236833272,"indices":[0,12],"id_str":"236833272","screen_name":"Chrisgill95","name":"Chris Gill"},{"id":16675569,"indices":[13,17],"id_str":"16675569","screen_name":"smh","name":"smh.com.au"}],"hashtags":[],"urls":[]},"in_reply_to_screen_name":"smh","id_str":"544287834312814594","retweet_count":0,"in_reply_to_user_id":16675569,"favorited":false,"user":{"follow_request_sent":false,"profile_use_background_image":true,"profile_text_color":"333333","default_profile_image":false,"id":19352387,"profile_background_image_url_https":"https://abs.twimg.com/images/themes/theme1/bg.png","verified":false,"profile_location":null,"profile_image_url_https":"https://pbs.twimg.com/profile_images/447086486593085440/K3Bmy7Di_normal.jpeg","profile_sidebar_fill_color":"DDEEF6","entities":{"url":{"urls":[{"url":"http://t.co/CyfT54OkF4","indices":[0,22],"expanded_url":"http://www.markwrightuk88.blogspot.com","display_url":"markwrightuk88.blogspot.com"}]},"description":{"urls":[]}},"followers_count":2657,"profile_sidebar_border_color":"C0DEED","id_str":"19352387","profile_background_color":"C0DEED","listed_count":112,"is_translation_enabled":false,"utc_offset":0,"statuses_count":230944,"description":"evertonian for life living down south, libetarian anti capitalist , Dr who and  kylie fan   always happy to meet new people","friends_count":1429,"location":"Ware, Hertfordshire,  UK","profile_link_color":"0084B4","profile_image_url":"http://pbs.twimg.com/profile_images/447086486593085440/K3Bmy7Di_normal.jpeg","following":false,"geo_enabled":false,"profile_background_image_url":"http://abs.twimg.com/images/themes/theme1/bg.png","name":"mark wright","lang":"en","profile_background_tile":false,"favourites_count":578,"screen_name":"markwrightuk88","notifications":false,"url":"http://t.co/CyfT54OkF4","created_at":"Thu Jan 22 18:27:05 +0000 2009","contributors_enabled":false,"time_zone":"London","protected":false,"default_profile":true,"is_translator":false},"geo":null,"in_reply_to_user_id_str":"16675569","lang":"en","created_at":"Mon Dec 15 00:28:26 +0000 2014","in_reply_to_status_id_str":"544286686142685184","place":null},
{"contributors":null,"truncated":false,"text":"@smh how about you calm down and do some real reporting. Shambles as you lot scramble to hype up a #terrorfest","in_reply_to_status_id":544286686142685184,"id":544287901500981249,"favorite_count":1,"source":"<a href=\"http://twitter.com/download/android\" rel=\"nofollow\">Twitter for Android</a>","retweeted":false,"coordinates":null,"entities":{"symbols":[],"user_mentions":[{"id":16675569,"indices":[0,4],"id_str":"16675569","screen_name":"smh","name":"smh.com.au"}],"hashtags":[{"indices":[99,110],"text":"terrorfest"}],"urls":[]},"in_reply_to_screen_name":"smh","id_str":"544287901500981249","retweet_count":1,"in_reply_to_user_id":16675569,"favorited":false,"user":{"follow_request_sent":false,"profile_use_background_image":true,"profile_text_color":"333333","default_profile_image":false,"id":5526692,"profile_background_image_url_https":"https://abs.twimg.com/images/themes/theme13/bg.gif","verified":false,"profile_location":null,"profile_image_url_https":"https://pbs.twimg.com/profile_images/22181392/iconNathMonks_normal.jpg","profile_sidebar_fill_color":"FFFFFF","entities":{"url":{"urls":[{"url":"http://t.co/jOaGDpSxAH","indices":[0,22],"expanded_url":"http://nathan-lee.com/blog","display_url":"nathan-lee.com/blog"}]},"description":{"urls":[]}},"followers_count":1741,"profile_sidebar_border_color":"EEEEEE","id_str":"5526692","profile_background_color":"B2DFDA","listed_count":60,"is_translation_enabled":false,"utc_offset":39600,"statuses_count":34773,"description":"Rants are my own personal views. Co-founder of @AusProgressive with some amazing people keen for a progressive jump-start of democracy.","friends_count":1893,"location":"Sydney, Australia","profile_link_color":"93A644","profile_image_url":"http://pbs.twimg.com/profile_images/22181392/iconNathMonks_normal.jpg","following":false,"geo_enabled":false,"profile_background_image_url":"http://abs.twimg.com/images/themes/theme13/bg.gif","name":"Nathan Lee","lang":"en","profile_background_tile":false,"favourites_count":392,"screen_name":"NathanLee","notifications":false,"url":"http://t.co/jOaGDpSxAH","created_at":"Thu Apr 26 13:02:40 +0000 2007","contributors_enabled":false,"time_zone":"Sydney","protected":false,"default_profile":false,"is_translator":false},"geo":null,"in_reply_to_user_id_str":"16675569","lang":"en","created_at":"Mon Dec 15 00:28:42 +0000 2014","in_reply_to_status_id_str":"544286686142685184","place":null},
{"contributors":null,"truncated":false,"text":".@smh who needs to checking facts when you are newspaper, amiright?","in_reply_to_status_id":544286686142685184,"id":544288232221843456,"favorite_count":0,"source":"<a href=\"http://twitter.com\" rel=\"nofollow\">Twitter Web Client</a>","retweeted":false,"coordinates":null,"entities":{"symbols":[],"user_mentions":[{"id":16675569,"indices":[1,5],"id_str":"16675569","screen_name":"smh","name":"smh.com.au"}],"hashtags":[],"urls":[]},"in_reply_to_screen_name":"smh","id_str":"544288232221843456","retweet_count":0,"in_reply_to_user_id":16675569,"favorited":false,"user":{"follow_request_sent":false,"profile_use_background_image":true,"profile_text_color":"333333","default_profile_image":false,"id":137887076,"profile_background_image_url_https":"https://pbs.twimg.com/profile_background_images/154845522/4056385100_3a2470256b_o.jpg","verified":false,"profile_location":null,"profile_image_url_https":"https://pbs.twimg.com/profile_images/859378040/men-s-radical-islam-t-shirt-vintage_normal.jpg","profile_sidebar_fill_color":"EFEFEF","entities":{"url":{"urls":[{"url":"http://t.co/qlEtz69HrV","indices":[0,22],"expanded_url":"http://madnessandmomentum.tumblr.com","display_url":"madnessandmomentum.tumblr.com"}]},"description":{"urls":[]}},"followers_count":154,"profile_sidebar_border_color":"000000","id_str":"137887076","profile_background_color":"131516","listed_count":2,"is_translation_enabled":false,"utc_offset":39600,"statuses_count":7961,"description":"DON'T DATE ROBOTS! Keep fucking that chicken! (Dictated but not read) Amateur Agent Provocateur","friends_count":318,"location":"downunda, mate","profile_link_color":"1D1060","profile_image_url":"http://pbs.twimg.com/profile_images/859378040/men-s-radical-islam-t-shirt-vintage_normal.jpg","following":false,"geo_enabled":true,"profile_banner_url":"https://pbs.twimg.com/profile_banners/137887076/1413872727","profile_background_image_url":"http://pbs.twimg.com/profile_background_images/154845522/4056385100_3a2470256b_o.jpg","name":"Terminally Chill","lang":"en","profile_background_tile":false,"favourites_count":5261,"screen_name":"maxfuckery","notifications":false,"url":"http://t.co/qlEtz69HrV","created_at":"Wed Apr 28 01:49:01 +0000 2010","contributors_enabled":false,"time_zone":"Sydney","protected":false,"default_profile":false,"is_translator":false},"geo":null,"in_reply_to_user_id_str":"16675569","lang":"en","created_at":"Mon Dec 15 00:30:01 +0000 2014","in_reply_to_status_id_str":"544286686142685184","place":null},
{"contributors":null,"truncated":false,"text":"@smh this is what is flying over sydney right now! Nothing with a transponder switched on. http://t.co/JzUbHdiKdl","in_reply_to_status_id":544286686142685184,"id":544288286676504576,"favorite_count":0,"source":"<a href=\"http://twitter.com/#!/download/ipad\" rel=\"nofollow\">Twitter for iPad</a>","retweeted":false,"coordinates":null,"entities":{"symbols":[],"user_mentions":[{"id":16675569,"indices":[0,4],"id_str":"16675569","screen_name":"smh","name":"smh.com.au"}],"hashtags":[],"urls":[],"media":[{"expanded_url":"http://twitter.com/Graham0205/status/544288286676504576/photo/1","display_url":"pic.twitter.com/JzUbHdiKdl","url":"http://t.co/JzUbHdiKdl","media_url_https":"https://pbs.twimg.com/media/B42zQVGCUAATwMV.jpg","id_str":"544288223103438848","sizes":{"small":{"h":255,"resize":"fit","w":340},"large":{"h":768,"resize":"fit","w":1024},"medium":{"h":450,"resize":"fit","w":600},"thumb":{"h":150,"resize":"crop","w":150}},"indices":[91,113],"type":"photo","id":544288223103438848,"media_url":"http://pbs.twimg.com/media/B42zQVGCUAATwMV.jpg"}]},"in_reply_to_screen_name":"smh","id_str":"544288286676504576","retweet_count":0,"in_reply_to_user_id":16675569,"favorited":false,"user":{"follow_request_sent":false,"profile_use_background_image":true,"profile_text_color":"333333","default_profile_image":false,"id":286872483,"profile_background_image_url_https":"https://abs.twimg.com/images/themes/theme1/bg.png","verified":false,"profile_location":null,"profile_image_url_https":"https://pbs.twimg.com/profile_images/524425712749395968/KVXtcmwT_normal.jpeg","profile_sidebar_fill_color":"DDEEF6","entities":{"url":{"urls":[{"url":"http://t.co/2qu9R8onMP","indices":[0,22],"expanded_url":"http://www.offthemap.biz","display_url":"offthemap.biz"}]},"description":{"urls":[]}},"followers_count":51,"profile_sidebar_border_color":"C0DEED","id_str":"286872483","profile_background_color":"C0DEED","listed_count":2,"is_translation_enabled":false,"utc_offset":null,"statuses_count":1587,"description":"Master Mariner, Trainer & Assessor, Captain R U 4 Reel Charter vessel, Pilot, sailor, VK2FAUS, exploration, adventures, charters. Managing Director","friends_count":150,"location":"Sydney Australia","profile_link_color":"0084B4","profile_image_url":"http://pbs.twimg.com/profile_images/524425712749395968/KVXtcmwT_normal.jpeg","following":false,"geo_enabled":true,"profile_banner_url":"https://pbs.twimg.com/profile_banners/286872483/1413867819","profile_background_image_url":"http://abs.twimg.com/images/themes/theme1/bg.png","name":"Capt Graham Wilson","lang":"en","profile_background_tile":false,"favourites_count":304,"screen_name":"Graham0205","notifications":false,"url":"http://t.co/2qu9R8onMP","created_at":"Sat Apr 23 21:36:51 +0000 2011","contributors_enabled":false,"time_zone":null,"protected":false,"default_profile":true,"is_translator":false},"geo":null,"in_reply_to_user_id_str":"16675569","possibly_sensitive":false,"lang":"en","created_at":"Mon Dec 15 00:30:14 +0000 2014","in_reply_to_status_id_str":"544286686142685184","place":null,"extended_entities":{"media":[{"expanded_url":"http://twitter.com/Graham0205/status/544288286676504576/photo/1","display_url":"pic.twitter.com/JzUbHdiKdl","url":"http://t.co/JzUbHdiKdl","media_url_https":"https://pbs.twimg.com/media/B42zQVGCUAATwMV.jpg","id_str":"544288223103438848","sizes":{"small":{"h":255,"resize":"fit","w":340},"large":{"h":768,"resize":"fit","w":1024},"medium":{"h":450,"resize":"fit","w":600},"thumb":{"h":150,"resize":"crop","w":150}},"indices":[91,113],"type":"photo","id":544288223103438848,"media_url":"http://pbs.twimg.com/media/B42zQVGCUAATwMV.jpg"}]}},
{"contributors":null,"truncated":false,"text":"@maxfuckery @smh First and wrong &gt; second and right.","in_reply_to_status_id":544288232221843456,"id":544291064517890048,"favorite_count":0,"source":"<a href=\"http://twitter.com\" rel=\"nofollow\">Twitter Web Client</a>","retweeted":false,"coordinates":null,"entities":{"symbols":[],"user_mentions":[{"id":137887076,"indices":[0,11],"id_str":"137887076","screen_name":"maxfuckery","name":"Terminally Chill"},{"id":16675569,"indices":[12,16],"id_str":"16675569","screen_name":"smh","name":"smh.com.au"}],"hashtags":[],"urls":[]},"in_reply_to_screen_name":"maxfuckery","id_str":"544291064517890048","retweet_count":0,"in_reply_to_user_id":137887076,"favorited":false,"user":{"follow_request_sent":false,"profile_use_background_image":false,"profile_text_color":"000000","default_profile_image":false,"id":142129666,"profile_background_image_url_https":"https://abs.twimg.com/images/themes/theme9/bg.gif","verified":false,"profile_location":null,"profile_image_url_https":"https://pbs.twimg.com/profile_images/551293613783515136/hZ0J-4J__normal.jpeg","profile_sidebar_fill_color":"000000","entities":{"url":{"urls":[{"url":"http://t.co/xjTPHM9bYr","indices":[0,22],"expanded_url":"http://www.imdb.com/name/nm1907744","display_url":"imdb.com/name/nm1907744"}]},"description":{"urls":[]}},"followers_count":301,"profile_sidebar_border_color":"000000","id_str":"142129666","profile_background_color":"000000","listed_count":1,"is_translation_enabled":false,"utc_offset":39600,"statuses_count":1442,"description":"Edits ads, film and TV. Also, I co-wrote SKIN TRADE, starring Lundgren and Jaa, coming 2015. This bio was automatically generated.","friends_count":301,"location":"","profile_link_color":"4A913C","profile_image_url":"http://pbs.twimg.com/profile_images/551293613783515136/hZ0J-4J__normal.jpeg","following":false,"geo_enabled":true,"profile_banner_url":"https://pbs.twimg.com/profile_banners/142129666/1410429159","profile_background_image_url":"http://abs.twimg.com/images/themes/theme9/bg.gif","name":"Gabe Dowrick","lang":"en","profile_background_tile":false,"favourites_count":944,"screen_name":"GabeDowrick","notifications":false,"url":"http://t.co/xjTPHM9bYr","created_at":"Mon May 10 01:56:45 +0000 2010","contributors_enabled":false,"time_zone":"Sydney","protected":false,"default_profile":false,"is_translator":false},"geo":null,"in_reply_to_user_id_str":"137887076","lang":"en","created_at":"Mon Dec 15 00:41:16 +0000 2014","in_reply_to_status_id_str":"544288232221843456","place":null},
{"contributors":null,"truncated":false,"text":"@smh Good one, scoop!","in_reply_to_status_id":544286686142685184,"id":544291218239152128,"favorite_count":0,"source":"<a href=\"http://twitter.com/download/android\" rel=\"nofollow\">Twitter for Android</a>","retweeted":false,"coordinates":null,"entities":{"symbols":[],"user_mentions":[{"id":16675569,"indices":[0,4],"id_str":"16675569","screen_name":"smh","name":"smh.com.au"}],"hashtags":[],"urls":[]},"in_reply_to_screen_name":"smh","id_str":"544291218239152128","retweet_count":0,"in_reply_to_user_id":16675569,"favorited":false,"user":{"follow_request_sent":false,"profile_use_background_image":true,"profile_text_color":"333333","default_profile_image":false,"id":28322848,"profile_background_image_url_https":"https://abs.twimg.com/images/themes/theme1/bg.png","verified":false,"profile_location":null,"profile_image_url_https":"https://pbs.twimg.com/profile_images/432481787546046466/_d8e2O5I_normal.jpeg","profile_sidebar_fill_color":"DDEEF6","entities":{"description":{"urls":[]}},"followers_count":77,"profile_sidebar_border_color":"C0DEED","id_str":"28322848","profile_background_color":"C0DEED","listed_count":0,"is_translation_enabled":false,"utc_offset":39600,"statuses_count":191,"description":"","friends_count":278,"location":"","profile_link_color":"0084B4","profile_image_url":"http://pbs.twimg.com/profile_images/432481787546046466/_d8e2O5I_normal.jpeg","following":false,"geo_enabled":false,"profile_background_image_url":"http://abs.twimg.com/images/themes/theme1/bg.png","name":"Greyman","lang":"en","profile_background_tile":false,"favourites_count":0,"screen_name":"schmubos","notifications":false,"url":null,"created_at":"Thu Apr 02 11:51:45 +0000 2009","contributors_enabled":false,"time_zone":"New Caledonia","protected":false,"default_profile":true,"is_translator":false},"geo":null,"in_reply_to_user_id_str":"16675569","lang":"en","created_at":"Mon Dec 15 00:41:53 +0000 2014","in_reply_to_status_id_str":"544286686142685184","place":null},
{"contributors":null,"truncated":false,"text":"@gwynne007 @smh","in_reply_to_status_id":544286987784441856,"id":544291651623976960,"favorite_count":0,"source":"<a href=\"http://twitter.com/download/android\" rel=\"nofollow\">Twitter for Android</a>","retweeted":false,"coordinates":null,"entities":{"symbols":[],"user_mentions":[{"id":34065579,"indices":[0,10],"id_str":"34065579","screen_name":"gwynne007","name":"Adam Gwynne"},{"id":16675569,"indices":[11,15],"id_str":"16675569","screen_name":"smh","name":"smh.com.au"}],"hashtags":[],"urls":[]},"in_reply_to_screen_name":"gwynne007","id_str":"544291651623976960","retweet_count":0,"in_reply_to_user_id":34065579,"favorited":false,"user":{"follow_request_sent":false,"profile_use_background_image":true,"profile_text_color":"333333","default_profile_image":false,"id":334489254,"profile_background_image_url_https":"https://abs.twimg.com/images/themes/theme1/bg.png","verified":false,"profile_location":null,"profile_image_url_https":"https://pbs.twimg.com/profile_images/579319277284528128/-oa2Hdxp_normal.jpg","profile_sidebar_fill_color":"DDEEF6","entities":{"description":{"urls":[]}},"followers_count":36,"profile_sidebar_border_color":"C0DEED","id_str":"334489254","profile_background_color":"C0DEED","listed_count":0,"is_translation_enabled":false,"utc_offset":null,"statuses_count":1623,"description":"Proud to be Indonesian | an Aries Girl | Music Lover & Food Lover |","friends_count":363,"location":"Kuningan & Jakarta, Indonesia","profile_link_color":"0084B4","profile_image_url":"http://pbs.twimg.com/profile_images/579319277284528128/-oa2Hdxp_normal.jpg","following":false,"geo_enabled":true,"profile_banner_url":"https://pbs.twimg.com/profile_banners/334489254/1373093438","profile_background_image_url":"http://abs.twimg.com/images/themes/theme1/bg.png","name":"Kasih ","lang":"en","profile_background_tile":false,"favourites_count":133,"screen_name":"Kasih_s","notifications":false,"url":null,"created_at":"Wed Jul 13 05:21:30 +0000 2011","contributors_enabled":false,"time_zone":null,"protected":false,"default_profile":true,"is_translator":false},"geo":null,"in_reply_to_user_id_str":"34065579","lang":"und","created_at":"Mon Dec 15 00:43:36 +0000 2014","in_reply_to_status_id_str":"544286987784441856","place":null},
{"contributors":null,"truncated":false,"text":"@smh irresponsible reporting creating more panic and alarm. Calm down and get it right the first time.","in_reply_to_status_id":544286686142685184,"id":544307508244803584,"favorite_count":0,"source":"<a href=\"http://twitter.com/download/iphone\" rel=\"nofollow\">Twitter for iPhone</a>","retweeted":false,"coordinates":null,"entities":{"symbols":[],"user_mentions":[{"id":16675569,"indices":[0,4],"id_str":"16675569","screen_name":"smh","name":"smh.com.au"}],"hashtags":[],"urls":[]},"in_reply_to_screen_name":"smh","id_str":"544307508244803584","retweet_count":0,"in_reply_to_user_id":16675569,"favorited":false,"user":{"follow_request_sent":false,"profile_use_background_image":true,"profile_text_color":"333333","default_profile_image":false,"id":2281283534,"profile_background_image_url_https":"https://abs.twimg.com/images/themes/theme1/bg.png","verified":false,"profile_location":null,"profile_image_url_https":"https://pbs.twimg.com/profile_images/516834364282261504/cUZoHKrs_normal.jpeg","profile_sidebar_fill_color":"DDEEF6","entities":{"description":{"urls":[]}},"followers_count":154,"profile_sidebar_border_color":"C0DEED","id_str":"2281283534","profile_background_color":"C0DEED","listed_count":2,"is_translation_enabled":false,"utc_offset":null,"statuses_count":43,"description":"National Ambassador for Johnnie Walker Whisky and the Classic Malts, Masterchef contestant, spirits trainer, bartender and writer.","friends_count":101,"location":"Sydney, Australia","profile_link_color":"0084B4","profile_image_url":"http://pbs.twimg.com/profile_images/516834364282261504/cUZoHKrs_normal.jpeg","following":false,"geo_enabled":false,"profile_banner_url":"https://pbs.twimg.com/profile_banners/2281283534/1412057964","profile_background_image_url":"http://abs.twimg.com/images/themes/theme1/bg.png","name":"Sean Baxter","lang":"en","profile_background_tile":false,"favourites_count":4,"screen_name":"SeanBaxter","notifications":false,"url":null,"created_at":"Tue Jan 07 23:15:23 +0000 2014","contributors_enabled":false,"time_zone":null,"protected":false,"default_profile":true,"is_translator":false},"geo":null,"in_reply_to_user_id_str":"16675569","lang":"en","created_at":"Mon Dec 15 01:46:37 +0000 2014","in_reply_to_status_id_str":"544286686142685184","place":null},
{"contributors":null,"truncated":false,"text":"@smh Do better","in_reply_to_status_id":544286686142685184,"id":544366838704914432,"favorite_count":0,"source":"<a href=\"https://dev.twitter.com/docs/tfw\" rel=\"nofollow\">Twitter for Websites</a>","retweeted":false,"coordinates":null,"entities":{"symbols":[],"user_mentions":[{"id":16675569,"indices":[0,4],"id_str":"16675569","screen_name":"smh","name":"smh.com.au"}],"hashtags":[],"urls":[]},"in_reply_to_screen_name":"smh","id_str":"544366838704914432","retweet_count":0,"in_reply_to_user_id":16675569,"favorited":false,"user":{"follow_request_sent":false,"profile_use_background_image":true,"profile_text_color":"333333","default_profile_image":false,"id":476083093,"profile_background_image_url_https":"https://pbs.twimg.com/profile_background_images/479323499220045824/_522Y5Wq.jpeg","verified":false,"profile_location":null,"profile_image_url_https":"https://pbs.twimg.com/profile_images/584422942458548224/PbqUl9DH_normal.jpg","profile_sidebar_fill_color":"DDEEF6","entities":{"description":{"urls":[]}},"followers_count":278,"profile_sidebar_border_color":"FFFFFF","id_str":"476083093","profile_background_color":"C0DEED","listed_count":2,"is_translation_enabled":false,"utc_offset":-28800,"statuses_count":26139,"description":"I like some things.","friends_count":774,"location":"WA","profile_link_color":"0084B4","profile_image_url":"http://pbs.twimg.com/profile_images/584422942458548224/PbqUl9DH_normal.jpg","following":false,"geo_enabled":false,"profile_background_image_url":"http://pbs.twimg.com/profile_background_images/479323499220045824/_522Y5Wq.jpeg","name":"Taylor","lang":"en","profile_background_tile":true,"favourites_count":5382,"screen_name":"Taylor_TV_","notifications":false,"url":null,"created_at":"Fri Jan 27 19:09:47 +0000 2012","contributors_enabled":false,"time_zone":"Pacific Time (US & Canada)","protected":false,"default_profile":false,"is_translator":false},"geo":null,"in_reply_to_user_id_str":"16675569","lang":"en","created_at":"Mon Dec 15 05:42:22 +0000 2014","in_reply_to_status_id_str":"544286686142685184","place":null}
]