[{"contributors":null,"truncated":false,"text":"First pic coming out now!“@Breaking911: BREAKING PHOTO Appears To Show #SydneySiege Suspect : http://t.co/E3oRJLKUSX http://t.co/vHcGavLPDf”","in_reply_to_status_id":544293694166536192,"id":544294084589146113,"favorite_count":1,"source":"<a href=\"http://twitter.com/#!/download/ipad\" rel=\"nofollow\">Twitter for iPad</a>","retweeted":false,"coordinates":null,"entities":{"symbols":[],"user_mentions":[{"id":375721095,"indices":[26,38],"id_str":"375721095","screen_name":"Breaking911","name":"Breaking911"}],"hashtags":[{"indices":[71,83],"text":"SydneySiege"}],"urls":[{"url":"http://t.co/E3oRJLKUSX","indices":[94,116],"expanded_url":"http://bit.ly/1qOP2hl","display_url":"bit.ly/1qOP2hl"}],"media":[{"source_user_id":375721095,"source_status_id_str":"544293694166536192","expanded_url":"http://twitter.com/Breaking911/status/544293694166536192/photo/1","display_url":"pic.twitter.com/vHcGavLPDf","url":"http://t.co/vHcGavLPDf","media_url_https":"https://pbs.twimg.com/media/B424OfiIMAAdM0l.jpg","source_user_id_str":"375721095","source_status_id":544293694166536192,"id_str":"544293689104019456","sizes":{"large":{"h":1024,"resize":"fit","w":577},"small":{"h":603,"resize":"fit","w":340},"medium":{"h":1024,"resize":"fit","w":577},"thumb":{"h":150,"resize":"crop","w":150}},"indices":[117,139],"type":"photo","id":544293689104019456,"media_url":"http://pbs.twimg.com/media/B424OfiIMAAdM0l.jpg"}]},"in_reply_to_screen_name":"Breaking911","id_str":"544294084589146113","retweet_count":8,"in_reply_to_user_id":375721095,"favorited":false,"user":{"follow_request_sent":false,"profile_use_background_image":true,"profile_text_color":"333333","default_profile_image":false,"id":174827761,"profile_background_image_url_https":"https://pbs.twimg.com/profile_background_images/432188023/test.jpg","verified":false,"profile_location":null,"profile_image_url_https":"https://pbs.twimg.com/profile_images/582361917274120194/wL7Rll7e_normal.jpg","profile_sidebar_fill_color":"DDEEF6","entities":{"url":{"urls":[{"url":"http://t.co/4SijocRWE9","indices":[0,22],"expanded_url":"http://about.me/jared_simon","display_url":"about.me/jared_simon"}]},"description":{"urls":[]}},"followers_count":351,"profile_sidebar_border_color":"C0DEED","id_str":"174827761","profile_background_color":"C0DEED","listed_count":8,"is_translation_enabled":false,"utc_offset":-21600,"statuses_count":2585,"description":"Former TV Reporter-@MSG_Varsity HD NY/CT. @SiriusxmNFL Radio. Host of @PRIME_T_SPORTS on @WMLN_FM Boston. FireFighter-NCFD","friends_count":558,"location":"New York-Boston","profile_link_color":"0084B4","profile_image_url":"http://pbs.twimg.com/profile_images/582361917274120194/wL7Rll7e_normal.jpg","following":false,"geo_enabled":true,"profile_banner_url":"https://pbs.twimg.com/profile_banners/174827761/1397507513","profile_background_image_url":"http://pbs.twimg.com/profile_background_images/432188023/test.jpg","name":"Jared Simon","lang":"en","profile_background_tile":false,"favourites_count":2154,"screen_name":"RealJaredSimon","notifications":false,"url":"http://t.co/4SijocRWE9","created_at":"Wed Aug 04 22:54:10 +0000 2010","contributors_enabled":false,"time_zone":"Central Time (US & Canada)","protected":false,"default_profile":false,"is_translator":false},"geo":null,"in_reply_to_user_id_str":"375721095","possibly_sensitive":false,"lang":"en","created_at":"Mon Dec 15 00:53:16 +0000 2014","in_reply_to_status_id_str":"544293694166536192","place":null,"extended_entities":{"media":[{"source_user_id":375721095,"source_status_id_str":"544293694166536192","expanded_url":"http://twitter.com/Breaking911/status/544293694166536192/photo/1","display_url":"pic.twitter.com/vHcGavLPDf","url":"http://t.co/vHcGavLPDf","media_url_https":"https://pbs.twimg.com/media/B424OfiIMAAdM0l.jpg","source_user_id_str":"375721095","source_status_id":544293694166536192,"id_str":"544293689104019456","sizes":{"large":{"h":1024,"resize":"fit","w":577},"small":{"h":603,"resize":"fit","w":340},"medium":{"h":1024,"resize":"fit","w":577},"thumb":{"h":150,"resize":"crop","w":150}},"indices":[117,139],"type":"photo","id":544293689104019456,"media_url":"http://pbs.twimg.com/media/B424OfiIMAAdM0l.jpg"}]}},
{"contributors":null,"truncated":false,"text":"“@Breaking911: BREAKING PHOTO Appears To Show #SydneySiege Suspect --MORE HERE: http://t.co/kXo8KnHqHO http://t.co/sbRqbkA2yN”@BBCNews","in_reply_to_status_id":544293694166536192,"id":544294088171061248,"favorite_count":0,"source":"<a href=\"http://twitter.com/#!/download/ipad\" rel=\"nofollow\">Twitter for iPad</a>","retweeted":false,"coordinates":null,"entities":{"symbols":[],"user_mentions":[{"id":375721095,"indices":[1,13],"id_str":"375721095","screen_name":"Breaking911","name":"Breaking911"},{"id":612473,"indices":[126,134],"id_str":"612473","screen_name":"BBCNews","name":"BBC News (UK)"}],"hashtags":[{"indices":[46,58],"text":"SydneySiege"}],"urls":[{"url":"http://t.co/kXo8KnHqHO","indices":[80,102],"expanded_url":"http://bit.ly/1qOP2hl","display_url":"bit.ly/1qOP2hl"}],"media":[{"source_user_id":375721095,"source_status_id_str":"544293694166536192","expanded_url":"http://twitter.com/Breaking911/status/544293694166536192/photo/1","display_url":"pic.twitter.com/sbRqbkA2yN","url":"http://t.co/sbRqbkA2yN","media_url_https":"https://pbs.twimg.com/media/B424OfiIMAAdM0l.jpg","source_user_id_str":"375721095","source_status_id":544293694166536192,"id_str":"544293689104019456","sizes":{"large":{"h":1024,"resize":"fit","w":577},"small":{"h":603,"resize":"fit","w":340},"medium":{"h":1024,"resize":"fit","w":577},"thumb":{"h":150,"resize":"crop","w":150}},"indices":[103,125],"type":"photo","id":544293689104019456,"media_url":"http://pbs.twimg.com/media/B424OfiIMAAdM0l.jpg"}]},"in_reply_to_screen_name":"Breaking911","id_str":"544294088171061248","retweet_count":0,"in_reply_to_user_id":375721095,"favorited":false,"user":{"follow_request_sent":false,"profile_use_background_image":true,"profile_text_color":"050505","default_profile_image":false,"id":319406270,"profile_background_image_url_https":"https://abs.twimg.com/images/themes/theme11/bg.gif","verified":false,"profile_location":null,"profile_image_url_https":"https://pbs.twimg.com/profile_images/561977761531965441/bPyENMBC_normal.jpeg","profile_sidebar_fill_color":"E5507E","entities":{"description":{"urls":[]}},"followers_count":3101,"profile_sidebar_border_color":"CC3366","id_str":"319406270","profile_background_color":"FF6699","listed_count":15,"is_translation_enabled":false,"utc_offset":0,"statuses_count":46707,"description":"Gaga tweeted 8/4/14! 19 yrs old. Football, gaming & music! LFC supporter. YNWA! Girl gamer! PSN name is KillerShot_BOOM2.✌️PEACE✌️❤️LOVE❤️","friends_count":3408,"location":"Nuneaton,Warwickshire,England","profile_link_color":"9D0EF0","profile_image_url":"http://pbs.twimg.com/profile_images/561977761531965441/bPyENMBC_normal.jpeg","following":false,"geo_enabled":true,"profile_banner_url":"https://pbs.twimg.com/profile_banners/319406270/1417951783","profile_background_image_url":"http://abs.twimg.com/images/themes/theme11/bg.gif","name":"✌️PEACE&LOVE❤️","lang":"en","profile_background_tile":false,"favourites_count":12737,"screen_name":"GAGA_PawsUpXO","notifications":false,"url":null,"created_at":"Sat Jun 18 02:13:19 +0000 2011","contributors_enabled":false,"time_zone":"London","protected":false,"default_profile":false,"is_translator":false},"geo":null,"in_reply_to_user_id_str":"375721095","possibly_sensitive":false,"lang":"en","created_at":"Mon Dec 15 00:53:17 +0000 2014","in_reply_to_status_id_str":"544293694166536192","place":null,"extended_entities":{"media":[{"source_user_id":375721095,"source_status_id_str":"544293694166536192","expanded_url":"http://twitter.com/Breaking911/status/544293694166536192/photo/1","display_url":"pic.twitter.com/sbRqbkA2yN","url":"http://t.co/sbRqbkA2yN","media_url_https":"https://pbs.twimg.com/media/B424OfiIMAAdM0l.jpg","source_user_id_str":"375721095","source_status_id":544293694166536192,"id_str":"544293689104019456","sizes":{"large":{"h":1024,"resize":"fit","w":577},"small":{"h":603,"resize":"fit","w":340},"medium":{"h":1024,"resize":"fit","w":577},"thumb":{"h":150,"resize":"crop","w":150}},"indices":[103,125],"type":"photo","id":544293689104019456,"media_url":"http://pbs.twimg.com/media/B424OfiIMAAdM0l.jpg"}]}},
{"contributors":null,"truncated":false,"text":"“@Breaking911: BREAKING PHOTO Appears To Show #SydneySiege Suspect --MORE HERE: http://t.co/PViJzyii0o http://t.co/x9J2az9uM8”\n\nCoward","in_reply_to_status_id":544293694166536192,"id":544294117543403520,"favorite_count":0,"source":"<a href=\"http://twitter.com/download/iphone\" rel=\"nofollow\">Twitter for iPhone</a>","retweeted":false,"coordinates":{"type":"Point","coordinates":[-171.76926554,-13.83246249]},"entities":{"symbols":[],"user_mentions":[{"id":375721095,"indices":[1,13],"id_str":"375721095","screen_name":"Breaking911","name":"Breaking911"}],"hashtags":[{"indices":[46,58],"text":"SydneySiege"}],"urls":[{"url":"http://t.co/PViJzyii0o","indices":[80,102],"expanded_url":"http://bit.ly/1qOP2hl","display_url":"bit.ly/1qOP2hl"}],"media":[{"source_user_id":375721095,"source_status_id_str":"544293694166536192","expanded_url":"http://twitter.com/Breaking911/status/544293694166536192/photo/1","display_url":"pic.twitter.com/x9J2az9uM8","url":"http://t.co/x9J2az9uM8","media_url_https":"https://pbs.twimg.com/media/B424OfiIMAAdM0l.jpg","source_user_id_str":"375721095","source_status_id":544293694166536192,"id_str":"544293689104019456","sizes":{"large":{"h":1024,"resize":"fit","w":577},"small":{"h":603,"resize":"fit","w":340},"medium":{"h":1024,"resize":"fit","w":577},"thumb":{"h":150,"resize":"crop","w":150}},"indices":[103,125],"type":"photo","id":544293689104019456,"media_url":"http://pbs.twimg.com/media/B424OfiIMAAdM0l.jpg"}]},"in_reply_to_screen_name":"Breaking911","id_str":"544294117543403520","retweet_count":0,"in_reply_to_user_id":375721095,"favorited":false,"user":{"follow_request_sent":false,"profile_use_background_image":false,"profile_text_color":"012E4F","default_profile_image":false,"id":304184842,"profile_background_image_url_https":"https://pbs.twimg.com/profile_background_images/455606336198176768/SNtecwOH.jpeg","verified":false,"profile_location":null,"profile_image_url_https":"https://pbs.twimg.com/profile_images/560885275438485504/TX8srKwt_normal.jpeg","profile_sidebar_fill_color":"013F58","entities":{"url":{"urls":[{"url":"http://t.co/ibCQXF9vZ9","indices":[0,22],"expanded_url":"http://www.Facebook.com/branson.moors","display_url":"Facebook.com/branson.moors"}]},"description":{"urls":[]}},"followers_count":959,"profile_sidebar_border_color":"E0D0C3","id_str":"304184842","profile_background_color":"01080E","listed_count":7,"is_translation_enabled":false,"utc_offset":-28800,"statuses_count":27721,"description":"Look, I don't know you. Quit asking me.","friends_count":944,"location":"On a Rock in the Pacific","profile_link_color":"000E25","profile_image_url":"http://pbs.twimg.com/profile_images/560885275438485504/TX8srKwt_normal.jpeg","following":false,"geo_enabled":true,"profile_banner_url":"https://pbs.twimg.com/profile_banners/304184842/1416879330","profile_background_image_url":"http://pbs.twimg.com/profile_background_images/455606336198176768/SNtecwOH.jpeg","name":"Tobias B.T. Moors","lang":"en","profile_background_tile":false,"favourites_count":10983,"screen_name":"TobiasIsWeird","notifications":false,"url":"http://t.co/ibCQXF9vZ9","created_at":"Tue May 24 02:33:02 +0000 2011","contributors_enabled":false,"time_zone":"Pacific Time (US & Canada)","protected":false,"default_profile":false,"is_translator":false},"geo":{"type":"Point","coordinates":[-13.83246249,-171.76926554]},"in_reply_to_user_id_str":"375721095","possibly_sensitive":true,"lang":"en","created_at":"Mon Dec 15 00:53:24 +0000 2014","in_reply_to_status_id_str":"544293694166536192","place":{"full_name":"Samoa","url":"https://api.twitter.com/1.1/geo/id/ee293e7b8b7d15d0.json","country":"Samoa","place_type":"country","bounding_box":{"type":"Polygon","coordinates":[[[-172.782582161,-14.052829685],[-171.437692838,-14.052829685],[-171.437692838,-13.462823175],[-172.782582161,-13.462823175]]]},"contained_within":[],"country_code":"WS","attributes":{},"id":"ee293e7b8b7d15d0","name":"Samoa"},"extended_entities":{"media":[{"source_user_id":375721095,"source_status_id_str":"544293694166536192","expanded_url":"http://twitter.com/Breaking911/status/544293694166536192/photo/1","display_url":"pic.twitter.com/x9J2az9uM8","url":"http://t.co/x9J2az9uM8","media_url_https":"https://pbs.twimg.com/media/B424OfiIMAAdM0l.jpg","source_user_id_str":"375721095","source_status_id":544293694166536192,"id_str":"544293689104019456","sizes":{"large":{"h":1024,"resize":"fit","w":577},"small":{"h":603,"resize":"fit","w":340},"medium":{"h":1024,"resize":"fit","w":577},"thumb":{"h":150,"resize":"crop","w":150}},"indices":[103,125],"type":"photo","id":544293689104019456,"media_url":"http://pbs.twimg.com/media/B424OfiIMAAdM0l.jpg"}]}},
{"contributors":null,"truncated":false,"text":"@Breaking911 DAyem, sniper that sum bich. what the hel?","in_reply_to_status_id":544293694166536192,"id":544294300532482048,"favorite_count":0,"source":"<a href=\"http://twitter.com\" rel=\"nofollow\">Twitter Web Client</a>","retweeted":false,"coordinates":null,"entities":{"symbols":[],"user_mentions":[{"id":375721095,"indices":[0,12],"id_str":"375721095","screen_name":"Breaking911","name":"Breaking911"}],"hashtags":[],"urls":[]},"in_reply_to_screen_name":"Breaking911","id_str":"544294300532482048","retweet_count":0,"in_reply_to_user_id":375721095,"favorited":false,"user":{"follow_request_sent":false,"profile_use_background_image":true,"profile_text_color":"333333","default_profile_image":false,"id":222184684,"profile_background_image_url_https":"https://abs.twimg.com/images/themes/theme1/bg.png","verified":false,"profile_location":null,"profile_image_url_https":"https://pbs.twimg.com/profile_images/2385498886/vkyunzhmh2ezdzxqpy98_normal.jpeg","profile_sidebar_fill_color":"DDEEF6","entities":{"description":{"urls":[]}},"followers_count":657,"profile_sidebar_border_color":"C0DEED","id_str":"222184684","profile_background_color":"C0DEED","listed_count":20,"is_translation_enabled":false,"utc_offset":null,"statuses_count":30267,"description":"20 years private investor,raised my daughter on my own,over educated, jaycees, my sweetie,family and boats make me smile everyday.","friends_count":159,"location":"gulf breeze,florida","profile_link_color":"0084B4","profile_image_url":"http://pbs.twimg.com/profile_images/2385498886/vkyunzhmh2ezdzxqpy98_normal.jpeg","following":false,"geo_enabled":false,"profile_background_image_url":"http://abs.twimg.com/images/themes/theme1/bg.png","name":"randall millard","lang":"en","profile_background_tile":false,"favourites_count":3416,"screen_name":"randadtrade","notifications":false,"url":null,"created_at":"Thu Dec 02 18:01:41 +0000 2010","contributors_enabled":false,"time_zone":null,"protected":false,"default_profile":true,"is_translator":false},"geo":null,"in_reply_to_user_id_str":"375721095","lang":"en","created_at":"Mon Dec 15 00:54:08 +0000 2014","in_reply_to_status_id_str":"544293694166536192","place":null},
{"contributors":null,"truncated":false,"text":"“@Breaking911: BREAKING PHOTO Appears To Show #SydneySiege Suspect --MORE HERE: http://t.co/CJhoukljVq http://t.co/99XNu58JXS” #NotInMyName","in_reply_to_status_id":544293694166536192,"id":544294375791292416,"favorite_count":0,"source":"<a href=\"http://twitter.com/download/iphone\" rel=\"nofollow\">Twitter for iPhone</a>","retweeted":false,"coordinates":null,"entities":{"symbols":[],"user_mentions":[{"id":375721095,"indices":[1,13],"id_str":"375721095","screen_name":"Breaking911","name":"Breaking911"}],"hashtags":[{"indices":[46,58],"text":"SydneySiege"},{"indices":[127,139],"text":"NotInMyName"}],"urls":[{"url":"http://t.co/CJhoukljVq","indices":[80,102],"expanded_url":"http://bit.ly/1qOP2hl","display_url":"bit.ly/1qOP2hl"}],"media":[{"source_user_id":375721095,"source_status_id_str":"544293694166536192","expanded_url":"http://twitter.com/Breaking911/status/544293694166536192/photo/1","display_url":"pic.twitter.com/99XNu58JXS","url":"http://t.co/99XNu58JXS","media_url_https":"https://pbs.twimg.com/media/B424OfiIMAAdM0l.jpg","source_user_id_str":"375721095","source_status_id":544293694166536192,"id_str":"544293689104019456","sizes":{"large":{"h":1024,"resize":"fit","w":577},"small":{"h":603,"resize":"fit","w":340},"medium":{"h":1024,"resize":"fit","w":577},"thumb":{"h":150,"resize":"crop","w":150}},"indices":[103,125],"type":"photo","id":544293689104019456,"media_url":"http://pbs.twimg.com/media/B424OfiIMAAdM0l.jpg"}]},"in_reply_to_screen_name":"Breaking911","id_str":"544294375791292416","retweet_count":0,"in_reply_to_user_id":375721095,"favorited":false,"user":{"follow_request_sent":false,"profile_use_background_image":true,"profile_text_color":"333333","default_profile_image":false,"id":469778818,"profile_background_image_url_https":"https://abs.twimg.com/images/themes/theme1/bg.png","verified":false,"profile_location":null,"profile_image_url_https":"https://pbs.twimg.com/profile_images/509037612079013888/AFXE9hIz_normal.jpeg","profile_sidebar_fill_color":"DDEEF6","entities":{"description":{"urls":[]}},"followers_count":167,"profile_sidebar_border_color":"C0DEED","id_str":"469778818","profile_background_color":"C0DEED","listed_count":1,"is_translation_enabled":false,"utc_offset":null,"statuses_count":1946,"description":"","friends_count":511,"location":"Pharma-dent","profile_link_color":"0084B4","profile_image_url":"http://pbs.twimg.com/profile_images/509037612079013888/AFXE9hIz_normal.jpeg","following":false,"geo_enabled":false,"profile_banner_url":"https://pbs.twimg.com/profile_banners/469778818/1388623220","profile_background_image_url":"http://abs.twimg.com/images/themes/theme1/bg.png","name":"Ehsan Na","lang":"en","profile_background_tile":false,"favourites_count":777,"screen_name":"Ehsan_Na_","notifications":false,"url":null,"created_at":"Sat Jan 21 00:01:53 +0000 2012","contributors_enabled":false,"time_zone":null,"protected":false,"default_profile":true,"is_translator":false},"geo":null,"in_reply_to_user_id_str":"375721095","possibly_sensitive":false,"lang":"en","created_at":"Mon Dec 15 00:54:26 +0000 2014","in_reply_to_status_id_str":"544293694166536192","place":null,"extended_entities":{"media":[{"source_user_id":375721095,"source_status_id_str":"544293694166536192","expanded_url":"http://twitter.com/Breaking911/status/544293694166536192/photo/1","display_url":"pic.twitter.com/99XNu58JXS","url":"http://t.co/99XNu58JXS","media_url_https":"https://pbs.twimg.com/media/B424OfiIMAAdM0l.jpg","source_user_id_str":"375721095","source_status_id":544293694166536192,"id_str":"544293689104019456","sizes":{"large":{"h":1024,"resize":"fit","w":577},"small":{"h":603,"resize":"fit","w":340},"medium":{"h":1024,"resize":"fit","w":577},"thumb":{"h":150,"resize":"crop","w":150}},"indices":[103,125],"type":"photo","id":544293689104019456,"media_url":"http://pbs.twimg.com/media/B424OfiIMAAdM0l.jpg"}]}},
{"contributors":null,"truncated":false,"text":"@Breaking911 sniper needs to take that SOB out.","in_reply_to_status_id":544293694166536192,"id":544297523918426112,"favorite_count":0,"source":"<a href=\"http://twitter.com/download/iphone\" rel=\"nofollow\">Twitter for iPhone</a>","retweeted":false,"coordinates":null,"entities":{"symbols":[],"user_mentions":[{"id":375721095,"indices":[0,12],"id_str":"375721095","screen_name":"Breaking911","name":"Breaking911"}],"hashtags":[],"urls":[]},"in_reply_to_screen_name":"Breaking911","id_str":"544297523918426112","retweet_count":0,"in_reply_to_user_id":375721095,"favorited":false,"user":{"follow_request_sent":false,"profile_use_background_image":true,"profile_text_color":"333333","default_profile_image":false,"id":342678370,"profile_background_image_url_https":"https://abs.twimg.com/images/themes/theme15/bg.png","verified":false,"profile_location":null,"profile_image_url_https":"https://pbs.twimg.com/profile_images/557329651287080960/pAapCHZk_normal.jpeg","profile_sidebar_fill_color":"C0DFEC","entities":{"description":{"urls":[]}},"followers_count":1813,"profile_sidebar_border_color":"A8C7F7","id_str":"342678370","profile_background_color":"022330","listed_count":39,"is_translation_enabled":false,"utc_offset":-21600,"statuses_count":12496,"description":"Founding Member - Vast Right Wing Conspiracy. Feline-human mind-meld.","friends_count":1840,"location":"Missouri, USA","profile_link_color":"0084B4","profile_image_url":"http://pbs.twimg.com/profile_images/557329651287080960/pAapCHZk_normal.jpeg","following":false,"geo_enabled":false,"profile_banner_url":"https://pbs.twimg.com/profile_banners/342678370/1406987951","profile_background_image_url":"http://abs.twimg.com/images/themes/theme15/bg.png","name":"Lucky Black Cat™","lang":"en","profile_background_tile":false,"favourites_count":2896,"screen_name":"cyprinut","notifications":false,"url":null,"created_at":"Tue Jul 26 12:09:02 +0000 2011","contributors_enabled":false,"time_zone":"Central Time (US & Canada)","protected":false,"default_profile":false,"is_translator":false},"geo":null,"in_reply_to_user_id_str":"375721095","lang":"en","created_at":"Mon Dec 15 01:06:56 +0000 2014","in_reply_to_status_id_str":"544293694166536192","place":null},
{"contributors":null,"truncated":false,"text":"“@Breaking911: BREAKING PHOTO Appears To Show #SydneySiege Suspect --MORE HERE: http://t.co/v9bisJ7a2u http://t.co/40wt4uAewA”","in_reply_to_status_id":544293694166536192,"id":544299287447089152,"favorite_count":1,"source":"<a href=\"http://twitter.com/download/iphone\" rel=\"nofollow\">Twitter for iPhone</a>","retweeted":false,"coordinates":null,"entities":{"symbols":[],"user_mentions":[{"id":375721095,"indices":[1,13],"id_str":"375721095","screen_name":"Breaking911","name":"Breaking911"}],"hashtags":[{"indices":[46,58],"text":"SydneySiege"}],"urls":[{"url":"http://t.co/v9bisJ7a2u","indices":[80,102],"expanded_url":"http://bit.ly/1qOP2hl","display_url":"bit.ly/1qOP2hl"}],"media":[{"source_user_id":375721095,"source_status_id_str":"544293694166536192","expanded_url":"http://twitter.com/Breaking911/status/544293694166536192/photo/1","display_url":"pic.twitter.com/40wt4uAewA","url":"http://t.co/40wt4uAewA","media_url_https":"https://pbs.twimg.com/media/B424OfiIMAAdM0l.jpg","source_user_id_str":"375721095","source_status_id":544293694166536192,"id_str":"544293689104019456","sizes":{"large":{"h":1024,"resize":"fit","w":577},"small":{"h":603,"resize":"fit","w":340},"medium":{"h":1024,"resize":"fit","w":577},"thumb":{"h":150,"resize":"crop","w":150}},"indices":[103,125],"type":"photo","id":544293689104019456,"media_url":"http://pbs.twimg.com/media/B424OfiIMAAdM0l.jpg"}]},"in_reply_to_screen_name":"Breaking911","id_str":"544299287447089152","retweet_count":0,"in_reply_to_user_id":375721095,"favorited":false,"user":{"follow_request_sent":false,"profile_use_background_image":true,"profile_text_color":"333333","default_profile_image":false,"id":1657670528,"profile_background_image_url_https":"https://abs.twimg.com/images/themes/theme19/bg.gif","verified":false,"profile_location":null,"profile_image_url_https":"https://pbs.twimg.com/profile_images/584493170693648385/7JsjM9F__normal.jpg","profile_sidebar_fill_color":"F6FFD1","entities":{"description":{"urls":[]}},"followers_count":212,"profile_sidebar_border_color":"FFF8AD","id_str":"1657670528","profile_background_color":"FFF04D","listed_count":3,"is_translation_enabled":false,"utc_offset":-18000,"statuses_count":2599,"description":"","friends_count":504,"location":"","profile_link_color":"0099CC","profile_image_url":"http://pbs.twimg.com/profile_images/584493170693648385/7JsjM9F__normal.jpg","following":false,"geo_enabled":false,"profile_banner_url":"https://pbs.twimg.com/profile_banners/1657670528/1418852006","profile_background_image_url":"http://abs.twimg.com/images/themes/theme19/bg.gif","name":"Elizabeth ","lang":"en","profile_background_tile":false,"favourites_count":1590,"screen_name":"Elizabeth519215","notifications":false,"url":null,"created_at":"Fri Aug 09 12:36:37 +0000 2013","contributors_enabled":false,"time_zone":"Eastern Time (US & Canada)","protected":false,"default_profile":false,"is_translator":false},"geo":null,"in_reply_to_user_id_str":"375721095","possibly_sensitive":false,"lang":"en","created_at":"Mon Dec 15 01:13:57 +0000 2014","in_reply_to_status_id_str":"544293694166536192","place":null,"extended_entities":{"media":[{"source_user_id":375721095,"source_status_id_str":"544293694166536192","expanded_url":"http://twitter.com/Breaking911/status/544293694166536192/photo/1","display_url":"pic.twitter.com/40wt4uAewA","url":"http://t.co/40wt4uAewA","media_url_https":"https://pbs.twimg.com/media/B424OfiIMAAdM0l.jpg","source_user_id_str":"375721095","source_status_id":544293694166536192,"id_str":"544293689104019456","sizes":{"large":{"h":1024,"resize":"fit","w":577},"small":{"h":603,"resize":"fit","w":340},"medium":{"h":1024,"resize":"fit","w":577},"thumb":{"h":150,"resize":"crop","w":150}},"indices":[103,125],"type":"photo","id":544293689104019456,"media_url":"http://pbs.twimg.com/media/B424OfiIMAAdM0l.jpg"}]}},
{"contributors":null,"truncated":false,"text":"@Breaking911 just shot the fucker between the eyes","in_reply_to_status_id":544293694166536192,"id":544388398350221312,"favorite_count":0,"source":"<a href=\"http://www.twitter.com\" rel=\"nofollow\">Twitter for Windows Phone</a>","retweeted":false,"coordinates":null,"entities":{"symbols":[],"user_mentions":[{"id":375721095,"indices":[0,12],"id_str":"375721095","screen_name":"Breaking911","name":"Breaking911"}],"hashtags":[],"urls":[]},"in_reply_to_screen_name":"Breaking911","id_str":"544388398350221312","retweet_count":0,"in_reply_to_user_id":375721095,"favorited":false,"user":{"follow_request_sent":false,"profile_use_background_image":true,"profile_text_color":"333333","default_profile_image":true,"id":518551305,"profile_background_image_url_https":"https://abs.twimg.com/images/themes/theme1/bg.png","verified":false,"profile_location":null,"profile_image_url_https":"https://abs.twimg.com/sticky/default_profile_images/default_profile_6_normal.png","profile_sidebar_fill_color":"DDEEF6","entities":{"description":{"urls":[]}},"followers_count":6,"profile_sidebar_border_color":"C0DEED","id_str":"518551305","profile_background_color":"C0DEED","listed_count":0,"is_translation_enabled":false,"utc_offset":null,"statuses_count":49,"description":"","friends_count":40,"location":"","profile_link_color":"0084B4","profile_image_url":"http://abs.twimg.com/sticky/default_profile_images/default_profile_6_normal.png","following":false,"geo_enabled":false,"profile_background_image_url":"http://abs.twimg.com/images/themes/theme1/bg.png","name":"Jason Finucane","lang":"en","profile_background_tile":false,"favourites_count":57,"screen_name":"FinucaneJason","notifications":false,"url":null,"created_at":"Thu Mar 08 14:36:52 +0000 2012","contributors_enabled":false,"time_zone":null,"protected":false,"default_profile":true,"is_translator":false},"geo":null,"in_reply_to_user_id_str":"375721095","lang":"en","created_at":"Mon Dec 15 07:08:03 +0000 2014","in_reply_to_status_id_str":"544293694166536192","place":null},
{"contributors":null,"truncated":false,"text":"TERRORIST “@Breaking911: BREAKING PHOTO Appears To Show #SydneySiege Suspect --MORE HERE: http://t.co/sSru9K2Knl http://t.co/oPWpZZUn6K”","in_reply_to_status_id":544293694166536192,"id":544466981492367360,"favorite_count":0,"source":"<a href=\"http://twitter.com/download/iphone\" rel=\"nofollow\">Twitter for iPhone</a>","retweeted":false,"coordinates":null,"entities":{"symbols":[],"user_mentions":[{"id":375721095,"indices":[11,23],"id_str":"375721095","screen_name":"Breaking911","name":"Breaking911"}],"hashtags":[{"indices":[56,68],"text":"SydneySiege"}],"urls":[{"url":"http://t.co/sSru9K2Knl","indices":[90,112],"expanded_url":"http://bit.ly/1qOP2hl","display_url":"bit.ly/1qOP2hl"}],"media":[{"source_user_id":375721095,"source_status_id_str":"544293694166536192","expanded_url":"http://twitter.com/Breaking911/status/544293694166536192/photo/1","display_url":"pic.twitter.com/oPWpZZUn6K","url":"http://t.co/oPWpZZUn6K","media_url_https":"https://pbs.twimg.com/media/B424OfiIMAAdM0l.jpg","source_user_id_str":"375721095","source_status_id":544293694166536192,"id_str":"544293689104019456","sizes":{"large":{"h":1024,"resize":"fit","w":577},"small":{"h":603,"resize":"fit","w":340},"medium":{"h":1024,"resize":"fit","w":577},"thumb":{"h":150,"resize":"crop","w":150}},"indices":[113,135],"type":"photo","id":544293689104019456,"media_url":"http://pbs.twimg.com/media/B424OfiIMAAdM0l.jpg"}]},"in_reply_to_screen_name":"Breaking911","id_str":"544466981492367360","retweet_count":0,"in_reply_to_user_id":375721095,"favorited":false,"user":{"follow_request_sent":false,"profile_use_background_image":true,"profile_text_color":"666666","default_profile_image":false,"id":177291126,"profile_background_image_url_https":"https://pbs.twimg.com/profile_background_images/567522405/fjyasfngyvbfmeixwx9m.jpeg","verified":false,"profile_location":null,"profile_image_url_https":"https://pbs.twimg.com/profile_images/562890015571980288/gietaD4S_normal.jpeg","profile_sidebar_fill_color":"252429","entities":{"description":{"urls":[]}},"followers_count":271,"profile_sidebar_border_color":"181A1E","id_str":"177291126","profile_background_color":"1A1B1F","listed_count":0,"is_translation_enabled":false,"utc_offset":0,"statuses_count":8403,"description":"BEng. (Hons), ARAeS, AMIMechE ✈ Aerospace/Automotive Design Engineer","friends_count":809,"location":"England, UK","profile_link_color":"B00A0A","profile_image_url":"http://pbs.twimg.com/profile_images/562890015571980288/gietaD4S_normal.jpeg","following":false,"geo_enabled":false,"profile_banner_url":"https://pbs.twimg.com/profile_banners/177291126/1403201131","profile_background_image_url":"http://pbs.twimg.com/profile_background_images/567522405/fjyasfngyvbfmeixwx9m.jpeg","name":"Matthew","lang":"en","profile_background_tile":false,"favourites_count":147,"screen_name":"Matty_A7X","notifications":false,"url":null,"created_at":"Wed Aug 11 19:17:20 +0000 2010","contributors_enabled":false,"time_zone":"London","protected":false,"default_profile":false,"is_translator":false},"geo":null,"in_reply_to_user_id_str":"375721095","possibly_sensitive":false,"lang":"en","created_at":"Mon Dec 15 12:20:18 +0000 2014","in_reply_to_status_id_str":"544293694166536192","place":null,"extended_entities":{"media":[{"source_user_id":375721095,"source_status_id_str":"544293694166536192","expanded_url":"http://twitter.com/Breaking911/status/544293694166536192/photo/1","display_url":"pic.twitter.com/oPWpZZUn6K","url":"http://t.co/oPWpZZUn6K","media_url_https":"https://pbs.twimg.com/media/B424OfiIMAAdM0l.jpg","source_user_id_str":"375721095","source_status_id":544293694166536192,"id_str":"544293689104019456","sizes":{"large":{"h":1024,"resize":"fit","w":577},"small":{"h":603,"resize":"fit","w":340},"medium":{"h":1024,"resize":"fit","w":577},"thumb":{"h":150,"resize":"crop","w":150}},"indices":[113,135],"type":"photo","id":544293689104019456,"media_url":"http://pbs.twimg.com/media/B424OfiIMAAdM0l.jpg"}]}}
]