[{"contributors":null,"truncated":false,"text":"@PamelaGeller are any US news channels covering this?","in_reply_to_status_id":544297827258888192,"id":544298406319882240,"favorite_count":0,"source":"<a href=\"http://twitter.com/download/android\" rel=\"nofollow\">Twitter for Android</a>","retweeted":false,"coordinates":null,"entities":{"symbols":[],"user_mentions":[{"id":15669672,"indices":[0,13],"id_str":"15669672","screen_name":"PamelaGeller","name":"Pamela Geller"}],"hashtags":[],"urls":[]},"in_reply_to_screen_name":"PamelaGeller","id_str":"544298406319882240","retweet_count":0,"in_reply_to_user_id":15669672,"favorited":false,"user":{"follow_request_sent":false,"profile_use_background_image":true,"profile_text_color":"333333","default_profile_image":false,"id":113398836,"profile_background_image_url_https":"https://pbs.twimg.com/profile_background_images/881125315/aab2ae9a4c82d0978a2b676e22081ef2.jpeg","verified":false,"profile_location":null,"profile_image_url_https":"https://pbs.twimg.com/profile_images/577550396744339456/Ie4M63nG_normal.jpeg","profile_sidebar_fill_color":"DDEEF6","entities":{"description":{"urls":[]}},"followers_count":413,"profile_sidebar_border_color":"FFFFFF","id_str":"113398836","profile_background_color":"C0DEED","listed_count":5,"is_translation_enabled":false,"utc_offset":-25200,"statuses_count":2669,"description":"Am off Cross. SWFC.","friends_count":323,"location":"San Antonio, Texas","profile_link_color":"0084B4","profile_image_url":"http://pbs.twimg.com/profile_images/577550396744339456/Ie4M63nG_normal.jpeg","following":false,"geo_enabled":true,"profile_banner_url":"https://pbs.twimg.com/profile_banners/113398836/1403608400","profile_background_image_url":"http://pbs.twimg.com/profile_background_images/881125315/aab2ae9a4c82d0978a2b676e22081ef2.jpeg","name":"Metts (OvO)","lang":"en","profile_background_tile":true,"favourites_count":112,"screen_name":"mettam71","notifications":false,"url":null,"created_at":"Thu Feb 11 16:45:00 +0000 2010","contributors_enabled":false,"time_zone":"Mountain Time (US & Canada)","protected":false,"default_profile":false,"is_translator":false},"geo":null,"in_reply_to_user_id_str":"15669672","lang":"en","created_at":"Mon Dec 15 01:10:27 +0000 2014","in_reply_to_status_id_str":"544297827258888192","place":null},
{"contributors":null,"truncated":false,"text":"MT @PamelaGeller Photo of one of the men holding 13 hostages under Islamic flag #Sydney http://t.co/77yR4yud8g http://t.co/bnPEyGqcIQ","in_reply_to_status_id":544297827258888192,"id":544298938887835648,"favorite_count":0,"source":"<a href=\"http://twitter.com/download/iphone\" rel=\"nofollow\">Twitter for iPhone</a>","retweeted":false,"coordinates":null,"entities":{"symbols":[],"user_mentions":[{"id":15669672,"indices":[3,16],"id_str":"15669672","screen_name":"PamelaGeller","name":"Pamela Geller"}],"hashtags":[{"indices":[80,87],"text":"Sydney"}],"urls":[{"url":"http://t.co/77yR4yud8g","indices":[88,110],"expanded_url":"http://pamelageller.com/?p=59505","display_url":"pamelageller.com/?p=59505"}],"media":[{"source_user_id":15669672,"source_status_id_str":"544297827258888192","expanded_url":"http://twitter.com/PamelaGeller/status/544297827258888192/photo/1","display_url":"pic.twitter.com/bnPEyGqcIQ","url":"http://t.co/bnPEyGqcIQ","media_url_https":"https://pbs.twimg.com/media/B427uqUCEAAX4he.png","source_user_id_str":"15669672","source_status_id":544297827258888192,"id_str":"544297540288385024","sizes":{"small":{"h":322,"resize":"fit","w":340},"large":{"h":450,"resize":"fit","w":474},"medium":{"h":450,"resize":"fit","w":474},"thumb":{"h":150,"resize":"crop","w":150}},"indices":[111,133],"type":"photo","id":544297540288385024,"media_url":"http://pbs.twimg.com/media/B427uqUCEAAX4he.png"}]},"in_reply_to_screen_name":"PamelaGeller","id_str":"544298938887835648","retweet_count":0,"in_reply_to_user_id":15669672,"favorited":false,"user":{"follow_request_sent":false,"profile_use_background_image":true,"profile_text_color":"333333","default_profile_image":false,"id":165335229,"profile_background_image_url_https":"https://abs.twimg.com/images/themes/theme1/bg.png","verified":false,"profile_location":null,"profile_image_url_https":"https://pbs.twimg.com/profile_images/587420060010020864/7yVK3K4b_normal.jpg","profile_sidebar_fill_color":"DDEEF6","entities":{"description":{"urls":[]}},"followers_count":1254,"profile_sidebar_border_color":"C0DEED","id_str":"165335229","profile_background_color":"C0DEED","listed_count":55,"is_translation_enabled":false,"utc_offset":null,"statuses_count":56624,"description":"Human rights, animal rights, exploring diff't cultures, travelled to 26 countries in N. America, S. America, E./W. Europe, Asia, Africa, Middle East","friends_count":1977,"location":"","profile_link_color":"0084B4","profile_image_url":"http://pbs.twimg.com/profile_images/587420060010020864/7yVK3K4b_normal.jpg","following":false,"geo_enabled":false,"profile_banner_url":"https://pbs.twimg.com/profile_banners/165335229/1413125937","profile_background_image_url":"http://abs.twimg.com/images/themes/theme1/bg.png","name":"hp","lang":"en","profile_background_tile":false,"favourites_count":40323,"screen_name":"2111015","notifications":false,"url":null,"created_at":"Sun Jul 11 07:54:38 +0000 2010","contributors_enabled":false,"time_zone":null,"protected":false,"default_profile":true,"is_translator":false},"geo":null,"in_reply_to_user_id_str":"15669672","possibly_sensitive":false,"lang":"en","created_at":"Mon Dec 15 01:12:34 +0000 2014","in_reply_to_status_id_str":"544297827258888192","place":null,"extended_entities":{"media":[{"source_user_id":15669672,"source_status_id_str":"544297827258888192","expanded_url":"http://twitter.com/PamelaGeller/status/544297827258888192/photo/1","display_url":"pic.twitter.com/bnPEyGqcIQ","url":"http://t.co/bnPEyGqcIQ","media_url_https":"https://pbs.twimg.com/media/B427uqUCEAAX4he.png","source_user_id_str":"15669672","source_status_id":544297827258888192,"id_str":"544297540288385024","sizes":{"small":{"h":322,"resize":"fit","w":340},"large":{"h":450,"resize":"fit","w":474},"medium":{"h":450,"resize":"fit","w":474},"thumb":{"h":150,"resize":"crop","w":150}},"indices":[111,133],"type":"photo","id":544297540288385024,"media_url":"http://pbs.twimg.com/media/B427uqUCEAAX4he.png"}]}},
{"contributors":null,"truncated":false,"text":"“@PamelaGeller: Australian jihadists holding13 hostages in under flag of jihad #Sydney http://t.co/g0nvLJB9C3 http://t.co/EIo0uzb8OZ”","in_reply_to_status_id":544297827258888192,"id":544299034773438464,"favorite_count":0,"source":"<a href=\"http://twitter.com/download/iphone\" rel=\"nofollow\">Twitter for iPhone</a>","retweeted":false,"coordinates":null,"entities":{"symbols":[],"user_mentions":[{"id":15669672,"indices":[1,14],"id_str":"15669672","screen_name":"PamelaGeller","name":"Pamela Geller"}],"hashtags":[{"indices":[79,86],"text":"Sydney"}],"urls":[{"url":"http://t.co/g0nvLJB9C3","indices":[87,109],"expanded_url":"http://pamelageller.com/?p=59505","display_url":"pamelageller.com/?p=59505"}],"media":[{"source_user_id":15669672,"source_status_id_str":"544297827258888192","expanded_url":"http://twitter.com/PamelaGeller/status/544297827258888192/photo/1","display_url":"pic.twitter.com/EIo0uzb8OZ","url":"http://t.co/EIo0uzb8OZ","media_url_https":"https://pbs.twimg.com/media/B427uqUCEAAX4he.png","source_user_id_str":"15669672","source_status_id":544297827258888192,"id_str":"544297540288385024","sizes":{"small":{"h":322,"resize":"fit","w":340},"large":{"h":450,"resize":"fit","w":474},"medium":{"h":450,"resize":"fit","w":474},"thumb":{"h":150,"resize":"crop","w":150}},"indices":[110,132],"type":"photo","id":544297540288385024,"media_url":"http://pbs.twimg.com/media/B427uqUCEAAX4he.png"}]},"in_reply_to_screen_name":"PamelaGeller","id_str":"544299034773438464","retweet_count":0,"in_reply_to_user_id":15669672,"favorited":false,"user":{"follow_request_sent":false,"profile_use_background_image":true,"profile_text_color":"666666","default_profile_image":false,"id":436776812,"profile_background_image_url_https":"https://abs.twimg.com/images/themes/theme9/bg.gif","verified":false,"profile_location":null,"profile_image_url_https":"https://pbs.twimg.com/profile_images/473608557678436352/s76fZXBD_normal.jpeg","profile_sidebar_fill_color":"252429","entities":{"description":{"urls":[]}},"followers_count":254,"profile_sidebar_border_color":"FFFFFF","id_str":"436776812","profile_background_color":"1A1B1F","listed_count":2,"is_translation_enabled":false,"utc_offset":-25200,"statuses_count":373,"description":"#MISSOURITIGER #MIZZOU #SEC #FARRIGHTWINGCONSERVATIVENUTJOB So i'm called But no where near that... I just have #COMMONSENSE","friends_count":927,"location":"Columbia MO","profile_link_color":"94D487","profile_image_url":"http://pbs.twimg.com/profile_images/473608557678436352/s76fZXBD_normal.jpeg","following":false,"geo_enabled":false,"profile_banner_url":"https://pbs.twimg.com/profile_banners/436776812/1414536683","profile_background_image_url":"http://abs.twimg.com/images/themes/theme9/bg.gif","name":"KraigNS","lang":"en","profile_background_tile":false,"favourites_count":12,"screen_name":"KraigNS71","notifications":false,"url":null,"created_at":"Wed Dec 14 15:24:13 +0000 2011","contributors_enabled":false,"time_zone":"Mountain Time (US & Canada)","protected":false,"default_profile":false,"is_translator":false},"geo":null,"in_reply_to_user_id_str":"15669672","possibly_sensitive":false,"lang":"en","created_at":"Mon Dec 15 01:12:57 +0000 2014","in_reply_to_status_id_str":"544297827258888192","place":null,"extended_entities":{"media":[{"source_user_id":15669672,"source_status_id_str":"544297827258888192","expanded_url":"http://twitter.com/PamelaGeller/status/544297827258888192/photo/1","display_url":"pic.twitter.com/EIo0uzb8OZ","url":"http://t.co/EIo0uzb8OZ","media_url_https":"https://pbs.twimg.com/media/B427uqUCEAAX4he.png","source_user_id_str":"15669672","source_status_id":544297827258888192,"id_str":"544297540288385024","sizes":{"small":{"h":322,"resize":"fit","w":340},"large":{"h":450,"resize":"fit","w":474},"medium":{"h":450,"resize":"fit","w":474},"thumb":{"h":150,"resize":"crop","w":150}},"indices":[110,132],"type":"photo","id":544297540288385024,"media_url":"http://pbs.twimg.com/media/B427uqUCEAAX4he.png"}]}},
{"contributors":null,"truncated":false,"text":"@PamelaGeller @toddstarnes Not many in America can cover it without accepting the Australian term of terrorist...","in_reply_to_status_id":544297827258888192,"id":544299325359415296,"favorite_count":0,"source":"<a href=\"http://twitter.com\" rel=\"nofollow\">Twitter Web Client</a>","retweeted":false,"coordinates":null,"entities":{"symbols":[],"user_mentions":[{"id":15669672,"indices":[0,13],"id_str":"15669672","screen_name":"PamelaGeller","name":"Pamela Geller"},{"id":15515169,"indices":[14,26],"id_str":"15515169","screen_name":"toddstarnes","name":"toddstarnes"}],"hashtags":[],"urls":[]},"in_reply_to_screen_name":"PamelaGeller","id_str":"544299325359415296","retweet_count":0,"in_reply_to_user_id":15669672,"favorited":false,"user":{"follow_request_sent":false,"profile_use_background_image":false,"profile_text_color":"000000","default_profile_image":false,"id":2257540194,"profile_background_image_url_https":"https://abs.twimg.com/images/themes/theme15/bg.png","verified":false,"profile_location":null,"profile_image_url_https":"https://pbs.twimg.com/profile_images/414704988904894464/jXVwGJY4_normal.jpeg","profile_sidebar_fill_color":"000000","entities":{"url":{"urls":[{"url":"http://t.co/rzVNYWomKf","indices":[0,22],"expanded_url":"http://robsragepage.blogspot.com/","display_url":"robsragepage.blogspot.com"}]},"description":{"urls":[{"url":"https://t.co/BAgGCIyofE","indices":[130,153],"expanded_url":"https://www.rebelmouse.com/ncnolesfan/","display_url":"rebelmouse.com/ncnolesfan/"}]}},"followers_count":2983,"profile_sidebar_border_color":"000000","id_str":"2257540194","profile_background_color":"000000","listed_count":44,"is_translation_enabled":false,"utc_offset":null,"statuses_count":16938,"description":"Constitutional Conservative, MOLON LABE!!, God-Family-Country, Taking A Stand Against The Liberal/Progressive Agenda... AreYou? \r\nhttps://t.co/BAgGCIyofE","friends_count":3131,"location":"South Carolina","profile_link_color":"73220E","profile_image_url":"http://pbs.twimg.com/profile_images/414704988904894464/jXVwGJY4_normal.jpeg","following":false,"geo_enabled":false,"profile_banner_url":"https://pbs.twimg.com/profile_banners/2257540194/1387709530","profile_background_image_url":"http://abs.twimg.com/images/themes/theme15/bg.png","name":"MerryChristmasInSC","lang":"en","profile_background_tile":false,"favourites_count":15054,"screen_name":"NCNolesFan","notifications":false,"url":"http://t.co/rzVNYWomKf","created_at":"Sun Dec 22 10:09:18 +0000 2013","contributors_enabled":false,"time_zone":null,"protected":false,"default_profile":false,"is_translator":false},"geo":null,"in_reply_to_user_id_str":"15669672","lang":"en","created_at":"Mon Dec 15 01:14:06 +0000 2014","in_reply_to_status_id_str":"544297827258888192","place":null},
{"contributors":null,"truncated":false,"text":"@PamelaGeller @toddstarnes Just a matter of time #USA &amp; #NYC","in_reply_to_status_id":544297827258888192,"id":544300078136320000,"favorite_count":1,"source":"<a href=\"http://twitter.com/download/iphone\" rel=\"nofollow\">Twitter for iPhone</a>","retweeted":false,"coordinates":null,"entities":{"symbols":[],"user_mentions":[{"id":15669672,"indices":[0,13],"id_str":"15669672","screen_name":"PamelaGeller","name":"Pamela Geller"},{"id":15515169,"indices":[14,26],"id_str":"15515169","screen_name":"toddstarnes","name":"toddstarnes"}],"hashtags":[{"indices":[49,53],"text":"USA"},{"indices":[60,64],"text":"NYC"}],"urls":[]},"in_reply_to_screen_name":"PamelaGeller","id_str":"544300078136320000","retweet_count":0,"in_reply_to_user_id":15669672,"favorited":false,"user":{"follow_request_sent":false,"profile_use_background_image":true,"profile_text_color":"333333","default_profile_image":false,"id":268445561,"profile_background_image_url_https":"https://abs.twimg.com/images/themes/theme1/bg.png","verified":false,"profile_location":null,"profile_image_url_https":"https://pbs.twimg.com/profile_images/580533839644229632/C_Wf_aRl_normal.jpg","profile_sidebar_fill_color":"DDEEF6","entities":{"description":{"urls":[]}},"followers_count":144,"profile_sidebar_border_color":"C0DEED","id_str":"268445561","profile_background_color":"C0DEED","listed_count":4,"is_translation_enabled":false,"utc_offset":-18000,"statuses_count":6392,"description":"Husband, Dad, Believer, CBMC Team Leader, Member: Candy Hall of Fame Class of 2011, Purveyor of Sweets and Snacks, Love Vinyl & PROG Music!","friends_count":310,"location":"Baltimore, USA","profile_link_color":"001EB3","profile_image_url":"http://pbs.twimg.com/profile_images/580533839644229632/C_Wf_aRl_normal.jpg","following":false,"geo_enabled":true,"profile_banner_url":"https://pbs.twimg.com/profile_banners/268445561/1401389006","profile_background_image_url":"http://abs.twimg.com/images/themes/theme1/bg.png","name":"John Wynn ن ","lang":"en","profile_background_tile":false,"favourites_count":2837,"screen_name":"snoopdeputydawg","notifications":false,"url":null,"created_at":"Fri Mar 18 19:56:34 +0000 2011","contributors_enabled":false,"time_zone":"Eastern Time (US & Canada)","protected":false,"default_profile":false,"is_translator":false},"geo":null,"in_reply_to_user_id_str":"15669672","lang":"en","created_at":"Mon Dec 15 01:17:05 +0000 2014","in_reply_to_status_id_str":"544297827258888192","place":null},
{"contributors":null,"truncated":false,"text":"@PamelaGeller and still we haven't had enough of them...\nour denialists keep defending them... #Madness","in_reply_to_status_id":544297827258888192,"id":544300163808768000,"favorite_count":0,"source":"<a href=\"http://twitter.com/#!/download/ipad\" rel=\"nofollow\">Twitter for iPad</a>","retweeted":false,"coordinates":null,"entities":{"symbols":[],"user_mentions":[{"id":15669672,"indices":[0,13],"id_str":"15669672","screen_name":"PamelaGeller","name":"Pamela Geller"}],"hashtags":[{"indices":[95,103],"text":"Madness"}],"urls":[]},"in_reply_to_screen_name":"PamelaGeller","id_str":"544300163808768000","retweet_count":0,"in_reply_to_user_id":15669672,"favorited":false,"user":{"follow_request_sent":false,"profile_use_background_image":true,"profile_text_color":"333333","default_profile_image":false,"id":133677123,"profile_background_image_url_https":"https://pbs.twimg.com/profile_background_images/378800000089845385/c0f7f84cbc6ba6dcde1fb83d3907ed46.jpeg","verified":false,"profile_location":null,"profile_image_url_https":"https://pbs.twimg.com/profile_images/467154340319207425/VRROpH4r_normal.png","profile_sidebar_fill_color":"DDEEF6","entities":{"url":{"urls":[{"url":"http://t.co/7dCrRFJvEx","indices":[0,22],"expanded_url":"http://www.redbubble.com/people/73553","display_url":"redbubble.com/people/73553"}]},"description":{"urls":[{"url":"http://t.co/5irwmO51al","indices":[63,85],"expanded_url":"http://73553.tumblr.com/","display_url":"73553.tumblr.com"}]}},"followers_count":310,"profile_sidebar_border_color":"FFFFFF","id_str":"133677123","profile_background_color":"C0DEED","listed_count":5,"is_translation_enabled":false,"utc_offset":3600,"statuses_count":24885,"description":"The horizon is all around us, yet we can never get there...\r\n\r\nhttp://t.co/5irwmO51al\r\n\r\nFreelance Designer","friends_count":239,"location":"Netherlands","profile_link_color":"0084B4","profile_image_url":"http://pbs.twimg.com/profile_images/467154340319207425/VRROpH4r_normal.png","following":false,"geo_enabled":false,"profile_banner_url":"https://pbs.twimg.com/profile_banners/133677123/1400217056","profile_background_image_url":"http://pbs.twimg.com/profile_background_images/378800000089845385/c0f7f84cbc6ba6dcde1fb83d3907ed46.jpeg","name":"7e55e","lang":"en","profile_background_tile":false,"favourites_count":3339,"screen_name":"7E55E","notifications":false,"url":"http://t.co/7dCrRFJvEx","created_at":"Fri Apr 16 10:49:36 +0000 2010","contributors_enabled":false,"time_zone":"Brussels","protected":false,"default_profile":false,"is_translator":false},"geo":null,"in_reply_to_user_id_str":"15669672","lang":"en","created_at":"Mon Dec 15 01:17:26 +0000 2014","in_reply_to_status_id_str":"544297827258888192","place":null},
{"contributors":null,"truncated":false,"text":"@NCNolesFan @PamelaGeller @toddstarnes Terrorist is a world term for radical Islamists who want to kill anyone who does not believe.","in_reply_to_status_id":544299325359415296,"id":544300388871340033,"favorite_count":1,"source":"<a href=\"http://twitter.com\" rel=\"nofollow\">Twitter Web Client</a>","retweeted":false,"coordinates":null,"entities":{"symbols":[],"user_mentions":[{"id":2257540194,"indices":[0,11],"id_str":"2257540194","screen_name":"NCNolesFan","name":"MerryChristmasInSC"},{"id":15669672,"indices":[12,25],"id_str":"15669672","screen_name":"PamelaGeller","name":"Pamela Geller"},{"id":15515169,"indices":[26,38],"id_str":"15515169","screen_name":"toddstarnes","name":"toddstarnes"}],"hashtags":[],"urls":[]},"in_reply_to_screen_name":"NCNolesFan","id_str":"544300388871340033","retweet_count":0,"in_reply_to_user_id":2257540194,"favorited":false,"user":{"follow_request_sent":false,"profile_use_background_image":true,"profile_text_color":"333333","default_profile_image":false,"id":305511310,"profile_background_image_url_https":"https://abs.twimg.com/images/themes/theme1/bg.png","verified":false,"profile_location":null,"profile_image_url_https":"https://pbs.twimg.com/profile_images/473565332167065600/lay5LZx3_normal.jpeg","profile_sidebar_fill_color":"DDEEF6","entities":{"url":{"urls":[{"url":"http://t.co/X9ww2HBpoL","indices":[0,22],"expanded_url":"http://www.brain-sludge.com","display_url":"brain-sludge.com"}]},"description":{"urls":[{"url":"http://t.co/j3NITT1ALS","indices":[15,37],"expanded_url":"http://Brain-Sludge.com","display_url":"Brain-Sludge.com"}]}},"followers_count":28,"profile_sidebar_border_color":"C0DEED","id_str":"305511310","profile_background_color":"C0DEED","listed_count":0,"is_translation_enabled":false,"utc_offset":-25200,"statuses_count":321,"description":"Contributor to http://t.co/j3NITT1ALS. Uncensored conversations and rants on Government, Economics, Gold, Silver, Guns, Ammo and everything else.","friends_count":34,"location":"Colorado","profile_link_color":"00B330","profile_image_url":"http://pbs.twimg.com/profile_images/473565332167065600/lay5LZx3_normal.jpeg","following":false,"geo_enabled":false,"profile_background_image_url":"http://abs.twimg.com/images/themes/theme1/bg.png","name":"Brain-Sludge","lang":"en","profile_background_tile":false,"favourites_count":3,"screen_name":"BTBS314","notifications":false,"url":"http://t.co/X9ww2HBpoL","created_at":"Thu May 26 10:32:35 +0000 2011","contributors_enabled":false,"time_zone":"Mountain Time (US & Canada)","protected":false,"default_profile":false,"is_translator":false},"geo":null,"in_reply_to_user_id_str":"2257540194","lang":"en","created_at":"Mon Dec 15 01:18:19 +0000 2014","in_reply_to_status_id_str":"544299325359415296","place":null},
{"contributors":null,"truncated":false,"text":"@snoopdeputydawg @PamelaGeller @toddstarnes we carry guns that's what makes these animals think twice!","in_reply_to_status_id":544300078136320000,"id":544301909084233730,"favorite_count":1,"source":"<a href=\"http://twitter.com/download/android\" rel=\"nofollow\">Twitter for Android</a>","retweeted":false,"coordinates":null,"entities":{"symbols":[],"user_mentions":[{"id":268445561,"indices":[0,16],"id_str":"268445561","screen_name":"snoopdeputydawg","name":"John Wynn ن "},{"id":15669672,"indices":[17,30],"id_str":"15669672","screen_name":"PamelaGeller","name":"Pamela Geller"},{"id":15515169,"indices":[31,43],"id_str":"15515169","screen_name":"toddstarnes","name":"toddstarnes"}],"hashtags":[],"urls":[]},"in_reply_to_screen_name":"snoopdeputydawg","id_str":"544301909084233730","retweet_count":0,"in_reply_to_user_id":268445561,"favorited":false,"user":{"follow_request_sent":false,"profile_use_background_image":true,"profile_text_color":"3C3940","default_profile_image":false,"id":341790892,"profile_background_image_url_https":"https://abs.twimg.com/images/themes/theme4/bg.gif","verified":false,"profile_location":null,"profile_image_url_https":"https://pbs.twimg.com/profile_images/578741424918798338/y3fI2tHx_normal.jpeg","profile_sidebar_fill_color":"95E8EC","entities":{"description":{"urls":[]}},"followers_count":1083,"profile_sidebar_border_color":"5ED4DC","id_str":"341790892","profile_background_color":"0099B9","listed_count":17,"is_translation_enabled":false,"utc_offset":null,"statuses_count":11294,"description":"I STAND WITH ISRAEL         Conservative Constitutionalist,  Christian anti-Islam  anti-Obama and his anti-American policies.Not afraid to say it like it is!","friends_count":1440,"location":"","profile_link_color":"0099B9","profile_image_url":"http://pbs.twimg.com/profile_images/578741424918798338/y3fI2tHx_normal.jpeg","following":false,"geo_enabled":true,"profile_background_image_url":"http://abs.twimg.com/images/themes/theme4/bg.gif","name":"Liberals R HeartLess","lang":"en","profile_background_tile":false,"favourites_count":5166,"screen_name":"carrietony35","notifications":false,"url":null,"created_at":"Sun Jul 24 23:46:09 +0000 2011","contributors_enabled":false,"time_zone":null,"protected":false,"default_profile":false,"is_translator":false},"geo":null,"in_reply_to_user_id_str":"268445561","lang":"en","created_at":"Mon Dec 15 01:24:22 +0000 2014","in_reply_to_status_id_str":"544300078136320000","place":null},
{"contributors":null,"truncated":false,"text":"True, but American \"journalist\" won't use the term since it speaks against the Obama narrative... @BTBS314 @PamelaGeller @toddstarnes","in_reply_to_status_id":544300388871340033,"id":544302209782263808,"favorite_count":2,"source":"<a href=\"http://twitter.com\" rel=\"nofollow\">Twitter Web Client</a>","retweeted":false,"coordinates":null,"entities":{"symbols":[],"user_mentions":[{"id":305511310,"indices":[98,106],"id_str":"305511310","screen_name":"BTBS314","name":"Brain-Sludge"},{"id":15669672,"indices":[107,120],"id_str":"15669672","screen_name":"PamelaGeller","name":"Pamela Geller"},{"id":15515169,"indices":[121,133],"id_str":"15515169","screen_name":"toddstarnes","name":"toddstarnes"}],"hashtags":[],"urls":[]},"in_reply_to_screen_name":"BTBS314","id_str":"544302209782263808","retweet_count":1,"in_reply_to_user_id":305511310,"favorited":false,"user":{"follow_request_sent":false,"profile_use_background_image":false,"profile_text_color":"000000","default_profile_image":false,"id":2257540194,"profile_background_image_url_https":"https://abs.twimg.com/images/themes/theme15/bg.png","verified":false,"profile_location":null,"profile_image_url_https":"https://pbs.twimg.com/profile_images/414704988904894464/jXVwGJY4_normal.jpeg","profile_sidebar_fill_color":"000000","entities":{"url":{"urls":[{"url":"http://t.co/rzVNYWomKf","indices":[0,22],"expanded_url":"http://robsragepage.blogspot.com/","display_url":"robsragepage.blogspot.com"}]},"description":{"urls":[{"url":"https://t.co/BAgGCIyofE","indices":[130,153],"expanded_url":"https://www.rebelmouse.com/ncnolesfan/","display_url":"rebelmouse.com/ncnolesfan/"}]}},"followers_count":2983,"profile_sidebar_border_color":"000000","id_str":"2257540194","profile_background_color":"000000","listed_count":44,"is_translation_enabled":false,"utc_offset":null,"statuses_count":16938,"description":"Constitutional Conservative, MOLON LABE!!, God-Family-Country, Taking A Stand Against The Liberal/Progressive Agenda... AreYou? \r\nhttps://t.co/BAgGCIyofE","friends_count":3131,"location":"South Carolina","profile_link_color":"73220E","profile_image_url":"http://pbs.twimg.com/profile_images/414704988904894464/jXVwGJY4_normal.jpeg","following":false,"geo_enabled":false,"profile_banner_url":"https://pbs.twimg.com/profile_banners/2257540194/1387709530","profile_background_image_url":"http://abs.twimg.com/images/themes/theme15/bg.png","name":"MerryChristmasInSC","lang":"en","profile_background_tile":false,"favourites_count":15054,"screen_name":"NCNolesFan","notifications":false,"url":"http://t.co/rzVNYWomKf","created_at":"Sun Dec 22 10:09:18 +0000 2013","contributors_enabled":false,"time_zone":null,"protected":false,"default_profile":false,"is_translator":false},"geo":null,"in_reply_to_user_id_str":"305511310","lang":"en","created_at":"Mon Dec 15 01:25:34 +0000 2014","in_reply_to_status_id_str":"544300388871340033","place":null},
{"contributors":null,"truncated":false,"text":"@BTBS314 @NCNolesFan @PamelaGeller @toddstarnes When it's every muslim who practices islam they all want the samething!","in_reply_to_status_id":544300388871340033,"id":544302248382455809,"favorite_count":1,"source":"<a href=\"http://twitter.com/download/android\" rel=\"nofollow\">Twitter for Android</a>","retweeted":false,"coordinates":null,"entities":{"symbols":[],"user_mentions":[{"id":305511310,"indices":[0,8],"id_str":"305511310","screen_name":"BTBS314","name":"Brain-Sludge"},{"id":2257540194,"indices":[9,20],"id_str":"2257540194","screen_name":"NCNolesFan","name":"MerryChristmasInSC"},{"id":15669672,"indices":[21,34],"id_str":"15669672","screen_name":"PamelaGeller","name":"Pamela Geller"},{"id":15515169,"indices":[35,47],"id_str":"15515169","screen_name":"toddstarnes","name":"toddstarnes"}],"hashtags":[],"urls":[]},"in_reply_to_screen_name":"BTBS314","id_str":"544302248382455809","retweet_count":1,"in_reply_to_user_id":305511310,"favorited":false,"user":{"follow_request_sent":false,"profile_use_background_image":true,"profile_text_color":"3C3940","default_profile_image":false,"id":341790892,"profile_background_image_url_https":"https://abs.twimg.com/images/themes/theme4/bg.gif","verified":false,"profile_location":null,"profile_image_url_https":"https://pbs.twimg.com/profile_images/578741424918798338/y3fI2tHx_normal.jpeg","profile_sidebar_fill_color":"95E8EC","entities":{"description":{"urls":[]}},"followers_count":1083,"profile_sidebar_border_color":"5ED4DC","id_str":"341790892","profile_background_color":"0099B9","listed_count":17,"is_translation_enabled":false,"utc_offset":null,"statuses_count":11294,"description":"I STAND WITH ISRAEL         Conservative Constitutionalist,  Christian anti-Islam  anti-Obama and his anti-American policies.Not afraid to say it like it is!","friends_count":1440,"location":"","profile_link_color":"0099B9","profile_image_url":"http://pbs.twimg.com/profile_images/578741424918798338/y3fI2tHx_normal.jpeg","following":false,"geo_enabled":true,"profile_background_image_url":"http://abs.twimg.com/images/themes/theme4/bg.gif","name":"Liberals R HeartLess","lang":"en","profile_background_tile":false,"favourites_count":5166,"screen_name":"carrietony35","notifications":false,"url":null,"created_at":"Sun Jul 24 23:46:09 +0000 2011","contributors_enabled":false,"time_zone":null,"protected":false,"default_profile":false,"is_translator":false},"geo":null,"in_reply_to_user_id_str":"305511310","lang":"en","created_at":"Mon Dec 15 01:25:43 +0000 2014","in_reply_to_status_id_str":"544300388871340033","place":null},
{"contributors":null,"truncated":false,"text":"@NCNolesFan @BTBS314 @PamelaGeller @toddstarnes They don't have the Spine to call out ALL muslims who practice islam!","in_reply_to_status_id":544302209782263808,"id":544302442461265921,"favorite_count":1,"source":"<a href=\"http://twitter.com/download/android\" rel=\"nofollow\">Twitter for Android</a>","retweeted":false,"coordinates":null,"entities":{"symbols":[],"user_mentions":[{"id":2257540194,"indices":[0,11],"id_str":"2257540194","screen_name":"NCNolesFan","name":"MerryChristmasInSC"},{"id":305511310,"indices":[12,20],"id_str":"305511310","screen_name":"BTBS314","name":"Brain-Sludge"},{"id":15669672,"indices":[21,34],"id_str":"15669672","screen_name":"PamelaGeller","name":"Pamela Geller"},{"id":15515169,"indices":[35,47],"id_str":"15515169","screen_name":"toddstarnes","name":"toddstarnes"}],"hashtags":[],"urls":[]},"in_reply_to_screen_name":"NCNolesFan","id_str":"544302442461265921","retweet_count":0,"in_reply_to_user_id":2257540194,"favorited":false,"user":{"follow_request_sent":false,"profile_use_background_image":true,"profile_text_color":"3C3940","default_profile_image":false,"id":341790892,"profile_background_image_url_https":"https://abs.twimg.com/images/themes/theme4/bg.gif","verified":false,"profile_location":null,"profile_image_url_https":"https://pbs.twimg.com/profile_images/578741424918798338/y3fI2tHx_normal.jpeg","profile_sidebar_fill_color":"95E8EC","entities":{"description":{"urls":[]}},"followers_count":1083,"profile_sidebar_border_color":"5ED4DC","id_str":"341790892","profile_background_color":"0099B9","listed_count":17,"is_translation_enabled":false,"utc_offset":null,"statuses_count":11294,"description":"I STAND WITH ISRAEL         Conservative Constitutionalist,  Christian anti-Islam  anti-Obama and his anti-American policies.Not afraid to say it like it is!","friends_count":1440,"location":"","profile_link_color":"0099B9","profile_image_url":"http://pbs.twimg.com/profile_images/578741424918798338/y3fI2tHx_normal.jpeg","following":false,"geo_enabled":true,"profile_background_image_url":"http://abs.twimg.com/images/themes/theme4/bg.gif","name":"Liberals R HeartLess","lang":"en","profile_background_tile":false,"favourites_count":5166,"screen_name":"carrietony35","notifications":false,"url":null,"created_at":"Sun Jul 24 23:46:09 +0000 2011","contributors_enabled":false,"time_zone":null,"protected":false,"default_profile":false,"is_translator":false},"geo":null,"in_reply_to_user_id_str":"2257540194","lang":"en","created_at":"Mon Dec 15 01:26:29 +0000 2014","in_reply_to_status_id_str":"544302209782263808","place":null},
{"contributors":null,"truncated":false,"text":"@carrietony35 @NCNolesFan @PamelaGeller @toddstarnes The MSM won't report on anything more than what government tells them to do.","in_reply_to_status_id":544302442461265921,"id":544303105991794688,"favorite_count":3,"source":"<a href=\"http://twitter.com\" rel=\"nofollow\">Twitter Web Client</a>","retweeted":false,"coordinates":null,"entities":{"symbols":[],"user_mentions":[{"id":341790892,"indices":[0,13],"id_str":"341790892","screen_name":"carrietony35","name":"Liberals R HeartLess"},{"id":2257540194,"indices":[14,25],"id_str":"2257540194","screen_name":"NCNolesFan","name":"MerryChristmasInSC"},{"id":15669672,"indices":[26,39],"id_str":"15669672","screen_name":"PamelaGeller","name":"Pamela Geller"},{"id":15515169,"indices":[40,52],"id_str":"15515169","screen_name":"toddstarnes","name":"toddstarnes"}],"hashtags":[],"urls":[]},"in_reply_to_screen_name":"carrietony35","id_str":"544303105991794688","retweet_count":0,"in_reply_to_user_id":341790892,"favorited":false,"user":{"follow_request_sent":false,"profile_use_background_image":true,"profile_text_color":"333333","default_profile_image":false,"id":305511310,"profile_background_image_url_https":"https://abs.twimg.com/images/themes/theme1/bg.png","verified":false,"profile_location":null,"profile_image_url_https":"https://pbs.twimg.com/profile_images/473565332167065600/lay5LZx3_normal.jpeg","profile_sidebar_fill_color":"DDEEF6","entities":{"url":{"urls":[{"url":"http://t.co/X9ww2HBpoL","indices":[0,22],"expanded_url":"http://www.brain-sludge.com","display_url":"brain-sludge.com"}]},"description":{"urls":[{"url":"http://t.co/j3NITT1ALS","indices":[15,37],"expanded_url":"http://Brain-Sludge.com","display_url":"Brain-Sludge.com"}]}},"followers_count":28,"profile_sidebar_border_color":"C0DEED","id_str":"305511310","profile_background_color":"C0DEED","listed_count":0,"is_translation_enabled":false,"utc_offset":-25200,"statuses_count":321,"description":"Contributor to http://t.co/j3NITT1ALS. Uncensored conversations and rants on Government, Economics, Gold, Silver, Guns, Ammo and everything else.","friends_count":34,"location":"Colorado","profile_link_color":"00B330","profile_image_url":"http://pbs.twimg.com/profile_images/473565332167065600/lay5LZx3_normal.jpeg","following":false,"geo_enabled":false,"profile_background_image_url":"http://abs.twimg.com/images/themes/theme1/bg.png","name":"Brain-Sludge","lang":"en","profile_background_tile":false,"favourites_count":3,"screen_name":"BTBS314","notifications":false,"url":"http://t.co/X9ww2HBpoL","created_at":"Thu May 26 10:32:35 +0000 2011","contributors_enabled":false,"time_zone":"Mountain Time (US & Canada)","protected":false,"default_profile":false,"is_translator":false},"geo":null,"in_reply_to_user_id_str":"341790892","lang":"en","created_at":"Mon Dec 15 01:29:07 +0000 2014","in_reply_to_status_id_str":"544302442461265921","place":null},
{"contributors":null,"truncated":false,"text":"@carrietony35 @NCNolesFan @PamelaGeller @toddstarnes Peaceful, moderate Muslims don't count at this point None can be trusted.","in_reply_to_status_id":544302442461265921,"id":544303554908151808,"favorite_count":2,"source":"<a href=\"http://twitter.com\" rel=\"nofollow\">Twitter Web Client</a>","retweeted":false,"coordinates":null,"entities":{"symbols":[],"user_mentions":[{"id":341790892,"indices":[0,13],"id_str":"341790892","screen_name":"carrietony35","name":"Liberals R HeartLess"},{"id":2257540194,"indices":[14,25],"id_str":"2257540194","screen_name":"NCNolesFan","name":"MerryChristmasInSC"},{"id":15669672,"indices":[26,39],"id_str":"15669672","screen_name":"PamelaGeller","name":"Pamela Geller"},{"id":15515169,"indices":[40,52],"id_str":"15515169","screen_name":"toddstarnes","name":"toddstarnes"}],"hashtags":[],"urls":[]},"in_reply_to_screen_name":"carrietony35","id_str":"544303554908151808","retweet_count":0,"in_reply_to_user_id":341790892,"favorited":false,"user":{"follow_request_sent":false,"profile_use_background_image":true,"profile_text_color":"333333","default_profile_image":false,"id":305511310,"profile_background_image_url_https":"https://abs.twimg.com/images/themes/theme1/bg.png","verified":false,"profile_location":null,"profile_image_url_https":"https://pbs.twimg.com/profile_images/473565332167065600/lay5LZx3_normal.jpeg","profile_sidebar_fill_color":"DDEEF6","entities":{"url":{"urls":[{"url":"http://t.co/X9ww2HBpoL","indices":[0,22],"expanded_url":"http://www.brain-sludge.com","display_url":"brain-sludge.com"}]},"description":{"urls":[{"url":"http://t.co/j3NITT1ALS","indices":[15,37],"expanded_url":"http://Brain-Sludge.com","display_url":"Brain-Sludge.com"}]}},"followers_count":28,"profile_sidebar_border_color":"C0DEED","id_str":"305511310","profile_background_color":"C0DEED","listed_count":0,"is_translation_enabled":false,"utc_offset":-25200,"statuses_count":321,"description":"Contributor to http://t.co/j3NITT1ALS. Uncensored conversations and rants on Government, Economics, Gold, Silver, Guns, Ammo and everything else.","friends_count":34,"location":"Colorado","profile_link_color":"00B330","profile_image_url":"http://pbs.twimg.com/profile_images/473565332167065600/lay5LZx3_normal.jpeg","following":false,"geo_enabled":false,"profile_background_image_url":"http://abs.twimg.com/images/themes/theme1/bg.png","name":"Brain-Sludge","lang":"en","profile_background_tile":false,"favourites_count":3,"screen_name":"BTBS314","notifications":false,"url":"http://t.co/X9ww2HBpoL","created_at":"Thu May 26 10:32:35 +0000 2011","contributors_enabled":false,"time_zone":"Mountain Time (US & Canada)","protected":false,"default_profile":false,"is_translator":false},"geo":null,"in_reply_to_user_id_str":"341790892","lang":"en","created_at":"Mon Dec 15 01:30:54 +0000 2014","in_reply_to_status_id_str":"544302442461265921","place":null},
{"contributors":null,"truncated":false,"text":"@BTBS314 @NCNolesFan @PamelaGeller @toddstarnes There is NO such thing as moderate if they read the quran practice islam they are EVIL POS","in_reply_to_status_id":544303554908151808,"id":544304234590912512,"favorite_count":2,"source":"<a href=\"http://twitter.com/download/android\" rel=\"nofollow\">Twitter for Android</a>","retweeted":false,"coordinates":null,"entities":{"symbols":[],"user_mentions":[{"id":305511310,"indices":[0,8],"id_str":"305511310","screen_name":"BTBS314","name":"Brain-Sludge"},{"id":2257540194,"indices":[9,20],"id_str":"2257540194","screen_name":"NCNolesFan","name":"MerryChristmasInSC"},{"id":15669672,"indices":[21,34],"id_str":"15669672","screen_name":"PamelaGeller","name":"Pamela Geller"},{"id":15515169,"indices":[35,47],"id_str":"15515169","screen_name":"toddstarnes","name":"toddstarnes"}],"hashtags":[],"urls":[]},"in_reply_to_screen_name":"BTBS314","id_str":"544304234590912512","retweet_count":0,"in_reply_to_user_id":305511310,"favorited":false,"user":{"follow_request_sent":false,"profile_use_background_image":true,"profile_text_color":"3C3940","default_profile_image":false,"id":341790892,"profile_background_image_url_https":"https://abs.twimg.com/images/themes/theme4/bg.gif","verified":false,"profile_location":null,"profile_image_url_https":"https://pbs.twimg.com/profile_images/578741424918798338/y3fI2tHx_normal.jpeg","profile_sidebar_fill_color":"95E8EC","entities":{"description":{"urls":[]}},"followers_count":1083,"profile_sidebar_border_color":"5ED4DC","id_str":"341790892","profile_background_color":"0099B9","listed_count":17,"is_translation_enabled":false,"utc_offset":null,"statuses_count":11294,"description":"I STAND WITH ISRAEL         Conservative Constitutionalist,  Christian anti-Islam  anti-Obama and his anti-American policies.Not afraid to say it like it is!","friends_count":1440,"location":"","profile_link_color":"0099B9","profile_image_url":"http://pbs.twimg.com/profile_images/578741424918798338/y3fI2tHx_normal.jpeg","following":false,"geo_enabled":true,"profile_background_image_url":"http://abs.twimg.com/images/themes/theme4/bg.gif","name":"Liberals R HeartLess","lang":"en","profile_background_tile":false,"favourites_count":5166,"screen_name":"carrietony35","notifications":false,"url":null,"created_at":"Sun Jul 24 23:46:09 +0000 2011","contributors_enabled":false,"time_zone":null,"protected":false,"default_profile":false,"is_translator":false},"geo":null,"in_reply_to_user_id_str":"305511310","lang":"en","created_at":"Mon Dec 15 01:33:36 +0000 2014","in_reply_to_status_id_str":"544303554908151808","place":null},
{"contributors":null,"truncated":false,"text":"@carrietony35 @NCNolesFan @PamelaGeller @toddstarnes Precisely!!!","in_reply_to_status_id":544304234590912512,"id":544304497645072385,"favorite_count":2,"source":"<a href=\"http://twitter.com\" rel=\"nofollow\">Twitter Web Client</a>","retweeted":false,"coordinates":null,"entities":{"symbols":[],"user_mentions":[{"id":341790892,"indices":[0,13],"id_str":"341790892","screen_name":"carrietony35","name":"Liberals R HeartLess"},{"id":2257540194,"indices":[14,25],"id_str":"2257540194","screen_name":"NCNolesFan","name":"MerryChristmasInSC"},{"id":15669672,"indices":[26,39],"id_str":"15669672","screen_name":"PamelaGeller","name":"Pamela Geller"},{"id":15515169,"indices":[40,52],"id_str":"15515169","screen_name":"toddstarnes","name":"toddstarnes"}],"hashtags":[],"urls":[]},"in_reply_to_screen_name":"carrietony35","id_str":"544304497645072385","retweet_count":0,"in_reply_to_user_id":341790892,"favorited":false,"user":{"follow_request_sent":false,"profile_use_background_image":true,"profile_text_color":"333333","default_profile_image":false,"id":305511310,"profile_background_image_url_https":"https://abs.twimg.com/images/themes/theme1/bg.png","verified":false,"profile_location":null,"profile_image_url_https":"https://pbs.twimg.com/profile_images/473565332167065600/lay5LZx3_normal.jpeg","profile_sidebar_fill_color":"DDEEF6","entities":{"url":{"urls":[{"url":"http://t.co/X9ww2HBpoL","indices":[0,22],"expanded_url":"http://www.brain-sludge.com","display_url":"brain-sludge.com"}]},"description":{"urls":[{"url":"http://t.co/j3NITT1ALS","indices":[15,37],"expanded_url":"http://Brain-Sludge.com","display_url":"Brain-Sludge.com"}]}},"followers_count":28,"profile_sidebar_border_color":"C0DEED","id_str":"305511310","profile_background_color":"C0DEED","listed_count":0,"is_translation_enabled":false,"utc_offset":-25200,"statuses_count":321,"description":"Contributor to http://t.co/j3NITT1ALS. Uncensored conversations and rants on Government, Economics, Gold, Silver, Guns, Ammo and everything else.","friends_count":34,"location":"Colorado","profile_link_color":"00B330","profile_image_url":"http://pbs.twimg.com/profile_images/473565332167065600/lay5LZx3_normal.jpeg","following":false,"geo_enabled":false,"profile_background_image_url":"http://abs.twimg.com/images/themes/theme1/bg.png","name":"Brain-Sludge","lang":"en","profile_background_tile":false,"favourites_count":3,"screen_name":"BTBS314","notifications":false,"url":"http://t.co/X9ww2HBpoL","created_at":"Thu May 26 10:32:35 +0000 2011","contributors_enabled":false,"time_zone":"Mountain Time (US & Canada)","protected":false,"default_profile":false,"is_translator":false},"geo":null,"in_reply_to_user_id_str":"341790892","lang":"en","created_at":"Mon Dec 15 01:34:39 +0000 2014","in_reply_to_status_id_str":"544304234590912512","place":null},
{"contributors":null,"truncated":false,"text":"@PamelaGeller Today @FareedZakaria called out Australia as the WORST offender WRT Global Warming! Maybe he gave the \"signal\" to attack!?!?","in_reply_to_status_id":544297827258888192,"id":544305033207349248,"favorite_count":0,"source":"<a href=\"http://twitter.com\" rel=\"nofollow\">Twitter Web Client</a>","retweeted":false,"coordinates":null,"entities":{"symbols":[],"user_mentions":[{"id":15669672,"indices":[0,13],"id_str":"15669672","screen_name":"PamelaGeller","name":"Pamela Geller"},{"id":41814169,"indices":[20,34],"id_str":"41814169","screen_name":"FareedZakaria","name":"Fareed Zakaria"}],"hashtags":[],"urls":[]},"in_reply_to_screen_name":"PamelaGeller","id_str":"544305033207349248","retweet_count":0,"in_reply_to_user_id":15669672,"favorited":false,"user":{"follow_request_sent":false,"profile_use_background_image":true,"profile_text_color":"333333","default_profile_image":false,"id":134833919,"profile_background_image_url_https":"https://pbs.twimg.com/profile_background_images/582773757/skswcvk6zxgg4m710g88.jpeg","verified":false,"profile_location":null,"profile_image_url_https":"https://pbs.twimg.com/profile_images/491406991256846336/wxbIC_Ob_normal.png","profile_sidebar_fill_color":"DDEEF6","entities":{"url":{"urls":[{"url":"http://t.co/Zvv4wgTZA0","indices":[0,22],"expanded_url":"http://sonsofreagan.blogspot.com/","display_url":"sonsofreagan.blogspot.com"}]},"description":{"urls":[]}},"followers_count":549,"profile_sidebar_border_color":"C0DEED","id_str":"134833919","profile_background_color":"C0DEED","listed_count":17,"is_translation_enabled":false,"utc_offset":-18000,"statuses_count":15566,"description":"Independent Conservative - Right of Rush - Left of God","friends_count":168,"location":"USA","profile_link_color":"0084B4","profile_image_url":"http://pbs.twimg.com/profile_images/491406991256846336/wxbIC_Ob_normal.png","following":false,"geo_enabled":false,"profile_banner_url":"https://pbs.twimg.com/profile_banners/134833919/1402759951","profile_background_image_url":"http://pbs.twimg.com/profile_background_images/582773757/skswcvk6zxgg4m710g88.jpeg","name":"Sons of Reagan","lang":"en","profile_background_tile":true,"favourites_count":7790,"screen_name":"SonsofReagan","notifications":false,"url":"http://t.co/Zvv4wgTZA0","created_at":"Mon Apr 19 15:40:23 +0000 2010","contributors_enabled":false,"time_zone":"Eastern Time (US & Canada)","protected":false,"default_profile":false,"is_translator":false},"geo":null,"in_reply_to_user_id_str":"15669672","lang":"en","created_at":"Mon Dec 15 01:36:47 +0000 2014","in_reply_to_status_id_str":"544297827258888192","place":null},
{"contributors":null,"truncated":false,"text":"@PamelaGeller @act4america why isnt @cnn covering this story?! Cnn is playing Videos Gone Viral. #shame","in_reply_to_status_id":544297827258888192,"id":544305046083895296,"favorite_count":0,"source":"<a href=\"http://twitter.com/download/iphone\" rel=\"nofollow\">Twitter for iPhone</a>","retweeted":false,"coordinates":null,"entities":{"symbols":[],"user_mentions":[{"id":15669672,"indices":[0,13],"id_str":"15669672","screen_name":"PamelaGeller","name":"Pamela Geller"},{"id":168541923,"indices":[14,26],"id_str":"168541923","screen_name":"act4america","name":"Brigitte Gabriel"},{"id":759251,"indices":[36,40],"id_str":"759251","screen_name":"CNN","name":"CNN"}],"hashtags":[{"indices":[97,103],"text":"shame"}],"urls":[]},"in_reply_to_screen_name":"PamelaGeller","id_str":"544305046083895296","retweet_count":0,"in_reply_to_user_id":15669672,"favorited":false,"user":{"follow_request_sent":false,"profile_use_background_image":true,"profile_text_color":"634047","default_profile_image":false,"id":428750698,"profile_background_image_url_https":"https://abs.twimg.com/images/themes/theme3/bg.gif","verified":false,"profile_location":null,"profile_image_url_https":"https://pbs.twimg.com/profile_images/378800000554008491/a7014c25afe1b5bc7a7b528753d713c3_normal.jpeg","profile_sidebar_fill_color":"E3E2DE","entities":{"url":{"urls":[{"url":"http://t.co/up7TLGAJig","indices":[0,22],"expanded_url":"http://personalbestthebook.com","display_url":"personalbestthebook.com"}]},"description":{"urls":[]}},"followers_count":263,"profile_sidebar_border_color":"D3D2CF","id_str":"428750698","profile_background_color":"EDECE9","listed_count":3,"is_translation_enabled":false,"utc_offset":-18000,"statuses_count":6949,"description":"Personal Trainer. Fitness columnist. Motivational speaker. Author of Personal Best: Train Your Brain and Transform Your Body for Life.","friends_count":225,"location":"","profile_link_color":"088253","profile_image_url":"http://pbs.twimg.com/profile_images/378800000554008491/a7014c25afe1b5bc7a7b528753d713c3_normal.jpeg","following":false,"geo_enabled":true,"profile_banner_url":"https://pbs.twimg.com/profile_banners/428750698/1379697524","profile_background_image_url":"http://abs.twimg.com/images/themes/theme3/bg.gif","name":"Trainer Gloria","lang":"en","profile_background_tile":false,"favourites_count":1657,"screen_name":"TrainerGloria","notifications":false,"url":"http://t.co/up7TLGAJig","created_at":"Mon Dec 05 04:16:22 +0000 2011","contributors_enabled":false,"time_zone":"Eastern Time (US & Canada)","protected":false,"default_profile":false,"is_translator":false},"geo":null,"in_reply_to_user_id_str":"15669672","lang":"en","created_at":"Mon Dec 15 01:36:50 +0000 2014","in_reply_to_status_id_str":"544297827258888192","place":null},
{"contributors":null,"truncated":false,"text":"@PamelaGeller @erotao Hopefully SWAT takes them out soon. what is SEAL team six doing???","in_reply_to_status_id":544297827258888192,"id":544305103793307648,"favorite_count":0,"source":"<a href=\"http://twitter.com/download/iphone\" rel=\"nofollow\">Twitter for iPhone</a>","retweeted":false,"coordinates":null,"entities":{"symbols":[],"user_mentions":[{"id":15669672,"indices":[0,13],"id_str":"15669672","screen_name":"PamelaGeller","name":"Pamela Geller"},{"id":15273001,"indices":[14,21],"id_str":"15273001","screen_name":"erotao","name":"Pray Always!"}],"hashtags":[],"urls":[]},"in_reply_to_screen_name":"PamelaGeller","id_str":"544305103793307648","retweet_count":1,"in_reply_to_user_id":15669672,"favorited":false,"user":{"follow_request_sent":false,"profile_use_background_image":true,"profile_text_color":"333333","default_profile_image":false,"id":406784853,"profile_background_image_url_https":"https://abs.twimg.com/images/themes/theme1/bg.png","verified":false,"profile_location":null,"profile_image_url_https":"https://pbs.twimg.com/profile_images/2837444132/abd1315f7c4b5f97bc7807a15e4e92f8_normal.jpeg","profile_sidebar_fill_color":"DDEEF6","entities":{"description":{"urls":[]}},"followers_count":4302,"profile_sidebar_border_color":"C0DEED","id_str":"406784853","profile_background_color":"C0DEED","listed_count":35,"is_translation_enabled":false,"utc_offset":-14400,"statuses_count":12623,"description":"Pro-gun, pro-constitution, pro-smaller government! The tree of liberty must be refreshed from time to time with the blood of patriots and tyrants. -Jefferson","friends_count":4622,"location":"","profile_link_color":"0084B4","profile_image_url":"http://pbs.twimg.com/profile_images/2837444132/abd1315f7c4b5f97bc7807a15e4e92f8_normal.jpeg","following":false,"geo_enabled":false,"profile_banner_url":"https://pbs.twimg.com/profile_banners/406784853/1389757145","profile_background_image_url":"http://abs.twimg.com/images/themes/theme1/bg.png","name":"WES","lang":"en","profile_background_tile":false,"favourites_count":605,"screen_name":"Wes_St_Clair","notifications":false,"url":null,"created_at":"Mon Nov 07 05:45:46 +0000 2011","contributors_enabled":false,"time_zone":"Atlantic Time (Canada)","protected":false,"default_profile":true,"is_translator":false},"geo":null,"in_reply_to_user_id_str":"15669672","lang":"en","created_at":"Mon Dec 15 01:37:04 +0000 2014","in_reply_to_status_id_str":"544297827258888192","place":null},
{"contributors":null,"truncated":false,"text":"@PamelaGeller @act4america oh @cnn just started reporting now!","in_reply_to_status_id":544297827258888192,"id":544305498410213376,"favorite_count":0,"source":"<a href=\"http://twitter.com/download/iphone\" rel=\"nofollow\">Twitter for iPhone</a>","retweeted":false,"coordinates":null,"entities":{"symbols":[],"user_mentions":[{"id":15669672,"indices":[0,13],"id_str":"15669672","screen_name":"PamelaGeller","name":"Pamela Geller"},{"id":168541923,"indices":[14,26],"id_str":"168541923","screen_name":"act4america","name":"Brigitte Gabriel"},{"id":759251,"indices":[30,34],"id_str":"759251","screen_name":"CNN","name":"CNN"}],"hashtags":[],"urls":[]},"in_reply_to_screen_name":"PamelaGeller","id_str":"544305498410213376","retweet_count":0,"in_reply_to_user_id":15669672,"favorited":false,"user":{"follow_request_sent":false,"profile_use_background_image":true,"profile_text_color":"634047","default_profile_image":false,"id":428750698,"profile_background_image_url_https":"https://abs.twimg.com/images/themes/theme3/bg.gif","verified":false,"profile_location":null,"profile_image_url_https":"https://pbs.twimg.com/profile_images/378800000554008491/a7014c25afe1b5bc7a7b528753d713c3_normal.jpeg","profile_sidebar_fill_color":"E3E2DE","entities":{"url":{"urls":[{"url":"http://t.co/up7TLGAJig","indices":[0,22],"expanded_url":"http://personalbestthebook.com","display_url":"personalbestthebook.com"}]},"description":{"urls":[]}},"followers_count":263,"profile_sidebar_border_color":"D3D2CF","id_str":"428750698","profile_background_color":"EDECE9","listed_count":3,"is_translation_enabled":false,"utc_offset":-18000,"statuses_count":6949,"description":"Personal Trainer. Fitness columnist. Motivational speaker. Author of Personal Best: Train Your Brain and Transform Your Body for Life.","friends_count":225,"location":"","profile_link_color":"088253","profile_image_url":"http://pbs.twimg.com/profile_images/378800000554008491/a7014c25afe1b5bc7a7b528753d713c3_normal.jpeg","following":false,"geo_enabled":true,"profile_banner_url":"https://pbs.twimg.com/profile_banners/428750698/1379697524","profile_background_image_url":"http://abs.twimg.com/images/themes/theme3/bg.gif","name":"Trainer Gloria","lang":"en","profile_background_tile":false,"favourites_count":1657,"screen_name":"TrainerGloria","notifications":false,"url":"http://t.co/up7TLGAJig","created_at":"Mon Dec 05 04:16:22 +0000 2011","contributors_enabled":false,"time_zone":"Eastern Time (US & Canada)","protected":false,"default_profile":false,"is_translator":false},"geo":null,"in_reply_to_user_id_str":"15669672","lang":"en","created_at":"Mon Dec 15 01:38:38 +0000 2014","in_reply_to_status_id_str":"544297827258888192","place":null},
{"contributors":null,"truncated":false,"text":"@NCNolesFan @BTBS314 @PamelaGeller @toddstarnes Yes! Big Christian Now Isn't He, He Would Rather Hang Tiny Prayer Carpets On WH   Tree","in_reply_to_status_id":544302209782263808,"id":544309714134110208,"favorite_count":1,"source":"<a href=\"http://twitter.com\" rel=\"nofollow\">Twitter Web Client</a>","retweeted":false,"coordinates":null,"entities":{"symbols":[],"user_mentions":[{"id":2257540194,"indices":[0,11],"id_str":"2257540194","screen_name":"NCNolesFan","name":"MerryChristmasInSC"},{"id":305511310,"indices":[12,20],"id_str":"305511310","screen_name":"BTBS314","name":"Brain-Sludge"},{"id":15669672,"indices":[21,34],"id_str":"15669672","screen_name":"PamelaGeller","name":"Pamela Geller"},{"id":15515169,"indices":[35,47],"id_str":"15515169","screen_name":"toddstarnes","name":"toddstarnes"}],"hashtags":[],"urls":[]},"in_reply_to_screen_name":"NCNolesFan","id_str":"544309714134110208","retweet_count":1,"in_reply_to_user_id":2257540194,"favorited":false,"user":{"follow_request_sent":false,"profile_use_background_image":true,"profile_text_color":"333333","default_profile_image":false,"id":326345757,"profile_background_image_url_https":"https://abs.twimg.com/images/themes/theme1/bg.png","verified":false,"profile_location":null,"profile_image_url_https":"https://pbs.twimg.com/profile_images/439274078134730752/_d8LbLf9_normal.jpeg","profile_sidebar_fill_color":"DDEEF6","entities":{"description":{"urls":[]}},"followers_count":1679,"profile_sidebar_border_color":"C0DEED","id_str":"326345757","profile_background_color":"C0DEED","listed_count":49,"is_translation_enabled":false,"utc_offset":null,"statuses_count":47227,"description":"Love Jesus,Mother 1 Daughter,Former Dance INST.Am a Vocalist, Paint,Love to see the spirit move Love God & Country.I Believe Jesus is our Hope","friends_count":1989,"location":"Sacramento,Ca.","profile_link_color":"0084B4","profile_image_url":"http://pbs.twimg.com/profile_images/439274078134730752/_d8LbLf9_normal.jpeg","following":false,"geo_enabled":false,"profile_background_image_url":"http://abs.twimg.com/images/themes/theme1/bg.png","name":"sharon oliveria","lang":"en","profile_background_tile":false,"favourites_count":40262,"screen_name":"sherriek7","notifications":false,"url":null,"created_at":"Wed Jun 29 19:30:00 +0000 2011","contributors_enabled":false,"time_zone":null,"protected":false,"default_profile":true,"is_translator":false},"geo":null,"in_reply_to_user_id_str":"2257540194","lang":"en","created_at":"Mon Dec 15 01:55:23 +0000 2014","in_reply_to_status_id_str":"544302209782263808","place":null},
{"contributors":null,"truncated":false,"text":"@carrietony35 @PamelaGeller @toddstarnes They may try larger targets.","in_reply_to_status_id":544301909084233730,"id":544605753802518529,"favorite_count":0,"source":"<a href=\"http://twitter.com/download/iphone\" rel=\"nofollow\">Twitter for iPhone</a>","retweeted":false,"coordinates":null,"entities":{"symbols":[],"user_mentions":[{"id":341790892,"indices":[0,13],"id_str":"341790892","screen_name":"carrietony35","name":"Liberals R HeartLess"},{"id":15669672,"indices":[14,27],"id_str":"15669672","screen_name":"PamelaGeller","name":"Pamela Geller"},{"id":15515169,"indices":[28,40],"id_str":"15515169","screen_name":"toddstarnes","name":"toddstarnes"}],"hashtags":[],"urls":[]},"in_reply_to_screen_name":"carrietony35","id_str":"544605753802518529","retweet_count":0,"in_reply_to_user_id":341790892,"favorited":false,"user":{"follow_request_sent":false,"profile_use_background_image":true,"profile_text_color":"333333","default_profile_image":false,"id":268445561,"profile_background_image_url_https":"https://abs.twimg.com/images/themes/theme1/bg.png","verified":false,"profile_location":null,"profile_image_url_https":"https://pbs.twimg.com/profile_images/580533839644229632/C_Wf_aRl_normal.jpg","profile_sidebar_fill_color":"DDEEF6","entities":{"description":{"urls":[]}},"followers_count":145,"profile_sidebar_border_color":"C0DEED","id_str":"268445561","profile_background_color":"C0DEED","listed_count":4,"is_translation_enabled":false,"utc_offset":-18000,"statuses_count":6404,"description":"Husband, Dad, Believer, CBMC Team Leader, Member: Candy Hall of Fame Class of 2011, Purveyor of Sweets and Snacks, Love Vinyl & PROG Music!","friends_count":310,"location":"Baltimore, USA","profile_link_color":"001EB3","profile_image_url":"http://pbs.twimg.com/profile_images/580533839644229632/C_Wf_aRl_normal.jpg","following":false,"geo_enabled":true,"profile_banner_url":"https://pbs.twimg.com/profile_banners/268445561/1401389006","profile_background_image_url":"http://abs.twimg.com/images/themes/theme1/bg.png","name":"John Wynn ن ","lang":"en","profile_background_tile":false,"favourites_count":2843,"screen_name":"snoopdeputydawg","notifications":false,"url":null,"created_at":"Fri Mar 18 19:56:34 +0000 2011","contributors_enabled":false,"time_zone":"Eastern Time (US & Canada)","protected":false,"default_profile":false,"is_translator":false},"geo":null,"in_reply_to_user_id_str":"341790892","lang":"en","created_at":"Mon Dec 15 21:31:44 +0000 2014","in_reply_to_status_id_str":"544301909084233730","place":null},
{"contributors":null,"truncated":false,"text":"@snoopdeputydawg @PamelaGeller @toddstarnes They may and Obama will stand up and say AGAIN how peaceful loving they are....","in_reply_to_status_id":544605753802518529,"id":544631307255697408,"favorite_count":0,"source":"<a href=\"https://mobile.twitter.com\" rel=\"nofollow\">Mobile Web (M5)</a>","retweeted":false,"coordinates":null,"entities":{"symbols":[],"user_mentions":[{"id":268445561,"indices":[0,16],"id_str":"268445561","screen_name":"snoopdeputydawg","name":"John Wynn ن "},{"id":15669672,"indices":[17,30],"id_str":"15669672","screen_name":"PamelaGeller","name":"Pamela Geller"},{"id":15515169,"indices":[31,43],"id_str":"15515169","screen_name":"toddstarnes","name":"toddstarnes"}],"hashtags":[],"urls":[]},"in_reply_to_screen_name":"snoopdeputydawg","id_str":"544631307255697408","retweet_count":0,"in_reply_to_user_id":268445561,"favorited":false,"user":{"follow_request_sent":false,"profile_use_background_image":true,"profile_text_color":"3C3940","default_profile_image":false,"id":341790892,"profile_background_image_url_https":"https://abs.twimg.com/images/themes/theme4/bg.gif","verified":false,"profile_location":null,"profile_image_url_https":"https://pbs.twimg.com/profile_images/578741424918798338/y3fI2tHx_normal.jpeg","profile_sidebar_fill_color":"95E8EC","entities":{"description":{"urls":[]}},"followers_count":1085,"profile_sidebar_border_color":"5ED4DC","id_str":"341790892","profile_background_color":"0099B9","listed_count":17,"is_translation_enabled":false,"utc_offset":null,"statuses_count":11294,"description":"I STAND WITH ISRAEL         Conservative Constitutionalist,  Christian anti-Islam  anti-Obama and his anti-American policies.Not afraid to say it like it is!","friends_count":1440,"location":"","profile_link_color":"0099B9","profile_image_url":"http://pbs.twimg.com/profile_images/578741424918798338/y3fI2tHx_normal.jpeg","following":false,"geo_enabled":true,"profile_background_image_url":"http://abs.twimg.com/images/themes/theme4/bg.gif","name":"Liberals R HeartLess","lang":"en","profile_background_tile":false,"favourites_count":5166,"screen_name":"carrietony35","notifications":false,"url":null,"created_at":"Sun Jul 24 23:46:09 +0000 2011","contributors_enabled":false,"time_zone":null,"protected":false,"default_profile":false,"is_translator":false},"geo":null,"in_reply_to_user_id_str":"268445561","lang":"en","created_at":"Mon Dec 15 23:13:17 +0000 2014","in_reply_to_status_id_str":"544605753802518529","place":null}
]