[{"contributors":null,"truncated":false,"text":"@zaidbenjamin https://t.co/GvrbLxSVOi","in_reply_to_status_id":544279103864860674,"id":544279246622171136,"favorite_count":0,"source":"<a href=\"http://twitter.com\" rel=\"nofollow\">Twitter Web Client</a>","retweeted":false,"coordinates":null,"entities":{"symbols":[],"user_mentions":[{"id":48956231,"indices":[0,13],"id_str":"48956231","screen_name":"zaidbenjamin","name":"Zaid Benjamin"}],"hashtags":[],"urls":[{"url":"https://t.co/GvrbLxSVOi","indices":[14,37],"expanded_url":"https://twitter.com/SkyNewsAust/status/544277117039837184","display_url":"twitter.com/SkyNewsAust/st…"}]},"in_reply_to_screen_name":"zaidbenjamin","id_str":"544279246622171136","retweet_count":0,"in_reply_to_user_id":48956231,"favorited":false,"user":{"follow_request_sent":false,"profile_use_background_image":true,"profile_text_color":"333333","default_profile_image":false,"id":161863994,"profile_background_image_url_https":"https://abs.twimg.com/images/themes/theme1/bg.png","verified":false,"profile_location":null,"profile_image_url_https":"https://pbs.twimg.com/profile_images/1773919101/3387744879_2833834d1d_normal.jpg","profile_sidebar_fill_color":"DDEEF6","entities":{"description":{"urls":[]}},"followers_count":750,"profile_sidebar_border_color":"C0DEED","id_str":"161863994","profile_background_color":"C0DEED","listed_count":32,"is_translation_enabled":false,"utc_offset":3600,"statuses_count":74203,"description":"#Dutch Newsjunkie Local #Syria #Mena #US -  'cave dweller', vegetarian.  Journalism study drop-out.\r\n#OldSchool","friends_count":2001,"location":"Utrecht, the Netherlands","profile_link_color":"0084B4","profile_image_url":"http://pbs.twimg.com/profile_images/1773919101/3387744879_2833834d1d_normal.jpg","following":false,"geo_enabled":true,"profile_background_image_url":"http://abs.twimg.com/images/themes/theme1/bg.png","name":"Nicole W","lang":"en","profile_background_tile":false,"favourites_count":2529,"screen_name":"Meisju","notifications":false,"url":null,"created_at":"Fri Jul 02 00:19:10 +0000 2010","contributors_enabled":false,"time_zone":"Amsterdam","protected":false,"default_profile":true,"is_translator":false},"geo":null,"in_reply_to_user_id_str":"48956231","possibly_sensitive":false,"lang":"und","created_at":"Sun Dec 14 23:54:19 +0000 2014","in_reply_to_status_id_str":"544279103864860674","place":{"full_name":"Utrecht","url":"https://api.twitter.com/1.1/geo/id/871685aa82f8a489.json","country":"Nederland","place_type":"city","bounding_box":{"type":"Polygon","coordinates":[[[4.9702867,52.0262429],[5.1952468,52.0262429],[5.1952468,52.142137],[4.9702867,52.142137]]]},"contained_within":[],"country_code":"NL","attributes":{},"id":"871685aa82f8a489","name":"Utrecht"}},
{"contributors":null,"truncated":false,"text":"@zaidbenjamin Id here -&gt; https://t.co/m2RrIvp1l2","in_reply_to_status_id":544279103864860674,"id":544279277525819392,"favorite_count":0,"source":"<a href=\"http://twitter.com\" rel=\"nofollow\">Twitter Web Client</a>","retweeted":false,"coordinates":null,"entities":{"symbols":[],"user_mentions":[{"id":48956231,"indices":[0,13],"id_str":"48956231","screen_name":"zaidbenjamin","name":"Zaid Benjamin"}],"hashtags":[],"urls":[{"url":"https://t.co/m2RrIvp1l2","indices":[28,51],"expanded_url":"https://twitter.com/azelin/status/544277526248304640","display_url":"twitter.com/azelin/status/…"}]},"in_reply_to_screen_name":"zaidbenjamin","id_str":"544279277525819392","retweet_count":0,"in_reply_to_user_id":48956231,"favorited":false,"user":{"follow_request_sent":false,"profile_use_background_image":true,"profile_text_color":"333333","default_profile_image":false,"id":22245277,"profile_background_image_url_https":"https://pbs.twimg.com/profile_background_images/378800000100949611/7d474ec352e7b89fd1b00e4ccc8d7637.jpeg","verified":false,"profile_location":null,"profile_image_url_https":"https://pbs.twimg.com/profile_images/485907393914482690/8_CIKUlZ_normal.jpeg","profile_sidebar_fill_color":"C0DFEC","entities":{"description":{"urls":[]}},"followers_count":1894,"profile_sidebar_border_color":"FFFFFF","id_str":"22245277","profile_background_color":"022330","listed_count":82,"is_translation_enabled":false,"utc_offset":7200,"statuses_count":11959,"description":"Watching global security, connecting dots, checking facts. @Bellingcat contributor. OSINT/SOCMINT adventurer. Also here: tech, life sci & kittehs.","friends_count":2016,"location":"Southwest Finland","profile_link_color":"005C7D","profile_image_url":"http://pbs.twimg.com/profile_images/485907393914482690/8_CIKUlZ_normal.jpeg","following":false,"geo_enabled":false,"profile_banner_url":"https://pbs.twimg.com/profile_banners/22245277/1409603908","profile_background_image_url":"http://pbs.twimg.com/profile_background_images/378800000100949611/7d474ec352e7b89fd1b00e4ccc8d7637.jpeg","name":"Veli-Pekka Kivimäki","lang":"en","profile_background_tile":false,"favourites_count":1878,"screen_name":"vpkivimaki","notifications":false,"url":null,"created_at":"Sat Feb 28 10:21:54 +0000 2009","contributors_enabled":false,"time_zone":"Helsinki","protected":false,"default_profile":false,"is_translator":false},"geo":null,"in_reply_to_user_id_str":"48956231","possibly_sensitive":false,"lang":"en","created_at":"Sun Dec 14 23:54:26 +0000 2014","in_reply_to_status_id_str":"544279103864860674","place":null},
{"contributors":null,"truncated":false,"text":"@zaidbenjamin @BlogsofWar it's the Shahada","in_reply_to_status_id":544279103864860674,"id":544279562100563969,"favorite_count":1,"source":"<a href=\"http://twitter.com\" rel=\"nofollow\">Twitter Web Client</a>","retweeted":false,"coordinates":null,"entities":{"symbols":[],"user_mentions":[{"id":48956231,"indices":[0,13],"id_str":"48956231","screen_name":"zaidbenjamin","name":"Zaid Benjamin"},{"id":14401607,"indices":[14,25],"id_str":"14401607","screen_name":"BlogsofWar","name":"Blogs of War"}],"hashtags":[],"urls":[]},"in_reply_to_screen_name":"zaidbenjamin","id_str":"544279562100563969","retweet_count":0,"in_reply_to_user_id":48956231,"favorited":false,"user":{"follow_request_sent":false,"profile_use_background_image":true,"profile_text_color":"333333","default_profile_image":false,"id":909990571,"profile_background_image_url_https":"https://abs.twimg.com/images/themes/theme1/bg.png","verified":false,"profile_location":null,"profile_image_url_https":"https://pbs.twimg.com/profile_images/565709093021560832/MZhG7TIj_normal.jpeg","profile_sidebar_fill_color":"DDEEF6","entities":{"description":{"urls":[]}},"followers_count":489,"profile_sidebar_border_color":"C0DEED","id_str":"909990571","profile_background_color":"C0DEED","listed_count":9,"is_translation_enabled":false,"utc_offset":39600,"statuses_count":38602,"description":"Alternative Doctor of International Affairs. \n\nExtremely wise and humble.","friends_count":1265,"location":"Oz","profile_link_color":"0084B4","profile_image_url":"http://pbs.twimg.com/profile_images/565709093021560832/MZhG7TIj_normal.jpeg","following":false,"geo_enabled":false,"profile_background_image_url":"http://abs.twimg.com/images/themes/theme1/bg.png","name":"Salt","lang":"en","profile_background_tile":false,"favourites_count":2736,"screen_name":"Salted2","notifications":false,"url":null,"created_at":"Sun Oct 28 10:13:55 +0000 2012","contributors_enabled":false,"time_zone":"Melbourne","protected":false,"default_profile":true,"is_translator":false},"geo":null,"in_reply_to_user_id_str":"48956231","lang":"en","created_at":"Sun Dec 14 23:55:34 +0000 2014","in_reply_to_status_id_str":"544279103864860674","place":null},
{"contributors":null,"truncated":false,"text":"@zaidbenjamin Recently established homegrown Australian group?","in_reply_to_status_id":544279103864860674,"id":544279701032669186,"favorite_count":0,"source":"<a href=\"http://twitter.com/download/android\" rel=\"nofollow\">Twitter for Android</a>","retweeted":false,"coordinates":{"type":"Point","coordinates":[-122.4799732,37.7263875]},"entities":{"symbols":[],"user_mentions":[{"id":48956231,"indices":[0,13],"id_str":"48956231","screen_name":"zaidbenjamin","name":"Zaid Benjamin"}],"hashtags":[],"urls":[]},"in_reply_to_screen_name":"zaidbenjamin","id_str":"544279701032669186","retweet_count":0,"in_reply_to_user_id":48956231,"favorited":false,"user":{"follow_request_sent":false,"profile_use_background_image":true,"profile_text_color":"A7394D","default_profile_image":false,"id":151551726,"profile_background_image_url_https":"https://pbs.twimg.com/profile_background_images/378800000056721508/fb46ed428bff933fc99683344f70fdbf.jpeg","verified":false,"profile_location":null,"profile_image_url_https":"https://pbs.twimg.com/profile_images/577583859698528256/5LWNR9Cd_normal.jpeg","profile_sidebar_fill_color":"030516","entities":{"url":{"urls":[{"url":"http://t.co/OiCUzdbV0m","indices":[0,22],"expanded_url":"http://www.linkedin.com/in/pfaliano","display_url":"linkedin.com/in/pfaliano"}]},"description":{"urls":[]}},"followers_count":343,"profile_sidebar_border_color":"FFFFFF","id_str":"151551726","profile_background_color":"03072D","listed_count":6,"is_translation_enabled":false,"utc_offset":-28800,"statuses_count":29004,"description":"San Francisco native who likes beer, wine and international news. OPINIONS ARE MY OWN & RT's and FOLLOWS DO NOT MEAN ENDORSEMENT!","friends_count":1987,"location":"San Francisco, CA","profile_link_color":"16818E","profile_image_url":"http://pbs.twimg.com/profile_images/577583859698528256/5LWNR9Cd_normal.jpeg","following":false,"geo_enabled":true,"profile_banner_url":"https://pbs.twimg.com/profile_banners/151551726/1408747188","profile_background_image_url":"http://pbs.twimg.com/profile_background_images/378800000056721508/fb46ed428bff933fc99683344f70fdbf.jpeg","name":"Patrick Faliano","lang":"en","profile_background_tile":false,"favourites_count":3324,"screen_name":"pfaliano","notifications":false,"url":"http://t.co/OiCUzdbV0m","created_at":"Thu Jun 03 17:28:49 +0000 2010","contributors_enabled":false,"time_zone":"Pacific Time (US & Canada)","protected":false,"default_profile":false,"is_translator":false},"geo":{"type":"Point","coordinates":[37.7263875,-122.4799732]},"in_reply_to_user_id_str":"48956231","lang":"en","created_at":"Sun Dec 14 23:56:07 +0000 2014","in_reply_to_status_id_str":"544279103864860674","place":{"full_name":"San Francisco, CA","url":"https://api.twitter.com/1.1/geo/id/5a110d312052166f.json","country":"United States","place_type":"city","bounding_box":{"type":"Polygon","coordinates":[[[-122.514926,37.708075],[-122.357031,37.708075],[-122.357031,37.833238],[-122.514926,37.833238]]]},"contained_within":[],"country_code":"US","attributes":{},"id":"5a110d312052166f","name":"San Francisco"}},
{"contributors":null,"truncated":false,"text":"“@zaidbenjamin: Strange flag in #Sydney, not the one affiliated with #ISIS. http://t.co/7v4GdMeyqc”","in_reply_to_status_id":544279103864860674,"id":544279801633439744,"favorite_count":0,"source":"<a href=\"http://itunes.apple.com/us/app/twitter/id409789998?mt=12\" rel=\"nofollow\">Twitter for Mac</a>","retweeted":false,"coordinates":null,"entities":{"symbols":[],"user_mentions":[{"id":48956231,"indices":[1,14],"id_str":"48956231","screen_name":"zaidbenjamin","name":"Zaid Benjamin"}],"hashtags":[{"indices":[32,39],"text":"Sydney"},{"indices":[69,74],"text":"ISIS"}],"urls":[],"media":[{"source_user_id":48956231,"source_status_id_str":"544279103864860674","expanded_url":"http://twitter.com/zaidbenjamin/status/544279103864860674/photo/1","display_url":"pic.twitter.com/7v4GdMeyqc","url":"http://t.co/7v4GdMeyqc","media_url_https":"https://pbs.twimg.com/media/B42q9UBIcAEKUcF.jpg","source_user_id_str":"48956231","source_status_id":544279103864860674,"id_str":"544279100303896577","sizes":{"large":{"h":450,"resize":"fit","w":600},"small":{"h":255,"resize":"fit","w":340},"medium":{"h":450,"resize":"fit","w":600},"thumb":{"h":150,"resize":"crop","w":150}},"indices":[76,98],"type":"photo","id":544279100303896577,"media_url":"http://pbs.twimg.com/media/B42q9UBIcAEKUcF.jpg"}]},"in_reply_to_screen_name":"zaidbenjamin","id_str":"544279801633439744","retweet_count":4,"in_reply_to_user_id":48956231,"favorited":false,"user":{"follow_request_sent":false,"profile_use_background_image":true,"profile_text_color":"333333","default_profile_image":false,"id":2866349829,"profile_background_image_url_https":"https://abs.twimg.com/images/themes/theme1/bg.png","verified":false,"profile_location":null,"profile_image_url_https":"https://pbs.twimg.com/profile_images/530840756575948800/P4WxoLyr_normal.png","profile_sidebar_fill_color":"DDEEF6","entities":{"url":{"urls":[{"url":"http://t.co/shB2ooxtBB","indices":[0,22],"expanded_url":"http://militarymaps.info","display_url":"militarymaps.info"}]},"description":{"urls":[{"url":"http://t.co/Nl6UegENFK","indices":[97,119],"expanded_url":"http://vk.com/app4329570","display_url":"vk.com/app4329570"}]}},"followers_count":155,"profile_sidebar_border_color":"C0DEED","id_str":"2866349829","profile_background_color":"C0DEED","listed_count":2,"is_translation_enabled":false,"utc_offset":0,"statuses_count":395,"description":"Official Twitter account for MilitaryMaps project, tweets in English |                      VK ☆ http://t.co/Nl6UegENFK","friends_count":51,"location":"","profile_link_color":"0084B4","profile_image_url":"http://pbs.twimg.com/profile_images/530840756575948800/P4WxoLyr_normal.png","following":false,"geo_enabled":false,"profile_banner_url":"https://pbs.twimg.com/profile_banners/2866349829/1415396245","profile_background_image_url":"http://abs.twimg.com/images/themes/theme1/bg.png","name":"MilitaryMaps_En","lang":"en","profile_background_tile":false,"favourites_count":58,"screen_name":"MilitaryMaps_En","notifications":false,"url":"http://t.co/shB2ooxtBB","created_at":"Fri Nov 07 21:33:28 +0000 2014","contributors_enabled":false,"time_zone":"London","protected":false,"default_profile":true,"is_translator":false},"geo":null,"in_reply_to_user_id_str":"48956231","possibly_sensitive":false,"lang":"en","created_at":"Sun Dec 14 23:56:31 +0000 2014","in_reply_to_status_id_str":"544279103864860674","place":null,"extended_entities":{"media":[{"source_user_id":48956231,"source_status_id_str":"544279103864860674","expanded_url":"http://twitter.com/zaidbenjamin/status/544279103864860674/photo/1","display_url":"pic.twitter.com/7v4GdMeyqc","url":"http://t.co/7v4GdMeyqc","media_url_https":"https://pbs.twimg.com/media/B42q9UBIcAEKUcF.jpg","source_user_id_str":"48956231","source_status_id":544279103864860674,"id_str":"544279100303896577","sizes":{"large":{"h":450,"resize":"fit","w":600},"small":{"h":255,"resize":"fit","w":340},"medium":{"h":450,"resize":"fit","w":600},"thumb":{"h":150,"resize":"crop","w":150}},"indices":[76,98],"type":"photo","id":544279100303896577,"media_url":"http://pbs.twimg.com/media/B42q9UBIcAEKUcF.jpg"},{"source_user_id":48956231,"source_status_id_str":"544279103864860674","expanded_url":"http://twitter.com/zaidbenjamin/status/544279103864860674/photo/1","display_url":"pic.twitter.com/7v4GdMeyqc","url":"http://t.co/7v4GdMeyqc","media_url_https":"https://pbs.twimg.com/media/B42q9W_IEAEVaaW.jpg","source_user_id_str":"48956231","source_status_id":544279103864860674,"id_str":"544279101100789761","sizes":{"small":{"h":191,"resize":"fit","w":340},"large":{"h":576,"resize":"fit","w":1024},"medium":{"h":337,"resize":"fit","w":600},"thumb":{"h":150,"resize":"crop","w":150}},"indices":[76,98],"type":"photo","id":544279101100789761,"media_url":"http://pbs.twimg.com/media/B42q9W_IEAEVaaW.jpg"}]}},
{"contributors":null,"truncated":false,"text":"@zaidbenjamin IS or not but Wahabis","in_reply_to_status_id":544279103864860674,"id":544279837750607872,"favorite_count":0,"source":"<a href=\"http://twitter.com/download/android\" rel=\"nofollow\">Twitter for Android</a>","retweeted":false,"coordinates":null,"entities":{"symbols":[],"user_mentions":[{"id":48956231,"indices":[0,13],"id_str":"48956231","screen_name":"zaidbenjamin","name":"Zaid Benjamin"}],"hashtags":[],"urls":[]},"in_reply_to_screen_name":"zaidbenjamin","id_str":"544279837750607872","retweet_count":0,"in_reply_to_user_id":48956231,"favorited":false,"user":{"follow_request_sent":false,"profile_use_background_image":true,"profile_text_color":"333333","default_profile_image":false,"id":132198476,"profile_background_image_url_https":"https://abs.twimg.com/images/themes/theme1/bg.png","verified":false,"profile_location":null,"profile_image_url_https":"https://pbs.twimg.com/profile_images/588352697729966080/N7V3CqYJ_normal.jpg","profile_sidebar_fill_color":"DDEEF6","entities":{"description":{"urls":[]}},"followers_count":372,"profile_sidebar_border_color":"C0DEED","id_str":"132198476","profile_background_color":"C0DEED","listed_count":7,"is_translation_enabled":false,"utc_offset":18000,"statuses_count":16124,"description":"","friends_count":283,"location":"Karachi, Pakistan","profile_link_color":"0084B4","profile_image_url":"http://pbs.twimg.com/profile_images/588352697729966080/N7V3CqYJ_normal.jpg","following":false,"geo_enabled":true,"profile_banner_url":"https://pbs.twimg.com/profile_banners/132198476/1408393072","profile_background_image_url":"http://abs.twimg.com/images/themes/theme1/bg.png","name":"Zaib Zaidi","lang":"en","profile_background_tile":false,"favourites_count":35560,"screen_name":"zaibx","notifications":false,"url":null,"created_at":"Mon Apr 12 15:17:25 +0000 2010","contributors_enabled":false,"time_zone":"Karachi","protected":false,"default_profile":true,"is_translator":false},"geo":null,"in_reply_to_user_id_str":"48956231","lang":"en","created_at":"Sun Dec 14 23:56:40 +0000 2014","in_reply_to_status_id_str":"544279103864860674","place":null},
{"contributors":null,"truncated":false,"text":"@zaidbenjamin Islam, same crap","in_reply_to_status_id":544279103864860674,"id":544280059964829697,"favorite_count":0,"source":"<a href=\"http://twitter.com/download/iphone\" rel=\"nofollow\">Twitter for iPhone</a>","retweeted":false,"coordinates":null,"entities":{"symbols":[],"user_mentions":[{"id":48956231,"indices":[0,13],"id_str":"48956231","screen_name":"zaidbenjamin","name":"Zaid Benjamin"}],"hashtags":[],"urls":[]},"in_reply_to_screen_name":"zaidbenjamin","id_str":"544280059964829697","retweet_count":0,"in_reply_to_user_id":48956231,"favorited":false,"user":{"follow_request_sent":false,"profile_use_background_image":true,"profile_text_color":"333333","default_profile_image":false,"id":2892242946,"profile_background_image_url_https":"https://abs.twimg.com/images/themes/theme1/bg.png","verified":false,"profile_location":null,"profile_image_url_https":"https://pbs.twimg.com/profile_images/530374796618760192/I7tNT2U-_normal.jpeg","profile_sidebar_fill_color":"DDEEF6","entities":{"description":{"urls":[]}},"followers_count":16,"profile_sidebar_border_color":"C0DEED","id_str":"2892242946","profile_background_color":"C0DEED","listed_count":0,"is_translation_enabled":false,"utc_offset":null,"statuses_count":89,"description":"Abu Abdullah al-Britani AKA William Hasmo Clinic. I'm dead and fucked.","friends_count":110,"location":"the devil's asshole","profile_link_color":"0084B4","profile_image_url":"http://pbs.twimg.com/profile_images/530374796618760192/I7tNT2U-_normal.jpeg","following":false,"geo_enabled":false,"profile_banner_url":"https://pbs.twimg.com/profile_banners/2892242946/1415286180","profile_background_image_url":"http://abs.twimg.com/images/themes/theme1/bg.png","name":"Al-Britani's Corpse","lang":"en","profile_background_tile":false,"favourites_count":34,"screen_name":"Britaniscorpse","notifications":false,"url":null,"created_at":"Thu Nov 06 14:54:37 +0000 2014","contributors_enabled":false,"time_zone":null,"protected":false,"default_profile":true,"is_translator":false},"geo":null,"in_reply_to_user_id_str":"48956231","lang":"en","created_at":"Sun Dec 14 23:57:33 +0000 2014","in_reply_to_status_id_str":"544279103864860674","place":null},
{"contributors":null,"truncated":false,"text":"@zaidbenjamin @barbarastarrcnn Shahada","in_reply_to_status_id":544279103864860674,"id":544280095482200064,"favorite_count":0,"source":"<a href=\"http://twitter.com/download/android\" rel=\"nofollow\">Twitter for Android</a>","retweeted":false,"coordinates":null,"entities":{"symbols":[],"user_mentions":[{"id":48956231,"indices":[0,13],"id_str":"48956231","screen_name":"zaidbenjamin","name":"Zaid Benjamin"},{"id":119048111,"indices":[14,30],"id_str":"119048111","screen_name":"barbarastarrcnn","name":"Barbara Starr"}],"hashtags":[],"urls":[]},"in_reply_to_screen_name":"zaidbenjamin","id_str":"544280095482200064","retweet_count":0,"in_reply_to_user_id":48956231,"favorited":false,"user":{"follow_request_sent":false,"profile_use_background_image":false,"profile_text_color":"000000","default_profile_image":false,"id":2168956690,"profile_background_image_url_https":"https://pbs.twimg.com/profile_background_images/518838869198774273/MHGEaRjv.jpeg","verified":false,"profile_location":null,"profile_image_url_https":"https://pbs.twimg.com/profile_images/576464289734742017/LE34h0pX_normal.jpeg","profile_sidebar_fill_color":"000000","entities":{"url":{"urls":[{"url":"http://t.co/vJDhIwD4E6","indices":[0,22],"expanded_url":"http://mixtapemasterjipc.wordpress.com/","display_url":"mixtapemasterjipc.wordpress.com"}]},"description":{"urls":[]}},"followers_count":157,"profile_sidebar_border_color":"000000","id_str":"2168956690","profile_background_color":"000000","listed_count":0,"is_translation_enabled":false,"utc_offset":null,"statuses_count":4352,"description":"Witch with 3 black cats. Bold but nice, caregiving, mac & cheese eating blogger","friends_count":279,"location":"Cleveland, Oh","profile_link_color":"4B4848","profile_image_url":"http://pbs.twimg.com/profile_images/576464289734742017/LE34h0pX_normal.jpeg","following":false,"geo_enabled":true,"profile_banner_url":"https://pbs.twimg.com/profile_banners/2168956690/1418489573","profile_background_image_url":"http://pbs.twimg.com/profile_background_images/518838869198774273/MHGEaRjv.jpeg","name":"JipJax","lang":"en","profile_background_tile":false,"favourites_count":3209,"screen_name":"jipsiharris","notifications":false,"url":"http://t.co/vJDhIwD4E6","created_at":"Tue Nov 05 03:26:28 +0000 2013","contributors_enabled":false,"time_zone":null,"protected":false,"default_profile":false,"is_translator":false},"geo":null,"in_reply_to_user_id_str":"48956231","lang":"in","created_at":"Sun Dec 14 23:57:41 +0000 2014","in_reply_to_status_id_str":"544279103864860674","place":null},
{"contributors":null,"truncated":false,"text":"“@zaidbenjamin Strange flag in #Sydney, not the one affiliated with #ISIS. http://t.co/xGvPvy4iDr” regardless of flag just hope it ends well","in_reply_to_status_id":544279103864860674,"id":544280724962963456,"favorite_count":0,"source":"<a href=\"http://twitter.com/#!/download/ipad\" rel=\"nofollow\">Twitter for iPad</a>","retweeted":false,"coordinates":null,"entities":{"symbols":[],"user_mentions":[{"id":48956231,"indices":[1,14],"id_str":"48956231","screen_name":"zaidbenjamin","name":"Zaid Benjamin"}],"hashtags":[{"indices":[31,38],"text":"Sydney"},{"indices":[68,73],"text":"ISIS"}],"urls":[],"media":[{"source_user_id":48956231,"source_status_id_str":"544279103864860674","expanded_url":"http://twitter.com/zaidbenjamin/status/544279103864860674/photo/1","display_url":"pic.twitter.com/xGvPvy4iDr","url":"http://t.co/xGvPvy4iDr","media_url_https":"https://pbs.twimg.com/media/B42q9UBIcAEKUcF.jpg","source_user_id_str":"48956231","source_status_id":544279103864860674,"id_str":"544279100303896577","sizes":{"large":{"h":450,"resize":"fit","w":600},"small":{"h":255,"resize":"fit","w":340},"medium":{"h":450,"resize":"fit","w":600},"thumb":{"h":150,"resize":"crop","w":150}},"indices":[75,97],"type":"photo","id":544279100303896577,"media_url":"http://pbs.twimg.com/media/B42q9UBIcAEKUcF.jpg"}]},"in_reply_to_screen_name":"zaidbenjamin","id_str":"544280724962963456","retweet_count":0,"in_reply_to_user_id":48956231,"favorited":false,"user":{"follow_request_sent":false,"profile_use_background_image":true,"profile_text_color":"381A32","default_profile_image":false,"id":16072089,"profile_background_image_url_https":"https://pbs.twimg.com/profile_background_images/157932616/Paper8.jpg","verified":false,"profile_location":null,"profile_image_url_https":"https://pbs.twimg.com/profile_images/495082302616379392/oP0ekwzf_normal.jpeg","profile_sidebar_fill_color":"FF0576","entities":{"description":{"urls":[]}},"followers_count":2841,"profile_sidebar_border_color":"704344","id_str":"16072089","profile_background_color":"FFCCED","listed_count":120,"is_translation_enabled":false,"utc_offset":-28800,"statuses_count":39276,"description":"Reporter @NBC affiliate @KMIRNews, Traditional & Unconventional Newsie in English et un peu de français y en español @OyeKitty","friends_count":3124,"location":"Southern California","profile_link_color":"FF0374","profile_image_url":"http://pbs.twimg.com/profile_images/495082302616379392/oP0ekwzf_normal.jpeg","following":false,"geo_enabled":false,"profile_banner_url":"https://pbs.twimg.com/profile_banners/16072089/1355466176","profile_background_image_url":"http://pbs.twimg.com/profile_background_images/157932616/Paper8.jpg","name":"Kitty Alvarado","lang":"en","profile_background_tile":true,"favourites_count":6377,"screen_name":"HeyKitty","notifications":false,"url":null,"created_at":"Sun Aug 31 22:53:19 +0000 2008","contributors_enabled":false,"time_zone":"Pacific Time (US & Canada)","protected":false,"default_profile":false,"is_translator":false},"geo":null,"in_reply_to_user_id_str":"48956231","possibly_sensitive":false,"lang":"en","created_at":"Mon Dec 15 00:00:11 +0000 2014","in_reply_to_status_id_str":"544279103864860674","place":null,"extended_entities":{"media":[{"source_user_id":48956231,"source_status_id_str":"544279103864860674","expanded_url":"http://twitter.com/zaidbenjamin/status/544279103864860674/photo/1","display_url":"pic.twitter.com/xGvPvy4iDr","url":"http://t.co/xGvPvy4iDr","media_url_https":"https://pbs.twimg.com/media/B42q9UBIcAEKUcF.jpg","source_user_id_str":"48956231","source_status_id":544279103864860674,"id_str":"544279100303896577","sizes":{"large":{"h":450,"resize":"fit","w":600},"small":{"h":255,"resize":"fit","w":340},"medium":{"h":450,"resize":"fit","w":600},"thumb":{"h":150,"resize":"crop","w":150}},"indices":[75,97],"type":"photo","id":544279100303896577,"media_url":"http://pbs.twimg.com/media/B42q9UBIcAEKUcF.jpg"},{"source_user_id":48956231,"source_status_id_str":"544279103864860674","expanded_url":"http://twitter.com/zaidbenjamin/status/544279103864860674/photo/1","display_url":"pic.twitter.com/xGvPvy4iDr","url":"http://t.co/xGvPvy4iDr","media_url_https":"https://pbs.twimg.com/media/B42q9W_IEAEVaaW.jpg","source_user_id_str":"48956231","source_status_id":544279103864860674,"id_str":"544279101100789761","sizes":{"small":{"h":191,"resize":"fit","w":340},"large":{"h":576,"resize":"fit","w":1024},"medium":{"h":337,"resize":"fit","w":600},"thumb":{"h":150,"resize":"crop","w":150}},"indices":[75,97],"type":"photo","id":544279101100789761,"media_url":"http://pbs.twimg.com/media/B42q9W_IEAEVaaW.jpg"}]}},
{"contributors":null,"truncated":false,"text":"@zaidbenjamin does it really make a difference, I did not think the ISIS flag were commercially available.","in_reply_to_status_id":544279103864860674,"id":544281326589706241,"favorite_count":0,"source":"<a href=\"http://www.twitter.com\" rel=\"nofollow\">Twitter for Windows Phone</a>","retweeted":false,"coordinates":null,"entities":{"symbols":[],"user_mentions":[{"id":48956231,"indices":[0,13],"id_str":"48956231","screen_name":"zaidbenjamin","name":"Zaid Benjamin"}],"hashtags":[],"urls":[]},"in_reply_to_screen_name":"zaidbenjamin","id_str":"544281326589706241","retweet_count":0,"in_reply_to_user_id":48956231,"favorited":false,"user":{"follow_request_sent":false,"profile_use_background_image":true,"profile_text_color":"3D1957","default_profile_image":false,"id":1271553738,"profile_background_image_url_https":"https://pbs.twimg.com/profile_background_images/378800000008864347/84d9038adbdd5d028cf505f8801082ef.jpeg","verified":false,"profile_location":null,"profile_image_url_https":"https://pbs.twimg.com/profile_images/582371069442408448/0VmZjt3G_normal.jpg","profile_sidebar_fill_color":"7AC3EE","entities":{"description":{"urls":[]}},"followers_count":87,"profile_sidebar_border_color":"FFFFFF","id_str":"1271553738","profile_background_color":"0099B9","listed_count":2,"is_translation_enabled":false,"utc_offset":-25200,"statuses_count":1790,"description":"A father and husband who puts family first.  RT is not an endorsement and any opinion is mine alone.","friends_count":315,"location":"","profile_link_color":"0099B9","profile_image_url":"http://pbs.twimg.com/profile_images/582371069442408448/0VmZjt3G_normal.jpg","following":false,"geo_enabled":false,"profile_background_image_url":"http://pbs.twimg.com/profile_background_images/378800000008864347/84d9038adbdd5d028cf505f8801082ef.jpeg","name":"Ramez ","lang":"en","profile_background_tile":false,"favourites_count":592,"screen_name":"Ramez_84","notifications":false,"url":null,"created_at":"Sat Mar 16 06:19:30 +0000 2013","contributors_enabled":false,"time_zone":"Arizona","protected":false,"default_profile":false,"is_translator":false},"geo":null,"in_reply_to_user_id_str":"48956231","lang":"en","created_at":"Mon Dec 15 00:02:35 +0000 2014","in_reply_to_status_id_str":"544279103864860674","place":null},
{"contributors":null,"truncated":false,"text":"@zaidbenjamin وجوه جديده ؟؟","in_reply_to_status_id":544279103864860674,"id":544281450733133824,"favorite_count":0,"source":"<a href=\"http://twitter.com/download/iphone\" rel=\"nofollow\">Twitter for iPhone</a>","retweeted":false,"coordinates":null,"entities":{"symbols":[],"user_mentions":[{"id":48956231,"indices":[0,13],"id_str":"48956231","screen_name":"zaidbenjamin","name":"Zaid Benjamin"}],"hashtags":[],"urls":[]},"in_reply_to_screen_name":"zaidbenjamin","id_str":"544281450733133824","retweet_count":0,"in_reply_to_user_id":48956231,"favorited":false,"user":{"follow_request_sent":false,"profile_use_background_image":false,"profile_text_color":"666666","default_profile_image":false,"id":248006420,"profile_background_image_url_https":"https://pbs.twimg.com/profile_background_images/564834902/558746_433593929984667_338567966153931_1666038_778658108_n.jpg","verified":false,"profile_location":null,"profile_image_url_https":"https://pbs.twimg.com/profile_images/585408549896982528/p28HarnV_normal.jpg","profile_sidebar_fill_color":"252429","entities":{"description":{"urls":[]}},"followers_count":273,"profile_sidebar_border_color":"FFFFFF","id_str":"248006420","profile_background_color":"1A1B1F","listed_count":1,"is_translation_enabled":false,"utc_offset":7200,"statuses_count":11076,"description":"هنا القاهره","friends_count":516,"location":"Egypt","profile_link_color":"2FC2EF","profile_image_url":"http://pbs.twimg.com/profile_images/585408549896982528/p28HarnV_normal.jpg","following":false,"geo_enabled":false,"profile_banner_url":"https://pbs.twimg.com/profile_banners/248006420/1385040171","profile_background_image_url":"http://pbs.twimg.com/profile_background_images/564834902/558746_433593929984667_338567966153931_1666038_778658108_n.jpg","name":"شيخ الحارة","lang":"en","profile_background_tile":false,"favourites_count":3942,"screen_name":"ShiekhL7ara","notifications":false,"url":null,"created_at":"Sun Feb 06 01:54:33 +0000 2011","contributors_enabled":false,"time_zone":"Cairo","protected":false,"default_profile":false,"is_translator":false},"geo":null,"in_reply_to_user_id_str":"48956231","lang":"ar","created_at":"Mon Dec 15 00:03:04 +0000 2014","in_reply_to_status_id_str":"544279103864860674","place":null},
{"contributors":null,"truncated":false,"text":"@zaidbenjamin it's the shahada flag, profession of  islamic faith","in_reply_to_status_id":544279103864860674,"id":544281477157253120,"favorite_count":0,"source":"<a href=\"http://twitter.com/download/iphone\" rel=\"nofollow\">Twitter for iPhone</a>","retweeted":false,"coordinates":null,"entities":{"symbols":[],"user_mentions":[{"id":48956231,"indices":[0,13],"id_str":"48956231","screen_name":"zaidbenjamin","name":"Zaid Benjamin"}],"hashtags":[],"urls":[]},"in_reply_to_screen_name":"zaidbenjamin","id_str":"544281477157253120","retweet_count":0,"in_reply_to_user_id":48956231,"favorited":false,"user":{"follow_request_sent":false,"profile_use_background_image":true,"profile_text_color":"333333","default_profile_image":false,"id":2541580063,"profile_background_image_url_https":"https://abs.twimg.com/images/themes/theme1/bg.png","verified":false,"profile_location":null,"profile_image_url_https":"https://pbs.twimg.com/profile_images/587514096838389760/31Yk4dTf_normal.jpg","profile_sidebar_fill_color":"DDEEF6","entities":{"description":{"urls":[]}},"followers_count":98,"profile_sidebar_border_color":"C0DEED","id_str":"2541580063","profile_background_color":"C0DEED","listed_count":1,"is_translation_enabled":false,"utc_offset":null,"statuses_count":672,"description":"","friends_count":209,"location":"","profile_link_color":"6200B3","profile_image_url":"http://pbs.twimg.com/profile_images/587514096838389760/31Yk4dTf_normal.jpg","following":false,"geo_enabled":false,"profile_banner_url":"https://pbs.twimg.com/profile_banners/2541580063/1401954491","profile_background_image_url":"http://abs.twimg.com/images/themes/theme1/bg.png","name":"Slurp","lang":"fr","profile_background_tile":false,"favourites_count":279,"screen_name":"BityNysout","notifications":false,"url":null,"created_at":"Mon Jun 02 14:04:28 +0000 2014","contributors_enabled":false,"time_zone":null,"protected":false,"default_profile":false,"is_translator":false},"geo":null,"in_reply_to_user_id_str":"48956231","lang":"en","created_at":"Mon Dec 15 00:03:11 +0000 2014","in_reply_to_status_id_str":"544279103864860674","place":null},
{"contributors":null,"truncated":false,"text":"@zaidbenjamin Copycat #ISIS hostage takers perhaps?","in_reply_to_status_id":544279103864860674,"id":544281751321714688,"favorite_count":0,"source":"<a href=\"http://www.twitter.com\" rel=\"nofollow\">Twitter for Windows Phone</a>","retweeted":false,"coordinates":null,"entities":{"symbols":[],"user_mentions":[{"id":48956231,"indices":[0,13],"id_str":"48956231","screen_name":"zaidbenjamin","name":"Zaid Benjamin"}],"hashtags":[{"indices":[22,27],"text":"ISIS"}],"urls":[]},"in_reply_to_screen_name":"zaidbenjamin","id_str":"544281751321714688","retweet_count":0,"in_reply_to_user_id":48956231,"favorited":false,"user":{"follow_request_sent":false,"profile_use_background_image":true,"profile_text_color":"333333","default_profile_image":false,"id":39029722,"profile_background_image_url_https":"https://abs.twimg.com/images/themes/theme13/bg.gif","verified":false,"profile_location":null,"profile_image_url_https":"https://pbs.twimg.com/profile_images/514593163621564416/IPF4bEIB_normal.jpeg","profile_sidebar_fill_color":"EFEFEF","entities":{"description":{"urls":[]}},"followers_count":494,"profile_sidebar_border_color":"FFFFFF","id_str":"39029722","profile_background_color":"B2C3DE","listed_count":12,"is_translation_enabled":false,"utc_offset":28800,"statuses_count":31702,"description":"A half breath away from my #gamedev and #UX fix. Now where's that Bodum press again? My caffeine fix just got co-opted by #Lumia720 and #asha 311. My Hummer N8.","friends_count":1997,"location":"Makati CBD 1226","profile_link_color":"58A644","profile_image_url":"http://pbs.twimg.com/profile_images/514593163621564416/IPF4bEIB_normal.jpeg","following":false,"geo_enabled":false,"profile_banner_url":"https://pbs.twimg.com/profile_banners/39029722/1409931777","profile_background_image_url":"http://abs.twimg.com/images/themes/theme13/bg.gif","name":"Jessie Torres","lang":"en","profile_background_tile":false,"favourites_count":3716,"screen_name":"molavefinds","notifications":false,"url":null,"created_at":"Sun May 10 10:49:07 +0000 2009","contributors_enabled":false,"time_zone":"Hong Kong","protected":false,"default_profile":false,"is_translator":false},"geo":null,"in_reply_to_user_id_str":"48956231","lang":"en","created_at":"Mon Dec 15 00:04:16 +0000 2014","in_reply_to_status_id_str":"544279103864860674","place":null},
{"contributors":null,"truncated":false,"text":"@zaidbenjamin @waelelmoghany   It is  a logo on the window , reflected on the flag http://t.co/Z7rkCl1qcx","in_reply_to_status_id":544279103864860674,"id":544281789679042561,"favorite_count":0,"source":"<a href=\"http://twitter.com/download/iphone\" rel=\"nofollow\">Twitter for iPhone</a>","retweeted":false,"coordinates":null,"entities":{"symbols":[],"user_mentions":[{"id":48956231,"indices":[0,13],"id_str":"48956231","screen_name":"zaidbenjamin","name":"Zaid Benjamin"},{"id":246904991,"indices":[14,28],"id_str":"246904991","screen_name":"waelelmoghany","name":"ابو الكومندا السوشى "}],"hashtags":[],"urls":[],"media":[{"expanded_url":"http://twitter.com/tut2009/status/544281789679042561/photo/1","display_url":"pic.twitter.com/Z7rkCl1qcx","url":"http://t.co/Z7rkCl1qcx","media_url_https":"https://pbs.twimg.com/media/B42tZlRCYAEVO7m.jpg","id_str":"544281784993603585","sizes":{"large":{"h":1024,"resize":"fit","w":577},"small":{"h":603,"resize":"fit","w":340},"medium":{"h":1024,"resize":"fit","w":577},"thumb":{"h":150,"resize":"crop","w":150}},"indices":[83,105],"type":"photo","id":544281784993603585,"media_url":"http://pbs.twimg.com/media/B42tZlRCYAEVO7m.jpg"}]},"in_reply_to_screen_name":"zaidbenjamin","id_str":"544281789679042561","retweet_count":1,"in_reply_to_user_id":48956231,"favorited":false,"user":{"follow_request_sent":false,"profile_use_background_image":true,"profile_text_color":"666666","default_profile_image":false,"id":65753323,"profile_background_image_url_https":"https://pbs.twimg.com/profile_background_images/334051455/019.JPG","verified":false,"profile_location":null,"profile_image_url_https":"https://pbs.twimg.com/profile_images/458218753621491712/I4yCzpUc_normal.jpeg","profile_sidebar_fill_color":"252429","entities":{"description":{"urls":[]}},"followers_count":661,"profile_sidebar_border_color":"181A1E","id_str":"65753323","profile_background_color":"1A1B1F","listed_count":10,"is_translation_enabled":false,"utc_offset":-18000,"statuses_count":95626,"description":"If Google can't find it, you're screwed.","friends_count":44,"location":"","profile_link_color":"91A7AD","profile_image_url":"http://pbs.twimg.com/profile_images/458218753621491712/I4yCzpUc_normal.jpeg","following":false,"geo_enabled":true,"profile_banner_url":"https://pbs.twimg.com/profile_banners/65753323/1417258738","profile_background_image_url":"http://pbs.twimg.com/profile_background_images/334051455/019.JPG","name":"TuT 007","lang":"en","profile_background_tile":true,"favourites_count":3719,"screen_name":"tut2009","notifications":false,"url":null,"created_at":"Fri Aug 14 22:27:20 +0000 2009","contributors_enabled":false,"time_zone":"Eastern Time (US & Canada)","protected":false,"default_profile":false,"is_translator":false},"geo":null,"in_reply_to_user_id_str":"48956231","possibly_sensitive":false,"lang":"en","created_at":"Mon Dec 15 00:04:25 +0000 2014","in_reply_to_status_id_str":"544279103864860674","place":null,"extended_entities":{"media":[{"expanded_url":"http://twitter.com/tut2009/status/544281789679042561/photo/1","display_url":"pic.twitter.com/Z7rkCl1qcx","url":"http://t.co/Z7rkCl1qcx","media_url_https":"https://pbs.twimg.com/media/B42tZlRCYAEVO7m.jpg","id_str":"544281784993603585","sizes":{"large":{"h":1024,"resize":"fit","w":577},"small":{"h":603,"resize":"fit","w":340},"medium":{"h":1024,"resize":"fit","w":577},"thumb":{"h":150,"resize":"crop","w":150}},"indices":[83,105],"type":"photo","id":544281784993603585,"media_url":"http://pbs.twimg.com/media/B42tZlRCYAEVO7m.jpg"}]}},
{"contributors":null,"truncated":false,"text":"@tut2009 @zaidbenjamin  هههههههه تصدق هو","in_reply_to_status_id":544281789679042561,"id":544282154713501697,"favorite_count":0,"source":"<a href=\"http://twitter.com\" rel=\"nofollow\">Twitter Web Client</a>","retweeted":false,"coordinates":null,"entities":{"symbols":[],"user_mentions":[{"id":65753323,"indices":[0,8],"id_str":"65753323","screen_name":"tut2009","name":"TuT 007"},{"id":48956231,"indices":[9,22],"id_str":"48956231","screen_name":"zaidbenjamin","name":"Zaid Benjamin"}],"hashtags":[],"urls":[]},"in_reply_to_screen_name":"tut2009","id_str":"544282154713501697","retweet_count":0,"in_reply_to_user_id":65753323,"favorited":false,"user":{"follow_request_sent":false,"profile_use_background_image":true,"profile_text_color":"333333","default_profile_image":false,"id":246904991,"profile_background_image_url_https":"https://abs.twimg.com/images/themes/theme14/bg.gif","verified":false,"profile_location":null,"profile_image_url_https":"https://pbs.twimg.com/profile_images/496218362343481344/VmOb6ctF_normal.jpeg","profile_sidebar_fill_color":"EFEFEF","entities":{"url":{"urls":[{"url":"http://t.co/MWpBp4vEmB","indices":[0,22],"expanded_url":"http://ask.fm/waelelmoghany","display_url":"ask.fm/waelelmoghany"}]},"description":{"urls":[]}},"followers_count":2662,"profile_sidebar_border_color":"FFFFFF","id_str":"246904991","profile_background_color":"131516","listed_count":37,"is_translation_enabled":false,"utc_offset":null,"statuses_count":160028,"description":"العلمانية هى الحل ... بتكلم جد احيانا","friends_count":514,"location":"Alexandria , Egypt","profile_link_color":"001C99","profile_image_url":"http://pbs.twimg.com/profile_images/496218362343481344/VmOb6ctF_normal.jpeg","following":false,"geo_enabled":false,"profile_banner_url":"https://pbs.twimg.com/profile_banners/246904991/1369183141","profile_background_image_url":"http://abs.twimg.com/images/themes/theme14/bg.gif","name":"ابو الكومندا السوشى ","lang":"en","profile_background_tile":true,"favourites_count":853,"screen_name":"waelelmoghany","notifications":false,"url":"http://t.co/MWpBp4vEmB","created_at":"Thu Feb 03 18:11:13 +0000 2011","contributors_enabled":false,"time_zone":null,"protected":false,"default_profile":false,"is_translator":false},"geo":null,"in_reply_to_user_id_str":"65753323","lang":"ar","created_at":"Mon Dec 15 00:05:52 +0000 2014","in_reply_to_status_id_str":"544281789679042561","place":null},
{"contributors":null,"truncated":false,"text":"@zaidbenjamin @BlogsofWar The Shadada, isn't inherently Islamist but is commonly found on flags used by various Islamist militant groups.","in_reply_to_status_id":544279103864860674,"id":544282691148206081,"favorite_count":0,"source":"<a href=\"https://about.twitter.com/products/tweetdeck\" rel=\"nofollow\">TweetDeck</a>","retweeted":false,"coordinates":null,"entities":{"symbols":[],"user_mentions":[{"id":48956231,"indices":[0,13],"id_str":"48956231","screen_name":"zaidbenjamin","name":"Zaid Benjamin"},{"id":14401607,"indices":[14,25],"id_str":"14401607","screen_name":"BlogsofWar","name":"Blogs of War"}],"hashtags":[],"urls":[]},"in_reply_to_screen_name":"zaidbenjamin","id_str":"544282691148206081","retweet_count":0,"in_reply_to_user_id":48956231,"favorited":false,"user":{"follow_request_sent":false,"profile_use_background_image":true,"profile_text_color":"333333","default_profile_image":false,"id":35094059,"profile_background_image_url_https":"https://abs.twimg.com/images/themes/theme1/bg.png","verified":false,"profile_location":null,"profile_image_url_https":"https://pbs.twimg.com/profile_images/2736483968/73a44c0f3576c8a358f2f256ea6abfaf_normal.jpeg","profile_sidebar_fill_color":"DDEEF6","entities":{"description":{"urls":[]}},"followers_count":75,"profile_sidebar_border_color":"C0DEED","id_str":"35094059","profile_background_color":"C0DEED","listed_count":3,"is_translation_enabled":false,"utc_offset":0,"statuses_count":632,"description":"","friends_count":769,"location":"","profile_link_color":"0084B4","profile_image_url":"http://pbs.twimg.com/profile_images/2736483968/73a44c0f3576c8a358f2f256ea6abfaf_normal.jpeg","following":false,"geo_enabled":false,"profile_background_image_url":"http://abs.twimg.com/images/themes/theme1/bg.png","name":"Dan Henry","lang":"en","profile_background_tile":false,"favourites_count":16,"screen_name":"flyinggibbon","notifications":false,"url":null,"created_at":"Sat Apr 25 00:43:55 +0000 2009","contributors_enabled":false,"time_zone":"London","protected":false,"default_profile":true,"is_translator":false},"geo":null,"in_reply_to_user_id_str":"48956231","lang":"en","created_at":"Mon Dec 15 00:08:00 +0000 2014","in_reply_to_status_id_str":"544279103864860674","place":null},
{"contributors":null,"truncated":false,"text":"@waelelmoghany @zaidbenjamin   عايزين يسرقو امجاد الدوله الاسلاميه :)))  ويقولك علم تاني ،،،بيشتتونا :))","in_reply_to_status_id":544282154713501697,"id":544282955678744577,"favorite_count":0,"source":"<a href=\"http://twitter.com/download/iphone\" rel=\"nofollow\">Twitter for iPhone</a>","retweeted":false,"coordinates":null,"entities":{"symbols":[],"user_mentions":[{"id":246904991,"indices":[0,14],"id_str":"246904991","screen_name":"waelelmoghany","name":"ابو الكومندا السوشى "},{"id":48956231,"indices":[15,28],"id_str":"48956231","screen_name":"zaidbenjamin","name":"Zaid Benjamin"}],"hashtags":[],"urls":[]},"in_reply_to_screen_name":"waelelmoghany","id_str":"544282955678744577","retweet_count":0,"in_reply_to_user_id":246904991,"favorited":false,"user":{"follow_request_sent":false,"profile_use_background_image":true,"profile_text_color":"666666","default_profile_image":false,"id":65753323,"profile_background_image_url_https":"https://pbs.twimg.com/profile_background_images/334051455/019.JPG","verified":false,"profile_location":null,"profile_image_url_https":"https://pbs.twimg.com/profile_images/458218753621491712/I4yCzpUc_normal.jpeg","profile_sidebar_fill_color":"252429","entities":{"description":{"urls":[]}},"followers_count":661,"profile_sidebar_border_color":"181A1E","id_str":"65753323","profile_background_color":"1A1B1F","listed_count":10,"is_translation_enabled":false,"utc_offset":-18000,"statuses_count":95626,"description":"If Google can't find it, you're screwed.","friends_count":44,"location":"","profile_link_color":"91A7AD","profile_image_url":"http://pbs.twimg.com/profile_images/458218753621491712/I4yCzpUc_normal.jpeg","following":false,"geo_enabled":true,"profile_banner_url":"https://pbs.twimg.com/profile_banners/65753323/1417258738","profile_background_image_url":"http://pbs.twimg.com/profile_background_images/334051455/019.JPG","name":"TuT 007","lang":"en","profile_background_tile":true,"favourites_count":3719,"screen_name":"tut2009","notifications":false,"url":null,"created_at":"Fri Aug 14 22:27:20 +0000 2009","contributors_enabled":false,"time_zone":"Eastern Time (US & Canada)","protected":false,"default_profile":false,"is_translator":false},"geo":null,"in_reply_to_user_id_str":"246904991","lang":"ar","created_at":"Mon Dec 15 00:09:03 +0000 2014","in_reply_to_status_id_str":"544282154713501697","place":null},
{"contributors":null,"truncated":false,"text":"@zaidbenjamin Shahada gives away that these are muslims declaring no god but allah and mo is his prophet.","in_reply_to_status_id":544279103864860674,"id":544283121039183872,"favorite_count":1,"source":"<a href=\"http://www.twitter.com\" rel=\"nofollow\">Twitter for BlackBerry</a>","retweeted":false,"coordinates":null,"entities":{"symbols":[],"user_mentions":[{"id":48956231,"indices":[0,13],"id_str":"48956231","screen_name":"zaidbenjamin","name":"Zaid Benjamin"}],"hashtags":[],"urls":[]},"in_reply_to_screen_name":"zaidbenjamin","id_str":"544283121039183872","retweet_count":0,"in_reply_to_user_id":48956231,"favorited":false,"user":{"follow_request_sent":false,"profile_use_background_image":true,"profile_text_color":"333333","default_profile_image":false,"id":2873267413,"profile_background_image_url_https":"https://abs.twimg.com/images/themes/theme1/bg.png","verified":false,"profile_location":null,"profile_image_url_https":"https://pbs.twimg.com/profile_images/543861702853287936/3kttBFi5_normal.jpeg","profile_sidebar_fill_color":"DDEEF6","entities":{"description":{"urls":[]}},"followers_count":25,"profile_sidebar_border_color":"C0DEED","id_str":"2873267413","profile_background_color":"C0DEED","listed_count":1,"is_translation_enabled":false,"utc_offset":-18000,"statuses_count":615,"description":"","friends_count":87,"location":"","profile_link_color":"0084B4","profile_image_url":"http://pbs.twimg.com/profile_images/543861702853287936/3kttBFi5_normal.jpeg","following":false,"geo_enabled":false,"profile_background_image_url":"http://abs.twimg.com/images/themes/theme1/bg.png","name":"Nazarene","lang":"en","profile_background_tile":false,"favourites_count":9,"screen_name":"ExitCalmly","notifications":false,"url":null,"created_at":"Thu Oct 23 12:17:36 +0000 2014","contributors_enabled":false,"time_zone":"Eastern Time (US & Canada)","protected":false,"default_profile":true,"is_translator":false},"geo":null,"in_reply_to_user_id_str":"48956231","lang":"en","created_at":"Mon Dec 15 00:09:43 +0000 2014","in_reply_to_status_id_str":"544279103864860674","place":null},
{"contributors":null,"truncated":false,"text":"@tut2009 @zaidbenjamin    هههههههههههه المؤامره ع الاسلام مسابتش حد فى حالو","in_reply_to_status_id":544282955678744577,"id":544283136314863616,"favorite_count":0,"source":"<a href=\"http://twitter.com\" rel=\"nofollow\">Twitter Web Client</a>","retweeted":false,"coordinates":null,"entities":{"symbols":[],"user_mentions":[{"id":65753323,"indices":[0,8],"id_str":"65753323","screen_name":"tut2009","name":"TuT 007"},{"id":48956231,"indices":[9,22],"id_str":"48956231","screen_name":"zaidbenjamin","name":"Zaid Benjamin"}],"hashtags":[],"urls":[]},"in_reply_to_screen_name":"tut2009","id_str":"544283136314863616","retweet_count":0,"in_reply_to_user_id":65753323,"favorited":false,"user":{"follow_request_sent":false,"profile_use_background_image":true,"profile_text_color":"333333","default_profile_image":false,"id":246904991,"profile_background_image_url_https":"https://abs.twimg.com/images/themes/theme14/bg.gif","verified":false,"profile_location":null,"profile_image_url_https":"https://pbs.twimg.com/profile_images/496218362343481344/VmOb6ctF_normal.jpeg","profile_sidebar_fill_color":"EFEFEF","entities":{"url":{"urls":[{"url":"http://t.co/MWpBp4vEmB","indices":[0,22],"expanded_url":"http://ask.fm/waelelmoghany","display_url":"ask.fm/waelelmoghany"}]},"description":{"urls":[]}},"followers_count":2667,"profile_sidebar_border_color":"FFFFFF","id_str":"246904991","profile_background_color":"131516","listed_count":37,"is_translation_enabled":false,"utc_offset":null,"statuses_count":160162,"description":"العلمانية هى الحل ... بتكلم جد احيانا","friends_count":514,"location":"Alexandria , Egypt","profile_link_color":"001C99","profile_image_url":"http://pbs.twimg.com/profile_images/496218362343481344/VmOb6ctF_normal.jpeg","following":false,"geo_enabled":false,"profile_banner_url":"https://pbs.twimg.com/profile_banners/246904991/1369183141","profile_background_image_url":"http://abs.twimg.com/images/themes/theme14/bg.gif","name":"ابو الكومندا السوشى ","lang":"en","profile_background_tile":true,"favourites_count":854,"screen_name":"waelelmoghany","notifications":false,"url":"http://t.co/MWpBp4vEmB","created_at":"Thu Feb 03 18:11:13 +0000 2011","contributors_enabled":false,"time_zone":null,"protected":false,"default_profile":false,"is_translator":false},"geo":null,"in_reply_to_user_id_str":"65753323","lang":"ar","created_at":"Mon Dec 15 00:09:46 +0000 2014","in_reply_to_status_id_str":"544282955678744577","place":null},
{"contributors":null,"truncated":false,"text":"@waelelmoghany @zaidbenjamin   هههههههه.  ايام سوده","in_reply_to_status_id":544283136314863616,"id":544283281425195008,"favorite_count":0,"source":"<a href=\"http://twitter.com/download/iphone\" rel=\"nofollow\">Twitter for iPhone</a>","retweeted":false,"coordinates":null,"entities":{"symbols":[],"user_mentions":[{"id":246904991,"indices":[0,14],"id_str":"246904991","screen_name":"waelelmoghany","name":"ابو الكومندا السوشى "},{"id":48956231,"indices":[15,28],"id_str":"48956231","screen_name":"zaidbenjamin","name":"Zaid Benjamin"}],"hashtags":[],"urls":[]},"in_reply_to_screen_name":"waelelmoghany","id_str":"544283281425195008","retweet_count":0,"in_reply_to_user_id":246904991,"favorited":false,"user":{"follow_request_sent":false,"profile_use_background_image":true,"profile_text_color":"666666","default_profile_image":false,"id":65753323,"profile_background_image_url_https":"https://pbs.twimg.com/profile_background_images/334051455/019.JPG","verified":false,"profile_location":null,"profile_image_url_https":"https://pbs.twimg.com/profile_images/458218753621491712/I4yCzpUc_normal.jpeg","profile_sidebar_fill_color":"252429","entities":{"description":{"urls":[]}},"followers_count":661,"profile_sidebar_border_color":"181A1E","id_str":"65753323","profile_background_color":"1A1B1F","listed_count":10,"is_translation_enabled":false,"utc_offset":-18000,"statuses_count":95650,"description":"If Google can't find it, you're screwed.","friends_count":44,"location":"","profile_link_color":"91A7AD","profile_image_url":"http://pbs.twimg.com/profile_images/458218753621491712/I4yCzpUc_normal.jpeg","following":false,"geo_enabled":true,"profile_banner_url":"https://pbs.twimg.com/profile_banners/65753323/1417258738","profile_background_image_url":"http://pbs.twimg.com/profile_background_images/334051455/019.JPG","name":"TuT 007","lang":"en","profile_background_tile":true,"favourites_count":3720,"screen_name":"tut2009","notifications":false,"url":null,"created_at":"Fri Aug 14 22:27:20 +0000 2009","contributors_enabled":false,"time_zone":"Eastern Time (US & Canada)","protected":false,"default_profile":false,"is_translator":false},"geo":null,"in_reply_to_user_id_str":"246904991","lang":"ar","created_at":"Mon Dec 15 00:10:21 +0000 2014","in_reply_to_status_id_str":"544283136314863616","place":null},
{"contributors":null,"truncated":false,"text":"@zaidbenjamin طيب محدش عرف عايزين ايه؟؟","in_reply_to_status_id":544281450733133824,"id":544294668796952576,"favorite_count":0,"source":"<a href=\"http://twitter.com/download/iphone\" rel=\"nofollow\">Twitter for iPhone</a>","retweeted":false,"coordinates":null,"entities":{"symbols":[],"user_mentions":[{"id":48956231,"indices":[0,13],"id_str":"48956231","screen_name":"zaidbenjamin","name":"Zaid Benjamin"}],"hashtags":[],"urls":[]},"in_reply_to_screen_name":"ShiekhL7ara","id_str":"544294668796952576","retweet_count":0,"in_reply_to_user_id":248006420,"favorited":false,"user":{"follow_request_sent":false,"profile_use_background_image":false,"profile_text_color":"666666","default_profile_image":false,"id":248006420,"profile_background_image_url_https":"https://pbs.twimg.com/profile_background_images/564834902/558746_433593929984667_338567966153931_1666038_778658108_n.jpg","verified":false,"profile_location":null,"profile_image_url_https":"https://pbs.twimg.com/profile_images/585408549896982528/p28HarnV_normal.jpg","profile_sidebar_fill_color":"252429","entities":{"description":{"urls":[]}},"followers_count":275,"profile_sidebar_border_color":"FFFFFF","id_str":"248006420","profile_background_color":"1A1B1F","listed_count":1,"is_translation_enabled":false,"utc_offset":7200,"statuses_count":11085,"description":"هنا القاهره","friends_count":516,"location":"Egypt","profile_link_color":"2FC2EF","profile_image_url":"http://pbs.twimg.com/profile_images/585408549896982528/p28HarnV_normal.jpg","following":false,"geo_enabled":false,"profile_banner_url":"https://pbs.twimg.com/profile_banners/248006420/1385040171","profile_background_image_url":"http://pbs.twimg.com/profile_background_images/564834902/558746_433593929984667_338567966153931_1666038_778658108_n.jpg","name":"شيخ الحارة","lang":"en","profile_background_tile":false,"favourites_count":3942,"screen_name":"ShiekhL7ara","notifications":false,"url":null,"created_at":"Sun Feb 06 01:54:33 +0000 2011","contributors_enabled":false,"time_zone":"Cairo","protected":false,"default_profile":false,"is_translator":false},"geo":null,"in_reply_to_user_id_str":"248006420","lang":"ar","created_at":"Mon Dec 15 00:55:36 +0000 2014","in_reply_to_status_id_str":"544281450733133824","place":null}
]