[{"contributors":null,"truncated":false,"text":"@NSWAmbulance @nswpolice Ambulance Chaplains praying for the safety of all those involved especially our Police and specialist operatives","in_reply_to_status_id":544293739221368832,"id":544294560969416704,"favorite_count":9,"source":"<a href=\"http://twitter.com/download/iphone\" rel=\"nofollow\">Twitter for iPhone</a>","retweeted":false,"coordinates":null,"entities":{"symbols":[],"user_mentions":[{"id":83687045,"indices":[0,13],"id_str":"83687045","screen_name":"NSWAmbulance","name":"NSW Ambulance"},{"id":23041630,"indices":[14,24],"id_str":"23041630","screen_name":"nswpolice","name":"NSW Police"}],"hashtags":[],"urls":[]},"in_reply_to_screen_name":"NSWAmbulance","id_str":"544294560969416704","retweet_count":9,"in_reply_to_user_id":83687045,"favorited":false,"user":{"follow_request_sent":false,"profile_use_background_image":true,"profile_text_color":"333333","default_profile_image":false,"id":996551924,"profile_background_image_url_https":"https://abs.twimg.com/images/themes/theme1/bg.png","verified":false,"profile_location":null,"profile_image_url_https":"https://pbs.twimg.com/profile_images/547504863811076097/d6kN_3-8_normal.jpeg","profile_sidebar_fill_color":"DDEEF6","entities":{"description":{"urls":[]}},"followers_count":36,"profile_sidebar_border_color":"C0DEED","id_str":"996551924","profile_background_color":"C0DEED","listed_count":1,"is_translation_enabled":false,"utc_offset":null,"statuses_count":40,"description":"Ambulance Senior Chaplain","friends_count":26,"location":"","profile_link_color":"0084B4","profile_image_url":"http://pbs.twimg.com/profile_images/547504863811076097/d6kN_3-8_normal.jpeg","following":false,"geo_enabled":false,"profile_background_image_url":"http://abs.twimg.com/images/themes/theme1/bg.png","name":"Paul McFarlane","lang":"en","profile_background_tile":false,"favourites_count":0,"screen_name":"SeniorChaplain","notifications":false,"url":null,"created_at":"Sat Dec 08 06:23:56 +0000 2012","contributors_enabled":false,"time_zone":null,"protected":false,"default_profile":true,"is_translator":false},"geo":null,"in_reply_to_user_id_str":"83687045","lang":"en","created_at":"Mon Dec 15 00:55:10 +0000 2014","in_reply_to_status_id_str":"544293739221368832","place":null},
{"contributors":null,"truncated":false,"text":"@NSWAmbulance @nswpolice well that's one thing guaranteed not to make a difference #MartinPlaceSiege","in_reply_to_status_id":544293739221368832,"id":544295200911138816,"favorite_count":1,"source":"<a href=\"http://twitter.com/download/iphone\" rel=\"nofollow\">Twitter for iPhone</a>","retweeted":false,"coordinates":null,"entities":{"symbols":[],"user_mentions":[{"id":83687045,"indices":[0,13],"id_str":"83687045","screen_name":"NSWAmbulance","name":"NSW Ambulance"},{"id":23041630,"indices":[14,24],"id_str":"23041630","screen_name":"nswpolice","name":"NSW Police"}],"hashtags":[{"indices":[83,100],"text":"MartinPlaceSiege"}],"urls":[]},"in_reply_to_screen_name":"NSWAmbulance","id_str":"544295200911138816","retweet_count":0,"in_reply_to_user_id":83687045,"favorited":false,"user":{"follow_request_sent":false,"profile_use_background_image":true,"profile_text_color":"3E4415","default_profile_image":false,"id":23030127,"profile_background_image_url_https":"https://abs.twimg.com/images/themes/theme1/bg.png","verified":false,"profile_location":null,"profile_image_url_https":"https://pbs.twimg.com/profile_images/378800000579372479/3d3a4643689d060a28bd649d162b3272_normal.jpeg","profile_sidebar_fill_color":"739235","entities":{"description":{"urls":[]}},"followers_count":92,"profile_sidebar_border_color":"829D5E","id_str":"23030127","profile_background_color":"4D2F2D","listed_count":1,"is_translation_enabled":false,"utc_offset":39600,"statuses_count":894,"description":"","friends_count":215,"location":"Western Sydney","profile_link_color":"67369B","profile_image_url":"http://pbs.twimg.com/profile_images/378800000579372479/3d3a4643689d060a28bd649d162b3272_normal.jpeg","following":false,"geo_enabled":true,"profile_banner_url":"https://pbs.twimg.com/profile_banners/23030127/1381483321","profile_background_image_url":"http://abs.twimg.com/images/themes/theme1/bg.png","name":"9edward","lang":"en","profile_background_tile":false,"favourites_count":172,"screen_name":"9edward","notifications":false,"url":null,"created_at":"Fri Mar 06 04:27:45 +0000 2009","contributors_enabled":false,"time_zone":"Sydney","protected":false,"default_profile":false,"is_translator":false},"geo":null,"in_reply_to_user_id_str":"83687045","lang":"en","created_at":"Mon Dec 15 00:57:43 +0000 2014","in_reply_to_status_id_str":"544293739221368832","place":null},
{"contributors":null,"truncated":false,"text":"@NSWAmbulance praying that all that is required by ambos is stand by.","in_reply_to_status_id":544293739221368832,"id":544313185772126208,"favorite_count":1,"source":"<a href=\"http://twitter.com/download/iphone\" rel=\"nofollow\">Twitter for iPhone</a>","retweeted":false,"coordinates":null,"entities":{"symbols":[],"user_mentions":[{"id":83687045,"indices":[0,13],"id_str":"83687045","screen_name":"NSWAmbulance","name":"NSW Ambulance"}],"hashtags":[],"urls":[]},"in_reply_to_screen_name":"NSWAmbulance","id_str":"544313185772126208","retweet_count":0,"in_reply_to_user_id":83687045,"favorited":false,"user":{"follow_request_sent":false,"profile_use_background_image":true,"profile_text_color":"333333","default_profile_image":false,"id":379069348,"profile_background_image_url_https":"https://abs.twimg.com/images/themes/theme1/bg.png","verified":false,"profile_location":null,"profile_image_url_https":"https://pbs.twimg.com/profile_images/494441820202360833/-A1IPRJL_normal.jpeg","profile_sidebar_fill_color":"DDEEF6","entities":{"description":{"urls":[]}},"followers_count":17,"profile_sidebar_border_color":"C0DEED","id_str":"379069348","profile_background_color":"C0DEED","listed_count":0,"is_translation_enabled":false,"utc_offset":null,"statuses_count":271,"description":"I'm a nurse, a mother and a wife. I love sugar.","friends_count":94,"location":"","profile_link_color":"0084B4","profile_image_url":"http://pbs.twimg.com/profile_images/494441820202360833/-A1IPRJL_normal.jpeg","following":false,"geo_enabled":false,"profile_banner_url":"https://pbs.twimg.com/profile_banners/379069348/1406722873","profile_background_image_url":"http://abs.twimg.com/images/themes/theme1/bg.png","name":"Amanda","lang":"en","profile_background_tile":false,"favourites_count":190,"screen_name":"mandajrobinson","notifications":false,"url":null,"created_at":"Sat Sep 24 09:32:40 +0000 2011","contributors_enabled":false,"time_zone":null,"protected":false,"default_profile":true,"is_translator":false},"geo":null,"in_reply_to_user_id_str":"83687045","lang":"en","created_at":"Mon Dec 15 02:09:10 +0000 2014","in_reply_to_status_id_str":"544293739221368832","place":null}
]