[{"contributors":null,"truncated":false,"text":"@australian It's not that meteorology is not being spent. Ladies and gentlemen, it's now my happy berry to more fully introduce Paul Kelly.","in_reply_to_status_id":544292146342531072,"id":544292266119282688,"favorite_count":0,"source":"<a href=\"http://mispy.me/\" rel=\"nofollow\">Zinzolin</a>","retweeted":false,"coordinates":null,"entities":{"symbols":[],"user_mentions":[{"id":9609632,"indices":[0,11],"id_str":"9609632","screen_name":"australian","name":"The Australian"}],"hashtags":[],"urls":[]},"in_reply_to_screen_name":"australian","id_str":"544292266119282688","retweet_count":0,"in_reply_to_user_id":9609632,"favorited":false,"user":{"follow_request_sent":false,"profile_use_background_image":true,"profile_text_color":"333333","default_profile_image":false,"id":1391675646,"profile_background_image_url_https":"https://pbs.twimg.com/profile_background_images/378800000056378950/5161973c9f215894ad761cb730473d70.jpeg","verified":false,"profile_location":null,"profile_image_url_https":"https://pbs.twimg.com/profile_images/378800000333840268/39bc177ea84aadf4ad9b4df367757c41_normal.png","profile_sidebar_fill_color":"DDEEF6","entities":{"description":{"urls":[]}},"followers_count":225,"profile_sidebar_border_color":"FFFFFF","id_str":"1391675646","profile_background_color":"959595","listed_count":8,"is_translation_enabled":false,"utc_offset":36000,"statuses_count":4063,"description":"Prime Minister of Twitter","friends_count":31,"location":"","profile_link_color":"0084B4","profile_image_url":"http://pbs.twimg.com/profile_images/378800000333840268/39bc177ea84aadf4ad9b4df367757c41_normal.png","following":false,"geo_enabled":false,"profile_background_image_url":"http://pbs.twimg.com/profile_background_images/378800000056378950/5161973c9f215894ad761cb730473d70.jpeg","name":"Tony A Bot","lang":"en","profile_background_tile":false,"favourites_count":0,"screen_name":"TonyAbotMHR","notifications":false,"url":null,"created_at":"Tue Apr 30 10:06:34 +0000 2013","contributors_enabled":false,"time_zone":"Brisbane","protected":false,"default_profile":false,"is_translator":false},"geo":null,"in_reply_to_user_id_str":"9609632","lang":"en","created_at":"Mon Dec 15 00:46:03 +0000 2014","in_reply_to_status_id_str":"544292146342531072","place":null},
{"contributors":null,"truncated":false,"text":".@australian BLUR THEIR FACES YOU DERPS.","in_reply_to_status_id":544292146342531072,"id":544292423300435968,"favorite_count":3,"source":"<a href=\"http://tapbots.com/tweetbot\" rel=\"nofollow\">Tweetbot for iΟS</a>","retweeted":false,"coordinates":null,"entities":{"symbols":[],"user_mentions":[{"id":9609632,"indices":[1,12],"id_str":"9609632","screen_name":"australian","name":"The Australian"}],"hashtags":[],"urls":[]},"in_reply_to_screen_name":"australian","id_str":"544292423300435968","retweet_count":0,"in_reply_to_user_id":9609632,"favorited":false,"user":{"follow_request_sent":false,"profile_use_background_image":true,"profile_text_color":"333333","default_profile_image":false,"id":17017548,"profile_background_image_url_https":"https://pbs.twimg.com/profile_background_images/584530775/sfla9fiup0bcu3mxkoug.jpeg","verified":false,"profile_location":null,"profile_image_url_https":"https://pbs.twimg.com/profile_images/549502022962012162/nRuGGqSJ_normal.jpeg","profile_sidebar_fill_color":"DDEEF6","entities":{"url":{"urls":[{"url":"http://t.co/jyUfP07Hwu","indices":[0,22],"expanded_url":"http://www.99problemsbutthisblogaint1.tumblr.com","display_url":"99problemsbutthisblogaint1.tumblr.com"}]},"description":{"urls":[]}},"followers_count":1902,"profile_sidebar_border_color":"FFFFFF","id_str":"17017548","profile_background_color":"C0DEED","listed_count":34,"is_translation_enabled":false,"utc_offset":37800,"statuses_count":59222,"description":"#365films2014. I don't get as much attention from 'Welcome to Sarajevo' groupies as you would think. (All thoughts are my own or whatever The AV Club tells me.)","friends_count":1988,"location":"Adelaide","profile_link_color":"0084B4","profile_image_url":"http://pbs.twimg.com/profile_images/549502022962012162/nRuGGqSJ_normal.jpeg","following":false,"geo_enabled":false,"profile_banner_url":"https://pbs.twimg.com/profile_banners/17017548/1407159968","profile_background_image_url":"http://pbs.twimg.com/profile_background_images/584530775/sfla9fiup0bcu3mxkoug.jpeg","name":"Turbo-Mikey","lang":"en","profile_background_tile":true,"favourites_count":1753,"screen_name":"Mikey_Nicholson","notifications":false,"url":"http://t.co/jyUfP07Hwu","created_at":"Tue Oct 28 08:06:46 +0000 2008","contributors_enabled":false,"time_zone":"Adelaide","protected":false,"default_profile":false,"is_translator":false},"geo":null,"in_reply_to_user_id_str":"9609632","lang":"en","created_at":"Mon Dec 15 00:46:40 +0000 2014","in_reply_to_status_id_str":"544292146342531072","place":null},
{"contributors":null,"truncated":false,"text":"@australian that gunman would speak to any idiot if thats the case","in_reply_to_status_id":544292146342531072,"id":544292497275375617,"favorite_count":0,"source":"<a href=\"http://twitter.com\" rel=\"nofollow\">Twitter Web Client</a>","retweeted":false,"coordinates":null,"entities":{"symbols":[],"user_mentions":[{"id":9609632,"indices":[0,11],"id_str":"9609632","screen_name":"australian","name":"The Australian"}],"hashtags":[],"urls":[]},"in_reply_to_screen_name":"australian","id_str":"544292497275375617","retweet_count":0,"in_reply_to_user_id":9609632,"favorited":false,"user":{"follow_request_sent":false,"profile_use_background_image":true,"profile_text_color":"333333","default_profile_image":false,"id":2341512036,"profile_background_image_url_https":"https://abs.twimg.com/images/themes/theme16/bg.gif","verified":false,"profile_location":null,"profile_image_url_https":"https://pbs.twimg.com/profile_images/433910808322400256/S3ILUQwl_normal.png","profile_sidebar_fill_color":"DDFFCC","entities":{"url":{"urls":[{"url":"http://t.co/sIuGLq4mWT","indices":[0,22],"expanded_url":"http://www.greatbloke.com.au","display_url":"greatbloke.com.au"}]},"description":{"urls":[]}},"followers_count":59,"profile_sidebar_border_color":"BDDCAD","id_str":"2341512036","profile_background_color":"9AE4E8","listed_count":0,"is_translation_enabled":false,"utc_offset":null,"statuses_count":999,"description":"Gud spela, gudda even at gramma, red hot lover, pin up boy for ita Buttrose","friends_count":214,"location":"Brisbane ,Australia","profile_link_color":"0084B4","profile_image_url":"http://pbs.twimg.com/profile_images/433910808322400256/S3ILUQwl_normal.png","following":false,"geo_enabled":true,"profile_banner_url":"https://pbs.twimg.com/profile_banners/2341512036/1398675364","profile_background_image_url":"http://abs.twimg.com/images/themes/theme16/bg.gif","name":"bodgie","lang":"en","profile_background_tile":false,"favourites_count":663,"screen_name":"brisbanebodgie","notifications":false,"url":"http://t.co/sIuGLq4mWT","created_at":"Thu Feb 13 06:38:27 +0000 2014","contributors_enabled":false,"time_zone":null,"protected":false,"default_profile":false,"is_translator":false},"geo":null,"in_reply_to_user_id_str":"9609632","lang":"en","created_at":"Mon Dec 15 00:46:58 +0000 2014","in_reply_to_status_id_str":"544292146342531072","place":null},
{"contributors":null,"truncated":false,"text":"@australian our PM does not negotiate w terrorists.cockraches which must be crushed unceremoniously","in_reply_to_status_id":544292146342531072,"id":544292551012794369,"favorite_count":1,"source":"<a href=\"http://twitter.com/download/iphone\" rel=\"nofollow\">Twitter for iPhone</a>","retweeted":false,"coordinates":null,"entities":{"symbols":[],"user_mentions":[{"id":9609632,"indices":[0,11],"id_str":"9609632","screen_name":"australian","name":"The Australian"}],"hashtags":[],"urls":[]},"in_reply_to_screen_name":"australian","id_str":"544292551012794369","retweet_count":0,"in_reply_to_user_id":9609632,"favorited":false,"user":{"follow_request_sent":false,"profile_use_background_image":true,"profile_text_color":"333333","default_profile_image":false,"id":1329199266,"profile_background_image_url_https":"https://abs.twimg.com/images/themes/theme1/bg.png","verified":false,"profile_location":null,"profile_image_url_https":"https://pbs.twimg.com/profile_images/472235974135513088/9lHAvHvP_normal.jpeg","profile_sidebar_fill_color":"DDEEF6","entities":{"description":{"urls":[]}},"followers_count":490,"profile_sidebar_border_color":"C0DEED","id_str":"1329199266","profile_background_color":"C0DEED","listed_count":9,"is_translation_enabled":false,"utc_offset":39600,"statuses_count":29294,"description":"Psychomum","friends_count":864,"location":"","profile_link_color":"0084B4","profile_image_url":"http://pbs.twimg.com/profile_images/472235974135513088/9lHAvHvP_normal.jpeg","following":false,"geo_enabled":false,"profile_banner_url":"https://pbs.twimg.com/profile_banners/1329199266/1418305566","profile_background_image_url":"http://abs.twimg.com/images/themes/theme1/bg.png","name":"psychomum","lang":"en","profile_background_tile":false,"favourites_count":2949,"screen_name":"AnitaTeguh","notifications":false,"url":null,"created_at":"Fri Apr 05 13:26:50 +0000 2013","contributors_enabled":false,"time_zone":"Sydney","protected":false,"default_profile":true,"is_translator":false},"geo":null,"in_reply_to_user_id_str":"9609632","lang":"en","created_at":"Mon Dec 15 00:47:11 +0000 2014","in_reply_to_status_id_str":"544292146342531072","place":null},
{"contributors":null,"truncated":false,"text":"@australian send Tony in with a m16 and few grenades will raise his popularity to stratospheric heights","in_reply_to_status_id":544292146342531072,"id":544298557520375808,"favorite_count":0,"source":"<a href=\"http://twitter.com\" rel=\"nofollow\">Twitter Web Client</a>","retweeted":false,"coordinates":null,"entities":{"symbols":[],"user_mentions":[{"id":9609632,"indices":[0,11],"id_str":"9609632","screen_name":"australian","name":"The Australian"}],"hashtags":[],"urls":[]},"in_reply_to_screen_name":"australian","id_str":"544298557520375808","retweet_count":0,"in_reply_to_user_id":9609632,"favorited":false,"user":{"follow_request_sent":false,"profile_use_background_image":true,"profile_text_color":"333333","default_profile_image":false,"id":2206466353,"profile_background_image_url_https":"https://abs.twimg.com/images/themes/theme1/bg.png","verified":false,"profile_location":null,"profile_image_url_https":"https://pbs.twimg.com/profile_images/429224043275771904/EcIVYiOy_normal.jpeg","profile_sidebar_fill_color":"DDEEF6","entities":{"url":{"urls":[{"url":"http://t.co/YUsp6UxLe9","indices":[0,22],"expanded_url":"http://www.lookripped.com","display_url":"lookripped.com"}]},"description":{"urls":[]}},"followers_count":49,"profile_sidebar_border_color":"C0DEED","id_str":"2206466353","profile_background_color":"C0DEED","listed_count":1,"is_translation_enabled":false,"utc_offset":39600,"statuses_count":4396,"description":"Love to stir the pot then walk away and watch it boil over","friends_count":118,"location":"","profile_link_color":"0084B4","profile_image_url":"http://pbs.twimg.com/profile_images/429224043275771904/EcIVYiOy_normal.jpeg","following":false,"geo_enabled":false,"profile_banner_url":"https://pbs.twimg.com/profile_banners/2206466353/1398401366","profile_background_image_url":"http://abs.twimg.com/images/themes/theme1/bg.png","name":"christopher woodley","lang":"en","profile_background_tile":false,"favourites_count":49,"screen_name":"mlfsnt1","notifications":false,"url":"http://t.co/YUsp6UxLe9","created_at":"Thu Nov 21 05:23:49 +0000 2013","contributors_enabled":false,"time_zone":"Sydney","protected":false,"default_profile":true,"is_translator":false},"geo":null,"in_reply_to_user_id_str":"9609632","lang":"en","created_at":"Mon Dec 15 01:11:03 +0000 2014","in_reply_to_status_id_str":"544292146342531072","place":null},
{"contributors":null,"truncated":false,"text":"“@australian: Reports the #SydneySiege gunman wants to speak to Tony Abbott. http://t.co/MnCicxGBgl http://t.co/R5bTneau22”#fightterror","in_reply_to_status_id":544292146342531072,"id":544302848155320321,"favorite_count":0,"source":"<a href=\"http://twitter.com/download/iphone\" rel=\"nofollow\">Twitter for iPhone</a>","retweeted":false,"coordinates":null,"entities":{"symbols":[],"user_mentions":[{"id":9609632,"indices":[1,12],"id_str":"9609632","screen_name":"australian","name":"The Australian"}],"hashtags":[{"indices":[26,38],"text":"SydneySiege"},{"indices":[123,135],"text":"fightterror"}],"urls":[{"url":"http://t.co/MnCicxGBgl","indices":[77,99],"expanded_url":"http://bit.ly/1wtbFZn","display_url":"bit.ly/1wtbFZn"}],"media":[{"source_user_id":9609632,"source_status_id_str":"544292146342531072","expanded_url":"http://twitter.com/australian/status/544292146342531072/photo/1","display_url":"pic.twitter.com/R5bTneau22","url":"http://t.co/R5bTneau22","media_url_https":"https://pbs.twimg.com/media/B4220sJIYAAjh2e.jpg","source_user_id_str":"9609632","source_status_id":544292146342531072,"id_str":"544292146300608512","sizes":{"small":{"h":191,"resize":"fit","w":340},"large":{"h":366,"resize":"fit","w":650},"medium":{"h":337,"resize":"fit","w":600},"thumb":{"h":150,"resize":"crop","w":150}},"indices":[100,122],"type":"photo","id":544292146300608512,"media_url":"http://pbs.twimg.com/media/B4220sJIYAAjh2e.jpg"}]},"in_reply_to_screen_name":"australian","id_str":"544302848155320321","retweet_count":1,"in_reply_to_user_id":9609632,"favorited":false,"user":{"follow_request_sent":false,"profile_use_background_image":true,"profile_text_color":"663B12","default_profile_image":false,"id":41486349,"profile_background_image_url_https":"https://abs.twimg.com/images/themes/theme2/bg.gif","verified":false,"profile_location":null,"profile_image_url_https":"https://pbs.twimg.com/profile_images/1745935231/bald-eagle_1_600x450_normal.jpg","profile_sidebar_fill_color":"DAECF4","entities":{"description":{"urls":[]}},"followers_count":57,"profile_sidebar_border_color":"C6E2EE","id_str":"41486349","profile_background_color":"C6E2EE","listed_count":0,"is_translation_enabled":false,"utc_offset":-18000,"statuses_count":2215,"description":"","friends_count":161,"location":"","profile_link_color":"1F98C7","profile_image_url":"http://pbs.twimg.com/profile_images/1745935231/bald-eagle_1_600x450_normal.jpg","following":false,"geo_enabled":true,"profile_background_image_url":"http://abs.twimg.com/images/themes/theme2/bg.gif","name":"PoseidonGuy","lang":"en","profile_background_tile":false,"favourites_count":50,"screen_name":"poseidonguy1","notifications":false,"url":null,"created_at":"Thu May 21 00:11:26 +0000 2009","contributors_enabled":false,"time_zone":"Eastern Time (US & Canada)","protected":false,"default_profile":false,"is_translator":false},"geo":null,"in_reply_to_user_id_str":"9609632","possibly_sensitive":false,"lang":"en","created_at":"Mon Dec 15 01:28:06 +0000 2014","in_reply_to_status_id_str":"544292146342531072","place":null,"extended_entities":{"media":[{"source_user_id":9609632,"source_status_id_str":"544292146342531072","expanded_url":"http://twitter.com/australian/status/544292146342531072/photo/1","display_url":"pic.twitter.com/R5bTneau22","url":"http://t.co/R5bTneau22","media_url_https":"https://pbs.twimg.com/media/B4220sJIYAAjh2e.jpg","source_user_id_str":"9609632","source_status_id":544292146342531072,"id_str":"544292146300608512","sizes":{"small":{"h":191,"resize":"fit","w":340},"large":{"h":366,"resize":"fit","w":650},"medium":{"h":337,"resize":"fit","w":600},"thumb":{"h":150,"resize":"crop","w":150}},"indices":[100,122],"type":"photo","id":544292146300608512,"media_url":"http://pbs.twimg.com/media/B4220sJIYAAjh2e.jpg"}]}},
{"contributors":null,"truncated":false,"text":"“@australian: Reports the #SydneySiege gunman wants to speak to Tony Abbott. http://t.co/CCUb8zP4yn http://t.co/q8H0R3yD8K”","in_reply_to_status_id":544292146342531072,"id":544307353508937728,"favorite_count":2,"source":"<a href=\"http://twitter.com/download/iphone\" rel=\"nofollow\">Twitter for iPhone</a>","retweeted":false,"coordinates":null,"entities":{"symbols":[],"user_mentions":[{"id":9609632,"indices":[1,12],"id_str":"9609632","screen_name":"australian","name":"The Australian"}],"hashtags":[{"indices":[26,38],"text":"SydneySiege"}],"urls":[{"url":"http://t.co/CCUb8zP4yn","indices":[77,99],"expanded_url":"http://bit.ly/1wtbFZn","display_url":"bit.ly/1wtbFZn"}],"media":[{"source_user_id":9609632,"source_status_id_str":"544292146342531072","expanded_url":"http://twitter.com/australian/status/544292146342531072/photo/1","display_url":"pic.twitter.com/q8H0R3yD8K","url":"http://t.co/q8H0R3yD8K","media_url_https":"https://pbs.twimg.com/media/B4220sJIYAAjh2e.jpg","source_user_id_str":"9609632","source_status_id":544292146342531072,"id_str":"544292146300608512","sizes":{"small":{"h":191,"resize":"fit","w":340},"large":{"h":366,"resize":"fit","w":650},"medium":{"h":337,"resize":"fit","w":600},"thumb":{"h":150,"resize":"crop","w":150}},"indices":[100,122],"type":"photo","id":544292146300608512,"media_url":"http://pbs.twimg.com/media/B4220sJIYAAjh2e.jpg"}]},"in_reply_to_screen_name":"australian","id_str":"544307353508937728","retweet_count":4,"in_reply_to_user_id":9609632,"favorited":false,"user":{"follow_request_sent":false,"profile_use_background_image":true,"profile_text_color":"333333","default_profile_image":false,"id":104299137,"profile_background_image_url_https":"https://abs.twimg.com/images/themes/theme1/bg.png","verified":false,"profile_location":null,"profile_image_url_https":"https://pbs.twimg.com/profile_images/1143298131/DDdeli3_normal.jpg","profile_sidebar_fill_color":"DDEEF6","entities":{"url":{"urls":[{"url":"http://t.co/ZF4XvrLFcs","indices":[0,22],"expanded_url":"http://www.washingtonexaminer.com","display_url":"washingtonexaminer.com"}]},"description":{"urls":[]}},"followers_count":19898,"profile_sidebar_border_color":"C0DEED","id_str":"104299137","profile_background_color":"C0DEED","listed_count":938,"is_translation_enabled":false,"utc_offset":-18000,"statuses_count":61581,"description":"@dcexaminer Senior Congressional Correspondent covering Capitol Hill, campaigns & national political trends.","friends_count":2270,"location":"Washington, D.C.","profile_link_color":"0084B4","profile_image_url":"http://pbs.twimg.com/profile_images/1143298131/DDdeli3_normal.jpg","following":false,"geo_enabled":false,"profile_banner_url":"https://pbs.twimg.com/profile_banners/104299137/1416021332","profile_background_image_url":"http://abs.twimg.com/images/themes/theme1/bg.png","name":"David M. Drucker","lang":"en","profile_background_tile":false,"favourites_count":26,"screen_name":"DavidMDrucker","notifications":false,"url":"http://t.co/ZF4XvrLFcs","created_at":"Tue Jan 12 22:56:50 +0000 2010","contributors_enabled":false,"time_zone":"Eastern Time (US & Canada)","protected":false,"default_profile":true,"is_translator":false},"geo":null,"in_reply_to_user_id_str":"9609632","possibly_sensitive":false,"lang":"en","created_at":"Mon Dec 15 01:46:00 +0000 2014","in_reply_to_status_id_str":"544292146342531072","place":null,"extended_entities":{"media":[{"source_user_id":9609632,"source_status_id_str":"544292146342531072","expanded_url":"http://twitter.com/australian/status/544292146342531072/photo/1","display_url":"pic.twitter.com/q8H0R3yD8K","url":"http://t.co/q8H0R3yD8K","media_url_https":"https://pbs.twimg.com/media/B4220sJIYAAjh2e.jpg","source_user_id_str":"9609632","source_status_id":544292146342531072,"id_str":"544292146300608512","sizes":{"small":{"h":191,"resize":"fit","w":340},"large":{"h":366,"resize":"fit","w":650},"medium":{"h":337,"resize":"fit","w":600},"thumb":{"h":150,"resize":"crop","w":150}},"indices":[100,122],"type":"photo","id":544292146300608512,"media_url":"http://pbs.twimg.com/media/B4220sJIYAAjh2e.jpg"}]}},
{"contributors":null,"truncated":false,"text":"@DavidMDrucker @ellisonbarber @australian  way to go Australia ! You took everyone's guns from them ! You missed one","in_reply_to_status_id":544307353508937728,"id":544308877505077249,"favorite_count":0,"source":"<a href=\"http://twitter.com/download/iphone\" rel=\"nofollow\">Twitter for iPhone</a>","retweeted":false,"coordinates":null,"entities":{"symbols":[],"user_mentions":[{"id":104299137,"indices":[0,14],"id_str":"104299137","screen_name":"DavidMDrucker","name":"David M. Drucker"},{"id":808840952,"indices":[15,29],"id_str":"808840952","screen_name":"ellisonbarber","name":"Ellison Barber"},{"id":9609632,"indices":[30,41],"id_str":"9609632","screen_name":"australian","name":"The Australian"}],"hashtags":[],"urls":[]},"in_reply_to_screen_name":"DavidMDrucker","id_str":"544308877505077249","retweet_count":0,"in_reply_to_user_id":104299137,"favorited":false,"user":{"follow_request_sent":false,"profile_use_background_image":true,"profile_text_color":"333333","default_profile_image":false,"id":1077891882,"profile_background_image_url_https":"https://abs.twimg.com/images/themes/theme1/bg.png","verified":false,"profile_location":null,"profile_image_url_https":"https://pbs.twimg.com/profile_images/378800000573970548/2a8d2df173b1a178840a31ed18a48f86_normal.jpeg","profile_sidebar_fill_color":"DDEEF6","entities":{"description":{"urls":[]}},"followers_count":18,"profile_sidebar_border_color":"C0DEED","id_str":"1077891882","profile_background_color":"C0DEED","listed_count":0,"is_translation_enabled":false,"utc_offset":null,"statuses_count":1186,"description":"Nra patron member , happily married , lover of christ our lord, proud father and grandfather. Patriot","friends_count":81,"location":"rescue_dvr@1791.com","profile_link_color":"0084B4","profile_image_url":"http://pbs.twimg.com/profile_images/378800000573970548/2a8d2df173b1a178840a31ed18a48f86_normal.jpeg","following":false,"geo_enabled":false,"profile_background_image_url":"http://abs.twimg.com/images/themes/theme1/bg.png","name":"MW","lang":"en","profile_background_tile":false,"favourites_count":12,"screen_name":"MwRescue","notifications":false,"url":null,"created_at":"Thu Jan 10 22:42:53 +0000 2013","contributors_enabled":false,"time_zone":null,"protected":false,"default_profile":true,"is_translator":false},"geo":null,"in_reply_to_user_id_str":"104299137","lang":"en","created_at":"Mon Dec 15 01:52:03 +0000 2014","in_reply_to_status_id_str":"544307353508937728","place":null}
]