[{"contributors":null,"truncated":false,"text":"@ramblesofpower @DebSpillane Only if you are equating Muslims with Islamists. Most people know the difference.","in_reply_to_status_id":544290967369428992,"id":544292373560193024,"favorite_count":1,"source":"<a href=\"http://twitter.com\" rel=\"nofollow\">Twitter Web Client</a>","retweeted":false,"coordinates":null,"entities":{"symbols":[],"user_mentions":[{"id":711348452,"indices":[0,15],"id_str":"711348452","screen_name":"ramblesofpower","name":"David Power"},{"id":160505539,"indices":[16,28],"id_str":"160505539","screen_name":"DebSpillane","name":"DebbieSpillane"}],"hashtags":[],"urls":[]},"in_reply_to_screen_name":"ramblesofpower","id_str":"544292373560193024","retweet_count":1,"in_reply_to_user_id":711348452,"favorited":false,"user":{"follow_request_sent":false,"profile_use_background_image":true,"profile_text_color":"333333","default_profile_image":false,"id":17984709,"profile_background_image_url_https":"https://pbs.twimg.com/profile_background_images/476972084422131712/MArdO6IM.jpeg","verified":false,"profile_location":null,"profile_image_url_https":"https://pbs.twimg.com/profile_images/2679181709/3db208bd1aad837880029708469886a7_normal.jpeg","profile_sidebar_fill_color":"EFEFEF","entities":{"description":{"urls":[]}},"followers_count":758,"profile_sidebar_border_color":"FFFFFF","id_str":"17984709","profile_background_color":"131516","listed_count":5,"is_translation_enabled":false,"utc_offset":-36000,"statuses_count":22306,"description":"","friends_count":1547,"location":"","profile_link_color":"192E96","profile_image_url":"http://pbs.twimg.com/profile_images/2679181709/3db208bd1aad837880029708469886a7_normal.jpeg","following":false,"geo_enabled":true,"profile_banner_url":"https://pbs.twimg.com/profile_banners/17984709/1355553096","profile_background_image_url":"http://pbs.twimg.com/profile_background_images/476972084422131712/MArdO6IM.jpeg","name":"Martydownunder","lang":"en","profile_background_tile":true,"favourites_count":266,"screen_name":"martydownunder","notifications":false,"url":null,"created_at":"Tue Dec 09 05:10:02 +0000 2008","contributors_enabled":false,"time_zone":"Hawaii","protected":false,"default_profile":false,"is_translator":false},"geo":null,"in_reply_to_user_id_str":"711348452","lang":"en","created_at":"Mon Dec 15 00:46:28 +0000 2014","in_reply_to_status_id_str":"544290967369428992","place":null},
{"contributors":null,"truncated":false,"text":"@ramblesofpower @DebSpillane Unfortunately this has made all people of Islamic faith a target.","in_reply_to_status_id":544290967369428992,"id":544292674920931328,"favorite_count":1,"source":"<a href=\"http://twitter.com\" rel=\"nofollow\">Twitter Web Client</a>","retweeted":false,"coordinates":null,"entities":{"symbols":[],"user_mentions":[{"id":711348452,"indices":[0,15],"id_str":"711348452","screen_name":"ramblesofpower","name":"David Power"},{"id":160505539,"indices":[16,28],"id_str":"160505539","screen_name":"DebSpillane","name":"DebbieSpillane"}],"hashtags":[],"urls":[]},"in_reply_to_screen_name":"ramblesofpower","id_str":"544292674920931328","retweet_count":1,"in_reply_to_user_id":711348452,"favorited":false,"user":{"follow_request_sent":false,"profile_use_background_image":true,"profile_text_color":"333333","default_profile_image":false,"id":36851792,"profile_background_image_url_https":"https://abs.twimg.com/images/themes/theme15/bg.png","verified":false,"profile_location":null,"profile_image_url_https":"https://pbs.twimg.com/profile_images/478064806407073792/kjF_vL3m_normal.jpeg","profile_sidebar_fill_color":"C0DFEC","entities":{"description":{"urls":[]}},"followers_count":30,"profile_sidebar_border_color":"A8C7F7","id_str":"36851792","profile_background_color":"022330","listed_count":0,"is_translation_enabled":false,"utc_offset":null,"statuses_count":230,"description":"","friends_count":209,"location":"","profile_link_color":"0084B4","profile_image_url":"http://pbs.twimg.com/profile_images/478064806407073792/kjF_vL3m_normal.jpeg","following":false,"geo_enabled":false,"profile_banner_url":"https://pbs.twimg.com/profile_banners/36851792/1402610413","profile_background_image_url":"http://abs.twimg.com/images/themes/theme15/bg.png","name":"Domenic Romeo","lang":"en","profile_background_tile":false,"favourites_count":2,"screen_name":"domeromeo","notifications":false,"url":null,"created_at":"Fri May 01 02:04:51 +0000 2009","contributors_enabled":false,"time_zone":null,"protected":false,"default_profile":false,"is_translator":false},"geo":null,"in_reply_to_user_id_str":"711348452","lang":"en","created_at":"Mon Dec 15 00:47:40 +0000 2014","in_reply_to_status_id_str":"544290967369428992","place":null},
{"contributors":null,"truncated":false,"text":"@ramblesofpower @DebSpillane If anyone is doing that to take advantage of the hostage situation then they deserve our condemnation","in_reply_to_status_id":544290967369428992,"id":544293247485370368,"favorite_count":1,"source":"<a href=\"http://twitter.com/download/iphone\" rel=\"nofollow\">Twitter for iPhone</a>","retweeted":false,"coordinates":null,"entities":{"symbols":[],"user_mentions":[{"id":711348452,"indices":[0,15],"id_str":"711348452","screen_name":"ramblesofpower","name":"David Power"},{"id":160505539,"indices":[16,28],"id_str":"160505539","screen_name":"DebSpillane","name":"DebbieSpillane"}],"hashtags":[],"urls":[]},"in_reply_to_screen_name":"ramblesofpower","id_str":"544293247485370368","retweet_count":0,"in_reply_to_user_id":711348452,"favorited":false,"user":{"follow_request_sent":false,"profile_use_background_image":true,"profile_text_color":"333333","default_profile_image":false,"id":467177530,"profile_background_image_url_https":"https://abs.twimg.com/images/themes/theme1/bg.png","verified":false,"profile_location":null,"profile_image_url_https":"https://pbs.twimg.com/profile_images/3368332109/d2566c12a303425f240e3164e138abb6_normal.jpeg","profile_sidebar_fill_color":"DDEEF6","entities":{"description":{"urls":[]}},"followers_count":3046,"profile_sidebar_border_color":"C0DEED","id_str":"467177530","profile_background_color":"C0DEED","listed_count":40,"is_translation_enabled":false,"utc_offset":null,"statuses_count":30561,"description":"Media man, with a love for sport and good stories","friends_count":498,"location":"Melbourne Victoria Australia","profile_link_color":"0084B4","profile_image_url":"http://pbs.twimg.com/profile_images/3368332109/d2566c12a303425f240e3164e138abb6_normal.jpeg","following":false,"geo_enabled":true,"profile_background_image_url":"http://abs.twimg.com/images/themes/theme1/bg.png","name":"George Donikian","lang":"en","profile_background_tile":false,"favourites_count":5642,"screen_name":"GeorgeDonikian","notifications":false,"url":null,"created_at":"Wed Jan 18 06:00:38 +0000 2012","contributors_enabled":false,"time_zone":null,"protected":false,"default_profile":true,"is_translator":false},"geo":null,"in_reply_to_user_id_str":"711348452","lang":"en","created_at":"Mon Dec 15 00:49:57 +0000 2014","in_reply_to_status_id_str":"544290967369428992","place":null},
{"contributors":null,"truncated":false,"text":"@ramblesofpower No, it justifies the warnings about the rise of radical Islamism in Australia.","in_reply_to_status_id":544290967369428992,"id":544293345904689152,"favorite_count":2,"source":"<a href=\"http://twitter.com\" rel=\"nofollow\">Twitter Web Client</a>","retweeted":false,"coordinates":null,"entities":{"symbols":[],"user_mentions":[{"id":711348452,"indices":[0,15],"id_str":"711348452","screen_name":"ramblesofpower","name":"David Power"}],"hashtags":[],"urls":[]},"in_reply_to_screen_name":"ramblesofpower","id_str":"544293345904689152","retweet_count":0,"in_reply_to_user_id":711348452,"favorited":false,"user":{"follow_request_sent":false,"profile_use_background_image":true,"profile_text_color":"333333","default_profile_image":false,"id":17984709,"profile_background_image_url_https":"https://pbs.twimg.com/profile_background_images/476972084422131712/MArdO6IM.jpeg","verified":false,"profile_location":null,"profile_image_url_https":"https://pbs.twimg.com/profile_images/2679181709/3db208bd1aad837880029708469886a7_normal.jpeg","profile_sidebar_fill_color":"EFEFEF","entities":{"description":{"urls":[]}},"followers_count":758,"profile_sidebar_border_color":"FFFFFF","id_str":"17984709","profile_background_color":"131516","listed_count":5,"is_translation_enabled":false,"utc_offset":-36000,"statuses_count":22306,"description":"","friends_count":1547,"location":"","profile_link_color":"192E96","profile_image_url":"http://pbs.twimg.com/profile_images/2679181709/3db208bd1aad837880029708469886a7_normal.jpeg","following":false,"geo_enabled":true,"profile_banner_url":"https://pbs.twimg.com/profile_banners/17984709/1355553096","profile_background_image_url":"http://pbs.twimg.com/profile_background_images/476972084422131712/MArdO6IM.jpeg","name":"Martydownunder","lang":"en","profile_background_tile":true,"favourites_count":266,"screen_name":"martydownunder","notifications":false,"url":null,"created_at":"Tue Dec 09 05:10:02 +0000 2008","contributors_enabled":false,"time_zone":"Hawaii","protected":false,"default_profile":false,"is_translator":false},"geo":null,"in_reply_to_user_id_str":"711348452","lang":"en","created_at":"Mon Dec 15 00:50:20 +0000 2014","in_reply_to_status_id_str":"544290967369428992","place":null},
{"contributors":null,"truncated":false,"text":"@ramblesofpower thank you sir","in_reply_to_status_id":544290967369428992,"id":544297127669559296,"favorite_count":0,"source":"<a href=\"http://twitter.com/download/android\" rel=\"nofollow\">Twitter for Android</a>","retweeted":false,"coordinates":null,"entities":{"symbols":[],"user_mentions":[{"id":711348452,"indices":[0,15],"id_str":"711348452","screen_name":"ramblesofpower","name":"David Power"}],"hashtags":[],"urls":[]},"in_reply_to_screen_name":"ramblesofpower","id_str":"544297127669559296","retweet_count":0,"in_reply_to_user_id":711348452,"favorited":false,"user":{"follow_request_sent":false,"profile_use_background_image":true,"profile_text_color":"333333","default_profile_image":false,"id":2218292204,"profile_background_image_url_https":"https://abs.twimg.com/images/themes/theme1/bg.png","verified":false,"profile_location":null,"profile_image_url_https":"https://pbs.twimg.com/profile_images/536613257121759233/NQU8e2jB_normal.jpeg","profile_sidebar_fill_color":"DDEEF6","entities":{"description":{"urls":[]}},"followers_count":40,"profile_sidebar_border_color":"C0DEED","id_str":"2218292204","profile_background_color":"C0DEED","listed_count":0,"is_translation_enabled":false,"utc_offset":-25200,"statuses_count":1150,"description":"Twitter is so overated","friends_count":162,"location":"","profile_link_color":"0084B4","profile_image_url":"http://pbs.twimg.com/profile_images/536613257121759233/NQU8e2jB_normal.jpeg","following":false,"geo_enabled":false,"profile_banner_url":"https://pbs.twimg.com/profile_banners/2218292204/1409791931","profile_background_image_url":"http://abs.twimg.com/images/themes/theme1/bg.png","name":"Usman","lang":"en","profile_background_tile":false,"favourites_count":1095,"screen_name":"UsmanRiz","notifications":false,"url":null,"created_at":"Wed Nov 27 19:05:18 +0000 2013","contributors_enabled":false,"time_zone":"Arizona","protected":false,"default_profile":true,"is_translator":false},"geo":null,"in_reply_to_user_id_str":"711348452","lang":"en","created_at":"Mon Dec 15 01:05:22 +0000 2014","in_reply_to_status_id_str":"544290967369428992","place":null},
{"contributors":null,"truncated":false,"text":"@ramblesofpower @DebSpillane see if you still believe that if they blow the cafe up mate","in_reply_to_status_id":544290967369428992,"id":544297708404473857,"favorite_count":2,"source":"<a href=\"http://twitter.com/download/android\" rel=\"nofollow\">Twitter for Android</a>","retweeted":false,"coordinates":null,"entities":{"symbols":[],"user_mentions":[{"id":711348452,"indices":[0,15],"id_str":"711348452","screen_name":"ramblesofpower","name":"David Power"},{"id":160505539,"indices":[16,28],"id_str":"160505539","screen_name":"DebSpillane","name":"DebbieSpillane"}],"hashtags":[],"urls":[]},"in_reply_to_screen_name":"ramblesofpower","id_str":"544297708404473857","retweet_count":3,"in_reply_to_user_id":711348452,"favorited":false,"user":{"follow_request_sent":false,"profile_use_background_image":true,"profile_text_color":"333333","default_profile_image":false,"id":34622641,"profile_background_image_url_https":"https://pbs.twimg.com/profile_background_images/553418276/camera_025.jpg","verified":false,"profile_location":null,"profile_image_url_https":"https://pbs.twimg.com/profile_images/484987328847286274/xjO8fcky_normal.jpeg","profile_sidebar_fill_color":"DDEEF6","entities":{"description":{"urls":[]}},"followers_count":342,"profile_sidebar_border_color":"C0DEED","id_str":"34622641","profile_background_color":"C0DEED","listed_count":3,"is_translation_enabled":false,"utc_offset":39600,"statuses_count":2494,"description":"Sportswear, Collingwood, Tottenham, Red Sox, Bruins, Celtics, Patriots, Victory.....and Tim Cahill's head!","friends_count":610,"location":"Melbourne","profile_link_color":"0084B4","profile_image_url":"http://pbs.twimg.com/profile_images/484987328847286274/xjO8fcky_normal.jpeg","following":false,"geo_enabled":true,"profile_banner_url":"https://pbs.twimg.com/profile_banners/34622641/1403175565","profile_background_image_url":"http://pbs.twimg.com/profile_background_images/553418276/camera_025.jpg","name":"Dale Christie","lang":"en","profile_background_tile":false,"favourites_count":1069,"screen_name":"Chippa_247","notifications":false,"url":null,"created_at":"Thu Apr 23 14:17:06 +0000 2009","contributors_enabled":false,"time_zone":"Melbourne","protected":false,"default_profile":false,"is_translator":false},"geo":null,"in_reply_to_user_id_str":"711348452","lang":"en","created_at":"Mon Dec 15 01:07:40 +0000 2014","in_reply_to_status_id_str":"544290967369428992","place":null},
{"contributors":null,"truncated":false,"text":"@ramblesofpower STFU !  Islamophobia was created by CAIR a terrorist Organization","in_reply_to_status_id":544290967369428992,"id":544299867158216705,"favorite_count":0,"source":"<a href=\"http://twitter.com\" rel=\"nofollow\">Twitter Web Client</a>","retweeted":false,"coordinates":null,"entities":{"symbols":[],"user_mentions":[{"id":711348452,"indices":[0,15],"id_str":"711348452","screen_name":"ramblesofpower","name":"David Power"}],"hashtags":[],"urls":[]},"in_reply_to_screen_name":"ramblesofpower","id_str":"544299867158216705","retweet_count":0,"in_reply_to_user_id":711348452,"favorited":false,"user":{"follow_request_sent":false,"profile_use_background_image":true,"profile_text_color":"333333","default_profile_image":false,"id":65187918,"profile_background_image_url_https":"https://pbs.twimg.com/profile_background_images/749311458/d35274220f231acb323c48755460a41f.jpeg","verified":false,"profile_location":null,"profile_image_url_https":"https://pbs.twimg.com/profile_images/550500097318875136/bxL1y1VG_normal.jpeg","profile_sidebar_fill_color":"DDEEF6","entities":{"url":{"urls":[{"url":"http://t.co/c9DUP8SO","indices":[0,20],"expanded_url":"http://www.drudgereport.com/","display_url":"drudgereport.com"}]},"description":{"urls":[]}},"followers_count":476,"profile_sidebar_border_color":"FFFFFF","id_str":"65187918","profile_background_color":"022330","listed_count":4,"is_translation_enabled":false,"utc_offset":-18000,"statuses_count":5093,"description":"","friends_count":744,"location":"florida east coast !!!","profile_link_color":"0084B4","profile_image_url":"http://pbs.twimg.com/profile_images/550500097318875136/bxL1y1VG_normal.jpeg","following":false,"geo_enabled":false,"profile_banner_url":"https://pbs.twimg.com/profile_banners/65187918/1356671694","profile_background_image_url":"http://pbs.twimg.com/profile_background_images/749311458/d35274220f231acb323c48755460a41f.jpeg","name":"joe  ","lang":"en","profile_background_tile":false,"favourites_count":81,"screen_name":"stang289","notifications":false,"url":"http://t.co/c9DUP8SO","created_at":"Wed Aug 12 22:43:37 +0000 2009","contributors_enabled":false,"time_zone":"Eastern Time (US & Canada)","protected":false,"default_profile":false,"is_translator":false},"geo":null,"in_reply_to_user_id_str":"711348452","lang":"en","created_at":"Mon Dec 15 01:16:15 +0000 2014","in_reply_to_status_id_str":"544290967369428992","place":null},
{"contributors":null,"truncated":false,"text":"@ramblesofpower This is so right. Innocent people are always that!","in_reply_to_status_id":544290967369428992,"id":544299983491461120,"favorite_count":0,"source":"<a href=\"http://twitter.com/#!/download/ipad\" rel=\"nofollow\">Twitter for iPad</a>","retweeted":false,"coordinates":null,"entities":{"symbols":[],"user_mentions":[{"id":711348452,"indices":[0,15],"id_str":"711348452","screen_name":"ramblesofpower","name":"David Power"}],"hashtags":[],"urls":[]},"in_reply_to_screen_name":"ramblesofpower","id_str":"544299983491461120","retweet_count":0,"in_reply_to_user_id":711348452,"favorited":false,"user":{"follow_request_sent":false,"profile_use_background_image":true,"profile_text_color":"52555C","default_profile_image":false,"id":64746482,"profile_background_image_url_https":"https://pbs.twimg.com/profile_background_images/200705919/x3a11d6c4e19c41e1f0ffcb1dddc0299.jpg","verified":false,"profile_location":null,"profile_image_url_https":"https://pbs.twimg.com/profile_images/1629794433/Sharon_June_2011_normal.JPG","profile_sidebar_fill_color":"061127","entities":{"description":{"urls":[]}},"followers_count":40,"profile_sidebar_border_color":"000515","id_str":"64746482","profile_background_color":"59472F","listed_count":0,"is_translation_enabled":false,"utc_offset":36000,"statuses_count":97,"description":"First year anniversary of our homecoming. Still missing all our friends back in Europe. Come on over and have some sunshine, and plenty of wine!!","friends_count":49,"location":"Queensland, Australia","profile_link_color":"827972","profile_image_url":"http://pbs.twimg.com/profile_images/1629794433/Sharon_June_2011_normal.JPG","following":false,"geo_enabled":false,"profile_background_image_url":"http://pbs.twimg.com/profile_background_images/200705919/x3a11d6c4e19c41e1f0ffcb1dddc0299.jpg","name":"Sharon Parfitt","lang":"en","profile_background_tile":false,"favourites_count":183,"screen_name":"SharonPRgirl","notifications":false,"url":null,"created_at":"Tue Aug 11 15:44:19 +0000 2009","contributors_enabled":false,"time_zone":"Brisbane","protected":false,"default_profile":false,"is_translator":false},"geo":null,"in_reply_to_user_id_str":"711348452","lang":"en","created_at":"Mon Dec 15 01:16:43 +0000 2014","in_reply_to_status_id_str":"544290967369428992","place":null},
{"contributors":null,"truncated":false,"text":"@ramblesofpower if u r using a hostage situation to justify silencing legitimate critism of Islam u r using the same tactics as jihadists","in_reply_to_status_id":544290967369428992,"id":544300106175246336,"favorite_count":2,"source":"<a href=\"http://twitter.com\" rel=\"nofollow\">Twitter Web Client</a>","retweeted":false,"coordinates":null,"entities":{"symbols":[],"user_mentions":[{"id":711348452,"indices":[0,15],"id_str":"711348452","screen_name":"ramblesofpower","name":"David Power"}],"hashtags":[],"urls":[]},"in_reply_to_screen_name":"ramblesofpower","id_str":"544300106175246336","retweet_count":1,"in_reply_to_user_id":711348452,"favorited":false,"user":{"follow_request_sent":false,"profile_use_background_image":true,"profile_text_color":"A20D47","default_profile_image":false,"id":823731786,"profile_background_image_url_https":"https://pbs.twimg.com/profile_background_images/670977285/d12acf49288e22e3bdc3025f0ec3e36e.jpeg","verified":false,"profile_location":null,"profile_image_url_https":"https://pbs.twimg.com/profile_images/2655783381/b56f18c280d6daae55cf6b86e2dbd27e_normal.png","profile_sidebar_fill_color":"FA2F66","entities":{"description":{"urls":[]}},"followers_count":103,"profile_sidebar_border_color":"000000","id_str":"823731786","profile_background_color":"460C46","listed_count":0,"is_translation_enabled":false,"utc_offset":3600,"statuses_count":3008,"description":"UAF + Hope not hate = Sugar Coated Fascists \r\n#  illegal immigrants need to be: 1) iDentified, 2) Detained, 3) Deported","friends_count":212,"location":" (The 3D’s)","profile_link_color":"730448","profile_image_url":"http://pbs.twimg.com/profile_images/2655783381/b56f18c280d6daae55cf6b86e2dbd27e_normal.png","following":false,"geo_enabled":false,"profile_banner_url":"https://pbs.twimg.com/profile_banners/823731786/1350622663","profile_background_image_url":"http://pbs.twimg.com/profile_background_images/670977285/d12acf49288e22e3bdc3025f0ec3e36e.jpeg","name":"Anton Dantes","lang":"en","profile_background_tile":true,"favourites_count":57,"screen_name":"AntonDantes","notifications":false,"url":null,"created_at":"Fri Sep 14 18:17:04 +0000 2012","contributors_enabled":false,"time_zone":"Amsterdam","protected":false,"default_profile":false,"is_translator":false},"geo":null,"in_reply_to_user_id_str":"711348452","lang":"en","created_at":"Mon Dec 15 01:17:12 +0000 2014","in_reply_to_status_id_str":"544290967369428992","place":null},
{"contributors":null,"truncated":false,"text":"@ramblesofpower oh fuck off. Now is not the time.","in_reply_to_status_id":544290967369428992,"id":544301600932888576,"favorite_count":0,"source":"<a href=\"http://twitter.com\" rel=\"nofollow\">Twitter Web Client</a>","retweeted":false,"coordinates":null,"entities":{"symbols":[],"user_mentions":[{"id":711348452,"indices":[0,15],"id_str":"711348452","screen_name":"ramblesofpower","name":"David Power"}],"hashtags":[],"urls":[]},"in_reply_to_screen_name":"ramblesofpower","id_str":"544301600932888576","retweet_count":0,"in_reply_to_user_id":711348452,"favorited":false,"user":{"follow_request_sent":false,"profile_use_background_image":false,"profile_text_color":"000000","default_profile_image":false,"id":22259810,"profile_background_image_url_https":"https://abs.twimg.com/images/themes/theme1/bg.png","verified":false,"profile_location":null,"profile_image_url_https":"https://pbs.twimg.com/profile_images/568802912772423680/QYWPZm11_normal.jpeg","profile_sidebar_fill_color":"000000","entities":{"description":{"urls":[]}},"followers_count":40,"profile_sidebar_border_color":"000000","id_str":"22259810","profile_background_color":"000000","listed_count":0,"is_translation_enabled":false,"utc_offset":-18000,"statuses_count":1040,"description":"Hates extremism, hypocrites, people who have bad breath and people who exploit the vulnerable","friends_count":275,"location":"","profile_link_color":"DD2E44","profile_image_url":"http://pbs.twimg.com/profile_images/568802912772423680/QYWPZm11_normal.jpeg","following":false,"geo_enabled":false,"profile_banner_url":"https://pbs.twimg.com/profile_banners/22259810/1414076718","profile_background_image_url":"http://abs.twimg.com/images/themes/theme1/bg.png","name":"Mazzokisssed","lang":"en","profile_background_tile":false,"favourites_count":3,"screen_name":"Mazzokisssed","notifications":false,"url":null,"created_at":"Sat Feb 28 14:33:13 +0000 2009","contributors_enabled":false,"time_zone":"Eastern Time (US & Canada)","protected":false,"default_profile":false,"is_translator":false},"geo":null,"in_reply_to_user_id_str":"711348452","lang":"en","created_at":"Mon Dec 15 01:23:08 +0000 2014","in_reply_to_status_id_str":"544290967369428992","place":null},
{"contributors":null,"truncated":false,"text":"@Chippa_247 I will believe it even more firmly. Racism and islamophobia are always going to be more a cause than solution. @ramblesofpower","in_reply_to_status_id":544297708404473857,"id":544301918890110978,"favorite_count":0,"source":"<a href=\"http://twitter.com/download/iphone\" rel=\"nofollow\">Twitter for iPhone</a>","retweeted":false,"coordinates":null,"entities":{"symbols":[],"user_mentions":[{"id":34622641,"indices":[0,11],"id_str":"34622641","screen_name":"Chippa_247","name":"Dale Christie"},{"id":711348452,"indices":[123,138],"id_str":"711348452","screen_name":"ramblesofpower","name":"David Power"}],"hashtags":[],"urls":[]},"in_reply_to_screen_name":"Chippa_247","id_str":"544301918890110978","retweet_count":2,"in_reply_to_user_id":34622641,"favorited":false,"user":{"follow_request_sent":false,"profile_use_background_image":true,"profile_text_color":"333333","default_profile_image":false,"id":160505539,"profile_background_image_url_https":"https://pbs.twimg.com/profile_background_images/118755331/BookCoverMED.jpg","verified":false,"profile_location":null,"profile_image_url_https":"https://pbs.twimg.com/profile_images/544382854977703936/uYZuC075_normal.jpeg","profile_sidebar_fill_color":"DDEEF6","entities":{"url":{"urls":[{"url":"http://t.co/U0eGoGSGy7","indices":[0,22],"expanded_url":"http://www.abc.net.au/grandstand","display_url":"abc.net.au/grandstand"}]},"description":{"urls":[]}},"followers_count":28430,"profile_sidebar_border_color":"C0DEED","id_str":"160505539","profile_background_color":"C0DEED","listed_count":222,"is_translation_enabled":false,"utc_offset":39600,"statuses_count":16732,"description":"Sports journalist, ABC Grandstand. Comments made here (or retweeted) do not reflect the opinion of the ABC, or even me, in some cases.","friends_count":1738,"location":"Sydney","profile_link_color":"0084B4","profile_image_url":"http://pbs.twimg.com/profile_images/544382854977703936/uYZuC075_normal.jpeg","following":false,"geo_enabled":false,"profile_banner_url":"https://pbs.twimg.com/profile_banners/160505539/1407631289","profile_background_image_url":"http://pbs.twimg.com/profile_background_images/118755331/BookCoverMED.jpg","name":"DebbieSpillane","lang":"en","profile_background_tile":true,"favourites_count":524,"screen_name":"DebSpillane","notifications":false,"url":"http://t.co/U0eGoGSGy7","created_at":"Mon Jun 28 10:43:57 +0000 2010","contributors_enabled":false,"time_zone":"Canberra","protected":false,"default_profile":false,"is_translator":false},"geo":null,"in_reply_to_user_id_str":"34622641","lang":"en","created_at":"Mon Dec 15 01:24:24 +0000 2014","in_reply_to_status_id_str":"544297708404473857","place":null},
{"contributors":null,"truncated":false,"text":"@ramblesofpower \"Islamophobia\" is a concept made up2try2keep people from telling the truth about Islam&amp;the fact that it is a death cult.","in_reply_to_status_id":544290967369428992,"id":544302448504889344,"favorite_count":1,"source":"<a href=\"http://twitter.com/download/iphone\" rel=\"nofollow\">Twitter for iPhone</a>","retweeted":false,"coordinates":null,"entities":{"symbols":[],"user_mentions":[{"id":711348452,"indices":[0,15],"id_str":"711348452","screen_name":"ramblesofpower","name":"David Power"}],"hashtags":[],"urls":[]},"in_reply_to_screen_name":"ramblesofpower","id_str":"544302448504889344","retweet_count":0,"in_reply_to_user_id":711348452,"favorited":false,"user":{"follow_request_sent":false,"profile_use_background_image":true,"profile_text_color":"333333","default_profile_image":false,"id":1697561382,"profile_background_image_url_https":"https://abs.twimg.com/images/themes/theme1/bg.png","verified":false,"profile_location":null,"profile_image_url_https":"https://pbs.twimg.com/profile_images/588373192323899392/i743h88w_normal.jpg","profile_sidebar_fill_color":"DDEEF6","entities":{"description":{"urls":[]}},"followers_count":3508,"profile_sidebar_border_color":"C0DEED","id_str":"1697561382","profile_background_color":"C0DEED","listed_count":68,"is_translation_enabled":false,"utc_offset":-21600,"statuses_count":81559,"description":"Former Diva turned Mother Conservative Catholic Constitutionalist Pro-life Pro-liberty/2A Don't waste my time on the arrogant/ignorant-Proud American","friends_count":2930,"location":"","profile_link_color":"0084B4","profile_image_url":"http://pbs.twimg.com/profile_images/588373192323899392/i743h88w_normal.jpg","following":false,"geo_enabled":false,"profile_banner_url":"https://pbs.twimg.com/profile_banners/1697561382/1377896634","profile_background_image_url":"http://abs.twimg.com/images/themes/theme1/bg.png","name":"BossyRedskinSzcinski","lang":"en","profile_background_tile":false,"favourites_count":46274,"screen_name":"DHoltSzcinski","notifications":false,"url":null,"created_at":"Sat Aug 24 22:46:31 +0000 2013","contributors_enabled":false,"time_zone":"Central Time (US & Canada)","protected":false,"default_profile":true,"is_translator":false},"geo":null,"in_reply_to_user_id_str":"711348452","lang":"en","created_at":"Mon Dec 15 01:26:31 +0000 2014","in_reply_to_status_id_str":"544290967369428992","place":null},
{"contributors":null,"truncated":false,"text":"@ramblesofpower It's not \"islamophobia\" it's \"islamorealism\". Looking at facts &amp; statistical data shows how evil islam is.","in_reply_to_status_id":544290967369428992,"id":544302684690341889,"favorite_count":1,"source":"<a href=\"http://twitter.com/download/iphone\" rel=\"nofollow\">Twitter for iPhone</a>","retweeted":false,"coordinates":null,"entities":{"symbols":[],"user_mentions":[{"id":711348452,"indices":[0,15],"id_str":"711348452","screen_name":"ramblesofpower","name":"David Power"}],"hashtags":[],"urls":[]},"in_reply_to_screen_name":"ramblesofpower","id_str":"544302684690341889","retweet_count":1,"in_reply_to_user_id":711348452,"favorited":false,"user":{"follow_request_sent":false,"profile_use_background_image":true,"profile_text_color":"333333","default_profile_image":false,"id":1014248527,"profile_background_image_url_https":"https://abs.twimg.com/images/themes/theme1/bg.png","verified":false,"profile_location":null,"profile_image_url_https":"https://pbs.twimg.com/profile_images/2980518659/a903021d3c267a8c4414b4d7bd2f7379_normal.jpeg","profile_sidebar_fill_color":"DDEEF6","entities":{"description":{"urls":[]}},"followers_count":3157,"profile_sidebar_border_color":"C0DEED","id_str":"1014248527","profile_background_color":"C0DEED","listed_count":38,"is_translation_enabled":false,"utc_offset":null,"statuses_count":19659,"description":"I'm an Israel-loving Christian. Have been a Reagan conservative since I first voted for him. And was not only an Air Force brat, but an Air Force spouse, too.","friends_count":2995,"location":"","profile_link_color":"0084B4","profile_image_url":"http://pbs.twimg.com/profile_images/2980518659/a903021d3c267a8c4414b4d7bd2f7379_normal.jpeg","following":false,"geo_enabled":false,"profile_background_image_url":"http://abs.twimg.com/images/themes/theme1/bg.png","name":"jennifer mcfarlane","lang":"en","profile_background_tile":false,"favourites_count":8230,"screen_name":"jennifermcfarl4","notifications":false,"url":null,"created_at":"Sun Dec 16 01:14:12 +0000 2012","contributors_enabled":false,"time_zone":null,"protected":false,"default_profile":true,"is_translator":false},"geo":null,"in_reply_to_user_id_str":"711348452","lang":"en","created_at":"Mon Dec 15 01:27:27 +0000 2014","in_reply_to_status_id_str":"544290967369428992","place":null},
{"contributors":null,"truncated":false,"text":"@DebSpillane @ramblesofpower Nice term, islamophobia....did this word come about from the constant threats made by them on our way of life?","in_reply_to_status_id":544301918890110978,"id":544303430055895041,"favorite_count":1,"source":"<a href=\"http://twitter.com/#!/download/ipad\" rel=\"nofollow\">Twitter for iPad</a>","retweeted":false,"coordinates":null,"entities":{"symbols":[],"user_mentions":[{"id":160505539,"indices":[0,12],"id_str":"160505539","screen_name":"DebSpillane","name":"DebbieSpillane"},{"id":711348452,"indices":[13,28],"id_str":"711348452","screen_name":"ramblesofpower","name":"David Power"}],"hashtags":[],"urls":[]},"in_reply_to_screen_name":"DebSpillane","id_str":"544303430055895041","retweet_count":1,"in_reply_to_user_id":160505539,"favorited":false,"user":{"follow_request_sent":false,"profile_use_background_image":true,"profile_text_color":"333333","default_profile_image":false,"id":34622641,"profile_background_image_url_https":"https://pbs.twimg.com/profile_background_images/553418276/camera_025.jpg","verified":false,"profile_location":null,"profile_image_url_https":"https://pbs.twimg.com/profile_images/484987328847286274/xjO8fcky_normal.jpeg","profile_sidebar_fill_color":"DDEEF6","entities":{"description":{"urls":[]}},"followers_count":342,"profile_sidebar_border_color":"C0DEED","id_str":"34622641","profile_background_color":"C0DEED","listed_count":3,"is_translation_enabled":false,"utc_offset":39600,"statuses_count":2494,"description":"Sportswear, Collingwood, Tottenham, Red Sox, Bruins, Celtics, Patriots, Victory.....and Tim Cahill's head!","friends_count":610,"location":"Melbourne","profile_link_color":"0084B4","profile_image_url":"http://pbs.twimg.com/profile_images/484987328847286274/xjO8fcky_normal.jpeg","following":false,"geo_enabled":true,"profile_banner_url":"https://pbs.twimg.com/profile_banners/34622641/1403175565","profile_background_image_url":"http://pbs.twimg.com/profile_background_images/553418276/camera_025.jpg","name":"Dale Christie","lang":"en","profile_background_tile":false,"favourites_count":1069,"screen_name":"Chippa_247","notifications":false,"url":null,"created_at":"Thu Apr 23 14:17:06 +0000 2009","contributors_enabled":false,"time_zone":"Melbourne","protected":false,"default_profile":false,"is_translator":false},"geo":null,"in_reply_to_user_id_str":"160505539","lang":"en","created_at":"Mon Dec 15 01:30:25 +0000 2014","in_reply_to_status_id_str":"544301918890110978","place":null},
{"contributors":null,"truncated":false,"text":"@ramblesofpower you're tweets are perfect","in_reply_to_status_id":544290967369428992,"id":544303511987425280,"favorite_count":0,"source":"<a href=\"http://twitter.com/download/iphone\" rel=\"nofollow\">Twitter for iPhone</a>","retweeted":false,"coordinates":null,"entities":{"symbols":[],"user_mentions":[{"id":711348452,"indices":[0,15],"id_str":"711348452","screen_name":"ramblesofpower","name":"David Power"}],"hashtags":[],"urls":[]},"in_reply_to_screen_name":"ramblesofpower","id_str":"544303511987425280","retweet_count":0,"in_reply_to_user_id":711348452,"favorited":false,"user":{"follow_request_sent":false,"profile_use_background_image":true,"profile_text_color":"ED09BC","default_profile_image":false,"id":30875827,"profile_background_image_url_https":"https://pbs.twimg.com/profile_background_images/263631568/zombie-cat.jpg","verified":false,"profile_location":null,"profile_image_url_https":"https://pbs.twimg.com/profile_images/446806221467570176/n1j_aLxg_normal.jpeg","profile_sidebar_fill_color":"050405","entities":{"description":{"urls":[]}},"followers_count":402,"profile_sidebar_border_color":"707070","id_str":"30875827","profile_background_color":"F00505","listed_count":6,"is_translation_enabled":false,"utc_offset":39600,"statuses_count":2623,"description":"Im 21, my name's Soumaya. I like horror and animals and food.","friends_count":1068,"location":"Sydney, Australia","profile_link_color":"27F584","profile_image_url":"http://pbs.twimg.com/profile_images/446806221467570176/n1j_aLxg_normal.jpeg","following":false,"geo_enabled":true,"profile_banner_url":"https://pbs.twimg.com/profile_banners/30875827/1367389537","profile_background_image_url":"http://pbs.twimg.com/profile_background_images/263631568/zombie-cat.jpg","name":"soumaya machlaoui","lang":"en","profile_background_tile":true,"favourites_count":14,"screen_name":"_soumaya_","notifications":false,"url":null,"created_at":"Mon Apr 13 14:38:05 +0000 2009","contributors_enabled":false,"time_zone":"Sydney","protected":false,"default_profile":false,"is_translator":false},"geo":null,"in_reply_to_user_id_str":"711348452","lang":"en","created_at":"Mon Dec 15 01:30:44 +0000 2014","in_reply_to_status_id_str":"544290967369428992","place":null},
{"contributors":null,"truncated":false,"text":"@MaDMiKe110101 @ramblesofpower go mike go so right","in_reply_to_status_id":544300011010670593,"id":544303809389166592,"favorite_count":0,"source":"<a href=\"http://twitter.com/download/iphone\" rel=\"nofollow\">Twitter for iPhone</a>","retweeted":false,"coordinates":null,"entities":{"symbols":[],"user_mentions":[{"id":761238678,"indices":[0,14],"id_str":"761238678","screen_name":"MaDMiKe110101","name":" MaDMiKe"},{"id":711348452,"indices":[15,30],"id_str":"711348452","screen_name":"ramblesofpower","name":"David Power"}],"hashtags":[],"urls":[]},"in_reply_to_screen_name":"MaDMiKe110101","id_str":"544303809389166592","retweet_count":0,"in_reply_to_user_id":761238678,"favorited":false,"user":{"follow_request_sent":false,"profile_use_background_image":true,"profile_text_color":"333333","default_profile_image":true,"id":2752192451,"profile_background_image_url_https":"https://abs.twimg.com/images/themes/theme1/bg.png","verified":false,"profile_location":null,"profile_image_url_https":"https://abs.twimg.com/sticky/default_profile_images/default_profile_1_normal.png","profile_sidebar_fill_color":"DDEEF6","entities":{"description":{"urls":[]}},"followers_count":102,"profile_sidebar_border_color":"C0DEED","id_str":"2752192451","profile_background_color":"C0DEED","listed_count":2,"is_translation_enabled":false,"utc_offset":null,"statuses_count":1437,"description":"","friends_count":174,"location":"","profile_link_color":"0084B4","profile_image_url":"http://abs.twimg.com/sticky/default_profile_images/default_profile_1_normal.png","following":false,"geo_enabled":false,"profile_background_image_url":"http://abs.twimg.com/images/themes/theme1/bg.png","name":"Anthony Mentillo","lang":"en","profile_background_tile":false,"favourites_count":230,"screen_name":"amentilone","notifications":false,"url":null,"created_at":"Wed Aug 27 01:41:11 +0000 2014","contributors_enabled":false,"time_zone":null,"protected":false,"default_profile":true,"is_translator":false},"geo":null,"in_reply_to_user_id_str":"761238678","lang":"en","created_at":"Mon Dec 15 01:31:55 +0000 2014","in_reply_to_status_id_str":"544300011010670593","place":null},
{"contributors":null,"truncated":false,"text":"@ramblesofpower stupid man","in_reply_to_status_id":544290967369428992,"id":544320697540313088,"favorite_count":0,"source":"<a href=\"http://twitter.com/download/android\" rel=\"nofollow\">Twitter for Android</a>","retweeted":false,"coordinates":null,"entities":{"symbols":[],"user_mentions":[{"id":711348452,"indices":[0,15],"id_str":"711348452","screen_name":"ramblesofpower","name":"David Power"}],"hashtags":[],"urls":[]},"in_reply_to_screen_name":"ramblesofpower","id_str":"544320697540313088","retweet_count":0,"in_reply_to_user_id":711348452,"favorited":false,"user":{"follow_request_sent":false,"profile_use_background_image":true,"profile_text_color":"333333","default_profile_image":false,"id":40048469,"profile_background_image_url_https":"https://pbs.twimg.com/profile_background_images/32134406/spring-day.jpg","verified":false,"profile_location":null,"profile_image_url_https":"https://pbs.twimg.com/profile_images/426148572472827904/AxvJYxxp_normal.jpeg","profile_sidebar_fill_color":"D9F2FF","entities":{"description":{"urls":[]}},"followers_count":296,"profile_sidebar_border_color":"0064F1","id_str":"40048469","profile_background_color":"FFFFFF","listed_count":5,"is_translation_enabled":false,"utc_offset":0,"statuses_count":12251,"description":"Swimmer and fitness freak. Am fiery proud British patriot. Also animal lover as well. Love travelling different countries....","friends_count":890,"location":"Southport, United Kingdom","profile_link_color":"0084B4","profile_image_url":"http://pbs.twimg.com/profile_images/426148572472827904/AxvJYxxp_normal.jpeg","following":false,"geo_enabled":true,"profile_banner_url":"https://pbs.twimg.com/profile_banners/40048469/1348079444","profile_background_image_url":"http://pbs.twimg.com/profile_background_images/32134406/spring-day.jpg","name":" James Stuart","lang":"en","profile_background_tile":false,"favourites_count":705,"screen_name":"jimmyuk007","notifications":false,"url":null,"created_at":"Thu May 14 18:03:23 +0000 2009","contributors_enabled":false,"time_zone":"London","protected":false,"default_profile":false,"is_translator":false},"geo":null,"in_reply_to_user_id_str":"711348452","lang":"en","created_at":"Mon Dec 15 02:39:01 +0000 2014","in_reply_to_status_id_str":"544290967369428992","place":null},
{"contributors":null,"truncated":false,"text":"@ramblesofpower @SkyBlueArsenal Should be the least of your worries. Rather the welfare of the victims from this radical behaviour.","in_reply_to_status_id":544290967369428992,"id":544323201518419968,"favorite_count":0,"source":"<a href=\"http://twitter.com/download/iphone\" rel=\"nofollow\">Twitter for iPhone</a>","retweeted":false,"coordinates":null,"entities":{"symbols":[],"user_mentions":[{"id":711348452,"indices":[0,15],"id_str":"711348452","screen_name":"ramblesofpower","name":"David Power"},{"id":23135407,"indices":[16,31],"id_str":"23135407","screen_name":"SkyBlueArsenal","name":"CovetteSara"}],"hashtags":[],"urls":[]},"in_reply_to_screen_name":"ramblesofpower","id_str":"544323201518419968","retweet_count":0,"in_reply_to_user_id":711348452,"favorited":false,"user":{"follow_request_sent":false,"profile_use_background_image":true,"profile_text_color":"333333","default_profile_image":false,"id":359187177,"profile_background_image_url_https":"https://pbs.twimg.com/profile_background_images/378800000060615839/c7fbd3fde0c2b57c56b2a33ee2b92385.png","verified":false,"profile_location":null,"profile_image_url_https":"https://pbs.twimg.com/profile_images/589975986181050369/bz646OdR_normal.jpg","profile_sidebar_fill_color":"EFEFEF","entities":{"description":{"urls":[]}},"followers_count":432,"profile_sidebar_border_color":"FFFFFF","id_str":"359187177","profile_background_color":"14420B","listed_count":5,"is_translation_enabled":false,"utc_offset":39600,"statuses_count":22253,"description":"Born Again Christian; Socceroos; WSW & AFC fan. Where will you be spending eternity?","friends_count":934,"location":"Western Sydney, Australia.","profile_link_color":"1A4CD6","profile_image_url":"http://pbs.twimg.com/profile_images/589975986181050369/bz646OdR_normal.jpg","following":false,"geo_enabled":true,"profile_banner_url":"https://pbs.twimg.com/profile_banners/359187177/1409188730","profile_background_image_url":"http://pbs.twimg.com/profile_background_images/378800000060615839/c7fbd3fde0c2b57c56b2a33ee2b92385.png","name":"Alexander Wilson","lang":"en","profile_background_tile":true,"favourites_count":4209,"screen_name":"alexanderw_17","notifications":false,"url":null,"created_at":"Sun Aug 21 04:50:13 +0000 2011","contributors_enabled":false,"time_zone":"Sydney","protected":false,"default_profile":false,"is_translator":false},"geo":null,"in_reply_to_user_id_str":"711348452","lang":"en","created_at":"Mon Dec 15 02:48:58 +0000 2014","in_reply_to_status_id_str":"544290967369428992","place":null},
{"contributors":null,"truncated":false,"text":"@jennifermcfarl4 @alexanderw_17 1.6 billion Muslims in the world.\nYou're talking crap, based on ignorance &amp; prejudice - quite disgusting.","in_reply_to_status_id":544302684690341889,"id":544324145786281984,"favorite_count":3,"source":"<a href=\"http://twitter.com\" rel=\"nofollow\">Twitter Web Client</a>","retweeted":false,"coordinates":null,"entities":{"symbols":[],"user_mentions":[{"id":1014248527,"indices":[0,16],"id_str":"1014248527","screen_name":"jennifermcfarl4","name":"jennifer mcfarlane"},{"id":359187177,"indices":[17,31],"id_str":"359187177","screen_name":"alexanderw_17","name":"Alexander Wilson"}],"hashtags":[],"urls":[]},"in_reply_to_screen_name":"jennifermcfarl4","id_str":"544324145786281984","retweet_count":4,"in_reply_to_user_id":1014248527,"favorited":false,"user":{"follow_request_sent":false,"profile_use_background_image":true,"profile_text_color":"333333","default_profile_image":false,"id":393099706,"profile_background_image_url_https":"https://pbs.twimg.com/profile_background_images/520775823599489024/Pehvd1aF.jpeg","verified":false,"profile_location":null,"profile_image_url_https":"https://pbs.twimg.com/profile_images/574757231285022720/rfvipKeV_normal.jpeg","profile_sidebar_fill_color":"EFEFEF","entities":{"description":{"urls":[]}},"followers_count":810,"profile_sidebar_border_color":"FFFFFF","id_str":"393099706","profile_background_color":"131516","listed_count":23,"is_translation_enabled":false,"utc_offset":-36000,"statuses_count":8387,"description":"Hedge Fund Manager, M&A Consultant & Optometric Practitioner\r\nLLB (Lond) BOptom (Melb) GDipAppFinance (SIA)\r\nSocial justice, Roman Catholic, football addict","friends_count":951,"location":"Melbourne, Australia","profile_link_color":"009999","profile_image_url":"http://pbs.twimg.com/profile_images/574757231285022720/rfvipKeV_normal.jpeg","following":false,"geo_enabled":false,"profile_banner_url":"https://pbs.twimg.com/profile_banners/393099706/1412998197","profile_background_image_url":"http://pbs.twimg.com/profile_background_images/520775823599489024/Pehvd1aF.jpeg","name":"Dean Rosario","lang":"en","profile_background_tile":true,"favourites_count":69,"screen_name":"DeanRosario","notifications":false,"url":null,"created_at":"Tue Oct 18 01:08:56 +0000 2011","contributors_enabled":false,"time_zone":"Hawaii","protected":false,"default_profile":false,"is_translator":false},"geo":null,"in_reply_to_user_id_str":"1014248527","lang":"en","created_at":"Mon Dec 15 02:52:44 +0000 2014","in_reply_to_status_id_str":"544302684690341889","place":null},
{"contributors":null,"truncated":false,"text":"@DeanRosario @jennifermcfarl4 Dean, I would recommend you read the Qaran for yourself. Jihadist' are practicing it to the letter.","in_reply_to_status_id":544324145786281984,"id":544324603443556352,"favorite_count":1,"source":"<a href=\"http://twitter.com/download/iphone\" rel=\"nofollow\">Twitter for iPhone</a>","retweeted":false,"coordinates":null,"entities":{"symbols":[],"user_mentions":[{"id":393099706,"indices":[0,12],"id_str":"393099706","screen_name":"DeanRosario","name":"Dean Rosario"},{"id":1014248527,"indices":[13,29],"id_str":"1014248527","screen_name":"jennifermcfarl4","name":"jennifer mcfarlane"}],"hashtags":[],"urls":[]},"in_reply_to_screen_name":"DeanRosario","id_str":"544324603443556352","retweet_count":1,"in_reply_to_user_id":393099706,"favorited":false,"user":{"follow_request_sent":false,"profile_use_background_image":true,"profile_text_color":"333333","default_profile_image":false,"id":359187177,"profile_background_image_url_https":"https://pbs.twimg.com/profile_background_images/378800000060615839/c7fbd3fde0c2b57c56b2a33ee2b92385.png","verified":false,"profile_location":null,"profile_image_url_https":"https://pbs.twimg.com/profile_images/589975986181050369/bz646OdR_normal.jpg","profile_sidebar_fill_color":"EFEFEF","entities":{"description":{"urls":[]}},"followers_count":429,"profile_sidebar_border_color":"FFFFFF","id_str":"359187177","profile_background_color":"14420B","listed_count":5,"is_translation_enabled":false,"utc_offset":39600,"statuses_count":22264,"description":"Born Again Christian; Socceroos; WSW & AFC fan. Where will you be spending eternity?","friends_count":935,"location":"Western Sydney, Australia.","profile_link_color":"1A4CD6","profile_image_url":"http://pbs.twimg.com/profile_images/589975986181050369/bz646OdR_normal.jpg","following":false,"geo_enabled":true,"profile_banner_url":"https://pbs.twimg.com/profile_banners/359187177/1409188730","profile_background_image_url":"http://pbs.twimg.com/profile_background_images/378800000060615839/c7fbd3fde0c2b57c56b2a33ee2b92385.png","name":"Alexander Wilson","lang":"en","profile_background_tile":true,"favourites_count":4217,"screen_name":"alexanderw_17","notifications":false,"url":null,"created_at":"Sun Aug 21 04:50:13 +0000 2011","contributors_enabled":false,"time_zone":"Sydney","protected":false,"default_profile":false,"is_translator":false},"geo":null,"in_reply_to_user_id_str":"393099706","lang":"en","created_at":"Mon Dec 15 02:54:33 +0000 2014","in_reply_to_status_id_str":"544324145786281984","place":null},
{"contributors":null,"truncated":false,"text":"@alexanderw_17 @jennifermcfarl4 \nI'll concentrate on my own faith of Roman Catholicism &amp; won't throw stones unless I'm without sin.","in_reply_to_status_id":544324603443556352,"id":544324893890727937,"favorite_count":0,"source":"<a href=\"http://twitter.com\" rel=\"nofollow\">Twitter Web Client</a>","retweeted":false,"coordinates":null,"entities":{"symbols":[],"user_mentions":[{"id":359187177,"indices":[0,14],"id_str":"359187177","screen_name":"alexanderw_17","name":"Alexander Wilson"},{"id":1014248527,"indices":[15,31],"id_str":"1014248527","screen_name":"jennifermcfarl4","name":"jennifer mcfarlane"}],"hashtags":[],"urls":[]},"in_reply_to_screen_name":"alexanderw_17","id_str":"544324893890727937","retweet_count":0,"in_reply_to_user_id":359187177,"favorited":false,"user":{"follow_request_sent":false,"profile_use_background_image":true,"profile_text_color":"333333","default_profile_image":false,"id":393099706,"profile_background_image_url_https":"https://pbs.twimg.com/profile_background_images/520775823599489024/Pehvd1aF.jpeg","verified":false,"profile_location":null,"profile_image_url_https":"https://pbs.twimg.com/profile_images/574757231285022720/rfvipKeV_normal.jpeg","profile_sidebar_fill_color":"EFEFEF","entities":{"description":{"urls":[]}},"followers_count":810,"profile_sidebar_border_color":"FFFFFF","id_str":"393099706","profile_background_color":"131516","listed_count":23,"is_translation_enabled":false,"utc_offset":-36000,"statuses_count":8387,"description":"Hedge Fund Manager, M&A Consultant & Optometric Practitioner\r\nLLB (Lond) BOptom (Melb) GDipAppFinance (SIA)\r\nSocial justice, Roman Catholic, football addict","friends_count":951,"location":"Melbourne, Australia","profile_link_color":"009999","profile_image_url":"http://pbs.twimg.com/profile_images/574757231285022720/rfvipKeV_normal.jpeg","following":false,"geo_enabled":false,"profile_banner_url":"https://pbs.twimg.com/profile_banners/393099706/1412998197","profile_background_image_url":"http://pbs.twimg.com/profile_background_images/520775823599489024/Pehvd1aF.jpeg","name":"Dean Rosario","lang":"en","profile_background_tile":true,"favourites_count":69,"screen_name":"DeanRosario","notifications":false,"url":null,"created_at":"Tue Oct 18 01:08:56 +0000 2011","contributors_enabled":false,"time_zone":"Hawaii","protected":false,"default_profile":false,"is_translator":false},"geo":null,"in_reply_to_user_id_str":"359187177","lang":"en","created_at":"Mon Dec 15 02:55:42 +0000 2014","in_reply_to_status_id_str":"544324603443556352","place":null},
{"contributors":null,"truncated":false,"text":"@DeanRosario @alexanderw_17 No, polls show 10% of muslims support jihad....let that sink in.","in_reply_to_status_id":544324145786281984,"id":544325315137261568,"favorite_count":0,"source":"<a href=\"http://twitter.com/download/iphone\" rel=\"nofollow\">Twitter for iPhone</a>","retweeted":false,"coordinates":null,"entities":{"symbols":[],"user_mentions":[{"id":393099706,"indices":[0,12],"id_str":"393099706","screen_name":"DeanRosario","name":"Dean Rosario"},{"id":359187177,"indices":[13,27],"id_str":"359187177","screen_name":"alexanderw_17","name":"Alexander Wilson"}],"hashtags":[],"urls":[]},"in_reply_to_screen_name":"DeanRosario","id_str":"544325315137261568","retweet_count":0,"in_reply_to_user_id":393099706,"favorited":false,"user":{"follow_request_sent":false,"profile_use_background_image":true,"profile_text_color":"333333","default_profile_image":false,"id":1014248527,"profile_background_image_url_https":"https://abs.twimg.com/images/themes/theme1/bg.png","verified":false,"profile_location":null,"profile_image_url_https":"https://pbs.twimg.com/profile_images/2980518659/a903021d3c267a8c4414b4d7bd2f7379_normal.jpeg","profile_sidebar_fill_color":"DDEEF6","entities":{"description":{"urls":[]}},"followers_count":3159,"profile_sidebar_border_color":"C0DEED","id_str":"1014248527","profile_background_color":"C0DEED","listed_count":35,"is_translation_enabled":false,"utc_offset":null,"statuses_count":19659,"description":"I'm an Israel-loving Christian. Have been a Reagan conservative since I first voted for him. And was not only an Air Force brat, but an Air Force spouse, too.","friends_count":2995,"location":"","profile_link_color":"0084B4","profile_image_url":"http://pbs.twimg.com/profile_images/2980518659/a903021d3c267a8c4414b4d7bd2f7379_normal.jpeg","following":false,"geo_enabled":false,"profile_background_image_url":"http://abs.twimg.com/images/themes/theme1/bg.png","name":"jennifer mcfarlane","lang":"en","profile_background_tile":false,"favourites_count":8230,"screen_name":"jennifermcfarl4","notifications":false,"url":null,"created_at":"Sun Dec 16 01:14:12 +0000 2012","contributors_enabled":false,"time_zone":null,"protected":false,"default_profile":true,"is_translator":false},"geo":null,"in_reply_to_user_id_str":"393099706","lang":"en","created_at":"Mon Dec 15 02:57:22 +0000 2014","in_reply_to_status_id_str":"544324145786281984","place":null},
{"contributors":null,"truncated":false,"text":"@DeanRosario @jennifermcfarl4 I think Christians should have compassion on Muslims. Sheep without a shepherd. Need the prince of peace.","in_reply_to_status_id":544324603443556352,"id":544325415183978496,"favorite_count":0,"source":"<a href=\"http://twitter.com/download/iphone\" rel=\"nofollow\">Twitter for iPhone</a>","retweeted":false,"coordinates":null,"entities":{"symbols":[],"user_mentions":[{"id":393099706,"indices":[0,12],"id_str":"393099706","screen_name":"DeanRosario","name":"Dean Rosario"},{"id":1014248527,"indices":[13,29],"id_str":"1014248527","screen_name":"jennifermcfarl4","name":"jennifer mcfarlane"}],"hashtags":[],"urls":[]},"in_reply_to_screen_name":"alexanderw_17","id_str":"544325415183978496","retweet_count":0,"in_reply_to_user_id":359187177,"favorited":false,"user":{"follow_request_sent":false,"profile_use_background_image":true,"profile_text_color":"333333","default_profile_image":false,"id":359187177,"profile_background_image_url_https":"https://pbs.twimg.com/profile_background_images/378800000060615839/c7fbd3fde0c2b57c56b2a33ee2b92385.png","verified":false,"profile_location":null,"profile_image_url_https":"https://pbs.twimg.com/profile_images/589975986181050369/bz646OdR_normal.jpg","profile_sidebar_fill_color":"EFEFEF","entities":{"description":{"urls":[]}},"followers_count":429,"profile_sidebar_border_color":"FFFFFF","id_str":"359187177","profile_background_color":"14420B","listed_count":5,"is_translation_enabled":false,"utc_offset":39600,"statuses_count":22264,"description":"Born Again Christian; Socceroos; WSW & AFC fan. Where will you be spending eternity?","friends_count":935,"location":"Western Sydney, Australia.","profile_link_color":"1A4CD6","profile_image_url":"http://pbs.twimg.com/profile_images/589975986181050369/bz646OdR_normal.jpg","following":false,"geo_enabled":true,"profile_banner_url":"https://pbs.twimg.com/profile_banners/359187177/1409188730","profile_background_image_url":"http://pbs.twimg.com/profile_background_images/378800000060615839/c7fbd3fde0c2b57c56b2a33ee2b92385.png","name":"Alexander Wilson","lang":"en","profile_background_tile":true,"favourites_count":4217,"screen_name":"alexanderw_17","notifications":false,"url":null,"created_at":"Sun Aug 21 04:50:13 +0000 2011","contributors_enabled":false,"time_zone":"Sydney","protected":false,"default_profile":false,"is_translator":false},"geo":null,"in_reply_to_user_id_str":"359187177","lang":"en","created_at":"Mon Dec 15 02:57:46 +0000 2014","in_reply_to_status_id_str":"544324603443556352","place":null},
{"contributors":null,"truncated":false,"text":"@DeanRosario @jennifermcfarl4 I'm a hell deserving sinner Dean. Thankfully God is that merciful that he'd put Christ' perfect record&gt;","in_reply_to_status_id":544324893890727937,"id":544325587704102912,"favorite_count":0,"source":"<a href=\"http://twitter.com/download/iphone\" rel=\"nofollow\">Twitter for iPhone</a>","retweeted":false,"coordinates":null,"entities":{"symbols":[],"user_mentions":[{"id":393099706,"indices":[0,12],"id_str":"393099706","screen_name":"DeanRosario","name":"Dean Rosario"},{"id":1014248527,"indices":[13,29],"id_str":"1014248527","screen_name":"jennifermcfarl4","name":"jennifer mcfarlane"}],"hashtags":[],"urls":[]},"in_reply_to_screen_name":"DeanRosario","id_str":"544325587704102912","retweet_count":0,"in_reply_to_user_id":393099706,"favorited":false,"user":{"follow_request_sent":false,"profile_use_background_image":true,"profile_text_color":"333333","default_profile_image":false,"id":359187177,"profile_background_image_url_https":"https://pbs.twimg.com/profile_background_images/378800000060615839/c7fbd3fde0c2b57c56b2a33ee2b92385.png","verified":false,"profile_location":null,"profile_image_url_https":"https://pbs.twimg.com/profile_images/589975986181050369/bz646OdR_normal.jpg","profile_sidebar_fill_color":"EFEFEF","entities":{"description":{"urls":[]}},"followers_count":429,"profile_sidebar_border_color":"FFFFFF","id_str":"359187177","profile_background_color":"14420B","listed_count":5,"is_translation_enabled":false,"utc_offset":39600,"statuses_count":22264,"description":"Born Again Christian; Socceroos; WSW & AFC fan. Where will you be spending eternity?","friends_count":935,"location":"Western Sydney, Australia.","profile_link_color":"1A4CD6","profile_image_url":"http://pbs.twimg.com/profile_images/589975986181050369/bz646OdR_normal.jpg","following":false,"geo_enabled":true,"profile_banner_url":"https://pbs.twimg.com/profile_banners/359187177/1409188730","profile_background_image_url":"http://pbs.twimg.com/profile_background_images/378800000060615839/c7fbd3fde0c2b57c56b2a33ee2b92385.png","name":"Alexander Wilson","lang":"en","profile_background_tile":true,"favourites_count":4217,"screen_name":"alexanderw_17","notifications":false,"url":null,"created_at":"Sun Aug 21 04:50:13 +0000 2011","contributors_enabled":false,"time_zone":"Sydney","protected":false,"default_profile":false,"is_translator":false},"geo":null,"in_reply_to_user_id_str":"393099706","lang":"en","created_at":"Mon Dec 15 02:58:27 +0000 2014","in_reply_to_status_id_str":"544324893890727937","place":null},
{"contributors":null,"truncated":false,"text":"@DeanRosario @jennifermcfarl4 On mine.","in_reply_to_status_id":544324893890727937,"id":544325605664124930,"favorite_count":0,"source":"<a href=\"http://twitter.com/download/iphone\" rel=\"nofollow\">Twitter for iPhone</a>","retweeted":false,"coordinates":null,"entities":{"symbols":[],"user_mentions":[{"id":393099706,"indices":[0,12],"id_str":"393099706","screen_name":"DeanRosario","name":"Dean Rosario"},{"id":1014248527,"indices":[13,29],"id_str":"1014248527","screen_name":"jennifermcfarl4","name":"jennifer mcfarlane"}],"hashtags":[],"urls":[]},"in_reply_to_screen_name":"DeanRosario","id_str":"544325605664124930","retweet_count":0,"in_reply_to_user_id":393099706,"favorited":false,"user":{"follow_request_sent":false,"profile_use_background_image":true,"profile_text_color":"333333","default_profile_image":false,"id":359187177,"profile_background_image_url_https":"https://pbs.twimg.com/profile_background_images/378800000060615839/c7fbd3fde0c2b57c56b2a33ee2b92385.png","verified":false,"profile_location":null,"profile_image_url_https":"https://pbs.twimg.com/profile_images/589975986181050369/bz646OdR_normal.jpg","profile_sidebar_fill_color":"EFEFEF","entities":{"description":{"urls":[]}},"followers_count":429,"profile_sidebar_border_color":"FFFFFF","id_str":"359187177","profile_background_color":"14420B","listed_count":5,"is_translation_enabled":false,"utc_offset":39600,"statuses_count":22264,"description":"Born Again Christian; Socceroos; WSW & AFC fan. Where will you be spending eternity?","friends_count":935,"location":"Western Sydney, Australia.","profile_link_color":"1A4CD6","profile_image_url":"http://pbs.twimg.com/profile_images/589975986181050369/bz646OdR_normal.jpg","following":false,"geo_enabled":true,"profile_banner_url":"https://pbs.twimg.com/profile_banners/359187177/1409188730","profile_background_image_url":"http://pbs.twimg.com/profile_background_images/378800000060615839/c7fbd3fde0c2b57c56b2a33ee2b92385.png","name":"Alexander Wilson","lang":"en","profile_background_tile":true,"favourites_count":4217,"screen_name":"alexanderw_17","notifications":false,"url":null,"created_at":"Sun Aug 21 04:50:13 +0000 2011","contributors_enabled":false,"time_zone":"Sydney","protected":false,"default_profile":false,"is_translator":false},"geo":null,"in_reply_to_user_id_str":"393099706","lang":"en","created_at":"Mon Dec 15 02:58:32 +0000 2014","in_reply_to_status_id_str":"544324893890727937","place":null},
{"contributors":null,"truncated":false,"text":"@jennifermcfarl4 @alexanderw_17 What polls on FoxNews?\nI'm disgusted by alleged Christians who have so much hate for Muslims.","in_reply_to_status_id":544325315137261568,"id":544325776007372800,"favorite_count":0,"source":"<a href=\"http://twitter.com\" rel=\"nofollow\">Twitter Web Client</a>","retweeted":false,"coordinates":null,"entities":{"symbols":[],"user_mentions":[{"id":1014248527,"indices":[0,16],"id_str":"1014248527","screen_name":"jennifermcfarl4","name":"jennifer mcfarlane"},{"id":359187177,"indices":[17,31],"id_str":"359187177","screen_name":"alexanderw_17","name":"Alexander Wilson"}],"hashtags":[],"urls":[]},"in_reply_to_screen_name":"jennifermcfarl4","id_str":"544325776007372800","retweet_count":0,"in_reply_to_user_id":1014248527,"favorited":false,"user":{"follow_request_sent":false,"profile_use_background_image":true,"profile_text_color":"333333","default_profile_image":false,"id":393099706,"profile_background_image_url_https":"https://pbs.twimg.com/profile_background_images/520775823599489024/Pehvd1aF.jpeg","verified":false,"profile_location":null,"profile_image_url_https":"https://pbs.twimg.com/profile_images/574757231285022720/rfvipKeV_normal.jpeg","profile_sidebar_fill_color":"EFEFEF","entities":{"description":{"urls":[]}},"followers_count":810,"profile_sidebar_border_color":"FFFFFF","id_str":"393099706","profile_background_color":"131516","listed_count":23,"is_translation_enabled":false,"utc_offset":-36000,"statuses_count":8387,"description":"Hedge Fund Manager, M&A Consultant & Optometric Practitioner\r\nLLB (Lond) BOptom (Melb) GDipAppFinance (SIA)\r\nSocial justice, Roman Catholic, football addict","friends_count":951,"location":"Melbourne, Australia","profile_link_color":"009999","profile_image_url":"http://pbs.twimg.com/profile_images/574757231285022720/rfvipKeV_normal.jpeg","following":false,"geo_enabled":false,"profile_banner_url":"https://pbs.twimg.com/profile_banners/393099706/1412998197","profile_background_image_url":"http://pbs.twimg.com/profile_background_images/520775823599489024/Pehvd1aF.jpeg","name":"Dean Rosario","lang":"en","profile_background_tile":true,"favourites_count":69,"screen_name":"DeanRosario","notifications":false,"url":null,"created_at":"Tue Oct 18 01:08:56 +0000 2011","contributors_enabled":false,"time_zone":"Hawaii","protected":false,"default_profile":false,"is_translator":false},"geo":null,"in_reply_to_user_id_str":"1014248527","lang":"en","created_at":"Mon Dec 15 02:59:12 +0000 2014","in_reply_to_status_id_str":"544325315137261568","place":null},
{"contributors":null,"truncated":false,"text":"@DeanRosario @jennifermcfarl4 Christ commands us to love and pray for them. Jesus still died for them and wants all Muslims to be saved.","in_reply_to_status_id":544325776007372800,"id":544326080585154561,"favorite_count":0,"source":"<a href=\"http://twitter.com/download/iphone\" rel=\"nofollow\">Twitter for iPhone</a>","retweeted":false,"coordinates":null,"entities":{"symbols":[],"user_mentions":[{"id":393099706,"indices":[0,12],"id_str":"393099706","screen_name":"DeanRosario","name":"Dean Rosario"},{"id":1014248527,"indices":[13,29],"id_str":"1014248527","screen_name":"jennifermcfarl4","name":"jennifer mcfarlane"}],"hashtags":[],"urls":[]},"in_reply_to_screen_name":"DeanRosario","id_str":"544326080585154561","retweet_count":0,"in_reply_to_user_id":393099706,"favorited":false,"user":{"follow_request_sent":false,"profile_use_background_image":true,"profile_text_color":"333333","default_profile_image":false,"id":359187177,"profile_background_image_url_https":"https://pbs.twimg.com/profile_background_images/378800000060615839/c7fbd3fde0c2b57c56b2a33ee2b92385.png","verified":false,"profile_location":null,"profile_image_url_https":"https://pbs.twimg.com/profile_images/589975986181050369/bz646OdR_normal.jpg","profile_sidebar_fill_color":"EFEFEF","entities":{"description":{"urls":[]}},"followers_count":429,"profile_sidebar_border_color":"FFFFFF","id_str":"359187177","profile_background_color":"14420B","listed_count":5,"is_translation_enabled":false,"utc_offset":39600,"statuses_count":22264,"description":"Born Again Christian; Socceroos; WSW & AFC fan. Where will you be spending eternity?","friends_count":935,"location":"Western Sydney, Australia.","profile_link_color":"1A4CD6","profile_image_url":"http://pbs.twimg.com/profile_images/589975986181050369/bz646OdR_normal.jpg","following":false,"geo_enabled":true,"profile_banner_url":"https://pbs.twimg.com/profile_banners/359187177/1409188730","profile_background_image_url":"http://pbs.twimg.com/profile_background_images/378800000060615839/c7fbd3fde0c2b57c56b2a33ee2b92385.png","name":"Alexander Wilson","lang":"en","profile_background_tile":true,"favourites_count":4217,"screen_name":"alexanderw_17","notifications":false,"url":null,"created_at":"Sun Aug 21 04:50:13 +0000 2011","contributors_enabled":false,"time_zone":"Sydney","protected":false,"default_profile":false,"is_translator":false},"geo":null,"in_reply_to_user_id_str":"393099706","lang":"en","created_at":"Mon Dec 15 03:00:25 +0000 2014","in_reply_to_status_id_str":"544325776007372800","place":null},
{"contributors":null,"truncated":false,"text":"@alexanderw_17 @DeanRosario They do, but I'd rather they found Him on their own soil.","in_reply_to_status_id":544325415183978496,"id":544326167465967616,"favorite_count":0,"source":"<a href=\"http://twitter.com/download/iphone\" rel=\"nofollow\">Twitter for iPhone</a>","retweeted":false,"coordinates":null,"entities":{"symbols":[],"user_mentions":[{"id":359187177,"indices":[0,14],"id_str":"359187177","screen_name":"alexanderw_17","name":"Alexander Wilson"},{"id":393099706,"indices":[15,27],"id_str":"393099706","screen_name":"DeanRosario","name":"Dean Rosario"}],"hashtags":[],"urls":[]},"in_reply_to_screen_name":"alexanderw_17","id_str":"544326167465967616","retweet_count":0,"in_reply_to_user_id":359187177,"favorited":false,"user":{"follow_request_sent":false,"profile_use_background_image":true,"profile_text_color":"333333","default_profile_image":false,"id":1014248527,"profile_background_image_url_https":"https://abs.twimg.com/images/themes/theme1/bg.png","verified":false,"profile_location":null,"profile_image_url_https":"https://pbs.twimg.com/profile_images/2980518659/a903021d3c267a8c4414b4d7bd2f7379_normal.jpeg","profile_sidebar_fill_color":"DDEEF6","entities":{"description":{"urls":[]}},"followers_count":3159,"profile_sidebar_border_color":"C0DEED","id_str":"1014248527","profile_background_color":"C0DEED","listed_count":35,"is_translation_enabled":false,"utc_offset":null,"statuses_count":19659,"description":"I'm an Israel-loving Christian. Have been a Reagan conservative since I first voted for him. And was not only an Air Force brat, but an Air Force spouse, too.","friends_count":2995,"location":"","profile_link_color":"0084B4","profile_image_url":"http://pbs.twimg.com/profile_images/2980518659/a903021d3c267a8c4414b4d7bd2f7379_normal.jpeg","following":false,"geo_enabled":false,"profile_background_image_url":"http://abs.twimg.com/images/themes/theme1/bg.png","name":"jennifer mcfarlane","lang":"en","profile_background_tile":false,"favourites_count":8230,"screen_name":"jennifermcfarl4","notifications":false,"url":null,"created_at":"Sun Dec 16 01:14:12 +0000 2012","contributors_enabled":false,"time_zone":null,"protected":false,"default_profile":true,"is_translator":false},"geo":null,"in_reply_to_user_id_str":"359187177","lang":"en","created_at":"Mon Dec 15 03:00:46 +0000 2014","in_reply_to_status_id_str":"544325415183978496","place":null},
{"contributors":null,"truncated":false,"text":"@alexanderw_17 @jennifermcfarl4 Yes, that's how I treat born again Christians who are filled with so much hate.","in_reply_to_status_id":544326080585154561,"id":544326299666247680,"favorite_count":0,"source":"<a href=\"http://twitter.com\" rel=\"nofollow\">Twitter Web Client</a>","retweeted":false,"coordinates":null,"entities":{"symbols":[],"user_mentions":[{"id":359187177,"indices":[0,14],"id_str":"359187177","screen_name":"alexanderw_17","name":"Alexander Wilson"},{"id":1014248527,"indices":[15,31],"id_str":"1014248527","screen_name":"jennifermcfarl4","name":"jennifer mcfarlane"}],"hashtags":[],"urls":[]},"in_reply_to_screen_name":"alexanderw_17","id_str":"544326299666247680","retweet_count":0,"in_reply_to_user_id":359187177,"favorited":false,"user":{"follow_request_sent":false,"profile_use_background_image":true,"profile_text_color":"333333","default_profile_image":false,"id":393099706,"profile_background_image_url_https":"https://pbs.twimg.com/profile_background_images/520775823599489024/Pehvd1aF.jpeg","verified":false,"profile_location":null,"profile_image_url_https":"https://pbs.twimg.com/profile_images/574757231285022720/rfvipKeV_normal.jpeg","profile_sidebar_fill_color":"EFEFEF","entities":{"description":{"urls":[]}},"followers_count":810,"profile_sidebar_border_color":"FFFFFF","id_str":"393099706","profile_background_color":"131516","listed_count":23,"is_translation_enabled":false,"utc_offset":-36000,"statuses_count":8387,"description":"Hedge Fund Manager, M&A Consultant & Optometric Practitioner\r\nLLB (Lond) BOptom (Melb) GDipAppFinance (SIA)\r\nSocial justice, Roman Catholic, football addict","friends_count":951,"location":"Melbourne, Australia","profile_link_color":"009999","profile_image_url":"http://pbs.twimg.com/profile_images/574757231285022720/rfvipKeV_normal.jpeg","following":false,"geo_enabled":false,"profile_banner_url":"https://pbs.twimg.com/profile_banners/393099706/1412998197","profile_background_image_url":"http://pbs.twimg.com/profile_background_images/520775823599489024/Pehvd1aF.jpeg","name":"Dean Rosario","lang":"en","profile_background_tile":true,"favourites_count":69,"screen_name":"DeanRosario","notifications":false,"url":null,"created_at":"Tue Oct 18 01:08:56 +0000 2011","contributors_enabled":false,"time_zone":"Hawaii","protected":false,"default_profile":false,"is_translator":false},"geo":null,"in_reply_to_user_id_str":"359187177","lang":"en","created_at":"Mon Dec 15 03:01:17 +0000 2014","in_reply_to_status_id_str":"544326080585154561","place":null},
{"contributors":null,"truncated":false,"text":"@DeanRosario @alexanderw_17 It was a pew research poll on all news channels.","in_reply_to_status_id":544325776007372800,"id":544326351449100289,"favorite_count":0,"source":"<a href=\"http://twitter.com/download/iphone\" rel=\"nofollow\">Twitter for iPhone</a>","retweeted":false,"coordinates":null,"entities":{"symbols":[],"user_mentions":[{"id":393099706,"indices":[0,12],"id_str":"393099706","screen_name":"DeanRosario","name":"Dean Rosario"},{"id":359187177,"indices":[13,27],"id_str":"359187177","screen_name":"alexanderw_17","name":"Alexander Wilson"}],"hashtags":[],"urls":[]},"in_reply_to_screen_name":"DeanRosario","id_str":"544326351449100289","retweet_count":0,"in_reply_to_user_id":393099706,"favorited":false,"user":{"follow_request_sent":false,"profile_use_background_image":true,"profile_text_color":"333333","default_profile_image":false,"id":1014248527,"profile_background_image_url_https":"https://abs.twimg.com/images/themes/theme1/bg.png","verified":false,"profile_location":null,"profile_image_url_https":"https://pbs.twimg.com/profile_images/2980518659/a903021d3c267a8c4414b4d7bd2f7379_normal.jpeg","profile_sidebar_fill_color":"DDEEF6","entities":{"description":{"urls":[]}},"followers_count":3159,"profile_sidebar_border_color":"C0DEED","id_str":"1014248527","profile_background_color":"C0DEED","listed_count":35,"is_translation_enabled":false,"utc_offset":null,"statuses_count":19659,"description":"I'm an Israel-loving Christian. Have been a Reagan conservative since I first voted for him. And was not only an Air Force brat, but an Air Force spouse, too.","friends_count":2995,"location":"","profile_link_color":"0084B4","profile_image_url":"http://pbs.twimg.com/profile_images/2980518659/a903021d3c267a8c4414b4d7bd2f7379_normal.jpeg","following":false,"geo_enabled":false,"profile_background_image_url":"http://abs.twimg.com/images/themes/theme1/bg.png","name":"jennifer mcfarlane","lang":"en","profile_background_tile":false,"favourites_count":8230,"screen_name":"jennifermcfarl4","notifications":false,"url":null,"created_at":"Sun Dec 16 01:14:12 +0000 2012","contributors_enabled":false,"time_zone":null,"protected":false,"default_profile":true,"is_translator":false},"geo":null,"in_reply_to_user_id_str":"393099706","lang":"en","created_at":"Mon Dec 15 03:01:29 +0000 2014","in_reply_to_status_id_str":"544325776007372800","place":null},
{"contributors":null,"truncated":false,"text":"@DeanRosario @jennifermcfarl4 I can't help you if you have that impression. If any born again Christian does that, he doesn't reflect Christ","in_reply_to_status_id":544326299666247680,"id":544326961896517634,"favorite_count":0,"source":"<a href=\"http://twitter.com/download/iphone\" rel=\"nofollow\">Twitter for iPhone</a>","retweeted":false,"coordinates":null,"entities":{"symbols":[],"user_mentions":[{"id":393099706,"indices":[0,12],"id_str":"393099706","screen_name":"DeanRosario","name":"Dean Rosario"},{"id":1014248527,"indices":[13,29],"id_str":"1014248527","screen_name":"jennifermcfarl4","name":"jennifer mcfarlane"}],"hashtags":[],"urls":[]},"in_reply_to_screen_name":"DeanRosario","id_str":"544326961896517634","retweet_count":0,"in_reply_to_user_id":393099706,"favorited":false,"user":{"follow_request_sent":false,"profile_use_background_image":true,"profile_text_color":"333333","default_profile_image":false,"id":359187177,"profile_background_image_url_https":"https://pbs.twimg.com/profile_background_images/378800000060615839/c7fbd3fde0c2b57c56b2a33ee2b92385.png","verified":false,"profile_location":null,"profile_image_url_https":"https://pbs.twimg.com/profile_images/589975986181050369/bz646OdR_normal.jpg","profile_sidebar_fill_color":"EFEFEF","entities":{"description":{"urls":[]}},"followers_count":429,"profile_sidebar_border_color":"FFFFFF","id_str":"359187177","profile_background_color":"14420B","listed_count":5,"is_translation_enabled":false,"utc_offset":39600,"statuses_count":22264,"description":"Born Again Christian; Socceroos; WSW & AFC fan. Where will you be spending eternity?","friends_count":935,"location":"Western Sydney, Australia.","profile_link_color":"1A4CD6","profile_image_url":"http://pbs.twimg.com/profile_images/589975986181050369/bz646OdR_normal.jpg","following":false,"geo_enabled":true,"profile_banner_url":"https://pbs.twimg.com/profile_banners/359187177/1409188730","profile_background_image_url":"http://pbs.twimg.com/profile_background_images/378800000060615839/c7fbd3fde0c2b57c56b2a33ee2b92385.png","name":"Alexander Wilson","lang":"en","profile_background_tile":true,"favourites_count":4217,"screen_name":"alexanderw_17","notifications":false,"url":null,"created_at":"Sun Aug 21 04:50:13 +0000 2011","contributors_enabled":false,"time_zone":"Sydney","protected":false,"default_profile":false,"is_translator":false},"geo":null,"in_reply_to_user_id_str":"393099706","lang":"en","created_at":"Mon Dec 15 03:03:55 +0000 2014","in_reply_to_status_id_str":"544326299666247680","place":null},
{"contributors":null,"truncated":false,"text":"@jennifermcfarl4 @alexanderw_17 \"a pew research poll\".. what the heck is that? Does such a poll stand up to scientific statistical scrutiny?","in_reply_to_status_id":544326351449100289,"id":544327044331343872,"favorite_count":0,"source":"<a href=\"http://twitter.com\" rel=\"nofollow\">Twitter Web Client</a>","retweeted":false,"coordinates":null,"entities":{"symbols":[],"user_mentions":[{"id":1014248527,"indices":[0,16],"id_str":"1014248527","screen_name":"jennifermcfarl4","name":"jennifer mcfarlane"},{"id":359187177,"indices":[17,31],"id_str":"359187177","screen_name":"alexanderw_17","name":"Alexander Wilson"}],"hashtags":[],"urls":[]},"in_reply_to_screen_name":"jennifermcfarl4","id_str":"544327044331343872","retweet_count":0,"in_reply_to_user_id":1014248527,"favorited":false,"user":{"follow_request_sent":false,"profile_use_background_image":true,"profile_text_color":"333333","default_profile_image":false,"id":393099706,"profile_background_image_url_https":"https://pbs.twimg.com/profile_background_images/520775823599489024/Pehvd1aF.jpeg","verified":false,"profile_location":null,"profile_image_url_https":"https://pbs.twimg.com/profile_images/574757231285022720/rfvipKeV_normal.jpeg","profile_sidebar_fill_color":"EFEFEF","entities":{"description":{"urls":[]}},"followers_count":810,"profile_sidebar_border_color":"FFFFFF","id_str":"393099706","profile_background_color":"131516","listed_count":23,"is_translation_enabled":false,"utc_offset":-36000,"statuses_count":8387,"description":"Hedge Fund Manager, M&A Consultant & Optometric Practitioner\r\nLLB (Lond) BOptom (Melb) GDipAppFinance (SIA)\r\nSocial justice, Roman Catholic, football addict","friends_count":951,"location":"Melbourne, Australia","profile_link_color":"009999","profile_image_url":"http://pbs.twimg.com/profile_images/574757231285022720/rfvipKeV_normal.jpeg","following":false,"geo_enabled":false,"profile_banner_url":"https://pbs.twimg.com/profile_banners/393099706/1412998197","profile_background_image_url":"http://pbs.twimg.com/profile_background_images/520775823599489024/Pehvd1aF.jpeg","name":"Dean Rosario","lang":"en","profile_background_tile":true,"favourites_count":69,"screen_name":"DeanRosario","notifications":false,"url":null,"created_at":"Tue Oct 18 01:08:56 +0000 2011","contributors_enabled":false,"time_zone":"Hawaii","protected":false,"default_profile":false,"is_translator":false},"geo":null,"in_reply_to_user_id_str":"1014248527","lang":"en","created_at":"Mon Dec 15 03:04:15 +0000 2014","in_reply_to_status_id_str":"544326351449100289","place":null},
{"contributors":null,"truncated":false,"text":"@DeanRosario God bless you, mate. That 'islamorealism' tweet has to be the stupidest thing that i've ever read on the internet.","in_reply_to_status_id":544327044331343872,"id":544330582260338688,"favorite_count":0,"source":"<a href=\"http://twitter.com\" rel=\"nofollow\">Twitter Web Client</a>","retweeted":false,"coordinates":null,"entities":{"symbols":[],"user_mentions":[{"id":393099706,"indices":[0,12],"id_str":"393099706","screen_name":"DeanRosario","name":"Dean Rosario"}],"hashtags":[],"urls":[]},"in_reply_to_screen_name":"DeanRosario","id_str":"544330582260338688","retweet_count":0,"in_reply_to_user_id":393099706,"favorited":false,"user":{"follow_request_sent":false,"profile_use_background_image":true,"profile_text_color":"333333","default_profile_image":false,"id":986229434,"profile_background_image_url_https":"https://abs.twimg.com/images/themes/theme1/bg.png","verified":false,"profile_location":null,"profile_image_url_https":"https://pbs.twimg.com/profile_images/2927075644/a1d57fa744fad67dc91ee26e191b3ed1_normal.png","profile_sidebar_fill_color":"DDEEF6","entities":{"description":{"urls":[]}},"followers_count":53,"profile_sidebar_border_color":"C0DEED","id_str":"986229434","profile_background_color":"C0DEED","listed_count":1,"is_translation_enabled":false,"utc_offset":39600,"statuses_count":989,"description":"Not important enough to say these views are my own.","friends_count":97,"location":"","profile_link_color":"0084B4","profile_image_url":"http://pbs.twimg.com/profile_images/2927075644/a1d57fa744fad67dc91ee26e191b3ed1_normal.png","following":false,"geo_enabled":true,"profile_background_image_url":"http://abs.twimg.com/images/themes/theme1/bg.png","name":"Michael Coan","lang":"en","profile_background_tile":false,"favourites_count":867,"screen_name":"MikeCoaan","notifications":false,"url":null,"created_at":"Mon Dec 03 08:46:09 +0000 2012","contributors_enabled":false,"time_zone":"New Caledonia","protected":false,"default_profile":true,"is_translator":false},"geo":null,"in_reply_to_user_id_str":"393099706","lang":"en","created_at":"Mon Dec 15 03:18:18 +0000 2014","in_reply_to_status_id_str":"544327044331343872","place":null}
]