[{"contributors":null,"truncated":false,"text":"@StefSimanowitz @RealAliciaMayer Ok, what's Shahadah?","in_reply_to_status_id":544287203728556032,"id":544287761977835520,"favorite_count":0,"source":"<a href=\"http://twitter.com/download/android\" rel=\"nofollow\">Twitter for Android</a>","retweeted":false,"coordinates":null,"entities":{"symbols":[],"user_mentions":[{"id":115393565,"indices":[0,15],"id_str":"115393565","screen_name":"StefSimanowitz","name":"Stefan Simanowitz"},{"id":52990482,"indices":[16,32],"id_str":"52990482","screen_name":"RealAliciaMayer","name":"Alicia Mayer"}],"hashtags":[],"urls":[]},"in_reply_to_screen_name":"StefSimanowitz","id_str":"544287761977835520","retweet_count":0,"in_reply_to_user_id":115393565,"favorited":false,"user":{"follow_request_sent":false,"profile_use_background_image":true,"profile_text_color":"333333","default_profile_image":false,"id":22659990,"profile_background_image_url_https":"https://abs.twimg.com/images/themes/theme1/bg.png","verified":false,"profile_location":null,"profile_image_url_https":"https://pbs.twimg.com/profile_images/589546680934129664/X36E8Obt_normal.jpg","profile_sidebar_fill_color":"DDEEF6","entities":{"description":{"urls":[]}},"followers_count":520,"profile_sidebar_border_color":"C0DEED","id_str":"22659990","profile_background_color":"C0DEED","listed_count":22,"is_translation_enabled":false,"utc_offset":-18000,"statuses_count":19837,"description":"Grandson of a Toronto Mayor. Descendant of an Ontario Premier & Father of Confederation. Public servant. Social media community manager & instructor. Ex-newsman","friends_count":152,"location":"Toronto, Ontario, Canada","profile_link_color":"0084B4","profile_image_url":"http://pbs.twimg.com/profile_images/589546680934129664/X36E8Obt_normal.jpg","following":false,"geo_enabled":true,"profile_banner_url":"https://pbs.twimg.com/profile_banners/22659990/1418833438","profile_background_image_url":"http://abs.twimg.com/images/themes/theme1/bg.png","name":"Bruce Skeaff","lang":"en","profile_background_tile":false,"favourites_count":3766,"screen_name":"TorontoBruce","notifications":false,"url":null,"created_at":"Tue Mar 03 18:59:09 +0000 2009","contributors_enabled":false,"time_zone":"Eastern Time (US & Canada)","protected":false,"default_profile":true,"is_translator":false},"geo":null,"in_reply_to_user_id_str":"115393565","lang":"en","created_at":"Mon Dec 15 00:28:09 +0000 2014","in_reply_to_status_id_str":"544287203728556032","place":null},
{"contributors":null,"truncated":false,"text":"@StefSimanowitz @amz360 What is the diff?","in_reply_to_status_id":544287203728556032,"id":544288122779860992,"favorite_count":0,"source":"<a href=\"http://twitter.com\" rel=\"nofollow\">Twitter Web Client</a>","retweeted":false,"coordinates":null,"entities":{"symbols":[],"user_mentions":[{"id":115393565,"indices":[0,15],"id_str":"115393565","screen_name":"StefSimanowitz","name":"Stefan Simanowitz"},{"id":35343837,"indices":[16,23],"id_str":"35343837","screen_name":"amz360","name":"अतुल || Atul"}],"hashtags":[],"urls":[]},"in_reply_to_screen_name":"StefSimanowitz","id_str":"544288122779860992","retweet_count":1,"in_reply_to_user_id":115393565,"favorited":false,"user":{"follow_request_sent":false,"profile_use_background_image":true,"profile_text_color":"333333","default_profile_image":false,"id":1656622657,"profile_background_image_url_https":"https://abs.twimg.com/images/themes/theme1/bg.png","verified":false,"profile_location":null,"profile_image_url_https":"https://pbs.twimg.com/profile_images/574122074261745664/PR4cctwb_normal.jpeg","profile_sidebar_fill_color":"DDEEF6","entities":{"description":{"urls":[]}},"followers_count":324,"profile_sidebar_border_color":"C0DEED","id_str":"1656622657","profile_background_color":"C0DEED","listed_count":13,"is_translation_enabled":false,"utc_offset":19800,"statuses_count":22841,"description":"घेऊन टाक","friends_count":534,"location":"","profile_link_color":"0084B4","profile_image_url":"http://pbs.twimg.com/profile_images/574122074261745664/PR4cctwb_normal.jpeg","following":false,"geo_enabled":true,"profile_background_image_url":"http://abs.twimg.com/images/themes/theme1/bg.png","name":"Swapnil","lang":"en","profile_background_tile":false,"favourites_count":1823,"screen_name":"PerennialCold","notifications":false,"url":null,"created_at":"Fri Aug 09 01:26:34 +0000 2013","contributors_enabled":false,"time_zone":"New Delhi","protected":false,"default_profile":true,"is_translator":false},"geo":null,"in_reply_to_user_id_str":"115393565","lang":"en","created_at":"Mon Dec 15 00:29:35 +0000 2014","in_reply_to_status_id_str":"544287203728556032","place":null},
{"contributors":null,"truncated":false,"text":"@PerennialCold Liberals say ISIS is not Islam..They can't say the same for this flag. @StefSimanowitz","in_reply_to_status_id":544288122779860992,"id":544288287532122112,"favorite_count":0,"source":"<a href=\"https://about.twitter.com/products/tweetdeck\" rel=\"nofollow\">TweetDeck</a>","retweeted":false,"coordinates":null,"entities":{"symbols":[],"user_mentions":[{"id":1656622657,"indices":[0,14],"id_str":"1656622657","screen_name":"PerennialCold","name":"Swapnil"},{"id":115393565,"indices":[86,101],"id_str":"115393565","screen_name":"StefSimanowitz","name":"Stefan Simanowitz"}],"hashtags":[],"urls":[]},"in_reply_to_screen_name":"PerennialCold","id_str":"544288287532122112","retweet_count":0,"in_reply_to_user_id":1656622657,"favorited":false,"user":{"follow_request_sent":false,"profile_use_background_image":true,"profile_text_color":"333333","default_profile_image":false,"id":35343837,"profile_background_image_url_https":"https://abs.twimg.com/images/themes/theme1/bg.png","verified":false,"profile_location":null,"profile_image_url_https":"https://pbs.twimg.com/profile_images/586075403711811584/FeezFniX_normal.jpg","profile_sidebar_fill_color":"DDEEF6","entities":{"url":{"urls":[{"url":"http://t.co/jykU8y8pKW","indices":[0,22],"expanded_url":"http://ikashmir.net/","display_url":"ikashmir.net"}]},"description":{"urls":[]}},"followers_count":824,"profile_sidebar_border_color":"C0DEED","id_str":"35343837","profile_background_color":"C0DEED","listed_count":21,"is_translation_enabled":false,"utc_offset":-36000,"statuses_count":63368,"description":"Tweets about India|Kashmir|Politics|Religion|Culture|Sci-tech - RT's,Favorites & follows may or may NOT be endorsements of the views!","friends_count":320,"location":"","profile_link_color":"0084B4","profile_image_url":"http://pbs.twimg.com/profile_images/586075403711811584/FeezFniX_normal.jpg","following":false,"geo_enabled":false,"profile_background_image_url":"http://abs.twimg.com/images/themes/theme1/bg.png","name":"अतुल || Atul","lang":"en","profile_background_tile":false,"favourites_count":25050,"screen_name":"amz360","notifications":false,"url":"http://t.co/jykU8y8pKW","created_at":"Sat Apr 25 23:44:00 +0000 2009","contributors_enabled":false,"time_zone":"Hawaii","protected":false,"default_profile":true,"is_translator":false},"geo":null,"in_reply_to_user_id_str":"1656622657","lang":"en","created_at":"Mon Dec 15 00:30:14 +0000 2014","in_reply_to_status_id_str":"544288122779860992","place":null},
{"contributors":null,"truncated":false,"text":"@StefSimanowitz ah so reassuring. Then he might just preach Islam and leave? @amz360","in_reply_to_status_id":544287203728556032,"id":544288318255808512,"favorite_count":2,"source":"<a href=\"http://twitter.com/download/iphone\" rel=\"nofollow\">Twitter for iPhone</a>","retweeted":false,"coordinates":null,"entities":{"symbols":[],"user_mentions":[{"id":115393565,"indices":[0,15],"id_str":"115393565","screen_name":"StefSimanowitz","name":"Stefan Simanowitz"},{"id":35343837,"indices":[77,84],"id_str":"35343837","screen_name":"amz360","name":"अतुल || Atul"}],"hashtags":[],"urls":[]},"in_reply_to_screen_name":"StefSimanowitz","id_str":"544288318255808512","retweet_count":0,"in_reply_to_user_id":115393565,"favorited":false,"user":{"follow_request_sent":false,"profile_use_background_image":true,"profile_text_color":"333333","default_profile_image":false,"id":77695588,"profile_background_image_url_https":"https://abs.twimg.com/images/themes/theme1/bg.png","verified":false,"profile_location":null,"profile_image_url_https":"https://pbs.twimg.com/profile_images/544963203214893056/fvfynwCN_normal.jpeg","profile_sidebar_fill_color":"DDEEF6","entities":{"description":{"urls":[]}},"followers_count":1856,"profile_sidebar_border_color":"C0DEED","id_str":"77695588","profile_background_color":"C0DEED","listed_count":15,"is_translation_enabled":false,"utc_offset":0,"statuses_count":31871,"description":"Ppl who crap  terror have no religion stay off my Tl . .will block if tagged to abusive tweets, even if abuse not meant for me","friends_count":601,"location":"round the corner","profile_link_color":"0084B4","profile_image_url":"http://pbs.twimg.com/profile_images/544963203214893056/fvfynwCN_normal.jpeg","following":false,"geo_enabled":true,"profile_banner_url":"https://pbs.twimg.com/profile_banners/77695588/1411504078","profile_background_image_url":"http://abs.twimg.com/images/themes/theme1/bg.png","name":"Kamoonal Sanghi","lang":"en","profile_background_tile":false,"favourites_count":13234,"screen_name":"EkSanghi","notifications":false,"url":null,"created_at":"Sun Sep 27 08:45:32 +0000 2009","contributors_enabled":false,"time_zone":"Casablanca","protected":false,"default_profile":true,"is_translator":false},"geo":null,"in_reply_to_user_id_str":"115393565","lang":"en","created_at":"Mon Dec 15 00:30:22 +0000 2014","in_reply_to_status_id_str":"544287203728556032","place":null},
{"contributors":null,"truncated":false,"text":"@StefSimanowitz @amz360 OK. This is SHahada as per Wiki http://t.co/uLW8zCWxQ2","in_reply_to_status_id":544287203728556032,"id":544288351776288768,"favorite_count":0,"source":"<a href=\"http://twitter.com\" rel=\"nofollow\">Twitter Web Client</a>","retweeted":false,"coordinates":null,"entities":{"symbols":[],"user_mentions":[{"id":115393565,"indices":[0,15],"id_str":"115393565","screen_name":"StefSimanowitz","name":"Stefan Simanowitz"},{"id":35343837,"indices":[16,23],"id_str":"35343837","screen_name":"amz360","name":"अतुल || Atul"}],"hashtags":[],"urls":[],"media":[{"expanded_url":"http://twitter.com/PerennialCold/status/544288351776288768/photo/1","display_url":"pic.twitter.com/uLW8zCWxQ2","url":"http://t.co/uLW8zCWxQ2","media_url_https":"https://pbs.twimg.com/media/B42zXuoCYAAn3mk.png","id_str":"544288350216019968","sizes":{"large":{"h":90,"resize":"fit","w":501},"small":{"h":61,"resize":"fit","w":340},"medium":{"h":90,"resize":"fit","w":501},"thumb":{"h":90,"resize":"crop","w":150}},"indices":[56,78],"type":"photo","id":544288350216019968,"media_url":"http://pbs.twimg.com/media/B42zXuoCYAAn3mk.png"}]},"in_reply_to_screen_name":"StefSimanowitz","id_str":"544288351776288768","retweet_count":0,"in_reply_to_user_id":115393565,"favorited":false,"user":{"follow_request_sent":false,"profile_use_background_image":true,"profile_text_color":"333333","default_profile_image":false,"id":1656622657,"profile_background_image_url_https":"https://abs.twimg.com/images/themes/theme1/bg.png","verified":false,"profile_location":null,"profile_image_url_https":"https://pbs.twimg.com/profile_images/574122074261745664/PR4cctwb_normal.jpeg","profile_sidebar_fill_color":"DDEEF6","entities":{"description":{"urls":[]}},"followers_count":324,"profile_sidebar_border_color":"C0DEED","id_str":"1656622657","profile_background_color":"C0DEED","listed_count":13,"is_translation_enabled":false,"utc_offset":19800,"statuses_count":22841,"description":"घेऊन टाक","friends_count":534,"location":"","profile_link_color":"0084B4","profile_image_url":"http://pbs.twimg.com/profile_images/574122074261745664/PR4cctwb_normal.jpeg","following":false,"geo_enabled":true,"profile_background_image_url":"http://abs.twimg.com/images/themes/theme1/bg.png","name":"Swapnil","lang":"en","profile_background_tile":false,"favourites_count":1823,"screen_name":"PerennialCold","notifications":false,"url":null,"created_at":"Fri Aug 09 01:26:34 +0000 2013","contributors_enabled":false,"time_zone":"New Delhi","protected":false,"default_profile":true,"is_translator":false},"geo":null,"in_reply_to_user_id_str":"115393565","possibly_sensitive":true,"lang":"en","created_at":"Mon Dec 15 00:30:30 +0000 2014","in_reply_to_status_id_str":"544287203728556032","place":null,"extended_entities":{"media":[{"expanded_url":"http://twitter.com/PerennialCold/status/544288351776288768/photo/1","display_url":"pic.twitter.com/uLW8zCWxQ2","url":"http://t.co/uLW8zCWxQ2","media_url_https":"https://pbs.twimg.com/media/B42zXuoCYAAn3mk.png","id_str":"544288350216019968","sizes":{"large":{"h":90,"resize":"fit","w":501},"small":{"h":61,"resize":"fit","w":340},"medium":{"h":90,"resize":"fit","w":501},"thumb":{"h":90,"resize":"crop","w":150}},"indices":[56,78],"type":"photo","id":544288350216019968,"media_url":"http://pbs.twimg.com/media/B42zXuoCYAAn3mk.png"}]}},
{"contributors":null,"truncated":false,"text":"@ManiChakr Once this ends, I will sure be part of any class action suit against any terror apologist I find. @StefSimanowitz","in_reply_to_status_id":544288318255808512,"id":544288750956589056,"favorite_count":1,"source":"<a href=\"https://about.twitter.com/products/tweetdeck\" rel=\"nofollow\">TweetDeck</a>","retweeted":false,"coordinates":null,"entities":{"symbols":[],"user_mentions":[{"id":115393565,"indices":[109,124],"id_str":"115393565","screen_name":"StefSimanowitz","name":"Stefan Simanowitz"}],"hashtags":[],"urls":[]},"in_reply_to_screen_name":"EkSanghi","id_str":"544288750956589056","retweet_count":1,"in_reply_to_user_id":77695588,"favorited":false,"user":{"follow_request_sent":false,"profile_use_background_image":true,"profile_text_color":"333333","default_profile_image":false,"id":35343837,"profile_background_image_url_https":"https://abs.twimg.com/images/themes/theme1/bg.png","verified":false,"profile_location":null,"profile_image_url_https":"https://pbs.twimg.com/profile_images/586075403711811584/FeezFniX_normal.jpg","profile_sidebar_fill_color":"DDEEF6","entities":{"url":{"urls":[{"url":"http://t.co/jykU8y8pKW","indices":[0,22],"expanded_url":"http://ikashmir.net/","display_url":"ikashmir.net"}]},"description":{"urls":[]}},"followers_count":824,"profile_sidebar_border_color":"C0DEED","id_str":"35343837","profile_background_color":"C0DEED","listed_count":21,"is_translation_enabled":false,"utc_offset":-36000,"statuses_count":63368,"description":"Tweets about India|Kashmir|Politics|Religion|Culture|Sci-tech - RT's,Favorites & follows may or may NOT be endorsements of the views!","friends_count":320,"location":"","profile_link_color":"0084B4","profile_image_url":"http://pbs.twimg.com/profile_images/586075403711811584/FeezFniX_normal.jpg","following":false,"geo_enabled":false,"profile_background_image_url":"http://abs.twimg.com/images/themes/theme1/bg.png","name":"अतुल || Atul","lang":"en","profile_background_tile":false,"favourites_count":25050,"screen_name":"amz360","notifications":false,"url":"http://t.co/jykU8y8pKW","created_at":"Sat Apr 25 23:44:00 +0000 2009","contributors_enabled":false,"time_zone":"Hawaii","protected":false,"default_profile":true,"is_translator":false},"geo":null,"in_reply_to_user_id_str":"77695588","lang":"en","created_at":"Mon Dec 15 00:32:05 +0000 2014","in_reply_to_status_id_str":"544288318255808512","place":null},
{"contributors":null,"truncated":false,"text":"@TorontoBruce I bear witness that thr is no god but Allah &amp; I bear witness tht Muh is the Messenger f Allah @StefSimanowitz @RealAliciaMayer","in_reply_to_status_id":544287761977835520,"id":544289166356262912,"favorite_count":0,"source":"<a href=\"http://twitter.com\" rel=\"nofollow\">Twitter Web Client</a>","retweeted":false,"coordinates":null,"entities":{"symbols":[],"user_mentions":[{"id":22659990,"indices":[0,13],"id_str":"22659990","screen_name":"TorontoBruce","name":"Bruce Skeaff"},{"id":115393565,"indices":[112,127],"id_str":"115393565","screen_name":"StefSimanowitz","name":"Stefan Simanowitz"},{"id":52990482,"indices":[128,144],"id_str":"52990482","screen_name":"RealAliciaMayer","name":"Alicia Mayer"}],"hashtags":[],"urls":[]},"in_reply_to_screen_name":"TorontoBruce","id_str":"544289166356262912","retweet_count":0,"in_reply_to_user_id":22659990,"favorited":false,"user":{"follow_request_sent":false,"profile_use_background_image":false,"profile_text_color":"000000","default_profile_image":false,"id":2816670832,"profile_background_image_url_https":"https://abs.twimg.com/images/themes/theme1/bg.png","verified":false,"profile_location":null,"profile_image_url_https":"https://pbs.twimg.com/profile_images/586815317445181440/TnaHLS3e_normal.jpg","profile_sidebar_fill_color":"000000","entities":{"description":{"urls":[]}},"followers_count":138,"profile_sidebar_border_color":"000000","id_str":"2816670832","profile_background_color":"000000","listed_count":11,"is_translation_enabled":false,"utc_offset":28800,"statuses_count":2962,"description":"21,[ Why are we here ? Hope, For hope we live... ] an IITian .... The Sky's The Limit !! Army Brat !!","friends_count":600,"location":"","profile_link_color":"4A913C","profile_image_url":"http://pbs.twimg.com/profile_images/586815317445181440/TnaHLS3e_normal.jpg","following":false,"geo_enabled":true,"profile_background_image_url":"http://abs.twimg.com/images/themes/theme1/bg.png","name":"Robin Rathore","lang":"en","profile_background_tile":false,"favourites_count":474,"screen_name":"robin_rathore1","notifications":false,"url":null,"created_at":"Wed Oct 08 19:57:15 +0000 2014","contributors_enabled":false,"time_zone":"Singapore","protected":false,"default_profile":false,"is_translator":false},"geo":null,"in_reply_to_user_id_str":"22659990","lang":"en","created_at":"Mon Dec 15 00:33:44 +0000 2014","in_reply_to_status_id_str":"544287761977835520","place":null},
{"contributors":null,"truncated":false,"text":"@StefSimanowitz who is Shahadah? What faith are they? From what country also, if you don't mind answering.?","in_reply_to_status_id":544287203728556032,"id":544291248849174528,"favorite_count":0,"source":"<a href=\"http://twitter.com\" rel=\"nofollow\">Twitter Web Client</a>","retweeted":false,"coordinates":null,"entities":{"symbols":[],"user_mentions":[{"id":115393565,"indices":[0,15],"id_str":"115393565","screen_name":"StefSimanowitz","name":"Stefan Simanowitz"}],"hashtags":[],"urls":[]},"in_reply_to_screen_name":"StefSimanowitz","id_str":"544291248849174528","retweet_count":0,"in_reply_to_user_id":115393565,"favorited":false,"user":{"follow_request_sent":false,"profile_use_background_image":true,"profile_text_color":"333333","default_profile_image":false,"id":2149505432,"profile_background_image_url_https":"https://pbs.twimg.com/profile_background_images/517166604920950786/Kxz8gI1L.jpeg","verified":false,"profile_location":null,"profile_image_url_https":"https://pbs.twimg.com/profile_images/494244783741628416/K2k1b8oB_normal.jpeg","profile_sidebar_fill_color":"EFEFEF","entities":{"description":{"urls":[]}},"followers_count":176,"profile_sidebar_border_color":"FFFFFF","id_str":"2149505432","profile_background_color":"131516","listed_count":0,"is_translation_enabled":false,"utc_offset":-21600,"statuses_count":2504,"description":"LoVe ~ LiFe ~ LiBeRtY~ Being Me! Cheers! xo!  :)   ~Child of God!~    \nChickasaw~Irish~German Baby! xo! Peace & Love Always xo!","friends_count":300,"location":"Turtle Island : IwUzBliNdNowIC","profile_link_color":"009999","profile_image_url":"http://pbs.twimg.com/profile_images/494244783741628416/K2k1b8oB_normal.jpeg","following":false,"geo_enabled":false,"profile_banner_url":"https://pbs.twimg.com/profile_banners/2149505432/1410618178","profile_background_image_url":"http://pbs.twimg.com/profile_background_images/517166604920950786/Kxz8gI1L.jpeg","name":"{{{We All Connect}}}","lang":"en","profile_background_tile":true,"favourites_count":3694,"screen_name":"DeAnnaSabaoth","notifications":false,"url":null,"created_at":"Tue Oct 22 18:22:40 +0000 2013","contributors_enabled":false,"time_zone":"Central Time (US & Canada)","protected":false,"default_profile":false,"is_translator":false},"geo":null,"in_reply_to_user_id_str":"115393565","lang":"en","created_at":"Mon Dec 15 00:42:00 +0000 2014","in_reply_to_status_id_str":"544287203728556032","place":null},
{"contributors":null,"truncated":false,"text":"@StefSimanowitz @RaniaKhan30 they're both Shadaha flags. ISIS one in the handwriting of Muhammad SAW.","in_reply_to_status_id":544287203728556032,"id":544292036191719424,"favorite_count":0,"source":"<a href=\"http://twitter.com/download/android\" rel=\"nofollow\">Twitter for Android</a>","retweeted":false,"coordinates":null,"entities":{"symbols":[],"user_mentions":[{"id":115393565,"indices":[0,15],"id_str":"115393565","screen_name":"StefSimanowitz","name":"Stefan Simanowitz"},{"id":354004878,"indices":[16,28],"id_str":"354004878","screen_name":"RaniaKhan30","name":"Rania Khan"}],"hashtags":[],"urls":[]},"in_reply_to_screen_name":"StefSimanowitz","id_str":"544292036191719424","retweet_count":0,"in_reply_to_user_id":115393565,"favorited":false,"user":{"follow_request_sent":false,"profile_use_background_image":true,"profile_text_color":"333333","default_profile_image":false,"id":588375765,"profile_background_image_url_https":"https://pbs.twimg.com/profile_background_images/662849454/mppg452h1g9oa2ns24x0.jpeg","verified":false,"profile_location":null,"profile_image_url_https":"https://pbs.twimg.com/profile_images/544157653912412160/FZp9I9r1_normal.jpeg","profile_sidebar_fill_color":"DDEEF6","entities":{"description":{"urls":[]}},"followers_count":909,"profile_sidebar_border_color":"000000","id_str":"588375765","profile_background_color":"EBD1C1","listed_count":30,"is_translation_enabled":false,"utc_offset":14400,"statuses_count":21048,"description":"The Arse | The Old Lady | The Greek God | The Pirates - Serial Offender","friends_count":686,"location":"","profile_link_color":"D42828","profile_image_url":"http://pbs.twimg.com/profile_images/544157653912412160/FZp9I9r1_normal.jpeg","following":false,"geo_enabled":false,"profile_banner_url":"https://pbs.twimg.com/profile_banners/588375765/1394760372","profile_background_image_url":"http://pbs.twimg.com/profile_background_images/662849454/mppg452h1g9oa2ns24x0.jpeg","name":"Khadra","lang":"en","profile_background_tile":true,"favourites_count":2205,"screen_name":"OranjeKhadra","notifications":false,"url":null,"created_at":"Wed May 23 13:38:34 +0000 2012","contributors_enabled":false,"time_zone":"Abu Dhabi","protected":false,"default_profile":false,"is_translator":false},"geo":null,"in_reply_to_user_id_str":"115393565","lang":"en","created_at":"Mon Dec 15 00:45:08 +0000 2014","in_reply_to_status_id_str":"544287203728556032","place":null},
{"contributors":null,"truncated":false,"text":"@StefSimanowitz A note to broadcasters: The writing on the flag is \"Arabic writing\" not \"Islamic writing\"","in_reply_to_status_id":544287203728556032,"id":544292054722166784,"favorite_count":8,"source":"<a href=\"http://twitter.com/download/iphone\" rel=\"nofollow\">Twitter for iPhone</a>","retweeted":false,"coordinates":null,"entities":{"symbols":[],"user_mentions":[{"id":115393565,"indices":[0,15],"id_str":"115393565","screen_name":"StefSimanowitz","name":"Stefan Simanowitz"}],"hashtags":[],"urls":[]},"in_reply_to_screen_name":"StefSimanowitz","id_str":"544292054722166784","retweet_count":12,"in_reply_to_user_id":115393565,"favorited":false,"user":{"follow_request_sent":false,"profile_use_background_image":true,"profile_text_color":"333333","default_profile_image":false,"id":115393565,"profile_background_image_url_https":"https://pbs.twimg.com/profile_background_images/464143620669321216/DN9j9dP1.jpeg","verified":false,"profile_location":null,"profile_image_url_https":"https://pbs.twimg.com/profile_images/506213952863604736/BPf_GlUr_normal.jpeg","profile_sidebar_fill_color":"FFFFFF","entities":{"url":{"urls":[{"url":"http://t.co/jCY0b2Ic8N","indices":[0,22],"expanded_url":"http://stefansimanowitz.com","display_url":"stefansimanowitz.com"}]},"description":{"urls":[]}},"followers_count":4538,"profile_sidebar_border_color":"FFFFFF","id_str":"115393565","profile_background_color":"131516","listed_count":155,"is_translation_enabled":false,"utc_offset":0,"statuses_count":1903,"description":"Journalist || Campaigner || Consultant || Politics - Human Rghts - Culture - Currently media/campaigns at #AmnestyInternational","friends_count":2310,"location":"","profile_link_color":"009999","profile_image_url":"http://pbs.twimg.com/profile_images/506213952863604736/BPf_GlUr_normal.jpeg","following":false,"geo_enabled":false,"profile_banner_url":"https://pbs.twimg.com/profile_banners/115393565/1355243878","profile_background_image_url":"http://pbs.twimg.com/profile_background_images/464143620669321216/DN9j9dP1.jpeg","name":"Stefan Simanowitz","lang":"en","profile_background_tile":false,"favourites_count":1353,"screen_name":"StefSimanowitz","notifications":false,"url":"http://t.co/jCY0b2Ic8N","created_at":"Thu Feb 18 14:29:43 +0000 2010","contributors_enabled":false,"time_zone":"London","protected":false,"default_profile":false,"is_translator":false},"geo":null,"in_reply_to_user_id_str":"115393565","lang":"en","created_at":"Mon Dec 15 00:45:12 +0000 2014","in_reply_to_status_id_str":"544287203728556032","place":null},
{"contributors":null,"truncated":false,"text":"@StefSimanowitz this could be because it's hard to get those flags  in Sydney. We can't assume a link or no link yet.","in_reply_to_status_id":544287203728556032,"id":544292099911217152,"favorite_count":1,"source":"<a href=\"http://twitter.com/download/iphone\" rel=\"nofollow\">Twitter for iPhone</a>","retweeted":false,"coordinates":null,"entities":{"symbols":[],"user_mentions":[{"id":115393565,"indices":[0,15],"id_str":"115393565","screen_name":"StefSimanowitz","name":"Stefan Simanowitz"}],"hashtags":[],"urls":[]},"in_reply_to_screen_name":"StefSimanowitz","id_str":"544292099911217152","retweet_count":0,"in_reply_to_user_id":115393565,"favorited":false,"user":{"follow_request_sent":false,"profile_use_background_image":true,"profile_text_color":"333333","default_profile_image":false,"id":277747585,"profile_background_image_url_https":"https://abs.twimg.com/images/themes/theme14/bg.gif","verified":false,"profile_location":null,"profile_image_url_https":"https://pbs.twimg.com/profile_images/530065377397444608/ao0H663D_normal.jpeg","profile_sidebar_fill_color":"EFEFEF","entities":{"url":{"urls":[{"url":"http://t.co/QnC8B2lMwo","indices":[0,22],"expanded_url":"http://www.kateshuttleworth.com","display_url":"kateshuttleworth.com"}]},"description":{"urls":[]}},"followers_count":4062,"profile_sidebar_border_color":"FFFFFF","id_str":"277747585","profile_background_color":"070C0F","listed_count":63,"is_translation_enabled":false,"utc_offset":46800,"statuses_count":7868,"description":"New Zealander. Freelance reporter. Middle East.\n\n@nzherald @dw_english @ajam @guardian @Telegraph @TheNationalUAE @nytimes @USATODAY","friends_count":1347,"location":"Jerusalem","profile_link_color":"009999","profile_image_url":"http://pbs.twimg.com/profile_images/530065377397444608/ao0H663D_normal.jpeg","following":false,"geo_enabled":true,"profile_banner_url":"https://pbs.twimg.com/profile_banners/277747585/1408649365","profile_background_image_url":"http://abs.twimg.com/images/themes/theme14/bg.gif","name":"Kate Shuttleworth","lang":"en","profile_background_tile":true,"favourites_count":9358,"screen_name":"K8Shuttleworth","notifications":false,"url":"http://t.co/QnC8B2lMwo","created_at":"Tue Apr 05 23:27:20 +0000 2011","contributors_enabled":false,"time_zone":"Wellington","protected":false,"default_profile":false,"is_translator":false},"geo":null,"in_reply_to_user_id_str":"115393565","lang":"en","created_at":"Mon Dec 15 00:45:23 +0000 2014","in_reply_to_status_id_str":"544287203728556032","place":null},
{"contributors":null,"truncated":false,"text":"@robin_rathore1 @TorontoBruce @StefSimanowitz @RealAliciaMayer and what does the Isis flag say ?","in_reply_to_status_id":544289166356262912,"id":544292472005091329,"favorite_count":0,"source":"<a href=\"http://twitter.com/download/iphone\" rel=\"nofollow\">Twitter for iPhone</a>","retweeted":false,"coordinates":null,"entities":{"symbols":[],"user_mentions":[{"id":2816670832,"indices":[0,15],"id_str":"2816670832","screen_name":"robin_rathore1","name":"Robin Rathore"},{"id":22659990,"indices":[16,29],"id_str":"22659990","screen_name":"TorontoBruce","name":"Bruce Skeaff"},{"id":115393565,"indices":[30,45],"id_str":"115393565","screen_name":"StefSimanowitz","name":"Stefan Simanowitz"},{"id":52990482,"indices":[46,62],"id_str":"52990482","screen_name":"RealAliciaMayer","name":"Alicia Mayer"}],"hashtags":[],"urls":[]},"in_reply_to_screen_name":"robin_rathore1","id_str":"544292472005091329","retweet_count":0,"in_reply_to_user_id":2816670832,"favorited":false,"user":{"follow_request_sent":false,"profile_use_background_image":true,"profile_text_color":"333333","default_profile_image":false,"id":17699381,"profile_background_image_url_https":"https://abs.twimg.com/images/themes/theme14/bg.gif","verified":false,"profile_location":null,"profile_image_url_https":"https://pbs.twimg.com/profile_images/569945069525143552/hyR__h1m_normal.jpeg","profile_sidebar_fill_color":"EFEFEF","entities":{"description":{"urls":[]}},"followers_count":749,"profile_sidebar_border_color":"EEEEEE","id_str":"17699381","profile_background_color":"131516","listed_count":14,"is_translation_enabled":false,"utc_offset":-28800,"statuses_count":12492,"description":"Free minds & Free markets","friends_count":1988,"location":"New york","profile_link_color":"009999","profile_image_url":"http://pbs.twimg.com/profile_images/569945069525143552/hyR__h1m_normal.jpeg","following":false,"geo_enabled":true,"profile_banner_url":"https://pbs.twimg.com/profile_banners/17699381/1406211431","profile_background_image_url":"http://abs.twimg.com/images/themes/theme14/bg.gif","name":"Sonam Agrawal","lang":"en","profile_background_tile":true,"favourites_count":9597,"screen_name":"knackofflying","notifications":false,"url":null,"created_at":"Fri Nov 28 04:49:20 +0000 2008","contributors_enabled":false,"time_zone":"Pacific Time (US & Canada)","protected":false,"default_profile":false,"is_translator":false},"geo":null,"in_reply_to_user_id_str":"2816670832","lang":"en","created_at":"Mon Dec 15 00:46:52 +0000 2014","in_reply_to_status_id_str":"544289166356262912","place":null},
{"contributors":null,"truncated":false,"text":"@knackofflying @robin_rathore1 @TorontoBruce @StefSimanowitz not sure as yet.","in_reply_to_status_id":544292472005091329,"id":544292530599124994,"favorite_count":0,"source":"<a href=\"http://twitter.com\" rel=\"nofollow\">Twitter Web Client</a>","retweeted":false,"coordinates":null,"entities":{"symbols":[],"user_mentions":[{"id":17699381,"indices":[0,14],"id_str":"17699381","screen_name":"knackofflying","name":"Sonam Agrawal"},{"id":2816670832,"indices":[15,30],"id_str":"2816670832","screen_name":"robin_rathore1","name":"Robin Rathore"},{"id":22659990,"indices":[31,44],"id_str":"22659990","screen_name":"TorontoBruce","name":"Bruce Skeaff"},{"id":115393565,"indices":[45,60],"id_str":"115393565","screen_name":"StefSimanowitz","name":"Stefan Simanowitz"}],"hashtags":[],"urls":[]},"in_reply_to_screen_name":"knackofflying","id_str":"544292530599124994","retweet_count":0,"in_reply_to_user_id":17699381,"favorited":false,"user":{"follow_request_sent":false,"profile_use_background_image":true,"profile_text_color":"666666","default_profile_image":false,"id":52990482,"profile_background_image_url_https":"https://abs.twimg.com/images/themes/theme9/bg.gif","verified":false,"profile_location":null,"profile_image_url_https":"https://pbs.twimg.com/profile_images/561672128307539969/48zp9xJ__normal.jpeg","profile_sidebar_fill_color":"252429","entities":{"url":{"urls":[{"url":"http://t.co/lN7ovOztfr","indices":[0,22],"expanded_url":"http://AliciaMayerShow.com","display_url":"AliciaMayerShow.com"}]},"description":{"urls":[]}},"followers_count":3307,"profile_sidebar_border_color":"181A1E","id_str":"52990482","profile_background_color":"1A1B1F","listed_count":123,"is_translation_enabled":false,"utc_offset":39600,"statuses_count":19886,"description":"Host of Hollywood @TimeMachineTalk Radio Show live Sat 6pm EST. Host/producer of live streamed events | Film historian | Louis B. Mayer grandniece | Book editor","friends_count":788,"location":"","profile_link_color":"2FC2EF","profile_image_url":"http://pbs.twimg.com/profile_images/561672128307539969/48zp9xJ__normal.jpeg","following":false,"geo_enabled":false,"profile_banner_url":"https://pbs.twimg.com/profile_banners/52990482/1407028543","profile_background_image_url":"http://abs.twimg.com/images/themes/theme9/bg.gif","name":"Alicia Mayer","lang":"en","profile_background_tile":false,"favourites_count":6816,"screen_name":"RealAliciaMayer","notifications":false,"url":"http://t.co/lN7ovOztfr","created_at":"Thu Jul 02 06:20:13 +0000 2009","contributors_enabled":false,"time_zone":"Sydney","protected":false,"default_profile":false,"is_translator":false},"geo":null,"in_reply_to_user_id_str":"17699381","lang":"en","created_at":"Mon Dec 15 00:47:06 +0000 2014","in_reply_to_status_id_str":"544292472005091329","place":null},
{"contributors":null,"truncated":false,"text":"@OranjeKhadra @StefSimanowitz the second is the ISIS flag right?","in_reply_to_status_id":544292036191719424,"id":544292542603616256,"favorite_count":0,"source":"<a href=\"http://twitter.com/download/android\" rel=\"nofollow\">Twitter for Android</a>","retweeted":false,"coordinates":null,"entities":{"symbols":[],"user_mentions":[{"id":588375765,"indices":[0,13],"id_str":"588375765","screen_name":"OranjeKhadra","name":"Khadra"},{"id":115393565,"indices":[14,29],"id_str":"115393565","screen_name":"StefSimanowitz","name":"Stefan Simanowitz"}],"hashtags":[],"urls":[]},"in_reply_to_screen_name":"OranjeKhadra","id_str":"544292542603616256","retweet_count":0,"in_reply_to_user_id":588375765,"favorited":false,"user":{"follow_request_sent":false,"profile_use_background_image":true,"profile_text_color":"333333","default_profile_image":false,"id":354004878,"profile_background_image_url_https":"https://abs.twimg.com/images/themes/theme18/bg.gif","verified":false,"profile_location":null,"profile_image_url_https":"https://pbs.twimg.com/profile_images/495643152053579776/DsIOhxjA_normal.jpeg","profile_sidebar_fill_color":"F6F6F6","entities":{"url":{"urls":[{"url":"http://t.co/FCJgqiIrGe","indices":[0,22],"expanded_url":"http://raniakhan.blogspot.com/","display_url":"raniakhan.blogspot.com"}]},"description":{"urls":[]}},"followers_count":2395,"profile_sidebar_border_color":"EEEEEE","id_str":"354004878","profile_background_color":"ACDED6","listed_count":32,"is_translation_enabled":false,"utc_offset":3600,"statuses_count":7254,"description":"Science teacher. FORMER Independent councillor in Tower Hamlets & lead for culture. Left-wing feminist. Love tigers, orchids & cycling.","friends_count":1273,"location":"Tower Hamlets","profile_link_color":"038543","profile_image_url":"http://pbs.twimg.com/profile_images/495643152053579776/DsIOhxjA_normal.jpeg","following":false,"geo_enabled":false,"profile_background_image_url":"http://abs.twimg.com/images/themes/theme18/bg.gif","name":"Rania Khan","lang":"en","profile_background_tile":false,"favourites_count":831,"screen_name":"RaniaKhan30","notifications":false,"url":"http://t.co/FCJgqiIrGe","created_at":"Sat Aug 13 00:13:24 +0000 2011","contributors_enabled":false,"time_zone":"Amsterdam","protected":false,"default_profile":false,"is_translator":false},"geo":null,"in_reply_to_user_id_str":"588375765","lang":"en","created_at":"Mon Dec 15 00:47:09 +0000 2014","in_reply_to_status_id_str":"544292036191719424","place":null},
{"contributors":null,"truncated":false,"text":"@RaniaKhan30 @StefSimanowitz yes, only difference is that it's in the handwriting of Muhammad SAW","in_reply_to_status_id":544292542603616256,"id":544292996976771072,"favorite_count":0,"source":"<a href=\"http://twitter.com/download/android\" rel=\"nofollow\">Twitter for Android</a>","retweeted":false,"coordinates":null,"entities":{"symbols":[],"user_mentions":[{"id":354004878,"indices":[0,12],"id_str":"354004878","screen_name":"RaniaKhan30","name":"Rania Khan"},{"id":115393565,"indices":[13,28],"id_str":"115393565","screen_name":"StefSimanowitz","name":"Stefan Simanowitz"}],"hashtags":[],"urls":[]},"in_reply_to_screen_name":"RaniaKhan30","id_str":"544292996976771072","retweet_count":0,"in_reply_to_user_id":354004878,"favorited":false,"user":{"follow_request_sent":false,"profile_use_background_image":true,"profile_text_color":"333333","default_profile_image":false,"id":588375765,"profile_background_image_url_https":"https://pbs.twimg.com/profile_background_images/662849454/mppg452h1g9oa2ns24x0.jpeg","verified":false,"profile_location":null,"profile_image_url_https":"https://pbs.twimg.com/profile_images/544157653912412160/FZp9I9r1_normal.jpeg","profile_sidebar_fill_color":"DDEEF6","entities":{"description":{"urls":[]}},"followers_count":909,"profile_sidebar_border_color":"000000","id_str":"588375765","profile_background_color":"EBD1C1","listed_count":30,"is_translation_enabled":false,"utc_offset":14400,"statuses_count":21048,"description":"The Arse | The Old Lady | The Greek God | The Pirates - Serial Offender","friends_count":686,"location":"","profile_link_color":"D42828","profile_image_url":"http://pbs.twimg.com/profile_images/544157653912412160/FZp9I9r1_normal.jpeg","following":false,"geo_enabled":false,"profile_banner_url":"https://pbs.twimg.com/profile_banners/588375765/1394760372","profile_background_image_url":"http://pbs.twimg.com/profile_background_images/662849454/mppg452h1g9oa2ns24x0.jpeg","name":"Khadra","lang":"en","profile_background_tile":true,"favourites_count":2205,"screen_name":"OranjeKhadra","notifications":false,"url":null,"created_at":"Wed May 23 13:38:34 +0000 2012","contributors_enabled":false,"time_zone":"Abu Dhabi","protected":false,"default_profile":false,"is_translator":false},"geo":null,"in_reply_to_user_id_str":"354004878","lang":"en","created_at":"Mon Dec 15 00:48:57 +0000 2014","in_reply_to_status_id_str":"544292542603616256","place":null},
{"contributors":null,"truncated":false,"text":"@StefSimanowitz @sarahalsherif they both represent ISIS","in_reply_to_status_id":544287203728556032,"id":544293040698191872,"favorite_count":0,"source":"<a href=\"http://twitter.com/download/android\" rel=\"nofollow\">Twitter for Android</a>","retweeted":false,"coordinates":null,"entities":{"symbols":[],"user_mentions":[{"id":115393565,"indices":[0,15],"id_str":"115393565","screen_name":"StefSimanowitz","name":"Stefan Simanowitz"},{"id":18376645,"indices":[16,30],"id_str":"18376645","screen_name":"sarahalsherif","name":"Sara Alsherif"}],"hashtags":[],"urls":[]},"in_reply_to_screen_name":"StefSimanowitz","id_str":"544293040698191872","retweet_count":1,"in_reply_to_user_id":115393565,"favorited":false,"user":{"follow_request_sent":false,"profile_use_background_image":true,"profile_text_color":"454545","default_profile_image":false,"id":2235111,"profile_background_image_url_https":"https://pbs.twimg.com/profile_background_images/217587156/Gue3bara-twitter.png","verified":false,"profile_location":null,"profile_image_url_https":"https://pbs.twimg.com/profile_images/2465768346/f0vz81qnvqoqw7zgez2u_normal.png","profile_sidebar_fill_color":"F3F3F3","entities":{"url":{"urls":[{"url":"http://t.co/VDog17cIDF","indices":[0,22],"expanded_url":"http://www.behance.net/gaber","display_url":"behance.net/gaber"}]},"description":{"urls":[]}},"followers_count":40448,"profile_sidebar_border_color":"F3F3F3","id_str":"2235111","profile_background_color":"FFFFFF","listed_count":318,"is_translation_enabled":false,"utc_offset":7200,"statuses_count":45051,"description":"Visual artist polluted with politics.","friends_count":587,"location":"Cairo","profile_link_color":"CCBB04","profile_image_url":"http://pbs.twimg.com/profile_images/2465768346/f0vz81qnvqoqw7zgez2u_normal.png","following":false,"geo_enabled":true,"profile_banner_url":"https://pbs.twimg.com/profile_banners/2235111/1365133580","profile_background_image_url":"http://pbs.twimg.com/profile_background_images/217587156/Gue3bara-twitter.png","name":"Guebara - جيبارا","lang":"en","profile_background_tile":false,"favourites_count":2710,"screen_name":"Gue3bara","notifications":false,"url":"http://t.co/VDog17cIDF","created_at":"Mon Mar 26 01:44:58 +0000 2007","contributors_enabled":false,"time_zone":"Cairo","protected":false,"default_profile":false,"is_translator":false},"geo":null,"in_reply_to_user_id_str":"115393565","lang":"en","created_at":"Mon Dec 15 00:49:08 +0000 2014","in_reply_to_status_id_str":"544287203728556032","place":null},
{"contributors":null,"truncated":false,"text":"@OranjeKhadra @StefSimanowitz Original text copied? How disgusting are these pple? Killing in the name of our beloved Prophet SAW","in_reply_to_status_id":544292996976771072,"id":544293371498758145,"favorite_count":0,"source":"<a href=\"http://twitter.com/download/android\" rel=\"nofollow\">Twitter for Android</a>","retweeted":false,"coordinates":null,"entities":{"symbols":[],"user_mentions":[{"id":588375765,"indices":[0,13],"id_str":"588375765","screen_name":"OranjeKhadra","name":"Khadra"},{"id":115393565,"indices":[14,29],"id_str":"115393565","screen_name":"StefSimanowitz","name":"Stefan Simanowitz"}],"hashtags":[],"urls":[]},"in_reply_to_screen_name":"OranjeKhadra","id_str":"544293371498758145","retweet_count":0,"in_reply_to_user_id":588375765,"favorited":false,"user":{"follow_request_sent":false,"profile_use_background_image":true,"profile_text_color":"333333","default_profile_image":false,"id":354004878,"profile_background_image_url_https":"https://abs.twimg.com/images/themes/theme18/bg.gif","verified":false,"profile_location":null,"profile_image_url_https":"https://pbs.twimg.com/profile_images/495643152053579776/DsIOhxjA_normal.jpeg","profile_sidebar_fill_color":"F6F6F6","entities":{"url":{"urls":[{"url":"http://t.co/FCJgqiIrGe","indices":[0,22],"expanded_url":"http://raniakhan.blogspot.com/","display_url":"raniakhan.blogspot.com"}]},"description":{"urls":[]}},"followers_count":2395,"profile_sidebar_border_color":"EEEEEE","id_str":"354004878","profile_background_color":"ACDED6","listed_count":32,"is_translation_enabled":false,"utc_offset":3600,"statuses_count":7254,"description":"Science teacher. FORMER Independent councillor in Tower Hamlets & lead for culture. Left-wing feminist. Love tigers, orchids & cycling.","friends_count":1273,"location":"Tower Hamlets","profile_link_color":"038543","profile_image_url":"http://pbs.twimg.com/profile_images/495643152053579776/DsIOhxjA_normal.jpeg","following":false,"geo_enabled":false,"profile_background_image_url":"http://abs.twimg.com/images/themes/theme18/bg.gif","name":"Rania Khan","lang":"en","profile_background_tile":false,"favourites_count":831,"screen_name":"RaniaKhan30","notifications":false,"url":"http://t.co/FCJgqiIrGe","created_at":"Sat Aug 13 00:13:24 +0000 2011","contributors_enabled":false,"time_zone":"Amsterdam","protected":false,"default_profile":false,"is_translator":false},"geo":null,"in_reply_to_user_id_str":"588375765","lang":"en","created_at":"Mon Dec 15 00:50:26 +0000 2014","in_reply_to_status_id_str":"544292996976771072","place":null},
{"contributors":null,"truncated":false,"text":"@StefSimanowitz Lah allah ill´allah,mahmudn rashullah....IT IS THE FREAKING SAME FLAG!!!NO GOD BUT ALLAH; AND MUHAMMAD IS HIS PROPHET #ISIS","in_reply_to_status_id":544287203728556032,"id":544293936962220033,"favorite_count":1,"source":"<a href=\"http://twitter.com\" rel=\"nofollow\">Twitter Web Client</a>","retweeted":false,"coordinates":null,"entities":{"symbols":[],"user_mentions":[{"id":115393565,"indices":[0,15],"id_str":"115393565","screen_name":"StefSimanowitz","name":"Stefan Simanowitz"}],"hashtags":[{"indices":[134,139],"text":"ISIS"}],"urls":[]},"in_reply_to_screen_name":"StefSimanowitz","id_str":"544293936962220033","retweet_count":0,"in_reply_to_user_id":115393565,"favorited":false,"user":{"follow_request_sent":false,"profile_use_background_image":true,"profile_text_color":"333333","default_profile_image":false,"id":2429036059,"profile_background_image_url_https":"https://abs.twimg.com/images/themes/theme1/bg.png","verified":false,"profile_location":null,"profile_image_url_https":"https://pbs.twimg.com/profile_images/549272619510284288/fVh6ETxf_normal.jpeg","profile_sidebar_fill_color":"DDEEF6","entities":{"description":{"urls":[]}},"followers_count":109,"profile_sidebar_border_color":"C0DEED","id_str":"2429036059","profile_background_color":"C0DEED","listed_count":2,"is_translation_enabled":false,"utc_offset":null,"statuses_count":1034,"description":"ن Qu´honi soit qui céde! Vive la France, mort à l´envahisseur. #VFrVN #Zemmour #RenaudCamus #GrandRemplacement #Patriote #Pharmacie","friends_count":208,"location":"","profile_link_color":"0084B4","profile_image_url":"http://pbs.twimg.com/profile_images/549272619510284288/fVh6ETxf_normal.jpeg","following":false,"geo_enabled":false,"profile_banner_url":"https://pbs.twimg.com/profile_banners/2429036059/1414957109","profile_background_image_url":"http://abs.twimg.com/images/themes/theme1/bg.png","name":"Peter Peter","lang":"es","profile_background_tile":false,"favourites_count":136,"screen_name":"VelocirapTrolll","notifications":false,"url":null,"created_at":"Sat Apr 05 14:56:01 +0000 2014","contributors_enabled":false,"time_zone":null,"protected":false,"default_profile":true,"is_translator":false},"geo":null,"in_reply_to_user_id_str":"115393565","lang":"en","created_at":"Mon Dec 15 00:52:41 +0000 2014","in_reply_to_status_id_str":"544287203728556032","place":null},
{"contributors":null,"truncated":false,"text":"@StefSimanowitz the shahadah is the flag of muuyahydyn...THIS IS #ISIS..stop protecting #Islam and read Quran/haddîth...it is pure EVIL!!!","in_reply_to_status_id":544287203728556032,"id":544294255960006657,"favorite_count":2,"source":"<a href=\"http://twitter.com\" rel=\"nofollow\">Twitter Web Client</a>","retweeted":false,"coordinates":null,"entities":{"symbols":[],"user_mentions":[{"id":115393565,"indices":[0,15],"id_str":"115393565","screen_name":"StefSimanowitz","name":"Stefan Simanowitz"}],"hashtags":[{"indices":[65,70],"text":"ISIS"},{"indices":[88,94],"text":"Islam"}],"urls":[]},"in_reply_to_screen_name":"StefSimanowitz","id_str":"544294255960006657","retweet_count":0,"in_reply_to_user_id":115393565,"favorited":false,"user":{"follow_request_sent":false,"profile_use_background_image":true,"profile_text_color":"333333","default_profile_image":false,"id":2429036059,"profile_background_image_url_https":"https://abs.twimg.com/images/themes/theme1/bg.png","verified":false,"profile_location":null,"profile_image_url_https":"https://pbs.twimg.com/profile_images/549272619510284288/fVh6ETxf_normal.jpeg","profile_sidebar_fill_color":"DDEEF6","entities":{"description":{"urls":[]}},"followers_count":109,"profile_sidebar_border_color":"C0DEED","id_str":"2429036059","profile_background_color":"C0DEED","listed_count":2,"is_translation_enabled":false,"utc_offset":null,"statuses_count":1034,"description":"ن Qu´honi soit qui céde! Vive la France, mort à l´envahisseur. #VFrVN #Zemmour #RenaudCamus #GrandRemplacement #Patriote #Pharmacie","friends_count":208,"location":"","profile_link_color":"0084B4","profile_image_url":"http://pbs.twimg.com/profile_images/549272619510284288/fVh6ETxf_normal.jpeg","following":false,"geo_enabled":false,"profile_banner_url":"https://pbs.twimg.com/profile_banners/2429036059/1414957109","profile_background_image_url":"http://abs.twimg.com/images/themes/theme1/bg.png","name":"Peter Peter","lang":"es","profile_background_tile":false,"favourites_count":136,"screen_name":"VelocirapTrolll","notifications":false,"url":null,"created_at":"Sat Apr 05 14:56:01 +0000 2014","contributors_enabled":false,"time_zone":null,"protected":false,"default_profile":true,"is_translator":false},"geo":null,"in_reply_to_user_id_str":"115393565","lang":"en","created_at":"Mon Dec 15 00:53:57 +0000 2014","in_reply_to_status_id_str":"544287203728556032","place":null},
{"contributors":null,"truncated":false,"text":"@RaniaKhan30 @StefSimanowitz the shahada the Prophet, in the name of Allah and the Ummah. Rapes, murder and destruction. I have no idea tbh","in_reply_to_status_id":544293371498758145,"id":544294515998478336,"favorite_count":0,"source":"<a href=\"http://twitter.com/download/android\" rel=\"nofollow\">Twitter for Android</a>","retweeted":false,"coordinates":null,"entities":{"symbols":[],"user_mentions":[{"id":354004878,"indices":[0,12],"id_str":"354004878","screen_name":"RaniaKhan30","name":"Rania Khan"},{"id":115393565,"indices":[13,28],"id_str":"115393565","screen_name":"StefSimanowitz","name":"Stefan Simanowitz"}],"hashtags":[],"urls":[]},"in_reply_to_screen_name":"RaniaKhan30","id_str":"544294515998478336","retweet_count":0,"in_reply_to_user_id":354004878,"favorited":false,"user":{"follow_request_sent":false,"profile_use_background_image":true,"profile_text_color":"333333","default_profile_image":false,"id":588375765,"profile_background_image_url_https":"https://pbs.twimg.com/profile_background_images/662849454/mppg452h1g9oa2ns24x0.jpeg","verified":false,"profile_location":null,"profile_image_url_https":"https://pbs.twimg.com/profile_images/544157653912412160/FZp9I9r1_normal.jpeg","profile_sidebar_fill_color":"DDEEF6","entities":{"description":{"urls":[]}},"followers_count":909,"profile_sidebar_border_color":"000000","id_str":"588375765","profile_background_color":"EBD1C1","listed_count":30,"is_translation_enabled":false,"utc_offset":14400,"statuses_count":21065,"description":"The Arse | The Old Lady | The Greek God | The Pirates - Serial Offender","friends_count":685,"location":"","profile_link_color":"D42828","profile_image_url":"http://pbs.twimg.com/profile_images/544157653912412160/FZp9I9r1_normal.jpeg","following":false,"geo_enabled":false,"profile_banner_url":"https://pbs.twimg.com/profile_banners/588375765/1394760372","profile_background_image_url":"http://pbs.twimg.com/profile_background_images/662849454/mppg452h1g9oa2ns24x0.jpeg","name":"Khadra","lang":"en","profile_background_tile":true,"favourites_count":2206,"screen_name":"OranjeKhadra","notifications":false,"url":null,"created_at":"Wed May 23 13:38:34 +0000 2012","contributors_enabled":false,"time_zone":"Abu Dhabi","protected":false,"default_profile":false,"is_translator":false},"geo":null,"in_reply_to_user_id_str":"354004878","lang":"en","created_at":"Mon Dec 15 00:54:59 +0000 2014","in_reply_to_status_id_str":"544293371498758145","place":null},
{"contributors":null,"truncated":false,"text":"@StefSimanowitz how does it matter. They r Islamic terrorist and they know to kill  @HinduIDF","in_reply_to_status_id":544292054722166784,"id":544294570809241600,"favorite_count":0,"source":"<a href=\"https://twitter.com/download/android\" rel=\"nofollow\">Twitter for Android Tablets</a>","retweeted":false,"coordinates":null,"entities":{"symbols":[],"user_mentions":[{"id":115393565,"indices":[0,15],"id_str":"115393565","screen_name":"StefSimanowitz","name":"Stefan Simanowitz"},{"id":157221022,"indices":[84,93],"id_str":"157221022","screen_name":"HinduIDF","name":"Hindu IDF #INDIA"}],"hashtags":[],"urls":[]},"in_reply_to_screen_name":"StefSimanowitz","id_str":"544294570809241600","retweet_count":0,"in_reply_to_user_id":115393565,"favorited":false,"user":{"follow_request_sent":false,"profile_use_background_image":true,"profile_text_color":"0C3E53","default_profile_image":false,"id":266577415,"profile_background_image_url_https":"https://abs.twimg.com/images/themes/theme12/bg.gif","verified":false,"profile_location":null,"profile_image_url_https":"https://pbs.twimg.com/profile_images/419853241459830784/2ohRwiXy_normal.jpeg","profile_sidebar_fill_color":"FFF7CC","entities":{"description":{"urls":[]}},"followers_count":1357,"profile_sidebar_border_color":"F2E195","id_str":"266577415","profile_background_color":"BADFCD","listed_count":9,"is_translation_enabled":false,"utc_offset":-28800,"statuses_count":27023,"description":"Support RSS and BJP. A Hindu patriot. Tweets r personal views. RT are not endorsements.","friends_count":1734,"location":"Delhi,India","profile_link_color":"FF0000","profile_image_url":"http://pbs.twimg.com/profile_images/419853241459830784/2ohRwiXy_normal.jpeg","following":false,"geo_enabled":true,"profile_banner_url":"https://pbs.twimg.com/profile_banners/266577415/1413650257","profile_background_image_url":"http://abs.twimg.com/images/themes/theme12/bg.gif","name":"Manish Roy","lang":"en","profile_background_tile":false,"favourites_count":4135,"screen_name":"manish_2015","notifications":false,"url":null,"created_at":"Tue Mar 15 13:15:21 +0000 2011","contributors_enabled":false,"time_zone":"Pacific Time (US & Canada)","protected":false,"default_profile":false,"is_translator":false},"geo":null,"in_reply_to_user_id_str":"115393565","lang":"en","created_at":"Mon Dec 15 00:55:12 +0000 2014","in_reply_to_status_id_str":"544292054722166784","place":null},
{"contributors":null,"truncated":false,"text":"@DeAnnaSabaoth @StefSimanowitz it's a Islamist flag","in_reply_to_status_id":544291248849174528,"id":544294802804981760,"favorite_count":0,"source":"<a href=\"http://twitter.com/download/iphone\" rel=\"nofollow\">Twitter for iPhone</a>","retweeted":false,"coordinates":null,"entities":{"symbols":[],"user_mentions":[{"id":2149505432,"indices":[0,14],"id_str":"2149505432","screen_name":"DeAnnaSabaoth","name":"{{{We All Connect}}}"},{"id":115393565,"indices":[15,30],"id_str":"115393565","screen_name":"StefSimanowitz","name":"Stefan Simanowitz"}],"hashtags":[],"urls":[]},"in_reply_to_screen_name":"DeAnnaSabaoth","id_str":"544294802804981760","retweet_count":0,"in_reply_to_user_id":2149505432,"favorited":false,"user":{"follow_request_sent":false,"profile_use_background_image":true,"profile_text_color":"666666","default_profile_image":false,"id":307971624,"profile_background_image_url_https":"https://abs.twimg.com/images/themes/theme9/bg.gif","verified":false,"profile_location":null,"profile_image_url_https":"https://pbs.twimg.com/profile_images/553858862236065794/BYjCVcB1_normal.jpeg","profile_sidebar_fill_color":"252429","entities":{"url":{"urls":[{"url":"http://t.co/zUKtOluz6p","indices":[0,22],"expanded_url":"http://www.xvideos.com","display_url":"xvideos.com"}]},"description":{"urls":[]}},"followers_count":531,"profile_sidebar_border_color":"181A1E","id_str":"307971624","profile_background_color":"1A1B1F","listed_count":6,"is_translation_enabled":false,"utc_offset":-18000,"statuses_count":17139,"description":"Bearded-Chubby-PkMn-Guns-DCCU-#LoL-#VainGlory\n\nSchool for Homeland Security","friends_count":417,"location":"MICHIGAN","profile_link_color":"2FC2EF","profile_image_url":"http://pbs.twimg.com/profile_images/553858862236065794/BYjCVcB1_normal.jpeg","following":false,"geo_enabled":true,"profile_banner_url":"https://pbs.twimg.com/profile_banners/307971624/1411097886","profile_background_image_url":"http://abs.twimg.com/images/themes/theme9/bg.gif","name":"Ian Kulas","lang":"en","profile_background_tile":false,"favourites_count":5457,"screen_name":"ianXfbsk","notifications":false,"url":"http://t.co/zUKtOluz6p","created_at":"Mon May 30 16:21:04 +0000 2011","contributors_enabled":false,"time_zone":"Eastern Time (US & Canada)","protected":false,"default_profile":false,"is_translator":false},"geo":null,"in_reply_to_user_id_str":"2149505432","lang":"en","created_at":"Mon Dec 15 00:56:08 +0000 2014","in_reply_to_status_id_str":"544291248849174528","place":null},
{"contributors":null,"truncated":false,"text":"@ianXfbsk @StefSimanowitz ok, thank you.","in_reply_to_status_id":544294802804981760,"id":544295013887123456,"favorite_count":0,"source":"<a href=\"http://twitter.com\" rel=\"nofollow\">Twitter Web Client</a>","retweeted":false,"coordinates":null,"entities":{"symbols":[],"user_mentions":[{"id":307971624,"indices":[0,9],"id_str":"307971624","screen_name":"ianXfbsk","name":"Ian Kulas"},{"id":115393565,"indices":[10,25],"id_str":"115393565","screen_name":"StefSimanowitz","name":"Stefan Simanowitz"}],"hashtags":[],"urls":[]},"in_reply_to_screen_name":"ianXfbsk","id_str":"544295013887123456","retweet_count":0,"in_reply_to_user_id":307971624,"favorited":false,"user":{"follow_request_sent":false,"profile_use_background_image":true,"profile_text_color":"333333","default_profile_image":false,"id":2149505432,"profile_background_image_url_https":"https://pbs.twimg.com/profile_background_images/517166604920950786/Kxz8gI1L.jpeg","verified":false,"profile_location":null,"profile_image_url_https":"https://pbs.twimg.com/profile_images/494244783741628416/K2k1b8oB_normal.jpeg","profile_sidebar_fill_color":"EFEFEF","entities":{"description":{"urls":[]}},"followers_count":176,"profile_sidebar_border_color":"FFFFFF","id_str":"2149505432","profile_background_color":"131516","listed_count":0,"is_translation_enabled":false,"utc_offset":-21600,"statuses_count":2504,"description":"LoVe ~ LiFe ~ LiBeRtY~ Being Me! Cheers! xo!  :)   ~Child of God!~    \nChickasaw~Irish~German Baby! xo! Peace & Love Always xo!","friends_count":300,"location":"Turtle Island : IwUzBliNdNowIC","profile_link_color":"009999","profile_image_url":"http://pbs.twimg.com/profile_images/494244783741628416/K2k1b8oB_normal.jpeg","following":false,"geo_enabled":false,"profile_banner_url":"https://pbs.twimg.com/profile_banners/2149505432/1410618178","profile_background_image_url":"http://pbs.twimg.com/profile_background_images/517166604920950786/Kxz8gI1L.jpeg","name":"{{{We All Connect}}}","lang":"en","profile_background_tile":true,"favourites_count":3694,"screen_name":"DeAnnaSabaoth","notifications":false,"url":null,"created_at":"Tue Oct 22 18:22:40 +0000 2013","contributors_enabled":false,"time_zone":"Central Time (US & Canada)","protected":false,"default_profile":false,"is_translator":false},"geo":null,"in_reply_to_user_id_str":"307971624","lang":"en","created_at":"Mon Dec 15 00:56:58 +0000 2014","in_reply_to_status_id_str":"544294802804981760","place":null},
{"contributors":null,"truncated":false,"text":"@DeAnnaSabaoth @StefSimanowitz that flag and the ISIS flag are the same. Just different writing but share the same message.","in_reply_to_status_id":544295013887123456,"id":544295829444755456,"favorite_count":0,"source":"<a href=\"http://twitter.com/download/iphone\" rel=\"nofollow\">Twitter for iPhone</a>","retweeted":false,"coordinates":null,"entities":{"symbols":[],"user_mentions":[{"id":2149505432,"indices":[0,14],"id_str":"2149505432","screen_name":"DeAnnaSabaoth","name":"{{{We All Connect}}}"},{"id":115393565,"indices":[15,30],"id_str":"115393565","screen_name":"StefSimanowitz","name":"Stefan Simanowitz"}],"hashtags":[],"urls":[]},"in_reply_to_screen_name":"DeAnnaSabaoth","id_str":"544295829444755456","retweet_count":0,"in_reply_to_user_id":2149505432,"favorited":false,"user":{"follow_request_sent":false,"profile_use_background_image":true,"profile_text_color":"666666","default_profile_image":false,"id":307971624,"profile_background_image_url_https":"https://abs.twimg.com/images/themes/theme9/bg.gif","verified":false,"profile_location":null,"profile_image_url_https":"https://pbs.twimg.com/profile_images/553858862236065794/BYjCVcB1_normal.jpeg","profile_sidebar_fill_color":"252429","entities":{"url":{"urls":[{"url":"http://t.co/zUKtOluz6p","indices":[0,22],"expanded_url":"http://www.xvideos.com","display_url":"xvideos.com"}]},"description":{"urls":[]}},"followers_count":531,"profile_sidebar_border_color":"181A1E","id_str":"307971624","profile_background_color":"1A1B1F","listed_count":6,"is_translation_enabled":false,"utc_offset":-18000,"statuses_count":17139,"description":"Bearded-Chubby-PkMn-Guns-DCCU-#LoL-#VainGlory\n\nSchool for Homeland Security","friends_count":417,"location":"MICHIGAN","profile_link_color":"2FC2EF","profile_image_url":"http://pbs.twimg.com/profile_images/553858862236065794/BYjCVcB1_normal.jpeg","following":false,"geo_enabled":true,"profile_banner_url":"https://pbs.twimg.com/profile_banners/307971624/1411097886","profile_background_image_url":"http://abs.twimg.com/images/themes/theme9/bg.gif","name":"Ian Kulas","lang":"en","profile_background_tile":false,"favourites_count":5457,"screen_name":"ianXfbsk","notifications":false,"url":"http://t.co/zUKtOluz6p","created_at":"Mon May 30 16:21:04 +0000 2011","contributors_enabled":false,"time_zone":"Eastern Time (US & Canada)","protected":false,"default_profile":false,"is_translator":false},"geo":null,"in_reply_to_user_id_str":"2149505432","lang":"en","created_at":"Mon Dec 15 01:00:12 +0000 2014","in_reply_to_status_id_str":"544295013887123456","place":null},
{"contributors":null,"truncated":false,"text":"@StefSimanowitz It is Islamic writing.  It says \"There is no Allah but Allah and Muhammad is his messenger\"","in_reply_to_status_id":544292054722166784,"id":544296938464870400,"favorite_count":0,"source":"<a href=\"http://twitter.com\" rel=\"nofollow\">Twitter Web Client</a>","retweeted":false,"coordinates":null,"entities":{"symbols":[],"user_mentions":[{"id":115393565,"indices":[0,15],"id_str":"115393565","screen_name":"StefSimanowitz","name":"Stefan Simanowitz"}],"hashtags":[],"urls":[]},"in_reply_to_screen_name":"StefSimanowitz","id_str":"544296938464870400","retweet_count":0,"in_reply_to_user_id":115393565,"favorited":false,"user":{"follow_request_sent":false,"profile_use_background_image":true,"profile_text_color":"0C3E53","default_profile_image":false,"id":150881077,"profile_background_image_url_https":"https://pbs.twimg.com/profile_background_images/587649049/ingzb3eofuzrb3itkjjb.jpeg","verified":false,"profile_location":null,"profile_image_url_https":"https://pbs.twimg.com/profile_images/1486556756/sapristi_J_normal.jpg","profile_sidebar_fill_color":"FFF7CC","entities":{"url":{"urls":[{"url":"http://t.co/wWNWzzsMSY","indices":[0,22],"expanded_url":"http://lespolitiques.blogspot.com","display_url":"lespolitiques.blogspot.com"}]},"description":{"urls":[]}},"followers_count":2831,"profile_sidebar_border_color":"FFFFFF","id_str":"150881077","profile_background_color":"BADFCD","listed_count":111,"is_translation_enabled":false,"utc_offset":-21600,"statuses_count":61546,"description":"Je tweete comme je respire.  Telling the truth, 140 characters at a time, Socrates' way.","friends_count":1711,"location":"","profile_link_color":"FF0000","profile_image_url":"http://pbs.twimg.com/profile_images/1486556756/sapristi_J_normal.jpg","following":false,"geo_enabled":false,"profile_banner_url":"https://pbs.twimg.com/profile_banners/150881077/1398195007","profile_background_image_url":"http://pbs.twimg.com/profile_background_images/587649049/ingzb3eofuzrb3itkjjb.jpeg","name":"Sophia  ن","lang":"en","profile_background_tile":true,"favourites_count":7966,"screen_name":"les_politiques","notifications":false,"url":"http://t.co/wWNWzzsMSY","created_at":"Wed Jun 02 02:04:42 +0000 2010","contributors_enabled":false,"time_zone":"Central Time (US & Canada)","protected":false,"default_profile":false,"is_translator":false},"geo":null,"in_reply_to_user_id_str":"115393565","lang":"en","created_at":"Mon Dec 15 01:04:37 +0000 2014","in_reply_to_status_id_str":"544292054722166784","place":null},
{"contributors":null,"truncated":false,"text":"@PerennialCold @StefSimanowitz @amz360 Wahhabi flag--I don't call that good news. Stands for Taliban, Hamas, other nice folks.","in_reply_to_status_id":544288351776288768,"id":544303671035834368,"favorite_count":0,"source":"<a href=\"http://twitter.com\" rel=\"nofollow\">Twitter Web Client</a>","retweeted":false,"coordinates":null,"entities":{"symbols":[],"user_mentions":[{"id":1656622657,"indices":[0,14],"id_str":"1656622657","screen_name":"PerennialCold","name":"Swapnil"},{"id":115393565,"indices":[15,30],"id_str":"115393565","screen_name":"StefSimanowitz","name":"Stefan Simanowitz"},{"id":35343837,"indices":[31,38],"id_str":"35343837","screen_name":"amz360","name":"अतुल || Atul"}],"hashtags":[],"urls":[]},"in_reply_to_screen_name":"PerennialCold","id_str":"544303671035834368","retweet_count":0,"in_reply_to_user_id":1656622657,"favorited":false,"user":{"follow_request_sent":false,"profile_use_background_image":false,"profile_text_color":"000000","default_profile_image":false,"id":121789732,"profile_background_image_url_https":"https://abs.twimg.com/images/themes/theme4/bg.gif","verified":false,"profile_location":null,"profile_image_url_https":"https://pbs.twimg.com/profile_images/1182643770/Betta-fish3-resized-96_normal.gif","profile_sidebar_fill_color":"000000","entities":{"description":{"urls":[]}},"followers_count":1201,"profile_sidebar_border_color":"000000","id_str":"121789732","profile_background_color":"000000","listed_count":31,"is_translation_enabled":false,"utc_offset":-21600,"statuses_count":10176,"description":"Daughter, wife, mother, grandmother, former Marine (1968-1973). I believe in God, the Constitution, and family.  Drink Tea daily.","friends_count":1270,"location":"Centrally located","profile_link_color":"F03535","profile_image_url":"http://pbs.twimg.com/profile_images/1182643770/Betta-fish3-resized-96_normal.gif","following":false,"geo_enabled":false,"profile_background_image_url":"http://abs.twimg.com/images/themes/theme4/bg.gif","name":"Ruth","lang":"en","profile_background_tile":false,"favourites_count":149,"screen_name":"RightMouthy","notifications":false,"url":null,"created_at":"Wed Mar 10 15:56:30 +0000 2010","contributors_enabled":false,"time_zone":"Central Time (US & Canada)","protected":false,"default_profile":false,"is_translator":false},"geo":null,"in_reply_to_user_id_str":"1656622657","lang":"en","created_at":"Mon Dec 15 01:31:22 +0000 2014","in_reply_to_status_id_str":"544288351776288768","place":null},
{"contributors":null,"truncated":false,"text":"@RightMouthy Yes, not sure why does it matter if it is wahabi or ISIS flag..both are same @PerennialCold @StefSimanowitz","in_reply_to_status_id":544303671035834368,"id":544304042927607808,"favorite_count":0,"source":"<a href=\"https://about.twitter.com/products/tweetdeck\" rel=\"nofollow\">TweetDeck</a>","retweeted":false,"coordinates":null,"entities":{"symbols":[],"user_mentions":[{"id":121789732,"indices":[0,12],"id_str":"121789732","screen_name":"RightMouthy","name":"Ruth"},{"id":1656622657,"indices":[90,104],"id_str":"1656622657","screen_name":"PerennialCold","name":"Swapnil"},{"id":115393565,"indices":[105,120],"id_str":"115393565","screen_name":"StefSimanowitz","name":"Stefan Simanowitz"}],"hashtags":[],"urls":[]},"in_reply_to_screen_name":"RightMouthy","id_str":"544304042927607808","retweet_count":0,"in_reply_to_user_id":121789732,"favorited":false,"user":{"follow_request_sent":false,"profile_use_background_image":true,"profile_text_color":"333333","default_profile_image":false,"id":35343837,"profile_background_image_url_https":"https://abs.twimg.com/images/themes/theme1/bg.png","verified":false,"profile_location":null,"profile_image_url_https":"https://pbs.twimg.com/profile_images/586075403711811584/FeezFniX_normal.jpg","profile_sidebar_fill_color":"DDEEF6","entities":{"url":{"urls":[{"url":"http://t.co/jykU8y8pKW","indices":[0,22],"expanded_url":"http://ikashmir.net/","display_url":"ikashmir.net"}]},"description":{"urls":[]}},"followers_count":825,"profile_sidebar_border_color":"C0DEED","id_str":"35343837","profile_background_color":"C0DEED","listed_count":21,"is_translation_enabled":false,"utc_offset":-36000,"statuses_count":63397,"description":"Tweets about India|Kashmir|Politics|Religion|Culture|Sci-tech - RT's,Favorites & follows may or may NOT be endorsements of the views!","friends_count":320,"location":"","profile_link_color":"0084B4","profile_image_url":"http://pbs.twimg.com/profile_images/586075403711811584/FeezFniX_normal.jpg","following":false,"geo_enabled":false,"profile_background_image_url":"http://abs.twimg.com/images/themes/theme1/bg.png","name":"अतुल || Atul","lang":"en","profile_background_tile":false,"favourites_count":25084,"screen_name":"amz360","notifications":false,"url":"http://t.co/jykU8y8pKW","created_at":"Sat Apr 25 23:44:00 +0000 2009","contributors_enabled":false,"time_zone":"Hawaii","protected":false,"default_profile":true,"is_translator":false},"geo":null,"in_reply_to_user_id_str":"121789732","lang":"en","created_at":"Mon Dec 15 01:32:51 +0000 2014","in_reply_to_status_id_str":"544303671035834368","place":null},
{"contributors":null,"truncated":false,"text":"@DeAnnaSabaoth The meaning of shahadah is I bear witness that there is no god except Allah &amp; Muhammad (pbuh) is the Messenger of Allah","in_reply_to_status_id":544291248849174528,"id":544318213152980993,"favorite_count":1,"source":"<a href=\"http://twitter.com/download/android\" rel=\"nofollow\">Twitter for Android</a>","retweeted":false,"coordinates":null,"entities":{"symbols":[],"user_mentions":[{"id":2149505432,"indices":[0,14],"id_str":"2149505432","screen_name":"DeAnnaSabaoth","name":"{{{We All Connect}}}"}],"hashtags":[],"urls":[]},"in_reply_to_screen_name":"DeAnnaSabaoth","id_str":"544318213152980993","retweet_count":0,"in_reply_to_user_id":2149505432,"favorited":false,"user":{"follow_request_sent":false,"profile_use_background_image":true,"profile_text_color":"333333","default_profile_image":false,"id":443374955,"profile_background_image_url_https":"https://pbs.twimg.com/profile_background_images/722034745/7b78d27d0e388478f6aace1ccfaefd43.jpeg","verified":false,"profile_location":null,"profile_image_url_https":"https://pbs.twimg.com/profile_images/589744315682820096/ylCuhK2O_normal.jpg","profile_sidebar_fill_color":"EFEFEF","entities":{"url":{"urls":[{"url":"http://t.co/VZm0AEoI3B","indices":[0,22],"expanded_url":"http://beautiful-beastx.tumblr.com/","display_url":"beautiful-beastx.tumblr.com"}]},"description":{"urls":[]}},"followers_count":556,"profile_sidebar_border_color":"FFFFFF","id_str":"443374955","profile_background_color":"131516","listed_count":0,"is_translation_enabled":false,"utc_offset":-32400,"statuses_count":12421,"description":"I am a sinner saved by grace. instgrm:adnntsneem","friends_count":145,"location":"KL // Selangor","profile_link_color":"656B6B","profile_image_url":"http://pbs.twimg.com/profile_images/589744315682820096/ylCuhK2O_normal.jpg","following":false,"geo_enabled":true,"profile_banner_url":"https://pbs.twimg.com/profile_banners/443374955/1362308407","profile_background_image_url":"http://pbs.twimg.com/profile_background_images/722034745/7b78d27d0e388478f6aace1ccfaefd43.jpeg","name":"Adnin","lang":"en","profile_background_tile":true,"favourites_count":480,"screen_name":"adnntsneem","notifications":false,"url":"http://t.co/VZm0AEoI3B","created_at":"Thu Dec 22 03:42:39 +0000 2011","contributors_enabled":false,"time_zone":"Alaska","protected":false,"default_profile":false,"is_translator":false},"geo":null,"in_reply_to_user_id_str":"2149505432","lang":"en","created_at":"Mon Dec 15 02:29:09 +0000 2014","in_reply_to_status_id_str":"544291248849174528","place":null},
{"contributors":null,"truncated":false,"text":"@DeAnnaSabaoth (pbuh) stands for peace be upon him &amp; we use shahadah in our daily life to strengthen our connection with Allah","in_reply_to_status_id":544291248849174528,"id":544319417094381568,"favorite_count":1,"source":"<a href=\"http://twitter.com/download/android\" rel=\"nofollow\">Twitter for Android</a>","retweeted":false,"coordinates":null,"entities":{"symbols":[],"user_mentions":[{"id":2149505432,"indices":[0,14],"id_str":"2149505432","screen_name":"DeAnnaSabaoth","name":"{{{We All Connect}}}"}],"hashtags":[],"urls":[]},"in_reply_to_screen_name":"DeAnnaSabaoth","id_str":"544319417094381568","retweet_count":0,"in_reply_to_user_id":2149505432,"favorited":false,"user":{"follow_request_sent":false,"profile_use_background_image":true,"profile_text_color":"333333","default_profile_image":false,"id":443374955,"profile_background_image_url_https":"https://pbs.twimg.com/profile_background_images/722034745/7b78d27d0e388478f6aace1ccfaefd43.jpeg","verified":false,"profile_location":null,"profile_image_url_https":"https://pbs.twimg.com/profile_images/589744315682820096/ylCuhK2O_normal.jpg","profile_sidebar_fill_color":"EFEFEF","entities":{"url":{"urls":[{"url":"http://t.co/VZm0AEoI3B","indices":[0,22],"expanded_url":"http://beautiful-beastx.tumblr.com/","display_url":"beautiful-beastx.tumblr.com"}]},"description":{"urls":[]}},"followers_count":556,"profile_sidebar_border_color":"FFFFFF","id_str":"443374955","profile_background_color":"131516","listed_count":0,"is_translation_enabled":false,"utc_offset":-32400,"statuses_count":12421,"description":"I am a sinner saved by grace. instgrm:adnntsneem","friends_count":145,"location":"KL // Selangor","profile_link_color":"656B6B","profile_image_url":"http://pbs.twimg.com/profile_images/589744315682820096/ylCuhK2O_normal.jpg","following":false,"geo_enabled":true,"profile_banner_url":"https://pbs.twimg.com/profile_banners/443374955/1362308407","profile_background_image_url":"http://pbs.twimg.com/profile_background_images/722034745/7b78d27d0e388478f6aace1ccfaefd43.jpeg","name":"Adnin","lang":"en","profile_background_tile":true,"favourites_count":480,"screen_name":"adnntsneem","notifications":false,"url":"http://t.co/VZm0AEoI3B","created_at":"Thu Dec 22 03:42:39 +0000 2011","contributors_enabled":false,"time_zone":"Alaska","protected":false,"default_profile":false,"is_translator":false},"geo":null,"in_reply_to_user_id_str":"2149505432","lang":"en","created_at":"Mon Dec 15 02:33:56 +0000 2014","in_reply_to_status_id_str":"544291248849174528","place":null},
{"contributors":null,"truncated":false,"text":"@DeAnnaSabaoth Its Islam,and we Muslims use shahadah in our daily routine and ya its worldwide,not related to any specific country","in_reply_to_status_id":544291248849174528,"id":544319826085158913,"favorite_count":1,"source":"<a href=\"http://twitter.com/download/android\" rel=\"nofollow\">Twitter for Android</a>","retweeted":false,"coordinates":null,"entities":{"symbols":[],"user_mentions":[{"id":2149505432,"indices":[0,14],"id_str":"2149505432","screen_name":"DeAnnaSabaoth","name":"{{{We All Connect}}}"}],"hashtags":[],"urls":[]},"in_reply_to_screen_name":"DeAnnaSabaoth","id_str":"544319826085158913","retweet_count":0,"in_reply_to_user_id":2149505432,"favorited":false,"user":{"follow_request_sent":false,"profile_use_background_image":true,"profile_text_color":"333333","default_profile_image":false,"id":443374955,"profile_background_image_url_https":"https://pbs.twimg.com/profile_background_images/722034745/7b78d27d0e388478f6aace1ccfaefd43.jpeg","verified":false,"profile_location":null,"profile_image_url_https":"https://pbs.twimg.com/profile_images/589744315682820096/ylCuhK2O_normal.jpg","profile_sidebar_fill_color":"EFEFEF","entities":{"url":{"urls":[{"url":"http://t.co/VZm0AEoI3B","indices":[0,22],"expanded_url":"http://beautiful-beastx.tumblr.com/","display_url":"beautiful-beastx.tumblr.com"}]},"description":{"urls":[]}},"followers_count":556,"profile_sidebar_border_color":"FFFFFF","id_str":"443374955","profile_background_color":"131516","listed_count":0,"is_translation_enabled":false,"utc_offset":-32400,"statuses_count":12421,"description":"I am a sinner saved by grace. instgrm:adnntsneem","friends_count":145,"location":"KL // Selangor","profile_link_color":"656B6B","profile_image_url":"http://pbs.twimg.com/profile_images/589744315682820096/ylCuhK2O_normal.jpg","following":false,"geo_enabled":true,"profile_banner_url":"https://pbs.twimg.com/profile_banners/443374955/1362308407","profile_background_image_url":"http://pbs.twimg.com/profile_background_images/722034745/7b78d27d0e388478f6aace1ccfaefd43.jpeg","name":"Adnin","lang":"en","profile_background_tile":true,"favourites_count":480,"screen_name":"adnntsneem","notifications":false,"url":"http://t.co/VZm0AEoI3B","created_at":"Thu Dec 22 03:42:39 +0000 2011","contributors_enabled":false,"time_zone":"Alaska","protected":false,"default_profile":false,"is_translator":false},"geo":null,"in_reply_to_user_id_str":"2149505432","lang":"en","created_at":"Mon Dec 15 02:35:34 +0000 2014","in_reply_to_status_id_str":"544291248849174528","place":null},
{"contributors":null,"truncated":false,"text":"@DeAnnaSabaoth Hope it helps :) have a good day! :D","in_reply_to_status_id":544291248849174528,"id":544319916212367360,"favorite_count":1,"source":"<a href=\"http://twitter.com/download/android\" rel=\"nofollow\">Twitter for Android</a>","retweeted":false,"coordinates":null,"entities":{"symbols":[],"user_mentions":[{"id":2149505432,"indices":[0,14],"id_str":"2149505432","screen_name":"DeAnnaSabaoth","name":"{{{We All Connect}}}"}],"hashtags":[],"urls":[]},"in_reply_to_screen_name":"DeAnnaSabaoth","id_str":"544319916212367360","retweet_count":0,"in_reply_to_user_id":2149505432,"favorited":false,"user":{"follow_request_sent":false,"profile_use_background_image":true,"profile_text_color":"333333","default_profile_image":false,"id":443374955,"profile_background_image_url_https":"https://pbs.twimg.com/profile_background_images/722034745/7b78d27d0e388478f6aace1ccfaefd43.jpeg","verified":false,"profile_location":null,"profile_image_url_https":"https://pbs.twimg.com/profile_images/589744315682820096/ylCuhK2O_normal.jpg","profile_sidebar_fill_color":"EFEFEF","entities":{"url":{"urls":[{"url":"http://t.co/VZm0AEoI3B","indices":[0,22],"expanded_url":"http://beautiful-beastx.tumblr.com/","display_url":"beautiful-beastx.tumblr.com"}]},"description":{"urls":[]}},"followers_count":556,"profile_sidebar_border_color":"FFFFFF","id_str":"443374955","profile_background_color":"131516","listed_count":0,"is_translation_enabled":false,"utc_offset":-32400,"statuses_count":12421,"description":"I am a sinner saved by grace. instgrm:adnntsneem","friends_count":145,"location":"KL // Selangor","profile_link_color":"656B6B","profile_image_url":"http://pbs.twimg.com/profile_images/589744315682820096/ylCuhK2O_normal.jpg","following":false,"geo_enabled":true,"profile_banner_url":"https://pbs.twimg.com/profile_banners/443374955/1362308407","profile_background_image_url":"http://pbs.twimg.com/profile_background_images/722034745/7b78d27d0e388478f6aace1ccfaefd43.jpeg","name":"Adnin","lang":"en","profile_background_tile":true,"favourites_count":480,"screen_name":"adnntsneem","notifications":false,"url":"http://t.co/VZm0AEoI3B","created_at":"Thu Dec 22 03:42:39 +0000 2011","contributors_enabled":false,"time_zone":"Alaska","protected":false,"default_profile":false,"is_translator":false},"geo":null,"in_reply_to_user_id_str":"2149505432","lang":"en","created_at":"Mon Dec 15 02:35:55 +0000 2014","in_reply_to_status_id_str":"544291248849174528","place":null},
{"contributors":null,"truncated":false,"text":"@RaniaKhan30 @OranjeKhadra @StefSimanowitz they are following your prophet.","in_reply_to_status_id":544293371498758145,"id":544412133392252929,"favorite_count":0,"source":"<a href=\"https://mobile.twitter.com\" rel=\"nofollow\">Mobile Web (M5)</a>","retweeted":false,"coordinates":null,"entities":{"symbols":[],"user_mentions":[{"id":354004878,"indices":[0,12],"id_str":"354004878","screen_name":"RaniaKhan30","name":"Rania Khan"},{"id":588375765,"indices":[13,26],"id_str":"588375765","screen_name":"OranjeKhadra","name":"Khadra"},{"id":115393565,"indices":[27,42],"id_str":"115393565","screen_name":"StefSimanowitz","name":"Stefan Simanowitz"}],"hashtags":[],"urls":[]},"in_reply_to_screen_name":"RaniaKhan30","id_str":"544412133392252929","retweet_count":0,"in_reply_to_user_id":354004878,"favorited":false,"user":{"follow_request_sent":false,"profile_use_background_image":true,"profile_text_color":"333333","default_profile_image":false,"id":80280391,"profile_background_image_url_https":"https://abs.twimg.com/images/themes/theme1/bg.png","verified":false,"profile_location":null,"profile_image_url_https":"https://pbs.twimg.com/profile_images/505807223541334018/WXfv5x4r_normal.jpeg","profile_sidebar_fill_color":"DDEEF6","entities":{"description":{"urls":[]}},"followers_count":16,"profile_sidebar_border_color":"C0DEED","id_str":"80280391","profile_background_color":"C0DEED","listed_count":2,"is_translation_enabled":false,"utc_offset":null,"statuses_count":477,"description":"","friends_count":81,"location":"india","profile_link_color":"0084B4","profile_image_url":"http://pbs.twimg.com/profile_images/505807223541334018/WXfv5x4r_normal.jpeg","following":false,"geo_enabled":false,"profile_background_image_url":"http://abs.twimg.com/images/themes/theme1/bg.png","name":"sonusanat","lang":"en","profile_background_tile":false,"favourites_count":129,"screen_name":"sonusanath","notifications":false,"url":null,"created_at":"Tue Oct 06 11:41:18 +0000 2009","contributors_enabled":false,"time_zone":null,"protected":false,"default_profile":true,"is_translator":false},"geo":null,"in_reply_to_user_id_str":"354004878","lang":"en","created_at":"Mon Dec 15 08:42:21 +0000 2014","in_reply_to_status_id_str":"544293371498758145","place":null},
{"contributors":null,"truncated":false,"text":"@sonusanath @OranjeKhadra @StefSimanowitz piss off you troll. Will only talk to u when u stop hiding behind fake profile. Nymcompoop!","in_reply_to_status_id":544412133392252929,"id":544448259469885440,"favorite_count":0,"source":"<a href=\"http://twitter.com/download/android\" rel=\"nofollow\">Twitter for Android</a>","retweeted":false,"coordinates":null,"entities":{"symbols":[],"user_mentions":[{"id":80280391,"indices":[0,11],"id_str":"80280391","screen_name":"sonusanath","name":"sonusanat"},{"id":588375765,"indices":[12,25],"id_str":"588375765","screen_name":"OranjeKhadra","name":"Khadra"},{"id":115393565,"indices":[26,41],"id_str":"115393565","screen_name":"StefSimanowitz","name":"Stefan Simanowitz"}],"hashtags":[],"urls":[]},"in_reply_to_screen_name":"sonusanath","id_str":"544448259469885440","retweet_count":0,"in_reply_to_user_id":80280391,"favorited":false,"user":{"follow_request_sent":false,"profile_use_background_image":true,"profile_text_color":"333333","default_profile_image":false,"id":354004878,"profile_background_image_url_https":"https://abs.twimg.com/images/themes/theme18/bg.gif","verified":false,"profile_location":null,"profile_image_url_https":"https://pbs.twimg.com/profile_images/495643152053579776/DsIOhxjA_normal.jpeg","profile_sidebar_fill_color":"F6F6F6","entities":{"url":{"urls":[{"url":"http://t.co/FCJgqiIrGe","indices":[0,22],"expanded_url":"http://raniakhan.blogspot.com/","display_url":"raniakhan.blogspot.com"}]},"description":{"urls":[]}},"followers_count":2395,"profile_sidebar_border_color":"EEEEEE","id_str":"354004878","profile_background_color":"ACDED6","listed_count":32,"is_translation_enabled":false,"utc_offset":3600,"statuses_count":7254,"description":"Science teacher. FORMER Independent councillor in Tower Hamlets & lead for culture. Left-wing feminist. Love tigers, orchids & cycling.","friends_count":1273,"location":"Tower Hamlets","profile_link_color":"038543","profile_image_url":"http://pbs.twimg.com/profile_images/495643152053579776/DsIOhxjA_normal.jpeg","following":false,"geo_enabled":false,"profile_background_image_url":"http://abs.twimg.com/images/themes/theme18/bg.gif","name":"Rania Khan","lang":"en","profile_background_tile":false,"favourites_count":831,"screen_name":"RaniaKhan30","notifications":false,"url":"http://t.co/FCJgqiIrGe","created_at":"Sat Aug 13 00:13:24 +0000 2011","contributors_enabled":false,"time_zone":"Amsterdam","protected":false,"default_profile":false,"is_translator":false},"geo":null,"in_reply_to_user_id_str":"80280391","lang":"en","created_at":"Mon Dec 15 11:05:55 +0000 2014","in_reply_to_status_id_str":"544412133392252929","place":null},
{"contributors":null,"truncated":false,"text":"@RaniaKhan30 @OranjeKhadra @StefSimanowitz ohh your prophet told you not to talk to me?","in_reply_to_status_id":544448259469885440,"id":544465206676443137,"favorite_count":0,"source":"<a href=\"https://mobile.twitter.com\" rel=\"nofollow\">Mobile Web (M5)</a>","retweeted":false,"coordinates":null,"entities":{"symbols":[],"user_mentions":[{"id":354004878,"indices":[0,12],"id_str":"354004878","screen_name":"RaniaKhan30","name":"Rania Khan"},{"id":588375765,"indices":[13,26],"id_str":"588375765","screen_name":"OranjeKhadra","name":"Khadra"},{"id":115393565,"indices":[27,42],"id_str":"115393565","screen_name":"StefSimanowitz","name":"Stefan Simanowitz"}],"hashtags":[],"urls":[]},"in_reply_to_screen_name":"RaniaKhan30","id_str":"544465206676443137","retweet_count":0,"in_reply_to_user_id":354004878,"favorited":false,"user":{"follow_request_sent":false,"profile_use_background_image":true,"profile_text_color":"333333","default_profile_image":false,"id":80280391,"profile_background_image_url_https":"https://abs.twimg.com/images/themes/theme1/bg.png","verified":false,"profile_location":null,"profile_image_url_https":"https://pbs.twimg.com/profile_images/505807223541334018/WXfv5x4r_normal.jpeg","profile_sidebar_fill_color":"DDEEF6","entities":{"description":{"urls":[]}},"followers_count":16,"profile_sidebar_border_color":"C0DEED","id_str":"80280391","profile_background_color":"C0DEED","listed_count":2,"is_translation_enabled":false,"utc_offset":null,"statuses_count":477,"description":"","friends_count":81,"location":"india","profile_link_color":"0084B4","profile_image_url":"http://pbs.twimg.com/profile_images/505807223541334018/WXfv5x4r_normal.jpeg","following":false,"geo_enabled":false,"profile_background_image_url":"http://abs.twimg.com/images/themes/theme1/bg.png","name":"sonusanat","lang":"en","profile_background_tile":false,"favourites_count":129,"screen_name":"sonusanath","notifications":false,"url":null,"created_at":"Tue Oct 06 11:41:18 +0000 2009","contributors_enabled":false,"time_zone":null,"protected":false,"default_profile":true,"is_translator":false},"geo":null,"in_reply_to_user_id_str":"354004878","lang":"en","created_at":"Mon Dec 15 12:13:15 +0000 2014","in_reply_to_status_id_str":"544448259469885440","place":null},
{"contributors":null,"truncated":false,"text":"@adnntsneem Yes M'am it does. I also looked it up on the internet but it didn't explain as such. I appreciate your explaining! Thank you!","in_reply_to_status_id":544319916212367360,"id":544513067803897856,"favorite_count":1,"source":"<a href=\"http://twitter.com\" rel=\"nofollow\">Twitter Web Client</a>","retweeted":false,"coordinates":null,"entities":{"symbols":[],"user_mentions":[{"id":443374955,"indices":[0,11],"id_str":"443374955","screen_name":"adnntsneem","name":"Adnin"}],"hashtags":[],"urls":[]},"in_reply_to_screen_name":"adnntsneem","id_str":"544513067803897856","retweet_count":0,"in_reply_to_user_id":443374955,"favorited":false,"user":{"follow_request_sent":false,"profile_use_background_image":true,"profile_text_color":"333333","default_profile_image":false,"id":2149505432,"profile_background_image_url_https":"https://pbs.twimg.com/profile_background_images/517166604920950786/Kxz8gI1L.jpeg","verified":false,"profile_location":null,"profile_image_url_https":"https://pbs.twimg.com/profile_images/494244783741628416/K2k1b8oB_normal.jpeg","profile_sidebar_fill_color":"EFEFEF","entities":{"description":{"urls":[]}},"followers_count":176,"profile_sidebar_border_color":"FFFFFF","id_str":"2149505432","profile_background_color":"131516","listed_count":0,"is_translation_enabled":false,"utc_offset":-21600,"statuses_count":2504,"description":"LoVe ~ LiFe ~ LiBeRtY~ Being Me! Cheers! xo!  :)   ~Child of God!~    \nChickasaw~Irish~German Baby! xo! Peace & Love Always xo!","friends_count":300,"location":"Turtle Island : IwUzBliNdNowIC","profile_link_color":"009999","profile_image_url":"http://pbs.twimg.com/profile_images/494244783741628416/K2k1b8oB_normal.jpeg","following":false,"geo_enabled":false,"profile_banner_url":"https://pbs.twimg.com/profile_banners/2149505432/1410618178","profile_background_image_url":"http://pbs.twimg.com/profile_background_images/517166604920950786/Kxz8gI1L.jpeg","name":"{{{We All Connect}}}","lang":"en","profile_background_tile":true,"favourites_count":3694,"screen_name":"DeAnnaSabaoth","notifications":false,"url":null,"created_at":"Tue Oct 22 18:22:40 +0000 2013","contributors_enabled":false,"time_zone":"Central Time (US & Canada)","protected":false,"default_profile":false,"is_translator":false},"geo":null,"in_reply_to_user_id_str":"443374955","lang":"en","created_at":"Mon Dec 15 15:23:26 +0000 2014","in_reply_to_status_id_str":"544319916212367360","place":null},
{"contributors":null,"truncated":false,"text":"@adnntsneem You have a great day also! Peace &amp; Love Always!","in_reply_to_status_id":544319916212367360,"id":544513136745660416,"favorite_count":1,"source":"<a href=\"http://twitter.com\" rel=\"nofollow\">Twitter Web Client</a>","retweeted":false,"coordinates":null,"entities":{"symbols":[],"user_mentions":[{"id":443374955,"indices":[0,11],"id_str":"443374955","screen_name":"adnntsneem","name":"Adnin"}],"hashtags":[],"urls":[]},"in_reply_to_screen_name":"adnntsneem","id_str":"544513136745660416","retweet_count":0,"in_reply_to_user_id":443374955,"favorited":false,"user":{"follow_request_sent":false,"profile_use_background_image":true,"profile_text_color":"333333","default_profile_image":false,"id":2149505432,"profile_background_image_url_https":"https://pbs.twimg.com/profile_background_images/517166604920950786/Kxz8gI1L.jpeg","verified":false,"profile_location":null,"profile_image_url_https":"https://pbs.twimg.com/profile_images/494244783741628416/K2k1b8oB_normal.jpeg","profile_sidebar_fill_color":"EFEFEF","entities":{"description":{"urls":[]}},"followers_count":176,"profile_sidebar_border_color":"FFFFFF","id_str":"2149505432","profile_background_color":"131516","listed_count":0,"is_translation_enabled":false,"utc_offset":-21600,"statuses_count":2504,"description":"LoVe ~ LiFe ~ LiBeRtY~ Being Me! Cheers! xo!  :)   ~Child of God!~    \nChickasaw~Irish~German Baby! xo! Peace & Love Always xo!","friends_count":300,"location":"Turtle Island : IwUzBliNdNowIC","profile_link_color":"009999","profile_image_url":"http://pbs.twimg.com/profile_images/494244783741628416/K2k1b8oB_normal.jpeg","following":false,"geo_enabled":false,"profile_banner_url":"https://pbs.twimg.com/profile_banners/2149505432/1410618178","profile_background_image_url":"http://pbs.twimg.com/profile_background_images/517166604920950786/Kxz8gI1L.jpeg","name":"{{{We All Connect}}}","lang":"en","profile_background_tile":true,"favourites_count":3694,"screen_name":"DeAnnaSabaoth","notifications":false,"url":null,"created_at":"Tue Oct 22 18:22:40 +0000 2013","contributors_enabled":false,"time_zone":"Central Time (US & Canada)","protected":false,"default_profile":false,"is_translator":false},"geo":null,"in_reply_to_user_id_str":"443374955","lang":"en","created_at":"Mon Dec 15 15:23:43 +0000 2014","in_reply_to_status_id_str":"544319916212367360","place":null}
]