[{"contributors":null,"truncated":false,"text":"RT @BuzzFeedNews Note: Flag held up by Sydney hostages is NOT the flag commonly used by ISIS http://t.co/3xd1nvxZXo … cc @PaNormandin","in_reply_to_status_id":544281235271745537,"id":544282757497884672,"favorite_count":0,"source":"<a href=\"http://twitter.com\" rel=\"nofollow\">Twitter Web Client</a>","retweeted":false,"coordinates":null,"entities":{"symbols":[],"user_mentions":[{"id":1020058453,"indices":[3,16],"id_str":"1020058453","screen_name":"BuzzFeedNews","name":"BuzzFeed News"},{"id":29230237,"indices":[121,133],"id_str":"29230237","screen_name":"PaNormandin","name":"Pa Normandin"}],"hashtags":[],"urls":[{"url":"http://t.co/3xd1nvxZXo","indices":[93,115],"expanded_url":"http://www.buzzfeed.com/bradesposito/martinplace?bftw=news","display_url":"buzzfeed.com/bradesposito/m…"}]},"in_reply_to_screen_name":"BuzzFeedNews","id_str":"544282757497884672","retweet_count":0,"in_reply_to_user_id":1020058453,"favorited":false,"user":{"follow_request_sent":false,"profile_use_background_image":true,"profile_text_color":"333333","default_profile_image":false,"id":156334907,"profile_background_image_url_https":"https://abs.twimg.com/images/themes/theme1/bg.png","verified":false,"profile_location":null,"profile_image_url_https":"https://pbs.twimg.com/profile_images/1440419821/USgovtWorker_normal.jpg","profile_sidebar_fill_color":"DDEEF6","entities":{"url":{"urls":[{"url":"http://t.co/952cVxQVPI","indices":[0,22],"expanded_url":"http://www.menwholooklikekennyrogers.com/","display_url":"menwholooklikekennyrogers.com"}]},"description":{"urls":[]}},"followers_count":368,"profile_sidebar_border_color":"C0DEED","id_str":"156334907","profile_background_color":"C0DEED","listed_count":12,"is_translation_enabled":false,"utc_offset":-21600,"statuses_count":4868,"description":"Framers NOT Founders of US Constitution with each Amendment","friends_count":955,"location":"terre de nos aieux","profile_link_color":"0084B4","profile_image_url":"http://pbs.twimg.com/profile_images/1440419821/USgovtWorker_normal.jpg","following":false,"geo_enabled":true,"profile_background_image_url":"http://abs.twimg.com/images/themes/theme1/bg.png","name":"Hfelld","lang":"en","profile_background_tile":false,"favourites_count":998,"screen_name":"noFelld","notifications":false,"url":"http://t.co/952cVxQVPI","created_at":"Wed Jun 16 17:24:40 +0000 2010","contributors_enabled":false,"time_zone":"Central Time (US & Canada)","protected":false,"default_profile":true,"is_translator":false},"geo":null,"in_reply_to_user_id_str":"1020058453","possibly_sensitive":false,"lang":"en","created_at":"Mon Dec 15 00:08:16 +0000 2014","in_reply_to_status_id_str":"544281235271745537","place":{"full_name":"New York, US","url":"https://api.twitter.com/1.1/geo/id/94965b2c45386f87.json","country":"United States","place_type":"admin","bounding_box":{"type":"Polygon","coordinates":[[[-79.76259,40.477383],[-71.777492,40.477383],[-71.777492,45.015851],[-79.76259,45.015851]]]},"contained_within":[],"country_code":"US","attributes":{},"id":"94965b2c45386f87","name":"New York"}},
{"contributors":null,"truncated":false,"text":"@BuzzFeedNews @AmericanHawkTPJ and that's supposed to be different how? They are all still jihadists. Doing it in the name of Islam","in_reply_to_status_id":544281235271745537,"id":544282806428651520,"favorite_count":5,"source":"<a href=\"http://twitter.com/download/iphone\" rel=\"nofollow\">Twitter for iPhone</a>","retweeted":false,"coordinates":null,"entities":{"symbols":[],"user_mentions":[{"id":1020058453,"indices":[0,13],"id_str":"1020058453","screen_name":"BuzzFeedNews","name":"BuzzFeed News"},{"id":49690284,"indices":[14,30],"id_str":"49690284","screen_name":"AmericanHawkTPJ","name":"Patriotic Resistance"}],"hashtags":[],"urls":[]},"in_reply_to_screen_name":"BuzzFeedNews","id_str":"544282806428651520","retweet_count":0,"in_reply_to_user_id":1020058453,"favorited":false,"user":{"follow_request_sent":false,"profile_use_background_image":true,"profile_text_color":"3C3940","default_profile_image":false,"id":19750998,"profile_background_image_url_https":"https://abs.twimg.com/images/themes/theme4/bg.gif","verified":false,"profile_location":null,"profile_image_url_https":"https://pbs.twimg.com/profile_images/589042331967361025/zTsF-K7f_normal.jpg","profile_sidebar_fill_color":"95E8EC","entities":{"description":{"urls":[]}},"followers_count":2942,"profile_sidebar_border_color":"5ED4DC","id_str":"19750998","profile_background_color":"0099B9","listed_count":71,"is_translation_enabled":false,"utc_offset":-28800,"statuses_count":15089,"description":"Conservative gal, left the land of liberals, now a Texan! God Bless Texas","friends_count":1635,"location":"Austin, TX ","profile_link_color":"0099B9","profile_image_url":"http://pbs.twimg.com/profile_images/589042331967361025/zTsF-K7f_normal.jpg","following":false,"geo_enabled":false,"profile_banner_url":"https://pbs.twimg.com/profile_banners/19750998/1356886361","profile_background_image_url":"http://abs.twimg.com/images/themes/theme4/bg.gif","name":"Reaganette","lang":"en","profile_background_tile":false,"favourites_count":2774,"screen_name":"Ezinger44","notifications":false,"url":null,"created_at":"Fri Jan 30 03:01:45 +0000 2009","contributors_enabled":false,"time_zone":"Pacific Time (US & Canada)","protected":false,"default_profile":false,"is_translator":false},"geo":null,"in_reply_to_user_id_str":"1020058453","lang":"en","created_at":"Mon Dec 15 00:08:27 +0000 2014","in_reply_to_status_id_str":"544281235271745537","place":null},
{"contributors":null,"truncated":false,"text":"@BuzzFeedNews @VioliCalvert","in_reply_to_status_id":544281235271745537,"id":544283387054522368,"favorite_count":0,"source":"<a href=\"http://twitter.com\" rel=\"nofollow\">Twitter Web Client</a>","retweeted":false,"coordinates":null,"entities":{"symbols":[],"user_mentions":[{"id":1020058453,"indices":[0,13],"id_str":"1020058453","screen_name":"BuzzFeedNews","name":"BuzzFeed News"},{"id":457925300,"indices":[14,27],"id_str":"457925300","screen_name":"VioliCalvert","name":"Violi Calvert"}],"hashtags":[],"urls":[]},"in_reply_to_screen_name":"BuzzFeedNews","id_str":"544283387054522368","retweet_count":0,"in_reply_to_user_id":1020058453,"favorited":false,"user":{"follow_request_sent":false,"profile_use_background_image":false,"profile_text_color":"333333","default_profile_image":false,"id":248819855,"profile_background_image_url_https":"https://abs.twimg.com/images/themes/theme4/bg.gif","verified":false,"profile_location":null,"profile_image_url_https":"https://pbs.twimg.com/profile_images/586315503641174016/FWcz8jz0_normal.jpg","profile_sidebar_fill_color":"DDEEF6","entities":{"description":{"urls":[]}},"followers_count":159,"profile_sidebar_border_color":"000000","id_str":"248819855","profile_background_color":"0099B9","listed_count":4,"is_translation_enabled":false,"utc_offset":0,"statuses_count":29809,"description":"MSc Computer-Based Info Systems graduate & qualified as CompTIA A+ Computer Technician, interested in .NET, programming, Eurovision fan. RT s may mean anything.","friends_count":923,"location":"","profile_link_color":"0099B9","profile_image_url":"http://pbs.twimg.com/profile_images/586315503641174016/FWcz8jz0_normal.jpg","following":false,"geo_enabled":false,"profile_background_image_url":"http://abs.twimg.com/images/themes/theme4/bg.gif","name":"Francis Mangion","lang":"en","profile_background_tile":false,"favourites_count":5164,"screen_name":"FrancisWasHere","notifications":false,"url":null,"created_at":"Mon Feb 07 20:01:12 +0000 2011","contributors_enabled":false,"time_zone":"London","protected":false,"default_profile":false,"is_translator":false},"geo":null,"in_reply_to_user_id_str":"1020058453","lang":"und","created_at":"Mon Dec 15 00:10:46 +0000 2014","in_reply_to_status_id_str":"544281235271745537","place":null},
{"contributors":null,"truncated":false,"text":"@BuzzFeedNews @maria_ressa","in_reply_to_status_id":544283387054522368,"id":544284285793218561,"favorite_count":0,"source":"<a href=\"http://twitter.com\" rel=\"nofollow\">Twitter Web Client</a>","retweeted":false,"coordinates":null,"entities":{"symbols":[],"user_mentions":[{"id":1020058453,"indices":[0,13],"id_str":"1020058453","screen_name":"BuzzFeedNews","name":"BuzzFeed News"},{"id":34664371,"indices":[14,26],"id_str":"34664371","screen_name":"maria_ressa","name":"Maria Ressa"}],"hashtags":[],"urls":[]},"in_reply_to_screen_name":"FrancisWasHere","id_str":"544284285793218561","retweet_count":0,"in_reply_to_user_id":248819855,"favorited":false,"user":{"follow_request_sent":false,"profile_use_background_image":false,"profile_text_color":"333333","default_profile_image":false,"id":248819855,"profile_background_image_url_https":"https://abs.twimg.com/images/themes/theme4/bg.gif","verified":false,"profile_location":null,"profile_image_url_https":"https://pbs.twimg.com/profile_images/586315503641174016/FWcz8jz0_normal.jpg","profile_sidebar_fill_color":"DDEEF6","entities":{"description":{"urls":[]}},"followers_count":159,"profile_sidebar_border_color":"000000","id_str":"248819855","profile_background_color":"0099B9","listed_count":4,"is_translation_enabled":false,"utc_offset":0,"statuses_count":29809,"description":"MSc Computer-Based Info Systems graduate & qualified as CompTIA A+ Computer Technician, interested in .NET, programming, Eurovision fan. RT s may mean anything.","friends_count":923,"location":"","profile_link_color":"0099B9","profile_image_url":"http://pbs.twimg.com/profile_images/586315503641174016/FWcz8jz0_normal.jpg","following":false,"geo_enabled":false,"profile_background_image_url":"http://abs.twimg.com/images/themes/theme4/bg.gif","name":"Francis Mangion","lang":"en","profile_background_tile":false,"favourites_count":5164,"screen_name":"FrancisWasHere","notifications":false,"url":null,"created_at":"Mon Feb 07 20:01:12 +0000 2011","contributors_enabled":false,"time_zone":"London","protected":false,"default_profile":false,"is_translator":false},"geo":null,"in_reply_to_user_id_str":"248819855","lang":"und","created_at":"Mon Dec 15 00:14:20 +0000 2014","in_reply_to_status_id_str":"544283387054522368","place":null},
{"contributors":null,"truncated":false,"text":"@Ezinger44 @BuzzFeedNews @AmericanHawkTPJ no not really there's a big different ! They're a sect and they actually kill the \"suna\" Muslims","in_reply_to_status_id":544282806428651520,"id":544286462418505728,"favorite_count":0,"source":"<a href=\"http://twitter.com/download/iphone\" rel=\"nofollow\">Twitter for iPhone</a>","retweeted":false,"coordinates":null,"entities":{"symbols":[],"user_mentions":[{"id":19750998,"indices":[0,10],"id_str":"19750998","screen_name":"Ezinger44","name":"Reaganette"},{"id":1020058453,"indices":[11,24],"id_str":"1020058453","screen_name":"BuzzFeedNews","name":"BuzzFeed News"},{"id":49690284,"indices":[25,41],"id_str":"49690284","screen_name":"AmericanHawkTPJ","name":"Patriotic Resistance"}],"hashtags":[],"urls":[]},"in_reply_to_screen_name":"Ezinger44","id_str":"544286462418505728","retweet_count":0,"in_reply_to_user_id":19750998,"favorited":false,"user":{"follow_request_sent":false,"profile_use_background_image":true,"profile_text_color":"000000","default_profile_image":false,"id":615420539,"profile_background_image_url_https":"https://pbs.twimg.com/profile_background_images/378800000091372065/4c717d105ce95120a33508d48a0f5125.jpeg","verified":false,"profile_location":null,"profile_image_url_https":"https://pbs.twimg.com/profile_images/545372760403632128/cAPwZCGs_normal.jpeg","profile_sidebar_fill_color":"FFFFFF","entities":{"description":{"urls":[]}},"followers_count":10230,"profile_sidebar_border_color":"FFFFFF","id_str":"615420539","profile_background_color":"FFFFFF","listed_count":11,"is_translation_enabled":false,"utc_offset":10800,"statuses_count":42333,"description":"Our hobbies are breakfast, lunch, and dinner Always here for our boys.","friends_count":1261,"location":"","profile_link_color":"000000","profile_image_url":"http://pbs.twimg.com/profile_images/545372760403632128/cAPwZCGs_normal.jpeg","following":false,"geo_enabled":true,"profile_banner_url":"https://pbs.twimg.com/profile_banners/615420539/1411034732","profile_background_image_url":"http://pbs.twimg.com/profile_background_images/378800000091372065/4c717d105ce95120a33508d48a0f5125.jpeg","name":"➵ zayn","lang":"en","profile_background_tile":true,"favourites_count":2043,"screen_name":"weyhey_zourry","notifications":false,"url":null,"created_at":"Fri Jun 22 18:38:47 +0000 2012","contributors_enabled":false,"time_zone":"Baghdad","protected":false,"default_profile":false,"is_translator":false},"geo":null,"in_reply_to_user_id_str":"19750998","lang":"en","created_at":"Mon Dec 15 00:22:59 +0000 2014","in_reply_to_status_id_str":"544282806428651520","place":null},
{"contributors":null,"truncated":false,"text":"@Ezinger44 @BuzzFeedNews @AmericanHawkTPJ difference *","in_reply_to_status_id":544286462418505728,"id":544286890107486209,"favorite_count":0,"source":"<a href=\"http://twitter.com/download/iphone\" rel=\"nofollow\">Twitter for iPhone</a>","retweeted":false,"coordinates":null,"entities":{"symbols":[],"user_mentions":[{"id":19750998,"indices":[0,10],"id_str":"19750998","screen_name":"Ezinger44","name":"Reaganette"},{"id":1020058453,"indices":[11,24],"id_str":"1020058453","screen_name":"BuzzFeedNews","name":"BuzzFeed News"},{"id":49690284,"indices":[25,41],"id_str":"49690284","screen_name":"AmericanHawkTPJ","name":"Patriotic Resistance"}],"hashtags":[],"urls":[]},"in_reply_to_screen_name":"weyhey_zourry","id_str":"544286890107486209","retweet_count":0,"in_reply_to_user_id":615420539,"favorited":false,"user":{"follow_request_sent":false,"profile_use_background_image":true,"profile_text_color":"000000","default_profile_image":false,"id":615420539,"profile_background_image_url_https":"https://pbs.twimg.com/profile_background_images/378800000091372065/4c717d105ce95120a33508d48a0f5125.jpeg","verified":false,"profile_location":null,"profile_image_url_https":"https://pbs.twimg.com/profile_images/545372760403632128/cAPwZCGs_normal.jpeg","profile_sidebar_fill_color":"FFFFFF","entities":{"description":{"urls":[]}},"followers_count":10230,"profile_sidebar_border_color":"FFFFFF","id_str":"615420539","profile_background_color":"FFFFFF","listed_count":11,"is_translation_enabled":false,"utc_offset":10800,"statuses_count":42333,"description":"Our hobbies are breakfast, lunch, and dinner Always here for our boys.","friends_count":1261,"location":"","profile_link_color":"000000","profile_image_url":"http://pbs.twimg.com/profile_images/545372760403632128/cAPwZCGs_normal.jpeg","following":false,"geo_enabled":true,"profile_banner_url":"https://pbs.twimg.com/profile_banners/615420539/1411034732","profile_background_image_url":"http://pbs.twimg.com/profile_background_images/378800000091372065/4c717d105ce95120a33508d48a0f5125.jpeg","name":"➵ zayn","lang":"en","profile_background_tile":true,"favourites_count":2043,"screen_name":"weyhey_zourry","notifications":false,"url":null,"created_at":"Fri Jun 22 18:38:47 +0000 2012","contributors_enabled":false,"time_zone":"Baghdad","protected":false,"default_profile":false,"is_translator":false},"geo":null,"in_reply_to_user_id_str":"615420539","lang":"en","created_at":"Mon Dec 15 00:24:41 +0000 2014","in_reply_to_status_id_str":"544286462418505728","place":null},
{"contributors":null,"truncated":false,"text":"@BuzzFeedNews @DAVIDMDRAIMAN if it's not the same flag, then I guess the two gunmen are two trouble stirring a-holes.","in_reply_to_status_id":544281235271745537,"id":544287024794963970,"favorite_count":0,"source":"<a href=\"http://twitter.com/#!/download/ipad\" rel=\"nofollow\">Twitter for iPad</a>","retweeted":false,"coordinates":null,"entities":{"symbols":[],"user_mentions":[{"id":1020058453,"indices":[0,13],"id_str":"1020058453","screen_name":"BuzzFeedNews","name":"BuzzFeed News"},{"id":268866184,"indices":[14,28],"id_str":"268866184","screen_name":"DAVIDMDRAIMAN","name":"DAVID DRAIMAN"}],"hashtags":[],"urls":[]},"in_reply_to_screen_name":"BuzzFeedNews","id_str":"544287024794963970","retweet_count":0,"in_reply_to_user_id":1020058453,"favorited":false,"user":{"follow_request_sent":false,"profile_use_background_image":true,"profile_text_color":"333333","default_profile_image":false,"id":1511796361,"profile_background_image_url_https":"https://abs.twimg.com/images/themes/theme1/bg.png","verified":false,"profile_location":null,"profile_image_url_https":"https://pbs.twimg.com/profile_images/431304207136608256/bUa4Zwbb_normal.jpeg","profile_sidebar_fill_color":"DDEEF6","entities":{"description":{"urls":[]}},"followers_count":22,"profile_sidebar_border_color":"C0DEED","id_str":"1511796361","profile_background_color":"C0DEED","listed_count":1,"is_translation_enabled":false,"utc_offset":null,"statuses_count":1079,"description":"Soon-to-be editor of film. That's all.","friends_count":107,"location":"","profile_link_color":"0084B4","profile_image_url":"http://pbs.twimg.com/profile_images/431304207136608256/bUa4Zwbb_normal.jpeg","following":false,"geo_enabled":false,"profile_background_image_url":"http://abs.twimg.com/images/themes/theme1/bg.png","name":"Scott Parsons","lang":"en","profile_background_tile":false,"favourites_count":130,"screen_name":"Scotty_Ham","notifications":false,"url":null,"created_at":"Wed Jun 12 22:21:03 +0000 2013","contributors_enabled":false,"time_zone":null,"protected":false,"default_profile":true,"is_translator":false},"geo":null,"in_reply_to_user_id_str":"1020058453","lang":"en","created_at":"Mon Dec 15 00:25:13 +0000 2014","in_reply_to_status_id_str":"544281235271745537","place":null},
{"contributors":null,"truncated":false,"text":"@BuzzFeedNews @MickMcCarsey how does that change anything? They're still brainwashed idiots.","in_reply_to_status_id":544281235271745537,"id":544287987144884224,"favorite_count":0,"source":"<a href=\"http://twitter.com\" rel=\"nofollow\">Twitter Web Client</a>","retweeted":false,"coordinates":null,"entities":{"symbols":[],"user_mentions":[{"id":1020058453,"indices":[0,13],"id_str":"1020058453","screen_name":"BuzzFeedNews","name":"BuzzFeed News"},{"id":361327685,"indices":[14,27],"id_str":"361327685","screen_name":"MickMcCarsey","name":"Sanchez Claus"}],"hashtags":[],"urls":[]},"in_reply_to_screen_name":"BuzzFeedNews","id_str":"544287987144884224","retweet_count":0,"in_reply_to_user_id":1020058453,"favorited":false,"user":{"follow_request_sent":false,"profile_use_background_image":true,"profile_text_color":"947974","default_profile_image":false,"id":94383892,"profile_background_image_url_https":"https://pbs.twimg.com/profile_background_images/443418017/x976a01bae566b5aa3a252b2657bdcb4.jpg","verified":false,"profile_location":null,"profile_image_url_https":"https://pbs.twimg.com/profile_images/501387651593674752/5A_eqcFD_normal.jpeg","profile_sidebar_fill_color":"000000","entities":{"description":{"urls":[]}},"followers_count":630,"profile_sidebar_border_color":"ADF1FC","id_str":"94383892","profile_background_color":"030103","listed_count":9,"is_translation_enabled":false,"utc_offset":3600,"statuses_count":34185,"description":"#Arsenal #Stormers #Ferrari #DTM | Studying accounting | Strong dislike for transfer windows","friends_count":1368,"location":"Stellenbosch, South Africa","profile_link_color":"FA8459","profile_image_url":"http://pbs.twimg.com/profile_images/501387651593674752/5A_eqcFD_normal.jpeg","following":false,"geo_enabled":false,"profile_banner_url":"https://pbs.twimg.com/profile_banners/94383892/1402573079","profile_background_image_url":"http://pbs.twimg.com/profile_background_images/443418017/x976a01bae566b5aa3a252b2657bdcb4.jpg","name":"Podolski's Cat","lang":"en","profile_background_tile":false,"favourites_count":4576,"screen_name":"BiggestGunner","notifications":false,"url":null,"created_at":"Thu Dec 03 18:24:43 +0000 2009","contributors_enabled":false,"time_zone":"Ljubljana","protected":false,"default_profile":false,"is_translator":false},"geo":null,"in_reply_to_user_id_str":"1020058453","lang":"en","created_at":"Mon Dec 15 00:29:03 +0000 2014","in_reply_to_status_id_str":"544281235271745537","place":null},
{"contributors":null,"truncated":false,"text":"@BuzzFeedNews \n\nCc\n@bsoomah3311 @xksanewsx","in_reply_to_status_id":544281235271745537,"id":544289159741833216,"favorite_count":0,"source":"<a href=\"http://twitter.com/download/iphone\" rel=\"nofollow\">Twitter for iPhone</a>","retweeted":false,"coordinates":null,"entities":{"symbols":[],"user_mentions":[{"id":1020058453,"indices":[0,13],"id_str":"1020058453","screen_name":"BuzzFeedNews","name":"BuzzFeed News"},{"id":2761454466,"indices":[19,31],"id_str":"2761454466","screen_name":"bsoomah3311","name":"bsoomah"},{"id":701177444,"indices":[32,42],"id_str":"701177444","screen_name":"xksanewsx","name":"موجز الأخبار ™"}],"hashtags":[],"urls":[]},"in_reply_to_screen_name":"BuzzFeedNews","id_str":"544289159741833216","retweet_count":0,"in_reply_to_user_id":1020058453,"favorited":false,"user":{"follow_request_sent":false,"profile_use_background_image":true,"profile_text_color":"333333","default_profile_image":false,"id":324913775,"profile_background_image_url_https":"https://abs.twimg.com/images/themes/theme1/bg.png","verified":false,"profile_location":null,"profile_image_url_https":"https://pbs.twimg.com/profile_images/537182720325996544/NYsxz-3i_normal.jpeg","profile_sidebar_fill_color":"DDEEF6","entities":{"description":{"urls":[]}},"followers_count":107,"profile_sidebar_border_color":"C0DEED","id_str":"324913775","profile_background_color":"C0DEED","listed_count":0,"is_translation_enabled":false,"utc_offset":null,"statuses_count":98,"description":"","friends_count":97,"location":"Australia - Sydney ","profile_link_color":"0084B4","profile_image_url":"http://pbs.twimg.com/profile_images/537182720325996544/NYsxz-3i_normal.jpeg","following":false,"geo_enabled":false,"profile_banner_url":"https://pbs.twimg.com/profile_banners/324913775/1389249112","profile_background_image_url":"http://abs.twimg.com/images/themes/theme1/bg.png","name":"احمد المطرودي","lang":"en","profile_background_tile":false,"favourites_count":10,"screen_name":"AAlmatroudi","notifications":false,"url":null,"created_at":"Mon Jun 27 12:36:27 +0000 2011","contributors_enabled":false,"time_zone":null,"protected":false,"default_profile":true,"is_translator":false},"geo":null,"in_reply_to_user_id_str":"1020058453","lang":"und","created_at":"Mon Dec 15 00:33:42 +0000 2014","in_reply_to_status_id_str":"544281235271745537","place":null},
{"contributors":null,"truncated":false,"text":"@AAlmatroudi @BuzzFeedNews @xksanewsx وش يقول","in_reply_to_status_id":544289159741833216,"id":544289846026457088,"favorite_count":0,"source":"<a href=\"http://twitter.com/download/iphone\" rel=\"nofollow\">Twitter for iPhone</a>","retweeted":false,"coordinates":null,"entities":{"symbols":[],"user_mentions":[{"id":324913775,"indices":[0,12],"id_str":"324913775","screen_name":"AAlmatroudi","name":"احمد المطرودي"},{"id":1020058453,"indices":[13,26],"id_str":"1020058453","screen_name":"BuzzFeedNews","name":"BuzzFeed News"},{"id":701177444,"indices":[27,37],"id_str":"701177444","screen_name":"xksanewsx","name":"موجز الأخبار ™"}],"hashtags":[],"urls":[]},"in_reply_to_screen_name":"AAlmatroudi","id_str":"544289846026457088","retweet_count":0,"in_reply_to_user_id":324913775,"favorited":false,"user":{"follow_request_sent":false,"profile_use_background_image":true,"profile_text_color":"333333","default_profile_image":false,"id":2761454466,"profile_background_image_url_https":"https://abs.twimg.com/images/themes/theme1/bg.png","verified":false,"profile_location":null,"profile_image_url_https":"https://pbs.twimg.com/profile_images/559541753397538817/SyrTCy5r_normal.jpeg","profile_sidebar_fill_color":"DDEEF6","entities":{"description":{"urls":[]}},"followers_count":9,"profile_sidebar_border_color":"C0DEED","id_str":"2761454466","profile_background_color":"C0DEED","listed_count":0,"is_translation_enabled":false,"utc_offset":null,"statuses_count":87,"description":"","friends_count":88,"location":"","profile_link_color":"0084B4","profile_image_url":"http://pbs.twimg.com/profile_images/559541753397538817/SyrTCy5r_normal.jpeg","following":false,"geo_enabled":false,"profile_background_image_url":"http://abs.twimg.com/images/themes/theme1/bg.png","name":"bsoomah","lang":"ar","profile_background_tile":false,"favourites_count":123,"screen_name":"bsoomah3311","notifications":false,"url":null,"created_at":"Sun Aug 24 05:03:23 +0000 2014","contributors_enabled":false,"time_zone":null,"protected":false,"default_profile":true,"is_translator":false},"geo":null,"in_reply_to_user_id_str":"324913775","lang":"ar","created_at":"Mon Dec 15 00:36:26 +0000 2014","in_reply_to_status_id_str":"544289159741833216","place":null},
{"contributors":null,"truncated":false,"text":"@AAlmatroudi @BuzzFeedNews @xksanewsx مو علمهم صح","in_reply_to_status_id":544289159741833216,"id":544289953446760448,"favorite_count":0,"source":"<a href=\"http://twitter.com/download/iphone\" rel=\"nofollow\">Twitter for iPhone</a>","retweeted":false,"coordinates":null,"entities":{"symbols":[],"user_mentions":[{"id":324913775,"indices":[0,12],"id_str":"324913775","screen_name":"AAlmatroudi","name":"احمد المطرودي"},{"id":1020058453,"indices":[13,26],"id_str":"1020058453","screen_name":"BuzzFeedNews","name":"BuzzFeed News"},{"id":701177444,"indices":[27,37],"id_str":"701177444","screen_name":"xksanewsx","name":"موجز الأخبار ™"}],"hashtags":[],"urls":[]},"in_reply_to_screen_name":"AAlmatroudi","id_str":"544289953446760448","retweet_count":0,"in_reply_to_user_id":324913775,"favorited":false,"user":{"follow_request_sent":false,"profile_use_background_image":true,"profile_text_color":"333333","default_profile_image":false,"id":2761454466,"profile_background_image_url_https":"https://abs.twimg.com/images/themes/theme1/bg.png","verified":false,"profile_location":null,"profile_image_url_https":"https://pbs.twimg.com/profile_images/559541753397538817/SyrTCy5r_normal.jpeg","profile_sidebar_fill_color":"DDEEF6","entities":{"description":{"urls":[]}},"followers_count":9,"profile_sidebar_border_color":"C0DEED","id_str":"2761454466","profile_background_color":"C0DEED","listed_count":0,"is_translation_enabled":false,"utc_offset":null,"statuses_count":87,"description":"","friends_count":88,"location":"","profile_link_color":"0084B4","profile_image_url":"http://pbs.twimg.com/profile_images/559541753397538817/SyrTCy5r_normal.jpeg","following":false,"geo_enabled":false,"profile_background_image_url":"http://abs.twimg.com/images/themes/theme1/bg.png","name":"bsoomah","lang":"ar","profile_background_tile":false,"favourites_count":123,"screen_name":"bsoomah3311","notifications":false,"url":null,"created_at":"Sun Aug 24 05:03:23 +0000 2014","contributors_enabled":false,"time_zone":null,"protected":false,"default_profile":true,"is_translator":false},"geo":null,"in_reply_to_user_id_str":"324913775","lang":"ar","created_at":"Mon Dec 15 00:36:51 +0000 2014","in_reply_to_status_id_str":"544289159741833216","place":null},
{"contributors":null,"truncated":false,"text":"@BuzzFeedNews @DAVIDMDRAIMAN So is he just a regular Islamic nut or a regular Islamic nut?","in_reply_to_status_id":544281235271745537,"id":544290057067450368,"favorite_count":0,"source":"<a href=\"http://twitter.com/#!/download/ipad\" rel=\"nofollow\">Twitter for iPad</a>","retweeted":false,"coordinates":null,"entities":{"symbols":[],"user_mentions":[{"id":1020058453,"indices":[0,13],"id_str":"1020058453","screen_name":"BuzzFeedNews","name":"BuzzFeed News"},{"id":268866184,"indices":[14,28],"id_str":"268866184","screen_name":"DAVIDMDRAIMAN","name":"DAVID DRAIMAN"}],"hashtags":[],"urls":[]},"in_reply_to_screen_name":"BuzzFeedNews","id_str":"544290057067450368","retweet_count":0,"in_reply_to_user_id":1020058453,"favorited":false,"user":{"follow_request_sent":false,"profile_use_background_image":true,"profile_text_color":"333333","default_profile_image":false,"id":2566015532,"profile_background_image_url_https":"https://abs.twimg.com/images/themes/theme1/bg.png","verified":false,"profile_location":null,"profile_image_url_https":"https://pbs.twimg.com/profile_images/543551838549577729/eqt_RQ89_normal.jpeg","profile_sidebar_fill_color":"DDEEF6","entities":{"description":{"urls":[]}},"followers_count":1131,"profile_sidebar_border_color":"C0DEED","id_str":"2566015532","profile_background_color":"C0DEED","listed_count":10,"is_translation_enabled":false,"utc_offset":null,"statuses_count":17297,"description":"Sarcastic who me? Also opinionated, annoyed and grumpy old git English hate politcal correctness with pashion and liberal left wing Facists","friends_count":1423,"location":"England","profile_link_color":"0084B4","profile_image_url":"http://pbs.twimg.com/profile_images/543551838549577729/eqt_RQ89_normal.jpeg","following":false,"geo_enabled":true,"profile_banner_url":"https://pbs.twimg.com/profile_banners/2566015532/1407166638","profile_background_image_url":"http://abs.twimg.com/images/themes/theme1/bg.png","name":"Philip Turner","lang":"en","profile_background_tile":false,"favourites_count":5524,"screen_name":"Philt522","notifications":false,"url":null,"created_at":"Fri Jun 13 22:35:35 +0000 2014","contributors_enabled":false,"time_zone":null,"protected":false,"default_profile":true,"is_translator":false},"geo":null,"in_reply_to_user_id_str":"1020058453","lang":"en","created_at":"Mon Dec 15 00:37:16 +0000 2014","in_reply_to_status_id_str":"544281235271745537","place":null},
{"contributors":null,"truncated":false,"text":"@bsoomah3311 @BuzzFeedNews @xksanewsx يقول مو علمهم لان الشعار يختلف","in_reply_to_status_id":544289953446760448,"id":544290167033303042,"favorite_count":0,"source":"<a href=\"http://twitter.com/download/iphone\" rel=\"nofollow\">Twitter for iPhone</a>","retweeted":false,"coordinates":null,"entities":{"symbols":[],"user_mentions":[{"id":2761454466,"indices":[0,12],"id_str":"2761454466","screen_name":"bsoomah3311","name":"bsoomah"},{"id":1020058453,"indices":[13,26],"id_str":"1020058453","screen_name":"BuzzFeedNews","name":"BuzzFeed News"},{"id":701177444,"indices":[27,37],"id_str":"701177444","screen_name":"xksanewsx","name":"موجز الأخبار ™"}],"hashtags":[],"urls":[]},"in_reply_to_screen_name":"bsoomah3311","id_str":"544290167033303042","retweet_count":0,"in_reply_to_user_id":2761454466,"favorited":false,"user":{"follow_request_sent":false,"profile_use_background_image":true,"profile_text_color":"333333","default_profile_image":false,"id":324913775,"profile_background_image_url_https":"https://abs.twimg.com/images/themes/theme1/bg.png","verified":false,"profile_location":null,"profile_image_url_https":"https://pbs.twimg.com/profile_images/537182720325996544/NYsxz-3i_normal.jpeg","profile_sidebar_fill_color":"DDEEF6","entities":{"description":{"urls":[]}},"followers_count":107,"profile_sidebar_border_color":"C0DEED","id_str":"324913775","profile_background_color":"C0DEED","listed_count":0,"is_translation_enabled":false,"utc_offset":null,"statuses_count":98,"description":"","friends_count":97,"location":"Australia - Sydney ","profile_link_color":"0084B4","profile_image_url":"http://pbs.twimg.com/profile_images/537182720325996544/NYsxz-3i_normal.jpeg","following":false,"geo_enabled":false,"profile_banner_url":"https://pbs.twimg.com/profile_banners/324913775/1389249112","profile_background_image_url":"http://abs.twimg.com/images/themes/theme1/bg.png","name":"احمد المطرودي","lang":"en","profile_background_tile":false,"favourites_count":10,"screen_name":"AAlmatroudi","notifications":false,"url":null,"created_at":"Mon Jun 27 12:36:27 +0000 2011","contributors_enabled":false,"time_zone":null,"protected":false,"default_profile":true,"is_translator":false},"geo":null,"in_reply_to_user_id_str":"2761454466","lang":"ar","created_at":"Mon Dec 15 00:37:42 +0000 2014","in_reply_to_status_id_str":"544289953446760448","place":null},
{"contributors":null,"truncated":false,"text":"@BuzzFeedNews S. S. D. D.","in_reply_to_status_id":544281235271745537,"id":544291242570686465,"favorite_count":0,"source":"<a href=\"http://twitter.com/download/iphone\" rel=\"nofollow\">Twitter for iPhone</a>","retweeted":false,"coordinates":null,"entities":{"symbols":[],"user_mentions":[{"id":1020058453,"indices":[0,13],"id_str":"1020058453","screen_name":"BuzzFeedNews","name":"BuzzFeed News"}],"hashtags":[],"urls":[]},"in_reply_to_screen_name":"BuzzFeedNews","id_str":"544291242570686465","retweet_count":0,"in_reply_to_user_id":1020058453,"favorited":false,"user":{"follow_request_sent":false,"profile_use_background_image":true,"profile_text_color":"780000","default_profile_image":false,"id":532718922,"profile_background_image_url_https":"https://pbs.twimg.com/profile_background_images/457113045190189056/xbWybRt0.jpeg","verified":false,"profile_location":null,"profile_image_url_https":"https://pbs.twimg.com/profile_images/589596400897372160/1zS7rIt1_normal.jpg","profile_sidebar_fill_color":"78C0A8","entities":{"description":{"urls":[]}},"followers_count":535,"profile_sidebar_border_color":"000000","id_str":"532718922","profile_background_color":"000000","listed_count":5,"is_translation_enabled":false,"utc_offset":0,"statuses_count":26752,"description":"","friends_count":474,"location":"","profile_link_color":"DD2E44","profile_image_url":"http://pbs.twimg.com/profile_images/589596400897372160/1zS7rIt1_normal.jpg","following":false,"geo_enabled":false,"profile_banner_url":"https://pbs.twimg.com/profile_banners/532718922/1418899835","profile_background_image_url":"http://pbs.twimg.com/profile_background_images/457113045190189056/xbWybRt0.jpeg","name":".","lang":"en","profile_background_tile":true,"favourites_count":10579,"screen_name":"surfintafari","notifications":false,"url":null,"created_at":"Wed Mar 21 23:05:22 +0000 2012","contributors_enabled":false,"time_zone":"London","protected":false,"default_profile":false,"is_translator":false},"geo":null,"in_reply_to_user_id_str":"1020058453","lang":"hu","created_at":"Mon Dec 15 00:41:59 +0000 2014","in_reply_to_status_id_str":"544281235271745537","place":null},
{"contributors":null,"truncated":false,"text":"@bsoomah3311 ايوه وفيه الان احد المصادر تقول انه مجموعه جهادية بس مو داعش","in_reply_to_status_id":544291138392190976,"id":544291665532301313,"favorite_count":0,"source":"<a href=\"http://twitter.com/download/iphone\" rel=\"nofollow\">Twitter for iPhone</a>","retweeted":false,"coordinates":null,"entities":{"symbols":[],"user_mentions":[{"id":2761454466,"indices":[0,12],"id_str":"2761454466","screen_name":"bsoomah3311","name":"bsoomah"}],"hashtags":[],"urls":[]},"in_reply_to_screen_name":"bsoomah3311","id_str":"544291665532301313","retweet_count":0,"in_reply_to_user_id":2761454466,"favorited":false,"user":{"follow_request_sent":false,"profile_use_background_image":true,"profile_text_color":"333333","default_profile_image":false,"id":324913775,"profile_background_image_url_https":"https://abs.twimg.com/images/themes/theme1/bg.png","verified":false,"profile_location":null,"profile_image_url_https":"https://pbs.twimg.com/profile_images/537182720325996544/NYsxz-3i_normal.jpeg","profile_sidebar_fill_color":"DDEEF6","entities":{"description":{"urls":[]}},"followers_count":107,"profile_sidebar_border_color":"C0DEED","id_str":"324913775","profile_background_color":"C0DEED","listed_count":0,"is_translation_enabled":false,"utc_offset":null,"statuses_count":98,"description":"","friends_count":97,"location":"Australia - Sydney ","profile_link_color":"0084B4","profile_image_url":"http://pbs.twimg.com/profile_images/537182720325996544/NYsxz-3i_normal.jpeg","following":false,"geo_enabled":false,"profile_banner_url":"https://pbs.twimg.com/profile_banners/324913775/1389249112","profile_background_image_url":"http://abs.twimg.com/images/themes/theme1/bg.png","name":"احمد المطرودي","lang":"en","profile_background_tile":false,"favourites_count":10,"screen_name":"AAlmatroudi","notifications":false,"url":null,"created_at":"Mon Jun 27 12:36:27 +0000 2011","contributors_enabled":false,"time_zone":null,"protected":false,"default_profile":true,"is_translator":false},"geo":null,"in_reply_to_user_id_str":"2761454466","lang":"ar","created_at":"Mon Dec 15 00:43:40 +0000 2014","in_reply_to_status_id_str":"544291138392190976","place":null},
{"contributors":null,"truncated":false,"text":"RT @BuzzFeedNews: Note: Flag held up by Sydney hostages is NOT the flag commonly used by ISIS http://t.co/hColBbosMO http://t.co/Z3gm7ncJDI","in_reply_to_status_id":544281235271745537,"id":544292194912587776,"favorite_count":0,"source":"<a href=\"http://twitter.com/#!/download/ipad\" rel=\"nofollow\">Twitter for iPad</a>","retweeted":false,"coordinates":null,"entities":{"symbols":[],"user_mentions":[{"id":1020058453,"indices":[3,16],"id_str":"1020058453","screen_name":"BuzzFeedNews","name":"BuzzFeed News"}],"hashtags":[],"urls":[{"url":"http://t.co/hColBbosMO","indices":[94,116],"expanded_url":"http://www.buzzfeed.com/bradesposito/martinplace?bftw=news","display_url":"buzzfeed.com/bradesposito/m…"}],"media":[{"source_user_id":1020058453,"source_status_id_str":"544281235271745537","expanded_url":"http://twitter.com/BuzzFeedNews/status/544281235271745537/photo/1","display_url":"pic.twitter.com/Z3gm7ncJDI","url":"http://t.co/Z3gm7ncJDI","media_url_https":"https://pbs.twimg.com/media/B42skgOCAAIgDHT.png","source_user_id_str":"1020058453","source_status_id":544281235271745537,"id_str":"544280873105752066","sizes":{"large":{"h":351,"resize":"fit","w":627},"small":{"h":190,"resize":"fit","w":340},"medium":{"h":335,"resize":"fit","w":600},"thumb":{"h":150,"resize":"crop","w":150}},"indices":[117,139],"type":"photo","id":544280873105752066,"media_url":"http://pbs.twimg.com/media/B42skgOCAAIgDHT.png"}]},"in_reply_to_screen_name":"BuzzFeedNews","id_str":"544292194912587776","retweet_count":0,"in_reply_to_user_id":1020058453,"favorited":false,"user":{"follow_request_sent":false,"profile_use_background_image":true,"profile_text_color":"000000","default_profile_image":false,"id":50791051,"profile_background_image_url_https":"https://pbs.twimg.com/profile_background_images/104795389/breast-cancer-awareness.jpg","verified":false,"profile_location":null,"profile_image_url_https":"https://pbs.twimg.com/profile_images/927873815/f7f49435-0c29-4c9a-ad3f-cb1afa72d1b6_normal.png","profile_sidebar_fill_color":"FFABDC","entities":{"description":{"urls":[]}},"followers_count":4064,"profile_sidebar_border_color":"FFABDC","id_str":"50791051","profile_background_color":"7F0247","listed_count":152,"is_translation_enabled":false,"utc_offset":-18000,"statuses_count":106474,"description":"❤You got to dance like nobody is watching, Dream like you will live forever, Live like you are going to die tomorrow and Love like its never going to hurt.❤","friends_count":3315,"location":"iPhone: 0.000000,0.000000","profile_link_color":"7F0247","profile_image_url":"http://pbs.twimg.com/profile_images/927873815/f7f49435-0c29-4c9a-ad3f-cb1afa72d1b6_normal.png","following":false,"geo_enabled":false,"profile_background_image_url":"http://pbs.twimg.com/profile_background_images/104795389/breast-cancer-awareness.jpg","name":"Janice Dash","lang":"en","profile_background_tile":true,"favourites_count":938,"screen_name":"Trazlersgal","notifications":false,"url":null,"created_at":"Thu Jun 25 22:23:33 +0000 2009","contributors_enabled":false,"time_zone":"Eastern Time (US & Canada)","protected":false,"default_profile":false,"is_translator":false},"geo":null,"in_reply_to_user_id_str":"1020058453","possibly_sensitive":false,"lang":"en","created_at":"Mon Dec 15 00:45:46 +0000 2014","in_reply_to_status_id_str":"544281235271745537","place":null,"extended_entities":{"media":[{"source_user_id":1020058453,"source_status_id_str":"544281235271745537","expanded_url":"http://twitter.com/BuzzFeedNews/status/544281235271745537/photo/1","display_url":"pic.twitter.com/Z3gm7ncJDI","url":"http://t.co/Z3gm7ncJDI","media_url_https":"https://pbs.twimg.com/media/B42skgOCAAIgDHT.png","source_user_id_str":"1020058453","source_status_id":544281235271745537,"id_str":"544280873105752066","sizes":{"large":{"h":351,"resize":"fit","w":627},"small":{"h":190,"resize":"fit","w":340},"medium":{"h":335,"resize":"fit","w":600},"thumb":{"h":150,"resize":"crop","w":150}},"indices":[117,139],"type":"photo","id":544280873105752066,"media_url":"http://pbs.twimg.com/media/B42skgOCAAIgDHT.png"},{"source_user_id":1020058453,"source_status_id_str":"544281235271745537","expanded_url":"http://twitter.com/BuzzFeedNews/status/544281235271745537/photo/1","display_url":"pic.twitter.com/Z3gm7ncJDI","url":"http://t.co/Z3gm7ncJDI","media_url_https":"https://pbs.twimg.com/media/B42skZ4CcAAMjHN.jpg","source_user_id_str":"1020058453","source_status_id":544281235271745537,"id_str":"544280871402893312","sizes":{"small":{"h":214,"resize":"fit","w":340},"large":{"h":624,"resize":"fit","w":990},"medium":{"h":378,"resize":"fit","w":600},"thumb":{"h":150,"resize":"crop","w":150}},"indices":[117,139],"type":"photo","id":544280871402893312,"media_url":"http://pbs.twimg.com/media/B42skZ4CcAAMjHN.jpg"}]}},
{"contributors":null,"truncated":false,"text":"@AAlmatroudi مسحت العلم اللي ارسلته لك بس طلع نفسه جبته قبل اخبارهم😌 http://t.co/TLMxAxnX9N","in_reply_to_status_id":544291665532301313,"id":544302025815498753,"favorite_count":0,"source":"<a href=\"http://twitter.com/download/iphone\" rel=\"nofollow\">Twitter for iPhone</a>","retweeted":false,"coordinates":null,"entities":{"symbols":[],"user_mentions":[{"id":324913775,"indices":[0,12],"id_str":"324913775","screen_name":"AAlmatroudi","name":"احمد المطرودي"}],"hashtags":[],"urls":[],"media":[{"expanded_url":"http://twitter.com/bsoomah3311/status/544302025815498753/photo/1","display_url":"pic.twitter.com/TLMxAxnX9N","url":"http://t.co/TLMxAxnX9N","media_url_https":"https://pbs.twimg.com/media/B42_vneCIAAyM-5.jpg","id_str":"544301954751406080","sizes":{"small":{"h":604,"resize":"fit","w":340},"large":{"h":1024,"resize":"fit","w":576},"medium":{"h":1024,"resize":"fit","w":576},"thumb":{"h":150,"resize":"crop","w":150}},"indices":[69,91],"type":"photo","id":544301954751406080,"media_url":"http://pbs.twimg.com/media/B42_vneCIAAyM-5.jpg"}]},"in_reply_to_screen_name":"AAlmatroudi","id_str":"544302025815498753","retweet_count":0,"in_reply_to_user_id":324913775,"favorited":false,"user":{"follow_request_sent":false,"profile_use_background_image":true,"profile_text_color":"333333","default_profile_image":false,"id":2761454466,"profile_background_image_url_https":"https://abs.twimg.com/images/themes/theme1/bg.png","verified":false,"profile_location":null,"profile_image_url_https":"https://pbs.twimg.com/profile_images/559541753397538817/SyrTCy5r_normal.jpeg","profile_sidebar_fill_color":"DDEEF6","entities":{"description":{"urls":[]}},"followers_count":9,"profile_sidebar_border_color":"C0DEED","id_str":"2761454466","profile_background_color":"C0DEED","listed_count":0,"is_translation_enabled":false,"utc_offset":null,"statuses_count":87,"description":"","friends_count":89,"location":"","profile_link_color":"0084B4","profile_image_url":"http://pbs.twimg.com/profile_images/559541753397538817/SyrTCy5r_normal.jpeg","following":false,"geo_enabled":false,"profile_background_image_url":"http://abs.twimg.com/images/themes/theme1/bg.png","name":"bsoomah","lang":"ar","profile_background_tile":false,"favourites_count":123,"screen_name":"bsoomah3311","notifications":false,"url":null,"created_at":"Sun Aug 24 05:03:23 +0000 2014","contributors_enabled":false,"time_zone":null,"protected":false,"default_profile":true,"is_translator":false},"geo":null,"in_reply_to_user_id_str":"324913775","possibly_sensitive":false,"lang":"ar","created_at":"Mon Dec 15 01:24:50 +0000 2014","in_reply_to_status_id_str":"544291665532301313","place":null,"extended_entities":{"media":[{"expanded_url":"http://twitter.com/bsoomah3311/status/544302025815498753/photo/1","display_url":"pic.twitter.com/TLMxAxnX9N","url":"http://t.co/TLMxAxnX9N","media_url_https":"https://pbs.twimg.com/media/B42_vneCIAAyM-5.jpg","id_str":"544301954751406080","sizes":{"small":{"h":604,"resize":"fit","w":340},"large":{"h":1024,"resize":"fit","w":576},"medium":{"h":1024,"resize":"fit","w":576},"thumb":{"h":150,"resize":"crop","w":150}},"indices":[69,91],"type":"photo","id":544301954751406080,"media_url":"http://pbs.twimg.com/media/B42_vneCIAAyM-5.jpg"}]}},
{"contributors":null,"truncated":false,"text":"@bsoomah3311 اجل تصلحين محققة 😁 \n\nعلم جبهة النصرة !","in_reply_to_status_id":544302025815498753,"id":544302278937563137,"favorite_count":0,"source":"<a href=\"http://twitter.com/download/iphone\" rel=\"nofollow\">Twitter for iPhone</a>","retweeted":false,"coordinates":null,"entities":{"symbols":[],"user_mentions":[{"id":2761454466,"indices":[0,12],"id_str":"2761454466","screen_name":"bsoomah3311","name":"bsoomah"}],"hashtags":[],"urls":[]},"in_reply_to_screen_name":"bsoomah3311","id_str":"544302278937563137","retweet_count":0,"in_reply_to_user_id":2761454466,"favorited":false,"user":{"follow_request_sent":false,"profile_use_background_image":true,"profile_text_color":"333333","default_profile_image":false,"id":324913775,"profile_background_image_url_https":"https://abs.twimg.com/images/themes/theme1/bg.png","verified":false,"profile_location":null,"profile_image_url_https":"https://pbs.twimg.com/profile_images/537182720325996544/NYsxz-3i_normal.jpeg","profile_sidebar_fill_color":"DDEEF6","entities":{"description":{"urls":[]}},"followers_count":107,"profile_sidebar_border_color":"C0DEED","id_str":"324913775","profile_background_color":"C0DEED","listed_count":0,"is_translation_enabled":false,"utc_offset":null,"statuses_count":98,"description":"","friends_count":97,"location":"Australia - Sydney ","profile_link_color":"0084B4","profile_image_url":"http://pbs.twimg.com/profile_images/537182720325996544/NYsxz-3i_normal.jpeg","following":false,"geo_enabled":false,"profile_banner_url":"https://pbs.twimg.com/profile_banners/324913775/1389249112","profile_background_image_url":"http://abs.twimg.com/images/themes/theme1/bg.png","name":"احمد المطرودي","lang":"en","profile_background_tile":false,"favourites_count":10,"screen_name":"AAlmatroudi","notifications":false,"url":null,"created_at":"Mon Jun 27 12:36:27 +0000 2011","contributors_enabled":false,"time_zone":null,"protected":false,"default_profile":true,"is_translator":false},"geo":null,"in_reply_to_user_id_str":"2761454466","lang":"ar","created_at":"Mon Dec 15 01:25:50 +0000 2014","in_reply_to_status_id_str":"544302025815498753","place":null},
{"contributors":null,"truncated":false,"text":"@weyhey_zourry @Ezinger44 @BuzzFeedNews @AmericanHawkTPJ it s sick bc they dont represent islam in any way","in_reply_to_status_id":544286462418505728,"id":544305825138081792,"favorite_count":0,"source":"<a href=\"http://twitter.com/download/iphone\" rel=\"nofollow\">Twitter for iPhone</a>","retweeted":false,"coordinates":null,"entities":{"symbols":[],"user_mentions":[{"id":615420539,"indices":[0,14],"id_str":"615420539","screen_name":"weyhey_zourry","name":" ➵"},{"id":19750998,"indices":[15,25],"id_str":"19750998","screen_name":"Ezinger44","name":"Reaganette"},{"id":1020058453,"indices":[26,39],"id_str":"1020058453","screen_name":"BuzzFeedNews","name":"BuzzFeed News"},{"id":49690284,"indices":[40,56],"id_str":"49690284","screen_name":"AmericanHawkTPJ","name":"Patriotic Resistance"}],"hashtags":[],"urls":[]},"in_reply_to_screen_name":"weyhey_zourry","id_str":"544305825138081792","retweet_count":0,"in_reply_to_user_id":615420539,"favorited":false,"user":{"follow_request_sent":false,"profile_use_background_image":true,"profile_text_color":"362720","default_profile_image":false,"id":1345618585,"profile_background_image_url_https":"https://abs.twimg.com/images/themes/theme11/bg.gif","verified":false,"profile_location":null,"profile_image_url_https":"https://pbs.twimg.com/profile_images/543616861376897026/NQQHFHsH_normal.jpeg","profile_sidebar_fill_color":"E5507E","entities":{"description":{"urls":[]}},"followers_count":2082,"profile_sidebar_border_color":"CC3366","id_str":"1345618585","profile_background_color":"FF6699","listed_count":9,"is_translation_enabled":false,"utc_offset":-21600,"statuses_count":22437,"description":"19 | MY NIGGAS PR ENGAGED TO CRUSTY THE CLOWN !! ___ 1D, JUSTIN, MILEY, ARIANA, PRINCESS RIRI AND QUEEN BEY___","friends_count":1894,"location":"CANADA","profile_link_color":"B40B43","profile_image_url":"http://pbs.twimg.com/profile_images/543616861376897026/NQQHFHsH_normal.jpeg","following":false,"geo_enabled":false,"profile_banner_url":"https://pbs.twimg.com/profile_banners/1345618585/1398911486","profile_background_image_url":"http://abs.twimg.com/images/themes/theme11/bg.gif","name":"YONCÉ","lang":"en","profile_background_tile":true,"favourites_count":745,"screen_name":"ziamftbeyonce","notifications":false,"url":null,"created_at":"Fri Apr 12 00:27:08 +0000 2013","contributors_enabled":false,"time_zone":"Central Time (US & Canada)","protected":false,"default_profile":false,"is_translator":false},"geo":null,"in_reply_to_user_id_str":"615420539","lang":"en","created_at":"Mon Dec 15 01:39:56 +0000 2014","in_reply_to_status_id_str":"544286462418505728","place":null},
{"contributors":null,"truncated":false,"text":".@ziamftbeyonce I beg to differ. They are slaughtering Christians who believe in Jesus and won't renounce him.","in_reply_to_status_id":544305825138081792,"id":544307290078052352,"favorite_count":1,"source":"<a href=\"http://twitter.com/download/iphone\" rel=\"nofollow\">Twitter for iPhone</a>","retweeted":false,"coordinates":null,"entities":{"symbols":[],"user_mentions":[{"id":1345618585,"indices":[1,15],"id_str":"1345618585","screen_name":"ziamftbeyonce","name":"YONCÉ"}],"hashtags":[],"urls":[]},"in_reply_to_screen_name":"ziamftbeyonce","id_str":"544307290078052352","retweet_count":0,"in_reply_to_user_id":1345618585,"favorited":false,"user":{"follow_request_sent":false,"profile_use_background_image":true,"profile_text_color":"3C3940","default_profile_image":false,"id":19750998,"profile_background_image_url_https":"https://abs.twimg.com/images/themes/theme4/bg.gif","verified":false,"profile_location":null,"profile_image_url_https":"https://pbs.twimg.com/profile_images/589042331967361025/zTsF-K7f_normal.jpg","profile_sidebar_fill_color":"95E8EC","entities":{"description":{"urls":[]}},"followers_count":2943,"profile_sidebar_border_color":"5ED4DC","id_str":"19750998","profile_background_color":"0099B9","listed_count":71,"is_translation_enabled":false,"utc_offset":-28800,"statuses_count":15093,"description":"Conservative gal, left the land of liberals, now a Texan! God Bless Texas","friends_count":1635,"location":"Austin, TX ","profile_link_color":"0099B9","profile_image_url":"http://pbs.twimg.com/profile_images/589042331967361025/zTsF-K7f_normal.jpg","following":false,"geo_enabled":false,"profile_banner_url":"https://pbs.twimg.com/profile_banners/19750998/1356886361","profile_background_image_url":"http://abs.twimg.com/images/themes/theme4/bg.gif","name":"Reaganette","lang":"en","profile_background_tile":false,"favourites_count":2777,"screen_name":"Ezinger44","notifications":false,"url":null,"created_at":"Fri Jan 30 03:01:45 +0000 2009","contributors_enabled":false,"time_zone":"Pacific Time (US & Canada)","protected":false,"default_profile":false,"is_translator":false},"geo":null,"in_reply_to_user_id_str":"1345618585","lang":"en","created_at":"Mon Dec 15 01:45:45 +0000 2014","in_reply_to_status_id_str":"544305825138081792","place":null},
{"contributors":null,"truncated":false,"text":"@Ezinger44 thats why i said they dont represent islam in any way shape or form bc islam respects all religions that worship god","in_reply_to_status_id":544307290078052352,"id":544307499965640705,"favorite_count":0,"source":"<a href=\"http://twitter.com/download/iphone\" rel=\"nofollow\">Twitter for iPhone</a>","retweeted":false,"coordinates":null,"entities":{"symbols":[],"user_mentions":[{"id":19750998,"indices":[0,10],"id_str":"19750998","screen_name":"Ezinger44","name":"Reaganette"}],"hashtags":[],"urls":[]},"in_reply_to_screen_name":"Ezinger44","id_str":"544307499965640705","retweet_count":0,"in_reply_to_user_id":19750998,"favorited":false,"user":{"follow_request_sent":false,"profile_use_background_image":true,"profile_text_color":"362720","default_profile_image":false,"id":1345618585,"profile_background_image_url_https":"https://abs.twimg.com/images/themes/theme11/bg.gif","verified":false,"profile_location":null,"profile_image_url_https":"https://pbs.twimg.com/profile_images/543616861376897026/NQQHFHsH_normal.jpeg","profile_sidebar_fill_color":"E5507E","entities":{"description":{"urls":[]}},"followers_count":2082,"profile_sidebar_border_color":"CC3366","id_str":"1345618585","profile_background_color":"FF6699","listed_count":9,"is_translation_enabled":false,"utc_offset":-21600,"statuses_count":22437,"description":"19 | MY NIGGAS PR ENGAGED TO CRUSTY THE CLOWN !! ___ 1D, JUSTIN, MILEY, ARIANA, PRINCESS RIRI AND QUEEN BEY___","friends_count":1894,"location":"CANADA","profile_link_color":"B40B43","profile_image_url":"http://pbs.twimg.com/profile_images/543616861376897026/NQQHFHsH_normal.jpeg","following":false,"geo_enabled":false,"profile_banner_url":"https://pbs.twimg.com/profile_banners/1345618585/1398911486","profile_background_image_url":"http://abs.twimg.com/images/themes/theme11/bg.gif","name":"YONCÉ","lang":"en","profile_background_tile":true,"favourites_count":745,"screen_name":"ziamftbeyonce","notifications":false,"url":null,"created_at":"Fri Apr 12 00:27:08 +0000 2013","contributors_enabled":false,"time_zone":"Central Time (US & Canada)","protected":false,"default_profile":false,"is_translator":false},"geo":null,"in_reply_to_user_id_str":"19750998","lang":"en","created_at":"Mon Dec 15 01:46:35 +0000 2014","in_reply_to_status_id_str":"544307290078052352","place":null},
{"contributors":null,"truncated":false,"text":"@Ezinger44 jews christians and muslims and every other religion is respected by islam, these people r trying to ruin our image thats all","in_reply_to_status_id":544307290078052352,"id":544307702135291904,"favorite_count":0,"source":"<a href=\"http://twitter.com/download/iphone\" rel=\"nofollow\">Twitter for iPhone</a>","retweeted":false,"coordinates":null,"entities":{"symbols":[],"user_mentions":[{"id":19750998,"indices":[0,10],"id_str":"19750998","screen_name":"Ezinger44","name":"Reaganette"}],"hashtags":[],"urls":[]},"in_reply_to_screen_name":"Ezinger44","id_str":"544307702135291904","retweet_count":0,"in_reply_to_user_id":19750998,"favorited":false,"user":{"follow_request_sent":false,"profile_use_background_image":true,"profile_text_color":"362720","default_profile_image":false,"id":1345618585,"profile_background_image_url_https":"https://abs.twimg.com/images/themes/theme11/bg.gif","verified":false,"profile_location":null,"profile_image_url_https":"https://pbs.twimg.com/profile_images/543616861376897026/NQQHFHsH_normal.jpeg","profile_sidebar_fill_color":"E5507E","entities":{"description":{"urls":[]}},"followers_count":2082,"profile_sidebar_border_color":"CC3366","id_str":"1345618585","profile_background_color":"FF6699","listed_count":9,"is_translation_enabled":false,"utc_offset":-21600,"statuses_count":22437,"description":"19 | MY NIGGAS PR ENGAGED TO CRUSTY THE CLOWN !! ___ 1D, JUSTIN, MILEY, ARIANA, PRINCESS RIRI AND QUEEN BEY___","friends_count":1894,"location":"CANADA","profile_link_color":"B40B43","profile_image_url":"http://pbs.twimg.com/profile_images/543616861376897026/NQQHFHsH_normal.jpeg","following":false,"geo_enabled":false,"profile_banner_url":"https://pbs.twimg.com/profile_banners/1345618585/1398911486","profile_background_image_url":"http://abs.twimg.com/images/themes/theme11/bg.gif","name":"YONCÉ","lang":"en","profile_background_tile":true,"favourites_count":745,"screen_name":"ziamftbeyonce","notifications":false,"url":null,"created_at":"Fri Apr 12 00:27:08 +0000 2013","contributors_enabled":false,"time_zone":"Central Time (US & Canada)","protected":false,"default_profile":false,"is_translator":false},"geo":null,"in_reply_to_user_id_str":"19750998","lang":"en","created_at":"Mon Dec 15 01:47:23 +0000 2014","in_reply_to_status_id_str":"544307290078052352","place":null},
{"contributors":null,"truncated":false,"text":"@Ezinger44 if u took time to read about islam and their beliefs u would realize its a peaceful religion and therefore u wont be ignorant","in_reply_to_status_id":544307290078052352,"id":544307911691079680,"favorite_count":0,"source":"<a href=\"http://twitter.com/download/iphone\" rel=\"nofollow\">Twitter for iPhone</a>","retweeted":false,"coordinates":null,"entities":{"symbols":[],"user_mentions":[{"id":19750998,"indices":[0,10],"id_str":"19750998","screen_name":"Ezinger44","name":"Reaganette"}],"hashtags":[],"urls":[]},"in_reply_to_screen_name":"Ezinger44","id_str":"544307911691079680","retweet_count":0,"in_reply_to_user_id":19750998,"favorited":false,"user":{"follow_request_sent":false,"profile_use_background_image":true,"profile_text_color":"362720","default_profile_image":false,"id":1345618585,"profile_background_image_url_https":"https://abs.twimg.com/images/themes/theme11/bg.gif","verified":false,"profile_location":null,"profile_image_url_https":"https://pbs.twimg.com/profile_images/543616861376897026/NQQHFHsH_normal.jpeg","profile_sidebar_fill_color":"E5507E","entities":{"description":{"urls":[]}},"followers_count":2082,"profile_sidebar_border_color":"CC3366","id_str":"1345618585","profile_background_color":"FF6699","listed_count":9,"is_translation_enabled":false,"utc_offset":-21600,"statuses_count":22437,"description":"19 | MY NIGGAS PR ENGAGED TO CRUSTY THE CLOWN !! ___ 1D, JUSTIN, MILEY, ARIANA, PRINCESS RIRI AND QUEEN BEY___","friends_count":1894,"location":"CANADA","profile_link_color":"B40B43","profile_image_url":"http://pbs.twimg.com/profile_images/543616861376897026/NQQHFHsH_normal.jpeg","following":false,"geo_enabled":false,"profile_banner_url":"https://pbs.twimg.com/profile_banners/1345618585/1398911486","profile_background_image_url":"http://abs.twimg.com/images/themes/theme11/bg.gif","name":"YONCÉ","lang":"en","profile_background_tile":true,"favourites_count":745,"screen_name":"ziamftbeyonce","notifications":false,"url":null,"created_at":"Fri Apr 12 00:27:08 +0000 2013","contributors_enabled":false,"time_zone":"Central Time (US & Canada)","protected":false,"default_profile":false,"is_translator":false},"geo":null,"in_reply_to_user_id_str":"19750998","lang":"en","created_at":"Mon Dec 15 01:48:13 +0000 2014","in_reply_to_status_id_str":"544307290078052352","place":null},
{"contributors":null,"truncated":false,"text":"@ziamftbeyonce no thanks. I have the Bible. Their leaders shouldn't be so silent if what you say is correct.","in_reply_to_status_id":544307702135291904,"id":544309085143711744,"favorite_count":0,"source":"<a href=\"http://twitter.com/download/iphone\" rel=\"nofollow\">Twitter for iPhone</a>","retweeted":false,"coordinates":null,"entities":{"symbols":[],"user_mentions":[{"id":1345618585,"indices":[0,14],"id_str":"1345618585","screen_name":"ziamftbeyonce","name":"YONCÉ"}],"hashtags":[],"urls":[]},"in_reply_to_screen_name":"ziamftbeyonce","id_str":"544309085143711744","retweet_count":0,"in_reply_to_user_id":1345618585,"favorited":false,"user":{"follow_request_sent":false,"profile_use_background_image":true,"profile_text_color":"3C3940","default_profile_image":false,"id":19750998,"profile_background_image_url_https":"https://abs.twimg.com/images/themes/theme4/bg.gif","verified":false,"profile_location":null,"profile_image_url_https":"https://pbs.twimg.com/profile_images/589042331967361025/zTsF-K7f_normal.jpg","profile_sidebar_fill_color":"95E8EC","entities":{"description":{"urls":[]}},"followers_count":2943,"profile_sidebar_border_color":"5ED4DC","id_str":"19750998","profile_background_color":"0099B9","listed_count":71,"is_translation_enabled":false,"utc_offset":-28800,"statuses_count":15093,"description":"Conservative gal, left the land of liberals, now a Texan! God Bless Texas","friends_count":1635,"location":"Austin, TX ","profile_link_color":"0099B9","profile_image_url":"http://pbs.twimg.com/profile_images/589042331967361025/zTsF-K7f_normal.jpg","following":false,"geo_enabled":false,"profile_banner_url":"https://pbs.twimg.com/profile_banners/19750998/1356886361","profile_background_image_url":"http://abs.twimg.com/images/themes/theme4/bg.gif","name":"Reaganette","lang":"en","profile_background_tile":false,"favourites_count":2777,"screen_name":"Ezinger44","notifications":false,"url":null,"created_at":"Fri Jan 30 03:01:45 +0000 2009","contributors_enabled":false,"time_zone":"Pacific Time (US & Canada)","protected":false,"default_profile":false,"is_translator":false},"geo":null,"in_reply_to_user_id_str":"1345618585","lang":"en","created_at":"Mon Dec 15 01:52:53 +0000 2014","in_reply_to_status_id_str":"544307702135291904","place":null},
{"contributors":null,"truncated":false,"text":"@ziamftbeyonce yet there is not a smidgen of public outrage by Muslim community to denounce &amp; fight ISIS/like-minded radicals @Ezinger44","in_reply_to_status_id":544307911691079680,"id":544309708073742337,"favorite_count":0,"source":"<a href=\"http://twitter.com\" rel=\"nofollow\">Twitter Web Client</a>","retweeted":false,"coordinates":null,"entities":{"symbols":[],"user_mentions":[{"id":1345618585,"indices":[0,14],"id_str":"1345618585","screen_name":"ziamftbeyonce","name":"YONCÉ"},{"id":19750998,"indices":[130,140],"id_str":"19750998","screen_name":"Ezinger44","name":"Reaganette"}],"hashtags":[],"urls":[]},"in_reply_to_screen_name":"ziamftbeyonce","id_str":"544309708073742337","retweet_count":0,"in_reply_to_user_id":1345618585,"favorited":false,"user":{"follow_request_sent":false,"profile_use_background_image":true,"profile_text_color":"333333","default_profile_image":false,"id":345678493,"profile_background_image_url_https":"https://abs.twimg.com/images/themes/theme15/bg.png","verified":false,"profile_location":null,"profile_image_url_https":"https://pbs.twimg.com/profile_images/547227385309847552/Y73RhUTu_normal.jpeg","profile_sidebar_fill_color":"C0DFEC","entities":{"url":{"urls":[{"url":"http://t.co/k0d0ECcjKp","indices":[0,22],"expanded_url":"http://InsideTheRightMind.com","display_url":"InsideTheRightMind.com"}]},"description":{"urls":[]}},"followers_count":2630,"profile_sidebar_border_color":"A8C7F7","id_str":"345678493","profile_background_color":"022330","listed_count":63,"is_translation_enabled":false,"utc_offset":-18000,"statuses_count":21761,"description":"Patriot. Unapologetic/provocative conservative. Potty-mouthed to Liberals. Invest in America. #Redskins #2A","friends_count":2552,"location":"Everywhere, USA","profile_link_color":"0084B4","profile_image_url":"http://pbs.twimg.com/profile_images/547227385309847552/Y73RhUTu_normal.jpeg","following":false,"geo_enabled":false,"profile_banner_url":"https://pbs.twimg.com/profile_banners/345678493/1413159225","profile_background_image_url":"http://abs.twimg.com/images/themes/theme15/bg.png","name":"Sentinel 75","lang":"en","profile_background_tile":false,"favourites_count":607,"screen_name":"Sentinel_75","notifications":false,"url":"http://t.co/k0d0ECcjKp","created_at":"Sun Jul 31 00:34:46 +0000 2011","contributors_enabled":false,"time_zone":"Eastern Time (US & Canada)","protected":false,"default_profile":false,"is_translator":false},"geo":null,"in_reply_to_user_id_str":"1345618585","lang":"en","created_at":"Mon Dec 15 01:55:21 +0000 2014","in_reply_to_status_id_str":"544307911691079680","place":null},
{"contributors":null,"truncated":false,"text":"@Ezinger44 ur such an ignorant white bitch, ur bible was rewritten by lots of people not everything is gods words 😴😴😴😴😴😴😴","in_reply_to_status_id":544309085143711744,"id":544310149876559872,"favorite_count":0,"source":"<a href=\"http://twitter.com/download/iphone\" rel=\"nofollow\">Twitter for iPhone</a>","retweeted":false,"coordinates":null,"entities":{"symbols":[],"user_mentions":[{"id":19750998,"indices":[0,10],"id_str":"19750998","screen_name":"Ezinger44","name":"Reaganette"}],"hashtags":[],"urls":[]},"in_reply_to_screen_name":"Ezinger44","id_str":"544310149876559872","retweet_count":0,"in_reply_to_user_id":19750998,"favorited":false,"user":{"follow_request_sent":false,"profile_use_background_image":true,"profile_text_color":"362720","default_profile_image":false,"id":1345618585,"profile_background_image_url_https":"https://abs.twimg.com/images/themes/theme11/bg.gif","verified":false,"profile_location":null,"profile_image_url_https":"https://pbs.twimg.com/profile_images/543616861376897026/NQQHFHsH_normal.jpeg","profile_sidebar_fill_color":"E5507E","entities":{"description":{"urls":[]}},"followers_count":2082,"profile_sidebar_border_color":"CC3366","id_str":"1345618585","profile_background_color":"FF6699","listed_count":9,"is_translation_enabled":false,"utc_offset":-21600,"statuses_count":22437,"description":"19 | MY NIGGAS PR ENGAGED TO CRUSTY THE CLOWN !! ___ 1D, JUSTIN, MILEY, ARIANA, PRINCESS RIRI AND QUEEN BEY___","friends_count":1894,"location":"CANADA","profile_link_color":"B40B43","profile_image_url":"http://pbs.twimg.com/profile_images/543616861376897026/NQQHFHsH_normal.jpeg","following":false,"geo_enabled":false,"profile_banner_url":"https://pbs.twimg.com/profile_banners/1345618585/1398911486","profile_background_image_url":"http://abs.twimg.com/images/themes/theme11/bg.gif","name":"YONCÉ","lang":"en","profile_background_tile":true,"favourites_count":745,"screen_name":"ziamftbeyonce","notifications":false,"url":null,"created_at":"Fri Apr 12 00:27:08 +0000 2013","contributors_enabled":false,"time_zone":"Central Time (US & Canada)","protected":false,"default_profile":false,"is_translator":false},"geo":null,"in_reply_to_user_id_str":"19750998","lang":"en","created_at":"Mon Dec 15 01:57:07 +0000 2014","in_reply_to_status_id_str":"544309085143711744","place":null},
{"contributors":null,"truncated":false,"text":"@Sentinel_75 @Ezinger44 NIGGA WHO R U, i shouldve known u were white always white people who r the dumbest","in_reply_to_status_id":544309708073742337,"id":544310428319625217,"favorite_count":0,"source":"<a href=\"http://twitter.com/download/iphone\" rel=\"nofollow\">Twitter for iPhone</a>","retweeted":false,"coordinates":null,"entities":{"symbols":[],"user_mentions":[{"id":345678493,"indices":[0,12],"id_str":"345678493","screen_name":"Sentinel_75","name":"Sentinel 75"},{"id":19750998,"indices":[13,23],"id_str":"19750998","screen_name":"Ezinger44","name":"Reaganette"}],"hashtags":[],"urls":[]},"in_reply_to_screen_name":"Sentinel_75","id_str":"544310428319625217","retweet_count":0,"in_reply_to_user_id":345678493,"favorited":false,"user":{"follow_request_sent":false,"profile_use_background_image":true,"profile_text_color":"362720","default_profile_image":false,"id":1345618585,"profile_background_image_url_https":"https://abs.twimg.com/images/themes/theme11/bg.gif","verified":false,"profile_location":null,"profile_image_url_https":"https://pbs.twimg.com/profile_images/543616861376897026/NQQHFHsH_normal.jpeg","profile_sidebar_fill_color":"E5507E","entities":{"description":{"urls":[]}},"followers_count":2082,"profile_sidebar_border_color":"CC3366","id_str":"1345618585","profile_background_color":"FF6699","listed_count":9,"is_translation_enabled":false,"utc_offset":-21600,"statuses_count":22437,"description":"19 | MY NIGGAS PR ENGAGED TO CRUSTY THE CLOWN !! ___ 1D, JUSTIN, MILEY, ARIANA, PRINCESS RIRI AND QUEEN BEY___","friends_count":1894,"location":"CANADA","profile_link_color":"B40B43","profile_image_url":"http://pbs.twimg.com/profile_images/543616861376897026/NQQHFHsH_normal.jpeg","following":false,"geo_enabled":false,"profile_banner_url":"https://pbs.twimg.com/profile_banners/1345618585/1398911486","profile_background_image_url":"http://abs.twimg.com/images/themes/theme11/bg.gif","name":"YONCÉ","lang":"en","profile_background_tile":true,"favourites_count":745,"screen_name":"ziamftbeyonce","notifications":false,"url":null,"created_at":"Fri Apr 12 00:27:08 +0000 2013","contributors_enabled":false,"time_zone":"Central Time (US & Canada)","protected":false,"default_profile":false,"is_translator":false},"geo":null,"in_reply_to_user_id_str":"345678493","lang":"en","created_at":"Mon Dec 15 01:58:13 +0000 2014","in_reply_to_status_id_str":"544309708073742337","place":null},
{"contributors":null,"truncated":false,"text":"@Sentinel_75 @Ezinger44 kys and gtfo","in_reply_to_status_id":544309708073742337,"id":544310482895896576,"favorite_count":0,"source":"<a href=\"http://twitter.com/download/iphone\" rel=\"nofollow\">Twitter for iPhone</a>","retweeted":false,"coordinates":null,"entities":{"symbols":[],"user_mentions":[{"id":345678493,"indices":[0,12],"id_str":"345678493","screen_name":"Sentinel_75","name":"Sentinel 75"},{"id":19750998,"indices":[13,23],"id_str":"19750998","screen_name":"Ezinger44","name":"Reaganette"}],"hashtags":[],"urls":[]},"in_reply_to_screen_name":"Sentinel_75","id_str":"544310482895896576","retweet_count":0,"in_reply_to_user_id":345678493,"favorited":false,"user":{"follow_request_sent":false,"profile_use_background_image":true,"profile_text_color":"362720","default_profile_image":false,"id":1345618585,"profile_background_image_url_https":"https://abs.twimg.com/images/themes/theme11/bg.gif","verified":false,"profile_location":null,"profile_image_url_https":"https://pbs.twimg.com/profile_images/543616861376897026/NQQHFHsH_normal.jpeg","profile_sidebar_fill_color":"E5507E","entities":{"description":{"urls":[]}},"followers_count":2082,"profile_sidebar_border_color":"CC3366","id_str":"1345618585","profile_background_color":"FF6699","listed_count":9,"is_translation_enabled":false,"utc_offset":-21600,"statuses_count":22437,"description":"19 | MY NIGGAS PR ENGAGED TO CRUSTY THE CLOWN !! ___ 1D, JUSTIN, MILEY, ARIANA, PRINCESS RIRI AND QUEEN BEY___","friends_count":1894,"location":"CANADA","profile_link_color":"B40B43","profile_image_url":"http://pbs.twimg.com/profile_images/543616861376897026/NQQHFHsH_normal.jpeg","following":false,"geo_enabled":false,"profile_banner_url":"https://pbs.twimg.com/profile_banners/1345618585/1398911486","profile_background_image_url":"http://abs.twimg.com/images/themes/theme11/bg.gif","name":"YONCÉ","lang":"en","profile_background_tile":true,"favourites_count":745,"screen_name":"ziamftbeyonce","notifications":false,"url":null,"created_at":"Fri Apr 12 00:27:08 +0000 2013","contributors_enabled":false,"time_zone":"Central Time (US & Canada)","protected":false,"default_profile":false,"is_translator":false},"geo":null,"in_reply_to_user_id_str":"345678493","lang":"en","created_at":"Mon Dec 15 01:58:26 +0000 2014","in_reply_to_status_id_str":"544309708073742337","place":null},
{"contributors":null,"truncated":false,"text":".@ziamftbeyonce you should read it. 😊 most popular book in the world and banned bc of how it transforms us. God Is great and Jesus saves","in_reply_to_status_id":544310149876559872,"id":544310750794113025,"favorite_count":0,"source":"<a href=\"http://twitter.com/download/iphone\" rel=\"nofollow\">Twitter for iPhone</a>","retweeted":false,"coordinates":null,"entities":{"symbols":[],"user_mentions":[{"id":1345618585,"indices":[1,15],"id_str":"1345618585","screen_name":"ziamftbeyonce","name":"YONCÉ"}],"hashtags":[],"urls":[]},"in_reply_to_screen_name":"ziamftbeyonce","id_str":"544310750794113025","retweet_count":0,"in_reply_to_user_id":1345618585,"favorited":false,"user":{"follow_request_sent":false,"profile_use_background_image":true,"profile_text_color":"3C3940","default_profile_image":false,"id":19750998,"profile_background_image_url_https":"https://abs.twimg.com/images/themes/theme4/bg.gif","verified":false,"profile_location":null,"profile_image_url_https":"https://pbs.twimg.com/profile_images/589042331967361025/zTsF-K7f_normal.jpg","profile_sidebar_fill_color":"95E8EC","entities":{"description":{"urls":[]}},"followers_count":2943,"profile_sidebar_border_color":"5ED4DC","id_str":"19750998","profile_background_color":"0099B9","listed_count":71,"is_translation_enabled":false,"utc_offset":-28800,"statuses_count":15093,"description":"Conservative gal, left the land of liberals, now a Texan! God Bless Texas","friends_count":1635,"location":"Austin, TX ","profile_link_color":"0099B9","profile_image_url":"http://pbs.twimg.com/profile_images/589042331967361025/zTsF-K7f_normal.jpg","following":false,"geo_enabled":false,"profile_banner_url":"https://pbs.twimg.com/profile_banners/19750998/1356886361","profile_background_image_url":"http://abs.twimg.com/images/themes/theme4/bg.gif","name":"Reaganette","lang":"en","profile_background_tile":false,"favourites_count":2777,"screen_name":"Ezinger44","notifications":false,"url":null,"created_at":"Fri Jan 30 03:01:45 +0000 2009","contributors_enabled":false,"time_zone":"Pacific Time (US & Canada)","protected":false,"default_profile":false,"is_translator":false},"geo":null,"in_reply_to_user_id_str":"1345618585","lang":"en","created_at":"Mon Dec 15 01:59:30 +0000 2014","in_reply_to_status_id_str":"544310149876559872","place":null},
{"contributors":null,"truncated":false,"text":"@ziamftbeyonce I see we have a real intellect on our hands - go back to chewing your gum @Ezinger44","in_reply_to_status_id":544310428319625217,"id":544310836391845888,"favorite_count":1,"source":"<a href=\"http://twitter.com\" rel=\"nofollow\">Twitter Web Client</a>","retweeted":false,"coordinates":null,"entities":{"symbols":[],"user_mentions":[{"id":1345618585,"indices":[0,14],"id_str":"1345618585","screen_name":"ziamftbeyonce","name":"YONCÉ"},{"id":19750998,"indices":[89,99],"id_str":"19750998","screen_name":"Ezinger44","name":"Reaganette"}],"hashtags":[],"urls":[]},"in_reply_to_screen_name":"ziamftbeyonce","id_str":"544310836391845888","retweet_count":0,"in_reply_to_user_id":1345618585,"favorited":false,"user":{"follow_request_sent":false,"profile_use_background_image":true,"profile_text_color":"333333","default_profile_image":false,"id":345678493,"profile_background_image_url_https":"https://abs.twimg.com/images/themes/theme15/bg.png","verified":false,"profile_location":null,"profile_image_url_https":"https://pbs.twimg.com/profile_images/547227385309847552/Y73RhUTu_normal.jpeg","profile_sidebar_fill_color":"C0DFEC","entities":{"url":{"urls":[{"url":"http://t.co/k0d0ECcjKp","indices":[0,22],"expanded_url":"http://InsideTheRightMind.com","display_url":"InsideTheRightMind.com"}]},"description":{"urls":[]}},"followers_count":2630,"profile_sidebar_border_color":"A8C7F7","id_str":"345678493","profile_background_color":"022330","listed_count":63,"is_translation_enabled":false,"utc_offset":-18000,"statuses_count":21761,"description":"Patriot. Unapologetic/provocative conservative. Potty-mouthed to Liberals. Invest in America. #Redskins #2A","friends_count":2552,"location":"Everywhere, USA","profile_link_color":"0084B4","profile_image_url":"http://pbs.twimg.com/profile_images/547227385309847552/Y73RhUTu_normal.jpeg","following":false,"geo_enabled":false,"profile_banner_url":"https://pbs.twimg.com/profile_banners/345678493/1413159225","profile_background_image_url":"http://abs.twimg.com/images/themes/theme15/bg.png","name":"Sentinel 75","lang":"en","profile_background_tile":false,"favourites_count":607,"screen_name":"Sentinel_75","notifications":false,"url":"http://t.co/k0d0ECcjKp","created_at":"Sun Jul 31 00:34:46 +0000 2011","contributors_enabled":false,"time_zone":"Eastern Time (US & Canada)","protected":false,"default_profile":false,"is_translator":false},"geo":null,"in_reply_to_user_id_str":"1345618585","lang":"en","created_at":"Mon Dec 15 01:59:50 +0000 2014","in_reply_to_status_id_str":"544310428319625217","place":null},
{"contributors":null,"truncated":false,"text":".@ziamftbeyonce also I don't speak the way you do and if you are Muslim u aren't peaceful. Clearly","in_reply_to_status_id":544310149876559872,"id":544310944101171200,"favorite_count":0,"source":"<a href=\"http://twitter.com/download/iphone\" rel=\"nofollow\">Twitter for iPhone</a>","retweeted":false,"coordinates":null,"entities":{"symbols":[],"user_mentions":[{"id":1345618585,"indices":[1,15],"id_str":"1345618585","screen_name":"ziamftbeyonce","name":"YONCÉ"}],"hashtags":[],"urls":[]},"in_reply_to_screen_name":"ziamftbeyonce","id_str":"544310944101171200","retweet_count":0,"in_reply_to_user_id":1345618585,"favorited":false,"user":{"follow_request_sent":false,"profile_use_background_image":true,"profile_text_color":"3C3940","default_profile_image":false,"id":19750998,"profile_background_image_url_https":"https://abs.twimg.com/images/themes/theme4/bg.gif","verified":false,"profile_location":null,"profile_image_url_https":"https://pbs.twimg.com/profile_images/589042331967361025/zTsF-K7f_normal.jpg","profile_sidebar_fill_color":"95E8EC","entities":{"description":{"urls":[]}},"followers_count":2943,"profile_sidebar_border_color":"5ED4DC","id_str":"19750998","profile_background_color":"0099B9","listed_count":71,"is_translation_enabled":false,"utc_offset":-28800,"statuses_count":15093,"description":"Conservative gal, left the land of liberals, now a Texan! God Bless Texas","friends_count":1635,"location":"Austin, TX ","profile_link_color":"0099B9","profile_image_url":"http://pbs.twimg.com/profile_images/589042331967361025/zTsF-K7f_normal.jpg","following":false,"geo_enabled":false,"profile_banner_url":"https://pbs.twimg.com/profile_banners/19750998/1356886361","profile_background_image_url":"http://abs.twimg.com/images/themes/theme4/bg.gif","name":"Reaganette","lang":"en","profile_background_tile":false,"favourites_count":2777,"screen_name":"Ezinger44","notifications":false,"url":null,"created_at":"Fri Jan 30 03:01:45 +0000 2009","contributors_enabled":false,"time_zone":"Pacific Time (US & Canada)","protected":false,"default_profile":false,"is_translator":false},"geo":null,"in_reply_to_user_id_str":"1345618585","lang":"en","created_at":"Mon Dec 15 02:00:16 +0000 2014","in_reply_to_status_id_str":"544310149876559872","place":null},
{"contributors":null,"truncated":false,"text":"@Ezinger44 no thanks im not even that religious to begin with but i know that islam isnt evil ur justdumb and ignorant and believeeverything","in_reply_to_status_id":544310750794113025,"id":544311002406604800,"favorite_count":0,"source":"<a href=\"http://twitter.com/download/iphone\" rel=\"nofollow\">Twitter for iPhone</a>","retweeted":false,"coordinates":null,"entities":{"symbols":[],"user_mentions":[{"id":19750998,"indices":[0,10],"id_str":"19750998","screen_name":"Ezinger44","name":"Reaganette"}],"hashtags":[],"urls":[]},"in_reply_to_screen_name":"Ezinger44","id_str":"544311002406604800","retweet_count":0,"in_reply_to_user_id":19750998,"favorited":false,"user":{"follow_request_sent":false,"profile_use_background_image":true,"profile_text_color":"362720","default_profile_image":false,"id":1345618585,"profile_background_image_url_https":"https://abs.twimg.com/images/themes/theme11/bg.gif","verified":false,"profile_location":null,"profile_image_url_https":"https://pbs.twimg.com/profile_images/543616861376897026/NQQHFHsH_normal.jpeg","profile_sidebar_fill_color":"E5507E","entities":{"description":{"urls":[]}},"followers_count":2082,"profile_sidebar_border_color":"CC3366","id_str":"1345618585","profile_background_color":"FF6699","listed_count":9,"is_translation_enabled":false,"utc_offset":-21600,"statuses_count":22437,"description":"19 | MY NIGGAS PR ENGAGED TO CRUSTY THE CLOWN !! ___ 1D, JUSTIN, MILEY, ARIANA, PRINCESS RIRI AND QUEEN BEY___","friends_count":1894,"location":"CANADA","profile_link_color":"B40B43","profile_image_url":"http://pbs.twimg.com/profile_images/543616861376897026/NQQHFHsH_normal.jpeg","following":false,"geo_enabled":false,"profile_banner_url":"https://pbs.twimg.com/profile_banners/1345618585/1398911486","profile_background_image_url":"http://abs.twimg.com/images/themes/theme11/bg.gif","name":"YONCÉ","lang":"en","profile_background_tile":true,"favourites_count":745,"screen_name":"ziamftbeyonce","notifications":false,"url":null,"created_at":"Fri Apr 12 00:27:08 +0000 2013","contributors_enabled":false,"time_zone":"Central Time (US & Canada)","protected":false,"default_profile":false,"is_translator":false},"geo":null,"in_reply_to_user_id_str":"19750998","lang":"en","created_at":"Mon Dec 15 02:00:30 +0000 2014","in_reply_to_status_id_str":"544310750794113025","place":null},
{"contributors":null,"truncated":false,"text":"@Ezinger44 k r u done, christians arent peacful either may i bring up the kkk or the west boro church.... pls explain","in_reply_to_status_id":544310944101171200,"id":544311252655558656,"favorite_count":0,"source":"<a href=\"http://twitter.com/download/iphone\" rel=\"nofollow\">Twitter for iPhone</a>","retweeted":false,"coordinates":null,"entities":{"symbols":[],"user_mentions":[{"id":19750998,"indices":[0,10],"id_str":"19750998","screen_name":"Ezinger44","name":"Reaganette"}],"hashtags":[],"urls":[]},"in_reply_to_screen_name":"Ezinger44","id_str":"544311252655558656","retweet_count":0,"in_reply_to_user_id":19750998,"favorited":false,"user":{"follow_request_sent":false,"profile_use_background_image":true,"profile_text_color":"362720","default_profile_image":false,"id":1345618585,"profile_background_image_url_https":"https://abs.twimg.com/images/themes/theme11/bg.gif","verified":false,"profile_location":null,"profile_image_url_https":"https://pbs.twimg.com/profile_images/543616861376897026/NQQHFHsH_normal.jpeg","profile_sidebar_fill_color":"E5507E","entities":{"description":{"urls":[]}},"followers_count":2082,"profile_sidebar_border_color":"CC3366","id_str":"1345618585","profile_background_color":"FF6699","listed_count":9,"is_translation_enabled":false,"utc_offset":-21600,"statuses_count":22437,"description":"19 | MY NIGGAS PR ENGAGED TO CRUSTY THE CLOWN !! ___ 1D, JUSTIN, MILEY, ARIANA, PRINCESS RIRI AND QUEEN BEY___","friends_count":1894,"location":"CANADA","profile_link_color":"B40B43","profile_image_url":"http://pbs.twimg.com/profile_images/543616861376897026/NQQHFHsH_normal.jpeg","following":false,"geo_enabled":false,"profile_banner_url":"https://pbs.twimg.com/profile_banners/1345618585/1398911486","profile_background_image_url":"http://abs.twimg.com/images/themes/theme11/bg.gif","name":"YONCÉ","lang":"en","profile_background_tile":true,"favourites_count":745,"screen_name":"ziamftbeyonce","notifications":false,"url":null,"created_at":"Fri Apr 12 00:27:08 +0000 2013","contributors_enabled":false,"time_zone":"Central Time (US & Canada)","protected":false,"default_profile":false,"is_translator":false},"geo":null,"in_reply_to_user_id_str":"19750998","lang":"en","created_at":"Mon Dec 15 02:01:30 +0000 2014","in_reply_to_status_id_str":"544310944101171200","place":null},
{"contributors":null,"truncated":false,"text":"@ziamftbeyonce @Ezinger44 both of you are idiots if you think either religion is all peace and tolerance. Both have intolerance of things.","in_reply_to_status_id":544311252655558656,"id":544313334896418816,"favorite_count":1,"source":"<a href=\"http://twitter.com/#!/download/ipad\" rel=\"nofollow\">Twitter for iPad</a>","retweeted":false,"coordinates":null,"entities":{"symbols":[],"user_mentions":[{"id":1345618585,"indices":[0,14],"id_str":"1345618585","screen_name":"ziamftbeyonce","name":"YONCÉ"},{"id":19750998,"indices":[15,25],"id_str":"19750998","screen_name":"Ezinger44","name":"Reaganette"}],"hashtags":[],"urls":[]},"in_reply_to_screen_name":"ziamftbeyonce","id_str":"544313334896418816","retweet_count":0,"in_reply_to_user_id":1345618585,"favorited":false,"user":{"follow_request_sent":false,"profile_use_background_image":true,"profile_text_color":"3E4415","default_profile_image":false,"id":747803802,"profile_background_image_url_https":"https://abs.twimg.com/images/themes/theme5/bg.gif","verified":false,"profile_location":null,"profile_image_url_https":"https://pbs.twimg.com/profile_images/532455755434053632/CDEysbEs_normal.jpeg","profile_sidebar_fill_color":"99CC33","entities":{"url":{"urls":[{"url":"http://t.co/vr1wjGafO7","indices":[0,22],"expanded_url":"http://youtube.com/PandaLeeGames","display_url":"youtube.com/PandaLeeGames"}]},"description":{"urls":[]}},"followers_count":2082,"profile_sidebar_border_color":"FFFFFF","id_str":"747803802","profile_background_color":"352726","listed_count":11,"is_translation_enabled":false,"utc_offset":-14400,"statuses_count":12962,"description":"Not actually tested by animals. Damn hippie vegans!","friends_count":28,"location":"Seattle, Wa","profile_link_color":"000000","profile_image_url":"http://pbs.twimg.com/profile_images/532455755434053632/CDEysbEs_normal.jpeg","following":false,"geo_enabled":false,"profile_banner_url":"https://pbs.twimg.com/profile_banners/747803802/1414826525","profile_background_image_url":"http://abs.twimg.com/images/themes/theme5/bg.gif","name":"Panda Tested Tweet","lang":"en","profile_background_tile":false,"favourites_count":1117,"screen_name":"PandaLeeGames","notifications":false,"url":"http://t.co/vr1wjGafO7","created_at":"Thu Aug 09 19:34:34 +0000 2012","contributors_enabled":false,"time_zone":"Atlantic Time (Canada)","protected":false,"default_profile":false,"is_translator":false},"geo":null,"in_reply_to_user_id_str":"1345618585","lang":"en","created_at":"Mon Dec 15 02:09:46 +0000 2014","in_reply_to_status_id_str":"544311252655558656","place":null}
]