[{"contributors":null,"truncated":false,"text":"@HeyASIO: Fear is what criminals want. Show no fear. The media must calm down and wait for information, and stop the speculation.Thanks. #fb","in_reply_to_status_id":544293716140126208,"id":544296075238985729,"favorite_count":0,"source":"<a href=\"http://itunes.apple.com/us/app/twitter/id409789998?mt=12\" rel=\"nofollow\">Twitter for Mac</a>","retweeted":false,"coordinates":null,"entities":{"symbols":[],"user_mentions":[{"id":2832527047,"indices":[0,8],"id_str":"2832527047","screen_name":"HeyASIO","name":"ASIO"}],"hashtags":[{"indices":[137,140],"text":"fb"}],"urls":[]},"in_reply_to_screen_name":"HeyASIO","id_str":"544296075238985729","retweet_count":0,"in_reply_to_user_id":2832527047,"favorited":false,"user":{"follow_request_sent":false,"profile_use_background_image":false,"profile_text_color":"000000","default_profile_image":false,"id":2326251524,"profile_background_image_url_https":"https://abs.twimg.com/images/themes/theme14/bg.gif","verified":false,"profile_location":null,"profile_image_url_https":"https://pbs.twimg.com/profile_images/430504713763577856/l-zfljSd_normal.jpeg","profile_sidebar_fill_color":"000000","entities":{"url":{"urls":[{"url":"http://t.co/hDmloshrjw","indices":[0,22],"expanded_url":"http://www.brandnewmedia.com.au","display_url":"brandnewmedia.com.au"}]},"description":{"urls":[]}},"followers_count":138,"profile_sidebar_border_color":"000000","id_str":"2326251524","profile_background_color":"000000","listed_count":1,"is_translation_enabled":false,"utc_offset":39600,"statuses_count":79,"description":"Digital Strategy Director with Brand New Media and partner in Vector 5.","friends_count":244,"location":"Sydney","profile_link_color":"3B94D9","profile_image_url":"http://pbs.twimg.com/profile_images/430504713763577856/l-zfljSd_normal.jpeg","following":false,"geo_enabled":true,"profile_banner_url":"https://pbs.twimg.com/profile_banners/2326251524/1410572448","profile_background_image_url":"http://abs.twimg.com/images/themes/theme14/bg.gif","name":"Scott-Bradley Pearce","lang":"en","profile_background_tile":false,"favourites_count":1,"screen_name":"scottbpearce","notifications":false,"url":"http://t.co/hDmloshrjw","created_at":"Tue Feb 04 00:50:35 +0000 2014","contributors_enabled":false,"time_zone":"Solomon Is.","protected":false,"default_profile":false,"is_translator":false},"geo":null,"in_reply_to_user_id_str":"2832527047","lang":"en","created_at":"Mon Dec 15 01:01:11 +0000 2014","in_reply_to_status_id_str":"544293716140126208","place":null},
{"contributors":null,"truncated":false,"text":"@HeyASIO Oh Gawd guess who's going to address the Nation","in_reply_to_status_id":544293716140126208,"id":544298835908890624,"favorite_count":2,"source":"<a href=\"http://twitter.com/download/iphone\" rel=\"nofollow\">Twitter for iPhone</a>","retweeted":false,"coordinates":null,"entities":{"symbols":[],"user_mentions":[{"id":2832527047,"indices":[0,8],"id_str":"2832527047","screen_name":"HeyASIO","name":"ASIO"}],"hashtags":[],"urls":[]},"in_reply_to_screen_name":"HeyASIO","id_str":"544298835908890624","retweet_count":2,"in_reply_to_user_id":2832527047,"favorited":false,"user":{"follow_request_sent":false,"profile_use_background_image":true,"profile_text_color":"333333","default_profile_image":false,"id":550754544,"profile_background_image_url_https":"https://abs.twimg.com/images/themes/theme1/bg.png","verified":false,"profile_location":null,"profile_image_url_https":"https://pbs.twimg.com/profile_images/513605052041150466/AFCRj0MJ_normal.jpeg","profile_sidebar_fill_color":"DDEEF6","entities":{"description":{"urls":[]}},"followers_count":203,"profile_sidebar_border_color":"C0DEED","id_str":"550754544","profile_background_color":"C0DEED","listed_count":6,"is_translation_enabled":false,"utc_offset":39600,"statuses_count":7667,"description":"Graduated student from the school of life","friends_count":307,"location":"","profile_link_color":"0084B4","profile_image_url":"http://pbs.twimg.com/profile_images/513605052041150466/AFCRj0MJ_normal.jpeg","following":false,"geo_enabled":false,"profile_banner_url":"https://pbs.twimg.com/profile_banners/550754544/1411287965","profile_background_image_url":"http://abs.twimg.com/images/themes/theme1/bg.png","name":"Lorraine henneberry","lang":"en","profile_background_tile":false,"favourites_count":6858,"screen_name":"lotzalozza","notifications":false,"url":null,"created_at":"Wed Apr 11 03:44:15 +0000 2012","contributors_enabled":false,"time_zone":"Canberra","protected":false,"default_profile":true,"is_translator":false},"geo":null,"in_reply_to_user_id_str":"2832527047","lang":"en","created_at":"Mon Dec 15 01:12:09 +0000 2014","in_reply_to_status_id_str":"544293716140126208","place":null},
{"contributors":null,"truncated":false,"text":"@HeyASIO @Jason_Chatfield alarming when a joke account speaks more sense than news outlets.","in_reply_to_status_id":544293716140126208,"id":544300222122172417,"favorite_count":1,"source":"<a href=\"http://twitter.com/download/android\" rel=\"nofollow\">Twitter for Android</a>","retweeted":false,"coordinates":null,"entities":{"symbols":[],"user_mentions":[{"id":2832527047,"indices":[0,8],"id_str":"2832527047","screen_name":"HeyASIO","name":"ASIO"},{"id":6218752,"indices":[9,25],"id_str":"6218752","screen_name":"Jason_Chatfield","name":"Jason Chatfield"}],"hashtags":[],"urls":[]},"in_reply_to_screen_name":"HeyASIO","id_str":"544300222122172417","retweet_count":0,"in_reply_to_user_id":2832527047,"favorited":false,"user":{"follow_request_sent":false,"profile_use_background_image":true,"profile_text_color":"72B9BF","default_profile_image":false,"id":219920548,"profile_background_image_url_https":"https://pbs.twimg.com/profile_background_images/257571710/oldman_becak_graphicnovel.JPG","verified":false,"profile_location":null,"profile_image_url_https":"https://pbs.twimg.com/profile_images/588122956498276352/Tp1OMWUv_normal.jpg","profile_sidebar_fill_color":"1A3F57","entities":{"url":{"urls":[{"url":"https://t.co/xx68mNhiMX","indices":[0,23],"expanded_url":"https://trailwalker.oxfam.org.au/team/home/18457","display_url":"trailwalker.oxfam.org.au/team/home/18457"}]},"description":{"urls":[]}},"followers_count":454,"profile_sidebar_border_color":"FFFFFF","id_str":"219920548","profile_background_color":"FFFFFF","listed_count":24,"is_translation_enabled":false,"utc_offset":28800,"statuses_count":5914,"description":"man. nurse. Denmark, wa. survivor of Java & the NT. twitlexic. cynical. MPH. PhD student. @mensresourcecen Chairman","friends_count":1449,"location":"South Coast - WA","profile_link_color":"0E2DF5","profile_image_url":"http://pbs.twimg.com/profile_images/588122956498276352/Tp1OMWUv_normal.jpg","following":false,"geo_enabled":true,"profile_banner_url":"https://pbs.twimg.com/profile_banners/219920548/1413268102","profile_background_image_url":"http://pbs.twimg.com/profile_background_images/257571710/oldman_becak_graphicnovel.JPG","name":"Carl H","lang":"en","profile_background_tile":false,"favourites_count":471,"screen_name":"CarlosDenWA","notifications":false,"url":"https://t.co/xx68mNhiMX","created_at":"Fri Nov 26 07:53:25 +0000 2010","contributors_enabled":false,"time_zone":"Perth","protected":false,"default_profile":false,"is_translator":false},"geo":null,"in_reply_to_user_id_str":"2832527047","lang":"en","created_at":"Mon Dec 15 01:17:40 +0000 2014","in_reply_to_status_id_str":"544293716140126208","place":null},
{"contributors":null,"truncated":false,"text":"@lotzalozza @HeyASIO Don't tell me! Quentin Crispe? Buster Keaton? Harpo Marx? Marcel Marcaux?","in_reply_to_status_id":544298835908890624,"id":544301510654296065,"favorite_count":2,"source":"<a href=\"http://twitter.com/#!/download/ipad\" rel=\"nofollow\">Twitter for iPad</a>","retweeted":false,"coordinates":null,"entities":{"symbols":[],"user_mentions":[{"id":550754544,"indices":[0,11],"id_str":"550754544","screen_name":"lotzalozza","name":"Lorraine henneberry"},{"id":2832527047,"indices":[12,20],"id_str":"2832527047","screen_name":"HeyASIO","name":"ASIO"}],"hashtags":[],"urls":[]},"in_reply_to_screen_name":"lotzalozza","id_str":"544301510654296065","retweet_count":0,"in_reply_to_user_id":550754544,"favorited":false,"user":{"follow_request_sent":false,"profile_use_background_image":true,"profile_text_color":"333333","default_profile_image":false,"id":714434936,"profile_background_image_url_https":"https://abs.twimg.com/images/themes/theme1/bg.png","verified":false,"profile_location":null,"profile_image_url_https":"https://pbs.twimg.com/profile_images/3756934948/035aa4822649c0a64c699a1fe39f3d70_normal.png","profile_sidebar_fill_color":"DDEEF6","entities":{"description":{"urls":[]}},"followers_count":1875,"profile_sidebar_border_color":"C0DEED","id_str":"714434936","profile_background_color":"C0DEED","listed_count":17,"is_translation_enabled":false,"utc_offset":28800,"statuses_count":29905,"description":"Founder Drs Sans Degrees. Leader of the Zimmer Frame Set. Drone dodging Outside Agitator. Fugitive from the Laws Of Averages. Hurry! Last Days!","friends_count":1973,"location":"Poyth WesssterrrnnOystrayahhh","profile_link_color":"0084B4","profile_image_url":"http://pbs.twimg.com/profile_images/3756934948/035aa4822649c0a64c699a1fe39f3d70_normal.png","following":false,"geo_enabled":true,"profile_background_image_url":"http://abs.twimg.com/images/themes/theme1/bg.png","name":"Auntie Arabella","lang":"en","profile_background_tile":false,"favourites_count":3516,"screen_name":"DrHugoZHakenbus","notifications":false,"url":null,"created_at":"Tue Jul 24 15:09:15 +0000 2012","contributors_enabled":false,"time_zone":"Beijing","protected":false,"default_profile":true,"is_translator":false},"geo":null,"in_reply_to_user_id_str":"550754544","lang":"en","created_at":"Mon Dec 15 01:22:47 +0000 2014","in_reply_to_status_id_str":"544298835908890624","place":null},
{"contributors":null,"truncated":false,"text":"@lotzalozza I've got a CD playing at the moment. I don't think I'll bother tuning in to any address to the nation.","in_reply_to_status_id":544298835908890624,"id":544302142891102208,"favorite_count":1,"source":"<a href=\"http://twitter.com/#!/download/ipad\" rel=\"nofollow\">Twitter for iPad</a>","retweeted":false,"coordinates":null,"entities":{"symbols":[],"user_mentions":[{"id":550754544,"indices":[0,11],"id_str":"550754544","screen_name":"lotzalozza","name":"Lorraine henneberry"}],"hashtags":[],"urls":[]},"in_reply_to_screen_name":"lotzalozza","id_str":"544302142891102208","retweet_count":0,"in_reply_to_user_id":550754544,"favorited":false,"user":{"follow_request_sent":false,"profile_use_background_image":true,"profile_text_color":"333333","default_profile_image":false,"id":714434936,"profile_background_image_url_https":"https://abs.twimg.com/images/themes/theme1/bg.png","verified":false,"profile_location":null,"profile_image_url_https":"https://pbs.twimg.com/profile_images/3756934948/035aa4822649c0a64c699a1fe39f3d70_normal.png","profile_sidebar_fill_color":"DDEEF6","entities":{"description":{"urls":[]}},"followers_count":1875,"profile_sidebar_border_color":"C0DEED","id_str":"714434936","profile_background_color":"C0DEED","listed_count":17,"is_translation_enabled":false,"utc_offset":28800,"statuses_count":29905,"description":"Founder Drs Sans Degrees. Leader of the Zimmer Frame Set. Drone dodging Outside Agitator. Fugitive from the Laws Of Averages. Hurry! Last Days!","friends_count":1973,"location":"Poyth WesssterrrnnOystrayahhh","profile_link_color":"0084B4","profile_image_url":"http://pbs.twimg.com/profile_images/3756934948/035aa4822649c0a64c699a1fe39f3d70_normal.png","following":false,"geo_enabled":true,"profile_background_image_url":"http://abs.twimg.com/images/themes/theme1/bg.png","name":"Auntie Arabella","lang":"en","profile_background_tile":false,"favourites_count":3516,"screen_name":"DrHugoZHakenbus","notifications":false,"url":null,"created_at":"Tue Jul 24 15:09:15 +0000 2012","contributors_enabled":false,"time_zone":"Beijing","protected":false,"default_profile":true,"is_translator":false},"geo":null,"in_reply_to_user_id_str":"550754544","lang":"en","created_at":"Mon Dec 15 01:25:18 +0000 2014","in_reply_to_status_id_str":"544298835908890624","place":null},
{"contributors":null,"truncated":false,"text":"@HeyASIO @amirMusthafa hey... Is this reeeeeeeally #ASIO?","in_reply_to_status_id":544293716140126208,"id":544302779494182912,"favorite_count":0,"source":"<a href=\"http://twitter.com/download/iphone\" rel=\"nofollow\">Twitter for iPhone</a>","retweeted":false,"coordinates":null,"entities":{"symbols":[],"user_mentions":[{"id":2832527047,"indices":[0,8],"id_str":"2832527047","screen_name":"HeyASIO","name":"ASIO"},{"id":26331472,"indices":[9,22],"id_str":"26331472","screen_name":"amirMusthafa","name":"aareyy"}],"hashtags":[{"indices":[51,56],"text":"ASIO"}],"urls":[]},"in_reply_to_screen_name":"HeyASIO","id_str":"544302779494182912","retweet_count":0,"in_reply_to_user_id":2832527047,"favorited":false,"user":{"follow_request_sent":false,"profile_use_background_image":true,"profile_text_color":"663B12","default_profile_image":false,"id":259590755,"profile_background_image_url_https":"https://abs.twimg.com/images/themes/theme2/bg.gif","verified":false,"profile_location":null,"profile_image_url_https":"https://pbs.twimg.com/profile_images/1267214572/image_normal.jpg","profile_sidebar_fill_color":"DAECF4","entities":{"url":{"urls":[{"url":"http://t.co/2NbOvYBF","indices":[0,20],"expanded_url":"http://www.wirehorsefilms.com","display_url":"wirehorsefilms.com"}]},"description":{"urls":[]}},"followers_count":136,"profile_sidebar_border_color":"C6E2EE","id_str":"259590755","profile_background_color":"C6E2EE","listed_count":2,"is_translation_enabled":false,"utc_offset":-10800,"statuses_count":3889,"description":"Sometime filmmaker moonlighting as a librarian type with a recurring case of congenital delusions of literary grandeur.","friends_count":351,"location":"deep in the ground","profile_link_color":"1F98C7","profile_image_url":"http://pbs.twimg.com/profile_images/1267214572/image_normal.jpg","following":false,"geo_enabled":false,"profile_background_image_url":"http://abs.twimg.com/images/themes/theme2/bg.gif","name":"Rublev","lang":"en","profile_background_tile":false,"favourites_count":4459,"screen_name":"clever_munky","notifications":false,"url":"http://t.co/2NbOvYBF","created_at":"Wed Mar 02 05:35:09 +0000 2011","contributors_enabled":false,"time_zone":"Buenos Aires","protected":false,"default_profile":false,"is_translator":false},"geo":null,"in_reply_to_user_id_str":"2832527047","lang":"en","created_at":"Mon Dec 15 01:27:49 +0000 2014","in_reply_to_status_id_str":"544293716140126208","place":null},
{"contributors":null,"truncated":false,"text":"@HeyASIO @amirMusthafa","in_reply_to_status_id":544293716140126208,"id":544302782493102081,"favorite_count":0,"source":"<a href=\"http://twitter.com/download/iphone\" rel=\"nofollow\">Twitter for iPhone</a>","retweeted":false,"coordinates":null,"entities":{"symbols":[],"user_mentions":[{"id":2832527047,"indices":[0,8],"id_str":"2832527047","screen_name":"HeyASIO","name":"ASIO"},{"id":26331472,"indices":[9,22],"id_str":"26331472","screen_name":"amirMusthafa","name":"aareyy"}],"hashtags":[],"urls":[]},"in_reply_to_screen_name":"HeyASIO","id_str":"544302782493102081","retweet_count":0,"in_reply_to_user_id":2832527047,"favorited":false,"user":{"follow_request_sent":false,"profile_use_background_image":true,"profile_text_color":"663B12","default_profile_image":false,"id":259590755,"profile_background_image_url_https":"https://abs.twimg.com/images/themes/theme2/bg.gif","verified":false,"profile_location":null,"profile_image_url_https":"https://pbs.twimg.com/profile_images/1267214572/image_normal.jpg","profile_sidebar_fill_color":"DAECF4","entities":{"url":{"urls":[{"url":"http://t.co/2NbOvYBF","indices":[0,20],"expanded_url":"http://www.wirehorsefilms.com","display_url":"wirehorsefilms.com"}]},"description":{"urls":[]}},"followers_count":136,"profile_sidebar_border_color":"C6E2EE","id_str":"259590755","profile_background_color":"C6E2EE","listed_count":2,"is_translation_enabled":false,"utc_offset":-10800,"statuses_count":3889,"description":"Sometime filmmaker moonlighting as a librarian type with a recurring case of congenital delusions of literary grandeur.","friends_count":351,"location":"deep in the ground","profile_link_color":"1F98C7","profile_image_url":"http://pbs.twimg.com/profile_images/1267214572/image_normal.jpg","following":false,"geo_enabled":false,"profile_background_image_url":"http://abs.twimg.com/images/themes/theme2/bg.gif","name":"Rublev","lang":"en","profile_background_tile":false,"favourites_count":4459,"screen_name":"clever_munky","notifications":false,"url":"http://t.co/2NbOvYBF","created_at":"Wed Mar 02 05:35:09 +0000 2011","contributors_enabled":false,"time_zone":"Buenos Aires","protected":false,"default_profile":false,"is_translator":false},"geo":null,"in_reply_to_user_id_str":"2832527047","lang":"und","created_at":"Mon Dec 15 01:27:50 +0000 2014","in_reply_to_status_id_str":"544293716140126208","place":null},
{"contributors":null,"truncated":false,"text":"@lotzalozza @lorrainewhat @HeyASIO guess he's furiously thrashing out a 3 worded slogan as we tweet!","in_reply_to_status_id":544298835908890624,"id":544302854127632384,"favorite_count":4,"source":"<a href=\"http://twitter.com/download/android\" rel=\"nofollow\">Twitter for Android</a>","retweeted":false,"coordinates":null,"entities":{"symbols":[],"user_mentions":[{"id":550754544,"indices":[0,11],"id_str":"550754544","screen_name":"lotzalozza","name":"Lorraine henneberry"},{"id":500604375,"indices":[12,25],"id_str":"500604375","screen_name":"lorrainewhat","name":"lorraine "},{"id":2832527047,"indices":[26,34],"id_str":"2832527047","screen_name":"HeyASIO","name":"ASIO"}],"hashtags":[],"urls":[]},"in_reply_to_screen_name":"lotzalozza","id_str":"544302854127632384","retweet_count":3,"in_reply_to_user_id":550754544,"favorited":false,"user":{"follow_request_sent":false,"profile_use_background_image":true,"profile_text_color":"333333","default_profile_image":false,"id":2341047859,"profile_background_image_url_https":"https://abs.twimg.com/images/themes/theme1/bg.png","verified":false,"profile_location":null,"profile_image_url_https":"https://pbs.twimg.com/profile_images/524424491883958272/ZKogB64E_normal.jpeg","profile_sidebar_fill_color":"DDEEF6","entities":{"description":{"urls":[]}},"followers_count":1790,"profile_sidebar_border_color":"C0DEED","id_str":"2341047859","profile_background_color":"C0DEED","listed_count":28,"is_translation_enabled":false,"utc_offset":28800,"statuses_count":9841,"description":"#Beserker: Laugh in battle ▲ #savesharks ▶ Act against #animalabuse & for #animalwelfare ▼ #tweet4taiji ◀ #Blackfish ▲ Mariner ♥ #Oceans","friends_count":1991,"location":"Indian Ocean, Australia","profile_link_color":"0084B4","profile_image_url":"http://pbs.twimg.com/profile_images/524424491883958272/ZKogB64E_normal.jpeg","following":false,"geo_enabled":false,"profile_banner_url":"https://pbs.twimg.com/profile_banners/2341047859/1413816917","profile_background_image_url":"http://abs.twimg.com/images/themes/theme1/bg.png","name":"Rod","lang":"en","profile_background_tile":false,"favourites_count":3128,"screen_name":"RodFosterHall","notifications":false,"url":null,"created_at":"Wed Feb 12 22:57:18 +0000 2014","contributors_enabled":false,"time_zone":"Perth","protected":false,"default_profile":true,"is_translator":false},"geo":null,"in_reply_to_user_id_str":"550754544","lang":"en","created_at":"Mon Dec 15 01:28:07 +0000 2014","in_reply_to_status_id_str":"544298835908890624","place":null},
{"contributors":null,"truncated":false,"text":"@clever_munky naa. Not official account @HeyASIO","in_reply_to_status_id":544302779494182912,"id":544303339798687744,"favorite_count":0,"source":"<a href=\"http://twitter.com/download/iphone\" rel=\"nofollow\">Twitter for iPhone</a>","retweeted":false,"coordinates":null,"entities":{"symbols":[],"user_mentions":[{"id":259590755,"indices":[0,13],"id_str":"259590755","screen_name":"clever_munky","name":"Rublev"},{"id":2832527047,"indices":[40,48],"id_str":"2832527047","screen_name":"HeyASIO","name":"ASIO"}],"hashtags":[],"urls":[]},"in_reply_to_screen_name":"clever_munky","id_str":"544303339798687744","retweet_count":0,"in_reply_to_user_id":259590755,"favorited":false,"user":{"follow_request_sent":false,"profile_use_background_image":true,"profile_text_color":"333333","default_profile_image":false,"id":26331472,"profile_background_image_url_https":"https://abs.twimg.com/images/themes/theme1/bg.png","verified":false,"profile_location":null,"profile_image_url_https":"https://pbs.twimg.com/profile_images/441469383626346496/5wqZbDgI_normal.jpeg","profile_sidebar_fill_color":"DDEEF6","entities":{"description":{"urls":[]}},"followers_count":848,"profile_sidebar_border_color":"C0DEED","id_str":"26331472","profile_background_color":"C0DEED","listed_count":6,"is_translation_enabled":false,"utc_offset":39600,"statuses_count":15221,"description":"...available in an engineered environment near you...","friends_count":813,"location":"Maldives","profile_link_color":"0084B4","profile_image_url":"http://pbs.twimg.com/profile_images/441469383626346496/5wqZbDgI_normal.jpeg","following":false,"geo_enabled":true,"profile_background_image_url":"http://abs.twimg.com/images/themes/theme1/bg.png","name":"aareyy","lang":"en","profile_background_tile":false,"favourites_count":2399,"screen_name":"amirMusthafa","notifications":false,"url":null,"created_at":"Tue Mar 24 21:40:49 +0000 2009","contributors_enabled":false,"time_zone":"Sydney","protected":false,"default_profile":true,"is_translator":false},"geo":null,"in_reply_to_user_id_str":"259590755","lang":"en","created_at":"Mon Dec 15 01:30:03 +0000 2014","in_reply_to_status_id_str":"544302779494182912","place":null},
{"contributors":null,"truncated":false,"text":"@lotzalozza @Subdo2 @HeyASIO Mustn't accidentally turn the TV on.Let me know when it's safe again","in_reply_to_status_id":544298835908890624,"id":544304199031218176,"favorite_count":0,"source":"<a href=\"http://twitter.com\" rel=\"nofollow\">Twitter Web Client</a>","retweeted":false,"coordinates":null,"entities":{"symbols":[],"user_mentions":[{"id":550754544,"indices":[0,11],"id_str":"550754544","screen_name":"lotzalozza","name":"Lorraine henneberry"},{"id":47303841,"indices":[12,19],"id_str":"47303841","screen_name":"Subdo2","name":"4WeRYoungNTEAMS"},{"id":2832527047,"indices":[20,28],"id_str":"2832527047","screen_name":"HeyASIO","name":"ASIO"}],"hashtags":[],"urls":[]},"in_reply_to_screen_name":"lotzalozza","id_str":"544304199031218176","retweet_count":0,"in_reply_to_user_id":550754544,"favorited":false,"user":{"follow_request_sent":false,"profile_use_background_image":true,"profile_text_color":"3E4415","default_profile_image":false,"id":243882040,"profile_background_image_url_https":"https://abs.twimg.com/images/themes/theme5/bg.gif","verified":false,"profile_location":null,"profile_image_url_https":"https://pbs.twimg.com/profile_images/448796499594334208/Ffa2ZbJz_normal.jpeg","profile_sidebar_fill_color":"99CC33","entities":{"description":{"urls":[]}},"followers_count":1361,"profile_sidebar_border_color":"829D5E","id_str":"243882040","profile_background_color":"352726","listed_count":57,"is_translation_enabled":false,"utc_offset":39600,"statuses_count":93918,"description":"Glad you're seated it's a long story.\r\nToo long. \r\n\r\n Liking Arts and Music\r\n from Opera to Immigrant Union,Dandy Warhols","friends_count":642,"location":"Australia","profile_link_color":"D02B55","profile_image_url":"http://pbs.twimg.com/profile_images/448796499594334208/Ffa2ZbJz_normal.jpeg","following":false,"geo_enabled":true,"profile_banner_url":"https://pbs.twimg.com/profile_banners/243882040/1395836067","profile_background_image_url":"http://abs.twimg.com/images/themes/theme5/bg.gif","name":"Lady Ann Wombat","lang":"en","profile_background_tile":false,"favourites_count":85890,"screen_name":"3wombats","notifications":false,"url":null,"created_at":"Fri Jan 28 00:57:17 +0000 2011","contributors_enabled":false,"time_zone":"Melbourne","protected":false,"default_profile":false,"is_translator":false},"geo":null,"in_reply_to_user_id_str":"550754544","lang":"en","created_at":"Mon Dec 15 01:33:28 +0000 2014","in_reply_to_status_id_str":"544298835908890624","place":null}
]