[{"contributors":null,"truncated":false,"text":"@Leroy_Lynch @loupardi Tell @9NewsSyd that!","in_reply_to_status_id":544279603259248640,"id":544281514158985217,"favorite_count":0,"source":"<a href=\"http://twitter.com\" rel=\"nofollow\">Twitter Web Client</a>","retweeted":false,"coordinates":null,"entities":{"symbols":[],"user_mentions":[{"id":379590591,"indices":[0,12],"id_str":"379590591","screen_name":"Leroy_Lynch","name":"Leroy"},{"id":56655230,"indices":[13,22],"id_str":"56655230","screen_name":"loupardi","name":"Lou Pardi"},{"id":171802941,"indices":[28,37],"id_str":"171802941","screen_name":"9NewsSyd","name":"Nine News Sydney"}],"hashtags":[],"urls":[]},"in_reply_to_screen_name":"Leroy_Lynch","id_str":"544281514158985217","retweet_count":0,"in_reply_to_user_id":379590591,"favorited":false,"user":{"follow_request_sent":false,"profile_use_background_image":false,"profile_text_color":"000000","default_profile_image":false,"id":406119223,"profile_background_image_url_https":"https://abs.twimg.com/images/themes/theme1/bg.png","verified":false,"profile_location":null,"profile_image_url_https":"https://pbs.twimg.com/profile_images/552699885779050496/f7aU8oB2_normal.jpeg","profile_sidebar_fill_color":"000000","entities":{"url":{"urls":[{"url":"http://t.co/xNAbLGarxc","indices":[0,22],"expanded_url":"http://www.linkedin.com/pub/dominic-dirupo/32/958/547","display_url":"linkedin.com/pub/dominic-di…"}]},"description":{"urls":[]}},"followers_count":355,"profile_sidebar_border_color":"000000","id_str":"406119223","profile_background_color":"000000","listed_count":16,"is_translation_enabled":false,"utc_offset":39600,"statuses_count":3912,"description":"Communications consultant for emerging companies. Mix in originating, thinking + doing. Sprinkle #greatfilms, #ausart, #philanthropy and #philosophy to finish","friends_count":514,"location":"Melbourne, Australia","profile_link_color":"3B94D9","profile_image_url":"http://pbs.twimg.com/profile_images/552699885779050496/f7aU8oB2_normal.jpeg","following":false,"geo_enabled":false,"profile_banner_url":"https://pbs.twimg.com/profile_banners/406119223/1413515798","profile_background_image_url":"http://abs.twimg.com/images/themes/theme1/bg.png","name":"Dominic Dirupo","lang":"en","profile_background_tile":false,"favourites_count":1187,"screen_name":"DominicDirupo","notifications":false,"url":"http://t.co/xNAbLGarxc","created_at":"Sun Nov 06 08:26:05 +0000 2011","contributors_enabled":false,"time_zone":"Melbourne","protected":false,"default_profile":false,"is_translator":false},"geo":null,"in_reply_to_user_id_str":"379590591","lang":"en","created_at":"Mon Dec 15 00:03:19 +0000 2014","in_reply_to_status_id_str":"544279603259248640","place":null},
{"contributors":null,"truncated":false,"text":"@Leroy_Lynch Just how do you think that will help? Read the damned news online, there's no surprises anywhere here, just endless rereporting","in_reply_to_status_id":544279603259248640,"id":544292473854373888,"favorite_count":0,"source":"<a href=\"http://twitter.com\" rel=\"nofollow\">Twitter Web Client</a>","retweeted":false,"coordinates":null,"entities":{"symbols":[],"user_mentions":[{"id":379590591,"indices":[0,12],"id_str":"379590591","screen_name":"Leroy_Lynch","name":"Leroy"}],"hashtags":[],"urls":[]},"in_reply_to_screen_name":"Leroy_Lynch","id_str":"544292473854373888","retweet_count":0,"in_reply_to_user_id":379590591,"favorited":false,"user":{"follow_request_sent":false,"profile_use_background_image":true,"profile_text_color":"333333","default_profile_image":false,"id":53088467,"profile_background_image_url_https":"https://pbs.twimg.com/profile_background_images/30632484/tbg.jpg","verified":false,"profile_location":null,"profile_image_url_https":"https://pbs.twimg.com/profile_images/1880783603/avatar_mari-glasses_normal.jpg","profile_sidebar_fill_color":"9C9C9C","entities":{"url":{"urls":[{"url":"http://t.co/Wk5IyRQOK2","indices":[0,22],"expanded_url":"http://j.furinkan.meidokon.net/","display_url":"j.furinkan.meidokon.net"}]},"description":{"urls":[]}},"followers_count":157,"profile_sidebar_border_color":"306375","id_str":"53088467","profile_background_color":"000000","listed_count":11,"is_translation_enabled":false,"utc_offset":39600,"statuses_count":8952,"description":"","friends_count":61,"location":"Syd, AUS","profile_link_color":"0D1F26","profile_image_url":"http://pbs.twimg.com/profile_images/1880783603/avatar_mari-glasses_normal.jpg","following":false,"geo_enabled":true,"profile_background_image_url":"http://pbs.twimg.com/profile_background_images/30632484/tbg.jpg","name":"Furinkan","lang":"en","profile_background_tile":false,"favourites_count":4166,"screen_name":"furinkan","notifications":false,"url":"http://t.co/Wk5IyRQOK2","created_at":"Thu Jul 02 15:11:33 +0000 2009","contributors_enabled":false,"time_zone":"Sydney","protected":false,"default_profile":false,"is_translator":false},"geo":null,"in_reply_to_user_id_str":"379590591","lang":"en","created_at":"Mon Dec 15 00:46:52 +0000 2014","in_reply_to_status_id_str":"544279603259248640","place":null},
{"contributors":null,"truncated":false,"text":"@Leroy_Lynch totally just followed you","in_reply_to_status_id":544279603259248640,"id":544340077116403712,"favorite_count":0,"source":"<a href=\"http://twitter.com\" rel=\"nofollow\">Twitter Web Client</a>","retweeted":false,"coordinates":null,"entities":{"symbols":[],"user_mentions":[{"id":379590591,"indices":[0,12],"id_str":"379590591","screen_name":"Leroy_Lynch","name":"Leroy"}],"hashtags":[],"urls":[]},"in_reply_to_screen_name":"Leroy_Lynch","id_str":"544340077116403712","retweet_count":0,"in_reply_to_user_id":379590591,"favorited":false,"user":{"follow_request_sent":false,"profile_use_background_image":true,"profile_text_color":"333333","default_profile_image":false,"id":2728348611,"profile_background_image_url_https":"https://abs.twimg.com/images/themes/theme1/bg.png","verified":false,"profile_location":null,"profile_image_url_https":"https://pbs.twimg.com/profile_images/494185352710479872/_yOZ2QN9_normal.jpeg","profile_sidebar_fill_color":"DDEEF6","entities":{"description":{"urls":[]}},"followers_count":513,"profile_sidebar_border_color":"C0DEED","id_str":"2728348611","profile_background_color":"C0DEED","listed_count":2,"is_translation_enabled":false,"utc_offset":null,"statuses_count":2015,"description":"Avid alcohol advocate. Introvert. Infuriatingly humble food buff. Problem solver. Gamer.","friends_count":631,"location":"Holliday","profile_link_color":"0084B4","profile_image_url":"http://pbs.twimg.com/profile_images/494185352710479872/_yOZ2QN9_normal.jpeg","following":false,"geo_enabled":false,"profile_banner_url":"https://pbs.twimg.com/profile_banners/2728348611/1406658249","profile_background_image_url":"http://abs.twimg.com/images/themes/theme1/bg.png","name":"Gabriel Ashmore","lang":"en","profile_background_tile":false,"favourites_count":1,"screen_name":"GabrielTrey","notifications":false,"url":null,"created_at":"Tue Jul 29 18:06:57 +0000 2014","contributors_enabled":false,"time_zone":null,"protected":false,"default_profile":true,"is_translator":false},"geo":null,"in_reply_to_user_id_str":"379590591","lang":"en","created_at":"Mon Dec 15 03:56:02 +0000 2014","in_reply_to_status_id_str":"544279603259248640","place":null}
]