[{"contributors":null,"truncated":false,"text":"“@PzFeed: SYDNEY ATTACK\n- Hostages at Sydney cafe\n- Up to 20 hostages\n- Up to 2 gunmen\n- Hostages seen holding ISIS flag\nDEVELOPING..”","in_reply_to_status_id":544275138712469504,"id":544275212154712064,"favorite_count":0,"source":"<a href=\"http://twitter.com/download/iphone\" rel=\"nofollow\">Twitter for iPhone</a>","retweeted":false,"coordinates":{"type":"Point","coordinates":[-76.92789353,38.93769742]},"entities":{"symbols":[],"user_mentions":[{"id":292777349,"indices":[1,8],"id_str":"292777349","screen_name":"PzFeed","name":"PzFeed Top News"}],"hashtags":[],"urls":[]},"in_reply_to_screen_name":"PzFeed","id_str":"544275212154712064","retweet_count":1,"in_reply_to_user_id":292777349,"favorited":false,"user":{"follow_request_sent":false,"profile_use_background_image":true,"profile_text_color":"FFFF00","default_profile_image":false,"id":35646496,"profile_background_image_url_https":"https://pbs.twimg.com/profile_background_images/723143719/d1712611ac8732e77de2fe0022de54da.jpeg","verified":false,"profile_location":null,"profile_image_url_https":"https://pbs.twimg.com/profile_images/589636695525560320/fAx13ko1_normal.jpg","profile_sidebar_fill_color":"FF0000","entities":{"url":{"urls":[{"url":"http://t.co/0fkoBRo4Rc","indices":[0,22],"expanded_url":"http://www.facebook.com/fred.lee.quinn","display_url":"facebook.com/fred.lee.quinn"}]},"description":{"urls":[]}},"followers_count":3591,"profile_sidebar_border_color":"FFFFFF","id_str":"35646496","profile_background_color":"000000","listed_count":67,"is_translation_enabled":false,"utc_offset":-18000,"statuses_count":233540,"description":"Winning since my dad skeeted in my mom....thank God I wasn't swallowed. #Team. #SteelerNation","friends_count":2887,"location":"D[M]V","profile_link_color":"000000","profile_image_url":"http://pbs.twimg.com/profile_images/589636695525560320/fAx13ko1_normal.jpg","following":false,"geo_enabled":true,"profile_banner_url":"https://pbs.twimg.com/profile_banners/35646496/1402067990","profile_background_image_url":"http://pbs.twimg.com/profile_background_images/723143719/d1712611ac8732e77de2fe0022de54da.jpeg","name":"FredLee","lang":"en","profile_background_tile":false,"favourites_count":130,"screen_name":"iFredLee","notifications":false,"url":"http://t.co/0fkoBRo4Rc","created_at":"Mon Apr 27 02:44:27 +0000 2009","contributors_enabled":false,"time_zone":"Eastern Time (US & Canada)","protected":false,"default_profile":false,"is_translator":false},"geo":{"type":"Point","coordinates":[38.93769742,-76.92789353]},"in_reply_to_user_id_str":"292777349","lang":"en","created_at":"Sun Dec 14 23:38:17 +0000 2014","in_reply_to_status_id_str":"544275138712469504","place":{"full_name":"Bladensburg, MD","url":"https://api.twitter.com/1.1/geo/id/01e7ba620f951085.json","country":"United States","place_type":"city","bounding_box":{"type":"Polygon","coordinates":[[[-76.944066,38.910602],[-76.909287,38.910602],[-76.909287,38.953381],[-76.944066,38.953381]]]},"contained_within":[],"country_code":"US","attributes":{},"id":"01e7ba620f951085","name":"Bladensburg"}},
{"contributors":null,"truncated":false,"text":"“@PzFeed: SYDNEY ATTACK\n- Hostages at Sydney cafe\n- Up to 20 hostages\n- Up to 2 gunmen\n- Hostages seen holding ISIS flag\nDEVELOPING..”\n\nLul","in_reply_to_status_id":544275138712469504,"id":544275282010447872,"favorite_count":0,"source":"<a href=\"http://twitter.com/download/iphone\" rel=\"nofollow\">Twitter for iPhone</a>","retweeted":false,"coordinates":null,"entities":{"symbols":[],"user_mentions":[{"id":292777349,"indices":[1,8],"id_str":"292777349","screen_name":"PzFeed","name":"PzFeed Top News"}],"hashtags":[],"urls":[]},"in_reply_to_screen_name":"PzFeed","id_str":"544275282010447872","retweet_count":0,"in_reply_to_user_id":292777349,"favorited":false,"user":{"follow_request_sent":false,"profile_use_background_image":true,"profile_text_color":"333333","default_profile_image":false,"id":325846016,"profile_background_image_url_https":"https://pbs.twimg.com/profile_background_images/378800000164870600/tgP6WXCD.jpeg","verified":false,"profile_location":null,"profile_image_url_https":"https://pbs.twimg.com/profile_images/550090924546879489/VYfLGu2V_normal.jpeg","profile_sidebar_fill_color":"DDEEF6","entities":{"description":{"urls":[]}},"followers_count":988,"profile_sidebar_border_color":"FFFFFF","id_str":"325846016","profile_background_color":"C0DEED","listed_count":7,"is_translation_enabled":false,"utc_offset":-21600,"statuses_count":104472,"description":"Southern California // 20 //#DuckNation ////. Florida State sucks // January 1st","friends_count":283,"location":"⚡️⚡️ #BoltUp ⚡️⚡️","profile_link_color":"0084B4","profile_image_url":"http://pbs.twimg.com/profile_images/550090924546879489/VYfLGu2V_normal.jpeg","following":false,"geo_enabled":false,"profile_banner_url":"https://pbs.twimg.com/profile_banners/325846016/1418237183","profile_background_image_url":"http://pbs.twimg.com/profile_background_images/378800000164870600/tgP6WXCD.jpeg","name":"OREGON 12-1","lang":"en","profile_background_tile":false,"favourites_count":20412,"screen_name":"MarcusMariGOATa","notifications":false,"url":null,"created_at":"Tue Jun 28 23:44:39 +0000 2011","contributors_enabled":false,"time_zone":"Central Time (US & Canada)","protected":false,"default_profile":false,"is_translator":false},"geo":null,"in_reply_to_user_id_str":"292777349","lang":"en","created_at":"Sun Dec 14 23:38:34 +0000 2014","in_reply_to_status_id_str":"544275138712469504","place":null},
{"contributors":null,"truncated":false,"text":"@PzFeed 'attack'? Quit over dramatising","in_reply_to_status_id":544275138712469504,"id":544275314625769473,"favorite_count":0,"source":"<a href=\"http://twitter.com/download/iphone\" rel=\"nofollow\">Twitter for iPhone</a>","retweeted":false,"coordinates":null,"entities":{"symbols":[],"user_mentions":[{"id":292777349,"indices":[0,7],"id_str":"292777349","screen_name":"PzFeed","name":"PzFeed Top News"}],"hashtags":[],"urls":[]},"in_reply_to_screen_name":"PzFeed","id_str":"544275314625769473","retweet_count":1,"in_reply_to_user_id":292777349,"favorited":false,"user":{"follow_request_sent":false,"profile_use_background_image":true,"profile_text_color":"333333","default_profile_image":false,"id":1007845926,"profile_background_image_url_https":"https://abs.twimg.com/images/themes/theme19/bg.gif","verified":false,"profile_location":null,"profile_image_url_https":"https://pbs.twimg.com/profile_images/544720395296059394/MM7MxqwM_normal.jpeg","profile_sidebar_fill_color":"F6FFD1","entities":{"description":{"urls":[]}},"followers_count":398,"profile_sidebar_border_color":"FFF8AD","id_str":"1007845926","profile_background_color":"FFF04D","listed_count":17,"is_translation_enabled":false,"utc_offset":-21600,"statuses_count":23078,"description":"Following news globally, #WWE fan #SethRollins fan #Seahawks fan #LSU fan.","friends_count":246,"location":"","profile_link_color":"0099CC","profile_image_url":"http://pbs.twimg.com/profile_images/544720395296059394/MM7MxqwM_normal.jpeg","following":false,"geo_enabled":true,"profile_banner_url":"https://pbs.twimg.com/profile_banners/1007845926/1418709284","profile_background_image_url":"http://abs.twimg.com/images/themes/theme19/bg.gif","name":"#Seth Truther ","lang":"en","profile_background_tile":false,"favourites_count":34384,"screen_name":"BadKidRebeling","notifications":false,"url":null,"created_at":"Thu Dec 13 02:52:08 +0000 2012","contributors_enabled":false,"time_zone":"Central Time (US & Canada)","protected":false,"default_profile":false,"is_translator":false},"geo":null,"in_reply_to_user_id_str":"292777349","lang":"en","created_at":"Sun Dec 14 23:38:41 +0000 2014","in_reply_to_status_id_str":"544275138712469504","place":null},
{"contributors":null,"truncated":false,"text":"😳“@PzFeed: SYDNEY ATTACK\n- Hostages at Sydney cafe\n- Up to 20 hostages\n- Up to 2 gunmen\n- Hostages seen holding ISIS flag\nDEVELOPING..”","in_reply_to_status_id":544275138712469504,"id":544275936007684096,"favorite_count":0,"source":"<a href=\"http://twitter.com/download/iphone\" rel=\"nofollow\">Twitter for iPhone</a>","retweeted":false,"coordinates":null,"entities":{"symbols":[],"user_mentions":[{"id":292777349,"indices":[2,9],"id_str":"292777349","screen_name":"PzFeed","name":"PzFeed Top News"}],"hashtags":[],"urls":[]},"in_reply_to_screen_name":"PzFeed","id_str":"544275936007684096","retweet_count":0,"in_reply_to_user_id":292777349,"favorited":false,"user":{"follow_request_sent":false,"profile_use_background_image":true,"profile_text_color":"F1ECE7","default_profile_image":false,"id":30112164,"profile_background_image_url_https":"https://pbs.twimg.com/profile_background_images/799787358/ba7ae44782ac35399cc0495652e5dcea.jpeg","verified":false,"profile_location":null,"profile_image_url_https":"https://pbs.twimg.com/profile_images/582428666824654848/TT1BpzXE_normal.jpg","profile_sidebar_fill_color":"001A3C","entities":{"url":{"urls":[{"url":"http://t.co/534ytRgpK4","indices":[0,22],"expanded_url":"http://quick-shifter.tumblr.com","display_url":"quick-shifter.tumblr.com"}]},"description":{"urls":[]}},"followers_count":1358,"profile_sidebar_border_color":"000000","id_str":"30112164","profile_background_color":"A67518","listed_count":7,"is_translation_enabled":false,"utc_offset":-18000,"statuses_count":108534,"description":"If you find my trash tweets amusing/interesting then by all means follow..and ladies I don't DM lol - IG: d25r","friends_count":469,"location":"Texas Twitter Soon","profile_link_color":"DE1811","profile_image_url":"http://pbs.twimg.com/profile_images/582428666824654848/TT1BpzXE_normal.jpg","following":false,"geo_enabled":true,"profile_banner_url":"https://pbs.twimg.com/profile_banners/30112164/1418757819","profile_background_image_url":"http://pbs.twimg.com/profile_background_images/799787358/ba7ae44782ac35399cc0495652e5dcea.jpeg","name":"Panameño","lang":"en","profile_background_tile":true,"favourites_count":1077,"screen_name":"ThatLatinGuy_","notifications":false,"url":"http://t.co/534ytRgpK4","created_at":"Fri Apr 10 00:45:32 +0000 2009","contributors_enabled":false,"time_zone":"Eastern Time (US & Canada)","protected":false,"default_profile":false,"is_translator":false},"geo":null,"in_reply_to_user_id_str":"292777349","lang":"en","created_at":"Sun Dec 14 23:41:09 +0000 2014","in_reply_to_status_id_str":"544275138712469504","place":null},
{"contributors":null,"truncated":false,"text":"@PzFeed If only people were armed.","in_reply_to_status_id":544275138712469504,"id":544277476676227072,"favorite_count":0,"source":"<a href=\"http://twitter.com/download/android\" rel=\"nofollow\">Twitter for Android</a>","retweeted":false,"coordinates":null,"entities":{"symbols":[],"user_mentions":[{"id":292777349,"indices":[0,7],"id_str":"292777349","screen_name":"PzFeed","name":"PzFeed Top News"}],"hashtags":[],"urls":[]},"in_reply_to_screen_name":"PzFeed","id_str":"544277476676227072","retweet_count":1,"in_reply_to_user_id":292777349,"favorited":false,"user":{"follow_request_sent":false,"profile_use_background_image":true,"profile_text_color":"333333","default_profile_image":false,"id":2372146301,"profile_background_image_url_https":"https://abs.twimg.com/images/themes/theme1/bg.png","verified":false,"profile_location":null,"profile_image_url_https":"https://pbs.twimg.com/profile_images/546863949669744640/0NAyZdY0_normal.jpeg","profile_sidebar_fill_color":"DDEEF6","entities":{"description":{"urls":[]}},"followers_count":55,"profile_sidebar_border_color":"C0DEED","id_str":"2372146301","profile_background_color":"C0DEED","listed_count":0,"is_translation_enabled":false,"utc_offset":null,"statuses_count":515,"description":"","friends_count":69,"location":"","profile_link_color":"0084B4","profile_image_url":"http://pbs.twimg.com/profile_images/546863949669744640/0NAyZdY0_normal.jpeg","following":false,"geo_enabled":false,"profile_banner_url":"https://pbs.twimg.com/profile_banners/2372146301/1418607426","profile_background_image_url":"http://abs.twimg.com/images/themes/theme1/bg.png","name":"U.S.Jedi","lang":"en","profile_background_tile":false,"favourites_count":131,"screen_name":"sheepawoken","notifications":false,"url":null,"created_at":"Sat Mar 01 00:31:17 +0000 2014","contributors_enabled":false,"time_zone":null,"protected":false,"default_profile":true,"is_translator":false},"geo":null,"in_reply_to_user_id_str":"292777349","lang":"en","created_at":"Sun Dec 14 23:47:17 +0000 2014","in_reply_to_status_id_str":"544275138712469504","place":null},
{"contributors":null,"truncated":false,"text":"@PzFeed @edgardavidsgeps on a cafe as well","in_reply_to_status_id":544275138712469504,"id":544278276374810625,"favorite_count":0,"source":"<a href=\"http://twitter.com/download/iphone\" rel=\"nofollow\">Twitter for iPhone</a>","retweeted":false,"coordinates":null,"entities":{"symbols":[],"user_mentions":[{"id":292777349,"indices":[0,7],"id_str":"292777349","screen_name":"PzFeed","name":"PzFeed Top News"},{"id":571155194,"indices":[8,24],"id_str":"571155194","screen_name":"edgardavidsgeps","name":"geps"}],"hashtags":[],"urls":[]},"in_reply_to_screen_name":"PzFeed","id_str":"544278276374810625","retweet_count":0,"in_reply_to_user_id":292777349,"favorited":false,"user":{"follow_request_sent":false,"profile_use_background_image":false,"profile_text_color":"3C3940","default_profile_image":false,"id":6322192,"profile_background_image_url_https":"https://pbs.twimg.com/profile_background_images/425731757/2-1281375140-bg-bunnys-castles-and-unicorns.png","verified":false,"profile_location":null,"profile_image_url_https":"https://pbs.twimg.com/profile_images/588698044499099648/pPJeuyj-_normal.jpg","profile_sidebar_fill_color":"95E8EC","entities":{"description":{"urls":[]}},"followers_count":2002,"profile_sidebar_border_color":"FFFFFF","id_str":"6322192","profile_background_color":"89C9FA","listed_count":27,"is_translation_enabled":false,"utc_offset":0,"statuses_count":88666,"description":"beer dogs efc coats ham shoes hats trainers","friends_count":493,"location":"Manchester / Liverpool","profile_link_color":"F5ABB5","profile_image_url":"http://pbs.twimg.com/profile_images/588698044499099648/pPJeuyj-_normal.jpg","following":false,"geo_enabled":true,"profile_banner_url":"https://pbs.twimg.com/profile_banners/6322192/1417474635","profile_background_image_url":"http://pbs.twimg.com/profile_background_images/425731757/2-1281375140-bg-bunnys-castles-and-unicorns.png","name":"EQ","lang":"en","profile_background_tile":false,"favourites_count":265,"screen_name":"ellieq","notifications":false,"url":null,"created_at":"Fri May 25 18:00:27 +0000 2007","contributors_enabled":false,"time_zone":"London","protected":false,"default_profile":false,"is_translator":false},"geo":null,"in_reply_to_user_id_str":"292777349","lang":"en","created_at":"Sun Dec 14 23:50:27 +0000 2014","in_reply_to_status_id_str":"544275138712469504","place":null},
{"contributors":null,"truncated":false,"text":"@PzFeed @oscarm8_ must be nazis","in_reply_to_status_id":544275138712469504,"id":544278336747622400,"favorite_count":0,"source":"<a href=\"http://twitter.com\" rel=\"nofollow\">Twitter Web Client</a>","retweeted":false,"coordinates":null,"entities":{"symbols":[],"user_mentions":[{"id":292777349,"indices":[0,7],"id_str":"292777349","screen_name":"PzFeed","name":"PzFeed Top News"},{"id":753372828,"indices":[8,17],"id_str":"753372828","screen_name":"oscarm8_","name":"oㅤㅤ✈▌▌ㅤㅤscar  "}],"hashtags":[],"urls":[]},"in_reply_to_screen_name":"PzFeed","id_str":"544278336747622400","retweet_count":0,"in_reply_to_user_id":292777349,"favorited":false,"user":{"follow_request_sent":false,"profile_use_background_image":true,"profile_text_color":"333333","default_profile_image":false,"id":1588930196,"profile_background_image_url_https":"https://abs.twimg.com/images/themes/theme1/bg.png","verified":false,"profile_location":null,"profile_image_url_https":"https://pbs.twimg.com/profile_images/546743196152131584/nwXOIPGs_normal.png","profile_sidebar_fill_color":"DDEEF6","entities":{"url":{"urls":[{"url":"https://t.co/w9Yldgv0px","indices":[0,23],"expanded_url":"https://www.youtube.com/user/BySkyable","display_url":"youtube.com/user/BySkyable"}]},"description":{"urls":[]}},"followers_count":228,"profile_sidebar_border_color":"C0DEED","id_str":"1588930196","profile_background_color":"C0DEED","listed_count":2,"is_translation_enabled":false,"utc_offset":3600,"statuses_count":3704,"description":"@respire_system","friends_count":166,"location":"","profile_link_color":"FA64D2","profile_image_url":"http://pbs.twimg.com/profile_images/546743196152131584/nwXOIPGs_normal.png","following":false,"geo_enabled":true,"profile_banner_url":"https://pbs.twimg.com/profile_banners/1588930196/1418832669","profile_background_image_url":"http://abs.twimg.com/images/themes/theme1/bg.png","name":"Respire skyfox ","lang":"en-gb","profile_background_tile":false,"favourites_count":1317,"screen_name":"SkyfoxArts","notifications":false,"url":"https://t.co/w9Yldgv0px","created_at":"Fri Jul 12 16:53:08 +0000 2013","contributors_enabled":false,"time_zone":"Amsterdam","protected":false,"default_profile":false,"is_translator":false},"geo":null,"in_reply_to_user_id_str":"292777349","lang":"en","created_at":"Sun Dec 14 23:50:42 +0000 2014","in_reply_to_status_id_str":"544275138712469504","place":null},
{"contributors":null,"truncated":false,"text":"@SkyfoxArts @PzFeed yea probably some nazis holding the Isis flag","in_reply_to_status_id":544278336747622400,"id":544278447934435329,"favorite_count":0,"source":"<a href=\"http://twitter.com/download/iphone\" rel=\"nofollow\">Twitter for iPhone</a>","retweeted":false,"coordinates":null,"entities":{"symbols":[],"user_mentions":[{"id":1588930196,"indices":[0,11],"id_str":"1588930196","screen_name":"SkyfoxArts","name":"Respire skyfox"},{"id":292777349,"indices":[12,19],"id_str":"292777349","screen_name":"PzFeed","name":"PzFeed Top News"}],"hashtags":[],"urls":[]},"in_reply_to_screen_name":"SkyfoxArts","id_str":"544278447934435329","retweet_count":0,"in_reply_to_user_id":1588930196,"favorited":false,"user":{"follow_request_sent":false,"profile_use_background_image":false,"profile_text_color":"000000","default_profile_image":false,"id":753372828,"profile_background_image_url_https":"https://abs.twimg.com/images/themes/theme1/bg.png","verified":false,"profile_location":null,"profile_image_url_https":"https://pbs.twimg.com/profile_images/567776855252414464/Dje4Ek1e_normal.png","profile_sidebar_fill_color":"000000","entities":{"description":{"urls":[]}},"followers_count":1152,"profile_sidebar_border_color":"000000","id_str":"753372828","profile_background_color":"000000","listed_count":2,"is_translation_enabled":false,"utc_offset":0,"statuses_count":4611,"description":"society edge straight ________also in L7","friends_count":271,"location":"","profile_link_color":"000000","profile_image_url":"http://pbs.twimg.com/profile_images/567776855252414464/Dje4Ek1e_normal.png","following":false,"geo_enabled":false,"profile_banner_url":"https://pbs.twimg.com/profile_banners/753372828/1417896055","profile_background_image_url":"http://abs.twimg.com/images/themes/theme1/bg.png","name":"oㅤㅤ✈▌▌ㅤㅤscar  ","lang":"en","profile_background_tile":false,"favourites_count":4254,"screen_name":"oscarm8_","notifications":false,"url":null,"created_at":"Sun Aug 12 16:20:03 +0000 2012","contributors_enabled":false,"time_zone":"Casablanca","protected":false,"default_profile":false,"is_translator":false},"geo":null,"in_reply_to_user_id_str":"1588930196","lang":"en","created_at":"Sun Dec 14 23:51:08 +0000 2014","in_reply_to_status_id_str":"544278336747622400","place":null},
{"contributors":null,"truncated":false,"text":"@oscarm8_ @PzFeed nazis and ISIS are the same person just like hitler and adulf","in_reply_to_status_id":544278447934435329,"id":544278690666799104,"favorite_count":1,"source":"<a href=\"http://twitter.com\" rel=\"nofollow\">Twitter Web Client</a>","retweeted":false,"coordinates":null,"entities":{"symbols":[],"user_mentions":[{"id":753372828,"indices":[0,9],"id_str":"753372828","screen_name":"oscarm8_","name":"oㅤㅤ✈▌▌ㅤㅤscar  "},{"id":292777349,"indices":[10,17],"id_str":"292777349","screen_name":"PzFeed","name":"PzFeed Top News"}],"hashtags":[],"urls":[]},"in_reply_to_screen_name":"oscarm8_","id_str":"544278690666799104","retweet_count":1,"in_reply_to_user_id":753372828,"favorited":false,"user":{"follow_request_sent":false,"profile_use_background_image":true,"profile_text_color":"333333","default_profile_image":false,"id":1588930196,"profile_background_image_url_https":"https://abs.twimg.com/images/themes/theme1/bg.png","verified":false,"profile_location":null,"profile_image_url_https":"https://pbs.twimg.com/profile_images/546743196152131584/nwXOIPGs_normal.png","profile_sidebar_fill_color":"DDEEF6","entities":{"url":{"urls":[{"url":"https://t.co/w9Yldgv0px","indices":[0,23],"expanded_url":"https://www.youtube.com/user/BySkyable","display_url":"youtube.com/user/BySkyable"}]},"description":{"urls":[]}},"followers_count":228,"profile_sidebar_border_color":"C0DEED","id_str":"1588930196","profile_background_color":"C0DEED","listed_count":2,"is_translation_enabled":false,"utc_offset":3600,"statuses_count":3704,"description":"@respire_system","friends_count":166,"location":"","profile_link_color":"FA64D2","profile_image_url":"http://pbs.twimg.com/profile_images/546743196152131584/nwXOIPGs_normal.png","following":false,"geo_enabled":true,"profile_banner_url":"https://pbs.twimg.com/profile_banners/1588930196/1418832669","profile_background_image_url":"http://abs.twimg.com/images/themes/theme1/bg.png","name":"Respire skyfox ","lang":"en-gb","profile_background_tile":false,"favourites_count":1317,"screen_name":"SkyfoxArts","notifications":false,"url":"https://t.co/w9Yldgv0px","created_at":"Fri Jul 12 16:53:08 +0000 2013","contributors_enabled":false,"time_zone":"Amsterdam","protected":false,"default_profile":false,"is_translator":false},"geo":null,"in_reply_to_user_id_str":"753372828","lang":"en","created_at":"Sun Dec 14 23:52:06 +0000 2014","in_reply_to_status_id_str":"544278447934435329","place":null},
{"contributors":null,"truncated":false,"text":"@PzFeed @craigpf1 not isis flag apparently.","in_reply_to_status_id":544275138712469504,"id":544278776046043136,"favorite_count":0,"source":"<a href=\"http://twitter.com\" rel=\"nofollow\">Twitter Web Client</a>","retweeted":false,"coordinates":null,"entities":{"symbols":[],"user_mentions":[{"id":292777349,"indices":[0,7],"id_str":"292777349","screen_name":"PzFeed","name":"PzFeed Top News"},{"id":167633479,"indices":[8,17],"id_str":"167633479","screen_name":"craigpf1","name":" Sir Craig P"}],"hashtags":[],"urls":[]},"in_reply_to_screen_name":"PzFeed","id_str":"544278776046043136","retweet_count":0,"in_reply_to_user_id":292777349,"favorited":false,"user":{"follow_request_sent":false,"profile_use_background_image":true,"profile_text_color":"333333","default_profile_image":false,"id":9138142,"profile_background_image_url_https":"https://abs.twimg.com/images/themes/theme1/bg.png","verified":false,"profile_location":null,"profile_image_url_https":"https://pbs.twimg.com/profile_images/1376254647/tw_8715783_1306855721_normal.jpg","profile_sidebar_fill_color":"DDEEF6","entities":{"description":{"urls":[]}},"followers_count":666,"profile_sidebar_border_color":"C0DEED","id_str":"9138142","profile_background_color":"C0DEED","listed_count":17,"is_translation_enabled":false,"utc_offset":39600,"statuses_count":19915,"description":"Just a nerd who enjoys the little things in life: politics, social media and socks & sandals.\r\n\r\nAll opinions expressed here are my own, not my employer.","friends_count":1048,"location":"Footscray, Victoria","profile_link_color":"0084B4","profile_image_url":"http://pbs.twimg.com/profile_images/1376254647/tw_8715783_1306855721_normal.jpg","following":false,"geo_enabled":true,"profile_background_image_url":"http://abs.twimg.com/images/themes/theme1/bg.png","name":"thomas king","lang":"en","profile_background_tile":false,"favourites_count":320,"screen_name":"thomasking","notifications":false,"url":null,"created_at":"Fri Sep 28 05:19:48 +0000 2007","contributors_enabled":false,"time_zone":"Melbourne","protected":false,"default_profile":true,"is_translator":false},"geo":null,"in_reply_to_user_id_str":"292777349","lang":"en","created_at":"Sun Dec 14 23:52:27 +0000 2014","in_reply_to_status_id_str":"544275138712469504","place":null},
{"contributors":null,"truncated":false,"text":"@PzFeed @main_man Not ISIS flag but two crazy Islamic idiots holding 15 hostages armed with shotguns.","in_reply_to_status_id":544275138712469504,"id":544279298752778240,"favorite_count":0,"source":"<a href=\"http://twitter.com/download/iphone\" rel=\"nofollow\">Twitter for iPhone</a>","retweeted":false,"coordinates":null,"entities":{"symbols":[],"user_mentions":[{"id":292777349,"indices":[0,7],"id_str":"292777349","screen_name":"PzFeed","name":"PzFeed Top News"},{"id":19749940,"indices":[8,17],"id_str":"19749940","screen_name":"main_man","name":"AKA Joey Roos"}],"hashtags":[],"urls":[]},"in_reply_to_screen_name":"PzFeed","id_str":"544279298752778240","retweet_count":1,"in_reply_to_user_id":292777349,"favorited":false,"user":{"follow_request_sent":false,"profile_use_background_image":true,"profile_text_color":"3C3940","default_profile_image":false,"id":323076264,"profile_background_image_url_https":"https://abs.twimg.com/images/themes/theme1/bg.png","verified":false,"profile_location":null,"profile_image_url_https":"https://pbs.twimg.com/profile_images/578132687996657664/hYG9IqZ0_normal.jpeg","profile_sidebar_fill_color":"95E8EC","entities":{"description":{"urls":[]}},"followers_count":1608,"profile_sidebar_border_color":"5ED4DC","id_str":"323076264","profile_background_color":"0909F0","listed_count":54,"is_translation_enabled":false,"utc_offset":39600,"statuses_count":45083,"description":"True Blue AUSSIE telling the truth by sorting the facts from crap in the world of Twitter. Supporter of Free Speech, Human Rights, Climate Change, Save our Reef","friends_count":1964,"location":"Australia","profile_link_color":"0099B9","profile_image_url":"http://pbs.twimg.com/profile_images/578132687996657664/hYG9IqZ0_normal.jpeg","following":false,"geo_enabled":false,"profile_banner_url":"https://pbs.twimg.com/profile_banners/323076264/1418009177","profile_background_image_url":"http://abs.twimg.com/images/themes/theme1/bg.png","name":"King Oskar","lang":"en","profile_background_tile":false,"favourites_count":9632,"screen_name":"AussieOskar","notifications":false,"url":null,"created_at":"Fri Jun 24 06:27:22 +0000 2011","contributors_enabled":false,"time_zone":"Melbourne","protected":false,"default_profile":false,"is_translator":false},"geo":null,"in_reply_to_user_id_str":"292777349","lang":"en","created_at":"Sun Dec 14 23:54:31 +0000 2014","in_reply_to_status_id_str":"544275138712469504","place":null},
{"contributors":null,"truncated":false,"text":"@PzFeed wow it's happening holy fuck","in_reply_to_status_id":544275138712469504,"id":544280617869770752,"favorite_count":0,"source":"<a href=\"http://twitter.com/download/iphone\" rel=\"nofollow\">Twitter for iPhone</a>","retweeted":false,"coordinates":null,"entities":{"symbols":[],"user_mentions":[{"id":292777349,"indices":[0,7],"id_str":"292777349","screen_name":"PzFeed","name":"PzFeed Top News"}],"hashtags":[],"urls":[]},"in_reply_to_screen_name":"PzFeed","id_str":"544280617869770752","retweet_count":0,"in_reply_to_user_id":292777349,"favorited":false,"user":{"follow_request_sent":false,"profile_use_background_image":true,"profile_text_color":"000000","default_profile_image":false,"id":535034690,"profile_background_image_url_https":"https://pbs.twimg.com/profile_background_images/536944990975295488/G_P554hi.png","verified":false,"profile_location":null,"profile_image_url_https":"https://pbs.twimg.com/profile_images/590003909889896448/wyAxVocF_normal.jpg","profile_sidebar_fill_color":"FFFFFF","entities":{"url":{"urls":[{"url":"https://t.co/xPt6VGIivw","indices":[0,23],"expanded_url":"https://twitter.com/xtinacunty/status/484768587819675648","display_url":"twitter.com/xtinacunty/sta…"}]},"description":{"urls":[]}},"followers_count":11113,"profile_sidebar_border_color":"FFFFFF","id_str":"535034690","profile_background_color":"FFFFFF","listed_count":21,"is_translation_enabled":false,"utc_offset":-18000,"statuses_count":174911,"description":"Fonty | Model | Photographer | Producer | Reality TV star of CuntX | #PowPowPow |","friends_count":608,"location":"Yxxng","profile_link_color":"000000","profile_image_url":"http://pbs.twimg.com/profile_images/590003909889896448/wyAxVocF_normal.jpg","following":false,"geo_enabled":true,"profile_banner_url":"https://pbs.twimg.com/profile_banners/535034690/1418877281","profile_background_image_url":"http://pbs.twimg.com/profile_background_images/536944990975295488/G_P554hi.png","name":"X","lang":"en","profile_background_tile":true,"favourites_count":42965,"screen_name":"XTINACUNTY","notifications":false,"url":"https://t.co/xPt6VGIivw","created_at":"Sat Mar 24 05:32:54 +0000 2012","contributors_enabled":false,"time_zone":"Eastern Time (US & Canada)","protected":false,"default_profile":false,"is_translator":false},"geo":null,"in_reply_to_user_id_str":"292777349","lang":"en","created_at":"Sun Dec 14 23:59:46 +0000 2014","in_reply_to_status_id_str":"544275138712469504","place":null},
{"contributors":null,"truncated":false,"text":"@PzFeed @VagifAbilov там уточнили где-то, что флаг не ISIS, а просто с арабской надписью. Не то чтоб это что-то меняло.","in_reply_to_status_id":544275138712469504,"id":544281723715211264,"favorite_count":0,"source":"<a href=\"http://tapbots.com/software/tweetbot/mac\" rel=\"nofollow\">Tweetbot for Mac</a>","retweeted":false,"coordinates":null,"entities":{"symbols":[],"user_mentions":[{"id":292777349,"indices":[0,7],"id_str":"292777349","screen_name":"PzFeed","name":"PzFeed Top News"},{"id":458510766,"indices":[8,20],"id_str":"458510766","screen_name":"VagifAbilov","name":"Vagif Abilov"}],"hashtags":[],"urls":[]},"in_reply_to_screen_name":"PzFeed","id_str":"544281723715211264","retweet_count":0,"in_reply_to_user_id":292777349,"favorited":false,"user":{"follow_request_sent":false,"profile_use_background_image":false,"profile_text_color":"000000","default_profile_image":false,"id":2752811,"profile_background_image_url_https":"https://abs.twimg.com/images/themes/theme1/bg.png","verified":false,"profile_location":null,"profile_image_url_https":"https://pbs.twimg.com/profile_images/571013603461844992/lWl8WUFk_normal.jpeg","profile_sidebar_fill_color":"000000","entities":{"url":{"urls":[{"url":"http://t.co/VMtMYajCQv","indices":[0,22],"expanded_url":"http://aalien.ru","display_url":"aalien.ru"}]},"description":{"urls":[]}},"followers_count":3210,"profile_sidebar_border_color":"000000","id_str":"2752811","profile_background_color":"000000","listed_count":66,"is_translation_enabled":false,"utc_offset":7200,"statuses_count":30623,"description":"не говори так.","friends_count":261,"location":"Moscow","profile_link_color":"ABB8C2","profile_image_url":"http://pbs.twimg.com/profile_images/571013603461844992/lWl8WUFk_normal.jpeg","following":false,"geo_enabled":true,"profile_banner_url":"https://pbs.twimg.com/profile_banners/2752811/1399927872","profile_background_image_url":"http://abs.twimg.com/images/themes/theme1/bg.png","name":"David Homak","lang":"en","profile_background_tile":false,"favourites_count":127,"screen_name":"aalien","notifications":false,"url":"http://t.co/VMtMYajCQv","created_at":"Wed Mar 28 23:58:44 +0000 2007","contributors_enabled":false,"time_zone":"Jerusalem","protected":false,"default_profile":false,"is_translator":false},"geo":null,"in_reply_to_user_id_str":"292777349","lang":"ru","created_at":"Mon Dec 15 00:04:09 +0000 2014","in_reply_to_status_id_str":"544275138712469504","place":null},
{"contributors":null,"truncated":false,"text":"GET FUCKINGCANCER @sheepawoken @PzFeed","in_reply_to_status_id":544277476676227072,"id":544281830933798913,"favorite_count":0,"source":"<a href=\"http://twitter.com/download/iphone\" rel=\"nofollow\">Twitter for iPhone</a>","retweeted":false,"coordinates":null,"entities":{"symbols":[],"user_mentions":[{"id":2372146301,"indices":[18,30],"id_str":"2372146301","screen_name":"sheepawoken","name":"U.S.Jedi"},{"id":292777349,"indices":[31,38],"id_str":"292777349","screen_name":"PzFeed","name":"PzFeed Top News"}],"hashtags":[],"urls":[]},"in_reply_to_screen_name":"sheepawoken","id_str":"544281830933798913","retweet_count":0,"in_reply_to_user_id":2372146301,"favorited":false,"user":{"follow_request_sent":false,"profile_use_background_image":false,"profile_text_color":"000000","default_profile_image":false,"id":1276752132,"profile_background_image_url_https":"https://abs.twimg.com/images/themes/theme1/bg.png","verified":false,"profile_location":null,"profile_image_url_https":"https://pbs.twimg.com/profile_images/560269107287715840/j5y_OW0S_normal.jpeg","profile_sidebar_fill_color":"000000","entities":{"url":{"urls":[{"url":"https://t.co/jNesmoB0On","indices":[0,23],"expanded_url":"https://www.youtube.com/user/nFwBang/","display_url":"youtube.com/user/nFwBang/"}]},"description":{"urls":[]}},"followers_count":193,"profile_sidebar_border_color":"000000","id_str":"1276752132","profile_background_color":"000000","listed_count":0,"is_translation_enabled":false,"utc_offset":39600,"statuses_count":15209,"description":"wBang PS3/PS4","friends_count":350,"location":"Australia ","profile_link_color":"3B94D9","profile_image_url":"http://pbs.twimg.com/profile_images/560269107287715840/j5y_OW0S_normal.jpeg","following":false,"geo_enabled":false,"profile_banner_url":"https://pbs.twimg.com/profile_banners/1276752132/1410380909","profile_background_image_url":"http://abs.twimg.com/images/themes/theme1/bg.png","name":"wBang","lang":"en","profile_background_tile":false,"favourites_count":5460,"screen_name":"wBong_","notifications":false,"url":"https://t.co/jNesmoB0On","created_at":"Mon Mar 18 04:27:57 +0000 2013","contributors_enabled":false,"time_zone":"Sydney","protected":false,"default_profile":false,"is_translator":false},"geo":null,"in_reply_to_user_id_str":"2372146301","lang":"en","created_at":"Mon Dec 15 00:04:35 +0000 2014","in_reply_to_status_id_str":"544277476676227072","place":null},
{"contributors":null,"truncated":false,"text":"@PzFeed @edgardavidsgeps christ","in_reply_to_status_id":544275138712469504,"id":544281953206562820,"favorite_count":0,"source":"<a href=\"http://twitter.com/download/iphone\" rel=\"nofollow\">Twitter for iPhone</a>","retweeted":false,"coordinates":null,"entities":{"symbols":[],"user_mentions":[{"id":292777349,"indices":[0,7],"id_str":"292777349","screen_name":"PzFeed","name":"PzFeed Top News"},{"id":571155194,"indices":[8,24],"id_str":"571155194","screen_name":"edgardavidsgeps","name":"geps"}],"hashtags":[],"urls":[]},"in_reply_to_screen_name":"PzFeed","id_str":"544281953206562820","retweet_count":0,"in_reply_to_user_id":292777349,"favorited":false,"user":{"follow_request_sent":false,"profile_use_background_image":true,"profile_text_color":"333333","default_profile_image":false,"id":70224634,"profile_background_image_url_https":"https://abs.twimg.com/images/themes/theme1/bg.png","verified":false,"profile_location":null,"profile_image_url_https":"https://pbs.twimg.com/profile_images/579188177824575488/cDa9w3ah_normal.jpg","profile_sidebar_fill_color":"DDEEF6","entities":{"description":{"urls":[]}},"followers_count":1127,"profile_sidebar_border_color":"C0DEED","id_str":"70224634","profile_background_color":"C0DEED","listed_count":28,"is_translation_enabled":false,"utc_offset":0,"statuses_count":67423,"description":"1996","friends_count":64,"location":"","profile_link_color":"0084B4","profile_image_url":"http://pbs.twimg.com/profile_images/579188177824575488/cDa9w3ah_normal.jpg","following":false,"geo_enabled":true,"profile_background_image_url":"http://abs.twimg.com/images/themes/theme1/bg.png","name":"1996","lang":"en","profile_background_tile":false,"favourites_count":4040,"screen_name":"tt9m","notifications":false,"url":null,"created_at":"Sun Aug 30 21:54:43 +0000 2009","contributors_enabled":false,"time_zone":"Casablanca","protected":false,"default_profile":true,"is_translator":false},"geo":null,"in_reply_to_user_id_str":"292777349","lang":"en","created_at":"Mon Dec 15 00:05:04 +0000 2014","in_reply_to_status_id_str":"544275138712469504","place":null},
{"contributors":null,"truncated":false,"text":"@tt9m @PzFeed get the news channels on lets watch this together","in_reply_to_status_id":544281953206562820,"id":544282220555669504,"favorite_count":0,"source":"<a href=\"http://twitter.com/download/iphone\" rel=\"nofollow\">Twitter for iPhone</a>","retweeted":false,"coordinates":null,"entities":{"symbols":[],"user_mentions":[{"id":70224634,"indices":[0,5],"id_str":"70224634","screen_name":"tt9m","name":"1996"},{"id":292777349,"indices":[6,13],"id_str":"292777349","screen_name":"PzFeed","name":"PzFeed Top News"}],"hashtags":[],"urls":[]},"in_reply_to_screen_name":"tt9m","id_str":"544282220555669504","retweet_count":0,"in_reply_to_user_id":70224634,"favorited":false,"user":{"follow_request_sent":false,"profile_use_background_image":true,"profile_text_color":"333333","default_profile_image":false,"id":571155194,"profile_background_image_url_https":"https://abs.twimg.com/images/themes/theme1/bg.png","verified":false,"profile_location":null,"profile_image_url_https":"https://pbs.twimg.com/profile_images/564560014376181760/OelXtsRX_normal.jpeg","profile_sidebar_fill_color":"DDEEF6","entities":{"description":{"urls":[]}},"followers_count":900,"profile_sidebar_border_color":"C0DEED","id_str":"571155194","profile_background_color":"C0DEED","listed_count":2,"is_translation_enabled":false,"utc_offset":null,"statuses_count":48617,"description":"watching the bags","friends_count":772,"location":"chorlton borders","profile_link_color":"0084B4","profile_image_url":"http://pbs.twimg.com/profile_images/564560014376181760/OelXtsRX_normal.jpeg","following":false,"geo_enabled":true,"profile_banner_url":"https://pbs.twimg.com/profile_banners/571155194/1414692121","profile_background_image_url":"http://abs.twimg.com/images/themes/theme1/bg.png","name":"geps","lang":"en","profile_background_tile":false,"favourites_count":6591,"screen_name":"edgardavidsgeps","notifications":false,"url":null,"created_at":"Fri May 04 21:12:47 +0000 2012","contributors_enabled":false,"time_zone":null,"protected":false,"default_profile":true,"is_translator":false},"geo":null,"in_reply_to_user_id_str":"70224634","lang":"en","created_at":"Mon Dec 15 00:06:08 +0000 2014","in_reply_to_status_id_str":"544281953206562820","place":null},
{"contributors":null,"truncated":false,"text":"@PzFeed @sexableclifford OIII","in_reply_to_status_id":544275138712469504,"id":544282375673217024,"favorite_count":1,"source":"<a href=\"http://twitter.com/download/iphone\" rel=\"nofollow\">Twitter for iPhone</a>","retweeted":false,"coordinates":null,"entities":{"symbols":[],"user_mentions":[{"id":292777349,"indices":[0,7],"id_str":"292777349","screen_name":"PzFeed","name":"PzFeed Top News"},{"id":2320803824,"indices":[8,24],"id_str":"2320803824","screen_name":"sexableclifford","name":"Lillian"}],"hashtags":[],"urls":[]},"in_reply_to_screen_name":"PzFeed","id_str":"544282375673217024","retweet_count":0,"in_reply_to_user_id":292777349,"favorited":false,"user":{"follow_request_sent":false,"profile_use_background_image":true,"profile_text_color":"333333","default_profile_image":false,"id":2562759720,"profile_background_image_url_https":"https://pbs.twimg.com/profile_background_images/484623979445886976/Vk41KQV5.png","verified":false,"profile_location":null,"profile_image_url_https":"https://pbs.twimg.com/profile_images/590298165867220992/msjWKUcw_normal.jpg","profile_sidebar_fill_color":"DDEEF6","entities":{"url":{"urls":[{"url":"https://t.co/n4SZ84HPTq","indices":[0,23],"expanded_url":"https://twitter.com/tatemasterfresh/status/538573672362291200","display_url":"twitter.com/tatemasterfres…"}]},"description":{"urls":[]}},"followers_count":1245,"profile_sidebar_border_color":"FFFFFF","id_str":"2562759720","profile_background_color":"C0DEED","listed_count":6,"is_translation_enabled":false,"utc_offset":-36000,"statuses_count":35966,"description":"Chuck Bass is mine #byeblair","friends_count":242,"location":"","profile_link_color":"9266CC","profile_image_url":"http://pbs.twimg.com/profile_images/590298165867220992/msjWKUcw_normal.jpg","following":false,"geo_enabled":false,"profile_banner_url":"https://pbs.twimg.com/profile_banners/2562759720/1418665922","profile_background_image_url":"http://pbs.twimg.com/profile_background_images/484623979445886976/Vk41KQV5.png","name":"Tate ","lang":"en","profile_background_tile":true,"favourites_count":16809,"screen_name":"tatemasterfresh","notifications":false,"url":"https://t.co/n4SZ84HPTq","created_at":"Thu Jun 12 05:47:50 +0000 2014","contributors_enabled":false,"time_zone":"Hawaii","protected":false,"default_profile":false,"is_translator":false},"geo":null,"in_reply_to_user_id_str":"292777349","lang":"und","created_at":"Mon Dec 15 00:06:45 +0000 2014","in_reply_to_status_id_str":"544275138712469504","place":null},
{"contributors":null,"truncated":false,"text":"@tatemasterfresh @PzFeed I'm scared :( it's in the city but","in_reply_to_status_id":544282375673217024,"id":544282463749435392,"favorite_count":1,"source":"<a href=\"http://twitter.com/download/iphone\" rel=\"nofollow\">Twitter for iPhone</a>","retweeted":false,"coordinates":null,"entities":{"symbols":[],"user_mentions":[{"id":2562759720,"indices":[0,16],"id_str":"2562759720","screen_name":"tatemasterfresh","name":"Tate "},{"id":292777349,"indices":[17,24],"id_str":"292777349","screen_name":"PzFeed","name":"PzFeed Top News"}],"hashtags":[],"urls":[]},"in_reply_to_screen_name":"tatemasterfresh","id_str":"544282463749435392","retweet_count":0,"in_reply_to_user_id":2562759720,"favorited":false,"user":{"follow_request_sent":false,"profile_use_background_image":true,"profile_text_color":"333333","default_profile_image":false,"id":2320803824,"profile_background_image_url_https":"https://abs.twimg.com/images/themes/theme1/bg.png","verified":false,"profile_location":null,"profile_image_url_https":"https://pbs.twimg.com/profile_images/533440680874360832/mBc8fuRa_normal.jpeg","profile_sidebar_fill_color":"DDEEF6","entities":{"url":{"urls":[{"url":"https://t.co/RnmH71SGOW","indices":[0,23],"expanded_url":"https://twitter.com/sexableclifford/status/544639372880916480","display_url":"twitter.com/sexablecliffor…"}]},"description":{"urls":[]}},"followers_count":1372,"profile_sidebar_border_color":"C0DEED","id_str":"2320803824","profile_background_color":"C0DEED","listed_count":16,"is_translation_enabled":false,"utc_offset":36000,"statuses_count":49732,"description":"Michael Clifford said he loved me ~ 28/11","friends_count":182,"location":"Australia","profile_link_color":"001100","profile_image_url":"http://pbs.twimg.com/profile_images/533440680874360832/mBc8fuRa_normal.jpeg","following":false,"geo_enabled":true,"profile_banner_url":"https://pbs.twimg.com/profile_banners/2320803824/1416020520","profile_background_image_url":"http://abs.twimg.com/images/themes/theme1/bg.png","name":"Lillian","lang":"en","profile_background_tile":false,"favourites_count":31327,"screen_name":"sexableclifford","notifications":false,"url":"https://t.co/RnmH71SGOW","created_at":"Fri Jan 31 13:31:56 +0000 2014","contributors_enabled":false,"time_zone":"Brisbane","protected":false,"default_profile":false,"is_translator":false},"geo":null,"in_reply_to_user_id_str":"2562759720","lang":"en","created_at":"Mon Dec 15 00:07:06 +0000 2014","in_reply_to_status_id_str":"544282375673217024","place":null},
{"contributors":null,"truncated":false,"text":"@sexableclifford @PzFeed 😕and your friends in the city???","in_reply_to_status_id":544282463749435392,"id":544282662903369728,"favorite_count":1,"source":"<a href=\"http://twitter.com/download/iphone\" rel=\"nofollow\">Twitter for iPhone</a>","retweeted":false,"coordinates":null,"entities":{"symbols":[],"user_mentions":[{"id":2320803824,"indices":[0,16],"id_str":"2320803824","screen_name":"sexableclifford","name":"Lillian"},{"id":292777349,"indices":[17,24],"id_str":"292777349","screen_name":"PzFeed","name":"PzFeed Top News"}],"hashtags":[],"urls":[]},"in_reply_to_screen_name":"sexableclifford","id_str":"544282662903369728","retweet_count":0,"in_reply_to_user_id":2320803824,"favorited":false,"user":{"follow_request_sent":false,"profile_use_background_image":true,"profile_text_color":"333333","default_profile_image":false,"id":2562759720,"profile_background_image_url_https":"https://pbs.twimg.com/profile_background_images/484623979445886976/Vk41KQV5.png","verified":false,"profile_location":null,"profile_image_url_https":"https://pbs.twimg.com/profile_images/590298165867220992/msjWKUcw_normal.jpg","profile_sidebar_fill_color":"DDEEF6","entities":{"url":{"urls":[{"url":"https://t.co/n4SZ84HPTq","indices":[0,23],"expanded_url":"https://twitter.com/tatemasterfresh/status/538573672362291200","display_url":"twitter.com/tatemasterfres…"}]},"description":{"urls":[]}},"followers_count":1244,"profile_sidebar_border_color":"FFFFFF","id_str":"2562759720","profile_background_color":"C0DEED","listed_count":6,"is_translation_enabled":false,"utc_offset":-36000,"statuses_count":35996,"description":"Chuck Bass is mine #byeblair","friends_count":242,"location":"","profile_link_color":"9266CC","profile_image_url":"http://pbs.twimg.com/profile_images/590298165867220992/msjWKUcw_normal.jpg","following":false,"geo_enabled":false,"profile_banner_url":"https://pbs.twimg.com/profile_banners/2562759720/1418665922","profile_background_image_url":"http://pbs.twimg.com/profile_background_images/484623979445886976/Vk41KQV5.png","name":"Tate ","lang":"en","profile_background_tile":true,"favourites_count":16828,"screen_name":"tatemasterfresh","notifications":false,"url":"https://t.co/n4SZ84HPTq","created_at":"Thu Jun 12 05:47:50 +0000 2014","contributors_enabled":false,"time_zone":"Hawaii","protected":false,"default_profile":false,"is_translator":false},"geo":null,"in_reply_to_user_id_str":"2320803824","lang":"en","created_at":"Mon Dec 15 00:07:53 +0000 2014","in_reply_to_status_id_str":"544282463749435392","place":null},
{"contributors":null,"truncated":false,"text":"@edgardavidsgeps @PzFeed im in bed this was my last check before I shut my eyes an now im worried for the libdt","in_reply_to_status_id":544282220555669504,"id":544282740603228160,"favorite_count":0,"source":"<a href=\"http://twitter.com/download/iphone\" rel=\"nofollow\">Twitter for iPhone</a>","retweeted":false,"coordinates":null,"entities":{"symbols":[],"user_mentions":[{"id":571155194,"indices":[0,16],"id_str":"571155194","screen_name":"edgardavidsgeps","name":"geps"},{"id":292777349,"indices":[17,24],"id_str":"292777349","screen_name":"PzFeed","name":"PzFeed Top News"}],"hashtags":[],"urls":[]},"in_reply_to_screen_name":"edgardavidsgeps","id_str":"544282740603228160","retweet_count":0,"in_reply_to_user_id":571155194,"favorited":false,"user":{"follow_request_sent":false,"profile_use_background_image":true,"profile_text_color":"333333","default_profile_image":false,"id":70224634,"profile_background_image_url_https":"https://abs.twimg.com/images/themes/theme1/bg.png","verified":false,"profile_location":null,"profile_image_url_https":"https://pbs.twimg.com/profile_images/579188177824575488/cDa9w3ah_normal.jpg","profile_sidebar_fill_color":"DDEEF6","entities":{"description":{"urls":[]}},"followers_count":1127,"profile_sidebar_border_color":"C0DEED","id_str":"70224634","profile_background_color":"C0DEED","listed_count":28,"is_translation_enabled":false,"utc_offset":0,"statuses_count":67435,"description":"1996","friends_count":64,"location":"","profile_link_color":"0084B4","profile_image_url":"http://pbs.twimg.com/profile_images/579188177824575488/cDa9w3ah_normal.jpg","following":false,"geo_enabled":true,"profile_background_image_url":"http://abs.twimg.com/images/themes/theme1/bg.png","name":"1996","lang":"en","profile_background_tile":false,"favourites_count":4042,"screen_name":"tt9m","notifications":false,"url":null,"created_at":"Sun Aug 30 21:54:43 +0000 2009","contributors_enabled":false,"time_zone":"Casablanca","protected":false,"default_profile":true,"is_translator":false},"geo":null,"in_reply_to_user_id_str":"571155194","lang":"en","created_at":"Mon Dec 15 00:08:12 +0000 2014","in_reply_to_status_id_str":"544282220555669504","place":null},
{"contributors":null,"truncated":false,"text":"@tatemasterfresh @PzFeed yeah, I just really hope she stays safe","in_reply_to_status_id":544282662903369728,"id":544282779395960832,"favorite_count":1,"source":"<a href=\"http://twitter.com/download/iphone\" rel=\"nofollow\">Twitter for iPhone</a>","retweeted":false,"coordinates":null,"entities":{"symbols":[],"user_mentions":[{"id":2562759720,"indices":[0,16],"id_str":"2562759720","screen_name":"tatemasterfresh","name":"Tate "},{"id":292777349,"indices":[17,24],"id_str":"292777349","screen_name":"PzFeed","name":"PzFeed Top News"}],"hashtags":[],"urls":[]},"in_reply_to_screen_name":"tatemasterfresh","id_str":"544282779395960832","retweet_count":0,"in_reply_to_user_id":2562759720,"favorited":false,"user":{"follow_request_sent":false,"profile_use_background_image":true,"profile_text_color":"333333","default_profile_image":false,"id":2320803824,"profile_background_image_url_https":"https://abs.twimg.com/images/themes/theme1/bg.png","verified":false,"profile_location":null,"profile_image_url_https":"https://pbs.twimg.com/profile_images/533440680874360832/mBc8fuRa_normal.jpeg","profile_sidebar_fill_color":"DDEEF6","entities":{"url":{"urls":[{"url":"https://t.co/RnmH71SGOW","indices":[0,23],"expanded_url":"https://twitter.com/sexableclifford/status/544639372880916480","display_url":"twitter.com/sexablecliffor…"}]},"description":{"urls":[]}},"followers_count":1371,"profile_sidebar_border_color":"C0DEED","id_str":"2320803824","profile_background_color":"C0DEED","listed_count":16,"is_translation_enabled":false,"utc_offset":36000,"statuses_count":49752,"description":"Michael Clifford said he loved me ~ 28/11","friends_count":181,"location":"Australia","profile_link_color":"001100","profile_image_url":"http://pbs.twimg.com/profile_images/533440680874360832/mBc8fuRa_normal.jpeg","following":false,"geo_enabled":true,"profile_banner_url":"https://pbs.twimg.com/profile_banners/2320803824/1416020520","profile_background_image_url":"http://abs.twimg.com/images/themes/theme1/bg.png","name":"Lillian","lang":"en","profile_background_tile":false,"favourites_count":31336,"screen_name":"sexableclifford","notifications":false,"url":"https://t.co/RnmH71SGOW","created_at":"Fri Jan 31 13:31:56 +0000 2014","contributors_enabled":false,"time_zone":"Brisbane","protected":false,"default_profile":false,"is_translator":false},"geo":null,"in_reply_to_user_id_str":"2562759720","lang":"en","created_at":"Mon Dec 15 00:08:21 +0000 2014","in_reply_to_status_id_str":"544282662903369728","place":null},
{"contributors":null,"truncated":false,"text":"@sexableclifford @PzFeed 😨😟me too","in_reply_to_status_id":544282779395960832,"id":544282887869050882,"favorite_count":1,"source":"<a href=\"http://twitter.com/download/iphone\" rel=\"nofollow\">Twitter for iPhone</a>","retweeted":false,"coordinates":null,"entities":{"symbols":[],"user_mentions":[{"id":2320803824,"indices":[0,16],"id_str":"2320803824","screen_name":"sexableclifford","name":"Lillian"},{"id":292777349,"indices":[17,24],"id_str":"292777349","screen_name":"PzFeed","name":"PzFeed Top News"}],"hashtags":[],"urls":[]},"in_reply_to_screen_name":"sexableclifford","id_str":"544282887869050882","retweet_count":0,"in_reply_to_user_id":2320803824,"favorited":false,"user":{"follow_request_sent":false,"profile_use_background_image":true,"profile_text_color":"333333","default_profile_image":false,"id":2562759720,"profile_background_image_url_https":"https://pbs.twimg.com/profile_background_images/484623979445886976/Vk41KQV5.png","verified":false,"profile_location":null,"profile_image_url_https":"https://pbs.twimg.com/profile_images/590298165867220992/msjWKUcw_normal.jpg","profile_sidebar_fill_color":"DDEEF6","entities":{"url":{"urls":[{"url":"https://t.co/n4SZ84HPTq","indices":[0,23],"expanded_url":"https://twitter.com/tatemasterfresh/status/538573672362291200","display_url":"twitter.com/tatemasterfres…"}]},"description":{"urls":[]}},"followers_count":1244,"profile_sidebar_border_color":"FFFFFF","id_str":"2562759720","profile_background_color":"C0DEED","listed_count":6,"is_translation_enabled":false,"utc_offset":-36000,"statuses_count":35996,"description":"Chuck Bass is mine #byeblair","friends_count":242,"location":"","profile_link_color":"9266CC","profile_image_url":"http://pbs.twimg.com/profile_images/590298165867220992/msjWKUcw_normal.jpg","following":false,"geo_enabled":false,"profile_banner_url":"https://pbs.twimg.com/profile_banners/2562759720/1418665922","profile_background_image_url":"http://pbs.twimg.com/profile_background_images/484623979445886976/Vk41KQV5.png","name":"Tate ","lang":"en","profile_background_tile":true,"favourites_count":16828,"screen_name":"tatemasterfresh","notifications":false,"url":"https://t.co/n4SZ84HPTq","created_at":"Thu Jun 12 05:47:50 +0000 2014","contributors_enabled":false,"time_zone":"Hawaii","protected":false,"default_profile":false,"is_translator":false},"geo":null,"in_reply_to_user_id_str":"2320803824","lang":"en","created_at":"Mon Dec 15 00:08:47 +0000 2014","in_reply_to_status_id_str":"544282779395960832","place":null},
{"contributors":null,"truncated":false,"text":"@wBong_ @PzFeed  they have no chance, sadly....","in_reply_to_status_id":544281830933798913,"id":544283907147837440,"favorite_count":0,"source":"<a href=\"http://twitter.com/download/android\" rel=\"nofollow\">Twitter for Android</a>","retweeted":false,"coordinates":null,"entities":{"symbols":[],"user_mentions":[{"id":1276752132,"indices":[0,7],"id_str":"1276752132","screen_name":"wBong_","name":"wBang "},{"id":292777349,"indices":[8,15],"id_str":"292777349","screen_name":"PzFeed","name":"PzFeed Top News"}],"hashtags":[],"urls":[]},"in_reply_to_screen_name":"wBong_","id_str":"544283907147837440","retweet_count":1,"in_reply_to_user_id":1276752132,"favorited":false,"user":{"follow_request_sent":false,"profile_use_background_image":true,"profile_text_color":"333333","default_profile_image":false,"id":2372146301,"profile_background_image_url_https":"https://abs.twimg.com/images/themes/theme1/bg.png","verified":false,"profile_location":null,"profile_image_url_https":"https://pbs.twimg.com/profile_images/546863949669744640/0NAyZdY0_normal.jpeg","profile_sidebar_fill_color":"DDEEF6","entities":{"description":{"urls":[]}},"followers_count":55,"profile_sidebar_border_color":"C0DEED","id_str":"2372146301","profile_background_color":"C0DEED","listed_count":0,"is_translation_enabled":false,"utc_offset":null,"statuses_count":515,"description":"","friends_count":69,"location":"","profile_link_color":"0084B4","profile_image_url":"http://pbs.twimg.com/profile_images/546863949669744640/0NAyZdY0_normal.jpeg","following":false,"geo_enabled":false,"profile_banner_url":"https://pbs.twimg.com/profile_banners/2372146301/1418607426","profile_background_image_url":"http://abs.twimg.com/images/themes/theme1/bg.png","name":"U.S.Jedi","lang":"en","profile_background_tile":false,"favourites_count":131,"screen_name":"sheepawoken","notifications":false,"url":null,"created_at":"Sat Mar 01 00:31:17 +0000 2014","contributors_enabled":false,"time_zone":null,"protected":false,"default_profile":true,"is_translator":false},"geo":null,"in_reply_to_user_id_str":"1276752132","lang":"en","created_at":"Mon Dec 15 00:12:50 +0000 2014","in_reply_to_status_id_str":"544281830933798913","place":null},
{"contributors":null,"truncated":false,"text":"@MarcusMariGOATa @PzFeed lul???","in_reply_to_status_id":544275282010447872,"id":544458571044241409,"favorite_count":0,"source":"<a href=\"http://twitter.com/download/iphone\" rel=\"nofollow\">Twitter for iPhone</a>","retweeted":false,"coordinates":null,"entities":{"symbols":[],"user_mentions":[{"id":325846016,"indices":[0,16],"id_str":"325846016","screen_name":"MarcusMariGOATa","name":"OREGON 12-1"},{"id":292777349,"indices":[17,24],"id_str":"292777349","screen_name":"PzFeed","name":"PzFeed Top News"}],"hashtags":[],"urls":[]},"in_reply_to_screen_name":"MarcusMariGOATa","id_str":"544458571044241409","retweet_count":0,"in_reply_to_user_id":325846016,"favorited":false,"user":{"follow_request_sent":false,"profile_use_background_image":false,"profile_text_color":"000000","default_profile_image":false,"id":1276752132,"profile_background_image_url_https":"https://abs.twimg.com/images/themes/theme1/bg.png","verified":false,"profile_location":null,"profile_image_url_https":"https://pbs.twimg.com/profile_images/560269107287715840/j5y_OW0S_normal.jpeg","profile_sidebar_fill_color":"000000","entities":{"url":{"urls":[{"url":"https://t.co/jNesmoB0On","indices":[0,23],"expanded_url":"https://www.youtube.com/user/nFwBang/","display_url":"youtube.com/user/nFwBang/"}]},"description":{"urls":[]}},"followers_count":195,"profile_sidebar_border_color":"000000","id_str":"1276752132","profile_background_color":"000000","listed_count":0,"is_translation_enabled":false,"utc_offset":39600,"statuses_count":15268,"description":"wBang PS3/PS4","friends_count":348,"location":"Australia ","profile_link_color":"3B94D9","profile_image_url":"http://pbs.twimg.com/profile_images/560269107287715840/j5y_OW0S_normal.jpeg","following":false,"geo_enabled":false,"profile_banner_url":"https://pbs.twimg.com/profile_banners/1276752132/1410380909","profile_background_image_url":"http://abs.twimg.com/images/themes/theme1/bg.png","name":"wBang","lang":"en","profile_background_tile":false,"favourites_count":5491,"screen_name":"wBong_","notifications":false,"url":"https://t.co/jNesmoB0On","created_at":"Mon Mar 18 04:27:57 +0000 2013","contributors_enabled":false,"time_zone":"Sydney","protected":false,"default_profile":false,"is_translator":false},"geo":null,"in_reply_to_user_id_str":"325846016","lang":"und","created_at":"Mon Dec 15 11:46:53 +0000 2014","in_reply_to_status_id_str":"544275282010447872","place":null}
]