[{"contributors":null,"truncated":false,"text":"@ABCNews24 \"reportedly\"?!","in_reply_to_status_id":544278913883447298,"id":544279078648283136,"favorite_count":3,"source":"<a href=\"http://tapbots.com/tweetbot\" rel=\"nofollow\">Tweetbot for iΟS</a>","retweeted":false,"coordinates":null,"entities":{"symbols":[],"user_mentions":[{"id":129673790,"indices":[0,10],"id_str":"129673790","screen_name":"ABCNews24","name":"ABC News 24"}],"hashtags":[],"urls":[]},"in_reply_to_screen_name":"ABCNews24","id_str":"544279078648283136","retweet_count":0,"in_reply_to_user_id":129673790,"favorited":false,"user":{"follow_request_sent":false,"profile_use_background_image":true,"profile_text_color":"242424","default_profile_image":false,"id":6782812,"profile_background_image_url_https":"https://pbs.twimg.com/profile_background_images/451187287544451072/zDUkCbuH.png","verified":true,"profile_location":null,"profile_image_url_https":"https://pbs.twimg.com/profile_images/588214835726266368/QiZNMtE-_normal.jpg","profile_sidebar_fill_color":"FFDB94","entities":{"url":{"urls":[{"url":"http://t.co/9xRFwSnZSt","indices":[0,22],"expanded_url":"http://www.domknight.com","display_url":"domknight.com"}]},"description":{"urls":[]}},"followers_count":22564,"profile_sidebar_border_color":"000000","id_str":"6782812","profile_background_color":"B8B8B8","listed_count":659,"is_translation_enabled":false,"utc_offset":39600,"statuses_count":27032,"description":"Evening radio @702sydney + ABC NSW + ACT. Cofounder @Chaser + @giantdwarfhq. Writer @dailylifeau + a few novels\n\nExcessively personal account","friends_count":1462,"location":"Sydney","profile_link_color":"EB5337","profile_image_url":"http://pbs.twimg.com/profile_images/588214835726266368/QiZNMtE-_normal.jpg","following":false,"geo_enabled":true,"profile_banner_url":"https://pbs.twimg.com/profile_banners/6782812/1375446185","profile_background_image_url":"http://pbs.twimg.com/profile_background_images/451187287544451072/zDUkCbuH.png","name":"Dom Knight","lang":"en","profile_background_tile":true,"favourites_count":682,"screen_name":"domknight","notifications":false,"url":"http://t.co/9xRFwSnZSt","created_at":"Wed Jun 13 05:00:55 +0000 2007","contributors_enabled":false,"time_zone":"Sydney","protected":false,"default_profile":false,"is_translator":false},"geo":null,"in_reply_to_user_id_str":"129673790","lang":"en","created_at":"Sun Dec 14 23:53:39 +0000 2014","in_reply_to_status_id_str":"544278913883447298","place":null},
{"contributors":null,"truncated":false,"text":"@ABCNews24 Please stop showing those girls faces - that is someone's daughter or sister or friend :(","in_reply_to_status_id":544278913883447298,"id":544279079696863232,"favorite_count":0,"source":"<a href=\"http://twitter.com\" rel=\"nofollow\">Twitter Web Client</a>","retweeted":false,"coordinates":null,"entities":{"symbols":[],"user_mentions":[{"id":129673790,"indices":[0,10],"id_str":"129673790","screen_name":"ABCNews24","name":"ABC News 24"}],"hashtags":[],"urls":[]},"in_reply_to_screen_name":"ABCNews24","id_str":"544279079696863232","retweet_count":1,"in_reply_to_user_id":129673790,"favorited":false,"user":{"follow_request_sent":false,"profile_use_background_image":true,"profile_text_color":"696969","default_profile_image":false,"id":498305247,"profile_background_image_url_https":"https://pbs.twimg.com/profile_background_images/378800000042900979/9713df7343cbde9c94a4de2193db2478.jpeg","verified":false,"profile_location":null,"profile_image_url_https":"https://pbs.twimg.com/profile_images/3071760528/1d66723fb2e80739e5a44eb2dd86a0b8_normal.jpeg","profile_sidebar_fill_color":"000000","entities":{"url":{"urls":[{"url":"http://t.co/L7xjiCzugT","indices":[0,22],"expanded_url":"http://onlinesocialbutterfly.com.au","display_url":"onlinesocialbutterfly.com.au"}]},"description":{"urls":[]}},"followers_count":1559,"profile_sidebar_border_color":"696969","id_str":"498305247","profile_background_color":"FFFFFF","listed_count":22,"is_translation_enabled":false,"utc_offset":28800,"statuses_count":1414,"description":"Super woman without the cape. Social media professional and owner of Online Social Butterfly. Slave to 2 little boys and 1xIT mad hubby. Trying to do it all","friends_count":1063,"location":"Perth, Australia","profile_link_color":"363636","profile_image_url":"http://pbs.twimg.com/profile_images/3071760528/1d66723fb2e80739e5a44eb2dd86a0b8_normal.jpeg","following":false,"geo_enabled":false,"profile_banner_url":"https://pbs.twimg.com/profile_banners/498305247/1398495475","profile_background_image_url":"http://pbs.twimg.com/profile_background_images/378800000042900979/9713df7343cbde9c94a4de2193db2478.jpeg","name":"Sarah Thomson","lang":"en","profile_background_tile":false,"favourites_count":34,"screen_name":"SarahThomsonAU","notifications":false,"url":"http://t.co/L7xjiCzugT","created_at":"Mon Feb 20 22:19:13 +0000 2012","contributors_enabled":false,"time_zone":"Perth","protected":false,"default_profile":false,"is_translator":false},"geo":null,"in_reply_to_user_id_str":"129673790","lang":"en","created_at":"Sun Dec 14 23:53:39 +0000 2014","in_reply_to_status_id_str":"544278913883447298","place":null},
{"contributors":null,"truncated":false,"text":"@domknight @ABCNews24 number of hostages may be incorrect Dom.","in_reply_to_status_id":544279078648283136,"id":544279298379493377,"favorite_count":1,"source":"<a href=\"http://twitter.com/download/iphone\" rel=\"nofollow\">Twitter for iPhone</a>","retweeted":false,"coordinates":null,"entities":{"symbols":[],"user_mentions":[{"id":6782812,"indices":[0,10],"id_str":"6782812","screen_name":"domknight","name":"Dom Knight"},{"id":129673790,"indices":[11,21],"id_str":"129673790","screen_name":"ABCNews24","name":"ABC News 24"}],"hashtags":[],"urls":[]},"in_reply_to_screen_name":"domknight","id_str":"544279298379493377","retweet_count":0,"in_reply_to_user_id":6782812,"favorited":false,"user":{"follow_request_sent":false,"profile_use_background_image":true,"profile_text_color":"333333","default_profile_image":false,"id":832990914,"profile_background_image_url_https":"https://abs.twimg.com/images/themes/theme14/bg.gif","verified":false,"profile_location":null,"profile_image_url_https":"https://pbs.twimg.com/profile_images/491535133988491265/BCtOUDQ0_normal.jpeg","profile_sidebar_fill_color":"EFEFEF","entities":{"description":{"urls":[]}},"followers_count":508,"profile_sidebar_border_color":"FFFFFF","id_str":"832990914","profile_background_color":"131516","listed_count":8,"is_translation_enabled":false,"utc_offset":null,"statuses_count":17610,"description":"Sometimes I wonder...","friends_count":1165,"location":"Sydney","profile_link_color":"009999","profile_image_url":"http://pbs.twimg.com/profile_images/491535133988491265/BCtOUDQ0_normal.jpeg","following":false,"geo_enabled":false,"profile_banner_url":"https://pbs.twimg.com/profile_banners/832990914/1409809274","profile_background_image_url":"http://abs.twimg.com/images/themes/theme14/bg.gif","name":"Sam","lang":"en","profile_background_tile":true,"favourites_count":4910,"screen_name":"samthewarden","notifications":false,"url":null,"created_at":"Wed Sep 19 10:05:52 +0000 2012","contributors_enabled":false,"time_zone":null,"protected":false,"default_profile":false,"is_translator":false},"geo":null,"in_reply_to_user_id_str":"6782812","lang":"en","created_at":"Sun Dec 14 23:54:31 +0000 2014","in_reply_to_status_id_str":"544279078648283136","place":null},
{"contributors":null,"truncated":false,"text":"@ABCNews24 Hope they make it home to their families for Christmas :( such a horrible situation right now.","in_reply_to_status_id":544278913883447298,"id":544279497567002624,"favorite_count":0,"source":"<a href=\"http://twitter.com\" rel=\"nofollow\">Twitter Web Client</a>","retweeted":false,"coordinates":null,"entities":{"symbols":[],"user_mentions":[{"id":129673790,"indices":[0,10],"id_str":"129673790","screen_name":"ABCNews24","name":"ABC News 24"}],"hashtags":[],"urls":[]},"in_reply_to_screen_name":"ABCNews24","id_str":"544279497567002624","retweet_count":0,"in_reply_to_user_id":129673790,"favorited":false,"user":{"follow_request_sent":false,"profile_use_background_image":true,"profile_text_color":"080402","default_profile_image":false,"id":187783599,"profile_background_image_url_https":"https://pbs.twimg.com/profile_background_images/436541019/Bali1.jpg","verified":false,"profile_location":null,"profile_image_url_https":"https://pbs.twimg.com/profile_images/502805836117204992/lGI-gUA5_normal.jpeg","profile_sidebar_fill_color":"C9B5EB","entities":{"description":{"urls":[]}},"followers_count":244,"profile_sidebar_border_color":"FA91FA","id_str":"187783599","profile_background_color":"6A5682","listed_count":4,"is_translation_enabled":false,"utc_offset":36000,"statuses_count":3191,"description":"Publications/Media with ICC. Love the outdoors, playing footy - huge Broncos fan - Opinions are my own (nee Bayfield)","friends_count":434,"location":"Brisbane, Queensland","profile_link_color":"5F32A3","profile_image_url":"http://pbs.twimg.com/profile_images/502805836117204992/lGI-gUA5_normal.jpeg","following":false,"geo_enabled":false,"profile_banner_url":"https://pbs.twimg.com/profile_banners/187783599/1398076341","profile_background_image_url":"http://pbs.twimg.com/profile_background_images/436541019/Bali1.jpg","name":"Jessica Reid","lang":"en","profile_background_tile":true,"favourites_count":148,"screen_name":"jessica_reid05","notifications":false,"url":null,"created_at":"Tue Sep 07 03:49:50 +0000 2010","contributors_enabled":false,"time_zone":"Brisbane","protected":false,"default_profile":false,"is_translator":false},"geo":null,"in_reply_to_user_id_str":"129673790","lang":"en","created_at":"Sun Dec 14 23:55:19 +0000 2014","in_reply_to_status_id_str":"544278913883447298","place":null},
{"contributors":null,"truncated":false,"text":"@ABCNews24 Support a #mediablackout to avoid giving hostage takers a platform for their message&amp;risking future copycats #martinplace","in_reply_to_status_id":544278913883447298,"id":544279659756531712,"favorite_count":3,"source":"<a href=\"http://twitter.com/download/android\" rel=\"nofollow\">Twitter for Android</a>","retweeted":false,"coordinates":null,"entities":{"symbols":[],"user_mentions":[{"id":129673790,"indices":[0,10],"id_str":"129673790","screen_name":"ABCNews24","name":"ABC News 24"}],"hashtags":[{"indices":[21,35],"text":"mediablackout"},{"indices":[124,136],"text":"martinplace"}],"urls":[]},"in_reply_to_screen_name":"ABCNews24","id_str":"544279659756531712","retweet_count":4,"in_reply_to_user_id":129673790,"favorited":false,"user":{"follow_request_sent":false,"profile_use_background_image":true,"profile_text_color":"3E4415","default_profile_image":false,"id":71194194,"profile_background_image_url_https":"https://abs.twimg.com/images/themes/theme5/bg.gif","verified":false,"profile_location":null,"profile_image_url_https":"https://pbs.twimg.com/profile_images/395996073/me-distorted_normal.jpg","profile_sidebar_fill_color":"99CC33","entities":{"url":{"urls":[{"url":"http://t.co/rYZcBaR9PC","indices":[0,22],"expanded_url":"http://www.facebook.com/flitman","display_url":"facebook.com/flitman"}]},"description":{"urls":[]}},"followers_count":285,"profile_sidebar_border_color":"829D5E","id_str":"71194194","profile_background_color":"352726","listed_count":2,"is_translation_enabled":false,"utc_offset":39600,"statuses_count":105,"description":"","friends_count":1057,"location":"","profile_link_color":"D02B55","profile_image_url":"http://pbs.twimg.com/profile_images/395996073/me-distorted_normal.jpg","following":false,"geo_enabled":false,"profile_background_image_url":"http://abs.twimg.com/images/themes/theme5/bg.gif","name":"Rachel Flit","lang":"en","profile_background_tile":false,"favourites_count":22,"screen_name":"rachflit","notifications":false,"url":"http://t.co/rYZcBaR9PC","created_at":"Thu Sep 03 07:01:17 +0000 2009","contributors_enabled":false,"time_zone":"Melbourne","protected":false,"default_profile":false,"is_translator":false},"geo":null,"in_reply_to_user_id_str":"129673790","lang":"en","created_at":"Sun Dec 14 23:55:57 +0000 2014","in_reply_to_status_id_str":"544278913883447298","place":null},
{"contributors":null,"truncated":false,"text":"“@ABCNews24: There are reportedly 13 hostages in the siege at Martin Place, Sydney CBD\" Stay home and stay safe Sydney. #peace #Sydneysiege","in_reply_to_status_id":544278913883447298,"id":544279779050938368,"favorite_count":0,"source":"<a href=\"http://twitter.com/download/iphone\" rel=\"nofollow\">Twitter for iPhone</a>","retweeted":false,"coordinates":null,"entities":{"symbols":[],"user_mentions":[{"id":129673790,"indices":[1,11],"id_str":"129673790","screen_name":"ABCNews24","name":"ABC News 24"}],"hashtags":[{"indices":[120,126],"text":"peace"},{"indices":[127,139],"text":"Sydneysiege"}],"urls":[]},"in_reply_to_screen_name":"ABCNews24","id_str":"544279779050938368","retweet_count":0,"in_reply_to_user_id":129673790,"favorited":false,"user":{"follow_request_sent":false,"profile_use_background_image":true,"profile_text_color":"333333","default_profile_image":false,"id":433308581,"profile_background_image_url_https":"https://pbs.twimg.com/profile_background_images/379943276/peonies.jpg","verified":false,"profile_location":null,"profile_image_url_https":"https://pbs.twimg.com/profile_images/1686512502/fbpic_normal.jpg","profile_sidebar_fill_color":"DDEEF6","entities":{"description":{"urls":[]}},"followers_count":134,"profile_sidebar_border_color":"C0DEED","id_str":"433308581","profile_background_color":"C0DEED","listed_count":2,"is_translation_enabled":false,"utc_offset":null,"statuses_count":145,"description":"Casual observer and collector of conversations, interactions, art and writing.","friends_count":440,"location":"Sydney, Australia","profile_link_color":"0084B4","profile_image_url":"http://pbs.twimg.com/profile_images/1686512502/fbpic_normal.jpg","following":false,"geo_enabled":true,"profile_banner_url":"https://pbs.twimg.com/profile_banners/433308581/1359777102","profile_background_image_url":"http://pbs.twimg.com/profile_background_images/379943276/peonies.jpg","name":"Kellie Connolly","lang":"en","profile_background_tile":true,"favourites_count":26,"screen_name":"kellielools","notifications":false,"url":null,"created_at":"Sat Dec 10 12:00:32 +0000 2011","contributors_enabled":false,"time_zone":null,"protected":false,"default_profile":false,"is_translator":false},"geo":null,"in_reply_to_user_id_str":"129673790","lang":"en","created_at":"Sun Dec 14 23:56:26 +0000 2014","in_reply_to_status_id_str":"544278913883447298","place":null},
{"contributors":null,"truncated":false,"text":"Scary :/ \"@ABCNews24: There are reportedly 13 hostages in the siege at Martin Place, Sydney CBD - watch us live for continuous updates”","in_reply_to_status_id":544278913883447298,"id":544281172411289600,"favorite_count":0,"source":"<a href=\"http://twitter.com/download/iphone\" rel=\"nofollow\">Twitter for iPhone</a>","retweeted":false,"coordinates":null,"entities":{"symbols":[],"user_mentions":[{"id":129673790,"indices":[10,20],"id_str":"129673790","screen_name":"ABCNews24","name":"ABC News 24"}],"hashtags":[],"urls":[]},"in_reply_to_screen_name":"ABCNews24","id_str":"544281172411289600","retweet_count":0,"in_reply_to_user_id":129673790,"favorited":false,"user":{"follow_request_sent":false,"profile_use_background_image":true,"profile_text_color":"333333","default_profile_image":false,"id":214770574,"profile_background_image_url_https":"https://abs.twimg.com/images/themes/theme1/bg.png","verified":false,"profile_location":null,"profile_image_url_https":"https://pbs.twimg.com/profile_images/378800000710696663/c03c79f7d7d269f7c807f34696c67760_normal.jpeg","profile_sidebar_fill_color":"DDEEF6","entities":{"description":{"urls":[]}},"followers_count":281,"profile_sidebar_border_color":"C0DEED","id_str":"214770574","profile_background_color":"C0DEED","listed_count":6,"is_translation_enabled":false,"utc_offset":39600,"statuses_count":8205,"description":"Semi-professional idiot. Specialising in Sarcasm, A-League, Social Commentary, Sport, food, useless observations, politics,sleep deprivation & local weather.","friends_count":380,"location":"Canberra","profile_link_color":"0084B4","profile_image_url":"http://pbs.twimg.com/profile_images/378800000710696663/c03c79f7d7d269f7c807f34696c67760_normal.jpeg","following":false,"geo_enabled":true,"profile_banner_url":"https://pbs.twimg.com/profile_banners/214770574/1412598890","profile_background_image_url":"http://abs.twimg.com/images/themes/theme1/bg.png","name":"Marko Milinkovic","lang":"en","profile_background_tile":false,"favourites_count":784,"screen_name":"AusLoafer","notifications":false,"url":null,"created_at":"Fri Nov 12 05:29:01 +0000 2010","contributors_enabled":false,"time_zone":"Canberra","protected":false,"default_profile":true,"is_translator":false},"geo":null,"in_reply_to_user_id_str":"129673790","lang":"en","created_at":"Mon Dec 15 00:01:58 +0000 2014","in_reply_to_status_id_str":"544278913883447298","place":null},
{"contributors":null,"truncated":false,"text":"“@ABCNews24: There are reportedly 13 hostages in the siege at Martin Place, Sydney CBD - watch us live for continuous updates” 😮","in_reply_to_status_id":544278913883447298,"id":544281540096569345,"favorite_count":0,"source":"<a href=\"http://twitter.com/download/iphone\" rel=\"nofollow\">Twitter for iPhone</a>","retweeted":false,"coordinates":null,"entities":{"symbols":[],"user_mentions":[{"id":129673790,"indices":[1,11],"id_str":"129673790","screen_name":"ABCNews24","name":"ABC News 24"}],"hashtags":[],"urls":[]},"in_reply_to_screen_name":"ABCNews24","id_str":"544281540096569345","retweet_count":0,"in_reply_to_user_id":129673790,"favorited":false,"user":{"follow_request_sent":false,"profile_use_background_image":true,"profile_text_color":"333333","default_profile_image":false,"id":416088880,"profile_background_image_url_https":"https://pbs.twimg.com/profile_background_images/369418732/GTI_Wakefield_action_shot.jpg","verified":false,"profile_location":null,"profile_image_url_https":"https://pbs.twimg.com/profile_images/378800000746362584/06d41dcd9081e1efd906542b8f522fd3_normal.jpeg","profile_sidebar_fill_color":"DDEEF6","entities":{"url":{"urls":[{"url":"http://t.co/Ltb9PfIG12","indices":[0,22],"expanded_url":"http://linkedin.com/in/ashod","display_url":"linkedin.com/in/ashod"}]},"description":{"urls":[]}},"followers_count":326,"profile_sidebar_border_color":"C0DEED","id_str":"416088880","profile_background_color":"C0DEED","listed_count":22,"is_translation_enabled":false,"utc_offset":39600,"statuses_count":7979,"description":"Founder @navisens. Engineer. Entrepreneur. Technophile. Traveller. Motorcycle enthusiast/rider. Weight trainer. MMA/UFC. Attacking life one corner at a time ;)","friends_count":1140,"location":"Bay Area US / Sydney AU","profile_link_color":"0084B4","profile_image_url":"http://pbs.twimg.com/profile_images/378800000746362584/06d41dcd9081e1efd906542b8f522fd3_normal.jpeg","following":false,"geo_enabled":true,"profile_banner_url":"https://pbs.twimg.com/profile_banners/416088880/1378142674","profile_background_image_url":"http://pbs.twimg.com/profile_background_images/369418732/GTI_Wakefield_action_shot.jpg","name":"Ashod","lang":"en","profile_background_tile":true,"favourites_count":1397,"screen_name":"a_s_h_o_d","notifications":false,"url":"http://t.co/Ltb9PfIG12","created_at":"Sat Nov 19 06:40:52 +0000 2011","contributors_enabled":false,"time_zone":"Sydney","protected":false,"default_profile":false,"is_translator":false},"geo":null,"in_reply_to_user_id_str":"129673790","lang":"en","created_at":"Mon Dec 15 00:03:26 +0000 2014","in_reply_to_status_id_str":"544278913883447298","place":null},
{"contributors":null,"truncated":false,"text":"Spine-chilling.... “@ABCNews24: There are reportedly 13 hostages in the siege at Martin Place, Sydney CBD...”","in_reply_to_status_id":544278913883447298,"id":544281764407947264,"favorite_count":0,"source":"<a href=\"http://twitter.com/download/iphone\" rel=\"nofollow\">Twitter for iPhone</a>","retweeted":false,"coordinates":null,"entities":{"symbols":[],"user_mentions":[{"id":129673790,"indices":[20,30],"id_str":"129673790","screen_name":"ABCNews24","name":"ABC News 24"}],"hashtags":[],"urls":[]},"in_reply_to_screen_name":"ABCNews24","id_str":"544281764407947264","retweet_count":0,"in_reply_to_user_id":129673790,"favorited":false,"user":{"follow_request_sent":false,"profile_use_background_image":true,"profile_text_color":"333333","default_profile_image":false,"id":782153148,"profile_background_image_url_https":"https://abs.twimg.com/images/themes/theme18/bg.gif","verified":false,"profile_location":null,"profile_image_url_https":"https://pbs.twimg.com/profile_images/540365825836736512/AdSdZ1YM_normal.jpeg","profile_sidebar_fill_color":"DDEEF6","entities":{"description":{"urls":[]}},"followers_count":81,"profile_sidebar_border_color":"FFFFFF","id_str":"782153148","profile_background_color":"FFFFFF","listed_count":0,"is_translation_enabled":false,"utc_offset":39600,"statuses_count":185,"description":"Law Student, PR Student, dedicated @BrumbiesRugby fan, never doubts the power of 30 second dance parties and red stilettos.","friends_count":250,"location":"Canberra","profile_link_color":"038543","profile_image_url":"http://pbs.twimg.com/profile_images/540365825836736512/AdSdZ1YM_normal.jpeg","following":false,"geo_enabled":false,"profile_banner_url":"https://pbs.twimg.com/profile_banners/782153148/1417668828","profile_background_image_url":"http://abs.twimg.com/images/themes/theme18/bg.gif","name":"Jena Dobie","lang":"en","profile_background_tile":false,"favourites_count":17,"screen_name":"jena_dobie","notifications":false,"url":null,"created_at":"Sun Aug 26 10:13:32 +0000 2012","contributors_enabled":false,"time_zone":"New Caledonia","protected":false,"default_profile":false,"is_translator":false},"geo":null,"in_reply_to_user_id_str":"129673790","lang":"en","created_at":"Mon Dec 15 00:04:19 +0000 2014","in_reply_to_status_id_str":"544278913883447298","place":null},
{"contributors":null,"truncated":false,"text":"@ABCNews24 very sad!! They must be stopped NOW!!!","in_reply_to_status_id":544278913883447298,"id":544281899141570560,"favorite_count":1,"source":"<a href=\"http://twitter.com/download/android\" rel=\"nofollow\">Twitter for Android</a>","retweeted":false,"coordinates":null,"entities":{"symbols":[],"user_mentions":[{"id":129673790,"indices":[0,10],"id_str":"129673790","screen_name":"ABCNews24","name":"ABC News 24"}],"hashtags":[],"urls":[]},"in_reply_to_screen_name":"ABCNews24","id_str":"544281899141570560","retweet_count":0,"in_reply_to_user_id":129673790,"favorited":false,"user":{"follow_request_sent":false,"profile_use_background_image":true,"profile_text_color":"333333","default_profile_image":false,"id":2650054351,"profile_background_image_url_https":"https://abs.twimg.com/images/themes/theme1/bg.png","verified":false,"profile_location":null,"profile_image_url_https":"https://pbs.twimg.com/profile_images/491160288746405888/soJT0i_6_normal.jpeg","profile_sidebar_fill_color":"DDEEF6","entities":{"description":{"urls":[]}},"followers_count":7,"profile_sidebar_border_color":"C0DEED","id_str":"2650054351","profile_background_color":"C0DEED","listed_count":0,"is_translation_enabled":false,"utc_offset":null,"statuses_count":20,"description":"","friends_count":25,"location":"","profile_link_color":"0084B4","profile_image_url":"http://pbs.twimg.com/profile_images/491160288746405888/soJT0i_6_normal.jpeg","following":false,"geo_enabled":false,"profile_banner_url":"https://pbs.twimg.com/profile_banners/2650054351/1408097795","profile_background_image_url":"http://abs.twimg.com/images/themes/theme1/bg.png","name":"Margaret Chandler","lang":"en","profile_background_tile":false,"favourites_count":18,"screen_name":"Daintree123","notifications":false,"url":null,"created_at":"Wed Jul 16 05:01:04 +0000 2014","contributors_enabled":false,"time_zone":null,"protected":false,"default_profile":true,"is_translator":false},"geo":null,"in_reply_to_user_id_str":"129673790","lang":"en","created_at":"Mon Dec 15 00:04:51 +0000 2014","in_reply_to_status_id_str":"544278913883447298","place":null},
{"contributors":null,"truncated":false,"text":"@ABCNews24 @abcnews the text is in Arabic and it is IS IS flag and the English translation is that what Joe is saying on ABC.","in_reply_to_status_id":544278913883447298,"id":544283474619039744,"favorite_count":0,"source":"<a href=\"http://twitter.com/download/android\" rel=\"nofollow\">Twitter for Android</a>","retweeted":false,"coordinates":null,"entities":{"symbols":[],"user_mentions":[{"id":129673790,"indices":[0,10],"id_str":"129673790","screen_name":"ABCNews24","name":"ABC News 24"},{"id":2768501,"indices":[11,19],"id_str":"2768501","screen_name":"abcnews","name":"ABC News"}],"hashtags":[],"urls":[]},"in_reply_to_screen_name":"ABCNews24","id_str":"544283474619039744","retweet_count":0,"in_reply_to_user_id":129673790,"favorited":false,"user":{"follow_request_sent":false,"profile_use_background_image":true,"profile_text_color":"333333","default_profile_image":false,"id":27406839,"profile_background_image_url_https":"https://abs.twimg.com/images/themes/theme1/bg.png","verified":false,"profile_location":null,"profile_image_url_https":"https://pbs.twimg.com/profile_images/3629183432/dde478fefd182b614d4c8a64f7d61da8_normal.jpeg","profile_sidebar_fill_color":"DDEEF6","entities":{"description":{"urls":[]}},"followers_count":28,"profile_sidebar_border_color":"C0DEED","id_str":"27406839","profile_background_color":"C0DEED","listed_count":0,"is_translation_enabled":false,"utc_offset":null,"statuses_count":138,"description":"","friends_count":40,"location":"sydney","profile_link_color":"0084B4","profile_image_url":"http://pbs.twimg.com/profile_images/3629183432/dde478fefd182b614d4c8a64f7d61da8_normal.jpeg","following":false,"geo_enabled":true,"profile_background_image_url":"http://abs.twimg.com/images/themes/theme1/bg.png","name":"Arif Khan","lang":"en","profile_background_tile":false,"favourites_count":14,"screen_name":"arifhillsider","notifications":false,"url":null,"created_at":"Sun Mar 29 10:17:41 +0000 2009","contributors_enabled":false,"time_zone":null,"protected":false,"default_profile":true,"is_translator":false},"geo":null,"in_reply_to_user_id_str":"129673790","lang":"en","created_at":"Mon Dec 15 00:11:07 +0000 2014","in_reply_to_status_id_str":"544278913883447298","place":null},
{"contributors":null,"truncated":false,"text":"@domknight @ABCNews24 actual number unknown.","in_reply_to_status_id":544279078648283136,"id":544283878467186688,"favorite_count":0,"source":"<a href=\"http://twitter.com/download/android\" rel=\"nofollow\">Twitter for Android</a>","retweeted":false,"coordinates":null,"entities":{"symbols":[],"user_mentions":[{"id":6782812,"indices":[0,10],"id_str":"6782812","screen_name":"domknight","name":"Dom Knight"},{"id":129673790,"indices":[11,21],"id_str":"129673790","screen_name":"ABCNews24","name":"ABC News 24"}],"hashtags":[],"urls":[]},"in_reply_to_screen_name":"domknight","id_str":"544283878467186688","retweet_count":0,"in_reply_to_user_id":6782812,"favorited":false,"user":{"follow_request_sent":false,"profile_use_background_image":true,"profile_text_color":"333333","default_profile_image":false,"id":295070137,"profile_background_image_url_https":"https://abs.twimg.com/images/themes/theme6/bg.gif","verified":false,"profile_location":null,"profile_image_url_https":"https://pbs.twimg.com/profile_images/475897907648815104/UySPEtnz_normal.jpeg","profile_sidebar_fill_color":"A0C5C7","entities":{"url":{"urls":[{"url":"http://t.co/EyrEEBtQhu","indices":[0,22],"expanded_url":"http://www.learningoutloud.net.au","display_url":"learningoutloud.net.au"}]},"description":{"urls":[]}},"followers_count":1041,"profile_sidebar_border_color":"86A4A6","id_str":"295070137","profile_background_color":"709397","listed_count":26,"is_translation_enabled":false,"utc_offset":null,"statuses_count":4532,"description":"Teacher, Student, Storyteller. \r\nProducer & Host of @TERPodcast.\r\nAll posts are opinionated.","friends_count":1659,"location":"Sydney, Australia","profile_link_color":"FF3300","profile_image_url":"http://pbs.twimg.com/profile_images/475897907648815104/UySPEtnz_normal.jpeg","following":false,"geo_enabled":false,"profile_background_image_url":"http://abs.twimg.com/images/themes/theme6/bg.gif","name":"Cameron Malcher","lang":"en","profile_background_tile":false,"favourites_count":1405,"screen_name":"Capitan_Typo","notifications":false,"url":"http://t.co/EyrEEBtQhu","created_at":"Sun May 08 09:29:56 +0000 2011","contributors_enabled":false,"time_zone":null,"protected":false,"default_profile":false,"is_translator":false},"geo":null,"in_reply_to_user_id_str":"6782812","lang":"en","created_at":"Mon Dec 15 00:12:43 +0000 2014","in_reply_to_status_id_str":"544279078648283136","place":null},
{"contributors":null,"truncated":false,"text":"@ABCNews24 this is Australia - I don't feel safe in the country I was born in.","in_reply_to_status_id":544278913883447298,"id":544284450759012352,"favorite_count":0,"source":"<a href=\"http://twitter.com/download/iphone\" rel=\"nofollow\">Twitter for iPhone</a>","retweeted":false,"coordinates":null,"entities":{"symbols":[],"user_mentions":[{"id":129673790,"indices":[0,10],"id_str":"129673790","screen_name":"ABCNews24","name":"ABC News 24"}],"hashtags":[],"urls":[]},"in_reply_to_screen_name":"ABCNews24","id_str":"544284450759012352","retweet_count":0,"in_reply_to_user_id":129673790,"favorited":false,"user":{"follow_request_sent":false,"profile_use_background_image":false,"profile_text_color":"EB6912","default_profile_image":false,"id":107714426,"profile_background_image_url_https":"https://pbs.twimg.com/profile_background_images/437976366223335425/BQ9nls5I.png","verified":false,"profile_location":null,"profile_image_url_https":"https://pbs.twimg.com/profile_images/437974478794915840/VZ2Ny-nJ_normal.jpeg","profile_sidebar_fill_color":"050201","entities":{"url":{"urls":[{"url":"http://t.co/O3sWsjN1pq","indices":[0,22],"expanded_url":"http://accounts.sbd.net.au/members","display_url":"accounts.sbd.net.au/members"}]},"description":{"urls":[]}},"followers_count":94,"profile_sidebar_border_color":"000000","id_str":"107714426","profile_background_color":"FFFFFF","listed_count":3,"is_translation_enabled":false,"utc_offset":36000,"statuses_count":2568,"description":"We are a Cairns based IT Company dealing with Internet Technologies. We where the first local provider in cairns to offer ipv6.","friends_count":63,"location":"Tropical North Queensland","profile_link_color":"3B94D9","profile_image_url":"http://pbs.twimg.com/profile_images/437974478794915840/VZ2Ny-nJ_normal.jpeg","following":false,"geo_enabled":true,"profile_background_image_url":"http://pbs.twimg.com/profile_background_images/437976366223335425/BQ9nls5I.png","name":"Business Web Hosting","lang":"en","profile_background_tile":false,"favourites_count":1,"screen_name":"FNQWebHosting","notifications":false,"url":"http://t.co/O3sWsjN1pq","created_at":"Sat Jan 23 13:36:17 +0000 2010","contributors_enabled":false,"time_zone":"Brisbane","protected":false,"default_profile":false,"is_translator":false},"geo":null,"in_reply_to_user_id_str":"129673790","lang":"en","created_at":"Mon Dec 15 00:15:00 +0000 2014","in_reply_to_status_id_str":"544278913883447298","place":null},
{"contributors":null,"truncated":false,"text":"@ABCNews24 @abcnews","in_reply_to_status_id":544278913883447298,"id":544284657114566656,"favorite_count":0,"source":"<a href=\"http://twitter.com/download/iphone\" rel=\"nofollow\">Twitter for iPhone</a>","retweeted":false,"coordinates":null,"entities":{"symbols":[],"user_mentions":[{"id":129673790,"indices":[0,10],"id_str":"129673790","screen_name":"ABCNews24","name":"ABC News 24"},{"id":2768501,"indices":[11,19],"id_str":"2768501","screen_name":"abcnews","name":"ABC News"}],"hashtags":[],"urls":[]},"in_reply_to_screen_name":"ABCNews24","id_str":"544284657114566656","retweet_count":0,"in_reply_to_user_id":129673790,"favorited":false,"user":{"follow_request_sent":false,"profile_use_background_image":true,"profile_text_color":"333333","default_profile_image":false,"id":174187855,"profile_background_image_url_https":"https://abs.twimg.com/images/themes/theme1/bg.png","verified":false,"profile_location":null,"profile_image_url_https":"https://pbs.twimg.com/profile_images/378800000428972234/719d3d175dc3ef385fde1b36319bd426_normal.jpeg","profile_sidebar_fill_color":"DDEEF6","entities":{"description":{"urls":[]}},"followers_count":3,"profile_sidebar_border_color":"C0DEED","id_str":"174187855","profile_background_color":"C0DEED","listed_count":0,"is_translation_enabled":false,"utc_offset":null,"statuses_count":2,"description":"","friends_count":13,"location":"","profile_link_color":"0084B4","profile_image_url":"http://pbs.twimg.com/profile_images/378800000428972234/719d3d175dc3ef385fde1b36319bd426_normal.jpeg","following":false,"geo_enabled":false,"profile_background_image_url":"http://abs.twimg.com/images/themes/theme1/bg.png","name":"Kevin Tao","lang":"en","profile_background_tile":false,"favourites_count":0,"screen_name":"KevinTaoWei","notifications":false,"url":null,"created_at":"Tue Aug 03 09:22:37 +0000 2010","contributors_enabled":false,"time_zone":null,"protected":false,"default_profile":true,"is_translator":false},"geo":null,"in_reply_to_user_id_str":"129673790","lang":"und","created_at":"Mon Dec 15 00:15:49 +0000 2014","in_reply_to_status_id_str":"544278913883447298","place":null},
{"contributors":null,"truncated":false,"text":"@ABCNews24 sky news are saying the opera house is also been evacuated","in_reply_to_status_id":544278913883447298,"id":544284930205696000,"favorite_count":0,"source":"<a href=\"http://twitter.com/download/iphone\" rel=\"nofollow\">Twitter for iPhone</a>","retweeted":false,"coordinates":null,"entities":{"symbols":[],"user_mentions":[{"id":129673790,"indices":[0,10],"id_str":"129673790","screen_name":"ABCNews24","name":"ABC News 24"}],"hashtags":[],"urls":[]},"in_reply_to_screen_name":"ABCNews24","id_str":"544284930205696000","retweet_count":0,"in_reply_to_user_id":129673790,"favorited":false,"user":{"follow_request_sent":false,"profile_use_background_image":false,"profile_text_color":"EB6912","default_profile_image":false,"id":107714426,"profile_background_image_url_https":"https://pbs.twimg.com/profile_background_images/437976366223335425/BQ9nls5I.png","verified":false,"profile_location":null,"profile_image_url_https":"https://pbs.twimg.com/profile_images/437974478794915840/VZ2Ny-nJ_normal.jpeg","profile_sidebar_fill_color":"050201","entities":{"url":{"urls":[{"url":"http://t.co/O3sWsjN1pq","indices":[0,22],"expanded_url":"http://accounts.sbd.net.au/members","display_url":"accounts.sbd.net.au/members"}]},"description":{"urls":[]}},"followers_count":94,"profile_sidebar_border_color":"000000","id_str":"107714426","profile_background_color":"FFFFFF","listed_count":3,"is_translation_enabled":false,"utc_offset":36000,"statuses_count":2568,"description":"We are a Cairns based IT Company dealing with Internet Technologies. We where the first local provider in cairns to offer ipv6.","friends_count":63,"location":"Tropical North Queensland","profile_link_color":"3B94D9","profile_image_url":"http://pbs.twimg.com/profile_images/437974478794915840/VZ2Ny-nJ_normal.jpeg","following":false,"geo_enabled":true,"profile_background_image_url":"http://pbs.twimg.com/profile_background_images/437976366223335425/BQ9nls5I.png","name":"Business Web Hosting","lang":"en","profile_background_tile":false,"favourites_count":1,"screen_name":"FNQWebHosting","notifications":false,"url":"http://t.co/O3sWsjN1pq","created_at":"Sat Jan 23 13:36:17 +0000 2010","contributors_enabled":false,"time_zone":"Brisbane","protected":false,"default_profile":false,"is_translator":false},"geo":null,"in_reply_to_user_id_str":"129673790","lang":"en","created_at":"Mon Dec 15 00:16:54 +0000 2014","in_reply_to_status_id_str":"544278913883447298","place":null},
{"contributors":null,"truncated":false,"text":"#Australia Latest on hostage situation according to @ABCNews24: Reportedly 13 hostages in the siege at #MartinPlace #Sydney CBD","in_reply_to_status_id":544278913883447298,"id":544287025260929024,"favorite_count":0,"source":"<a href=\"http://twitter.com/#!/download/ipad\" rel=\"nofollow\">Twitter for iPad</a>","retweeted":false,"coordinates":null,"entities":{"symbols":[],"user_mentions":[{"id":129673790,"indices":[52,62],"id_str":"129673790","screen_name":"ABCNews24","name":"ABC News 24"}],"hashtags":[{"indices":[0,10],"text":"Australia"},{"indices":[103,115],"text":"MartinPlace"},{"indices":[116,123],"text":"Sydney"}],"urls":[]},"in_reply_to_screen_name":"ABCNews24","id_str":"544287025260929024","retweet_count":0,"in_reply_to_user_id":129673790,"favorited":false,"user":{"follow_request_sent":false,"profile_use_background_image":true,"profile_text_color":"333333","default_profile_image":false,"id":325747234,"profile_background_image_url_https":"https://pbs.twimg.com/profile_background_images/279722254/1310green.jpg","verified":false,"profile_location":null,"profile_image_url_https":"https://pbs.twimg.com/profile_images/576026881826418689/Jo9jTa_n_normal.jpeg","profile_sidebar_fill_color":"DDEEF6","entities":{"url":{"urls":[{"url":"http://t.co/P997zHRrji","indices":[0,22],"expanded_url":"http://www.1310news.com","display_url":"1310news.com"}]},"description":{"urls":[]}},"followers_count":4849,"profile_sidebar_border_color":"000000","id_str":"325747234","profile_background_color":"278F0D","listed_count":68,"is_translation_enabled":false,"utc_offset":-18000,"statuses_count":13496,"description":"News Anchor @1310News - @Sportsnet Radio - Rogers Media (From Cape Breton Island)","friends_count":679,"location":"Ottawa, Ontario, Canada","profile_link_color":"07780F","profile_image_url":"http://pbs.twimg.com/profile_images/576026881826418689/Jo9jTa_n_normal.jpeg","following":false,"geo_enabled":false,"profile_banner_url":"https://pbs.twimg.com/profile_banners/325747234/1415306530","profile_background_image_url":"http://pbs.twimg.com/profile_background_images/279722254/1310green.jpg","name":"Mark Day","lang":"en","profile_background_tile":true,"favourites_count":997,"screen_name":"1310NewsDay","notifications":false,"url":"http://t.co/P997zHRrji","created_at":"Tue Jun 28 20:10:26 +0000 2011","contributors_enabled":false,"time_zone":"Eastern Time (US & Canada)","protected":false,"default_profile":false,"is_translator":false},"geo":null,"in_reply_to_user_id_str":"129673790","lang":"en","created_at":"Mon Dec 15 00:25:13 +0000 2014","in_reply_to_status_id_str":"544278913883447298","place":null},
{"contributors":null,"truncated":false,"text":"@SarahThomsonAU  Im sorry, but they are also individual humans that don't need to be related to someone to be important.","in_reply_to_status_id":544279079696863232,"id":544289324900950016,"favorite_count":1,"source":"<a href=\"http://twitter.com\" rel=\"nofollow\">Twitter Web Client</a>","retweeted":false,"coordinates":null,"entities":{"symbols":[],"user_mentions":[{"id":498305247,"indices":[0,15],"id_str":"498305247","screen_name":"SarahThomsonAU","name":"Sarah Thomson"}],"hashtags":[],"urls":[]},"in_reply_to_screen_name":"SarahThomsonAU","id_str":"544289324900950016","retweet_count":0,"in_reply_to_user_id":498305247,"favorited":false,"user":{"follow_request_sent":false,"profile_use_background_image":true,"profile_text_color":"333333","default_profile_image":false,"id":528515668,"profile_background_image_url_https":"https://pbs.twimg.com/profile_background_images/462235503136239616/GmUvXtM5.jpeg","verified":false,"profile_location":null,"profile_image_url_https":"https://pbs.twimg.com/profile_images/540384513390424065/hcTrDNmk_normal.png","profile_sidebar_fill_color":"DDEEF6","entities":{"url":{"urls":[{"url":"http://t.co/sJTLXEEdlQ","indices":[0,22],"expanded_url":"http://www.jennycuthbert.id.au","display_url":"jennycuthbert.id.au"}]},"description":{"urls":[]}},"followers_count":118,"profile_sidebar_border_color":"FFFFFF","id_str":"528515668","profile_background_color":"090A0A","listed_count":1,"is_translation_enabled":false,"utc_offset":39600,"statuses_count":121,"description":"Artist/Wannabe Academic/Indignant Activist","friends_count":254,"location":"Sydney","profile_link_color":"D18E8A","profile_image_url":"http://pbs.twimg.com/profile_images/540384513390424065/hcTrDNmk_normal.png","following":false,"geo_enabled":false,"profile_banner_url":"https://pbs.twimg.com/profile_banners/528515668/1417672787","profile_background_image_url":"http://pbs.twimg.com/profile_background_images/462235503136239616/GmUvXtM5.jpeg","name":"Jenny Cuthbert","lang":"en","profile_background_tile":false,"favourites_count":44,"screen_name":"leechius","notifications":false,"url":"http://t.co/sJTLXEEdlQ","created_at":"Sun Mar 18 13:28:13 +0000 2012","contributors_enabled":false,"time_zone":"Sydney","protected":false,"default_profile":false,"is_translator":false},"geo":null,"in_reply_to_user_id_str":"498305247","lang":"en","created_at":"Mon Dec 15 00:34:22 +0000 2014","in_reply_to_status_id_str":"544279079696863232","place":null},
{"contributors":null,"truncated":false,"text":"@FNQWebHosting The @ABCNews24must now report truth about IS.No more SugarCoatingEvil.&amp;how about supporting Gov instead of encouraging this!","in_reply_to_status_id":544284450759012352,"id":544290774007828482,"favorite_count":0,"source":"<a href=\"http://twitter.com/download/android\" rel=\"nofollow\">Twitter for Android</a>","retweeted":false,"coordinates":null,"entities":{"symbols":[],"user_mentions":[{"id":107714426,"indices":[0,14],"id_str":"107714426","screen_name":"FNQWebHosting","name":"Business Web Hosting"}],"hashtags":[],"urls":[]},"in_reply_to_screen_name":"FNQWebHosting","id_str":"544290774007828482","retweet_count":0,"in_reply_to_user_id":107714426,"favorited":false,"user":{"follow_request_sent":false,"profile_use_background_image":true,"profile_text_color":"333333","default_profile_image":false,"id":520063574,"profile_background_image_url_https":"https://abs.twimg.com/images/themes/theme1/bg.png","verified":false,"profile_location":null,"profile_image_url_https":"https://pbs.twimg.com/profile_images/588902179617931264/4ADDbY3L_normal.jpg","profile_sidebar_fill_color":"DDEEF6","entities":{"description":{"urls":[]}},"followers_count":304,"profile_sidebar_border_color":"C0DEED","id_str":"520063574","profile_background_color":"C0DEED","listed_count":8,"is_translation_enabled":false,"utc_offset":37800,"statuses_count":6874,"description":"LNP voter and support MOST policies. Dislike corruption eg  ALP, ABC and most other media coverups.","friends_count":261,"location":"Australia","profile_link_color":"0084B4","profile_image_url":"http://pbs.twimg.com/profile_images/588902179617931264/4ADDbY3L_normal.jpg","following":false,"geo_enabled":true,"profile_background_image_url":"http://abs.twimg.com/images/themes/theme1/bg.png","name":"jdk","lang":"en","profile_background_tile":false,"favourites_count":411,"screen_name":"marjonnat","notifications":false,"url":null,"created_at":"Sat Mar 10 03:48:11 +0000 2012","contributors_enabled":false,"time_zone":"Adelaide","protected":false,"default_profile":true,"is_translator":false},"geo":null,"in_reply_to_user_id_str":"107714426","lang":"en","created_at":"Mon Dec 15 00:40:07 +0000 2014","in_reply_to_status_id_str":"544284450759012352","place":null},
{"contributors":null,"truncated":false,"text":"@leechius What I meant was - their family could be watching and find it deeply distressing.","in_reply_to_status_id":544289324900950016,"id":544292617471528960,"favorite_count":0,"source":"<a href=\"http://twitter.com\" rel=\"nofollow\">Twitter Web Client</a>","retweeted":false,"coordinates":null,"entities":{"symbols":[],"user_mentions":[{"id":528515668,"indices":[0,9],"id_str":"528515668","screen_name":"leechius","name":"Jenny Cuthbert"}],"hashtags":[],"urls":[]},"in_reply_to_screen_name":"leechius","id_str":"544292617471528960","retweet_count":0,"in_reply_to_user_id":528515668,"favorited":false,"user":{"follow_request_sent":false,"profile_use_background_image":true,"profile_text_color":"696969","default_profile_image":false,"id":498305247,"profile_background_image_url_https":"https://pbs.twimg.com/profile_background_images/378800000042900979/9713df7343cbde9c94a4de2193db2478.jpeg","verified":false,"profile_location":null,"profile_image_url_https":"https://pbs.twimg.com/profile_images/3071760528/1d66723fb2e80739e5a44eb2dd86a0b8_normal.jpeg","profile_sidebar_fill_color":"000000","entities":{"url":{"urls":[{"url":"http://t.co/L7xjiCzugT","indices":[0,22],"expanded_url":"http://onlinesocialbutterfly.com.au","display_url":"onlinesocialbutterfly.com.au"}]},"description":{"urls":[]}},"followers_count":1559,"profile_sidebar_border_color":"696969","id_str":"498305247","profile_background_color":"FFFFFF","listed_count":21,"is_translation_enabled":false,"utc_offset":28800,"statuses_count":1414,"description":"Super woman without the cape. Social media professional and owner of Online Social Butterfly. Slave to 2 little boys and 1xIT mad hubby. Trying to do it all","friends_count":1063,"location":"Perth, Australia","profile_link_color":"363636","profile_image_url":"http://pbs.twimg.com/profile_images/3071760528/1d66723fb2e80739e5a44eb2dd86a0b8_normal.jpeg","following":false,"geo_enabled":false,"profile_banner_url":"https://pbs.twimg.com/profile_banners/498305247/1398495475","profile_background_image_url":"http://pbs.twimg.com/profile_background_images/378800000042900979/9713df7343cbde9c94a4de2193db2478.jpeg","name":"Sarah Thomson","lang":"en","profile_background_tile":false,"favourites_count":34,"screen_name":"SarahThomsonAU","notifications":false,"url":"http://t.co/L7xjiCzugT","created_at":"Mon Feb 20 22:19:13 +0000 2012","contributors_enabled":false,"time_zone":"Perth","protected":false,"default_profile":false,"is_translator":false},"geo":null,"in_reply_to_user_id_str":"528515668","lang":"en","created_at":"Mon Dec 15 00:47:27 +0000 2014","in_reply_to_status_id_str":"544289324900950016","place":null},
{"contributors":null,"truncated":false,"text":"@SarahThomsonAU @ABCNews24 What about the men, that's very ABC of you","in_reply_to_status_id":544279079696863232,"id":544793552253747200,"favorite_count":0,"source":"<a href=\"https://twitter.com/download/android\" rel=\"nofollow\">Twitter for Android Tablets</a>","retweeted":false,"coordinates":null,"entities":{"symbols":[],"user_mentions":[{"id":498305247,"indices":[0,15],"id_str":"498305247","screen_name":"SarahThomsonAU","name":"Sarah Thomson"},{"id":129673790,"indices":[16,26],"id_str":"129673790","screen_name":"ABCNews24","name":"ABC News 24"}],"hashtags":[],"urls":[]},"in_reply_to_screen_name":"SarahThomsonAU","id_str":"544793552253747200","retweet_count":0,"in_reply_to_user_id":498305247,"favorited":false,"user":{"follow_request_sent":false,"profile_use_background_image":false,"profile_text_color":"333333","default_profile_image":false,"id":74412880,"profile_background_image_url_https":"https://pbs.twimg.com/profile_background_images/550736050/1327651204516.jpg","verified":false,"profile_location":null,"profile_image_url_https":"https://pbs.twimg.com/profile_images/544752957648941058/vFHekVkM_normal.jpeg","profile_sidebar_fill_color":"DDEEF6","entities":{"description":{"urls":[]}},"followers_count":28,"profile_sidebar_border_color":"C0DEED","id_str":"74412880","profile_background_color":"C1EBCE","listed_count":0,"is_translation_enabled":false,"utc_offset":36000,"statuses_count":214,"description":"Exposing the left out facts","friends_count":100,"location":"Brisbane","profile_link_color":"DD2E44","profile_image_url":"http://pbs.twimg.com/profile_images/544752957648941058/vFHekVkM_normal.jpeg","following":false,"geo_enabled":false,"profile_background_image_url":"http://pbs.twimg.com/profile_background_images/550736050/1327651204516.jpg","name":"I know it's a fact","lang":"en","profile_background_tile":false,"favourites_count":12,"screen_name":"Saint_Crispain","notifications":false,"url":null,"created_at":"Tue Sep 15 10:07:05 +0000 2009","contributors_enabled":false,"time_zone":"Brisbane","protected":false,"default_profile":false,"is_translator":false},"geo":null,"in_reply_to_user_id_str":"498305247","lang":"en","created_at":"Tue Dec 16 09:57:59 +0000 2014","in_reply_to_status_id_str":"544279079696863232","place":null},
{"contributors":null,"truncated":false,"text":"@Saint_Crispain @ABCNews24 The images that were being shown yesterday were only of females. Probably not so relevant today anyhow.","in_reply_to_status_id":544793552253747200,"id":544796754013483008,"favorite_count":0,"source":"<a href=\"http://twitter.com\" rel=\"nofollow\">Twitter Web Client</a>","retweeted":false,"coordinates":null,"entities":{"symbols":[],"user_mentions":[{"id":74412880,"indices":[0,15],"id_str":"74412880","screen_name":"Saint_Crispain","name":"I know it's a fact"},{"id":129673790,"indices":[16,26],"id_str":"129673790","screen_name":"ABCNews24","name":"ABC News 24"}],"hashtags":[],"urls":[]},"in_reply_to_screen_name":"Saint_Crispain","id_str":"544796754013483008","retweet_count":0,"in_reply_to_user_id":74412880,"favorited":false,"user":{"follow_request_sent":false,"profile_use_background_image":true,"profile_text_color":"696969","default_profile_image":false,"id":498305247,"profile_background_image_url_https":"https://pbs.twimg.com/profile_background_images/378800000042900979/9713df7343cbde9c94a4de2193db2478.jpeg","verified":false,"profile_location":null,"profile_image_url_https":"https://pbs.twimg.com/profile_images/3071760528/1d66723fb2e80739e5a44eb2dd86a0b8_normal.jpeg","profile_sidebar_fill_color":"000000","entities":{"url":{"urls":[{"url":"http://t.co/L7xjiCzugT","indices":[0,22],"expanded_url":"http://onlinesocialbutterfly.com.au","display_url":"onlinesocialbutterfly.com.au"}]},"description":{"urls":[]}},"followers_count":1559,"profile_sidebar_border_color":"696969","id_str":"498305247","profile_background_color":"FFFFFF","listed_count":21,"is_translation_enabled":false,"utc_offset":28800,"statuses_count":1414,"description":"Super woman without the cape. Social media professional and owner of Online Social Butterfly. Slave to 2 little boys and 1xIT mad hubby. Trying to do it all","friends_count":1063,"location":"Perth, Australia","profile_link_color":"363636","profile_image_url":"http://pbs.twimg.com/profile_images/3071760528/1d66723fb2e80739e5a44eb2dd86a0b8_normal.jpeg","following":false,"geo_enabled":false,"profile_banner_url":"https://pbs.twimg.com/profile_banners/498305247/1398495475","profile_background_image_url":"http://pbs.twimg.com/profile_background_images/378800000042900979/9713df7343cbde9c94a4de2193db2478.jpeg","name":"Sarah Thomson","lang":"en","profile_background_tile":false,"favourites_count":34,"screen_name":"SarahThomsonAU","notifications":false,"url":"http://t.co/L7xjiCzugT","created_at":"Mon Feb 20 22:19:13 +0000 2012","contributors_enabled":false,"time_zone":"Perth","protected":false,"default_profile":false,"is_translator":false},"geo":null,"in_reply_to_user_id_str":"74412880","lang":"en","created_at":"Tue Dec 16 10:10:42 +0000 2014","in_reply_to_status_id_str":"544793552253747200","place":null},
{"contributors":null,"truncated":false,"text":"@SarahThomsonAU @ABCNews24  I think at present the ABC should do all it can to report facts in a balanced fashion.","in_reply_to_status_id":544796754013483008,"id":544804997586640896,"favorite_count":0,"source":"<a href=\"https://twitter.com/download/android\" rel=\"nofollow\">Twitter for Android Tablets</a>","retweeted":false,"coordinates":null,"entities":{"symbols":[],"user_mentions":[{"id":498305247,"indices":[0,15],"id_str":"498305247","screen_name":"SarahThomsonAU","name":"Sarah Thomson"},{"id":129673790,"indices":[16,26],"id_str":"129673790","screen_name":"ABCNews24","name":"ABC News 24"}],"hashtags":[],"urls":[]},"in_reply_to_screen_name":"SarahThomsonAU","id_str":"544804997586640896","retweet_count":0,"in_reply_to_user_id":498305247,"favorited":false,"user":{"follow_request_sent":false,"profile_use_background_image":false,"profile_text_color":"333333","default_profile_image":false,"id":74412880,"profile_background_image_url_https":"https://pbs.twimg.com/profile_background_images/550736050/1327651204516.jpg","verified":false,"profile_location":null,"profile_image_url_https":"https://pbs.twimg.com/profile_images/544752957648941058/vFHekVkM_normal.jpeg","profile_sidebar_fill_color":"DDEEF6","entities":{"description":{"urls":[]}},"followers_count":28,"profile_sidebar_border_color":"C0DEED","id_str":"74412880","profile_background_color":"C1EBCE","listed_count":0,"is_translation_enabled":false,"utc_offset":36000,"statuses_count":214,"description":"Exposing the left out facts","friends_count":100,"location":"Brisbane","profile_link_color":"DD2E44","profile_image_url":"http://pbs.twimg.com/profile_images/544752957648941058/vFHekVkM_normal.jpeg","following":false,"geo_enabled":false,"profile_background_image_url":"http://pbs.twimg.com/profile_background_images/550736050/1327651204516.jpg","name":"I know it's a fact","lang":"en","profile_background_tile":false,"favourites_count":12,"screen_name":"Saint_Crispain","notifications":false,"url":null,"created_at":"Tue Sep 15 10:07:05 +0000 2009","contributors_enabled":false,"time_zone":"Brisbane","protected":false,"default_profile":false,"is_translator":false},"geo":null,"in_reply_to_user_id_str":"498305247","lang":"en","created_at":"Tue Dec 16 10:43:28 +0000 2014","in_reply_to_status_id_str":"544796754013483008","place":null}
]