[{"contributors":null,"truncated":false,"text":"@SkyNewsAust @campricenews BREAKING NEWS: Muslim leaders condemn @sydneyseige ... Oh yeah that would never happen!!!","in_reply_to_status_id":544282714237448192,"id":544283351087988736,"favorite_count":1,"source":"<a href=\"http://twitter.com/#!/download/ipad\" rel=\"nofollow\">Twitter for iPad</a>","retweeted":false,"coordinates":null,"entities":{"symbols":[],"user_mentions":[{"id":16834659,"indices":[0,12],"id_str":"16834659","screen_name":"SkyNewsAust","name":"Sky News Australia"},{"id":24796875,"indices":[13,26],"id_str":"24796875","screen_name":"campricenews","name":"Cameron Price"},{"id":2930935422,"indices":[65,77],"id_str":"2930935422","screen_name":"SydneySeige","name":"#SydneySeige"}],"hashtags":[],"urls":[]},"in_reply_to_screen_name":"SkyNewsAust","id_str":"544283351087988736","retweet_count":0,"in_reply_to_user_id":16834659,"favorited":false,"user":{"follow_request_sent":false,"profile_use_background_image":true,"profile_text_color":"333333","default_profile_image":false,"id":43016053,"profile_background_image_url_https":"https://abs.twimg.com/images/themes/theme1/bg.png","verified":false,"profile_location":null,"profile_image_url_https":"https://pbs.twimg.com/profile_images/2843967358/81cd8152e8938f32c7b62fb2d4dd47af_normal.jpeg","profile_sidebar_fill_color":"DDEEF6","entities":{"url":{"urls":[{"url":"http://t.co/EwaiSRZ2cO","indices":[0,22],"expanded_url":"http://www.YouRelaxMassage.com.au","display_url":"YouRelaxMassage.com.au"}]},"description":{"urls":[{"url":"http://t.co/VDWs0D3se7","indices":[34,56],"expanded_url":"http://BlankLabels.com.au","display_url":"BlankLabels.com.au"}]}},"followers_count":63,"profile_sidebar_border_color":"C0DEED","id_str":"43016053","profile_background_color":"C0DEED","listed_count":3,"is_translation_enabled":false,"utc_offset":39600,"statuses_count":235,"description":"Business Entrepreneur, Founder of http://t.co/VDWs0D3se7 Pty Ltd and You Relax Massage. Author of Don't Waste Your Divorce. Father of three.","friends_count":297,"location":"Bentleigh VIC AUSTRALIA","profile_link_color":"0084B4","profile_image_url":"http://pbs.twimg.com/profile_images/2843967358/81cd8152e8938f32c7b62fb2d4dd47af_normal.jpeg","following":false,"geo_enabled":true,"profile_banner_url":"https://pbs.twimg.com/profile_banners/43016053/1400892219","profile_background_image_url":"http://abs.twimg.com/images/themes/theme1/bg.png","name":"Alex van der End","lang":"en","profile_background_tile":false,"favourites_count":19,"screen_name":"McLexy","notifications":false,"url":"http://t.co/EwaiSRZ2cO","created_at":"Thu May 28 01:27:38 +0000 2009","contributors_enabled":false,"time_zone":"Melbourne","protected":false,"default_profile":true,"is_translator":false},"geo":null,"in_reply_to_user_id_str":"16834659","lang":"en","created_at":"Mon Dec 15 00:10:37 +0000 2014","in_reply_to_status_id_str":"544282714237448192","place":null},
{"contributors":null,"truncated":false,"text":"@SkyNewsAust had to share this on my @RebelMouse. Thank you! http://t.co/JoY7a9HtBn","in_reply_to_status_id":544282714237448192,"id":544284215979036672,"favorite_count":0,"source":"<a href=\"http://www.rebelmouse.com\" rel=\"nofollow\">RebelMouse Application</a>","retweeted":false,"coordinates":null,"entities":{"symbols":[],"user_mentions":[{"id":16834659,"indices":[0,12],"id_str":"16834659","screen_name":"SkyNewsAust","name":"Sky News Australia"},{"id":341251022,"indices":[37,48],"id_str":"341251022","screen_name":"RebelMouse","name":"RebelMouse"}],"hashtags":[],"urls":[{"url":"http://t.co/JoY7a9HtBn","indices":[61,83],"expanded_url":"http://rbl.ms/1Axz2Ai","display_url":"rbl.ms/1Axz2Ai"}]},"in_reply_to_screen_name":"SkyNewsAust","id_str":"544284215979036672","retweet_count":0,"in_reply_to_user_id":16834659,"favorited":false,"user":{"follow_request_sent":false,"profile_use_background_image":true,"profile_text_color":"333333","default_profile_image":false,"id":401710943,"profile_background_image_url_https":"https://pbs.twimg.com/profile_background_images/371014755/298082_213129085425389_100001848962894_553446_1582504912_n_-_Copy.jpg","verified":false,"profile_location":null,"profile_image_url_https":"https://pbs.twimg.com/profile_images/378800000021383104/80acdc938be8747ff9edfe072c28c31b_normal.png","profile_sidebar_fill_color":"F6F6F6","entities":{"url":{"urls":[{"url":"http://t.co/y2QgLqYwL4","indices":[0,22],"expanded_url":"http://about.me/markkirshner","display_url":"about.me/markkirshner"}]},"description":{"urls":[{"url":"http://t.co/veJ4VxKmu7","indices":[76,98],"expanded_url":"http://pinterest.com/markgkirshner","display_url":"pinterest.com/markgkirshner"},{"url":"https://t.co/tdAFudkoRH","indices":[102,125],"expanded_url":"https://markgeoffreykirshner.wordpress.com","display_url":"markgeoffreykirshner.wordpress.com"},{"url":"http://t.co/Y3Z4waGRW4","indices":[129,151],"expanded_url":"http://instagram.com/markgkirshner/","display_url":"instagram.com/markgkirshner/"}]}},"followers_count":152163,"profile_sidebar_border_color":"000000","id_str":"401710943","profile_background_color":"ACDED6","listed_count":762,"is_translation_enabled":false,"utc_offset":-18000,"statuses_count":585629,"description":"#Art #Music #Law #vaw #UN #HeForShe #Interfaith #Iran #Egypt #Spirituality. http://t.co/veJ4VxKmu7  . https://t.co/tdAFudkoRH .  http://t.co/Y3Z4waGRW4  .","friends_count":125060,"location":"NY","profile_link_color":"038543","profile_image_url":"http://pbs.twimg.com/profile_images/378800000021383104/80acdc938be8747ff9edfe072c28c31b_normal.png","following":false,"geo_enabled":true,"profile_banner_url":"https://pbs.twimg.com/profile_banners/401710943/1398218275","profile_background_image_url":"http://pbs.twimg.com/profile_background_images/371014755/298082_213129085425389_100001848962894_553446_1582504912_n_-_Copy.jpg","name":"MarkGeoffreyKirshner","lang":"en","profile_background_tile":true,"favourites_count":125481,"screen_name":"MarkGKirshner","notifications":false,"url":"http://t.co/y2QgLqYwL4","created_at":"Sun Oct 30 23:47:06 +0000 2011","contributors_enabled":false,"time_zone":"Eastern Time (US & Canada)","protected":false,"default_profile":false,"is_translator":false},"geo":null,"in_reply_to_user_id_str":"16834659","possibly_sensitive":false,"lang":"en","created_at":"Mon Dec 15 00:14:04 +0000 2014","in_reply_to_status_id_str":"544282714237448192","place":null},
{"contributors":null,"truncated":false,"text":"@SkyNewsAust @campricenews This is a wake up call to Aus.","in_reply_to_status_id":544282714237448192,"id":544284442907267072,"favorite_count":0,"source":"<a href=\"http://twitter.com/download/iphone\" rel=\"nofollow\">Twitter for iPhone</a>","retweeted":false,"coordinates":null,"entities":{"symbols":[],"user_mentions":[{"id":16834659,"indices":[0,12],"id_str":"16834659","screen_name":"SkyNewsAust","name":"Sky News Australia"},{"id":24796875,"indices":[13,26],"id_str":"24796875","screen_name":"campricenews","name":"Cameron Price"}],"hashtags":[],"urls":[]},"in_reply_to_screen_name":"SkyNewsAust","id_str":"544284442907267072","retweet_count":0,"in_reply_to_user_id":16834659,"favorited":false,"user":{"follow_request_sent":false,"profile_use_background_image":true,"profile_text_color":"3C3940","default_profile_image":false,"id":467325023,"profile_background_image_url_https":"https://abs.twimg.com/images/themes/theme4/bg.gif","verified":false,"profile_location":null,"profile_image_url_https":"https://pbs.twimg.com/profile_images/1763740941/Dog-4886_normal.jpg","profile_sidebar_fill_color":"95E8EC","entities":{"description":{"urls":[]}},"followers_count":500,"profile_sidebar_border_color":"5ED4DC","id_str":"467325023","profile_background_color":"0099B9","listed_count":11,"is_translation_enabled":false,"utc_offset":39600,"statuses_count":3278,"description":"Newshound, commentator, watchdog protecting the truth, fighting for the underdog. Supporting Israel's right to exist as a Jewish homeland.","friends_count":1339,"location":"Melbourne, Australia","profile_link_color":"0099B9","profile_image_url":"http://pbs.twimg.com/profile_images/1763740941/Dog-4886_normal.jpg","following":false,"geo_enabled":true,"profile_background_image_url":"http://abs.twimg.com/images/themes/theme4/bg.gif","name":"Duke Kelev","lang":"en","profile_background_tile":false,"favourites_count":15,"screen_name":"Dukelev","notifications":false,"url":null,"created_at":"Wed Jan 18 10:40:42 +0000 2012","contributors_enabled":false,"time_zone":"New Caledonia","protected":false,"default_profile":false,"is_translator":false},"geo":null,"in_reply_to_user_id_str":"16834659","lang":"en","created_at":"Mon Dec 15 00:14:58 +0000 2014","in_reply_to_status_id_str":"544282714237448192","place":null},
{"contributors":null,"truncated":false,"text":"@SkyNewsAust @campricenews this is terrible news","in_reply_to_status_id":544282714237448192,"id":544287270484725760,"favorite_count":0,"source":"<a href=\"http://twitter.com/download/iphone\" rel=\"nofollow\">Twitter for iPhone</a>","retweeted":false,"coordinates":null,"entities":{"symbols":[],"user_mentions":[{"id":16834659,"indices":[0,12],"id_str":"16834659","screen_name":"SkyNewsAust","name":"Sky News Australia"},{"id":24796875,"indices":[13,26],"id_str":"24796875","screen_name":"campricenews","name":"Cameron Price"}],"hashtags":[],"urls":[]},"in_reply_to_screen_name":"SkyNewsAust","id_str":"544287270484725760","retweet_count":0,"in_reply_to_user_id":16834659,"favorited":false,"user":{"follow_request_sent":false,"profile_use_background_image":true,"profile_text_color":"3E4415","default_profile_image":false,"id":24091187,"profile_background_image_url_https":"https://abs.twimg.com/images/themes/theme5/bg.gif","verified":false,"profile_location":null,"profile_image_url_https":"https://pbs.twimg.com/profile_images/496146314262896640/N5rfhGuV_normal.jpeg","profile_sidebar_fill_color":"99CC33","entities":{"description":{"urls":[]}},"followers_count":37,"profile_sidebar_border_color":"829D5E","id_str":"24091187","profile_background_color":"352726","listed_count":1,"is_translation_enabled":false,"utc_offset":39600,"statuses_count":743,"description":"","friends_count":226,"location":"Hobart TAS","profile_link_color":"D02B55","profile_image_url":"http://pbs.twimg.com/profile_images/496146314262896640/N5rfhGuV_normal.jpeg","following":false,"geo_enabled":false,"profile_banner_url":"https://pbs.twimg.com/profile_banners/24091187/1407125478","profile_background_image_url":"http://abs.twimg.com/images/themes/theme5/bg.gif","name":"Kristian Lauer","lang":"en","profile_background_tile":false,"favourites_count":89,"screen_name":"kristo1","notifications":false,"url":null,"created_at":"Fri Mar 13 01:06:14 +0000 2009","contributors_enabled":false,"time_zone":"Hobart","protected":false,"default_profile":false,"is_translator":false},"geo":null,"in_reply_to_user_id_str":"16834659","lang":"en","created_at":"Mon Dec 15 00:26:12 +0000 2014","in_reply_to_status_id_str":"544282714237448192","place":null},
{"contributors":null,"truncated":false,"text":"MT @SkyNewsAust: @campricenews at the scene of the #sydneysiege. Live now on Sky News + http://t.co/WZofnkePFs\nhttps://t.co/rj1IIvNui2","in_reply_to_status_id":544282714237448192,"id":544292599264456704,"favorite_count":0,"source":"<a href=\"http://twitter.com/download/iphone\" rel=\"nofollow\">Twitter for iPhone</a>","retweeted":false,"coordinates":null,"entities":{"symbols":[],"user_mentions":[{"id":16834659,"indices":[3,15],"id_str":"16834659","screen_name":"SkyNewsAust","name":"Sky News Australia"},{"id":24796875,"indices":[17,30],"id_str":"24796875","screen_name":"campricenews","name":"Cameron Price"}],"hashtags":[{"indices":[51,63],"text":"sydneysiege"}],"urls":[{"url":"http://t.co/WZofnkePFs","indices":[88,110],"expanded_url":"http://bit.ly/1AxykTB","display_url":"bit.ly/1AxykTB"},{"url":"https://t.co/rj1IIvNui2","indices":[111,134],"expanded_url":"https://amp.twimg.com/v/78c66690-24ab-4307-b241-e6de87a2427a","display_url":"amp.twimg.com/v/78c66690-24a…"}]},"in_reply_to_screen_name":"SkyNewsAust","id_str":"544292599264456704","retweet_count":0,"in_reply_to_user_id":16834659,"favorited":false,"user":{"follow_request_sent":false,"profile_use_background_image":true,"profile_text_color":"333333","default_profile_image":false,"id":30777209,"profile_background_image_url_https":"https://pbs.twimg.com/profile_background_images/378800000094020284/2a8c6dd4c0c496278905a29c605216f5.jpeg","verified":false,"profile_location":null,"profile_image_url_https":"https://pbs.twimg.com/profile_images/583642387081203712/qabZXafB_normal.jpg","profile_sidebar_fill_color":"EFEFEF","entities":{"description":{"urls":[]}},"followers_count":776,"profile_sidebar_border_color":"FFFFFF","id_str":"30777209","profile_background_color":"131516","listed_count":22,"is_translation_enabled":false,"utc_offset":-18000,"statuses_count":14227,"description":"@7News | @EmersonCollege alum | Opinions are my own","friends_count":1287,"location":"Boston","profile_link_color":"009999","profile_image_url":"http://pbs.twimg.com/profile_images/583642387081203712/qabZXafB_normal.jpg","following":false,"geo_enabled":true,"profile_banner_url":"https://pbs.twimg.com/profile_banners/30777209/1406656081","profile_background_image_url":"http://pbs.twimg.com/profile_background_images/378800000094020284/2a8c6dd4c0c496278905a29c605216f5.jpeg","name":"Mike Saccone","lang":"en","profile_background_tile":false,"favourites_count":438,"screen_name":"mikesacconetv","notifications":false,"url":null,"created_at":"Mon Apr 13 01:50:59 +0000 2009","contributors_enabled":false,"time_zone":"Eastern Time (US & Canada)","protected":false,"default_profile":false,"is_translator":false},"geo":null,"in_reply_to_user_id_str":"16834659","possibly_sensitive":false,"lang":"en","created_at":"Mon Dec 15 00:47:22 +0000 2014","in_reply_to_status_id_str":"544282714237448192","place":null},
{"contributors":null,"truncated":false,"text":"@SkyNewsAust @campricenews how about you stop showing police positioning?","in_reply_to_status_id":544282714237448192,"id":544304273706594305,"favorite_count":0,"source":"<a href=\"http://twitter.com/download/android\" rel=\"nofollow\">Twitter for Android</a>","retweeted":false,"coordinates":null,"entities":{"symbols":[],"user_mentions":[{"id":16834659,"indices":[0,12],"id_str":"16834659","screen_name":"SkyNewsAust","name":"Sky News Australia"},{"id":24796875,"indices":[13,26],"id_str":"24796875","screen_name":"campricenews","name":"Cameron Price"}],"hashtags":[],"urls":[]},"in_reply_to_screen_name":"SkyNewsAust","id_str":"544304273706594305","retweet_count":0,"in_reply_to_user_id":16834659,"favorited":false,"user":{"follow_request_sent":false,"profile_use_background_image":true,"profile_text_color":"333333","default_profile_image":false,"id":17954780,"profile_background_image_url_https":"https://abs.twimg.com/images/themes/theme1/bg.png","verified":false,"profile_location":null,"profile_image_url_https":"https://pbs.twimg.com/profile_images/1699369702/download_normal.jpg","profile_sidebar_fill_color":"DDEEF6","entities":{"description":{"urls":[]}},"followers_count":215,"profile_sidebar_border_color":"C0DEED","id_str":"17954780","profile_background_color":"C0DEED","listed_count":3,"is_translation_enabled":false,"utc_offset":-36000,"statuses_count":6250,"description":"hip hop head, hoops/boxing fan, pedant. Wollongong, Australia","friends_count":485,"location":"","profile_link_color":"0084B4","profile_image_url":"http://pbs.twimg.com/profile_images/1699369702/download_normal.jpg","following":false,"geo_enabled":true,"profile_background_image_url":"http://abs.twimg.com/images/themes/theme1/bg.png","name":"Northy","lang":"en","profile_background_tile":false,"favourites_count":386,"screen_name":"Phaycenawth","notifications":false,"url":null,"created_at":"Mon Dec 08 03:25:26 +0000 2008","contributors_enabled":false,"time_zone":"Hawaii","protected":false,"default_profile":true,"is_translator":false},"geo":null,"in_reply_to_user_id_str":"16834659","lang":"en","created_at":"Mon Dec 15 01:33:46 +0000 2014","in_reply_to_status_id_str":"544282714237448192","place":null},
{"contributors":null,"truncated":false,"text":"@SkyNewsAust @anniemeyer4 @campricenews Original content from our feed http://t.co/uPgsbnr05F","in_reply_to_status_id":544282714237448192,"id":544320744780337153,"favorite_count":0,"source":"<a href=\"http://twitter.com\" rel=\"nofollow\">Twitter Web Client</a>","retweeted":false,"coordinates":null,"entities":{"symbols":[],"user_mentions":[{"id":16834659,"indices":[0,12],"id_str":"16834659","screen_name":"SkyNewsAust","name":"Sky News Australia"},{"id":233334736,"indices":[13,25],"id_str":"233334736","screen_name":"anniemeyer4","name":"Annie Meyer"},{"id":24796875,"indices":[26,39],"id_str":"24796875","screen_name":"campricenews","name":"Cameron Price"}],"hashtags":[],"urls":[],"media":[{"expanded_url":"http://twitter.com/SpiracyScience/status/544320744780337153/photo/1","display_url":"pic.twitter.com/uPgsbnr05F","url":"http://t.co/uPgsbnr05F","media_url_https":"https://pbs.twimg.com/media/B43Q1PXCYAAti8w.jpg","id_str":"544320743056498688","sizes":{"small":{"h":191,"resize":"fit","w":340},"large":{"h":366,"resize":"fit","w":650},"medium":{"h":337,"resize":"fit","w":600},"thumb":{"h":150,"resize":"crop","w":150}},"indices":[71,93],"type":"photo","id":544320743056498688,"media_url":"http://pbs.twimg.com/media/B43Q1PXCYAAti8w.jpg"}]},"in_reply_to_screen_name":"SkyNewsAust","id_str":"544320744780337153","retweet_count":0,"in_reply_to_user_id":16834659,"favorited":false,"user":{"follow_request_sent":false,"profile_use_background_image":true,"profile_text_color":"333333","default_profile_image":false,"id":1712159514,"profile_background_image_url_https":"https://abs.twimg.com/images/themes/theme1/bg.png","verified":false,"profile_location":null,"profile_image_url_https":"https://pbs.twimg.com/profile_images/489271086425452544/duqyxHKj_normal.jpeg","profile_sidebar_fill_color":"DDEEF6","entities":{"url":{"urls":[{"url":"https://t.co/awgOxV8DRk","indices":[0,23],"expanded_url":"https://www.facebook.com/Ibloodyloveconspiraciesandscience?ref=hl","display_url":"facebook.com/Ibloodylovecon…"}]},"description":{"urls":[]}},"followers_count":238,"profile_sidebar_border_color":"C0DEED","id_str":"1712159514","profile_background_color":"C0DEED","listed_count":5,"is_translation_enabled":false,"utc_offset":36000,"statuses_count":2884,"description":"Be sure to follow and visit our other pages  @TechyScience (technology),  @DrugsScience (Drugs), @Nature_sci (Nature),  @stuffwewants (cool stuff we all want)","friends_count":345,"location":"","profile_link_color":"0084B4","profile_image_url":"http://pbs.twimg.com/profile_images/489271086425452544/duqyxHKj_normal.jpeg","following":false,"geo_enabled":false,"profile_banner_url":"https://pbs.twimg.com/profile_banners/1712159514/1405331395","profile_background_image_url":"http://abs.twimg.com/images/themes/theme1/bg.png","name":"Conspiracy & Science","lang":"en-gb","profile_background_tile":false,"favourites_count":49,"screen_name":"SpiracyScience","notifications":false,"url":"https://t.co/awgOxV8DRk","created_at":"Fri Aug 30 08:48:05 +0000 2013","contributors_enabled":false,"time_zone":"Brisbane","protected":false,"default_profile":true,"is_translator":false},"geo":null,"in_reply_to_user_id_str":"16834659","possibly_sensitive":false,"lang":"en","created_at":"Mon Dec 15 02:39:13 +0000 2014","in_reply_to_status_id_str":"544282714237448192","place":null,"extended_entities":{"media":[{"expanded_url":"http://twitter.com/SpiracyScience/status/544320744780337153/photo/1","display_url":"pic.twitter.com/uPgsbnr05F","url":"http://t.co/uPgsbnr05F","media_url_https":"https://pbs.twimg.com/media/B43Q1PXCYAAti8w.jpg","id_str":"544320743056498688","sizes":{"small":{"h":191,"resize":"fit","w":340},"large":{"h":366,"resize":"fit","w":650},"medium":{"h":337,"resize":"fit","w":600},"thumb":{"h":150,"resize":"crop","w":150}},"indices":[71,93],"type":"photo","id":544320743056498688,"media_url":"http://pbs.twimg.com/media/B43Q1PXCYAAti8w.jpg"}]}}
]