[{"contributors":null,"truncated":false,"text":"@AJENews Swat team there looks so sci-fi lol","in_reply_to_status_id":544287796719288321,"id":544288110147010560,"favorite_count":0,"source":"<a href=\"http://www.twitter.com\" rel=\"nofollow\">Twitter for Windows Phone</a>","retweeted":false,"coordinates":null,"entities":{"symbols":[],"user_mentions":[{"id":18424289,"indices":[0,8],"id_str":"18424289","screen_name":"AJENews","name":"AJE News"}],"hashtags":[],"urls":[]},"in_reply_to_screen_name":"AJENews","id_str":"544288110147010560","retweet_count":0,"in_reply_to_user_id":18424289,"favorited":false,"user":{"follow_request_sent":false,"profile_use_background_image":false,"profile_text_color":"000000","default_profile_image":false,"id":184510373,"profile_background_image_url_https":"https://abs.twimg.com/images/themes/theme14/bg.gif","verified":false,"profile_location":null,"profile_image_url_https":"https://pbs.twimg.com/profile_images/542875640337149952/yhWAEPz4_normal.jpeg","profile_sidebar_fill_color":"000000","entities":{"url":{"urls":[{"url":"http://t.co/3yKBeiQfPK","indices":[0,22],"expanded_url":"http://www.facebook.com/Redfan45x","display_url":"facebook.com/Redfan45x"}]},"description":{"urls":[]}},"followers_count":105,"profile_sidebar_border_color":"000000","id_str":"184510373","profile_background_color":"000000","listed_count":2,"is_translation_enabled":false,"utc_offset":-21600,"statuses_count":872,"description":"ᚹᛟᛞᚨᚾ","friends_count":198,"location":"A forest","profile_link_color":"050505","profile_image_url":"http://pbs.twimg.com/profile_images/542875640337149952/yhWAEPz4_normal.jpeg","following":false,"geo_enabled":true,"profile_banner_url":"https://pbs.twimg.com/profile_banners/184510373/1418444506","profile_background_image_url":"http://abs.twimg.com/images/themes/theme14/bg.gif","name":"Sigmundr Úlfheðinn","lang":"en","profile_background_tile":false,"favourites_count":933,"screen_name":"Redfan45x","notifications":false,"url":"http://t.co/3yKBeiQfPK","created_at":"Sun Aug 29 19:12:27 +0000 2010","contributors_enabled":false,"time_zone":"Central Time (US & Canada)","protected":false,"default_profile":false,"is_translator":false},"geo":null,"in_reply_to_user_id_str":"18424289","lang":"en","created_at":"Mon Dec 15 00:29:32 +0000 2014","in_reply_to_status_id_str":"544287796719288321","place":null},
{"contributors":null,"truncated":false,"text":"@AJENews Notice the \"Returning Veterans from Middle East War Go Berserk\" trend in reporting lately. If not, watch for it, it's prevalent","in_reply_to_status_id":544287796719288321,"id":544293800139816961,"favorite_count":0,"source":"<a href=\"http://twitter.com/download/android\" rel=\"nofollow\">Twitter for Android</a>","retweeted":false,"coordinates":null,"entities":{"symbols":[],"user_mentions":[{"id":18424289,"indices":[0,8],"id_str":"18424289","screen_name":"AJENews","name":"AJE News"}],"hashtags":[],"urls":[]},"in_reply_to_screen_name":"AJENews","id_str":"544293800139816961","retweet_count":0,"in_reply_to_user_id":18424289,"favorited":false,"user":{"follow_request_sent":false,"profile_use_background_image":true,"profile_text_color":"333333","default_profile_image":false,"id":1480842452,"profile_background_image_url_https":"https://abs.twimg.com/images/themes/theme1/bg.png","verified":false,"profile_location":null,"profile_image_url_https":"https://pbs.twimg.com/profile_images/440452101387616257/tmD9bpAp_normal.jpeg","profile_sidebar_fill_color":"DDEEF6","entities":{"url":{"urls":[{"url":"http://t.co/qUzBvceQCk","indices":[0,22],"expanded_url":"http://www.1112.net/lastpage.html","display_url":"1112.net/lastpage.html"}]},"description":{"urls":[]}},"followers_count":201,"profile_sidebar_border_color":"C0DEED","id_str":"1480842452","profile_background_color":"C0DEED","listed_count":2,"is_translation_enabled":false,"utc_offset":null,"statuses_count":3200,"description":"","friends_count":402,"location":"40.920197- 80.0423151","profile_link_color":"0084B4","profile_image_url":"http://pbs.twimg.com/profile_images/440452101387616257/tmD9bpAp_normal.jpeg","following":false,"geo_enabled":false,"profile_banner_url":"https://pbs.twimg.com/profile_banners/1480842452/1393846936","profile_background_image_url":"http://abs.twimg.com/images/themes/theme1/bg.png","name":"ReResist","lang":"en","profile_background_tile":false,"favourites_count":1682,"screen_name":"GMOisKillingYou","notifications":false,"url":"http://t.co/qUzBvceQCk","created_at":"Mon Jun 03 23:12:31 +0000 2013","contributors_enabled":false,"time_zone":null,"protected":false,"default_profile":true,"is_translator":false},"geo":null,"in_reply_to_user_id_str":"18424289","lang":"en","created_at":"Mon Dec 15 00:52:09 +0000 2014","in_reply_to_status_id_str":"544287796719288321","place":null},
{"contributors":null,"truncated":false,"text":"“@AJENews: Sydney: Opera House evacuated; siege continuing; local media reports 13 hostages http://t.co/qT77njgRnQ http://t.co/ARa0ur1eIb”","in_reply_to_status_id":544287796719288321,"id":544293875050106880,"favorite_count":0,"source":"<a href=\"http://twitter.com/download/iphone\" rel=\"nofollow\">Twitter for iPhone</a>","retweeted":false,"coordinates":null,"entities":{"symbols":[],"user_mentions":[{"id":18424289,"indices":[1,9],"id_str":"18424289","screen_name":"AJENews","name":"AJE News"}],"hashtags":[],"urls":[{"url":"http://t.co/qT77njgRnQ","indices":[92,114],"expanded_url":"http://aje.me/1zmjIHj","display_url":"aje.me/1zmjIHj"}],"media":[{"source_user_id":18424289,"source_status_id_str":"544287796719288321","expanded_url":"http://twitter.com/AJENews/status/544287796719288321/photo/1","display_url":"pic.twitter.com/ARa0ur1eIb","url":"http://t.co/ARa0ur1eIb","media_url_https":"https://pbs.twimg.com/media/B42y3gdIYAAD24j.jpg","source_user_id_str":"18424289","source_status_id":544287796719288321,"id_str":"544287796656365568","sizes":{"small":{"h":225,"resize":"fit","w":340},"large":{"h":450,"resize":"fit","w":680},"medium":{"h":397,"resize":"fit","w":600},"thumb":{"h":150,"resize":"crop","w":150}},"indices":[115,137],"type":"photo","id":544287796656365568,"media_url":"http://pbs.twimg.com/media/B42y3gdIYAAD24j.jpg"}]},"in_reply_to_screen_name":"AJENews","id_str":"544293875050106880","retweet_count":0,"in_reply_to_user_id":18424289,"favorited":false,"user":{"follow_request_sent":false,"profile_use_background_image":true,"profile_text_color":"0A090A","default_profile_image":false,"id":324485303,"profile_background_image_url_https":"https://abs.twimg.com/images/themes/theme1/bg.png","verified":false,"profile_location":null,"profile_image_url_https":"https://pbs.twimg.com/profile_images/544212585017798657/GG-P2bnD_normal.jpeg","profile_sidebar_fill_color":"DDEEF6","entities":{"description":{"urls":[]}},"followers_count":742,"profile_sidebar_border_color":"070808","id_str":"324485303","profile_background_color":"0D0E0F","listed_count":9,"is_translation_enabled":false,"utc_offset":-14400,"statuses_count":4623,"description":"وما من كاتب الا سيفنى ويبقي الدهر ما كتبت يداه\nفلا تكتب بخطك غير شيء يسرك يوم القيامة ان تراه\n\nOrthopaedic Surgeon","friends_count":414,"location":"Canada - Qatar.","profile_link_color":"0084B4","profile_image_url":"http://pbs.twimg.com/profile_images/544212585017798657/GG-P2bnD_normal.jpeg","following":false,"geo_enabled":true,"profile_banner_url":"https://pbs.twimg.com/profile_banners/324485303/1418585363","profile_background_image_url":"http://abs.twimg.com/images/themes/theme1/bg.png","name":"د. خالد الخليفي","lang":"en","profile_background_tile":false,"favourites_count":40,"screen_name":"kalkhelaifi","notifications":false,"url":null,"created_at":"Sun Jun 26 18:12:09 +0000 2011","contributors_enabled":false,"time_zone":"Atlantic Time (Canada)","protected":false,"default_profile":false,"is_translator":false},"geo":null,"in_reply_to_user_id_str":"18424289","possibly_sensitive":false,"lang":"en","created_at":"Mon Dec 15 00:52:26 +0000 2014","in_reply_to_status_id_str":"544287796719288321","place":null,"extended_entities":{"media":[{"source_user_id":18424289,"source_status_id_str":"544287796719288321","expanded_url":"http://twitter.com/AJENews/status/544287796719288321/photo/1","display_url":"pic.twitter.com/ARa0ur1eIb","url":"http://t.co/ARa0ur1eIb","media_url_https":"https://pbs.twimg.com/media/B42y3gdIYAAD24j.jpg","source_user_id_str":"18424289","source_status_id":544287796719288321,"id_str":"544287796656365568","sizes":{"small":{"h":225,"resize":"fit","w":340},"large":{"h":450,"resize":"fit","w":680},"medium":{"h":397,"resize":"fit","w":600},"thumb":{"h":150,"resize":"crop","w":150}},"indices":[115,137],"type":"photo","id":544287796656365568,"media_url":"http://pbs.twimg.com/media/B42y3gdIYAAD24j.jpg"}]}},
{"contributors":null,"truncated":false,"text":"I call this an ISIS Opera! ISIS is a fake terrorist group; just a bunch of paid spies and idiots who follow them @AJENews @intelwire","in_reply_to_status_id":544287796719288321,"id":544295692588843008,"favorite_count":0,"source":"<a href=\"http://twitter.com/download/iphone\" rel=\"nofollow\">Twitter for iPhone</a>","retweeted":false,"coordinates":null,"entities":{"symbols":[],"user_mentions":[{"id":18424289,"indices":[113,121],"id_str":"18424289","screen_name":"AJENews","name":"AJE News"},{"id":47101500,"indices":[122,132],"id_str":"47101500","screen_name":"intelwire","name":"J.M. Berger"}],"hashtags":[],"urls":[]},"in_reply_to_screen_name":"AJENews","id_str":"544295692588843008","retweet_count":2,"in_reply_to_user_id":18424289,"favorited":false,"user":{"follow_request_sent":false,"profile_use_background_image":true,"profile_text_color":"3E4415","default_profile_image":false,"id":482920079,"profile_background_image_url_https":"https://pbs.twimg.com/profile_background_images/497481366/gol.jpe","verified":false,"profile_location":null,"profile_image_url_https":"https://pbs.twimg.com/profile_images/445984714034139136/FIA9Yzha_normal.jpeg","profile_sidebar_fill_color":"99CC33","entities":{"url":{"urls":[{"url":"http://t.co/nh8UpAOgxv","indices":[0,22],"expanded_url":"http://akliselim.blogspot.com","display_url":"akliselim.blogspot.com"}]},"description":{"urls":[{"url":"http://t.co/lQ0KQkhhMu","indices":[79,101],"expanded_url":"http://ugurtezcan.blogspot.com","display_url":"ugurtezcan.blogspot.com"},{"url":"http://t.co/nh8UpAOgxv","indices":[104,126],"expanded_url":"http://akliselim.blogspot.com","display_url":"akliselim.blogspot.com"}]}},"followers_count":1199,"profile_sidebar_border_color":"829D5E","id_str":"482920079","profile_background_color":"352726","listed_count":3,"is_translation_enabled":false,"utc_offset":-18000,"statuses_count":8696,"description":"Egitim Uzmani / ZamanAmerika Blog Yazari / Dorduncu Kuvvet Medya Konuk Yazar / http://t.co/lQ0KQkhhMu / http://t.co/nh8UpAOgxv","friends_count":1782,"location":"USA","profile_link_color":"CF2C65","profile_image_url":"http://pbs.twimg.com/profile_images/445984714034139136/FIA9Yzha_normal.jpeg","following":false,"geo_enabled":true,"profile_banner_url":"https://pbs.twimg.com/profile_banners/482920079/1398192932","profile_background_image_url":"http://pbs.twimg.com/profile_background_images/497481366/gol.jpe","name":"Ugur Tezcan, Dr.","lang":"en","profile_background_tile":true,"favourites_count":5130,"screen_name":"ugur_tezcan","notifications":false,"url":"http://t.co/nh8UpAOgxv","created_at":"Sat Feb 04 13:03:27 +0000 2012","contributors_enabled":false,"time_zone":"Eastern Time (US & Canada)","protected":false,"default_profile":false,"is_translator":false},"geo":null,"in_reply_to_user_id_str":"18424289","lang":"en","created_at":"Mon Dec 15 00:59:40 +0000 2014","in_reply_to_status_id_str":"544287796719288321","place":null},
{"contributors":null,"truncated":false,"text":"Please don't put out photos of personnel during in-progress events. It gives the bad guys valuable intel.  @AJENews @seanagnew #proTip","in_reply_to_status_id":544287796719288321,"id":544297375091552256,"favorite_count":0,"source":"<a href=\"http://tapbots.com/tweetbot\" rel=\"nofollow\">Tweetbot for iΟS</a>","retweeted":false,"coordinates":null,"entities":{"symbols":[],"user_mentions":[{"id":18424289,"indices":[107,115],"id_str":"18424289","screen_name":"AJENews","name":"AJE News"},{"id":50427352,"indices":[116,126],"id_str":"50427352","screen_name":"seanagnew","name":"Sean Agnew"}],"hashtags":[{"indices":[127,134],"text":"proTip"}],"urls":[]},"in_reply_to_screen_name":"AJENews","id_str":"544297375091552256","retweet_count":0,"in_reply_to_user_id":18424289,"favorited":false,"user":{"follow_request_sent":false,"profile_use_background_image":true,"profile_text_color":"333333","default_profile_image":false,"id":22526817,"profile_background_image_url_https":"https://abs.twimg.com/images/themes/theme6/bg.gif","verified":false,"profile_location":null,"profile_image_url_https":"https://pbs.twimg.com/profile_images/2227884567/STORMTROOPER_RAIN_normal.jpg","profile_sidebar_fill_color":"A0C5C7","entities":{"description":{"urls":[]}},"followers_count":35,"profile_sidebar_border_color":"86A4A6","id_str":"22526817","profile_background_color":"709397","listed_count":2,"is_translation_enabled":false,"utc_offset":46800,"statuses_count":2273,"description":"","friends_count":48,"location":"","profile_link_color":"121145","profile_image_url":"http://pbs.twimg.com/profile_images/2227884567/STORMTROOPER_RAIN_normal.jpg","following":false,"geo_enabled":false,"profile_background_image_url":"http://abs.twimg.com/images/themes/theme6/bg.gif","name":"somedaybitch","lang":"en","profile_background_tile":false,"favourites_count":160,"screen_name":"somedaybitch","notifications":false,"url":null,"created_at":"Mon Mar 02 19:58:50 +0000 2009","contributors_enabled":false,"time_zone":"Fiji","protected":false,"default_profile":false,"is_translator":false},"geo":null,"in_reply_to_user_id_str":"18424289","lang":"en","created_at":"Mon Dec 15 01:06:21 +0000 2014","in_reply_to_status_id_str":"544287796719288321","place":null},
{"contributors":null,"truncated":false,"text":"@AJENews definitely adding that tweet to my site. http://t.co/sLDAiGTSCy","in_reply_to_status_id":544287796719288321,"id":544299313887997952,"favorite_count":0,"source":"<a href=\"http://www.rebelmouse.com\" rel=\"nofollow\">RebelMouse Application</a>","retweeted":false,"coordinates":null,"entities":{"symbols":[],"user_mentions":[{"id":18424289,"indices":[0,8],"id_str":"18424289","screen_name":"AJENews","name":"AJE News"}],"hashtags":[],"urls":[{"url":"http://t.co/sLDAiGTSCy","indices":[50,72],"expanded_url":"http://rbl.ms/13otga3","display_url":"rbl.ms/13otga3"}]},"in_reply_to_screen_name":"AJENews","id_str":"544299313887997952","retweet_count":0,"in_reply_to_user_id":18424289,"favorited":false,"user":{"follow_request_sent":false,"profile_use_background_image":true,"profile_text_color":"333333","default_profile_image":false,"id":377540405,"profile_background_image_url_https":"https://pbs.twimg.com/profile_background_images/484313964956762113/6sRK6lxu.jpeg","verified":false,"profile_location":null,"profile_image_url_https":"https://pbs.twimg.com/profile_images/530244800524476416/rx6U7TZS_normal.jpeg","profile_sidebar_fill_color":"FFFFFF","entities":{"url":{"urls":[{"url":"http://t.co/q6qA3M7JUw","indices":[0,22],"expanded_url":"http://www.flickr.com/photos/poeteyes/","display_url":"flickr.com/photos/poeteye…"}]},"description":{"urls":[]}},"followers_count":4811,"profile_sidebar_border_color":"FFFFFF","id_str":"377540405","profile_background_color":"01010D","listed_count":234,"is_translation_enabled":false,"utc_offset":-18000,"statuses_count":167669,"description":"Progressive raging granny. We're all in this together. What harms one harms the whole. Knowledge is power:pass it on. #IDWP RT≠endorsement No auto followback","friends_count":2258,"location":"Provincetown, MA","profile_link_color":"233F99","profile_image_url":"http://pbs.twimg.com/profile_images/530244800524476416/rx6U7TZS_normal.jpeg","following":false,"geo_enabled":false,"profile_banner_url":"https://pbs.twimg.com/profile_banners/377540405/1401656445","profile_background_image_url":"http://pbs.twimg.com/profile_background_images/484313964956762113/6sRK6lxu.jpeg","name":"FriendofTrees ","lang":"en","profile_background_tile":true,"favourites_count":21877,"screen_name":"JamiaStarheart","notifications":false,"url":"http://t.co/q6qA3M7JUw","created_at":"Wed Sep 21 18:53:14 +0000 2011","contributors_enabled":false,"time_zone":"Eastern Time (US & Canada)","protected":false,"default_profile":false,"is_translator":false},"geo":null,"in_reply_to_user_id_str":"18424289","possibly_sensitive":false,"lang":"en","created_at":"Mon Dec 15 01:14:03 +0000 2014","in_reply_to_status_id_str":"544287796719288321","place":null},
{"contributors":null,"truncated":false,"text":"@AJENews the religion of peace. Acting peaceful again.","in_reply_to_status_id":544287796719288321,"id":544301956584316929,"favorite_count":0,"source":"<a href=\"http://twitter.com/download/iphone\" rel=\"nofollow\">Twitter for iPhone</a>","retweeted":false,"coordinates":null,"entities":{"symbols":[],"user_mentions":[{"id":18424289,"indices":[0,8],"id_str":"18424289","screen_name":"AJENews","name":"AJE News"}],"hashtags":[],"urls":[]},"in_reply_to_screen_name":"AJENews","id_str":"544301956584316929","retweet_count":0,"in_reply_to_user_id":18424289,"favorited":false,"user":{"follow_request_sent":false,"profile_use_background_image":false,"profile_text_color":"333333","default_profile_image":false,"id":75687321,"profile_background_image_url_https":"https://abs.twimg.com/images/themes/theme1/bg.png","verified":false,"profile_location":null,"profile_image_url_https":"https://pbs.twimg.com/profile_images/544835264950964225/vP9-7L5C_normal.jpeg","profile_sidebar_fill_color":"EFEFEF","entities":{"description":{"urls":[]}},"followers_count":8,"profile_sidebar_border_color":"EEEEEE","id_str":"75687321","profile_background_color":"131516","listed_count":0,"is_translation_enabled":false,"utc_offset":39600,"statuses_count":41,"description":"","friends_count":11,"location":"","profile_link_color":"009999","profile_image_url":"http://pbs.twimg.com/profile_images/544835264950964225/vP9-7L5C_normal.jpeg","following":false,"geo_enabled":false,"profile_background_image_url":"http://abs.twimg.com/images/themes/theme1/bg.png","name":"Gab ","lang":"en","profile_background_tile":true,"favourites_count":18,"screen_name":"gabrielsakal","notifications":false,"url":null,"created_at":"Sun Sep 20 01:14:11 +0000 2009","contributors_enabled":false,"time_zone":"Melbourne","protected":false,"default_profile":false,"is_translator":false},"geo":null,"in_reply_to_user_id_str":"18424289","lang":"en","created_at":"Mon Dec 15 01:24:33 +0000 2014","in_reply_to_status_id_str":"544287796719288321","place":null},
{"contributors":null,"truncated":false,"text":"@ugur_tezcan @AJENews @intelwire you're delusional","in_reply_to_status_id":544295692588843008,"id":544301972325531649,"favorite_count":0,"source":"<a href=\"http://twitter.com/download/iphone\" rel=\"nofollow\">Twitter for iPhone</a>","retweeted":false,"coordinates":null,"entities":{"symbols":[],"user_mentions":[{"id":482920079,"indices":[0,12],"id_str":"482920079","screen_name":"ugur_tezcan","name":"Ugur Tezcan, Dr."},{"id":18424289,"indices":[13,21],"id_str":"18424289","screen_name":"AJENews","name":"AJE News"},{"id":47101500,"indices":[22,32],"id_str":"47101500","screen_name":"intelwire","name":"J.M. Berger"}],"hashtags":[],"urls":[]},"in_reply_to_screen_name":"ugur_tezcan","id_str":"544301972325531649","retweet_count":0,"in_reply_to_user_id":482920079,"favorited":false,"user":{"follow_request_sent":false,"profile_use_background_image":false,"profile_text_color":"333333","default_profile_image":false,"id":75687321,"profile_background_image_url_https":"https://abs.twimg.com/images/themes/theme1/bg.png","verified":false,"profile_location":null,"profile_image_url_https":"https://pbs.twimg.com/profile_images/544835264950964225/vP9-7L5C_normal.jpeg","profile_sidebar_fill_color":"EFEFEF","entities":{"description":{"urls":[]}},"followers_count":8,"profile_sidebar_border_color":"EEEEEE","id_str":"75687321","profile_background_color":"131516","listed_count":0,"is_translation_enabled":false,"utc_offset":39600,"statuses_count":41,"description":"","friends_count":11,"location":"","profile_link_color":"009999","profile_image_url":"http://pbs.twimg.com/profile_images/544835264950964225/vP9-7L5C_normal.jpeg","following":false,"geo_enabled":false,"profile_background_image_url":"http://abs.twimg.com/images/themes/theme1/bg.png","name":"Gab ","lang":"en","profile_background_tile":true,"favourites_count":18,"screen_name":"gabrielsakal","notifications":false,"url":null,"created_at":"Sun Sep 20 01:14:11 +0000 2009","contributors_enabled":false,"time_zone":"Melbourne","protected":false,"default_profile":false,"is_translator":false},"geo":null,"in_reply_to_user_id_str":"482920079","lang":"en","created_at":"Mon Dec 15 01:24:37 +0000 2014","in_reply_to_status_id_str":"544295692588843008","place":null},
{"contributors":null,"truncated":false,"text":"@somedaybitch Not much to the pic, but I know better. Keep me honest, SDB.","in_reply_to_status_id":544297375091552256,"id":544348292319297536,"favorite_count":0,"source":"<a href=\"https://about.twitter.com/products/tweetdeck\" rel=\"nofollow\">TweetDeck</a>","retweeted":false,"coordinates":null,"entities":{"symbols":[],"user_mentions":[{"id":22526817,"indices":[0,13],"id_str":"22526817","screen_name":"somedaybitch","name":"somedaybitch"}],"hashtags":[],"urls":[]},"in_reply_to_screen_name":"somedaybitch","id_str":"544348292319297536","retweet_count":0,"in_reply_to_user_id":22526817,"favorited":false,"user":{"follow_request_sent":false,"profile_use_background_image":true,"profile_text_color":"000000","default_profile_image":false,"id":50427352,"profile_background_image_url_https":"https://pbs.twimg.com/profile_background_images/97034637/nvthisbeatingheart_twitter.br.jpg","verified":false,"profile_location":null,"profile_image_url_https":"https://pbs.twimg.com/profile_images/578020903558107136/c2KJMLLI_normal.jpeg","profile_sidebar_fill_color":"7FB5C7","entities":{"description":{"urls":[]}},"followers_count":5694,"profile_sidebar_border_color":"FFFFFF","id_str":"50427352","profile_background_color":"000000","listed_count":235,"is_translation_enabled":false,"utc_offset":-18000,"statuses_count":83419,"description":"Reagan Republican - Veteran - Sports Aficionado - Runner - Bourbon","friends_count":1510,"location":"Washington DC","profile_link_color":"0781AB","profile_image_url":"http://pbs.twimg.com/profile_images/578020903558107136/c2KJMLLI_normal.jpeg","following":false,"geo_enabled":true,"profile_banner_url":"https://pbs.twimg.com/profile_banners/50427352/1350862729","profile_background_image_url":"http://pbs.twimg.com/profile_background_images/97034637/nvthisbeatingheart_twitter.br.jpg","name":"Sean Agnew","lang":"en","profile_background_tile":false,"favourites_count":255,"screen_name":"seanagnew","notifications":false,"url":null,"created_at":"Wed Jun 24 20:34:53 +0000 2009","contributors_enabled":false,"time_zone":"Eastern Time (US & Canada)","protected":false,"default_profile":false,"is_translator":false},"geo":null,"in_reply_to_user_id_str":"22526817","lang":"en","created_at":"Mon Dec 15 04:28:41 +0000 2014","in_reply_to_status_id_str":"544297375091552256","place":null},
{"contributors":null,"truncated":false,"text":"@seanagnew Sorry, I meant that at the news source. But you can get the beer after the burgers. ;-)","in_reply_to_status_id":544348292319297536,"id":544352789652967424,"favorite_count":0,"source":"<a href=\"http://tapbots.com/tweetbot\" rel=\"nofollow\">Tweetbot for iΟS</a>","retweeted":false,"coordinates":null,"entities":{"symbols":[],"user_mentions":[{"id":50427352,"indices":[0,10],"id_str":"50427352","screen_name":"seanagnew","name":"Sean Agnew"}],"hashtags":[],"urls":[]},"in_reply_to_screen_name":"seanagnew","id_str":"544352789652967424","retweet_count":0,"in_reply_to_user_id":50427352,"favorited":false,"user":{"follow_request_sent":false,"profile_use_background_image":true,"profile_text_color":"333333","default_profile_image":false,"id":22526817,"profile_background_image_url_https":"https://abs.twimg.com/images/themes/theme6/bg.gif","verified":false,"profile_location":null,"profile_image_url_https":"https://pbs.twimg.com/profile_images/2227884567/STORMTROOPER_RAIN_normal.jpg","profile_sidebar_fill_color":"A0C5C7","entities":{"description":{"urls":[]}},"followers_count":35,"profile_sidebar_border_color":"86A4A6","id_str":"22526817","profile_background_color":"709397","listed_count":2,"is_translation_enabled":false,"utc_offset":46800,"statuses_count":2273,"description":"","friends_count":48,"location":"","profile_link_color":"121145","profile_image_url":"http://pbs.twimg.com/profile_images/2227884567/STORMTROOPER_RAIN_normal.jpg","following":false,"geo_enabled":false,"profile_background_image_url":"http://abs.twimg.com/images/themes/theme6/bg.gif","name":"somedaybitch","lang":"en","profile_background_tile":false,"favourites_count":160,"screen_name":"somedaybitch","notifications":false,"url":null,"created_at":"Mon Mar 02 19:58:50 +0000 2009","contributors_enabled":false,"time_zone":"Fiji","protected":false,"default_profile":false,"is_translator":false},"geo":null,"in_reply_to_user_id_str":"50427352","lang":"en","created_at":"Mon Dec 15 04:46:33 +0000 2014","in_reply_to_status_id_str":"544348292319297536","place":null}
]