[{"contributors":null,"truncated":false,"text":"@YahooNews Doesn't sound good.  Call Obama he'll pay them off and give them some terrorists.","in_reply_to_status_id":544280516821024769,"id":544280967905431552,"favorite_count":0,"source":"<a href=\"http://twitter.com\" rel=\"nofollow\">Twitter Web Client</a>","retweeted":false,"coordinates":null,"entities":{"symbols":[],"user_mentions":[{"id":7309052,"indices":[0,10],"id_str":"7309052","screen_name":"YahooNews","name":"Yahoo News"}],"hashtags":[],"urls":[]},"in_reply_to_screen_name":"YahooNews","id_str":"544280967905431552","retweet_count":0,"in_reply_to_user_id":7309052,"favorited":false,"user":{"follow_request_sent":false,"profile_use_background_image":true,"profile_text_color":"333333","default_profile_image":true,"id":2912429401,"profile_background_image_url_https":"https://abs.twimg.com/images/themes/theme1/bg.png","verified":false,"profile_location":null,"profile_image_url_https":"https://abs.twimg.com/sticky/default_profile_images/default_profile_0_normal.png","profile_sidebar_fill_color":"DDEEF6","entities":{"description":{"urls":[]}},"followers_count":53,"profile_sidebar_border_color":"C0DEED","id_str":"2912429401","profile_background_color":"C0DEED","listed_count":2,"is_translation_enabled":false,"utc_offset":-28800,"statuses_count":1967,"description":"","friends_count":236,"location":"","profile_link_color":"0084B4","profile_image_url":"http://abs.twimg.com/sticky/default_profile_images/default_profile_0_normal.png","following":false,"geo_enabled":false,"profile_background_image_url":"http://abs.twimg.com/images/themes/theme1/bg.png","name":"Nancy Lancaster","lang":"en","profile_background_tile":false,"favourites_count":1640,"screen_name":"Nancywillask","notifications":false,"url":null,"created_at":"Fri Nov 28 05:04:11 +0000 2014","contributors_enabled":false,"time_zone":"Tijuana","protected":false,"default_profile":true,"is_translator":false},"geo":null,"in_reply_to_user_id_str":"7309052","lang":"en","created_at":"Mon Dec 15 00:01:09 +0000 2014","in_reply_to_status_id_str":"544280516821024769","place":null},
{"contributors":null,"truncated":false,"text":"@Nancywillask Jesus you're an idiot.","in_reply_to_status_id":544280967905431552,"id":544281159812009984,"favorite_count":0,"source":"<a href=\"http://twitter.com/download/iphone\" rel=\"nofollow\">Twitter for iPhone</a>","retweeted":false,"coordinates":null,"entities":{"symbols":[],"user_mentions":[{"id":2912429401,"indices":[0,13],"id_str":"2912429401","screen_name":"Nancywillask","name":"Nancy Lancaster"}],"hashtags":[],"urls":[]},"in_reply_to_screen_name":"Nancywillask","id_str":"544281159812009984","retweet_count":0,"in_reply_to_user_id":2912429401,"favorited":false,"user":{"follow_request_sent":false,"profile_use_background_image":true,"profile_text_color":"333333","default_profile_image":false,"id":100005598,"profile_background_image_url_https":"https://abs.twimg.com/images/themes/theme1/bg.png","verified":false,"profile_location":null,"profile_image_url_https":"https://pbs.twimg.com/profile_images/556437514882662400/Bb9ezQHS_normal.jpeg","profile_sidebar_fill_color":"DDEEF6","entities":{"description":{"urls":[]}},"followers_count":617,"profile_sidebar_border_color":"C0DEED","id_str":"100005598","profile_background_color":"C0DEED","listed_count":15,"is_translation_enabled":false,"utc_offset":-18000,"statuses_count":20666,"description":"True blue Dem, Blue state taxpayer. Inspired by President Obama.","friends_count":919,"location":"New Jersey","profile_link_color":"0084B4","profile_image_url":"http://pbs.twimg.com/profile_images/556437514882662400/Bb9ezQHS_normal.jpeg","following":false,"geo_enabled":false,"profile_banner_url":"https://pbs.twimg.com/profile_banners/100005598/1414876515","profile_background_image_url":"http://abs.twimg.com/images/themes/theme1/bg.png","name":"Connie C. Keys","lang":"en","profile_background_tile":false,"favourites_count":6401,"screen_name":"hotelkeys","notifications":false,"url":null,"created_at":"Mon Dec 28 17:45:48 +0000 2009","contributors_enabled":false,"time_zone":"Eastern Time (US & Canada)","protected":false,"default_profile":true,"is_translator":false},"geo":null,"in_reply_to_user_id_str":"2912429401","lang":"en","created_at":"Mon Dec 15 00:01:55 +0000 2014","in_reply_to_status_id_str":"544280967905431552","place":null},
{"contributors":null,"truncated":false,"text":"@YahooNews #GodsPrayerRoom","in_reply_to_status_id":544280516821024769,"id":544282242634506240,"favorite_count":1,"source":"<a href=\"https://twitter.com/download/android\" rel=\"nofollow\">Twitter for Android Tablets</a>","retweeted":false,"coordinates":null,"entities":{"symbols":[],"user_mentions":[{"id":7309052,"indices":[0,10],"id_str":"7309052","screen_name":"YahooNews","name":"Yahoo News"}],"hashtags":[{"indices":[11,26],"text":"GodsPrayerRoom"}],"urls":[]},"in_reply_to_screen_name":"YahooNews","id_str":"544282242634506240","retweet_count":0,"in_reply_to_user_id":7309052,"favorited":false,"user":{"follow_request_sent":false,"profile_use_background_image":true,"profile_text_color":"333333","default_profile_image":false,"id":534689933,"profile_background_image_url_https":"https://pbs.twimg.com/profile_background_images/453324094688079872/TObNerk4.jpeg","verified":false,"profile_location":null,"profile_image_url_https":"https://pbs.twimg.com/profile_images/588486814379286528/ZTTk4DTd_normal.jpg","profile_sidebar_fill_color":"DDFFCC","entities":{"description":{"urls":[]}},"followers_count":1223,"profile_sidebar_border_color":"FFFFFF","id_str":"534689933","profile_background_color":"B1F3F5","listed_count":12,"is_translation_enabled":false,"utc_offset":-21600,"statuses_count":51268,"description":"daughter of Navy Seabee I am UnashamedImpact  of God  Happy Love my family I am a Catholic #TeamJesus I SUPPORT THE TROOPS","friends_count":2002,"location":"Lubbock Texas","profile_link_color":"0084B4","profile_image_url":"http://pbs.twimg.com/profile_images/588486814379286528/ZTTk4DTd_normal.jpg","following":false,"geo_enabled":true,"profile_banner_url":"https://pbs.twimg.com/profile_banners/534689933/1396877341","profile_background_image_url":"http://pbs.twimg.com/profile_background_images/453324094688079872/TObNerk4.jpeg","name":"Felicia Proverbs 31","lang":"en","profile_background_tile":true,"favourites_count":7221,"screen_name":"Felicia70469525","notifications":false,"url":null,"created_at":"Fri Mar 23 20:23:56 +0000 2012","contributors_enabled":false,"time_zone":"Central Time (US & Canada)","protected":false,"default_profile":false,"is_translator":false},"geo":null,"in_reply_to_user_id_str":"7309052","lang":"und","created_at":"Mon Dec 15 00:06:13 +0000 2014","in_reply_to_status_id_str":"544280516821024769","place":null},
{"contributors":null,"truncated":false,"text":"@hotelkeys Jesus is not.","in_reply_to_status_id":544281159812009984,"id":544282733485125634,"favorite_count":1,"source":"<a href=\"http://twitter.com\" rel=\"nofollow\">Twitter Web Client</a>","retweeted":false,"coordinates":null,"entities":{"symbols":[],"user_mentions":[{"id":100005598,"indices":[0,10],"id_str":"100005598","screen_name":"hotelkeys","name":"Connie C. Keys"}],"hashtags":[],"urls":[]},"in_reply_to_screen_name":"hotelkeys","id_str":"544282733485125634","retweet_count":0,"in_reply_to_user_id":100005598,"favorited":false,"user":{"follow_request_sent":false,"profile_use_background_image":true,"profile_text_color":"333333","default_profile_image":true,"id":2912429401,"profile_background_image_url_https":"https://abs.twimg.com/images/themes/theme1/bg.png","verified":false,"profile_location":null,"profile_image_url_https":"https://abs.twimg.com/sticky/default_profile_images/default_profile_0_normal.png","profile_sidebar_fill_color":"DDEEF6","entities":{"description":{"urls":[]}},"followers_count":53,"profile_sidebar_border_color":"C0DEED","id_str":"2912429401","profile_background_color":"C0DEED","listed_count":2,"is_translation_enabled":false,"utc_offset":-28800,"statuses_count":1967,"description":"","friends_count":236,"location":"","profile_link_color":"0084B4","profile_image_url":"http://abs.twimg.com/sticky/default_profile_images/default_profile_0_normal.png","following":false,"geo_enabled":false,"profile_background_image_url":"http://abs.twimg.com/images/themes/theme1/bg.png","name":"Nancy Lancaster","lang":"en","profile_background_tile":false,"favourites_count":1640,"screen_name":"Nancywillask","notifications":false,"url":null,"created_at":"Fri Nov 28 05:04:11 +0000 2014","contributors_enabled":false,"time_zone":"Tijuana","protected":false,"default_profile":true,"is_translator":false},"geo":null,"in_reply_to_user_id_str":"100005598","lang":"en","created_at":"Mon Dec 15 00:08:10 +0000 2014","in_reply_to_status_id_str":"544281159812009984","place":null},
{"contributors":null,"truncated":false,"text":"“@YahooNews:BREAKING Hostages held in Sydney, Australia, Islamic flag displayed in window, according to local news http://t.co/yXZD8ey6hx” 😳","in_reply_to_status_id":544280516821024769,"id":544300503774265344,"favorite_count":0,"source":"<a href=\"http://twitter.com/download/iphone\" rel=\"nofollow\">Twitter for iPhone</a>","retweeted":false,"coordinates":null,"entities":{"symbols":[],"user_mentions":[{"id":7309052,"indices":[1,11],"id_str":"7309052","screen_name":"YahooNews","name":"Yahoo News"}],"hashtags":[],"urls":[{"url":"http://t.co/yXZD8ey6hx","indices":[115,137],"expanded_url":"http://yhoo.it/1GnrnrX","display_url":"yhoo.it/1GnrnrX"}]},"in_reply_to_screen_name":"YahooNews","id_str":"544300503774265344","retweet_count":0,"in_reply_to_user_id":7309052,"favorited":false,"user":{"follow_request_sent":false,"profile_use_background_image":true,"profile_text_color":"333333","default_profile_image":false,"id":2416235035,"profile_background_image_url_https":"https://abs.twimg.com/images/themes/theme1/bg.png","verified":false,"profile_location":null,"profile_image_url_https":"https://pbs.twimg.com/profile_images/582372855272325120/l_0T5CuQ_normal.jpg","profile_sidebar_fill_color":"DDEEF6","entities":{"description":{"urls":[]}},"followers_count":136,"profile_sidebar_border_color":"C0DEED","id_str":"2416235035","profile_background_color":"C0DEED","listed_count":0,"is_translation_enabled":false,"utc_offset":null,"statuses_count":523,"description":"be the pigeon today","friends_count":330,"location":"","profile_link_color":"0084B4","profile_image_url":"http://pbs.twimg.com/profile_images/582372855272325120/l_0T5CuQ_normal.jpg","following":false,"geo_enabled":false,"profile_banner_url":"https://pbs.twimg.com/profile_banners/2416235035/1407382306","profile_background_image_url":"http://abs.twimg.com/images/themes/theme1/bg.png","name":"Jim Isaacs","lang":"en","profile_background_tile":false,"favourites_count":1168,"screen_name":"Jim_Isaacs13","notifications":false,"url":null,"created_at":"Fri Mar 28 17:30:56 +0000 2014","contributors_enabled":false,"time_zone":null,"protected":false,"default_profile":true,"is_translator":false},"geo":null,"in_reply_to_user_id_str":"7309052","possibly_sensitive":false,"lang":"en","created_at":"Mon Dec 15 01:18:47 +0000 2014","in_reply_to_status_id_str":"544280516821024769","place":null},
{"contributors":null,"truncated":false,"text":"@YahooNews residents should do the opposite of the U.S.  They should advocate to get rid of the public gun bans.","in_reply_to_status_id":544280516821024769,"id":544325241841786880,"favorite_count":0,"source":"<a href=\"http://twitter.com/download/iphone\" rel=\"nofollow\">Twitter for iPhone</a>","retweeted":false,"coordinates":null,"entities":{"symbols":[],"user_mentions":[{"id":7309052,"indices":[0,10],"id_str":"7309052","screen_name":"YahooNews","name":"Yahoo News"}],"hashtags":[],"urls":[]},"in_reply_to_screen_name":"YahooNews","id_str":"544325241841786880","retweet_count":0,"in_reply_to_user_id":7309052,"favorited":false,"user":{"follow_request_sent":false,"profile_use_background_image":true,"profile_text_color":"333333","default_profile_image":false,"id":390232856,"profile_background_image_url_https":"https://abs.twimg.com/images/themes/theme1/bg.png","verified":false,"profile_location":null,"profile_image_url_https":"https://pbs.twimg.com/profile_images/438525749184589824/U0HJZWKg_normal.jpeg","profile_sidebar_fill_color":"DDEEF6","entities":{"description":{"urls":[]}},"followers_count":30,"profile_sidebar_border_color":"C0DEED","id_str":"390232856","profile_background_color":"C0DEED","listed_count":0,"is_translation_enabled":false,"utc_offset":null,"statuses_count":1185,"description":"","friends_count":55,"location":"ST LOUIS","profile_link_color":"0084B4","profile_image_url":"http://pbs.twimg.com/profile_images/438525749184589824/U0HJZWKg_normal.jpeg","following":false,"geo_enabled":true,"profile_background_image_url":"http://abs.twimg.com/images/themes/theme1/bg.png","name":"JACO","lang":"en","profile_background_tile":false,"favourites_count":539,"screen_name":"JasonHarris28","notifications":false,"url":null,"created_at":"Thu Oct 13 17:28:21 +0000 2011","contributors_enabled":false,"time_zone":null,"protected":false,"default_profile":true,"is_translator":false},"geo":null,"in_reply_to_user_id_str":"7309052","lang":"en","created_at":"Mon Dec 15 02:57:05 +0000 2014","in_reply_to_status_id_str":"544280516821024769","place":null},
{"contributors":null,"truncated":false,"text":"@YahooNews @katiecouric Sad. I was in Sydney last year. Amazing awesome city. Too bad their MP is such a Rupert tool!","in_reply_to_status_id":544280516821024769,"id":544335612598185984,"favorite_count":0,"source":"<a href=\"http://twitter.com\" rel=\"nofollow\">Twitter Web Client</a>","retweeted":false,"coordinates":null,"entities":{"symbols":[],"user_mentions":[{"id":7309052,"indices":[0,10],"id_str":"7309052","screen_name":"YahooNews","name":"Yahoo News"},{"id":18812301,"indices":[11,23],"id_str":"18812301","screen_name":"katiecouric","name":"Katie Couric"}],"hashtags":[],"urls":[]},"in_reply_to_screen_name":"YahooNews","id_str":"544335612598185984","retweet_count":0,"in_reply_to_user_id":7309052,"favorited":false,"user":{"follow_request_sent":false,"profile_use_background_image":true,"profile_text_color":"333333","default_profile_image":false,"id":31493602,"profile_background_image_url_https":"https://abs.twimg.com/images/themes/theme13/bg.gif","verified":false,"profile_location":null,"profile_image_url_https":"https://pbs.twimg.com/profile_images/553015147757723651/u9FoW0sq_normal.jpeg","profile_sidebar_fill_color":"FFFFFF","entities":{"description":{"urls":[]}},"followers_count":216,"profile_sidebar_border_color":"EEEEEE","id_str":"31493602","profile_background_color":"B2DFDA","listed_count":9,"is_translation_enabled":false,"utc_offset":-18000,"statuses_count":39544,"description":"A world ruled by superstition is doomed.","friends_count":144,"location":"","profile_link_color":"93A644","profile_image_url":"http://pbs.twimg.com/profile_images/553015147757723651/u9FoW0sq_normal.jpeg","following":false,"geo_enabled":false,"profile_background_image_url":"http://abs.twimg.com/images/themes/theme13/bg.gif","name":"Pacing the cage...","lang":"en","profile_background_tile":false,"favourites_count":5417,"screen_name":"realgonzoid","notifications":false,"url":null,"created_at":"Wed Apr 15 19:33:14 +0000 2009","contributors_enabled":false,"time_zone":"Eastern Time (US & Canada)","protected":false,"default_profile":false,"is_translator":false},"geo":null,"in_reply_to_user_id_str":"7309052","lang":"en","created_at":"Mon Dec 15 03:38:17 +0000 2014","in_reply_to_status_id_str":"544280516821024769","place":null},
{"contributors":null,"truncated":false,"text":"@YahooNews If Islam was such a peaceful religion as some claim, then this wouldn't be happening. Yeah, \"extremists\" #SydneyHostageCrisis","in_reply_to_status_id":544280516821024769,"id":544339099621289984,"favorite_count":0,"source":"<a href=\"http://twitter.com\" rel=\"nofollow\">Twitter Web Client</a>","retweeted":false,"coordinates":null,"entities":{"symbols":[],"user_mentions":[{"id":7309052,"indices":[0,10],"id_str":"7309052","screen_name":"YahooNews","name":"Yahoo News"}],"hashtags":[{"indices":[116,136],"text":"SydneyHostageCrisis"}],"urls":[]},"in_reply_to_screen_name":"YahooNews","id_str":"544339099621289984","retweet_count":0,"in_reply_to_user_id":7309052,"favorited":false,"user":{"follow_request_sent":false,"profile_use_background_image":true,"profile_text_color":"333333","default_profile_image":false,"id":15517408,"profile_background_image_url_https":"https://pbs.twimg.com/profile_background_images/378800000161048483/1vNOHps0.png","verified":false,"profile_location":null,"profile_image_url_https":"https://pbs.twimg.com/profile_images/552154773307547648/VeQB7hfq_normal.jpeg","profile_sidebar_fill_color":"C0DFEC","entities":{"description":{"urls":[]}},"followers_count":1091,"profile_sidebar_border_color":"000000","id_str":"15517408","profile_background_color":"022330","listed_count":39,"is_translation_enabled":false,"utc_offset":-18000,"statuses_count":68005,"description":"Comedy. Writer. Actor. Musician. Artist. Professional Liar. Truth teller. Classic film enthusiast. I make jokes in the joke kitchen.","friends_count":331,"location":"LA-Miami-NYC","profile_link_color":"0084B4","profile_image_url":"http://pbs.twimg.com/profile_images/552154773307547648/VeQB7hfq_normal.jpeg","following":false,"geo_enabled":false,"profile_banner_url":"https://pbs.twimg.com/profile_banners/15517408/1418695539","profile_background_image_url":"http://pbs.twimg.com/profile_background_images/378800000161048483/1vNOHps0.png","name":"Mitchell Kade","lang":"en","profile_background_tile":true,"favourites_count":7128,"screen_name":"kade6767","notifications":false,"url":null,"created_at":"Mon Jul 21 16:50:31 +0000 2008","contributors_enabled":false,"time_zone":"Eastern Time (US & Canada)","protected":false,"default_profile":false,"is_translator":false},"geo":null,"in_reply_to_user_id_str":"7309052","lang":"en","created_at":"Mon Dec 15 03:52:09 +0000 2014","in_reply_to_status_id_str":"544280516821024769","place":null},
{"contributors":null,"truncated":false,"text":"@YahooNews #Australia ignored Iranian pleas to extradite #Sydney hostage taker &gt;&gt;@iranfrontpage: http://t.co/dWGv3nWzDF","in_reply_to_status_id":544280516821024769,"id":544839587835547648,"favorite_count":0,"source":"<a href=\"http://twitter.com\" rel=\"nofollow\">Twitter Web Client</a>","retweeted":false,"coordinates":null,"entities":{"symbols":[],"user_mentions":[{"id":7309052,"indices":[0,10],"id_str":"7309052","screen_name":"YahooNews","name":"Yahoo News"},{"id":2387887890,"indices":[87,101],"id_str":"2387887890","screen_name":"IranFrontPage","name":"Iran Front Page"}],"hashtags":[{"indices":[11,21],"text":"Australia"},{"indices":[57,64],"text":"Sydney"}],"urls":[{"url":"http://t.co/dWGv3nWzDF","indices":[103,125],"expanded_url":"http://iranfrontpage.com/news/world/asia-pacific/2014/12/australia-supported-iranian-fugitive-turned-sydney-hostage-taker-media-islamophobia/","display_url":"iranfrontpage.com/news/world/asi…"}]},"in_reply_to_screen_name":"YahooNews","id_str":"544839587835547648","retweet_count":0,"in_reply_to_user_id":7309052,"favorited":false,"user":{"follow_request_sent":false,"profile_use_background_image":true,"profile_text_color":"333333","default_profile_image":false,"id":2830305847,"profile_background_image_url_https":"https://abs.twimg.com/images/themes/theme1/bg.png","verified":false,"profile_location":null,"profile_image_url_https":"https://pbs.twimg.com/profile_images/515064229603196928/-vgtmuEa_normal.png","profile_sidebar_fill_color":"DDEEF6","entities":{"description":{"urls":[]}},"followers_count":136,"profile_sidebar_border_color":"C0DEED","id_str":"2830305847","profile_background_color":"C0DEED","listed_count":3,"is_translation_enabled":false,"utc_offset":null,"statuses_count":2032,"description":"News Addict and Independent journalist covering Middle East, Iran.","friends_count":1264,"location":"","profile_link_color":"0084B4","profile_image_url":"http://pbs.twimg.com/profile_images/515064229603196928/-vgtmuEa_normal.png","following":false,"geo_enabled":false,"profile_banner_url":"https://pbs.twimg.com/profile_banners/2830305847/1411635443","profile_background_image_url":"http://abs.twimg.com/images/themes/theme1/bg.png","name":"Sam Dori","lang":"en","profile_background_tile":false,"favourites_count":72,"screen_name":"SamDori4","notifications":false,"url":null,"created_at":"Wed Sep 24 18:08:34 +0000 2014","contributors_enabled":false,"time_zone":null,"protected":false,"default_profile":true,"is_translator":false},"geo":null,"in_reply_to_user_id_str":"7309052","possibly_sensitive":false,"lang":"en","created_at":"Tue Dec 16 13:00:55 +0000 2014","in_reply_to_status_id_str":"544280516821024769","place":null}
]