[{"contributors":null,"truncated":false,"text":"@BBCNewsAus @BBC_HaveYourSay please DO NOT tweet police or security movements or anything that may harm police operations to end this safely","in_reply_to_status_id":544288009747566592,"id":544288266929704960,"favorite_count":4,"source":"<a href=\"http://twitter.com\" rel=\"nofollow\">Twitter Web Client</a>","retweeted":false,"coordinates":null,"entities":{"symbols":[],"user_mentions":[{"id":2799960092,"indices":[0,11],"id_str":"2799960092","screen_name":"BBCNewsAus","name":"BBC News Australia"},{"id":14154272,"indices":[12,28],"id_str":"14154272","screen_name":"BBC_HaveYourSay","name":"BBC_HaveYourSay"}],"hashtags":[],"urls":[]},"in_reply_to_screen_name":"BBCNewsAus","id_str":"544288266929704960","retweet_count":10,"in_reply_to_user_id":2799960092,"favorited":false,"user":{"follow_request_sent":false,"profile_use_background_image":false,"profile_text_color":"000000","default_profile_image":false,"id":2866928828,"profile_background_image_url_https":"https://abs.twimg.com/images/themes/theme1/bg.png","verified":false,"profile_location":null,"profile_image_url_https":"https://pbs.twimg.com/profile_images/539376979271614464/S3ILiFDL_normal.jpeg","profile_sidebar_fill_color":"000000","entities":{"url":{"urls":[{"url":"http://t.co/D0eOuBaQHK","indices":[0,22],"expanded_url":"http://youtube.com/user/PepalaPow23/videos","display_url":"youtube.com/user/PepalaPow…"}]},"description":{"urls":[]}},"followers_count":1,"profile_sidebar_border_color":"000000","id_str":"2866928828","profile_background_color":"000000","listed_count":0,"is_translation_enabled":false,"utc_offset":39600,"statuses_count":23,"description":"Aussie adventurer aiming to see 40 countries before I'm 40 years old.Back home in Sydney now but off to Malaysia soon! Country total so far: 15","friends_count":11,"location":"Sydney","profile_link_color":"DD2E44","profile_image_url":"http://pbs.twimg.com/profile_images/539376979271614464/S3ILiFDL_normal.jpeg","following":false,"geo_enabled":false,"profile_banner_url":"https://pbs.twimg.com/profile_banners/2866928828/1413802801","profile_background_image_url":"http://abs.twimg.com/images/themes/theme1/bg.png","name":"Pepâ la Pow!","lang":"Select Language...","profile_background_tile":false,"favourites_count":1,"screen_name":"PepalaPow","notifications":false,"url":"http://t.co/D0eOuBaQHK","created_at":"Mon Oct 20 10:55:13 +0000 2014","contributors_enabled":false,"time_zone":"Solomon Is.","protected":false,"default_profile":false,"is_translator":false},"geo":null,"in_reply_to_user_id_str":"2799960092","lang":"en","created_at":"Mon Dec 15 00:30:09 +0000 2014","in_reply_to_status_id_str":"544288009747566592","place":null},
{"contributors":null,"truncated":false,"text":"@BBCNewsAus @BBCNewsAsia @BBC_HaveYourSay because no one will tweet you any untuths","in_reply_to_status_id":544288009747566592,"id":544288402766839808,"favorite_count":0,"source":"<a href=\"http://twitter.com/download/android\" rel=\"nofollow\">Twitter for Android</a>","retweeted":false,"coordinates":null,"entities":{"symbols":[],"user_mentions":[{"id":2799960092,"indices":[0,11],"id_str":"2799960092","screen_name":"BBCNewsAus","name":"BBC News Australia"},{"id":1642135962,"indices":[12,24],"id_str":"1642135962","screen_name":"BBCNewsAsia","name":"BBC News Asia"},{"id":14154272,"indices":[25,41],"id_str":"14154272","screen_name":"BBC_HaveYourSay","name":"BBC_HaveYourSay"}],"hashtags":[],"urls":[]},"in_reply_to_screen_name":"BBCNewsAus","id_str":"544288402766839808","retweet_count":0,"in_reply_to_user_id":2799960092,"favorited":false,"user":{"follow_request_sent":false,"profile_use_background_image":true,"profile_text_color":"333333","default_profile_image":false,"id":239740082,"profile_background_image_url_https":"https://abs.twimg.com/images/themes/theme1/bg.png","verified":false,"profile_location":null,"profile_image_url_https":"https://pbs.twimg.com/profile_images/378800000022113474/0da5330405c6ffe02afd5cca0a2a5549_normal.jpeg","profile_sidebar_fill_color":"DDEEF6","entities":{"url":{"urls":[{"url":"http://t.co/rSxJhBCzjD","indices":[0,22],"expanded_url":"http://www.broomwagonblog.tumblr.com","display_url":"broomwagonblog.tumblr.com"}]},"description":{"urls":[]}},"followers_count":3046,"profile_sidebar_border_color":"C0DEED","id_str":"239740082","profile_background_color":"C0DEED","listed_count":144,"is_translation_enabled":false,"utc_offset":null,"statuses_count":42149,"description":"Cycling, music, boarding. Thomas James, encantado.","friends_count":1505,"location":"The Shire","profile_link_color":"1289FF","profile_image_url":"http://pbs.twimg.com/profile_images/378800000022113474/0da5330405c6ffe02afd5cca0a2a5549_normal.jpeg","following":false,"geo_enabled":true,"profile_banner_url":"https://pbs.twimg.com/profile_banners/239740082/1362825417","profile_background_image_url":"http://abs.twimg.com/images/themes/theme1/bg.png","name":"The Broom Wagon","lang":"en","profile_background_tile":false,"favourites_count":2201,"screen_name":"broomwagonblog","notifications":false,"url":"http://t.co/rSxJhBCzjD","created_at":"Tue Jan 18 09:36:49 +0000 2011","contributors_enabled":false,"time_zone":null,"protected":false,"default_profile":false,"is_translator":false},"geo":null,"in_reply_to_user_id_str":"2799960092","lang":"en","created_at":"Mon Dec 15 00:30:42 +0000 2014","in_reply_to_status_id_str":"544288009747566592","place":null},
{"contributors":null,"truncated":false,"text":"@BBCNewsAus @BBC_HaveYourSay Anyone linking the \"coincidence\" that Lindt are one of the few companies NOT Halal Certified? #sydneysiege","in_reply_to_status_id":544288009747566592,"id":544288463776796672,"favorite_count":3,"source":"<a href=\"http://twitter.com/download/iphone\" rel=\"nofollow\">Twitter for iPhone</a>","retweeted":false,"coordinates":null,"entities":{"symbols":[],"user_mentions":[{"id":2799960092,"indices":[0,11],"id_str":"2799960092","screen_name":"BBCNewsAus","name":"BBC News Australia"},{"id":14154272,"indices":[12,28],"id_str":"14154272","screen_name":"BBC_HaveYourSay","name":"BBC_HaveYourSay"}],"hashtags":[{"indices":[123,135],"text":"sydneysiege"}],"urls":[]},"in_reply_to_screen_name":"BBCNewsAus","id_str":"544288463776796672","retweet_count":0,"in_reply_to_user_id":2799960092,"favorited":false,"user":{"follow_request_sent":false,"profile_use_background_image":true,"profile_text_color":"333333","default_profile_image":false,"id":188672541,"profile_background_image_url_https":"https://abs.twimg.com/images/themes/theme1/bg.png","verified":false,"profile_location":null,"profile_image_url_https":"https://pbs.twimg.com/profile_images/1709429864/image_normal.jpg","profile_sidebar_fill_color":"DDEEF6","entities":{"url":{"urls":[{"url":"http://t.co/eDhJHfQJZl","indices":[0,22],"expanded_url":"http://www.switchsymbol.com","display_url":"switchsymbol.com"}]},"description":{"urls":[]}},"followers_count":3031,"profile_sidebar_border_color":"C0DEED","id_str":"188672541","profile_background_color":"C0DEED","listed_count":39,"is_translation_enabled":false,"utc_offset":39600,"statuses_count":5157,"description":"Sex diary of a swinging couple. Happy to meet up with any attractive couples, sexy women or hung, cut, white men that aren't full of themselves.","friends_count":469,"location":"Sydney, Australia","profile_link_color":"0084B4","profile_image_url":"http://pbs.twimg.com/profile_images/1709429864/image_normal.jpg","following":false,"geo_enabled":false,"profile_banner_url":"https://pbs.twimg.com/profile_banners/188672541/1408075431","profile_background_image_url":"http://abs.twimg.com/images/themes/theme1/bg.png","name":"Switch & Tina","lang":"en","profile_background_tile":false,"favourites_count":1111,"screen_name":"NoHangups4u","notifications":false,"url":"http://t.co/eDhJHfQJZl","created_at":"Thu Sep 09 09:09:22 +0000 2010","contributors_enabled":false,"time_zone":"Sydney","protected":false,"default_profile":true,"is_translator":false},"geo":null,"in_reply_to_user_id_str":"2799960092","lang":"en","created_at":"Mon Dec 15 00:30:56 +0000 2014","in_reply_to_status_id_str":"544288009747566592","place":null},
{"contributors":null,"truncated":false,"text":".@BBCNewsAus @BBC_HaveYourSay @BBCWorld Is it the done thing to create hashtags for ongoing terrorist plots?","in_reply_to_status_id":544288370311327744,"id":544288525982912513,"favorite_count":1,"source":"<a href=\"https://about.twitter.com/products/tweetdeck\" rel=\"nofollow\">TweetDeck</a>","retweeted":false,"coordinates":null,"entities":{"symbols":[],"user_mentions":[{"id":2799960092,"indices":[1,12],"id_str":"2799960092","screen_name":"BBCNewsAus","name":"BBC News Australia"},{"id":14154272,"indices":[13,29],"id_str":"14154272","screen_name":"BBC_HaveYourSay","name":"BBC_HaveYourSay"},{"id":742143,"indices":[30,39],"id_str":"742143","screen_name":"BBCWorld","name":"BBC News (World)"}],"hashtags":[],"urls":[]},"in_reply_to_screen_name":"belliott5150","id_str":"544288525982912513","retweet_count":1,"in_reply_to_user_id":184544602,"favorited":false,"user":{"follow_request_sent":false,"profile_use_background_image":true,"profile_text_color":"666666","default_profile_image":false,"id":184544602,"profile_background_image_url_https":"https://abs.twimg.com/images/themes/theme9/bg.gif","verified":false,"profile_location":null,"profile_image_url_https":"https://pbs.twimg.com/profile_images/487605760625360900/mKY3dvmk_normal.jpeg","profile_sidebar_fill_color":"252429","entities":{"description":{"urls":[]}},"followers_count":628,"profile_sidebar_border_color":"181A1E","id_str":"184544602","profile_background_color":"1A1B1F","listed_count":10,"is_translation_enabled":false,"utc_offset":null,"statuses_count":7620,"description":"Writer and editor specialising in football, MMA, and pro wrestling. Currently the editor of Fighting Spirit Magazine. RTs are not necessarily endorsements.","friends_count":2000,"location":"","profile_link_color":"2FC2EF","profile_image_url":"http://pbs.twimg.com/profile_images/487605760625360900/mKY3dvmk_normal.jpeg","following":false,"geo_enabled":false,"profile_banner_url":"https://pbs.twimg.com/profile_banners/184544602/1395247909","profile_background_image_url":"http://abs.twimg.com/images/themes/theme9/bg.gif","name":"Brian Elliott","lang":"en","profile_background_tile":false,"favourites_count":7,"screen_name":"belliott5150","notifications":false,"url":null,"created_at":"Sun Aug 29 21:13:41 +0000 2010","contributors_enabled":false,"time_zone":null,"protected":false,"default_profile":false,"is_translator":false},"geo":null,"in_reply_to_user_id_str":"184544602","lang":"en","created_at":"Mon Dec 15 00:31:11 +0000 2014","in_reply_to_status_id_str":"544288370311327744","place":null},
{"contributors":null,"truncated":false,"text":"@BBCNewsAus @BBCNews @BBC_HaveYourSay https://t.co/vqI7YJCg4d \"Reminder be careful what you tweet about the Martin Place siege.\" @callapilla","in_reply_to_status_id":544288009747566592,"id":544288777301401600,"favorite_count":0,"source":"<a href=\"http://twitter.com\" rel=\"nofollow\">Twitter Web Client</a>","retweeted":false,"coordinates":null,"entities":{"symbols":[],"user_mentions":[{"id":2799960092,"indices":[0,11],"id_str":"2799960092","screen_name":"BBCNewsAus","name":"BBC News Australia"},{"id":612473,"indices":[12,20],"id_str":"612473","screen_name":"BBCNews","name":"BBC News (UK)"},{"id":14154272,"indices":[21,37],"id_str":"14154272","screen_name":"BBC_HaveYourSay","name":"BBC_HaveYourSay"},{"id":34465477,"indices":[129,140],"id_str":"34465477","screen_name":"callapilla","name":"Calla Wahlquist"}],"hashtags":[],"urls":[{"url":"https://t.co/vqI7YJCg4d","indices":[38,61],"expanded_url":"https://twitter.com/callapilla/status/544277087733837824","display_url":"twitter.com/callapilla/sta…"}]},"in_reply_to_screen_name":"BBCNewsAus","id_str":"544288777301401600","retweet_count":2,"in_reply_to_user_id":2799960092,"favorited":false,"user":{"follow_request_sent":false,"profile_use_background_image":true,"profile_text_color":"333333","default_profile_image":true,"id":1100846148,"profile_background_image_url_https":"https://abs.twimg.com/images/themes/theme1/bg.png","verified":false,"profile_location":null,"profile_image_url_https":"https://abs.twimg.com/sticky/default_profile_images/default_profile_3_normal.png","profile_sidebar_fill_color":"DDEEF6","entities":{"description":{"urls":[]}},"followers_count":13,"profile_sidebar_border_color":"C0DEED","id_str":"1100846148","profile_background_color":"C0DEED","listed_count":0,"is_translation_enabled":false,"utc_offset":null,"statuses_count":341,"description":"","friends_count":72,"location":"","profile_link_color":"0084B4","profile_image_url":"http://abs.twimg.com/sticky/default_profile_images/default_profile_3_normal.png","following":false,"geo_enabled":false,"profile_background_image_url":"http://abs.twimg.com/images/themes/theme1/bg.png","name":"Emily Williams","lang":"en","profile_background_tile":false,"favourites_count":29,"screen_name":"gw_emily","notifications":false,"url":null,"created_at":"Fri Jan 18 12:34:09 +0000 2013","contributors_enabled":false,"time_zone":null,"protected":false,"default_profile":true,"is_translator":false},"geo":null,"in_reply_to_user_id_str":"2799960092","possibly_sensitive":false,"lang":"en","created_at":"Mon Dec 15 00:32:11 +0000 2014","in_reply_to_status_id_str":"544288009747566592","place":null},
{"contributors":null,"truncated":false,"text":"@bbcnewsaus @bbc_haveyoursay JFC! Do you really think it helps to be tweeting about this?","in_reply_to_status_id":544288009747566592,"id":544288804916695040,"favorite_count":0,"source":"<a href=\"https://mobile.twitter.com\" rel=\"nofollow\">Mobile Web (M2)</a>","retweeted":false,"coordinates":null,"entities":{"symbols":[],"user_mentions":[{"id":2799960092,"indices":[0,11],"id_str":"2799960092","screen_name":"BBCNewsAus","name":"BBC News Australia"},{"id":14154272,"indices":[12,28],"id_str":"14154272","screen_name":"BBC_HaveYourSay","name":"BBC_HaveYourSay"}],"hashtags":[],"urls":[]},"in_reply_to_screen_name":"BBCNewsAus","id_str":"544288804916695040","retweet_count":3,"in_reply_to_user_id":2799960092,"favorited":false,"user":{"follow_request_sent":false,"profile_use_background_image":true,"profile_text_color":"333333","default_profile_image":false,"id":2465254319,"profile_background_image_url_https":"https://abs.twimg.com/images/themes/theme1/bg.png","verified":false,"profile_location":null,"profile_image_url_https":"https://pbs.twimg.com/profile_images/581294483196645376/UHaM-AyC_normal.jpg","profile_sidebar_fill_color":"DDEEF6","entities":{"description":{"urls":[]}},"followers_count":95,"profile_sidebar_border_color":"C0DEED","id_str":"2465254319","profile_background_color":"C0DEED","listed_count":5,"is_translation_enabled":false,"utc_offset":null,"statuses_count":4808,"description":"OKLAHOMA CITY THUNDER/Tone-deaf music lover/Peregrinator at heart/Animal admirer/Rebel without a cause/A very lucky bugger/University of the Philippines.","friends_count":182,"location":"Baguio City,Philippines","profile_link_color":"0084B4","profile_image_url":"http://pbs.twimg.com/profile_images/581294483196645376/UHaM-AyC_normal.jpg","following":false,"geo_enabled":false,"profile_banner_url":"https://pbs.twimg.com/profile_banners/2465254319/1412483814","profile_background_image_url":"http://abs.twimg.com/images/themes/theme1/bg.png","name":"jas ac","lang":"en","profile_background_tile":false,"favourites_count":2719,"screen_name":"gorill_Jas","notifications":false,"url":null,"created_at":"Sun Apr 06 16:44:59 +0000 2014","contributors_enabled":false,"time_zone":null,"protected":false,"default_profile":true,"is_translator":false},"geo":null,"in_reply_to_user_id_str":"2799960092","lang":"en","created_at":"Mon Dec 15 00:32:18 +0000 2014","in_reply_to_status_id_str":"544288009747566592","place":null},
{"contributors":null,"truncated":false,"text":"@BBCNewsAus @BBC_HaveYourSay people in surrounding office buildings told to stay inside #Sydneysiege","in_reply_to_status_id":544288009747566592,"id":544289092016427008,"favorite_count":0,"source":"<a href=\"http://twitter.com/download/android\" rel=\"nofollow\">Twitter for Android</a>","retweeted":false,"coordinates":null,"entities":{"symbols":[],"user_mentions":[{"id":2799960092,"indices":[0,11],"id_str":"2799960092","screen_name":"BBCNewsAus","name":"BBC News Australia"},{"id":14154272,"indices":[12,28],"id_str":"14154272","screen_name":"BBC_HaveYourSay","name":"BBC_HaveYourSay"}],"hashtags":[{"indices":[88,100],"text":"Sydneysiege"}],"urls":[]},"in_reply_to_screen_name":"BBCNewsAus","id_str":"544289092016427008","retweet_count":0,"in_reply_to_user_id":2799960092,"favorited":false,"user":{"follow_request_sent":false,"profile_use_background_image":true,"profile_text_color":"000000","default_profile_image":false,"id":2895571502,"profile_background_image_url_https":"https://pbs.twimg.com/profile_background_images/531780042930409472/Q1HC24-E.jpeg","verified":false,"profile_location":null,"profile_image_url_https":"https://pbs.twimg.com/profile_images/531777723656462336/idwu4VuG_normal.jpeg","profile_sidebar_fill_color":"000000","entities":{"url":{"urls":[{"url":"http://t.co/Cq3Re0s4bW","indices":[0,22],"expanded_url":"http://www.thegist.com.au","display_url":"thegist.com.au"}]},"description":{"urls":[]}},"followers_count":6,"profile_sidebar_border_color":"000000","id_str":"2895571502","profile_background_color":"000000","listed_count":0,"is_translation_enabled":false,"utc_offset":39600,"statuses_count":16,"description":"Not the news. Just the Gist.","friends_count":62,"location":"Australia","profile_link_color":"89C9FA","profile_image_url":"http://pbs.twimg.com/profile_images/531777723656462336/idwu4VuG_normal.jpeg","following":false,"geo_enabled":false,"profile_banner_url":"https://pbs.twimg.com/profile_banners/2895571502/1415620643","profile_background_image_url":"http://pbs.twimg.com/profile_background_images/531780042930409472/Q1HC24-E.jpeg","name":"The Gist","lang":"en","profile_background_tile":true,"favourites_count":0,"screen_name":"TheGistNow","notifications":false,"url":"http://t.co/Cq3Re0s4bW","created_at":"Mon Nov 10 11:53:08 +0000 2014","contributors_enabled":false,"time_zone":"Sydney","protected":false,"default_profile":false,"is_translator":false},"geo":null,"in_reply_to_user_id_str":"2799960092","lang":"en","created_at":"Mon Dec 15 00:33:26 +0000 2014","in_reply_to_status_id_str":"544288009747566592","place":null},
{"contributors":null,"truncated":false,"text":"@BBCNewsAus @BBC_HaveYourSay @BBCWorld Please be careful with what info you publish or retweet about police tactics/operational info","in_reply_to_status_id":544288009747566592,"id":544289143971266560,"favorite_count":2,"source":"<a href=\"https://about.twitter.com/products/tweetdeck\" rel=\"nofollow\">TweetDeck</a>","retweeted":false,"coordinates":null,"entities":{"symbols":[],"user_mentions":[{"id":2799960092,"indices":[0,11],"id_str":"2799960092","screen_name":"BBCNewsAus","name":"BBC News Australia"},{"id":14154272,"indices":[12,28],"id_str":"14154272","screen_name":"BBC_HaveYourSay","name":"BBC_HaveYourSay"},{"id":742143,"indices":[29,38],"id_str":"742143","screen_name":"BBCWorld","name":"BBC News (World)"}],"hashtags":[],"urls":[]},"in_reply_to_screen_name":"BBCNewsAus","id_str":"544289143971266560","retweet_count":4,"in_reply_to_user_id":2799960092,"favorited":false,"user":{"follow_request_sent":false,"profile_use_background_image":true,"profile_text_color":"333333","default_profile_image":false,"id":2718703542,"profile_background_image_url_https":"https://abs.twimg.com/images/themes/theme1/bg.png","verified":false,"profile_location":null,"profile_image_url_https":"https://pbs.twimg.com/profile_images/526278271990636544/UK5t3tx2_normal.jpeg","profile_sidebar_fill_color":"DDEEF6","entities":{"description":{"urls":[]}},"followers_count":86,"profile_sidebar_border_color":"C0DEED","id_str":"2718703542","profile_background_color":"C0DEED","listed_count":3,"is_translation_enabled":false,"utc_offset":39600,"statuses_count":192,"description":"Research Associate @LowyInstitute with a wide watch. Best versed in defence/security issues. Recent DoD escapee.As likely to tweet about Nebbiolo as Mearsheimer","friends_count":125,"location":"","profile_link_color":"0084B4","profile_image_url":"http://pbs.twimg.com/profile_images/526278271990636544/UK5t3tx2_normal.jpeg","following":false,"geo_enabled":false,"profile_background_image_url":"http://abs.twimg.com/images/themes/theme1/bg.png","name":"Emilia Christoforou","lang":"en","profile_background_tile":false,"favourites_count":0,"screen_name":"emchristoforou","notifications":false,"url":null,"created_at":"Sat Aug 09 06:08:27 +0000 2014","contributors_enabled":false,"time_zone":"Sydney","protected":false,"default_profile":true,"is_translator":false},"geo":null,"in_reply_to_user_id_str":"2799960092","lang":"en","created_at":"Mon Dec 15 00:33:38 +0000 2014","in_reply_to_status_id_str":"544288009747566592","place":null},
{"contributors":null,"truncated":false,"text":".@BBCNewsAus .@BBCWorld .@BBC_HaveYourSay  The flag is the Shahada. Google that.","in_reply_to_status_id":544288009747566592,"id":544289326574866434,"favorite_count":1,"source":"<a href=\"http://www.twitter.com\" rel=\"nofollow\">Twitter for BlackBerry</a>","retweeted":false,"coordinates":null,"entities":{"symbols":[],"user_mentions":[{"id":2799960092,"indices":[1,12],"id_str":"2799960092","screen_name":"BBCNewsAus","name":"BBC News Australia"},{"id":742143,"indices":[14,23],"id_str":"742143","screen_name":"BBCWorld","name":"BBC News (World)"},{"id":14154272,"indices":[25,41],"id_str":"14154272","screen_name":"BBC_HaveYourSay","name":"BBC_HaveYourSay"}],"hashtags":[],"urls":[]},"in_reply_to_screen_name":"BBCNewsAus","id_str":"544289326574866434","retweet_count":1,"in_reply_to_user_id":2799960092,"favorited":false,"user":{"follow_request_sent":false,"profile_use_background_image":true,"profile_text_color":"333333","default_profile_image":false,"id":2873267413,"profile_background_image_url_https":"https://abs.twimg.com/images/themes/theme1/bg.png","verified":false,"profile_location":null,"profile_image_url_https":"https://pbs.twimg.com/profile_images/543861702853287936/3kttBFi5_normal.jpeg","profile_sidebar_fill_color":"DDEEF6","entities":{"description":{"urls":[]}},"followers_count":23,"profile_sidebar_border_color":"C0DEED","id_str":"2873267413","profile_background_color":"C0DEED","listed_count":1,"is_translation_enabled":false,"utc_offset":-18000,"statuses_count":615,"description":"","friends_count":87,"location":"","profile_link_color":"0084B4","profile_image_url":"http://pbs.twimg.com/profile_images/543861702853287936/3kttBFi5_normal.jpeg","following":false,"geo_enabled":false,"profile_background_image_url":"http://abs.twimg.com/images/themes/theme1/bg.png","name":"Nazarene","lang":"en","profile_background_tile":false,"favourites_count":9,"screen_name":"ExitCalmly","notifications":false,"url":null,"created_at":"Thu Oct 23 12:17:36 +0000 2014","contributors_enabled":false,"time_zone":"Eastern Time (US & Canada)","protected":false,"default_profile":true,"is_translator":false},"geo":null,"in_reply_to_user_id_str":"2799960092","lang":"en","created_at":"Mon Dec 15 00:34:22 +0000 2014","in_reply_to_status_id_str":"544288009747566592","place":null},
{"contributors":null,"truncated":false,"text":"@bbcnewsaus @bbc_haveyoursay @bbcworld  hope people there will be safe hhhhhh","in_reply_to_status_id":544288009747566592,"id":544290687764946944,"favorite_count":0,"source":"<a href=\"https://mobile.twitter.com\" rel=\"nofollow\">Mobile Web (M2)</a>","retweeted":false,"coordinates":null,"entities":{"symbols":[],"user_mentions":[{"id":2799960092,"indices":[0,11],"id_str":"2799960092","screen_name":"BBCNewsAus","name":"BBC News Australia"},{"id":14154272,"indices":[12,28],"id_str":"14154272","screen_name":"BBC_HaveYourSay","name":"BBC_HaveYourSay"},{"id":742143,"indices":[29,38],"id_str":"742143","screen_name":"BBCWorld","name":"BBC News (World)"}],"hashtags":[],"urls":[]},"in_reply_to_screen_name":"BBCNewsAus","id_str":"544290687764946944","retweet_count":0,"in_reply_to_user_id":2799960092,"favorited":false,"user":{"follow_request_sent":false,"profile_use_background_image":true,"profile_text_color":"333333","default_profile_image":false,"id":2657766588,"profile_background_image_url_https":"https://abs.twimg.com/images/themes/theme1/bg.png","verified":false,"profile_location":null,"profile_image_url_https":"https://pbs.twimg.com/profile_images/490248309588512768/Fj1BoUMU_normal.jpeg","profile_sidebar_fill_color":"DDEEF6","entities":{"description":{"urls":[]}},"followers_count":0,"profile_sidebar_border_color":"C0DEED","id_str":"2657766588","profile_background_color":"C0DEED","listed_count":0,"is_translation_enabled":false,"utc_offset":null,"statuses_count":245,"description":"","friends_count":233,"location":"","profile_link_color":"0084B4","profile_image_url":"http://pbs.twimg.com/profile_images/490248309588512768/Fj1BoUMU_normal.jpeg","following":false,"geo_enabled":true,"profile_background_image_url":"http://abs.twimg.com/images/themes/theme1/bg.png","name":"salwa ben romthane","lang":"fr","profile_background_tile":false,"favourites_count":4,"screen_name":"SRomthane","notifications":false,"url":null,"created_at":"Fri Jul 18 21:28:38 +0000 2014","contributors_enabled":false,"time_zone":null,"protected":false,"default_profile":true,"is_translator":false},"geo":null,"in_reply_to_user_id_str":"2799960092","lang":"en","created_at":"Mon Dec 15 00:39:47 +0000 2014","in_reply_to_status_id_str":"544288009747566592","place":null},
{"contributors":null,"truncated":false,"text":"@PepalaPow @BBCNewsAus @BBC_HaveYourSay Need 2agree; not good idea 4 you 2 be doing right now;DM or not, U don't know who U are talking with","in_reply_to_status_id":544288266929704960,"id":544291760164601857,"favorite_count":0,"source":"<a href=\"http://twitter.com/download/iphone\" rel=\"nofollow\">Twitter for iPhone</a>","retweeted":false,"coordinates":null,"entities":{"symbols":[],"user_mentions":[{"id":2866928828,"indices":[0,10],"id_str":"2866928828","screen_name":"PepalaPow","name":"Pepâ la Pow!"},{"id":2799960092,"indices":[11,22],"id_str":"2799960092","screen_name":"BBCNewsAus","name":"BBC News Australia"},{"id":14154272,"indices":[23,39],"id_str":"14154272","screen_name":"BBC_HaveYourSay","name":"BBC_HaveYourSay"}],"hashtags":[],"urls":[]},"in_reply_to_screen_name":"PepalaPow","id_str":"544291760164601857","retweet_count":0,"in_reply_to_user_id":2866928828,"favorited":false,"user":{"follow_request_sent":false,"profile_use_background_image":true,"profile_text_color":"333333","default_profile_image":false,"id":1339126123,"profile_background_image_url_https":"https://abs.twimg.com/images/themes/theme1/bg.png","verified":false,"profile_location":null,"profile_image_url_https":"https://pbs.twimg.com/profile_images/572221775825768449/rYNFt1Fr_normal.jpeg","profile_sidebar_fill_color":"DDEEF6","entities":{"description":{"urls":[]}},"followers_count":245,"profile_sidebar_border_color":"C0DEED","id_str":"1339126123","profile_background_color":"C0DEED","listed_count":3,"is_translation_enabled":false,"utc_offset":-18000,"statuses_count":5690,"description":"","friends_count":272,"location":"","profile_link_color":"0084B4","profile_image_url":"http://pbs.twimg.com/profile_images/572221775825768449/rYNFt1Fr_normal.jpeg","following":false,"geo_enabled":true,"profile_banner_url":"https://pbs.twimg.com/profile_banners/1339126123/1365856950","profile_background_image_url":"http://abs.twimg.com/images/themes/theme1/bg.png","name":"Mary","lang":"en","profile_background_tile":false,"favourites_count":2237,"screen_name":"77mkc","notifications":false,"url":null,"created_at":"Tue Apr 09 12:51:03 +0000 2013","contributors_enabled":false,"time_zone":"Eastern Time (US & Canada)","protected":false,"default_profile":true,"is_translator":false},"geo":null,"in_reply_to_user_id_str":"2866928828","lang":"en","created_at":"Mon Dec 15 00:44:02 +0000 2014","in_reply_to_status_id_str":"544288266929704960","place":null},
{"contributors":null,"truncated":false,"text":"@BBCNewsAus @BBC_HaveYourSay Are any Brits in there? I pray for all the hostages and urge you all to join me.","in_reply_to_status_id":544288009747566592,"id":544292125182291968,"favorite_count":0,"source":"<a href=\"https://twitter.com/download/android\" rel=\"nofollow\">Twitter for Android Tablets</a>","retweeted":false,"coordinates":null,"entities":{"symbols":[],"user_mentions":[{"id":2799960092,"indices":[0,11],"id_str":"2799960092","screen_name":"BBCNewsAus","name":"BBC News Australia"},{"id":14154272,"indices":[12,28],"id_str":"14154272","screen_name":"BBC_HaveYourSay","name":"BBC_HaveYourSay"}],"hashtags":[],"urls":[]},"in_reply_to_screen_name":"BBCNewsAus","id_str":"544292125182291968","retweet_count":0,"in_reply_to_user_id":2799960092,"favorited":false,"user":{"follow_request_sent":false,"profile_use_background_image":true,"profile_text_color":"333333","default_profile_image":false,"id":142165701,"profile_background_image_url_https":"https://abs.twimg.com/images/themes/theme1/bg.png","verified":false,"profile_location":null,"profile_image_url_https":"https://pbs.twimg.com/profile_images/483928507475849217/WLU7oPwh_normal.jpeg","profile_sidebar_fill_color":"DDEEF6","entities":{"description":{"urls":[]}},"followers_count":406,"profile_sidebar_border_color":"C0DEED","id_str":"142165701","profile_background_color":"C0DEED","listed_count":3,"is_translation_enabled":false,"utc_offset":null,"statuses_count":3598,"description":"Single gay guy. Long-term neuro-muscular disability. GB not EU. Emmerdale fan. Sticky Toffee Pud lover.","friends_count":545,"location":"Cannock Chase","profile_link_color":"0084B4","profile_image_url":"http://pbs.twimg.com/profile_images/483928507475849217/WLU7oPwh_normal.jpeg","following":false,"geo_enabled":true,"profile_background_image_url":"http://abs.twimg.com/images/themes/theme1/bg.png","name":"MARK EDWARDS","lang":"en","profile_background_tile":false,"favourites_count":574,"screen_name":"pyegreenfalcon","notifications":false,"url":null,"created_at":"Mon May 10 04:28:54 +0000 2010","contributors_enabled":false,"time_zone":null,"protected":false,"default_profile":true,"is_translator":false},"geo":null,"in_reply_to_user_id_str":"2799960092","lang":"en","created_at":"Mon Dec 15 00:45:29 +0000 2014","in_reply_to_status_id_str":"544288009747566592","place":null},
{"contributors":null,"truncated":false,"text":"@BBCNewsAus @BBC_HaveYourSay Scary day in Sydney. Always felt so safe here compared to London.","in_reply_to_status_id":544288009747566592,"id":544294845557141505,"favorite_count":0,"source":"<a href=\"http://twitter.com\" rel=\"nofollow\">Twitter Web Client</a>","retweeted":false,"coordinates":null,"entities":{"symbols":[],"user_mentions":[{"id":2799960092,"indices":[0,11],"id_str":"2799960092","screen_name":"BBCNewsAus","name":"BBC News Australia"},{"id":14154272,"indices":[12,28],"id_str":"14154272","screen_name":"BBC_HaveYourSay","name":"BBC_HaveYourSay"}],"hashtags":[],"urls":[]},"in_reply_to_screen_name":"BBCNewsAus","id_str":"544294845557141505","retweet_count":0,"in_reply_to_user_id":2799960092,"favorited":false,"user":{"follow_request_sent":false,"profile_use_background_image":true,"profile_text_color":"333333","default_profile_image":false,"id":240864078,"profile_background_image_url_https":"https://pbs.twimg.com/profile_background_images/309345687/Picture12.jpg","verified":false,"profile_location":null,"profile_image_url_https":"https://pbs.twimg.com/profile_images/2826849200/4d5403e12be162fff3f5d4e3104da6d9_normal.jpeg","profile_sidebar_fill_color":"DDEEF6","entities":{"description":{"urls":[]}},"followers_count":372,"profile_sidebar_border_color":"C0DEED","id_str":"240864078","profile_background_color":"C0DEED","listed_count":2,"is_translation_enabled":false,"utc_offset":null,"statuses_count":1238,"description":"","friends_count":626,"location":"Cambridge/ East London","profile_link_color":"0084B4","profile_image_url":"http://pbs.twimg.com/profile_images/2826849200/4d5403e12be162fff3f5d4e3104da6d9_normal.jpeg","following":false,"geo_enabled":true,"profile_banner_url":"https://pbs.twimg.com/profile_banners/240864078/1361456584","profile_background_image_url":"http://pbs.twimg.com/profile_background_images/309345687/Picture12.jpg","name":"Ella McKee","lang":"en","profile_background_tile":true,"favourites_count":7,"screen_name":"Ella_McKee","notifications":false,"url":null,"created_at":"Thu Jan 20 22:46:57 +0000 2011","contributors_enabled":false,"time_zone":null,"protected":false,"default_profile":false,"is_translator":false},"geo":null,"in_reply_to_user_id_str":"2799960092","lang":"en","created_at":"Mon Dec 15 00:56:18 +0000 2014","in_reply_to_status_id_str":"544288009747566592","place":null},
{"contributors":null,"truncated":false,"text":"@BBCNewsAus @BBCNews @BBC_HaveYourSay Yeh I've just seen this at the scene truly shocksing. http://t.co/GQxk4w53b6","in_reply_to_status_id":544288009747566592,"id":544299060501704705,"favorite_count":0,"source":"<a href=\"http://twitter.com/#!/download/ipad\" rel=\"nofollow\">Twitter for iPad</a>","retweeted":false,"coordinates":null,"entities":{"symbols":[],"user_mentions":[{"id":2799960092,"indices":[0,11],"id_str":"2799960092","screen_name":"BBCNewsAus","name":"BBC News Australia"},{"id":612473,"indices":[12,20],"id_str":"612473","screen_name":"BBCNews","name":"BBC News (UK)"},{"id":14154272,"indices":[21,37],"id_str":"14154272","screen_name":"BBC_HaveYourSay","name":"BBC_HaveYourSay"}],"hashtags":[],"urls":[],"media":[{"expanded_url":"http://twitter.com/BlueArmyE_F_C/status/544299060501704705/photo/1","display_url":"pic.twitter.com/GQxk4w53b6","url":"http://t.co/GQxk4w53b6","media_url_https":"https://pbs.twimg.com/media/B429GuLCYAANiDH.jpg","id_str":"544299053152886784","sizes":{"small":{"h":255,"resize":"fit","w":340},"large":{"h":768,"resize":"fit","w":1024},"medium":{"h":450,"resize":"fit","w":600},"thumb":{"h":150,"resize":"crop","w":150}},"indices":[92,114],"type":"photo","id":544299053152886784,"media_url":"http://pbs.twimg.com/media/B429GuLCYAANiDH.jpg"}]},"in_reply_to_screen_name":"BBCNewsAus","id_str":"544299060501704705","retweet_count":0,"in_reply_to_user_id":2799960092,"favorited":false,"user":{"follow_request_sent":false,"profile_use_background_image":true,"profile_text_color":"333333","default_profile_image":false,"id":2279308324,"profile_background_image_url_https":"https://abs.twimg.com/images/themes/theme1/bg.png","verified":false,"profile_location":null,"profile_image_url_https":"https://pbs.twimg.com/profile_images/545372215592894465/LCaZFzGN_normal.jpeg","profile_sidebar_fill_color":"DDEEF6","entities":{"description":{"urls":[]}},"followers_count":433,"profile_sidebar_border_color":"C0DEED","id_str":"2279308324","profile_background_color":"C0DEED","listed_count":1,"is_translation_enabled":false,"utc_offset":null,"statuses_count":4634,"description":"Everton","friends_count":584,"location":"","profile_link_color":"0084B4","profile_image_url":"http://pbs.twimg.com/profile_images/545372215592894465/LCaZFzGN_normal.jpeg","following":false,"geo_enabled":false,"profile_banner_url":"https://pbs.twimg.com/profile_banners/2279308324/1389628493","profile_background_image_url":"http://abs.twimg.com/images/themes/theme1/bg.png","name":"№ 5","lang":"en","profile_background_tile":false,"favourites_count":140,"screen_name":"BlueArmyE_F_C","notifications":false,"url":null,"created_at":"Mon Jan 13 15:11:58 +0000 2014","contributors_enabled":false,"time_zone":null,"protected":false,"default_profile":true,"is_translator":false},"geo":null,"in_reply_to_user_id_str":"2799960092","possibly_sensitive":false,"lang":"en","created_at":"Mon Dec 15 01:13:03 +0000 2014","in_reply_to_status_id_str":"544288009747566592","place":null,"extended_entities":{"media":[{"expanded_url":"http://twitter.com/BlueArmyE_F_C/status/544299060501704705/photo/1","display_url":"pic.twitter.com/GQxk4w53b6","url":"http://t.co/GQxk4w53b6","media_url_https":"https://pbs.twimg.com/media/B429GuLCYAANiDH.jpg","id_str":"544299053152886784","sizes":{"small":{"h":255,"resize":"fit","w":340},"large":{"h":768,"resize":"fit","w":1024},"medium":{"h":450,"resize":"fit","w":600},"thumb":{"h":150,"resize":"crop","w":150}},"indices":[92,114],"type":"photo","id":544299053152886784,"media_url":"http://pbs.twimg.com/media/B429GuLCYAANiDH.jpg"}]}},
{"contributors":null,"truncated":false,"text":"@BBCNewsAus @BBCWorld @BBC_HaveYourSay the world has to go all out war after these terrorist  Democrats in the US want to give them right","in_reply_to_status_id":544288009747566592,"id":544301388147466240,"favorite_count":0,"source":"<a href=\"http://twitter.com/download/android\" rel=\"nofollow\">Twitter for Android</a>","retweeted":false,"coordinates":null,"entities":{"symbols":[],"user_mentions":[{"id":2799960092,"indices":[0,11],"id_str":"2799960092","screen_name":"BBCNewsAus","name":"BBC News Australia"},{"id":742143,"indices":[12,21],"id_str":"742143","screen_name":"BBCWorld","name":"BBC News (World)"},{"id":14154272,"indices":[22,38],"id_str":"14154272","screen_name":"BBC_HaveYourSay","name":"BBC_HaveYourSay"}],"hashtags":[],"urls":[]},"in_reply_to_screen_name":"BBCNewsAus","id_str":"544301388147466240","retweet_count":0,"in_reply_to_user_id":2799960092,"favorited":false,"user":{"follow_request_sent":false,"profile_use_background_image":true,"profile_text_color":"333333","default_profile_image":false,"id":117509053,"profile_background_image_url_https":"https://abs.twimg.com/images/themes/theme1/bg.png","verified":false,"profile_location":null,"profile_image_url_https":"https://pbs.twimg.com/profile_images/718115684/trip_020_normal.jpg","profile_sidebar_fill_color":"DDEEF6","entities":{"description":{"urls":[]}},"followers_count":15,"profile_sidebar_border_color":"C0DEED","id_str":"117509053","profile_background_color":"C0DEED","listed_count":3,"is_translation_enabled":false,"utc_offset":null,"statuses_count":2961,"description":"","friends_count":28,"location":"Hackensack NJ","profile_link_color":"0084B4","profile_image_url":"http://pbs.twimg.com/profile_images/718115684/trip_020_normal.jpg","following":false,"geo_enabled":true,"profile_banner_url":"https://pbs.twimg.com/profile_banners/117509053/1399293917","profile_background_image_url":"http://abs.twimg.com/images/themes/theme1/bg.png","name":"joseph casey","lang":"en","profile_background_tile":false,"favourites_count":6,"screen_name":"ocasey321","notifications":false,"url":null,"created_at":"Thu Feb 25 19:49:20 +0000 2010","contributors_enabled":false,"time_zone":null,"protected":false,"default_profile":true,"is_translator":false},"geo":null,"in_reply_to_user_id_str":"2799960092","lang":"en","created_at":"Mon Dec 15 01:22:18 +0000 2014","in_reply_to_status_id_str":"544288009747566592","place":null},
{"contributors":null,"truncated":false,"text":"@BBCNewsAus @BBCNews @BBC_HaveYourSay Muslim on BBC news  wanting sympathy, not for the hostages, but for backlash at Muslims #sydneysiege","in_reply_to_status_id":544288009747566592,"id":544309288219705345,"favorite_count":0,"source":"<a href=\"http://twitter.com\" rel=\"nofollow\">Twitter Web Client</a>","retweeted":false,"coordinates":null,"entities":{"symbols":[],"user_mentions":[{"id":2799960092,"indices":[0,11],"id_str":"2799960092","screen_name":"BBCNewsAus","name":"BBC News Australia"},{"id":612473,"indices":[12,20],"id_str":"612473","screen_name":"BBCNews","name":"BBC News (UK)"},{"id":14154272,"indices":[21,37],"id_str":"14154272","screen_name":"BBC_HaveYourSay","name":"BBC_HaveYourSay"}],"hashtags":[{"indices":[126,138],"text":"sydneysiege"}],"urls":[]},"in_reply_to_screen_name":"BBCNewsAus","id_str":"544309288219705345","retweet_count":0,"in_reply_to_user_id":2799960092,"favorited":false,"user":{"follow_request_sent":false,"profile_use_background_image":true,"profile_text_color":"A20D47","default_profile_image":false,"id":823731786,"profile_background_image_url_https":"https://pbs.twimg.com/profile_background_images/670977285/d12acf49288e22e3bdc3025f0ec3e36e.jpeg","verified":false,"profile_location":null,"profile_image_url_https":"https://pbs.twimg.com/profile_images/2655783381/b56f18c280d6daae55cf6b86e2dbd27e_normal.png","profile_sidebar_fill_color":"FA2F66","entities":{"description":{"urls":[]}},"followers_count":104,"profile_sidebar_border_color":"000000","id_str":"823731786","profile_background_color":"460C46","listed_count":0,"is_translation_enabled":false,"utc_offset":3600,"statuses_count":3008,"description":"UAF + Hope not hate = Sugar Coated Fascists \r\n#  illegal immigrants need to be: 1) iDentified, 2) Detained, 3) Deported","friends_count":212,"location":" (The 3D’s)","profile_link_color":"730448","profile_image_url":"http://pbs.twimg.com/profile_images/2655783381/b56f18c280d6daae55cf6b86e2dbd27e_normal.png","following":false,"geo_enabled":false,"profile_banner_url":"https://pbs.twimg.com/profile_banners/823731786/1350622663","profile_background_image_url":"http://pbs.twimg.com/profile_background_images/670977285/d12acf49288e22e3bdc3025f0ec3e36e.jpeg","name":"Anton Dantes","lang":"en","profile_background_tile":true,"favourites_count":57,"screen_name":"AntonDantes","notifications":false,"url":null,"created_at":"Fri Sep 14 18:17:04 +0000 2012","contributors_enabled":false,"time_zone":"Amsterdam","protected":false,"default_profile":false,"is_translator":false},"geo":null,"in_reply_to_user_id_str":"2799960092","lang":"en","created_at":"Mon Dec 15 01:53:41 +0000 2014","in_reply_to_status_id_str":"544288009747566592","place":null},
{"contributors":null,"truncated":false,"text":"@BBCNewsAus @BBC_HaveYourSay  Isis only understand one thing death","in_reply_to_status_id":544288009747566592,"id":544310956898418688,"favorite_count":0,"source":"<a href=\"https://twitter.com/download/android\" rel=\"nofollow\">Twitter for Android Tablets</a>","retweeted":false,"coordinates":null,"entities":{"symbols":[],"user_mentions":[{"id":2799960092,"indices":[0,11],"id_str":"2799960092","screen_name":"BBCNewsAus","name":"BBC News Australia"},{"id":14154272,"indices":[12,28],"id_str":"14154272","screen_name":"BBC_HaveYourSay","name":"BBC_HaveYourSay"}],"hashtags":[],"urls":[]},"in_reply_to_screen_name":"BBCNewsAus","id_str":"544310956898418688","retweet_count":0,"in_reply_to_user_id":2799960092,"favorited":false,"user":{"follow_request_sent":false,"profile_use_background_image":true,"profile_text_color":"333333","default_profile_image":true,"id":1960081916,"profile_background_image_url_https":"https://abs.twimg.com/images/themes/theme1/bg.png","verified":false,"profile_location":null,"profile_image_url_https":"https://abs.twimg.com/sticky/default_profile_images/default_profile_2_normal.png","profile_sidebar_fill_color":"DDEEF6","entities":{"description":{"urls":[]}},"followers_count":38,"profile_sidebar_border_color":"C0DEED","id_str":"1960081916","profile_background_color":"C0DEED","listed_count":2,"is_translation_enabled":false,"utc_offset":null,"statuses_count":1617,"description":"","friends_count":377,"location":"","profile_link_color":"0084B4","profile_image_url":"http://abs.twimg.com/sticky/default_profile_images/default_profile_2_normal.png","following":false,"geo_enabled":true,"profile_banner_url":"https://pbs.twimg.com/profile_banners/1960081916/1404685828","profile_background_image_url":"http://abs.twimg.com/images/themes/theme1/bg.png","name":"david.  reagin","lang":"en","profile_background_tile":false,"favourites_count":15,"screen_name":"_reagin","notifications":false,"url":null,"created_at":"Mon Oct 14 06:46:41 +0000 2013","contributors_enabled":false,"time_zone":null,"protected":false,"default_profile":true,"is_translator":false},"geo":null,"in_reply_to_user_id_str":"2799960092","lang":"en","created_at":"Mon Dec 15 02:00:19 +0000 2014","in_reply_to_status_id_str":"544288009747566592","place":null}
]