[{"contributors":null,"truncated":false,"text":"@PzFeed oo","in_reply_to_status_id":544277728930062336,"id":544277775159287809,"favorite_count":0,"source":"<a href=\"http://twitter.com/download/iphone\" rel=\"nofollow\">Twitter for iPhone</a>","retweeted":false,"coordinates":null,"entities":{"symbols":[],"user_mentions":[{"id":292777349,"indices":[0,7],"id_str":"292777349","screen_name":"PzFeed","name":"PzFeed Top News"}],"hashtags":[],"urls":[]},"in_reply_to_screen_name":"PzFeed","id_str":"544277775159287809","retweet_count":0,"in_reply_to_user_id":292777349,"favorited":false,"user":{"follow_request_sent":false,"profile_use_background_image":true,"profile_text_color":"333333","default_profile_image":false,"id":1173940586,"profile_background_image_url_https":"https://abs.twimg.com/images/themes/theme1/bg.png","verified":false,"profile_location":null,"profile_image_url_https":"https://pbs.twimg.com/profile_images/567505667200532480/T39YrQlH_normal.jpeg","profile_sidebar_fill_color":"DDEEF6","entities":{"description":{"urls":[{"url":"http://t.co/0lDClzCrpV","indices":[62,84],"expanded_url":"http://TalkshowHost.Ceo","display_url":"TalkshowHost.Ceo"}]}},"followers_count":611,"profile_sidebar_border_color":"C0DEED","id_str":"1173940586","profile_background_color":"C0DEED","listed_count":10,"is_translation_enabled":false,"utc_offset":null,"statuses_count":10692,"description":"Correspondent.Developer.Journalist.Salesperson. Entrepreneur. http://t.co/0lDClzCrpV.Whatever.","friends_count":480,"location":"Middle east.","profile_link_color":"0084B4","profile_image_url":"http://pbs.twimg.com/profile_images/567505667200532480/T39YrQlH_normal.jpeg","following":false,"geo_enabled":true,"profile_banner_url":"https://pbs.twimg.com/profile_banners/1173940586/1415158498","profile_background_image_url":"http://abs.twimg.com/images/themes/theme1/bg.png","name":"~ZLB~","lang":"en","profile_background_tile":false,"favourites_count":31384,"screen_name":"iZalmee","notifications":false,"url":null,"created_at":"Wed Feb 13 04:57:19 +0000 2013","contributors_enabled":false,"time_zone":null,"protected":false,"default_profile":true,"is_translator":false},"geo":null,"in_reply_to_user_id_str":"292777349","lang":"und","created_at":"Sun Dec 14 23:48:28 +0000 2014","in_reply_to_status_id_str":"544277728930062336","place":null},
{"contributors":null,"truncated":false,"text":"@PzFeed y","in_reply_to_status_id":544277728930062336,"id":544277811536465920,"favorite_count":0,"source":"<a href=\"http://twitter.com\" rel=\"nofollow\">Twitter Web Client</a>","retweeted":false,"coordinates":null,"entities":{"symbols":[],"user_mentions":[{"id":292777349,"indices":[0,7],"id_str":"292777349","screen_name":"PzFeed","name":"PzFeed Top News"}],"hashtags":[],"urls":[]},"in_reply_to_screen_name":"PzFeed","id_str":"544277811536465920","retweet_count":0,"in_reply_to_user_id":292777349,"favorited":false,"user":{"follow_request_sent":false,"profile_use_background_image":true,"profile_text_color":"333333","default_profile_image":false,"id":2432713640,"profile_background_image_url_https":"https://abs.twimg.com/images/themes/theme1/bg.png","verified":false,"profile_location":null,"profile_image_url_https":"https://pbs.twimg.com/profile_images/543311087676829697/hfS_rXeA_normal.png","profile_sidebar_fill_color":"DDEEF6","entities":{"url":{"urls":[{"url":"http://t.co/RqHkYCnLhU","indices":[0,22],"expanded_url":"http://youtube.com/thewavyfire","display_url":"youtube.com/thewavyfire"}]},"description":{"urls":[]}},"followers_count":130,"profile_sidebar_border_color":"C0DEED","id_str":"2432713640","profile_background_color":"C0DEED","listed_count":1,"is_translation_enabled":false,"utc_offset":-28800,"statuses_count":594,"description":"Rising Competitive Xbox 360 and One COD Gamer. |*GB STAR* | GT: bT Flareon|   F/A","friends_count":325,"location":"Los Angeles, CA","profile_link_color":"F5ABB5","profile_image_url":"http://pbs.twimg.com/profile_images/543311087676829697/hfS_rXeA_normal.png","following":false,"geo_enabled":false,"profile_banner_url":"https://pbs.twimg.com/profile_banners/2432713640/1418601025","profile_background_image_url":"http://abs.twimg.com/images/themes/theme1/bg.png","name":"Flareon","lang":"en","profile_background_tile":false,"favourites_count":299,"screen_name":"bT_Flareon","notifications":false,"url":"http://t.co/RqHkYCnLhU","created_at":"Mon Apr 07 23:19:46 +0000 2014","contributors_enabled":false,"time_zone":"Pacific Time (US & Canada)","protected":false,"default_profile":false,"is_translator":false},"geo":null,"in_reply_to_user_id_str":"292777349","lang":"und","created_at":"Sun Dec 14 23:48:37 +0000 2014","in_reply_to_status_id_str":"544277728930062336","place":null},
{"contributors":null,"truncated":false,"text":"@PzFeed this have to do with the Lindt cafe situation?","in_reply_to_status_id":544277728930062336,"id":544277858169159683,"favorite_count":0,"source":"<a href=\"http://twitter.com/download/iphone\" rel=\"nofollow\">Twitter for iPhone</a>","retweeted":false,"coordinates":null,"entities":{"symbols":[],"user_mentions":[{"id":292777349,"indices":[0,7],"id_str":"292777349","screen_name":"PzFeed","name":"PzFeed Top News"}],"hashtags":[],"urls":[]},"in_reply_to_screen_name":"PzFeed","id_str":"544277858169159683","retweet_count":0,"in_reply_to_user_id":292777349,"favorited":false,"user":{"follow_request_sent":false,"profile_use_background_image":true,"profile_text_color":"333333","default_profile_image":false,"id":383216769,"profile_background_image_url_https":"https://abs.twimg.com/images/themes/theme1/bg.png","verified":false,"profile_location":null,"profile_image_url_https":"https://pbs.twimg.com/profile_images/517054865194098688/poLW7Cz2_normal.jpeg","profile_sidebar_fill_color":"DDEEF6","entities":{"description":{"urls":[]}},"followers_count":399,"profile_sidebar_border_color":"C0DEED","id_str":"383216769","profile_background_color":"C0DEED","listed_count":4,"is_translation_enabled":false,"utc_offset":null,"statuses_count":3126,"description":"Spreading the word of Poseidon! He sank Atlantis for your life to live!","friends_count":495,"location":"South Jersey","profile_link_color":"0084B4","profile_image_url":"http://pbs.twimg.com/profile_images/517054865194098688/poLW7Cz2_normal.jpeg","following":false,"geo_enabled":false,"profile_banner_url":"https://pbs.twimg.com/profile_banners/383216769/1414123292","profile_background_image_url":"http://abs.twimg.com/images/themes/theme1/bg.png","name":"Aries Black","lang":"en","profile_background_tile":false,"favourites_count":14744,"screen_name":"IamChrisBlack","notifications":false,"url":null,"created_at":"Sat Oct 01 13:44:02 +0000 2011","contributors_enabled":false,"time_zone":null,"protected":false,"default_profile":true,"is_translator":false},"geo":null,"in_reply_to_user_id_str":"292777349","lang":"en","created_at":"Sun Dec 14 23:48:48 +0000 2014","in_reply_to_status_id_str":"544277728930062336","place":null},
{"contributors":null,"truncated":false,"text":"@PzFeed great can't land now","in_reply_to_status_id":544277728930062336,"id":544277911042543616,"favorite_count":0,"source":"<a href=\"http://twitter.com/download/iphone\" rel=\"nofollow\">Twitter for iPhone</a>","retweeted":false,"coordinates":null,"entities":{"symbols":[],"user_mentions":[{"id":292777349,"indices":[0,7],"id_str":"292777349","screen_name":"PzFeed","name":"PzFeed Top News"}],"hashtags":[],"urls":[]},"in_reply_to_screen_name":"PzFeed","id_str":"544277911042543616","retweet_count":0,"in_reply_to_user_id":292777349,"favorited":false,"user":{"follow_request_sent":false,"profile_use_background_image":true,"profile_text_color":"0C3E53","default_profile_image":false,"id":316493724,"profile_background_image_url_https":"https://abs.twimg.com/images/themes/theme12/bg.gif","verified":false,"profile_location":null,"profile_image_url_https":"https://pbs.twimg.com/profile_images/587009664375721985/osJaea24_normal.jpg","profile_sidebar_fill_color":"FFF7CC","entities":{"description":{"urls":[]}},"followers_count":269,"profile_sidebar_border_color":"F2E195","id_str":"316493724","profile_background_color":"BADFCD","listed_count":6,"is_translation_enabled":false,"utc_offset":null,"statuses_count":29840,"description":"go nats go","friends_count":458,"location":"","profile_link_color":"FF0000","profile_image_url":"http://pbs.twimg.com/profile_images/587009664375721985/osJaea24_normal.jpg","following":false,"geo_enabled":true,"profile_banner_url":"https://pbs.twimg.com/profile_banners/316493724/1412446994","profile_background_image_url":"http://abs.twimg.com/images/themes/theme12/bg.gif","name":"Justin","lang":"en","profile_background_tile":false,"favourites_count":7201,"screen_name":"kgxgold","notifications":false,"url":null,"created_at":"Mon Jun 13 14:50:04 +0000 2011","contributors_enabled":false,"time_zone":null,"protected":false,"default_profile":false,"is_translator":false},"geo":null,"in_reply_to_user_id_str":"292777349","lang":"en","created_at":"Sun Dec 14 23:49:00 +0000 2014","in_reply_to_status_id_str":"544277728930062336","place":null},
{"contributors":null,"truncated":false,"text":"Ale sytuacja śmiertelnie poważna. “@PzFeed: SYDNEY AIRSPACE CLOSED”","in_reply_to_status_id":544277728930062336,"id":544278061966163969,"favorite_count":0,"source":"<a href=\"http://twitter.com/download/iphone\" rel=\"nofollow\">Twitter for iPhone</a>","retweeted":false,"coordinates":null,"entities":{"symbols":[],"user_mentions":[{"id":292777349,"indices":[35,42],"id_str":"292777349","screen_name":"PzFeed","name":"PzFeed Top News"}],"hashtags":[],"urls":[]},"in_reply_to_screen_name":"PzFeed","id_str":"544278061966163969","retweet_count":0,"in_reply_to_user_id":292777349,"favorited":false,"user":{"follow_request_sent":false,"profile_use_background_image":true,"profile_text_color":"333333","default_profile_image":false,"id":149096517,"profile_background_image_url_https":"https://abs.twimg.com/images/themes/theme14/bg.gif","verified":false,"profile_location":null,"profile_image_url_https":"https://pbs.twimg.com/profile_images/937803954/zdj_cie_normal.jpg","profile_sidebar_fill_color":"EFEFEF","entities":{"description":{"urls":[]}},"followers_count":6303,"profile_sidebar_border_color":"FFFFFF","id_str":"149096517","profile_background_color":"131516","listed_count":92,"is_translation_enabled":false,"utc_offset":3600,"statuses_count":15384,"description":"Na archeologii puszczałem latawce w Peru. Teraz jestem 3xTatą, drukuję w 3D, wydaję FaktyTVN i nie odmawiam tańca. NewsExecutiveProducerTVN24, fatherOf3, POLAND","friends_count":1083,"location":"Warsaw, Poland","profile_link_color":"0494C9","profile_image_url":"http://pbs.twimg.com/profile_images/937803954/zdj_cie_normal.jpg","following":false,"geo_enabled":false,"profile_banner_url":"https://pbs.twimg.com/profile_banners/149096517/1347987536","profile_background_image_url":"http://abs.twimg.com/images/themes/theme14/bg.gif","name":"Maciek Słomczyński","lang":"en","profile_background_tile":true,"favourites_count":2617,"screen_name":"m_slomczynski","notifications":false,"url":null,"created_at":"Fri May 28 11:59:47 +0000 2010","contributors_enabled":false,"time_zone":"Warsaw","protected":false,"default_profile":false,"is_translator":false},"geo":null,"in_reply_to_user_id_str":"292777349","lang":"pl","created_at":"Sun Dec 14 23:49:36 +0000 2014","in_reply_to_status_id_str":"544277728930062336","place":null},
{"contributors":null,"truncated":false,"text":"“@PzFeed: SYDNEY AIRSPACE CLOSED”","in_reply_to_status_id":544277728930062336,"id":544278342363389952,"favorite_count":0,"source":"<a href=\"http://twitter.com/download/iphone\" rel=\"nofollow\">Twitter for iPhone</a>","retweeted":false,"coordinates":null,"entities":{"symbols":[],"user_mentions":[{"id":292777349,"indices":[1,8],"id_str":"292777349","screen_name":"PzFeed","name":"PzFeed Top News"}],"hashtags":[],"urls":[]},"in_reply_to_screen_name":"PzFeed","id_str":"544278342363389952","retweet_count":0,"in_reply_to_user_id":292777349,"favorited":false,"user":{"follow_request_sent":false,"profile_use_background_image":true,"profile_text_color":"333333","default_profile_image":false,"id":95508032,"profile_background_image_url_https":"https://abs.twimg.com/images/themes/theme1/bg.png","verified":false,"profile_location":null,"profile_image_url_https":"https://pbs.twimg.com/profile_images/670084836/Circassian_Warrior_by_shko_normal.jpg","profile_sidebar_fill_color":"DDEEF6","entities":{"description":{"urls":[]}},"followers_count":129,"profile_sidebar_border_color":"C0DEED","id_str":"95508032","profile_background_color":"C0DEED","listed_count":1,"is_translation_enabled":false,"utc_offset":-28800,"statuses_count":397,"description":"Forex Trader. Freedom Lover, Natural Health Advocate. Matthew 5:43-48. Love and Gratitude.","friends_count":386,"location":"WORLDWIDE","profile_link_color":"0084B4","profile_image_url":"http://pbs.twimg.com/profile_images/670084836/Circassian_Warrior_by_shko_normal.jpg","following":false,"geo_enabled":false,"profile_background_image_url":"http://abs.twimg.com/images/themes/theme1/bg.png","name":"Alexander D","lang":"en","profile_background_tile":false,"favourites_count":23,"screen_name":"FIJIFLOWERS","notifications":false,"url":null,"created_at":"Tue Dec 08 21:36:49 +0000 2009","contributors_enabled":false,"time_zone":"Pacific Time (US & Canada)","protected":false,"default_profile":true,"is_translator":false},"geo":null,"in_reply_to_user_id_str":"292777349","lang":"en","created_at":"Sun Dec 14 23:50:43 +0000 2014","in_reply_to_status_id_str":"544277728930062336","place":null},
{"contributors":null,"truncated":false,"text":"WTF LES MECS SONT AU SOL ?! “@PzFeed: SYDNEY AIRSPACE CLOSED”","in_reply_to_status_id":544277728930062336,"id":544278381718958081,"favorite_count":0,"source":"<a href=\"http://itunes.apple.com/us/app/twitter/id409789998?mt=12\" rel=\"nofollow\">Twitter for Mac</a>","retweeted":false,"coordinates":null,"entities":{"symbols":[],"user_mentions":[{"id":292777349,"indices":[29,36],"id_str":"292777349","screen_name":"PzFeed","name":"PzFeed Top News"}],"hashtags":[],"urls":[]},"in_reply_to_screen_name":"PzFeed","id_str":"544278381718958081","retweet_count":0,"in_reply_to_user_id":292777349,"favorited":false,"user":{"follow_request_sent":false,"profile_use_background_image":true,"profile_text_color":"333333","default_profile_image":false,"id":264862915,"profile_background_image_url_https":"https://pbs.twimg.com/profile_background_images/557396860/Skypics.png","verified":false,"profile_location":null,"profile_image_url_https":"https://pbs.twimg.com/profile_images/564956649279221761/SfYqk9FN_normal.jpeg","profile_sidebar_fill_color":"DDEEF6","entities":{"description":{"urls":[]}},"followers_count":1880,"profile_sidebar_border_color":"C0DEED","id_str":"264862915","profile_background_color":"C0DEED","listed_count":57,"is_translation_enabled":false,"utc_offset":3600,"statuses_count":106980,"description":"HR Activist. Are you a leader or a follower ? عربية Fr En. Tweet 2nd degré voire 3ème. Terrorire, AyatoLOL et consultant jihad #UpTheRebels","friends_count":573,"location":"In my office","profile_link_color":"0084B4","profile_image_url":"http://pbs.twimg.com/profile_images/564956649279221761/SfYqk9FN_normal.jpeg","following":false,"geo_enabled":false,"profile_banner_url":"https://pbs.twimg.com/profile_banners/264862915/1411411470","profile_background_image_url":"http://pbs.twimg.com/profile_background_images/557396860/Skypics.png","name":"Ti Nounou","lang":"fr","profile_background_tile":false,"favourites_count":2512,"screen_name":"Ti_nounou","notifications":false,"url":null,"created_at":"Sat Mar 12 15:42:46 +0000 2011","contributors_enabled":false,"time_zone":"Paris","protected":false,"default_profile":false,"is_translator":false},"geo":null,"in_reply_to_user_id_str":"292777349","lang":"en","created_at":"Sun Dec 14 23:50:53 +0000 2014","in_reply_to_status_id_str":"544277728930062336","place":null},
{"contributors":null,"truncated":false,"text":"@IamChrisBlack @PzFeed maybe","in_reply_to_status_id":544277858169159683,"id":544278382977220608,"favorite_count":0,"source":"<a href=\"http://twitter.com/#!/download/ipad\" rel=\"nofollow\">Twitter for iPad</a>","retweeted":false,"coordinates":null,"entities":{"symbols":[],"user_mentions":[{"id":383216769,"indices":[0,14],"id_str":"383216769","screen_name":"IamChrisBlack","name":"Aries Black"},{"id":292777349,"indices":[15,22],"id_str":"292777349","screen_name":"PzFeed","name":"PzFeed Top News"}],"hashtags":[],"urls":[]},"in_reply_to_screen_name":"IamChrisBlack","id_str":"544278382977220608","retweet_count":0,"in_reply_to_user_id":383216769,"favorited":false,"user":{"follow_request_sent":false,"profile_use_background_image":true,"profile_text_color":"333333","default_profile_image":false,"id":1465997580,"profile_background_image_url_https":"https://pbs.twimg.com/profile_background_images/344918034408886060/d11e830a7bf04d226fbd516b925d12ac.jpeg","verified":false,"profile_location":null,"profile_image_url_https":"https://pbs.twimg.com/profile_images/587607220445032448/l36GWqby_normal.jpg","profile_sidebar_fill_color":"EFEFEF","entities":{"url":{"urls":[{"url":"http://t.co/t41EiL5rJT","indices":[0,22],"expanded_url":"http://YouTube.com/TriComStorm","display_url":"YouTube.com/TriComStorm"}]},"description":{"urls":[]}},"followers_count":138,"profile_sidebar_border_color":"000000","id_str":"1465997580","profile_background_color":"131516","listed_count":2,"is_translation_enabled":false,"utc_offset":-18000,"statuses_count":11263,"description":"[YOUTUBER] #NYJets #Clemson #NYRangers #NYYankees","friends_count":125,"location":"","profile_link_color":"35A1A1","profile_image_url":"http://pbs.twimg.com/profile_images/587607220445032448/l36GWqby_normal.jpg","following":false,"geo_enabled":true,"profile_banner_url":"https://pbs.twimg.com/profile_banners/1465997580/1417479800","profile_background_image_url":"http://pbs.twimg.com/profile_background_images/344918034408886060/d11e830a7bf04d226fbd516b925d12ac.jpeg","name":"Brian","lang":"en","profile_background_tile":true,"favourites_count":2324,"screen_name":"TriComStorm","notifications":false,"url":"http://t.co/t41EiL5rJT","created_at":"Wed May 29 00:33:31 +0000 2013","contributors_enabled":false,"time_zone":"Eastern Time (US & Canada)","protected":false,"default_profile":false,"is_translator":false},"geo":null,"in_reply_to_user_id_str":"383216769","lang":"en","created_at":"Sun Dec 14 23:50:53 +0000 2014","in_reply_to_status_id_str":"544277858169159683","place":null},
{"contributors":null,"truncated":false,"text":"@PzFeed @AnnieJMJ Think of the amount of trouble and cost that causes.","in_reply_to_status_id":544277728930062336,"id":544278511528075264,"favorite_count":0,"source":"<a href=\"http://twitter.com\" rel=\"nofollow\">Twitter Web Client</a>","retweeted":false,"coordinates":null,"entities":{"symbols":[],"user_mentions":[{"id":292777349,"indices":[0,7],"id_str":"292777349","screen_name":"PzFeed","name":"PzFeed Top News"},{"id":909197814,"indices":[8,17],"id_str":"909197814","screen_name":"AnnieJMJ","name":"AnnieBGood"}],"hashtags":[],"urls":[]},"in_reply_to_screen_name":"PzFeed","id_str":"544278511528075264","retweet_count":1,"in_reply_to_user_id":292777349,"favorited":false,"user":{"follow_request_sent":false,"profile_use_background_image":true,"profile_text_color":"333333","default_profile_image":false,"id":1115596490,"profile_background_image_url_https":"https://abs.twimg.com/images/themes/theme1/bg.png","verified":false,"profile_location":null,"profile_image_url_https":"https://pbs.twimg.com/profile_images/529458803473805313/tuvCUzQM_normal.png","profile_sidebar_fill_color":"DDEEF6","entities":{"description":{"urls":[]}},"followers_count":1197,"profile_sidebar_border_color":"C0DEED","id_str":"1115596490","profile_background_color":"C0DEED","listed_count":11,"is_translation_enabled":false,"utc_offset":39600,"statuses_count":13567,"description":"Echuca lad, Victoria Australia. Interests are Politics, Theology, Economic policy, civil rights.","friends_count":1929,"location":"Australia","profile_link_color":"0084B4","profile_image_url":"http://pbs.twimg.com/profile_images/529458803473805313/tuvCUzQM_normal.png","following":false,"geo_enabled":false,"profile_background_image_url":"http://abs.twimg.com/images/themes/theme1/bg.png","name":"Brendan John Quinn","lang":"en","profile_background_tile":false,"favourites_count":625,"screen_name":"BrendanJAQuinn","notifications":false,"url":null,"created_at":"Thu Jan 24 00:13:34 +0000 2013","contributors_enabled":false,"time_zone":"Melbourne","protected":false,"default_profile":true,"is_translator":false},"geo":null,"in_reply_to_user_id_str":"292777349","lang":"en","created_at":"Sun Dec 14 23:51:24 +0000 2014","in_reply_to_status_id_str":"544277728930062336","place":null},
{"contributors":null,"truncated":false,"text":"@m_slomczynski eee tam http://t.co/UeGIwixuvJ","in_reply_to_status_id":544278061966163969,"id":544278560442429441,"favorite_count":0,"source":"<a href=\"http://www.twitter.com\" rel=\"nofollow\">Twitter for Windows Phone</a>","retweeted":false,"coordinates":null,"entities":{"symbols":[],"user_mentions":[{"id":149096517,"indices":[0,14],"id_str":"149096517","screen_name":"m_slomczynski","name":"Maciek Słomczyński"}],"hashtags":[],"urls":[],"media":[{"expanded_url":"http://twitter.com/FilipLachert/status/544278560442429441/photo/1","display_url":"pic.twitter.com/UeGIwixuvJ","url":"http://t.co/UeGIwixuvJ","media_url_https":"https://pbs.twimg.com/media/B42qd0fCIAA2Ei0.jpg","id_str":"544278559263432704","sizes":{"large":{"h":1024,"resize":"fit","w":615},"small":{"h":566,"resize":"fit","w":340},"medium":{"h":999,"resize":"fit","w":600},"thumb":{"h":150,"resize":"crop","w":150}},"indices":[23,45],"type":"photo","id":544278559263432704,"media_url":"http://pbs.twimg.com/media/B42qd0fCIAA2Ei0.jpg"}]},"in_reply_to_screen_name":"m_slomczynski","id_str":"544278560442429441","retweet_count":0,"in_reply_to_user_id":149096517,"favorited":false,"user":{"follow_request_sent":false,"profile_use_background_image":true,"profile_text_color":"333333","default_profile_image":false,"id":928447400,"profile_background_image_url_https":"https://pbs.twimg.com/profile_background_images/524816074005422080/2mfmzn1g.jpeg","verified":false,"profile_location":null,"profile_image_url_https":"https://pbs.twimg.com/profile_images/553111981712896000/EDwVMn63_normal.jpeg","profile_sidebar_fill_color":"DDEEF6","entities":{"url":{"urls":[{"url":"http://t.co/d1Z7zG1Hxq","indices":[0,22],"expanded_url":"http://about.me/filiplachert","display_url":"about.me/filiplachert"}]},"description":{"urls":[]}},"followers_count":1072,"profile_sidebar_border_color":"FFFFFF","id_str":"928447400","profile_background_color":"050505","listed_count":14,"is_translation_enabled":false,"utc_offset":3600,"statuses_count":19940,"description":"Liberał społeczny. Boję się nadejścia autorytaryzmu. Mieszam sprawy poważne z błahymi, co daje ciężkostrawny efekt. Szersze #bio pod linkiem.","friends_count":1138,"location":"Warszawa","profile_link_color":"0084B4","profile_image_url":"http://pbs.twimg.com/profile_images/553111981712896000/EDwVMn63_normal.jpeg","following":false,"geo_enabled":true,"profile_banner_url":"https://pbs.twimg.com/profile_banners/928447400/1394968009","profile_background_image_url":"http://pbs.twimg.com/profile_background_images/524816074005422080/2mfmzn1g.jpeg","name":"Filip Lachert","lang":"pl","profile_background_tile":false,"favourites_count":17151,"screen_name":"FilipLachert","notifications":false,"url":"http://t.co/d1Z7zG1Hxq","created_at":"Mon Nov 05 21:32:41 +0000 2012","contributors_enabled":false,"time_zone":"Warsaw","protected":false,"default_profile":false,"is_translator":false},"geo":null,"in_reply_to_user_id_str":"149096517","possibly_sensitive":false,"lang":"pt","created_at":"Sun Dec 14 23:51:35 +0000 2014","in_reply_to_status_id_str":"544278061966163969","place":null,"extended_entities":{"media":[{"expanded_url":"http://twitter.com/FilipLachert/status/544278560442429441/photo/1","display_url":"pic.twitter.com/UeGIwixuvJ","url":"http://t.co/UeGIwixuvJ","media_url_https":"https://pbs.twimg.com/media/B42qd0fCIAA2Ei0.jpg","id_str":"544278559263432704","sizes":{"large":{"h":1024,"resize":"fit","w":615},"small":{"h":566,"resize":"fit","w":340},"medium":{"h":999,"resize":"fit","w":600},"thumb":{"h":150,"resize":"crop","w":150}},"indices":[23,45],"type":"photo","id":544278559263432704,"media_url":"http://pbs.twimg.com/media/B42qd0fCIAA2Ei0.jpg"}]}},
{"contributors":null,"truncated":false,"text":"@PzFeed only over the CBD. No big deal.","in_reply_to_status_id":544277728930062336,"id":544278611398647808,"favorite_count":0,"source":"<a href=\"http://tweetlogix.com\" rel=\"nofollow\">Tweetlogix</a>","retweeted":false,"coordinates":null,"entities":{"symbols":[],"user_mentions":[{"id":292777349,"indices":[0,7],"id_str":"292777349","screen_name":"PzFeed","name":"PzFeed Top News"}],"hashtags":[],"urls":[]},"in_reply_to_screen_name":"PzFeed","id_str":"544278611398647808","retweet_count":0,"in_reply_to_user_id":292777349,"favorited":false,"user":{"follow_request_sent":false,"profile_use_background_image":true,"profile_text_color":"333333","default_profile_image":false,"id":13081872,"profile_background_image_url_https":"https://abs.twimg.com/images/themes/theme1/bg.png","verified":false,"profile_location":null,"profile_image_url_https":"https://pbs.twimg.com/profile_images/1804343007/image_normal.jpg","profile_sidebar_fill_color":"DDEEF6","entities":{"url":{"urls":[{"url":"http://t.co/TbCHClZeAZ","indices":[0,22],"expanded_url":"http://500px.com/jetjoint/photos","display_url":"500px.com/jetjoint/photos"}]},"description":{"urls":[{"url":"http://t.co/2qhqJbESgi","indices":[40,62],"expanded_url":"http://jetjoint.purephoto.com/#/collections","display_url":"jetjoint.purephoto.com/#/collections"},{"url":"https://t.co/Z9eUwGsJT2","indices":[63,86],"expanded_url":"https://plus.google.com/u/0/102169372478925243386/posts","display_url":"plus.google.com/u/0/1021693724…"}]}},"followers_count":529,"profile_sidebar_border_color":"C0DEED","id_str":"13081872","profile_background_color":"C0DEED","listed_count":21,"is_translation_enabled":false,"utc_offset":39600,"statuses_count":3653,"description":"Airline Pilot with a photography habit!\nhttp://t.co/2qhqJbESgi\nhttps://t.co/Z9eUwGsJT2","friends_count":658,"location":"Sydney Australia","profile_link_color":"0084B4","profile_image_url":"http://pbs.twimg.com/profile_images/1804343007/image_normal.jpg","following":false,"geo_enabled":false,"profile_background_image_url":"http://abs.twimg.com/images/themes/theme1/bg.png","name":"cambuntu","lang":"en","profile_background_tile":false,"favourites_count":722,"screen_name":"cambuntu","notifications":false,"url":"http://t.co/TbCHClZeAZ","created_at":"Tue Feb 05 05:27:36 +0000 2008","contributors_enabled":false,"time_zone":"Sydney","protected":false,"default_profile":true,"is_translator":false},"geo":null,"in_reply_to_user_id_str":"292777349","lang":"en","created_at":"Sun Dec 14 23:51:47 +0000 2014","in_reply_to_status_id_str":"544277728930062336","place":null},
{"contributors":null,"truncated":false,"text":"@PzFeed @dannolan SYD still seems to be operating as normal","in_reply_to_status_id":544277728930062336,"id":544278797965459457,"favorite_count":0,"source":"<a href=\"http://tapbots.com/software/tweetbot/mac\" rel=\"nofollow\">Tweetbot for Mac</a>","retweeted":false,"coordinates":null,"entities":{"symbols":[],"user_mentions":[{"id":292777349,"indices":[0,7],"id_str":"292777349","screen_name":"PzFeed","name":"PzFeed Top News"},{"id":971761,"indices":[8,17],"id_str":"971761","screen_name":"dannolan","name":"danyuletide nolan"}],"hashtags":[],"urls":[]},"in_reply_to_screen_name":"PzFeed","id_str":"544278797965459457","retweet_count":0,"in_reply_to_user_id":292777349,"favorited":false,"user":{"follow_request_sent":false,"profile_use_background_image":true,"profile_text_color":"333333","default_profile_image":false,"id":91762941,"profile_background_image_url_https":"https://abs.twimg.com/images/themes/theme14/bg.gif","verified":false,"profile_location":null,"profile_image_url_https":"https://pbs.twimg.com/profile_images/508244384983154688/ab1EJRnF_normal.png","profile_sidebar_fill_color":"EFEFEF","entities":{"url":{"urls":[{"url":"http://t.co/bsiP5GCXha","indices":[0,22],"expanded_url":"http://codingrange.com/","display_url":"codingrange.com"}]},"description":{"urls":[{"url":"https://t.co/RXvGyIOlE0","indices":[77,100],"expanded_url":"https://secure.codingrange.com/yaakov-gpg.asc","display_url":"secure.codingrange.com/yaakov-gpg.asc"}]}},"followers_count":416,"profile_sidebar_border_color":"EEEEEE","id_str":"91762941","profile_background_color":"131516","listed_count":21,"is_translation_enabled":false,"utc_offset":39600,"statuses_count":52031,"description":"Being awful at something is the first step to being good at something.\n\nPGP: https://t.co/RXvGyIOlE0 0x56044136536F7EF2","friends_count":117,"location":"The LAN Down Under","profile_link_color":"C7854B","profile_image_url":"http://pbs.twimg.com/profile_images/508244384983154688/ab1EJRnF_normal.png","following":false,"geo_enabled":false,"profile_banner_url":"https://pbs.twimg.com/profile_banners/91762941/1399009012","profile_background_image_url":"http://abs.twimg.com/images/themes/theme14/bg.gif","name":"Yaakov","lang":"en","profile_background_tile":true,"favourites_count":10641,"screen_name":"yaakov_h","notifications":false,"url":"http://t.co/bsiP5GCXha","created_at":"Sun Nov 22 10:12:42 +0000 2009","contributors_enabled":false,"time_zone":"Sydney","protected":false,"default_profile":false,"is_translator":false},"geo":null,"in_reply_to_user_id_str":"292777349","lang":"en","created_at":"Sun Dec 14 23:52:32 +0000 2014","in_reply_to_status_id_str":"544277728930062336","place":null},
{"contributors":null,"truncated":false,"text":"@Ti_nounou @PzFeed apparemment ils parlent d'un exercice... lol","in_reply_to_status_id":544278381718958081,"id":544278921806905345,"favorite_count":0,"source":"<a href=\"http://twitter.com\" rel=\"nofollow\">Twitter Web Client</a>","retweeted":false,"coordinates":null,"entities":{"symbols":[],"user_mentions":[{"id":264862915,"indices":[0,10],"id_str":"264862915","screen_name":"Ti_nounou","name":"Ti Nounou"},{"id":292777349,"indices":[11,18],"id_str":"292777349","screen_name":"PzFeed","name":"PzFeed Top News"}],"hashtags":[],"urls":[]},"in_reply_to_screen_name":"Ti_nounou","id_str":"544278921806905345","retweet_count":0,"in_reply_to_user_id":264862915,"favorited":false,"user":{"follow_request_sent":false,"profile_use_background_image":true,"profile_text_color":"333333","default_profile_image":false,"id":562134171,"profile_background_image_url_https":"https://abs.twimg.com/images/themes/theme1/bg.png","verified":false,"profile_location":null,"profile_image_url_https":"https://pbs.twimg.com/profile_images/541733052700176385/iPNa65iu_normal.jpeg","profile_sidebar_fill_color":"DDEEF6","entities":{"description":{"urls":[]}},"followers_count":574,"profile_sidebar_border_color":"C0DEED","id_str":"562134171","profile_background_color":"C0DEED","listed_count":4,"is_translation_enabled":false,"utc_offset":3600,"statuses_count":11015,"description":"Tâlibu talab al 'ilm... Ce que je dis n'engage que moi et seulement moi... Qu'Allah nous guide","friends_count":385,"location":"","profile_link_color":"0084B4","profile_image_url":"http://pbs.twimg.com/profile_images/541733052700176385/iPNa65iu_normal.jpeg","following":false,"geo_enabled":false,"profile_banner_url":"https://pbs.twimg.com/profile_banners/562134171/1417994198","profile_background_image_url":"http://abs.twimg.com/images/themes/theme1/bg.png","name":"محمد الفجيجي","lang":"fr","profile_background_tile":false,"favourites_count":1104,"screen_name":"AlFiguiguiM","notifications":false,"url":null,"created_at":"Tue Apr 24 14:08:28 +0000 2012","contributors_enabled":false,"time_zone":"Paris","protected":false,"default_profile":true,"is_translator":false},"geo":null,"in_reply_to_user_id_str":"264862915","lang":"fr","created_at":"Sun Dec 14 23:53:01 +0000 2014","in_reply_to_status_id_str":"544278381718958081","place":null},
{"contributors":null,"truncated":false,"text":"@m_slomczynski https://t.co/Vngmh8dUzv","in_reply_to_status_id":544278061966163969,"id":544278950512721920,"favorite_count":1,"source":"<a href=\"http://twitter.com\" rel=\"nofollow\">Twitter Web Client</a>","retweeted":false,"coordinates":null,"entities":{"symbols":[],"user_mentions":[{"id":149096517,"indices":[0,14],"id_str":"149096517","screen_name":"m_slomczynski","name":"Maciek Słomczyński"}],"hashtags":[],"urls":[{"url":"https://t.co/Vngmh8dUzv","indices":[15,38],"expanded_url":"https://twitter.com/moelleissy/status/544275246241443840","display_url":"twitter.com/moelleissy/sta…"}]},"in_reply_to_screen_name":"m_slomczynski","id_str":"544278950512721920","retweet_count":0,"in_reply_to_user_id":149096517,"favorited":false,"user":{"follow_request_sent":false,"profile_use_background_image":true,"profile_text_color":"333333","default_profile_image":false,"id":342908446,"profile_background_image_url_https":"https://abs.twimg.com/images/themes/theme1/bg.png","verified":false,"profile_location":null,"profile_image_url_https":"https://pbs.twimg.com/profile_images/552551692957679616/csUUCHBY_normal.jpeg","profile_sidebar_fill_color":"DDEEF6","entities":{"description":{"urls":[]}},"followers_count":103,"profile_sidebar_border_color":"C0DEED","id_str":"342908446","profile_background_color":"C0DEED","listed_count":2,"is_translation_enabled":false,"utc_offset":-10800,"statuses_count":5043,"description":"Człowiek internetu.","friends_count":249,"location":"UK/PL","profile_link_color":"0084B4","profile_image_url":"http://pbs.twimg.com/profile_images/552551692957679616/csUUCHBY_normal.jpeg","following":false,"geo_enabled":true,"profile_banner_url":"https://pbs.twimg.com/profile_banners/342908446/1409051710","profile_background_image_url":"http://abs.twimg.com/images/themes/theme1/bg.png","name":"Bartek","lang":"en","profile_background_tile":false,"favourites_count":454,"screen_name":"bbajorbrasewicz","notifications":false,"url":null,"created_at":"Tue Jul 26 19:30:12 +0000 2011","contributors_enabled":false,"time_zone":"Greenland","protected":false,"default_profile":true,"is_translator":false},"geo":null,"in_reply_to_user_id_str":"149096517","possibly_sensitive":false,"lang":"und","created_at":"Sun Dec 14 23:53:08 +0000 2014","in_reply_to_status_id_str":"544278061966163969","place":{"full_name":"Ashford, South East","url":"https://api.twitter.com/1.1/geo/id/4cb7ff8db49dfaa0.json","country":"United Kingdom","place_type":"city","bounding_box":{"type":"Polygon","coordinates":[[[0.825135,51.118763],[0.9211082,51.118763],[0.9211082,51.1650875],[0.825135,51.1650875]]]},"contained_within":[],"country_code":"GB","attributes":{},"id":"4cb7ff8db49dfaa0","name":"Ashford"}},
{"contributors":null,"truncated":false,"text":"@alfiguiguim ce monde part en live total","in_reply_to_status_id":544278921806905345,"id":544279188791107585,"favorite_count":0,"source":"<a href=\"http://itunes.apple.com/us/app/twitter/id409789998?mt=12\" rel=\"nofollow\">Twitter for Mac</a>","retweeted":false,"coordinates":null,"entities":{"symbols":[],"user_mentions":[{"id":562134171,"indices":[0,12],"id_str":"562134171","screen_name":"AlFiguiguiM","name":"محمد الفجيجي"}],"hashtags":[],"urls":[]},"in_reply_to_screen_name":"AlFiguiguiM","id_str":"544279188791107585","retweet_count":0,"in_reply_to_user_id":562134171,"favorited":false,"user":{"follow_request_sent":false,"profile_use_background_image":true,"profile_text_color":"333333","default_profile_image":false,"id":264862915,"profile_background_image_url_https":"https://pbs.twimg.com/profile_background_images/557396860/Skypics.png","verified":false,"profile_location":null,"profile_image_url_https":"https://pbs.twimg.com/profile_images/564956649279221761/SfYqk9FN_normal.jpeg","profile_sidebar_fill_color":"DDEEF6","entities":{"description":{"urls":[]}},"followers_count":1880,"profile_sidebar_border_color":"C0DEED","id_str":"264862915","profile_background_color":"C0DEED","listed_count":57,"is_translation_enabled":false,"utc_offset":3600,"statuses_count":106980,"description":"HR Activist. Are you a leader or a follower ? عربية Fr En. Tweet 2nd degré voire 3ème. Terrorire, AyatoLOL et consultant jihad #UpTheRebels","friends_count":573,"location":"In my office","profile_link_color":"0084B4","profile_image_url":"http://pbs.twimg.com/profile_images/564956649279221761/SfYqk9FN_normal.jpeg","following":false,"geo_enabled":false,"profile_banner_url":"https://pbs.twimg.com/profile_banners/264862915/1411411470","profile_background_image_url":"http://pbs.twimg.com/profile_background_images/557396860/Skypics.png","name":"Ti Nounou","lang":"fr","profile_background_tile":false,"favourites_count":2512,"screen_name":"Ti_nounou","notifications":false,"url":null,"created_at":"Sat Mar 12 15:42:46 +0000 2011","contributors_enabled":false,"time_zone":"Paris","protected":false,"default_profile":false,"is_translator":false},"geo":null,"in_reply_to_user_id_str":"562134171","lang":"fr","created_at":"Sun Dec 14 23:54:05 +0000 2014","in_reply_to_status_id_str":"544278921806905345","place":null},
{"contributors":null,"truncated":false,"text":"No, it's not. Only a TFR over a small area over the current #Sydney hostage situation. SYD open and active RT @PzFeed SYDNEY AIRSPACE CLOSED","in_reply_to_status_id":544277728930062336,"id":544279208437239808,"favorite_count":3,"source":"<a href=\"http://klinkerapps.com\" rel=\"nofollow\">Talon (Classic)</a>","retweeted":false,"coordinates":null,"entities":{"symbols":[],"user_mentions":[{"id":292777349,"indices":[110,117],"id_str":"292777349","screen_name":"PzFeed","name":"PzFeed Top News"}],"hashtags":[{"indices":[60,67],"text":"Sydney"}],"urls":[]},"in_reply_to_screen_name":"PzFeed","id_str":"544279208437239808","retweet_count":11,"in_reply_to_user_id":292777349,"favorited":false,"user":{"follow_request_sent":false,"profile_use_background_image":true,"profile_text_color":"038543","default_profile_image":false,"id":58913244,"profile_background_image_url_https":"https://pbs.twimg.com/profile_background_images/819687439/fd7696fbaba441e88416dad436af5b94.jpeg","verified":false,"profile_location":null,"profile_image_url_https":"https://pbs.twimg.com/profile_images/435627962411413504/EfhMLN6G_normal.jpeg","profile_sidebar_fill_color":"F6F6F6","entities":{"url":{"urls":[{"url":"https://t.co/GLQO6MAqHR","indices":[0,23],"expanded_url":"https://www.flickr.com/photos/airlineflyer/sets/","display_url":"flickr.com/photos/airline…"}]},"description":{"urls":[]}},"followers_count":9984,"profile_sidebar_border_color":"EEEEEE","id_str":"58913244","profile_background_color":"ACDED6","listed_count":323,"is_translation_enabled":false,"utc_offset":-18000,"statuses_count":108624,"description":"#AvGeek researching and writing things about airlines, airplanes and travel. @Routehappy Data Research Manager. Email me at- jason(at)airlineflyer(dot)net","friends_count":654,"location":"NYC","profile_link_color":"333333","profile_image_url":"http://pbs.twimg.com/profile_images/435627962411413504/EfhMLN6G_normal.jpeg","following":false,"geo_enabled":true,"profile_banner_url":"https://pbs.twimg.com/profile_banners/58913244/1417880208","profile_background_image_url":"http://pbs.twimg.com/profile_background_images/819687439/fd7696fbaba441e88416dad436af5b94.jpeg","name":"Jason Rabinowitz","lang":"en","profile_background_tile":false,"favourites_count":4101,"screen_name":"AirlineFlyer","notifications":false,"url":"https://t.co/GLQO6MAqHR","created_at":"Tue Jul 21 20:38:03 +0000 2009","contributors_enabled":false,"time_zone":"Eastern Time (US & Canada)","protected":false,"default_profile":false,"is_translator":false},"geo":null,"in_reply_to_user_id_str":"292777349","lang":"en","created_at":"Sun Dec 14 23:54:10 +0000 2014","in_reply_to_status_id_str":"544277728930062336","place":null},
{"contributors":null,"truncated":false,"text":"Is this a coincidence or is this related to Lindt Hostage Sitch? “@PzFeed: SYDNEY AIRSPACE CLOSED”","in_reply_to_status_id":544277728930062336,"id":544279509415886848,"favorite_count":0,"source":"<a href=\"http://twitter.com/#!/download/ipad\" rel=\"nofollow\">Twitter for iPad</a>","retweeted":false,"coordinates":null,"entities":{"symbols":[],"user_mentions":[{"id":292777349,"indices":[66,73],"id_str":"292777349","screen_name":"PzFeed","name":"PzFeed Top News"}],"hashtags":[],"urls":[]},"in_reply_to_screen_name":"PzFeed","id_str":"544279509415886848","retweet_count":0,"in_reply_to_user_id":292777349,"favorited":false,"user":{"follow_request_sent":false,"profile_use_background_image":true,"profile_text_color":"333333","default_profile_image":false,"id":175584371,"profile_background_image_url_https":"https://abs.twimg.com/images/themes/theme14/bg.gif","verified":false,"profile_location":null,"profile_image_url_https":"https://pbs.twimg.com/profile_images/477194601158045696/1VUKPTXP_normal.jpeg","profile_sidebar_fill_color":"EFEFEF","entities":{"description":{"urls":[]}},"followers_count":669,"profile_sidebar_border_color":"EEEEEE","id_str":"175584371","profile_background_color":"131516","listed_count":12,"is_translation_enabled":false,"utc_offset":null,"statuses_count":12036,"description":"student of markets","friends_count":1996,"location":"","profile_link_color":"009999","profile_image_url":"http://pbs.twimg.com/profile_images/477194601158045696/1VUKPTXP_normal.jpeg","following":false,"geo_enabled":false,"profile_banner_url":"https://pbs.twimg.com/profile_banners/175584371/1417472920","profile_background_image_url":"http://abs.twimg.com/images/themes/theme14/bg.gif","name":"The Panic","lang":"en","profile_background_tile":true,"favourites_count":5666,"screen_name":"Gunntwitt","notifications":false,"url":null,"created_at":"Sat Aug 07 01:02:37 +0000 2010","contributors_enabled":false,"time_zone":null,"protected":false,"default_profile":false,"is_translator":false},"geo":null,"in_reply_to_user_id_str":"292777349","lang":"en","created_at":"Sun Dec 14 23:55:21 +0000 2014","in_reply_to_status_id_str":"544277728930062336","place":null},
{"contributors":null,"truncated":false,"text":"@Ti_nounou ouate de phoque","in_reply_to_status_id":544279188791107585,"id":544279510141927426,"favorite_count":0,"source":"<a href=\"http://twitter.com\" rel=\"nofollow\">Twitter Web Client</a>","retweeted":false,"coordinates":null,"entities":{"symbols":[],"user_mentions":[{"id":264862915,"indices":[0,10],"id_str":"264862915","screen_name":"Ti_nounou","name":"Ti Nounou"}],"hashtags":[],"urls":[]},"in_reply_to_screen_name":"Ti_nounou","id_str":"544279510141927426","retweet_count":1,"in_reply_to_user_id":264862915,"favorited":false,"user":{"follow_request_sent":false,"profile_use_background_image":true,"profile_text_color":"333333","default_profile_image":false,"id":562134171,"profile_background_image_url_https":"https://abs.twimg.com/images/themes/theme1/bg.png","verified":false,"profile_location":null,"profile_image_url_https":"https://pbs.twimg.com/profile_images/541733052700176385/iPNa65iu_normal.jpeg","profile_sidebar_fill_color":"DDEEF6","entities":{"description":{"urls":[]}},"followers_count":574,"profile_sidebar_border_color":"C0DEED","id_str":"562134171","profile_background_color":"C0DEED","listed_count":4,"is_translation_enabled":false,"utc_offset":3600,"statuses_count":11015,"description":"Tâlibu talab al 'ilm... Ce que je dis n'engage que moi et seulement moi... Qu'Allah nous guide","friends_count":385,"location":"","profile_link_color":"0084B4","profile_image_url":"http://pbs.twimg.com/profile_images/541733052700176385/iPNa65iu_normal.jpeg","following":false,"geo_enabled":false,"profile_banner_url":"https://pbs.twimg.com/profile_banners/562134171/1417994198","profile_background_image_url":"http://abs.twimg.com/images/themes/theme1/bg.png","name":"محمد الفجيجي","lang":"fr","profile_background_tile":false,"favourites_count":1104,"screen_name":"AlFiguiguiM","notifications":false,"url":null,"created_at":"Tue Apr 24 14:08:28 +0000 2012","contributors_enabled":false,"time_zone":"Paris","protected":false,"default_profile":true,"is_translator":false},"geo":null,"in_reply_to_user_id_str":"264862915","lang":"fr","created_at":"Sun Dec 14 23:55:22 +0000 2014","in_reply_to_status_id_str":"544279188791107585","place":null},
{"contributors":null,"truncated":false,"text":"@Ti_nounou bon apparemment la tv australienne est dessus... c'est pas du fake...","in_reply_to_status_id":544279188791107585,"id":544279784151601152,"favorite_count":0,"source":"<a href=\"http://twitter.com\" rel=\"nofollow\">Twitter Web Client</a>","retweeted":false,"coordinates":null,"entities":{"symbols":[],"user_mentions":[{"id":264862915,"indices":[0,10],"id_str":"264862915","screen_name":"Ti_nounou","name":"Ti Nounou"}],"hashtags":[],"urls":[]},"in_reply_to_screen_name":"Ti_nounou","id_str":"544279784151601152","retweet_count":0,"in_reply_to_user_id":264862915,"favorited":false,"user":{"follow_request_sent":false,"profile_use_background_image":true,"profile_text_color":"333333","default_profile_image":false,"id":562134171,"profile_background_image_url_https":"https://abs.twimg.com/images/themes/theme1/bg.png","verified":false,"profile_location":null,"profile_image_url_https":"https://pbs.twimg.com/profile_images/541733052700176385/iPNa65iu_normal.jpeg","profile_sidebar_fill_color":"DDEEF6","entities":{"description":{"urls":[]}},"followers_count":573,"profile_sidebar_border_color":"C0DEED","id_str":"562134171","profile_background_color":"C0DEED","listed_count":4,"is_translation_enabled":false,"utc_offset":3600,"statuses_count":11015,"description":"Tâlibu talab al 'ilm... Ce que je dis n'engage que moi et seulement moi... Qu'Allah nous guide","friends_count":385,"location":"","profile_link_color":"0084B4","profile_image_url":"http://pbs.twimg.com/profile_images/541733052700176385/iPNa65iu_normal.jpeg","following":false,"geo_enabled":false,"profile_banner_url":"https://pbs.twimg.com/profile_banners/562134171/1417994198","profile_background_image_url":"http://abs.twimg.com/images/themes/theme1/bg.png","name":"محمد الفجيجي","lang":"fr","profile_background_tile":false,"favourites_count":1104,"screen_name":"AlFiguiguiM","notifications":false,"url":null,"created_at":"Tue Apr 24 14:08:28 +0000 2012","contributors_enabled":false,"time_zone":"Paris","protected":false,"default_profile":true,"is_translator":false},"geo":null,"in_reply_to_user_id_str":"264862915","lang":"fr","created_at":"Sun Dec 14 23:56:27 +0000 2014","in_reply_to_status_id_str":"544279188791107585","place":null},
{"contributors":null,"truncated":false,"text":"@bbajorbrasewicz a Panu z twita wierzymy bo? To zwykły Pan. A Pan może się bezkarnie mylić. Może też posać prawdę oczywiście.","in_reply_to_status_id":544278950512721920,"id":544280034379579392,"favorite_count":0,"source":"<a href=\"http://twitter.com/download/iphone\" rel=\"nofollow\">Twitter for iPhone</a>","retweeted":false,"coordinates":null,"entities":{"symbols":[],"user_mentions":[{"id":342908446,"indices":[0,16],"id_str":"342908446","screen_name":"bbajorbrasewicz","name":"Bartek"}],"hashtags":[],"urls":[]},"in_reply_to_screen_name":"bbajorbrasewicz","id_str":"544280034379579392","retweet_count":0,"in_reply_to_user_id":342908446,"favorited":false,"user":{"follow_request_sent":false,"profile_use_background_image":true,"profile_text_color":"333333","default_profile_image":false,"id":149096517,"profile_background_image_url_https":"https://abs.twimg.com/images/themes/theme14/bg.gif","verified":false,"profile_location":null,"profile_image_url_https":"https://pbs.twimg.com/profile_images/937803954/zdj_cie_normal.jpg","profile_sidebar_fill_color":"EFEFEF","entities":{"description":{"urls":[]}},"followers_count":6306,"profile_sidebar_border_color":"FFFFFF","id_str":"149096517","profile_background_color":"131516","listed_count":92,"is_translation_enabled":false,"utc_offset":3600,"statuses_count":15389,"description":"Na archeologii puszczałem latawce w Peru. Teraz jestem 3xTatą, drukuję w 3D, wydaję FaktyTVN i nie odmawiam tańca. NewsExecutiveProducerTVN24, fatherOf3, POLAND","friends_count":1083,"location":"Warsaw, Poland","profile_link_color":"0494C9","profile_image_url":"http://pbs.twimg.com/profile_images/937803954/zdj_cie_normal.jpg","following":false,"geo_enabled":false,"profile_banner_url":"https://pbs.twimg.com/profile_banners/149096517/1347987536","profile_background_image_url":"http://abs.twimg.com/images/themes/theme14/bg.gif","name":"Maciek Słomczyński","lang":"en","profile_background_tile":true,"favourites_count":2618,"screen_name":"m_slomczynski","notifications":false,"url":null,"created_at":"Fri May 28 11:59:47 +0000 2010","contributors_enabled":false,"time_zone":"Warsaw","protected":false,"default_profile":false,"is_translator":false},"geo":null,"in_reply_to_user_id_str":"342908446","lang":"pl","created_at":"Sun Dec 14 23:57:27 +0000 2014","in_reply_to_status_id_str":"544278950512721920","place":null},
{"contributors":null,"truncated":false,"text":"@m_slomczynski Wierzyć nie trzeba ale różne źródła można sprawdzić.","in_reply_to_status_id":544280034379579392,"id":544280486122905600,"favorite_count":0,"source":"<a href=\"http://twitter.com\" rel=\"nofollow\">Twitter Web Client</a>","retweeted":false,"coordinates":null,"entities":{"symbols":[],"user_mentions":[{"id":149096517,"indices":[0,14],"id_str":"149096517","screen_name":"m_slomczynski","name":"Maciek Słomczyński"}],"hashtags":[],"urls":[]},"in_reply_to_screen_name":"m_slomczynski","id_str":"544280486122905600","retweet_count":0,"in_reply_to_user_id":149096517,"favorited":false,"user":{"follow_request_sent":false,"profile_use_background_image":true,"profile_text_color":"333333","default_profile_image":false,"id":342908446,"profile_background_image_url_https":"https://abs.twimg.com/images/themes/theme1/bg.png","verified":false,"profile_location":null,"profile_image_url_https":"https://pbs.twimg.com/profile_images/552551692957679616/csUUCHBY_normal.jpeg","profile_sidebar_fill_color":"DDEEF6","entities":{"description":{"urls":[]}},"followers_count":104,"profile_sidebar_border_color":"C0DEED","id_str":"342908446","profile_background_color":"C0DEED","listed_count":2,"is_translation_enabled":false,"utc_offset":-10800,"statuses_count":5050,"description":"Człowiek internetu.","friends_count":249,"location":"UK/PL","profile_link_color":"0084B4","profile_image_url":"http://pbs.twimg.com/profile_images/552551692957679616/csUUCHBY_normal.jpeg","following":false,"geo_enabled":true,"profile_banner_url":"https://pbs.twimg.com/profile_banners/342908446/1409051710","profile_background_image_url":"http://abs.twimg.com/images/themes/theme1/bg.png","name":"Bartek","lang":"en","profile_background_tile":false,"favourites_count":453,"screen_name":"bbajorbrasewicz","notifications":false,"url":null,"created_at":"Tue Jul 26 19:30:12 +0000 2011","contributors_enabled":false,"time_zone":"Greenland","protected":false,"default_profile":true,"is_translator":false},"geo":null,"in_reply_to_user_id_str":"149096517","lang":"pl","created_at":"Sun Dec 14 23:59:14 +0000 2014","in_reply_to_status_id_str":"544280034379579392","place":{"full_name":"Ashford, South East","url":"https://api.twitter.com/1.1/geo/id/4cb7ff8db49dfaa0.json","country":"United Kingdom","place_type":"city","bounding_box":{"type":"Polygon","coordinates":[[[0.825135,51.118763],[0.9211082,51.118763],[0.9211082,51.1650875],[0.825135,51.1650875]]]},"contained_within":[],"country_code":"GB","attributes":{},"id":"4cb7ff8db49dfaa0","name":"Ashford"}},
{"contributors":null,"truncated":false,"text":"@FilipLachert o i sam wpadłem w sidła","in_reply_to_status_id":544278560442429441,"id":544280573699960833,"favorite_count":1,"source":"<a href=\"http://twitter.com/download/iphone\" rel=\"nofollow\">Twitter for iPhone</a>","retweeted":false,"coordinates":null,"entities":{"symbols":[],"user_mentions":[{"id":928447400,"indices":[0,13],"id_str":"928447400","screen_name":"FilipLachert","name":"Filip Lachert"}],"hashtags":[],"urls":[]},"in_reply_to_screen_name":"FilipLachert","id_str":"544280573699960833","retweet_count":0,"in_reply_to_user_id":928447400,"favorited":false,"user":{"follow_request_sent":false,"profile_use_background_image":true,"profile_text_color":"333333","default_profile_image":false,"id":149096517,"profile_background_image_url_https":"https://abs.twimg.com/images/themes/theme14/bg.gif","verified":false,"profile_location":null,"profile_image_url_https":"https://pbs.twimg.com/profile_images/937803954/zdj_cie_normal.jpg","profile_sidebar_fill_color":"EFEFEF","entities":{"description":{"urls":[]}},"followers_count":6306,"profile_sidebar_border_color":"FFFFFF","id_str":"149096517","profile_background_color":"131516","listed_count":92,"is_translation_enabled":false,"utc_offset":3600,"statuses_count":15389,"description":"Na archeologii puszczałem latawce w Peru. Teraz jestem 3xTatą, drukuję w 3D, wydaję FaktyTVN i nie odmawiam tańca. NewsExecutiveProducerTVN24, fatherOf3, POLAND","friends_count":1083,"location":"Warsaw, Poland","profile_link_color":"0494C9","profile_image_url":"http://pbs.twimg.com/profile_images/937803954/zdj_cie_normal.jpg","following":false,"geo_enabled":false,"profile_banner_url":"https://pbs.twimg.com/profile_banners/149096517/1347987536","profile_background_image_url":"http://abs.twimg.com/images/themes/theme14/bg.gif","name":"Maciek Słomczyński","lang":"en","profile_background_tile":true,"favourites_count":2618,"screen_name":"m_slomczynski","notifications":false,"url":null,"created_at":"Fri May 28 11:59:47 +0000 2010","contributors_enabled":false,"time_zone":"Warsaw","protected":false,"default_profile":false,"is_translator":false},"geo":null,"in_reply_to_user_id_str":"928447400","lang":"pl","created_at":"Sun Dec 14 23:59:35 +0000 2014","in_reply_to_status_id_str":"544278560442429441","place":null},
{"contributors":null,"truncated":false,"text":"@bbajorbrasewicz święte słowa","in_reply_to_status_id":544280486122905600,"id":544280671645360128,"favorite_count":0,"source":"<a href=\"http://twitter.com/download/iphone\" rel=\"nofollow\">Twitter for iPhone</a>","retweeted":false,"coordinates":null,"entities":{"symbols":[],"user_mentions":[{"id":342908446,"indices":[0,16],"id_str":"342908446","screen_name":"bbajorbrasewicz","name":"Bartek"}],"hashtags":[],"urls":[]},"in_reply_to_screen_name":"bbajorbrasewicz","id_str":"544280671645360128","retweet_count":0,"in_reply_to_user_id":342908446,"favorited":false,"user":{"follow_request_sent":false,"profile_use_background_image":true,"profile_text_color":"333333","default_profile_image":false,"id":149096517,"profile_background_image_url_https":"https://abs.twimg.com/images/themes/theme14/bg.gif","verified":false,"profile_location":null,"profile_image_url_https":"https://pbs.twimg.com/profile_images/937803954/zdj_cie_normal.jpg","profile_sidebar_fill_color":"EFEFEF","entities":{"description":{"urls":[]}},"followers_count":6306,"profile_sidebar_border_color":"FFFFFF","id_str":"149096517","profile_background_color":"131516","listed_count":92,"is_translation_enabled":false,"utc_offset":3600,"statuses_count":15389,"description":"Na archeologii puszczałem latawce w Peru. Teraz jestem 3xTatą, drukuję w 3D, wydaję FaktyTVN i nie odmawiam tańca. NewsExecutiveProducerTVN24, fatherOf3, POLAND","friends_count":1083,"location":"Warsaw, Poland","profile_link_color":"0494C9","profile_image_url":"http://pbs.twimg.com/profile_images/937803954/zdj_cie_normal.jpg","following":false,"geo_enabled":false,"profile_banner_url":"https://pbs.twimg.com/profile_banners/149096517/1347987536","profile_background_image_url":"http://abs.twimg.com/images/themes/theme14/bg.gif","name":"Maciek Słomczyński","lang":"en","profile_background_tile":true,"favourites_count":2618,"screen_name":"m_slomczynski","notifications":false,"url":null,"created_at":"Fri May 28 11:59:47 +0000 2010","contributors_enabled":false,"time_zone":"Warsaw","protected":false,"default_profile":false,"is_translator":false},"geo":null,"in_reply_to_user_id_str":"342908446","lang":"pl","created_at":"Sun Dec 14 23:59:59 +0000 2014","in_reply_to_status_id_str":"544280486122905600","place":null},
{"contributors":null,"truncated":false,"text":"@AirlineFlyer @PzFeed people hear TFR, but don't see the size/location of it on the map!","in_reply_to_status_id":544279208437239808,"id":544280749764263936,"favorite_count":0,"source":"<a href=\"http://twitter.com/download/iphone\" rel=\"nofollow\">Twitter for iPhone</a>","retweeted":false,"coordinates":null,"entities":{"symbols":[],"user_mentions":[{"id":58913244,"indices":[0,13],"id_str":"58913244","screen_name":"AirlineFlyer","name":"Jason Rabinowitz"},{"id":292777349,"indices":[14,21],"id_str":"292777349","screen_name":"PzFeed","name":"PzFeed Top News"}],"hashtags":[],"urls":[]},"in_reply_to_screen_name":"AirlineFlyer","id_str":"544280749764263936","retweet_count":0,"in_reply_to_user_id":58913244,"favorited":false,"user":{"follow_request_sent":false,"profile_use_background_image":true,"profile_text_color":"333333","default_profile_image":false,"id":393554543,"profile_background_image_url_https":"https://pbs.twimg.com/profile_background_images/419924935/photo__1_.jpg","verified":false,"profile_location":null,"profile_image_url_https":"https://pbs.twimg.com/profile_images/582451323016097792/TBtQGvVF_normal.jpg","profile_sidebar_fill_color":"DDEEF6","entities":{"description":{"urls":[]}},"followers_count":133,"profile_sidebar_border_color":"FFFFFF","id_str":"393554543","profile_background_color":"C0DEED","listed_count":2,"is_translation_enabled":false,"utc_offset":-21600,"statuses_count":3057,"description":"ED RN. CCRN. Pilot on my days off. U of MN - TC grad. #HEMS #Gophers #MNTwins #MCFC","friends_count":396,"location":"S MPLS","profile_link_color":"0084B4","profile_image_url":"http://pbs.twimg.com/profile_images/582451323016097792/TBtQGvVF_normal.jpg","following":false,"geo_enabled":true,"profile_banner_url":"https://pbs.twimg.com/profile_banners/393554543/1389323274","profile_background_image_url":"http://pbs.twimg.com/profile_background_images/419924935/photo__1_.jpg","name":"Mark Giesen","lang":"en","profile_background_tile":false,"favourites_count":1299,"screen_name":"propofolly","notifications":false,"url":null,"created_at":"Tue Oct 18 18:21:56 +0000 2011","contributors_enabled":false,"time_zone":"Central Time (US & Canada)","protected":false,"default_profile":false,"is_translator":false},"geo":null,"in_reply_to_user_id_str":"58913244","lang":"en","created_at":"Mon Dec 15 00:00:17 +0000 2014","in_reply_to_status_id_str":"544279208437239808","place":null},
{"contributors":null,"truncated":false,"text":"@m_slomczynski jest tylko ostrzeżenie wydane i zakaz lotów na niskim poziomie w okolicy. Pewnie by heliTv nie przeszkadzały","in_reply_to_status_id":544280573699960833,"id":544280983043059712,"favorite_count":0,"source":"<a href=\"http://www.twitter.com\" rel=\"nofollow\">Twitter for Windows Phone</a>","retweeted":false,"coordinates":null,"entities":{"symbols":[],"user_mentions":[{"id":149096517,"indices":[0,14],"id_str":"149096517","screen_name":"m_slomczynski","name":"Maciek Słomczyński"}],"hashtags":[],"urls":[]},"in_reply_to_screen_name":"m_slomczynski","id_str":"544280983043059712","retweet_count":0,"in_reply_to_user_id":149096517,"favorited":false,"user":{"follow_request_sent":false,"profile_use_background_image":true,"profile_text_color":"333333","default_profile_image":false,"id":928447400,"profile_background_image_url_https":"https://pbs.twimg.com/profile_background_images/524816074005422080/2mfmzn1g.jpeg","verified":false,"profile_location":null,"profile_image_url_https":"https://pbs.twimg.com/profile_images/553111981712896000/EDwVMn63_normal.jpeg","profile_sidebar_fill_color":"DDEEF6","entities":{"url":{"urls":[{"url":"http://t.co/d1Z7zG1Hxq","indices":[0,22],"expanded_url":"http://about.me/filiplachert","display_url":"about.me/filiplachert"}]},"description":{"urls":[]}},"followers_count":1075,"profile_sidebar_border_color":"FFFFFF","id_str":"928447400","profile_background_color":"050505","listed_count":14,"is_translation_enabled":false,"utc_offset":3600,"statuses_count":20016,"description":"Liberał społeczny. Boję się nadejścia autorytaryzmu. Mieszam sprawy poważne z błahymi, co daje ciężkostrawny efekt. Szersze #bio pod linkiem.","friends_count":1139,"location":"Warszawa","profile_link_color":"0084B4","profile_image_url":"http://pbs.twimg.com/profile_images/553111981712896000/EDwVMn63_normal.jpeg","following":false,"geo_enabled":true,"profile_banner_url":"https://pbs.twimg.com/profile_banners/928447400/1394968009","profile_background_image_url":"http://pbs.twimg.com/profile_background_images/524816074005422080/2mfmzn1g.jpeg","name":"Filip Lachert","lang":"pl","profile_background_tile":false,"favourites_count":17172,"screen_name":"FilipLachert","notifications":false,"url":"http://t.co/d1Z7zG1Hxq","created_at":"Mon Nov 05 21:32:41 +0000 2012","contributors_enabled":false,"time_zone":"Warsaw","protected":false,"default_profile":false,"is_translator":false},"geo":null,"in_reply_to_user_id_str":"149096517","lang":"pl","created_at":"Mon Dec 15 00:01:13 +0000 2014","in_reply_to_status_id_str":"544280573699960833","place":null},
{"contributors":null,"truncated":false,"text":"@propofolly @PzFeed they are usually tiny blips on the map","in_reply_to_status_id":544280749764263936,"id":544281033978679297,"favorite_count":0,"source":"<a href=\"http://klinkerapps.com\" rel=\"nofollow\">Talon (Classic)</a>","retweeted":false,"coordinates":null,"entities":{"symbols":[],"user_mentions":[{"id":393554543,"indices":[0,11],"id_str":"393554543","screen_name":"propofolly","name":"Mark Giesen"},{"id":292777349,"indices":[12,19],"id_str":"292777349","screen_name":"PzFeed","name":"PzFeed Top News"}],"hashtags":[],"urls":[]},"in_reply_to_screen_name":"propofolly","id_str":"544281033978679297","retweet_count":0,"in_reply_to_user_id":393554543,"favorited":false,"user":{"follow_request_sent":false,"profile_use_background_image":true,"profile_text_color":"038543","default_profile_image":false,"id":58913244,"profile_background_image_url_https":"https://pbs.twimg.com/profile_background_images/819687439/fd7696fbaba441e88416dad436af5b94.jpeg","verified":false,"profile_location":null,"profile_image_url_https":"https://pbs.twimg.com/profile_images/435627962411413504/EfhMLN6G_normal.jpeg","profile_sidebar_fill_color":"F6F6F6","entities":{"url":{"urls":[{"url":"https://t.co/GLQO6MAqHR","indices":[0,23],"expanded_url":"https://www.flickr.com/photos/airlineflyer/sets/","display_url":"flickr.com/photos/airline…"}]},"description":{"urls":[]}},"followers_count":9988,"profile_sidebar_border_color":"EEEEEE","id_str":"58913244","profile_background_color":"ACDED6","listed_count":323,"is_translation_enabled":false,"utc_offset":-18000,"statuses_count":108705,"description":"#AvGeek researching and writing things about airlines, airplanes and travel. @Routehappy Data Research Manager. Email me at- jason(at)airlineflyer(dot)net","friends_count":654,"location":"NYC","profile_link_color":"333333","profile_image_url":"http://pbs.twimg.com/profile_images/435627962411413504/EfhMLN6G_normal.jpeg","following":false,"geo_enabled":true,"profile_banner_url":"https://pbs.twimg.com/profile_banners/58913244/1417880208","profile_background_image_url":"http://pbs.twimg.com/profile_background_images/819687439/fd7696fbaba441e88416dad436af5b94.jpeg","name":"Jason Rabinowitz","lang":"en","profile_background_tile":false,"favourites_count":4104,"screen_name":"AirlineFlyer","notifications":false,"url":"https://t.co/GLQO6MAqHR","created_at":"Tue Jul 21 20:38:03 +0000 2009","contributors_enabled":false,"time_zone":"Eastern Time (US & Canada)","protected":false,"default_profile":false,"is_translator":false},"geo":null,"in_reply_to_user_id_str":"393554543","lang":"en","created_at":"Mon Dec 15 00:01:25 +0000 2014","in_reply_to_status_id_str":"544280749764263936","place":null},
{"contributors":null,"truncated":false,"text":"@FilipLachert zapewne","in_reply_to_status_id":544280983043059712,"id":544281590764150784,"favorite_count":0,"source":"<a href=\"http://twitter.com/download/iphone\" rel=\"nofollow\">Twitter for iPhone</a>","retweeted":false,"coordinates":null,"entities":{"symbols":[],"user_mentions":[{"id":928447400,"indices":[0,13],"id_str":"928447400","screen_name":"FilipLachert","name":"Filip Lachert"}],"hashtags":[],"urls":[]},"in_reply_to_screen_name":"FilipLachert","id_str":"544281590764150784","retweet_count":0,"in_reply_to_user_id":928447400,"favorited":false,"user":{"follow_request_sent":false,"profile_use_background_image":true,"profile_text_color":"333333","default_profile_image":false,"id":149096517,"profile_background_image_url_https":"https://abs.twimg.com/images/themes/theme14/bg.gif","verified":false,"profile_location":null,"profile_image_url_https":"https://pbs.twimg.com/profile_images/937803954/zdj_cie_normal.jpg","profile_sidebar_fill_color":"EFEFEF","entities":{"description":{"urls":[]}},"followers_count":6306,"profile_sidebar_border_color":"FFFFFF","id_str":"149096517","profile_background_color":"131516","listed_count":92,"is_translation_enabled":false,"utc_offset":3600,"statuses_count":15389,"description":"Na archeologii puszczałem latawce w Peru. Teraz jestem 3xTatą, drukuję w 3D, wydaję FaktyTVN i nie odmawiam tańca. NewsExecutiveProducerTVN24, fatherOf3, POLAND","friends_count":1083,"location":"Warsaw, Poland","profile_link_color":"0494C9","profile_image_url":"http://pbs.twimg.com/profile_images/937803954/zdj_cie_normal.jpg","following":false,"geo_enabled":false,"profile_banner_url":"https://pbs.twimg.com/profile_banners/149096517/1347987536","profile_background_image_url":"http://abs.twimg.com/images/themes/theme14/bg.gif","name":"Maciek Słomczyński","lang":"en","profile_background_tile":true,"favourites_count":2618,"screen_name":"m_slomczynski","notifications":false,"url":null,"created_at":"Fri May 28 11:59:47 +0000 2010","contributors_enabled":false,"time_zone":"Warsaw","protected":false,"default_profile":false,"is_translator":false},"geo":null,"in_reply_to_user_id_str":"928447400","lang":"pl","created_at":"Mon Dec 15 00:03:38 +0000 2014","in_reply_to_status_id_str":"544280983043059712","place":null},
{"contributors":null,"truncated":false,"text":"@m_slomczynski nie, to z komunikatu :)","in_reply_to_status_id":544281590764150784,"id":544281789481881600,"favorite_count":0,"source":"<a href=\"http://www.twitter.com\" rel=\"nofollow\">Twitter for Windows Phone</a>","retweeted":false,"coordinates":null,"entities":{"symbols":[],"user_mentions":[{"id":149096517,"indices":[0,14],"id_str":"149096517","screen_name":"m_slomczynski","name":"Maciek Słomczyński"}],"hashtags":[],"urls":[]},"in_reply_to_screen_name":"m_slomczynski","id_str":"544281789481881600","retweet_count":0,"in_reply_to_user_id":149096517,"favorited":false,"user":{"follow_request_sent":false,"profile_use_background_image":true,"profile_text_color":"333333","default_profile_image":false,"id":928447400,"profile_background_image_url_https":"https://pbs.twimg.com/profile_background_images/524816074005422080/2mfmzn1g.jpeg","verified":false,"profile_location":null,"profile_image_url_https":"https://pbs.twimg.com/profile_images/553111981712896000/EDwVMn63_normal.jpeg","profile_sidebar_fill_color":"DDEEF6","entities":{"url":{"urls":[{"url":"http://t.co/d1Z7zG1Hxq","indices":[0,22],"expanded_url":"http://about.me/filiplachert","display_url":"about.me/filiplachert"}]},"description":{"urls":[]}},"followers_count":1075,"profile_sidebar_border_color":"FFFFFF","id_str":"928447400","profile_background_color":"050505","listed_count":14,"is_translation_enabled":false,"utc_offset":3600,"statuses_count":20016,"description":"Liberał społeczny. Boję się nadejścia autorytaryzmu. Mieszam sprawy poważne z błahymi, co daje ciężkostrawny efekt. Szersze #bio pod linkiem.","friends_count":1139,"location":"Warszawa","profile_link_color":"0084B4","profile_image_url":"http://pbs.twimg.com/profile_images/553111981712896000/EDwVMn63_normal.jpeg","following":false,"geo_enabled":true,"profile_banner_url":"https://pbs.twimg.com/profile_banners/928447400/1394968009","profile_background_image_url":"http://pbs.twimg.com/profile_background_images/524816074005422080/2mfmzn1g.jpeg","name":"Filip Lachert","lang":"pl","profile_background_tile":false,"favourites_count":17172,"screen_name":"FilipLachert","notifications":false,"url":"http://t.co/d1Z7zG1Hxq","created_at":"Mon Nov 05 21:32:41 +0000 2012","contributors_enabled":false,"time_zone":"Warsaw","protected":false,"default_profile":false,"is_translator":false},"geo":null,"in_reply_to_user_id_str":"149096517","lang":"pl","created_at":"Mon Dec 15 00:04:25 +0000 2014","in_reply_to_status_id_str":"544281590764150784","place":null},
{"contributors":null,"truncated":false,"text":"@AirlineFlyer @PzFeed also, usually very minimal AGL altitude restrictions. Unless right off end of active runway, not going to make impact!","in_reply_to_status_id":544281033978679297,"id":544282658688475136,"favorite_count":0,"source":"<a href=\"http://twitter.com/download/iphone\" rel=\"nofollow\">Twitter for iPhone</a>","retweeted":false,"coordinates":null,"entities":{"symbols":[],"user_mentions":[{"id":58913244,"indices":[0,13],"id_str":"58913244","screen_name":"AirlineFlyer","name":"Jason Rabinowitz"},{"id":292777349,"indices":[14,21],"id_str":"292777349","screen_name":"PzFeed","name":"PzFeed Top News"}],"hashtags":[],"urls":[]},"in_reply_to_screen_name":"AirlineFlyer","id_str":"544282658688475136","retweet_count":0,"in_reply_to_user_id":58913244,"favorited":false,"user":{"follow_request_sent":false,"profile_use_background_image":true,"profile_text_color":"333333","default_profile_image":false,"id":393554543,"profile_background_image_url_https":"https://pbs.twimg.com/profile_background_images/419924935/photo__1_.jpg","verified":false,"profile_location":null,"profile_image_url_https":"https://pbs.twimg.com/profile_images/582451323016097792/TBtQGvVF_normal.jpg","profile_sidebar_fill_color":"DDEEF6","entities":{"description":{"urls":[]}},"followers_count":133,"profile_sidebar_border_color":"FFFFFF","id_str":"393554543","profile_background_color":"C0DEED","listed_count":2,"is_translation_enabled":false,"utc_offset":-21600,"statuses_count":3057,"description":"ED RN. CCRN. Pilot on my days off. U of MN - TC grad. #HEMS #Gophers #MNTwins #MCFC","friends_count":396,"location":"S MPLS","profile_link_color":"0084B4","profile_image_url":"http://pbs.twimg.com/profile_images/582451323016097792/TBtQGvVF_normal.jpg","following":false,"geo_enabled":true,"profile_banner_url":"https://pbs.twimg.com/profile_banners/393554543/1389323274","profile_background_image_url":"http://pbs.twimg.com/profile_background_images/419924935/photo__1_.jpg","name":"Mark Giesen","lang":"en","profile_background_tile":false,"favourites_count":1299,"screen_name":"propofolly","notifications":false,"url":null,"created_at":"Tue Oct 18 18:21:56 +0000 2011","contributors_enabled":false,"time_zone":"Central Time (US & Canada)","protected":false,"default_profile":false,"is_translator":false},"geo":null,"in_reply_to_user_id_str":"58913244","lang":"en","created_at":"Mon Dec 15 00:07:52 +0000 2014","in_reply_to_status_id_str":"544281033978679297","place":null},
{"contributors":null,"truncated":false,"text":"@AlFiguiguiM @Ti_nounou les false flag ont toujours le vent en poupe.Qui va ramasser les coups,le pékinois(nous).","in_reply_to_status_id":544279510141927426,"id":544283944016150528,"favorite_count":0,"source":"<a href=\"http://twitter.com\" rel=\"nofollow\">Twitter Web Client</a>","retweeted":false,"coordinates":null,"entities":{"symbols":[],"user_mentions":[{"id":562134171,"indices":[0,12],"id_str":"562134171","screen_name":"AlFiguiguiM","name":"محمد الفجيجي"},{"id":264862915,"indices":[13,23],"id_str":"264862915","screen_name":"Ti_nounou","name":"Ti Nounou"}],"hashtags":[],"urls":[]},"in_reply_to_screen_name":"AlFiguiguiM","id_str":"544283944016150528","retweet_count":0,"in_reply_to_user_id":562134171,"favorited":false,"user":{"follow_request_sent":false,"profile_use_background_image":true,"profile_text_color":"333333","default_profile_image":false,"id":2402247031,"profile_background_image_url_https":"https://abs.twimg.com/images/themes/theme1/bg.png","verified":false,"profile_location":null,"profile_image_url_https":"https://pbs.twimg.com/profile_images/492443627784646656/ha26Rs1R_normal.png","profile_sidebar_fill_color":"DDEEF6","entities":{"description":{"urls":[]}},"followers_count":232,"profile_sidebar_border_color":"C0DEED","id_str":"2402247031","profile_background_color":"C0DEED","listed_count":3,"is_translation_enabled":false,"utc_offset":null,"statuses_count":18695,"description":"Le Monde m' a oublié: Qui suis-je? \nThe Whole World has Forgot Me: Who am I?","friends_count":472,"location":"","profile_link_color":"0084B4","profile_image_url":"http://pbs.twimg.com/profile_images/492443627784646656/ha26Rs1R_normal.png","following":false,"geo_enabled":false,"profile_background_image_url":"http://abs.twimg.com/images/themes/theme1/bg.png","name":"mouadib","lang":"fr","profile_background_tile":false,"favourites_count":2150,"screen_name":"mouadibun","notifications":false,"url":null,"created_at":"Fri Mar 21 22:37:25 +0000 2014","contributors_enabled":false,"time_zone":null,"protected":false,"default_profile":true,"is_translator":false},"geo":null,"in_reply_to_user_id_str":"562134171","lang":"fr","created_at":"Mon Dec 15 00:12:59 +0000 2014","in_reply_to_status_id_str":"544279510141927426","place":null},
{"contributors":null,"truncated":false,"text":"@mouadibun @Ti_nounou C'est clair... Quelle époque trouble subhana Llah","in_reply_to_status_id":544283944016150528,"id":544286874987421696,"favorite_count":0,"source":"<a href=\"http://twitter.com\" rel=\"nofollow\">Twitter Web Client</a>","retweeted":false,"coordinates":null,"entities":{"symbols":[],"user_mentions":[{"id":2402247031,"indices":[0,10],"id_str":"2402247031","screen_name":"mouadibun","name":"mouadib"},{"id":264862915,"indices":[11,21],"id_str":"264862915","screen_name":"Ti_nounou","name":"Ti Nounou"}],"hashtags":[],"urls":[]},"in_reply_to_screen_name":"mouadibun","id_str":"544286874987421696","retweet_count":0,"in_reply_to_user_id":2402247031,"favorited":false,"user":{"follow_request_sent":false,"profile_use_background_image":true,"profile_text_color":"333333","default_profile_image":false,"id":562134171,"profile_background_image_url_https":"https://abs.twimg.com/images/themes/theme1/bg.png","verified":false,"profile_location":null,"profile_image_url_https":"https://pbs.twimg.com/profile_images/541733052700176385/iPNa65iu_normal.jpeg","profile_sidebar_fill_color":"DDEEF6","entities":{"description":{"urls":[]}},"followers_count":573,"profile_sidebar_border_color":"C0DEED","id_str":"562134171","profile_background_color":"C0DEED","listed_count":4,"is_translation_enabled":false,"utc_offset":3600,"statuses_count":11015,"description":"Tâlibu talab al 'ilm... Ce que je dis n'engage que moi et seulement moi... Qu'Allah nous guide","friends_count":385,"location":"","profile_link_color":"0084B4","profile_image_url":"http://pbs.twimg.com/profile_images/541733052700176385/iPNa65iu_normal.jpeg","following":false,"geo_enabled":false,"profile_banner_url":"https://pbs.twimg.com/profile_banners/562134171/1417994198","profile_background_image_url":"http://abs.twimg.com/images/themes/theme1/bg.png","name":"محمد الفجيجي","lang":"fr","profile_background_tile":false,"favourites_count":1104,"screen_name":"AlFiguiguiM","notifications":false,"url":null,"created_at":"Tue Apr 24 14:08:28 +0000 2012","contributors_enabled":false,"time_zone":"Paris","protected":false,"default_profile":true,"is_translator":false},"geo":null,"in_reply_to_user_id_str":"2402247031","lang":"fr","created_at":"Mon Dec 15 00:24:38 +0000 2014","in_reply_to_status_id_str":"544283944016150528","place":null},
{"contributors":null,"truncated":false,"text":"@AlFiguiguiM @Ti_nounou ALLAH y hafd","in_reply_to_status_id":544286874987421696,"id":544287809813901312,"favorite_count":0,"source":"<a href=\"http://twitter.com\" rel=\"nofollow\">Twitter Web Client</a>","retweeted":false,"coordinates":null,"entities":{"symbols":[],"user_mentions":[{"id":562134171,"indices":[0,12],"id_str":"562134171","screen_name":"AlFiguiguiM","name":"محمد الفجيجي"},{"id":264862915,"indices":[13,23],"id_str":"264862915","screen_name":"Ti_nounou","name":"Ti Nounou"}],"hashtags":[],"urls":[]},"in_reply_to_screen_name":"AlFiguiguiM","id_str":"544287809813901312","retweet_count":0,"in_reply_to_user_id":562134171,"favorited":false,"user":{"follow_request_sent":false,"profile_use_background_image":true,"profile_text_color":"333333","default_profile_image":false,"id":2402247031,"profile_background_image_url_https":"https://abs.twimg.com/images/themes/theme1/bg.png","verified":false,"profile_location":null,"profile_image_url_https":"https://pbs.twimg.com/profile_images/492443627784646656/ha26Rs1R_normal.png","profile_sidebar_fill_color":"DDEEF6","entities":{"description":{"urls":[]}},"followers_count":232,"profile_sidebar_border_color":"C0DEED","id_str":"2402247031","profile_background_color":"C0DEED","listed_count":3,"is_translation_enabled":false,"utc_offset":null,"statuses_count":18695,"description":"Le Monde m' a oublié: Qui suis-je? \nThe Whole World has Forgot Me: Who am I?","friends_count":472,"location":"","profile_link_color":"0084B4","profile_image_url":"http://pbs.twimg.com/profile_images/492443627784646656/ha26Rs1R_normal.png","following":false,"geo_enabled":false,"profile_background_image_url":"http://abs.twimg.com/images/themes/theme1/bg.png","name":"mouadib","lang":"fr","profile_background_tile":false,"favourites_count":2150,"screen_name":"mouadibun","notifications":false,"url":null,"created_at":"Fri Mar 21 22:37:25 +0000 2014","contributors_enabled":false,"time_zone":null,"protected":false,"default_profile":true,"is_translator":false},"geo":null,"in_reply_to_user_id_str":"562134171","lang":"in","created_at":"Mon Dec 15 00:28:20 +0000 2014","in_reply_to_status_id_str":"544286874987421696","place":null},
{"contributors":null,"truncated":false,"text":"@mouadibun @Ti_nounou amin","in_reply_to_status_id":544287809813901312,"id":544287872304832514,"favorite_count":0,"source":"<a href=\"http://twitter.com\" rel=\"nofollow\">Twitter Web Client</a>","retweeted":false,"coordinates":null,"entities":{"symbols":[],"user_mentions":[{"id":2402247031,"indices":[0,10],"id_str":"2402247031","screen_name":"mouadibun","name":"mouadib"},{"id":264862915,"indices":[11,21],"id_str":"264862915","screen_name":"Ti_nounou","name":"Ti Nounou"}],"hashtags":[],"urls":[]},"in_reply_to_screen_name":"mouadibun","id_str":"544287872304832514","retweet_count":0,"in_reply_to_user_id":2402247031,"favorited":false,"user":{"follow_request_sent":false,"profile_use_background_image":true,"profile_text_color":"333333","default_profile_image":false,"id":562134171,"profile_background_image_url_https":"https://abs.twimg.com/images/themes/theme1/bg.png","verified":false,"profile_location":null,"profile_image_url_https":"https://pbs.twimg.com/profile_images/541733052700176385/iPNa65iu_normal.jpeg","profile_sidebar_fill_color":"DDEEF6","entities":{"description":{"urls":[]}},"followers_count":573,"profile_sidebar_border_color":"C0DEED","id_str":"562134171","profile_background_color":"C0DEED","listed_count":4,"is_translation_enabled":false,"utc_offset":3600,"statuses_count":11015,"description":"Tâlibu talab al 'ilm... Ce que je dis n'engage que moi et seulement moi... Qu'Allah nous guide","friends_count":385,"location":"","profile_link_color":"0084B4","profile_image_url":"http://pbs.twimg.com/profile_images/541733052700176385/iPNa65iu_normal.jpeg","following":false,"geo_enabled":false,"profile_banner_url":"https://pbs.twimg.com/profile_banners/562134171/1417994198","profile_background_image_url":"http://abs.twimg.com/images/themes/theme1/bg.png","name":"محمد الفجيجي","lang":"fr","profile_background_tile":false,"favourites_count":1104,"screen_name":"AlFiguiguiM","notifications":false,"url":null,"created_at":"Tue Apr 24 14:08:28 +0000 2012","contributors_enabled":false,"time_zone":"Paris","protected":false,"default_profile":true,"is_translator":false},"geo":null,"in_reply_to_user_id_str":"2402247031","lang":"en","created_at":"Mon Dec 15 00:28:35 +0000 2014","in_reply_to_status_id_str":"544287809813901312","place":null}
]