[{"contributors":null,"truncated":false,"text":"@philipiglauer how do they tweet when mobile networks are shut down? Or is that just a rumor","in_reply_to_status_id":544294618758520832,"id":544295045994524672,"favorite_count":0,"source":"<a href=\"http://itunes.apple.com/us/app/twitter/id409789998?mt=12\" rel=\"nofollow\">Twitter for Mac</a>","retweeted":false,"coordinates":null,"entities":{"symbols":[],"user_mentions":[{"id":850302560,"indices":[0,14],"id_str":"850302560","screen_name":"PhilipIglauer","name":"PhilipIglauer"}],"hashtags":[],"urls":[]},"in_reply_to_screen_name":"PhilipIglauer","id_str":"544295045994524672","retweet_count":0,"in_reply_to_user_id":850302560,"favorited":false,"user":{"follow_request_sent":false,"profile_use_background_image":true,"profile_text_color":"333333","default_profile_image":false,"id":11643982,"profile_background_image_url_https":"https://abs.twimg.com/images/themes/theme6/bg.gif","verified":false,"profile_location":null,"profile_image_url_https":"https://pbs.twimg.com/profile_images/576504305651331072/GSgc2iaK_normal.jpeg","profile_sidebar_fill_color":"A0C5C7","entities":{"url":{"urls":[{"url":"http://t.co/ndqgZDgviO","indices":[0,22],"expanded_url":"http://nolim1t.tip.me","display_url":"nolim1t.tip.me"}]},"description":{"urls":[]}},"followers_count":1706,"profile_sidebar_border_color":"86A4A6","id_str":"11643982","profile_background_color":"709397","listed_count":63,"is_translation_enabled":false,"utc_offset":39600,"statuses_count":24645,"description":"我是技术創業者. I am disruptor. I get around. Tweets about: Travel, Food, UX, Open Source, Bitcoin, Mobile, Apple, and startups!","friends_count":1322,"location":"SYD / HKG","profile_link_color":"FF3300","profile_image_url":"http://pbs.twimg.com/profile_images/576504305651331072/GSgc2iaK_normal.jpeg","following":false,"geo_enabled":true,"profile_banner_url":"https://pbs.twimg.com/profile_banners/11643982/1398898414","profile_background_image_url":"http://abs.twimg.com/images/themes/theme6/bg.gif","name":"高手놀리밑™","lang":"en","profile_background_tile":false,"favourites_count":2323,"screen_name":"nolim1t","notifications":false,"url":"http://t.co/ndqgZDgviO","created_at":"Sat Dec 29 23:31:36 +0000 2007","contributors_enabled":false,"time_zone":"Sydney","protected":false,"default_profile":false,"is_translator":false},"geo":null,"in_reply_to_user_id_str":"850302560","lang":"en","created_at":"Mon Dec 15 00:57:06 +0000 2014","in_reply_to_status_id_str":"544294618758520832","place":null},
{"contributors":null,"truncated":false,"text":"@PhilipIglauer The TV media need to stop showing up to date film of police and their movements #MartinPlaceSiege","in_reply_to_status_id":544294618758520832,"id":544295774318645248,"favorite_count":2,"source":"<a href=\"http://twitter.com\" rel=\"nofollow\">Twitter Web Client</a>","retweeted":false,"coordinates":null,"entities":{"symbols":[],"user_mentions":[{"id":850302560,"indices":[0,14],"id_str":"850302560","screen_name":"PhilipIglauer","name":"PhilipIglauer"}],"hashtags":[{"indices":[95,112],"text":"MartinPlaceSiege"}],"urls":[]},"in_reply_to_screen_name":"PhilipIglauer","id_str":"544295774318645248","retweet_count":1,"in_reply_to_user_id":850302560,"favorited":false,"user":{"follow_request_sent":false,"profile_use_background_image":true,"profile_text_color":"0084B4","default_profile_image":false,"id":277961983,"profile_background_image_url_https":"https://pbs.twimg.com/profile_background_images/344918034409013839/8388f9f5ebca3dd2c58b44f190687497.png","verified":false,"profile_location":null,"profile_image_url_https":"https://pbs.twimg.com/profile_images/3552001329/f3506a616430d556ef6838c89d9dbb0a_normal.jpeg","profile_sidebar_fill_color":"DDEEF6","entities":{"description":{"urls":[]}},"followers_count":146,"profile_sidebar_border_color":"C0DEED","id_str":"277961983","profile_background_color":"C0DEED","listed_count":2,"is_translation_enabled":false,"utc_offset":-36000,"statuses_count":5499,"description":"Proud 1st gen Aussie. Have an opinion on just about everything. Totally dislike Abbott and his crew. nickname is Achmed","friends_count":145,"location":"","profile_link_color":"333333","profile_image_url":"http://pbs.twimg.com/profile_images/3552001329/f3506a616430d556ef6838c89d9dbb0a_normal.jpeg","following":false,"geo_enabled":true,"profile_background_image_url":"http://pbs.twimg.com/profile_background_images/344918034409013839/8388f9f5ebca3dd2c58b44f190687497.png","name":"Achmed","lang":"en","profile_background_tile":false,"favourites_count":501,"screen_name":"AussieAchmed","notifications":false,"url":null,"created_at":"Wed Apr 06 09:56:13 +0000 2011","contributors_enabled":false,"time_zone":"Hawaii","protected":false,"default_profile":false,"is_translator":false},"geo":null,"in_reply_to_user_id_str":"850302560","lang":"en","created_at":"Mon Dec 15 00:59:59 +0000 2014","in_reply_to_status_id_str":"544294618758520832","place":null},
{"contributors":null,"truncated":false,"text":"“@PhilipIglauer: Sydney police, gov't officials asking public on site not to tweet info about #Siege because could be \"tactically important\"","in_reply_to_status_id":544294618758520832,"id":544296827093139456,"favorite_count":4,"source":"<a href=\"http://twitter.com/download/iphone\" rel=\"nofollow\">Twitter for iPhone</a>","retweeted":false,"coordinates":null,"entities":{"symbols":[],"user_mentions":[{"id":850302560,"indices":[1,15],"id_str":"850302560","screen_name":"PhilipIglauer","name":"PhilipIglauer"}],"hashtags":[{"indices":[94,100],"text":"Siege"}],"urls":[]},"in_reply_to_screen_name":"PhilipIglauer","id_str":"544296827093139456","retweet_count":4,"in_reply_to_user_id":850302560,"favorited":false,"user":{"follow_request_sent":false,"profile_use_background_image":true,"profile_text_color":"333333","default_profile_image":false,"id":2502895924,"profile_background_image_url_https":"https://abs.twimg.com/images/themes/theme1/bg.png","verified":false,"profile_location":null,"profile_image_url_https":"https://pbs.twimg.com/profile_images/533800853769957376/HZBHZ2k0_normal.jpeg","profile_sidebar_fill_color":"DDEEF6","entities":{"description":{"urls":[]}},"followers_count":9817,"profile_sidebar_border_color":"C0DEED","id_str":"2502895924","profile_background_color":"C0DEED","listed_count":145,"is_translation_enabled":false,"utc_offset":null,"statuses_count":49761,"description":"Politics. Wine. Animals. TEXAS. Backup is @blastedchrome. Conservative, vegan, concealed carrier. #2A #IStandWithIsrael #Kurds #Peshmerga #Yezidi ن Anti-Daesh","friends_count":8893,"location":"","profile_link_color":"0084B4","profile_image_url":"http://pbs.twimg.com/profile_images/533800853769957376/HZBHZ2k0_normal.jpeg","following":false,"geo_enabled":false,"profile_banner_url":"https://pbs.twimg.com/profile_banners/2502895924/1408043461","profile_background_image_url":"http://abs.twimg.com/images/themes/theme1/bg.png","name":"JewishJihadi™","lang":"en","profile_background_tile":false,"favourites_count":30109,"screen_name":"blastedsilver","notifications":false,"url":null,"created_at":"Wed Apr 23 00:33:48 +0000 2014","contributors_enabled":false,"time_zone":null,"protected":false,"default_profile":true,"is_translator":false},"geo":null,"in_reply_to_user_id_str":"850302560","lang":"en","created_at":"Mon Dec 15 01:04:10 +0000 2014","in_reply_to_status_id_str":"544294618758520832","place":null},
{"contributors":null,"truncated":false,"text":"@PhilipIglauer are you korean ???","in_reply_to_status_id":544294618758520832,"id":544297535842430976,"favorite_count":0,"source":"<a href=\"http://twitter.com/download/iphone\" rel=\"nofollow\">Twitter for iPhone</a>","retweeted":false,"coordinates":null,"entities":{"symbols":[],"user_mentions":[{"id":850302560,"indices":[0,14],"id_str":"850302560","screen_name":"PhilipIglauer","name":"PhilipIglauer"}],"hashtags":[],"urls":[]},"in_reply_to_screen_name":"PhilipIglauer","id_str":"544297535842430976","retweet_count":0,"in_reply_to_user_id":850302560,"favorited":false,"user":{"follow_request_sent":false,"profile_use_background_image":true,"profile_text_color":"333333","default_profile_image":false,"id":2874025879,"profile_background_image_url_https":"https://abs.twimg.com/images/themes/theme1/bg.png","verified":false,"profile_location":null,"profile_image_url_https":"https://pbs.twimg.com/profile_images/546318720855838720/sgn6IPOL_normal.jpeg","profile_sidebar_fill_color":"DDEEF6","entities":{"description":{"urls":[]}},"followers_count":35,"profile_sidebar_border_color":"C0DEED","id_str":"2874025879","profile_background_color":"C0DEED","listed_count":0,"is_translation_enabled":false,"utc_offset":null,"statuses_count":629,"description":"Im (new model) Do not hurt the feelings of others if you can not make him happy live silently my girlfriend semo @siwon4444","friends_count":11,"location":"korea-seoul","profile_link_color":"0084B4","profile_image_url":"http://pbs.twimg.com/profile_images/546318720855838720/sgn6IPOL_normal.jpeg","following":false,"geo_enabled":false,"profile_banner_url":"https://pbs.twimg.com/profile_banners/2874025879/1418594681","profile_background_image_url":"http://abs.twimg.com/images/themes/theme1/bg.png","name":"리강","lang":"ar","profile_background_tile":false,"favourites_count":22,"screen_name":"l2ekang","notifications":false,"url":null,"created_at":"Thu Oct 23 20:35:27 +0000 2014","contributors_enabled":false,"time_zone":null,"protected":false,"default_profile":true,"is_translator":false},"geo":null,"in_reply_to_user_id_str":"850302560","lang":"en","created_at":"Mon Dec 15 01:06:59 +0000 2014","in_reply_to_status_id_str":"544294618758520832","place":null},
{"contributors":null,"truncated":false,"text":"@PhilipIglauer @JaneCaro First rule of national security apparatus : control the mob and get it to work for you.","in_reply_to_status_id":544294618758520832,"id":544297811622506496,"favorite_count":0,"source":"<a href=\"http://twitter.com/download/android\" rel=\"nofollow\">Twitter for Android</a>","retweeted":false,"coordinates":null,"entities":{"symbols":[],"user_mentions":[{"id":850302560,"indices":[0,14],"id_str":"850302560","screen_name":"PhilipIglauer","name":"PhilipIglauer"},{"id":92932981,"indices":[15,24],"id_str":"92932981","screen_name":"JaneCaro","name":"Jane Caro"}],"hashtags":[],"urls":[]},"in_reply_to_screen_name":"PhilipIglauer","id_str":"544297811622506496","retweet_count":0,"in_reply_to_user_id":850302560,"favorited":false,"user":{"follow_request_sent":false,"profile_use_background_image":true,"profile_text_color":"3D1957","default_profile_image":false,"id":370274402,"profile_background_image_url_https":"https://pbs.twimg.com/profile_background_images/390526024/Road_to_Emerald_city.jpg","verified":false,"profile_location":null,"profile_image_url_https":"https://pbs.twimg.com/profile_images/584483491796094977/wmqR6PAO_normal.jpg","profile_sidebar_fill_color":"7AC3EE","entities":{"description":{"urls":[]}},"followers_count":563,"profile_sidebar_border_color":"65B0DA","id_str":"370274402","profile_background_color":"642D8B","listed_count":21,"is_translation_enabled":false,"utc_offset":null,"statuses_count":35942,"description":"Herz im Schwarzwald, Arsch in Wicklow. Meist sinnfreies Gedankengut. Hiberno-Germanic with traces of Thames estuary.","friends_count":1212,"location":"Ballypalookagh, Ireland","profile_link_color":"FF0000","profile_image_url":"http://pbs.twimg.com/profile_images/584483491796094977/wmqR6PAO_normal.jpg","following":false,"geo_enabled":false,"profile_background_image_url":"http://pbs.twimg.com/profile_background_images/390526024/Road_to_Emerald_city.jpg","name":"Ballypalooka Bill","lang":"en","profile_background_tile":true,"favourites_count":10104,"screen_name":"irrpfad","notifications":false,"url":null,"created_at":"Thu Sep 08 19:03:39 +0000 2011","contributors_enabled":false,"time_zone":null,"protected":false,"default_profile":false,"is_translator":false},"geo":null,"in_reply_to_user_id_str":"850302560","lang":"en","created_at":"Mon Dec 15 01:08:05 +0000 2014","in_reply_to_status_id_str":"544294618758520832","place":null},
{"contributors":null,"truncated":false,"text":"@PhilipIglauer @njhickey It's not the general public they have to worry about.  The general public use their brains. It's the MEDIA!!","in_reply_to_status_id":544294618758520832,"id":544298294998884352,"favorite_count":1,"source":"<a href=\"http://twitter.com\" rel=\"nofollow\">Twitter Web Client</a>","retweeted":false,"coordinates":null,"entities":{"symbols":[],"user_mentions":[{"id":850302560,"indices":[0,14],"id_str":"850302560","screen_name":"PhilipIglauer","name":"PhilipIglauer"},{"id":1124720773,"indices":[15,24],"id_str":"1124720773","screen_name":"njhickey","name":"Natalie Hickey"}],"hashtags":[],"urls":[]},"in_reply_to_screen_name":"PhilipIglauer","id_str":"544298294998884352","retweet_count":0,"in_reply_to_user_id":850302560,"favorited":false,"user":{"follow_request_sent":false,"profile_use_background_image":true,"profile_text_color":"3D1957","default_profile_image":false,"id":92539332,"profile_background_image_url_https":"https://abs.twimg.com/images/themes/theme10/bg.gif","verified":false,"profile_location":null,"profile_image_url_https":"https://pbs.twimg.com/profile_images/561118116084609024/8SI3LCaW_normal.png","profile_sidebar_fill_color":"7AC3EE","entities":{"description":{"urls":[]}},"followers_count":854,"profile_sidebar_border_color":"FFFFFF","id_str":"92539332","profile_background_color":"642D8B","listed_count":18,"is_translation_enabled":false,"utc_offset":39600,"statuses_count":31415,"description":"SUPERNATURAL FAMILY - JENSEN ACKLES -                                   SUPERNATURAL CAST & CREW -                       AFL = ESSENDON - ALL SPORTS - ALL MUSIC","friends_count":1231,"location":"Melbourne","profile_link_color":"FF0000","profile_image_url":"http://pbs.twimg.com/profile_images/561118116084609024/8SI3LCaW_normal.png","following":false,"geo_enabled":true,"profile_banner_url":"https://pbs.twimg.com/profile_banners/92539332/1409393729","profile_background_image_url":"http://abs.twimg.com/images/themes/theme10/bg.gif","name":"AustImpalaGirl OUSA","lang":"en","profile_background_tile":true,"favourites_count":23352,"screen_name":"trampanya","notifications":false,"url":null,"created_at":"Wed Nov 25 14:58:46 +0000 2009","contributors_enabled":false,"time_zone":"Melbourne","protected":false,"default_profile":false,"is_translator":false},"geo":null,"in_reply_to_user_id_str":"850302560","lang":"en","created_at":"Mon Dec 15 01:10:00 +0000 2014","in_reply_to_status_id_str":"544294618758520832","place":{"full_name":"Melbourne, Victoria","url":"https://api.twitter.com/1.1/geo/id/01864a8a64df9dc4.json","country":"Australia","place_type":"city","bounding_box":{"type":"Polygon","coordinates":[[[144.593741856,-38.433859306],[145.512528832,-38.433859306],[145.512528832,-37.5112737225],[144.593741856,-37.5112737225]]]},"contained_within":[],"country_code":"AU","attributes":{},"id":"01864a8a64df9dc4","name":"Melbourne"}},
{"contributors":null,"truncated":false,"text":"@l2ekang Nope. Can't see my photo???","in_reply_to_status_id":544297535842430976,"id":544298800576081921,"favorite_count":1,"source":"<a href=\"http://twitter.com\" rel=\"nofollow\">Twitter Web Client</a>","retweeted":false,"coordinates":null,"entities":{"symbols":[],"user_mentions":[{"id":2874025879,"indices":[0,8],"id_str":"2874025879","screen_name":"l2ekang","name":"리강"}],"hashtags":[],"urls":[]},"in_reply_to_screen_name":"l2ekang","id_str":"544298800576081921","retweet_count":0,"in_reply_to_user_id":2874025879,"favorited":false,"user":{"follow_request_sent":false,"profile_use_background_image":true,"profile_text_color":"333333","default_profile_image":false,"id":850302560,"profile_background_image_url_https":"https://abs.twimg.com/images/themes/theme1/bg.png","verified":false,"profile_location":null,"profile_image_url_https":"https://pbs.twimg.com/profile_images/2657133111/30e88fb395c82126b48498bace56041e_normal.jpeg","profile_sidebar_fill_color":"DDEEF6","entities":{"url":{"urls":[{"url":"http://t.co/qAOGmNzRWO","indices":[0,22],"expanded_url":"http://www.facebook.com/DiplomaticCircuit?ref=hl","display_url":"facebook.com/DiplomaticCirc…"}]},"description":{"urls":[]}},"followers_count":4526,"profile_sidebar_border_color":"C0DEED","id_str":"850302560","profile_background_color":"C0DEED","listed_count":65,"is_translation_enabled":false,"utc_offset":32400,"statuses_count":3214,"description":"I am interested in all things Koreana --- North, South & elsewhere --- a current affairs news junkie, sci-fi, tech, travel and anything brain stimulating.","friends_count":3117,"location":"Seoul, Korea","profile_link_color":"0084B4","profile_image_url":"http://pbs.twimg.com/profile_images/2657133111/30e88fb395c82126b48498bace56041e_normal.jpeg","following":false,"geo_enabled":true,"profile_banner_url":"https://pbs.twimg.com/profile_banners/850302560/1413618006","profile_background_image_url":"http://abs.twimg.com/images/themes/theme1/bg.png","name":"PhilipIglauer","lang":"en","profile_background_tile":false,"favourites_count":4174,"screen_name":"PhilipIglauer","notifications":false,"url":"http://t.co/qAOGmNzRWO","created_at":"Fri Sep 28 02:09:27 +0000 2012","contributors_enabled":false,"time_zone":"Seoul","protected":false,"default_profile":true,"is_translator":false},"geo":null,"in_reply_to_user_id_str":"2874025879","lang":"en","created_at":"Mon Dec 15 01:12:01 +0000 2014","in_reply_to_status_id_str":"544297535842430976","place":null},
{"contributors":null,"truncated":false,"text":"@PhilipIglauer @JaneCaro","in_reply_to_status_id":544294618758520832,"id":544299643849306113,"favorite_count":0,"source":"<a href=\"http://twitter.com/download/iphone\" rel=\"nofollow\">Twitter for iPhone</a>","retweeted":false,"coordinates":null,"entities":{"symbols":[],"user_mentions":[{"id":850302560,"indices":[0,14],"id_str":"850302560","screen_name":"PhilipIglauer","name":"PhilipIglauer"},{"id":92932981,"indices":[15,24],"id_str":"92932981","screen_name":"JaneCaro","name":"Jane Caro"}],"hashtags":[],"urls":[]},"in_reply_to_screen_name":"PhilipIglauer","id_str":"544299643849306113","retweet_count":0,"in_reply_to_user_id":850302560,"favorited":false,"user":{"follow_request_sent":false,"profile_use_background_image":true,"profile_text_color":"333333","default_profile_image":true,"id":1399495441,"profile_background_image_url_https":"https://abs.twimg.com/images/themes/theme1/bg.png","verified":false,"profile_location":null,"profile_image_url_https":"https://abs.twimg.com/sticky/default_profile_images/default_profile_1_normal.png","profile_sidebar_fill_color":"DDEEF6","entities":{"description":{"urls":[]}},"followers_count":10,"profile_sidebar_border_color":"C0DEED","id_str":"1399495441","profile_background_color":"C0DEED","listed_count":0,"is_translation_enabled":false,"utc_offset":null,"statuses_count":9,"description":"","friends_count":37,"location":"","profile_link_color":"0084B4","profile_image_url":"http://abs.twimg.com/sticky/default_profile_images/default_profile_1_normal.png","following":false,"geo_enabled":false,"profile_background_image_url":"http://abs.twimg.com/images/themes/theme1/bg.png","name":"victoria cushing","lang":"en","profile_background_tile":false,"favourites_count":0,"screen_name":"vcushing2","notifications":false,"url":null,"created_at":"Fri May 03 11:09:59 +0000 2013","contributors_enabled":false,"time_zone":null,"protected":false,"default_profile":true,"is_translator":false},"geo":null,"in_reply_to_user_id_str":"850302560","lang":"und","created_at":"Mon Dec 15 01:15:22 +0000 2014","in_reply_to_status_id_str":"544294618758520832","place":null},
{"contributors":null,"truncated":false,"text":"@PhilipIglauer @njhickey What about #Channel7 live pics ?","in_reply_to_status_id":544294618758520832,"id":544299678448119808,"favorite_count":0,"source":"<a href=\"http://twitter.com/download/iphone\" rel=\"nofollow\">Twitter for iPhone</a>","retweeted":false,"coordinates":null,"entities":{"symbols":[],"user_mentions":[{"id":850302560,"indices":[0,14],"id_str":"850302560","screen_name":"PhilipIglauer","name":"PhilipIglauer"},{"id":1124720773,"indices":[15,24],"id_str":"1124720773","screen_name":"njhickey","name":"Natalie Hickey"}],"hashtags":[{"indices":[36,45],"text":"Channel7"}],"urls":[]},"in_reply_to_screen_name":"PhilipIglauer","id_str":"544299678448119808","retweet_count":0,"in_reply_to_user_id":850302560,"favorited":false,"user":{"follow_request_sent":false,"profile_use_background_image":true,"profile_text_color":"333333","default_profile_image":false,"id":1343753077,"profile_background_image_url_https":"https://pbs.twimg.com/profile_background_images/378800000110135132/4e1f78e634290a869d4d591956a3fb5c.jpeg","verified":false,"profile_location":null,"profile_image_url_https":"https://pbs.twimg.com/profile_images/378800000112634046/7103b0a383ff0dfc3edd270ff437a68d_normal.jpeg","profile_sidebar_fill_color":"DDEEF6","entities":{"url":{"urls":[{"url":"http://t.co/8y5DRAICPj","indices":[0,22],"expanded_url":"http://moondarra.com.au","display_url":"moondarra.com.au"}]},"description":{"urls":[]}},"followers_count":912,"profile_sidebar_border_color":"000000","id_str":"1343753077","profile_background_color":"C0DEED","listed_count":8,"is_translation_enabled":false,"utc_offset":36000,"statuses_count":9937,"description":"Moondarra \nGrass-Fed Tajima Wagyu \nMoondarra Pinot Noir \nSee also @HollysGarden \nSaints fan since 1971.","friends_count":1251,"location":"Moondarra","profile_link_color":"0084B4","profile_image_url":"http://pbs.twimg.com/profile_images/378800000112634046/7103b0a383ff0dfc3edd270ff437a68d_normal.jpeg","following":false,"geo_enabled":false,"profile_banner_url":"https://pbs.twimg.com/profile_banners/1343753077/1383708863","profile_background_image_url":"http://pbs.twimg.com/profile_background_images/378800000110135132/4e1f78e634290a869d4d591956a3fb5c.jpeg","name":"Neil@Moondarra","lang":"en","profile_background_tile":false,"favourites_count":1576,"screen_name":"Moondarra","notifications":false,"url":"http://t.co/8y5DRAICPj","created_at":"Thu Apr 11 07:12:18 +0000 2013","contributors_enabled":false,"time_zone":"Brisbane","protected":false,"default_profile":false,"is_translator":false},"geo":null,"in_reply_to_user_id_str":"850302560","lang":"en","created_at":"Mon Dec 15 01:15:30 +0000 2014","in_reply_to_status_id_str":"544294618758520832","place":null},
{"contributors":null,"truncated":false,"text":".@Moondarra @PhilipIglauer Now is an occasion where the public interest really doesn't need to know. #MartinPlace","in_reply_to_status_id":544299678448119808,"id":544300294272585728,"favorite_count":3,"source":"<a href=\"http://twitter.com/#!/download/ipad\" rel=\"nofollow\">Twitter for iPad</a>","retweeted":false,"coordinates":null,"entities":{"symbols":[],"user_mentions":[{"id":1343753077,"indices":[1,11],"id_str":"1343753077","screen_name":"Moondarra","name":"Neil@Moondarra"},{"id":850302560,"indices":[12,26],"id_str":"850302560","screen_name":"PhilipIglauer","name":"PhilipIglauer"}],"hashtags":[{"indices":[101,113],"text":"MartinPlace"}],"urls":[]},"in_reply_to_screen_name":"Moondarra","id_str":"544300294272585728","retweet_count":0,"in_reply_to_user_id":1343753077,"favorited":false,"user":{"follow_request_sent":false,"profile_use_background_image":true,"profile_text_color":"333333","default_profile_image":false,"id":1124720773,"profile_background_image_url_https":"https://abs.twimg.com/images/themes/theme1/bg.png","verified":false,"profile_location":null,"profile_image_url_https":"https://pbs.twimg.com/profile_images/537146180577153025/mxScYnoS_normal.jpeg","profile_sidebar_fill_color":"DDEEF6","entities":{"url":{"urls":[{"url":"http://t.co/evwefUoJiy","indices":[0,22],"expanded_url":"http://au.linkedin.com/in/nataliehickey/","display_url":"au.linkedin.com/in/nataliehick…"}]},"description":{"urls":[{"url":"http://t.co/jgE8JNjIlT","indices":[90,112],"expanded_url":"http://sociallitigator.com","display_url":"sociallitigator.com"}]}},"followers_count":1450,"profile_sidebar_border_color":"C0DEED","id_str":"1124720773","profile_background_color":"C0DEED","listed_count":25,"is_translation_enabled":false,"utc_offset":null,"statuses_count":2926,"description":"Barrister with a zest for media, food, sport, intellectual property and people. Editor of http://t.co/jgE8JNjIlT. Contributions welcome.","friends_count":1155,"location":"Melbourne, Australia","profile_link_color":"0084B4","profile_image_url":"http://pbs.twimg.com/profile_images/537146180577153025/mxScYnoS_normal.jpeg","following":false,"geo_enabled":true,"profile_banner_url":"https://pbs.twimg.com/profile_banners/1124720773/1414452458","profile_background_image_url":"http://abs.twimg.com/images/themes/theme1/bg.png","name":"Natalie Hickey","lang":"en","profile_background_tile":false,"favourites_count":211,"screen_name":"njhickey","notifications":false,"url":"http://t.co/evwefUoJiy","created_at":"Sun Jan 27 11:03:39 +0000 2013","contributors_enabled":false,"time_zone":null,"protected":false,"default_profile":true,"is_translator":false},"geo":null,"in_reply_to_user_id_str":"1343753077","lang":"en","created_at":"Mon Dec 15 01:17:57 +0000 2014","in_reply_to_status_id_str":"544299678448119808","place":null},
{"contributors":null,"truncated":false,"text":"@njhickey @Moondarra @PhilipIglauer \"of interest to the public\" does not always equal public interest and this is a good example","in_reply_to_status_id":544300294272585728,"id":544300684812619776,"favorite_count":5,"source":"<a href=\"http://twitter.com/download/android\" rel=\"nofollow\">Twitter for Android</a>","retweeted":false,"coordinates":null,"entities":{"symbols":[],"user_mentions":[{"id":1124720773,"indices":[0,9],"id_str":"1124720773","screen_name":"njhickey","name":"Natalie Hickey"},{"id":1343753077,"indices":[10,20],"id_str":"1343753077","screen_name":"Moondarra","name":"Neil@Moondarra"},{"id":850302560,"indices":[21,35],"id_str":"850302560","screen_name":"PhilipIglauer","name":"PhilipIglauer"}],"hashtags":[],"urls":[]},"in_reply_to_screen_name":"njhickey","id_str":"544300684812619776","retweet_count":3,"in_reply_to_user_id":1124720773,"favorited":false,"user":{"follow_request_sent":false,"profile_use_background_image":true,"profile_text_color":"333333","default_profile_image":false,"id":382674817,"profile_background_image_url_https":"https://abs.twimg.com/images/themes/theme1/bg.png","verified":false,"profile_location":null,"profile_image_url_https":"https://pbs.twimg.com/profile_images/441545692062838785/lhc05ntG_normal.jpeg","profile_sidebar_fill_color":"DDEEF6","entities":{"description":{"urls":[]}},"followers_count":2715,"profile_sidebar_border_color":"C0DEED","id_str":"382674817","profile_background_color":"C0DEED","listed_count":18,"is_translation_enabled":false,"utc_offset":39600,"statuses_count":3355,"description":"Law student at @MelbLawSchool.","friends_count":254,"location":"Melbourne, Australia","profile_link_color":"0084B4","profile_image_url":"http://pbs.twimg.com/profile_images/441545692062838785/lhc05ntG_normal.jpeg","following":false,"geo_enabled":true,"profile_banner_url":"https://pbs.twimg.com/profile_banners/382674817/1407754797","profile_background_image_url":"http://abs.twimg.com/images/themes/theme1/bg.png","name":"Chris Kaias","lang":"en","profile_background_tile":false,"favourites_count":315,"screen_name":"ChrisKaias","notifications":false,"url":null,"created_at":"Fri Sep 30 13:58:33 +0000 2011","contributors_enabled":false,"time_zone":"New Caledonia","protected":false,"default_profile":true,"is_translator":false},"geo":null,"in_reply_to_user_id_str":"1124720773","lang":"en","created_at":"Mon Dec 15 01:19:30 +0000 2014","in_reply_to_status_id_str":"544300294272585728","place":null},
{"contributors":null,"truncated":false,"text":"@ChrisKaias @Moondarra @PhilipIglauer Heartily agree","in_reply_to_status_id":544300684812619776,"id":544301580996968448,"favorite_count":0,"source":"<a href=\"http://twitter.com/#!/download/ipad\" rel=\"nofollow\">Twitter for iPad</a>","retweeted":false,"coordinates":null,"entities":{"symbols":[],"user_mentions":[{"id":382674817,"indices":[0,11],"id_str":"382674817","screen_name":"ChrisKaias","name":"Chris Kaias"},{"id":1343753077,"indices":[12,22],"id_str":"1343753077","screen_name":"Moondarra","name":"Neil@Moondarra"},{"id":850302560,"indices":[23,37],"id_str":"850302560","screen_name":"PhilipIglauer","name":"PhilipIglauer"}],"hashtags":[],"urls":[]},"in_reply_to_screen_name":"ChrisKaias","id_str":"544301580996968448","retweet_count":0,"in_reply_to_user_id":382674817,"favorited":false,"user":{"follow_request_sent":false,"profile_use_background_image":true,"profile_text_color":"333333","default_profile_image":false,"id":1124720773,"profile_background_image_url_https":"https://abs.twimg.com/images/themes/theme1/bg.png","verified":false,"profile_location":null,"profile_image_url_https":"https://pbs.twimg.com/profile_images/537146180577153025/mxScYnoS_normal.jpeg","profile_sidebar_fill_color":"DDEEF6","entities":{"url":{"urls":[{"url":"http://t.co/evwefUoJiy","indices":[0,22],"expanded_url":"http://au.linkedin.com/in/nataliehickey/","display_url":"au.linkedin.com/in/nataliehick…"}]},"description":{"urls":[{"url":"http://t.co/jgE8JNjIlT","indices":[90,112],"expanded_url":"http://sociallitigator.com","display_url":"sociallitigator.com"}]}},"followers_count":1450,"profile_sidebar_border_color":"C0DEED","id_str":"1124720773","profile_background_color":"C0DEED","listed_count":25,"is_translation_enabled":false,"utc_offset":null,"statuses_count":2926,"description":"Barrister with a zest for media, food, sport, intellectual property and people. Editor of http://t.co/jgE8JNjIlT. Contributions welcome.","friends_count":1155,"location":"Melbourne, Australia","profile_link_color":"0084B4","profile_image_url":"http://pbs.twimg.com/profile_images/537146180577153025/mxScYnoS_normal.jpeg","following":false,"geo_enabled":true,"profile_banner_url":"https://pbs.twimg.com/profile_banners/1124720773/1414452458","profile_background_image_url":"http://abs.twimg.com/images/themes/theme1/bg.png","name":"Natalie Hickey","lang":"en","profile_background_tile":false,"favourites_count":211,"screen_name":"njhickey","notifications":false,"url":"http://t.co/evwefUoJiy","created_at":"Sun Jan 27 11:03:39 +0000 2013","contributors_enabled":false,"time_zone":null,"protected":false,"default_profile":true,"is_translator":false},"geo":null,"in_reply_to_user_id_str":"382674817","lang":"en","created_at":"Mon Dec 15 01:23:04 +0000 2014","in_reply_to_status_id_str":"544300684812619776","place":null},
{"contributors":null,"truncated":false,"text":"@PhilipIglauer Not stopping ABC... http://t.co/dLkNqKpf5D","in_reply_to_status_id":544294618758520832,"id":544302344939134976,"favorite_count":0,"source":"<a href=\"http://twitter.com\" rel=\"nofollow\">Twitter Web Client</a>","retweeted":false,"coordinates":null,"entities":{"symbols":[],"user_mentions":[{"id":850302560,"indices":[0,14],"id_str":"850302560","screen_name":"PhilipIglauer","name":"PhilipIglauer"}],"hashtags":[],"urls":[{"url":"http://t.co/dLkNqKpf5D","indices":[35,57],"expanded_url":"http://livenews.abc.net.au/Event/Live_blog_Siege_in_Sydneys_Martin_Place/137054292","display_url":"livenews.abc.net.au/Event/Live_blo…"}]},"in_reply_to_screen_name":"PhilipIglauer","id_str":"544302344939134976","retweet_count":0,"in_reply_to_user_id":850302560,"favorited":false,"user":{"follow_request_sent":false,"profile_use_background_image":true,"profile_text_color":"634047","default_profile_image":false,"id":17336423,"profile_background_image_url_https":"https://pbs.twimg.com/profile_background_images/40384410/cjs.JPG","verified":false,"profile_location":null,"profile_image_url_https":"https://pbs.twimg.com/profile_images/557211315995832325/2s-yk6uB_normal.jpeg","profile_sidebar_fill_color":"E3E2DE","entities":{"description":{"urls":[]}},"followers_count":807,"profile_sidebar_border_color":"D3D2CF","id_str":"17336423","profile_background_color":"EDECE9","listed_count":45,"is_translation_enabled":false,"utc_offset":28800,"statuses_count":23113,"description":"In Beijing - behind The Great LOL of China - for a relevant duration. My typos are my own™. Numerous retweets and favourites are ironic~","friends_count":799,"location":"PR China","profile_link_color":"088253","profile_image_url":"http://pbs.twimg.com/profile_images/557211315995832325/2s-yk6uB_normal.jpeg","following":false,"geo_enabled":true,"profile_banner_url":"https://pbs.twimg.com/profile_banners/17336423/1411356541","profile_background_image_url":"http://pbs.twimg.com/profile_background_images/40384410/cjs.JPG","name":"RF Parsley","lang":"en","profile_background_tile":false,"favourites_count":36098,"screen_name":"sanverde","notifications":false,"url":null,"created_at":"Wed Nov 12 09:52:18 +0000 2008","contributors_enabled":false,"time_zone":"Beijing","protected":false,"default_profile":false,"is_translator":false},"geo":null,"in_reply_to_user_id_str":"850302560","possibly_sensitive":false,"lang":"en","created_at":"Mon Dec 15 01:26:06 +0000 2014","in_reply_to_status_id_str":"544294618758520832","place":null},
{"contributors":null,"truncated":false,"text":"@PhilipIglauer agreed, that could lead to a repeat of the Munich massacre.","in_reply_to_status_id":544294618758520832,"id":544308340801544193,"favorite_count":0,"source":"<a href=\"http://twitter.com/download/android\" rel=\"nofollow\">Twitter for Android</a>","retweeted":false,"coordinates":null,"entities":{"symbols":[],"user_mentions":[{"id":850302560,"indices":[0,14],"id_str":"850302560","screen_name":"PhilipIglauer","name":"PhilipIglauer"}],"hashtags":[],"urls":[]},"in_reply_to_screen_name":"PhilipIglauer","id_str":"544308340801544193","retweet_count":0,"in_reply_to_user_id":850302560,"favorited":false,"user":{"follow_request_sent":false,"profile_use_background_image":true,"profile_text_color":"333333","default_profile_image":false,"id":110850757,"profile_background_image_url_https":"https://abs.twimg.com/images/themes/theme1/bg.png","verified":false,"profile_location":null,"profile_image_url_https":"https://pbs.twimg.com/profile_images/672397059/dcp_1094_normal.jpg","profile_sidebar_fill_color":"DDEEF6","entities":{"description":{"urls":[]}},"followers_count":3,"profile_sidebar_border_color":"C0DEED","id_str":"110850757","profile_background_color":"C0DEED","listed_count":0,"is_translation_enabled":false,"utc_offset":39600,"statuses_count":188,"description":"","friends_count":39,"location":"","profile_link_color":"0084B4","profile_image_url":"http://pbs.twimg.com/profile_images/672397059/dcp_1094_normal.jpg","following":false,"geo_enabled":false,"profile_background_image_url":"http://abs.twimg.com/images/themes/theme1/bg.png","name":"Michael Sim","lang":"en","profile_background_tile":false,"favourites_count":29,"screen_name":"mikesseventy8","notifications":false,"url":null,"created_at":"Wed Feb 03 00:06:03 +0000 2010","contributors_enabled":false,"time_zone":"Sydney","protected":false,"default_profile":true,"is_translator":false},"geo":null,"in_reply_to_user_id_str":"850302560","lang":"en","created_at":"Mon Dec 15 01:49:55 +0000 2014","in_reply_to_status_id_str":"544294618758520832","place":null},
{"contributors":null,"truncated":false,"text":"@PhilipIglauer oh..I'm sorry ^^","in_reply_to_status_id":544298800576081921,"id":544330828436627460,"favorite_count":1,"source":"<a href=\"http://twitter.com/download/iphone\" rel=\"nofollow\">Twitter for iPhone</a>","retweeted":false,"coordinates":null,"entities":{"symbols":[],"user_mentions":[{"id":850302560,"indices":[0,14],"id_str":"850302560","screen_name":"PhilipIglauer","name":"PhilipIglauer"}],"hashtags":[],"urls":[]},"in_reply_to_screen_name":"PhilipIglauer","id_str":"544330828436627460","retweet_count":0,"in_reply_to_user_id":850302560,"favorited":false,"user":{"follow_request_sent":false,"profile_use_background_image":true,"profile_text_color":"333333","default_profile_image":false,"id":2874025879,"profile_background_image_url_https":"https://abs.twimg.com/images/themes/theme1/bg.png","verified":false,"profile_location":null,"profile_image_url_https":"https://pbs.twimg.com/profile_images/546318720855838720/sgn6IPOL_normal.jpeg","profile_sidebar_fill_color":"DDEEF6","entities":{"description":{"urls":[]}},"followers_count":35,"profile_sidebar_border_color":"C0DEED","id_str":"2874025879","profile_background_color":"C0DEED","listed_count":0,"is_translation_enabled":false,"utc_offset":null,"statuses_count":629,"description":"Im (new model) Do not hurt the feelings of others if you can not make him happy live silently my girlfriend semo @siwon4444","friends_count":11,"location":"korea-seoul","profile_link_color":"0084B4","profile_image_url":"http://pbs.twimg.com/profile_images/546318720855838720/sgn6IPOL_normal.jpeg","following":false,"geo_enabled":false,"profile_banner_url":"https://pbs.twimg.com/profile_banners/2874025879/1418594681","profile_background_image_url":"http://abs.twimg.com/images/themes/theme1/bg.png","name":"리강","lang":"ar","profile_background_tile":false,"favourites_count":22,"screen_name":"l2ekang","notifications":false,"url":null,"created_at":"Thu Oct 23 20:35:27 +0000 2014","contributors_enabled":false,"time_zone":null,"protected":false,"default_profile":true,"is_translator":false},"geo":null,"in_reply_to_user_id_str":"850302560","lang":"en","created_at":"Mon Dec 15 03:19:17 +0000 2014","in_reply_to_status_id_str":"544298800576081921","place":null}
]