[{"contributors":null,"truncated":false,"text":"@DailyMailAU @MailOnline - &lt;3 XOXO","in_reply_to_status_id":544268186292867072,"id":544271412941176832,"favorite_count":0,"source":"<a href=\"http://twitter.com\" rel=\"nofollow\">Twitter Web Client</a>","retweeted":false,"coordinates":null,"entities":{"symbols":[],"user_mentions":[{"id":1960878613,"indices":[0,12],"id_str":"1960878613","screen_name":"DailyMailAU","name":"Daily Mail Australia"},{"id":15438913,"indices":[13,24],"id_str":"15438913","screen_name":"MailOnline","name":"Daily Mail Online"}],"hashtags":[],"urls":[]},"in_reply_to_screen_name":"DailyMailAU","id_str":"544271412941176832","retweet_count":0,"in_reply_to_user_id":1960878613,"favorited":false,"user":{"follow_request_sent":false,"profile_use_background_image":true,"profile_text_color":"B40200","default_profile_image":false,"id":24255191,"profile_background_image_url_https":"https://pbs.twimg.com/profile_background_images/378800000032779118/ac026c020a6f8a74348c739d3bc64e75.jpeg","verified":false,"profile_location":null,"profile_image_url_https":"https://pbs.twimg.com/profile_images/500075403961061376/CKA90IGm_normal.jpeg","profile_sidebar_fill_color":"000000","entities":{"url":{"urls":[{"url":"https://t.co/7RdR685MW4","indices":[0,23],"expanded_url":"https://www.facebook.com/pages/Rerouted2Remain/179281712243110?ref=hl","display_url":"facebook.com/pages/Rerouted…"}]},"description":{"urls":[]}},"followers_count":426,"profile_sidebar_border_color":"000000","id_str":"24255191","profile_background_color":"000000","listed_count":12,"is_translation_enabled":false,"utc_offset":-25200,"statuses_count":23140,"description":"Reinventing The Forsaken.PAIN BREEDS STRENGTH:Trust Your Struggle. I Am A: Writer, Artist, Photographer, Artisan, Activist, A Unique Thinker & Residential Muse.","friends_count":707,"location":"","profile_link_color":"B40200","profile_image_url":"http://pbs.twimg.com/profile_images/500075403961061376/CKA90IGm_normal.jpeg","following":false,"geo_enabled":false,"profile_banner_url":"https://pbs.twimg.com/profile_banners/24255191/1412466908","profile_background_image_url":"http://pbs.twimg.com/profile_background_images/378800000032779118/ac026c020a6f8a74348c739d3bc64e75.jpeg","name":"Rerouted2Remain","lang":"en","profile_background_tile":true,"favourites_count":14343,"screen_name":"rerouted2remain","notifications":false,"url":"https://t.co/7RdR685MW4","created_at":"Fri Mar 13 21:11:50 +0000 2009","contributors_enabled":false,"time_zone":"Mountain Time (US & Canada)","protected":false,"default_profile":false,"is_translator":false},"geo":null,"in_reply_to_user_id_str":"1960878613","lang":"en","created_at":"Sun Dec 14 23:23:11 +0000 2014","in_reply_to_status_id_str":"544268186292867072","place":null},
{"contributors":null,"truncated":false,"text":"“@DailyMailAU: BREAKING: Gunman takes hostages in cafe in Martin Place, Sydney  http://t.co/6FtM1av2ht” hope everyone's ok","in_reply_to_status_id":544268186292867072,"id":544271607821512705,"favorite_count":0,"source":"<a href=\"http://twitter.com/download/iphone\" rel=\"nofollow\">Twitter for iPhone</a>","retweeted":false,"coordinates":{"type":"Point","coordinates":[-2.07243199,53.48917233]},"entities":{"symbols":[],"user_mentions":[{"id":1960878613,"indices":[1,13],"id_str":"1960878613","screen_name":"DailyMailAU","name":"Daily Mail Australia"}],"hashtags":[],"urls":[{"url":"http://t.co/6FtM1av2ht","indices":[80,102],"expanded_url":"http://dailym.ai/134wluW","display_url":"dailym.ai/134wluW"}]},"in_reply_to_screen_name":"DailyMailAU","id_str":"544271607821512705","retweet_count":0,"in_reply_to_user_id":1960878613,"favorited":false,"user":{"follow_request_sent":false,"profile_use_background_image":true,"profile_text_color":"3C3940","default_profile_image":false,"id":296725731,"profile_background_image_url_https":"https://abs.twimg.com/images/themes/theme4/bg.gif","verified":false,"profile_location":null,"profile_image_url_https":"https://pbs.twimg.com/profile_images/3444307243/d8a8dab1b2b2d30d59749fc84efe7f73_normal.jpeg","profile_sidebar_fill_color":"95E8EC","entities":{"url":{"urls":[{"url":"http://t.co/8mz2mnEDys","indices":[0,22],"expanded_url":"http://www.fabulousfaceandbody.co.uk/","display_url":"fabulousfaceandbody.co.uk"}]},"description":{"urls":[]}},"followers_count":4599,"profile_sidebar_border_color":"5ED4DC","id_str":"296725731","profile_background_color":"0099B9","listed_count":4,"is_translation_enabled":false,"utc_offset":0,"statuses_count":10195,"description":"to enquire:\ncall 07863001320\nemail: warren@fabulousfaceandbody.co.uk","friends_count":321,"location":"London,Essex and Stoke","profile_link_color":"0099B9","profile_image_url":"http://pbs.twimg.com/profile_images/3444307243/d8a8dab1b2b2d30d59749fc84efe7f73_normal.jpeg","following":false,"geo_enabled":true,"profile_banner_url":"https://pbs.twimg.com/profile_banners/296725731/1359065457","profile_background_image_url":"http://abs.twimg.com/images/themes/theme4/bg.gif","name":"Warren@FabulousF&B","lang":"en","profile_background_tile":false,"favourites_count":451,"screen_name":"FabulousFandB","notifications":false,"url":"http://t.co/8mz2mnEDys","created_at":"Wed May 11 09:12:00 +0000 2011","contributors_enabled":false,"time_zone":"London","protected":false,"default_profile":false,"is_translator":false},"geo":{"type":"Point","coordinates":[53.48917233,-2.07243199]},"in_reply_to_user_id_str":"1960878613","possibly_sensitive":false,"lang":"en","created_at":"Sun Dec 14 23:23:58 +0000 2014","in_reply_to_status_id_str":"544268186292867072","place":{"full_name":"Ashton-under-Lyne, North West","url":"https://api.twitter.com/1.1/geo/id/5f6514b0d7b1bc4c.json","country":"United Kingdom","place_type":"city","bounding_box":{"type":"Polygon","coordinates":[[[-2.169323,53.4284575],[-2.023554,53.4284575],[-2.023554,53.512416],[-2.169323,53.512416]]]},"contained_within":[],"country_code":"GB","attributes":{},"id":"5f6514b0d7b1bc4c","name":"Ashton-under-Lyne"}},
{"contributors":null,"truncated":false,"text":"“@DailyMailAU: BREAKING: Gunman takes hostages in cafe in Martin Place, Sydney  http://t.co/YRAYzck4MM” Zwarte vlag met witte letters. \n\nRT","in_reply_to_status_id":544268186292867072,"id":544271982066688002,"favorite_count":0,"source":"<a href=\"http://twitter.com/#!/download/ipad\" rel=\"nofollow\">Twitter for iPad</a>","retweeted":false,"coordinates":null,"entities":{"symbols":[],"user_mentions":[{"id":1960878613,"indices":[1,13],"id_str":"1960878613","screen_name":"DailyMailAU","name":"Daily Mail Australia"}],"hashtags":[],"urls":[{"url":"http://t.co/YRAYzck4MM","indices":[80,102],"expanded_url":"http://dailym.ai/134wluW","display_url":"dailym.ai/134wluW"}]},"in_reply_to_screen_name":"DailyMailAU","id_str":"544271982066688002","retweet_count":2,"in_reply_to_user_id":1960878613,"favorited":false,"user":{"follow_request_sent":false,"profile_use_background_image":true,"profile_text_color":"333333","default_profile_image":false,"id":2906297560,"profile_background_image_url_https":"https://abs.twimg.com/images/themes/theme1/bg.png","verified":false,"profile_location":null,"profile_image_url_https":"https://pbs.twimg.com/profile_images/540835932128423937/aP4ilgon_normal.jpeg","profile_sidebar_fill_color":"DDEEF6","entities":{"description":{"urls":[]}},"followers_count":872,"profile_sidebar_border_color":"C0DEED","id_str":"2906297560","profile_background_color":"C0DEED","listed_count":8,"is_translation_enabled":false,"utc_offset":null,"statuses_count":2613,"description":"Vrijzinnig. Kritisch over EU en islam. Account 204.","friends_count":927,"location":"","profile_link_color":"0084B4","profile_image_url":"http://pbs.twimg.com/profile_images/540835932128423937/aP4ilgon_normal.jpeg","following":false,"geo_enabled":false,"profile_banner_url":"https://pbs.twimg.com/profile_banners/2906297560/1417780310","profile_background_image_url":"http://abs.twimg.com/images/themes/theme1/bg.png","name":"Bottehond","lang":"nl","profile_background_tile":false,"favourites_count":3,"screen_name":"bottehond11","notifications":false,"url":null,"created_at":"Fri Dec 05 11:47:20 +0000 2014","contributors_enabled":false,"time_zone":null,"protected":false,"default_profile":true,"is_translator":false},"geo":null,"in_reply_to_user_id_str":"1960878613","possibly_sensitive":false,"lang":"en","created_at":"Sun Dec 14 23:25:27 +0000 2014","in_reply_to_status_id_str":"544268186292867072","place":null},
{"contributors":null,"truncated":false,"text":"@DailyMailAU @XxPLWxX thank god it's a religion of peace, imagine the bloodshed if it wasn't.","in_reply_to_status_id":544268186292867072,"id":544272195732901888,"favorite_count":0,"source":"<a href=\"http://twitter.com\" rel=\"nofollow\">Twitter Web Client</a>","retweeted":false,"coordinates":null,"entities":{"symbols":[],"user_mentions":[{"id":1960878613,"indices":[0,12],"id_str":"1960878613","screen_name":"DailyMailAU","name":"Daily Mail Australia"},{"id":426561297,"indices":[13,21],"id_str":"426561297","screen_name":"XxPLWxX","name":"Paula"}],"hashtags":[],"urls":[]},"in_reply_to_screen_name":"DailyMailAU","id_str":"544272195732901888","retweet_count":2,"in_reply_to_user_id":1960878613,"favorited":false,"user":{"follow_request_sent":false,"profile_use_background_image":true,"profile_text_color":"333333","default_profile_image":false,"id":2526970626,"profile_background_image_url_https":"https://pbs.twimg.com/profile_background_images/498768146476437505/KuZt1UDP.png","verified":false,"profile_location":null,"profile_image_url_https":"https://pbs.twimg.com/profile_images/584440904938840064/YaJ_FmUI_normal.png","profile_sidebar_fill_color":"DDEEF6","entities":{"description":{"urls":[]}},"followers_count":904,"profile_sidebar_border_color":"FFFFFF","id_str":"2526970626","profile_background_color":"2165B8","listed_count":14,"is_translation_enabled":false,"utc_offset":3600,"statuses_count":17376,"description":"RT's not a endorsement, sometimes it's to allow others to see how dumb people can be.","friends_count":814,"location":"England","profile_link_color":"000000","profile_image_url":"http://pbs.twimg.com/profile_images/584440904938840064/YaJ_FmUI_normal.png","following":false,"geo_enabled":true,"profile_banner_url":"https://pbs.twimg.com/profile_banners/2526970626/1406502074","profile_background_image_url":"http://pbs.twimg.com/profile_background_images/498768146476437505/KuZt1UDP.png","name":"R J Mitchell","lang":"en-gb","profile_background_tile":true,"favourites_count":7476,"screen_name":"Viscous_Shear","notifications":false,"url":null,"created_at":"Tue May 27 09:05:44 +0000 2014","contributors_enabled":false,"time_zone":"Amsterdam","protected":false,"default_profile":false,"is_translator":false},"geo":null,"in_reply_to_user_id_str":"1960878613","lang":"en","created_at":"Sun Dec 14 23:26:18 +0000 2014","in_reply_to_status_id_str":"544268186292867072","place":null},
{"contributors":null,"truncated":false,"text":"@bottehond11 zullen we daarvoor ook maar alvast een vinkje op ons aangifteformulier maken","in_reply_to_status_id":544271982066688002,"id":544273212532879360,"favorite_count":0,"source":"<a href=\"http://twitter.com/download/android\" rel=\"nofollow\">Twitter for Android</a>","retweeted":false,"coordinates":null,"entities":{"symbols":[],"user_mentions":[{"id":2906297560,"indices":[0,12],"id_str":"2906297560","screen_name":"bottehond11","name":"Bottehond"}],"hashtags":[],"urls":[]},"in_reply_to_screen_name":"bottehond11","id_str":"544273212532879360","retweet_count":0,"in_reply_to_user_id":2906297560,"favorited":false,"user":{"follow_request_sent":false,"profile_use_background_image":true,"profile_text_color":"333333","default_profile_image":false,"id":2741851889,"profile_background_image_url_https":"https://abs.twimg.com/images/themes/theme1/bg.png","verified":false,"profile_location":null,"profile_image_url_https":"https://pbs.twimg.com/profile_images/499591126542983168/w8AJYn48_normal.jpeg","profile_sidebar_fill_color":"DDEEF6","entities":{"description":{"urls":[]}},"followers_count":15,"profile_sidebar_border_color":"C0DEED","id_str":"2741851889","profile_background_color":"C0DEED","listed_count":0,"is_translation_enabled":false,"utc_offset":null,"statuses_count":19,"description":"reserve account, deze keer maar anoniem :-(","friends_count":75,"location":"","profile_link_color":"0084B4","profile_image_url":"http://pbs.twimg.com/profile_images/499591126542983168/w8AJYn48_normal.jpeg","following":false,"geo_enabled":false,"profile_background_image_url":"http://abs.twimg.com/images/themes/theme1/bg.png","name":"tjemig de pemig","lang":"nl","profile_background_tile":false,"favourites_count":3,"screen_name":"tjemigdepemig","notifications":false,"url":null,"created_at":"Wed Aug 13 16:17:25 +0000 2014","contributors_enabled":false,"time_zone":null,"protected":false,"default_profile":true,"is_translator":false},"geo":null,"in_reply_to_user_id_str":"2906297560","lang":"nl","created_at":"Sun Dec 14 23:30:20 +0000 2014","in_reply_to_status_id_str":"544271982066688002","place":null},
{"contributors":null,"truncated":false,"text":"“@tjemigdepemig: @bottehond11 zullen we daarvoor ook maar alvast een vinkje op ons aangifteformulier maken” Ik ga JOU aangeven, RAXIST!","in_reply_to_status_id":544273212532879360,"id":544274639497986049,"favorite_count":0,"source":"<a href=\"http://twitter.com/#!/download/ipad\" rel=\"nofollow\">Twitter for iPad</a>","retweeted":false,"coordinates":null,"entities":{"symbols":[],"user_mentions":[{"id":2741851889,"indices":[1,15],"id_str":"2741851889","screen_name":"tjemigdepemig","name":"tjemig de pemig"},{"id":2906297560,"indices":[17,29],"id_str":"2906297560","screen_name":"bottehond11","name":"Bottehond"}],"hashtags":[],"urls":[]},"in_reply_to_screen_name":"tjemigdepemig","id_str":"544274639497986049","retweet_count":0,"in_reply_to_user_id":2741851889,"favorited":false,"user":{"follow_request_sent":false,"profile_use_background_image":true,"profile_text_color":"333333","default_profile_image":false,"id":2906297560,"profile_background_image_url_https":"https://abs.twimg.com/images/themes/theme1/bg.png","verified":false,"profile_location":null,"profile_image_url_https":"https://pbs.twimg.com/profile_images/540835932128423937/aP4ilgon_normal.jpeg","profile_sidebar_fill_color":"DDEEF6","entities":{"description":{"urls":[]}},"followers_count":873,"profile_sidebar_border_color":"C0DEED","id_str":"2906297560","profile_background_color":"C0DEED","listed_count":8,"is_translation_enabled":false,"utc_offset":null,"statuses_count":2613,"description":"Vrijzinnig. Kritisch over EU en islam. Account 204.","friends_count":927,"location":"","profile_link_color":"0084B4","profile_image_url":"http://pbs.twimg.com/profile_images/540835932128423937/aP4ilgon_normal.jpeg","following":false,"geo_enabled":false,"profile_banner_url":"https://pbs.twimg.com/profile_banners/2906297560/1417780310","profile_background_image_url":"http://abs.twimg.com/images/themes/theme1/bg.png","name":"Bottehond","lang":"nl","profile_background_tile":false,"favourites_count":3,"screen_name":"bottehond11","notifications":false,"url":null,"created_at":"Fri Dec 05 11:47:20 +0000 2014","contributors_enabled":false,"time_zone":null,"protected":false,"default_profile":true,"is_translator":false},"geo":null,"in_reply_to_user_id_str":"2741851889","lang":"nl","created_at":"Sun Dec 14 23:36:00 +0000 2014","in_reply_to_status_id_str":"544273212532879360","place":null},
{"contributors":null,"truncated":false,"text":"@bottehond11 :-P","in_reply_to_status_id":544274639497986049,"id":544274937360707584,"favorite_count":0,"source":"<a href=\"http://twitter.com/download/android\" rel=\"nofollow\">Twitter for Android</a>","retweeted":false,"coordinates":null,"entities":{"symbols":[],"user_mentions":[{"id":2906297560,"indices":[0,12],"id_str":"2906297560","screen_name":"bottehond11","name":"Bottehond"}],"hashtags":[],"urls":[]},"in_reply_to_screen_name":"bottehond11","id_str":"544274937360707584","retweet_count":0,"in_reply_to_user_id":2906297560,"favorited":false,"user":{"follow_request_sent":false,"profile_use_background_image":true,"profile_text_color":"333333","default_profile_image":false,"id":2741851889,"profile_background_image_url_https":"https://abs.twimg.com/images/themes/theme1/bg.png","verified":false,"profile_location":null,"profile_image_url_https":"https://pbs.twimg.com/profile_images/499591126542983168/w8AJYn48_normal.jpeg","profile_sidebar_fill_color":"DDEEF6","entities":{"description":{"urls":[]}},"followers_count":15,"profile_sidebar_border_color":"C0DEED","id_str":"2741851889","profile_background_color":"C0DEED","listed_count":0,"is_translation_enabled":false,"utc_offset":null,"statuses_count":19,"description":"reserve account, deze keer maar anoniem :-(","friends_count":75,"location":"","profile_link_color":"0084B4","profile_image_url":"http://pbs.twimg.com/profile_images/499591126542983168/w8AJYn48_normal.jpeg","following":false,"geo_enabled":false,"profile_background_image_url":"http://abs.twimg.com/images/themes/theme1/bg.png","name":"tjemig de pemig","lang":"nl","profile_background_tile":false,"favourites_count":3,"screen_name":"tjemigdepemig","notifications":false,"url":null,"created_at":"Wed Aug 13 16:17:25 +0000 2014","contributors_enabled":false,"time_zone":null,"protected":false,"default_profile":true,"is_translator":false},"geo":null,"in_reply_to_user_id_str":"2906297560","lang":"und","created_at":"Sun Dec 14 23:37:11 +0000 2014","in_reply_to_status_id_str":"544274639497986049","place":null},
{"contributors":null,"truncated":false,"text":"“@tjemigdepemig: @bottehond11 :-P”\n\nIslam verdeelt ZELFS polderend Nederland tot het diepst van het bot.","in_reply_to_status_id":544274937360707584,"id":544275166805893120,"favorite_count":0,"source":"<a href=\"http://twitter.com/#!/download/ipad\" rel=\"nofollow\">Twitter for iPad</a>","retweeted":false,"coordinates":null,"entities":{"symbols":[],"user_mentions":[{"id":2741851889,"indices":[1,15],"id_str":"2741851889","screen_name":"tjemigdepemig","name":"tjemig de pemig"},{"id":2906297560,"indices":[17,29],"id_str":"2906297560","screen_name":"bottehond11","name":"Bottehond"}],"hashtags":[],"urls":[]},"in_reply_to_screen_name":"tjemigdepemig","id_str":"544275166805893120","retweet_count":1,"in_reply_to_user_id":2741851889,"favorited":false,"user":{"follow_request_sent":false,"profile_use_background_image":true,"profile_text_color":"333333","default_profile_image":false,"id":2906297560,"profile_background_image_url_https":"https://abs.twimg.com/images/themes/theme1/bg.png","verified":false,"profile_location":null,"profile_image_url_https":"https://pbs.twimg.com/profile_images/540835932128423937/aP4ilgon_normal.jpeg","profile_sidebar_fill_color":"DDEEF6","entities":{"description":{"urls":[]}},"followers_count":873,"profile_sidebar_border_color":"C0DEED","id_str":"2906297560","profile_background_color":"C0DEED","listed_count":8,"is_translation_enabled":false,"utc_offset":null,"statuses_count":2613,"description":"Vrijzinnig. Kritisch over EU en islam. Account 204.","friends_count":927,"location":"","profile_link_color":"0084B4","profile_image_url":"http://pbs.twimg.com/profile_images/540835932128423937/aP4ilgon_normal.jpeg","following":false,"geo_enabled":false,"profile_banner_url":"https://pbs.twimg.com/profile_banners/2906297560/1417780310","profile_background_image_url":"http://abs.twimg.com/images/themes/theme1/bg.png","name":"Bottehond","lang":"nl","profile_background_tile":false,"favourites_count":3,"screen_name":"bottehond11","notifications":false,"url":null,"created_at":"Fri Dec 05 11:47:20 +0000 2014","contributors_enabled":false,"time_zone":null,"protected":false,"default_profile":true,"is_translator":false},"geo":null,"in_reply_to_user_id_str":"2741851889","lang":"nl","created_at":"Sun Dec 14 23:38:06 +0000 2014","in_reply_to_status_id_str":"544274937360707584","place":null},
{"contributors":null,"truncated":false,"text":"&gt; @bottehond11 has 800 followers and stil alive &amp; kicking!","in_reply_to_status_id":544274639497986049,"id":544275602858323969,"favorite_count":0,"source":"<a href=\"https://about.twitter.com/products/tweetdeck\" rel=\"nofollow\">TweetDeck</a>","retweeted":false,"coordinates":null,"entities":{"symbols":[],"user_mentions":[{"id":2906297560,"indices":[5,17],"id_str":"2906297560","screen_name":"bottehond11","name":"Bottehond"}],"hashtags":[],"urls":[]},"in_reply_to_screen_name":"bottehond11","id_str":"544275602858323969","retweet_count":0,"in_reply_to_user_id":2906297560,"favorited":false,"user":{"follow_request_sent":false,"profile_use_background_image":true,"profile_text_color":"333333","default_profile_image":false,"id":211104576,"profile_background_image_url_https":"https://pbs.twimg.com/profile_background_images/267729408/B1-Microfilm-Cabinets.jpg","verified":false,"profile_location":null,"profile_image_url_https":"https://pbs.twimg.com/profile_images/479585456426713089/k9146Z7__normal.jpeg","profile_sidebar_fill_color":"DDEEF6","entities":{"url":{"urls":[{"url":"http://t.co/uiPzaYxXej","indices":[0,22],"expanded_url":"http://onrust.2fd.eu/als-men-iets-meer-over-mij-wil-weten%E2%80%A6/","display_url":"onrust.2fd.eu/als-men-iets-m…"}]},"description":{"urls":[]}},"followers_count":268,"profile_sidebar_border_color":"C0DEED","id_str":"211104576","profile_background_color":"C0DEED","listed_count":2,"is_translation_enabled":false,"utc_offset":3600,"statuses_count":6691,"description":"Socialist van de ongelijkheid. Dus liberaal. Vrijdenker. Tweet over maatschappij&cultuur. Ik volg terug als je iets te zeggen hebt. Aandachtshoer?Spamrapport!","friends_count":358,"location":"Amsterdam","profile_link_color":"0084B4","profile_image_url":"http://pbs.twimg.com/profile_images/479585456426713089/k9146Z7__normal.jpeg","following":false,"geo_enabled":false,"profile_banner_url":"https://pbs.twimg.com/profile_banners/211104576/1382544221","profile_background_image_url":"http://pbs.twimg.com/profile_background_images/267729408/B1-Microfilm-Cabinets.jpg","name":"Victor Onrust ","lang":"nl","profile_background_tile":true,"favourites_count":29,"screen_name":"VictorOnrust","notifications":false,"url":"http://t.co/uiPzaYxXej","created_at":"Tue Nov 02 10:04:05 +0000 2010","contributors_enabled":false,"time_zone":"Amsterdam","protected":false,"default_profile":false,"is_translator":false},"geo":null,"in_reply_to_user_id_str":"2906297560","lang":"en","created_at":"Sun Dec 14 23:39:50 +0000 2014","in_reply_to_status_id_str":"544274639497986049","place":null},
{"contributors":null,"truncated":false,"text":"@bottehond11 yep, het word steeds moeilijker om niet bestempeld te worden als rasicist, zeg maar onmogelijk als blanke die er wat van zegt","in_reply_to_status_id":544275166805893120,"id":544276332369424384,"favorite_count":0,"source":"<a href=\"http://twitter.com/download/android\" rel=\"nofollow\">Twitter for Android</a>","retweeted":false,"coordinates":null,"entities":{"symbols":[],"user_mentions":[{"id":2906297560,"indices":[0,12],"id_str":"2906297560","screen_name":"bottehond11","name":"Bottehond"}],"hashtags":[],"urls":[]},"in_reply_to_screen_name":"bottehond11","id_str":"544276332369424384","retweet_count":0,"in_reply_to_user_id":2906297560,"favorited":false,"user":{"follow_request_sent":false,"profile_use_background_image":true,"profile_text_color":"333333","default_profile_image":false,"id":2741851889,"profile_background_image_url_https":"https://abs.twimg.com/images/themes/theme1/bg.png","verified":false,"profile_location":null,"profile_image_url_https":"https://pbs.twimg.com/profile_images/499591126542983168/w8AJYn48_normal.jpeg","profile_sidebar_fill_color":"DDEEF6","entities":{"description":{"urls":[]}},"followers_count":15,"profile_sidebar_border_color":"C0DEED","id_str":"2741851889","profile_background_color":"C0DEED","listed_count":0,"is_translation_enabled":false,"utc_offset":null,"statuses_count":19,"description":"reserve account, deze keer maar anoniem :-(","friends_count":75,"location":"","profile_link_color":"0084B4","profile_image_url":"http://pbs.twimg.com/profile_images/499591126542983168/w8AJYn48_normal.jpeg","following":false,"geo_enabled":false,"profile_background_image_url":"http://abs.twimg.com/images/themes/theme1/bg.png","name":"tjemig de pemig","lang":"nl","profile_background_tile":false,"favourites_count":3,"screen_name":"tjemigdepemig","notifications":false,"url":null,"created_at":"Wed Aug 13 16:17:25 +0000 2014","contributors_enabled":false,"time_zone":null,"protected":false,"default_profile":true,"is_translator":false},"geo":null,"in_reply_to_user_id_str":"2906297560","lang":"nl","created_at":"Sun Dec 14 23:42:44 +0000 2014","in_reply_to_status_id_str":"544275166805893120","place":null},
{"contributors":null,"truncated":false,"text":"“@VictorOnrust: &gt; @bottehond11 has 800 followers and stil alive &amp; kicking!”\n\n http://t.co/xffleDORzZ","in_reply_to_status_id":544275602858323969,"id":544276466369069056,"favorite_count":0,"source":"<a href=\"http://twitter.com/#!/download/ipad\" rel=\"nofollow\">Twitter for iPad</a>","retweeted":false,"coordinates":null,"entities":{"symbols":[],"user_mentions":[{"id":211104576,"indices":[1,14],"id_str":"211104576","screen_name":"VictorOnrust","name":"Victor Onrust "},{"id":2906297560,"indices":[21,33],"id_str":"2906297560","screen_name":"bottehond11","name":"Bottehond"}],"hashtags":[],"urls":[{"url":"http://t.co/xffleDORzZ","indices":[85,107],"expanded_url":"http://m.youtube.com/watch?v=vH38Ob-ugRw","display_url":"m.youtube.com/watch?v=vH38Ob…"}]},"in_reply_to_screen_name":"VictorOnrust","id_str":"544276466369069056","retweet_count":0,"in_reply_to_user_id":211104576,"favorited":false,"user":{"follow_request_sent":false,"profile_use_background_image":true,"profile_text_color":"333333","default_profile_image":false,"id":2906297560,"profile_background_image_url_https":"https://abs.twimg.com/images/themes/theme1/bg.png","verified":false,"profile_location":null,"profile_image_url_https":"https://pbs.twimg.com/profile_images/540835932128423937/aP4ilgon_normal.jpeg","profile_sidebar_fill_color":"DDEEF6","entities":{"description":{"urls":[]}},"followers_count":873,"profile_sidebar_border_color":"C0DEED","id_str":"2906297560","profile_background_color":"C0DEED","listed_count":8,"is_translation_enabled":false,"utc_offset":null,"statuses_count":2613,"description":"Vrijzinnig. Kritisch over EU en islam. Account 204.","friends_count":927,"location":"","profile_link_color":"0084B4","profile_image_url":"http://pbs.twimg.com/profile_images/540835932128423937/aP4ilgon_normal.jpeg","following":false,"geo_enabled":false,"profile_banner_url":"https://pbs.twimg.com/profile_banners/2906297560/1417780310","profile_background_image_url":"http://abs.twimg.com/images/themes/theme1/bg.png","name":"Bottehond","lang":"nl","profile_background_tile":false,"favourites_count":3,"screen_name":"bottehond11","notifications":false,"url":null,"created_at":"Fri Dec 05 11:47:20 +0000 2014","contributors_enabled":false,"time_zone":null,"protected":false,"default_profile":true,"is_translator":false},"geo":null,"in_reply_to_user_id_str":"211104576","possibly_sensitive":false,"lang":"en","created_at":"Sun Dec 14 23:43:16 +0000 2014","in_reply_to_status_id_str":"544275602858323969","place":null},
{"contributors":null,"truncated":false,"text":"@bottehond11 ISIS attack in Australië, gezien?","in_reply_to_status_id":544276466369069056,"id":544277078523527170,"favorite_count":0,"source":"<a href=\"http://www.tweetcaster.com\" rel=\"nofollow\">TweetCaster for Android</a>","retweeted":false,"coordinates":null,"entities":{"symbols":[],"user_mentions":[{"id":2906297560,"indices":[0,12],"id_str":"2906297560","screen_name":"bottehond11","name":"Bottehond"}],"hashtags":[],"urls":[]},"in_reply_to_screen_name":"bottehond11","id_str":"544277078523527170","retweet_count":0,"in_reply_to_user_id":2906297560,"favorited":false,"user":{"follow_request_sent":false,"profile_use_background_image":true,"profile_text_color":"333333","default_profile_image":false,"id":431678251,"profile_background_image_url_https":"https://abs.twimg.com/images/themes/theme1/bg.png","verified":false,"profile_location":null,"profile_image_url_https":"https://pbs.twimg.com/profile_images/589114519273738242/-uFTqvVc_normal.jpg","profile_sidebar_fill_color":"DDEEF6","entities":{"description":{"urls":[]}},"followers_count":622,"profile_sidebar_border_color":"C0DEED","id_str":"431678251","profile_background_color":"C0DEED","listed_count":12,"is_translation_enabled":false,"utc_offset":3600,"statuses_count":67118,"description":"Selfdestruction is an art. Manouvreert tussen hart, ziel en totale gekte. doorgaans tevreden. Not a lover, not a fighter","friends_count":260,"location":"Rotterdam","profile_link_color":"0084B4","profile_image_url":"http://pbs.twimg.com/profile_images/589114519273738242/-uFTqvVc_normal.jpg","following":false,"geo_enabled":true,"profile_banner_url":"https://pbs.twimg.com/profile_banners/431678251/1417299112","profile_background_image_url":"http://abs.twimg.com/images/themes/theme1/bg.png","name":"Haam","lang":"nl","profile_background_tile":false,"favourites_count":86,"screen_name":"ome_haam","notifications":false,"url":null,"created_at":"Thu Dec 08 15:25:13 +0000 2011","contributors_enabled":false,"time_zone":"Amsterdam","protected":false,"default_profile":true,"is_translator":false},"geo":null,"in_reply_to_user_id_str":"2906297560","lang":"nl","created_at":"Sun Dec 14 23:45:42 +0000 2014","in_reply_to_status_id_str":"544276466369069056","place":null},
{"contributors":null,"truncated":false,"text":"@tjemigdepemig wie mij van racisme verdenkt is kwaadaardig of psychotisch.","in_reply_to_status_id":544276332369424384,"id":544277249319776257,"favorite_count":0,"source":"<a href=\"http://twitter.com/#!/download/ipad\" rel=\"nofollow\">Twitter for iPad</a>","retweeted":false,"coordinates":null,"entities":{"symbols":[],"user_mentions":[{"id":2741851889,"indices":[0,14],"id_str":"2741851889","screen_name":"tjemigdepemig","name":"tjemig de pemig"}],"hashtags":[],"urls":[]},"in_reply_to_screen_name":"tjemigdepemig","id_str":"544277249319776257","retweet_count":0,"in_reply_to_user_id":2741851889,"favorited":false,"user":{"follow_request_sent":false,"profile_use_background_image":true,"profile_text_color":"333333","default_profile_image":false,"id":2906297560,"profile_background_image_url_https":"https://abs.twimg.com/images/themes/theme1/bg.png","verified":false,"profile_location":null,"profile_image_url_https":"https://pbs.twimg.com/profile_images/540835932128423937/aP4ilgon_normal.jpeg","profile_sidebar_fill_color":"DDEEF6","entities":{"description":{"urls":[]}},"followers_count":873,"profile_sidebar_border_color":"C0DEED","id_str":"2906297560","profile_background_color":"C0DEED","listed_count":8,"is_translation_enabled":false,"utc_offset":null,"statuses_count":2613,"description":"Vrijzinnig. Kritisch over EU en islam. Account 204.","friends_count":927,"location":"","profile_link_color":"0084B4","profile_image_url":"http://pbs.twimg.com/profile_images/540835932128423937/aP4ilgon_normal.jpeg","following":false,"geo_enabled":false,"profile_banner_url":"https://pbs.twimg.com/profile_banners/2906297560/1417780310","profile_background_image_url":"http://abs.twimg.com/images/themes/theme1/bg.png","name":"Bottehond","lang":"nl","profile_background_tile":false,"favourites_count":3,"screen_name":"bottehond11","notifications":false,"url":null,"created_at":"Fri Dec 05 11:47:20 +0000 2014","contributors_enabled":false,"time_zone":null,"protected":false,"default_profile":true,"is_translator":false},"geo":null,"in_reply_to_user_id_str":"2741851889","lang":"nl","created_at":"Sun Dec 14 23:46:23 +0000 2014","in_reply_to_status_id_str":"544276332369424384","place":null},
{"contributors":null,"truncated":false,"text":"“@ome_haam: @bottehond11 ISIS attack in Australië, gezien?”\n\nZoals voorspeld. \nIk stem PVV.","in_reply_to_status_id":544277078523527170,"id":544277356379389953,"favorite_count":1,"source":"<a href=\"http://twitter.com/#!/download/ipad\" rel=\"nofollow\">Twitter for iPad</a>","retweeted":false,"coordinates":null,"entities":{"symbols":[],"user_mentions":[{"id":431678251,"indices":[1,10],"id_str":"431678251","screen_name":"ome_haam","name":"Haam"},{"id":2906297560,"indices":[12,24],"id_str":"2906297560","screen_name":"bottehond11","name":"Bottehond"}],"hashtags":[],"urls":[]},"in_reply_to_screen_name":"ome_haam","id_str":"544277356379389953","retweet_count":1,"in_reply_to_user_id":431678251,"favorited":false,"user":{"follow_request_sent":false,"profile_use_background_image":true,"profile_text_color":"333333","default_profile_image":false,"id":2906297560,"profile_background_image_url_https":"https://abs.twimg.com/images/themes/theme1/bg.png","verified":false,"profile_location":null,"profile_image_url_https":"https://pbs.twimg.com/profile_images/540835932128423937/aP4ilgon_normal.jpeg","profile_sidebar_fill_color":"DDEEF6","entities":{"description":{"urls":[]}},"followers_count":873,"profile_sidebar_border_color":"C0DEED","id_str":"2906297560","profile_background_color":"C0DEED","listed_count":8,"is_translation_enabled":false,"utc_offset":null,"statuses_count":2613,"description":"Vrijzinnig. Kritisch over EU en islam. Account 204.","friends_count":927,"location":"","profile_link_color":"0084B4","profile_image_url":"http://pbs.twimg.com/profile_images/540835932128423937/aP4ilgon_normal.jpeg","following":false,"geo_enabled":false,"profile_banner_url":"https://pbs.twimg.com/profile_banners/2906297560/1417780310","profile_background_image_url":"http://abs.twimg.com/images/themes/theme1/bg.png","name":"Bottehond","lang":"nl","profile_background_tile":false,"favourites_count":3,"screen_name":"bottehond11","notifications":false,"url":null,"created_at":"Fri Dec 05 11:47:20 +0000 2014","contributors_enabled":false,"time_zone":null,"protected":false,"default_profile":true,"is_translator":false},"geo":null,"in_reply_to_user_id_str":"431678251","lang":"nl","created_at":"Sun Dec 14 23:46:48 +0000 2014","in_reply_to_status_id_str":"544277078523527170","place":null},
{"contributors":null,"truncated":false,"text":"@ome_haam @bottehond11 Livestream gijzeling in Martin Place, Sydney, Australië vindt u hier: https://t.co/AG7SwV7neF … … ISIS-vlag","in_reply_to_status_id":544277078523527170,"id":544277434779332608,"favorite_count":0,"source":"<a href=\"http://twitter.com\" rel=\"nofollow\">Twitter Web Client</a>","retweeted":false,"coordinates":null,"entities":{"symbols":[],"user_mentions":[{"id":431678251,"indices":[0,9],"id_str":"431678251","screen_name":"ome_haam","name":"Haam"},{"id":2906297560,"indices":[10,22],"id_str":"2906297560","screen_name":"bottehond11","name":"Bottehond"}],"hashtags":[],"urls":[{"url":"https://t.co/AG7SwV7neF","indices":[93,116],"expanded_url":"https://au.news.yahoo.com/video/watch/17174725/yahoo-7-live-sydney/","display_url":"au.news.yahoo.com/video/watch/17…"}]},"in_reply_to_screen_name":"ome_haam","id_str":"544277434779332608","retweet_count":2,"in_reply_to_user_id":431678251,"favorited":false,"user":{"follow_request_sent":false,"profile_use_background_image":true,"profile_text_color":"333333","default_profile_image":false,"id":153776534,"profile_background_image_url_https":"https://pbs.twimg.com/profile_background_images/513649321841938432/PWMrb1Lo.jpeg","verified":false,"profile_location":null,"profile_image_url_https":"https://pbs.twimg.com/profile_images/567403481946783744/J6Dywb_v_normal.jpeg","profile_sidebar_fill_color":"F6FFD1","entities":{"url":{"urls":[{"url":"https://t.co/liMj8ZjzWy","indices":[0,23],"expanded_url":"https://plus.google.com/u/0/113727417309905806884/posts","display_url":"plus.google.com/u/0/1137274173…"}]},"description":{"urls":[]}},"followers_count":11208,"profile_sidebar_border_color":"FFFFFF","id_str":"153776534","profile_background_color":"FFF04D","listed_count":151,"is_translation_enabled":false,"utc_offset":3600,"statuses_count":276197,"description":"I believe in God -but not in - churches /synagoge /mosque build by human hands- God must live in yr heart","friends_count":11453,"location":"Amsterdam","profile_link_color":"DD2E44","profile_image_url":"http://pbs.twimg.com/profile_images/567403481946783744/J6Dywb_v_normal.jpeg","following":false,"geo_enabled":true,"profile_banner_url":"https://pbs.twimg.com/profile_banners/153776534/1416696100","profile_background_image_url":"http://pbs.twimg.com/profile_background_images/513649321841938432/PWMrb1Lo.jpeg","name":"Jacqueline xxx","lang":"nl","profile_background_tile":true,"favourites_count":58,"screen_name":"JacquelineWxxx","notifications":false,"url":"https://t.co/liMj8ZjzWy","created_at":"Wed Jun 09 12:24:47 +0000 2010","contributors_enabled":false,"time_zone":"Amsterdam","protected":false,"default_profile":false,"is_translator":false},"geo":null,"in_reply_to_user_id_str":"431678251","possibly_sensitive":false,"lang":"nl","created_at":"Sun Dec 14 23:47:07 +0000 2014","in_reply_to_status_id_str":"544277078523527170","place":null},
{"contributors":null,"truncated":false,"text":"@bottehond11 ja precies, maar tis zo lekker makkelijke he de racisme kaart spelen","in_reply_to_status_id":544277249319776257,"id":544277656695758848,"favorite_count":0,"source":"<a href=\"http://twitter.com/download/android\" rel=\"nofollow\">Twitter for Android</a>","retweeted":false,"coordinates":null,"entities":{"symbols":[],"user_mentions":[{"id":2906297560,"indices":[0,12],"id_str":"2906297560","screen_name":"bottehond11","name":"Bottehond"}],"hashtags":[],"urls":[]},"in_reply_to_screen_name":"bottehond11","id_str":"544277656695758848","retweet_count":0,"in_reply_to_user_id":2906297560,"favorited":false,"user":{"follow_request_sent":false,"profile_use_background_image":true,"profile_text_color":"333333","default_profile_image":false,"id":2741851889,"profile_background_image_url_https":"https://abs.twimg.com/images/themes/theme1/bg.png","verified":false,"profile_location":null,"profile_image_url_https":"https://pbs.twimg.com/profile_images/499591126542983168/w8AJYn48_normal.jpeg","profile_sidebar_fill_color":"DDEEF6","entities":{"description":{"urls":[]}},"followers_count":15,"profile_sidebar_border_color":"C0DEED","id_str":"2741851889","profile_background_color":"C0DEED","listed_count":0,"is_translation_enabled":false,"utc_offset":null,"statuses_count":19,"description":"reserve account, deze keer maar anoniem :-(","friends_count":75,"location":"","profile_link_color":"0084B4","profile_image_url":"http://pbs.twimg.com/profile_images/499591126542983168/w8AJYn48_normal.jpeg","following":false,"geo_enabled":false,"profile_background_image_url":"http://abs.twimg.com/images/themes/theme1/bg.png","name":"tjemig de pemig","lang":"nl","profile_background_tile":false,"favourites_count":3,"screen_name":"tjemigdepemig","notifications":false,"url":null,"created_at":"Wed Aug 13 16:17:25 +0000 2014","contributors_enabled":false,"time_zone":null,"protected":false,"default_profile":true,"is_translator":false},"geo":null,"in_reply_to_user_id_str":"2906297560","lang":"nl","created_at":"Sun Dec 14 23:48:00 +0000 2014","in_reply_to_status_id_str":"544277249319776257","place":null},
{"contributors":null,"truncated":false,"text":"@DailyMailAU @MailOnline How very brave of them.","in_reply_to_status_id":544268186292867072,"id":544278964844654592,"favorite_count":0,"source":"<a href=\"http://twitter.com/download/android\" rel=\"nofollow\">Twitter for Android</a>","retweeted":false,"coordinates":null,"entities":{"symbols":[],"user_mentions":[{"id":1960878613,"indices":[0,12],"id_str":"1960878613","screen_name":"DailyMailAU","name":"Daily Mail Australia"},{"id":15438913,"indices":[13,24],"id_str":"15438913","screen_name":"MailOnline","name":"Daily Mail Online"}],"hashtags":[],"urls":[]},"in_reply_to_screen_name":"DailyMailAU","id_str":"544278964844654592","retweet_count":0,"in_reply_to_user_id":1960878613,"favorited":false,"user":{"follow_request_sent":false,"profile_use_background_image":true,"profile_text_color":"333333","default_profile_image":false,"id":2843667729,"profile_background_image_url_https":"https://abs.twimg.com/images/themes/theme19/bg.gif","verified":false,"profile_location":null,"profile_image_url_https":"https://pbs.twimg.com/profile_images/526008780635402243/dNQCA8kl_normal.jpeg","profile_sidebar_fill_color":"F6FFD1","entities":{"description":{"urls":[]}},"followers_count":99,"profile_sidebar_border_color":"FFFFFF","id_str":"2843667729","profile_background_color":"FFF04D","listed_count":1,"is_translation_enabled":false,"utc_offset":0,"statuses_count":644,"description":"Footage mainly of dashcam vids caught in and around Cumbria.","friends_count":548,"location":"cumbria","profile_link_color":"4A913C","profile_image_url":"http://pbs.twimg.com/profile_images/526008780635402243/dNQCA8kl_normal.jpeg","following":false,"geo_enabled":false,"profile_banner_url":"https://pbs.twimg.com/profile_banners/2843667729/1414245598","profile_background_image_url":"http://abs.twimg.com/images/themes/theme19/bg.gif","name":"dashcam","lang":"en-gb","profile_background_tile":false,"favourites_count":178,"screen_name":"Dashcamcumbria","notifications":false,"url":null,"created_at":"Sat Oct 25 13:52:50 +0000 2014","contributors_enabled":false,"time_zone":"London","protected":false,"default_profile":false,"is_translator":false},"geo":null,"in_reply_to_user_id_str":"1960878613","lang":"en","created_at":"Sun Dec 14 23:53:12 +0000 2014","in_reply_to_status_id_str":"544268186292867072","place":null},
{"contributors":null,"truncated":false,"text":"@tjemigdepemig Goedmens beschouwt gekleurde Menschen als beschermenswaardig. Dat lijkt me eerder racistisch. Mn pups zijn JoodsIndisch. Dust","in_reply_to_status_id":544277656695758848,"id":544279329518399488,"favorite_count":0,"source":"<a href=\"http://twitter.com/#!/download/ipad\" rel=\"nofollow\">Twitter for iPad</a>","retweeted":false,"coordinates":null,"entities":{"symbols":[],"user_mentions":[{"id":2741851889,"indices":[0,14],"id_str":"2741851889","screen_name":"tjemigdepemig","name":"tjemig de pemig"}],"hashtags":[],"urls":[]},"in_reply_to_screen_name":"tjemigdepemig","id_str":"544279329518399488","retweet_count":0,"in_reply_to_user_id":2741851889,"favorited":false,"user":{"follow_request_sent":false,"profile_use_background_image":true,"profile_text_color":"333333","default_profile_image":false,"id":2906297560,"profile_background_image_url_https":"https://abs.twimg.com/images/themes/theme1/bg.png","verified":false,"profile_location":null,"profile_image_url_https":"https://pbs.twimg.com/profile_images/540835932128423937/aP4ilgon_normal.jpeg","profile_sidebar_fill_color":"DDEEF6","entities":{"description":{"urls":[]}},"followers_count":873,"profile_sidebar_border_color":"C0DEED","id_str":"2906297560","profile_background_color":"C0DEED","listed_count":8,"is_translation_enabled":false,"utc_offset":null,"statuses_count":2613,"description":"Vrijzinnig. Kritisch over EU en islam. Account 204.","friends_count":927,"location":"","profile_link_color":"0084B4","profile_image_url":"http://pbs.twimg.com/profile_images/540835932128423937/aP4ilgon_normal.jpeg","following":false,"geo_enabled":false,"profile_banner_url":"https://pbs.twimg.com/profile_banners/2906297560/1417780310","profile_background_image_url":"http://abs.twimg.com/images/themes/theme1/bg.png","name":"Bottehond","lang":"nl","profile_background_tile":false,"favourites_count":3,"screen_name":"bottehond11","notifications":false,"url":null,"created_at":"Fri Dec 05 11:47:20 +0000 2014","contributors_enabled":false,"time_zone":null,"protected":false,"default_profile":true,"is_translator":false},"geo":null,"in_reply_to_user_id_str":"2741851889","lang":"nl","created_at":"Sun Dec 14 23:54:39 +0000 2014","in_reply_to_status_id_str":"544277656695758848","place":null},
{"contributors":null,"truncated":false,"text":"This is insane! “@DailyMailAU: BREAKING: Gunman takes hostages in cafe in Martin Place, Sydney  http://t.co/3CDvsoqu0r”","in_reply_to_status_id":544268186292867072,"id":544304869134176256,"favorite_count":0,"source":"<a href=\"http://twitter.com/download/iphone\" rel=\"nofollow\">Twitter for iPhone</a>","retweeted":false,"coordinates":null,"entities":{"symbols":[],"user_mentions":[{"id":1960878613,"indices":[17,29],"id_str":"1960878613","screen_name":"DailyMailAU","name":"Daily Mail Australia"}],"hashtags":[],"urls":[{"url":"http://t.co/3CDvsoqu0r","indices":[96,118],"expanded_url":"http://dailym.ai/134wluW","display_url":"dailym.ai/134wluW"}]},"in_reply_to_screen_name":"DailyMailAU","id_str":"544304869134176256","retweet_count":0,"in_reply_to_user_id":1960878613,"favorited":false,"user":{"follow_request_sent":false,"profile_use_background_image":true,"profile_text_color":"0F0D0F","default_profile_image":false,"id":166625055,"profile_background_image_url_https":"https://pbs.twimg.com/profile_background_images/378800000116456707/5a10996d646f83eff2fb7f64c32aaee8.jpeg","verified":false,"profile_location":null,"profile_image_url_https":"https://pbs.twimg.com/profile_images/544152547783487488/Z_U7Qt1__normal.jpeg","profile_sidebar_fill_color":"FFEBF8","entities":{"description":{"urls":[]}},"followers_count":318,"profile_sidebar_border_color":"FFFFFF","id_str":"166625055","profile_background_color":"F0FFFE","listed_count":5,"is_translation_enabled":false,"utc_offset":-28800,"statuses_count":12732,"description":"Crazy, wild and drunk on love and noise ❤","friends_count":343,"location":"Indonesia","profile_link_color":"111112","profile_image_url":"http://pbs.twimg.com/profile_images/544152547783487488/Z_U7Qt1__normal.jpeg","following":false,"geo_enabled":false,"profile_banner_url":"https://pbs.twimg.com/profile_banners/166625055/1417174748","profile_background_image_url":"http://pbs.twimg.com/profile_background_images/378800000116456707/5a10996d646f83eff2fb7f64c32aaee8.jpeg","name":"Shirley Karra","lang":"en","profile_background_tile":true,"favourites_count":782,"screen_name":"shirleykarra","notifications":false,"url":null,"created_at":"Wed Jul 14 16:30:09 +0000 2010","contributors_enabled":false,"time_zone":"Pacific Time (US & Canada)","protected":false,"default_profile":false,"is_translator":false},"geo":null,"in_reply_to_user_id_str":"1960878613","possibly_sensitive":false,"lang":"en","created_at":"Mon Dec 15 01:36:08 +0000 2014","in_reply_to_status_id_str":"544268186292867072","place":null}
]