[{"contributors":null,"truncated":false,"text":".@itvnews so just Islam in general then?","in_reply_to_status_id":544282877278814208,"id":544283244464971776,"favorite_count":0,"source":"<a href=\"https://about.twitter.com/products/tweetdeck\" rel=\"nofollow\">TweetDeck</a>","retweeted":false,"coordinates":null,"entities":{"symbols":[],"user_mentions":[{"id":21866939,"indices":[1,9],"id_str":"21866939","screen_name":"itvnews","name":"ITV News"}],"hashtags":[],"urls":[]},"in_reply_to_screen_name":"itvnews","id_str":"544283244464971776","retweet_count":0,"in_reply_to_user_id":21866939,"favorited":false,"user":{"follow_request_sent":false,"profile_use_background_image":true,"profile_text_color":"333333","default_profile_image":false,"id":519738120,"profile_background_image_url_https":"https://pbs.twimg.com/profile_background_images/693648835/ce8ed7d67e109fb18d57ea7be776a4d5.jpeg","verified":false,"profile_location":null,"profile_image_url_https":"https://pbs.twimg.com/profile_images/574688691056087040/mKc9YkQa_normal.jpeg","profile_sidebar_fill_color":"DDEEF6","entities":{"url":{"urls":[{"url":"http://t.co/kcd83yJBi6","indices":[0,22],"expanded_url":"http://favstar.fm/users/50degreesam","display_url":"favstar.fm/users/50degree…"}]},"description":{"urls":[]}},"followers_count":1480,"profile_sidebar_border_color":"FFFFFF","id_str":"519738120","profile_background_color":"C0DEED","listed_count":17,"is_translation_enabled":false,"utc_offset":0,"statuses_count":3981,"description":"...for to will is present with me; but how to perform that which is good I find not...","friends_count":1207,"location":"UK","profile_link_color":"0084B4","profile_image_url":"http://pbs.twimg.com/profile_images/574688691056087040/mKc9YkQa_normal.jpeg","following":false,"geo_enabled":false,"profile_banner_url":"https://pbs.twimg.com/profile_banners/519738120/1360411586","profile_background_image_url":"http://pbs.twimg.com/profile_background_images/693648835/ce8ed7d67e109fb18d57ea7be776a4d5.jpeg","name":"Samuel","lang":"en","profile_background_tile":true,"favourites_count":4508,"screen_name":"50degreesam","notifications":false,"url":"http://t.co/kcd83yJBi6","created_at":"Fri Mar 09 19:09:20 +0000 2012","contributors_enabled":false,"time_zone":"Casablanca","protected":false,"default_profile":false,"is_translator":false},"geo":null,"in_reply_to_user_id_str":"21866939","lang":"en","created_at":"Mon Dec 15 00:10:12 +0000 2014","in_reply_to_status_id_str":"544282877278814208","place":null},
{"contributors":null,"truncated":false,"text":"@itvnews @RedHotSquirrel It says \"This is for the Easter Bunny, too long has it suffered for Lindt, now is time for white chocolate to pay\"","in_reply_to_status_id":544282877278814208,"id":544283393404715008,"favorite_count":1,"source":"<a href=\"http://twitter.com\" rel=\"nofollow\">Twitter Web Client</a>","retweeted":false,"coordinates":null,"entities":{"symbols":[],"user_mentions":[{"id":21866939,"indices":[0,8],"id_str":"21866939","screen_name":"itvnews","name":"ITV News"},{"id":555370896,"indices":[9,24],"id_str":"555370896","screen_name":"RedHotSquirrel","name":"Robert Kimbell"}],"hashtags":[],"urls":[]},"in_reply_to_screen_name":"itvnews","id_str":"544283393404715008","retweet_count":2,"in_reply_to_user_id":21866939,"favorited":false,"user":{"follow_request_sent":false,"profile_use_background_image":true,"profile_text_color":"666666","default_profile_image":false,"id":1549066418,"profile_background_image_url_https":"https://abs.twimg.com/images/themes/theme9/bg.gif","verified":false,"profile_location":null,"profile_image_url_https":"https://pbs.twimg.com/profile_images/378800000050451778/94eaa5737f90ce6dbf3e0b7b7732987f_normal.jpeg","profile_sidebar_fill_color":"252429","entities":{"url":{"urls":[{"url":"http://t.co/M3wbw4yHn3","indices":[0,22],"expanded_url":"http://dinofancellu.com","display_url":"dinofancellu.com"}]},"description":{"urls":[{"url":"http://t.co/zmmqoVMTZd","indices":[30,52],"expanded_url":"http://www.ascensionhelp.com/blog/2013/08/23/why-i-am-no-longer-a-light-worker","display_url":"ascensionhelp.com/blog/2013/08/2…"}]}},"followers_count":742,"profile_sidebar_border_color":"181A1E","id_str":"1549066418","profile_background_color":"1A1B1F","listed_count":31,"is_translation_enabled":false,"utc_offset":0,"statuses_count":41968,"description":"Be the light you want to see. http://t.co/zmmqoVMTZd","friends_count":250,"location":"Epsom","profile_link_color":"2FC2EF","profile_image_url":"http://pbs.twimg.com/profile_images/378800000050451778/94eaa5737f90ce6dbf3e0b7b7732987f_normal.jpeg","following":false,"geo_enabled":false,"profile_background_image_url":"http://abs.twimg.com/images/themes/theme9/bg.gif","name":"Dino Fancellu","lang":"en","profile_background_tile":false,"favourites_count":1688,"screen_name":"DinoFancellu","notifications":false,"url":"http://t.co/M3wbw4yHn3","created_at":"Wed Jun 26 20:44:37 +0000 2013","contributors_enabled":false,"time_zone":"London","protected":false,"default_profile":false,"is_translator":false},"geo":null,"in_reply_to_user_id_str":"21866939","lang":"en","created_at":"Mon Dec 15 00:10:47 +0000 2014","in_reply_to_status_id_str":"544282877278814208","place":null},
{"contributors":null,"truncated":false,"text":"@itvnews Well it's definitely not a nestle takeover!","in_reply_to_status_id":544282877278814208,"id":544283452846395393,"favorite_count":3,"source":"<a href=\"http://twitter.com/download/android\" rel=\"nofollow\">Twitter for Android</a>","retweeted":false,"coordinates":null,"entities":{"symbols":[],"user_mentions":[{"id":21866939,"indices":[0,8],"id_str":"21866939","screen_name":"itvnews","name":"ITV News"}],"hashtags":[],"urls":[]},"in_reply_to_screen_name":"itvnews","id_str":"544283452846395393","retweet_count":1,"in_reply_to_user_id":21866939,"favorited":false,"user":{"follow_request_sent":false,"profile_use_background_image":true,"profile_text_color":"333333","default_profile_image":false,"id":2843667729,"profile_background_image_url_https":"https://abs.twimg.com/images/themes/theme19/bg.gif","verified":false,"profile_location":null,"profile_image_url_https":"https://pbs.twimg.com/profile_images/526008780635402243/dNQCA8kl_normal.jpeg","profile_sidebar_fill_color":"F6FFD1","entities":{"description":{"urls":[]}},"followers_count":99,"profile_sidebar_border_color":"FFFFFF","id_str":"2843667729","profile_background_color":"FFF04D","listed_count":1,"is_translation_enabled":false,"utc_offset":0,"statuses_count":642,"description":"Footage mainly of dashcam vids caught in and around Cumbria.","friends_count":548,"location":"cumbria","profile_link_color":"4A913C","profile_image_url":"http://pbs.twimg.com/profile_images/526008780635402243/dNQCA8kl_normal.jpeg","following":false,"geo_enabled":false,"profile_banner_url":"https://pbs.twimg.com/profile_banners/2843667729/1414245598","profile_background_image_url":"http://abs.twimg.com/images/themes/theme19/bg.gif","name":"dashcam","lang":"en-gb","profile_background_tile":false,"favourites_count":178,"screen_name":"Dashcamcumbria","notifications":false,"url":null,"created_at":"Sat Oct 25 13:52:50 +0000 2014","contributors_enabled":false,"time_zone":"London","protected":false,"default_profile":false,"is_translator":false},"geo":null,"in_reply_to_user_id_str":"21866939","lang":"en","created_at":"Mon Dec 15 00:11:02 +0000 2014","in_reply_to_status_id_str":"544282877278814208","place":null},
{"contributors":null,"truncated":false,"text":"@itvnews  but is it linked with muslim scum?","in_reply_to_status_id":544282877278814208,"id":544283492742606848,"favorite_count":0,"source":"<a href=\"http://www.twitter.com\" rel=\"nofollow\">Twitter for BlackBerry</a>","retweeted":false,"coordinates":null,"entities":{"symbols":[],"user_mentions":[{"id":21866939,"indices":[0,8],"id_str":"21866939","screen_name":"itvnews","name":"ITV News"}],"hashtags":[],"urls":[]},"in_reply_to_screen_name":"itvnews","id_str":"544283492742606848","retweet_count":1,"in_reply_to_user_id":21866939,"favorited":false,"user":{"follow_request_sent":false,"profile_use_background_image":true,"profile_text_color":"333333","default_profile_image":false,"id":625610952,"profile_background_image_url_https":"https://abs.twimg.com/images/themes/theme1/bg.png","verified":false,"profile_location":null,"profile_image_url_https":"https://pbs.twimg.com/profile_images/2363725431/ygyghr_normal.jpg","profile_sidebar_fill_color":"DDEEF6","entities":{"description":{"urls":[]}},"followers_count":679,"profile_sidebar_border_color":"C0DEED","id_str":"625610952","profile_background_color":"C0DEED","listed_count":8,"is_translation_enabled":false,"utc_offset":3600,"statuses_count":7193,"description":"I am from Russian federation and, i love music, good food, healthy eating, soccer, fashion and men.","friends_count":156,"location":"","profile_link_color":"0084B4","profile_image_url":"http://pbs.twimg.com/profile_images/2363725431/ygyghr_normal.jpg","following":false,"geo_enabled":false,"profile_background_image_url":"http://abs.twimg.com/images/themes/theme1/bg.png","name":"natalia yusupova","lang":"en","profile_background_tile":false,"favourites_count":61,"screen_name":"nataliayusupova","notifications":false,"url":null,"created_at":"Tue Jul 03 12:50:19 +0000 2012","contributors_enabled":false,"time_zone":"Amsterdam","protected":false,"default_profile":true,"is_translator":false},"geo":null,"in_reply_to_user_id_str":"21866939","lang":"en","created_at":"Mon Dec 15 00:11:11 +0000 2014","in_reply_to_status_id_str":"544282877278814208","place":null},
{"contributors":null,"truncated":false,"text":"@itvnews @stacyherbert but heavily fuckin linked to islam","in_reply_to_status_id":544282877278814208,"id":544283573658730497,"favorite_count":0,"source":"<a href=\"http://twitter.com/download/android\" rel=\"nofollow\">Twitter for Android</a>","retweeted":false,"coordinates":null,"entities":{"symbols":[],"user_mentions":[{"id":21866939,"indices":[0,8],"id_str":"21866939","screen_name":"itvnews","name":"ITV News"},{"id":19062153,"indices":[9,22],"id_str":"19062153","screen_name":"stacyherbert","name":"Stacy Herbert"}],"hashtags":[],"urls":[]},"in_reply_to_screen_name":"itvnews","id_str":"544283573658730497","retweet_count":0,"in_reply_to_user_id":21866939,"favorited":false,"user":{"follow_request_sent":false,"profile_use_background_image":true,"profile_text_color":"333333","default_profile_image":false,"id":188415927,"profile_background_image_url_https":"https://abs.twimg.com/images/themes/theme1/bg.png","verified":false,"profile_location":null,"profile_image_url_https":"https://pbs.twimg.com/profile_images/1364285575/sunset_normal.jpg","profile_sidebar_fill_color":"DDEEF6","entities":{"description":{"urls":[]}},"followers_count":332,"profile_sidebar_border_color":"C0DEED","id_str":"188415927","profile_background_color":"C0DEED","listed_count":7,"is_translation_enabled":false,"utc_offset":7200,"statuses_count":3308,"description":"Family, Spurs, Israel","friends_count":769,"location":"","profile_link_color":"0084B4","profile_image_url":"http://pbs.twimg.com/profile_images/1364285575/sunset_normal.jpg","following":false,"geo_enabled":false,"profile_background_image_url":"http://abs.twimg.com/images/themes/theme1/bg.png","name":"Ben Myers","lang":"en","profile_background_tile":false,"favourites_count":973,"screen_name":"benmyers19","notifications":false,"url":null,"created_at":"Wed Sep 08 17:46:40 +0000 2010","contributors_enabled":false,"time_zone":"Jerusalem","protected":false,"default_profile":true,"is_translator":false},"geo":null,"in_reply_to_user_id_str":"21866939","lang":"en","created_at":"Mon Dec 15 00:11:30 +0000 2014","in_reply_to_status_id_str":"544282877278814208","place":null},
{"contributors":null,"truncated":false,"text":"@nataliayusupova @itvnews sharab fief","in_reply_to_status_id":544283492742606848,"id":544283690508222464,"favorite_count":0,"source":"<a href=\"http://twitter.com/download/android\" rel=\"nofollow\">Twitter for Android</a>","retweeted":false,"coordinates":null,"entities":{"symbols":[],"user_mentions":[{"id":625610952,"indices":[0,16],"id_str":"625610952","screen_name":"nataliayusupova","name":"natalia yusupova"},{"id":21866939,"indices":[17,25],"id_str":"21866939","screen_name":"itvnews","name":"ITV News"}],"hashtags":[],"urls":[]},"in_reply_to_screen_name":"nataliayusupova","id_str":"544283690508222464","retweet_count":1,"in_reply_to_user_id":625610952,"favorited":false,"user":{"follow_request_sent":false,"profile_use_background_image":true,"profile_text_color":"333333","default_profile_image":false,"id":876113958,"profile_background_image_url_https":"https://abs.twimg.com/images/themes/theme1/bg.png","verified":false,"profile_location":null,"profile_image_url_https":"https://pbs.twimg.com/profile_images/579270405287972865/ncHNNVtL_normal.jpg","profile_sidebar_fill_color":"DDEEF6","entities":{"description":{"urls":[]}},"followers_count":985,"profile_sidebar_border_color":"C0DEED","id_str":"876113958","profile_background_color":"C0DEED","listed_count":7,"is_translation_enabled":false,"utc_offset":null,"statuses_count":14284,"description":",la familia  MUFC , ❤somali❤, i despise all Terrorist groups, ❤ instagram. Dahirmhd ❤Islam ❤, FFs  biased media, ✌ historia, manga reader, Woqooyi Bari","friends_count":818,"location":"Horn Of Africa ","profile_link_color":"0084B4","profile_image_url":"http://pbs.twimg.com/profile_images/579270405287972865/ncHNNVtL_normal.jpg","following":false,"geo_enabled":true,"profile_banner_url":"https://pbs.twimg.com/profile_banners/876113958/1417125636","profile_background_image_url":"http://abs.twimg.com/images/themes/theme1/bg.png","name":"Mo dahir","lang":"en","profile_background_tile":false,"favourites_count":2191,"screen_name":"Mohameddahir12","notifications":false,"url":null,"created_at":"Fri Oct 12 18:03:07 +0000 2012","contributors_enabled":false,"time_zone":null,"protected":false,"default_profile":true,"is_translator":false},"geo":null,"in_reply_to_user_id_str":"625610952","lang":"in","created_at":"Mon Dec 15 00:11:58 +0000 2014","in_reply_to_status_id_str":"544283492742606848","place":null},
{"contributors":null,"truncated":false,"text":"@itvnews They might want to try writing in English on their flags. Rather than mumbo jumbo.","in_reply_to_status_id":544282877278814208,"id":544283803481817088,"favorite_count":0,"source":"<a href=\"http://twitter.com/download/android\" rel=\"nofollow\">Twitter for Android</a>","retweeted":false,"coordinates":null,"entities":{"symbols":[],"user_mentions":[{"id":21866939,"indices":[0,8],"id_str":"21866939","screen_name":"itvnews","name":"ITV News"}],"hashtags":[],"urls":[]},"in_reply_to_screen_name":"itvnews","id_str":"544283803481817088","retweet_count":0,"in_reply_to_user_id":21866939,"favorited":false,"user":{"follow_request_sent":false,"profile_use_background_image":true,"profile_text_color":"333333","default_profile_image":false,"id":2843667729,"profile_background_image_url_https":"https://abs.twimg.com/images/themes/theme19/bg.gif","verified":false,"profile_location":null,"profile_image_url_https":"https://pbs.twimg.com/profile_images/526008780635402243/dNQCA8kl_normal.jpeg","profile_sidebar_fill_color":"F6FFD1","entities":{"description":{"urls":[]}},"followers_count":99,"profile_sidebar_border_color":"FFFFFF","id_str":"2843667729","profile_background_color":"FFF04D","listed_count":1,"is_translation_enabled":false,"utc_offset":0,"statuses_count":642,"description":"Footage mainly of dashcam vids caught in and around Cumbria.","friends_count":548,"location":"cumbria","profile_link_color":"4A913C","profile_image_url":"http://pbs.twimg.com/profile_images/526008780635402243/dNQCA8kl_normal.jpeg","following":false,"geo_enabled":false,"profile_banner_url":"https://pbs.twimg.com/profile_banners/2843667729/1414245598","profile_background_image_url":"http://abs.twimg.com/images/themes/theme19/bg.gif","name":"dashcam","lang":"en-gb","profile_background_tile":false,"favourites_count":178,"screen_name":"Dashcamcumbria","notifications":false,"url":null,"created_at":"Sat Oct 25 13:52:50 +0000 2014","contributors_enabled":false,"time_zone":"London","protected":false,"default_profile":false,"is_translator":false},"geo":null,"in_reply_to_user_id_str":"21866939","lang":"en","created_at":"Mon Dec 15 00:12:25 +0000 2014","in_reply_to_status_id_str":"544282877278814208","place":null},
{"contributors":null,"truncated":false,"text":"@itvnews @HildaWheeler lone wolf cell of ISIS / ISIS related","in_reply_to_status_id":544282877278814208,"id":544283834725179392,"favorite_count":1,"source":"<a href=\"http://twitter.com/download/iphone\" rel=\"nofollow\">Twitter for iPhone</a>","retweeted":false,"coordinates":{"type":"Point","coordinates":[-87.80852535,42.7830675]},"entities":{"symbols":[],"user_mentions":[{"id":21866939,"indices":[0,8],"id_str":"21866939","screen_name":"itvnews","name":"ITV News"},{"id":345302515,"indices":[9,22],"id_str":"345302515","screen_name":"HildaWheeler","name":"Hilda Wheeler"}],"hashtags":[],"urls":[]},"in_reply_to_screen_name":"itvnews","id_str":"544283834725179392","retweet_count":1,"in_reply_to_user_id":21866939,"favorited":false,"user":{"follow_request_sent":false,"profile_use_background_image":true,"profile_text_color":"333333","default_profile_image":false,"id":297369350,"profile_background_image_url_https":"https://pbs.twimg.com/profile_background_images/459074366752301056/qjfIU1M2.jpeg","verified":false,"profile_location":null,"profile_image_url_https":"https://pbs.twimg.com/profile_images/583600886993268736/4cbyg5V1_normal.jpg","profile_sidebar_fill_color":"DDEEF6","entities":{"url":{"urls":[{"url":"http://t.co/UMJq8CNZMT","indices":[0,22],"expanded_url":"http://www.wisconsin4palin.com","display_url":"wisconsin4palin.com"}]},"description":{"urls":[]}},"followers_count":5557,"profile_sidebar_border_color":"FFFFFF","id_str":"297369350","profile_background_color":"131516","listed_count":132,"is_translation_enabled":false,"utc_offset":-21600,"statuses_count":65571,"description":"WI O4P Coordinator - Activist - Get it Done Kind of Guy, creator #WIRising hashtag. RTdoesNOT = endorsement NOW also tweeting is Stephanie Abbott","friends_count":4544,"location":"Wisconsin, USA","profile_link_color":"009999","profile_image_url":"http://pbs.twimg.com/profile_images/583600886993268736/4cbyg5V1_normal.jpg","following":false,"geo_enabled":true,"profile_banner_url":"https://pbs.twimg.com/profile_banners/297369350/1418009375","profile_background_image_url":"http://pbs.twimg.com/profile_background_images/459074366752301056/qjfIU1M2.jpeg","name":"WI4Palin","lang":"en","profile_background_tile":true,"favourites_count":27838,"screen_name":"WI4Palin","notifications":false,"url":"http://t.co/UMJq8CNZMT","created_at":"Thu May 12 12:04:03 +0000 2011","contributors_enabled":false,"time_zone":"Central Time (US & Canada)","protected":false,"default_profile":false,"is_translator":false},"geo":{"type":"Point","coordinates":[42.7830675,-87.80852535]},"in_reply_to_user_id_str":"21866939","lang":"en","created_at":"Mon Dec 15 00:12:33 +0000 2014","in_reply_to_status_id_str":"544282877278814208","place":{"full_name":"Wind Point, WI","url":"https://api.twitter.com/1.1/geo/id/003a2486189b91a6.json","country":"United States","place_type":"city","bounding_box":{"type":"Polygon","coordinates":[[[-87.8390766,42.769771],[-87.757534,42.769771],[-87.757534,42.821738],[-87.8390766,42.821738]]]},"contained_within":[],"country_code":"US","attributes":{},"id":"003a2486189b91a6","name":"Wind Point"}},
{"contributors":null,"truncated":false,"text":"@itvnews if it has anything to do with #Allah #Jihadists or #Islamists then it makes no difference. Bullet in the head for all of them.\nScum","in_reply_to_status_id":544282877278814208,"id":544284025909952513,"favorite_count":0,"source":"<a href=\"http://twitter.com/download/iphone\" rel=\"nofollow\">Twitter for iPhone</a>","retweeted":false,"coordinates":null,"entities":{"symbols":[],"user_mentions":[{"id":21866939,"indices":[0,8],"id_str":"21866939","screen_name":"itvnews","name":"ITV News"}],"hashtags":[{"indices":[39,45],"text":"Allah"},{"indices":[46,56],"text":"Jihadists"},{"indices":[60,70],"text":"Islamists"}],"urls":[]},"in_reply_to_screen_name":"itvnews","id_str":"544284025909952513","retweet_count":0,"in_reply_to_user_id":21866939,"favorited":false,"user":{"follow_request_sent":false,"profile_use_background_image":true,"profile_text_color":"333333","default_profile_image":false,"id":1685052726,"profile_background_image_url_https":"https://abs.twimg.com/images/themes/theme1/bg.png","verified":false,"profile_location":null,"profile_image_url_https":"https://pbs.twimg.com/profile_images/589370220948643840/RcI81wUI_normal.jpg","profile_sidebar_fill_color":"DDEEF6","entities":{"description":{"urls":[]}},"followers_count":316,"profile_sidebar_border_color":"C0DEED","id_str":"1685052726","profile_background_color":"C0DEED","listed_count":1,"is_translation_enabled":false,"utc_offset":null,"statuses_count":2567,"description":"where were you while we were getting high?","friends_count":1335,"location":"Glasgow","profile_link_color":"0084B4","profile_image_url":"http://pbs.twimg.com/profile_images/589370220948643840/RcI81wUI_normal.jpg","following":false,"geo_enabled":true,"profile_banner_url":"https://pbs.twimg.com/profile_banners/1685052726/1418592110","profile_background_image_url":"http://abs.twimg.com/images/themes/theme1/bg.png","name":"Dynamo Delboy","lang":"en-gb","profile_background_tile":false,"favourites_count":506,"screen_name":"DelboyCBR6","notifications":false,"url":null,"created_at":"Tue Aug 20 06:57:25 +0000 2013","contributors_enabled":false,"time_zone":null,"protected":false,"default_profile":true,"is_translator":false},"geo":null,"in_reply_to_user_id_str":"21866939","lang":"en","created_at":"Mon Dec 15 00:13:18 +0000 2014","in_reply_to_status_id_str":"544282877278814208","place":null},
{"contributors":null,"truncated":false,"text":"@itvnews @BBCPropaganda Phew, Some sort of 'Sport' related flag is it? A couple of Aussie drunks with water pistols in there?","in_reply_to_status_id":544282877278814208,"id":544284138472497152,"favorite_count":3,"source":"<a href=\"http://twitter.com\" rel=\"nofollow\">Twitter Web Client</a>","retweeted":false,"coordinates":null,"entities":{"symbols":[],"user_mentions":[{"id":21866939,"indices":[0,8],"id_str":"21866939","screen_name":"itvnews","name":"ITV News"},{"id":442245676,"indices":[9,23],"id_str":"442245676","screen_name":"BBCPropaganda","name":"Ⓑad Ⓑbc Ⓒhristmas"}],"hashtags":[],"urls":[]},"in_reply_to_screen_name":"itvnews","id_str":"544284138472497152","retweet_count":0,"in_reply_to_user_id":21866939,"favorited":false,"user":{"follow_request_sent":false,"profile_use_background_image":true,"profile_text_color":"333333","default_profile_image":false,"id":1572595045,"profile_background_image_url_https":"https://pbs.twimg.com/profile_background_images/378800000087637165/0c37c11cffb7104ac44703dab9a3ab9e.jpeg","verified":false,"profile_location":null,"profile_image_url_https":"https://pbs.twimg.com/profile_images/557845765611986944/Ech_cBhD_normal.jpeg","profile_sidebar_fill_color":"DDEEF6","entities":{"description":{"urls":[]}},"followers_count":1655,"profile_sidebar_border_color":"000000","id_str":"1572595045","profile_background_color":"030303","listed_count":27,"is_translation_enabled":false,"utc_offset":null,"statuses_count":45202,"description":"Tetchy Librarytarian, Known to be a tad facetious so I've censored my bio incase it offends you, You're fucking welcome","friends_count":409,"location":"Thunderbird 5","profile_link_color":"000000","profile_image_url":"http://pbs.twimg.com/profile_images/557845765611986944/Ech_cBhD_normal.jpeg","following":false,"geo_enabled":true,"profile_banner_url":"https://pbs.twimg.com/profile_banners/1572595045/1377963900","profile_background_image_url":"http://pbs.twimg.com/profile_background_images/378800000087637165/0c37c11cffb7104ac44703dab9a3ab9e.jpeg","name":"Curiously Hard ","lang":"en","profile_background_tile":true,"favourites_count":28384,"screen_name":"Holborncompany","notifications":false,"url":null,"created_at":"Sat Jul 06 11:24:48 +0000 2013","contributors_enabled":false,"time_zone":null,"protected":false,"default_profile":false,"is_translator":false},"geo":null,"in_reply_to_user_id_str":"21866939","lang":"en","created_at":"Mon Dec 15 00:13:45 +0000 2014","in_reply_to_status_id_str":"544282877278814208","place":{"full_name":"Hong Kong","url":"https://api.twitter.com/1.1/geo/id/35fd5bacecc4c6e5.json","country":"香港","place_type":"country","bounding_box":{"type":"Polygon","coordinates":[[[113.81813,22.1465116],[114.502196,22.1465116],[114.502196,22.614177],[113.81813,22.614177]]]},"contained_within":[],"country_code":"HK","attributes":{},"id":"35fd5bacecc4c6e5","name":"Hong Kong"}},
{"contributors":null,"truncated":false,"text":"@Mohameddahir12 shut it, terrorist tramp.","in_reply_to_status_id":544283690508222464,"id":544284445650726914,"favorite_count":0,"source":"<a href=\"http://www.twitter.com\" rel=\"nofollow\">Twitter for BlackBerry</a>","retweeted":false,"coordinates":null,"entities":{"symbols":[],"user_mentions":[{"id":876113958,"indices":[0,15],"id_str":"876113958","screen_name":"Mohameddahir12","name":"Mo dahir"}],"hashtags":[],"urls":[]},"in_reply_to_screen_name":"Mohameddahir12","id_str":"544284445650726914","retweet_count":1,"in_reply_to_user_id":876113958,"favorited":false,"user":{"follow_request_sent":false,"profile_use_background_image":true,"profile_text_color":"333333","default_profile_image":false,"id":625610952,"profile_background_image_url_https":"https://abs.twimg.com/images/themes/theme1/bg.png","verified":false,"profile_location":null,"profile_image_url_https":"https://pbs.twimg.com/profile_images/2363725431/ygyghr_normal.jpg","profile_sidebar_fill_color":"DDEEF6","entities":{"description":{"urls":[]}},"followers_count":679,"profile_sidebar_border_color":"C0DEED","id_str":"625610952","profile_background_color":"C0DEED","listed_count":8,"is_translation_enabled":false,"utc_offset":3600,"statuses_count":7193,"description":"I am from Russian federation and, i love music, good food, healthy eating, soccer, fashion and men.","friends_count":156,"location":"","profile_link_color":"0084B4","profile_image_url":"http://pbs.twimg.com/profile_images/2363725431/ygyghr_normal.jpg","following":false,"geo_enabled":false,"profile_background_image_url":"http://abs.twimg.com/images/themes/theme1/bg.png","name":"natalia yusupova","lang":"en","profile_background_tile":false,"favourites_count":61,"screen_name":"nataliayusupova","notifications":false,"url":null,"created_at":"Tue Jul 03 12:50:19 +0000 2012","contributors_enabled":false,"time_zone":"Amsterdam","protected":false,"default_profile":true,"is_translator":false},"geo":null,"in_reply_to_user_id_str":"876113958","lang":"en","created_at":"Mon Dec 15 00:14:58 +0000 2014","in_reply_to_status_id_str":"544283690508222464","place":null},
{"contributors":null,"truncated":false,"text":"@itvnews time to round up the #Muslim terrorists &amp; supporters of terrorism &amp; execute them but out country's leaders have no fucking balls","in_reply_to_status_id":544282877278814208,"id":544284518681952256,"favorite_count":0,"source":"<a href=\"http://twitter.com/download/iphone\" rel=\"nofollow\">Twitter for iPhone</a>","retweeted":false,"coordinates":null,"entities":{"symbols":[],"user_mentions":[{"id":21866939,"indices":[0,8],"id_str":"21866939","screen_name":"itvnews","name":"ITV News"}],"hashtags":[{"indices":[30,37],"text":"Muslim"}],"urls":[]},"in_reply_to_screen_name":"itvnews","id_str":"544284518681952256","retweet_count":1,"in_reply_to_user_id":21866939,"favorited":false,"user":{"follow_request_sent":false,"profile_use_background_image":true,"profile_text_color":"333333","default_profile_image":false,"id":1685052726,"profile_background_image_url_https":"https://abs.twimg.com/images/themes/theme1/bg.png","verified":false,"profile_location":null,"profile_image_url_https":"https://pbs.twimg.com/profile_images/589370220948643840/RcI81wUI_normal.jpg","profile_sidebar_fill_color":"DDEEF6","entities":{"description":{"urls":[]}},"followers_count":316,"profile_sidebar_border_color":"C0DEED","id_str":"1685052726","profile_background_color":"C0DEED","listed_count":1,"is_translation_enabled":false,"utc_offset":null,"statuses_count":2567,"description":"where were you while we were getting high?","friends_count":1335,"location":"Glasgow","profile_link_color":"0084B4","profile_image_url":"http://pbs.twimg.com/profile_images/589370220948643840/RcI81wUI_normal.jpg","following":false,"geo_enabled":true,"profile_banner_url":"https://pbs.twimg.com/profile_banners/1685052726/1418592110","profile_background_image_url":"http://abs.twimg.com/images/themes/theme1/bg.png","name":"Dynamo Delboy","lang":"en-gb","profile_background_tile":false,"favourites_count":506,"screen_name":"DelboyCBR6","notifications":false,"url":null,"created_at":"Tue Aug 20 06:57:25 +0000 2013","contributors_enabled":false,"time_zone":null,"protected":false,"default_profile":true,"is_translator":false},"geo":null,"in_reply_to_user_id_str":"21866939","lang":"en","created_at":"Mon Dec 15 00:15:16 +0000 2014","in_reply_to_status_id_str":"544282877278814208","place":null},
{"contributors":null,"truncated":false,"text":"@itvnews @BBCPropaganda \n\nPhew, that's a relief! \n\nFor a minute there I thought it was muslamic extremists causing trouble again.","in_reply_to_status_id":544282877278814208,"id":544284711032737792,"favorite_count":1,"source":"<a href=\"http://twitter.com/#!/download/ipad\" rel=\"nofollow\">Twitter for iPad</a>","retweeted":false,"coordinates":null,"entities":{"symbols":[],"user_mentions":[{"id":21866939,"indices":[0,8],"id_str":"21866939","screen_name":"itvnews","name":"ITV News"},{"id":442245676,"indices":[9,23],"id_str":"442245676","screen_name":"BBCPropaganda","name":"Ⓑad Ⓑbc Ⓒhristmas"}],"hashtags":[],"urls":[]},"in_reply_to_screen_name":"itvnews","id_str":"544284711032737792","retweet_count":0,"in_reply_to_user_id":21866939,"favorited":false,"user":{"follow_request_sent":false,"profile_use_background_image":true,"profile_text_color":"333333","default_profile_image":false,"id":546924455,"profile_background_image_url_https":"https://abs.twimg.com/images/themes/theme1/bg.png","verified":false,"profile_location":null,"profile_image_url_https":"https://pbs.twimg.com/profile_images/562359374543609856/R1FV6Oz2_normal.jpeg","profile_sidebar_fill_color":"DDEEF6","entities":{"url":{"urls":[{"url":"http://t.co/71GsiOn8dv","indices":[0,22],"expanded_url":"http://nonjob.tumblr.com/","display_url":"nonjob.tumblr.com"}]},"description":{"urls":[]}},"followers_count":1612,"profile_sidebar_border_color":"C0DEED","id_str":"546924455","profile_background_color":"C0DEED","listed_count":30,"is_translation_enabled":false,"utc_offset":0,"statuses_count":2221,"description":"The Emperor’s New Clothes - Blogging the incompetence of Lancashire's Councils ***ADVISORY*** My tweets are 'DAMAGING SOCIAL COHESION' (Surrey's PCC)","friends_count":1396,"location":"","profile_link_color":"0084B4","profile_image_url":"http://pbs.twimg.com/profile_images/562359374543609856/R1FV6Oz2_normal.jpeg","following":false,"geo_enabled":false,"profile_banner_url":"https://pbs.twimg.com/profile_banners/546924455/1417647727","profile_background_image_url":"http://abs.twimg.com/images/themes/theme1/bg.png","name":"Nonjob","lang":"en","profile_background_tile":false,"favourites_count":3018,"screen_name":"nonjob1","notifications":false,"url":"http://t.co/71GsiOn8dv","created_at":"Fri Apr 06 16:18:29 +0000 2012","contributors_enabled":false,"time_zone":"London","protected":false,"default_profile":true,"is_translator":false},"geo":null,"in_reply_to_user_id_str":"21866939","lang":"en","created_at":"Mon Dec 15 00:16:02 +0000 2014","in_reply_to_status_id_str":"544282877278814208","place":null},
{"contributors":null,"truncated":false,"text":"Pls RT as wide as false report \"@itvnews: Flag in Sydney cafe where hostages are being held 'is not linked with IS' http://t.co/BerEyHsQLg”","in_reply_to_status_id":544282877278814208,"id":544288775107407873,"favorite_count":0,"source":"<a href=\"http://twitter.com/download/iphone\" rel=\"nofollow\">Twitter for iPhone</a>","retweeted":false,"coordinates":null,"entities":{"symbols":[],"user_mentions":[{"id":21866939,"indices":[32,40],"id_str":"21866939","screen_name":"itvnews","name":"ITV News"}],"hashtags":[],"urls":[{"url":"http://t.co/BerEyHsQLg","indices":[116,138],"expanded_url":"http://www.itv.com/news/update/2014-12-15/flag-in-sydney-cafe-window-is-not-linked-with-is/","display_url":"itv.com/news/update/20…"}]},"in_reply_to_screen_name":"itvnews","id_str":"544288775107407873","retweet_count":8,"in_reply_to_user_id":21866939,"favorited":false,"user":{"follow_request_sent":false,"profile_use_background_image":true,"profile_text_color":"663B12","default_profile_image":false,"id":32257623,"profile_background_image_url_https":"https://pbs.twimg.com/profile_background_images/674371642/da92c813a2f8620e6ed2f51c206b29e0.jpeg","verified":false,"profile_location":null,"profile_image_url_https":"https://pbs.twimg.com/profile_images/452179131258515456/cW2lp9Ek_normal.jpeg","profile_sidebar_fill_color":"DAECF4","entities":{"url":{"urls":[{"url":"http://t.co/jZM57gHBWy","indices":[0,22],"expanded_url":"http://www.theleapworks.com/meet-turner/","display_url":"theleapworks.com/meet-turner/"}]},"description":{"urls":[]}},"followers_count":7028,"profile_sidebar_border_color":"FFFFFF","id_str":"32257623","profile_background_color":"C6E2EE","listed_count":300,"is_translation_enabled":false,"utc_offset":-25200,"statuses_count":22908,"description":"Author of 5 books -- How to Breathe Underwater out now! Writer/speaker on sustainability & green economy. 9X National Magazine Award winner. Moderate reformer.","friends_count":1026,"location":"Calgary","profile_link_color":"1F98C7","profile_image_url":"http://pbs.twimg.com/profile_images/452179131258515456/cW2lp9Ek_normal.jpeg","following":false,"geo_enabled":false,"profile_banner_url":"https://pbs.twimg.com/profile_banners/32257623/1364791305","profile_background_image_url":"http://pbs.twimg.com/profile_background_images/674371642/da92c813a2f8620e6ed2f51c206b29e0.jpeg","name":"Chris Turner","lang":"en","profile_background_tile":true,"favourites_count":1214,"screen_name":"theturner","notifications":false,"url":"http://t.co/jZM57gHBWy","created_at":"Fri Apr 17 02:15:25 +0000 2009","contributors_enabled":false,"time_zone":"Mountain Time (US & Canada)","protected":false,"default_profile":false,"is_translator":false},"geo":null,"in_reply_to_user_id_str":"21866939","possibly_sensitive":false,"lang":"en","created_at":"Mon Dec 15 00:32:11 +0000 2014","in_reply_to_status_id_str":"544282877278814208","place":null},
{"contributors":null,"truncated":false,"text":"@nataliayusupova @Mohameddahir12 Another anonymous racist troll, pretending to be women, how brave! @BSfromPS","in_reply_to_status_id":544284445650726914,"id":544295086532878337,"favorite_count":6,"source":"<a href=\"http://twitter.com/download/iphone\" rel=\"nofollow\">Twitter for iPhone</a>","retweeted":false,"coordinates":null,"entities":{"symbols":[],"user_mentions":[{"id":625610952,"indices":[0,16],"id_str":"625610952","screen_name":"nataliayusupova","name":"natalia yusupova"},{"id":876113958,"indices":[17,32],"id_str":"876113958","screen_name":"Mohameddahir12","name":"Mo dahir"},{"id":164599226,"indices":[100,109],"id_str":"164599226","screen_name":"BSfromPS","name":"Tracy "}],"hashtags":[],"urls":[]},"in_reply_to_screen_name":"nataliayusupova","id_str":"544295086532878337","retweet_count":0,"in_reply_to_user_id":625610952,"favorited":false,"user":{"follow_request_sent":false,"profile_use_background_image":true,"profile_text_color":"336E96","default_profile_image":false,"id":75146395,"profile_background_image_url_https":"https://pbs.twimg.com/profile_background_images/319338884/JUST-JOS-WORLD-BREAD-_3.jpg","verified":false,"profile_location":null,"profile_image_url_https":"https://pbs.twimg.com/profile_images/544964061205917698/6QOvF1lh_normal.jpeg","profile_sidebar_fill_color":"062114","entities":{"description":{"urls":[]}},"followers_count":1356,"profile_sidebar_border_color":"113B4D","id_str":"75146395","profile_background_color":"2C3940","listed_count":62,"is_translation_enabled":false,"utc_offset":0,"statuses_count":30286,"description":"How would you like to have a lasting record – maybe for your family, your children, those you love and who love you - of your life, and you lived it?","friends_count":720,"location":"bristol","profile_link_color":"687A20","profile_image_url":"http://pbs.twimg.com/profile_images/544964061205917698/6QOvF1lh_normal.jpeg","following":false,"geo_enabled":false,"profile_banner_url":"https://pbs.twimg.com/profile_banners/75146395/1399075323","profile_background_image_url":"http://pbs.twimg.com/profile_background_images/319338884/JUST-JOS-WORLD-BREAD-_3.jpg","name":"joanne stowell","lang":"en","profile_background_tile":false,"favourites_count":7777,"screen_name":"JOYOURPAPARAZZI","notifications":false,"url":null,"created_at":"Thu Sep 17 23:37:39 +0000 2009","contributors_enabled":false,"time_zone":"London","protected":false,"default_profile":false,"is_translator":false},"geo":null,"in_reply_to_user_id_str":"625610952","lang":"en","created_at":"Mon Dec 15 00:57:15 +0000 2014","in_reply_to_status_id_str":"544284445650726914","place":null},
{"contributors":null,"truncated":false,"text":"@PrintingPressII @itvnews Yup. Its an ashtray.","in_reply_to_status_id":544291754238025728,"id":544295524455952385,"favorite_count":0,"source":"<a href=\"http://twitter.com/download/android\" rel=\"nofollow\">Twitter for Android</a>","retweeted":false,"coordinates":null,"entities":{"symbols":[],"user_mentions":[{"id":2911033066,"indices":[0,16],"id_str":"2911033066","screen_name":"PrintingPressII","name":"Jacobs1752"},{"id":21866939,"indices":[17,25],"id_str":"21866939","screen_name":"itvnews","name":"ITV News"}],"hashtags":[],"urls":[]},"in_reply_to_screen_name":"PrintingPressII","id_str":"544295524455952385","retweet_count":0,"in_reply_to_user_id":2911033066,"favorited":false,"user":{"follow_request_sent":false,"profile_use_background_image":true,"profile_text_color":"333333","default_profile_image":false,"id":2843667729,"profile_background_image_url_https":"https://abs.twimg.com/images/themes/theme19/bg.gif","verified":false,"profile_location":null,"profile_image_url_https":"https://pbs.twimg.com/profile_images/526008780635402243/dNQCA8kl_normal.jpeg","profile_sidebar_fill_color":"F6FFD1","entities":{"description":{"urls":[]}},"followers_count":102,"profile_sidebar_border_color":"FFFFFF","id_str":"2843667729","profile_background_color":"FFF04D","listed_count":1,"is_translation_enabled":false,"utc_offset":0,"statuses_count":662,"description":"Footage mainly of dashcam vids caught in and around Cumbria.","friends_count":551,"location":"cumbria","profile_link_color":"4A913C","profile_image_url":"http://pbs.twimg.com/profile_images/526008780635402243/dNQCA8kl_normal.jpeg","following":false,"geo_enabled":false,"profile_banner_url":"https://pbs.twimg.com/profile_banners/2843667729/1414245598","profile_background_image_url":"http://abs.twimg.com/images/themes/theme19/bg.gif","name":"dashcam","lang":"en-gb","profile_background_tile":false,"favourites_count":178,"screen_name":"Dashcamcumbria","notifications":false,"url":null,"created_at":"Sat Oct 25 13:52:50 +0000 2014","contributors_enabled":false,"time_zone":"London","protected":false,"default_profile":false,"is_translator":false},"geo":null,"in_reply_to_user_id_str":"2911033066","lang":"en","created_at":"Mon Dec 15 00:59:00 +0000 2014","in_reply_to_status_id_str":"544291754238025728","place":null},
{"contributors":null,"truncated":false,"text":"Oh how cute.  I wonder what PR firm's website she stole the profile picture from? @JOYOURPAPARAZZI @nataliayusupova @Mohameddahir12","in_reply_to_status_id":544295086532878337,"id":544298110436929536,"favorite_count":1,"source":"<a href=\"http://twitter.com\" rel=\"nofollow\">Twitter Web Client</a>","retweeted":false,"coordinates":null,"entities":{"symbols":[],"user_mentions":[{"id":75146395,"indices":[82,98],"id_str":"75146395","screen_name":"JOYOURPAPARAZZI","name":"joanne stowell"},{"id":625610952,"indices":[99,115],"id_str":"625610952","screen_name":"nataliayusupova","name":"natalia yusupova"},{"id":876113958,"indices":[116,131],"id_str":"876113958","screen_name":"Mohameddahir12","name":"Mo dahir"}],"hashtags":[],"urls":[]},"in_reply_to_screen_name":"JOYOURPAPARAZZI","id_str":"544298110436929536","retweet_count":0,"in_reply_to_user_id":75146395,"favorited":false,"user":{"follow_request_sent":false,"profile_use_background_image":true,"profile_text_color":"333333","default_profile_image":false,"id":164599226,"profile_background_image_url_https":"https://abs.twimg.com/images/themes/theme14/bg.gif","verified":false,"profile_location":null,"profile_image_url_https":"https://pbs.twimg.com/profile_images/589221306593214464/Zz9J91xE_normal.jpg","profile_sidebar_fill_color":"EFEFEF","entities":{"description":{"urls":[]}},"followers_count":2362,"profile_sidebar_border_color":"FFFFFF","id_str":"164599226","profile_background_color":"131516","listed_count":79,"is_translation_enabled":false,"utc_offset":-28800,"statuses_count":61847,"description":"#FreePalestine #BDS #ICC4Israel","friends_count":1878,"location":"Left of Dumbfuckistan","profile_link_color":"6777DB","profile_image_url":"http://pbs.twimg.com/profile_images/589221306593214464/Zz9J91xE_normal.jpg","following":false,"geo_enabled":false,"profile_banner_url":"https://pbs.twimg.com/profile_banners/164599226/1406946453","profile_background_image_url":"http://abs.twimg.com/images/themes/theme14/bg.gif","name":"Tracy ","lang":"en","profile_background_tile":true,"favourites_count":23847,"screen_name":"BSfromPS","notifications":false,"url":null,"created_at":"Fri Jul 09 07:42:21 +0000 2010","contributors_enabled":false,"time_zone":"Pacific Time (US & Canada)","protected":false,"default_profile":false,"is_translator":false},"geo":null,"in_reply_to_user_id_str":"75146395","lang":"en","created_at":"Mon Dec 15 01:09:16 +0000 2014","in_reply_to_status_id_str":"544295086532878337","place":null},
{"contributors":null,"truncated":false,"text":"@BSfromPS @nataliayusupova @Mohameddahir12 He, his IP address registered to UK male.","in_reply_to_status_id":544298110436929536,"id":544298326469140480,"favorite_count":1,"source":"<a href=\"http://twitter.com/download/iphone\" rel=\"nofollow\">Twitter for iPhone</a>","retweeted":false,"coordinates":null,"entities":{"symbols":[],"user_mentions":[{"id":164599226,"indices":[0,9],"id_str":"164599226","screen_name":"BSfromPS","name":"Tracy "},{"id":625610952,"indices":[10,26],"id_str":"625610952","screen_name":"nataliayusupova","name":"natalia yusupova"},{"id":876113958,"indices":[27,42],"id_str":"876113958","screen_name":"Mohameddahir12","name":"Mo dahir"}],"hashtags":[],"urls":[]},"in_reply_to_screen_name":"BSfromPS","id_str":"544298326469140480","retweet_count":0,"in_reply_to_user_id":164599226,"favorited":false,"user":{"follow_request_sent":false,"profile_use_background_image":true,"profile_text_color":"336E96","default_profile_image":false,"id":75146395,"profile_background_image_url_https":"https://pbs.twimg.com/profile_background_images/319338884/JUST-JOS-WORLD-BREAD-_3.jpg","verified":false,"profile_location":null,"profile_image_url_https":"https://pbs.twimg.com/profile_images/544964061205917698/6QOvF1lh_normal.jpeg","profile_sidebar_fill_color":"062114","entities":{"description":{"urls":[]}},"followers_count":1356,"profile_sidebar_border_color":"113B4D","id_str":"75146395","profile_background_color":"2C3940","listed_count":62,"is_translation_enabled":false,"utc_offset":0,"statuses_count":30286,"description":"How would you like to have a lasting record – maybe for your family, your children, those you love and who love you - of your life, and you lived it?","friends_count":720,"location":"bristol","profile_link_color":"687A20","profile_image_url":"http://pbs.twimg.com/profile_images/544964061205917698/6QOvF1lh_normal.jpeg","following":false,"geo_enabled":false,"profile_banner_url":"https://pbs.twimg.com/profile_banners/75146395/1399075323","profile_background_image_url":"http://pbs.twimg.com/profile_background_images/319338884/JUST-JOS-WORLD-BREAD-_3.jpg","name":"joanne stowell","lang":"en","profile_background_tile":false,"favourites_count":7777,"screen_name":"JOYOURPAPARAZZI","notifications":false,"url":null,"created_at":"Thu Sep 17 23:37:39 +0000 2009","contributors_enabled":false,"time_zone":"London","protected":false,"default_profile":false,"is_translator":false},"geo":null,"in_reply_to_user_id_str":"164599226","lang":"en","created_at":"Mon Dec 15 01:10:08 +0000 2014","in_reply_to_status_id_str":"544298110436929536","place":null},
{"contributors":null,"truncated":false,"text":"Of course.  Another live one on the shekel train?  I'll bet you a buck that it's a new trainee.  @JOYOURPAPARAZZI @nataliayusupova","in_reply_to_status_id":544298326469140480,"id":544299077781843970,"favorite_count":2,"source":"<a href=\"http://twitter.com\" rel=\"nofollow\">Twitter Web Client</a>","retweeted":false,"coordinates":null,"entities":{"symbols":[],"user_mentions":[{"id":75146395,"indices":[97,113],"id_str":"75146395","screen_name":"JOYOURPAPARAZZI","name":"joanne stowell"},{"id":625610952,"indices":[114,130],"id_str":"625610952","screen_name":"nataliayusupova","name":"natalia yusupova"}],"hashtags":[],"urls":[]},"in_reply_to_screen_name":"JOYOURPAPARAZZI","id_str":"544299077781843970","retweet_count":1,"in_reply_to_user_id":75146395,"favorited":false,"user":{"follow_request_sent":false,"profile_use_background_image":true,"profile_text_color":"333333","default_profile_image":false,"id":164599226,"profile_background_image_url_https":"https://abs.twimg.com/images/themes/theme14/bg.gif","verified":false,"profile_location":null,"profile_image_url_https":"https://pbs.twimg.com/profile_images/589221306593214464/Zz9J91xE_normal.jpg","profile_sidebar_fill_color":"EFEFEF","entities":{"description":{"urls":[]}},"followers_count":2362,"profile_sidebar_border_color":"FFFFFF","id_str":"164599226","profile_background_color":"131516","listed_count":79,"is_translation_enabled":false,"utc_offset":-28800,"statuses_count":61847,"description":"#FreePalestine #BDS #ICC4Israel","friends_count":1878,"location":"Left of Dumbfuckistan","profile_link_color":"6777DB","profile_image_url":"http://pbs.twimg.com/profile_images/589221306593214464/Zz9J91xE_normal.jpg","following":false,"geo_enabled":false,"profile_banner_url":"https://pbs.twimg.com/profile_banners/164599226/1406946453","profile_background_image_url":"http://abs.twimg.com/images/themes/theme14/bg.gif","name":"Tracy ","lang":"en","profile_background_tile":true,"favourites_count":23847,"screen_name":"BSfromPS","notifications":false,"url":null,"created_at":"Fri Jul 09 07:42:21 +0000 2010","contributors_enabled":false,"time_zone":"Pacific Time (US & Canada)","protected":false,"default_profile":false,"is_translator":false},"geo":null,"in_reply_to_user_id_str":"75146395","lang":"en","created_at":"Mon Dec 15 01:13:07 +0000 2014","in_reply_to_status_id_str":"544298326469140480","place":null},
{"contributors":null,"truncated":false,"text":".@JOYOURPAPARAZZI @BSfromPS @nataliayusupova @Mohameddahir12 here is the link to his pic http://t.co/EEWgCtpr9q","in_reply_to_status_id":544298326469140480,"id":544299300772413440,"favorite_count":2,"source":"<a href=\"http://twitter.com\" rel=\"nofollow\">Twitter Web Client</a>","retweeted":false,"coordinates":null,"entities":{"symbols":[],"user_mentions":[{"id":75146395,"indices":[1,17],"id_str":"75146395","screen_name":"JOYOURPAPARAZZI","name":"joanne stowell"},{"id":164599226,"indices":[18,27],"id_str":"164599226","screen_name":"BSfromPS","name":"Tracy "},{"id":625610952,"indices":[28,44],"id_str":"625610952","screen_name":"nataliayusupova","name":"natalia yusupova"},{"id":876113958,"indices":[45,60],"id_str":"876113958","screen_name":"Mohameddahir12","name":"Mo dahir"}],"hashtags":[],"urls":[{"url":"http://t.co/EEWgCtpr9q","indices":[89,111],"expanded_url":"http://www.meetrussianwomen.net/3/","display_url":"meetrussianwomen.net/3/"}]},"in_reply_to_screen_name":"JOYOURPAPARAZZI","id_str":"544299300772413440","retweet_count":0,"in_reply_to_user_id":75146395,"favorited":false,"user":{"follow_request_sent":false,"profile_use_background_image":true,"profile_text_color":"333333","default_profile_image":false,"id":1061358956,"profile_background_image_url_https":"https://abs.twimg.com/images/themes/theme14/bg.gif","verified":false,"profile_location":null,"profile_image_url_https":"https://pbs.twimg.com/profile_images/455865054752022529/TzO2kUN8_normal.jpeg","profile_sidebar_fill_color":"EFEFEF","entities":{"description":{"urls":[]}},"followers_count":629,"profile_sidebar_border_color":"EEEEEE","id_str":"1061358956","profile_background_color":"131516","listed_count":18,"is_translation_enabled":false,"utc_offset":-18000,"statuses_count":9053,"description":"justice for Palestine","friends_count":567,"location":"","profile_link_color":"009999","profile_image_url":"http://pbs.twimg.com/profile_images/455865054752022529/TzO2kUN8_normal.jpeg","following":false,"geo_enabled":false,"profile_banner_url":"https://pbs.twimg.com/profile_banners/1061358956/1397521681","profile_background_image_url":"http://abs.twimg.com/images/themes/theme14/bg.gif","name":"Free Palestine","lang":"en","profile_background_tile":true,"favourites_count":2720,"screen_name":"1967Palestine","notifications":false,"url":null,"created_at":"Fri Jan 04 20:28:12 +0000 2013","contributors_enabled":false,"time_zone":"Eastern Time (US & Canada)","protected":false,"default_profile":false,"is_translator":false},"geo":null,"in_reply_to_user_id_str":"75146395","possibly_sensitive":false,"lang":"en","created_at":"Mon Dec 15 01:14:00 +0000 2014","in_reply_to_status_id_str":"544298326469140480","place":null},
{"contributors":null,"truncated":false,"text":"How would you know this?  Were you looking for a Russian wife?  @1967Palestine @JOYOURPAPARAZZI @nataliayusupova @Mohameddahir12","in_reply_to_status_id":544299300772413440,"id":544299548579864576,"favorite_count":0,"source":"<a href=\"http://twitter.com\" rel=\"nofollow\">Twitter Web Client</a>","retweeted":false,"coordinates":null,"entities":{"symbols":[],"user_mentions":[{"id":1061358956,"indices":[64,78],"id_str":"1061358956","screen_name":"1967Palestine","name":"Free Palestine"},{"id":75146395,"indices":[79,95],"id_str":"75146395","screen_name":"JOYOURPAPARAZZI","name":"joanne stowell"},{"id":625610952,"indices":[96,112],"id_str":"625610952","screen_name":"nataliayusupova","name":"natalia yusupova"},{"id":876113958,"indices":[113,128],"id_str":"876113958","screen_name":"Mohameddahir12","name":"Mo dahir"}],"hashtags":[],"urls":[]},"in_reply_to_screen_name":"1967Palestine","id_str":"544299548579864576","retweet_count":0,"in_reply_to_user_id":1061358956,"favorited":false,"user":{"follow_request_sent":false,"profile_use_background_image":true,"profile_text_color":"333333","default_profile_image":false,"id":164599226,"profile_background_image_url_https":"https://abs.twimg.com/images/themes/theme14/bg.gif","verified":false,"profile_location":null,"profile_image_url_https":"https://pbs.twimg.com/profile_images/589221306593214464/Zz9J91xE_normal.jpg","profile_sidebar_fill_color":"EFEFEF","entities":{"description":{"urls":[]}},"followers_count":2362,"profile_sidebar_border_color":"FFFFFF","id_str":"164599226","profile_background_color":"131516","listed_count":79,"is_translation_enabled":false,"utc_offset":-28800,"statuses_count":61847,"description":"#FreePalestine #BDS #ICC4Israel","friends_count":1878,"location":"Left of Dumbfuckistan","profile_link_color":"6777DB","profile_image_url":"http://pbs.twimg.com/profile_images/589221306593214464/Zz9J91xE_normal.jpg","following":false,"geo_enabled":false,"profile_banner_url":"https://pbs.twimg.com/profile_banners/164599226/1406946453","profile_background_image_url":"http://abs.twimg.com/images/themes/theme14/bg.gif","name":"Tracy ","lang":"en","profile_background_tile":true,"favourites_count":23847,"screen_name":"BSfromPS","notifications":false,"url":null,"created_at":"Fri Jul 09 07:42:21 +0000 2010","contributors_enabled":false,"time_zone":"Pacific Time (US & Canada)","protected":false,"default_profile":false,"is_translator":false},"geo":null,"in_reply_to_user_id_str":"1061358956","lang":"en","created_at":"Mon Dec 15 01:14:59 +0000 2014","in_reply_to_status_id_str":"544299300772413440","place":null},
{"contributors":null,"truncated":false,"text":"@BSfromPS @JOYOURPAPARAZZI @nataliayusupova @Mohameddahir12 LOL!","in_reply_to_status_id":544298110436929536,"id":544299584596738049,"favorite_count":2,"source":"<a href=\"http://twitter.com/#!/download/ipad\" rel=\"nofollow\">Twitter for iPad</a>","retweeted":false,"coordinates":null,"entities":{"symbols":[],"user_mentions":[{"id":164599226,"indices":[0,9],"id_str":"164599226","screen_name":"BSfromPS","name":"Tracy "},{"id":75146395,"indices":[10,26],"id_str":"75146395","screen_name":"JOYOURPAPARAZZI","name":"joanne stowell"},{"id":625610952,"indices":[27,43],"id_str":"625610952","screen_name":"nataliayusupova","name":"natalia yusupova"},{"id":876113958,"indices":[44,59],"id_str":"876113958","screen_name":"Mohameddahir12","name":"Mo dahir"}],"hashtags":[],"urls":[]},"in_reply_to_screen_name":"BSfromPS","id_str":"544299584596738049","retweet_count":0,"in_reply_to_user_id":164599226,"favorited":false,"user":{"follow_request_sent":false,"profile_use_background_image":true,"profile_text_color":"333333","default_profile_image":false,"id":155573237,"profile_background_image_url_https":"https://abs.twimg.com/images/themes/theme18/bg.gif","verified":false,"profile_location":null,"profile_image_url_https":"https://pbs.twimg.com/profile_images/568395386029494273/v1pJbjtR_normal.jpeg","profile_sidebar_fill_color":"F6F6F6","entities":{"description":{"urls":[]}},"followers_count":2251,"profile_sidebar_border_color":"EEEEEE","id_str":"155573237","profile_background_color":"ACDED6","listed_count":26,"is_translation_enabled":false,"utc_offset":-18000,"statuses_count":21251,"description":"Humanitarian (pertaining to the saving of human lives or to the alleviation of suffering) that gets involved to fight for what is right. \nLove my husband.","friends_count":2353,"location":"","profile_link_color":"038543","profile_image_url":"http://pbs.twimg.com/profile_images/568395386029494273/v1pJbjtR_normal.jpeg","following":false,"geo_enabled":false,"profile_banner_url":"https://pbs.twimg.com/profile_banners/155573237/1405955534","profile_background_image_url":"http://abs.twimg.com/images/themes/theme18/bg.gif","name":"Danielle","lang":"en","profile_background_tile":false,"favourites_count":15820,"screen_name":"Dani4Peace","notifications":false,"url":null,"created_at":"Mon Jun 14 14:17:15 +0000 2010","contributors_enabled":false,"time_zone":"Eastern Time (US & Canada)","protected":false,"default_profile":false,"is_translator":false},"geo":null,"in_reply_to_user_id_str":"164599226","lang":"und","created_at":"Mon Dec 15 01:15:08 +0000 2014","in_reply_to_status_id_str":"544298110436929536","place":null},
{"contributors":null,"truncated":false,"text":"@BSfromPS @JOYOURPAPARAZZI @nataliayusupova @Mohameddahir12 I already found what i was looking for","in_reply_to_status_id":544299548579864576,"id":544299719607189504,"favorite_count":2,"source":"<a href=\"http://twitter.com\" rel=\"nofollow\">Twitter Web Client</a>","retweeted":false,"coordinates":null,"entities":{"symbols":[],"user_mentions":[{"id":164599226,"indices":[0,9],"id_str":"164599226","screen_name":"BSfromPS","name":"Tracy "},{"id":75146395,"indices":[10,26],"id_str":"75146395","screen_name":"JOYOURPAPARAZZI","name":"joanne stowell"},{"id":625610952,"indices":[27,43],"id_str":"625610952","screen_name":"nataliayusupova","name":"natalia yusupova"},{"id":876113958,"indices":[44,59],"id_str":"876113958","screen_name":"Mohameddahir12","name":"Mo dahir"}],"hashtags":[],"urls":[]},"in_reply_to_screen_name":"BSfromPS","id_str":"544299719607189504","retweet_count":1,"in_reply_to_user_id":164599226,"favorited":false,"user":{"follow_request_sent":false,"profile_use_background_image":true,"profile_text_color":"333333","default_profile_image":false,"id":1061358956,"profile_background_image_url_https":"https://abs.twimg.com/images/themes/theme14/bg.gif","verified":false,"profile_location":null,"profile_image_url_https":"https://pbs.twimg.com/profile_images/455865054752022529/TzO2kUN8_normal.jpeg","profile_sidebar_fill_color":"EFEFEF","entities":{"description":{"urls":[]}},"followers_count":629,"profile_sidebar_border_color":"EEEEEE","id_str":"1061358956","profile_background_color":"131516","listed_count":18,"is_translation_enabled":false,"utc_offset":-18000,"statuses_count":9053,"description":"justice for Palestine","friends_count":567,"location":"","profile_link_color":"009999","profile_image_url":"http://pbs.twimg.com/profile_images/455865054752022529/TzO2kUN8_normal.jpeg","following":false,"geo_enabled":false,"profile_banner_url":"https://pbs.twimg.com/profile_banners/1061358956/1397521681","profile_background_image_url":"http://abs.twimg.com/images/themes/theme14/bg.gif","name":"Free Palestine","lang":"en","profile_background_tile":true,"favourites_count":2720,"screen_name":"1967Palestine","notifications":false,"url":null,"created_at":"Fri Jan 04 20:28:12 +0000 2013","contributors_enabled":false,"time_zone":"Eastern Time (US & Canada)","protected":false,"default_profile":false,"is_translator":false},"geo":null,"in_reply_to_user_id_str":"164599226","lang":"en","created_at":"Mon Dec 15 01:15:40 +0000 2014","in_reply_to_status_id_str":"544299548579864576","place":null},
{"contributors":null,"truncated":false,"text":"@BSfromPS @1967Palestine @JOYOURPAPARAZZI @nataliayusupova @Mohameddahir12 oops! ; )","in_reply_to_status_id":544299548579864576,"id":544299847122452480,"favorite_count":0,"source":"<a href=\"http://twitter.com/#!/download/ipad\" rel=\"nofollow\">Twitter for iPad</a>","retweeted":false,"coordinates":null,"entities":{"symbols":[],"user_mentions":[{"id":164599226,"indices":[0,9],"id_str":"164599226","screen_name":"BSfromPS","name":"Tracy "},{"id":1061358956,"indices":[10,24],"id_str":"1061358956","screen_name":"1967Palestine","name":"Free Palestine"},{"id":75146395,"indices":[25,41],"id_str":"75146395","screen_name":"JOYOURPAPARAZZI","name":"joanne stowell"},{"id":625610952,"indices":[42,58],"id_str":"625610952","screen_name":"nataliayusupova","name":"natalia yusupova"},{"id":876113958,"indices":[59,74],"id_str":"876113958","screen_name":"Mohameddahir12","name":"Mo dahir"}],"hashtags":[],"urls":[]},"in_reply_to_screen_name":"BSfromPS","id_str":"544299847122452480","retweet_count":0,"in_reply_to_user_id":164599226,"favorited":false,"user":{"follow_request_sent":false,"profile_use_background_image":true,"profile_text_color":"333333","default_profile_image":false,"id":155573237,"profile_background_image_url_https":"https://abs.twimg.com/images/themes/theme18/bg.gif","verified":false,"profile_location":null,"profile_image_url_https":"https://pbs.twimg.com/profile_images/568395386029494273/v1pJbjtR_normal.jpeg","profile_sidebar_fill_color":"F6F6F6","entities":{"description":{"urls":[]}},"followers_count":2251,"profile_sidebar_border_color":"EEEEEE","id_str":"155573237","profile_background_color":"ACDED6","listed_count":26,"is_translation_enabled":false,"utc_offset":-18000,"statuses_count":21251,"description":"Humanitarian (pertaining to the saving of human lives or to the alleviation of suffering) that gets involved to fight for what is right. \nLove my husband.","friends_count":2353,"location":"","profile_link_color":"038543","profile_image_url":"http://pbs.twimg.com/profile_images/568395386029494273/v1pJbjtR_normal.jpeg","following":false,"geo_enabled":false,"profile_banner_url":"https://pbs.twimg.com/profile_banners/155573237/1405955534","profile_background_image_url":"http://abs.twimg.com/images/themes/theme18/bg.gif","name":"Danielle","lang":"en","profile_background_tile":false,"favourites_count":15820,"screen_name":"Dani4Peace","notifications":false,"url":null,"created_at":"Mon Jun 14 14:17:15 +0000 2010","contributors_enabled":false,"time_zone":"Eastern Time (US & Canada)","protected":false,"default_profile":false,"is_translator":false},"geo":null,"in_reply_to_user_id_str":"164599226","lang":"en","created_at":"Mon Dec 15 01:16:10 +0000 2014","in_reply_to_status_id_str":"544299548579864576","place":null},
{"contributors":null,"truncated":false,"text":"@Dani4Peace Hmmmm!  ;)  @1967Palestine @JOYOURPAPARAZZI @nataliayusupova @Mohameddahir12","in_reply_to_status_id":544299847122452480,"id":544300271149387776,"favorite_count":1,"source":"<a href=\"http://twitter.com\" rel=\"nofollow\">Twitter Web Client</a>","retweeted":false,"coordinates":null,"entities":{"symbols":[],"user_mentions":[{"id":155573237,"indices":[0,11],"id_str":"155573237","screen_name":"Dani4Peace","name":"Danielle"},{"id":1061358956,"indices":[24,38],"id_str":"1061358956","screen_name":"1967Palestine","name":"Free Palestine"},{"id":75146395,"indices":[39,55],"id_str":"75146395","screen_name":"JOYOURPAPARAZZI","name":"joanne stowell"},{"id":625610952,"indices":[56,72],"id_str":"625610952","screen_name":"nataliayusupova","name":"natalia yusupova"},{"id":876113958,"indices":[73,88],"id_str":"876113958","screen_name":"Mohameddahir12","name":"Mo dahir"}],"hashtags":[],"urls":[]},"in_reply_to_screen_name":"Dani4Peace","id_str":"544300271149387776","retweet_count":0,"in_reply_to_user_id":155573237,"favorited":false,"user":{"follow_request_sent":false,"profile_use_background_image":true,"profile_text_color":"333333","default_profile_image":false,"id":164599226,"profile_background_image_url_https":"https://abs.twimg.com/images/themes/theme14/bg.gif","verified":false,"profile_location":null,"profile_image_url_https":"https://pbs.twimg.com/profile_images/589221306593214464/Zz9J91xE_normal.jpg","profile_sidebar_fill_color":"EFEFEF","entities":{"description":{"urls":[]}},"followers_count":2362,"profile_sidebar_border_color":"FFFFFF","id_str":"164599226","profile_background_color":"131516","listed_count":79,"is_translation_enabled":false,"utc_offset":-28800,"statuses_count":61847,"description":"#FreePalestine #BDS #ICC4Israel","friends_count":1878,"location":"Left of Dumbfuckistan","profile_link_color":"6777DB","profile_image_url":"http://pbs.twimg.com/profile_images/589221306593214464/Zz9J91xE_normal.jpg","following":false,"geo_enabled":false,"profile_banner_url":"https://pbs.twimg.com/profile_banners/164599226/1406946453","profile_background_image_url":"http://abs.twimg.com/images/themes/theme14/bg.gif","name":"Tracy ","lang":"en","profile_background_tile":true,"favourites_count":23847,"screen_name":"BSfromPS","notifications":false,"url":null,"created_at":"Fri Jul 09 07:42:21 +0000 2010","contributors_enabled":false,"time_zone":"Pacific Time (US & Canada)","protected":false,"default_profile":false,"is_translator":false},"geo":null,"in_reply_to_user_id_str":"155573237","lang":"und","created_at":"Mon Dec 15 01:17:51 +0000 2014","in_reply_to_status_id_str":"544299847122452480","place":null},
{"contributors":null,"truncated":false,"text":"@1967Palestine @BSfromPS @nataliayusupova @Mohameddahir12 I'll ask a friend of mine to find HIS real name and address. Expose the brave soul","in_reply_to_status_id":544299300772413440,"id":544300288916881408,"favorite_count":0,"source":"<a href=\"http://twitter.com/download/iphone\" rel=\"nofollow\">Twitter for iPhone</a>","retweeted":false,"coordinates":null,"entities":{"symbols":[],"user_mentions":[{"id":1061358956,"indices":[0,14],"id_str":"1061358956","screen_name":"1967Palestine","name":"Free Palestine"},{"id":164599226,"indices":[15,24],"id_str":"164599226","screen_name":"BSfromPS","name":"Tracy "},{"id":625610952,"indices":[25,41],"id_str":"625610952","screen_name":"nataliayusupova","name":"natalia yusupova"},{"id":876113958,"indices":[42,57],"id_str":"876113958","screen_name":"Mohameddahir12","name":"Mo dahir"}],"hashtags":[],"urls":[]},"in_reply_to_screen_name":"1967Palestine","id_str":"544300288916881408","retweet_count":0,"in_reply_to_user_id":1061358956,"favorited":false,"user":{"follow_request_sent":false,"profile_use_background_image":true,"profile_text_color":"336E96","default_profile_image":false,"id":75146395,"profile_background_image_url_https":"https://pbs.twimg.com/profile_background_images/319338884/JUST-JOS-WORLD-BREAD-_3.jpg","verified":false,"profile_location":null,"profile_image_url_https":"https://pbs.twimg.com/profile_images/544964061205917698/6QOvF1lh_normal.jpeg","profile_sidebar_fill_color":"062114","entities":{"description":{"urls":[]}},"followers_count":1356,"profile_sidebar_border_color":"113B4D","id_str":"75146395","profile_background_color":"2C3940","listed_count":62,"is_translation_enabled":false,"utc_offset":0,"statuses_count":30286,"description":"How would you like to have a lasting record – maybe for your family, your children, those you love and who love you - of your life, and you lived it?","friends_count":720,"location":"bristol","profile_link_color":"687A20","profile_image_url":"http://pbs.twimg.com/profile_images/544964061205917698/6QOvF1lh_normal.jpeg","following":false,"geo_enabled":false,"profile_banner_url":"https://pbs.twimg.com/profile_banners/75146395/1399075323","profile_background_image_url":"http://pbs.twimg.com/profile_background_images/319338884/JUST-JOS-WORLD-BREAD-_3.jpg","name":"joanne stowell","lang":"en","profile_background_tile":false,"favourites_count":7777,"screen_name":"JOYOURPAPARAZZI","notifications":false,"url":null,"created_at":"Thu Sep 17 23:37:39 +0000 2009","contributors_enabled":false,"time_zone":"London","protected":false,"default_profile":false,"is_translator":false},"geo":null,"in_reply_to_user_id_str":"1061358956","lang":"en","created_at":"Mon Dec 15 01:17:56 +0000 2014","in_reply_to_status_id_str":"544299300772413440","place":null},
{"contributors":null,"truncated":false,"text":"@BSfromPS @1967Palestine @JOYOURPAPARAZZI @nataliayusupova @Mohameddahir12 you owed him a good ribbing! Lol","in_reply_to_status_id":544300271149387776,"id":544300546136768512,"favorite_count":0,"source":"<a href=\"http://twitter.com/#!/download/ipad\" rel=\"nofollow\">Twitter for iPad</a>","retweeted":false,"coordinates":null,"entities":{"symbols":[],"user_mentions":[{"id":164599226,"indices":[0,9],"id_str":"164599226","screen_name":"BSfromPS","name":"Tracy "},{"id":1061358956,"indices":[10,24],"id_str":"1061358956","screen_name":"1967Palestine","name":"Free Palestine"},{"id":75146395,"indices":[25,41],"id_str":"75146395","screen_name":"JOYOURPAPARAZZI","name":"joanne stowell"},{"id":625610952,"indices":[42,58],"id_str":"625610952","screen_name":"nataliayusupova","name":"natalia yusupova"},{"id":876113958,"indices":[59,74],"id_str":"876113958","screen_name":"Mohameddahir12","name":"Mo dahir"}],"hashtags":[],"urls":[]},"in_reply_to_screen_name":"BSfromPS","id_str":"544300546136768512","retweet_count":0,"in_reply_to_user_id":164599226,"favorited":false,"user":{"follow_request_sent":false,"profile_use_background_image":true,"profile_text_color":"333333","default_profile_image":false,"id":155573237,"profile_background_image_url_https":"https://abs.twimg.com/images/themes/theme18/bg.gif","verified":false,"profile_location":null,"profile_image_url_https":"https://pbs.twimg.com/profile_images/568395386029494273/v1pJbjtR_normal.jpeg","profile_sidebar_fill_color":"F6F6F6","entities":{"description":{"urls":[]}},"followers_count":2251,"profile_sidebar_border_color":"EEEEEE","id_str":"155573237","profile_background_color":"ACDED6","listed_count":26,"is_translation_enabled":false,"utc_offset":-18000,"statuses_count":21251,"description":"Humanitarian (pertaining to the saving of human lives or to the alleviation of suffering) that gets involved to fight for what is right. \nLove my husband.","friends_count":2353,"location":"","profile_link_color":"038543","profile_image_url":"http://pbs.twimg.com/profile_images/568395386029494273/v1pJbjtR_normal.jpeg","following":false,"geo_enabled":false,"profile_banner_url":"https://pbs.twimg.com/profile_banners/155573237/1405955534","profile_background_image_url":"http://abs.twimg.com/images/themes/theme18/bg.gif","name":"Danielle","lang":"en","profile_background_tile":false,"favourites_count":15820,"screen_name":"Dani4Peace","notifications":false,"url":null,"created_at":"Mon Jun 14 14:17:15 +0000 2010","contributors_enabled":false,"time_zone":"Eastern Time (US & Canada)","protected":false,"default_profile":false,"is_translator":false},"geo":null,"in_reply_to_user_id_str":"164599226","lang":"en","created_at":"Mon Dec 15 01:18:57 +0000 2014","in_reply_to_status_id_str":"544300271149387776","place":null},
{"contributors":null,"truncated":false,"text":"@JOYOURPAPARAZZI @1967Palestine @nataliayusupova How fun!","in_reply_to_status_id":544300288916881408,"id":544300559818190848,"favorite_count":1,"source":"<a href=\"http://twitter.com\" rel=\"nofollow\">Twitter Web Client</a>","retweeted":false,"coordinates":null,"entities":{"symbols":[],"user_mentions":[{"id":75146395,"indices":[0,16],"id_str":"75146395","screen_name":"JOYOURPAPARAZZI","name":"joanne stowell"},{"id":1061358956,"indices":[17,31],"id_str":"1061358956","screen_name":"1967Palestine","name":"Free Palestine"},{"id":625610952,"indices":[32,48],"id_str":"625610952","screen_name":"nataliayusupova","name":"natalia yusupova"}],"hashtags":[],"urls":[]},"in_reply_to_screen_name":"JOYOURPAPARAZZI","id_str":"544300559818190848","retweet_count":0,"in_reply_to_user_id":75146395,"favorited":false,"user":{"follow_request_sent":false,"profile_use_background_image":true,"profile_text_color":"333333","default_profile_image":false,"id":164599226,"profile_background_image_url_https":"https://abs.twimg.com/images/themes/theme14/bg.gif","verified":false,"profile_location":null,"profile_image_url_https":"https://pbs.twimg.com/profile_images/589221306593214464/Zz9J91xE_normal.jpg","profile_sidebar_fill_color":"EFEFEF","entities":{"description":{"urls":[]}},"followers_count":2362,"profile_sidebar_border_color":"FFFFFF","id_str":"164599226","profile_background_color":"131516","listed_count":79,"is_translation_enabled":false,"utc_offset":-28800,"statuses_count":61847,"description":"#FreePalestine #BDS #ICC4Israel","friends_count":1878,"location":"Left of Dumbfuckistan","profile_link_color":"6777DB","profile_image_url":"http://pbs.twimg.com/profile_images/589221306593214464/Zz9J91xE_normal.jpg","following":false,"geo_enabled":false,"profile_banner_url":"https://pbs.twimg.com/profile_banners/164599226/1406946453","profile_background_image_url":"http://abs.twimg.com/images/themes/theme14/bg.gif","name":"Tracy ","lang":"en","profile_background_tile":true,"favourites_count":23847,"screen_name":"BSfromPS","notifications":false,"url":null,"created_at":"Fri Jul 09 07:42:21 +0000 2010","contributors_enabled":false,"time_zone":"Pacific Time (US & Canada)","protected":false,"default_profile":false,"is_translator":false},"geo":null,"in_reply_to_user_id_str":"75146395","lang":"en","created_at":"Mon Dec 15 01:19:00 +0000 2014","in_reply_to_status_id_str":"544300288916881408","place":null},
{"contributors":null,"truncated":false,"text":"@1967Palestine &lt;3 @JOYOURPAPARAZZI @nataliayusupova @Mohameddahir12","in_reply_to_status_id":544299719607189504,"id":544300644878647296,"favorite_count":0,"source":"<a href=\"http://twitter.com\" rel=\"nofollow\">Twitter Web Client</a>","retweeted":false,"coordinates":null,"entities":{"symbols":[],"user_mentions":[{"id":1061358956,"indices":[0,14],"id_str":"1061358956","screen_name":"1967Palestine","name":"Free Palestine"},{"id":75146395,"indices":[21,37],"id_str":"75146395","screen_name":"JOYOURPAPARAZZI","name":"joanne stowell"},{"id":625610952,"indices":[38,54],"id_str":"625610952","screen_name":"nataliayusupova","name":"natalia yusupova"},{"id":876113958,"indices":[55,70],"id_str":"876113958","screen_name":"Mohameddahir12","name":"Mo dahir"}],"hashtags":[],"urls":[]},"in_reply_to_screen_name":"1967Palestine","id_str":"544300644878647296","retweet_count":0,"in_reply_to_user_id":1061358956,"favorited":false,"user":{"follow_request_sent":false,"profile_use_background_image":true,"profile_text_color":"333333","default_profile_image":false,"id":164599226,"profile_background_image_url_https":"https://abs.twimg.com/images/themes/theme14/bg.gif","verified":false,"profile_location":null,"profile_image_url_https":"https://pbs.twimg.com/profile_images/589221306593214464/Zz9J91xE_normal.jpg","profile_sidebar_fill_color":"EFEFEF","entities":{"description":{"urls":[]}},"followers_count":2362,"profile_sidebar_border_color":"FFFFFF","id_str":"164599226","profile_background_color":"131516","listed_count":79,"is_translation_enabled":false,"utc_offset":-28800,"statuses_count":61847,"description":"#FreePalestine #BDS #ICC4Israel","friends_count":1878,"location":"Left of Dumbfuckistan","profile_link_color":"6777DB","profile_image_url":"http://pbs.twimg.com/profile_images/589221306593214464/Zz9J91xE_normal.jpg","following":false,"geo_enabled":false,"profile_banner_url":"https://pbs.twimg.com/profile_banners/164599226/1406946453","profile_background_image_url":"http://abs.twimg.com/images/themes/theme14/bg.gif","name":"Tracy ","lang":"en","profile_background_tile":true,"favourites_count":23847,"screen_name":"BSfromPS","notifications":false,"url":null,"created_at":"Fri Jul 09 07:42:21 +0000 2010","contributors_enabled":false,"time_zone":"Pacific Time (US & Canada)","protected":false,"default_profile":false,"is_translator":false},"geo":null,"in_reply_to_user_id_str":"1061358956","lang":"und","created_at":"Mon Dec 15 01:19:21 +0000 2014","in_reply_to_status_id_str":"544299719607189504","place":null},
{"contributors":null,"truncated":false,"text":"@Dani4Peace He's being a brat.  I'm about to put him into timeout.  @1967Palestine @JOYOURPAPARAZZI @nataliayusupova @Mohameddahir12","in_reply_to_status_id":544300546136768512,"id":544300839540514816,"favorite_count":1,"source":"<a href=\"http://twitter.com\" rel=\"nofollow\">Twitter Web Client</a>","retweeted":false,"coordinates":null,"entities":{"symbols":[],"user_mentions":[{"id":155573237,"indices":[0,11],"id_str":"155573237","screen_name":"Dani4Peace","name":"Danielle"},{"id":1061358956,"indices":[68,82],"id_str":"1061358956","screen_name":"1967Palestine","name":"Free Palestine"},{"id":75146395,"indices":[83,99],"id_str":"75146395","screen_name":"JOYOURPAPARAZZI","name":"joanne stowell"},{"id":625610952,"indices":[100,116],"id_str":"625610952","screen_name":"nataliayusupova","name":"natalia yusupova"},{"id":876113958,"indices":[117,132],"id_str":"876113958","screen_name":"Mohameddahir12","name":"Mo dahir"}],"hashtags":[],"urls":[]},"in_reply_to_screen_name":"Dani4Peace","id_str":"544300839540514816","retweet_count":0,"in_reply_to_user_id":155573237,"favorited":false,"user":{"follow_request_sent":false,"profile_use_background_image":true,"profile_text_color":"333333","default_profile_image":false,"id":164599226,"profile_background_image_url_https":"https://abs.twimg.com/images/themes/theme14/bg.gif","verified":false,"profile_location":null,"profile_image_url_https":"https://pbs.twimg.com/profile_images/589221306593214464/Zz9J91xE_normal.jpg","profile_sidebar_fill_color":"EFEFEF","entities":{"description":{"urls":[]}},"followers_count":2362,"profile_sidebar_border_color":"FFFFFF","id_str":"164599226","profile_background_color":"131516","listed_count":79,"is_translation_enabled":false,"utc_offset":-28800,"statuses_count":61847,"description":"#FreePalestine #BDS #ICC4Israel","friends_count":1878,"location":"Left of Dumbfuckistan","profile_link_color":"6777DB","profile_image_url":"http://pbs.twimg.com/profile_images/589221306593214464/Zz9J91xE_normal.jpg","following":false,"geo_enabled":false,"profile_banner_url":"https://pbs.twimg.com/profile_banners/164599226/1406946453","profile_background_image_url":"http://abs.twimg.com/images/themes/theme14/bg.gif","name":"Tracy ","lang":"en","profile_background_tile":true,"favourites_count":23847,"screen_name":"BSfromPS","notifications":false,"url":null,"created_at":"Fri Jul 09 07:42:21 +0000 2010","contributors_enabled":false,"time_zone":"Pacific Time (US & Canada)","protected":false,"default_profile":false,"is_translator":false},"geo":null,"in_reply_to_user_id_str":"155573237","lang":"en","created_at":"Mon Dec 15 01:20:07 +0000 2014","in_reply_to_status_id_str":"544300546136768512","place":null},
{"contributors":null,"truncated":false,"text":"@BSfromPS @1967Palestine @JOYOURPAPARAZZI @nataliayusupova @Mohameddahir12 uh oh... Wouldn't want to be him! Lol","in_reply_to_status_id":544300839540514816,"id":544301783456440320,"favorite_count":0,"source":"<a href=\"http://twitter.com/#!/download/ipad\" rel=\"nofollow\">Twitter for iPad</a>","retweeted":false,"coordinates":null,"entities":{"symbols":[],"user_mentions":[{"id":164599226,"indices":[0,9],"id_str":"164599226","screen_name":"BSfromPS","name":"Tracy "},{"id":1061358956,"indices":[10,24],"id_str":"1061358956","screen_name":"1967Palestine","name":"Free Palestine"},{"id":75146395,"indices":[25,41],"id_str":"75146395","screen_name":"JOYOURPAPARAZZI","name":"joanne stowell"},{"id":625610952,"indices":[42,58],"id_str":"625610952","screen_name":"nataliayusupova","name":"natalia yusupova"},{"id":876113958,"indices":[59,74],"id_str":"876113958","screen_name":"Mohameddahir12","name":"Mo dahir"}],"hashtags":[],"urls":[]},"in_reply_to_screen_name":"BSfromPS","id_str":"544301783456440320","retweet_count":0,"in_reply_to_user_id":164599226,"favorited":false,"user":{"follow_request_sent":false,"profile_use_background_image":true,"profile_text_color":"333333","default_profile_image":false,"id":155573237,"profile_background_image_url_https":"https://abs.twimg.com/images/themes/theme18/bg.gif","verified":false,"profile_location":null,"profile_image_url_https":"https://pbs.twimg.com/profile_images/568395386029494273/v1pJbjtR_normal.jpeg","profile_sidebar_fill_color":"F6F6F6","entities":{"description":{"urls":[]}},"followers_count":2251,"profile_sidebar_border_color":"EEEEEE","id_str":"155573237","profile_background_color":"ACDED6","listed_count":26,"is_translation_enabled":false,"utc_offset":-18000,"statuses_count":21251,"description":"Humanitarian (pertaining to the saving of human lives or to the alleviation of suffering) that gets involved to fight for what is right. \nLove my husband.","friends_count":2353,"location":"","profile_link_color":"038543","profile_image_url":"http://pbs.twimg.com/profile_images/568395386029494273/v1pJbjtR_normal.jpeg","following":false,"geo_enabled":false,"profile_banner_url":"https://pbs.twimg.com/profile_banners/155573237/1405955534","profile_background_image_url":"http://abs.twimg.com/images/themes/theme18/bg.gif","name":"Danielle","lang":"en","profile_background_tile":false,"favourites_count":15820,"screen_name":"Dani4Peace","notifications":false,"url":null,"created_at":"Mon Jun 14 14:17:15 +0000 2010","contributors_enabled":false,"time_zone":"Eastern Time (US & Canada)","protected":false,"default_profile":false,"is_translator":false},"geo":null,"in_reply_to_user_id_str":"164599226","lang":"en","created_at":"Mon Dec 15 01:23:52 +0000 2014","in_reply_to_status_id_str":"544300839540514816","place":null},
{"contributors":null,"truncated":false,"text":"@Dani4Peace LOL  IKR?  He's too hard to stay mad at.  @1967Palestine @JOYOURPAPARAZZI @nataliayusupova @Mohameddahir12","in_reply_to_status_id":544301783456440320,"id":544302111685480448,"favorite_count":0,"source":"<a href=\"http://twitter.com\" rel=\"nofollow\">Twitter Web Client</a>","retweeted":false,"coordinates":null,"entities":{"symbols":[],"user_mentions":[{"id":155573237,"indices":[0,11],"id_str":"155573237","screen_name":"Dani4Peace","name":"Danielle"},{"id":1061358956,"indices":[54,68],"id_str":"1061358956","screen_name":"1967Palestine","name":"Free Palestine"},{"id":75146395,"indices":[69,85],"id_str":"75146395","screen_name":"JOYOURPAPARAZZI","name":"joanne stowell"},{"id":625610952,"indices":[86,102],"id_str":"625610952","screen_name":"nataliayusupova","name":"natalia yusupova"},{"id":876113958,"indices":[103,118],"id_str":"876113958","screen_name":"Mohameddahir12","name":"Mo dahir"}],"hashtags":[],"urls":[]},"in_reply_to_screen_name":"Dani4Peace","id_str":"544302111685480448","retweet_count":0,"in_reply_to_user_id":155573237,"favorited":false,"user":{"follow_request_sent":false,"profile_use_background_image":true,"profile_text_color":"333333","default_profile_image":false,"id":164599226,"profile_background_image_url_https":"https://abs.twimg.com/images/themes/theme14/bg.gif","verified":false,"profile_location":null,"profile_image_url_https":"https://pbs.twimg.com/profile_images/589221306593214464/Zz9J91xE_normal.jpg","profile_sidebar_fill_color":"EFEFEF","entities":{"description":{"urls":[]}},"followers_count":2366,"profile_sidebar_border_color":"FFFFFF","id_str":"164599226","profile_background_color":"131516","listed_count":79,"is_translation_enabled":false,"utc_offset":-28800,"statuses_count":61876,"description":"#FreePalestine #BDS #ICC4Israel","friends_count":1878,"location":"Left of Dumbfuckistan","profile_link_color":"6777DB","profile_image_url":"http://pbs.twimg.com/profile_images/589221306593214464/Zz9J91xE_normal.jpg","following":false,"geo_enabled":false,"profile_banner_url":"https://pbs.twimg.com/profile_banners/164599226/1406946453","profile_background_image_url":"http://abs.twimg.com/images/themes/theme14/bg.gif","name":"Tracy ","lang":"en","profile_background_tile":true,"favourites_count":23859,"screen_name":"BSfromPS","notifications":false,"url":null,"created_at":"Fri Jul 09 07:42:21 +0000 2010","contributors_enabled":false,"time_zone":"Pacific Time (US & Canada)","protected":false,"default_profile":false,"is_translator":false},"geo":null,"in_reply_to_user_id_str":"155573237","lang":"en","created_at":"Mon Dec 15 01:25:10 +0000 2014","in_reply_to_status_id_str":"544301783456440320","place":null},
{"contributors":null,"truncated":false,"text":"@BSfromPS @1967Palestine @JOYOURPAPARAZZI @nataliayusupova @Mohameddahir12 it's true, he'll just charm you into not being mad! Lol","in_reply_to_status_id":544302111685480448,"id":544302450807955456,"favorite_count":0,"source":"<a href=\"http://twitter.com/#!/download/ipad\" rel=\"nofollow\">Twitter for iPad</a>","retweeted":false,"coordinates":null,"entities":{"symbols":[],"user_mentions":[{"id":164599226,"indices":[0,9],"id_str":"164599226","screen_name":"BSfromPS","name":"Tracy "},{"id":1061358956,"indices":[10,24],"id_str":"1061358956","screen_name":"1967Palestine","name":"Free Palestine"},{"id":75146395,"indices":[25,41],"id_str":"75146395","screen_name":"JOYOURPAPARAZZI","name":"joanne stowell"},{"id":625610952,"indices":[42,58],"id_str":"625610952","screen_name":"nataliayusupova","name":"natalia yusupova"},{"id":876113958,"indices":[59,74],"id_str":"876113958","screen_name":"Mohameddahir12","name":"Mo dahir"}],"hashtags":[],"urls":[]},"in_reply_to_screen_name":"BSfromPS","id_str":"544302450807955456","retweet_count":0,"in_reply_to_user_id":164599226,"favorited":false,"user":{"follow_request_sent":false,"profile_use_background_image":true,"profile_text_color":"333333","default_profile_image":false,"id":155573237,"profile_background_image_url_https":"https://abs.twimg.com/images/themes/theme18/bg.gif","verified":false,"profile_location":null,"profile_image_url_https":"https://pbs.twimg.com/profile_images/568395386029494273/v1pJbjtR_normal.jpeg","profile_sidebar_fill_color":"F6F6F6","entities":{"description":{"urls":[]}},"followers_count":2254,"profile_sidebar_border_color":"EEEEEE","id_str":"155573237","profile_background_color":"ACDED6","listed_count":27,"is_translation_enabled":false,"utc_offset":-18000,"statuses_count":21260,"description":"Humanitarian (pertaining to the saving of human lives or to the alleviation of suffering) that gets involved to fight for what is right. \nLove my husband.","friends_count":2352,"location":"","profile_link_color":"038543","profile_image_url":"http://pbs.twimg.com/profile_images/568395386029494273/v1pJbjtR_normal.jpeg","following":false,"geo_enabled":false,"profile_banner_url":"https://pbs.twimg.com/profile_banners/155573237/1405955534","profile_background_image_url":"http://abs.twimg.com/images/themes/theme18/bg.gif","name":"Danielle","lang":"en","profile_background_tile":false,"favourites_count":15839,"screen_name":"Dani4Peace","notifications":false,"url":null,"created_at":"Mon Jun 14 14:17:15 +0000 2010","contributors_enabled":false,"time_zone":"Eastern Time (US & Canada)","protected":false,"default_profile":false,"is_translator":false},"geo":null,"in_reply_to_user_id_str":"164599226","lang":"en","created_at":"Mon Dec 15 01:26:31 +0000 2014","in_reply_to_status_id_str":"544302111685480448","place":null},
{"contributors":null,"truncated":false,"text":"@Dani4Peace Damn men!  @1967Palestine @JOYOURPAPARAZZI @nataliayusupova @Mohameddahir12","in_reply_to_status_id":544302450807955456,"id":544302624875352064,"favorite_count":1,"source":"<a href=\"http://twitter.com\" rel=\"nofollow\">Twitter Web Client</a>","retweeted":false,"coordinates":null,"entities":{"symbols":[],"user_mentions":[{"id":155573237,"indices":[0,11],"id_str":"155573237","screen_name":"Dani4Peace","name":"Danielle"},{"id":1061358956,"indices":[23,37],"id_str":"1061358956","screen_name":"1967Palestine","name":"Free Palestine"},{"id":75146395,"indices":[38,54],"id_str":"75146395","screen_name":"JOYOURPAPARAZZI","name":"joanne stowell"},{"id":625610952,"indices":[55,71],"id_str":"625610952","screen_name":"nataliayusupova","name":"natalia yusupova"},{"id":876113958,"indices":[72,87],"id_str":"876113958","screen_name":"Mohameddahir12","name":"Mo dahir"}],"hashtags":[],"urls":[]},"in_reply_to_screen_name":"Dani4Peace","id_str":"544302624875352064","retweet_count":0,"in_reply_to_user_id":155573237,"favorited":false,"user":{"follow_request_sent":false,"profile_use_background_image":true,"profile_text_color":"333333","default_profile_image":false,"id":164599226,"profile_background_image_url_https":"https://abs.twimg.com/images/themes/theme14/bg.gif","verified":false,"profile_location":null,"profile_image_url_https":"https://pbs.twimg.com/profile_images/589221306593214464/Zz9J91xE_normal.jpg","profile_sidebar_fill_color":"EFEFEF","entities":{"description":{"urls":[]}},"followers_count":2366,"profile_sidebar_border_color":"FFFFFF","id_str":"164599226","profile_background_color":"131516","listed_count":79,"is_translation_enabled":false,"utc_offset":-28800,"statuses_count":61876,"description":"#FreePalestine #BDS #ICC4Israel","friends_count":1878,"location":"Left of Dumbfuckistan","profile_link_color":"6777DB","profile_image_url":"http://pbs.twimg.com/profile_images/589221306593214464/Zz9J91xE_normal.jpg","following":false,"geo_enabled":false,"profile_banner_url":"https://pbs.twimg.com/profile_banners/164599226/1406946453","profile_background_image_url":"http://abs.twimg.com/images/themes/theme14/bg.gif","name":"Tracy ","lang":"en","profile_background_tile":true,"favourites_count":23859,"screen_name":"BSfromPS","notifications":false,"url":null,"created_at":"Fri Jul 09 07:42:21 +0000 2010","contributors_enabled":false,"time_zone":"Pacific Time (US & Canada)","protected":false,"default_profile":false,"is_translator":false},"geo":null,"in_reply_to_user_id_str":"155573237","lang":"en","created_at":"Mon Dec 15 01:27:13 +0000 2014","in_reply_to_status_id_str":"544302450807955456","place":null},
{"contributors":null,"truncated":false,"text":"@BSfromPS @1967Palestine @JOYOURPAPARAZZI @nataliayusupova @Mohameddahir12 you're preaching to the choir! Lol","in_reply_to_status_id":544302624875352064,"id":544302764474777600,"favorite_count":0,"source":"<a href=\"http://twitter.com/#!/download/ipad\" rel=\"nofollow\">Twitter for iPad</a>","retweeted":false,"coordinates":null,"entities":{"symbols":[],"user_mentions":[{"id":164599226,"indices":[0,9],"id_str":"164599226","screen_name":"BSfromPS","name":"Tracy "},{"id":1061358956,"indices":[10,24],"id_str":"1061358956","screen_name":"1967Palestine","name":"Free Palestine"},{"id":75146395,"indices":[25,41],"id_str":"75146395","screen_name":"JOYOURPAPARAZZI","name":"joanne stowell"},{"id":625610952,"indices":[42,58],"id_str":"625610952","screen_name":"nataliayusupova","name":"natalia yusupova"},{"id":876113958,"indices":[59,74],"id_str":"876113958","screen_name":"Mohameddahir12","name":"Mo dahir"}],"hashtags":[],"urls":[]},"in_reply_to_screen_name":"BSfromPS","id_str":"544302764474777600","retweet_count":0,"in_reply_to_user_id":164599226,"favorited":false,"user":{"follow_request_sent":false,"profile_use_background_image":true,"profile_text_color":"333333","default_profile_image":false,"id":155573237,"profile_background_image_url_https":"https://abs.twimg.com/images/themes/theme18/bg.gif","verified":false,"profile_location":null,"profile_image_url_https":"https://pbs.twimg.com/profile_images/568395386029494273/v1pJbjtR_normal.jpeg","profile_sidebar_fill_color":"F6F6F6","entities":{"description":{"urls":[]}},"followers_count":2254,"profile_sidebar_border_color":"EEEEEE","id_str":"155573237","profile_background_color":"ACDED6","listed_count":27,"is_translation_enabled":false,"utc_offset":-18000,"statuses_count":21260,"description":"Humanitarian (pertaining to the saving of human lives or to the alleviation of suffering) that gets involved to fight for what is right. \nLove my husband.","friends_count":2352,"location":"","profile_link_color":"038543","profile_image_url":"http://pbs.twimg.com/profile_images/568395386029494273/v1pJbjtR_normal.jpeg","following":false,"geo_enabled":false,"profile_banner_url":"https://pbs.twimg.com/profile_banners/155573237/1405955534","profile_background_image_url":"http://abs.twimg.com/images/themes/theme18/bg.gif","name":"Danielle","lang":"en","profile_background_tile":false,"favourites_count":15839,"screen_name":"Dani4Peace","notifications":false,"url":null,"created_at":"Mon Jun 14 14:17:15 +0000 2010","contributors_enabled":false,"time_zone":"Eastern Time (US & Canada)","protected":false,"default_profile":false,"is_translator":false},"geo":null,"in_reply_to_user_id_str":"164599226","lang":"en","created_at":"Mon Dec 15 01:27:46 +0000 2014","in_reply_to_status_id_str":"544302624875352064","place":null},
{"contributors":null,"truncated":false,"text":"@Dani4Peace I know, I know.  Got to hand it to you, sister.  That's a lot of years you have together.  xo  @1967Palestine @JOYOURPAPARAZZI","in_reply_to_status_id":544302764474777600,"id":544302975166865408,"favorite_count":1,"source":"<a href=\"http://twitter.com\" rel=\"nofollow\">Twitter Web Client</a>","retweeted":false,"coordinates":null,"entities":{"symbols":[],"user_mentions":[{"id":155573237,"indices":[0,11],"id_str":"155573237","screen_name":"Dani4Peace","name":"Danielle"},{"id":1061358956,"indices":[107,121],"id_str":"1061358956","screen_name":"1967Palestine","name":"Free Palestine"},{"id":75146395,"indices":[122,138],"id_str":"75146395","screen_name":"JOYOURPAPARAZZI","name":"joanne stowell"}],"hashtags":[],"urls":[]},"in_reply_to_screen_name":"Dani4Peace","id_str":"544302975166865408","retweet_count":0,"in_reply_to_user_id":155573237,"favorited":false,"user":{"follow_request_sent":false,"profile_use_background_image":true,"profile_text_color":"333333","default_profile_image":false,"id":164599226,"profile_background_image_url_https":"https://abs.twimg.com/images/themes/theme14/bg.gif","verified":false,"profile_location":null,"profile_image_url_https":"https://pbs.twimg.com/profile_images/589221306593214464/Zz9J91xE_normal.jpg","profile_sidebar_fill_color":"EFEFEF","entities":{"description":{"urls":[]}},"followers_count":2366,"profile_sidebar_border_color":"FFFFFF","id_str":"164599226","profile_background_color":"131516","listed_count":79,"is_translation_enabled":false,"utc_offset":-28800,"statuses_count":61876,"description":"#FreePalestine #BDS #ICC4Israel","friends_count":1878,"location":"Left of Dumbfuckistan","profile_link_color":"6777DB","profile_image_url":"http://pbs.twimg.com/profile_images/589221306593214464/Zz9J91xE_normal.jpg","following":false,"geo_enabled":false,"profile_banner_url":"https://pbs.twimg.com/profile_banners/164599226/1406946453","profile_background_image_url":"http://abs.twimg.com/images/themes/theme14/bg.gif","name":"Tracy ","lang":"en","profile_background_tile":true,"favourites_count":23860,"screen_name":"BSfromPS","notifications":false,"url":null,"created_at":"Fri Jul 09 07:42:21 +0000 2010","contributors_enabled":false,"time_zone":"Pacific Time (US & Canada)","protected":false,"default_profile":false,"is_translator":false},"geo":null,"in_reply_to_user_id_str":"155573237","lang":"en","created_at":"Mon Dec 15 01:28:36 +0000 2014","in_reply_to_status_id_str":"544302764474777600","place":null},
{"contributors":null,"truncated":false,"text":"@BSfromPS @1967Palestine @JOYOURPAPARAZZI on the 27th it will be 25 years since we started dating! Yikes! We're OLD! Lol xo","in_reply_to_status_id":544302975166865408,"id":544303335969681408,"favorite_count":1,"source":"<a href=\"http://twitter.com/#!/download/ipad\" rel=\"nofollow\">Twitter for iPad</a>","retweeted":false,"coordinates":null,"entities":{"symbols":[],"user_mentions":[{"id":164599226,"indices":[0,9],"id_str":"164599226","screen_name":"BSfromPS","name":"Tracy "},{"id":1061358956,"indices":[10,24],"id_str":"1061358956","screen_name":"1967Palestine","name":"Free Palestine"},{"id":75146395,"indices":[25,41],"id_str":"75146395","screen_name":"JOYOURPAPARAZZI","name":"joanne stowell"}],"hashtags":[],"urls":[]},"in_reply_to_screen_name":"BSfromPS","id_str":"544303335969681408","retweet_count":0,"in_reply_to_user_id":164599226,"favorited":false,"user":{"follow_request_sent":false,"profile_use_background_image":true,"profile_text_color":"333333","default_profile_image":false,"id":155573237,"profile_background_image_url_https":"https://abs.twimg.com/images/themes/theme18/bg.gif","verified":false,"profile_location":null,"profile_image_url_https":"https://pbs.twimg.com/profile_images/568395386029494273/v1pJbjtR_normal.jpeg","profile_sidebar_fill_color":"F6F6F6","entities":{"description":{"urls":[]}},"followers_count":2254,"profile_sidebar_border_color":"EEEEEE","id_str":"155573237","profile_background_color":"ACDED6","listed_count":27,"is_translation_enabled":false,"utc_offset":-18000,"statuses_count":21260,"description":"Humanitarian (pertaining to the saving of human lives or to the alleviation of suffering) that gets involved to fight for what is right. \nLove my husband.","friends_count":2352,"location":"","profile_link_color":"038543","profile_image_url":"http://pbs.twimg.com/profile_images/568395386029494273/v1pJbjtR_normal.jpeg","following":false,"geo_enabled":false,"profile_banner_url":"https://pbs.twimg.com/profile_banners/155573237/1405955534","profile_background_image_url":"http://abs.twimg.com/images/themes/theme18/bg.gif","name":"Danielle","lang":"en","profile_background_tile":false,"favourites_count":15839,"screen_name":"Dani4Peace","notifications":false,"url":null,"created_at":"Mon Jun 14 14:17:15 +0000 2010","contributors_enabled":false,"time_zone":"Eastern Time (US & Canada)","protected":false,"default_profile":false,"is_translator":false},"geo":null,"in_reply_to_user_id_str":"164599226","lang":"en","created_at":"Mon Dec 15 01:30:02 +0000 2014","in_reply_to_status_id_str":"544302975166865408","place":null}
]