[{"contributors":null,"truncated":false,"text":"@BBCYaldaHakim a few more my darling","in_reply_to_status_id":544273885437652992,"id":544278956631785473,"favorite_count":0,"source":"<a href=\"http://twitter.com/#!/download/ipad\" rel=\"nofollow\">Twitter for iPad</a>","retweeted":false,"coordinates":null,"entities":{"symbols":[],"user_mentions":[{"id":27831488,"indices":[0,14],"id_str":"27831488","screen_name":"BBCYaldaHakim","name":"Yalda Hakim"}],"hashtags":[],"urls":[]},"in_reply_to_screen_name":"BBCYaldaHakim","id_str":"544278956631785473","retweet_count":0,"in_reply_to_user_id":27831488,"favorited":false,"user":{"follow_request_sent":false,"profile_use_background_image":true,"profile_text_color":"333333","default_profile_image":false,"id":99646859,"profile_background_image_url_https":"https://pbs.twimg.com/profile_background_images/234525451/HALL_OF_FAME_PICTURE.jpg","verified":false,"profile_location":null,"profile_image_url_https":"https://pbs.twimg.com/profile_images/589856577038876672/ry_JFrrh_normal.jpg","profile_sidebar_fill_color":"F3F3F3","entities":{"description":{"urls":[]}},"followers_count":2893,"profile_sidebar_border_color":"DFDFDF","id_str":"99646859","profile_background_color":"EBEBEB","listed_count":49,"is_translation_enabled":false,"utc_offset":-36000,"statuses_count":140472,"description":"Strong Advocate for Stroke Awareness,Heart Health&Depression Support local Small Biz.Love my Family,& My Country.@instagram @choox75 & @Condobowler","friends_count":2552,"location":"Sydney NSW Australia ","profile_link_color":"990000","profile_image_url":"http://pbs.twimg.com/profile_images/589856577038876672/ry_JFrrh_normal.jpg","following":false,"geo_enabled":true,"profile_banner_url":"https://pbs.twimg.com/profile_banners/99646859/1418247110","profile_background_image_url":"http://pbs.twimg.com/profile_background_images/234525451/HALL_OF_FAME_PICTURE.jpg","name":"#JimmyChristmas","lang":"en","profile_background_tile":false,"favourites_count":84466,"screen_name":"choox75","notifications":false,"url":null,"created_at":"Sun Dec 27 05:24:53 +0000 2009","contributors_enabled":false,"time_zone":"Hawaii","protected":false,"default_profile":false,"is_translator":false},"geo":null,"in_reply_to_user_id_str":"27831488","lang":"en","created_at":"Sun Dec 14 23:53:10 +0000 2014","in_reply_to_status_id_str":"544273885437652992","place":null},
{"contributors":null,"truncated":false,"text":"@BBCYaldaHakim @BBCNewsAus this is not looking good....","in_reply_to_status_id":544273885437652992,"id":544279860798312449,"favorite_count":0,"source":"<a href=\"http://twitter.com/download/iphone\" rel=\"nofollow\">Twitter for iPhone</a>","retweeted":false,"coordinates":null,"entities":{"symbols":[],"user_mentions":[{"id":27831488,"indices":[0,14],"id_str":"27831488","screen_name":"BBCYaldaHakim","name":"Yalda Hakim"},{"id":2799960092,"indices":[15,26],"id_str":"2799960092","screen_name":"BBCNewsAus","name":"BBC News Australia"}],"hashtags":[],"urls":[]},"in_reply_to_screen_name":"BBCYaldaHakim","id_str":"544279860798312449","retweet_count":0,"in_reply_to_user_id":27831488,"favorited":false,"user":{"follow_request_sent":false,"profile_use_background_image":true,"profile_text_color":"333333","default_profile_image":false,"id":2360857663,"profile_background_image_url_https":"https://abs.twimg.com/images/themes/theme1/bg.png","verified":false,"profile_location":null,"profile_image_url_https":"https://pbs.twimg.com/profile_images/448520406077411328/gQtaI7JN_normal.jpeg","profile_sidebar_fill_color":"DDEEF6","entities":{"description":{"urls":[]}},"followers_count":191,"profile_sidebar_border_color":"C0DEED","id_str":"2360857663","profile_background_color":"C0DEED","listed_count":7,"is_translation_enabled":false,"utc_offset":0,"statuses_count":6015,"description":"Aussie Tennis Coach, ex-golfer, AFL(Eagles) & Cricket tragic, Supporting Aussies everywhere, Sports Lover. Babolat Team Coach","friends_count":273,"location":"Birmingham UK / Perth WA","profile_link_color":"008FB3","profile_image_url":"http://pbs.twimg.com/profile_images/448520406077411328/gQtaI7JN_normal.jpeg","following":false,"geo_enabled":true,"profile_banner_url":"https://pbs.twimg.com/profile_banners/2360857663/1398578284","profile_background_image_url":"http://abs.twimg.com/images/themes/theme1/bg.png","name":"Ray Bundell tennis","lang":"en-gb","profile_background_tile":false,"favourites_count":2336,"screen_name":"RayBundell","notifications":false,"url":null,"created_at":"Tue Feb 25 10:10:32 +0000 2014","contributors_enabled":false,"time_zone":"Casablanca","protected":false,"default_profile":false,"is_translator":false},"geo":null,"in_reply_to_user_id_str":"27831488","lang":"en","created_at":"Sun Dec 14 23:56:45 +0000 2014","in_reply_to_status_id_str":"544273885437652992","place":null},
{"contributors":null,"truncated":false,"text":"@BBCYaldaHakim social media companies have allowed for the viral grooming of individuals to support and sympathies with #isis","in_reply_to_status_id":544273885437652992,"id":544288426531753985,"favorite_count":0,"source":"<a href=\"http://twitter.com/download/android\" rel=\"nofollow\">Twitter for Android</a>","retweeted":false,"coordinates":null,"entities":{"symbols":[],"user_mentions":[{"id":27831488,"indices":[0,14],"id_str":"27831488","screen_name":"BBCYaldaHakim","name":"Yalda Hakim"}],"hashtags":[{"indices":[120,125],"text":"isis"}],"urls":[]},"in_reply_to_screen_name":"BBCYaldaHakim","id_str":"544288426531753985","retweet_count":1,"in_reply_to_user_id":27831488,"favorited":false,"user":{"follow_request_sent":false,"profile_use_background_image":true,"profile_text_color":"333333","default_profile_image":false,"id":101315628,"profile_background_image_url_https":"https://abs.twimg.com/images/themes/theme1/bg.png","verified":false,"profile_location":null,"profile_image_url_https":"https://pbs.twimg.com/profile_images/494769650019086336/y57NZZLp_normal.jpeg","profile_sidebar_fill_color":"DDEEF6","entities":{"description":{"urls":[]}},"followers_count":3683,"profile_sidebar_border_color":"C0DEED","id_str":"101315628","profile_background_color":"C0DEED","listed_count":27,"is_translation_enabled":false,"utc_offset":null,"statuses_count":5629,"description":"Director @londonfaiths, Rule of Law Fellow @JohnSmithTrust, interests #youth #disaffection #transformation #aspiration #enterprising #cohesion","friends_count":2077,"location":"London","profile_link_color":"0084B4","profile_image_url":"http://pbs.twimg.com/profile_images/494769650019086336/y57NZZLp_normal.jpeg","following":false,"geo_enabled":true,"profile_background_image_url":"http://abs.twimg.com/images/themes/theme1/bg.png","name":"Mustafa Field","lang":"en","profile_background_tile":false,"favourites_count":1681,"screen_name":"mustafafield","notifications":false,"url":null,"created_at":"Sat Jan 02 21:17:26 +0000 2010","contributors_enabled":false,"time_zone":null,"protected":false,"default_profile":true,"is_translator":false},"geo":null,"in_reply_to_user_id_str":"27831488","lang":"en","created_at":"Mon Dec 15 00:30:47 +0000 2014","in_reply_to_status_id_str":"544273885437652992","place":null},
{"contributors":null,"truncated":false,"text":"“@BBCYaldaHakim: Horrifying situation - siege at Sydney. Reports of up to 20 people held hostage inside http://t.co/Xa8NKW3UEN” 😕","in_reply_to_status_id":544273885437652992,"id":544289901731414016,"favorite_count":0,"source":"<a href=\"http://twitter.com/download/iphone\" rel=\"nofollow\">Twitter for iPhone</a>","retweeted":false,"coordinates":null,"entities":{"symbols":[],"user_mentions":[{"id":27831488,"indices":[1,15],"id_str":"27831488","screen_name":"BBCYaldaHakim","name":"Yalda Hakim"}],"hashtags":[],"urls":[],"media":[{"source_user_id":27831488,"source_status_id_str":"544273885437652992","expanded_url":"http://twitter.com/BBCYaldaHakim/status/544273885437652992/photo/1","display_url":"pic.twitter.com/Xa8NKW3UEN","url":"http://t.co/Xa8NKW3UEN","media_url_https":"https://pbs.twimg.com/media/B42mNNkCIAAyktD.jpg","source_user_id_str":"27831488","source_status_id":544273885437652992,"id_str":"544273875891003392","sizes":{"small":{"h":254,"resize":"fit","w":340},"large":{"h":475,"resize":"fit","w":634},"medium":{"h":449,"resize":"fit","w":600},"thumb":{"h":150,"resize":"crop","w":150}},"indices":[104,126],"type":"photo","id":544273875891003392,"media_url":"http://pbs.twimg.com/media/B42mNNkCIAAyktD.jpg"}]},"in_reply_to_screen_name":"BBCYaldaHakim","id_str":"544289901731414016","retweet_count":0,"in_reply_to_user_id":27831488,"favorited":false,"user":{"follow_request_sent":false,"profile_use_background_image":true,"profile_text_color":"333333","default_profile_image":false,"id":39673899,"profile_background_image_url_https":"https://pbs.twimg.com/profile_background_images/55454032/diamante-illuminati.png","verified":false,"profile_location":null,"profile_image_url_https":"https://pbs.twimg.com/profile_images/560823751420690432/ikthCD9L_normal.jpeg","profile_sidebar_fill_color":"EFEFEF","entities":{"description":{"urls":[]}},"followers_count":783,"profile_sidebar_border_color":"EEEEEE","id_str":"39673899","profile_background_color":"131516","listed_count":27,"is_translation_enabled":false,"utc_offset":-21600,"statuses_count":18197,"description":"System Error: 303 // la vida se ve con humor / Donador Altruista O+ / Nunca ha sido mi intención llevar a nadie al Lado Oscuro / deslactosado / no nihilista","friends_count":183,"location":"","profile_link_color":"009999","profile_image_url":"http://pbs.twimg.com/profile_images/560823751420690432/ikthCD9L_normal.jpeg","following":false,"geo_enabled":true,"profile_banner_url":"https://pbs.twimg.com/profile_banners/39673899/1349246403","profile_background_image_url":"http://pbs.twimg.com/profile_background_images/55454032/diamante-illuminati.png","name":"R C","lang":"es","profile_background_tile":true,"favourites_count":229,"screen_name":"el_senador","notifications":false,"url":null,"created_at":"Wed May 13 03:08:09 +0000 2009","contributors_enabled":false,"time_zone":"Central Time (US & Canada)","protected":false,"default_profile":false,"is_translator":false},"geo":null,"in_reply_to_user_id_str":"27831488","possibly_sensitive":false,"lang":"en","created_at":"Mon Dec 15 00:36:39 +0000 2014","in_reply_to_status_id_str":"544273885437652992","place":null,"extended_entities":{"media":[{"source_user_id":27831488,"source_status_id_str":"544273885437652992","expanded_url":"http://twitter.com/BBCYaldaHakim/status/544273885437652992/photo/1","display_url":"pic.twitter.com/Xa8NKW3UEN","url":"http://t.co/Xa8NKW3UEN","media_url_https":"https://pbs.twimg.com/media/B42mNNkCIAAyktD.jpg","source_user_id_str":"27831488","source_status_id":544273885437652992,"id_str":"544273875891003392","sizes":{"small":{"h":254,"resize":"fit","w":340},"large":{"h":475,"resize":"fit","w":634},"medium":{"h":449,"resize":"fit","w":600},"thumb":{"h":150,"resize":"crop","w":150}},"indices":[104,126],"type":"photo","id":544273875891003392,"media_url":"http://pbs.twimg.com/media/B42mNNkCIAAyktD.jpg"}]}},
{"contributors":null,"truncated":false,"text":"#Siege at #Sydney's Martin place Lindt cafe. Reports of up to 20 people held hostage inside http://t.co/BIW2ICwGVC via @BBCYaldaHakim","in_reply_to_status_id":544273885437652992,"id":544291863239598080,"favorite_count":0,"source":"<a href=\"http://www.twitter.com\" rel=\"nofollow\">Twitter for Windows Phone</a>","retweeted":false,"coordinates":null,"entities":{"symbols":[],"user_mentions":[{"id":27831488,"indices":[119,133],"id_str":"27831488","screen_name":"BBCYaldaHakim","name":"Yalda Hakim"}],"hashtags":[{"indices":[0,6],"text":"Siege"},{"indices":[10,17],"text":"Sydney"}],"urls":[],"media":[{"source_user_id":27831488,"source_status_id_str":"544273885437652992","expanded_url":"http://twitter.com/BBCYaldaHakim/status/544273885437652992/photo/1","display_url":"pic.twitter.com/BIW2ICwGVC","url":"http://t.co/BIW2ICwGVC","media_url_https":"https://pbs.twimg.com/media/B42mNNkCIAAyktD.jpg","source_user_id_str":"27831488","source_status_id":544273885437652992,"id_str":"544273875891003392","sizes":{"small":{"h":254,"resize":"fit","w":340},"large":{"h":475,"resize":"fit","w":634},"medium":{"h":449,"resize":"fit","w":600},"thumb":{"h":150,"resize":"crop","w":150}},"indices":[92,114],"type":"photo","id":544273875891003392,"media_url":"http://pbs.twimg.com/media/B42mNNkCIAAyktD.jpg"}]},"in_reply_to_screen_name":"BBCYaldaHakim","id_str":"544291863239598080","retweet_count":2,"in_reply_to_user_id":27831488,"favorited":false,"user":{"follow_request_sent":false,"profile_use_background_image":true,"profile_text_color":"634047","default_profile_image":false,"id":479795558,"profile_background_image_url_https":"https://abs.twimg.com/images/themes/theme3/bg.gif","verified":false,"profile_location":null,"profile_image_url_https":"https://pbs.twimg.com/profile_images/462173987854745600/RcfR_ZDd_normal.jpeg","profile_sidebar_fill_color":"E3E2DE","entities":{"url":{"urls":[{"url":"http://t.co/dPDh7tldkw","indices":[0,22],"expanded_url":"http://analytica2014.svbtle.com/","display_url":"analytica2014.svbtle.com"}]},"description":{"urls":[]}},"followers_count":151,"profile_sidebar_border_color":"D3D2CF","id_str":"479795558","profile_background_color":"EDECE9","listed_count":9,"is_translation_enabled":false,"utc_offset":16200,"statuses_count":2537,"description":"Researcher at @HWWIHamburg [Hamburg Institute of International Economics] MSc Management Student at @THE_KLU [Kühne Logistics University]","friends_count":417,"location":"[Hamburg] [Kabul]","profile_link_color":"088253","profile_image_url":"http://pbs.twimg.com/profile_images/462173987854745600/RcfR_ZDd_normal.jpeg","following":false,"geo_enabled":true,"profile_banner_url":"https://pbs.twimg.com/profile_banners/479795558/1402152566","profile_background_image_url":"http://abs.twimg.com/images/themes/theme3/bg.gif","name":"Mojtaba Salem","lang":"en","profile_background_tile":false,"favourites_count":547,"screen_name":"MojtabaSalem","notifications":false,"url":"http://t.co/dPDh7tldkw","created_at":"Tue Jan 31 19:40:04 +0000 2012","contributors_enabled":false,"time_zone":"Kabul","protected":false,"default_profile":false,"is_translator":false},"geo":null,"in_reply_to_user_id_str":"27831488","possibly_sensitive":false,"lang":"en","created_at":"Mon Dec 15 00:44:27 +0000 2014","in_reply_to_status_id_str":"544273885437652992","place":null,"extended_entities":{"media":[{"source_user_id":27831488,"source_status_id_str":"544273885437652992","expanded_url":"http://twitter.com/BBCYaldaHakim/status/544273885437652992/photo/1","display_url":"pic.twitter.com/BIW2ICwGVC","url":"http://t.co/BIW2ICwGVC","media_url_https":"https://pbs.twimg.com/media/B42mNNkCIAAyktD.jpg","source_user_id_str":"27831488","source_status_id":544273885437652992,"id_str":"544273875891003392","sizes":{"small":{"h":254,"resize":"fit","w":340},"large":{"h":475,"resize":"fit","w":634},"medium":{"h":449,"resize":"fit","w":600},"thumb":{"h":150,"resize":"crop","w":150}},"indices":[92,114],"type":"photo","id":544273875891003392,"media_url":"http://pbs.twimg.com/media/B42mNNkCIAAyktD.jpg"}]}},
{"contributors":null,"truncated":false,"text":"@BBCYaldaHakim. Why Australia?  It doesn't make any sense","in_reply_to_status_id":544273885437652992,"id":544293903785271297,"favorite_count":0,"source":"<a href=\"http://twitter.com/download/android\" rel=\"nofollow\">Twitter for Android</a>","retweeted":false,"coordinates":null,"entities":{"symbols":[],"user_mentions":[{"id":27831488,"indices":[0,14],"id_str":"27831488","screen_name":"BBCYaldaHakim","name":"Yalda Hakim"}],"hashtags":[],"urls":[]},"in_reply_to_screen_name":"BBCYaldaHakim","id_str":"544293903785271297","retweet_count":0,"in_reply_to_user_id":27831488,"favorited":false,"user":{"follow_request_sent":false,"profile_use_background_image":true,"profile_text_color":"333333","default_profile_image":false,"id":2882052087,"profile_background_image_url_https":"https://abs.twimg.com/images/themes/theme1/bg.png","verified":false,"profile_location":null,"profile_image_url_https":"https://pbs.twimg.com/profile_images/540938001917149184/BUXHi11u_normal.jpeg","profile_sidebar_fill_color":"DDEEF6","entities":{"description":{"urls":[]}},"followers_count":17,"profile_sidebar_border_color":"C0DEED","id_str":"2882052087","profile_background_color":"C0DEED","listed_count":1,"is_translation_enabled":false,"utc_offset":null,"statuses_count":751,"description":"","friends_count":99,"location":"","profile_link_color":"0084B4","profile_image_url":"http://pbs.twimg.com/profile_images/540938001917149184/BUXHi11u_normal.jpeg","following":false,"geo_enabled":false,"profile_banner_url":"https://pbs.twimg.com/profile_banners/2882052087/1417804715","profile_background_image_url":"http://abs.twimg.com/images/themes/theme1/bg.png","name":"BlackButtaFlyAL","lang":"en","profile_background_tile":false,"favourites_count":756,"screen_name":"BlackButtaFlyAL","notifications":false,"url":null,"created_at":"Tue Nov 18 02:32:31 +0000 2014","contributors_enabled":false,"time_zone":null,"protected":false,"default_profile":true,"is_translator":false},"geo":null,"in_reply_to_user_id_str":"27831488","lang":"en","created_at":"Mon Dec 15 00:52:33 +0000 2014","in_reply_to_status_id_str":"544273885437652992","place":null},
{"contributors":null,"truncated":false,"text":"@BBCYaldaHakim I hope things turn out for the better...","in_reply_to_status_id":544273885437652992,"id":544296803512766464,"favorite_count":0,"source":"<a href=\"http://twitter.com/download/android\" rel=\"nofollow\">Twitter for Android</a>","retweeted":false,"coordinates":null,"entities":{"symbols":[],"user_mentions":[{"id":27831488,"indices":[0,14],"id_str":"27831488","screen_name":"BBCYaldaHakim","name":"Yalda Hakim"}],"hashtags":[],"urls":[]},"in_reply_to_screen_name":"BBCYaldaHakim","id_str":"544296803512766464","retweet_count":0,"in_reply_to_user_id":27831488,"favorited":false,"user":{"follow_request_sent":false,"profile_use_background_image":true,"profile_text_color":"3E4415","default_profile_image":false,"id":857282216,"profile_background_image_url_https":"https://abs.twimg.com/images/themes/theme18/bg.gif","verified":false,"profile_location":null,"profile_image_url_https":"https://pbs.twimg.com/profile_images/589877308854378496/Nptpv3wF_normal.jpg","profile_sidebar_fill_color":"99CC33","entities":{"description":{"urls":[]}},"followers_count":1826,"profile_sidebar_border_color":"829D5E","id_str":"857282216","profile_background_color":"3B94D9","listed_count":14,"is_translation_enabled":false,"utc_offset":-21600,"statuses_count":13256,"description":"• 0/5, 0/4, 3/4, Shawn/12 • directioner • 5sosfam • mixer • sheerio • arianator • whovian • tribute •","friends_count":2010,"location":"wι, ʋsα and calum's bed","profile_link_color":"9266CC","profile_image_url":"http://pbs.twimg.com/profile_images/589877308854378496/Nptpv3wF_normal.jpg","following":false,"geo_enabled":true,"profile_banner_url":"https://pbs.twimg.com/profile_banners/857282216/1418690362","profile_background_image_url":"http://abs.twimg.com/images/themes/theme18/bg.gif","name":"Elle K","lang":"en","profile_background_tile":true,"favourites_count":3956,"screen_name":"ellek_official","notifications":false,"url":null,"created_at":"Tue Oct 02 01:03:36 +0000 2012","contributors_enabled":false,"time_zone":"Central Time (US & Canada)","protected":false,"default_profile":false,"is_translator":false},"geo":null,"in_reply_to_user_id_str":"27831488","lang":"en","created_at":"Mon Dec 15 01:04:05 +0000 2014","in_reply_to_status_id_str":"544273885437652992","place":null}
]