[{"contributors":null,"truncated":false,"text":"@DavidCornDC @JohnFugelsang Hostage situation in Australia? Humanity's effed...","in_reply_to_status_id":544298376851111936,"id":544299959492046848,"favorite_count":1,"source":"<a href=\"https://twitter.com/download/android\" rel=\"nofollow\">Twitter for Android Tablets</a>","retweeted":false,"coordinates":null,"entities":{"symbols":[],"user_mentions":[{"id":15220768,"indices":[0,12],"id_str":"15220768","screen_name":"DavidCornDC","name":"David Corn"},{"id":33276161,"indices":[13,27],"id_str":"33276161","screen_name":"JohnFugelsang","name":"John Fugelsang"}],"hashtags":[],"urls":[]},"in_reply_to_screen_name":"DavidCornDC","id_str":"544299959492046848","retweet_count":0,"in_reply_to_user_id":15220768,"favorited":false,"user":{"follow_request_sent":false,"profile_use_background_image":true,"profile_text_color":"333333","default_profile_image":false,"id":1542193098,"profile_background_image_url_https":"https://abs.twimg.com/images/themes/theme1/bg.png","verified":false,"profile_location":null,"profile_image_url_https":"https://pbs.twimg.com/profile_images/543243261310009344/eZrlXmkO_normal.jpeg","profile_sidebar_fill_color":"DDEEF6","entities":{"description":{"urls":[]}},"followers_count":1883,"profile_sidebar_border_color":"FFFFFF","id_str":"1542193098","profile_background_color":"C0DEED","listed_count":14,"is_translation_enabled":false,"utc_offset":null,"statuses_count":4112,"description":"Dislike snotty and inconsiderate people. Love dogs. And science. And egg/cheese/baloney on toast.","friends_count":1983,"location":"Madison, WI","profile_link_color":"0084B4","profile_image_url":"http://pbs.twimg.com/profile_images/543243261310009344/eZrlXmkO_normal.jpeg","following":false,"geo_enabled":true,"profile_background_image_url":"http://abs.twimg.com/images/themes/theme1/bg.png","name":"Ken Knudson","lang":"en","profile_background_tile":false,"favourites_count":1925,"screen_name":"KenknudsonKen","notifications":false,"url":null,"created_at":"Mon Jun 24 01:18:39 +0000 2013","contributors_enabled":false,"time_zone":null,"protected":false,"default_profile":false,"is_translator":false},"geo":null,"in_reply_to_user_id_str":"15220768","lang":"en","created_at":"Mon Dec 15 01:16:37 +0000 2014","in_reply_to_status_id_str":"544298376851111936","place":null},
{"contributors":null,"truncated":false,"text":"@DavidCornDC I'll stick with straight news and not have a liberal rag report on live news.","in_reply_to_status_id":544298376851111936,"id":544301159230758913,"favorite_count":1,"source":"<a href=\"http://twitter.com\" rel=\"nofollow\">Twitter Web Client</a>","retweeted":false,"coordinates":null,"entities":{"symbols":[],"user_mentions":[{"id":15220768,"indices":[0,12],"id_str":"15220768","screen_name":"DavidCornDC","name":"David Corn"}],"hashtags":[],"urls":[]},"in_reply_to_screen_name":"DavidCornDC","id_str":"544301159230758913","retweet_count":0,"in_reply_to_user_id":15220768,"favorited":false,"user":{"follow_request_sent":false,"profile_use_background_image":true,"profile_text_color":"333333","default_profile_image":false,"id":21803786,"profile_background_image_url_https":"https://abs.twimg.com/images/themes/theme15/bg.png","verified":false,"profile_location":null,"profile_image_url_https":"https://pbs.twimg.com/profile_images/378800000619732915/f6e4b7b1802bcded22cf076aa3e39eeb_normal.jpeg","profile_sidebar_fill_color":"C0DFEC","entities":{"url":{"urls":[{"url":"http://t.co/33GfOvLtSA","indices":[0,22],"expanded_url":"http://executive.nd.edu/executive-mba.php","display_url":"executive.nd.edu/executive-mba.…"}]},"description":{"urls":[]}},"followers_count":1129,"profile_sidebar_border_color":"A8C7F7","id_str":"21803786","profile_background_color":"022330","listed_count":19,"is_translation_enabled":false,"utc_offset":-18000,"statuses_count":10233,"description":"We create and grow Startup Companies in the NYC area.  MBA from The University of Notre Dame Mendoza College of Business. Political Junkie as a Hobby.","friends_count":1718,"location":"NYC ","profile_link_color":"0084B4","profile_image_url":"http://pbs.twimg.com/profile_images/378800000619732915/f6e4b7b1802bcded22cf076aa3e39eeb_normal.jpeg","following":false,"geo_enabled":false,"profile_banner_url":"https://pbs.twimg.com/profile_banners/21803786/1353353244","profile_background_image_url":"http://abs.twimg.com/images/themes/theme15/bg.png","name":"Jersey Shore Rises","lang":"en","profile_background_tile":false,"favourites_count":5,"screen_name":"bohratom","notifications":false,"url":"http://t.co/33GfOvLtSA","created_at":"Tue Feb 24 22:02:07 +0000 2009","contributors_enabled":false,"time_zone":"Eastern Time (US & Canada)","protected":false,"default_profile":false,"is_translator":false},"geo":null,"in_reply_to_user_id_str":"15220768","lang":"en","created_at":"Mon Dec 15 01:21:23 +0000 2014","in_reply_to_status_id_str":"544298376851111936","place":null},
{"contributors":null,"truncated":false,"text":"@bohratom @DavidCornDC but you will show up to denigrate said drag","in_reply_to_status_id":544301159230758913,"id":544302445392707584,"favorite_count":1,"source":"<a href=\"http://twitter.com/download/android\" rel=\"nofollow\">Twitter for Android</a>","retweeted":false,"coordinates":null,"entities":{"symbols":[],"user_mentions":[{"id":21803786,"indices":[0,9],"id_str":"21803786","screen_name":"bohratom","name":"Jersey Shore Rises"},{"id":15220768,"indices":[10,22],"id_str":"15220768","screen_name":"DavidCornDC","name":"David Corn"}],"hashtags":[],"urls":[]},"in_reply_to_screen_name":"bohratom","id_str":"544302445392707584","retweet_count":0,"in_reply_to_user_id":21803786,"favorited":false,"user":{"follow_request_sent":false,"profile_use_background_image":true,"profile_text_color":"333333","default_profile_image":false,"id":999109980,"profile_background_image_url_https":"https://abs.twimg.com/images/themes/theme1/bg.png","verified":false,"profile_location":null,"profile_image_url_https":"https://pbs.twimg.com/profile_images/2951897263/b1ae551fb5269897e8ddc010fc2e0fac_normal.jpeg","profile_sidebar_fill_color":"DDEEF6","entities":{"description":{"urls":[]}},"followers_count":13,"profile_sidebar_border_color":"C0DEED","id_str":"999109980","profile_background_color":"C0DEED","listed_count":0,"is_translation_enabled":false,"utc_offset":null,"statuses_count":273,"description":"Knows what, not why..Pizza Expert, Baseball Officianado, Can find the Remote at Will","friends_count":151,"location":"","profile_link_color":"0084B4","profile_image_url":"http://pbs.twimg.com/profile_images/2951897263/b1ae551fb5269897e8ddc010fc2e0fac_normal.jpeg","following":false,"geo_enabled":false,"profile_background_image_url":"http://abs.twimg.com/images/themes/theme1/bg.png","name":"Blaine Foughty","lang":"en","profile_background_tile":false,"favourites_count":249,"screen_name":"BFFoughty","notifications":false,"url":null,"created_at":"Sun Dec 09 11:39:35 +0000 2012","contributors_enabled":false,"time_zone":null,"protected":false,"default_profile":true,"is_translator":false},"geo":null,"in_reply_to_user_id_str":"21803786","lang":"en","created_at":"Mon Dec 15 01:26:30 +0000 2014","in_reply_to_status_id_str":"544301159230758913","place":null},
{"contributors":null,"truncated":false,"text":"@DavidCornDC @MotherJones let me guess: global warming.","in_reply_to_status_id":544298376851111936,"id":544303750635331584,"favorite_count":0,"source":"<a href=\"http://twitter.com\" rel=\"nofollow\">Twitter Web Client</a>","retweeted":false,"coordinates":null,"entities":{"symbols":[],"user_mentions":[{"id":15220768,"indices":[0,12],"id_str":"15220768","screen_name":"DavidCornDC","name":"David Corn"},{"id":18510860,"indices":[13,25],"id_str":"18510860","screen_name":"MotherJones","name":"Mother Jones"}],"hashtags":[],"urls":[]},"in_reply_to_screen_name":"DavidCornDC","id_str":"544303750635331584","retweet_count":0,"in_reply_to_user_id":15220768,"favorited":false,"user":{"follow_request_sent":false,"profile_use_background_image":true,"profile_text_color":"333333","default_profile_image":false,"id":2752298752,"profile_background_image_url_https":"https://abs.twimg.com/images/themes/theme1/bg.png","verified":false,"profile_location":null,"profile_image_url_https":"https://pbs.twimg.com/profile_images/530135983761534977/ngoXcF7K_normal.jpeg","profile_sidebar_fill_color":"DDEEF6","entities":{"url":{"urls":[{"url":"http://t.co/tptgsY1I2x","indices":[0,22],"expanded_url":"http://drunkrepublican.tumblr.com","display_url":"drunkrepublican.tumblr.com"}]},"description":{"urls":[]}},"followers_count":141,"profile_sidebar_border_color":"C0DEED","id_str":"2752298752","profile_background_color":"C0DEED","listed_count":3,"is_translation_enabled":false,"utc_offset":null,"statuses_count":1700,"description":"","friends_count":276,"location":"","profile_link_color":"0084B4","profile_image_url":"http://pbs.twimg.com/profile_images/530135983761534977/ngoXcF7K_normal.jpeg","following":false,"geo_enabled":true,"profile_banner_url":"https://pbs.twimg.com/profile_banners/2752298752/1415229639","profile_background_image_url":"http://abs.twimg.com/images/themes/theme1/bg.png","name":"DrunkRepublicanBlog","lang":"en","profile_background_tile":false,"favourites_count":1130,"screen_name":"DrunkRepub","notifications":false,"url":"http://t.co/tptgsY1I2x","created_at":"Wed Aug 27 04:23:01 +0000 2014","contributors_enabled":false,"time_zone":null,"protected":false,"default_profile":true,"is_translator":false},"geo":null,"in_reply_to_user_id_str":"15220768","lang":"en","created_at":"Mon Dec 15 01:31:41 +0000 2014","in_reply_to_status_id_str":"544298376851111936","place":null},
{"contributors":null,"truncated":false,"text":"@bohratom and yet somehow you followed this tweet AND decided the world needed to hear your response to said tweet","in_reply_to_status_id":544301159230758913,"id":544307094241820672,"favorite_count":0,"source":"<a href=\"http://www.twitter.com\" rel=\"nofollow\">Twitter for Windows Phone</a>","retweeted":false,"coordinates":null,"entities":{"symbols":[],"user_mentions":[{"id":21803786,"indices":[0,9],"id_str":"21803786","screen_name":"bohratom","name":"Jersey Shore Rises"}],"hashtags":[],"urls":[]},"in_reply_to_screen_name":"bohratom","id_str":"544307094241820672","retweet_count":0,"in_reply_to_user_id":21803786,"favorited":false,"user":{"follow_request_sent":false,"profile_use_background_image":true,"profile_text_color":"333333","default_profile_image":false,"id":930776624,"profile_background_image_url_https":"https://abs.twimg.com/images/themes/theme1/bg.png","verified":false,"profile_location":null,"profile_image_url_https":"https://pbs.twimg.com/profile_images/553694626649886720/H_v8lQ19_normal.jpeg","profile_sidebar_fill_color":"DDEEF6","entities":{"description":{"urls":[]}},"followers_count":20,"profile_sidebar_border_color":"C0DEED","id_str":"930776624","profile_background_color":"C0DEED","listed_count":2,"is_translation_enabled":false,"utc_offset":null,"statuses_count":1615,"description":"","friends_count":10,"location":"","profile_link_color":"0084B4","profile_image_url":"http://pbs.twimg.com/profile_images/553694626649886720/H_v8lQ19_normal.jpeg","following":false,"geo_enabled":false,"profile_banner_url":"https://pbs.twimg.com/profile_banners/930776624/1356552263","profile_background_image_url":"http://abs.twimg.com/images/themes/theme1/bg.png","name":"Emmitt","lang":"en","profile_background_tile":false,"favourites_count":4,"screen_name":"Emmitt93838110","notifications":false,"url":null,"created_at":"Tue Nov 06 23:44:37 +0000 2012","contributors_enabled":false,"time_zone":null,"protected":false,"default_profile":true,"is_translator":false},"geo":null,"in_reply_to_user_id_str":"21803786","lang":"en","created_at":"Mon Dec 15 01:44:58 +0000 2014","in_reply_to_status_id_str":"544301159230758913","place":null},
{"contributors":null,"truncated":false,"text":"@bohratom hahaha. You like the main stream, cuz you don't like to think for yourself?\n@DavidCornDC","in_reply_to_status_id":544301159230758913,"id":544307504390238208,"favorite_count":0,"source":"<a href=\"http://twitter.com/download/android\" rel=\"nofollow\">Twitter for Android</a>","retweeted":false,"coordinates":null,"entities":{"symbols":[],"user_mentions":[{"id":21803786,"indices":[0,9],"id_str":"21803786","screen_name":"bohratom","name":"Jersey Shore Rises"},{"id":15220768,"indices":[86,98],"id_str":"15220768","screen_name":"DavidCornDC","name":"David Corn"}],"hashtags":[],"urls":[]},"in_reply_to_screen_name":"bohratom","id_str":"544307504390238208","retweet_count":0,"in_reply_to_user_id":21803786,"favorited":false,"user":{"follow_request_sent":false,"profile_use_background_image":true,"profile_text_color":"333333","default_profile_image":false,"id":1703908958,"profile_background_image_url_https":"https://abs.twimg.com/images/themes/theme4/bg.gif","verified":false,"profile_location":null,"profile_image_url_https":"https://pbs.twimg.com/profile_images/461354689603588096/rmcidS5b_normal.jpeg","profile_sidebar_fill_color":"F6F6F6","entities":{"description":{"urls":[]}},"followers_count":678,"profile_sidebar_border_color":"FFFFFF","id_str":"1703908958","profile_background_color":"0099B9","listed_count":44,"is_translation_enabled":false,"utc_offset":-28800,"statuses_count":34460,"description":"damaged people are dangerous. We know we can survive.","friends_count":509,"location":"","profile_link_color":"1CC766","profile_image_url":"http://pbs.twimg.com/profile_images/461354689603588096/rmcidS5b_normal.jpeg","following":false,"geo_enabled":false,"profile_banner_url":"https://pbs.twimg.com/profile_banners/1703908958/1407045383","profile_background_image_url":"http://abs.twimg.com/images/themes/theme4/bg.gif","name":"Anastasia Lee","lang":"en","profile_background_tile":false,"favourites_count":12489,"screen_name":"anastasialie83","notifications":false,"url":null,"created_at":"Tue Aug 27 06:31:58 +0000 2013","contributors_enabled":false,"time_zone":"Pacific Time (US & Canada)","protected":false,"default_profile":false,"is_translator":false},"geo":null,"in_reply_to_user_id_str":"21803786","lang":"en","created_at":"Mon Dec 15 01:46:36 +0000 2014","in_reply_to_status_id_str":"544301159230758913","place":null},
{"contributors":null,"truncated":false,"text":"@DavidCornDC Fox news said it's Obama's fault","in_reply_to_status_id":544298376851111936,"id":544309660426452992,"favorite_count":0,"source":"<a href=\"http://twitter.com/download/android\" rel=\"nofollow\">Twitter for Android</a>","retweeted":false,"coordinates":null,"entities":{"symbols":[],"user_mentions":[{"id":15220768,"indices":[0,12],"id_str":"15220768","screen_name":"DavidCornDC","name":"David Corn"}],"hashtags":[],"urls":[]},"in_reply_to_screen_name":"DavidCornDC","id_str":"544309660426452992","retweet_count":0,"in_reply_to_user_id":15220768,"favorited":false,"user":{"follow_request_sent":false,"profile_use_background_image":true,"profile_text_color":"666666","default_profile_image":false,"id":386295882,"profile_background_image_url_https":"https://abs.twimg.com/images/themes/theme9/bg.gif","verified":false,"profile_location":null,"profile_image_url_https":"https://pbs.twimg.com/profile_images/1635602693/300px-Hands_of_God_and_Adam_normal.jpg","profile_sidebar_fill_color":"252429","entities":{"description":{"urls":[]}},"followers_count":26,"profile_sidebar_border_color":"181A1E","id_str":"386295882","profile_background_color":"1A1B1F","listed_count":0,"is_translation_enabled":false,"utc_offset":null,"statuses_count":341,"description":"","friends_count":133,"location":"chicago","profile_link_color":"2FC2EF","profile_image_url":"http://pbs.twimg.com/profile_images/1635602693/300px-Hands_of_God_and_Adam_normal.jpg","following":false,"geo_enabled":false,"profile_background_image_url":"http://abs.twimg.com/images/themes/theme9/bg.gif","name":"kenneth crum","lang":"en","profile_background_tile":false,"favourites_count":8,"screen_name":"CrumYahoo","notifications":false,"url":null,"created_at":"Fri Oct 07 00:45:37 +0000 2011","contributors_enabled":false,"time_zone":null,"protected":false,"default_profile":false,"is_translator":false},"geo":null,"in_reply_to_user_id_str":"15220768","lang":"en","created_at":"Mon Dec 15 01:55:10 +0000 2014","in_reply_to_status_id_str":"544298376851111936","place":null},
{"contributors":null,"truncated":false,"text":"@DavidCornDC @neilpX  Thanks for that tip.  Also, BBC World is giving good coverage.","in_reply_to_status_id":544298376851111936,"id":544319225368944641,"favorite_count":0,"source":"<a href=\"http://twitter.com\" rel=\"nofollow\">Twitter Web Client</a>","retweeted":false,"coordinates":null,"entities":{"symbols":[],"user_mentions":[{"id":15220768,"indices":[0,12],"id_str":"15220768","screen_name":"DavidCornDC","name":"David Corn"},{"id":406525423,"indices":[13,20],"id_str":"406525423","screen_name":"neilpX","name":"neil pessall"}],"hashtags":[],"urls":[]},"in_reply_to_screen_name":"DavidCornDC","id_str":"544319225368944641","retweet_count":0,"in_reply_to_user_id":15220768,"favorited":false,"user":{"follow_request_sent":false,"profile_use_background_image":true,"profile_text_color":"333333","default_profile_image":false,"id":515047062,"profile_background_image_url_https":"https://abs.twimg.com/images/themes/theme1/bg.png","verified":false,"profile_location":null,"profile_image_url_https":"https://pbs.twimg.com/profile_images/378800000268398606/16fdbbd53b0236d29bf40e1929ad15de_normal.jpeg","profile_sidebar_fill_color":"DDEEF6","entities":{"description":{"urls":[]}},"followers_count":1183,"profile_sidebar_border_color":"C0DEED","id_str":"515047062","profile_background_color":"C0DEED","listed_count":22,"is_translation_enabled":false,"utc_offset":-18000,"statuses_count":14166,"description":"Mom, composer, teacher, earthen vessel (slightly cracked)","friends_count":1410,"location":"MD","profile_link_color":"0084B4","profile_image_url":"http://pbs.twimg.com/profile_images/378800000268398606/16fdbbd53b0236d29bf40e1929ad15de_normal.jpeg","following":false,"geo_enabled":false,"profile_background_image_url":"http://abs.twimg.com/images/themes/theme1/bg.png","name":"DieselFarina","lang":"en","profile_background_tile":false,"favourites_count":6512,"screen_name":"DieselFarina","notifications":false,"url":null,"created_at":"Mon Mar 05 03:24:55 +0000 2012","contributors_enabled":false,"time_zone":"Eastern Time (US & Canada)","protected":false,"default_profile":true,"is_translator":false},"geo":null,"in_reply_to_user_id_str":"15220768","lang":"en","created_at":"Mon Dec 15 02:33:10 +0000 2014","in_reply_to_status_id_str":"544298376851111936","place":null},
{"contributors":null,"truncated":false,"text":"@DavidCornDC @MotherJones #Meh","in_reply_to_status_id":544298376851111936,"id":544324802597498880,"favorite_count":0,"source":"<a href=\"http://twitter.com\" rel=\"nofollow\">Twitter Web Client</a>","retweeted":false,"coordinates":null,"entities":{"symbols":[],"user_mentions":[{"id":15220768,"indices":[0,12],"id_str":"15220768","screen_name":"DavidCornDC","name":"David Corn"},{"id":18510860,"indices":[13,25],"id_str":"18510860","screen_name":"MotherJones","name":"Mother Jones"}],"hashtags":[{"indices":[26,30],"text":"Meh"}],"urls":[]},"in_reply_to_screen_name":"DavidCornDC","id_str":"544324802597498880","retweet_count":0,"in_reply_to_user_id":15220768,"favorited":false,"user":{"follow_request_sent":false,"profile_use_background_image":true,"profile_text_color":"333333","default_profile_image":false,"id":71530832,"profile_background_image_url_https":"https://abs.twimg.com/images/themes/theme1/bg.png","verified":false,"profile_location":null,"profile_image_url_https":"https://pbs.twimg.com/profile_images/509886513631358977/w7W9rnOH_normal.jpeg","profile_sidebar_fill_color":"DDEEF6","entities":{"url":{"urls":[{"url":"http://t.co/9KgfQltcSD","indices":[0,22],"expanded_url":"http://cascadecreampuff.com/","display_url":"cascadecreampuff.com"}]},"description":{"urls":[]}},"followers_count":231,"profile_sidebar_border_color":"C0DEED","id_str":"71530832","profile_background_color":"C0DEED","listed_count":4,"is_translation_enabled":false,"utc_offset":-28800,"statuses_count":7537,"description":"X-Pro rider for team THC .  Sipping all things Agave with Miss J , enjoying the quiet times in a world gone crazy !  Where's Che when you need him ?","friends_count":470,"location":"sunshine coast bc ","profile_link_color":"0084B4","profile_image_url":"http://pbs.twimg.com/profile_images/509886513631358977/w7W9rnOH_normal.jpeg","following":false,"geo_enabled":true,"profile_banner_url":"https://pbs.twimg.com/profile_banners/71530832/1352675555","profile_background_image_url":"http://abs.twimg.com/images/themes/theme1/bg.png","name":"Tequila Donkey","lang":"en","profile_background_tile":false,"favourites_count":532,"screen_name":"gwbright","notifications":false,"url":"http://t.co/9KgfQltcSD","created_at":"Fri Sep 04 13:12:30 +0000 2009","contributors_enabled":false,"time_zone":"Pacific Time (US & Canada)","protected":false,"default_profile":true,"is_translator":false},"geo":null,"in_reply_to_user_id_str":"15220768","lang":"und","created_at":"Mon Dec 15 02:55:20 +0000 2014","in_reply_to_status_id_str":"544298376851111936","place":null},
{"contributors":null,"truncated":false,"text":"You'll get a more reasoned, less sensational live feed re #MartinPlaceSiege from @abcnewsSydney @DavidCornDC @JohnFugelsang @jameswest2010","in_reply_to_status_id":544298376851111936,"id":544399896825331712,"favorite_count":1,"source":"<a href=\"http://twitter.com/download/iphone\" rel=\"nofollow\">Twitter for iPhone</a>","retweeted":false,"coordinates":null,"entities":{"symbols":[],"user_mentions":[{"id":16215478,"indices":[81,95],"id_str":"16215478","screen_name":"abcnewsSydney","name":"ABC News Sydney"},{"id":15220768,"indices":[96,108],"id_str":"15220768","screen_name":"DavidCornDC","name":"David Corn"},{"id":33276161,"indices":[109,123],"id_str":"33276161","screen_name":"JohnFugelsang","name":"John Fugelsang"},{"id":38156420,"indices":[124,138],"id_str":"38156420","screen_name":"jameswest2010","name":"James West"}],"hashtags":[{"indices":[58,75],"text":"MartinPlaceSiege"}],"urls":[]},"in_reply_to_screen_name":"DavidCornDC","id_str":"544399896825331712","retweet_count":0,"in_reply_to_user_id":15220768,"favorited":false,"user":{"follow_request_sent":false,"profile_use_background_image":true,"profile_text_color":"333333","default_profile_image":false,"id":956452369,"profile_background_image_url_https":"https://abs.twimg.com/images/themes/theme1/bg.png","verified":false,"profile_location":null,"profile_image_url_https":"https://pbs.twimg.com/profile_images/527778718140624896/EXlvwgHD_normal.jpeg","profile_sidebar_fill_color":"DDEEF6","entities":{"description":{"urls":[]}},"followers_count":1308,"profile_sidebar_border_color":"C0DEED","id_str":"956452369","profile_background_color":"C0DEED","listed_count":68,"is_translation_enabled":false,"utc_offset":-18000,"statuses_count":46580,"description":"Feminist. Pro-immigrant. Pro-liberty for all in the Levant and everywhere. Pro-human rights. Pro-respectful treatment of all living beings.  Salsera wannabe.","friends_count":903,"location":"NYC","profile_link_color":"FA743E","profile_image_url":"http://pbs.twimg.com/profile_images/527778718140624896/EXlvwgHD_normal.jpeg","following":false,"geo_enabled":true,"profile_banner_url":"https://pbs.twimg.com/profile_banners/956452369/1402720166","profile_background_image_url":"http://abs.twimg.com/images/themes/theme1/bg.png","name":"Julie","lang":"en","profile_background_tile":false,"favourites_count":12992,"screen_name":"NYCJulieNYC","notifications":false,"url":null,"created_at":"Mon Nov 19 00:05:35 +0000 2012","contributors_enabled":false,"time_zone":"Eastern Time (US & Canada)","protected":false,"default_profile":false,"is_translator":false},"geo":null,"in_reply_to_user_id_str":"15220768","lang":"en","created_at":"Mon Dec 15 07:53:44 +0000 2014","in_reply_to_status_id_str":"544298376851111936","place":null}
]