[{"contributors":null,"truncated":false,"text":"@Anna_Watanabe @AmandaTatts wise words Anna","in_reply_to_status_id":544281012708970497,"id":544283463273021440,"favorite_count":1,"source":"<a href=\"http://tapbots.com/tweetbot\" rel=\"nofollow\">Tweetbot for iΟS</a>","retweeted":false,"coordinates":null,"entities":{"symbols":[],"user_mentions":[{"id":25808907,"indices":[0,14],"id_str":"25808907","screen_name":"Anna_Watanabe","name":"Anna Watanabe"},{"id":25799938,"indices":[15,27],"id_str":"25799938","screen_name":"AmandaTatts","name":"Amanda Tattersall"}],"hashtags":[],"urls":[]},"in_reply_to_screen_name":"Anna_Watanabe","id_str":"544283463273021440","retweet_count":0,"in_reply_to_user_id":25808907,"favorited":false,"user":{"follow_request_sent":false,"profile_use_background_image":true,"profile_text_color":"242424","default_profile_image":false,"id":6782812,"profile_background_image_url_https":"https://pbs.twimg.com/profile_background_images/451187287544451072/zDUkCbuH.png","verified":true,"profile_location":null,"profile_image_url_https":"https://pbs.twimg.com/profile_images/588214835726266368/QiZNMtE-_normal.jpg","profile_sidebar_fill_color":"FFDB94","entities":{"url":{"urls":[{"url":"http://t.co/9xRFwSnZSt","indices":[0,22],"expanded_url":"http://www.domknight.com","display_url":"domknight.com"}]},"description":{"urls":[]}},"followers_count":22561,"profile_sidebar_border_color":"000000","id_str":"6782812","profile_background_color":"B8B8B8","listed_count":659,"is_translation_enabled":false,"utc_offset":39600,"statuses_count":27032,"description":"Evening radio @702sydney + ABC NSW + ACT. Cofounder @Chaser + @giantdwarfhq. Writer @dailylifeau + a few novels\n\nExcessively personal account","friends_count":1462,"location":"Sydney","profile_link_color":"EB5337","profile_image_url":"http://pbs.twimg.com/profile_images/588214835726266368/QiZNMtE-_normal.jpg","following":false,"geo_enabled":true,"profile_banner_url":"https://pbs.twimg.com/profile_banners/6782812/1375446185","profile_background_image_url":"http://pbs.twimg.com/profile_background_images/451187287544451072/zDUkCbuH.png","name":"Dom Knight","lang":"en","profile_background_tile":true,"favourites_count":682,"screen_name":"domknight","notifications":false,"url":"http://t.co/9xRFwSnZSt","created_at":"Wed Jun 13 05:00:55 +0000 2007","contributors_enabled":false,"time_zone":"Sydney","protected":false,"default_profile":false,"is_translator":false},"geo":null,"in_reply_to_user_id_str":"25808907","lang":"en","created_at":"Mon Dec 15 00:11:04 +0000 2014","in_reply_to_status_id_str":"544281012708970497","place":null}
]