[{"contributors":null,"truncated":false,"text":"@andrewbogut could be soon the Armyu (SAS) will be called in to take just from national Nine news","in_reply_to_status_id":544316684736028673,"id":544316973677436928,"favorite_count":0,"source":"<a href=\"http://twitter.com\" rel=\"nofollow\">Twitter Web Client</a>","retweeted":false,"coordinates":null,"entities":{"symbols":[],"user_mentions":[{"id":1036325418,"indices":[0,12],"id_str":"1036325418","screen_name":"andrewbogut","name":"Andrew Bogut"}],"hashtags":[],"urls":[]},"in_reply_to_screen_name":"andrewbogut","id_str":"544316973677436928","retweet_count":0,"in_reply_to_user_id":1036325418,"favorited":false,"user":{"follow_request_sent":false,"profile_use_background_image":true,"profile_text_color":"F50A15","default_profile_image":false,"id":106217553,"profile_background_image_url_https":"https://pbs.twimg.com/profile_background_images/747424893/1367af9e4749a209f346d0b74f9354ef.jpeg","verified":false,"profile_location":null,"profile_image_url_https":"https://pbs.twimg.com/profile_images/562076176504479744/xxH0254D_normal.jpeg","profile_sidebar_fill_color":"000505","entities":{"description":{"urls":[]}},"followers_count":312,"profile_sidebar_border_color":"000000","id_str":"106217553","profile_background_color":"000D0F","listed_count":10,"is_translation_enabled":false,"utc_offset":39600,"statuses_count":8002,"description":"Mighty Essendon Bombers, Dallas Cowboys, LA Lakers and Yankees fan plus Die Hard HOLDEN Fan plus a staunch Melbourne Storm fan","friends_count":509,"location":"Melbourne Australia","profile_link_color":"FF0D05","profile_image_url":"http://pbs.twimg.com/profile_images/562076176504479744/xxH0254D_normal.jpeg","following":false,"geo_enabled":true,"profile_banner_url":"https://pbs.twimg.com/profile_banners/106217553/1365226172","profile_background_image_url":"http://pbs.twimg.com/profile_background_images/747424893/1367af9e4749a209f346d0b74f9354ef.jpeg","name":"Graeme Fraser","lang":"en","profile_background_tile":true,"favourites_count":49,"screen_name":"Grammy2601","notifications":false,"url":null,"created_at":"Mon Jan 18 21:36:56 +0000 2010","contributors_enabled":false,"time_zone":"Melbourne","protected":false,"default_profile":false,"is_translator":false},"geo":null,"in_reply_to_user_id_str":"1036325418","lang":"en","created_at":"Mon Dec 15 02:24:14 +0000 2014","in_reply_to_status_id_str":"544316684736028673","place":null},
{"contributors":null,"truncated":false,"text":"@andrewbogut it's been about 4 hours and nothing has even remotely been done.. Scary shit!","in_reply_to_status_id":544316684736028673,"id":544317138593263616,"favorite_count":0,"source":"<a href=\"http://twitter.com/download/iphone\" rel=\"nofollow\">Twitter for iPhone</a>","retweeted":false,"coordinates":null,"entities":{"symbols":[],"user_mentions":[{"id":1036325418,"indices":[0,12],"id_str":"1036325418","screen_name":"andrewbogut","name":"Andrew Bogut"}],"hashtags":[],"urls":[]},"in_reply_to_screen_name":"andrewbogut","id_str":"544317138593263616","retweet_count":0,"in_reply_to_user_id":1036325418,"favorited":false,"user":{"follow_request_sent":false,"profile_use_background_image":true,"profile_text_color":"333333","default_profile_image":false,"id":102499819,"profile_background_image_url_https":"https://pbs.twimg.com/profile_background_images/629357447/goi5lm5gvjq9ijp9fm0n.jpeg","verified":false,"profile_location":null,"profile_image_url_https":"https://pbs.twimg.com/profile_images/585166004608565248/Zsee-itG_normal.jpg","profile_sidebar_fill_color":"DDEEF6","entities":{"url":{"urls":[{"url":"http://t.co/rZh5UopQ5A","indices":[0,22],"expanded_url":"http://Instagram.com/georgie874","display_url":"Instagram.com/georgie874"}]},"description":{"urls":[]}},"followers_count":1223,"profile_sidebar_border_color":"000000","id_str":"102499819","profile_background_color":"131516","listed_count":8,"is_translation_enabled":false,"utc_offset":39600,"statuses_count":16874,"description":"Wrestling. The Rock. Travelling. Music. Family. Friends = My Happiness! Living the life I only ever dreamed of! Met The Rock on 19.06.14! ❤️ ✌","friends_count":252,"location":"Traralgon, Vic, Australia","profile_link_color":"9266CC","profile_image_url":"http://pbs.twimg.com/profile_images/585166004608565248/Zsee-itG_normal.jpg","following":false,"geo_enabled":true,"profile_banner_url":"https://pbs.twimg.com/profile_banners/102499819/1413109911","profile_background_image_url":"http://pbs.twimg.com/profile_background_images/629357447/goi5lm5gvjq9ijp9fm0n.jpeg","name":"Georgie Minas","lang":"en","profile_background_tile":true,"favourites_count":144,"screen_name":"georgie874","notifications":false,"url":"http://t.co/rZh5UopQ5A","created_at":"Wed Jan 06 22:31:43 +0000 2010","contributors_enabled":false,"time_zone":"Melbourne","protected":false,"default_profile":false,"is_translator":false},"geo":null,"in_reply_to_user_id_str":"1036325418","lang":"en","created_at":"Mon Dec 15 02:24:53 +0000 2014","in_reply_to_status_id_str":"544316684736028673","place":null},
{"contributors":null,"truncated":false,"text":"@andrewbogut hang the pricks","in_reply_to_status_id":544316684736028673,"id":544317187763081216,"favorite_count":1,"source":"<a href=\"http://www.echofon.com/\" rel=\"nofollow\">Echofon</a>","retweeted":false,"coordinates":null,"entities":{"symbols":[],"user_mentions":[{"id":1036325418,"indices":[0,12],"id_str":"1036325418","screen_name":"andrewbogut","name":"Andrew Bogut"}],"hashtags":[],"urls":[]},"in_reply_to_screen_name":"andrewbogut","id_str":"544317187763081216","retweet_count":0,"in_reply_to_user_id":1036325418,"favorited":false,"user":{"follow_request_sent":false,"profile_use_background_image":false,"profile_text_color":"666666","default_profile_image":false,"id":42366898,"profile_background_image_url_https":"https://abs.twimg.com/images/themes/theme9/bg.gif","verified":false,"profile_location":null,"profile_image_url_https":"https://pbs.twimg.com/profile_images/3140192806/1c95cf5c699ece95db65dd30e2b17465_normal.jpeg","profile_sidebar_fill_color":"252429","entities":{"description":{"urls":[]}},"followers_count":378,"profile_sidebar_border_color":"181A1E","id_str":"42366898","profile_background_color":"1A1B1F","listed_count":2,"is_translation_enabled":false,"utc_offset":39600,"statuses_count":2097,"description":"","friends_count":357,"location":"Sydney, AU","profile_link_color":"2FC2EF","profile_image_url":"http://pbs.twimg.com/profile_images/3140192806/1c95cf5c699ece95db65dd30e2b17465_normal.jpeg","following":false,"geo_enabled":true,"profile_background_image_url":"http://abs.twimg.com/images/themes/theme9/bg.gif","name":"Robbie Rommers","lang":"en","profile_background_tile":false,"favourites_count":1,"screen_name":"robbierommers","notifications":false,"url":null,"created_at":"Mon May 25 07:06:19 +0000 2009","contributors_enabled":false,"time_zone":"Sydney","protected":false,"default_profile":false,"is_translator":false},"geo":null,"in_reply_to_user_id_str":"1036325418","lang":"en","created_at":"Mon Dec 15 02:25:05 +0000 2014","in_reply_to_status_id_str":"544316684736028673","place":null},
{"contributors":null,"truncated":false,"text":"@andrewbogut If only Australia still had the death penalty..","in_reply_to_status_id":544316684736028673,"id":544317320034656256,"favorite_count":1,"source":"<a href=\"http://twitter.com/download/iphone\" rel=\"nofollow\">Twitter for iPhone</a>","retweeted":false,"coordinates":null,"entities":{"symbols":[],"user_mentions":[{"id":1036325418,"indices":[0,12],"id_str":"1036325418","screen_name":"andrewbogut","name":"Andrew Bogut"}],"hashtags":[],"urls":[]},"in_reply_to_screen_name":"andrewbogut","id_str":"544317320034656256","retweet_count":0,"in_reply_to_user_id":1036325418,"favorited":false,"user":{"follow_request_sent":false,"profile_use_background_image":true,"profile_text_color":"333333","default_profile_image":false,"id":289246045,"profile_background_image_url_https":"https://pbs.twimg.com/profile_background_images/727077375/d9b5ebf81f59aa17b3c8f998b9af0825.jpeg","verified":false,"profile_location":null,"profile_image_url_https":"https://pbs.twimg.com/profile_images/581393999740608512/7CM5_vhH_normal.jpg","profile_sidebar_fill_color":"EFEFEF","entities":{"description":{"urls":[]}},"followers_count":261,"profile_sidebar_border_color":"FFFFFF","id_str":"289246045","profile_background_color":"1889C2","listed_count":3,"is_translation_enabled":false,"utc_offset":39600,"statuses_count":4450,"description":"Basketball, Surfing and a cold VB!","friends_count":420,"location":"Melbourne, Australia.","profile_link_color":"3B870F","profile_image_url":"http://pbs.twimg.com/profile_images/581393999740608512/7CM5_vhH_normal.jpg","following":false,"geo_enabled":false,"profile_banner_url":"https://pbs.twimg.com/profile_banners/289246045/1413179512","profile_background_image_url":"http://pbs.twimg.com/profile_background_images/727077375/d9b5ebf81f59aa17b3c8f998b9af0825.jpeg","name":"Sam Bennett","lang":"en","profile_background_tile":true,"favourites_count":5451,"screen_name":"sambenno","notifications":false,"url":null,"created_at":"Thu Apr 28 08:57:34 +0000 2011","contributors_enabled":false,"time_zone":"Melbourne","protected":false,"default_profile":false,"is_translator":false},"geo":null,"in_reply_to_user_id_str":"1036325418","lang":"en","created_at":"Mon Dec 15 02:25:36 +0000 2014","in_reply_to_status_id_str":"544316684736028673","place":null},
{"contributors":null,"truncated":false,"text":"@andrewbogut prayers up","in_reply_to_status_id":544316684736028673,"id":544317398472339456,"favorite_count":1,"source":"<a href=\"http://twitter.com/download/android\" rel=\"nofollow\">Twitter for Android</a>","retweeted":false,"coordinates":null,"entities":{"symbols":[],"user_mentions":[{"id":1036325418,"indices":[0,12],"id_str":"1036325418","screen_name":"andrewbogut","name":"Andrew Bogut"}],"hashtags":[],"urls":[]},"in_reply_to_screen_name":"andrewbogut","id_str":"544317398472339456","retweet_count":0,"in_reply_to_user_id":1036325418,"favorited":false,"user":{"follow_request_sent":false,"profile_use_background_image":true,"profile_text_color":"666666","default_profile_image":false,"id":154940525,"profile_background_image_url_https":"https://abs.twimg.com/images/themes/theme9/bg.gif","verified":false,"profile_location":null,"profile_image_url_https":"https://pbs.twimg.com/profile_images/561114606756581376/xMEP3Nd7_normal.jpeg","profile_sidebar_fill_color":"252429","entities":{"description":{"urls":[]}},"followers_count":49,"profile_sidebar_border_color":"181A1E","id_str":"154940525","profile_background_color":"1A1B1F","listed_count":0,"is_translation_enabled":false,"utc_offset":46800,"statuses_count":1327,"description":"#iamaceltic #iamnotsouthbeach #prayfordrose #mambamentatlity #countonkobe","friends_count":524,"location":"New Zealand","profile_link_color":"2FC2EF","profile_image_url":"http://pbs.twimg.com/profile_images/561114606756581376/xMEP3Nd7_normal.jpeg","following":false,"geo_enabled":true,"profile_banner_url":"https://pbs.twimg.com/profile_banners/154940525/1404558213","profile_background_image_url":"http://abs.twimg.com/images/themes/theme9/bg.gif","name":"LeKobe Duranthony","lang":"en","profile_background_tile":false,"favourites_count":95,"screen_name":"jason_53","notifications":false,"url":null,"created_at":"Sat Jun 12 17:02:52 +0000 2010","contributors_enabled":false,"time_zone":"Wellington","protected":false,"default_profile":false,"is_translator":false},"geo":null,"in_reply_to_user_id_str":"1036325418","lang":"en","created_at":"Mon Dec 15 02:25:55 +0000 2014","in_reply_to_status_id_str":"544316684736028673","place":null},
{"contributors":null,"truncated":false,"text":"@andrewbogut totally agree. Couldn't have said it any better.","in_reply_to_status_id":544316684736028673,"id":544317472870920193,"favorite_count":0,"source":"<a href=\"http://twitter.com/#!/download/ipad\" rel=\"nofollow\">Twitter for iPad</a>","retweeted":false,"coordinates":null,"entities":{"symbols":[],"user_mentions":[{"id":1036325418,"indices":[0,12],"id_str":"1036325418","screen_name":"andrewbogut","name":"Andrew Bogut"}],"hashtags":[],"urls":[]},"in_reply_to_screen_name":"andrewbogut","id_str":"544317472870920193","retweet_count":0,"in_reply_to_user_id":1036325418,"favorited":false,"user":{"follow_request_sent":false,"profile_use_background_image":true,"profile_text_color":"333333","default_profile_image":false,"id":867363385,"profile_background_image_url_https":"https://abs.twimg.com/images/themes/theme1/bg.png","verified":false,"profile_location":null,"profile_image_url_https":"https://pbs.twimg.com/profile_images/570691791427366912/MGeYfqyt_normal.jpeg","profile_sidebar_fill_color":"DDEEF6","entities":{"description":{"urls":[]}},"followers_count":57,"profile_sidebar_border_color":"C0DEED","id_str":"867363385","profile_background_color":"C0DEED","listed_count":2,"is_translation_enabled":false,"utc_offset":36000,"statuses_count":145,"description":"Devoted Sportaholic. Social Media nerd. Proud American Sports fan. International Business and Management student.","friends_count":442,"location":"Brisbane, Australia","profile_link_color":"ABB8C2","profile_image_url":"http://pbs.twimg.com/profile_images/570691791427366912/MGeYfqyt_normal.jpeg","following":false,"geo_enabled":true,"profile_banner_url":"https://pbs.twimg.com/profile_banners/867363385/1416976568","profile_background_image_url":"http://abs.twimg.com/images/themes/theme1/bg.png","name":"Joel Leonard","lang":"en","profile_background_tile":false,"favourites_count":156,"screen_name":"ItsJoelLeonard","notifications":false,"url":null,"created_at":"Mon Oct 08 03:32:55 +0000 2012","contributors_enabled":false,"time_zone":"Brisbane","protected":false,"default_profile":false,"is_translator":false},"geo":null,"in_reply_to_user_id_str":"1036325418","lang":"en","created_at":"Mon Dec 15 02:26:13 +0000 2014","in_reply_to_status_id_str":"544316684736028673","place":null},
{"contributors":null,"truncated":false,"text":"@andrewbogut we got to catch them first big fella","in_reply_to_status_id":544316684736028673,"id":544317687698976768,"favorite_count":0,"source":"<a href=\"http://twitter.com\" rel=\"nofollow\">Twitter Web Client</a>","retweeted":false,"coordinates":null,"entities":{"symbols":[],"user_mentions":[{"id":1036325418,"indices":[0,12],"id_str":"1036325418","screen_name":"andrewbogut","name":"Andrew Bogut"}],"hashtags":[],"urls":[]},"in_reply_to_screen_name":"andrewbogut","id_str":"544317687698976768","retweet_count":0,"in_reply_to_user_id":1036325418,"favorited":false,"user":{"follow_request_sent":false,"profile_use_background_image":true,"profile_text_color":"333333","default_profile_image":false,"id":36078472,"profile_background_image_url_https":"https://pbs.twimg.com/profile_background_images/10560480/smbackground4.jpg","verified":false,"profile_location":null,"profile_image_url_https":"https://pbs.twimg.com/profile_images/378800000355060915/6721dc6e7fa4dfb3f911066d3ec8a95d_normal.jpeg","profile_sidebar_fill_color":"DDFFCC","entities":{"description":{"urls":[]}},"followers_count":330,"profile_sidebar_border_color":"BDDCAD","id_str":"36078472","profile_background_color":"9AE4E8","listed_count":4,"is_translation_enabled":false,"utc_offset":39600,"statuses_count":1446,"description":"AFL and Basketball news and views, Studied sports science.","friends_count":284,"location":"Riverena NSW","profile_link_color":"0084B4","profile_image_url":"http://pbs.twimg.com/profile_images/378800000355060915/6721dc6e7fa4dfb3f911066d3ec8a95d_normal.jpeg","following":false,"geo_enabled":true,"profile_banner_url":"https://pbs.twimg.com/profile_banners/36078472/1377402785","profile_background_image_url":"http://pbs.twimg.com/profile_background_images/10560480/smbackground4.jpg","name":"BenfromtheBlitzcast","lang":"en","profile_background_tile":false,"favourites_count":112,"screen_name":"entersanmarcos","notifications":false,"url":null,"created_at":"Tue Apr 28 14:30:14 +0000 2009","contributors_enabled":false,"time_zone":"Sydney","protected":false,"default_profile":false,"is_translator":false},"geo":null,"in_reply_to_user_id_str":"1036325418","lang":"en","created_at":"Mon Dec 15 02:27:04 +0000 2014","in_reply_to_status_id_str":"544316684736028673","place":null},
{"contributors":null,"truncated":false,"text":"@andrewbogut Hopefully the tax payors won't have to cover the SOB'S for the next 20! #LawEnforcement #GetItDone #Sydney","in_reply_to_status_id":544316684736028673,"id":544317820545536000,"favorite_count":0,"source":"<a href=\"http://twitter.com/download/android\" rel=\"nofollow\">Twitter for Android</a>","retweeted":false,"coordinates":null,"entities":{"symbols":[],"user_mentions":[{"id":1036325418,"indices":[0,12],"id_str":"1036325418","screen_name":"andrewbogut","name":"Andrew Bogut"}],"hashtags":[{"indices":[85,100],"text":"LawEnforcement"},{"indices":[101,111],"text":"GetItDone"},{"indices":[112,119],"text":"Sydney"}],"urls":[]},"in_reply_to_screen_name":"andrewbogut","id_str":"544317820545536000","retweet_count":0,"in_reply_to_user_id":1036325418,"favorited":false,"user":{"follow_request_sent":false,"profile_use_background_image":true,"profile_text_color":"4A66C1","default_profile_image":false,"id":408108289,"profile_background_image_url_https":"https://pbs.twimg.com/profile_background_images/752178584/0d0b9ded3ede183c30b139fe63bf6d05.jpeg","verified":false,"profile_location":null,"profile_image_url_https":"https://pbs.twimg.com/profile_images/586928850174611457/K0mCKiQz_normal.jpg","profile_sidebar_fill_color":"0E0E0E","entities":{"description":{"urls":[]}},"followers_count":1225,"profile_sidebar_border_color":"4A66C1","id_str":"408108289","profile_background_color":"000000","listed_count":41,"is_translation_enabled":false,"utc_offset":null,"statuses_count":32280,"description":"Winter sports! #Camping #Fishing AIRCRAFT is my passion! #DallasStars #RedSox & #Cowboys! Nascar is IT!! HOT YOGA!!  #Farming #NFB #IPlayRight #Conservative","friends_count":1734,"location":"Ontario, Canada","profile_link_color":"B8C5C6","profile_image_url":"http://pbs.twimg.com/profile_images/586928850174611457/K0mCKiQz_normal.jpg","following":false,"geo_enabled":true,"profile_banner_url":"https://pbs.twimg.com/profile_banners/408108289/1418786721","profile_background_image_url":"http://pbs.twimg.com/profile_background_images/752178584/0d0b9ded3ede183c30b139fe63bf6d05.jpeg","name":"Shawna","lang":"en","profile_background_tile":false,"favourites_count":2220,"screen_name":"fordgal4ever","notifications":false,"url":null,"created_at":"Wed Nov 09 00:16:12 +0000 2011","contributors_enabled":false,"time_zone":null,"protected":false,"default_profile":false,"is_translator":false},"geo":null,"in_reply_to_user_id_str":"1036325418","lang":"en","created_at":"Mon Dec 15 02:27:36 +0000 2014","in_reply_to_status_id_str":"544316684736028673","place":null},
{"contributors":null,"truncated":false,"text":"@andrewbogut not looking good ATM big fella. Scary stuff","in_reply_to_status_id":544316684736028673,"id":544317837326561280,"favorite_count":0,"source":"<a href=\"http://twitter.com/download/iphone\" rel=\"nofollow\">Twitter for iPhone</a>","retweeted":false,"coordinates":null,"entities":{"symbols":[],"user_mentions":[{"id":1036325418,"indices":[0,12],"id_str":"1036325418","screen_name":"andrewbogut","name":"Andrew Bogut"}],"hashtags":[],"urls":[]},"in_reply_to_screen_name":"andrewbogut","id_str":"544317837326561280","retweet_count":0,"in_reply_to_user_id":1036325418,"favorited":false,"user":{"follow_request_sent":false,"profile_use_background_image":true,"profile_text_color":"333333","default_profile_image":false,"id":961669561,"profile_background_image_url_https":"https://abs.twimg.com/images/themes/theme1/bg.png","verified":false,"profile_location":null,"profile_image_url_https":"https://pbs.twimg.com/profile_images/378800000861901447/53LfAplq_normal.jpeg","profile_sidebar_fill_color":"DDEEF6","entities":{"description":{"urls":[]}},"followers_count":83,"profile_sidebar_border_color":"C0DEED","id_str":"961669561","profile_background_color":"C0DEED","listed_count":0,"is_translation_enabled":false,"utc_offset":null,"statuses_count":1688,"description":"","friends_count":375,"location":"","profile_link_color":"0084B4","profile_image_url":"http://pbs.twimg.com/profile_images/378800000861901447/53LfAplq_normal.jpeg","following":false,"geo_enabled":false,"profile_background_image_url":"http://abs.twimg.com/images/themes/theme1/bg.png","name":"Carlos junior","lang":"en","profile_background_tile":false,"favourites_count":195,"screen_name":"Carlos2Q","notifications":false,"url":null,"created_at":"Wed Nov 21 03:12:52 +0000 2012","contributors_enabled":false,"time_zone":null,"protected":false,"default_profile":true,"is_translator":false},"geo":null,"in_reply_to_user_id_str":"1036325418","lang":"en","created_at":"Mon Dec 15 02:27:40 +0000 2014","in_reply_to_status_id_str":"544316684736028673","place":null},
{"contributors":null,"truncated":false,"text":"@andrewbogut life in jail isnt enough for these assholes","in_reply_to_status_id":544316684736028673,"id":544317867496177664,"favorite_count":0,"source":"<a href=\"http://twitter.com/download/android\" rel=\"nofollow\">Twitter for Android</a>","retweeted":false,"coordinates":null,"entities":{"symbols":[],"user_mentions":[{"id":1036325418,"indices":[0,12],"id_str":"1036325418","screen_name":"andrewbogut","name":"Andrew Bogut"}],"hashtags":[],"urls":[]},"in_reply_to_screen_name":"andrewbogut","id_str":"544317867496177664","retweet_count":0,"in_reply_to_user_id":1036325418,"favorited":false,"user":{"follow_request_sent":false,"profile_use_background_image":false,"profile_text_color":"000000","default_profile_image":false,"id":198197984,"profile_background_image_url_https":"https://abs.twimg.com/images/themes/theme1/bg.png","verified":false,"profile_location":null,"profile_image_url_https":"https://pbs.twimg.com/profile_images/1264845040/100430_164926_normal.jpg","profile_sidebar_fill_color":"000000","entities":{"description":{"urls":[]}},"followers_count":46,"profile_sidebar_border_color":"000000","id_str":"198197984","profile_background_color":"000000","listed_count":0,"is_translation_enabled":false,"utc_offset":39600,"statuses_count":1364,"description":"A slow descent from unique to routine","friends_count":167,"location":"Wantirna South ","profile_link_color":"DD2E44","profile_image_url":"http://pbs.twimg.com/profile_images/1264845040/100430_164926_normal.jpg","following":false,"geo_enabled":true,"profile_background_image_url":"http://abs.twimg.com/images/themes/theme1/bg.png","name":"Aidan Griffiths ","lang":"en","profile_background_tile":false,"favourites_count":1627,"screen_name":"awesome_aidan","notifications":false,"url":null,"created_at":"Sun Oct 03 16:42:34 +0000 2010","contributors_enabled":false,"time_zone":"Melbourne","protected":false,"default_profile":false,"is_translator":false},"geo":null,"in_reply_to_user_id_str":"1036325418","lang":"en","created_at":"Mon Dec 15 02:27:47 +0000 2014","in_reply_to_status_id_str":"544316684736028673","place":null},
{"contributors":null,"truncated":false,"text":"@andrewbogut ..Islam xtremist ...wearing ISIS bandanna...not looking good for hostages.","in_reply_to_status_id":544316684736028673,"id":544317992440315904,"favorite_count":0,"source":"<a href=\"http://twitter.com/#!/download/ipad\" rel=\"nofollow\">Twitter for iPad</a>","retweeted":false,"coordinates":null,"entities":{"symbols":[],"user_mentions":[{"id":1036325418,"indices":[0,12],"id_str":"1036325418","screen_name":"andrewbogut","name":"Andrew Bogut"}],"hashtags":[],"urls":[]},"in_reply_to_screen_name":"andrewbogut","id_str":"544317992440315904","retweet_count":0,"in_reply_to_user_id":1036325418,"favorited":false,"user":{"follow_request_sent":false,"profile_use_background_image":true,"profile_text_color":"333333","default_profile_image":false,"id":263432004,"profile_background_image_url_https":"https://abs.twimg.com/images/themes/theme1/bg.png","verified":false,"profile_location":null,"profile_image_url_https":"https://pbs.twimg.com/profile_images/584632301893455872/N4zOOS98_normal.jpg","profile_sidebar_fill_color":"DDEEF6","entities":{"description":{"urls":[]}},"followers_count":144,"profile_sidebar_border_color":"C0DEED","id_str":"263432004","profile_background_color":"C0DEED","listed_count":2,"is_translation_enabled":false,"utc_offset":null,"statuses_count":3029,"description":"Proud Aussie..Graphic artist/photographer..Witty humour..Atheist..Greens/Enviroment..Cowboys n Socceroo fan..Batman geek..Kinky.,Big butt lover (can not lie)","friends_count":330,"location":"Noosa, Australia ","profile_link_color":"0084B4","profile_image_url":"http://pbs.twimg.com/profile_images/584632301893455872/N4zOOS98_normal.jpg","following":false,"geo_enabled":false,"profile_banner_url":"https://pbs.twimg.com/profile_banners/263432004/1411687867","profile_background_image_url":"http://abs.twimg.com/images/themes/theme1/bg.png","name":"John Freyer","lang":"en","profile_background_tile":false,"favourites_count":12101,"screen_name":"OzSpam","notifications":false,"url":null,"created_at":"Thu Mar 10 01:21:32 +0000 2011","contributors_enabled":false,"time_zone":null,"protected":false,"default_profile":true,"is_translator":false},"geo":null,"in_reply_to_user_id_str":"1036325418","lang":"en","created_at":"Mon Dec 15 02:28:16 +0000 2014","in_reply_to_status_id_str":"544316684736028673","place":null},
{"contributors":null,"truncated":false,"text":"@andrewbogut Life in prison is way to easy. These scum hate the Western way of life.","in_reply_to_status_id":544316684736028673,"id":544318018759585792,"favorite_count":0,"source":"<a href=\"http://twitter.com/#!/download/ipad\" rel=\"nofollow\">Twitter for iPad</a>","retweeted":false,"coordinates":null,"entities":{"symbols":[],"user_mentions":[{"id":1036325418,"indices":[0,12],"id_str":"1036325418","screen_name":"andrewbogut","name":"Andrew Bogut"}],"hashtags":[],"urls":[]},"in_reply_to_screen_name":"andrewbogut","id_str":"544318018759585792","retweet_count":0,"in_reply_to_user_id":1036325418,"favorited":false,"user":{"follow_request_sent":false,"profile_use_background_image":true,"profile_text_color":"333333","default_profile_image":false,"id":476497979,"profile_background_image_url_https":"https://abs.twimg.com/images/themes/theme1/bg.png","verified":false,"profile_location":null,"profile_image_url_https":"https://pbs.twimg.com/profile_images/1893255798/rwyJKs03_normal","profile_sidebar_fill_color":"DDEEF6","entities":{"description":{"urls":[]}},"followers_count":38,"profile_sidebar_border_color":"C0DEED","id_str":"476497979","profile_background_color":"C0DEED","listed_count":0,"is_translation_enabled":false,"utc_offset":null,"statuses_count":1134,"description":"EFC is my number 1 sporting love. A close second is the Chicago Bulls.","friends_count":316,"location":"Melbourne Australia ","profile_link_color":"0084B4","profile_image_url":"http://pbs.twimg.com/profile_images/1893255798/rwyJKs03_normal","following":false,"geo_enabled":true,"profile_background_image_url":"http://abs.twimg.com/images/themes/theme1/bg.png","name":"PDavies","lang":"en","profile_background_tile":false,"favourites_count":93,"screen_name":"Pdavies576Peter","notifications":false,"url":null,"created_at":"Sat Jan 28 06:00:30 +0000 2012","contributors_enabled":false,"time_zone":null,"protected":false,"default_profile":true,"is_translator":false},"geo":null,"in_reply_to_user_id_str":"1036325418","lang":"en","created_at":"Mon Dec 15 02:28:23 +0000 2014","in_reply_to_status_id_str":"544316684736028673","place":null},
{"contributors":null,"truncated":false,"text":"@andrewbogut @dandibley this is not good ISIS https://t.co/DQWeOcciCO","in_reply_to_status_id":544316684736028673,"id":544318126007922688,"favorite_count":0,"source":"<a href=\"http://twitter.com/download/iphone\" rel=\"nofollow\">Twitter for iPhone</a>","retweeted":false,"coordinates":null,"entities":{"symbols":[],"user_mentions":[{"id":1036325418,"indices":[0,12],"id_str":"1036325418","screen_name":"andrewbogut","name":"Andrew Bogut"},{"id":23717640,"indices":[13,23],"id_str":"23717640","screen_name":"dandibley","name":"Dan Dibley"}],"hashtags":[],"urls":[{"url":"https://t.co/DQWeOcciCO","indices":[46,69],"expanded_url":"https://twitter.com/ramiallolah/status/544276127158894593","display_url":"twitter.com/ramiallolah/st…"}]},"in_reply_to_screen_name":"andrewbogut","id_str":"544318126007922688","retweet_count":0,"in_reply_to_user_id":1036325418,"favorited":false,"user":{"follow_request_sent":false,"profile_use_background_image":true,"profile_text_color":"333333","default_profile_image":false,"id":32815250,"profile_background_image_url_https":"https://pbs.twimg.com/profile_background_images/106785726/IMG0011_new1.jpg","verified":false,"profile_location":null,"profile_image_url_https":"https://pbs.twimg.com/profile_images/440342244243931136/Lg_CL3sh_normal.jpeg","profile_sidebar_fill_color":"DDEEF6","entities":{"description":{"urls":[]}},"followers_count":142,"profile_sidebar_border_color":"C0DEED","id_str":"32815250","profile_background_color":"C0DEED","listed_count":0,"is_translation_enabled":false,"utc_offset":null,"statuses_count":2454,"description":"BG","friends_count":260,"location":"415","profile_link_color":"0084B4","profile_image_url":"http://pbs.twimg.com/profile_images/440342244243931136/Lg_CL3sh_normal.jpeg","following":false,"geo_enabled":true,"profile_banner_url":"https://pbs.twimg.com/profile_banners/32815250/1402271950","profile_background_image_url":"http://pbs.twimg.com/profile_background_images/106785726/IMG0011_new1.jpg","name":"Ben Godfrey","lang":"en","profile_background_tile":false,"favourites_count":1607,"screen_name":"bengodfrey","notifications":false,"url":null,"created_at":"Sat Apr 18 06:32:14 +0000 2009","contributors_enabled":false,"time_zone":null,"protected":false,"default_profile":false,"is_translator":false},"geo":null,"in_reply_to_user_id_str":"1036325418","possibly_sensitive":false,"lang":"en","created_at":"Mon Dec 15 02:28:48 +0000 2014","in_reply_to_status_id_str":"544316684736028673","place":null},
{"contributors":null,"truncated":false,"text":"@andrewbogut How about public execution?  It's the only these thugs deserve.","in_reply_to_status_id":544316684736028673,"id":544318829485387776,"favorite_count":0,"source":"<a href=\"http://twitter.com/download/iphone\" rel=\"nofollow\">Twitter for iPhone</a>","retweeted":false,"coordinates":null,"entities":{"symbols":[],"user_mentions":[{"id":1036325418,"indices":[0,12],"id_str":"1036325418","screen_name":"andrewbogut","name":"Andrew Bogut"}],"hashtags":[],"urls":[]},"in_reply_to_screen_name":"andrewbogut","id_str":"544318829485387776","retweet_count":0,"in_reply_to_user_id":1036325418,"favorited":false,"user":{"follow_request_sent":false,"profile_use_background_image":true,"profile_text_color":"333333","default_profile_image":false,"id":1286858275,"profile_background_image_url_https":"https://abs.twimg.com/images/themes/theme1/bg.png","verified":false,"profile_location":null,"profile_image_url_https":"https://pbs.twimg.com/profile_images/3410864926/f5bb9ad629938b8d70802de33448f470_normal.jpeg","profile_sidebar_fill_color":"DDEEF6","entities":{"description":{"urls":[]}},"followers_count":23,"profile_sidebar_border_color":"FFFFFF","id_str":"1286858275","profile_background_color":"C0DEED","listed_count":0,"is_translation_enabled":false,"utc_offset":null,"statuses_count":483,"description":"Residential Real Estate Broker; SF Bay Area","friends_count":286,"location":"","profile_link_color":"0084B4","profile_image_url":"http://pbs.twimg.com/profile_images/3410864926/f5bb9ad629938b8d70802de33448f470_normal.jpeg","following":false,"geo_enabled":false,"profile_banner_url":"https://pbs.twimg.com/profile_banners/1286858275/1415355876","profile_background_image_url":"http://abs.twimg.com/images/themes/theme1/bg.png","name":"Cory Cooper","lang":"en","profile_background_tile":false,"favourites_count":182,"screen_name":"CoryAgent","notifications":false,"url":null,"created_at":"Thu Mar 21 20:10:35 +0000 2013","contributors_enabled":false,"time_zone":null,"protected":false,"default_profile":false,"is_translator":false},"geo":null,"in_reply_to_user_id_str":"1036325418","lang":"en","created_at":"Mon Dec 15 02:31:36 +0000 2014","in_reply_to_status_id_str":"544316684736028673","place":null},
{"contributors":null,"truncated":false,"text":"@andrewbogut  Hopefully the snipers take them out.","in_reply_to_status_id":544316684736028673,"id":544319679125151745,"favorite_count":0,"source":"<a href=\"http://twitter.com\" rel=\"nofollow\">Twitter Web Client</a>","retweeted":false,"coordinates":null,"entities":{"symbols":[],"user_mentions":[{"id":1036325418,"indices":[0,12],"id_str":"1036325418","screen_name":"andrewbogut","name":"Andrew Bogut"}],"hashtags":[],"urls":[]},"in_reply_to_screen_name":"andrewbogut","id_str":"544319679125151745","retweet_count":0,"in_reply_to_user_id":1036325418,"favorited":false,"user":{"follow_request_sent":false,"profile_use_background_image":true,"profile_text_color":"333333","default_profile_image":true,"id":2268666234,"profile_background_image_url_https":"https://abs.twimg.com/images/themes/theme1/bg.png","verified":false,"profile_location":null,"profile_image_url_https":"https://abs.twimg.com/sticky/default_profile_images/default_profile_2_normal.png","profile_sidebar_fill_color":"DDEEF6","entities":{"description":{"urls":[]}},"followers_count":20,"profile_sidebar_border_color":"C0DEED","id_str":"2268666234","profile_background_color":"C0DEED","listed_count":0,"is_translation_enabled":false,"utc_offset":36000,"statuses_count":29,"description":"","friends_count":189,"location":"","profile_link_color":"000000","profile_image_url":"http://abs.twimg.com/sticky/default_profile_images/default_profile_2_normal.png","following":false,"geo_enabled":false,"profile_background_image_url":"http://abs.twimg.com/images/themes/theme1/bg.png","name":"thename.","lang":"en","profile_background_tile":false,"favourites_count":71,"screen_name":"asitisinit","notifications":false,"url":null,"created_at":"Mon Dec 30 10:26:11 +0000 2013","contributors_enabled":false,"time_zone":"Yakutsk","protected":false,"default_profile":false,"is_translator":false},"geo":null,"in_reply_to_user_id_str":"1036325418","lang":"en","created_at":"Mon Dec 15 02:34:59 +0000 2014","in_reply_to_status_id_str":"544316684736028673","place":null},
{"contributors":null,"truncated":false,"text":"@andrewbogut haha life imprisonment.. That will never happen in Aus","in_reply_to_status_id":544316684736028673,"id":544319755679563776,"favorite_count":0,"source":"<a href=\"http://twitter.com/download/iphone\" rel=\"nofollow\">Twitter for iPhone</a>","retweeted":false,"coordinates":null,"entities":{"symbols":[],"user_mentions":[{"id":1036325418,"indices":[0,12],"id_str":"1036325418","screen_name":"andrewbogut","name":"Andrew Bogut"}],"hashtags":[],"urls":[]},"in_reply_to_screen_name":"andrewbogut","id_str":"544319755679563776","retweet_count":0,"in_reply_to_user_id":1036325418,"favorited":false,"user":{"follow_request_sent":false,"profile_use_background_image":true,"profile_text_color":"000000","default_profile_image":false,"id":29100338,"profile_background_image_url_https":"https://pbs.twimg.com/profile_background_images/7601514/michael_jordan_pics.jpg","verified":false,"profile_location":null,"profile_image_url_https":"https://pbs.twimg.com/profile_images/2595257854/image_normal.jpg","profile_sidebar_fill_color":"595C57","entities":{"description":{"urls":[]}},"followers_count":19,"profile_sidebar_border_color":"000000","id_str":"29100338","profile_background_color":"000000","listed_count":0,"is_translation_enabled":false,"utc_offset":39600,"statuses_count":1058,"description":"","friends_count":44,"location":"Melbourne, Australia","profile_link_color":"0084B4","profile_image_url":"http://pbs.twimg.com/profile_images/2595257854/image_normal.jpg","following":false,"geo_enabled":true,"profile_background_image_url":"http://pbs.twimg.com/profile_background_images/7601514/michael_jordan_pics.jpg","name":"Mark Joukadjian","lang":"en","profile_background_tile":true,"favourites_count":44,"screen_name":"mjoukadjian","notifications":false,"url":null,"created_at":"Mon Apr 06 00:09:32 +0000 2009","contributors_enabled":false,"time_zone":"Melbourne","protected":false,"default_profile":false,"is_translator":false},"geo":null,"in_reply_to_user_id_str":"1036325418","lang":"en","created_at":"Mon Dec 15 02:35:17 +0000 2014","in_reply_to_status_id_str":"544316684736028673","place":null},
{"contributors":null,"truncated":false,"text":"@andrewbogut send them back home. Out of Australia.","in_reply_to_status_id":544316684736028673,"id":544325541675810816,"favorite_count":0,"source":"<a href=\"http://twitter.com/download/iphone\" rel=\"nofollow\">Twitter for iPhone</a>","retweeted":false,"coordinates":null,"entities":{"symbols":[],"user_mentions":[{"id":1036325418,"indices":[0,12],"id_str":"1036325418","screen_name":"andrewbogut","name":"Andrew Bogut"}],"hashtags":[],"urls":[]},"in_reply_to_screen_name":"andrewbogut","id_str":"544325541675810816","retweet_count":0,"in_reply_to_user_id":1036325418,"favorited":false,"user":{"follow_request_sent":false,"profile_use_background_image":true,"profile_text_color":"333333","default_profile_image":false,"id":924762523,"profile_background_image_url_https":"https://abs.twimg.com/images/themes/theme1/bg.png","verified":false,"profile_location":null,"profile_image_url_https":"https://pbs.twimg.com/profile_images/453780182768156673/Ijf6EYAE_normal.jpeg","profile_sidebar_fill_color":"DDEEF6","entities":{"description":{"urls":[]}},"followers_count":25,"profile_sidebar_border_color":"C0DEED","id_str":"924762523","profile_background_color":"C0DEED","listed_count":0,"is_translation_enabled":false,"utc_offset":null,"statuses_count":100,"description":"Trainhard and live your life eating heathier. Director of a large security company in Brisbane Australia.","friends_count":100,"location":"","profile_link_color":"0084B4","profile_image_url":"http://pbs.twimg.com/profile_images/453780182768156673/Ijf6EYAE_normal.jpeg","following":false,"geo_enabled":true,"profile_banner_url":"https://pbs.twimg.com/profile_banners/924762523/1407749084","profile_background_image_url":"http://abs.twimg.com/images/themes/theme1/bg.png","name":"fitnessmad","lang":"en","profile_background_tile":false,"favourites_count":14,"screen_name":"DaletacDale","notifications":false,"url":null,"created_at":"Sun Nov 04 06:03:59 +0000 2012","contributors_enabled":false,"time_zone":null,"protected":false,"default_profile":true,"is_translator":false},"geo":null,"in_reply_to_user_id_str":"1036325418","lang":"en","created_at":"Mon Dec 15 02:58:16 +0000 2014","in_reply_to_status_id_str":"544316684736028673","place":null},
{"contributors":null,"truncated":false,"text":"@andrewbogut I'd like them to also get 12 rounds in a ring with your good self mate. Terrible news, hope everyone escapes unharmed.","in_reply_to_status_id":544316684736028673,"id":544326657121607680,"favorite_count":0,"source":"<a href=\"http://twitter.com\" rel=\"nofollow\">Twitter Web Client</a>","retweeted":false,"coordinates":null,"entities":{"symbols":[],"user_mentions":[{"id":1036325418,"indices":[0,12],"id_str":"1036325418","screen_name":"andrewbogut","name":"Andrew Bogut"}],"hashtags":[],"urls":[]},"in_reply_to_screen_name":"andrewbogut","id_str":"544326657121607680","retweet_count":0,"in_reply_to_user_id":1036325418,"favorited":false,"user":{"follow_request_sent":false,"profile_use_background_image":true,"profile_text_color":"333333","default_profile_image":false,"id":2906515934,"profile_background_image_url_https":"https://abs.twimg.com/images/themes/theme1/bg.png","verified":false,"profile_location":null,"profile_image_url_https":"https://pbs.twimg.com/profile_images/578199524042104832/fLkQ8PC4_normal.jpeg","profile_sidebar_fill_color":"DDEEF6","entities":{"url":{"urls":[{"url":"http://t.co/wxnkOeRyDw","indices":[0,22],"expanded_url":"http://www.sportonometrics.weebly.com","display_url":"sportonometrics.weebly.com"}]},"description":{"urls":[]}},"followers_count":23,"profile_sidebar_border_color":"C0DEED","id_str":"2906515934","profile_background_color":"C0DEED","listed_count":2,"is_translation_enabled":false,"utc_offset":null,"statuses_count":606,"description":"Author of Sportonometrics / Sports fanatic","friends_count":152,"location":"","profile_link_color":"0084B4","profile_image_url":"http://pbs.twimg.com/profile_images/578199524042104832/fLkQ8PC4_normal.jpeg","following":false,"geo_enabled":true,"profile_banner_url":"https://pbs.twimg.com/profile_banners/2906515934/1416618168","profile_background_image_url":"http://abs.twimg.com/images/themes/theme1/bg.png","name":"Michael Scibilia","lang":"en","profile_background_tile":false,"favourites_count":56,"screen_name":"mike_scibilia","notifications":false,"url":"http://t.co/wxnkOeRyDw","created_at":"Sat Nov 22 00:45:25 +0000 2014","contributors_enabled":false,"time_zone":null,"protected":false,"default_profile":true,"is_translator":false},"geo":null,"in_reply_to_user_id_str":"1036325418","lang":"en","created_at":"Mon Dec 15 03:02:42 +0000 2014","in_reply_to_status_id_str":"544316684736028673","place":null},
{"contributors":null,"truncated":false,"text":"@andrewbogut amen to that,  thoughtless bastards  ,  thoughts and atheistic prayers to folks in Sydney","in_reply_to_status_id":544316684736028673,"id":544341380097523712,"favorite_count":0,"source":"<a href=\"http://twitter.com/download/android\" rel=\"nofollow\">Twitter for Android</a>","retweeted":false,"coordinates":null,"entities":{"symbols":[],"user_mentions":[{"id":1036325418,"indices":[0,12],"id_str":"1036325418","screen_name":"andrewbogut","name":"Andrew Bogut"}],"hashtags":[],"urls":[]},"in_reply_to_screen_name":"andrewbogut","id_str":"544341380097523712","retweet_count":0,"in_reply_to_user_id":1036325418,"favorited":false,"user":{"follow_request_sent":false,"profile_use_background_image":true,"profile_text_color":"333333","default_profile_image":false,"id":152556754,"profile_background_image_url_https":"https://abs.twimg.com/images/themes/theme1/bg.png","verified":false,"profile_location":null,"profile_image_url_https":"https://pbs.twimg.com/profile_images/576015678370553859/SFfS5hZe_normal.jpeg","profile_sidebar_fill_color":"DDEEF6","entities":{"url":{"urls":[{"url":"http://t.co/eHCmnHWbih","indices":[0,22],"expanded_url":"http://www.baysportsnet.com","display_url":"baysportsnet.com"}]},"description":{"urls":[]}},"followers_count":6355,"profile_sidebar_border_color":"C0DEED","id_str":"152556754","profile_background_color":"C0DEED","listed_count":0,"is_translation_enabled":false,"utc_offset":null,"statuses_count":1308,"description":"Love my wife & son.  Tweet about sports, politics & entertainment.","friends_count":299,"location":"San Jose, CA","profile_link_color":"0084B4","profile_image_url":"http://pbs.twimg.com/profile_images/576015678370553859/SFfS5hZe_normal.jpeg","following":false,"geo_enabled":false,"profile_banner_url":"https://pbs.twimg.com/profile_banners/152556754/1396584063","profile_background_image_url":"http://abs.twimg.com/images/themes/theme1/bg.png","name":"Kabir Chahal","lang":"en","profile_background_tile":false,"favourites_count":34,"screen_name":"kabirchahal","notifications":false,"url":"http://t.co/eHCmnHWbih","created_at":"Sun Jun 06 07:37:27 +0000 2010","contributors_enabled":false,"time_zone":null,"protected":false,"default_profile":true,"is_translator":false},"geo":null,"in_reply_to_user_id_str":"1036325418","lang":"en","created_at":"Mon Dec 15 04:01:13 +0000 2014","in_reply_to_status_id_str":"544316684736028673","place":null}
]