[{"contributors":null,"truncated":false,"text":"@cnnbrk For Only $9 You Can Buy 3K Followers http://t.co/XQiCCTJWOe","in_reply_to_status_id":544356997718900736,"id":544357125427056641,"favorite_count":0,"source":"<a href=\"https://mobile.twitter.com\" rel=\"nofollow\">Mobile Web (M2)</a>","retweeted":false,"coordinates":null,"entities":{"symbols":[],"user_mentions":[{"id":428333,"indices":[0,7],"id_str":"428333","screen_name":"cnnbrk","name":"CNN Breaking News"}],"hashtags":[],"urls":[{"url":"http://t.co/XQiCCTJWOe","indices":[45,67],"expanded_url":"http://bit.ly/1vWqAMD","display_url":"bit.ly/1vWqAMD"}]},"in_reply_to_screen_name":"cnnbrk","id_str":"544357125427056641","retweet_count":0,"in_reply_to_user_id":428333,"favorited":false,"user":{"follow_request_sent":false,"profile_use_background_image":true,"profile_text_color":"FA8459","default_profile_image":false,"id":929662333,"profile_background_image_url_https":"https://pbs.twimg.com/profile_background_images/704148887/530305ee54dcd37a33244a09f7f62844.jpeg","verified":false,"profile_location":null,"profile_image_url_https":"https://pbs.twimg.com/profile_images/537455688780611584/u1aj5vr4_normal.jpeg","profile_sidebar_fill_color":"000000","entities":{"description":{"urls":[]}},"followers_count":18864,"profile_sidebar_border_color":"6CD0E0","id_str":"929662333","profile_background_color":"030103","listed_count":4,"is_translation_enabled":false,"utc_offset":null,"statuses_count":13175,"description":"Parody account","friends_count":728,"location":"Miami","profile_link_color":"947974","profile_image_url":"http://pbs.twimg.com/profile_images/537455688780611584/u1aj5vr4_normal.jpeg","following":false,"geo_enabled":false,"profile_background_image_url":"http://pbs.twimg.com/profile_background_images/704148887/530305ee54dcd37a33244a09f7f62844.jpeg","name":"Harry Styles.","lang":"pt","profile_background_tile":false,"favourites_count":29,"screen_name":"haurry_stvlles","notifications":false,"url":null,"created_at":"Tue Nov 06 12:44:46 +0000 2012","contributors_enabled":false,"time_zone":null,"protected":false,"default_profile":false,"is_translator":false},"geo":null,"in_reply_to_user_id_str":"428333","possibly_sensitive":false,"lang":"en","created_at":"Mon Dec 15 05:03:47 +0000 2014","in_reply_to_status_id_str":"544356997718900736","place":null},
{"contributors":null,"truncated":false,"text":"@haurry_stvlles @cnnbrk news.","in_reply_to_status_id":544357125427056641,"id":544357214459559936,"favorite_count":0,"source":"<a href=\"http://twitter.com/download/android\" rel=\"nofollow\">Twitter for Android</a>","retweeted":false,"coordinates":null,"entities":{"symbols":[],"user_mentions":[{"id":929662333,"indices":[0,15],"id_str":"929662333","screen_name":"haurry_stvlles","name":"Harry Styles."},{"id":428333,"indices":[16,23],"id_str":"428333","screen_name":"cnnbrk","name":"CNN Breaking News"}],"hashtags":[],"urls":[]},"in_reply_to_screen_name":"haurry_stvlles","id_str":"544357214459559936","retweet_count":0,"in_reply_to_user_id":929662333,"favorited":false,"user":{"follow_request_sent":false,"profile_use_background_image":true,"profile_text_color":"12B67E","default_profile_image":false,"id":1085149063,"profile_background_image_url_https":"https://pbs.twimg.com/profile_background_images/531994855904251904/7Xl7QAO1.jpeg","verified":false,"profile_location":null,"profile_image_url_https":"https://pbs.twimg.com/profile_images/545057254589087744/KhL-OxOM_normal.jpeg","profile_sidebar_fill_color":"854D0B","entities":{"url":{"urls":[{"url":"http://t.co/kMQCV0bMXR","indices":[0,22],"expanded_url":"http://www.youtube.com/lannesbowl","display_url":"youtube.com/lannesbowl"}]},"description":{"urls":[]}},"followers_count":622186,"profile_sidebar_border_color":"FFFFFF","id_str":"1085149063","profile_background_color":"ABB8C2","listed_count":43,"is_translation_enabled":false,"utc_offset":-7200,"statuses_count":83644,"description":"Profissional: lannbowl@gmail.com Official Twitter account Lannes Bowl. Twitter User Twitteiro!","friends_count":75157,"location":"Miami, FL and Brazil ","profile_link_color":"DD2E44","profile_image_url":"http://pbs.twimg.com/profile_images/545057254589087744/KhL-OxOM_normal.jpeg","following":false,"geo_enabled":true,"profile_banner_url":"https://pbs.twimg.com/profile_banners/1085149063/1415590238","profile_background_image_url":"http://pbs.twimg.com/profile_background_images/531994855904251904/7Xl7QAO1.jpeg","name":"Lannes Bowl","lang":"pt","profile_background_tile":true,"favourites_count":5567,"screen_name":"LannesBowl","notifications":false,"url":"http://t.co/kMQCV0bMXR","created_at":"Sun Jan 13 05:58:35 +0000 2013","contributors_enabled":false,"time_zone":"Brasilia","protected":false,"default_profile":false,"is_translator":false},"geo":null,"in_reply_to_user_id_str":"929662333","lang":"en","created_at":"Mon Dec 15 05:04:08 +0000 2014","in_reply_to_status_id_str":"544357125427056641","place":null},
{"contributors":null,"truncated":false,"text":"@cnnbrk 3 former hostages here being led away by Federal Police http://t.co/2ZoFO2JzCS","in_reply_to_status_id":544356997718900736,"id":544357468818898945,"favorite_count":1,"source":"<a href=\"http://twitter.com\" rel=\"nofollow\">Twitter Web Client</a>","retweeted":false,"coordinates":null,"entities":{"symbols":[],"user_mentions":[{"id":428333,"indices":[0,7],"id_str":"428333","screen_name":"cnnbrk","name":"CNN Breaking News"}],"hashtags":[],"urls":[],"media":[{"expanded_url":"http://twitter.com/MeghanStabler/status/544357468818898945/photo/1","display_url":"pic.twitter.com/2ZoFO2JzCS","url":"http://t.co/2ZoFO2JzCS","media_url_https":"https://pbs.twimg.com/media/B43yO62IgAAB4kU.png","id_str":"544357468110094336","sizes":{"large":{"h":667,"resize":"fit","w":1024},"small":{"h":221,"resize":"fit","w":340},"medium":{"h":391,"resize":"fit","w":600},"thumb":{"h":150,"resize":"crop","w":150}},"indices":[64,86],"type":"photo","id":544357468110094336,"media_url":"http://pbs.twimg.com/media/B43yO62IgAAB4kU.png"}]},"in_reply_to_screen_name":"cnnbrk","id_str":"544357468818898945","retweet_count":0,"in_reply_to_user_id":428333,"favorited":false,"user":{"follow_request_sent":false,"profile_use_background_image":true,"profile_text_color":"362720","default_profile_image":false,"id":23598656,"profile_background_image_url_https":"https://pbs.twimg.com/profile_background_images/481213215951450113/pGtzDRS1.png","verified":false,"profile_location":null,"profile_image_url_https":"https://pbs.twimg.com/profile_images/378800000181971500/848dd62d0b1b3bfc0981459e692bfc08_normal.jpeg","profile_sidebar_fill_color":"E5507E","entities":{"url":{"urls":[{"url":"http://t.co/IIwP8rYorc","indices":[0,22],"expanded_url":"http://www.meghanstabler.com","display_url":"meghanstabler.com"}]},"description":{"urls":[]}},"followers_count":1994,"profile_sidebar_border_color":"FFFFFF","id_str":"23598656","profile_background_color":"0D0C0C","listed_count":84,"is_translation_enabled":false,"utc_offset":-21600,"statuses_count":4337,"description":"Global Tech Exec & Strategist & Marketer. 2014 Working Mother of the Year. Political Consultant. @HRC Director @ReadyforHillary & @DNC Nat'l Finance Ctte member","friends_count":1815,"location":"Austin, Texas ","profile_link_color":"B40B43","profile_image_url":"http://pbs.twimg.com/profile_images/378800000181971500/848dd62d0b1b3bfc0981459e692bfc08_normal.jpeg","following":false,"geo_enabled":false,"profile_banner_url":"https://pbs.twimg.com/profile_banners/23598656/1416713065","profile_background_image_url":"http://pbs.twimg.com/profile_background_images/481213215951450113/pGtzDRS1.png","name":"Meghan Stabler","lang":"en","profile_background_tile":false,"favourites_count":631,"screen_name":"MeghanStabler","notifications":false,"url":"http://t.co/IIwP8rYorc","created_at":"Tue Mar 10 14:35:03 +0000 2009","contributors_enabled":false,"time_zone":"Central Time (US & Canada)","protected":false,"default_profile":false,"is_translator":false},"geo":null,"in_reply_to_user_id_str":"428333","possibly_sensitive":false,"lang":"en","created_at":"Mon Dec 15 05:05:08 +0000 2014","in_reply_to_status_id_str":"544356997718900736","place":null,"extended_entities":{"media":[{"expanded_url":"http://twitter.com/MeghanStabler/status/544357468818898945/photo/1","display_url":"pic.twitter.com/2ZoFO2JzCS","url":"http://t.co/2ZoFO2JzCS","media_url_https":"https://pbs.twimg.com/media/B43yO62IgAAB4kU.png","id_str":"544357468110094336","sizes":{"large":{"h":667,"resize":"fit","w":1024},"small":{"h":221,"resize":"fit","w":340},"medium":{"h":391,"resize":"fit","w":600},"thumb":{"h":150,"resize":"crop","w":150}},"indices":[64,86],"type":"photo","id":544357468110094336,"media_url":"http://pbs.twimg.com/media/B43yO62IgAAB4kU.png"}]}},
{"contributors":null,"truncated":false,"text":"“@cnnbrk: 3 people run out of Sydney cafe where hostages are being held. http://t.co/GK42Fv1gvy #sydneysiege” where Nemo them was at?","in_reply_to_status_id":544356997718900736,"id":544357676650885120,"favorite_count":1,"source":"<a href=\"http://twitter.com/download/iphone\" rel=\"nofollow\">Twitter for iPhone</a>","retweeted":false,"coordinates":null,"entities":{"symbols":[],"user_mentions":[{"id":428333,"indices":[1,8],"id_str":"428333","screen_name":"cnnbrk","name":"CNN Breaking News"}],"hashtags":[{"indices":[96,108],"text":"sydneysiege"}],"urls":[{"url":"http://t.co/GK42Fv1gvy","indices":[73,95],"expanded_url":"http://cnn.it/1wuhwgT","display_url":"cnn.it/1wuhwgT"}]},"in_reply_to_screen_name":"cnnbrk","id_str":"544357676650885120","retweet_count":0,"in_reply_to_user_id":428333,"favorited":false,"user":{"follow_request_sent":false,"profile_use_background_image":true,"profile_text_color":"666666","default_profile_image":false,"id":150354744,"profile_background_image_url_https":"https://pbs.twimg.com/profile_background_images/272150153/32573_1479518188822_1259795186_31357413_6126352_n.jpg","verified":false,"profile_location":null,"profile_image_url_https":"https://pbs.twimg.com/profile_images/585274920361263104/YBWoUSyj_normal.jpg","profile_sidebar_fill_color":"252429","entities":{"description":{"urls":[]}},"followers_count":1512,"profile_sidebar_border_color":"181A1E","id_str":"150354744","profile_background_color":"1A1B1F","listed_count":6,"is_translation_enabled":false,"utc_offset":-18000,"statuses_count":56102,"description":"My adopted parents named me Johnny Bravo  & my spanish friends call me El Jefe","friends_count":1976,"location":"W.A.W.G","profile_link_color":"2FC2EF","profile_image_url":"http://pbs.twimg.com/profile_images/585274920361263104/YBWoUSyj_normal.jpg","following":false,"geo_enabled":false,"profile_banner_url":"https://pbs.twimg.com/profile_banners/150354744/1418670269","profile_background_image_url":"http://pbs.twimg.com/profile_background_images/272150153/32573_1479518188822_1259795186_31357413_6126352_n.jpg","name":"✌Condoms over Babys✌","lang":"en","profile_background_tile":false,"favourites_count":822,"screen_name":"EddieKane_Jr","notifications":false,"url":null,"created_at":"Mon May 31 18:37:28 +0000 2010","contributors_enabled":false,"time_zone":"Eastern Time (US & Canada)","protected":false,"default_profile":false,"is_translator":false},"geo":null,"in_reply_to_user_id_str":"428333","possibly_sensitive":false,"lang":"en","created_at":"Mon Dec 15 05:05:58 +0000 2014","in_reply_to_status_id_str":"544356997718900736","place":null},
{"contributors":null,"truncated":false,"text":"@cnnbrk Oh, maybe you could shut off the dinosaur repeat...We already know how that ends and it's not news....You're dropping the ball.","in_reply_to_status_id":544356997718900736,"id":544357897577463808,"favorite_count":1,"source":"<a href=\"http://twitter.com\" rel=\"nofollow\">Twitter Web Client</a>","retweeted":false,"coordinates":null,"entities":{"symbols":[],"user_mentions":[{"id":428333,"indices":[0,7],"id_str":"428333","screen_name":"cnnbrk","name":"CNN Breaking News"}],"hashtags":[],"urls":[]},"in_reply_to_screen_name":"cnnbrk","id_str":"544357897577463808","retweet_count":0,"in_reply_to_user_id":428333,"favorited":false,"user":{"follow_request_sent":false,"profile_use_background_image":true,"profile_text_color":"362720","default_profile_image":false,"id":255269261,"profile_background_image_url_https":"https://pbs.twimg.com/profile_background_images/438513736605634560/3H1B-DCS.jpeg","verified":false,"profile_location":null,"profile_image_url_https":"https://pbs.twimg.com/profile_images/553644203687702528/mnns2Ckh_normal.jpeg","profile_sidebar_fill_color":"E5507E","entities":{"description":{"urls":[]}},"followers_count":1849,"profile_sidebar_border_color":"000000","id_str":"255269261","profile_background_color":"0D0C0D","listed_count":27,"is_translation_enabled":false,"utc_offset":-14400,"statuses_count":7722,"description":"Freelance #writer, speeches, web content, #humor, social media, ghost writer, stand up, roasts, copy, letter to Santa or Satan- your choice. ;)  DM me.","friends_count":2019,"location":"","profile_link_color":"440C99","profile_image_url":"http://pbs.twimg.com/profile_images/553644203687702528/mnns2Ckh_normal.jpeg","following":false,"geo_enabled":false,"profile_banner_url":"https://pbs.twimg.com/profile_banners/255269261/1405404449","profile_background_image_url":"http://pbs.twimg.com/profile_background_images/438513736605634560/3H1B-DCS.jpeg","name":"TheTalentlessCook","lang":"en","profile_background_tile":false,"favourites_count":7927,"screen_name":"TalentlessCook","notifications":false,"url":null,"created_at":"Mon Feb 21 01:09:35 +0000 2011","contributors_enabled":false,"time_zone":"Atlantic Time (Canada)","protected":false,"default_profile":false,"is_translator":false},"geo":null,"in_reply_to_user_id_str":"428333","lang":"en","created_at":"Mon Dec 15 05:06:51 +0000 2014","in_reply_to_status_id_str":"544356997718900736","place":null},
{"contributors":null,"truncated":false,"text":"“@cnnbrk: 3 people run out of Sydney cafe where hostages are being held. http://t.co/aPFlv8bMyZ #sydneysiege” @kcgandia @EmzSergio","in_reply_to_status_id":544356997718900736,"id":544357966548185088,"favorite_count":0,"source":"<a href=\"http://twitter.com/download/iphone\" rel=\"nofollow\">Twitter for iPhone</a>","retweeted":false,"coordinates":null,"entities":{"symbols":[],"user_mentions":[{"id":428333,"indices":[1,8],"id_str":"428333","screen_name":"cnnbrk","name":"CNN Breaking News"},{"id":199574966,"indices":[110,119],"id_str":"199574966","screen_name":"kcgandia","name":"Kristine Gandia"},{"id":71566083,"indices":[120,130],"id_str":"71566083","screen_name":"EmzSergio","name":"Mia Sergio"}],"hashtags":[{"indices":[96,108],"text":"sydneysiege"}],"urls":[{"url":"http://t.co/aPFlv8bMyZ","indices":[73,95],"expanded_url":"http://cnn.it/1wuhwgT","display_url":"cnn.it/1wuhwgT"}]},"in_reply_to_screen_name":"cnnbrk","id_str":"544357966548185088","retweet_count":0,"in_reply_to_user_id":428333,"favorited":false,"user":{"follow_request_sent":false,"profile_use_background_image":true,"profile_text_color":"333333","default_profile_image":false,"id":49831617,"profile_background_image_url_https":"https://abs.twimg.com/images/themes/theme1/bg.png","verified":false,"profile_location":null,"profile_image_url_https":"https://pbs.twimg.com/profile_images/545163074362028032/IbHkRBPF_normal.jpeg","profile_sidebar_fill_color":"DDEEF6","entities":{"description":{"urls":[]}},"followers_count":30,"profile_sidebar_border_color":"C0DEED","id_str":"49831617","profile_background_color":"C0DEED","listed_count":0,"is_translation_enabled":false,"utc_offset":null,"statuses_count":261,"description":"","friends_count":100,"location":"","profile_link_color":"0084B4","profile_image_url":"http://pbs.twimg.com/profile_images/545163074362028032/IbHkRBPF_normal.jpeg","following":false,"geo_enabled":true,"profile_banner_url":"https://pbs.twimg.com/profile_banners/49831617/1396421765","profile_background_image_url":"http://abs.twimg.com/images/themes/theme1/bg.png","name":"rain","lang":"en","profile_background_tile":false,"favourites_count":50,"screen_name":"coolet23","notifications":false,"url":null,"created_at":"Tue Jun 23 00:52:16 +0000 2009","contributors_enabled":false,"time_zone":null,"protected":false,"default_profile":true,"is_translator":false},"geo":null,"in_reply_to_user_id_str":"428333","possibly_sensitive":false,"lang":"en","created_at":"Mon Dec 15 05:07:07 +0000 2014","in_reply_to_status_id_str":"544356997718900736","place":null},
{"contributors":null,"truncated":false,"text":"@cnnbrk @CNN but this isn't in the story you link to.....bad form.","in_reply_to_status_id":544356997718900736,"id":544358650916380673,"favorite_count":0,"source":"<a href=\"http://twitter.com/#!/download/ipad\" rel=\"nofollow\">Twitter for iPad</a>","retweeted":false,"coordinates":null,"entities":{"symbols":[],"user_mentions":[{"id":428333,"indices":[0,7],"id_str":"428333","screen_name":"cnnbrk","name":"CNN Breaking News"},{"id":759251,"indices":[8,12],"id_str":"759251","screen_name":"CNN","name":"CNN"}],"hashtags":[],"urls":[]},"in_reply_to_screen_name":"cnnbrk","id_str":"544358650916380673","retweet_count":0,"in_reply_to_user_id":428333,"favorited":false,"user":{"follow_request_sent":false,"profile_use_background_image":true,"profile_text_color":"634047","default_profile_image":false,"id":5407582,"profile_background_image_url_https":"https://abs.twimg.com/images/themes/theme3/bg.gif","verified":false,"profile_location":null,"profile_image_url_https":"https://pbs.twimg.com/profile_images/571602213228978176/xFZzZgYn_normal.jpeg","profile_sidebar_fill_color":"E3E2DE","entities":{"url":{"urls":[{"url":"http://t.co/F0SMr29ToK","indices":[0,22],"expanded_url":"http://www.ladawn.co.uk","display_url":"ladawn.co.uk"}]},"description":{"urls":[]}},"followers_count":1414,"profile_sidebar_border_color":"FFFFFF","id_str":"5407582","profile_background_color":"EDECE9","listed_count":45,"is_translation_enabled":false,"utc_offset":0,"statuses_count":41481,"description":"Writer, Blogger, Life Model, Quilter, Mother, Wife, Force of Nature","friends_count":1989,"location":"iPhone: 51.369080,-0.688499","profile_link_color":"088253","profile_image_url":"http://pbs.twimg.com/profile_images/571602213228978176/xFZzZgYn_normal.jpeg","following":false,"geo_enabled":true,"profile_banner_url":"https://pbs.twimg.com/profile_banners/5407582/1398236226","profile_background_image_url":"http://abs.twimg.com/images/themes/theme3/bg.gif","name":"LaDawn","lang":"en","profile_background_tile":false,"favourites_count":12850,"screen_name":"ladawncp","notifications":false,"url":"http://t.co/F0SMr29ToK","created_at":"Sun Apr 22 17:43:56 +0000 2007","contributors_enabled":false,"time_zone":"London","protected":false,"default_profile":false,"is_translator":false},"geo":null,"in_reply_to_user_id_str":"428333","lang":"en","created_at":"Mon Dec 15 05:09:50 +0000 2014","in_reply_to_status_id_str":"544356997718900736","place":null},
{"contributors":null,"truncated":false,"text":"@cnnbrk \n\nKaty &amp; Bieber embrace Islam: http://t.co/VWPGkmeXLy\n\nThe Bible &amp; NASA embrace Islam: http://t.co/NpPT6HimrS. .","in_reply_to_status_id":544356997718900736,"id":544359545883987968,"favorite_count":1,"source":"<a href=\"http://twitter.com\" rel=\"nofollow\">Twitter Web Client</a>","retweeted":false,"coordinates":null,"entities":{"symbols":[],"user_mentions":[{"id":428333,"indices":[0,7],"id_str":"428333","screen_name":"cnnbrk","name":"CNN Breaking News"}],"hashtags":[],"urls":[{"url":"http://t.co/VWPGkmeXLy","indices":[43,65],"expanded_url":"http://justpaste.it/religion","display_url":"justpaste.it/religion"},{"url":"http://t.co/NpPT6HimrS","indices":[103,125],"expanded_url":"http://justpaste.it/NASA","display_url":"justpaste.it/NASA"}]},"in_reply_to_screen_name":"cnnbrk","id_str":"544359545883987968","retweet_count":0,"in_reply_to_user_id":428333,"favorited":false,"user":{"follow_request_sent":false,"profile_use_background_image":true,"profile_text_color":"333333","default_profile_image":false,"id":2215260181,"profile_background_image_url_https":"https://abs.twimg.com/images/themes/theme1/bg.png","verified":false,"profile_location":null,"profile_image_url_https":"https://pbs.twimg.com/profile_images/378800000792138491/648fc0dd49d42f9e8cc8ad3617282384_normal.png","profile_sidebar_fill_color":"DDEEF6","entities":{"description":{"urls":[]}},"followers_count":851,"profile_sidebar_border_color":"C0DEED","id_str":"2215260181","profile_background_color":"C0DEED","listed_count":12,"is_translation_enabled":false,"utc_offset":10800,"statuses_count":12525,"description":"I am willing to tweet about extraordinary, extremely interesting and awesome science only. But, I do not have enough time for discussions","friends_count":916,"location":"","profile_link_color":"0084B4","profile_image_url":"http://pbs.twimg.com/profile_images/378800000792138491/648fc0dd49d42f9e8cc8ad3617282384_normal.png","following":false,"geo_enabled":false,"profile_banner_url":"https://pbs.twimg.com/profile_banners/2215260181/1413645449","profile_background_image_url":"http://abs.twimg.com/images/themes/theme1/bg.png","name":"Secrets of Science","lang":"ar","profile_background_tile":false,"favourites_count":7084,"screen_name":"abkoma","notifications":false,"url":null,"created_at":"Tue Nov 26 06:59:14 +0000 2013","contributors_enabled":false,"time_zone":"Baghdad","protected":false,"default_profile":true,"is_translator":false},"geo":null,"in_reply_to_user_id_str":"428333","possibly_sensitive":false,"lang":"sk","created_at":"Mon Dec 15 05:13:24 +0000 2014","in_reply_to_status_id_str":"544356997718900736","place":null},
{"contributors":null,"truncated":false,"text":"“@cnnbrk: 3 people run out of Sydney cafe where hostages are being held. http://t.co/e14qrmgzKw #sydneysiege”","in_reply_to_status_id":544356997718900736,"id":544360066892046336,"favorite_count":1,"source":"<a href=\"http://twitter.com/download/iphone\" rel=\"nofollow\">Twitter for iPhone</a>","retweeted":false,"coordinates":null,"entities":{"symbols":[],"user_mentions":[{"id":428333,"indices":[1,8],"id_str":"428333","screen_name":"cnnbrk","name":"CNN Breaking News"}],"hashtags":[{"indices":[96,108],"text":"sydneysiege"}],"urls":[{"url":"http://t.co/e14qrmgzKw","indices":[73,95],"expanded_url":"http://cnn.it/1wuhwgT","display_url":"cnn.it/1wuhwgT"}]},"in_reply_to_screen_name":"cnnbrk","id_str":"544360066892046336","retweet_count":0,"in_reply_to_user_id":428333,"favorited":false,"user":{"follow_request_sent":false,"profile_use_background_image":true,"profile_text_color":"333333","default_profile_image":false,"id":22529583,"profile_background_image_url_https":"https://pbs.twimg.com/profile_background_images/663712738/5xysu9ymnv0iafu9tpms.jpeg","verified":false,"profile_location":null,"profile_image_url_https":"https://pbs.twimg.com/profile_images/2222844961/Screen_shot_2011-09-08_at_6.58.18_AM_normal.png","profile_sidebar_fill_color":"EFEFEF","entities":{"url":{"urls":[{"url":"http://t.co/D2je0rh36P","indices":[0,22],"expanded_url":"http://www.beamman.com","display_url":"beamman.com"}]},"description":{"urls":[]}},"followers_count":23025,"profile_sidebar_border_color":"FFFFFF","id_str":"22529583","profile_background_color":"131516","listed_count":134,"is_translation_enabled":false,"utc_offset":7200,"statuses_count":42950,"description":"I live by a code.. pride, honor, respect and responsibility. I love politics, water sports, the outdoors, singing and most importantly my country & homeland.","friends_count":717,"location":"www.golocaljo.com","profile_link_color":"171A1C","profile_image_url":"http://pbs.twimg.com/profile_images/2222844961/Screen_shot_2011-09-08_at_6.58.18_AM_normal.png","following":false,"geo_enabled":true,"profile_banner_url":"https://pbs.twimg.com/profile_banners/22529583/1400519175","profile_background_image_url":"http://pbs.twimg.com/profile_background_images/663712738/5xysu9ymnv0iafu9tpms.jpeg","name":"LumaQ","lang":"en","profile_background_tile":true,"favourites_count":589,"screen_name":"LumaQ","notifications":false,"url":"http://t.co/D2je0rh36P","created_at":"Mon Mar 02 20:39:29 +0000 2009","contributors_enabled":false,"time_zone":"Jerusalem","protected":false,"default_profile":false,"is_translator":false},"geo":null,"in_reply_to_user_id_str":"428333","possibly_sensitive":false,"lang":"en","created_at":"Mon Dec 15 05:15:28 +0000 2014","in_reply_to_status_id_str":"544356997718900736","place":null},
{"contributors":null,"truncated":false,"text":"“@cnnbrk: 3 people run out of Sydney cafe where hostages are being held #sydneysiege” Damn terrorists are attacking chocolate shops now smdh","in_reply_to_status_id":544356997718900736,"id":544360092431183872,"favorite_count":0,"source":"<a href=\"http://twitter.com/download/iphone\" rel=\"nofollow\">Twitter for iPhone</a>","retweeted":false,"coordinates":null,"entities":{"symbols":[],"user_mentions":[{"id":428333,"indices":[1,8],"id_str":"428333","screen_name":"cnnbrk","name":"CNN Breaking News"}],"hashtags":[{"indices":[72,84],"text":"sydneysiege"}],"urls":[]},"in_reply_to_screen_name":"cnnbrk","id_str":"544360092431183872","retweet_count":0,"in_reply_to_user_id":428333,"favorited":false,"user":{"follow_request_sent":false,"profile_use_background_image":true,"profile_text_color":"000000","default_profile_image":false,"id":18262462,"profile_background_image_url_https":"https://pbs.twimg.com/profile_background_images/487913586/TWACKROUND4.jpg","verified":false,"profile_location":null,"profile_image_url_https":"https://pbs.twimg.com/profile_images/583770724017385473/tyllF2AQ_normal.jpg","profile_sidebar_fill_color":"DEDCDB","entities":{"url":{"urls":[{"url":"https://t.co/V3yMwpoRX1","indices":[0,23],"expanded_url":"https://smokeweed.bandcamp.com/","display_url":"smokeweed.bandcamp.com"}]},"description":{"urls":[]}},"followers_count":4595,"profile_sidebar_border_color":"0FD665","id_str":"18262462","profile_background_color":"000000","listed_count":87,"is_translation_enabled":false,"utc_offset":-25200,"statuses_count":3173,"description":"I just smoke weed all day, every day. follow me and i'll follow you. #INSTAGRAM: @smoke_weed #1 twitter #phoenix one day i'll be the #1 twitter in #arizona","friends_count":2930,"location":"Phoenix","profile_link_color":"B8B8B8","profile_image_url":"http://pbs.twimg.com/profile_images/583770724017385473/tyllF2AQ_normal.jpg","following":false,"geo_enabled":true,"profile_banner_url":"https://pbs.twimg.com/profile_banners/18262462/1418068812","profile_background_image_url":"http://pbs.twimg.com/profile_background_images/487913586/TWACKROUND4.jpg","name":"@smoke_weed","lang":"en","profile_background_tile":true,"favourites_count":35,"screen_name":"smoke_weed","notifications":false,"url":"https://t.co/V3yMwpoRX1","created_at":"Sat Dec 20 06:12:14 +0000 2008","contributors_enabled":false,"time_zone":"Arizona","protected":false,"default_profile":false,"is_translator":false},"geo":null,"in_reply_to_user_id_str":"428333","lang":"en","created_at":"Mon Dec 15 05:15:34 +0000 2014","in_reply_to_status_id_str":"544356997718900736","place":null},
{"contributors":null,"truncated":false,"text":"@cnnbrk @CNN why isn't anything on #sydneysiege being broadcast on television?","in_reply_to_status_id":544356997718900736,"id":544360137113497600,"favorite_count":0,"source":"<a href=\"http://twitter.com/download/iphone\" rel=\"nofollow\">Twitter for iPhone</a>","retweeted":false,"coordinates":null,"entities":{"symbols":[],"user_mentions":[{"id":428333,"indices":[0,7],"id_str":"428333","screen_name":"cnnbrk","name":"CNN Breaking News"},{"id":759251,"indices":[8,12],"id_str":"759251","screen_name":"CNN","name":"CNN"}],"hashtags":[{"indices":[35,47],"text":"sydneysiege"}],"urls":[]},"in_reply_to_screen_name":"cnnbrk","id_str":"544360137113497600","retweet_count":0,"in_reply_to_user_id":428333,"favorited":false,"user":{"follow_request_sent":false,"profile_use_background_image":true,"profile_text_color":"666666","default_profile_image":false,"id":25716701,"profile_background_image_url_https":"https://pbs.twimg.com/profile_background_images/691136801/88331f360f78336a51e358b8bc7007fc.jpeg","verified":false,"profile_location":null,"profile_image_url_https":"https://pbs.twimg.com/profile_images/473461578222665729/ui8FfoP3_normal.jpeg","profile_sidebar_fill_color":"252429","entities":{"url":{"urls":[{"url":"https://t.co/rhI9dajBNv","indices":[0,23],"expanded_url":"https://www.keatonrow.com/jharris","display_url":"keatonrow.com/jharris"}]},"description":{"urls":[]}},"followers_count":804,"profile_sidebar_border_color":"FFFFFF","id_str":"25716701","profile_background_color":"1A1B1F","listed_count":10,"is_translation_enabled":false,"utc_offset":-21600,"statuses_count":1621,"description":"Artist, Dreamer, Fashion Stylist for @KeatonRow; Lover of all things Precious, Vintage, Unique, & Genuine. True Gypsy by heart! Wish I could live @ Music Fests","friends_count":2000,"location":"Nashville TN","profile_link_color":"18C1F5","profile_image_url":"http://pbs.twimg.com/profile_images/473461578222665729/ui8FfoP3_normal.jpeg","following":false,"geo_enabled":false,"profile_banner_url":"https://pbs.twimg.com/profile_banners/25716701/1401717211","profile_background_image_url":"http://pbs.twimg.com/profile_background_images/691136801/88331f360f78336a51e358b8bc7007fc.jpeg","name":"Jenny Harris","lang":"en","profile_background_tile":true,"favourites_count":280,"screen_name":"jennyh4","notifications":false,"url":"https://t.co/rhI9dajBNv","created_at":"Sat Mar 21 19:36:12 +0000 2009","contributors_enabled":false,"time_zone":"Central Time (US & Canada)","protected":false,"default_profile":false,"is_translator":false},"geo":null,"in_reply_to_user_id_str":"428333","lang":"en","created_at":"Mon Dec 15 05:15:45 +0000 2014","in_reply_to_status_id_str":"544356997718900736","place":null},
{"contributors":null,"truncated":false,"text":"“@cnnbrk: 3 people run out of Sydney cafe where hostages are being held. http://t.co/9NUfi8sspt #sydneysiege” Hope more come out 🙏","in_reply_to_status_id":544356997718900736,"id":544362975247618048,"favorite_count":0,"source":"<a href=\"http://twitter.com/download/iphone\" rel=\"nofollow\">Twitter for iPhone</a>","retweeted":false,"coordinates":null,"entities":{"symbols":[],"user_mentions":[{"id":428333,"indices":[1,8],"id_str":"428333","screen_name":"cnnbrk","name":"CNN Breaking News"}],"hashtags":[{"indices":[96,108],"text":"sydneysiege"}],"urls":[{"url":"http://t.co/9NUfi8sspt","indices":[73,95],"expanded_url":"http://cnn.it/1wuhwgT","display_url":"cnn.it/1wuhwgT"}]},"in_reply_to_screen_name":"cnnbrk","id_str":"544362975247618048","retweet_count":0,"in_reply_to_user_id":428333,"favorited":false,"user":{"follow_request_sent":false,"profile_use_background_image":true,"profile_text_color":"910D91","default_profile_image":false,"id":22949556,"profile_background_image_url_https":"https://pbs.twimg.com/profile_background_images/21057258/mqcurtainsdrawnRed.br.jpg","verified":false,"profile_location":null,"profile_image_url_https":"https://pbs.twimg.com/profile_images/488854004084916224/QdEascpB_normal.jpeg","profile_sidebar_fill_color":"080700","entities":{"description":{"urls":[]}},"followers_count":950,"profile_sidebar_border_color":"DCDCDC","id_str":"22949556","profile_background_color":"000000","listed_count":3,"is_translation_enabled":false,"utc_offset":-25200,"statuses_count":660,"description":"The 1980s show Moonlighting starred Bruce Willis and Cybill Shepherd and was a comedic timeless masterpiece that many of us still keep alive.  Join us!","friends_count":1998,"location":"Los Angeles","profile_link_color":"B30606","profile_image_url":"http://pbs.twimg.com/profile_images/488854004084916224/QdEascpB_normal.jpeg","following":false,"geo_enabled":false,"profile_banner_url":"https://pbs.twimg.com/profile_banners/22949556/1405387086","profile_background_image_url":"http://pbs.twimg.com/profile_background_images/21057258/mqcurtainsdrawnRed.br.jpg","name":"Moonlighting Magic","lang":"en","profile_background_tile":false,"favourites_count":549,"screen_name":"HayesAddisonLA","notifications":false,"url":null,"created_at":"Thu Mar 05 17:41:39 +0000 2009","contributors_enabled":false,"time_zone":"Mountain Time (US & Canada)","protected":false,"default_profile":false,"is_translator":false},"geo":null,"in_reply_to_user_id_str":"428333","possibly_sensitive":false,"lang":"en","created_at":"Mon Dec 15 05:27:01 +0000 2014","in_reply_to_status_id_str":"544356997718900736","place":null},
{"contributors":null,"truncated":false,"text":"3 people run out of Sydney cafe where hostages are being held. http://t.co/vLABjyLHkS #sydneysiege via @cnnbrk","in_reply_to_status_id":544356997718900736,"id":544364073505148929,"favorite_count":1,"source":"<a href=\"http://twitter.com/download/iphone\" rel=\"nofollow\">Twitter for iPhone</a>","retweeted":false,"coordinates":null,"entities":{"symbols":[],"user_mentions":[{"id":428333,"indices":[103,110],"id_str":"428333","screen_name":"cnnbrk","name":"CNN Breaking News"}],"hashtags":[{"indices":[86,98],"text":"sydneysiege"}],"urls":[{"url":"http://t.co/vLABjyLHkS","indices":[63,85],"expanded_url":"http://cnn.it/1wuhwgT","display_url":"cnn.it/1wuhwgT"}]},"in_reply_to_screen_name":"cnnbrk","id_str":"544364073505148929","retweet_count":1,"in_reply_to_user_id":428333,"favorited":false,"user":{"follow_request_sent":false,"profile_use_background_image":true,"profile_text_color":"333333","default_profile_image":false,"id":532018404,"profile_background_image_url_https":"https://abs.twimg.com/images/themes/theme1/bg.png","verified":false,"profile_location":null,"profile_image_url_https":"https://pbs.twimg.com/profile_images/378800000641156870/f3006ed4e60fa13898c2b1a5243e768a_normal.jpeg","profile_sidebar_fill_color":"DDEEF6","entities":{"description":{"urls":[]}},"followers_count":57977,"profile_sidebar_border_color":"C0DEED","id_str":"532018404","profile_background_color":"C0DEED","listed_count":336,"is_translation_enabled":false,"utc_offset":25200,"statuses_count":40866,"description":"All things travel, lovingly curated by @qnoy2k. E-mail: kenny@kartupos.co.id","friends_count":1,"location":"Jakarta, Indonesia","profile_link_color":"0084B4","profile_image_url":"http://pbs.twimg.com/profile_images/378800000641156870/f3006ed4e60fa13898c2b1a5243e768a_normal.jpeg","following":false,"geo_enabled":true,"profile_banner_url":"https://pbs.twimg.com/profile_banners/532018404/1353897185","profile_background_image_url":"http://abs.twimg.com/images/themes/theme1/bg.png","name":"KartuPos","lang":"en","profile_background_tile":false,"favourites_count":683,"screen_name":"KartuPos","notifications":false,"url":null,"created_at":"Wed Mar 21 04:59:57 +0000 2012","contributors_enabled":false,"time_zone":"Bangkok","protected":false,"default_profile":true,"is_translator":false},"geo":null,"in_reply_to_user_id_str":"428333","possibly_sensitive":false,"lang":"en","created_at":"Mon Dec 15 05:31:23 +0000 2014","in_reply_to_status_id_str":"544356997718900736","place":null},
{"contributors":null,"truncated":false,"text":"@cnnbrk Please join me in praying for these hostages.  I've been praying for them most of the evening that NO HARM will come to any of them.","in_reply_to_status_id":544356997718900736,"id":544366512576794625,"favorite_count":0,"source":"<a href=\"http://twitter.com\" rel=\"nofollow\">Twitter Web Client</a>","retweeted":false,"coordinates":null,"entities":{"symbols":[],"user_mentions":[{"id":428333,"indices":[0,7],"id_str":"428333","screen_name":"cnnbrk","name":"CNN Breaking News"}],"hashtags":[],"urls":[]},"in_reply_to_screen_name":"cnnbrk","id_str":"544366512576794625","retweet_count":0,"in_reply_to_user_id":428333,"favorited":false,"user":{"follow_request_sent":false,"profile_use_background_image":false,"profile_text_color":"333333","default_profile_image":false,"id":69032114,"profile_background_image_url_https":"https://abs.twimg.com/images/themes/theme17/bg.gif","verified":false,"profile_location":null,"profile_image_url_https":"https://pbs.twimg.com/profile_images/437683956/MyPhoto_normal.jpg","profile_sidebar_fill_color":"E6F6F9","entities":{"description":{"urls":[]}},"followers_count":1210,"profile_sidebar_border_color":"FFFFFF","id_str":"69032114","profile_background_color":"8B599C","listed_count":40,"is_translation_enabled":false,"utc_offset":-21600,"statuses_count":65808,"description":"Teacher","friends_count":1096,"location":"Brandon, Manitoba, Canada","profile_link_color":"B833CC","profile_image_url":"http://pbs.twimg.com/profile_images/437683956/MyPhoto_normal.jpg","following":false,"geo_enabled":false,"profile_background_image_url":"http://abs.twimg.com/images/themes/theme17/bg.gif","name":"Deborah Boschman","lang":"en","profile_background_tile":false,"favourites_count":7409,"screen_name":"Manitobagal","notifications":false,"url":null,"created_at":"Wed Aug 26 16:54:03 +0000 2009","contributors_enabled":false,"time_zone":"Central Time (US & Canada)","protected":false,"default_profile":false,"is_translator":false},"geo":null,"in_reply_to_user_id_str":"428333","lang":"en","created_at":"Mon Dec 15 05:41:05 +0000 2014","in_reply_to_status_id_str":"544356997718900736","place":null},
{"contributors":null,"truncated":false,"text":"!!“@cnnbrk: 3 people run out of Sydney cafe where hostages are being held. http://t.co/gkXjw2klhY #sydneysiege”","in_reply_to_status_id":544356997718900736,"id":544371842702520320,"favorite_count":0,"source":"<a href=\"http://twitter.com/download/iphone\" rel=\"nofollow\">Twitter for iPhone</a>","retweeted":false,"coordinates":null,"entities":{"symbols":[],"user_mentions":[{"id":428333,"indices":[3,10],"id_str":"428333","screen_name":"cnnbrk","name":"CNN Breaking News"}],"hashtags":[{"indices":[98,110],"text":"sydneysiege"}],"urls":[{"url":"http://t.co/gkXjw2klhY","indices":[75,97],"expanded_url":"http://cnn.it/1wuhwgT","display_url":"cnn.it/1wuhwgT"}]},"in_reply_to_screen_name":"cnnbrk","id_str":"544371842702520320","retweet_count":0,"in_reply_to_user_id":428333,"favorited":false,"user":{"follow_request_sent":false,"profile_use_background_image":true,"profile_text_color":"333333","default_profile_image":false,"id":1226405322,"profile_background_image_url_https":"https://pbs.twimg.com/profile_background_images/852523273/87226ae793be76e4d970db9ef60fec38.jpeg","verified":false,"profile_location":null,"profile_image_url_https":"https://pbs.twimg.com/profile_images/519643015464230912/vFTF20cX_normal.jpeg","profile_sidebar_fill_color":"DDEEF6","entities":{"url":{"urls":[{"url":"http://t.co/lGb2vzCyoq","indices":[0,22],"expanded_url":"http://www.ekonugroho.or.id","display_url":"ekonugroho.or.id"}]},"description":{"urls":[]}},"followers_count":1276,"profile_sidebar_border_color":"000000","id_str":"1226405322","profile_background_color":"020E14","listed_count":9,"is_translation_enabled":false,"utc_offset":null,"statuses_count":2080,"description":"it's just my mask","friends_count":1030,"location":"Yogyakarta, Indonesia","profile_link_color":"0084B4","profile_image_url":"http://pbs.twimg.com/profile_images/519643015464230912/vFTF20cX_normal.jpeg","following":false,"geo_enabled":true,"profile_banner_url":"https://pbs.twimg.com/profile_banners/1226405322/1418267141","profile_background_image_url":"http://pbs.twimg.com/profile_background_images/852523273/87226ae793be76e4d970db9ef60fec38.jpeg","name":"eko nugroho","lang":"en","profile_background_tile":true,"favourites_count":956,"screen_name":"Nugroho11Eko","notifications":false,"url":"http://t.co/lGb2vzCyoq","created_at":"Thu Feb 28 01:30:13 +0000 2013","contributors_enabled":false,"time_zone":null,"protected":false,"default_profile":false,"is_translator":false},"geo":null,"in_reply_to_user_id_str":"428333","possibly_sensitive":false,"lang":"en","created_at":"Mon Dec 15 06:02:15 +0000 2014","in_reply_to_status_id_str":"544356997718900736","place":null},
{"contributors":null,"truncated":false,"text":"@cnnbrk it is terrorist attack, the flag says \"There's no God but Allah\", that's what it means!","in_reply_to_status_id":544356997718900736,"id":544372635967455232,"favorite_count":1,"source":"<a href=\"http://twitter.com\" rel=\"nofollow\">Twitter Web Client</a>","retweeted":false,"coordinates":null,"entities":{"symbols":[],"user_mentions":[{"id":428333,"indices":[0,7],"id_str":"428333","screen_name":"cnnbrk","name":"CNN Breaking News"}],"hashtags":[],"urls":[]},"in_reply_to_screen_name":"cnnbrk","id_str":"544372635967455232","retweet_count":0,"in_reply_to_user_id":428333,"favorited":false,"user":{"follow_request_sent":false,"profile_use_background_image":false,"profile_text_color":"000000","default_profile_image":false,"id":51997305,"profile_background_image_url_https":"https://abs.twimg.com/images/themes/theme1/bg.png","verified":false,"profile_location":null,"profile_image_url_https":"https://pbs.twimg.com/profile_images/587883915517501440/iqiOCIem_normal.jpg","profile_sidebar_fill_color":"000000","entities":{"description":{"urls":[]}},"followers_count":1610,"profile_sidebar_border_color":"000000","id_str":"51997305","profile_background_color":"000000","listed_count":6,"is_translation_enabled":false,"utc_offset":-18000,"statuses_count":109581,"description":"IG // JuanLoPrende","friends_count":766,"location":"Ponce County","profile_link_color":"4A913C","profile_image_url":"http://pbs.twimg.com/profile_images/587883915517501440/iqiOCIem_normal.jpg","following":false,"geo_enabled":true,"profile_banner_url":"https://pbs.twimg.com/profile_banners/51997305/1412192458","profile_background_image_url":"http://abs.twimg.com/images/themes/theme1/bg.png","name":"Pasto Miyagi","lang":"en","profile_background_tile":false,"favourites_count":59582,"screen_name":"JuanLoPrende","notifications":false,"url":null,"created_at":"Mon Jun 29 08:03:27 +0000 2009","contributors_enabled":false,"time_zone":"Eastern Time (US & Canada)","protected":false,"default_profile":false,"is_translator":false},"geo":null,"in_reply_to_user_id_str":"428333","lang":"en","created_at":"Mon Dec 15 06:05:25 +0000 2014","in_reply_to_status_id_str":"544356997718900736","place":null},
{"contributors":null,"truncated":false,"text":"@cnnbrk @CNN this is the most phenomenal video of nothing happening. Get ready local US news stations CNN is posting nothing relevant.","in_reply_to_status_id":544356997718900736,"id":544386592870531072,"favorite_count":0,"source":"<a href=\"http://twitter.com/download/iphone\" rel=\"nofollow\">Twitter for iPhone</a>","retweeted":false,"coordinates":null,"entities":{"symbols":[],"user_mentions":[{"id":428333,"indices":[0,7],"id_str":"428333","screen_name":"cnnbrk","name":"CNN Breaking News"},{"id":759251,"indices":[8,12],"id_str":"759251","screen_name":"CNN","name":"CNN"}],"hashtags":[],"urls":[]},"in_reply_to_screen_name":"cnnbrk","id_str":"544386592870531072","retweet_count":0,"in_reply_to_user_id":428333,"favorited":false,"user":{"follow_request_sent":false,"profile_use_background_image":true,"profile_text_color":"333333","default_profile_image":false,"id":245430783,"profile_background_image_url_https":"https://abs.twimg.com/images/themes/theme1/bg.png","verified":false,"profile_location":null,"profile_image_url_https":"https://pbs.twimg.com/profile_images/562791095407759360/axZZdO8B_normal.jpeg","profile_sidebar_fill_color":"DDEEF6","entities":{"description":{"urls":[]}},"followers_count":46,"profile_sidebar_border_color":"C0DEED","id_str":"245430783","profile_background_color":"C0DEED","listed_count":1,"is_translation_enabled":false,"utc_offset":null,"statuses_count":2862,"description":"","friends_count":218,"location":"USA","profile_link_color":"0084B4","profile_image_url":"http://pbs.twimg.com/profile_images/562791095407759360/axZZdO8B_normal.jpeg","following":false,"geo_enabled":true,"profile_banner_url":"https://pbs.twimg.com/profile_banners/245430783/1418213451","profile_background_image_url":"http://abs.twimg.com/images/themes/theme1/bg.png","name":"HUH?","lang":"en","profile_background_tile":false,"favourites_count":1008,"screen_name":"USCGctm","notifications":false,"url":null,"created_at":"Mon Jan 31 17:46:19 +0000 2011","contributors_enabled":false,"time_zone":null,"protected":false,"default_profile":true,"is_translator":false},"geo":null,"in_reply_to_user_id_str":"428333","lang":"en","created_at":"Mon Dec 15 07:00:52 +0000 2014","in_reply_to_status_id_str":"544356997718900736","place":null},
{"contributors":null,"truncated":false,"text":"@coolet23 @kcgandia OMG!SG is the place to be na talaga hahaha!scary much!😔😐","in_reply_to_status_id":544357966548185088,"id":544393465002332160,"favorite_count":1,"source":"<a href=\"http://twitter.com/download/iphone\" rel=\"nofollow\">Twitter for iPhone</a>","retweeted":false,"coordinates":null,"entities":{"symbols":[],"user_mentions":[{"id":49831617,"indices":[0,9],"id_str":"49831617","screen_name":"coolet23","name":"rain"},{"id":199574966,"indices":[10,19],"id_str":"199574966","screen_name":"kcgandia","name":"Kristine Gandia"}],"hashtags":[],"urls":[]},"in_reply_to_screen_name":"coolet23","id_str":"544393465002332160","retweet_count":0,"in_reply_to_user_id":49831617,"favorited":false,"user":{"follow_request_sent":false,"profile_use_background_image":true,"profile_text_color":"333333","default_profile_image":false,"id":71566083,"profile_background_image_url_https":"https://abs.twimg.com/images/themes/theme19/bg.gif","verified":false,"profile_location":null,"profile_image_url_https":"https://pbs.twimg.com/profile_images/588678990702850048/GJYKb1U3_normal.jpg","profile_sidebar_fill_color":"F6FFD1","entities":{"description":{"urls":[]}},"followers_count":132,"profile_sidebar_border_color":"FFF8AD","id_str":"71566083","profile_background_color":"FFF04D","listed_count":1,"is_translation_enabled":false,"utc_offset":28800,"statuses_count":8882,"description":"If it makes you happy, do it. If it doesn't, then don't.","friends_count":65,"location":"Singapore","profile_link_color":"0099CC","profile_image_url":"http://pbs.twimg.com/profile_images/588678990702850048/GJYKb1U3_normal.jpg","following":false,"geo_enabled":false,"profile_banner_url":"https://pbs.twimg.com/profile_banners/71566083/1416454634","profile_background_image_url":"http://abs.twimg.com/images/themes/theme19/bg.gif","name":"Mia Sergio","lang":"en","profile_background_tile":false,"favourites_count":509,"screen_name":"EmzSergio","notifications":false,"url":null,"created_at":"Fri Sep 04 15:50:11 +0000 2009","contributors_enabled":false,"time_zone":"Singapore","protected":false,"default_profile":false,"is_translator":false},"geo":null,"in_reply_to_user_id_str":"49831617","lang":"en","created_at":"Mon Dec 15 07:28:11 +0000 2014","in_reply_to_status_id_str":"544357966548185088","place":null}
]