[{"contributors":null,"truncated":false,"text":"@DailyMailAU Still got a whole lot of supposition, guesswork and unsubstantiated connections there.","in_reply_to_status_id":544313370892324864,"id":544313772966285312,"favorite_count":0,"source":"<a href=\"https://about.twitter.com/products/tweetdeck\" rel=\"nofollow\">TweetDeck</a>","retweeted":false,"coordinates":null,"entities":{"symbols":[],"user_mentions":[{"id":1960878613,"indices":[0,12],"id_str":"1960878613","screen_name":"DailyMailAU","name":"Daily Mail Australia"}],"hashtags":[],"urls":[]},"in_reply_to_screen_name":"DailyMailAU","id_str":"544313772966285312","retweet_count":0,"in_reply_to_user_id":1960878613,"favorited":false,"user":{"follow_request_sent":false,"profile_use_background_image":true,"profile_text_color":"333333","default_profile_image":false,"id":9177342,"profile_background_image_url_https":"https://pbs.twimg.com/profile_background_images/378800000033643270/750d14fcb00c1caadd8ff5dd754a5449.jpeg","verified":false,"profile_location":null,"profile_image_url_https":"https://pbs.twimg.com/profile_images/528686619574796289/GGx74BAv_normal.png","profile_sidebar_fill_color":"DDEEF6","entities":{"description":{"urls":[{"url":"http://t.co/QIMhyH0oKS","indices":[66,88],"expanded_url":"http://notesfromcrimealley.blogspot.com.au/","display_url":"notesfromcrimealley.blogspot.com.au"}]}},"followers_count":262,"profile_sidebar_border_color":"000000","id_str":"9177342","profile_background_color":"ACDED6","listed_count":11,"is_translation_enabled":false,"utc_offset":39600,"statuses_count":24415,"description":"I am the revelation! The tiger force at the core of all things! \n\nhttp://t.co/QIMhyH0oKS","friends_count":184,"location":"Sydney","profile_link_color":"038543","profile_image_url":"http://pbs.twimg.com/profile_images/528686619574796289/GGx74BAv_normal.png","following":false,"geo_enabled":false,"profile_background_image_url":"http://pbs.twimg.com/profile_background_images/378800000033643270/750d14fcb00c1caadd8ff5dd754a5449.jpeg","name":"Alex Vakarian","lang":"en","profile_background_tile":true,"favourites_count":3541,"screen_name":"euchrid","notifications":false,"url":null,"created_at":"Sun Sep 30 19:39:13 +0000 2007","contributors_enabled":false,"time_zone":"Sydney","protected":false,"default_profile":false,"is_translator":false},"geo":null,"in_reply_to_user_id_str":"1960878613","lang":"en","created_at":"Mon Dec 15 02:11:30 +0000 2014","in_reply_to_status_id_str":"544313370892324864","place":null},
{"contributors":null,"truncated":false,"text":"@DailyMailAU @MailOnline so called religion of peace","in_reply_to_status_id":544313370892324864,"id":544313959432880129,"favorite_count":0,"source":"<a href=\"http://twitter.com\" rel=\"nofollow\">Twitter Web Client</a>","retweeted":false,"coordinates":null,"entities":{"symbols":[],"user_mentions":[{"id":1960878613,"indices":[0,12],"id_str":"1960878613","screen_name":"DailyMailAU","name":"Daily Mail Australia"},{"id":15438913,"indices":[13,24],"id_str":"15438913","screen_name":"MailOnline","name":"Daily Mail Online"}],"hashtags":[],"urls":[]},"in_reply_to_screen_name":"DailyMailAU","id_str":"544313959432880129","retweet_count":0,"in_reply_to_user_id":1960878613,"favorited":false,"user":{"follow_request_sent":false,"profile_use_background_image":true,"profile_text_color":"333333","default_profile_image":false,"id":72273677,"profile_background_image_url_https":"https://abs.twimg.com/images/themes/theme1/bg.png","verified":false,"profile_location":null,"profile_image_url_https":"https://pbs.twimg.com/profile_images/378800000845736677/4dcc5e94c169d9e8b36f043d58814327_normal.jpeg","profile_sidebar_fill_color":"DDEEF6","entities":{"description":{"urls":[]}},"followers_count":707,"profile_sidebar_border_color":"C0DEED","id_str":"72273677","profile_background_color":"C0DEED","listed_count":23,"is_translation_enabled":false,"utc_offset":-18000,"statuses_count":15758,"description":"Pretty Much Dead Already","friends_count":1999,"location":"Another Day in Paradise","profile_link_color":"0084B4","profile_image_url":"http://pbs.twimg.com/profile_images/378800000845736677/4dcc5e94c169d9e8b36f043d58814327_normal.jpeg","following":false,"geo_enabled":false,"profile_banner_url":"https://pbs.twimg.com/profile_banners/72273677/1404259547","profile_background_image_url":"http://abs.twimg.com/images/themes/theme1/bg.png","name":"m","lang":"en","profile_background_tile":false,"favourites_count":40,"screen_name":"RangerDamrod","notifications":false,"url":null,"created_at":"Mon Sep 07 12:51:10 +0000 2009","contributors_enabled":false,"time_zone":"Eastern Time (US & Canada)","protected":false,"default_profile":true,"is_translator":false},"geo":null,"in_reply_to_user_id_str":"1960878613","lang":"en","created_at":"Mon Dec 15 02:12:15 +0000 2014","in_reply_to_status_id_str":"544313370892324864","place":null},
{"contributors":null,"truncated":false,"text":"@DailyMailAU @MailOnline A reason why Australians want a tough immigration policy. Biting the hands that feed you @UN @saladinMY","in_reply_to_status_id":544313370892324864,"id":544313960963395584,"favorite_count":0,"source":"<a href=\"http://twitter.com\" rel=\"nofollow\">Twitter Web Client</a>","retweeted":false,"coordinates":null,"entities":{"symbols":[],"user_mentions":[{"id":1960878613,"indices":[0,12],"id_str":"1960878613","screen_name":"DailyMailAU","name":"Daily Mail Australia"},{"id":15438913,"indices":[13,24],"id_str":"15438913","screen_name":"MailOnline","name":"Daily Mail Online"},{"id":14159148,"indices":[114,117],"id_str":"14159148","screen_name":"UN","name":"United Nations"},{"id":228342202,"indices":[118,128],"id_str":"228342202","screen_name":"saladinMY","name":"Salahdin"}],"hashtags":[],"urls":[]},"in_reply_to_screen_name":"DailyMailAU","id_str":"544313960963395584","retweet_count":0,"in_reply_to_user_id":1960878613,"favorited":false,"user":{"follow_request_sent":false,"profile_use_background_image":true,"profile_text_color":"333333","default_profile_image":false,"id":17081024,"profile_background_image_url_https":"https://abs.twimg.com/images/themes/theme1/bg.png","verified":false,"profile_location":null,"profile_image_url_https":"https://pbs.twimg.com/profile_images/500639096792813570/1CotB3H9_normal.jpeg","profile_sidebar_fill_color":"DDEEF6","entities":{"url":{"urls":[{"url":"http://t.co/mE7Vqcqicm","indices":[0,22],"expanded_url":"http://myblog-susmaryosep.blogspot.com/http://","display_url":"myblog-susmaryosep.blogspot.com/http://"}]},"description":{"urls":[]}},"followers_count":155,"profile_sidebar_border_color":"C0DEED","id_str":"17081024","profile_background_color":"C0DEED","listed_count":1,"is_translation_enabled":false,"utc_offset":-32400,"statuses_count":10176,"description":"old","friends_count":170,"location":"malaysia","profile_link_color":"0084B4","profile_image_url":"http://pbs.twimg.com/profile_images/500639096792813570/1CotB3H9_normal.jpeg","following":false,"geo_enabled":true,"profile_banner_url":"https://pbs.twimg.com/profile_banners/17081024/1402639658","profile_background_image_url":"http://abs.twimg.com/images/themes/theme1/bg.png","name":"tamys","lang":"en","profile_background_tile":false,"favourites_count":7,"screen_name":"tamys46","notifications":false,"url":"http://t.co/mE7Vqcqicm","created_at":"Fri Oct 31 05:06:18 +0000 2008","contributors_enabled":false,"time_zone":"Alaska","protected":false,"default_profile":true,"is_translator":false},"geo":null,"in_reply_to_user_id_str":"1960878613","lang":"en","created_at":"Mon Dec 15 02:12:15 +0000 2014","in_reply_to_status_id_str":"544313370892324864","place":null},
{"contributors":null,"truncated":false,"text":"@DailyMailAU Hope everything will come back to normal. #StaySafeSydney","in_reply_to_status_id":544313370892324864,"id":544314047697412096,"favorite_count":0,"source":"<a href=\"http://twitter.com\" rel=\"nofollow\">Twitter Web Client</a>","retweeted":false,"coordinates":null,"entities":{"symbols":[],"user_mentions":[{"id":1960878613,"indices":[0,12],"id_str":"1960878613","screen_name":"DailyMailAU","name":"Daily Mail Australia"}],"hashtags":[{"indices":[55,70],"text":"StaySafeSydney"}],"urls":[]},"in_reply_to_screen_name":"DailyMailAU","id_str":"544314047697412096","retweet_count":0,"in_reply_to_user_id":1960878613,"favorited":false,"user":{"follow_request_sent":false,"profile_use_background_image":true,"profile_text_color":"333333","default_profile_image":false,"id":188729458,"profile_background_image_url_https":"https://pbs.twimg.com/profile_background_images/543044024219598848/mXMPHBK_.jpeg","verified":false,"profile_location":null,"profile_image_url_https":"https://pbs.twimg.com/profile_images/587659071844585472/D6ME7ISR_normal.jpg","profile_sidebar_fill_color":"EFEFEF","entities":{"url":{"urls":[{"url":"http://t.co/iLP2IHPmgw","indices":[0,22],"expanded_url":"http://about.me/dharshan_jeya","display_url":"about.me/dharshan_jeya"}]},"description":{"urls":[]}},"followers_count":182,"profile_sidebar_border_color":"000000","id_str":"188729458","profile_background_color":"131516","listed_count":6,"is_translation_enabled":false,"utc_offset":-25200,"statuses_count":1622,"description":"Student. Movie and cricket fanatic. Loves tech| travelling | automobile | aviation | Music. A wannabe innovator & entrepreneur.  Fervent fan of @msdhoni","friends_count":651,"location":"Colombo, Sri Lanka","profile_link_color":"0C66D4","profile_image_url":"http://pbs.twimg.com/profile_images/587659071844585472/D6ME7ISR_normal.jpg","following":false,"geo_enabled":true,"profile_banner_url":"https://pbs.twimg.com/profile_banners/188729458/1418436020","profile_background_image_url":"http://pbs.twimg.com/profile_background_images/543044024219598848/mXMPHBK_.jpeg","name":"Saidharshan Jeya","lang":"en","profile_background_tile":false,"favourites_count":1395,"screen_name":"J_Dharshan","notifications":false,"url":"http://t.co/iLP2IHPmgw","created_at":"Thu Sep 09 13:14:00 +0000 2010","contributors_enabled":false,"time_zone":"Mountain Time (US & Canada)","protected":false,"default_profile":false,"is_translator":false},"geo":null,"in_reply_to_user_id_str":"1960878613","lang":"en","created_at":"Mon Dec 15 02:12:36 +0000 2014","in_reply_to_status_id_str":"544313370892324864","place":null},
{"contributors":null,"truncated":false,"text":"@DailyMailAU @MailOnline A good sniper would come in handy about now.  Another gun nut in a gun-free country?  Whoa.  How'd that happen?","in_reply_to_status_id":544313370892324864,"id":544314430717038592,"favorite_count":1,"source":"<a href=\"http://twitter.com\" rel=\"nofollow\">Twitter Web Client</a>","retweeted":false,"coordinates":null,"entities":{"symbols":[],"user_mentions":[{"id":1960878613,"indices":[0,12],"id_str":"1960878613","screen_name":"DailyMailAU","name":"Daily Mail Australia"},{"id":15438913,"indices":[13,24],"id_str":"15438913","screen_name":"MailOnline","name":"Daily Mail Online"}],"hashtags":[],"urls":[]},"in_reply_to_screen_name":"DailyMailAU","id_str":"544314430717038592","retweet_count":0,"in_reply_to_user_id":1960878613,"favorited":false,"user":{"follow_request_sent":false,"profile_use_background_image":true,"profile_text_color":"333333","default_profile_image":false,"id":719795089,"profile_background_image_url_https":"https://abs.twimg.com/images/themes/theme18/bg.gif","verified":false,"profile_location":null,"profile_image_url_https":"https://pbs.twimg.com/profile_images/378800000012645934/b848c6f44620c9531075c0553bf2d4d9_normal.jpeg","profile_sidebar_fill_color":"F6F6F6","entities":{"description":{"urls":[]}},"followers_count":270,"profile_sidebar_border_color":"EEEEEE","id_str":"719795089","profile_background_color":"ACDED6","listed_count":5,"is_translation_enabled":false,"utc_offset":-28800,"statuses_count":3886,"description":"Constitutional Conservative, politically incorrect and though I have my faults, being wrong isn't one of them.","friends_count":190,"location":"Bay Area, California","profile_link_color":"038543","profile_image_url":"http://pbs.twimg.com/profile_images/378800000012645934/b848c6f44620c9531075c0553bf2d4d9_normal.jpeg","following":false,"geo_enabled":false,"profile_banner_url":"https://pbs.twimg.com/profile_banners/719795089/1353716472","profile_background_image_url":"http://abs.twimg.com/images/themes/theme18/bg.gif","name":"Calpatriot","lang":"en","profile_background_tile":false,"favourites_count":91,"screen_name":"calpatriot1","notifications":false,"url":null,"created_at":"Fri Jul 27 09:04:42 +0000 2012","contributors_enabled":false,"time_zone":"Pacific Time (US & Canada)","protected":false,"default_profile":false,"is_translator":false},"geo":null,"in_reply_to_user_id_str":"1960878613","lang":"en","created_at":"Mon Dec 15 02:14:07 +0000 2014","in_reply_to_status_id_str":"544313370892324864","place":null},
{"contributors":null,"truncated":false,"text":"@calpatriot1 @DailyMailAU @MailOnline Armed MEN more then 1","in_reply_to_status_id":544314430717038592,"id":544314660099731459,"favorite_count":0,"source":"<a href=\"http://twitter.com\" rel=\"nofollow\">Twitter Web Client</a>","retweeted":false,"coordinates":null,"entities":{"symbols":[],"user_mentions":[{"id":719795089,"indices":[0,12],"id_str":"719795089","screen_name":"calpatriot1","name":"Calpatriot"},{"id":1960878613,"indices":[13,25],"id_str":"1960878613","screen_name":"DailyMailAU","name":"Daily Mail Australia"},{"id":15438913,"indices":[26,37],"id_str":"15438913","screen_name":"MailOnline","name":"Daily Mail Online"}],"hashtags":[],"urls":[]},"in_reply_to_screen_name":"calpatriot1","id_str":"544314660099731459","retweet_count":0,"in_reply_to_user_id":719795089,"favorited":false,"user":{"follow_request_sent":false,"profile_use_background_image":true,"profile_text_color":"333333","default_profile_image":false,"id":1268671406,"profile_background_image_url_https":"https://abs.twimg.com/images/themes/theme1/bg.png","verified":false,"profile_location":null,"profile_image_url_https":"https://pbs.twimg.com/profile_images/573455057846345728/_5KEC5aA_normal.png","profile_sidebar_fill_color":"DDEEF6","entities":{"description":{"urls":[]}},"followers_count":97,"profile_sidebar_border_color":"C0DEED","id_str":"1268671406","profile_background_color":"C0DEED","listed_count":3,"is_translation_enabled":false,"utc_offset":0,"statuses_count":26857,"description":"","friends_count":213,"location":"","profile_link_color":"0084B4","profile_image_url":"http://pbs.twimg.com/profile_images/573455057846345728/_5KEC5aA_normal.png","following":false,"geo_enabled":true,"profile_banner_url":"https://pbs.twimg.com/profile_banners/1268671406/1377308109","profile_background_image_url":"http://abs.twimg.com/images/themes/theme1/bg.png","name":"wotadz","lang":"en","profile_background_tile":false,"favourites_count":401,"screen_name":"xforgottenherox","notifications":false,"url":null,"created_at":"Fri Mar 15 03:28:03 +0000 2013","contributors_enabled":false,"time_zone":"London","protected":false,"default_profile":true,"is_translator":false},"geo":null,"in_reply_to_user_id_str":"719795089","lang":"en","created_at":"Mon Dec 15 02:15:02 +0000 2014","in_reply_to_status_id_str":"544314430717038592","place":null},
{"contributors":null,"truncated":false,"text":"@DailyMailAU @MailOnline praying for safe release of hostages","in_reply_to_status_id":544313370892324864,"id":544314748935110656,"favorite_count":0,"source":"<a href=\"http://twitter.com\" rel=\"nofollow\">Twitter Web Client</a>","retweeted":false,"coordinates":null,"entities":{"symbols":[],"user_mentions":[{"id":1960878613,"indices":[0,12],"id_str":"1960878613","screen_name":"DailyMailAU","name":"Daily Mail Australia"},{"id":15438913,"indices":[13,24],"id_str":"15438913","screen_name":"MailOnline","name":"Daily Mail Online"}],"hashtags":[],"urls":[]},"in_reply_to_screen_name":"DailyMailAU","id_str":"544314748935110656","retweet_count":0,"in_reply_to_user_id":1960878613,"favorited":false,"user":{"follow_request_sent":false,"profile_use_background_image":false,"profile_text_color":"000000","default_profile_image":false,"id":1713068696,"profile_background_image_url_https":"https://abs.twimg.com/images/themes/theme5/bg.gif","verified":false,"profile_location":null,"profile_image_url_https":"https://pbs.twimg.com/profile_images/531330200517095424/Esw-LLJO_normal.png","profile_sidebar_fill_color":"000000","entities":{"url":{"urls":[{"url":"http://t.co/dGHBKTjcjl","indices":[0,22],"expanded_url":"http://www.brains2infinity.co.uk","display_url":"brains2infinity.co.uk"}]},"description":{"urls":[{"url":"http://t.co/b1GDaHYfrW","indices":[88,110],"expanded_url":"http://igg.me/at/MATT/x/8917713","display_url":"igg.me/at/MATT/x/8917…"}]}},"followers_count":695,"profile_sidebar_border_color":"000000","id_str":"1713068696","profile_background_color":"000000","listed_count":15,"is_translation_enabled":false,"utc_offset":null,"statuses_count":4642,"description":"Entrepreneur & Inventor - CEO of Brains 2 Infinity. click link 4 our Indiegogo Campaign\nhttp://t.co/b1GDaHYfrW","friends_count":1303,"location":"Windsor","profile_link_color":"4A913C","profile_image_url":"http://pbs.twimg.com/profile_images/531330200517095424/Esw-LLJO_normal.png","following":false,"geo_enabled":false,"profile_background_image_url":"http://abs.twimg.com/images/themes/theme5/bg.gif","name":"bonnie white","lang":"en-gb","profile_background_tile":false,"favourites_count":1503,"screen_name":"REPLYBONURGENT","notifications":false,"url":"http://t.co/dGHBKTjcjl","created_at":"Fri Aug 30 15:43:25 +0000 2013","contributors_enabled":false,"time_zone":null,"protected":false,"default_profile":false,"is_translator":false},"geo":null,"in_reply_to_user_id_str":"1960878613","lang":"en","created_at":"Mon Dec 15 02:15:23 +0000 2014","in_reply_to_status_id_str":"544313370892324864","place":null},
{"contributors":null,"truncated":false,"text":"@xforgottenherox @DailyMailAU @MailOnline Sorry, I read it was one guy with a shotgun and possible bomb.","in_reply_to_status_id":544314660099731459,"id":544315526046941185,"favorite_count":0,"source":"<a href=\"http://twitter.com\" rel=\"nofollow\">Twitter Web Client</a>","retweeted":false,"coordinates":null,"entities":{"symbols":[],"user_mentions":[{"id":1268671406,"indices":[0,16],"id_str":"1268671406","screen_name":"xforgottenherox","name":"wotadz"},{"id":1960878613,"indices":[17,29],"id_str":"1960878613","screen_name":"DailyMailAU","name":"Daily Mail Australia"},{"id":15438913,"indices":[30,41],"id_str":"15438913","screen_name":"MailOnline","name":"Daily Mail Online"}],"hashtags":[],"urls":[]},"in_reply_to_screen_name":"xforgottenherox","id_str":"544315526046941185","retweet_count":0,"in_reply_to_user_id":1268671406,"favorited":false,"user":{"follow_request_sent":false,"profile_use_background_image":true,"profile_text_color":"333333","default_profile_image":false,"id":719795089,"profile_background_image_url_https":"https://abs.twimg.com/images/themes/theme18/bg.gif","verified":false,"profile_location":null,"profile_image_url_https":"https://pbs.twimg.com/profile_images/378800000012645934/b848c6f44620c9531075c0553bf2d4d9_normal.jpeg","profile_sidebar_fill_color":"F6F6F6","entities":{"description":{"urls":[]}},"followers_count":270,"profile_sidebar_border_color":"EEEEEE","id_str":"719795089","profile_background_color":"ACDED6","listed_count":5,"is_translation_enabled":false,"utc_offset":-28800,"statuses_count":3886,"description":"Constitutional Conservative, politically incorrect and though I have my faults, being wrong isn't one of them.","friends_count":190,"location":"Bay Area, California","profile_link_color":"038543","profile_image_url":"http://pbs.twimg.com/profile_images/378800000012645934/b848c6f44620c9531075c0553bf2d4d9_normal.jpeg","following":false,"geo_enabled":false,"profile_banner_url":"https://pbs.twimg.com/profile_banners/719795089/1353716472","profile_background_image_url":"http://abs.twimg.com/images/themes/theme18/bg.gif","name":"Calpatriot","lang":"en","profile_background_tile":false,"favourites_count":91,"screen_name":"calpatriot1","notifications":false,"url":null,"created_at":"Fri Jul 27 09:04:42 +0000 2012","contributors_enabled":false,"time_zone":"Pacific Time (US & Canada)","protected":false,"default_profile":false,"is_translator":false},"geo":null,"in_reply_to_user_id_str":"1268671406","lang":"en","created_at":"Mon Dec 15 02:18:28 +0000 2014","in_reply_to_status_id_str":"544314660099731459","place":null},
{"contributors":null,"truncated":false,"text":"“@DailyMailAU: #Sydneysiege: what we know http://t.co/1MdfDnh44P http://t.co/eBVH3Q3kZT” stay safe!!!!! #Sydney","in_reply_to_status_id":544313370892324864,"id":544316176671592448,"favorite_count":0,"source":"<a href=\"http://twitter.com/download/iphone\" rel=\"nofollow\">Twitter for iPhone</a>","retweeted":false,"coordinates":null,"entities":{"symbols":[],"user_mentions":[{"id":1960878613,"indices":[1,13],"id_str":"1960878613","screen_name":"DailyMailAU","name":"Daily Mail Australia"}],"hashtags":[{"indices":[15,27],"text":"Sydneysiege"},{"indices":[104,111],"text":"Sydney"}],"urls":[{"url":"http://t.co/1MdfDnh44P","indices":[42,64],"expanded_url":"http://dailym.ai/1st321u","display_url":"dailym.ai/1st321u"}],"media":[{"source_user_id":1960878613,"source_status_id_str":"544313370892324864","expanded_url":"http://twitter.com/DailyMailAU/status/544313370892324864/photo/1","display_url":"pic.twitter.com/eBVH3Q3kZT","url":"http://t.co/eBVH3Q3kZT","media_url_https":"https://pbs.twimg.com/media/B43KHf0CYAAXjXC.png","source_user_id_str":"1960878613","source_status_id":544313370892324864,"id_str":"544313360129351680","sizes":{"large":{"h":212,"resize":"fit","w":750},"small":{"h":96,"resize":"fit","w":340},"medium":{"h":169,"resize":"fit","w":600},"thumb":{"h":150,"resize":"crop","w":150}},"indices":[65,87],"type":"photo","id":544313360129351680,"media_url":"http://pbs.twimg.com/media/B43KHf0CYAAXjXC.png"}]},"in_reply_to_screen_name":"DailyMailAU","id_str":"544316176671592448","retweet_count":0,"in_reply_to_user_id":1960878613,"favorited":false,"user":{"follow_request_sent":false,"profile_use_background_image":true,"profile_text_color":"333333","default_profile_image":false,"id":583662803,"profile_background_image_url_https":"https://pbs.twimg.com/profile_background_images/521289216852901889/7bBgFOZn.jpeg","verified":false,"profile_location":null,"profile_image_url_https":"https://pbs.twimg.com/profile_images/584750793078673408/JqGyZQ_6_normal.jpg","profile_sidebar_fill_color":"DDEEF6","entities":{"url":{"urls":[{"url":"http://t.co/T6cHafDBtn","indices":[0,22],"expanded_url":"http://www.instagram.com/jamsoli","display_url":"instagram.com/jamsoli"}]},"description":{"urls":[]}},"followers_count":281,"profile_sidebar_border_color":"FFFFFF","id_str":"583662803","profile_background_color":"3B94D9","listed_count":2,"is_translation_enabled":false,"utc_offset":28800,"statuses_count":6498,"description":"An aspiring environmental journalist searching and proclaiming the truth for the better good of the whole world. || Thomasian","friends_count":318,"location":"Philippines","profile_link_color":"89C9FA","profile_image_url":"http://pbs.twimg.com/profile_images/584750793078673408/JqGyZQ_6_normal.jpg","following":false,"geo_enabled":false,"profile_banner_url":"https://pbs.twimg.com/profile_banners/583662803/1418837151","profile_background_image_url":"http://pbs.twimg.com/profile_background_images/521289216852901889/7bBgFOZn.jpeg","name":"Janine Soliman ","lang":"en","profile_background_tile":false,"favourites_count":2018,"screen_name":"jamsoli","notifications":false,"url":"http://t.co/T6cHafDBtn","created_at":"Fri May 18 10:06:48 +0000 2012","contributors_enabled":false,"time_zone":"Beijing","protected":false,"default_profile":false,"is_translator":false},"geo":null,"in_reply_to_user_id_str":"1960878613","possibly_sensitive":false,"lang":"en","created_at":"Mon Dec 15 02:21:04 +0000 2014","in_reply_to_status_id_str":"544313370892324864","place":null,"extended_entities":{"media":[{"source_user_id":1960878613,"source_status_id_str":"544313370892324864","expanded_url":"http://twitter.com/DailyMailAU/status/544313370892324864/photo/1","display_url":"pic.twitter.com/eBVH3Q3kZT","url":"http://t.co/eBVH3Q3kZT","media_url_https":"https://pbs.twimg.com/media/B43KHf0CYAAXjXC.png","source_user_id_str":"1960878613","source_status_id":544313370892324864,"id_str":"544313360129351680","sizes":{"large":{"h":212,"resize":"fit","w":750},"small":{"h":96,"resize":"fit","w":340},"medium":{"h":169,"resize":"fit","w":600},"thumb":{"h":150,"resize":"crop","w":150}},"indices":[65,87],"type":"photo","id":544313360129351680,"media_url":"http://pbs.twimg.com/media/B43KHf0CYAAXjXC.png"}]}},
{"contributors":null,"truncated":false,"text":"@xforgottenherox @DailyMailAU @MailOnline hostage taker-singular, suspect-singular.  Does anyone really know wtf is the truth there?","in_reply_to_status_id":544314660099731459,"id":544316211413012480,"favorite_count":0,"source":"<a href=\"http://twitter.com\" rel=\"nofollow\">Twitter Web Client</a>","retweeted":false,"coordinates":null,"entities":{"symbols":[],"user_mentions":[{"id":1268671406,"indices":[0,16],"id_str":"1268671406","screen_name":"xforgottenherox","name":"wotadz"},{"id":1960878613,"indices":[17,29],"id_str":"1960878613","screen_name":"DailyMailAU","name":"Daily Mail Australia"},{"id":15438913,"indices":[30,41],"id_str":"15438913","screen_name":"MailOnline","name":"Daily Mail Online"}],"hashtags":[],"urls":[]},"in_reply_to_screen_name":"xforgottenherox","id_str":"544316211413012480","retweet_count":0,"in_reply_to_user_id":1268671406,"favorited":false,"user":{"follow_request_sent":false,"profile_use_background_image":true,"profile_text_color":"333333","default_profile_image":false,"id":719795089,"profile_background_image_url_https":"https://abs.twimg.com/images/themes/theme18/bg.gif","verified":false,"profile_location":null,"profile_image_url_https":"https://pbs.twimg.com/profile_images/378800000012645934/b848c6f44620c9531075c0553bf2d4d9_normal.jpeg","profile_sidebar_fill_color":"F6F6F6","entities":{"description":{"urls":[]}},"followers_count":270,"profile_sidebar_border_color":"EEEEEE","id_str":"719795089","profile_background_color":"ACDED6","listed_count":5,"is_translation_enabled":false,"utc_offset":-28800,"statuses_count":3886,"description":"Constitutional Conservative, politically incorrect and though I have my faults, being wrong isn't one of them.","friends_count":190,"location":"Bay Area, California","profile_link_color":"038543","profile_image_url":"http://pbs.twimg.com/profile_images/378800000012645934/b848c6f44620c9531075c0553bf2d4d9_normal.jpeg","following":false,"geo_enabled":false,"profile_banner_url":"https://pbs.twimg.com/profile_banners/719795089/1353716472","profile_background_image_url":"http://abs.twimg.com/images/themes/theme18/bg.gif","name":"Calpatriot","lang":"en","profile_background_tile":false,"favourites_count":91,"screen_name":"calpatriot1","notifications":false,"url":null,"created_at":"Fri Jul 27 09:04:42 +0000 2012","contributors_enabled":false,"time_zone":"Pacific Time (US & Canada)","protected":false,"default_profile":false,"is_translator":false},"geo":null,"in_reply_to_user_id_str":"1268671406","lang":"en","created_at":"Mon Dec 15 02:21:12 +0000 2014","in_reply_to_status_id_str":"544314660099731459","place":null},
{"contributors":null,"truncated":false,"text":"@DailyMailAU @Real_Dr_Roy They do this cause they know Citizens Can't Carry Concealed!!","in_reply_to_status_id":544313370892324864,"id":544322541423439872,"favorite_count":0,"source":"<a href=\"http://twitter.com\" rel=\"nofollow\">Twitter Web Client</a>","retweeted":false,"coordinates":null,"entities":{"symbols":[],"user_mentions":[{"id":1960878613,"indices":[0,12],"id_str":"1960878613","screen_name":"DailyMailAU","name":"Daily Mail Australia"},{"id":15333188,"indices":[13,25],"id_str":"15333188","screen_name":"Real_Dr_Roy","name":"eapr9"}],"hashtags":[],"urls":[]},"in_reply_to_screen_name":"DailyMailAU","id_str":"544322541423439872","retweet_count":0,"in_reply_to_user_id":1960878613,"favorited":false,"user":{"follow_request_sent":false,"profile_use_background_image":true,"profile_text_color":"333333","default_profile_image":false,"id":2209557522,"profile_background_image_url_https":"https://abs.twimg.com/images/themes/theme1/bg.png","verified":false,"profile_location":null,"profile_image_url_https":"https://pbs.twimg.com/profile_images/378800000829865531/437b0022780a9d0e645ba69b6dfdd1d9_normal.jpeg","profile_sidebar_fill_color":"DDEEF6","entities":{"description":{"urls":[]}},"followers_count":192,"profile_sidebar_border_color":"C0DEED","id_str":"2209557522","profile_background_color":"C0DEED","listed_count":3,"is_translation_enabled":false,"utc_offset":null,"statuses_count":7113,"description":"Cranky Opinionated Cantankerous Senior interested in the zany goings on today  & nefarious Political dealings in all parties!!","friends_count":203,"location":"","profile_link_color":"0084B4","profile_image_url":"http://pbs.twimg.com/profile_images/378800000829865531/437b0022780a9d0e645ba69b6dfdd1d9_normal.jpeg","following":false,"geo_enabled":false,"profile_background_image_url":"http://abs.twimg.com/images/themes/theme1/bg.png","name":"Alvin Simon","lang":"en-gb","profile_background_tile":false,"favourites_count":5,"screen_name":"alvinkaisi","notifications":false,"url":null,"created_at":"Fri Nov 22 21:18:25 +0000 2013","contributors_enabled":false,"time_zone":null,"protected":false,"default_profile":true,"is_translator":false},"geo":null,"in_reply_to_user_id_str":"1960878613","lang":"en","created_at":"Mon Dec 15 02:46:21 +0000 2014","in_reply_to_status_id_str":"544313370892324864","place":null},
{"contributors":null,"truncated":false,"text":"@calpatriot1 @DailyMailAU @MailOnline if it was one person i think they could sniper but they dont really know , i think its more then 1","in_reply_to_status_id":544316211413012480,"id":544323302597332993,"favorite_count":0,"source":"<a href=\"http://twitter.com\" rel=\"nofollow\">Twitter Web Client</a>","retweeted":false,"coordinates":null,"entities":{"symbols":[],"user_mentions":[{"id":719795089,"indices":[0,12],"id_str":"719795089","screen_name":"calpatriot1","name":"Calpatriot"},{"id":1960878613,"indices":[13,25],"id_str":"1960878613","screen_name":"DailyMailAU","name":"Daily Mail Australia"},{"id":15438913,"indices":[26,37],"id_str":"15438913","screen_name":"MailOnline","name":"Daily Mail Online"}],"hashtags":[],"urls":[]},"in_reply_to_screen_name":"calpatriot1","id_str":"544323302597332993","retweet_count":0,"in_reply_to_user_id":719795089,"favorited":false,"user":{"follow_request_sent":false,"profile_use_background_image":true,"profile_text_color":"333333","default_profile_image":false,"id":1268671406,"profile_background_image_url_https":"https://abs.twimg.com/images/themes/theme1/bg.png","verified":false,"profile_location":null,"profile_image_url_https":"https://pbs.twimg.com/profile_images/573455057846345728/_5KEC5aA_normal.png","profile_sidebar_fill_color":"DDEEF6","entities":{"description":{"urls":[]}},"followers_count":97,"profile_sidebar_border_color":"C0DEED","id_str":"1268671406","profile_background_color":"C0DEED","listed_count":3,"is_translation_enabled":false,"utc_offset":0,"statuses_count":26857,"description":"","friends_count":213,"location":"","profile_link_color":"0084B4","profile_image_url":"http://pbs.twimg.com/profile_images/573455057846345728/_5KEC5aA_normal.png","following":false,"geo_enabled":true,"profile_banner_url":"https://pbs.twimg.com/profile_banners/1268671406/1377308109","profile_background_image_url":"http://abs.twimg.com/images/themes/theme1/bg.png","name":"wotadz","lang":"en","profile_background_tile":false,"favourites_count":401,"screen_name":"xforgottenherox","notifications":false,"url":null,"created_at":"Fri Mar 15 03:28:03 +0000 2013","contributors_enabled":false,"time_zone":"London","protected":false,"default_profile":true,"is_translator":false},"geo":null,"in_reply_to_user_id_str":"719795089","lang":"en","created_at":"Mon Dec 15 02:49:23 +0000 2014","in_reply_to_status_id_str":"544316211413012480","place":null},
{"contributors":null,"truncated":false,"text":"“@DailyMailAU: #Sydneysiege: what we know http://t.co/JSmbJD1pZS http://t.co/aGtALg27Tv”","in_reply_to_status_id":544313370892324864,"id":544323896397557760,"favorite_count":0,"source":"<a href=\"http://twitter.com/download/iphone\" rel=\"nofollow\">Twitter for iPhone</a>","retweeted":false,"coordinates":null,"entities":{"symbols":[],"user_mentions":[{"id":1960878613,"indices":[1,13],"id_str":"1960878613","screen_name":"DailyMailAU","name":"Daily Mail Australia"}],"hashtags":[{"indices":[15,27],"text":"Sydneysiege"}],"urls":[{"url":"http://t.co/JSmbJD1pZS","indices":[42,64],"expanded_url":"http://dailym.ai/1st321u","display_url":"dailym.ai/1st321u"}],"media":[{"source_user_id":1960878613,"source_status_id_str":"544313370892324864","expanded_url":"http://twitter.com/DailyMailAU/status/544313370892324864/photo/1","display_url":"pic.twitter.com/aGtALg27Tv","url":"http://t.co/aGtALg27Tv","media_url_https":"https://pbs.twimg.com/media/B43KHf0CYAAXjXC.png","source_user_id_str":"1960878613","source_status_id":544313370892324864,"id_str":"544313360129351680","sizes":{"large":{"h":212,"resize":"fit","w":750},"small":{"h":96,"resize":"fit","w":340},"medium":{"h":169,"resize":"fit","w":600},"thumb":{"h":150,"resize":"crop","w":150}},"indices":[65,87],"type":"photo","id":544313360129351680,"media_url":"http://pbs.twimg.com/media/B43KHf0CYAAXjXC.png"}]},"in_reply_to_screen_name":"DailyMailAU","id_str":"544323896397557760","retweet_count":0,"in_reply_to_user_id":1960878613,"favorited":false,"user":{"follow_request_sent":false,"profile_use_background_image":true,"profile_text_color":"333333","default_profile_image":false,"id":247911158,"profile_background_image_url_https":"https://abs.twimg.com/images/themes/theme14/bg.gif","verified":false,"profile_location":null,"profile_image_url_https":"https://pbs.twimg.com/profile_images/378800000801046799/d66940ed95e1764ecfbd5471961d20bd_normal.jpeg","profile_sidebar_fill_color":"EFEFEF","entities":{"description":{"urls":[]}},"followers_count":1930,"profile_sidebar_border_color":"EEEEEE","id_str":"247911158","profile_background_color":"131516","listed_count":44,"is_translation_enabled":false,"utc_offset":-21600,"statuses_count":9584,"description":"Periodista en @elespectador . Aquí, opiniones personales.","friends_count":1883,"location":"Bogotá","profile_link_color":"030303","profile_image_url":"http://pbs.twimg.com/profile_images/378800000801046799/d66940ed95e1764ecfbd5471961d20bd_normal.jpeg","following":false,"geo_enabled":false,"profile_banner_url":"https://pbs.twimg.com/profile_banners/247911158/1418612965","profile_background_image_url":"http://abs.twimg.com/images/themes/theme14/bg.gif","name":"Camilo Segura","lang":"es","profile_background_tile":true,"favourites_count":290,"screen_name":"CamiloSeguraA","notifications":false,"url":null,"created_at":"Sat Feb 05 20:58:56 +0000 2011","contributors_enabled":false,"time_zone":"Central Time (US & Canada)","protected":false,"default_profile":false,"is_translator":false},"geo":null,"in_reply_to_user_id_str":"1960878613","possibly_sensitive":false,"lang":"en","created_at":"Mon Dec 15 02:51:44 +0000 2014","in_reply_to_status_id_str":"544313370892324864","place":null,"extended_entities":{"media":[{"source_user_id":1960878613,"source_status_id_str":"544313370892324864","expanded_url":"http://twitter.com/DailyMailAU/status/544313370892324864/photo/1","display_url":"pic.twitter.com/aGtALg27Tv","url":"http://t.co/aGtALg27Tv","media_url_https":"https://pbs.twimg.com/media/B43KHf0CYAAXjXC.png","source_user_id_str":"1960878613","source_status_id":544313370892324864,"id_str":"544313360129351680","sizes":{"large":{"h":212,"resize":"fit","w":750},"small":{"h":96,"resize":"fit","w":340},"medium":{"h":169,"resize":"fit","w":600},"thumb":{"h":150,"resize":"crop","w":150}},"indices":[65,87],"type":"photo","id":544313360129351680,"media_url":"http://pbs.twimg.com/media/B43KHf0CYAAXjXC.png"}]}},
{"contributors":null,"truncated":false,"text":"@DailyMailAU @gitithadani Add to it that banks are closed and flights to Sydney said to be diverted #sydneysiege","in_reply_to_status_id":544313370892324864,"id":544325013789089792,"favorite_count":1,"source":"<a href=\"http://twitter.com\" rel=\"nofollow\">Twitter Web Client</a>","retweeted":false,"coordinates":null,"entities":{"symbols":[],"user_mentions":[{"id":1960878613,"indices":[0,12],"id_str":"1960878613","screen_name":"DailyMailAU","name":"Daily Mail Australia"},{"id":58419534,"indices":[13,25],"id_str":"58419534","screen_name":"gitithadani","name":"Giti Thadani"}],"hashtags":[{"indices":[100,112],"text":"sydneysiege"}],"urls":[]},"in_reply_to_screen_name":"DailyMailAU","id_str":"544325013789089792","retweet_count":2,"in_reply_to_user_id":1960878613,"favorited":false,"user":{"follow_request_sent":false,"profile_use_background_image":true,"profile_text_color":"333333","default_profile_image":false,"id":1642473805,"profile_background_image_url_https":"https://pbs.twimg.com/profile_background_images/544846704088842240/ky_-RZ9Z.jpeg","verified":false,"profile_location":null,"profile_image_url_https":"https://pbs.twimg.com/profile_images/523414670552469504/04-OLDX0_normal.jpeg","profile_sidebar_fill_color":"DDEEF6","entities":{"url":{"urls":[{"url":"http://t.co/FXnzsDezUS","indices":[0,22],"expanded_url":"http://pmindia.nic.in/","display_url":"pmindia.nic.in"}]},"description":{"urls":[{"url":"http://t.co/IotKfBF74p","indices":[129,151],"expanded_url":"http://www.facebook.com/BJPLucknowBJP","display_url":"facebook.com/BJPLucknowBJP"}]}},"followers_count":30806,"profile_sidebar_border_color":"FFFFFF","id_str":"1642473805","profile_background_color":"C0DEED","listed_count":71,"is_translation_enabled":false,"utc_offset":19800,"statuses_count":64907,"description":"Be Just Polite , लखनवी अंदाज़ ,UP Lucknow  (UP) INDIA  हिंदुस्थान  #TrendSetter #Volunteer  #Revolutionist  #G33K उप लुयटेंस खबर http://t.co/IotKfBF74p","friends_count":551,"location":"Lucknow INDIA","profile_link_color":"0084B4","profile_image_url":"http://pbs.twimg.com/profile_images/523414670552469504/04-OLDX0_normal.jpeg","following":false,"geo_enabled":true,"profile_banner_url":"https://pbs.twimg.com/profile_banners/1642473805/1413627282","profile_background_image_url":"http://pbs.twimg.com/profile_background_images/544846704088842240/ky_-RZ9Z.jpeg","name":"#BJP Uttar Pradesh","lang":"en","profile_background_tile":true,"favourites_count":294,"screen_name":"BJPLucknowBJP","notifications":false,"url":"http://t.co/FXnzsDezUS","created_at":"Sat Aug 03 09:15:30 +0000 2013","contributors_enabled":false,"time_zone":"Chennai","protected":false,"default_profile":false,"is_translator":false},"geo":null,"in_reply_to_user_id_str":"1960878613","lang":"en","created_at":"Mon Dec 15 02:56:11 +0000 2014","in_reply_to_status_id_str":"544313370892324864","place":{"full_name":"Lucknow, Uttar Pradesh","url":"https://api.twitter.com/1.1/geo/id/74effb34539b2d64.json","country":"India","place_type":"city","bounding_box":{"type":"Polygon","coordinates":[[[80.6586134,26.6422911],[81.1066319,26.6422911],[81.1066319,27.0080478],[80.6586134,27.0080478]]]},"contained_within":[],"country_code":"IN","attributes":{},"id":"74effb34539b2d64","name":"Lucknow"}},
{"contributors":null,"truncated":false,"text":"“@DailyMailAU: #Sydneysiege: what we know http://t.co/LiYexC1GwJ http://t.co/DWCnQsJivq” this is terrifying","in_reply_to_status_id":544313370892324864,"id":544342859814825985,"favorite_count":2,"source":"<a href=\"http://twitter.com/download/iphone\" rel=\"nofollow\">Twitter for iPhone</a>","retweeted":false,"coordinates":null,"entities":{"symbols":[],"user_mentions":[{"id":1960878613,"indices":[1,13],"id_str":"1960878613","screen_name":"DailyMailAU","name":"Daily Mail Australia"}],"hashtags":[{"indices":[15,27],"text":"Sydneysiege"}],"urls":[{"url":"http://t.co/LiYexC1GwJ","indices":[42,64],"expanded_url":"http://dailym.ai/1st321u","display_url":"dailym.ai/1st321u"}],"media":[{"source_user_id":1960878613,"source_status_id_str":"544313370892324864","expanded_url":"http://twitter.com/DailyMailAU/status/544313370892324864/photo/1","display_url":"pic.twitter.com/DWCnQsJivq","url":"http://t.co/DWCnQsJivq","media_url_https":"https://pbs.twimg.com/media/B43KHf0CYAAXjXC.png","source_user_id_str":"1960878613","source_status_id":544313370892324864,"id_str":"544313360129351680","sizes":{"large":{"h":212,"resize":"fit","w":750},"small":{"h":96,"resize":"fit","w":340},"medium":{"h":169,"resize":"fit","w":600},"thumb":{"h":150,"resize":"crop","w":150}},"indices":[65,87],"type":"photo","id":544313360129351680,"media_url":"http://pbs.twimg.com/media/B43KHf0CYAAXjXC.png"}]},"in_reply_to_screen_name":"DailyMailAU","id_str":"544342859814825985","retweet_count":1,"in_reply_to_user_id":1960878613,"favorited":false,"user":{"follow_request_sent":false,"profile_use_background_image":true,"profile_text_color":"333333","default_profile_image":false,"id":166769967,"profile_background_image_url_https":"https://abs.twimg.com/images/themes/theme18/bg.gif","verified":false,"profile_location":null,"profile_image_url_https":"https://pbs.twimg.com/profile_images/523929110205444096/wezat_-9_normal.jpeg","profile_sidebar_fill_color":"F6F6F6","entities":{"description":{"urls":[]}},"followers_count":171,"profile_sidebar_border_color":"EEEEEE","id_str":"166769967","profile_background_color":"ACDED6","listed_count":0,"is_translation_enabled":false,"utc_offset":-28800,"statuses_count":13511,"description":"My name isn't Julie.","friends_count":175,"location":"","profile_link_color":"038543","profile_image_url":"http://pbs.twimg.com/profile_images/523929110205444096/wezat_-9_normal.jpeg","following":false,"geo_enabled":false,"profile_banner_url":"https://pbs.twimg.com/profile_banners/166769967/1418156695","profile_background_image_url":"http://abs.twimg.com/images/themes/theme18/bg.gif","name":"Julia","lang":"en","profile_background_tile":false,"favourites_count":4322,"screen_name":"juliasabbides","notifications":false,"url":null,"created_at":"Wed Jul 14 23:40:53 +0000 2010","contributors_enabled":false,"time_zone":"Pacific Time (US & Canada)","protected":false,"default_profile":false,"is_translator":false},"geo":null,"in_reply_to_user_id_str":"1960878613","possibly_sensitive":false,"lang":"en","created_at":"Mon Dec 15 04:07:05 +0000 2014","in_reply_to_status_id_str":"544313370892324864","place":null,"extended_entities":{"media":[{"source_user_id":1960878613,"source_status_id_str":"544313370892324864","expanded_url":"http://twitter.com/DailyMailAU/status/544313370892324864/photo/1","display_url":"pic.twitter.com/DWCnQsJivq","url":"http://t.co/DWCnQsJivq","media_url_https":"https://pbs.twimg.com/media/B43KHf0CYAAXjXC.png","source_user_id_str":"1960878613","source_status_id":544313370892324864,"id_str":"544313360129351680","sizes":{"large":{"h":212,"resize":"fit","w":750},"small":{"h":96,"resize":"fit","w":340},"medium":{"h":169,"resize":"fit","w":600},"thumb":{"h":150,"resize":"crop","w":150}},"indices":[65,87],"type":"photo","id":544313360129351680,"media_url":"http://pbs.twimg.com/media/B43KHf0CYAAXjXC.png"}]}},
{"contributors":null,"truncated":false,"text":"“@DailyMailAU: #Sydneysiege: what we know http://t.co/932DnGAsod http://t.co/GtlFdHYSAY” oh my god","in_reply_to_status_id":544313370892324864,"id":544348976745426944,"favorite_count":1,"source":"<a href=\"http://twitter.com/download/iphone\" rel=\"nofollow\">Twitter for iPhone</a>","retweeted":false,"coordinates":null,"entities":{"symbols":[],"user_mentions":[{"id":1960878613,"indices":[1,13],"id_str":"1960878613","screen_name":"DailyMailAU","name":"Daily Mail Australia"}],"hashtags":[{"indices":[15,27],"text":"Sydneysiege"}],"urls":[{"url":"http://t.co/932DnGAsod","indices":[42,64],"expanded_url":"http://dailym.ai/1st321u","display_url":"dailym.ai/1st321u"}],"media":[{"source_user_id":1960878613,"source_status_id_str":"544313370892324864","expanded_url":"http://twitter.com/DailyMailAU/status/544313370892324864/photo/1","display_url":"pic.twitter.com/GtlFdHYSAY","url":"http://t.co/GtlFdHYSAY","media_url_https":"https://pbs.twimg.com/media/B43KHf0CYAAXjXC.png","source_user_id_str":"1960878613","source_status_id":544313370892324864,"id_str":"544313360129351680","sizes":{"large":{"h":212,"resize":"fit","w":750},"small":{"h":96,"resize":"fit","w":340},"medium":{"h":169,"resize":"fit","w":600},"thumb":{"h":150,"resize":"crop","w":150}},"indices":[65,87],"type":"photo","id":544313360129351680,"media_url":"http://pbs.twimg.com/media/B43KHf0CYAAXjXC.png"}]},"in_reply_to_screen_name":"DailyMailAU","id_str":"544348976745426944","retweet_count":0,"in_reply_to_user_id":1960878613,"favorited":false,"user":{"follow_request_sent":false,"profile_use_background_image":true,"profile_text_color":"000000","default_profile_image":false,"id":105007827,"profile_background_image_url_https":"https://pbs.twimg.com/profile_background_images/802227689/8f66802de804c1b13a5857e2d43b3565.png","verified":false,"profile_location":null,"profile_image_url_https":"https://pbs.twimg.com/profile_images/589629875469684737/p_cRuJU8_normal.jpg","profile_sidebar_fill_color":"591759","entities":{"url":{"urls":[{"url":"https://t.co/QWBGkbGSGJ","indices":[0,23],"expanded_url":"https://vine.co/v/MEdpY2Dzvv5","display_url":"vine.co/v/MEdpY2Dzvv5"}]},"description":{"urls":[]}},"followers_count":3436,"profile_sidebar_border_color":"FFFFFF","id_str":"105007827","profile_background_color":"EDF5F5","listed_count":43,"is_translation_enabled":false,"utc_offset":-28800,"statuses_count":104406,"description":"Yes, but i wanted to do hoodrat stuff with my friends","friends_count":362,"location":"3/5","profile_link_color":"121012","profile_image_url":"http://pbs.twimg.com/profile_images/589629875469684737/p_cRuJU8_normal.jpg","following":false,"geo_enabled":true,"profile_banner_url":"https://pbs.twimg.com/profile_banners/105007827/1415170332","profile_background_image_url":"http://pbs.twimg.com/profile_background_images/802227689/8f66802de804c1b13a5857e2d43b3565.png","name":"Connor Ball News","lang":"en","profile_background_tile":false,"favourites_count":3243,"screen_name":"biebersvamped","notifications":false,"url":"https://t.co/QWBGkbGSGJ","created_at":"Fri Jan 15 02:15:22 +0000 2010","contributors_enabled":false,"time_zone":"Pacific Time (US & Canada)","protected":false,"default_profile":false,"is_translator":false},"geo":null,"in_reply_to_user_id_str":"1960878613","possibly_sensitive":false,"lang":"en","created_at":"Mon Dec 15 04:31:24 +0000 2014","in_reply_to_status_id_str":"544313370892324864","place":null,"extended_entities":{"media":[{"source_user_id":1960878613,"source_status_id_str":"544313370892324864","expanded_url":"http://twitter.com/DailyMailAU/status/544313370892324864/photo/1","display_url":"pic.twitter.com/GtlFdHYSAY","url":"http://t.co/GtlFdHYSAY","media_url_https":"https://pbs.twimg.com/media/B43KHf0CYAAXjXC.png","source_user_id_str":"1960878613","source_status_id":544313370892324864,"id_str":"544313360129351680","sizes":{"large":{"h":212,"resize":"fit","w":750},"small":{"h":96,"resize":"fit","w":340},"medium":{"h":169,"resize":"fit","w":600},"thumb":{"h":150,"resize":"crop","w":150}},"indices":[65,87],"type":"photo","id":544313360129351680,"media_url":"http://pbs.twimg.com/media/B43KHf0CYAAXjXC.png"}]}},
{"contributors":null,"truncated":false,"text":"@DailyMailAU @tumblrrad","in_reply_to_status_id":544313370892324864,"id":544353102393257984,"favorite_count":0,"source":"<a href=\"http://twitter.com/download/iphone\" rel=\"nofollow\">Twitter for iPhone</a>","retweeted":false,"coordinates":null,"entities":{"symbols":[],"user_mentions":[{"id":1960878613,"indices":[0,12],"id_str":"1960878613","screen_name":"DailyMailAU","name":"Daily Mail Australia"},{"id":1208719670,"indices":[13,23],"id_str":"1208719670","screen_name":"tumblrrad","name":"tania."}],"hashtags":[],"urls":[]},"in_reply_to_screen_name":"DailyMailAU","id_str":"544353102393257984","retweet_count":0,"in_reply_to_user_id":1960878613,"favorited":false,"user":{"follow_request_sent":false,"profile_use_background_image":true,"profile_text_color":"333333","default_profile_image":false,"id":2722377424,"profile_background_image_url_https":"https://abs.twimg.com/images/themes/theme1/bg.png","verified":false,"profile_location":null,"profile_image_url_https":"https://pbs.twimg.com/profile_images/492115230827106304/t7QPEISg_normal.jpeg","profile_sidebar_fill_color":"DDEEF6","entities":{"description":{"urls":[]}},"followers_count":18,"profile_sidebar_border_color":"C0DEED","id_str":"2722377424","profile_background_color":"C0DEED","listed_count":1,"is_translation_enabled":false,"utc_offset":null,"statuses_count":98,"description":"Holã , I'm Adriana","friends_count":51,"location":"","profile_link_color":"0084B4","profile_image_url":"http://pbs.twimg.com/profile_images/492115230827106304/t7QPEISg_normal.jpeg","following":false,"geo_enabled":false,"profile_banner_url":"https://pbs.twimg.com/profile_banners/2722377424/1406164388","profile_background_image_url":"http://abs.twimg.com/images/themes/theme1/bg.png","name":"Adriana Giano","lang":"en","profile_background_tile":false,"favourites_count":6,"screen_name":"adrianagiano","notifications":false,"url":null,"created_at":"Thu Jul 24 01:08:36 +0000 2014","contributors_enabled":false,"time_zone":null,"protected":false,"default_profile":true,"is_translator":false},"geo":null,"in_reply_to_user_id_str":"1960878613","lang":"und","created_at":"Mon Dec 15 04:47:47 +0000 2014","in_reply_to_status_id_str":"544313370892324864","place":null}
]