[{"contributors":null,"truncated":false,"text":"@willripleyCNN yeah it says \"there is no God but Allah\"...and so forth.  not the ISIS flag.","in_reply_to_status_id":544338575240609792,"id":544338977764151297,"favorite_count":0,"source":"<a href=\"http://twitter.com/#!/download/ipad\" rel=\"nofollow\">Twitter for iPad</a>","retweeted":false,"coordinates":null,"entities":{"symbols":[],"user_mentions":[{"id":22138134,"indices":[0,14],"id_str":"22138134","screen_name":"willripleyCNN","name":"Will Ripley"}],"hashtags":[],"urls":[]},"in_reply_to_screen_name":"willripleyCNN","id_str":"544338977764151297","retweet_count":0,"in_reply_to_user_id":22138134,"favorited":false,"user":{"follow_request_sent":false,"profile_use_background_image":true,"profile_text_color":"333333","default_profile_image":false,"id":2443323329,"profile_background_image_url_https":"https://abs.twimg.com/images/themes/theme1/bg.png","verified":false,"profile_location":null,"profile_image_url_https":"https://pbs.twimg.com/profile_images/449726476284600320/FFjE05_l_normal.jpeg","profile_sidebar_fill_color":"DDEEF6","entities":{"description":{"urls":[]}},"followers_count":118,"profile_sidebar_border_color":"C0DEED","id_str":"2443323329","profile_background_color":"C0DEED","listed_count":7,"is_translation_enabled":false,"utc_offset":null,"statuses_count":7730,"description":"","friends_count":167,"location":"Bronx, NY","profile_link_color":"0084B4","profile_image_url":"http://pbs.twimg.com/profile_images/449726476284600320/FFjE05_l_normal.jpeg","following":false,"geo_enabled":false,"profile_banner_url":"https://pbs.twimg.com/profile_banners/2443323329/1400203172","profile_background_image_url":"http://abs.twimg.com/images/themes/theme1/bg.png","name":"JennasMomBX","lang":"en","profile_background_tile":false,"favourites_count":663,"screen_name":"jennasmombx","notifications":false,"url":null,"created_at":"Sat Mar 29 01:04:27 +0000 2014","contributors_enabled":false,"time_zone":null,"protected":false,"default_profile":true,"is_translator":false},"geo":null,"in_reply_to_user_id_str":"22138134","lang":"en","created_at":"Mon Dec 15 03:51:40 +0000 2014","in_reply_to_status_id_str":"544338575240609792","place":null},
{"contributors":null,"truncated":false,"text":"@willripleyCNN @CNN It's the Shahadah flag, not the ISIS flag.","in_reply_to_status_id":544338575240609792,"id":544339016737251328,"favorite_count":0,"source":"<a href=\"http://twitter.com\" rel=\"nofollow\">Twitter Web Client</a>","retweeted":false,"coordinates":null,"entities":{"symbols":[],"user_mentions":[{"id":22138134,"indices":[0,14],"id_str":"22138134","screen_name":"willripleyCNN","name":"Will Ripley"},{"id":759251,"indices":[15,19],"id_str":"759251","screen_name":"CNN","name":"CNN"}],"hashtags":[],"urls":[]},"in_reply_to_screen_name":"willripleyCNN","id_str":"544339016737251328","retweet_count":0,"in_reply_to_user_id":22138134,"favorited":false,"user":{"follow_request_sent":false,"profile_use_background_image":false,"profile_text_color":"000000","default_profile_image":false,"id":2909484938,"profile_background_image_url_https":"https://abs.twimg.com/images/themes/theme1/bg.png","verified":false,"profile_location":null,"profile_image_url_https":"https://pbs.twimg.com/profile_images/537033806687895552/1SwwAaGQ_normal.jpeg","profile_sidebar_fill_color":"000000","entities":{"description":{"urls":[]}},"followers_count":91,"profile_sidebar_border_color":"000000","id_str":"2909484938","profile_background_color":"000000","listed_count":2,"is_translation_enabled":false,"utc_offset":null,"statuses_count":405,"description":"Photographer, information sponge, and sometime social critic. Racing junior journalist doppelgänger @BDuggleby. RT ≠ endorsement.","friends_count":607,"location":"Dallas, TX","profile_link_color":"FA743E","profile_image_url":"http://pbs.twimg.com/profile_images/537033806687895552/1SwwAaGQ_normal.jpeg","following":false,"geo_enabled":false,"profile_banner_url":"https://pbs.twimg.com/profile_banners/2909484938/1416874079","profile_background_image_url":"http://abs.twimg.com/images/themes/theme1/bg.png","name":"Beck Duggleby","lang":"en","profile_background_tile":false,"favourites_count":175,"screen_name":"BeckDuggleby","notifications":false,"url":null,"created_at":"Tue Nov 25 00:02:47 +0000 2014","contributors_enabled":false,"time_zone":null,"protected":false,"default_profile":false,"is_translator":false},"geo":null,"in_reply_to_user_id_str":"22138134","lang":"en","created_at":"Mon Dec 15 03:51:49 +0000 2014","in_reply_to_status_id_str":"544338575240609792","place":null},
{"contributors":null,"truncated":false,"text":"@willripleyCNN @CNN 10 employees + ?how many customers  = ? Need verify?","in_reply_to_status_id":544338575240609792,"id":544339291946491904,"favorite_count":0,"source":"<a href=\"https://twitter.com/download/android\" rel=\"nofollow\">Twitter for Android Tablets</a>","retweeted":false,"coordinates":null,"entities":{"symbols":[],"user_mentions":[{"id":22138134,"indices":[0,14],"id_str":"22138134","screen_name":"willripleyCNN","name":"Will Ripley"},{"id":759251,"indices":[15,19],"id_str":"759251","screen_name":"CNN","name":"CNN"}],"hashtags":[],"urls":[]},"in_reply_to_screen_name":"willripleyCNN","id_str":"544339291946491904","retweet_count":0,"in_reply_to_user_id":22138134,"favorited":false,"user":{"follow_request_sent":false,"profile_use_background_image":true,"profile_text_color":"333333","default_profile_image":true,"id":2899924184,"profile_background_image_url_https":"https://abs.twimg.com/images/themes/theme1/bg.png","verified":false,"profile_location":null,"profile_image_url_https":"https://abs.twimg.com/sticky/default_profile_images/default_profile_3_normal.png","profile_sidebar_fill_color":"DDEEF6","entities":{"description":{"urls":[]}},"followers_count":340,"profile_sidebar_border_color":"C0DEED","id_str":"2899924184","profile_background_color":"C0DEED","listed_count":15,"is_translation_enabled":false,"utc_offset":0,"statuses_count":12316,"description":"","friends_count":1579,"location":"","profile_link_color":"0084B4","profile_image_url":"http://abs.twimg.com/sticky/default_profile_images/default_profile_3_normal.png","following":false,"geo_enabled":false,"profile_background_image_url":"http://abs.twimg.com/images/themes/theme1/bg.png","name":"pcm denault","lang":"en","profile_background_tile":false,"favourites_count":4581,"screen_name":"sunny_pcm","notifications":false,"url":null,"created_at":"Sat Nov 15 03:48:00 +0000 2014","contributors_enabled":false,"time_zone":"London","protected":false,"default_profile":true,"is_translator":false},"geo":null,"in_reply_to_user_id_str":"22138134","lang":"en","created_at":"Mon Dec 15 03:52:55 +0000 2014","in_reply_to_status_id_str":"544338575240609792","place":null},
{"contributors":null,"truncated":false,"text":"@willripleyCNN @SteveHuff Worth checking this out from @smh on the flag itself. http://t.co/ORzzRkKuCx","in_reply_to_status_id":544338575240609792,"id":544339299982786560,"favorite_count":0,"source":"<a href=\"https://about.twitter.com/products/tweetdeck\" rel=\"nofollow\">TweetDeck</a>","retweeted":false,"coordinates":null,"entities":{"symbols":[],"user_mentions":[{"id":22138134,"indices":[0,14],"id_str":"22138134","screen_name":"willripleyCNN","name":"Will Ripley"},{"id":16225571,"indices":[15,25],"id_str":"16225571","screen_name":"SteveHuff","name":"STEVE HUFF"},{"id":16675569,"indices":[55,59],"id_str":"16675569","screen_name":"smh","name":"smh.com.au"}],"hashtags":[],"urls":[],"media":[{"expanded_url":"http://twitter.com/joelbirch/status/544339299982786560/photo/1","display_url":"pic.twitter.com/ORzzRkKuCx","url":"http://t.co/ORzzRkKuCx","media_url_https":"https://pbs.twimg.com/media/B43hpP6CEAAfEgE.jpg","id_str":"544339228742520832","sizes":{"large":{"h":1198,"resize":"fit","w":253},"small":{"h":680,"resize":"fit","w":143},"medium":{"h":1198,"resize":"fit","w":253},"thumb":{"h":150,"resize":"crop","w":150}},"indices":[80,102],"type":"photo","id":544339228742520832,"media_url":"http://pbs.twimg.com/media/B43hpP6CEAAfEgE.jpg"}]},"in_reply_to_screen_name":"willripleyCNN","id_str":"544339299982786560","retweet_count":1,"in_reply_to_user_id":22138134,"favorited":false,"user":{"follow_request_sent":false,"profile_use_background_image":true,"profile_text_color":"666666","default_profile_image":false,"id":12773052,"profile_background_image_url_https":"https://pbs.twimg.com/profile_background_images/196689115/xb057667b4c247cafb03b144efc42c5d.gif","verified":false,"profile_location":null,"profile_image_url_https":"https://pbs.twimg.com/profile_images/475154171063062528/BlHYOV1R_normal.jpeg","profile_sidebar_fill_color":"252429","entities":{"url":{"urls":[{"url":"http://t.co/caLj1Vtpto","indices":[0,22],"expanded_url":"http://joelbir.ch","display_url":"joelbir.ch"}]},"description":{"urls":[]}},"followers_count":996,"profile_sidebar_border_color":"FFFFFF","id_str":"12773052","profile_background_color":"1A1B1F","listed_count":41,"is_translation_enabled":false,"utc_offset":28800,"statuses_count":18314,"description":"Educator & Professional Development guy. Music, food, language buff. My music's over at @osiriscorp. Not the guy from Amity. Tweets & thoughts are my own.","friends_count":945,"location":"Perth","profile_link_color":"2FC2EF","profile_image_url":"http://pbs.twimg.com/profile_images/475154171063062528/BlHYOV1R_normal.jpeg","following":false,"geo_enabled":false,"profile_banner_url":"https://pbs.twimg.com/profile_banners/12773052/1348055034","profile_background_image_url":"http://pbs.twimg.com/profile_background_images/196689115/xb057667b4c247cafb03b144efc42c5d.gif","name":"Joel Birch","lang":"en","profile_background_tile":false,"favourites_count":772,"screen_name":"joelbirch","notifications":false,"url":"http://t.co/caLj1Vtpto","created_at":"Mon Jan 28 04:58:09 +0000 2008","contributors_enabled":false,"time_zone":"Perth","protected":false,"default_profile":false,"is_translator":false},"geo":null,"in_reply_to_user_id_str":"22138134","possibly_sensitive":false,"lang":"en","created_at":"Mon Dec 15 03:52:57 +0000 2014","in_reply_to_status_id_str":"544338575240609792","place":null,"extended_entities":{"media":[{"expanded_url":"http://twitter.com/joelbirch/status/544339299982786560/photo/1","display_url":"pic.twitter.com/ORzzRkKuCx","url":"http://t.co/ORzzRkKuCx","media_url_https":"https://pbs.twimg.com/media/B43hpP6CEAAfEgE.jpg","id_str":"544339228742520832","sizes":{"large":{"h":1198,"resize":"fit","w":253},"small":{"h":680,"resize":"fit","w":143},"medium":{"h":1198,"resize":"fit","w":253},"thumb":{"h":150,"resize":"crop","w":150}},"indices":[80,102],"type":"photo","id":544339228742520832,"media_url":"http://pbs.twimg.com/media/B43hpP6CEAAfEgE.jpg"}]}},
{"contributors":null,"truncated":false,"text":"@willripleyCNN @CNN \nCant believe it ??? Mad Muslims Islamists., or just Islamic Muslims?","in_reply_to_status_id":544338575240609792,"id":544339360842129408,"favorite_count":0,"source":"<a href=\"http://twitter.com\" rel=\"nofollow\">Twitter Web Client</a>","retweeted":false,"coordinates":null,"entities":{"symbols":[],"user_mentions":[{"id":22138134,"indices":[0,14],"id_str":"22138134","screen_name":"willripleyCNN","name":"Will Ripley"},{"id":759251,"indices":[15,19],"id_str":"759251","screen_name":"CNN","name":"CNN"}],"hashtags":[],"urls":[]},"in_reply_to_screen_name":"willripleyCNN","id_str":"544339360842129408","retweet_count":0,"in_reply_to_user_id":22138134,"favorited":false,"user":{"follow_request_sent":false,"profile_use_background_image":true,"profile_text_color":"333333","default_profile_image":false,"id":2919219079,"profile_background_image_url_https":"https://abs.twimg.com/images/themes/theme1/bg.png","verified":false,"profile_location":null,"profile_image_url_https":"https://pbs.twimg.com/profile_images/547971805260943361/rf0W_ITz_normal.jpeg","profile_sidebar_fill_color":"DDEEF6","entities":{"description":{"urls":[]}},"followers_count":6,"profile_sidebar_border_color":"C0DEED","id_str":"2919219079","profile_background_color":"C0DEED","listed_count":0,"is_translation_enabled":false,"utc_offset":null,"statuses_count":124,"description":"","friends_count":95,"location":"","profile_link_color":"0084B4","profile_image_url":"http://pbs.twimg.com/profile_images/547971805260943361/rf0W_ITz_normal.jpeg","following":false,"geo_enabled":false,"profile_background_image_url":"http://abs.twimg.com/images/themes/theme1/bg.png","name":"wired erp","lang":"en","profile_background_tile":false,"favourites_count":7,"screen_name":"Wirederp","notifications":false,"url":null,"created_at":"Fri Dec 05 03:39:48 +0000 2014","contributors_enabled":false,"time_zone":null,"protected":false,"default_profile":true,"is_translator":false},"geo":null,"in_reply_to_user_id_str":"22138134","lang":"en","created_at":"Mon Dec 15 03:53:11 +0000 2014","in_reply_to_status_id_str":"544338575240609792","place":null},
{"contributors":null,"truncated":false,"text":"@willripleyCNN @CNN That flag is a Shahadah flag. Bandana on suspect says \"At your service, O Muhammad\" http://t.co/4HRFDy4jwE","in_reply_to_status_id":544338575240609792,"id":544339482196312064,"favorite_count":0,"source":"<a href=\"http://twitter.com/#!/download/ipad\" rel=\"nofollow\">Twitter for iPad</a>","retweeted":false,"coordinates":null,"entities":{"symbols":[],"user_mentions":[{"id":22138134,"indices":[0,14],"id_str":"22138134","screen_name":"willripleyCNN","name":"Will Ripley"},{"id":759251,"indices":[15,19],"id_str":"759251","screen_name":"CNN","name":"CNN"}],"hashtags":[],"urls":[],"media":[{"expanded_url":"http://twitter.com/JWadeMoses/status/544339482196312064/photo/1","display_url":"pic.twitter.com/4HRFDy4jwE","url":"http://t.co/4HRFDy4jwE","media_url_https":"https://pbs.twimg.com/media/B43h3slIIAAiq0Y.jpg","id_str":"544339476957634560","sizes":{"small":{"h":213,"resize":"fit","w":340},"large":{"h":642,"resize":"fit","w":1024},"medium":{"h":376,"resize":"fit","w":600},"thumb":{"h":150,"resize":"crop","w":150}},"indices":[104,126],"type":"photo","id":544339476957634560,"media_url":"http://pbs.twimg.com/media/B43h3slIIAAiq0Y.jpg"}]},"in_reply_to_screen_name":"willripleyCNN","id_str":"544339482196312064","retweet_count":0,"in_reply_to_user_id":22138134,"favorited":false,"user":{"follow_request_sent":false,"profile_use_background_image":true,"profile_text_color":"333333","default_profile_image":false,"id":2453850531,"profile_background_image_url_https":"https://abs.twimg.com/images/themes/theme14/bg.gif","verified":false,"profile_location":null,"profile_image_url_https":"https://pbs.twimg.com/profile_images/533067045785440256/g-SMIdYt_normal.jpeg","profile_sidebar_fill_color":"EFEFEF","entities":{"url":{"urls":[{"url":"http://t.co/7eZwSgUQs4","indices":[0,22],"expanded_url":"http://www.jonathanwade.ca","display_url":"jonathanwade.ca"}]},"description":{"urls":[]}},"followers_count":749,"profile_sidebar_border_color":"EEEEEE","id_str":"2453850531","profile_background_color":"131516","listed_count":11,"is_translation_enabled":false,"utc_offset":-18000,"statuses_count":2451,"description":"Former Canadian Soldier & #Afghanistan Combat Vet | Royal Military College of #Canada Student | Defense Consultant | Freedom of #Religion! #OPSEC Please!","friends_count":385,"location":"Canada","profile_link_color":"000000","profile_image_url":"http://pbs.twimg.com/profile_images/533067045785440256/g-SMIdYt_normal.jpeg","following":false,"geo_enabled":false,"profile_banner_url":"https://pbs.twimg.com/profile_banners/2453850531/1417141904","profile_background_image_url":"http://abs.twimg.com/images/themes/theme14/bg.gif","name":"Jonathan Wade","lang":"en-gb","profile_background_tile":true,"favourites_count":1169,"screen_name":"JWadeMoses","notifications":false,"url":"http://t.co/7eZwSgUQs4","created_at":"Wed Apr 02 02:31:59 +0000 2014","contributors_enabled":false,"time_zone":"Eastern Time (US & Canada)","protected":false,"default_profile":false,"is_translator":false},"geo":null,"in_reply_to_user_id_str":"22138134","possibly_sensitive":false,"lang":"en","created_at":"Mon Dec 15 03:53:40 +0000 2014","in_reply_to_status_id_str":"544338575240609792","place":null,"extended_entities":{"media":[{"expanded_url":"http://twitter.com/JWadeMoses/status/544339482196312064/photo/1","display_url":"pic.twitter.com/4HRFDy4jwE","url":"http://t.co/4HRFDy4jwE","media_url_https":"https://pbs.twimg.com/media/B43h3slIIAAiq0Y.jpg","id_str":"544339476957634560","sizes":{"small":{"h":213,"resize":"fit","w":340},"large":{"h":642,"resize":"fit","w":1024},"medium":{"h":376,"resize":"fit","w":600},"thumb":{"h":150,"resize":"crop","w":150}},"indices":[104,126],"type":"photo","id":544339476957634560,"media_url":"http://pbs.twimg.com/media/B43h3slIIAAiq0Y.jpg"}]}},
{"contributors":null,"truncated":false,"text":"True. Just another group of Muslim terrorists. @jennasmombx","in_reply_to_status_id":544338977764151297,"id":544339567181316096,"favorite_count":0,"source":"<a href=\"http://twitter.com/download/iphone\" rel=\"nofollow\">Twitter for iPhone</a>","retweeted":false,"coordinates":null,"entities":{"symbols":[],"user_mentions":[{"id":2443323329,"indices":[47,59],"id_str":"2443323329","screen_name":"jennasmombx","name":"JennasMomBX"}],"hashtags":[],"urls":[]},"in_reply_to_screen_name":"jennasmombx","id_str":"544339567181316096","retweet_count":0,"in_reply_to_user_id":2443323329,"favorited":false,"user":{"follow_request_sent":false,"profile_use_background_image":true,"profile_text_color":"333333","default_profile_image":false,"id":2765483872,"profile_background_image_url_https":"https://abs.twimg.com/images/themes/theme1/bg.png","verified":false,"profile_location":null,"profile_image_url_https":"https://pbs.twimg.com/profile_images/509302945180311552/2SlUl7ex_normal.jpeg","profile_sidebar_fill_color":"DDEEF6","entities":{"description":{"urls":[]}},"followers_count":248,"profile_sidebar_border_color":"C0DEED","id_str":"2765483872","profile_background_color":"C0DEED","listed_count":0,"is_translation_enabled":false,"utc_offset":null,"statuses_count":1429,"description":"The biggest liberal asshole in sports media.","friends_count":38,"location":"Left-Wing Heaven","profile_link_color":"0084B4","profile_image_url":"http://pbs.twimg.com/profile_images/509302945180311552/2SlUl7ex_normal.jpeg","following":false,"geo_enabled":false,"profile_banner_url":"https://pbs.twimg.com/profile_banners/2765483872/1410262434","profile_background_image_url":"http://abs.twimg.com/images/themes/theme1/bg.png","name":"Pimp Keith Olbermann","lang":"en","profile_background_tile":false,"favourites_count":41,"screen_name":"PimpOlbermann","notifications":false,"url":null,"created_at":"Tue Sep 09 11:29:10 +0000 2014","contributors_enabled":false,"time_zone":null,"protected":false,"default_profile":true,"is_translator":false},"geo":null,"in_reply_to_user_id_str":"2443323329","lang":"en","created_at":"Mon Dec 15 03:54:00 +0000 2014","in_reply_to_status_id_str":"544338977764151297","place":null},
{"contributors":null,"truncated":false,"text":"@BeckDuggleby @willripleyCNN @CNN Indeed! Easy to jump to conclusions...","in_reply_to_status_id":544339016737251328,"id":544339602174390272,"favorite_count":1,"source":"<a href=\"http://twitter.com/#!/download/ipad\" rel=\"nofollow\">Twitter for iPad</a>","retweeted":false,"coordinates":null,"entities":{"symbols":[],"user_mentions":[{"id":2909484938,"indices":[0,13],"id_str":"2909484938","screen_name":"BeckDuggleby","name":"Beck Duggleby"},{"id":22138134,"indices":[14,28],"id_str":"22138134","screen_name":"willripleyCNN","name":"Will Ripley"},{"id":759251,"indices":[29,33],"id_str":"759251","screen_name":"CNN","name":"CNN"}],"hashtags":[],"urls":[]},"in_reply_to_screen_name":"BeckDuggleby","id_str":"544339602174390272","retweet_count":0,"in_reply_to_user_id":2909484938,"favorited":false,"user":{"follow_request_sent":false,"profile_use_background_image":true,"profile_text_color":"333333","default_profile_image":false,"id":2453850531,"profile_background_image_url_https":"https://abs.twimg.com/images/themes/theme14/bg.gif","verified":false,"profile_location":null,"profile_image_url_https":"https://pbs.twimg.com/profile_images/533067045785440256/g-SMIdYt_normal.jpeg","profile_sidebar_fill_color":"EFEFEF","entities":{"url":{"urls":[{"url":"http://t.co/7eZwSgUQs4","indices":[0,22],"expanded_url":"http://www.jonathanwade.ca","display_url":"jonathanwade.ca"}]},"description":{"urls":[]}},"followers_count":749,"profile_sidebar_border_color":"EEEEEE","id_str":"2453850531","profile_background_color":"131516","listed_count":11,"is_translation_enabled":false,"utc_offset":-18000,"statuses_count":2451,"description":"Former Canadian Soldier & #Afghanistan Combat Vet | Royal Military College of #Canada Student | Defense Consultant | Freedom of #Religion! #OPSEC Please!","friends_count":385,"location":"Canada","profile_link_color":"000000","profile_image_url":"http://pbs.twimg.com/profile_images/533067045785440256/g-SMIdYt_normal.jpeg","following":false,"geo_enabled":false,"profile_banner_url":"https://pbs.twimg.com/profile_banners/2453850531/1417141904","profile_background_image_url":"http://abs.twimg.com/images/themes/theme14/bg.gif","name":"Jonathan Wade","lang":"en-gb","profile_background_tile":true,"favourites_count":1169,"screen_name":"JWadeMoses","notifications":false,"url":"http://t.co/7eZwSgUQs4","created_at":"Wed Apr 02 02:31:59 +0000 2014","contributors_enabled":false,"time_zone":"Eastern Time (US & Canada)","protected":false,"default_profile":false,"is_translator":false},"geo":null,"in_reply_to_user_id_str":"2909484938","lang":"en","created_at":"Mon Dec 15 03:54:09 +0000 2014","in_reply_to_status_id_str":"544339016737251328","place":null},
{"contributors":null,"truncated":false,"text":"@willripleyCNN @CNN NM - bloody sends electric waves to girls for physical relationships despite having own wife, extrema characterless","in_reply_to_status_id":544338575240609792,"id":544339603927203840,"favorite_count":0,"source":"<a href=\"http://twitter.com/download/android\" rel=\"nofollow\">Twitter for Android</a>","retweeted":false,"coordinates":null,"entities":{"symbols":[],"user_mentions":[{"id":22138134,"indices":[0,14],"id_str":"22138134","screen_name":"willripleyCNN","name":"Will Ripley"},{"id":759251,"indices":[15,19],"id_str":"759251","screen_name":"CNN","name":"CNN"}],"hashtags":[],"urls":[]},"in_reply_to_screen_name":"willripleyCNN","id_str":"544339603927203840","retweet_count":0,"in_reply_to_user_id":22138134,"favorited":false,"user":{"follow_request_sent":false,"profile_use_background_image":true,"profile_text_color":"333333","default_profile_image":false,"id":1518883244,"profile_background_image_url_https":"https://abs.twimg.com/images/themes/theme1/bg.png","verified":false,"profile_location":null,"profile_image_url_https":"https://pbs.twimg.com/profile_images/518354098416922624/PilePFzL_normal.jpeg","profile_sidebar_fill_color":"DDEEF6","entities":{"description":{"urls":[]}},"followers_count":247,"profile_sidebar_border_color":"C0DEED","id_str":"1518883244","profile_background_color":"C0DEED","listed_count":20,"is_translation_enabled":false,"utc_offset":null,"statuses_count":42810,"description":"","friends_count":446,"location":"","profile_link_color":"0084B4","profile_image_url":"http://pbs.twimg.com/profile_images/518354098416922624/PilePFzL_normal.jpeg","following":false,"geo_enabled":true,"profile_background_image_url":"http://abs.twimg.com/images/themes/theme1/bg.png","name":"Amit Kumar Singh","lang":"en","profile_background_tile":false,"favourites_count":4438,"screen_name":"amitsingh2220","notifications":false,"url":null,"created_at":"Sat Jun 15 09:01:15 +0000 2013","contributors_enabled":false,"time_zone":null,"protected":false,"default_profile":true,"is_translator":false},"geo":null,"in_reply_to_user_id_str":"22138134","lang":"en","created_at":"Mon Dec 15 03:54:09 +0000 2014","in_reply_to_status_id_str":"544338575240609792","place":null},
{"contributors":null,"truncated":false,"text":"@willripleyCNN @CNN i believe it is arabic","in_reply_to_status_id":544338575240609792,"id":544339709510840320,"favorite_count":1,"source":"<a href=\"http://twitter.com\" rel=\"nofollow\">Twitter Web Client</a>","retweeted":false,"coordinates":null,"entities":{"symbols":[],"user_mentions":[{"id":22138134,"indices":[0,14],"id_str":"22138134","screen_name":"willripleyCNN","name":"Will Ripley"},{"id":759251,"indices":[15,19],"id_str":"759251","screen_name":"CNN","name":"CNN"}],"hashtags":[],"urls":[]},"in_reply_to_screen_name":"willripleyCNN","id_str":"544339709510840320","retweet_count":0,"in_reply_to_user_id":22138134,"favorited":false,"user":{"follow_request_sent":false,"profile_use_background_image":false,"profile_text_color":"000000","default_profile_image":false,"id":2835807418,"profile_background_image_url_https":"https://abs.twimg.com/images/themes/theme1/bg.png","verified":false,"profile_location":null,"profile_image_url_https":"https://pbs.twimg.com/profile_images/542879314417836032/qTA_tcZT_normal.jpeg","profile_sidebar_fill_color":"000000","entities":{"description":{"urls":[]}},"followers_count":64,"profile_sidebar_border_color":"000000","id_str":"2835807418","profile_background_color":"000000","listed_count":0,"is_translation_enabled":false,"utc_offset":-18000,"statuses_count":1792,"description":"12s. network, not flirt. ph level13 #carpediem","friends_count":210,"location":"Cuba","profile_link_color":"4A913C","profile_image_url":"http://pbs.twimg.com/profile_images/542879314417836032/qTA_tcZT_normal.jpeg","following":false,"geo_enabled":false,"profile_banner_url":"https://pbs.twimg.com/profile_banners/2835807418/1418267611","profile_background_image_url":"http://abs.twimg.com/images/themes/theme1/bg.png","name":"Jobsvara","lang":"en","profile_background_tile":false,"favourites_count":565,"screen_name":"gabeclectic","notifications":false,"url":null,"created_at":"Sat Oct 18 04:09:41 +0000 2014","contributors_enabled":false,"time_zone":"Eastern Time (US & Canada)","protected":false,"default_profile":false,"is_translator":false},"geo":null,"in_reply_to_user_id_str":"22138134","lang":"en","created_at":"Mon Dec 15 03:54:34 +0000 2014","in_reply_to_status_id_str":"544338575240609792","place":null},
{"contributors":null,"truncated":false,"text":"@willripleyCNN @CNN Islamic isn't a language","in_reply_to_status_id":544338575240609792,"id":544339987324760064,"favorite_count":1,"source":"<a href=\"http://twitter.com/download/iphone\" rel=\"nofollow\">Twitter for iPhone</a>","retweeted":false,"coordinates":null,"entities":{"symbols":[],"user_mentions":[{"id":22138134,"indices":[0,14],"id_str":"22138134","screen_name":"willripleyCNN","name":"Will Ripley"},{"id":759251,"indices":[15,19],"id_str":"759251","screen_name":"CNN","name":"CNN"}],"hashtags":[],"urls":[]},"in_reply_to_screen_name":"willripleyCNN","id_str":"544339987324760064","retweet_count":0,"in_reply_to_user_id":22138134,"favorited":false,"user":{"follow_request_sent":false,"profile_use_background_image":true,"profile_text_color":"333333","default_profile_image":false,"id":631587788,"profile_background_image_url_https":"https://abs.twimg.com/images/themes/theme1/bg.png","verified":false,"profile_location":null,"profile_image_url_https":"https://pbs.twimg.com/profile_images/463701841616711680/zj7EsVZZ_normal.png","profile_sidebar_fill_color":"DDEEF6","entities":{"description":{"urls":[]}},"followers_count":113,"profile_sidebar_border_color":"000000","id_str":"631587788","profile_background_color":"8ECDED","listed_count":1,"is_translation_enabled":false,"utc_offset":null,"statuses_count":169,"description":"Basketball Player and Gamer.","friends_count":519,"location":"Delavan, IL","profile_link_color":"004B66","profile_image_url":"http://pbs.twimg.com/profile_images/463701841616711680/zj7EsVZZ_normal.png","following":false,"geo_enabled":false,"profile_banner_url":"https://pbs.twimg.com/profile_banners/631587788/1402887562","profile_background_image_url":"http://abs.twimg.com/images/themes/theme1/bg.png","name":"Connor Sloan","lang":"en","profile_background_tile":false,"favourites_count":87,"screen_name":"SloanConnor","notifications":false,"url":null,"created_at":"Tue Jul 10 01:55:48 +0000 2012","contributors_enabled":false,"time_zone":null,"protected":false,"default_profile":false,"is_translator":false},"geo":null,"in_reply_to_user_id_str":"22138134","lang":"en","created_at":"Mon Dec 15 03:55:40 +0000 2014","in_reply_to_status_id_str":"544338575240609792","place":null},
{"contributors":null,"truncated":false,"text":"@willripleyCNN @CNN They said it was 13 this morning http://t.co/bYXPtcNZuj","in_reply_to_status_id":544338575240609792,"id":544340093146644480,"favorite_count":1,"source":"<a href=\"http://twitter.com\" rel=\"nofollow\">Twitter Web Client</a>","retweeted":false,"coordinates":null,"entities":{"symbols":[],"user_mentions":[{"id":22138134,"indices":[0,14],"id_str":"22138134","screen_name":"willripleyCNN","name":"Will Ripley"},{"id":759251,"indices":[15,19],"id_str":"759251","screen_name":"CNN","name":"CNN"}],"hashtags":[],"urls":[],"media":[{"expanded_url":"http://twitter.com/whatdoievenlike/status/544340093146644480/photo/1","display_url":"pic.twitter.com/bYXPtcNZuj","url":"http://t.co/bYXPtcNZuj","media_url_https":"https://pbs.twimg.com/media/B43ibegCIAAL3yM.png","id_str":"544340091653464064","sizes":{"large":{"h":254,"resize":"fit","w":500},"small":{"h":172,"resize":"fit","w":340},"medium":{"h":254,"resize":"fit","w":500},"thumb":{"h":150,"resize":"crop","w":150}},"indices":[53,75],"type":"photo","id":544340091653464064,"media_url":"http://pbs.twimg.com/media/B43ibegCIAAL3yM.png"}]},"in_reply_to_screen_name":"willripleyCNN","id_str":"544340093146644480","retweet_count":0,"in_reply_to_user_id":22138134,"favorited":false,"user":{"follow_request_sent":false,"profile_use_background_image":false,"profile_text_color":"000000","default_profile_image":false,"id":2900038735,"profile_background_image_url_https":"https://abs.twimg.com/images/themes/theme1/bg.png","verified":false,"profile_location":null,"profile_image_url_https":"https://pbs.twimg.com/profile_images/534202307924086784/MeqPoA-w_normal.png","profile_sidebar_fill_color":"000000","entities":{"description":{"urls":[]}},"followers_count":56,"profile_sidebar_border_color":"000000","id_str":"2900038735","profile_background_color":"000000","listed_count":1,"is_translation_enabled":false,"utc_offset":null,"statuses_count":38,"description":"I just ate a sandwich it was pretty good","friends_count":263,"location":"","profile_link_color":"89C9FA","profile_image_url":"http://pbs.twimg.com/profile_images/534202307924086784/MeqPoA-w_normal.png","following":false,"geo_enabled":false,"profile_banner_url":"https://pbs.twimg.com/profile_banners/2900038735/1416198933","profile_background_image_url":"http://abs.twimg.com/images/themes/theme1/bg.png","name":"Wadiel","lang":"en","profile_background_tile":false,"favourites_count":0,"screen_name":"whatdoievenlike","notifications":false,"url":null,"created_at":"Sat Nov 15 05:32:09 +0000 2014","contributors_enabled":false,"time_zone":null,"protected":false,"default_profile":false,"is_translator":false},"geo":null,"in_reply_to_user_id_str":"22138134","possibly_sensitive":false,"lang":"en","created_at":"Mon Dec 15 03:56:06 +0000 2014","in_reply_to_status_id_str":"544338575240609792","place":null,"extended_entities":{"media":[{"expanded_url":"http://twitter.com/whatdoievenlike/status/544340093146644480/photo/1","display_url":"pic.twitter.com/bYXPtcNZuj","url":"http://t.co/bYXPtcNZuj","media_url_https":"https://pbs.twimg.com/media/B43ibegCIAAL3yM.png","id_str":"544340091653464064","sizes":{"large":{"h":254,"resize":"fit","w":500},"small":{"h":172,"resize":"fit","w":340},"medium":{"h":254,"resize":"fit","w":500},"thumb":{"h":150,"resize":"crop","w":150}},"indices":[53,75],"type":"photo","id":544340091653464064,"media_url":"http://pbs.twimg.com/media/B43ibegCIAAL3yM.png"}]}},
{"contributors":null,"truncated":false,"text":"@willripleyCNN @CNN CNN badly needs to employ reporters who can read. Why not say as it is, that it's the Islamic flag with Shahada on it?","in_reply_to_status_id":544338575240609792,"id":544340410722942976,"favorite_count":0,"source":"<a href=\"http://twitter.com\" rel=\"nofollow\">Twitter Web Client</a>","retweeted":false,"coordinates":null,"entities":{"symbols":[],"user_mentions":[{"id":22138134,"indices":[0,14],"id_str":"22138134","screen_name":"willripleyCNN","name":"Will Ripley"},{"id":759251,"indices":[15,19],"id_str":"759251","screen_name":"CNN","name":"CNN"}],"hashtags":[],"urls":[]},"in_reply_to_screen_name":"willripleyCNN","id_str":"544340410722942976","retweet_count":0,"in_reply_to_user_id":22138134,"favorited":false,"user":{"follow_request_sent":false,"profile_use_background_image":true,"profile_text_color":"333333","default_profile_image":false,"id":746919546,"profile_background_image_url_https":"https://abs.twimg.com/images/themes/theme1/bg.png","verified":false,"profile_location":null,"profile_image_url_https":"https://pbs.twimg.com/profile_images/2484927013/untitled_normal.JPG","profile_sidebar_fill_color":"DDEEF6","entities":{"description":{"urls":[]}},"followers_count":19,"profile_sidebar_border_color":"C0DEED","id_str":"746919546","profile_background_color":"C0DEED","listed_count":0,"is_translation_enabled":false,"utc_offset":19800,"statuses_count":775,"description":"Another Day, Another Me.","friends_count":72,"location":"","profile_link_color":"0084B4","profile_image_url":"http://pbs.twimg.com/profile_images/2484927013/untitled_normal.JPG","following":false,"geo_enabled":false,"profile_background_image_url":"http://abs.twimg.com/images/themes/theme1/bg.png","name":"Patrick","lang":"en","profile_background_tile":false,"favourites_count":257,"screen_name":"C95Pat","notifications":false,"url":null,"created_at":"Thu Aug 09 09:36:15 +0000 2012","contributors_enabled":false,"time_zone":"Chennai","protected":false,"default_profile":true,"is_translator":false},"geo":null,"in_reply_to_user_id_str":"22138134","lang":"en","created_at":"Mon Dec 15 03:57:21 +0000 2014","in_reply_to_status_id_str":"544338575240609792","place":null},
{"contributors":null,"truncated":false,"text":"@willripleyCNN @CNN Breaking?? It's been happening for 3 hours now. Sheesh.","in_reply_to_status_id":544338575240609792,"id":544340466427518976,"favorite_count":0,"source":"<a href=\"http://twitter.com\" rel=\"nofollow\">Twitter Web Client</a>","retweeted":false,"coordinates":null,"entities":{"symbols":[],"user_mentions":[{"id":22138134,"indices":[0,14],"id_str":"22138134","screen_name":"willripleyCNN","name":"Will Ripley"},{"id":759251,"indices":[15,19],"id_str":"759251","screen_name":"CNN","name":"CNN"}],"hashtags":[],"urls":[]},"in_reply_to_screen_name":"willripleyCNN","id_str":"544340466427518976","retweet_count":0,"in_reply_to_user_id":22138134,"favorited":false,"user":{"follow_request_sent":false,"profile_use_background_image":true,"profile_text_color":"333333","default_profile_image":false,"id":454653537,"profile_background_image_url_https":"https://pbs.twimg.com/profile_background_images/458787158375940096/8ElACsMG.jpeg","verified":false,"profile_location":null,"profile_image_url_https":"https://pbs.twimg.com/profile_images/528449057203580928/pM2pX6Dn_normal.jpeg","profile_sidebar_fill_color":"DDEEF6","entities":{"url":{"urls":[{"url":"https://t.co/6OFF32Lg2U","indices":[0,23],"expanded_url":"https://www.reverbnation.com/sheldonriddle/songs","display_url":"reverbnation.com/sheldonriddle/…"}]},"description":{"urls":[]}},"followers_count":289,"profile_sidebar_border_color":"000000","id_str":"454653537","profile_background_color":"000000","listed_count":2,"is_translation_enabled":false,"utc_offset":null,"statuses_count":2074,"description":"A singer/songwriter who's also been a news videographer, audio/video engineer, editor and producer, radio announcer, and charity fundraiser.","friends_count":789,"location":"Ohio (USA) ","profile_link_color":"8C0B0B","profile_image_url":"http://pbs.twimg.com/profile_images/528449057203580928/pM2pX6Dn_normal.jpeg","following":false,"geo_enabled":false,"profile_banner_url":"https://pbs.twimg.com/profile_banners/454653537/1414827186","profile_background_image_url":"http://pbs.twimg.com/profile_background_images/458787158375940096/8ElACsMG.jpeg","name":"Sheldon Riddle","lang":"en","profile_background_tile":false,"favourites_count":1704,"screen_name":"SheldonRiddle","notifications":false,"url":"https://t.co/6OFF32Lg2U","created_at":"Wed Jan 04 07:04:30 +0000 2012","contributors_enabled":false,"time_zone":null,"protected":false,"default_profile":false,"is_translator":false},"geo":null,"in_reply_to_user_id_str":"22138134","lang":"en","created_at":"Mon Dec 15 03:57:35 +0000 2014","in_reply_to_status_id_str":"544338575240609792","place":null},
{"contributors":null,"truncated":false,"text":"@willripleyCNN @CNN Gee wonder why no one has a gun. Oh that's right. Australia bans citizens from having guns.","in_reply_to_status_id":544338575240609792,"id":544340692265623552,"favorite_count":0,"source":"<a href=\"https://about.twitter.com/products/tweetdeck\" rel=\"nofollow\">TweetDeck</a>","retweeted":false,"coordinates":null,"entities":{"symbols":[],"user_mentions":[{"id":22138134,"indices":[0,14],"id_str":"22138134","screen_name":"willripleyCNN","name":"Will Ripley"},{"id":759251,"indices":[15,19],"id_str":"759251","screen_name":"CNN","name":"CNN"}],"hashtags":[],"urls":[]},"in_reply_to_screen_name":"willripleyCNN","id_str":"544340692265623552","retweet_count":0,"in_reply_to_user_id":22138134,"favorited":false,"user":{"follow_request_sent":false,"profile_use_background_image":true,"profile_text_color":"333333","default_profile_image":false,"id":35462142,"profile_background_image_url_https":"https://abs.twimg.com/images/themes/theme1/bg.png","verified":false,"profile_location":null,"profile_image_url_https":"https://pbs.twimg.com/profile_images/378800000389987321/4a454624c508cef0542bd9e949f8126d_normal.png","profile_sidebar_fill_color":"DDEEF6","entities":{"description":{"urls":[]}},"followers_count":4289,"profile_sidebar_border_color":"C0DEED","id_str":"35462142","profile_background_color":"C0DEED","listed_count":62,"is_translation_enabled":false,"utc_offset":-14400,"statuses_count":40774,"description":"Tea Party Conservative who digs the wit and wisdom of other Conservatives.  Kurt Eichenwald's favorite troll #TGDN","friends_count":4719,"location":"","profile_link_color":"0084B4","profile_image_url":"http://pbs.twimg.com/profile_images/378800000389987321/4a454624c508cef0542bd9e949f8126d_normal.png","following":false,"geo_enabled":false,"profile_background_image_url":"http://abs.twimg.com/images/themes/theme1/bg.png","name":"Tom","lang":"en","profile_background_tile":false,"favourites_count":462,"screen_name":"jtinfo","notifications":false,"url":null,"created_at":"Sun Apr 26 13:16:02 +0000 2009","contributors_enabled":false,"time_zone":"Atlantic Time (Canada)","protected":false,"default_profile":true,"is_translator":false},"geo":null,"in_reply_to_user_id_str":"22138134","lang":"en","created_at":"Mon Dec 15 03:58:29 +0000 2014","in_reply_to_status_id_str":"544338575240609792","place":null},
{"contributors":null,"truncated":false,"text":"@willripleyCNN @CNN have hostage numbers been confirmed? Still confusion","in_reply_to_status_id":544338575240609792,"id":544341099356389376,"favorite_count":0,"source":"<a href=\"http://twitter.com/download/iphone\" rel=\"nofollow\">Twitter for iPhone</a>","retweeted":false,"coordinates":null,"entities":{"symbols":[],"user_mentions":[{"id":22138134,"indices":[0,14],"id_str":"22138134","screen_name":"willripleyCNN","name":"Will Ripley"},{"id":759251,"indices":[15,19],"id_str":"759251","screen_name":"CNN","name":"CNN"}],"hashtags":[],"urls":[]},"in_reply_to_screen_name":"willripleyCNN","id_str":"544341099356389376","retweet_count":0,"in_reply_to_user_id":22138134,"favorited":false,"user":{"follow_request_sent":false,"profile_use_background_image":true,"profile_text_color":"333333","default_profile_image":false,"id":103217228,"profile_background_image_url_https":"https://abs.twimg.com/images/themes/theme1/bg.png","verified":false,"profile_location":null,"profile_image_url_https":"https://pbs.twimg.com/profile_images/378800000593921241/47d192168945945dd7508537991c1113_normal.jpeg","profile_sidebar_fill_color":"DDEEF6","entities":{"description":{"urls":[]}},"followers_count":16,"profile_sidebar_border_color":"C0DEED","id_str":"103217228","profile_background_color":"C0DEED","listed_count":0,"is_translation_enabled":false,"utc_offset":0,"statuses_count":38,"description":"","friends_count":150,"location":"Edinburgh","profile_link_color":"0084B4","profile_image_url":"http://pbs.twimg.com/profile_images/378800000593921241/47d192168945945dd7508537991c1113_normal.jpeg","following":false,"geo_enabled":true,"profile_background_image_url":"http://abs.twimg.com/images/themes/theme1/bg.png","name":"Jimmy Campbell","lang":"en","profile_background_tile":false,"favourites_count":11,"screen_name":"jinky4755","notifications":false,"url":null,"created_at":"Sat Jan 09 08:03:29 +0000 2010","contributors_enabled":false,"time_zone":"Edinburgh","protected":false,"default_profile":true,"is_translator":false},"geo":null,"in_reply_to_user_id_str":"22138134","lang":"en","created_at":"Mon Dec 15 04:00:06 +0000 2014","in_reply_to_status_id_str":"544338575240609792","place":null},
{"contributors":null,"truncated":false,"text":"@willripleycnn @cnn #Breaking ?  Its 5 hours into the #SydneySiege How is that Breaking?","in_reply_to_status_id":544338575240609792,"id":544342534734884864,"favorite_count":0,"source":"<a href=\"http://itunes.apple.com/us/app/twitter/id409789998?mt=12\" rel=\"nofollow\">Twitter for Mac</a>","retweeted":false,"coordinates":null,"entities":{"symbols":[],"user_mentions":[{"id":22138134,"indices":[0,14],"id_str":"22138134","screen_name":"willripleyCNN","name":"Will Ripley"},{"id":759251,"indices":[15,19],"id_str":"759251","screen_name":"CNN","name":"CNN"}],"hashtags":[{"indices":[20,29],"text":"Breaking"},{"indices":[54,66],"text":"SydneySiege"}],"urls":[]},"in_reply_to_screen_name":"willripleyCNN","id_str":"544342534734884864","retweet_count":0,"in_reply_to_user_id":22138134,"favorited":false,"user":{"follow_request_sent":false,"profile_use_background_image":true,"profile_text_color":"3C3940","default_profile_image":false,"id":300246666,"profile_background_image_url_https":"https://pbs.twimg.com/profile_background_images/692320952/fc209afff80aaec20b158f3b117cbb6b.jpeg","verified":false,"profile_location":null,"profile_image_url_https":"https://pbs.twimg.com/profile_images/2427193597/image_normal.jpg","profile_sidebar_fill_color":"95E8EC","entities":{"url":{"urls":[{"url":"http://t.co/1uDYHnKIVe","indices":[0,22],"expanded_url":"http://about.me/chris_rathborne","display_url":"about.me/chris_rathborne"}]},"description":{"urls":[{"url":"http://t.co/qAwHyNh3","indices":[88,108],"expanded_url":"http://www.thedigitaljournal.net","display_url":"thedigitaljournal.net"}]}},"followers_count":556,"profile_sidebar_border_color":"FFFFFF","id_str":"300246666","profile_background_color":"0099B9","listed_count":11,"is_translation_enabled":false,"utc_offset":39600,"statuses_count":6252,"description":"Webguy... writing and sharing about all things digital and enjoying the conversations.\r\nhttp://t.co/qAwHyNh3","friends_count":904,"location":"Melbourne","profile_link_color":"0099B9","profile_image_url":"http://pbs.twimg.com/profile_images/2427193597/image_normal.jpg","following":false,"geo_enabled":true,"profile_banner_url":"https://pbs.twimg.com/profile_banners/300246666/1353123489","profile_background_image_url":"http://pbs.twimg.com/profile_background_images/692320952/fc209afff80aaec20b158f3b117cbb6b.jpeg","name":"Chris","lang":"en","profile_background_tile":false,"favourites_count":33,"screen_name":"Chris_Rathborne","notifications":false,"url":"http://t.co/1uDYHnKIVe","created_at":"Tue May 17 13:05:17 +0000 2011","contributors_enabled":false,"time_zone":"Melbourne","protected":false,"default_profile":false,"is_translator":false},"geo":null,"in_reply_to_user_id_str":"22138134","lang":"en","created_at":"Mon Dec 15 04:05:48 +0000 2014","in_reply_to_status_id_str":"544338575240609792","place":null},
{"contributors":null,"truncated":false,"text":"@willripleyCNN @CNN where did he get the gun ?no Muslim should allowed to carry gun hving gun or buy a gun.","in_reply_to_status_id":544338575240609792,"id":544342642432438272,"favorite_count":0,"source":"<a href=\"http://twitter.com/download/android\" rel=\"nofollow\">Twitter for Android</a>","retweeted":false,"coordinates":null,"entities":{"symbols":[],"user_mentions":[{"id":22138134,"indices":[0,14],"id_str":"22138134","screen_name":"willripleyCNN","name":"Will Ripley"},{"id":759251,"indices":[15,19],"id_str":"759251","screen_name":"CNN","name":"CNN"}],"hashtags":[],"urls":[]},"in_reply_to_screen_name":"willripleyCNN","id_str":"544342642432438272","retweet_count":0,"in_reply_to_user_id":22138134,"favorited":false,"user":{"follow_request_sent":false,"profile_use_background_image":true,"profile_text_color":"333333","default_profile_image":false,"id":2688052579,"profile_background_image_url_https":"https://abs.twimg.com/images/themes/theme1/bg.png","verified":false,"profile_location":null,"profile_image_url_https":"https://pbs.twimg.com/profile_images/545691843753947136/wXiIwjdO_normal.jpeg","profile_sidebar_fill_color":"DDEEF6","entities":{"description":{"urls":[]}},"followers_count":38,"profile_sidebar_border_color":"C0DEED","id_str":"2688052579","profile_background_color":"C0DEED","listed_count":1,"is_translation_enabled":false,"utc_offset":null,"statuses_count":1266,"description":"POI FAN!","friends_count":72,"location":"","profile_link_color":"0084B4","profile_image_url":"http://pbs.twimg.com/profile_images/545691843753947136/wXiIwjdO_normal.jpeg","following":false,"geo_enabled":false,"profile_banner_url":"https://pbs.twimg.com/profile_banners/2688052579/1413662207","profile_background_image_url":"http://abs.twimg.com/images/themes/theme1/bg.png","name":"Nezrana ","lang":"en","profile_background_tile":false,"favourites_count":786,"screen_name":"Nezranabrock","notifications":false,"url":null,"created_at":"Mon Jul 28 18:03:46 +0000 2014","contributors_enabled":false,"time_zone":null,"protected":false,"default_profile":true,"is_translator":false},"geo":null,"in_reply_to_user_id_str":"22138134","lang":"en","created_at":"Mon Dec 15 04:06:14 +0000 2014","in_reply_to_status_id_str":"544338575240609792","place":null},
{"contributors":null,"truncated":false,"text":"@willripleyCNN @CNN hang those stupid hostage takers once they have been arrested! Stupid dog eating bloody Muslims!","in_reply_to_status_id":544338575240609792,"id":544343962996441088,"favorite_count":0,"source":"<a href=\"http://twitter.com/download/android\" rel=\"nofollow\">Twitter for Android</a>","retweeted":false,"coordinates":null,"entities":{"symbols":[],"user_mentions":[{"id":22138134,"indices":[0,14],"id_str":"22138134","screen_name":"willripleyCNN","name":"Will Ripley"},{"id":759251,"indices":[15,19],"id_str":"759251","screen_name":"CNN","name":"CNN"}],"hashtags":[],"urls":[]},"in_reply_to_screen_name":"willripleyCNN","id_str":"544343962996441088","retweet_count":0,"in_reply_to_user_id":22138134,"favorited":false,"user":{"follow_request_sent":false,"profile_use_background_image":true,"profile_text_color":"333333","default_profile_image":false,"id":2790024473,"profile_background_image_url_https":"https://abs.twimg.com/images/themes/theme1/bg.png","verified":false,"profile_location":null,"profile_image_url_https":"https://pbs.twimg.com/profile_images/568876945052803072/JFmLOIXN_normal.jpeg","profile_sidebar_fill_color":"DDEEF6","entities":{"description":{"urls":[]}},"followers_count":27,"profile_sidebar_border_color":"C0DEED","id_str":"2790024473","profile_background_color":"C0DEED","listed_count":0,"is_translation_enabled":false,"utc_offset":null,"statuses_count":557,"description":"","friends_count":97,"location":"","profile_link_color":"0084B4","profile_image_url":"http://pbs.twimg.com/profile_images/568876945052803072/JFmLOIXN_normal.jpeg","following":false,"geo_enabled":false,"profile_banner_url":"https://pbs.twimg.com/profile_banners/2790024473/1417115113","profile_background_image_url":"http://abs.twimg.com/images/themes/theme1/bg.png","name":"Bless Trish","lang":"en","profile_background_tile":false,"favourites_count":132,"screen_name":"Blesstashu","notifications":false,"url":null,"created_at":"Sun Sep 28 21:35:45 +0000 2014","contributors_enabled":false,"time_zone":null,"protected":false,"default_profile":true,"is_translator":false},"geo":null,"in_reply_to_user_id_str":"22138134","lang":"en","created_at":"Mon Dec 15 04:11:28 +0000 2014","in_reply_to_status_id_str":"544338575240609792","place":null}
]