[{"contributors":null,"truncated":false,"text":"@lucethoughts what don't these people know anything about automated surge pricing they could be making a fortune rn","in_reply_to_status_id":544321311250468865,"id":544322647291469826,"favorite_count":0,"source":"<a href=\"http://twitter.com\" rel=\"nofollow\">Twitter Web Client</a>","retweeted":false,"coordinates":null,"entities":{"symbols":[],"user_mentions":[{"id":25210650,"indices":[0,13],"id_str":"25210650","screen_name":"lucethoughts","name":"Good King WenceLuce"}],"hashtags":[],"urls":[]},"in_reply_to_screen_name":"lucethoughts","id_str":"544322647291469826","retweet_count":0,"in_reply_to_user_id":25210650,"favorited":false,"user":{"follow_request_sent":false,"profile_use_background_image":true,"profile_text_color":"634047","default_profile_image":false,"id":24082382,"profile_background_image_url_https":"https://pbs.twimg.com/profile_background_images/745584484/2e9eb22b82ddc833d589f338316cb8be.jpeg","verified":false,"profile_location":null,"profile_image_url_https":"https://pbs.twimg.com/profile_images/2324338326/m0uclk4wjf8vmb2wnune_normal.gif","profile_sidebar_fill_color":"E3E2DE","entities":{"description":{"urls":[]}},"followers_count":425,"profile_sidebar_border_color":"FFFFFF","id_str":"24082382","profile_background_color":"FFFFFF","listed_count":27,"is_translation_enabled":false,"utc_offset":-36000,"statuses_count":40284,"description":"Don't follow me.","friends_count":461,"location":"Australia","profile_link_color":"0B14CC","profile_image_url":"http://pbs.twimg.com/profile_images/2324338326/m0uclk4wjf8vmb2wnune_normal.gif","following":false,"geo_enabled":false,"profile_banner_url":"https://pbs.twimg.com/profile_banners/24082382/1402505158","profile_background_image_url":"http://pbs.twimg.com/profile_background_images/745584484/2e9eb22b82ddc833d589f338316cb8be.jpeg","name":"Reindeer James","lang":"en","profile_background_tile":false,"favourites_count":10164,"screen_name":"Soul_James","notifications":false,"url":null,"created_at":"Fri Mar 13 00:23:42 +0000 2009","contributors_enabled":false,"time_zone":"Hawaii","protected":false,"default_profile":false,"is_translator":false},"geo":null,"in_reply_to_user_id_str":"25210650","lang":"en","created_at":"Mon Dec 15 02:46:46 +0000 2014","in_reply_to_status_id_str":"544321311250468865","place":null},
{"contributors":null,"truncated":false,"text":"@lucethoughts : As oppossed to @Uber who is allegedly charging users a minimum of $100 around the Sydney area.","in_reply_to_status_id":544321311250468865,"id":544323131658498049,"favorite_count":0,"source":"<a href=\"http://twitter.com\" rel=\"nofollow\">Twitter Web Client</a>","retweeted":false,"coordinates":null,"entities":{"symbols":[],"user_mentions":[{"id":25210650,"indices":[0,13],"id_str":"25210650","screen_name":"lucethoughts","name":"Lucy Carter"},{"id":19103481,"indices":[31,36],"id_str":"19103481","screen_name":"Uber","name":"Uber"}],"hashtags":[],"urls":[]},"in_reply_to_screen_name":"lucethoughts","id_str":"544323131658498049","retweet_count":0,"in_reply_to_user_id":25210650,"favorited":false,"user":{"follow_request_sent":false,"profile_use_background_image":false,"profile_text_color":"000000","default_profile_image":false,"id":76903512,"profile_background_image_url_https":"https://abs.twimg.com/images/themes/theme8/bg.gif","verified":false,"profile_location":null,"profile_image_url_https":"https://pbs.twimg.com/profile_images/520552551423283200/Iiob2cBD_normal.jpeg","profile_sidebar_fill_color":"000000","entities":{"url":{"urls":[{"url":"https://t.co/pC2ocwfRA2","indices":[0,23],"expanded_url":"https://plus.google.com/+ChristopherPrinsPhotography","display_url":"plus.google.com/+ChristopherPr…"}]},"description":{"urls":[]}},"followers_count":5134,"profile_sidebar_border_color":"000000","id_str":"76903512","profile_background_color":"000000","listed_count":63,"is_translation_enabled":false,"utc_offset":39600,"statuses_count":42770,"description":"Photographer, Blogger, Father, Husband.","friends_count":4460,"location":"Harrington, NSW, Australia","profile_link_color":"145C6E","profile_image_url":"http://pbs.twimg.com/profile_images/520552551423283200/Iiob2cBD_normal.jpeg","following":false,"geo_enabled":true,"profile_banner_url":"https://pbs.twimg.com/profile_banners/76903512/1413153396","profile_background_image_url":"http://abs.twimg.com/images/themes/theme8/bg.gif","name":"Christopher Prins","lang":"en","profile_background_tile":false,"favourites_count":2384,"screen_name":"TheSocialTogger","notifications":false,"url":"https://t.co/pC2ocwfRA2","created_at":"Thu Sep 24 09:58:20 +0000 2009","contributors_enabled":false,"time_zone":"Sydney","protected":false,"default_profile":false,"is_translator":false},"geo":null,"in_reply_to_user_id_str":"25210650","lang":"en","created_at":"Mon Dec 15 02:48:42 +0000 2014","in_reply_to_status_id_str":"544321311250468865","place":null},
{"contributors":null,"truncated":false,"text":"@lucethoughts @Mamamia that's amazing. Truly amazing.","in_reply_to_status_id":544321311250468865,"id":544324135573139456,"favorite_count":0,"source":"<a href=\"https://about.twitter.com/products/tweetdeck\" rel=\"nofollow\">TweetDeck</a>","retweeted":false,"coordinates":null,"entities":{"symbols":[],"user_mentions":[{"id":25210650,"indices":[0,13],"id_str":"25210650","screen_name":"lucethoughts","name":"Lucy Carter"},{"id":19178668,"indices":[14,22],"id_str":"19178668","screen_name":"Mamamia","name":"Mamamia"}],"hashtags":[],"urls":[]},"in_reply_to_screen_name":"lucethoughts","id_str":"544324135573139456","retweet_count":0,"in_reply_to_user_id":25210650,"favorited":false,"user":{"follow_request_sent":false,"profile_use_background_image":false,"profile_text_color":"333333","default_profile_image":false,"id":628146343,"profile_background_image_url_https":"https://pbs.twimg.com/profile_background_images/435004467054780416/x8F9KBWz.jpeg","verified":false,"profile_location":null,"profile_image_url_https":"https://pbs.twimg.com/profile_images/589958049692930048/1je1huiR_normal.jpg","profile_sidebar_fill_color":"FFFFFF","entities":{"url":{"urls":[{"url":"http://t.co/kXdexMK80J","indices":[0,22],"expanded_url":"http://bit.ly/ramessenger","display_url":"bit.ly/ramessenger"}]},"description":{"urls":[]}},"followers_count":507,"profile_sidebar_border_color":"FFFFFF","id_str":"628146343","profile_background_color":"FA58AC","listed_count":11,"is_translation_enabled":false,"utc_offset":36000,"statuses_count":10180,"description":"Spiky hair.","friends_count":192,"location":"Australia","profile_link_color":"FA58AC","profile_image_url":"http://pbs.twimg.com/profile_images/589958049692930048/1je1huiR_normal.jpg","following":false,"geo_enabled":true,"profile_banner_url":"https://pbs.twimg.com/profile_banners/628146343/1418686224","profile_background_image_url":"http://pbs.twimg.com/profile_background_images/435004467054780416/x8F9KBWz.jpeg","name":"Rhys M.","lang":"en","profile_background_tile":false,"favourites_count":13336,"screen_name":"ramessenger","notifications":false,"url":"http://t.co/kXdexMK80J","created_at":"Fri Jul 06 07:23:37 +0000 2012","contributors_enabled":false,"time_zone":"Brisbane","protected":false,"default_profile":false,"is_translator":false},"geo":null,"in_reply_to_user_id_str":"25210650","lang":"en","created_at":"Mon Dec 15 02:52:41 +0000 2014","in_reply_to_status_id_str":"544321311250468865","place":null},
{"contributors":null,"truncated":false,"text":"@lucethoughts lol is that a joke?","in_reply_to_status_id":544321311250468865,"id":544328965318799360,"favorite_count":1,"source":"<a href=\"http://twitter.com/download/android\" rel=\"nofollow\">Twitter for Android</a>","retweeted":false,"coordinates":null,"entities":{"symbols":[],"user_mentions":[{"id":25210650,"indices":[0,13],"id_str":"25210650","screen_name":"lucethoughts","name":"Lucy Carter"}],"hashtags":[],"urls":[]},"in_reply_to_screen_name":"lucethoughts","id_str":"544328965318799360","retweet_count":0,"in_reply_to_user_id":25210650,"favorited":false,"user":{"follow_request_sent":false,"profile_use_background_image":true,"profile_text_color":"333333","default_profile_image":false,"id":59285561,"profile_background_image_url_https":"https://abs.twimg.com/images/themes/theme1/bg.png","verified":false,"profile_location":null,"profile_image_url_https":"https://pbs.twimg.com/profile_images/583796583575244800/cLlsodk0_normal.jpg","profile_sidebar_fill_color":"DDFFCC","entities":{"description":{"urls":[]}},"followers_count":141,"profile_sidebar_border_color":"BDDCAD","id_str":"59285561","profile_background_color":"9AE4E8","listed_count":5,"is_translation_enabled":false,"utc_offset":0,"statuses_count":8082,"description":"When you’re right, no one remembers. When you’re wrong, no one forgets.","friends_count":690,"location":"","profile_link_color":"0084B4","profile_image_url":"http://pbs.twimg.com/profile_images/583796583575244800/cLlsodk0_normal.jpg","following":false,"geo_enabled":false,"profile_banner_url":"https://pbs.twimg.com/profile_banners/59285561/1408056538","profile_background_image_url":"http://abs.twimg.com/images/themes/theme1/bg.png","name":"Šhüáīb ","lang":"en","profile_background_tile":false,"favourites_count":4192,"screen_name":"stothab","notifications":false,"url":null,"created_at":"Wed Jul 22 23:18:35 +0000 2009","contributors_enabled":false,"time_zone":"Edinburgh","protected":false,"default_profile":false,"is_translator":false},"geo":null,"in_reply_to_user_id_str":"25210650","lang":"en","created_at":"Mon Dec 15 03:11:53 +0000 2014","in_reply_to_status_id_str":"544321311250468865","place":null},
{"contributors":null,"truncated":false,"text":"@lucethoughts hi there, I was hoping we at LBC (national radio) in the UK could arrange to talk to you in 2 hours?","in_reply_to_status_id":544321311250468865,"id":544346964473950208,"favorite_count":0,"source":"<a href=\"http://twitter.com/download/iphone\" rel=\"nofollow\">Twitter for iPhone</a>","retweeted":false,"coordinates":null,"entities":{"symbols":[],"user_mentions":[{"id":25210650,"indices":[0,13],"id_str":"25210650","screen_name":"lucethoughts","name":"Good King WenceLuce"}],"hashtags":[],"urls":[]},"in_reply_to_screen_name":"lucethoughts","id_str":"544346964473950208","retweet_count":0,"in_reply_to_user_id":25210650,"favorited":false,"user":{"follow_request_sent":false,"profile_use_background_image":true,"profile_text_color":"0C3E53","default_profile_image":false,"id":24370418,"profile_background_image_url_https":"https://abs.twimg.com/images/themes/theme12/bg.gif","verified":false,"profile_location":null,"profile_image_url_https":"https://pbs.twimg.com/profile_images/1341595755/image_normal.jpg","profile_sidebar_fill_color":"FFF7CC","entities":{"url":{"urls":[{"url":"http://t.co/7GTbuZO2wy","indices":[0,22],"expanded_url":"http://www.juliaannemoore.com","display_url":"juliaannemoore.com"}]},"description":{"urls":[]}},"followers_count":1022,"profile_sidebar_border_color":"F2E195","id_str":"24370418","profile_background_color":"BADFCD","listed_count":25,"is_translation_enabled":false,"utc_offset":0,"statuses_count":8311,"description":"BBC, LBC, UK, USA broadcast journo. Also music, sport - especially tennis, thrillers, 24, & chocolate.","friends_count":1945,"location":"UK","profile_link_color":"FF0000","profile_image_url":"http://pbs.twimg.com/profile_images/1341595755/image_normal.jpg","following":false,"geo_enabled":false,"profile_background_image_url":"http://abs.twimg.com/images/themes/theme12/bg.gif","name":"Julia Moore","lang":"en","profile_background_tile":false,"favourites_count":13,"screen_name":"Julia_Moore","notifications":false,"url":"http://t.co/7GTbuZO2wy","created_at":"Sat Mar 14 13:50:45 +0000 2009","contributors_enabled":false,"time_zone":"London","protected":false,"default_profile":false,"is_translator":false},"geo":null,"in_reply_to_user_id_str":"25210650","lang":"en","created_at":"Mon Dec 15 04:23:24 +0000 2014","in_reply_to_status_id_str":"544321311250468865","place":null},
{"contributors":null,"truncated":false,"text":"@Julia_Moore carter.lucinda@abc.net.au. I'll send my number.","in_reply_to_status_id":544346964473950208,"id":544347753891917824,"favorite_count":0,"source":"<a href=\"http://twitter.com/download/iphone\" rel=\"nofollow\">Twitter for iPhone</a>","retweeted":false,"coordinates":null,"entities":{"symbols":[],"user_mentions":[{"id":24370418,"indices":[0,12],"id_str":"24370418","screen_name":"Julia_Moore","name":"Julia Moore"}],"hashtags":[],"urls":[]},"in_reply_to_screen_name":"Julia_Moore","id_str":"544347753891917824","retweet_count":0,"in_reply_to_user_id":24370418,"favorited":false,"user":{"follow_request_sent":false,"profile_use_background_image":true,"profile_text_color":"333333","default_profile_image":false,"id":25210650,"profile_background_image_url_https":"https://pbs.twimg.com/profile_background_images/411640401/hipsters.jpg","verified":true,"profile_location":null,"profile_image_url_https":"https://pbs.twimg.com/profile_images/483521863541223424/6uqX1e9V_normal.jpeg","profile_sidebar_fill_color":"EADEAA","entities":{"description":{"urls":[]}},"followers_count":16084,"profile_sidebar_border_color":"D9B17E","id_str":"25210650","profile_background_color":"8B542B","listed_count":482,"is_translation_enabled":false,"utc_offset":39600,"statuses_count":12396,"description":"Sydney Police reporter for @abcnews and @abcnews24. Formerly @triplejnews. In my own time it's all about sport, music, politics, travel and puns.","friends_count":1441,"location":"Sydney","profile_link_color":"9D582E","profile_image_url":"http://pbs.twimg.com/profile_images/483521863541223424/6uqX1e9V_normal.jpeg","following":false,"geo_enabled":true,"profile_banner_url":"https://pbs.twimg.com/profile_banners/25210650/1376377360","profile_background_image_url":"http://pbs.twimg.com/profile_background_images/411640401/hipsters.jpg","name":"Lucy Carter","lang":"en","profile_background_tile":true,"favourites_count":1157,"screen_name":"lucethoughts","notifications":false,"url":null,"created_at":"Thu Mar 19 01:49:38 +0000 2009","contributors_enabled":false,"time_zone":"Sydney","protected":false,"default_profile":false,"is_translator":false},"geo":null,"in_reply_to_user_id_str":"24370418","lang":"en","created_at":"Mon Dec 15 04:26:32 +0000 2014","in_reply_to_status_id_str":"544346964473950208","place":null},
{"contributors":null,"truncated":false,"text":"@lucethoughts hi Lucy, I've sent you an email to sort! Thank you","in_reply_to_status_id":544347753891917824,"id":544356288025866240,"favorite_count":0,"source":"<a href=\"http://twitter.com/download/iphone\" rel=\"nofollow\">Twitter for iPhone</a>","retweeted":false,"coordinates":null,"entities":{"symbols":[],"user_mentions":[{"id":25210650,"indices":[0,13],"id_str":"25210650","screen_name":"lucethoughts","name":"Lucy Carter"}],"hashtags":[],"urls":[]},"in_reply_to_screen_name":"lucethoughts","id_str":"544356288025866240","retweet_count":0,"in_reply_to_user_id":25210650,"favorited":false,"user":{"follow_request_sent":false,"profile_use_background_image":true,"profile_text_color":"0C3E53","default_profile_image":false,"id":24370418,"profile_background_image_url_https":"https://abs.twimg.com/images/themes/theme12/bg.gif","verified":false,"profile_location":null,"profile_image_url_https":"https://pbs.twimg.com/profile_images/1341595755/image_normal.jpg","profile_sidebar_fill_color":"FFF7CC","entities":{"url":{"urls":[{"url":"http://t.co/7GTbuZO2wy","indices":[0,22],"expanded_url":"http://www.juliaannemoore.com","display_url":"juliaannemoore.com"}]},"description":{"urls":[]}},"followers_count":1022,"profile_sidebar_border_color":"F2E195","id_str":"24370418","profile_background_color":"BADFCD","listed_count":25,"is_translation_enabled":false,"utc_offset":0,"statuses_count":8311,"description":"BBC, LBC, UK, USA broadcast journo. Also music, sport - especially tennis, thrillers, 24, & chocolate.","friends_count":1945,"location":"UK","profile_link_color":"FF0000","profile_image_url":"http://pbs.twimg.com/profile_images/1341595755/image_normal.jpg","following":false,"geo_enabled":false,"profile_background_image_url":"http://abs.twimg.com/images/themes/theme12/bg.gif","name":"Julia Moore","lang":"en","profile_background_tile":false,"favourites_count":13,"screen_name":"Julia_Moore","notifications":false,"url":"http://t.co/7GTbuZO2wy","created_at":"Sat Mar 14 13:50:45 +0000 2009","contributors_enabled":false,"time_zone":"London","protected":false,"default_profile":false,"is_translator":false},"geo":null,"in_reply_to_user_id_str":"25210650","lang":"en","created_at":"Mon Dec 15 05:00:27 +0000 2014","in_reply_to_status_id_str":"544347753891917824","place":null},
{"contributors":null,"truncated":false,"text":"@lucethoughts People are being held hostage by Muslims and you're worried about your phone? Are you serious?","in_reply_to_status_id":544321311250468865,"id":544392894111817728,"favorite_count":0,"source":"<a href=\"http://twitter.com\" rel=\"nofollow\">Twitter Web Client</a>","retweeted":false,"coordinates":null,"entities":{"symbols":[],"user_mentions":[{"id":25210650,"indices":[0,13],"id_str":"25210650","screen_name":"lucethoughts","name":"Lucy Carter"}],"hashtags":[],"urls":[]},"in_reply_to_screen_name":"lucethoughts","id_str":"544392894111817728","retweet_count":0,"in_reply_to_user_id":25210650,"favorited":false,"user":{"follow_request_sent":false,"profile_use_background_image":true,"profile_text_color":"333333","default_profile_image":false,"id":2242388065,"profile_background_image_url_https":"https://pbs.twimg.com/profile_background_images/378800000150439738/yfyLCm4j.png","verified":false,"profile_location":null,"profile_image_url_https":"https://pbs.twimg.com/profile_images/538008560320266241/zKXm6Hry_normal.jpeg","profile_sidebar_fill_color":"DDEEF6","entities":{"description":{"urls":[]}},"followers_count":206,"profile_sidebar_border_color":"000000","id_str":"2242388065","profile_background_color":"000000","listed_count":1,"is_translation_enabled":false,"utc_offset":null,"statuses_count":1671,"description":"Christian National Socialist","friends_count":36,"location":"","profile_link_color":"000000","profile_image_url":"http://pbs.twimg.com/profile_images/538008560320266241/zKXm6Hry_normal.jpeg","following":false,"geo_enabled":false,"profile_banner_url":"https://pbs.twimg.com/profile_banners/2242388065/1417106124","profile_background_image_url":"http://pbs.twimg.com/profile_background_images/378800000150439738/yfyLCm4j.png","name":"ϟϟ","lang":"en","profile_background_tile":true,"favourites_count":266,"screen_name":"SilverSkull116","notifications":false,"url":null,"created_at":"Thu Dec 12 13:37:15 +0000 2013","contributors_enabled":false,"time_zone":null,"protected":false,"default_profile":false,"is_translator":false},"geo":null,"in_reply_to_user_id_str":"25210650","lang":"en","created_at":"Mon Dec 15 07:25:54 +0000 2014","in_reply_to_status_id_str":"544321311250468865","place":null},
{"contributors":null,"truncated":false,"text":"@SilverSkull116 I'm a reporter. Without my phone I'm useless.","in_reply_to_status_id":544392894111817728,"id":544393506802761728,"favorite_count":0,"source":"<a href=\"http://twitter.com/#!/download/ipad\" rel=\"nofollow\">Twitter for iPad</a>","retweeted":false,"coordinates":null,"entities":{"symbols":[],"user_mentions":[{"id":2242388065,"indices":[0,15],"id_str":"2242388065","screen_name":"SilverSkull116","name":"ϟϟ"}],"hashtags":[],"urls":[]},"in_reply_to_screen_name":"SilverSkull116","id_str":"544393506802761728","retweet_count":0,"in_reply_to_user_id":2242388065,"favorited":false,"user":{"follow_request_sent":false,"profile_use_background_image":true,"profile_text_color":"333333","default_profile_image":false,"id":25210650,"profile_background_image_url_https":"https://pbs.twimg.com/profile_background_images/411640401/hipsters.jpg","verified":true,"profile_location":null,"profile_image_url_https":"https://pbs.twimg.com/profile_images/483521863541223424/6uqX1e9V_normal.jpeg","profile_sidebar_fill_color":"EADEAA","entities":{"description":{"urls":[]}},"followers_count":16084,"profile_sidebar_border_color":"D9B17E","id_str":"25210650","profile_background_color":"8B542B","listed_count":482,"is_translation_enabled":false,"utc_offset":39600,"statuses_count":12396,"description":"Sydney Police reporter for @abcnews and @abcnews24. Formerly @triplejnews. In my own time it's all about sport, music, politics, travel and puns.","friends_count":1441,"location":"Sydney","profile_link_color":"9D582E","profile_image_url":"http://pbs.twimg.com/profile_images/483521863541223424/6uqX1e9V_normal.jpeg","following":false,"geo_enabled":true,"profile_banner_url":"https://pbs.twimg.com/profile_banners/25210650/1376377360","profile_background_image_url":"http://pbs.twimg.com/profile_background_images/411640401/hipsters.jpg","name":"Lucy Carter","lang":"en","profile_background_tile":true,"favourites_count":1157,"screen_name":"lucethoughts","notifications":false,"url":null,"created_at":"Thu Mar 19 01:49:38 +0000 2009","contributors_enabled":false,"time_zone":"Sydney","protected":false,"default_profile":false,"is_translator":false},"geo":null,"in_reply_to_user_id_str":"2242388065","lang":"en","created_at":"Mon Dec 15 07:28:21 +0000 2014","in_reply_to_status_id_str":"544392894111817728","place":null},
{"contributors":null,"truncated":false,"text":"@lucethoughts Ever heard of a notebook and pencil?","in_reply_to_status_id":544393506802761728,"id":544393635295666177,"favorite_count":0,"source":"<a href=\"http://twitter.com\" rel=\"nofollow\">Twitter Web Client</a>","retweeted":false,"coordinates":null,"entities":{"symbols":[],"user_mentions":[{"id":25210650,"indices":[0,13],"id_str":"25210650","screen_name":"lucethoughts","name":"Lucy Carter"}],"hashtags":[],"urls":[]},"in_reply_to_screen_name":"lucethoughts","id_str":"544393635295666177","retweet_count":0,"in_reply_to_user_id":25210650,"favorited":false,"user":{"follow_request_sent":false,"profile_use_background_image":true,"profile_text_color":"333333","default_profile_image":false,"id":2242388065,"profile_background_image_url_https":"https://pbs.twimg.com/profile_background_images/378800000150439738/yfyLCm4j.png","verified":false,"profile_location":null,"profile_image_url_https":"https://pbs.twimg.com/profile_images/538008560320266241/zKXm6Hry_normal.jpeg","profile_sidebar_fill_color":"DDEEF6","entities":{"description":{"urls":[]}},"followers_count":206,"profile_sidebar_border_color":"000000","id_str":"2242388065","profile_background_color":"000000","listed_count":1,"is_translation_enabled":false,"utc_offset":null,"statuses_count":1671,"description":"Christian National Socialist","friends_count":36,"location":"","profile_link_color":"000000","profile_image_url":"http://pbs.twimg.com/profile_images/538008560320266241/zKXm6Hry_normal.jpeg","following":false,"geo_enabled":false,"profile_banner_url":"https://pbs.twimg.com/profile_banners/2242388065/1417106124","profile_background_image_url":"http://pbs.twimg.com/profile_background_images/378800000150439738/yfyLCm4j.png","name":"ϟϟ","lang":"en","profile_background_tile":true,"favourites_count":266,"screen_name":"SilverSkull116","notifications":false,"url":null,"created_at":"Thu Dec 12 13:37:15 +0000 2013","contributors_enabled":false,"time_zone":null,"protected":false,"default_profile":false,"is_translator":false},"geo":null,"in_reply_to_user_id_str":"25210650","lang":"en","created_at":"Mon Dec 15 07:28:51 +0000 2014","in_reply_to_status_id_str":"544393506802761728","place":null},
{"contributors":null,"truncated":false,"text":"@SilverSkull116 ever heard of radio?","in_reply_to_status_id":544393635295666177,"id":544393934625976321,"favorite_count":4,"source":"<a href=\"http://twitter.com/#!/download/ipad\" rel=\"nofollow\">Twitter for iPad</a>","retweeted":false,"coordinates":null,"entities":{"symbols":[],"user_mentions":[{"id":2242388065,"indices":[0,15],"id_str":"2242388065","screen_name":"SilverSkull116","name":"ϟϟ"}],"hashtags":[],"urls":[]},"in_reply_to_screen_name":"SilverSkull116","id_str":"544393934625976321","retweet_count":0,"in_reply_to_user_id":2242388065,"favorited":false,"user":{"follow_request_sent":false,"profile_use_background_image":true,"profile_text_color":"333333","default_profile_image":false,"id":25210650,"profile_background_image_url_https":"https://pbs.twimg.com/profile_background_images/411640401/hipsters.jpg","verified":true,"profile_location":null,"profile_image_url_https":"https://pbs.twimg.com/profile_images/483521863541223424/6uqX1e9V_normal.jpeg","profile_sidebar_fill_color":"EADEAA","entities":{"description":{"urls":[]}},"followers_count":16084,"profile_sidebar_border_color":"D9B17E","id_str":"25210650","profile_background_color":"8B542B","listed_count":482,"is_translation_enabled":false,"utc_offset":39600,"statuses_count":12396,"description":"Sydney Police reporter for @abcnews and @abcnews24. Formerly @triplejnews. In my own time it's all about sport, music, politics, travel and puns.","friends_count":1441,"location":"Sydney","profile_link_color":"9D582E","profile_image_url":"http://pbs.twimg.com/profile_images/483521863541223424/6uqX1e9V_normal.jpeg","following":false,"geo_enabled":true,"profile_banner_url":"https://pbs.twimg.com/profile_banners/25210650/1376377360","profile_background_image_url":"http://pbs.twimg.com/profile_background_images/411640401/hipsters.jpg","name":"Lucy Carter","lang":"en","profile_background_tile":true,"favourites_count":1157,"screen_name":"lucethoughts","notifications":false,"url":null,"created_at":"Thu Mar 19 01:49:38 +0000 2009","contributors_enabled":false,"time_zone":"Sydney","protected":false,"default_profile":false,"is_translator":false},"geo":null,"in_reply_to_user_id_str":"2242388065","lang":"en","created_at":"Mon Dec 15 07:30:03 +0000 2014","in_reply_to_status_id_str":"544393635295666177","place":null},
{"contributors":null,"truncated":false,"text":"@lucethoughts Fair enough.","in_reply_to_status_id":544393934625976321,"id":544396603277467648,"favorite_count":0,"source":"<a href=\"http://twitter.com\" rel=\"nofollow\">Twitter Web Client</a>","retweeted":false,"coordinates":null,"entities":{"symbols":[],"user_mentions":[{"id":25210650,"indices":[0,13],"id_str":"25210650","screen_name":"lucethoughts","name":"Lucy Carter"}],"hashtags":[],"urls":[]},"in_reply_to_screen_name":"lucethoughts","id_str":"544396603277467648","retweet_count":0,"in_reply_to_user_id":25210650,"favorited":false,"user":{"follow_request_sent":false,"profile_use_background_image":true,"profile_text_color":"333333","default_profile_image":false,"id":2242388065,"profile_background_image_url_https":"https://pbs.twimg.com/profile_background_images/378800000150439738/yfyLCm4j.png","verified":false,"profile_location":null,"profile_image_url_https":"https://pbs.twimg.com/profile_images/538008560320266241/zKXm6Hry_normal.jpeg","profile_sidebar_fill_color":"DDEEF6","entities":{"description":{"urls":[]}},"followers_count":206,"profile_sidebar_border_color":"000000","id_str":"2242388065","profile_background_color":"000000","listed_count":1,"is_translation_enabled":false,"utc_offset":null,"statuses_count":1671,"description":"Christian National Socialist","friends_count":36,"location":"","profile_link_color":"000000","profile_image_url":"http://pbs.twimg.com/profile_images/538008560320266241/zKXm6Hry_normal.jpeg","following":false,"geo_enabled":false,"profile_banner_url":"https://pbs.twimg.com/profile_banners/2242388065/1417106124","profile_background_image_url":"http://pbs.twimg.com/profile_background_images/378800000150439738/yfyLCm4j.png","name":"ϟϟ","lang":"en","profile_background_tile":true,"favourites_count":266,"screen_name":"SilverSkull116","notifications":false,"url":null,"created_at":"Thu Dec 12 13:37:15 +0000 2013","contributors_enabled":false,"time_zone":null,"protected":false,"default_profile":false,"is_translator":false},"geo":null,"in_reply_to_user_id_str":"25210650","lang":"en","created_at":"Mon Dec 15 07:40:39 +0000 2014","in_reply_to_status_id_str":"544393934625976321","place":null},
{"contributors":null,"truncated":false,"text":"@lucethoughts wow. Pat on the back to you for dealing with these kind of tweets. Just, wow.","in_reply_to_status_id":544393506802761728,"id":544464399478439936,"favorite_count":0,"source":"<a href=\"http://twitter.com/download/iphone\" rel=\"nofollow\">Twitter for iPhone</a>","retweeted":false,"coordinates":null,"entities":{"symbols":[],"user_mentions":[{"id":25210650,"indices":[0,13],"id_str":"25210650","screen_name":"lucethoughts","name":"Lucy Carter"}],"hashtags":[],"urls":[]},"in_reply_to_screen_name":"lucethoughts","id_str":"544464399478439936","retweet_count":0,"in_reply_to_user_id":25210650,"favorited":false,"user":{"follow_request_sent":false,"profile_use_background_image":true,"profile_text_color":"333333","default_profile_image":false,"id":153320819,"profile_background_image_url_https":"https://abs.twimg.com/images/themes/theme1/bg.png","verified":false,"profile_location":null,"profile_image_url_https":"https://pbs.twimg.com/profile_images/585816455960068097/qQKX7Syc_normal.jpg","profile_sidebar_fill_color":"DDEEF6","entities":{"url":{"urls":[{"url":"http://t.co/A3R29kq4QR","indices":[0,22],"expanded_url":"http://missjoymonger.blogspot.com.au/","display_url":"missjoymonger.blogspot.com.au"}]},"description":{"urls":[]}},"followers_count":251,"profile_sidebar_border_color":"C0DEED","id_str":"153320819","profile_background_color":"C0DEED","listed_count":6,"is_translation_enabled":false,"utc_offset":37800,"statuses_count":9447,"description":"Student of the universe. Writer. Communications gal.","friends_count":478,"location":"Australia","profile_link_color":"0084B4","profile_image_url":"http://pbs.twimg.com/profile_images/585816455960068097/qQKX7Syc_normal.jpg","following":false,"geo_enabled":false,"profile_banner_url":"https://pbs.twimg.com/profile_banners/153320819/1402065765","profile_background_image_url":"http://abs.twimg.com/images/themes/theme1/bg.png","name":"Sara","lang":"en","profile_background_tile":false,"favourites_count":188,"screen_name":"MissJoyMonger","notifications":false,"url":"http://t.co/A3R29kq4QR","created_at":"Tue Jun 08 07:04:37 +0000 2010","contributors_enabled":false,"time_zone":"Adelaide","protected":false,"default_profile":true,"is_translator":false},"geo":null,"in_reply_to_user_id_str":"25210650","lang":"en","created_at":"Mon Dec 15 12:10:03 +0000 2014","in_reply_to_status_id_str":"544393506802761728","place":null},
{"contributors":null,"truncated":false,"text":"@MissJoyMonger @lucethoughts an actual Nazi. Holy shit, Luce. More patience than I","in_reply_to_status_id":544464399478439936,"id":544465003114295297,"favorite_count":0,"source":"<a href=\"http://tapbots.com/software/tweetbot/mac\" rel=\"nofollow\">Tweetbot for Mac</a>","retweeted":false,"coordinates":null,"entities":{"symbols":[],"user_mentions":[{"id":153320819,"indices":[0,14],"id_str":"153320819","screen_name":"MissJoyMonger","name":"Sara"},{"id":25210650,"indices":[15,28],"id_str":"25210650","screen_name":"lucethoughts","name":"Lucy Carter"}],"hashtags":[],"urls":[]},"in_reply_to_screen_name":"MissJoyMonger","id_str":"544465003114295297","retweet_count":0,"in_reply_to_user_id":153320819,"favorited":false,"user":{"follow_request_sent":false,"profile_use_background_image":true,"profile_text_color":"000000","default_profile_image":false,"id":25795191,"profile_background_image_url_https":"https://abs.twimg.com/images/themes/theme9/bg.gif","verified":false,"profile_location":null,"profile_image_url_https":"https://pbs.twimg.com/profile_images/562020957133352960/beqLlYfV_normal.jpeg","profile_sidebar_fill_color":"56535F","entities":{"description":{"urls":[]}},"followers_count":1995,"profile_sidebar_border_color":"FFFFFF","id_str":"25795191","profile_background_color":"1A1B1F","listed_count":85,"is_translation_enabled":false,"utc_offset":39600,"statuses_count":114951,"description":"IT Monkey, Pretend Writer, Drummer, Weaver & very lucky to be the husband of @anniespjs. All comments are my own and do not represent my employer.","friends_count":1334,"location":"Batmania, Australia","profile_link_color":"4A913C","profile_image_url":"http://pbs.twimg.com/profile_images/562020957133352960/beqLlYfV_normal.jpeg","following":false,"geo_enabled":true,"profile_banner_url":"https://pbs.twimg.com/profile_banners/25795191/1355748568","profile_background_image_url":"http://abs.twimg.com/images/themes/theme9/bg.gif","name":"Good King Wombatlas","lang":"en","profile_background_tile":false,"favourites_count":540,"screen_name":"wombat1974","notifications":false,"url":null,"created_at":"Sun Mar 22 07:35:10 +0000 2009","contributors_enabled":false,"time_zone":"Melbourne","protected":false,"default_profile":false,"is_translator":false},"geo":null,"in_reply_to_user_id_str":"153320819","lang":"en","created_at":"Mon Dec 15 12:12:27 +0000 2014","in_reply_to_status_id_str":"544464399478439936","place":null},
{"contributors":null,"truncated":false,"text":"@lucethoughts Dear Lucy, thank you. I am sorry you were caught on hold for a while. Thank you though for being so helpful - sleep well.","in_reply_to_status_id":544347753891917824,"id":544495892804300802,"favorite_count":0,"source":"<a href=\"http://twitter.com/download/iphone\" rel=\"nofollow\">Twitter for iPhone</a>","retweeted":false,"coordinates":null,"entities":{"symbols":[],"user_mentions":[{"id":25210650,"indices":[0,13],"id_str":"25210650","screen_name":"lucethoughts","name":"Lucy Carter"}],"hashtags":[],"urls":[]},"in_reply_to_screen_name":"lucethoughts","id_str":"544495892804300802","retweet_count":0,"in_reply_to_user_id":25210650,"favorited":false,"user":{"follow_request_sent":false,"profile_use_background_image":true,"profile_text_color":"0C3E53","default_profile_image":false,"id":24370418,"profile_background_image_url_https":"https://abs.twimg.com/images/themes/theme12/bg.gif","verified":false,"profile_location":null,"profile_image_url_https":"https://pbs.twimg.com/profile_images/1341595755/image_normal.jpg","profile_sidebar_fill_color":"FFF7CC","entities":{"url":{"urls":[{"url":"http://t.co/7GTbuZO2wy","indices":[0,22],"expanded_url":"http://www.juliaannemoore.com","display_url":"juliaannemoore.com"}]},"description":{"urls":[]}},"followers_count":1022,"profile_sidebar_border_color":"F2E195","id_str":"24370418","profile_background_color":"BADFCD","listed_count":25,"is_translation_enabled":false,"utc_offset":0,"statuses_count":8311,"description":"BBC, LBC, UK, USA broadcast journo. Also music, sport - especially tennis, thrillers, 24, & chocolate.","friends_count":1945,"location":"UK","profile_link_color":"FF0000","profile_image_url":"http://pbs.twimg.com/profile_images/1341595755/image_normal.jpg","following":false,"geo_enabled":false,"profile_background_image_url":"http://abs.twimg.com/images/themes/theme12/bg.gif","name":"Julia Moore","lang":"en","profile_background_tile":false,"favourites_count":13,"screen_name":"Julia_Moore","notifications":false,"url":"http://t.co/7GTbuZO2wy","created_at":"Sat Mar 14 13:50:45 +0000 2009","contributors_enabled":false,"time_zone":"London","protected":false,"default_profile":false,"is_translator":false},"geo":null,"in_reply_to_user_id_str":"25210650","lang":"en","created_at":"Mon Dec 15 14:15:11 +0000 2014","in_reply_to_status_id_str":"544347753891917824","place":null}
]