[{"contributors":null,"truncated":false,"text":"@BBCWorld is that the early 80's version of @machinegunkelly on the right?","in_reply_to_status_id":544352649978843136,"id":544353251403911169,"favorite_count":1,"source":"<a href=\"http://twitter.com/download/android\" rel=\"nofollow\">Twitter for Android</a>","retweeted":false,"coordinates":null,"entities":{"symbols":[],"user_mentions":[{"id":742143,"indices":[0,9],"id_str":"742143","screen_name":"BBCWorld","name":"BBC News (World)"},{"id":17861062,"indices":[44,60],"id_str":"17861062","screen_name":"machinegunkelly","name":"Machine Gun Kelly"}],"hashtags":[],"urls":[]},"in_reply_to_screen_name":"BBCWorld","id_str":"544353251403911169","retweet_count":0,"in_reply_to_user_id":742143,"favorited":false,"user":{"follow_request_sent":false,"profile_use_background_image":true,"profile_text_color":"333333","default_profile_image":false,"id":60719876,"profile_background_image_url_https":"https://pbs.twimg.com/profile_background_images/882857473/d366b1ac0a955f45aeafe93ae47eb976.jpeg","verified":false,"profile_location":null,"profile_image_url_https":"https://pbs.twimg.com/profile_images/556924924355678209/HjQvXC0S_normal.jpeg","profile_sidebar_fill_color":"DDFFCC","entities":{"description":{"urls":[]}},"followers_count":291,"profile_sidebar_border_color":"FFFFFF","id_str":"60719876","profile_background_color":"000000","listed_count":2,"is_translation_enabled":false,"utc_offset":-18000,"statuses_count":13391,"description":"I think we can all agree that the world was at its best when boy bands ruled.","friends_count":987,"location":"#Lumbus","profile_link_color":"0084B4","profile_image_url":"http://pbs.twimg.com/profile_images/556924924355678209/HjQvXC0S_normal.jpeg","following":false,"geo_enabled":false,"profile_banner_url":"https://pbs.twimg.com/profile_banners/60719876/1402927893","profile_background_image_url":"http://pbs.twimg.com/profile_background_images/882857473/d366b1ac0a955f45aeafe93ae47eb976.jpeg","name":"JoeChupp","lang":"en","profile_background_tile":false,"favourites_count":917,"screen_name":"JoeChupp","notifications":false,"url":null,"created_at":"Mon Jul 27 21:45:59 +0000 2009","contributors_enabled":false,"time_zone":"Eastern Time (US & Canada)","protected":false,"default_profile":false,"is_translator":false},"geo":null,"in_reply_to_user_id_str":"742143","lang":"en","created_at":"Mon Dec 15 04:48:23 +0000 2014","in_reply_to_status_id_str":"544352649978843136","place":null},
{"contributors":null,"truncated":false,"text":"@BBCWorld We Muslims Believe in Humanity, Love, Peace...We r not Terrorists ...\nthese are not belong to us #MuslimsHatesTerrorists","in_reply_to_status_id":544352649978843136,"id":544353311516655616,"favorite_count":4,"source":"<a href=\"http://twitter.com\" rel=\"nofollow\">Twitter Web Client</a>","retweeted":false,"coordinates":null,"entities":{"symbols":[],"user_mentions":[{"id":742143,"indices":[0,9],"id_str":"742143","screen_name":"BBCWorld","name":"BBC News (World)"}],"hashtags":[{"indices":[107,130],"text":"MuslimsHatesTerrorists"}],"urls":[]},"in_reply_to_screen_name":"BBCWorld","id_str":"544353311516655616","retweet_count":0,"in_reply_to_user_id":742143,"favorited":false,"user":{"follow_request_sent":false,"profile_use_background_image":false,"profile_text_color":"000000","default_profile_image":false,"id":2588948750,"profile_background_image_url_https":"https://abs.twimg.com/images/themes/theme1/bg.png","verified":false,"profile_location":null,"profile_image_url_https":"https://pbs.twimg.com/profile_images/589811875430289408/xDvMUkC-_normal.jpg","profile_sidebar_fill_color":"000000","entities":{"description":{"urls":[]}},"followers_count":1244,"profile_sidebar_border_color":"000000","id_str":"2588948750","profile_background_color":"000000","listed_count":3,"is_translation_enabled":false,"utc_offset":7200,"statuses_count":5264,"description":"I am Web Designer.  Die heart fan of #TUQ Love #TUQ Support #TUQ and My Life is #TUQ  ..Join #PAT for a Green Revolution ..#GetWellSoon #TUQ","friends_count":1648,"location":"Islamabad","profile_link_color":"3B94D9","profile_image_url":"http://pbs.twimg.com/profile_images/589811875430289408/xDvMUkC-_normal.jpg","following":false,"geo_enabled":true,"profile_banner_url":"https://pbs.twimg.com/profile_banners/2588948750/1415017130","profile_background_image_url":"http://abs.twimg.com/images/themes/theme1/bg.png","name":"Muhammad Hanzala","lang":"en","profile_background_tile":false,"favourites_count":7957,"screen_name":"HanzalaTayyab92","notifications":false,"url":null,"created_at":"Thu Jun 26 05:48:09 +0000 2014","contributors_enabled":false,"time_zone":"Kyiv","protected":false,"default_profile":false,"is_translator":false},"geo":null,"in_reply_to_user_id_str":"742143","lang":"en","created_at":"Mon Dec 15 04:48:37 +0000 2014","in_reply_to_status_id_str":"544352649978843136","place":null},
{"contributors":null,"truncated":false,"text":"@BBCWorld 3d world war wl b btwn muslm&amp;nonmuslm @SALSIKandar @omar_quraishi @TarekFatah @taslimanasreen @beenasarwar @Razarumi @HamidMirGEO","in_reply_to_status_id":544352649978843136,"id":544353573690036224,"favorite_count":0,"source":"<a href=\"http://twitter.com/download/android\" rel=\"nofollow\">Twitter for Android</a>","retweeted":false,"coordinates":null,"entities":{"symbols":[],"user_mentions":[{"id":742143,"indices":[0,9],"id_str":"742143","screen_name":"BBCWorld","name":"BBC News (World)"},{"id":311028372,"indices":[52,64],"id_str":"311028372","screen_name":"SALSIKandar","name":"Salman Sikandar"},{"id":64744912,"indices":[65,79],"id_str":"64744912","screen_name":"omar_quraishi","name":"omar r quraishi"},{"id":17537467,"indices":[80,91],"id_str":"17537467","screen_name":"TarekFatah","name":"Tarek Fatah  ਤਾਰਿਕ "},{"id":76858507,"indices":[92,107],"id_str":"76858507","screen_name":"taslimanasreen","name":"taslima nasreen "},{"id":22518134,"indices":[108,120],"id_str":"22518134","screen_name":"beenasarwar","name":"beena sarwar"},{"id":9397732,"indices":[121,130],"id_str":"9397732","screen_name":"Razarumi","name":"Raza Rumi"},{"id":213539531,"indices":[131,143],"id_str":"213539531","screen_name":"HamidMirGEO","name":"Hamid Mir"}],"hashtags":[],"urls":[]},"in_reply_to_screen_name":"BBCWorld","id_str":"544353573690036224","retweet_count":1,"in_reply_to_user_id":742143,"favorited":false,"user":{"follow_request_sent":false,"profile_use_background_image":true,"profile_text_color":"333333","default_profile_image":true,"id":1655429624,"profile_background_image_url_https":"https://abs.twimg.com/images/themes/theme1/bg.png","verified":false,"profile_location":null,"profile_image_url_https":"https://abs.twimg.com/sticky/default_profile_images/default_profile_2_normal.png","profile_sidebar_fill_color":"DDEEF6","entities":{"description":{"urls":[]}},"followers_count":143,"profile_sidebar_border_color":"C0DEED","id_str":"1655429624","profile_background_color":"C0DEED","listed_count":0,"is_translation_enabled":false,"utc_offset":null,"statuses_count":6991,"description":"God free, Religion free, world citizen","friends_count":800,"location":"","profile_link_color":"0084B4","profile_image_url":"http://abs.twimg.com/sticky/default_profile_images/default_profile_2_normal.png","following":false,"geo_enabled":false,"profile_background_image_url":"http://abs.twimg.com/images/themes/theme1/bg.png","name":"worldofscience","lang":"en","profile_background_tile":false,"favourites_count":6,"screen_name":"worldof_science","notifications":false,"url":null,"created_at":"Thu Aug 08 13:47:48 +0000 2013","contributors_enabled":false,"time_zone":null,"protected":false,"default_profile":true,"is_translator":false},"geo":null,"in_reply_to_user_id_str":"742143","lang":"en","created_at":"Mon Dec 15 04:49:40 +0000 2014","in_reply_to_status_id_str":"544352649978843136","place":null},
{"contributors":null,"truncated":false,"text":"@BBCWorld EU&amp;Australia should take a rational stand that Islamists who believe in the 7th century feudal Arabian edicts will be evicted.","in_reply_to_status_id":544352649978843136,"id":544354204362362880,"favorite_count":0,"source":"<a href=\"http://twitter.com/#!/download/ipad\" rel=\"nofollow\">Twitter for iPad</a>","retweeted":false,"coordinates":null,"entities":{"symbols":[],"user_mentions":[{"id":742143,"indices":[0,9],"id_str":"742143","screen_name":"BBCWorld","name":"BBC News (World)"}],"hashtags":[],"urls":[]},"in_reply_to_screen_name":"BBCWorld","id_str":"544354204362362880","retweet_count":0,"in_reply_to_user_id":742143,"favorited":false,"user":{"follow_request_sent":false,"profile_use_background_image":true,"profile_text_color":"333333","default_profile_image":true,"id":110992398,"profile_background_image_url_https":"https://abs.twimg.com/images/themes/theme1/bg.png","verified":false,"profile_location":null,"profile_image_url_https":"https://abs.twimg.com/sticky/default_profile_images/default_profile_6_normal.png","profile_sidebar_fill_color":"DDEEF6","entities":{"description":{"urls":[]}},"followers_count":27,"profile_sidebar_border_color":"C0DEED","id_str":"110992398","profile_background_color":"C0DEED","listed_count":1,"is_translation_enabled":false,"utc_offset":19800,"statuses_count":2429,"description":"An Obscure Indian with strong belief in the future of India.","friends_count":168,"location":"Mumbai,India","profile_link_color":"0084B4","profile_image_url":"http://abs.twimg.com/sticky/default_profile_images/default_profile_6_normal.png","following":false,"geo_enabled":false,"profile_background_image_url":"http://abs.twimg.com/images/themes/theme1/bg.png","name":"Sn Balakrishnan","lang":"en","profile_background_tile":false,"favourites_count":15,"screen_name":"snbala","notifications":false,"url":null,"created_at":"Wed Feb 03 13:13:31 +0000 2010","contributors_enabled":false,"time_zone":"Mumbai","protected":false,"default_profile":true,"is_translator":false},"geo":null,"in_reply_to_user_id_str":"742143","lang":"en","created_at":"Mon Dec 15 04:52:10 +0000 2014","in_reply_to_status_id_str":"544352649978843136","place":null},
{"contributors":null,"truncated":false,"text":"@BBCWorld prayers for my friends in Sydney and all involved http://t.co/HBgW8F8cBH #sydneysiege #Lindt","in_reply_to_status_id":544352649978843136,"id":544354372990558209,"favorite_count":0,"source":"<a href=\"http://twitter.com/download/iphone\" rel=\"nofollow\">Twitter for iPhone</a>","retweeted":false,"coordinates":null,"entities":{"symbols":[],"user_mentions":[{"id":742143,"indices":[0,9],"id_str":"742143","screen_name":"BBCWorld","name":"BBC News (World)"}],"hashtags":[{"indices":[83,95],"text":"sydneysiege"},{"indices":[96,102],"text":"Lindt"}],"urls":[{"url":"http://t.co/HBgW8F8cBH","indices":[60,82],"expanded_url":"http://m.bbc.com/news/world-australia-30473983","display_url":"m.bbc.com/news/world-aus…"}]},"in_reply_to_screen_name":"BBCWorld","id_str":"544354372990558209","retweet_count":0,"in_reply_to_user_id":742143,"favorited":false,"user":{"follow_request_sent":false,"profile_use_background_image":true,"profile_text_color":"FF3399","default_profile_image":false,"id":33133988,"profile_background_image_url_https":"https://pbs.twimg.com/profile_background_images/27065053/free_twitter_designer.jpg","verified":false,"profile_location":null,"profile_image_url_https":"https://pbs.twimg.com/profile_images/552947899907051521/tYuPPupG_normal.jpeg","profile_sidebar_fill_color":"FF99CC","entities":{"url":{"urls":[{"url":"http://t.co/otV2bm9aly","indices":[0,22],"expanded_url":"http://tattingchic.blogspot.com/","display_url":"tattingchic.blogspot.com"}]},"description":{"urls":[]}},"followers_count":406,"profile_sidebar_border_color":"FF3399","id_str":"33133988","profile_background_color":"339900","listed_count":23,"is_translation_enabled":false,"utc_offset":-28800,"statuses_count":3963,"description":".....make lace, not war.....","friends_count":309,"location":"tattopia","profile_link_color":"336600","profile_image_url":"http://pbs.twimg.com/profile_images/552947899907051521/tYuPPupG_normal.jpeg","following":false,"geo_enabled":true,"profile_banner_url":"https://pbs.twimg.com/profile_banners/33133988/1366689121","profile_background_image_url":"http://pbs.twimg.com/profile_background_images/27065053/free_twitter_designer.jpg","name":"ʈɑʈʈɨɲɠɕɦɨɕ","lang":"en","profile_background_tile":true,"favourites_count":1236,"screen_name":"TattingChic","notifications":false,"url":"http://t.co/otV2bm9aly","created_at":"Sun Apr 19 04:54:17 +0000 2009","contributors_enabled":false,"time_zone":"Pacific Time (US & Canada)","protected":false,"default_profile":false,"is_translator":false},"geo":null,"in_reply_to_user_id_str":"742143","possibly_sensitive":false,"lang":"en","created_at":"Mon Dec 15 04:52:50 +0000 2014","in_reply_to_status_id_str":"544352649978843136","place":null},
{"contributors":null,"truncated":false,"text":"@BBCWorld http://t.co/QmgulquObV STOP THE VIOLENCE BY &amp; AGAINST YOUTH, POLICE &amp; ALL OTHERS! http://t.co/K0d7VY8sVT","in_reply_to_status_id":544352649978843136,"id":544354797374017536,"favorite_count":0,"source":"<a href=\"http://twitter.com\" rel=\"nofollow\">Twitter Web Client</a>","retweeted":false,"coordinates":null,"entities":{"symbols":[],"user_mentions":[{"id":742143,"indices":[0,9],"id_str":"742143","screen_name":"BBCWorld","name":"BBC News (World)"}],"hashtags":[],"urls":[{"url":"http://t.co/QmgulquObV","indices":[10,32],"expanded_url":"http://www.amazon.com.au/Youth-Violence-International-Crisis-Cousineau-ebook/dp/B00GP3456Q/ref=sr_1_1?ie=UTF8&qid=1418618795&sr=8-1&keywords=youth+violence+an+international+crisis","display_url":"amazon.com.au/Youth-Violence…"}],"media":[{"expanded_url":"http://twitter.com/canadainfonow/status/544354797374017536/photo/1","display_url":"pic.twitter.com/K0d7VY8sVT","url":"http://t.co/K0d7VY8sVT","media_url_https":"https://pbs.twimg.com/media/B43vzcECEAEui7S.jpg","id_str":"544354796967170049","sizes":{"small":{"h":280,"resize":"fit","w":280},"large":{"h":280,"resize":"fit","w":280},"medium":{"h":280,"resize":"fit","w":280},"thumb":{"h":150,"resize":"crop","w":150}},"indices":[100,122],"type":"photo","id":544354796967170049,"media_url":"http://pbs.twimg.com/media/B43vzcECEAEui7S.jpg"}]},"in_reply_to_screen_name":"BBCWorld","id_str":"544354797374017536","retweet_count":0,"in_reply_to_user_id":742143,"favorited":false,"user":{"follow_request_sent":false,"profile_use_background_image":true,"profile_text_color":"333333","default_profile_image":false,"id":2734020596,"profile_background_image_url_https":"https://abs.twimg.com/images/themes/theme1/bg.png","verified":false,"profile_location":null,"profile_image_url_https":"https://pbs.twimg.com/profile_images/500206452145782788/5-vWudEf_normal.jpeg","profile_sidebar_fill_color":"DDEEF6","entities":{"description":{"urls":[]}},"followers_count":60,"profile_sidebar_border_color":"C0DEED","id_str":"2734020596","profile_background_color":"C0DEED","listed_count":0,"is_translation_enabled":false,"utc_offset":null,"statuses_count":992,"description":"When you stop learning, you stop living.","friends_count":843,"location":"","profile_link_color":"0084B4","profile_image_url":"http://pbs.twimg.com/profile_images/500206452145782788/5-vWudEf_normal.jpeg","following":false,"geo_enabled":false,"profile_background_image_url":"http://abs.twimg.com/images/themes/theme1/bg.png","name":"JW Cousineau","lang":"en","profile_background_tile":false,"favourites_count":27,"screen_name":"canadainfonow","notifications":false,"url":null,"created_at":"Fri Aug 15 08:45:33 +0000 2014","contributors_enabled":false,"time_zone":null,"protected":false,"default_profile":true,"is_translator":false},"geo":null,"in_reply_to_user_id_str":"742143","possibly_sensitive":false,"lang":"en","created_at":"Mon Dec 15 04:54:31 +0000 2014","in_reply_to_status_id_str":"544352649978843136","place":null,"extended_entities":{"media":[{"expanded_url":"http://twitter.com/canadainfonow/status/544354797374017536/photo/1","display_url":"pic.twitter.com/K0d7VY8sVT","url":"http://t.co/K0d7VY8sVT","media_url_https":"https://pbs.twimg.com/media/B43vzcECEAEui7S.jpg","id_str":"544354796967170049","sizes":{"small":{"h":280,"resize":"fit","w":280},"large":{"h":280,"resize":"fit","w":280},"medium":{"h":280,"resize":"fit","w":280},"thumb":{"h":150,"resize":"crop","w":150}},"indices":[100,122],"type":"photo","id":544354796967170049,"media_url":"http://pbs.twimg.com/media/B43vzcECEAEui7S.jpg"}]}},
{"contributors":null,"truncated":false,"text":"@JoeChupp @BBCWorld @machinegunkelly http://t.co/QmgulquObV STOP THE VIOLENCE BY &amp; AGAINST YOUTH, POLICE &amp; ALL OTHERS http://t.co/f6GCIxc8mk","in_reply_to_status_id":544353251403911169,"id":544354937065332736,"favorite_count":0,"source":"<a href=\"http://twitter.com\" rel=\"nofollow\">Twitter Web Client</a>","retweeted":false,"coordinates":null,"entities":{"symbols":[],"user_mentions":[{"id":60719876,"indices":[0,9],"id_str":"60719876","screen_name":"JoeChupp","name":"JoeChupp"},{"id":742143,"indices":[10,19],"id_str":"742143","screen_name":"BBCWorld","name":"BBC News (World)"},{"id":17861062,"indices":[20,36],"id_str":"17861062","screen_name":"machinegunkelly","name":"Machine Gun Kelly"}],"hashtags":[],"urls":[{"url":"http://t.co/QmgulquObV","indices":[37,59],"expanded_url":"http://www.amazon.com.au/Youth-Violence-International-Crisis-Cousineau-ebook/dp/B00GP3456Q/ref=sr_1_1?ie=UTF8&qid=1418618795&sr=8-1&keywords=youth+violence+an+international+crisis","display_url":"amazon.com.au/Youth-Violence…"}],"media":[{"expanded_url":"http://twitter.com/canadainfonow/status/544354937065332736/photo/1","display_url":"pic.twitter.com/f6GCIxc8mk","url":"http://t.co/f6GCIxc8mk","media_url_https":"https://pbs.twimg.com/media/B43v7kYCUAAAQJz.jpg","id_str":"544354936637509632","sizes":{"small":{"h":280,"resize":"fit","w":280},"large":{"h":280,"resize":"fit","w":280},"medium":{"h":280,"resize":"fit","w":280},"thumb":{"h":150,"resize":"crop","w":150}},"indices":[126,148],"type":"photo","id":544354936637509632,"media_url":"http://pbs.twimg.com/media/B43v7kYCUAAAQJz.jpg"}]},"in_reply_to_screen_name":"JoeChupp","id_str":"544354937065332736","retweet_count":0,"in_reply_to_user_id":60719876,"favorited":false,"user":{"follow_request_sent":false,"profile_use_background_image":true,"profile_text_color":"333333","default_profile_image":false,"id":2734020596,"profile_background_image_url_https":"https://abs.twimg.com/images/themes/theme1/bg.png","verified":false,"profile_location":null,"profile_image_url_https":"https://pbs.twimg.com/profile_images/500206452145782788/5-vWudEf_normal.jpeg","profile_sidebar_fill_color":"DDEEF6","entities":{"description":{"urls":[]}},"followers_count":60,"profile_sidebar_border_color":"C0DEED","id_str":"2734020596","profile_background_color":"C0DEED","listed_count":0,"is_translation_enabled":false,"utc_offset":null,"statuses_count":992,"description":"When you stop learning, you stop living.","friends_count":843,"location":"","profile_link_color":"0084B4","profile_image_url":"http://pbs.twimg.com/profile_images/500206452145782788/5-vWudEf_normal.jpeg","following":false,"geo_enabled":false,"profile_background_image_url":"http://abs.twimg.com/images/themes/theme1/bg.png","name":"JW Cousineau","lang":"en","profile_background_tile":false,"favourites_count":27,"screen_name":"canadainfonow","notifications":false,"url":null,"created_at":"Fri Aug 15 08:45:33 +0000 2014","contributors_enabled":false,"time_zone":null,"protected":false,"default_profile":true,"is_translator":false},"geo":null,"in_reply_to_user_id_str":"60719876","possibly_sensitive":false,"lang":"en","created_at":"Mon Dec 15 04:55:05 +0000 2014","in_reply_to_status_id_str":"544353251403911169","place":null,"extended_entities":{"media":[{"expanded_url":"http://twitter.com/canadainfonow/status/544354937065332736/photo/1","display_url":"pic.twitter.com/f6GCIxc8mk","url":"http://t.co/f6GCIxc8mk","media_url_https":"https://pbs.twimg.com/media/B43v7kYCUAAAQJz.jpg","id_str":"544354936637509632","sizes":{"small":{"h":280,"resize":"fit","w":280},"large":{"h":280,"resize":"fit","w":280},"medium":{"h":280,"resize":"fit","w":280},"thumb":{"h":150,"resize":"crop","w":150}},"indices":[126,148],"type":"photo","id":544354936637509632,"media_url":"http://pbs.twimg.com/media/B43v7kYCUAAAQJz.jpg"}]}},
{"contributors":null,"truncated":false,"text":"@worldof_science  @SALSIKandar @omar_quraishi @TarekFatah @taslimanasreen @beenasarwar http://t.co/QmgulquObV STOP THE VIOLENCE","in_reply_to_status_id":544353573690036224,"id":544355184235671553,"favorite_count":0,"source":"<a href=\"http://twitter.com\" rel=\"nofollow\">Twitter Web Client</a>","retweeted":false,"coordinates":null,"entities":{"symbols":[],"user_mentions":[{"id":1655429624,"indices":[0,16],"id_str":"1655429624","screen_name":"worldof_science","name":"worldofscience"},{"id":311028372,"indices":[18,30],"id_str":"311028372","screen_name":"SALSIKandar","name":"Salman Sikandar"},{"id":64744912,"indices":[31,45],"id_str":"64744912","screen_name":"omar_quraishi","name":"omar r quraishi"},{"id":17537467,"indices":[46,57],"id_str":"17537467","screen_name":"TarekFatah","name":"Tarek Fatah  ਤਾਰਿਕ "},{"id":76858507,"indices":[58,73],"id_str":"76858507","screen_name":"taslimanasreen","name":"taslima nasreen "},{"id":22518134,"indices":[74,86],"id_str":"22518134","screen_name":"beenasarwar","name":"beena sarwar"}],"hashtags":[],"urls":[{"url":"http://t.co/QmgulquObV","indices":[87,109],"expanded_url":"http://www.amazon.com.au/Youth-Violence-International-Crisis-Cousineau-ebook/dp/B00GP3456Q/ref=sr_1_1?ie=UTF8&qid=1418618795&sr=8-1&keywords=youth+violence+an+international+crisis","display_url":"amazon.com.au/Youth-Violence…"}]},"in_reply_to_screen_name":"worldof_science","id_str":"544355184235671553","retweet_count":0,"in_reply_to_user_id":1655429624,"favorited":false,"user":{"follow_request_sent":false,"profile_use_background_image":true,"profile_text_color":"333333","default_profile_image":false,"id":2734020596,"profile_background_image_url_https":"https://abs.twimg.com/images/themes/theme1/bg.png","verified":false,"profile_location":null,"profile_image_url_https":"https://pbs.twimg.com/profile_images/500206452145782788/5-vWudEf_normal.jpeg","profile_sidebar_fill_color":"DDEEF6","entities":{"description":{"urls":[]}},"followers_count":60,"profile_sidebar_border_color":"C0DEED","id_str":"2734020596","profile_background_color":"C0DEED","listed_count":0,"is_translation_enabled":false,"utc_offset":null,"statuses_count":992,"description":"When you stop learning, you stop living.","friends_count":843,"location":"","profile_link_color":"0084B4","profile_image_url":"http://pbs.twimg.com/profile_images/500206452145782788/5-vWudEf_normal.jpeg","following":false,"geo_enabled":false,"profile_background_image_url":"http://abs.twimg.com/images/themes/theme1/bg.png","name":"JW Cousineau","lang":"en","profile_background_tile":false,"favourites_count":27,"screen_name":"canadainfonow","notifications":false,"url":null,"created_at":"Fri Aug 15 08:45:33 +0000 2014","contributors_enabled":false,"time_zone":null,"protected":false,"default_profile":true,"is_translator":false},"geo":null,"in_reply_to_user_id_str":"1655429624","possibly_sensitive":false,"lang":"en","created_at":"Mon Dec 15 04:56:04 +0000 2014","in_reply_to_status_id_str":"544353573690036224","place":null},
{"contributors":null,"truncated":false,"text":"@worldof_science and only Muslims will die\n @BBCWorld @omar_quraishi @TarekFatah @taslimanasreen @beenasarwar @Razarumi @HamidMirGEO","in_reply_to_status_id":544353573690036224,"id":544355188723974144,"favorite_count":0,"source":"<a href=\"http://twitter.com/download/android\" rel=\"nofollow\">Twitter for Android</a>","retweeted":false,"coordinates":null,"entities":{"symbols":[],"user_mentions":[{"id":1655429624,"indices":[0,16],"id_str":"1655429624","screen_name":"worldof_science","name":"worldofscience"},{"id":742143,"indices":[44,53],"id_str":"742143","screen_name":"BBCWorld","name":"BBC News (World)"},{"id":64744912,"indices":[54,68],"id_str":"64744912","screen_name":"omar_quraishi","name":"omar r quraishi"},{"id":17537467,"indices":[69,80],"id_str":"17537467","screen_name":"TarekFatah","name":"Tarek Fatah  ਤਾਰਿਕ "},{"id":76858507,"indices":[81,96],"id_str":"76858507","screen_name":"taslimanasreen","name":"taslima nasreen "},{"id":22518134,"indices":[97,109],"id_str":"22518134","screen_name":"beenasarwar","name":"beena sarwar"},{"id":9397732,"indices":[110,119],"id_str":"9397732","screen_name":"Razarumi","name":"Raza Rumi"},{"id":213539531,"indices":[120,132],"id_str":"213539531","screen_name":"HamidMirGEO","name":"Hamid Mir"}],"hashtags":[],"urls":[]},"in_reply_to_screen_name":"worldof_science","id_str":"544355188723974144","retweet_count":0,"in_reply_to_user_id":1655429624,"favorited":false,"user":{"follow_request_sent":false,"profile_use_background_image":true,"profile_text_color":"333333","default_profile_image":false,"id":311028372,"profile_background_image_url_https":"https://abs.twimg.com/images/themes/theme19/bg.gif","verified":false,"profile_location":null,"profile_image_url_https":"https://pbs.twimg.com/profile_images/551329836716027904/FyZuNKG1_normal.jpeg","profile_sidebar_fill_color":"F6FFD1","entities":{"description":{"urls":[]}},"followers_count":4508,"profile_sidebar_border_color":"FFF8AD","id_str":"311028372","profile_background_color":"FFF04D","listed_count":30,"is_translation_enabled":false,"utc_offset":3600,"statuses_count":106001,"description":"'Azad' by Nature,\nJiyala by Birth, Leftist by Politics,\nSecular by Sociology,\nEngineer by Profession,\nFan by Cricket.","friends_count":2448,"location":"","profile_link_color":"0099CC","profile_image_url":"http://pbs.twimg.com/profile_images/551329836716027904/FyZuNKG1_normal.jpeg","following":false,"geo_enabled":true,"profile_banner_url":"https://pbs.twimg.com/profile_banners/311028372/1385755376","profile_background_image_url":"http://abs.twimg.com/images/themes/theme19/bg.gif","name":"Salman Sikandar","lang":"en","profile_background_tile":false,"favourites_count":5011,"screen_name":"SALSIKandar","notifications":false,"url":null,"created_at":"Sat Jun 04 19:33:06 +0000 2011","contributors_enabled":false,"time_zone":"Amsterdam","protected":false,"default_profile":false,"is_translator":false},"geo":null,"in_reply_to_user_id_str":"1655429624","lang":"en","created_at":"Mon Dec 15 04:56:05 +0000 2014","in_reply_to_status_id_str":"544353573690036224","place":null},
{"contributors":null,"truncated":false,"text":"@TattingChic @BBCWorld http://t.co/QmgulquObV STOP THE VIOLENCE BY &amp; AGAINST YOUTH, POLICE &amp; ALL OTHERS!","in_reply_to_status_id":544354372990558209,"id":544355242834268161,"favorite_count":0,"source":"<a href=\"http://twitter.com\" rel=\"nofollow\">Twitter Web Client</a>","retweeted":false,"coordinates":null,"entities":{"symbols":[],"user_mentions":[{"id":33133988,"indices":[0,12],"id_str":"33133988","screen_name":"TattingChic","name":"ʈɑʈʈɨɲɠɕɦɨɕ"},{"id":742143,"indices":[13,22],"id_str":"742143","screen_name":"BBCWorld","name":"BBC News (World)"}],"hashtags":[],"urls":[{"url":"http://t.co/QmgulquObV","indices":[23,45],"expanded_url":"http://www.amazon.com.au/Youth-Violence-International-Crisis-Cousineau-ebook/dp/B00GP3456Q/ref=sr_1_1?ie=UTF8&qid=1418618795&sr=8-1&keywords=youth+violence+an+international+crisis","display_url":"amazon.com.au/Youth-Violence…"}]},"in_reply_to_screen_name":"TattingChic","id_str":"544355242834268161","retweet_count":0,"in_reply_to_user_id":33133988,"favorited":false,"user":{"follow_request_sent":false,"profile_use_background_image":true,"profile_text_color":"333333","default_profile_image":false,"id":2734020596,"profile_background_image_url_https":"https://abs.twimg.com/images/themes/theme1/bg.png","verified":false,"profile_location":null,"profile_image_url_https":"https://pbs.twimg.com/profile_images/500206452145782788/5-vWudEf_normal.jpeg","profile_sidebar_fill_color":"DDEEF6","entities":{"description":{"urls":[]}},"followers_count":60,"profile_sidebar_border_color":"C0DEED","id_str":"2734020596","profile_background_color":"C0DEED","listed_count":0,"is_translation_enabled":false,"utc_offset":null,"statuses_count":992,"description":"When you stop learning, you stop living.","friends_count":843,"location":"","profile_link_color":"0084B4","profile_image_url":"http://pbs.twimg.com/profile_images/500206452145782788/5-vWudEf_normal.jpeg","following":false,"geo_enabled":false,"profile_background_image_url":"http://abs.twimg.com/images/themes/theme1/bg.png","name":"JW Cousineau","lang":"en","profile_background_tile":false,"favourites_count":27,"screen_name":"canadainfonow","notifications":false,"url":null,"created_at":"Fri Aug 15 08:45:33 +0000 2014","contributors_enabled":false,"time_zone":null,"protected":false,"default_profile":true,"is_translator":false},"geo":null,"in_reply_to_user_id_str":"33133988","possibly_sensitive":false,"lang":"en","created_at":"Mon Dec 15 04:56:18 +0000 2014","in_reply_to_status_id_str":"544354372990558209","place":null},
{"contributors":null,"truncated":false,"text":"@TattingChic @BBCWorld http://t.co/QmgulquObV STOP THE VIOLENCE BY &amp; AGAINST YOUTH, POLICE &amp; ALL OTHERS! http://t.co/MMhvMKNP1V","in_reply_to_status_id":544354372990558209,"id":544355299054731264,"favorite_count":0,"source":"<a href=\"http://twitter.com\" rel=\"nofollow\">Twitter Web Client</a>","retweeted":false,"coordinates":null,"entities":{"symbols":[],"user_mentions":[{"id":33133988,"indices":[0,12],"id_str":"33133988","screen_name":"TattingChic","name":"ʈɑʈʈɨɲɠɕɦɨɕ"},{"id":742143,"indices":[13,22],"id_str":"742143","screen_name":"BBCWorld","name":"BBC News (World)"}],"hashtags":[],"urls":[{"url":"http://t.co/QmgulquObV","indices":[23,45],"expanded_url":"http://www.amazon.com.au/Youth-Violence-International-Crisis-Cousineau-ebook/dp/B00GP3456Q/ref=sr_1_1?ie=UTF8&qid=1418618795&sr=8-1&keywords=youth+violence+an+international+crisis","display_url":"amazon.com.au/Youth-Violence…"}],"media":[{"expanded_url":"http://twitter.com/canadainfonow/status/544355299054731264/photo/1","display_url":"pic.twitter.com/MMhvMKNP1V","url":"http://t.co/MMhvMKNP1V","media_url_https":"https://pbs.twimg.com/media/B43wQorCEAEqojk.jpg","id_str":"544355298568179713","sizes":{"small":{"h":280,"resize":"fit","w":280},"large":{"h":280,"resize":"fit","w":280},"medium":{"h":280,"resize":"fit","w":280},"thumb":{"h":150,"resize":"crop","w":150}},"indices":[113,135],"type":"photo","id":544355298568179713,"media_url":"http://pbs.twimg.com/media/B43wQorCEAEqojk.jpg"}]},"in_reply_to_screen_name":"TattingChic","id_str":"544355299054731264","retweet_count":0,"in_reply_to_user_id":33133988,"favorited":false,"user":{"follow_request_sent":false,"profile_use_background_image":true,"profile_text_color":"333333","default_profile_image":false,"id":2734020596,"profile_background_image_url_https":"https://abs.twimg.com/images/themes/theme1/bg.png","verified":false,"profile_location":null,"profile_image_url_https":"https://pbs.twimg.com/profile_images/500206452145782788/5-vWudEf_normal.jpeg","profile_sidebar_fill_color":"DDEEF6","entities":{"description":{"urls":[]}},"followers_count":60,"profile_sidebar_border_color":"C0DEED","id_str":"2734020596","profile_background_color":"C0DEED","listed_count":0,"is_translation_enabled":false,"utc_offset":null,"statuses_count":992,"description":"When you stop learning, you stop living.","friends_count":843,"location":"","profile_link_color":"0084B4","profile_image_url":"http://pbs.twimg.com/profile_images/500206452145782788/5-vWudEf_normal.jpeg","following":false,"geo_enabled":false,"profile_background_image_url":"http://abs.twimg.com/images/themes/theme1/bg.png","name":"JW Cousineau","lang":"en","profile_background_tile":false,"favourites_count":27,"screen_name":"canadainfonow","notifications":false,"url":null,"created_at":"Fri Aug 15 08:45:33 +0000 2014","contributors_enabled":false,"time_zone":null,"protected":false,"default_profile":true,"is_translator":false},"geo":null,"in_reply_to_user_id_str":"33133988","possibly_sensitive":false,"lang":"en","created_at":"Mon Dec 15 04:56:31 +0000 2014","in_reply_to_status_id_str":"544354372990558209","place":null,"extended_entities":{"media":[{"expanded_url":"http://twitter.com/canadainfonow/status/544355299054731264/photo/1","display_url":"pic.twitter.com/MMhvMKNP1V","url":"http://t.co/MMhvMKNP1V","media_url_https":"https://pbs.twimg.com/media/B43wQorCEAEqojk.jpg","id_str":"544355298568179713","sizes":{"small":{"h":280,"resize":"fit","w":280},"large":{"h":280,"resize":"fit","w":280},"medium":{"h":280,"resize":"fit","w":280},"thumb":{"h":150,"resize":"crop","w":150}},"indices":[113,135],"type":"photo","id":544355298568179713,"media_url":"http://pbs.twimg.com/media/B43wQorCEAEqojk.jpg"}]}},
{"contributors":null,"truncated":false,"text":"@canadainfonow then who pay American arms makers ?\n@worldof_science @omar_quraishi @TarekFatah @taslimanasreen @beenasarwar","in_reply_to_status_id":544355184235671553,"id":544355345335078912,"favorite_count":0,"source":"<a href=\"http://twitter.com/download/android\" rel=\"nofollow\">Twitter for Android</a>","retweeted":false,"coordinates":null,"entities":{"symbols":[],"user_mentions":[{"id":2734020596,"indices":[0,14],"id_str":"2734020596","screen_name":"canadainfonow","name":"JW Cousineau"},{"id":1655429624,"indices":[51,67],"id_str":"1655429624","screen_name":"worldof_science","name":"worldofscience"},{"id":64744912,"indices":[68,82],"id_str":"64744912","screen_name":"omar_quraishi","name":"omar r quraishi"},{"id":17537467,"indices":[83,94],"id_str":"17537467","screen_name":"TarekFatah","name":"Tarek Fatah  ਤਾਰਿਕ "},{"id":76858507,"indices":[95,110],"id_str":"76858507","screen_name":"taslimanasreen","name":"taslima nasreen "},{"id":22518134,"indices":[111,123],"id_str":"22518134","screen_name":"beenasarwar","name":"beena sarwar"}],"hashtags":[],"urls":[]},"in_reply_to_screen_name":"canadainfonow","id_str":"544355345335078912","retweet_count":0,"in_reply_to_user_id":2734020596,"favorited":false,"user":{"follow_request_sent":false,"profile_use_background_image":true,"profile_text_color":"333333","default_profile_image":false,"id":311028372,"profile_background_image_url_https":"https://abs.twimg.com/images/themes/theme19/bg.gif","verified":false,"profile_location":null,"profile_image_url_https":"https://pbs.twimg.com/profile_images/551329836716027904/FyZuNKG1_normal.jpeg","profile_sidebar_fill_color":"F6FFD1","entities":{"description":{"urls":[]}},"followers_count":4508,"profile_sidebar_border_color":"FFF8AD","id_str":"311028372","profile_background_color":"FFF04D","listed_count":30,"is_translation_enabled":false,"utc_offset":3600,"statuses_count":106001,"description":"'Azad' by Nature,\nJiyala by Birth, Leftist by Politics,\nSecular by Sociology,\nEngineer by Profession,\nFan by Cricket.","friends_count":2448,"location":"","profile_link_color":"0099CC","profile_image_url":"http://pbs.twimg.com/profile_images/551329836716027904/FyZuNKG1_normal.jpeg","following":false,"geo_enabled":true,"profile_banner_url":"https://pbs.twimg.com/profile_banners/311028372/1385755376","profile_background_image_url":"http://abs.twimg.com/images/themes/theme19/bg.gif","name":"Salman Sikandar","lang":"en","profile_background_tile":false,"favourites_count":5011,"screen_name":"SALSIKandar","notifications":false,"url":null,"created_at":"Sat Jun 04 19:33:06 +0000 2011","contributors_enabled":false,"time_zone":"Amsterdam","protected":false,"default_profile":false,"is_translator":false},"geo":null,"in_reply_to_user_id_str":"2734020596","lang":"en","created_at":"Mon Dec 15 04:56:42 +0000 2014","in_reply_to_status_id_str":"544355184235671553","place":null},
{"contributors":null,"truncated":false,"text":"@SALSIKandar @BBCWorld @omar_quraishi @TarekFatah @taslimanasreen @beenasarwar @Razarumi @HamidMirGEO need reform of Quran&amp;Hadith2save islam","in_reply_to_status_id":544355188723974144,"id":544355600495149056,"favorite_count":0,"source":"<a href=\"http://twitter.com/download/android\" rel=\"nofollow\">Twitter for Android</a>","retweeted":false,"coordinates":null,"entities":{"symbols":[],"user_mentions":[{"id":311028372,"indices":[0,12],"id_str":"311028372","screen_name":"SALSIKandar","name":"Salman Sikandar"},{"id":742143,"indices":[13,22],"id_str":"742143","screen_name":"BBCWorld","name":"BBC News (World)"},{"id":64744912,"indices":[23,37],"id_str":"64744912","screen_name":"omar_quraishi","name":"omar r quraishi"},{"id":17537467,"indices":[38,49],"id_str":"17537467","screen_name":"TarekFatah","name":"Tarek Fatah  ਤਾਰਿਕ "},{"id":76858507,"indices":[50,65],"id_str":"76858507","screen_name":"taslimanasreen","name":"taslima nasreen "},{"id":22518134,"indices":[66,78],"id_str":"22518134","screen_name":"beenasarwar","name":"beena sarwar"},{"id":9397732,"indices":[79,88],"id_str":"9397732","screen_name":"Razarumi","name":"Raza Rumi"},{"id":213539531,"indices":[89,101],"id_str":"213539531","screen_name":"HamidMirGEO","name":"Hamid Mir"}],"hashtags":[],"urls":[]},"in_reply_to_screen_name":"SALSIKandar","id_str":"544355600495149056","retweet_count":0,"in_reply_to_user_id":311028372,"favorited":false,"user":{"follow_request_sent":false,"profile_use_background_image":true,"profile_text_color":"333333","default_profile_image":true,"id":1655429624,"profile_background_image_url_https":"https://abs.twimg.com/images/themes/theme1/bg.png","verified":false,"profile_location":null,"profile_image_url_https":"https://abs.twimg.com/sticky/default_profile_images/default_profile_2_normal.png","profile_sidebar_fill_color":"DDEEF6","entities":{"description":{"urls":[]}},"followers_count":143,"profile_sidebar_border_color":"C0DEED","id_str":"1655429624","profile_background_color":"C0DEED","listed_count":0,"is_translation_enabled":false,"utc_offset":null,"statuses_count":6991,"description":"God free, Religion free, world citizen","friends_count":800,"location":"","profile_link_color":"0084B4","profile_image_url":"http://abs.twimg.com/sticky/default_profile_images/default_profile_2_normal.png","following":false,"geo_enabled":false,"profile_background_image_url":"http://abs.twimg.com/images/themes/theme1/bg.png","name":"worldofscience","lang":"en","profile_background_tile":false,"favourites_count":6,"screen_name":"worldof_science","notifications":false,"url":null,"created_at":"Thu Aug 08 13:47:48 +0000 2013","contributors_enabled":false,"time_zone":null,"protected":false,"default_profile":true,"is_translator":false},"geo":null,"in_reply_to_user_id_str":"311028372","lang":"en","created_at":"Mon Dec 15 04:57:43 +0000 2014","in_reply_to_status_id_str":"544355188723974144","place":null},
{"contributors":null,"truncated":false,"text":"@SALSIKandar @canadainfonow @omar_quraishi @TarekFatah @taslimanasreen @beenasarwar y only Muslim fight2run US arms trade?","in_reply_to_status_id":544355345335078912,"id":544356460474281985,"favorite_count":0,"source":"<a href=\"http://twitter.com/download/android\" rel=\"nofollow\">Twitter for Android</a>","retweeted":false,"coordinates":null,"entities":{"symbols":[],"user_mentions":[{"id":311028372,"indices":[0,12],"id_str":"311028372","screen_name":"SALSIKandar","name":"Salman Sikandar"},{"id":2734020596,"indices":[13,27],"id_str":"2734020596","screen_name":"canadainfonow","name":"JW Cousineau"},{"id":64744912,"indices":[28,42],"id_str":"64744912","screen_name":"omar_quraishi","name":"omar r quraishi"},{"id":17537467,"indices":[43,54],"id_str":"17537467","screen_name":"TarekFatah","name":"Tarek Fatah  ਤਾਰਿਕ "},{"id":76858507,"indices":[55,70],"id_str":"76858507","screen_name":"taslimanasreen","name":"taslima nasreen "},{"id":22518134,"indices":[71,83],"id_str":"22518134","screen_name":"beenasarwar","name":"beena sarwar"}],"hashtags":[],"urls":[]},"in_reply_to_screen_name":"SALSIKandar","id_str":"544356460474281985","retweet_count":0,"in_reply_to_user_id":311028372,"favorited":false,"user":{"follow_request_sent":false,"profile_use_background_image":true,"profile_text_color":"333333","default_profile_image":true,"id":1655429624,"profile_background_image_url_https":"https://abs.twimg.com/images/themes/theme1/bg.png","verified":false,"profile_location":null,"profile_image_url_https":"https://abs.twimg.com/sticky/default_profile_images/default_profile_2_normal.png","profile_sidebar_fill_color":"DDEEF6","entities":{"description":{"urls":[]}},"followers_count":143,"profile_sidebar_border_color":"C0DEED","id_str":"1655429624","profile_background_color":"C0DEED","listed_count":0,"is_translation_enabled":false,"utc_offset":null,"statuses_count":6991,"description":"God free, Religion free, world citizen","friends_count":800,"location":"","profile_link_color":"0084B4","profile_image_url":"http://abs.twimg.com/sticky/default_profile_images/default_profile_2_normal.png","following":false,"geo_enabled":false,"profile_background_image_url":"http://abs.twimg.com/images/themes/theme1/bg.png","name":"worldofscience","lang":"en","profile_background_tile":false,"favourites_count":6,"screen_name":"worldof_science","notifications":false,"url":null,"created_at":"Thu Aug 08 13:47:48 +0000 2013","contributors_enabled":false,"time_zone":null,"protected":false,"default_profile":true,"is_translator":false},"geo":null,"in_reply_to_user_id_str":"311028372","lang":"en","created_at":"Mon Dec 15 05:01:08 +0000 2014","in_reply_to_status_id_str":"544355345335078912","place":null},
{"contributors":null,"truncated":false,"text":"@SALSIKandar @canadainfonow @omar_quraishi @TarekFatah @taslimanasreen @beenasarwar who pay terrorists2buy arms.wout money jihad toothless","in_reply_to_status_id":544355345335078912,"id":544356924225896448,"favorite_count":0,"source":"<a href=\"http://twitter.com/download/android\" rel=\"nofollow\">Twitter for Android</a>","retweeted":false,"coordinates":null,"entities":{"symbols":[],"user_mentions":[{"id":311028372,"indices":[0,12],"id_str":"311028372","screen_name":"SALSIKandar","name":"Salman Sikandar"},{"id":2734020596,"indices":[13,27],"id_str":"2734020596","screen_name":"canadainfonow","name":"JW Cousineau"},{"id":64744912,"indices":[28,42],"id_str":"64744912","screen_name":"omar_quraishi","name":"omar r quraishi"},{"id":17537467,"indices":[43,54],"id_str":"17537467","screen_name":"TarekFatah","name":"Tarek Fatah  ਤਾਰਿਕ "},{"id":76858507,"indices":[55,70],"id_str":"76858507","screen_name":"taslimanasreen","name":"taslima nasreen "},{"id":22518134,"indices":[71,83],"id_str":"22518134","screen_name":"beenasarwar","name":"beena sarwar"}],"hashtags":[],"urls":[]},"in_reply_to_screen_name":"SALSIKandar","id_str":"544356924225896448","retweet_count":0,"in_reply_to_user_id":311028372,"favorited":false,"user":{"follow_request_sent":false,"profile_use_background_image":true,"profile_text_color":"333333","default_profile_image":true,"id":1655429624,"profile_background_image_url_https":"https://abs.twimg.com/images/themes/theme1/bg.png","verified":false,"profile_location":null,"profile_image_url_https":"https://abs.twimg.com/sticky/default_profile_images/default_profile_2_normal.png","profile_sidebar_fill_color":"DDEEF6","entities":{"description":{"urls":[]}},"followers_count":143,"profile_sidebar_border_color":"C0DEED","id_str":"1655429624","profile_background_color":"C0DEED","listed_count":0,"is_translation_enabled":false,"utc_offset":null,"statuses_count":6991,"description":"God free, Religion free, world citizen","friends_count":800,"location":"","profile_link_color":"0084B4","profile_image_url":"http://abs.twimg.com/sticky/default_profile_images/default_profile_2_normal.png","following":false,"geo_enabled":false,"profile_background_image_url":"http://abs.twimg.com/images/themes/theme1/bg.png","name":"worldofscience","lang":"en","profile_background_tile":false,"favourites_count":6,"screen_name":"worldof_science","notifications":false,"url":null,"created_at":"Thu Aug 08 13:47:48 +0000 2013","contributors_enabled":false,"time_zone":null,"protected":false,"default_profile":true,"is_translator":false},"geo":null,"in_reply_to_user_id_str":"311028372","lang":"en","created_at":"Mon Dec 15 05:02:59 +0000 2014","in_reply_to_status_id_str":"544355345335078912","place":null},
{"contributors":null,"truncated":false,"text":"@canadainfonow my mother said I'm not allowed to converse with Canadians. It's sort of a house rule. Sorry.....","in_reply_to_status_id":544354937065332736,"id":544358530958913537,"favorite_count":1,"source":"<a href=\"http://twitter.com/download/android\" rel=\"nofollow\">Twitter for Android</a>","retweeted":false,"coordinates":null,"entities":{"symbols":[],"user_mentions":[{"id":2734020596,"indices":[0,14],"id_str":"2734020596","screen_name":"canadainfonow","name":"JW Cousineau"}],"hashtags":[],"urls":[]},"in_reply_to_screen_name":"canadainfonow","id_str":"544358530958913537","retweet_count":0,"in_reply_to_user_id":2734020596,"favorited":false,"user":{"follow_request_sent":false,"profile_use_background_image":true,"profile_text_color":"333333","default_profile_image":false,"id":60719876,"profile_background_image_url_https":"https://pbs.twimg.com/profile_background_images/882857473/d366b1ac0a955f45aeafe93ae47eb976.jpeg","verified":false,"profile_location":null,"profile_image_url_https":"https://pbs.twimg.com/profile_images/556924924355678209/HjQvXC0S_normal.jpeg","profile_sidebar_fill_color":"DDFFCC","entities":{"description":{"urls":[]}},"followers_count":291,"profile_sidebar_border_color":"FFFFFF","id_str":"60719876","profile_background_color":"000000","listed_count":2,"is_translation_enabled":false,"utc_offset":-18000,"statuses_count":13391,"description":"I think we can all agree that the world was at its best when boy bands ruled.","friends_count":987,"location":"#Lumbus","profile_link_color":"0084B4","profile_image_url":"http://pbs.twimg.com/profile_images/556924924355678209/HjQvXC0S_normal.jpeg","following":false,"geo_enabled":false,"profile_banner_url":"https://pbs.twimg.com/profile_banners/60719876/1402927893","profile_background_image_url":"http://pbs.twimg.com/profile_background_images/882857473/d366b1ac0a955f45aeafe93ae47eb976.jpeg","name":"JoeChupp","lang":"en","profile_background_tile":false,"favourites_count":917,"screen_name":"JoeChupp","notifications":false,"url":null,"created_at":"Mon Jul 27 21:45:59 +0000 2009","contributors_enabled":false,"time_zone":"Eastern Time (US & Canada)","protected":false,"default_profile":false,"is_translator":false},"geo":null,"in_reply_to_user_id_str":"2734020596","lang":"en","created_at":"Mon Dec 15 05:09:22 +0000 2014","in_reply_to_status_id_str":"544354937065332736","place":null},
{"contributors":null,"truncated":false,"text":"@BBCWorld scary","in_reply_to_status_id":544352649978843136,"id":544359982649847809,"favorite_count":0,"source":"<a href=\"http://twitter.com/download/android\" rel=\"nofollow\">Twitter for Android</a>","retweeted":false,"coordinates":{"type":"Point","coordinates":[71.4945878,30.2360698]},"entities":{"symbols":[],"user_mentions":[{"id":742143,"indices":[0,9],"id_str":"742143","screen_name":"BBCWorld","name":"BBC News (World)"}],"hashtags":[],"urls":[]},"in_reply_to_screen_name":"BBCWorld","id_str":"544359982649847809","retweet_count":0,"in_reply_to_user_id":742143,"favorited":false,"user":{"follow_request_sent":false,"profile_use_background_image":true,"profile_text_color":"333333","default_profile_image":false,"id":1119305256,"profile_background_image_url_https":"https://abs.twimg.com/images/themes/theme1/bg.png","verified":false,"profile_location":null,"profile_image_url_https":"https://pbs.twimg.com/profile_images/565545503840927744/Ze0GoiNy_normal.jpeg","profile_sidebar_fill_color":"DDEEF6","entities":{"description":{"urls":[]}},"followers_count":55,"profile_sidebar_border_color":"C0DEED","id_str":"1119305256","profile_background_color":"C0DEED","listed_count":0,"is_translation_enabled":false,"utc_offset":null,"statuses_count":854,"description":"","friends_count":417,"location":"","profile_link_color":"0084B4","profile_image_url":"http://pbs.twimg.com/profile_images/565545503840927744/Ze0GoiNy_normal.jpeg","following":false,"geo_enabled":true,"profile_background_image_url":"http://abs.twimg.com/images/themes/theme1/bg.png","name":"Rukaiya Sajjad","lang":"en","profile_background_tile":false,"favourites_count":4156,"screen_name":"rukaiya6666","notifications":false,"url":null,"created_at":"Fri Jan 25 13:27:29 +0000 2013","contributors_enabled":false,"time_zone":null,"protected":false,"default_profile":true,"is_translator":false},"geo":{"type":"Point","coordinates":[30.2360698,71.4945878]},"in_reply_to_user_id_str":"742143","lang":"en","created_at":"Mon Dec 15 05:15:08 +0000 2014","in_reply_to_status_id_str":"544352649978843136","place":{"full_name":"Punjab, Pakistan","url":"https://api.twitter.com/1.1/geo/id/00cc0d5640394308.json","country":"Pakistan","place_type":"admin","bounding_box":{"type":"Polygon","coordinates":[[[69.3288727,27.7082259],[75.3821239,27.7082259],[75.3821239,34.019989],[69.3288727,34.019989]]]},"contained_within":[],"country_code":"PK","attributes":{},"id":"00cc0d5640394308","name":"Punjab"}},
{"contributors":null,"truncated":false,"text":"@HanzalaTayyab92 @BBCWorld What do you think is the basis for this type of behaviour?Crrntly there is a lot of violence in Islamic societies","in_reply_to_status_id":544353311516655616,"id":544361306640613376,"favorite_count":0,"source":"<a href=\"http://twitter.com\" rel=\"nofollow\">Twitter Web Client</a>","retweeted":false,"coordinates":null,"entities":{"symbols":[],"user_mentions":[{"id":2588948750,"indices":[0,16],"id_str":"2588948750","screen_name":"HanzalaTayyab92","name":"Muhammad Hanzala"},{"id":742143,"indices":[17,26],"id_str":"742143","screen_name":"BBCWorld","name":"BBC News (World)"}],"hashtags":[],"urls":[]},"in_reply_to_screen_name":"HanzalaTayyab92","id_str":"544361306640613376","retweet_count":0,"in_reply_to_user_id":2588948750,"favorited":false,"user":{"follow_request_sent":false,"profile_use_background_image":false,"profile_text_color":"333333","default_profile_image":false,"id":536279030,"profile_background_image_url_https":"https://pbs.twimg.com/profile_background_images/468458847/060617Ottawa-Willowbank_Farm_003.jpg","verified":false,"profile_location":null,"profile_image_url_https":"https://pbs.twimg.com/profile_images/1958535549/Farm3_normal.jpg","profile_sidebar_fill_color":"DDEEF6","entities":{"description":{"urls":[]}},"followers_count":68,"profile_sidebar_border_color":"C0DEED","id_str":"536279030","profile_background_color":"C0DEED","listed_count":3,"is_translation_enabled":false,"utc_offset":null,"statuses_count":591,"description":"","friends_count":153,"location":"","profile_link_color":"0084B4","profile_image_url":"http://pbs.twimg.com/profile_images/1958535549/Farm3_normal.jpg","following":false,"geo_enabled":false,"profile_banner_url":"https://pbs.twimg.com/profile_banners/536279030/1409539408","profile_background_image_url":"http://pbs.twimg.com/profile_background_images/468458847/060617Ottawa-Willowbank_Farm_003.jpg","name":"Haig McCarrell","lang":"en","profile_background_tile":false,"favourites_count":143,"screen_name":"HaigMc","notifications":false,"url":null,"created_at":"Sun Mar 25 12:53:00 +0000 2012","contributors_enabled":false,"time_zone":null,"protected":false,"default_profile":false,"is_translator":false},"geo":null,"in_reply_to_user_id_str":"2588948750","lang":"en","created_at":"Mon Dec 15 05:20:23 +0000 2014","in_reply_to_status_id_str":"544353311516655616","place":null},
{"contributors":null,"truncated":false,"text":"@BBCWorld http://t.co/QmgulquObV PREVENT THE VIOLENCE ! Author Avail 24 hrs 1-778-908-2811 http://t.co/kM3C08i0Vn","in_reply_to_status_id":544352649978843136,"id":544365819086372864,"favorite_count":0,"source":"<a href=\"http://twitter.com\" rel=\"nofollow\">Twitter Web Client</a>","retweeted":false,"coordinates":null,"entities":{"symbols":[],"user_mentions":[{"id":742143,"indices":[0,9],"id_str":"742143","screen_name":"BBCWorld","name":"BBC News (World)"}],"hashtags":[],"urls":[{"url":"http://t.co/QmgulquObV","indices":[10,32],"expanded_url":"http://www.amazon.com.au/Youth-Violence-International-Crisis-Cousineau-ebook/dp/B00GP3456Q/ref=sr_1_1?ie=UTF8&qid=1418618795&sr=8-1&keywords=youth+violence+an+international+crisis","display_url":"amazon.com.au/Youth-Violence…"}],"media":[{"expanded_url":"http://twitter.com/canadainfonow/status/544365819086372864/photo/1","display_url":"pic.twitter.com/kM3C08i0Vn","url":"http://t.co/kM3C08i0Vn","media_url_https":"https://pbs.twimg.com/media/B4350-DCIAE21wL.jpg","id_str":"544365818385932289","sizes":{"small":{"h":280,"resize":"fit","w":280},"large":{"h":280,"resize":"fit","w":280},"medium":{"h":280,"resize":"fit","w":280},"thumb":{"h":150,"resize":"crop","w":150}},"indices":[91,113],"type":"photo","id":544365818385932289,"media_url":"http://pbs.twimg.com/media/B4350-DCIAE21wL.jpg"}]},"in_reply_to_screen_name":"BBCWorld","id_str":"544365819086372864","retweet_count":0,"in_reply_to_user_id":742143,"favorited":false,"user":{"follow_request_sent":false,"profile_use_background_image":true,"profile_text_color":"333333","default_profile_image":false,"id":2734020596,"profile_background_image_url_https":"https://abs.twimg.com/images/themes/theme1/bg.png","verified":false,"profile_location":null,"profile_image_url_https":"https://pbs.twimg.com/profile_images/500206452145782788/5-vWudEf_normal.jpeg","profile_sidebar_fill_color":"DDEEF6","entities":{"description":{"urls":[]}},"followers_count":60,"profile_sidebar_border_color":"C0DEED","id_str":"2734020596","profile_background_color":"C0DEED","listed_count":0,"is_translation_enabled":false,"utc_offset":null,"statuses_count":992,"description":"When you stop learning, you stop living.","friends_count":843,"location":"","profile_link_color":"0084B4","profile_image_url":"http://pbs.twimg.com/profile_images/500206452145782788/5-vWudEf_normal.jpeg","following":false,"geo_enabled":false,"profile_background_image_url":"http://abs.twimg.com/images/themes/theme1/bg.png","name":"JW Cousineau","lang":"en","profile_background_tile":false,"favourites_count":27,"screen_name":"canadainfonow","notifications":false,"url":null,"created_at":"Fri Aug 15 08:45:33 +0000 2014","contributors_enabled":false,"time_zone":null,"protected":false,"default_profile":true,"is_translator":false},"geo":null,"in_reply_to_user_id_str":"742143","possibly_sensitive":false,"lang":"en","created_at":"Mon Dec 15 05:38:19 +0000 2014","in_reply_to_status_id_str":"544352649978843136","place":null,"extended_entities":{"media":[{"expanded_url":"http://twitter.com/canadainfonow/status/544365819086372864/photo/1","display_url":"pic.twitter.com/kM3C08i0Vn","url":"http://t.co/kM3C08i0Vn","media_url_https":"https://pbs.twimg.com/media/B4350-DCIAE21wL.jpg","id_str":"544365818385932289","sizes":{"small":{"h":280,"resize":"fit","w":280},"large":{"h":280,"resize":"fit","w":280},"medium":{"h":280,"resize":"fit","w":280},"thumb":{"h":150,"resize":"crop","w":150}},"indices":[91,113],"type":"photo","id":544365818385932289,"media_url":"http://pbs.twimg.com/media/B4350-DCIAE21wL.jpg"}]}},
{"contributors":null,"truncated":false,"text":"@HanzalaTayyab92 @BBCWorld http://t.co/QmgulquObV PREVENT THE VIOLENCE ! Author Avail 24 hrs 1-778-908-2811 http://t.co/4QzTJJCcS6","in_reply_to_status_id":544353311516655616,"id":544365911168151554,"favorite_count":0,"source":"<a href=\"http://twitter.com\" rel=\"nofollow\">Twitter Web Client</a>","retweeted":false,"coordinates":null,"entities":{"symbols":[],"user_mentions":[{"id":2588948750,"indices":[0,16],"id_str":"2588948750","screen_name":"HanzalaTayyab92","name":"Muhammad Hanzala"},{"id":742143,"indices":[17,26],"id_str":"742143","screen_name":"BBCWorld","name":"BBC News (World)"}],"hashtags":[],"urls":[{"url":"http://t.co/QmgulquObV","indices":[27,49],"expanded_url":"http://www.amazon.com.au/Youth-Violence-International-Crisis-Cousineau-ebook/dp/B00GP3456Q/ref=sr_1_1?ie=UTF8&qid=1418618795&sr=8-1&keywords=youth+violence+an+international+crisis","display_url":"amazon.com.au/Youth-Violence…"}],"media":[{"expanded_url":"http://twitter.com/canadainfonow/status/544365911168151554/photo/1","display_url":"pic.twitter.com/4QzTJJCcS6","url":"http://t.co/4QzTJJCcS6","media_url_https":"https://pbs.twimg.com/media/B4356VWCEAAmzgX.jpg","id_str":"544365910538981376","sizes":{"small":{"h":280,"resize":"fit","w":280},"large":{"h":280,"resize":"fit","w":280},"medium":{"h":280,"resize":"fit","w":280},"thumb":{"h":150,"resize":"crop","w":150}},"indices":[108,130],"type":"photo","id":544365910538981376,"media_url":"http://pbs.twimg.com/media/B4356VWCEAAmzgX.jpg"}]},"in_reply_to_screen_name":"HanzalaTayyab92","id_str":"544365911168151554","retweet_count":0,"in_reply_to_user_id":2588948750,"favorited":false,"user":{"follow_request_sent":false,"profile_use_background_image":true,"profile_text_color":"333333","default_profile_image":false,"id":2734020596,"profile_background_image_url_https":"https://abs.twimg.com/images/themes/theme1/bg.png","verified":false,"profile_location":null,"profile_image_url_https":"https://pbs.twimg.com/profile_images/500206452145782788/5-vWudEf_normal.jpeg","profile_sidebar_fill_color":"DDEEF6","entities":{"description":{"urls":[]}},"followers_count":59,"profile_sidebar_border_color":"C0DEED","id_str":"2734020596","profile_background_color":"C0DEED","listed_count":0,"is_translation_enabled":false,"utc_offset":null,"statuses_count":992,"description":"When you stop learning, you stop living.","friends_count":843,"location":"","profile_link_color":"0084B4","profile_image_url":"http://pbs.twimg.com/profile_images/500206452145782788/5-vWudEf_normal.jpeg","following":false,"geo_enabled":false,"profile_background_image_url":"http://abs.twimg.com/images/themes/theme1/bg.png","name":"JW Cousineau","lang":"en","profile_background_tile":false,"favourites_count":27,"screen_name":"canadainfonow","notifications":false,"url":null,"created_at":"Fri Aug 15 08:45:33 +0000 2014","contributors_enabled":false,"time_zone":null,"protected":false,"default_profile":true,"is_translator":false},"geo":null,"in_reply_to_user_id_str":"2588948750","possibly_sensitive":false,"lang":"en","created_at":"Mon Dec 15 05:38:41 +0000 2014","in_reply_to_status_id_str":"544353311516655616","place":null,"extended_entities":{"media":[{"expanded_url":"http://twitter.com/canadainfonow/status/544365911168151554/photo/1","display_url":"pic.twitter.com/4QzTJJCcS6","url":"http://t.co/4QzTJJCcS6","media_url_https":"https://pbs.twimg.com/media/B4356VWCEAAmzgX.jpg","id_str":"544365910538981376","sizes":{"small":{"h":280,"resize":"fit","w":280},"large":{"h":280,"resize":"fit","w":280},"medium":{"h":280,"resize":"fit","w":280},"thumb":{"h":150,"resize":"crop","w":150}},"indices":[108,130],"type":"photo","id":544365910538981376,"media_url":"http://pbs.twimg.com/media/B4356VWCEAAmzgX.jpg"}]}}
]