[{"contributors":null,"truncated":false,"text":"\"@AlArabiya_Eng: BREAKING: Australian National Imams Council condemns Sydney siege http://t.co/I9lA7lE952\"","in_reply_to_status_id":544348392944463872,"id":544350066635333632,"favorite_count":0,"source":"<a href=\"http://twitter.com/download/android\" rel=\"nofollow\">Twitter for Android</a>","retweeted":false,"coordinates":null,"entities":{"symbols":[],"user_mentions":[{"id":22240612,"indices":[1,15],"id_str":"22240612","screen_name":"AlArabiya_Eng","name":"Al Arabiya English"}],"hashtags":[],"urls":[{"url":"http://t.co/I9lA7lE952","indices":[83,105],"expanded_url":"http://english.alarabiya.net/en/News/middle-east/2014/12/15/Hostage-situation-erupts-in-Sydney-cafe.html","display_url":"english.alarabiya.net/en/News/middle…"}]},"in_reply_to_screen_name":"AlArabiya_Eng","id_str":"544350066635333632","retweet_count":0,"in_reply_to_user_id":22240612,"favorited":false,"user":{"follow_request_sent":false,"profile_use_background_image":true,"profile_text_color":"2BE7F0","default_profile_image":false,"id":245725998,"profile_background_image_url_https":"https://pbs.twimg.com/profile_background_images/455928192407068672/XWjYY9Xw.png","verified":false,"profile_location":null,"profile_image_url_https":"https://pbs.twimg.com/profile_images/585752977668837376/AiqNrTzO_normal.jpg","profile_sidebar_fill_color":"094253","entities":{"url":{"urls":[{"url":"https://t.co/o4ruBZRHqk","indices":[0,23],"expanded_url":"https://www.facebook.com/badruddeen","display_url":"facebook.com/badruddeen"}]},"description":{"urls":[]}},"followers_count":9897,"profile_sidebar_border_color":"FFFFFF","id_str":"245725998","profile_background_color":"C8E9FA","listed_count":59,"is_translation_enabled":false,"utc_offset":18000,"statuses_count":49051,"description":"Peel raw eggs without breaking it. Proud web maven. Web scholar. Travel geek. Problem solver. Social mediaholic. Surfer(internet)","friends_count":8739,"location":"maldives","profile_link_color":"ED0303","profile_image_url":"http://pbs.twimg.com/profile_images/585752977668837376/AiqNrTzO_normal.jpg","following":false,"geo_enabled":false,"profile_banner_url":"https://pbs.twimg.com/profile_banners/245725998/1404752096","profile_background_image_url":"http://pbs.twimg.com/profile_background_images/455928192407068672/XWjYY9Xw.png","name":"Badruddeen","lang":"en","profile_background_tile":true,"favourites_count":6233,"screen_name":"Badruddeen","notifications":false,"url":"https://t.co/o4ruBZRHqk","created_at":"Tue Feb 01 10:09:35 +0000 2011","contributors_enabled":false,"time_zone":"Islamabad","protected":false,"default_profile":false,"is_translator":false},"geo":null,"in_reply_to_user_id_str":"22240612","possibly_sensitive":false,"lang":"en","created_at":"Mon Dec 15 04:35:44 +0000 2014","in_reply_to_status_id_str":"544348392944463872","place":null},
{"contributors":null,"truncated":false,"text":".@AlArabiya_Eng What's wrong with these morons? Islam is a religion of peace. It's not a religion to threat others. I strongly condemn it.","in_reply_to_status_id":544348392944463872,"id":544350805612969985,"favorite_count":3,"source":"<a href=\"http://twitter.com/download/android\" rel=\"nofollow\">Twitter for Android</a>","retweeted":false,"coordinates":null,"entities":{"symbols":[],"user_mentions":[{"id":22240612,"indices":[1,15],"id_str":"22240612","screen_name":"AlArabiya_Eng","name":"Al Arabiya English"}],"hashtags":[],"urls":[]},"in_reply_to_screen_name":"AlArabiya_Eng","id_str":"544350805612969985","retweet_count":2,"in_reply_to_user_id":22240612,"favorited":false,"user":{"follow_request_sent":false,"profile_use_background_image":true,"profile_text_color":"2BE7F0","default_profile_image":false,"id":245725998,"profile_background_image_url_https":"https://pbs.twimg.com/profile_background_images/455928192407068672/XWjYY9Xw.png","verified":false,"profile_location":null,"profile_image_url_https":"https://pbs.twimg.com/profile_images/585752977668837376/AiqNrTzO_normal.jpg","profile_sidebar_fill_color":"094253","entities":{"url":{"urls":[{"url":"https://t.co/o4ruBZRHqk","indices":[0,23],"expanded_url":"https://www.facebook.com/badruddeen","display_url":"facebook.com/badruddeen"}]},"description":{"urls":[]}},"followers_count":9897,"profile_sidebar_border_color":"FFFFFF","id_str":"245725998","profile_background_color":"C8E9FA","listed_count":59,"is_translation_enabled":false,"utc_offset":18000,"statuses_count":49051,"description":"Peel raw eggs without breaking it. Proud web maven. Web scholar. Travel geek. Problem solver. Social mediaholic. Surfer(internet)","friends_count":8739,"location":"maldives","profile_link_color":"ED0303","profile_image_url":"http://pbs.twimg.com/profile_images/585752977668837376/AiqNrTzO_normal.jpg","following":false,"geo_enabled":false,"profile_banner_url":"https://pbs.twimg.com/profile_banners/245725998/1404752096","profile_background_image_url":"http://pbs.twimg.com/profile_background_images/455928192407068672/XWjYY9Xw.png","name":"Badruddeen","lang":"en","profile_background_tile":true,"favourites_count":6233,"screen_name":"Badruddeen","notifications":false,"url":"https://t.co/o4ruBZRHqk","created_at":"Tue Feb 01 10:09:35 +0000 2011","contributors_enabled":false,"time_zone":"Islamabad","protected":false,"default_profile":false,"is_translator":false},"geo":null,"in_reply_to_user_id_str":"22240612","lang":"en","created_at":"Mon Dec 15 04:38:40 +0000 2014","in_reply_to_status_id_str":"544348392944463872","place":null},
{"contributors":null,"truncated":false,"text":"RT @AlArabiya_Eng BREAKING: Australian National Imams Council condemns Sydney siege http://t.co/SdN9E0cgFZ … #sydneysiege","in_reply_to_status_id":544348392944463872,"id":544357656110981120,"favorite_count":0,"source":"<a href=\"http://twitter.com\" rel=\"nofollow\">Twitter Web Client</a>","retweeted":false,"coordinates":null,"entities":{"symbols":[],"user_mentions":[{"id":22240612,"indices":[3,17],"id_str":"22240612","screen_name":"AlArabiya_Eng","name":"Al Arabiya English"}],"hashtags":[{"indices":[109,121],"text":"sydneysiege"}],"urls":[{"url":"http://t.co/SdN9E0cgFZ","indices":[84,106],"expanded_url":"http://english.alarabiya.net/en/News/middle-east/2014/12/15/Hostage-situation-erupts-in-Sydney-cafe.html","display_url":"english.alarabiya.net/en/News/middle…"}]},"in_reply_to_screen_name":"AlArabiya_Eng","id_str":"544357656110981120","retweet_count":0,"in_reply_to_user_id":22240612,"favorited":false,"user":{"follow_request_sent":false,"profile_use_background_image":true,"profile_text_color":"3D1957","default_profile_image":false,"id":2241901423,"profile_background_image_url_https":"https://pbs.twimg.com/profile_background_images/378800000153736525/_pVVMsRx.png","verified":false,"profile_location":null,"profile_image_url_https":"https://pbs.twimg.com/profile_images/432967169538678784/R_g7kDaC_normal.jpeg","profile_sidebar_fill_color":"7AC3EE","entities":{"description":{"urls":[]}},"followers_count":1063,"profile_sidebar_border_color":"000000","id_str":"2241901423","profile_background_color":"642D8B","listed_count":12,"is_translation_enabled":false,"utc_offset":39600,"statuses_count":14476,"description":"Pissed off Marxist feminist; mother, daughter, sister, nurse, unionist.       'Maintain your rage and enthusiasm' Gough Whitlam: Australian PM 1972 - 1975","friends_count":1097,"location":"Melbourne, VIC  AUS","profile_link_color":"ED7913","profile_image_url":"http://pbs.twimg.com/profile_images/432967169538678784/R_g7kDaC_normal.jpeg","following":false,"geo_enabled":false,"profile_banner_url":"https://pbs.twimg.com/profile_banners/2241901423/1413846961","profile_background_image_url":"http://pbs.twimg.com/profile_background_images/378800000153736525/_pVVMsRx.png","name":"VegemiteBlues","lang":"en","profile_background_tile":true,"favourites_count":7834,"screen_name":"vegemite_blues","notifications":false,"url":null,"created_at":"Thu Dec 12 06:13:55 +0000 2013","contributors_enabled":false,"time_zone":"Melbourne","protected":false,"default_profile":false,"is_translator":false},"geo":null,"in_reply_to_user_id_str":"22240612","possibly_sensitive":false,"lang":"en","created_at":"Mon Dec 15 05:05:53 +0000 2014","in_reply_to_status_id_str":"544348392944463872","place":null},
{"contributors":null,"truncated":false,"text":"Sadly, expect the usual folks to note this &amp; the usual folks to not @AlArabiya_Eng: Australian National Imams Council condemns Sydney siege","in_reply_to_status_id":544348392944463872,"id":544358302977495041,"favorite_count":3,"source":"<a href=\"http://twitter.com/#!/download/ipad\" rel=\"nofollow\">Twitter for iPad</a>","retweeted":false,"coordinates":null,"entities":{"symbols":[],"user_mentions":[{"id":22240612,"indices":[72,86],"id_str":"22240612","screen_name":"AlArabiya_Eng","name":"Al Arabiya English"}],"hashtags":[],"urls":[]},"in_reply_to_screen_name":"AlArabiya_Eng","id_str":"544358302977495041","retweet_count":3,"in_reply_to_user_id":22240612,"favorited":false,"user":{"follow_request_sent":false,"profile_use_background_image":true,"profile_text_color":"333333","default_profile_image":false,"id":58743465,"profile_background_image_url_https":"https://pbs.twimg.com/profile_background_images/446155475348750336/oeJvFbZA.jpeg","verified":false,"profile_location":null,"profile_image_url_https":"https://pbs.twimg.com/profile_images/1710579644/brooklynbladespanorama_normal.jpg","profile_sidebar_fill_color":"C0DFEC","entities":{"description":{"urls":[]}},"followers_count":1014,"profile_sidebar_border_color":"000000","id_str":"58743465","profile_background_color":"022330","listed_count":16,"is_translation_enabled":false,"utc_offset":46800,"statuses_count":4185,"description":"NZer. Politically, shades of Blue, Green and Red. Opinions my own & they're subjectively objective. RT may not ≠ endorsement","friends_count":1996,"location":"Wellington, NZ","profile_link_color":"0084B4","profile_image_url":"http://pbs.twimg.com/profile_images/1710579644/brooklynbladespanorama_normal.jpg","following":false,"geo_enabled":true,"profile_banner_url":"https://pbs.twimg.com/profile_banners/58743465/1394707428","profile_background_image_url":"http://pbs.twimg.com/profile_background_images/446155475348750336/oeJvFbZA.jpeg","name":"Rahul","lang":"en","profile_background_tile":true,"favourites_count":184,"screen_name":"Rahul_nz","notifications":false,"url":null,"created_at":"Tue Jul 21 08:31:21 +0000 2009","contributors_enabled":false,"time_zone":"Wellington","protected":false,"default_profile":false,"is_translator":false},"geo":null,"in_reply_to_user_id_str":"22240612","lang":"en","created_at":"Mon Dec 15 05:08:27 +0000 2014","in_reply_to_status_id_str":"544348392944463872","place":null},
{"contributors":null,"truncated":false,"text":"@Badruddeen @CramerDon @AlArabiya_Eng 1994 - How to Create an \"Islamic Enemy\" - http://t.co/mzxzVWDkH1","in_reply_to_status_id":544350805612969985,"id":544358703898435584,"favorite_count":0,"source":"<a href=\"https://dev.twitter.com/docs/tfw\" rel=\"nofollow\">Twitter for Websites</a>","retweeted":false,"coordinates":null,"entities":{"symbols":[],"user_mentions":[{"id":245725998,"indices":[0,11],"id_str":"245725998","screen_name":"Badruddeen","name":"Badruddeen"},{"id":1605800497,"indices":[12,22],"id_str":"1605800497","screen_name":"CramerDon","name":"Don Cramer"},{"id":22240612,"indices":[23,37],"id_str":"22240612","screen_name":"AlArabiya_Eng","name":"Al Arabiya English"}],"hashtags":[],"urls":[{"url":"http://t.co/mzxzVWDkH1","indices":[80,102],"expanded_url":"http://www.thenewamerican.com/usnews/foreign-policy/item/18747-how-to-create-an-islamic-enemy","display_url":"thenewamerican.com/usnews/foreign…"}]},"in_reply_to_screen_name":"Badruddeen","id_str":"544358703898435584","retweet_count":0,"in_reply_to_user_id":245725998,"favorited":false,"user":{"follow_request_sent":false,"profile_use_background_image":true,"profile_text_color":"333333","default_profile_image":false,"id":503203687,"profile_background_image_url_https":"https://abs.twimg.com/images/themes/theme1/bg.png","verified":false,"profile_location":null,"profile_image_url_https":"https://pbs.twimg.com/profile_images/562025340571115521/IBI1YqeZ_normal.png","profile_sidebar_fill_color":"DDEEF6","entities":{"url":{"urls":[{"url":"http://t.co/ZeH9wXzQgk","indices":[0,22],"expanded_url":"http://Stop21Texas.com","display_url":"Stop21Texas.com"}]},"description":{"urls":[]}},"followers_count":280,"profile_sidebar_border_color":"C0DEED","id_str":"503203687","profile_background_color":"C0DEED","listed_count":21,"is_translation_enabled":false,"utc_offset":null,"statuses_count":2198,"description":"Stop Agenda 21 in Texas - Kick the United Nations Out!","friends_count":53,"location":"Houston, Texas","profile_link_color":"0084B4","profile_image_url":"http://pbs.twimg.com/profile_images/562025340571115521/IBI1YqeZ_normal.png","following":false,"geo_enabled":false,"profile_background_image_url":"http://abs.twimg.com/images/themes/theme1/bg.png","name":"Stop Agenda 21 Texas","lang":"en","profile_background_tile":false,"favourites_count":25,"screen_name":"StopAgenda21TX","notifications":false,"url":"http://t.co/ZeH9wXzQgk","created_at":"Sat Feb 25 16:08:02 +0000 2012","contributors_enabled":false,"time_zone":null,"protected":false,"default_profile":true,"is_translator":false},"geo":null,"in_reply_to_user_id_str":"245725998","possibly_sensitive":false,"lang":"en","created_at":"Mon Dec 15 05:10:03 +0000 2014","in_reply_to_status_id_str":"544350805612969985","place":null},
{"contributors":null,"truncated":false,"text":"Imams &amp; AlArab can f**k themselves. “@AlArabiya_Eng: BREAKG: Australian National Imams Council condemns Sydney siege http://t.co/TqNjAu0PtY”","in_reply_to_status_id":544348392944463872,"id":544370288897425408,"favorite_count":0,"source":"<a href=\"http://twitter.com/download/iphone\" rel=\"nofollow\">Twitter for iPhone</a>","retweeted":false,"coordinates":{"type":"Point","coordinates":[151.19766596,-33.83657121]},"entities":{"symbols":[],"user_mentions":[{"id":22240612,"indices":[41,55],"id_str":"22240612","screen_name":"AlArabiya_Eng","name":"Al Arabiya English"}],"hashtags":[],"urls":[{"url":"http://t.co/TqNjAu0PtY","indices":[121,143],"expanded_url":"http://english.alarabiya.net/en/News/middle-east/2014/12/15/Hostage-situation-erupts-in-Sydney-cafe.html","display_url":"english.alarabiya.net/en/News/middle…"}]},"in_reply_to_screen_name":"AlArabiya_Eng","id_str":"544370288897425408","retweet_count":0,"in_reply_to_user_id":22240612,"favorited":false,"user":{"follow_request_sent":false,"profile_use_background_image":true,"profile_text_color":"333333","default_profile_image":false,"id":243495444,"profile_background_image_url_https":"https://abs.twimg.com/images/themes/theme1/bg.png","verified":false,"profile_location":null,"profile_image_url_https":"https://pbs.twimg.com/profile_images/1465829622/hammock_normal.jpg","profile_sidebar_fill_color":"DDEEF6","entities":{"url":{"urls":[{"url":"http://t.co/XUBuMRyIT0","indices":[0,22],"expanded_url":"http://www.techspeaker.com","display_url":"techspeaker.com"}]},"description":{"urls":[]}},"followers_count":29,"profile_sidebar_border_color":"C0DEED","id_str":"243495444","profile_background_color":"C0DEED","listed_count":3,"is_translation_enabled":false,"utc_offset":39600,"statuses_count":727,"description":"Editor, author, shell-shocked TV quiz show winner.","friends_count":79,"location":"Sydney, Australia","profile_link_color":"0084B4","profile_image_url":"http://pbs.twimg.com/profile_images/1465829622/hammock_normal.jpg","following":false,"geo_enabled":true,"profile_banner_url":"https://pbs.twimg.com/profile_banners/243495444/1415843946","profile_background_image_url":"http://abs.twimg.com/images/themes/theme1/bg.png","name":"William Laing","lang":"en","profile_background_tile":false,"favourites_count":73,"screen_name":"William_Laing","notifications":false,"url":"http://t.co/XUBuMRyIT0","created_at":"Thu Jan 27 04:56:02 +0000 2011","contributors_enabled":false,"time_zone":"New Caledonia","protected":false,"default_profile":true,"is_translator":false},"geo":{"type":"Point","coordinates":[-33.83657121,151.19766596]},"in_reply_to_user_id_str":"22240612","possibly_sensitive":false,"lang":"en","created_at":"Mon Dec 15 05:56:05 +0000 2014","in_reply_to_status_id_str":"544348392944463872","place":{"full_name":"Sydney, New South Wales","url":"https://api.twitter.com/1.1/geo/id/0073b76548e5984f.json","country":"Australia","place_type":"city","bounding_box":{"type":"Polygon","coordinates":[[[150.520928608,-34.1183470085],[151.343020992,-34.1183470085],[151.343020992,-33.578140996],[150.520928608,-33.578140996]]]},"contained_within":[],"country_code":"AU","attributes":{},"id":"0073b76548e5984f","name":"Sydney"}}
]