[{"contributors":null,"truncated":false,"text":"@TheAnonMessage released or escaped?","in_reply_to_status_id":544353303468199936,"id":544353750068908032,"favorite_count":0,"source":"<a href=\"http://twitter.com\" rel=\"nofollow\">Twitter Web Client</a>","retweeted":false,"coordinates":null,"entities":{"symbols":[],"user_mentions":[{"id":423662810,"indices":[0,15],"id_str":"423662810","screen_name":"TheAnonMessage","name":"TheAnonMessage"}],"hashtags":[],"urls":[]},"in_reply_to_screen_name":"TheAnonMessage","id_str":"544353750068908032","retweet_count":0,"in_reply_to_user_id":423662810,"favorited":false,"user":{"follow_request_sent":false,"profile_use_background_image":true,"profile_text_color":"000000","default_profile_image":false,"id":8754802,"profile_background_image_url_https":"https://pbs.twimg.com/profile_background_images/467116542/Tiger_big.jpg","verified":false,"profile_location":null,"profile_image_url_https":"https://pbs.twimg.com/profile_images/539954070572654593/DCAGaUoO_normal.jpeg","profile_sidebar_fill_color":"0C2861","entities":{"description":{"urls":[]}},"followers_count":657,"profile_sidebar_border_color":"000000","id_str":"8754802","profile_background_color":"050505","listed_count":11,"is_translation_enabled":false,"utc_offset":-25200,"statuses_count":19930,"description":"Camera toting, tree hugging dirt worshiper.  If you cut me I bleed Black and Gold!   *Burgh Verified*","friends_count":547,"location":"Arizona","profile_link_color":"1FDB96","profile_image_url":"http://pbs.twimg.com/profile_images/539954070572654593/DCAGaUoO_normal.jpeg","following":false,"geo_enabled":false,"profile_banner_url":"https://pbs.twimg.com/profile_banners/8754802/1408916687","profile_background_image_url":"http://pbs.twimg.com/profile_background_images/467116542/Tiger_big.jpg","name":"Stephanie T","lang":"en","profile_background_tile":false,"favourites_count":5306,"screen_name":"StephanieT313","notifications":false,"url":null,"created_at":"Sat Sep 08 23:49:14 +0000 2007","contributors_enabled":false,"time_zone":"Arizona","protected":false,"default_profile":false,"is_translator":false},"geo":null,"in_reply_to_user_id_str":"423662810","lang":"en","created_at":"Mon Dec 15 04:50:22 +0000 2014","in_reply_to_status_id_str":"544353303468199936","place":null},
{"contributors":null,"truncated":false,"text":"@TheAnonMessage http://t.co/QmgulquObV STOP THE VIOLENCE BY &amp; AGAINST YOUTH, POLICE &amp; ALL OTHERS! http://t.co/OXYD5vwsYF","in_reply_to_status_id":544353303468199936,"id":544353958639050752,"favorite_count":0,"source":"<a href=\"http://twitter.com\" rel=\"nofollow\">Twitter Web Client</a>","retweeted":false,"coordinates":null,"entities":{"symbols":[],"user_mentions":[{"id":423662810,"indices":[0,15],"id_str":"423662810","screen_name":"TheAnonMessage","name":"TheAnonMessage"}],"hashtags":[],"urls":[{"url":"http://t.co/QmgulquObV","indices":[16,38],"expanded_url":"http://www.amazon.com.au/Youth-Violence-International-Crisis-Cousineau-ebook/dp/B00GP3456Q/ref=sr_1_1?ie=UTF8&qid=1418618795&sr=8-1&keywords=youth+violence+an+international+crisis","display_url":"amazon.com.au/Youth-Violence…"}],"media":[{"expanded_url":"http://twitter.com/canadainfonow/status/544353958639050752/photo/1","display_url":"pic.twitter.com/OXYD5vwsYF","url":"http://t.co/OXYD5vwsYF","media_url_https":"https://pbs.twimg.com/media/B43vCnhCcAA76f-.jpg","id_str":"544353958228029440","sizes":{"small":{"h":280,"resize":"fit","w":280},"large":{"h":280,"resize":"fit","w":280},"medium":{"h":280,"resize":"fit","w":280},"thumb":{"h":150,"resize":"crop","w":150}},"indices":[106,128],"type":"photo","id":544353958228029440,"media_url":"http://pbs.twimg.com/media/B43vCnhCcAA76f-.jpg"}]},"in_reply_to_screen_name":"TheAnonMessage","id_str":"544353958639050752","retweet_count":0,"in_reply_to_user_id":423662810,"favorited":false,"user":{"follow_request_sent":false,"profile_use_background_image":true,"profile_text_color":"333333","default_profile_image":false,"id":2734020596,"profile_background_image_url_https":"https://abs.twimg.com/images/themes/theme1/bg.png","verified":false,"profile_location":null,"profile_image_url_https":"https://pbs.twimg.com/profile_images/500206452145782788/5-vWudEf_normal.jpeg","profile_sidebar_fill_color":"DDEEF6","entities":{"description":{"urls":[]}},"followers_count":60,"profile_sidebar_border_color":"C0DEED","id_str":"2734020596","profile_background_color":"C0DEED","listed_count":0,"is_translation_enabled":false,"utc_offset":null,"statuses_count":992,"description":"When you stop learning, you stop living.","friends_count":843,"location":"","profile_link_color":"0084B4","profile_image_url":"http://pbs.twimg.com/profile_images/500206452145782788/5-vWudEf_normal.jpeg","following":false,"geo_enabled":false,"profile_background_image_url":"http://abs.twimg.com/images/themes/theme1/bg.png","name":"JW Cousineau","lang":"en","profile_background_tile":false,"favourites_count":27,"screen_name":"canadainfonow","notifications":false,"url":null,"created_at":"Fri Aug 15 08:45:33 +0000 2014","contributors_enabled":false,"time_zone":null,"protected":false,"default_profile":true,"is_translator":false},"geo":null,"in_reply_to_user_id_str":"423662810","possibly_sensitive":false,"lang":"en","created_at":"Mon Dec 15 04:51:12 +0000 2014","in_reply_to_status_id_str":"544353303468199936","place":null,"extended_entities":{"media":[{"expanded_url":"http://twitter.com/canadainfonow/status/544353958639050752/photo/1","display_url":"pic.twitter.com/OXYD5vwsYF","url":"http://t.co/OXYD5vwsYF","media_url_https":"https://pbs.twimg.com/media/B43vCnhCcAA76f-.jpg","id_str":"544353958228029440","sizes":{"small":{"h":280,"resize":"fit","w":280},"large":{"h":280,"resize":"fit","w":280},"medium":{"h":280,"resize":"fit","w":280},"thumb":{"h":150,"resize":"crop","w":150}},"indices":[106,128],"type":"photo","id":544353958228029440,"media_url":"http://pbs.twimg.com/media/B43vCnhCcAA76f-.jpg"}]}}
]