[{"contributors":null,"truncated":false,"text":"@simoncrerar @jennijenni charming folk...","in_reply_to_status_id":544317165965303808,"id":544317590403706880,"favorite_count":0,"source":"<a href=\"http://twitter.com/download/iphone\" rel=\"nofollow\">Twitter for iPhone</a>","retweeted":false,"coordinates":null,"entities":{"symbols":[],"user_mentions":[{"id":4033561,"indices":[0,12],"id_str":"4033561","screen_name":"simoncrerar","name":"Simon Crerar"},{"id":14264830,"indices":[13,24],"id_str":"14264830","screen_name":"jennijenni","name":"Jen Ryall"}],"hashtags":[],"urls":[]},"in_reply_to_screen_name":"simoncrerar","id_str":"544317590403706880","retweet_count":0,"in_reply_to_user_id":4033561,"favorited":false,"user":{"follow_request_sent":false,"profile_use_background_image":true,"profile_text_color":"666666","default_profile_image":false,"id":23039146,"profile_background_image_url_https":"https://pbs.twimg.com/profile_background_images/28891495/newspaper_sml.jpg","verified":false,"profile_location":null,"profile_image_url_https":"https://pbs.twimg.com/profile_images/533064074158813184/5Zi85rqP_normal.jpeg","profile_sidebar_fill_color":"262924","entities":{"url":{"urls":[{"url":"http://t.co/LeDXq3vdim","indices":[0,22],"expanded_url":"http://www.9news.com.au","display_url":"9news.com.au"}]},"description":{"urls":[]}},"followers_count":1355,"profile_sidebar_border_color":"1C1619","id_str":"23039146","profile_background_color":"1A1B1F","listed_count":68,"is_translation_enabled":false,"utc_offset":39600,"statuses_count":5429,"description":"Ladies' man, man's man, man about town. Online producer at Ch 9 News. Newspaper-type, newshound, meerkat impersonator.","friends_count":1236,"location":"Sydney, Australia","profile_link_color":"EDA12F","profile_image_url":"http://pbs.twimg.com/profile_images/533064074158813184/5Zi85rqP_normal.jpeg","following":false,"geo_enabled":false,"profile_banner_url":"https://pbs.twimg.com/profile_banners/23039146/1360722732","profile_background_image_url":"http://pbs.twimg.com/profile_background_images/28891495/newspaper_sml.jpg","name":"Tyron Butson","lang":"en","profile_background_tile":true,"favourites_count":5,"screen_name":"tbutson","notifications":false,"url":"http://t.co/LeDXq3vdim","created_at":"Fri Mar 06 06:36:23 +0000 2009","contributors_enabled":false,"time_zone":"Sydney","protected":false,"default_profile":false,"is_translator":false},"geo":null,"in_reply_to_user_id_str":"4033561","lang":"en","created_at":"Mon Dec 15 02:26:41 +0000 2014","in_reply_to_status_id_str":"544317165965303808","place":null},
{"contributors":null,"truncated":false,"text":"@simoncrerar @BuzzFeedOz @jennijenni What the actual fuck?","in_reply_to_status_id":544317165965303808,"id":544318235785445377,"favorite_count":0,"source":"<a href=\"http://twitter.com\" rel=\"nofollow\">Twitter Web Client</a>","retweeted":false,"coordinates":null,"entities":{"symbols":[],"user_mentions":[{"id":4033561,"indices":[0,12],"id_str":"4033561","screen_name":"simoncrerar","name":"Simon Crerar"},{"id":1855737487,"indices":[13,24],"id_str":"1855737487","screen_name":"BuzzFeedOz","name":"BuzzFeed Australia"},{"id":14264830,"indices":[25,36],"id_str":"14264830","screen_name":"jennijenni","name":"Jen Ryall"}],"hashtags":[],"urls":[]},"in_reply_to_screen_name":"simoncrerar","id_str":"544318235785445377","retweet_count":0,"in_reply_to_user_id":4033561,"favorited":false,"user":{"follow_request_sent":false,"profile_use_background_image":true,"profile_text_color":"333333","default_profile_image":false,"id":14140257,"profile_background_image_url_https":"https://pbs.twimg.com/profile_background_images/169717865/kathleen-byron_115117t.jpg","verified":false,"profile_location":null,"profile_image_url_https":"https://pbs.twimg.com/profile_images/585220662937067521/aA8ja353_normal.jpg","profile_sidebar_fill_color":"FFFFFF","entities":{"description":{"urls":[]}},"followers_count":433,"profile_sidebar_border_color":"FFFFFF","id_str":"14140257","profile_background_color":"AD312D","listed_count":6,"is_translation_enabled":false,"utc_offset":46800,"statuses_count":9939,"description":"Irish guy living in New Zealand. Can usually be found at the bottom of an Espresso Martini. Snapchat- leonopolpus Instagram - leonopolous","friends_count":924,"location":"Auckland","profile_link_color":"020D14","profile_image_url":"http://pbs.twimg.com/profile_images/585220662937067521/aA8ja353_normal.jpg","following":false,"geo_enabled":true,"profile_banner_url":"https://pbs.twimg.com/profile_banners/14140257/1407832114","profile_background_image_url":"http://pbs.twimg.com/profile_background_images/169717865/kathleen-byron_115117t.jpg","name":"Noël Downey","lang":"en","profile_background_tile":true,"favourites_count":2685,"screen_name":"ledow","notifications":false,"url":null,"created_at":"Thu Mar 13 15:51:08 +0000 2008","contributors_enabled":false,"time_zone":"Auckland","protected":false,"default_profile":false,"is_translator":false},"geo":null,"in_reply_to_user_id_str":"4033561","lang":"en","created_at":"Mon Dec 15 02:29:15 +0000 2014","in_reply_to_status_id_str":"544317165965303808","place":null},
{"contributors":null,"truncated":false,"text":"@ledow @simoncrerar @BuzzFeedOz @jennijenni guys guys, its an automated system that adjusts to demand. Give them time to fix","in_reply_to_status_id":544318235785445377,"id":544318640300904449,"favorite_count":0,"source":"<a href=\"http://twitter.com\" rel=\"nofollow\">Twitter Web Client</a>","retweeted":false,"coordinates":null,"entities":{"symbols":[],"user_mentions":[{"id":14140257,"indices":[0,6],"id_str":"14140257","screen_name":"ledow","name":"Noël Downey"},{"id":4033561,"indices":[7,19],"id_str":"4033561","screen_name":"simoncrerar","name":"Simon Crerar"},{"id":1855737487,"indices":[20,31],"id_str":"1855737487","screen_name":"BuzzFeedOz","name":"BuzzFeed Australia"},{"id":14264830,"indices":[32,43],"id_str":"14264830","screen_name":"jennijenni","name":"Jen Ryall"}],"hashtags":[],"urls":[]},"in_reply_to_screen_name":"ledow","id_str":"544318640300904449","retweet_count":0,"in_reply_to_user_id":14140257,"favorited":false,"user":{"follow_request_sent":false,"profile_use_background_image":true,"profile_text_color":"333333","default_profile_image":false,"id":629857366,"profile_background_image_url_https":"https://abs.twimg.com/images/themes/theme1/bg.png","verified":false,"profile_location":null,"profile_image_url_https":"https://pbs.twimg.com/profile_images/378800000306849902/bc7e61212f2945681f89959dd245553e_normal.png","profile_sidebar_fill_color":"DDEEF6","entities":{"description":{"urls":[]}},"followers_count":522,"profile_sidebar_border_color":"C0DEED","id_str":"629857366","profile_background_color":"C0DEED","listed_count":15,"is_translation_enabled":false,"utc_offset":39600,"statuses_count":37866,"description":"I tweet about games, politics and football. All tweets are my own. FFA Football referee. Centrist","friends_count":634,"location":"","profile_link_color":"0084B4","profile_image_url":"http://pbs.twimg.com/profile_images/378800000306849902/bc7e61212f2945681f89959dd245553e_normal.png","following":false,"geo_enabled":false,"profile_background_image_url":"http://abs.twimg.com/images/themes/theme1/bg.png","name":"Chocobonbon","lang":"en","profile_background_tile":false,"favourites_count":2398,"screen_name":"noreasonspec","notifications":false,"url":null,"created_at":"Sun Jul 08 03:11:05 +0000 2012","contributors_enabled":false,"time_zone":"New Caledonia","protected":false,"default_profile":true,"is_translator":false},"geo":null,"in_reply_to_user_id_str":"14140257","lang":"en","created_at":"Mon Dec 15 02:30:51 +0000 2014","in_reply_to_status_id_str":"544318235785445377","place":null},
{"contributors":null,"truncated":false,"text":"@simoncrerar @BuzzFeedOz @jennijenni Absolutely ABSURD! @Uber how can you take advantage of people trying to get to safety at this time??","in_reply_to_status_id":544317165965303808,"id":544319328435195904,"favorite_count":0,"source":"<a href=\"http://twitter.com\" rel=\"nofollow\">Twitter Web Client</a>","retweeted":false,"coordinates":null,"entities":{"symbols":[],"user_mentions":[{"id":4033561,"indices":[0,12],"id_str":"4033561","screen_name":"simoncrerar","name":"Simon Crerar"},{"id":1855737487,"indices":[13,24],"id_str":"1855737487","screen_name":"BuzzFeedOz","name":"BuzzFeed Australia"},{"id":14264830,"indices":[25,36],"id_str":"14264830","screen_name":"jennijenni","name":"Jen Ryall"},{"id":19103481,"indices":[56,61],"id_str":"19103481","screen_name":"Uber","name":"Uber"}],"hashtags":[],"urls":[]},"in_reply_to_screen_name":"simoncrerar","id_str":"544319328435195904","retweet_count":0,"in_reply_to_user_id":4033561,"favorited":false,"user":{"follow_request_sent":false,"profile_use_background_image":true,"profile_text_color":"333333","default_profile_image":false,"id":15377421,"profile_background_image_url_https":"https://abs.twimg.com/images/themes/theme18/bg.gif","verified":false,"profile_location":null,"profile_image_url_https":"https://pbs.twimg.com/profile_images/505096182230552576/y9RbxOKF_normal.jpeg","profile_sidebar_fill_color":"DDEEF6","entities":{"url":{"urls":[{"url":"https://t.co/Zq5ihyYbT9","indices":[0,23],"expanded_url":"https://medium.com/@AshleyGross","display_url":"medium.com/@AshleyGross"}]},"description":{"urls":[]}},"followers_count":1121,"profile_sidebar_border_color":"FFFFFF","id_str":"15377421","profile_background_color":"DCB3E6","listed_count":57,"is_translation_enabled":false,"utc_offset":-18000,"statuses_count":12152,"description":"Pint-sized, Eternal Cheerleader. Yogi. Customer Success Manager. #Baker. Follower of Christ. And always in transition becoming a better version of myself...","friends_count":746,"location":"Sydney, Australia","profile_link_color":"6B0485","profile_image_url":"http://pbs.twimg.com/profile_images/505096182230552576/y9RbxOKF_normal.jpeg","following":false,"geo_enabled":false,"profile_banner_url":"https://pbs.twimg.com/profile_banners/15377421/1409259589","profile_background_image_url":"http://abs.twimg.com/images/themes/theme18/bg.gif","name":"Ashley Gross","lang":"en","profile_background_tile":false,"favourites_count":686,"screen_name":"AshleyGross","notifications":false,"url":"https://t.co/Zq5ihyYbT9","created_at":"Thu Jul 10 13:41:34 +0000 2008","contributors_enabled":false,"time_zone":"Quito","protected":false,"default_profile":false,"is_translator":false},"geo":null,"in_reply_to_user_id_str":"4033561","lang":"en","created_at":"Mon Dec 15 02:33:35 +0000 2014","in_reply_to_status_id_str":"544317165965303808","place":null},
{"contributors":null,"truncated":false,"text":"😳 “@simoncrerar: Uber introduces $100 minimum surge pricing during #SydneySiege http://t.co/i09kUPvz3C @jennijenni http://t.co/Fxz5n07vSr”","in_reply_to_status_id":544317165965303808,"id":544319673538334720,"favorite_count":1,"source":"<a href=\"http://twitter.com/download/iphone\" rel=\"nofollow\">Twitter for iPhone</a>","retweeted":false,"coordinates":null,"entities":{"symbols":[],"user_mentions":[{"id":4033561,"indices":[3,15],"id_str":"4033561","screen_name":"simoncrerar","name":"Simon Crerar"},{"id":14264830,"indices":[103,114],"id_str":"14264830","screen_name":"jennijenni","name":"Jen Ryall"}],"hashtags":[{"indices":[67,79],"text":"SydneySiege"}],"urls":[{"url":"http://t.co/i09kUPvz3C","indices":[80,102],"expanded_url":"http://mashable.com/2014/12/14/uber-sydney-surge-pricing","display_url":"mashable.com/2014/12/14/ube…"}],"media":[{"source_user_id":4033561,"source_status_id_str":"544317165965303808","expanded_url":"http://twitter.com/simoncrerar/status/544317165965303808/photo/1","display_url":"pic.twitter.com/Fxz5n07vSr","url":"http://t.co/Fxz5n07vSr","media_url_https":"https://pbs.twimg.com/media/B43Nk-OCMAAQTx9.jpg","source_user_id_str":"4033561","source_status_id":544317165965303808,"id_str":"544317165042544640","sizes":{"small":{"h":275,"resize":"fit","w":340},"large":{"h":830,"resize":"fit","w":1024},"medium":{"h":486,"resize":"fit","w":600},"thumb":{"h":150,"resize":"crop","w":150}},"indices":[115,137],"type":"photo","id":544317165042544640,"media_url":"http://pbs.twimg.com/media/B43Nk-OCMAAQTx9.jpg"}]},"in_reply_to_screen_name":"simoncrerar","id_str":"544319673538334720","retweet_count":4,"in_reply_to_user_id":4033561,"favorited":false,"user":{"follow_request_sent":false,"profile_use_background_image":true,"profile_text_color":"333333","default_profile_image":false,"id":2502895924,"profile_background_image_url_https":"https://abs.twimg.com/images/themes/theme1/bg.png","verified":false,"profile_location":null,"profile_image_url_https":"https://pbs.twimg.com/profile_images/533800853769957376/HZBHZ2k0_normal.jpeg","profile_sidebar_fill_color":"DDEEF6","entities":{"description":{"urls":[]}},"followers_count":9831,"profile_sidebar_border_color":"C0DEED","id_str":"2502895924","profile_background_color":"C0DEED","listed_count":145,"is_translation_enabled":false,"utc_offset":null,"statuses_count":49761,"description":"Politics. Wine. Animals. TEXAS. Backup is @blastedchrome. Conservative, vegan, concealed carrier. #2A #IStandWithIsrael #Kurds #Peshmerga #Yezidi ن Anti-Daesh","friends_count":8894,"location":"","profile_link_color":"0084B4","profile_image_url":"http://pbs.twimg.com/profile_images/533800853769957376/HZBHZ2k0_normal.jpeg","following":false,"geo_enabled":false,"profile_banner_url":"https://pbs.twimg.com/profile_banners/2502895924/1408043461","profile_background_image_url":"http://abs.twimg.com/images/themes/theme1/bg.png","name":"JewishJihadi™","lang":"en","profile_background_tile":false,"favourites_count":30109,"screen_name":"blastedsilver","notifications":false,"url":null,"created_at":"Wed Apr 23 00:33:48 +0000 2014","contributors_enabled":false,"time_zone":null,"protected":false,"default_profile":true,"is_translator":false},"geo":null,"in_reply_to_user_id_str":"4033561","possibly_sensitive":false,"lang":"en","created_at":"Mon Dec 15 02:34:57 +0000 2014","in_reply_to_status_id_str":"544317165965303808","place":null,"extended_entities":{"media":[{"source_user_id":4033561,"source_status_id_str":"544317165965303808","expanded_url":"http://twitter.com/simoncrerar/status/544317165965303808/photo/1","display_url":"pic.twitter.com/Fxz5n07vSr","url":"http://t.co/Fxz5n07vSr","media_url_https":"https://pbs.twimg.com/media/B43Nk-OCMAAQTx9.jpg","source_user_id_str":"4033561","source_status_id":544317165965303808,"id_str":"544317165042544640","sizes":{"small":{"h":275,"resize":"fit","w":340},"large":{"h":830,"resize":"fit","w":1024},"medium":{"h":486,"resize":"fit","w":600},"thumb":{"h":150,"resize":"crop","w":150}},"indices":[115,137],"type":"photo","id":544317165042544640,"media_url":"http://pbs.twimg.com/media/B43Nk-OCMAAQTx9.jpg"}]}},
{"contributors":null,"truncated":false,"text":"@simoncrerar @jennijenni @WeAreAustralia it is an automated algorithm.","in_reply_to_status_id":544317165965303808,"id":544321138973609984,"favorite_count":0,"source":"<a href=\"http://tapbots.com/tweetbot\" rel=\"nofollow\">Tweetbot for iΟS</a>","retweeted":false,"coordinates":null,"entities":{"symbols":[],"user_mentions":[{"id":4033561,"indices":[0,12],"id_str":"4033561","screen_name":"simoncrerar","name":"Simon Crerar"},{"id":14264830,"indices":[13,24],"id_str":"14264830","screen_name":"jennijenni","name":"Jen Ryall"},{"id":467004431,"indices":[25,40],"id_str":"467004431","screen_name":"WeAreAustralia","name":"Chris/Australia"}],"hashtags":[],"urls":[]},"in_reply_to_screen_name":"simoncrerar","id_str":"544321138973609984","retweet_count":0,"in_reply_to_user_id":4033561,"favorited":false,"user":{"follow_request_sent":false,"profile_use_background_image":true,"profile_text_color":"333333","default_profile_image":false,"id":15080202,"profile_background_image_url_https":"https://pbs.twimg.com/profile_background_images/685181178/81af08d14a726053fc6ce616b0b32818.jpeg","verified":false,"profile_location":null,"profile_image_url_https":"https://pbs.twimg.com/profile_images/512928621070016512/a6p6Sqka_normal.jpeg","profile_sidebar_fill_color":"BDC7C6","entities":{"url":{"urls":[{"url":"http://t.co/TOYFsQa8SC","indices":[0,22],"expanded_url":"http://gen.erikveland.com/","display_url":"gen.erikveland.com"}]},"description":{"urls":[]}},"followers_count":2657,"profile_sidebar_border_color":"FFFFFF","id_str":"15080202","profile_background_color":"010101","listed_count":173,"is_translation_enabled":false,"utc_offset":36000,"statuses_count":86062,"description":"He came down from the north\r\nBlue hands and a torch\r\nRed wine and food for free\r\nA possibility","friends_count":1054,"location":"Brisbane, QLD","profile_link_color":"0B6483","profile_image_url":"http://pbs.twimg.com/profile_images/512928621070016512/a6p6Sqka_normal.jpeg","following":false,"geo_enabled":true,"profile_banner_url":"https://pbs.twimg.com/profile_banners/15080202/1398255858","profile_background_image_url":"http://pbs.twimg.com/profile_background_images/685181178/81af08d14a726053fc6ce616b0b32818.jpeg","name":"GenErik","lang":"en","profile_background_tile":false,"favourites_count":307,"screen_name":"ErikVeland","notifications":false,"url":"http://t.co/TOYFsQa8SC","created_at":"Wed Jun 11 01:44:34 +0000 2008","contributors_enabled":false,"time_zone":"Brisbane","protected":false,"default_profile":false,"is_translator":false},"geo":null,"in_reply_to_user_id_str":"4033561","lang":"en","created_at":"Mon Dec 15 02:40:47 +0000 2014","in_reply_to_status_id_str":"544317165965303808","place":{"full_name":"Fortitude Valley, Brisbane","url":"https://api.twitter.com/1.1/geo/id/0721aaab958adf7f.json","country":"Australia","place_type":"neighborhood","bounding_box":{"type":"Polygon","coordinates":[[[153.02739888,-27.46521702],[153.04322484,-27.46521702],[153.04322484,-27.44937297],[153.02739888,-27.44937297]]]},"contained_within":[],"country_code":"AU","attributes":{},"id":"0721aaab958adf7f","name":"Fortitude Valley"}},
{"contributors":null,"truncated":false,"text":"@simoncrerar @BuzzFeedOz @jennijenni Grossssss","in_reply_to_status_id":544317165965303808,"id":544321723785809920,"favorite_count":0,"source":"<a href=\"http://twitter.com\" rel=\"nofollow\">Twitter Web Client</a>","retweeted":false,"coordinates":null,"entities":{"symbols":[],"user_mentions":[{"id":4033561,"indices":[0,12],"id_str":"4033561","screen_name":"simoncrerar","name":"Simon Crerar"},{"id":1855737487,"indices":[13,24],"id_str":"1855737487","screen_name":"BuzzFeedOz","name":"BuzzFeed Australia"},{"id":14264830,"indices":[25,36],"id_str":"14264830","screen_name":"jennijenni","name":"Jen Ryall"}],"hashtags":[],"urls":[]},"in_reply_to_screen_name":"simoncrerar","id_str":"544321723785809920","retweet_count":0,"in_reply_to_user_id":4033561,"favorited":false,"user":{"follow_request_sent":false,"profile_use_background_image":true,"profile_text_color":"333333","default_profile_image":false,"id":15430237,"profile_background_image_url_https":"https://pbs.twimg.com/profile_background_images/378800000052869633/175fce51ddd3963ae32c2992a3c79138.jpeg","verified":false,"profile_location":null,"profile_image_url_https":"https://pbs.twimg.com/profile_images/1803933954/nellie_twitter_normal.jpg","profile_sidebar_fill_color":"F6F6F6","entities":{"description":{"urls":[]}},"followers_count":229,"profile_sidebar_border_color":"FFFFFF","id_str":"15430237","profile_background_color":"000000","listed_count":5,"is_translation_enabled":false,"utc_offset":-18000,"statuses_count":4840,"description":"What's green and has wheels?","friends_count":857,"location":"New York, NY","profile_link_color":"0000A0","profile_image_url":"http://pbs.twimg.com/profile_images/1803933954/nellie_twitter_normal.jpg","following":false,"geo_enabled":true,"profile_banner_url":"https://pbs.twimg.com/profile_banners/15430237/1398217349","profile_background_image_url":"http://pbs.twimg.com/profile_background_images/378800000052869633/175fce51ddd3963ae32c2992a3c79138.jpeg","name":"Nellie","lang":"en","profile_background_tile":true,"favourites_count":4664,"screen_name":"DebbelerN","notifications":false,"url":null,"created_at":"Mon Jul 14 18:30:59 +0000 2008","contributors_enabled":false,"time_zone":"Quito","protected":false,"default_profile":false,"is_translator":false},"geo":null,"in_reply_to_user_id_str":"4033561","lang":"es","created_at":"Mon Dec 15 02:43:06 +0000 2014","in_reply_to_status_id_str":"544317165965303808","place":null},
{"contributors":null,"truncated":false,"text":"@ErikVeland @simoncrerar @jennijenni Really?!? http://t.co/CEFzpKDK3a","in_reply_to_status_id":544321138973609984,"id":544321792932708352,"favorite_count":0,"source":"<a href=\"http://twitter.com/download/android\" rel=\"nofollow\">Twitter for Android</a>","retweeted":false,"coordinates":null,"entities":{"symbols":[],"user_mentions":[{"id":15080202,"indices":[0,11],"id_str":"15080202","screen_name":"ErikVeland","name":"GenErik"},{"id":4033561,"indices":[12,24],"id_str":"4033561","screen_name":"simoncrerar","name":"Simon Crerar"},{"id":14264830,"indices":[25,36],"id_str":"14264830","screen_name":"jennijenni","name":"Jen Ryall"}],"hashtags":[],"urls":[],"media":[{"expanded_url":"http://twitter.com/WeAreAustralia/status/544321792932708352/photo/1","display_url":"pic.twitter.com/CEFzpKDK3a","url":"http://t.co/CEFzpKDK3a","media_url_https":"https://pbs.twimg.com/media/B43Rxm2CYAA4YHn.jpg","id_str":"544321780152688640","sizes":{"small":{"h":604,"resize":"fit","w":340},"large":{"h":1024,"resize":"fit","w":576},"medium":{"h":1024,"resize":"fit","w":576},"thumb":{"h":150,"resize":"crop","w":150}},"indices":[47,69],"type":"photo","id":544321780152688640,"media_url":"http://pbs.twimg.com/media/B43Rxm2CYAA4YHn.jpg"}]},"in_reply_to_screen_name":"ErikVeland","id_str":"544321792932708352","retweet_count":2,"in_reply_to_user_id":15080202,"favorited":false,"user":{"follow_request_sent":false,"profile_use_background_image":true,"profile_text_color":"333333","default_profile_image":false,"id":467004431,"profile_background_image_url_https":"https://pbs.twimg.com/profile_background_images/445694802827280385/6QYomlXA.png","verified":false,"profile_location":null,"profile_image_url_https":"https://pbs.twimg.com/profile_images/588114850594729984/RCj9K7hD_normal.jpg","profile_sidebar_fill_color":"A0C5C7","entities":{"description":{"urls":[]}},"followers_count":7657,"profile_sidebar_border_color":"FFFFFF","id_str":"467004431","profile_background_color":"030303","listed_count":319,"is_translation_enabled":false,"utc_offset":39600,"statuses_count":72249,"description":"#RoCur account for Australians. To volunteer contact @TheGrimRecapper. This week; @chris_hagen; the chairman of the roundabout","friends_count":1906,"location":"Australia","profile_link_color":"191D8A","profile_image_url":"http://pbs.twimg.com/profile_images/588114850594729984/RCj9K7hD_normal.jpg","following":false,"geo_enabled":true,"profile_banner_url":"https://pbs.twimg.com/profile_banners/467004431/1417579463","profile_background_image_url":"http://pbs.twimg.com/profile_background_images/445694802827280385/6QYomlXA.png","name":"Chris/Australia","lang":"en","profile_background_tile":true,"favourites_count":12648,"screen_name":"WeAreAustralia","notifications":false,"url":null,"created_at":"Wed Jan 18 01:10:09 +0000 2012","contributors_enabled":false,"time_zone":"Sydney","protected":false,"default_profile":false,"is_translator":false},"geo":null,"in_reply_to_user_id_str":"15080202","possibly_sensitive":false,"lang":"en","created_at":"Mon Dec 15 02:43:23 +0000 2014","in_reply_to_status_id_str":"544321138973609984","place":null,"extended_entities":{"media":[{"expanded_url":"http://twitter.com/WeAreAustralia/status/544321792932708352/photo/1","display_url":"pic.twitter.com/CEFzpKDK3a","url":"http://t.co/CEFzpKDK3a","media_url_https":"https://pbs.twimg.com/media/B43Rxm2CYAA4YHn.jpg","id_str":"544321780152688640","sizes":{"small":{"h":604,"resize":"fit","w":340},"large":{"h":1024,"resize":"fit","w":576},"medium":{"h":1024,"resize":"fit","w":576},"thumb":{"h":150,"resize":"crop","w":150}},"indices":[47,69],"type":"photo","id":544321780152688640,"media_url":"http://pbs.twimg.com/media/B43Rxm2CYAA4YHn.jpg"}]}},
{"contributors":null,"truncated":false,"text":"@WeAreAustralia @simoncrerar @jennijenni Yes REALLY. It is determined by supply and demand to decrease wait times.","in_reply_to_status_id":544321792932708352,"id":544322056557305858,"favorite_count":1,"source":"<a href=\"http://tapbots.com/tweetbot\" rel=\"nofollow\">Tweetbot for iΟS</a>","retweeted":false,"coordinates":null,"entities":{"symbols":[],"user_mentions":[{"id":467004431,"indices":[0,15],"id_str":"467004431","screen_name":"WeAreAustralia","name":"Mel/Australia"},{"id":4033561,"indices":[16,28],"id_str":"4033561","screen_name":"simoncrerar","name":"Simon Crerar"},{"id":14264830,"indices":[29,40],"id_str":"14264830","screen_name":"jennijenni","name":"Jen Ryall"}],"hashtags":[],"urls":[]},"in_reply_to_screen_name":"WeAreAustralia","id_str":"544322056557305858","retweet_count":0,"in_reply_to_user_id":467004431,"favorited":false,"user":{"follow_request_sent":false,"profile_use_background_image":true,"profile_text_color":"333333","default_profile_image":false,"id":15080202,"profile_background_image_url_https":"https://pbs.twimg.com/profile_background_images/685181178/81af08d14a726053fc6ce616b0b32818.jpeg","verified":false,"profile_location":null,"profile_image_url_https":"https://pbs.twimg.com/profile_images/512928621070016512/a6p6Sqka_normal.jpeg","profile_sidebar_fill_color":"BDC7C6","entities":{"url":{"urls":[{"url":"http://t.co/TOYFsQa8SC","indices":[0,22],"expanded_url":"http://gen.erikveland.com/","display_url":"gen.erikveland.com"}]},"description":{"urls":[]}},"followers_count":2657,"profile_sidebar_border_color":"FFFFFF","id_str":"15080202","profile_background_color":"010101","listed_count":173,"is_translation_enabled":false,"utc_offset":36000,"statuses_count":86062,"description":"He came down from the north\r\nBlue hands and a torch\r\nRed wine and food for free\r\nA possibility","friends_count":1054,"location":"Brisbane, QLD","profile_link_color":"0B6483","profile_image_url":"http://pbs.twimg.com/profile_images/512928621070016512/a6p6Sqka_normal.jpeg","following":false,"geo_enabled":true,"profile_banner_url":"https://pbs.twimg.com/profile_banners/15080202/1398255858","profile_background_image_url":"http://pbs.twimg.com/profile_background_images/685181178/81af08d14a726053fc6ce616b0b32818.jpeg","name":"GenErik","lang":"en","profile_background_tile":false,"favourites_count":307,"screen_name":"ErikVeland","notifications":false,"url":"http://t.co/TOYFsQa8SC","created_at":"Wed Jun 11 01:44:34 +0000 2008","contributors_enabled":false,"time_zone":"Brisbane","protected":false,"default_profile":false,"is_translator":false},"geo":null,"in_reply_to_user_id_str":"467004431","lang":"en","created_at":"Mon Dec 15 02:44:25 +0000 2014","in_reply_to_status_id_str":"544321792932708352","place":{"full_name":"Fortitude Valley, Brisbane","url":"https://api.twitter.com/1.1/geo/id/0721aaab958adf7f.json","country":"Australia","place_type":"neighborhood","bounding_box":{"type":"Polygon","coordinates":[[[153.02739888,-27.46521702],[153.04322484,-27.46521702],[153.04322484,-27.44937297],[153.02739888,-27.44937297]]]},"contained_within":[],"country_code":"AU","attributes":{},"id":"0721aaab958adf7f","name":"Fortitude Valley"}},
{"contributors":null,"truncated":false,"text":"@WeAreAustralia @simoncrerar @jennijenni surge pricing encourages drivers on the road, and discourages commuters who may not need an uber.","in_reply_to_status_id":544321792932708352,"id":544322235331117056,"favorite_count":1,"source":"<a href=\"http://tapbots.com/tweetbot\" rel=\"nofollow\">Tweetbot for iΟS</a>","retweeted":false,"coordinates":null,"entities":{"symbols":[],"user_mentions":[{"id":467004431,"indices":[0,15],"id_str":"467004431","screen_name":"WeAreAustralia","name":"Chris/Australia"},{"id":4033561,"indices":[16,28],"id_str":"4033561","screen_name":"simoncrerar","name":"Simon Crerar"},{"id":14264830,"indices":[29,40],"id_str":"14264830","screen_name":"jennijenni","name":"Jen Ryall"}],"hashtags":[],"urls":[]},"in_reply_to_screen_name":"WeAreAustralia","id_str":"544322235331117056","retweet_count":0,"in_reply_to_user_id":467004431,"favorited":false,"user":{"follow_request_sent":false,"profile_use_background_image":true,"profile_text_color":"333333","default_profile_image":false,"id":15080202,"profile_background_image_url_https":"https://pbs.twimg.com/profile_background_images/685181178/81af08d14a726053fc6ce616b0b32818.jpeg","verified":false,"profile_location":null,"profile_image_url_https":"https://pbs.twimg.com/profile_images/512928621070016512/a6p6Sqka_normal.jpeg","profile_sidebar_fill_color":"BDC7C6","entities":{"url":{"urls":[{"url":"http://t.co/TOYFsQa8SC","indices":[0,22],"expanded_url":"http://gen.erikveland.com/","display_url":"gen.erikveland.com"}]},"description":{"urls":[]}},"followers_count":2657,"profile_sidebar_border_color":"FFFFFF","id_str":"15080202","profile_background_color":"010101","listed_count":173,"is_translation_enabled":false,"utc_offset":36000,"statuses_count":86062,"description":"He came down from the north\r\nBlue hands and a torch\r\nRed wine and food for free\r\nA possibility","friends_count":1054,"location":"Brisbane, QLD","profile_link_color":"0B6483","profile_image_url":"http://pbs.twimg.com/profile_images/512928621070016512/a6p6Sqka_normal.jpeg","following":false,"geo_enabled":true,"profile_banner_url":"https://pbs.twimg.com/profile_banners/15080202/1398255858","profile_background_image_url":"http://pbs.twimg.com/profile_background_images/685181178/81af08d14a726053fc6ce616b0b32818.jpeg","name":"GenErik","lang":"en","profile_background_tile":false,"favourites_count":307,"screen_name":"ErikVeland","notifications":false,"url":"http://t.co/TOYFsQa8SC","created_at":"Wed Jun 11 01:44:34 +0000 2008","contributors_enabled":false,"time_zone":"Brisbane","protected":false,"default_profile":false,"is_translator":false},"geo":null,"in_reply_to_user_id_str":"467004431","lang":"en","created_at":"Mon Dec 15 02:45:08 +0000 2014","in_reply_to_status_id_str":"544321792932708352","place":{"full_name":"Fortitude Valley, Brisbane","url":"https://api.twitter.com/1.1/geo/id/0721aaab958adf7f.json","country":"Australia","place_type":"neighborhood","bounding_box":{"type":"Polygon","coordinates":[[[153.02739888,-27.46521702],[153.04322484,-27.46521702],[153.04322484,-27.44937297],[153.02739888,-27.44937297]]]},"contained_within":[],"country_code":"AU","attributes":{},"id":"0721aaab958adf7f","name":"Fortitude Valley"}},
{"contributors":null,"truncated":false,"text":"@WeAreAustralia @simoncrerar @jennijenni and it is completely automatic based on number of cars on road vs requests","in_reply_to_status_id":544321792932708352,"id":544322367183278081,"favorite_count":2,"source":"<a href=\"http://tapbots.com/tweetbot\" rel=\"nofollow\">Tweetbot for iΟS</a>","retweeted":false,"coordinates":null,"entities":{"symbols":[],"user_mentions":[{"id":467004431,"indices":[0,15],"id_str":"467004431","screen_name":"WeAreAustralia","name":"Chris/Australia"},{"id":4033561,"indices":[16,28],"id_str":"4033561","screen_name":"simoncrerar","name":"Simon Crerar"},{"id":14264830,"indices":[29,40],"id_str":"14264830","screen_name":"jennijenni","name":"Jen Ryall"}],"hashtags":[],"urls":[]},"in_reply_to_screen_name":"WeAreAustralia","id_str":"544322367183278081","retweet_count":1,"in_reply_to_user_id":467004431,"favorited":false,"user":{"follow_request_sent":false,"profile_use_background_image":true,"profile_text_color":"333333","default_profile_image":false,"id":15080202,"profile_background_image_url_https":"https://pbs.twimg.com/profile_background_images/685181178/81af08d14a726053fc6ce616b0b32818.jpeg","verified":false,"profile_location":null,"profile_image_url_https":"https://pbs.twimg.com/profile_images/512928621070016512/a6p6Sqka_normal.jpeg","profile_sidebar_fill_color":"BDC7C6","entities":{"url":{"urls":[{"url":"http://t.co/TOYFsQa8SC","indices":[0,22],"expanded_url":"http://gen.erikveland.com/","display_url":"gen.erikveland.com"}]},"description":{"urls":[]}},"followers_count":2657,"profile_sidebar_border_color":"FFFFFF","id_str":"15080202","profile_background_color":"010101","listed_count":173,"is_translation_enabled":false,"utc_offset":36000,"statuses_count":86062,"description":"He came down from the north\r\nBlue hands and a torch\r\nRed wine and food for free\r\nA possibility","friends_count":1054,"location":"Brisbane, QLD","profile_link_color":"0B6483","profile_image_url":"http://pbs.twimg.com/profile_images/512928621070016512/a6p6Sqka_normal.jpeg","following":false,"geo_enabled":true,"profile_banner_url":"https://pbs.twimg.com/profile_banners/15080202/1398255858","profile_background_image_url":"http://pbs.twimg.com/profile_background_images/685181178/81af08d14a726053fc6ce616b0b32818.jpeg","name":"GenErik","lang":"en","profile_background_tile":false,"favourites_count":307,"screen_name":"ErikVeland","notifications":false,"url":"http://t.co/TOYFsQa8SC","created_at":"Wed Jun 11 01:44:34 +0000 2008","contributors_enabled":false,"time_zone":"Brisbane","protected":false,"default_profile":false,"is_translator":false},"geo":null,"in_reply_to_user_id_str":"467004431","lang":"en","created_at":"Mon Dec 15 02:45:40 +0000 2014","in_reply_to_status_id_str":"544321792932708352","place":{"full_name":"Fortitude Valley, Brisbane","url":"https://api.twitter.com/1.1/geo/id/0721aaab958adf7f.json","country":"Australia","place_type":"neighborhood","bounding_box":{"type":"Polygon","coordinates":[[[153.02739888,-27.46521702],[153.04322484,-27.46521702],[153.04322484,-27.44937297],[153.02739888,-27.44937297]]]},"contained_within":[],"country_code":"AU","attributes":{},"id":"0721aaab958adf7f","name":"Fortitude Valley"}},
{"contributors":null,"truncated":false,"text":"@ErikVeland @WeAreAustralia @simoncrerar @jennijenni I bet that tweet is automated too?","in_reply_to_status_id":544322367183278081,"id":544323266425282560,"favorite_count":1,"source":"<a href=\"http://twitter.com/download/iphone\" rel=\"nofollow\">Twitter for iPhone</a>","retweeted":false,"coordinates":null,"entities":{"symbols":[],"user_mentions":[{"id":15080202,"indices":[0,11],"id_str":"15080202","screen_name":"ErikVeland","name":"GenErik"},{"id":467004431,"indices":[12,27],"id_str":"467004431","screen_name":"WeAreAustralia","name":"Chris/Australia"},{"id":4033561,"indices":[28,40],"id_str":"4033561","screen_name":"simoncrerar","name":"Simon Crerar"},{"id":14264830,"indices":[41,52],"id_str":"14264830","screen_name":"jennijenni","name":"Jen Ryall"}],"hashtags":[],"urls":[]},"in_reply_to_screen_name":"ErikVeland","id_str":"544323266425282560","retweet_count":0,"in_reply_to_user_id":15080202,"favorited":false,"user":{"follow_request_sent":false,"profile_use_background_image":true,"profile_text_color":"333333","default_profile_image":false,"id":690463,"profile_background_image_url_https":"https://abs.twimg.com/images/themes/theme14/bg.gif","verified":false,"profile_location":null,"profile_image_url_https":"https://pbs.twimg.com/profile_images/378800000687096355/766896addc7e12bdb7e0d66bd30f0207_normal.jpeg","profile_sidebar_fill_color":"EFEFEF","entities":{"url":{"urls":[{"url":"http://t.co/3y3SVepocp","indices":[0,22],"expanded_url":"http://chloetse.com","display_url":"chloetse.com"}]},"description":{"urls":[]}},"followers_count":411,"profile_sidebar_border_color":"EEEEEE","id_str":"690463","profile_background_color":"131516","listed_count":21,"is_translation_enabled":false,"utc_offset":39600,"statuses_count":17920,"description":"Colourist. 3D Artist. Sydney Sketchmeet co-organiser. Draws comic @curioushoodie. Hoodie collector. Gadget junkie. Beer lover. Obsessed with storytelling.","friends_count":319,"location":"Sydney, Australia","profile_link_color":"990000","profile_image_url":"http://pbs.twimg.com/profile_images/378800000687096355/766896addc7e12bdb7e0d66bd30f0207_normal.jpeg","following":false,"geo_enabled":true,"profile_banner_url":"https://pbs.twimg.com/profile_banners/690463/1401634357","profile_background_image_url":"http://abs.twimg.com/images/themes/theme14/bg.gif","name":"Chloe Tse","lang":"en","profile_background_tile":true,"favourites_count":741,"screen_name":"coldv","notifications":false,"url":"http://t.co/3y3SVepocp","created_at":"Wed Jan 24 01:14:32 +0000 2007","contributors_enabled":false,"time_zone":"Sydney","protected":false,"default_profile":false,"is_translator":false},"geo":null,"in_reply_to_user_id_str":"15080202","lang":"en","created_at":"Mon Dec 15 02:49:14 +0000 2014","in_reply_to_status_id_str":"544322367183278081","place":null},
{"contributors":null,"truncated":false,"text":"@simoncrerar @chrisedwards_au @jennijenni as bad as gouging on ice during a crisis. Awful.","in_reply_to_status_id":544317165965303808,"id":544323703480545280,"favorite_count":0,"source":"<a href=\"http://twitter.com/download/android\" rel=\"nofollow\">Twitter for Android</a>","retweeted":false,"coordinates":null,"entities":{"symbols":[],"user_mentions":[{"id":4033561,"indices":[0,12],"id_str":"4033561","screen_name":"simoncrerar","name":"Simon Crerar"},{"id":229679186,"indices":[13,29],"id_str":"229679186","screen_name":"chrisedwards_au","name":"Chris"},{"id":14264830,"indices":[30,41],"id_str":"14264830","screen_name":"jennijenni","name":"Jen Ryall"}],"hashtags":[],"urls":[]},"in_reply_to_screen_name":"simoncrerar","id_str":"544323703480545280","retweet_count":0,"in_reply_to_user_id":4033561,"favorited":false,"user":{"follow_request_sent":false,"profile_use_background_image":true,"profile_text_color":"333333","default_profile_image":false,"id":18999231,"profile_background_image_url_https":"https://pbs.twimg.com/profile_background_images/716287222/b174c5ef3e5386d858c0d35aadd2f617.jpeg","verified":false,"profile_location":null,"profile_image_url_https":"https://pbs.twimg.com/profile_images/558429997652668417/pXu4mGAP_normal.jpeg","profile_sidebar_fill_color":"DDEEF6","entities":{"description":{"urls":[]}},"followers_count":388,"profile_sidebar_border_color":"FFFFFF","id_str":"18999231","profile_background_color":"C0DEED","listed_count":8,"is_translation_enabled":false,"utc_offset":null,"statuses_count":3972,"description":"Soccer (play and coach) and follow Columbus Crew, St. Pauli, Roma & LFC. Interest in live music and hockey (CBJ) as well.","friends_count":711,"location":"Ohio, USA","profile_link_color":"00B315","profile_image_url":"http://pbs.twimg.com/profile_images/558429997652668417/pXu4mGAP_normal.jpeg","following":false,"geo_enabled":false,"profile_banner_url":"https://pbs.twimg.com/profile_banners/18999231/1418572749","profile_background_image_url":"http://pbs.twimg.com/profile_background_images/716287222/b174c5ef3e5386d858c0d35aadd2f617.jpeg","name":"Tony Long","lang":"en","profile_background_tile":true,"favourites_count":335,"screen_name":"tony_long17","notifications":false,"url":null,"created_at":"Wed Jan 14 22:28:33 +0000 2009","contributors_enabled":false,"time_zone":null,"protected":false,"default_profile":false,"is_translator":false},"geo":null,"in_reply_to_user_id_str":"4033561","lang":"en","created_at":"Mon Dec 15 02:50:58 +0000 2014","in_reply_to_status_id_str":"544317165965303808","place":null},
{"contributors":null,"truncated":false,"text":"@coldv @WeAreAustralia @simoncrerar @jennijenni uber is doing a shit job explaining it for sure, but there is no manual surge in place.","in_reply_to_status_id":544323266425282560,"id":544324516231385088,"favorite_count":0,"source":"<a href=\"http://tapbots.com/tweetbot\" rel=\"nofollow\">Tweetbot for iΟS</a>","retweeted":false,"coordinates":null,"entities":{"symbols":[],"user_mentions":[{"id":690463,"indices":[0,6],"id_str":"690463","screen_name":"coldv","name":"Chloe Tse"},{"id":467004431,"indices":[7,22],"id_str":"467004431","screen_name":"WeAreAustralia","name":"Chris/Australia"},{"id":4033561,"indices":[23,35],"id_str":"4033561","screen_name":"simoncrerar","name":"Simon Crerar"},{"id":14264830,"indices":[36,47],"id_str":"14264830","screen_name":"jennijenni","name":"Jen Ryall"}],"hashtags":[],"urls":[]},"in_reply_to_screen_name":"coldv","id_str":"544324516231385088","retweet_count":0,"in_reply_to_user_id":690463,"favorited":false,"user":{"follow_request_sent":false,"profile_use_background_image":true,"profile_text_color":"333333","default_profile_image":false,"id":15080202,"profile_background_image_url_https":"https://pbs.twimg.com/profile_background_images/685181178/81af08d14a726053fc6ce616b0b32818.jpeg","verified":false,"profile_location":null,"profile_image_url_https":"https://pbs.twimg.com/profile_images/512928621070016512/a6p6Sqka_normal.jpeg","profile_sidebar_fill_color":"BDC7C6","entities":{"url":{"urls":[{"url":"http://t.co/TOYFsQa8SC","indices":[0,22],"expanded_url":"http://gen.erikveland.com/","display_url":"gen.erikveland.com"}]},"description":{"urls":[]}},"followers_count":2657,"profile_sidebar_border_color":"FFFFFF","id_str":"15080202","profile_background_color":"010101","listed_count":173,"is_translation_enabled":false,"utc_offset":36000,"statuses_count":86062,"description":"He came down from the north\r\nBlue hands and a torch\r\nRed wine and food for free\r\nA possibility","friends_count":1054,"location":"Brisbane, QLD","profile_link_color":"0B6483","profile_image_url":"http://pbs.twimg.com/profile_images/512928621070016512/a6p6Sqka_normal.jpeg","following":false,"geo_enabled":true,"profile_banner_url":"https://pbs.twimg.com/profile_banners/15080202/1398255858","profile_background_image_url":"http://pbs.twimg.com/profile_background_images/685181178/81af08d14a726053fc6ce616b0b32818.jpeg","name":"GenErik","lang":"en","profile_background_tile":false,"favourites_count":307,"screen_name":"ErikVeland","notifications":false,"url":"http://t.co/TOYFsQa8SC","created_at":"Wed Jun 11 01:44:34 +0000 2008","contributors_enabled":false,"time_zone":"Brisbane","protected":false,"default_profile":false,"is_translator":false},"geo":null,"in_reply_to_user_id_str":"690463","lang":"en","created_at":"Mon Dec 15 02:54:12 +0000 2014","in_reply_to_status_id_str":"544323266425282560","place":{"full_name":"Fortitude Valley, Brisbane","url":"https://api.twitter.com/1.1/geo/id/0721aaab958adf7f.json","country":"Australia","place_type":"neighborhood","bounding_box":{"type":"Polygon","coordinates":[[[153.02739888,-27.46521702],[153.04322484,-27.46521702],[153.04322484,-27.44937297],[153.02739888,-27.44937297]]]},"contained_within":[],"country_code":"AU","attributes":{},"id":"0721aaab958adf7f","name":"Fortitude Valley"}},
{"contributors":null,"truncated":false,"text":". @simoncrerar @BuzzFeedOz @jennijenni seriously :|","in_reply_to_status_id":544317165965303808,"id":544324604693475329,"favorite_count":0,"source":"<a href=\"http://twitter.com\" rel=\"nofollow\">Twitter Web Client</a>","retweeted":false,"coordinates":null,"entities":{"symbols":[],"user_mentions":[{"id":4033561,"indices":[2,14],"id_str":"4033561","screen_name":"simoncrerar","name":"Simon Crerar"},{"id":1855737487,"indices":[15,26],"id_str":"1855737487","screen_name":"BuzzFeedOz","name":"BuzzFeed Australia"},{"id":14264830,"indices":[27,38],"id_str":"14264830","screen_name":"jennijenni","name":"Jen Ryall"}],"hashtags":[],"urls":[]},"in_reply_to_screen_name":"simoncrerar","id_str":"544324604693475329","retweet_count":0,"in_reply_to_user_id":4033561,"favorited":false,"user":{"follow_request_sent":false,"profile_use_background_image":true,"profile_text_color":"333333","default_profile_image":false,"id":29167563,"profile_background_image_url_https":"https://abs.twimg.com/images/themes/theme18/bg.gif","verified":false,"profile_location":null,"profile_image_url_https":"https://pbs.twimg.com/profile_images/461641163175251968/etn8C9Z8_normal.jpeg","profile_sidebar_fill_color":"F6F6F6","entities":{"url":{"urls":[{"url":"http://t.co/6PIrRfHfgD","indices":[0,22],"expanded_url":"http://sillyyakblog.wix.com/sillyyak","display_url":"sillyyakblog.wix.com/sillyyak"}]},"description":{"urls":[]}},"followers_count":237,"profile_sidebar_border_color":"EEEEEE","id_str":"29167563","profile_background_color":"ACDED6","listed_count":5,"is_translation_enabled":false,"utc_offset":28800,"statuses_count":1852,"description":"#foodblogger from sunny perth, lover of all things ocean and proud cat owner","friends_count":487,"location":"Perth, Australia","profile_link_color":"00D1BC","profile_image_url":"http://pbs.twimg.com/profile_images/461641163175251968/etn8C9Z8_normal.jpeg","following":false,"geo_enabled":true,"profile_banner_url":"https://pbs.twimg.com/profile_banners/29167563/1418686020","profile_background_image_url":"http://abs.twimg.com/images/themes/theme18/bg.gif","name":"Madeleine Grey","lang":"en","profile_background_tile":false,"favourites_count":173,"screen_name":"madeleine_grey","notifications":false,"url":"http://t.co/6PIrRfHfgD","created_at":"Mon Apr 06 08:39:02 +0000 2009","contributors_enabled":false,"time_zone":"Perth","protected":false,"default_profile":false,"is_translator":false},"geo":null,"in_reply_to_user_id_str":"4033561","lang":"en","created_at":"Mon Dec 15 02:54:33 +0000 2014","in_reply_to_status_id_str":"544317165965303808","place":null},
{"contributors":null,"truncated":false,"text":"@simoncrerar how awful of uber!!!!","in_reply_to_status_id":544317165965303808,"id":544326292150427648,"favorite_count":0,"source":"<a href=\"http://twitter.com/download/iphone\" rel=\"nofollow\">Twitter for iPhone</a>","retweeted":false,"coordinates":null,"entities":{"symbols":[],"user_mentions":[{"id":4033561,"indices":[0,12],"id_str":"4033561","screen_name":"simoncrerar","name":"Simon Crerar"}],"hashtags":[],"urls":[]},"in_reply_to_screen_name":"simoncrerar","id_str":"544326292150427648","retweet_count":0,"in_reply_to_user_id":4033561,"favorited":false,"user":{"follow_request_sent":false,"profile_use_background_image":true,"profile_text_color":"333333","default_profile_image":false,"id":379747864,"profile_background_image_url_https":"https://abs.twimg.com/images/themes/theme1/bg.png","verified":false,"profile_location":null,"profile_image_url_https":"https://pbs.twimg.com/profile_images/378800000630130206/215f027adce12b8440761902ccf95e6c_normal.jpeg","profile_sidebar_fill_color":"DDEEF6","entities":{"description":{"urls":[]}},"followers_count":305,"profile_sidebar_border_color":"C0DEED","id_str":"379747864","profile_background_color":"C0DEED","listed_count":1,"is_translation_enabled":false,"utc_offset":-18000,"statuses_count":1695,"description":"Event planner and a psychologist at heart.","friends_count":372,"location":"Saudi Arabia","profile_link_color":"0084B4","profile_image_url":"http://pbs.twimg.com/profile_images/378800000630130206/215f027adce12b8440761902ccf95e6c_normal.jpeg","following":false,"geo_enabled":true,"profile_banner_url":"https://pbs.twimg.com/profile_banners/379747864/1380539688","profile_background_image_url":"http://abs.twimg.com/images/themes/theme1/bg.png","name":"HalahNasser","lang":"en","profile_background_tile":false,"favourites_count":120,"screen_name":"HalahNasser","notifications":false,"url":null,"created_at":"Sun Sep 25 14:00:54 +0000 2011","contributors_enabled":false,"time_zone":"Quito","protected":false,"default_profile":true,"is_translator":false},"geo":null,"in_reply_to_user_id_str":"4033561","lang":"en","created_at":"Mon Dec 15 03:01:15 +0000 2014","in_reply_to_status_id_str":"544317165965303808","place":null},
{"contributors":null,"truncated":false,"text":"@simoncrerar @jennijenni it's as if they're trying to be odious in as many ways as possible.","in_reply_to_status_id":544317165965303808,"id":544326867759546371,"favorite_count":0,"source":"<a href=\"http://twitter.com\" rel=\"nofollow\">Twitter Web Client</a>","retweeted":false,"coordinates":null,"entities":{"symbols":[],"user_mentions":[{"id":4033561,"indices":[0,12],"id_str":"4033561","screen_name":"simoncrerar","name":"Simon Crerar"},{"id":14264830,"indices":[13,24],"id_str":"14264830","screen_name":"jennijenni","name":"Jen Ryall"}],"hashtags":[],"urls":[]},"in_reply_to_screen_name":"simoncrerar","id_str":"544326867759546371","retweet_count":0,"in_reply_to_user_id":4033561,"favorited":false,"user":{"follow_request_sent":false,"profile_use_background_image":true,"profile_text_color":"333333","default_profile_image":false,"id":17936078,"profile_background_image_url_https":"https://abs.twimg.com/images/themes/theme1/bg.png","verified":false,"profile_location":null,"profile_image_url_https":"https://pbs.twimg.com/profile_images/1417012421/01bbb59a1c3ef9960f25a97afe7e920f_normal.jpeg","profile_sidebar_fill_color":"DDEEF6","entities":{"url":{"urls":[{"url":"http://t.co/KcIk3QNuEF","indices":[0,22],"expanded_url":"http://andrewjgrimm.wordpress.com/","display_url":"andrewjgrimm.wordpress.com"}]},"description":{"urls":[]}},"followers_count":387,"profile_sidebar_border_color":"C0DEED","id_str":"17936078","profile_background_color":"C0DEED","listed_count":38,"is_translation_enabled":false,"utc_offset":39600,"statuses_count":11402,"description":"Bioinformatician using Ruby without Rails","friends_count":219,"location":"Sydney, Australia","profile_link_color":"0084B4","profile_image_url":"http://pbs.twimg.com/profile_images/1417012421/01bbb59a1c3ef9960f25a97afe7e920f_normal.jpeg","following":false,"geo_enabled":true,"profile_background_image_url":"http://abs.twimg.com/images/themes/theme1/bg.png","name":"SJ将軍 Andrew Grimm","lang":"en","profile_background_tile":false,"favourites_count":3314,"screen_name":"andrewjgrimm","notifications":false,"url":"http://t.co/KcIk3QNuEF","created_at":"Sun Dec 07 04:36:19 +0000 2008","contributors_enabled":false,"time_zone":"Sydney","protected":false,"default_profile":true,"is_translator":false},"geo":null,"in_reply_to_user_id_str":"4033561","lang":"en","created_at":"Mon Dec 15 03:03:33 +0000 2014","in_reply_to_status_id_str":"544317165965303808","place":null},
{"contributors":null,"truncated":false,"text":"@simoncrerar @chx @jennijenni If only there was some kind of regulation in place... err... right...#itsaboutsharing","in_reply_to_status_id":544317165965303808,"id":544326877738180609,"favorite_count":0,"source":"<a href=\"http://twitter.com\" rel=\"nofollow\">Twitter Web Client</a>","retweeted":false,"coordinates":null,"entities":{"symbols":[],"user_mentions":[{"id":4033561,"indices":[0,12],"id_str":"4033561","screen_name":"simoncrerar","name":"Simon Crerar"},{"id":14360161,"indices":[13,17],"id_str":"14360161","screen_name":"chx","name":"chx"},{"id":14264830,"indices":[18,29],"id_str":"14264830","screen_name":"jennijenni","name":"Jen Ryall"}],"hashtags":[{"indices":[99,115],"text":"itsaboutsharing"}],"urls":[]},"in_reply_to_screen_name":"simoncrerar","id_str":"544326877738180609","retweet_count":0,"in_reply_to_user_id":4033561,"favorited":false,"user":{"follow_request_sent":false,"profile_use_background_image":true,"profile_text_color":"333333","default_profile_image":false,"id":17938236,"profile_background_image_url_https":"https://abs.twimg.com/images/themes/theme15/bg.png","verified":false,"profile_location":null,"profile_image_url_https":"https://pbs.twimg.com/profile_images/554394030549655552/B7GwauUW_normal.png","profile_sidebar_fill_color":"C0DFEC","entities":{"url":{"urls":[{"url":"http://t.co/AJP32NoKKH","indices":[0,22],"expanded_url":"http://soflo.net","display_url":"soflo.net"}]},"description":{"urls":[]}},"followers_count":96,"profile_sidebar_border_color":"A8C7F7","id_str":"17938236","profile_background_color":"022330","listed_count":7,"is_translation_enabled":false,"utc_offset":-18000,"statuses_count":2416,"description":"...do over...","friends_count":185,"location":"FLO","profile_link_color":"0084B4","profile_image_url":"http://pbs.twimg.com/profile_images/554394030549655552/B7GwauUW_normal.png","following":false,"geo_enabled":false,"profile_banner_url":"https://pbs.twimg.com/profile_banners/17938236/1418108494","profile_background_image_url":"http://abs.twimg.com/images/themes/theme15/bg.png","name":"Juanny Cinco","lang":"en","profile_background_tile":false,"favourites_count":22,"screen_name":"juannycinco","notifications":false,"url":"http://t.co/AJP32NoKKH","created_at":"Sun Dec 07 07:55:46 +0000 2008","contributors_enabled":false,"time_zone":"Eastern Time (US & Canada)","protected":false,"default_profile":false,"is_translator":false},"geo":null,"in_reply_to_user_id_str":"4033561","lang":"en","created_at":"Mon Dec 15 03:03:35 +0000 2014","in_reply_to_status_id_str":"544317165965303808","place":null},
{"contributors":null,"truncated":false,"text":"@sarahcuda @paulcarr “@simoncrerar: Uber introduces $100 minimum surge pricing #SydneySiege @jennijenni http://t.co/b9hi2J8Qqp”","in_reply_to_status_id":544317165965303808,"id":544334748911697920,"favorite_count":1,"source":"<a href=\"http://twitter.com/download/iphone\" rel=\"nofollow\">Twitter for iPhone</a>","retweeted":false,"coordinates":{"type":"Point","coordinates":[-122.48978074,37.78447225]},"entities":{"symbols":[],"user_mentions":[{"id":5668942,"indices":[0,10],"id_str":"5668942","screen_name":"sarahcuda","name":"Sarah Lacy"},{"id":277245800,"indices":[11,20],"id_str":"277245800","screen_name":"paulcarr","name":"Paul Carr"},{"id":4033561,"indices":[22,34],"id_str":"4033561","screen_name":"simoncrerar","name":"Simon Crerar"},{"id":14264830,"indices":[92,103],"id_str":"14264830","screen_name":"jennijenni","name":"Jen Ryall"}],"hashtags":[{"indices":[79,91],"text":"SydneySiege"}],"urls":[],"media":[{"source_user_id":4033561,"source_status_id_str":"544317165965303808","expanded_url":"http://twitter.com/simoncrerar/status/544317165965303808/photo/1","display_url":"pic.twitter.com/b9hi2J8Qqp","url":"http://t.co/b9hi2J8Qqp","media_url_https":"https://pbs.twimg.com/media/B43Nk-OCMAAQTx9.jpg","source_user_id_str":"4033561","source_status_id":544317165965303808,"id_str":"544317165042544640","sizes":{"small":{"h":275,"resize":"fit","w":340},"large":{"h":830,"resize":"fit","w":1024},"medium":{"h":486,"resize":"fit","w":600},"thumb":{"h":150,"resize":"crop","w":150}},"indices":[104,126],"type":"photo","id":544317165042544640,"media_url":"http://pbs.twimg.com/media/B43Nk-OCMAAQTx9.jpg"}]},"in_reply_to_screen_name":"simoncrerar","id_str":"544334748911697920","retweet_count":3,"in_reply_to_user_id":4033561,"favorited":false,"user":{"follow_request_sent":false,"profile_use_background_image":true,"profile_text_color":"000000","default_profile_image":false,"id":14181019,"profile_background_image_url_https":"https://pbs.twimg.com/profile_background_images/2364882/IMG_0191.JPG","verified":false,"profile_location":null,"profile_image_url_https":"https://pbs.twimg.com/profile_images/485282625330741248/Zz6Q1pLI_normal.jpeg","profile_sidebar_fill_color":"E0FF92","entities":{"url":{"urls":[{"url":"http://t.co/LBhPUcUvnp","indices":[0,22],"expanded_url":"http://ajenks.com","display_url":"ajenks.com"}]},"description":{"urls":[]}},"followers_count":1041,"profile_sidebar_border_color":"87BC44","id_str":"14181019","profile_background_color":"4265E1","listed_count":92,"is_translation_enabled":false,"utc_offset":-28800,"statuses_count":3642,"description":"Dad, Co-Founder Formation Data Systems (@formationds), Investor (@stage1capital), wine enthusiast","friends_count":573,"location":"San Francisco","profile_link_color":"0000FF","profile_image_url":"http://pbs.twimg.com/profile_images/485282625330741248/Zz6Q1pLI_normal.jpeg","following":false,"geo_enabled":true,"profile_banner_url":"https://pbs.twimg.com/profile_banners/14181019/1411843879","profile_background_image_url":"http://pbs.twimg.com/profile_background_images/2364882/IMG_0191.JPG","name":"Andy Jenks","lang":"en","profile_background_tile":false,"favourites_count":116,"screen_name":"ajenks","notifications":false,"url":"http://t.co/LBhPUcUvnp","created_at":"Thu Mar 20 00:23:09 +0000 2008","contributors_enabled":false,"time_zone":"Pacific Time (US & Canada)","protected":false,"default_profile":false,"is_translator":false},"geo":{"type":"Point","coordinates":[37.78447225,-122.48978074]},"in_reply_to_user_id_str":"4033561","possibly_sensitive":false,"lang":"en","created_at":"Mon Dec 15 03:34:52 +0000 2014","in_reply_to_status_id_str":"544317165965303808","place":{"full_name":"San Francisco, CA","url":"https://api.twitter.com/1.1/geo/id/5a110d312052166f.json","country":"United States","place_type":"city","bounding_box":{"type":"Polygon","coordinates":[[[-122.514926,37.708075],[-122.357031,37.708075],[-122.357031,37.833238],[-122.514926,37.833238]]]},"contained_within":[],"country_code":"US","attributes":{},"id":"5a110d312052166f","name":"San Francisco"},"extended_entities":{"media":[{"source_user_id":4033561,"source_status_id_str":"544317165965303808","expanded_url":"http://twitter.com/simoncrerar/status/544317165965303808/photo/1","display_url":"pic.twitter.com/b9hi2J8Qqp","url":"http://t.co/b9hi2J8Qqp","media_url_https":"https://pbs.twimg.com/media/B43Nk-OCMAAQTx9.jpg","source_user_id_str":"4033561","source_status_id":544317165965303808,"id_str":"544317165042544640","sizes":{"small":{"h":275,"resize":"fit","w":340},"large":{"h":830,"resize":"fit","w":1024},"medium":{"h":486,"resize":"fit","w":600},"thumb":{"h":150,"resize":"crop","w":150}},"indices":[104,126],"type":"photo","id":544317165042544640,"media_url":"http://pbs.twimg.com/media/B43Nk-OCMAAQTx9.jpg"}]}}
]