[{"contributors":null,"truncated":false,"text":"@Ashton5SOS you're the cutest","in_reply_to_status_id":544346359948910592,"id":544346688065114112,"favorite_count":0,"source":"<a href=\"http://twitter.com/download/iphone\" rel=\"nofollow\">Twitter for iPhone</a>","retweeted":false,"coordinates":null,"entities":{"symbols":[],"user_mentions":[{"id":439125710,"indices":[0,11],"id_str":"439125710","screen_name":"Ashton5SOS","name":"Ashton Irwin"}],"hashtags":[],"urls":[]},"in_reply_to_screen_name":"Ashton5SOS","id_str":"544346688065114112","retweet_count":1,"in_reply_to_user_id":439125710,"favorited":false,"user":{"follow_request_sent":false,"profile_use_background_image":true,"profile_text_color":"333333","default_profile_image":false,"id":1462967779,"profile_background_image_url_https":"https://pbs.twimg.com/profile_background_images/474241611514138624/-3e7l-FB.jpeg","verified":false,"profile_location":null,"profile_image_url_https":"https://pbs.twimg.com/profile_images/587410232101314560/-5uRWsmi_normal.jpg","profile_sidebar_fill_color":"DDEEF6","entities":{"description":{"urls":[{"url":"https://t.co/88x0Ccqf1U","indices":[93,116],"expanded_url":"https://twitter.com/hailkingluke/status/544583492424581121","display_url":"twitter.com/hailkingluke/s…"}]}},"followers_count":14688,"profile_sidebar_border_color":"000000","id_str":"1462967779","profile_background_color":"06090A","listed_count":175,"is_translation_enabled":false,"utc_offset":-14400,"statuses_count":35192,"description":"|3/5| |☹☹☹☹/4| |5/4 parody| || Calum || Nialler || Luke ||•James favorited me 5 times oh•|| ✖https://t.co/88x0Ccqf1U✖️","friends_count":7348,"location":"","profile_link_color":"000FB3","profile_image_url":"http://pbs.twimg.com/profile_images/587410232101314560/-5uRWsmi_normal.jpg","following":false,"geo_enabled":true,"profile_banner_url":"https://pbs.twimg.com/profile_banners/1462967779/1418156550","profile_background_image_url":"http://pbs.twimg.com/profile_background_images/474241611514138624/-3e7l-FB.jpeg","name":"Caileigh☆ || pls Cal","lang":"en","profile_background_tile":true,"favourites_count":15606,"screen_name":"HailKingLuke","notifications":false,"url":null,"created_at":"Mon May 27 19:26:54 +0000 2013","contributors_enabled":false,"time_zone":"Atlantic Time (Canada)","protected":false,"default_profile":false,"is_translator":false},"geo":null,"in_reply_to_user_id_str":"439125710","lang":"en","created_at":"Mon Dec 15 04:22:18 +0000 2014","in_reply_to_status_id_str":"544346359948910592","place":null},
{"contributors":null,"truncated":false,"text":"@Ashton5SOS sorry it was britney spears","in_reply_to_status_id":544346495181271040,"id":544346689528528896,"favorite_count":0,"source":"<a href=\"https://twitter.com/download/android\" rel=\"nofollow\">Twitter for Android Tablets</a>","retweeted":false,"coordinates":null,"entities":{"symbols":[],"user_mentions":[{"id":439125710,"indices":[0,11],"id_str":"439125710","screen_name":"Ashton5SOS","name":"Ashton Irwin"}],"hashtags":[],"urls":[]},"in_reply_to_screen_name":"notmaimgc","id_str":"544346689528528896","retweet_count":0,"in_reply_to_user_id":1536704666,"favorited":false,"user":{"follow_request_sent":false,"profile_use_background_image":true,"profile_text_color":"3D1957","default_profile_image":false,"id":1536704666,"profile_background_image_url_https":"https://pbs.twimg.com/profile_background_images/503529158803083265/Dbfb6lHf.jpeg","verified":false,"profile_location":null,"profile_image_url_https":"https://pbs.twimg.com/profile_images/582011214038839297/LDrj7-jw_normal.jpg","profile_sidebar_fill_color":"7AC3EE","entities":{"description":{"urls":[]}},"followers_count":1724,"profile_sidebar_border_color":"FFFFFF","id_str":"1536704666","profile_background_color":"FFFFFF","listed_count":17,"is_translation_enabled":false,"utc_offset":28800,"statuses_count":33951,"description":"Fire flies and make believe. Was @maitbh","friends_count":380,"location":"5/5","profile_link_color":"050003","profile_image_url":"http://pbs.twimg.com/profile_images/582011214038839297/LDrj7-jw_normal.jpg","following":false,"geo_enabled":true,"profile_banner_url":"https://pbs.twimg.com/profile_banners/1536704666/1418438298","profile_background_image_url":"http://pbs.twimg.com/profile_background_images/503529158803083265/Dbfb6lHf.jpeg","name":"Michael Clifford","lang":"en","profile_background_tile":true,"favourites_count":4098,"screen_name":"notmaimgc","notifications":false,"url":null,"created_at":"Fri Jun 21 15:04:34 +0000 2013","contributors_enabled":false,"time_zone":"Beijing","protected":false,"default_profile":false,"is_translator":false},"geo":null,"in_reply_to_user_id_str":"1536704666","lang":"en","created_at":"Mon Dec 15 04:22:18 +0000 2014","in_reply_to_status_id_str":"544346495181271040","place":null},
{"contributors":null,"truncated":false,"text":"@Ashton5SOS same","in_reply_to_status_id":544346359948910592,"id":544346689553719296,"favorite_count":0,"source":"<a href=\"http://twitter.com/download/iphone\" rel=\"nofollow\">Twitter for iPhone</a>","retweeted":false,"coordinates":null,"entities":{"symbols":[],"user_mentions":[{"id":439125710,"indices":[0,11],"id_str":"439125710","screen_name":"Ashton5SOS","name":"Ashton Irwin"}],"hashtags":[],"urls":[]},"in_reply_to_screen_name":"Ashton5SOS","id_str":"544346689553719296","retweet_count":0,"in_reply_to_user_id":439125710,"favorited":false,"user":{"follow_request_sent":false,"profile_use_background_image":true,"profile_text_color":"333333","default_profile_image":false,"id":551765942,"profile_background_image_url_https":"https://pbs.twimg.com/profile_background_images/432040790101987328/vwdHpSEk.jpeg","verified":false,"profile_location":null,"profile_image_url_https":"https://pbs.twimg.com/profile_images/587532976281399296/CY4WtIHn_normal.jpg","profile_sidebar_fill_color":"DDEEF6","entities":{"url":{"urls":[{"url":"https://t.co/9vKWiI5yxd","indices":[0,23],"expanded_url":"https://twitter.com/irwinsxsmile/status/437142439573200896","display_url":"twitter.com/irwinsxsmile/s…"}]},"description":{"urls":[]}},"followers_count":5039,"profile_sidebar_border_color":"FFFFFF","id_str":"551765942","profile_background_color":"ACDED6","listed_count":18,"is_translation_enabled":false,"utc_offset":39600,"statuses_count":21864,"description":"@ashton5sos: Eating a gingerbread man at 3:34am | bae @F__kUImPunkRock | band/4","friends_count":2295,"location":"m e l b o u r n e , a u s","profile_link_color":"1B1C1B","profile_image_url":"http://pbs.twimg.com/profile_images/587532976281399296/CY4WtIHn_normal.jpg","following":false,"geo_enabled":false,"profile_banner_url":"https://pbs.twimg.com/profile_banners/551765942/1417233123","profile_background_image_url":"http://pbs.twimg.com/profile_background_images/432040790101987328/vwdHpSEk.jpeg","name":"becky ","lang":"en","profile_background_tile":true,"favourites_count":5333,"screen_name":"irwinsxsmile","notifications":false,"url":"https://t.co/9vKWiI5yxd","created_at":"Thu Apr 12 11:17:03 +0000 2012","contributors_enabled":false,"time_zone":"Melbourne","protected":false,"default_profile":false,"is_translator":false},"geo":null,"in_reply_to_user_id_str":"439125710","lang":"en","created_at":"Mon Dec 15 04:22:18 +0000 2014","in_reply_to_status_id_str":"544346359948910592","place":null},
{"contributors":null,"truncated":false,"text":"@Ashton5SOS so scary","in_reply_to_status_id":544346359948910592,"id":544346689596063744,"favorite_count":0,"source":"<a href=\"http://twitter.com/download/iphone\" rel=\"nofollow\">Twitter for iPhone</a>","retweeted":false,"coordinates":null,"entities":{"symbols":[],"user_mentions":[{"id":439125710,"indices":[0,11],"id_str":"439125710","screen_name":"Ashton5SOS","name":"Ashton Irwin"}],"hashtags":[],"urls":[]},"in_reply_to_screen_name":"Ashton5SOS","id_str":"544346689596063744","retweet_count":0,"in_reply_to_user_id":439125710,"favorited":false,"user":{"follow_request_sent":false,"profile_use_background_image":true,"profile_text_color":"333333","default_profile_image":false,"id":615275045,"profile_background_image_url_https":"https://pbs.twimg.com/profile_background_images/488939579425030144/x-hUuDQ2.png","verified":false,"profile_location":null,"profile_image_url_https":"https://pbs.twimg.com/profile_images/567400532457693184/IDf8bPCL_normal.jpeg","profile_sidebar_fill_color":"F6F6F6","entities":{"url":{"urls":[{"url":"https://t.co/NWUa22FuKN","indices":[0,23],"expanded_url":"https://twitter.com/truman_black/status/541088266066595840","display_url":"twitter.com/truman_black/s…"}]},"description":{"urls":[]}},"followers_count":3095,"profile_sidebar_border_color":"FFFFFF","id_str":"615275045","profile_background_color":"FAFAFA","listed_count":38,"is_translation_enabled":false,"utc_offset":-14400,"statuses_count":131587,"description":"{ im just a 20 year old dirtbag now -afi } -----☹/5 luke/4+band","friends_count":745,"location":"","profile_link_color":"26D1C8","profile_image_url":"http://pbs.twimg.com/profile_images/567400532457693184/IDf8bPCL_normal.jpeg","following":false,"geo_enabled":true,"profile_banner_url":"https://pbs.twimg.com/profile_banners/615275045/1418354977","profile_background_image_url":"http://pbs.twimg.com/profile_background_images/488939579425030144/x-hUuDQ2.png","name":"tara","lang":"en","profile_background_tile":true,"favourites_count":17204,"screen_name":"rejectash94","notifications":false,"url":"https://t.co/NWUa22FuKN","created_at":"Fri Jun 22 15:37:49 +0000 2012","contributors_enabled":false,"time_zone":"Atlantic Time (Canada)","protected":false,"default_profile":false,"is_translator":false},"geo":null,"in_reply_to_user_id_str":"439125710","lang":"en","created_at":"Mon Dec 15 04:22:18 +0000 2014","in_reply_to_status_id_str":"544346359948910592","place":null},
{"contributors":null,"truncated":false,"text":"@Ashton5SOS Its sad how this is happening what is happening with this world it seems to be getting crueler and crueler everyday 😔","in_reply_to_status_id":544346359948910592,"id":544346690321276928,"favorite_count":0,"source":"<a href=\"http://twitter.com/download/android\" rel=\"nofollow\">Twitter for Android</a>","retweeted":false,"coordinates":null,"entities":{"symbols":[],"user_mentions":[{"id":439125710,"indices":[0,11],"id_str":"439125710","screen_name":"Ashton5SOS","name":"Ashton Irwin"}],"hashtags":[],"urls":[]},"in_reply_to_screen_name":"Ashton5SOS","id_str":"544346690321276928","retweet_count":0,"in_reply_to_user_id":439125710,"favorited":false,"user":{"follow_request_sent":false,"profile_use_background_image":true,"profile_text_color":"333333","default_profile_image":false,"id":1132694311,"profile_background_image_url_https":"https://pbs.twimg.com/profile_background_images/378800000180410808/MFoJMwjo.png","verified":false,"profile_location":null,"profile_image_url_https":"https://pbs.twimg.com/profile_images/589000191090425856/GBJ-83sy_normal.jpg","profile_sidebar_fill_color":"DDEEF6","entities":{"url":{"urls":[{"url":"https://t.co/a63l1fS8tg","indices":[0,23],"expanded_url":"https://twitter.com/payneapplefruit/status/517568785264279553","display_url":"twitter.com/payneapplefrui…"}]},"description":{"urls":[]}},"followers_count":14001,"profile_sidebar_border_color":"FFFFFF","id_str":"1132694311","profile_background_color":"FAF2FA","listed_count":219,"is_translation_enabled":false,"utc_offset":46800,"statuses_count":103714,"description":"don't take someone's happiness away, it could be the only reason for them to stay.","friends_count":7677,"location":"✨ 0/5 || lrh/4 + band ✨","profile_link_color":"7B36D6","profile_image_url":"http://pbs.twimg.com/profile_images/589000191090425856/GBJ-83sy_normal.jpg","following":false,"geo_enabled":true,"profile_banner_url":"https://pbs.twimg.com/profile_banners/1132694311/1418785526","profile_background_image_url":"http://pbs.twimg.com/profile_background_images/378800000180410808/MFoJMwjo.png","name":"celine // 181 days","lang":"en","profile_background_tile":true,"favourites_count":37038,"screen_name":"payneapplefruit","notifications":false,"url":"https://t.co/a63l1fS8tg","created_at":"Wed Jan 30 02:13:03 +0000 2013","contributors_enabled":false,"time_zone":"Wellington","protected":false,"default_profile":false,"is_translator":false},"geo":null,"in_reply_to_user_id_str":"439125710","lang":"en","created_at":"Mon Dec 15 04:22:19 +0000 2014","in_reply_to_status_id_str":"544346359948910592","place":null},
{"contributors":null,"truncated":false,"text":"@twerkabIe @Ashton5SOS someone that gets me","in_reply_to_status_id":544346372548210689,"id":544346691248201729,"favorite_count":0,"source":"<a href=\"http://twitter.com/download/iphone\" rel=\"nofollow\">Twitter for iPhone</a>","retweeted":false,"coordinates":null,"entities":{"symbols":[],"user_mentions":[{"id":946498016,"indices":[0,10],"id_str":"946498016","screen_name":"twerkabIe","name":"tracy"},{"id":439125710,"indices":[11,22],"id_str":"439125710","screen_name":"Ashton5SOS","name":"Ashton Irwin"}],"hashtags":[],"urls":[]},"in_reply_to_screen_name":"twerkabIe","id_str":"544346691248201729","retweet_count":0,"in_reply_to_user_id":946498016,"favorited":false,"user":{"follow_request_sent":false,"profile_use_background_image":true,"profile_text_color":"333333","default_profile_image":false,"id":2896082521,"profile_background_image_url_https":"https://abs.twimg.com/images/themes/theme1/bg.png","verified":false,"profile_location":null,"profile_image_url_https":"https://pbs.twimg.com/profile_images/541827508346171392/dOzcJOau_normal.jpeg","profile_sidebar_fill_color":"DDEEF6","entities":{"description":{"urls":[]}},"followers_count":711,"profile_sidebar_border_color":"C0DEED","id_str":"2896082521","profile_background_color":"C0DEED","listed_count":1,"is_translation_enabled":false,"utc_offset":null,"statuses_count":1077,"description":"","friends_count":58,"location":"me llamo trinity","profile_link_color":"0084B4","profile_image_url":"http://pbs.twimg.com/profile_images/541827508346171392/dOzcJOau_normal.jpeg","following":false,"geo_enabled":false,"profile_banner_url":"https://pbs.twimg.com/profile_banners/2896082521/1417382066","profile_background_image_url":"http://abs.twimg.com/images/themes/theme1/bg.png","name":"Michael Clifford","lang":"en","profile_background_tile":false,"favourites_count":117,"screen_name":"hclemming","notifications":false,"url":null,"created_at":"Tue Nov 11 00:52:01 +0000 2014","contributors_enabled":false,"time_zone":null,"protected":false,"default_profile":true,"is_translator":false},"geo":null,"in_reply_to_user_id_str":"946498016","lang":"en","created_at":"Mon Dec 15 04:22:19 +0000 2014","in_reply_to_status_id_str":"544346372548210689","place":null},
{"contributors":null,"truncated":false,"text":"@blushingirwin_ lol kill yourself fat","in_reply_to_status_id":544346619333083136,"id":544346691789262848,"favorite_count":0,"source":"<a href=\"https://about.twitter.com/products/tweetdeck\" rel=\"nofollow\">TweetDeck</a>","retweeted":false,"coordinates":null,"entities":{"symbols":[],"user_mentions":[{"id":2597218064,"indices":[0,15],"id_str":"2597218064","screen_name":"blushingirwin_","name":"emily"}],"hashtags":[],"urls":[]},"in_reply_to_screen_name":"blushingirwin_","id_str":"544346691789262848","retweet_count":0,"in_reply_to_user_id":2597218064,"favorited":false,"user":{"follow_request_sent":false,"profile_use_background_image":true,"profile_text_color":"000000","default_profile_image":false,"id":946498016,"profile_background_image_url_https":"https://pbs.twimg.com/profile_background_images/470059564935565312/dJgPyX-4.png","verified":false,"profile_location":null,"profile_image_url_https":"https://pbs.twimg.com/profile_images/545541317892141057/mRn9VpGb_normal.jpeg","profile_sidebar_fill_color":"FFFFFF","entities":{"url":{"urls":[{"url":"http://t.co/KQcWqPpKo1","indices":[0,22],"expanded_url":"http://vine.co/earlobe","display_url":"vine.co/earlobe"}]},"description":{"urls":[]}},"followers_count":59873,"profile_sidebar_border_color":"FFFFFF","id_str":"946498016","profile_background_color":"FFFFFF","listed_count":85,"is_translation_enabled":false,"utc_offset":-28800,"statuses_count":56941,"description":".‧⁺̣˚̣̣*̣̩✧₊̣.̩ delete it fat .‧⁺̣˚̣̣*̣̩✧₊̣.̩","friends_count":334,"location":"insta - displeasings","profile_link_color":"F5ABB5","profile_image_url":"http://pbs.twimg.com/profile_images/545541317892141057/mRn9VpGb_normal.jpeg","following":false,"geo_enabled":false,"profile_banner_url":"https://pbs.twimg.com/profile_banners/946498016/1418902160","profile_background_image_url":"http://pbs.twimg.com/profile_background_images/470059564935565312/dJgPyX-4.png","name":"tracy","lang":"en","profile_background_tile":false,"favourites_count":36518,"screen_name":"twerkabIe","notifications":false,"url":"http://t.co/KQcWqPpKo1","created_at":"Tue Nov 13 20:52:37 +0000 2012","contributors_enabled":false,"time_zone":"Pacific Time (US & Canada)","protected":false,"default_profile":false,"is_translator":false},"geo":null,"in_reply_to_user_id_str":"2597218064","lang":"en","created_at":"Mon Dec 15 04:22:19 +0000 2014","in_reply_to_status_id_str":"544346619333083136","place":null},
{"contributors":null,"truncated":false,"text":"@Ashton5SOS i was waiting for this tweet","in_reply_to_status_id":544346359948910592,"id":544346692259418113,"favorite_count":0,"source":"<a href=\"http://twitter.com/download/iphone\" rel=\"nofollow\">Twitter for iPhone</a>","retweeted":false,"coordinates":null,"entities":{"symbols":[],"user_mentions":[{"id":439125710,"indices":[0,11],"id_str":"439125710","screen_name":"Ashton5SOS","name":"Ashton Irwin"}],"hashtags":[],"urls":[]},"in_reply_to_screen_name":"Ashton5SOS","id_str":"544346692259418113","retweet_count":0,"in_reply_to_user_id":439125710,"favorited":false,"user":{"follow_request_sent":false,"profile_use_background_image":true,"profile_text_color":"333333","default_profile_image":false,"id":2573394642,"profile_background_image_url_https":"https://abs.twimg.com/images/themes/theme1/bg.png","verified":false,"profile_location":null,"profile_image_url_https":"https://pbs.twimg.com/profile_images/488760757547327488/JzTO9jXu_normal.jpeg","profile_sidebar_fill_color":"DDEEF6","entities":{"url":{"urls":[{"url":"https://t.co/U7UBUK94YC","indices":[0,23],"expanded_url":"https://vine.co/v/MlMAWlpQDU1","display_url":"vine.co/v/MlMAWlpQDU1"}]},"description":{"urls":[]}},"followers_count":2501,"profile_sidebar_border_color":"C0DEED","id_str":"2573394642","profile_background_color":"C0DEED","listed_count":7,"is_translation_enabled":false,"utc_offset":-21600,"statuses_count":27070,"description":"i met mayday parade and luke follows me","friends_count":909,"location":"","profile_link_color":"0084B4","profile_image_url":"http://pbs.twimg.com/profile_images/488760757547327488/JzTO9jXu_normal.jpeg","following":false,"geo_enabled":true,"profile_banner_url":"https://pbs.twimg.com/profile_banners/2573394642/1418770477","profile_background_image_url":"http://abs.twimg.com/images/themes/theme1/bg.png","name":"becca","lang":"en","profile_background_tile":false,"favourites_count":6883,"screen_name":"aImondcal","notifications":false,"url":"https://t.co/U7UBUK94YC","created_at":"Tue Jun 17 19:01:39 +0000 2014","contributors_enabled":false,"time_zone":"Central Time (US & Canada)","protected":false,"default_profile":true,"is_translator":false},"geo":null,"in_reply_to_user_id_str":"439125710","lang":"en","created_at":"Mon Dec 15 04:22:19 +0000 2014","in_reply_to_status_id_str":"544346359948910592","place":null},
{"contributors":null,"truncated":false,"text":"@Ashton5SOS love you","in_reply_to_status_id":544346359948910592,"id":544346692498104320,"favorite_count":0,"source":"<a href=\"http://twitter.com/download/iphone\" rel=\"nofollow\">Twitter for iPhone</a>","retweeted":false,"coordinates":null,"entities":{"symbols":[],"user_mentions":[{"id":439125710,"indices":[0,11],"id_str":"439125710","screen_name":"Ashton5SOS","name":"Ashton Irwin"}],"hashtags":[],"urls":[]},"in_reply_to_screen_name":"Ashton5SOS","id_str":"544346692498104320","retweet_count":0,"in_reply_to_user_id":439125710,"favorited":false,"user":{"follow_request_sent":false,"profile_use_background_image":false,"profile_text_color":"000000","default_profile_image":false,"id":2471653495,"profile_background_image_url_https":"https://abs.twimg.com/images/themes/theme1/bg.png","verified":false,"profile_location":null,"profile_image_url_https":"https://pbs.twimg.com/profile_images/570855062869659649/QSOzHV_3_normal.jpeg","profile_sidebar_fill_color":"000000","entities":{"url":{"urls":[{"url":"https://t.co/dwYinTGwNg","indices":[0,23],"expanded_url":"https://twitter.com/cityteenafi/status/545100140600512513","display_url":"twitter.com/cityteenafi/st…"}]},"description":{"urls":[]}},"followers_count":2784,"profile_sidebar_border_color":"000000","id_str":"2471653495","profile_background_color":"000000","listed_count":33,"is_translation_enabled":false,"utc_offset":-21600,"statuses_count":25589,"description":"@lonelyfuckboy: when u losten to the moxtape u made hannah n u be gay","friends_count":135,"location":"","profile_link_color":"0A0A0A","profile_image_url":"http://pbs.twimg.com/profile_images/570855062869659649/QSOzHV_3_normal.jpeg","following":false,"geo_enabled":false,"profile_banner_url":"https://pbs.twimg.com/profile_banners/2471653495/1417757913","profile_background_image_url":"http://abs.twimg.com/images/themes/theme1/bg.png","name":"han","lang":"en","profile_background_tile":false,"favourites_count":8241,"screen_name":"cityteenafi","notifications":false,"url":"https://t.co/dwYinTGwNg","created_at":"Wed Apr 30 23:42:33 +0000 2014","contributors_enabled":false,"time_zone":"Central Time (US & Canada)","protected":false,"default_profile":false,"is_translator":false},"geo":null,"in_reply_to_user_id_str":"439125710","lang":"en","created_at":"Mon Dec 15 04:22:19 +0000 2014","in_reply_to_status_id_str":"544346359948910592","place":null},
{"contributors":null,"truncated":false,"text":"@Ashton5SOS this is so sad","in_reply_to_status_id":544346359948910592,"id":544346694398513152,"favorite_count":0,"source":"<a href=\"http://twitter.com/download/iphone\" rel=\"nofollow\">Twitter for iPhone</a>","retweeted":false,"coordinates":null,"entities":{"symbols":[],"user_mentions":[{"id":439125710,"indices":[0,11],"id_str":"439125710","screen_name":"Ashton5SOS","name":"Ashton Irwin"}],"hashtags":[],"urls":[]},"in_reply_to_screen_name":"Ashton5SOS","id_str":"544346694398513152","retweet_count":0,"in_reply_to_user_id":439125710,"favorited":false,"user":{"follow_request_sent":false,"profile_use_background_image":true,"profile_text_color":"FC4A1C","default_profile_image":false,"id":1212570565,"profile_background_image_url_https":"https://pbs.twimg.com/profile_background_images/378800000144555281/GNGxMWyz.jpeg","verified":false,"profile_location":null,"profile_image_url_https":"https://pbs.twimg.com/profile_images/587440786012266496/OyGsbxOG_normal.jpg","profile_sidebar_fill_color":"FD2818","entities":{"description":{"urls":[]}},"followers_count":7643,"profile_sidebar_border_color":"FFFFFF","id_str":"1212570565","profile_background_color":"FFFFFF","listed_count":78,"is_translation_enabled":false,"utc_offset":-16200,"statuses_count":65292,"description":"@Harry_Styles: @NiallOfficial is your email still da_pimp_is_ere@dapimpmail.com?","friends_count":4405,"location":"britt || dani ♡","profile_link_color":"ABB8C2","profile_image_url":"http://pbs.twimg.com/profile_images/587440786012266496/OyGsbxOG_normal.jpg","following":false,"geo_enabled":false,"profile_banner_url":"https://pbs.twimg.com/profile_banners/1212570565/1418402873","profile_background_image_url":"http://pbs.twimg.com/profile_background_images/378800000144555281/GNGxMWyz.jpeg","name":"marce ☼","lang":"en","profile_background_tile":true,"favourites_count":12077,"screen_name":"irwinmyhoran","notifications":false,"url":null,"created_at":"Sat Feb 23 15:54:36 +0000 2013","contributors_enabled":false,"time_zone":"Caracas","protected":false,"default_profile":false,"is_translator":false},"geo":null,"in_reply_to_user_id_str":"439125710","lang":"en","created_at":"Mon Dec 15 04:22:20 +0000 2014","in_reply_to_status_id_str":"544346359948910592","place":null},
{"contributors":null,"truncated":false,"text":"@Ashton5SOS aww bby","in_reply_to_status_id":544346359948910592,"id":544346695480651776,"favorite_count":0,"source":"<a href=\"http://twitter.com/download/iphone\" rel=\"nofollow\">Twitter for iPhone</a>","retweeted":false,"coordinates":null,"entities":{"symbols":[],"user_mentions":[{"id":439125710,"indices":[0,11],"id_str":"439125710","screen_name":"Ashton5SOS","name":"Ashton Irwin"}],"hashtags":[],"urls":[]},"in_reply_to_screen_name":"Ashton5SOS","id_str":"544346695480651776","retweet_count":0,"in_reply_to_user_id":439125710,"favorited":false,"user":{"follow_request_sent":false,"profile_use_background_image":true,"profile_text_color":"333333","default_profile_image":false,"id":2369884166,"profile_background_image_url_https":"https://abs.twimg.com/images/themes/theme1/bg.png","verified":false,"profile_location":null,"profile_image_url_https":"https://pbs.twimg.com/profile_images/589981368882368512/JxEH4wlM_normal.jpg","profile_sidebar_fill_color":"DDEEF6","entities":{"description":{"urls":[]}},"followers_count":3915,"profile_sidebar_border_color":"C0DEED","id_str":"2369884166","profile_background_color":"C0DEED","listed_count":11,"is_translation_enabled":false,"utc_offset":-25200,"statuses_count":8863,"description":"@silentmgc: we will meet them","friends_count":2004,"location":"la","profile_link_color":"0084B4","profile_image_url":"http://pbs.twimg.com/profile_images/589981368882368512/JxEH4wlM_normal.jpg","following":false,"geo_enabled":false,"profile_banner_url":"https://pbs.twimg.com/profile_banners/2369884166/1415475978","profile_background_image_url":"http://abs.twimg.com/images/themes/theme1/bg.png","name":"jimena,,!","lang":"en","profile_background_tile":false,"favourites_count":4346,"screen_name":"lucasthedork","notifications":false,"url":null,"created_at":"Mon Mar 03 05:12:27 +0000 2014","contributors_enabled":false,"time_zone":"Arizona","protected":false,"default_profile":true,"is_translator":false},"geo":null,"in_reply_to_user_id_str":"439125710","lang":"en","created_at":"Mon Dec 15 04:22:20 +0000 2014","in_reply_to_status_id_str":"544346359948910592","place":null},
{"contributors":null,"truncated":false,"text":"@Ashton5SOS fuck ISIS.","in_reply_to_status_id":544346359948910592,"id":544346700203425792,"favorite_count":0,"source":"<a href=\"http://twitter.com/download/iphone\" rel=\"nofollow\">Twitter for iPhone</a>","retweeted":false,"coordinates":null,"entities":{"symbols":[],"user_mentions":[{"id":439125710,"indices":[0,11],"id_str":"439125710","screen_name":"Ashton5SOS","name":"Ashton Irwin"}],"hashtags":[],"urls":[]},"in_reply_to_screen_name":"Ashton5SOS","id_str":"544346700203425792","retweet_count":0,"in_reply_to_user_id":439125710,"favorited":false,"user":{"follow_request_sent":false,"profile_use_background_image":true,"profile_text_color":"333333","default_profile_image":false,"id":301294515,"profile_background_image_url_https":"https://abs.twimg.com/images/themes/theme1/bg.png","verified":false,"profile_location":null,"profile_image_url_https":"https://pbs.twimg.com/profile_images/549756009875771392/Q9WkPjeO_normal.jpeg","profile_sidebar_fill_color":"DDEEF6","entities":{"description":{"urls":[]}},"followers_count":2034,"profile_sidebar_border_color":"C0DEED","id_str":"301294515","profile_background_color":"C0DEED","listed_count":14,"is_translation_enabled":false,"utc_offset":null,"statuses_count":98071,"description":"Angel, Rattie, Selenator and mainly Katykittencat :3 Cody follows this account.","friends_count":1083,"location":"Bad Schwartau, Germany","profile_link_color":"0084B4","profile_image_url":"http://pbs.twimg.com/profile_images/549756009875771392/Q9WkPjeO_normal.jpeg","following":false,"geo_enabled":true,"profile_banner_url":"https://pbs.twimg.com/profile_banners/301294515/1382894688","profile_background_image_url":"http://abs.twimg.com/images/themes/theme1/bg.png","name":"Niklas","lang":"de","profile_background_tile":false,"favourites_count":183215,"screen_name":"Khalidafan","notifications":false,"url":null,"created_at":"Thu May 19 06:59:35 +0000 2011","contributors_enabled":false,"time_zone":null,"protected":false,"default_profile":true,"is_translator":false},"geo":null,"in_reply_to_user_id_str":"439125710","lang":"en","created_at":"Mon Dec 15 04:22:21 +0000 2014","in_reply_to_status_id_str":"544346359948910592","place":null},
{"contributors":null,"truncated":false,"text":"@Ashton5SOS me too ash","in_reply_to_status_id":544346359948910592,"id":544346701385854976,"favorite_count":0,"source":"<a href=\"http://twitter.com/download/iphone\" rel=\"nofollow\">Twitter for iPhone</a>","retweeted":false,"coordinates":null,"entities":{"symbols":[],"user_mentions":[{"id":439125710,"indices":[0,11],"id_str":"439125710","screen_name":"Ashton5SOS","name":"Ashton Irwin"}],"hashtags":[],"urls":[]},"in_reply_to_screen_name":"Ashton5SOS","id_str":"544346701385854976","retweet_count":0,"in_reply_to_user_id":439125710,"favorited":false,"user":{"follow_request_sent":false,"profile_use_background_image":true,"profile_text_color":"333333","default_profile_image":false,"id":770387748,"profile_background_image_url_https":"https://pbs.twimg.com/profile_background_images/507530194177888256/m0VKtKtb.jpeg","verified":false,"profile_location":null,"profile_image_url_https":"https://pbs.twimg.com/profile_images/512002040994594816/zd93BKNt_normal.jpeg","profile_sidebar_fill_color":"DDEEF6","entities":{"description":{"urls":[]}},"followers_count":1903,"profile_sidebar_border_color":"FFFFFF","id_str":"770387748","profile_background_color":"F781BA","listed_count":3,"is_translation_enabled":false,"utc_offset":-18000,"statuses_count":11414,"description":"You light the sky just like a star ⭐️\nOlly Murs follows! Luke/4 :)♥","friends_count":1149,"location":"Hockeytown","profile_link_color":"FF2B67","profile_image_url":"http://pbs.twimg.com/profile_images/512002040994594816/zd93BKNt_normal.jpeg","following":false,"geo_enabled":false,"profile_banner_url":"https://pbs.twimg.com/profile_banners/770387748/1404090775","profile_background_image_url":"http://pbs.twimg.com/profile_background_images/507530194177888256/m0VKtKtb.jpeg","name":"Kimmm♡/ILY LUKE","lang":"en","profile_background_tile":true,"favourites_count":717,"screen_name":"xokimxx","notifications":false,"url":null,"created_at":"Mon Aug 20 23:05:15 +0000 2012","contributors_enabled":false,"time_zone":"Eastern Time (US & Canada)","protected":false,"default_profile":false,"is_translator":false},"geo":null,"in_reply_to_user_id_str":"439125710","lang":"en","created_at":"Mon Dec 15 04:22:21 +0000 2014","in_reply_to_status_id_str":"544346359948910592","place":null},
{"contributors":null,"truncated":false,"text":"@Ashton5SOS ily","in_reply_to_status_id":544346359948910592,"id":544346702119829504,"favorite_count":0,"source":"<a href=\"http://twitter.com/download/iphone\" rel=\"nofollow\">Twitter for iPhone</a>","retweeted":false,"coordinates":null,"entities":{"symbols":[],"user_mentions":[{"id":439125710,"indices":[0,11],"id_str":"439125710","screen_name":"Ashton5SOS","name":"Ashton Irwin"}],"hashtags":[],"urls":[]},"in_reply_to_screen_name":"Ashton5SOS","id_str":"544346702119829504","retweet_count":0,"in_reply_to_user_id":439125710,"favorited":false,"user":{"follow_request_sent":false,"profile_use_background_image":true,"profile_text_color":"333333","default_profile_image":false,"id":2556786174,"profile_background_image_url_https":"https://abs.twimg.com/images/themes/theme1/bg.png","verified":false,"profile_location":null,"profile_image_url_https":"https://pbs.twimg.com/profile_images/590181042302029824/M09Ksz7J_normal.jpg","profile_sidebar_fill_color":"DDEEF6","entities":{"description":{"urls":[]}},"followers_count":18219,"profile_sidebar_border_color":"C0DEED","id_str":"2556786174","profile_background_color":"C0DEED","listed_count":48,"is_translation_enabled":false,"utc_offset":-21600,"statuses_count":53224,"description":"⠀⠀⠀⠀⠀⠀⠀⠀⠀⠀⠀⠀⠀⠀⠀⠀⠀⠀⠀⠀⠀⠀⠀⠀⠀⠀⠀⠀⠀⠀ ♡ multi-fandom mess ♡","friends_count":125,"location":"cher,5h,twainz,and more follow","profile_link_color":"6A00F5","profile_image_url":"http://pbs.twimg.com/profile_images/590181042302029824/M09Ksz7J_normal.jpg","following":false,"geo_enabled":false,"profile_banner_url":"https://pbs.twimg.com/profile_banners/2556786174/1418609517","profile_background_image_url":"http://abs.twimg.com/images/themes/theme1/bg.png","name":"makayla,,","lang":"en","profile_background_tile":false,"favourites_count":37221,"screen_name":"cheremoji","notifications":false,"url":null,"created_at":"Mon Jun 09 12:51:17 +0000 2014","contributors_enabled":false,"time_zone":"Central Time (US & Canada)","protected":false,"default_profile":false,"is_translator":false},"geo":null,"in_reply_to_user_id_str":"439125710","lang":"und","created_at":"Mon Dec 15 04:22:21 +0000 2014","in_reply_to_status_id_str":"544346359948910592","place":null},
{"contributors":null,"truncated":false,"text":"@Ashton5SOS everything is gonna be fine 💪","in_reply_to_status_id":544346359948910592,"id":544346705462710273,"favorite_count":0,"source":"<a href=\"http://twitter.com/download/android\" rel=\"nofollow\">Twitter for Android</a>","retweeted":false,"coordinates":null,"entities":{"symbols":[],"user_mentions":[{"id":439125710,"indices":[0,11],"id_str":"439125710","screen_name":"Ashton5SOS","name":"Ashton Irwin"}],"hashtags":[],"urls":[]},"in_reply_to_screen_name":"Ashton5SOS","id_str":"544346705462710273","retweet_count":0,"in_reply_to_user_id":439125710,"favorited":false,"user":{"follow_request_sent":false,"profile_use_background_image":true,"profile_text_color":"333333","default_profile_image":false,"id":2391884450,"profile_background_image_url_https":"https://pbs.twimg.com/profile_background_images/520562262751211521/sTBrZNSP.jpeg","verified":false,"profile_location":null,"profile_image_url_https":"https://pbs.twimg.com/profile_images/588010051891236864/i4jff61i_normal.jpg","profile_sidebar_fill_color":"DDEEF6","entities":{"url":{"urls":[{"url":"https://t.co/arj8z8ArfT","indices":[0,23],"expanded_url":"https://twitter.com/CalAshLukeMich/status/532152090693349376","display_url":"twitter.com/CalAshLukeMich…"}]},"description":{"urls":[]}},"followers_count":12298,"profile_sidebar_border_color":"FFFFFF","id_str":"2391884450","profile_background_color":"C0DEED","listed_count":25,"is_translation_enabled":false,"utc_offset":28800,"statuses_count":21252,"description":"There is nothing worse in the world than thinking you have a chance when you really dont. Is it illegal to have 4 sunshines?   // I WILL WAIT FOR AFI, CTH, MGC.","friends_count":9730,"location":"In your heart (SG) lrh/4+Band","profile_link_color":"9900FF","profile_image_url":"http://pbs.twimg.com/profile_images/588010051891236864/i4jff61i_normal.jpg","following":false,"geo_enabled":false,"profile_banner_url":"https://pbs.twimg.com/profile_banners/2391884450/1417847964","profile_background_image_url":"http://pbs.twimg.com/profile_background_images/520562262751211521/sTBrZNSP.jpeg","name":"LongWayHome ❄","lang":"en","profile_background_tile":true,"favourites_count":4417,"screen_name":"CalAshLukeMich","notifications":false,"url":"https://t.co/arj8z8ArfT","created_at":"Sun Mar 16 01:37:52 +0000 2014","contributors_enabled":false,"time_zone":"Singapore","protected":false,"default_profile":false,"is_translator":false},"geo":null,"in_reply_to_user_id_str":"439125710","lang":"en","created_at":"Mon Dec 15 04:22:22 +0000 2014","in_reply_to_status_id_str":"544346359948910592","place":null},
{"contributors":null,"truncated":false,"text":"“@Ashton5SOS: Hearing about the hostage situation in Sydney, I hope everything calms soon, and no one is harmed”","in_reply_to_status_id":544346359948910592,"id":544346707287236610,"favorite_count":0,"source":"<a href=\"http://twitter.com/download/iphone\" rel=\"nofollow\">Twitter for iPhone</a>","retweeted":false,"coordinates":null,"entities":{"symbols":[],"user_mentions":[{"id":439125710,"indices":[1,12],"id_str":"439125710","screen_name":"Ashton5SOS","name":"Ashton Irwin"}],"hashtags":[],"urls":[]},"in_reply_to_screen_name":"Ashton5SOS","id_str":"544346707287236610","retweet_count":0,"in_reply_to_user_id":439125710,"favorited":false,"user":{"follow_request_sent":false,"profile_use_background_image":true,"profile_text_color":"333333","default_profile_image":false,"id":2857624428,"profile_background_image_url_https":"https://abs.twimg.com/images/themes/theme1/bg.png","verified":false,"profile_location":null,"profile_image_url_https":"https://pbs.twimg.com/profile_images/582375869106118656/GH1uicTR_normal.jpg","profile_sidebar_fill_color":"DDEEF6","entities":{"description":{"urls":[{"url":"http://t.co/otswafjXnq","indices":[21,43],"expanded_url":"http://goo.gl/forms/7Avoxj3J6G","display_url":"goo.gl/forms/7Avoxj3J…"},{"url":"http://t.co/1uvejWcu2w","indices":[124,146],"expanded_url":"http://ask.fm/SOSUpdates_CA","display_url":"ask.fm/SOSUpdates_CA"}]}},"followers_count":1729,"profile_sidebar_border_color":"C0DEED","id_str":"2857624428","profile_background_color":"C0DEED","listed_count":0,"is_translation_enabled":false,"utc_offset":null,"statuses_count":1787,"description":"Insider Application ~http://t.co/otswafjXnq ••• Boys Location : LA,CA Next Show: LA for  Peoples magazine awards Dec.18 ••• http://t.co/1uvejWcu2w","friends_count":1378,"location":"","profile_link_color":"0084B4","profile_image_url":"http://pbs.twimg.com/profile_images/582375869106118656/GH1uicTR_normal.jpg","following":false,"geo_enabled":false,"profile_banner_url":"https://pbs.twimg.com/profile_banners/2857624428/1417759055","profile_background_image_url":"http://abs.twimg.com/images/themes/theme1/bg.png","name":"5SOS updates ✖️","lang":"en","profile_background_tile":false,"favourites_count":199,"screen_name":"5SOSUpdates_CA","notifications":false,"url":null,"created_at":"Thu Oct 16 06:01:03 +0000 2014","contributors_enabled":false,"time_zone":null,"protected":false,"default_profile":true,"is_translator":false},"geo":null,"in_reply_to_user_id_str":"439125710","lang":"en","created_at":"Mon Dec 15 04:22:23 +0000 2014","in_reply_to_status_id_str":"544346359948910592","place":null},
{"contributors":null,"truncated":false,"text":"@Ashton5SOS same","in_reply_to_status_id":544346359948910592,"id":544346711120818176,"favorite_count":0,"source":"<a href=\"http://twitter.com/download/iphone\" rel=\"nofollow\">Twitter for iPhone</a>","retweeted":false,"coordinates":null,"entities":{"symbols":[],"user_mentions":[{"id":439125710,"indices":[0,11],"id_str":"439125710","screen_name":"Ashton5SOS","name":"Ashton Irwin"}],"hashtags":[],"urls":[]},"in_reply_to_screen_name":"Ashton5SOS","id_str":"544346711120818176","retweet_count":0,"in_reply_to_user_id":439125710,"favorited":false,"user":{"follow_request_sent":false,"profile_use_background_image":true,"profile_text_color":"333333","default_profile_image":false,"id":238103606,"profile_background_image_url_https":"https://pbs.twimg.com/profile_background_images/378800000029272059/2421bb7fa997026d93f231193771ecfb.png","verified":false,"profile_location":null,"profile_image_url_https":"https://pbs.twimg.com/profile_images/549317072853811200/UyFqEiy5_normal.jpeg","profile_sidebar_fill_color":"E6F6F9","entities":{"url":{"urls":[{"url":"https://t.co/tQhWRXgL0g","indices":[0,23],"expanded_url":"https://twitter.com/james_yammouni/status/383053274946891776","display_url":"twitter.com/james_yammouni…"}]},"description":{"urls":[]}},"followers_count":8008,"profile_sidebar_border_color":"FFFFFF","id_str":"238103606","profile_background_color":"B608F5","listed_count":45,"is_translation_enabled":false,"utc_offset":36000,"statuses_count":96108,"description":"*was @LuksJamLips* 5SOS & Youtubers | James tweeted. 4/5 0/4 3/3 met 3/4 vamps 6/6/14","friends_count":3742,"location":"Brisbane, Australia ","profile_link_color":"C733CC","profile_image_url":"http://pbs.twimg.com/profile_images/549317072853811200/UyFqEiy5_normal.jpeg","following":false,"geo_enabled":true,"profile_banner_url":"https://pbs.twimg.com/profile_banners/238103606/1417349742","profile_background_image_url":"http://pbs.twimg.com/profile_background_images/378800000029272059/2421bb7fa997026d93f231193771ecfb.png","name":"мαddу","lang":"en","profile_background_tile":true,"favourites_count":31358,"screen_name":"MichaelsBootie","notifications":false,"url":"https://t.co/tQhWRXgL0g","created_at":"Fri Jan 14 11:08:37 +0000 2011","contributors_enabled":false,"time_zone":"Brisbane","protected":false,"default_profile":false,"is_translator":false},"geo":null,"in_reply_to_user_id_str":"439125710","lang":"en","created_at":"Mon Dec 15 04:22:24 +0000 2014","in_reply_to_status_id_str":"544346359948910592","place":null},
{"contributors":null,"truncated":false,"text":"@Ashton5SOS I saw the news about it this morning! And yes I hope so :(","in_reply_to_status_id":544346359948910592,"id":544346713545113600,"favorite_count":0,"source":"<a href=\"http://twitter.com/download/iphone\" rel=\"nofollow\">Twitter for iPhone</a>","retweeted":false,"coordinates":null,"entities":{"symbols":[],"user_mentions":[{"id":439125710,"indices":[0,11],"id_str":"439125710","screen_name":"Ashton5SOS","name":"Ashton Irwin"}],"hashtags":[],"urls":[]},"in_reply_to_screen_name":"Ashton5SOS","id_str":"544346713545113600","retweet_count":0,"in_reply_to_user_id":439125710,"favorited":false,"user":{"follow_request_sent":false,"profile_use_background_image":false,"profile_text_color":"A64EFF","default_profile_image":false,"id":110669963,"profile_background_image_url_https":"https://pbs.twimg.com/profile_background_images/378800000160146086/GUnHZmFQ.jpeg","verified":false,"profile_location":null,"profile_image_url_https":"https://pbs.twimg.com/profile_images/552115996719194112/pw9IlcEf_normal.jpeg","profile_sidebar_fill_color":"FFE7E6","entities":{"description":{"urls":[]}},"followers_count":2050,"profile_sidebar_border_color":"FFFFFF","id_str":"110669963","profile_background_color":"FFFFFF","listed_count":14,"is_translation_enabled":false,"utc_offset":-28800,"statuses_count":16815,"description":"18 || Some people have lives some people have music","friends_count":556,"location":"somewhere tropical ","profile_link_color":"ABB8C2","profile_image_url":"http://pbs.twimg.com/profile_images/552115996719194112/pw9IlcEf_normal.jpeg","following":false,"geo_enabled":false,"profile_banner_url":"https://pbs.twimg.com/profile_banners/110669963/1418255880","profile_background_image_url":"http://pbs.twimg.com/profile_background_images/378800000160146086/GUnHZmFQ.jpeg","name":"。","lang":"en","profile_background_tile":false,"favourites_count":3382,"screen_name":"hellahemms","notifications":false,"url":null,"created_at":"Tue Feb 02 10:53:52 +0000 2010","contributors_enabled":false,"time_zone":"Pacific Time (US & Canada)","protected":false,"default_profile":false,"is_translator":false},"geo":null,"in_reply_to_user_id_str":"439125710","lang":"en","created_at":"Mon Dec 15 04:22:24 +0000 2014","in_reply_to_status_id_str":"544346359948910592","place":null},
{"contributors":null,"truncated":false,"text":"@twerkabIe @blushingirwin_ Omfg don't say that! It cab scar someone! Fudge you!","in_reply_to_status_id":544346691789262848,"id":544346910618701824,"favorite_count":1,"source":"<a href=\"http://twitter.com/download/android\" rel=\"nofollow\">Twitter for Android</a>","retweeted":false,"coordinates":null,"entities":{"symbols":[],"user_mentions":[{"id":946498016,"indices":[0,10],"id_str":"946498016","screen_name":"twerkabIe","name":"tracy"},{"id":2597218064,"indices":[11,26],"id_str":"2597218064","screen_name":"blushingirwin_","name":"emily"}],"hashtags":[],"urls":[]},"in_reply_to_screen_name":"twerkabIe","id_str":"544346910618701824","retweet_count":0,"in_reply_to_user_id":946498016,"favorited":false,"user":{"follow_request_sent":false,"profile_use_background_image":true,"profile_text_color":"333333","default_profile_image":false,"id":1340763638,"profile_background_image_url_https":"https://abs.twimg.com/images/themes/theme1/bg.png","verified":false,"profile_location":null,"profile_image_url_https":"https://pbs.twimg.com/profile_images/572166781629952000/3A9-_0yH_normal.jpeg","profile_sidebar_fill_color":"DDEEF6","entities":{"description":{"urls":[]}},"followers_count":517,"profile_sidebar_border_color":"C0DEED","id_str":"1340763638","profile_background_color":"C0DEED","listed_count":2,"is_translation_enabled":false,"utc_offset":-21600,"statuses_count":2026,"description":"I tweet to 4/4 and 5/5 'Ignore this if you are my boyfriend.' And they always ignore me... So were obviously going out ;) Anna Todd liked my tweet to her! Nov.1","friends_count":775,"location":"Dallas,Texas","profile_link_color":"F70A0E","profile_image_url":"http://pbs.twimg.com/profile_images/572166781629952000/3A9-_0yH_normal.jpeg","following":false,"geo_enabled":true,"profile_banner_url":"https://pbs.twimg.com/profile_banners/1340763638/1405209031","profile_background_image_url":"http://abs.twimg.com/images/themes/theme1/bg.png","name":"Please Michael? ","lang":"en","profile_background_tile":false,"favourites_count":3282,"screen_name":"Twerking_Malik","notifications":false,"url":null,"created_at":"Wed Apr 10 01:59:43 +0000 2013","contributors_enabled":false,"time_zone":"Central Time (US & Canada)","protected":false,"default_profile":false,"is_translator":false},"geo":null,"in_reply_to_user_id_str":"946498016","lang":"en","created_at":"Mon Dec 15 04:23:11 +0000 2014","in_reply_to_status_id_str":"544346691789262848","place":null},
{"contributors":null,"truncated":false,"text":"@twerkabIe @blushingirwin_ u can't tell someone to fucking kill themselves!People like you are the reason fandoms get such a bad reputation","in_reply_to_status_id":544346691789262848,"id":544348647748403200,"favorite_count":1,"source":"<a href=\"http://twitter.com/download/iphone\" rel=\"nofollow\">Twitter for iPhone</a>","retweeted":false,"coordinates":null,"entities":{"symbols":[],"user_mentions":[{"id":946498016,"indices":[0,10],"id_str":"946498016","screen_name":"twerkabIe","name":"tracy"},{"id":2597218064,"indices":[11,26],"id_str":"2597218064","screen_name":"blushingirwin_","name":"emily"}],"hashtags":[],"urls":[]},"in_reply_to_screen_name":"twerkabIe","id_str":"544348647748403200","retweet_count":0,"in_reply_to_user_id":946498016,"favorited":false,"user":{"follow_request_sent":false,"profile_use_background_image":true,"profile_text_color":"333333","default_profile_image":false,"id":2180392973,"profile_background_image_url_https":"https://abs.twimg.com/images/themes/theme1/bg.png","verified":false,"profile_location":null,"profile_image_url_https":"https://pbs.twimg.com/profile_images/580540464853585921/Pb6P1VXm_normal.jpg","profile_sidebar_fill_color":"DDEEF6","entities":{"description":{"urls":[]}},"followers_count":812,"profile_sidebar_border_color":"C0DEED","id_str":"2180392973","profile_background_color":"C0DEED","listed_count":6,"is_translation_enabled":false,"utc_offset":null,"statuses_count":6443,"description":"I'm just a social casualty","friends_count":1366,"location":"South Africa ","profile_link_color":"0084B4","profile_image_url":"http://pbs.twimg.com/profile_images/580540464853585921/Pb6P1VXm_normal.jpg","following":false,"geo_enabled":true,"profile_banner_url":"https://pbs.twimg.com/profile_banners/2180392973/1416121785","profile_background_image_url":"http://abs.twimg.com/images/themes/theme1/bg.png","name":"Dani","lang":"en","profile_background_tile":false,"favourites_count":1071,"screen_name":"waso_dani","notifications":false,"url":null,"created_at":"Thu Nov 14 04:42:56 +0000 2013","contributors_enabled":false,"time_zone":null,"protected":false,"default_profile":true,"is_translator":false},"geo":null,"in_reply_to_user_id_str":"946498016","lang":"en","created_at":"Mon Dec 15 04:30:05 +0000 2014","in_reply_to_status_id_str":"544346691789262848","place":null},
{"contributors":null,"truncated":false,"text":"@waso_dani @blushingirwin_ ok mom","in_reply_to_status_id":544348647748403200,"id":544348713380900864,"favorite_count":0,"source":"<a href=\"https://about.twitter.com/products/tweetdeck\" rel=\"nofollow\">TweetDeck</a>","retweeted":false,"coordinates":null,"entities":{"symbols":[],"user_mentions":[{"id":2180392973,"indices":[0,10],"id_str":"2180392973","screen_name":"waso_dani","name":"Dani"},{"id":2597218064,"indices":[11,26],"id_str":"2597218064","screen_name":"blushingirwin_","name":"emily"}],"hashtags":[],"urls":[]},"in_reply_to_screen_name":"waso_dani","id_str":"544348713380900864","retweet_count":0,"in_reply_to_user_id":2180392973,"favorited":false,"user":{"follow_request_sent":false,"profile_use_background_image":true,"profile_text_color":"000000","default_profile_image":false,"id":946498016,"profile_background_image_url_https":"https://pbs.twimg.com/profile_background_images/470059564935565312/dJgPyX-4.png","verified":false,"profile_location":null,"profile_image_url_https":"https://pbs.twimg.com/profile_images/545541317892141057/mRn9VpGb_normal.jpeg","profile_sidebar_fill_color":"FFFFFF","entities":{"url":{"urls":[{"url":"http://t.co/KQcWqPpKo1","indices":[0,22],"expanded_url":"http://vine.co/earlobe","display_url":"vine.co/earlobe"}]},"description":{"urls":[]}},"followers_count":59869,"profile_sidebar_border_color":"FFFFFF","id_str":"946498016","profile_background_color":"FFFFFF","listed_count":85,"is_translation_enabled":false,"utc_offset":-28800,"statuses_count":56942,"description":".‧⁺̣˚̣̣*̣̩✧₊̣.̩ delete it fat .‧⁺̣˚̣̣*̣̩✧₊̣.̩","friends_count":335,"location":"insta - displeasings","profile_link_color":"F5ABB5","profile_image_url":"http://pbs.twimg.com/profile_images/545541317892141057/mRn9VpGb_normal.jpeg","following":false,"geo_enabled":false,"profile_banner_url":"https://pbs.twimg.com/profile_banners/946498016/1418902160","profile_background_image_url":"http://pbs.twimg.com/profile_background_images/470059564935565312/dJgPyX-4.png","name":"tracy","lang":"en","profile_background_tile":false,"favourites_count":36520,"screen_name":"twerkabIe","notifications":false,"url":"http://t.co/KQcWqPpKo1","created_at":"Tue Nov 13 20:52:37 +0000 2012","contributors_enabled":false,"time_zone":"Pacific Time (US & Canada)","protected":false,"default_profile":false,"is_translator":false},"geo":null,"in_reply_to_user_id_str":"2180392973","lang":"en","created_at":"Mon Dec 15 04:30:21 +0000 2014","in_reply_to_status_id_str":"544348647748403200","place":null},
{"contributors":null,"truncated":false,"text":"@twerkabIe @blushingirwin_ 😊 please don't waste my time with you idiocy, it's annoying.","in_reply_to_status_id":544348713380900864,"id":544349184980033536,"favorite_count":0,"source":"<a href=\"http://twitter.com/download/iphone\" rel=\"nofollow\">Twitter for iPhone</a>","retweeted":false,"coordinates":null,"entities":{"symbols":[],"user_mentions":[{"id":946498016,"indices":[0,10],"id_str":"946498016","screen_name":"twerkabIe","name":"tracy"},{"id":2597218064,"indices":[11,26],"id_str":"2597218064","screen_name":"blushingirwin_","name":"emily"}],"hashtags":[],"urls":[]},"in_reply_to_screen_name":"twerkabIe","id_str":"544349184980033536","retweet_count":0,"in_reply_to_user_id":946498016,"favorited":false,"user":{"follow_request_sent":false,"profile_use_background_image":true,"profile_text_color":"333333","default_profile_image":false,"id":2180392973,"profile_background_image_url_https":"https://abs.twimg.com/images/themes/theme1/bg.png","verified":false,"profile_location":null,"profile_image_url_https":"https://pbs.twimg.com/profile_images/580540464853585921/Pb6P1VXm_normal.jpg","profile_sidebar_fill_color":"DDEEF6","entities":{"description":{"urls":[]}},"followers_count":812,"profile_sidebar_border_color":"C0DEED","id_str":"2180392973","profile_background_color":"C0DEED","listed_count":6,"is_translation_enabled":false,"utc_offset":null,"statuses_count":6443,"description":"I'm just a social casualty","friends_count":1366,"location":"South Africa ","profile_link_color":"0084B4","profile_image_url":"http://pbs.twimg.com/profile_images/580540464853585921/Pb6P1VXm_normal.jpg","following":false,"geo_enabled":true,"profile_banner_url":"https://pbs.twimg.com/profile_banners/2180392973/1416121785","profile_background_image_url":"http://abs.twimg.com/images/themes/theme1/bg.png","name":"Dani","lang":"en","profile_background_tile":false,"favourites_count":1071,"screen_name":"waso_dani","notifications":false,"url":null,"created_at":"Thu Nov 14 04:42:56 +0000 2013","contributors_enabled":false,"time_zone":null,"protected":false,"default_profile":true,"is_translator":false},"geo":null,"in_reply_to_user_id_str":"946498016","lang":"en","created_at":"Mon Dec 15 04:32:13 +0000 2014","in_reply_to_status_id_str":"544348713380900864","place":null},
{"contributors":null,"truncated":false,"text":"@waso_dani @blushingirwin_ well i a mean you tweeted a paragraph to me but k","in_reply_to_status_id":544349184980033536,"id":544349327716405248,"favorite_count":0,"source":"<a href=\"https://about.twitter.com/products/tweetdeck\" rel=\"nofollow\">TweetDeck</a>","retweeted":false,"coordinates":null,"entities":{"symbols":[],"user_mentions":[{"id":2180392973,"indices":[0,10],"id_str":"2180392973","screen_name":"waso_dani","name":"Dani"},{"id":2597218064,"indices":[11,26],"id_str":"2597218064","screen_name":"blushingirwin_","name":"emily"}],"hashtags":[],"urls":[]},"in_reply_to_screen_name":"waso_dani","id_str":"544349327716405248","retweet_count":0,"in_reply_to_user_id":2180392973,"favorited":false,"user":{"follow_request_sent":false,"profile_use_background_image":true,"profile_text_color":"000000","default_profile_image":false,"id":946498016,"profile_background_image_url_https":"https://pbs.twimg.com/profile_background_images/470059564935565312/dJgPyX-4.png","verified":false,"profile_location":null,"profile_image_url_https":"https://pbs.twimg.com/profile_images/545541317892141057/mRn9VpGb_normal.jpeg","profile_sidebar_fill_color":"FFFFFF","entities":{"url":{"urls":[{"url":"http://t.co/KQcWqPpKo1","indices":[0,22],"expanded_url":"http://vine.co/earlobe","display_url":"vine.co/earlobe"}]},"description":{"urls":[]}},"followers_count":59870,"profile_sidebar_border_color":"FFFFFF","id_str":"946498016","profile_background_color":"FFFFFF","listed_count":85,"is_translation_enabled":false,"utc_offset":-28800,"statuses_count":56942,"description":".‧⁺̣˚̣̣*̣̩✧₊̣.̩ delete it fat .‧⁺̣˚̣̣*̣̩✧₊̣.̩","friends_count":335,"location":"insta - displeasings","profile_link_color":"F5ABB5","profile_image_url":"http://pbs.twimg.com/profile_images/545541317892141057/mRn9VpGb_normal.jpeg","following":false,"geo_enabled":false,"profile_banner_url":"https://pbs.twimg.com/profile_banners/946498016/1418902160","profile_background_image_url":"http://pbs.twimg.com/profile_background_images/470059564935565312/dJgPyX-4.png","name":"tracy","lang":"en","profile_background_tile":false,"favourites_count":36522,"screen_name":"twerkabIe","notifications":false,"url":"http://t.co/KQcWqPpKo1","created_at":"Tue Nov 13 20:52:37 +0000 2012","contributors_enabled":false,"time_zone":"Pacific Time (US & Canada)","protected":false,"default_profile":false,"is_translator":false},"geo":null,"in_reply_to_user_id_str":"2180392973","lang":"en","created_at":"Mon Dec 15 04:32:47 +0000 2014","in_reply_to_status_id_str":"544349184980033536","place":null},
{"contributors":null,"truncated":false,"text":"@twerkabIe @blushingirwin_ yeah well you went against something I stand for, of course I'm going to say something.","in_reply_to_status_id":544349327716405248,"id":544350476636942337,"favorite_count":0,"source":"<a href=\"http://twitter.com/download/iphone\" rel=\"nofollow\">Twitter for iPhone</a>","retweeted":false,"coordinates":null,"entities":{"symbols":[],"user_mentions":[{"id":946498016,"indices":[0,10],"id_str":"946498016","screen_name":"twerkabIe","name":"tracy"},{"id":2597218064,"indices":[11,26],"id_str":"2597218064","screen_name":"blushingirwin_","name":"emily"}],"hashtags":[],"urls":[]},"in_reply_to_screen_name":"twerkabIe","id_str":"544350476636942337","retweet_count":0,"in_reply_to_user_id":946498016,"favorited":false,"user":{"follow_request_sent":false,"profile_use_background_image":true,"profile_text_color":"333333","default_profile_image":false,"id":2180392973,"profile_background_image_url_https":"https://abs.twimg.com/images/themes/theme1/bg.png","verified":false,"profile_location":null,"profile_image_url_https":"https://pbs.twimg.com/profile_images/580540464853585921/Pb6P1VXm_normal.jpg","profile_sidebar_fill_color":"DDEEF6","entities":{"description":{"urls":[]}},"followers_count":812,"profile_sidebar_border_color":"C0DEED","id_str":"2180392973","profile_background_color":"C0DEED","listed_count":6,"is_translation_enabled":false,"utc_offset":null,"statuses_count":6443,"description":"I'm just a social casualty","friends_count":1366,"location":"South Africa ","profile_link_color":"0084B4","profile_image_url":"http://pbs.twimg.com/profile_images/580540464853585921/Pb6P1VXm_normal.jpg","following":false,"geo_enabled":true,"profile_banner_url":"https://pbs.twimg.com/profile_banners/2180392973/1416121785","profile_background_image_url":"http://abs.twimg.com/images/themes/theme1/bg.png","name":"Dani","lang":"en","profile_background_tile":false,"favourites_count":1071,"screen_name":"waso_dani","notifications":false,"url":null,"created_at":"Thu Nov 14 04:42:56 +0000 2013","contributors_enabled":false,"time_zone":null,"protected":false,"default_profile":true,"is_translator":false},"geo":null,"in_reply_to_user_id_str":"946498016","lang":"en","created_at":"Mon Dec 15 04:37:21 +0000 2014","in_reply_to_status_id_str":"544349327716405248","place":null},
{"contributors":null,"truncated":false,"text":"@twerkabIe @blushingirwin_ \nSuicide is NEVER a joke under any circumstance","in_reply_to_status_id":544346691789262848,"id":545237931691372545,"favorite_count":1,"source":"<a href=\"http://twitter.com/download/iphone\" rel=\"nofollow\">Twitter for iPhone</a>","retweeted":false,"coordinates":null,"entities":{"symbols":[],"user_mentions":[{"id":946498016,"indices":[0,10],"id_str":"946498016","screen_name":"twerkabIe","name":"tracy"},{"id":2597218064,"indices":[11,26],"id_str":"2597218064","screen_name":"blushingirwin_","name":"emily"}],"hashtags":[],"urls":[]},"in_reply_to_screen_name":"twerkabIe","id_str":"545237931691372545","retweet_count":0,"in_reply_to_user_id":946498016,"favorited":false,"user":{"follow_request_sent":false,"profile_use_background_image":true,"profile_text_color":"333333","default_profile_image":false,"id":2596855424,"profile_background_image_url_https":"https://pbs.twimg.com/profile_background_images/536208009890787328/7lj3iY3v.jpeg","verified":false,"profile_location":null,"profile_image_url_https":"https://pbs.twimg.com/profile_images/589831810420314112/w3iRvIkm_normal.jpg","profile_sidebar_fill_color":"EFEFEF","entities":{"description":{"urls":[]}},"followers_count":18212,"profile_sidebar_border_color":"000000","id_str":"2596855424","profile_background_color":"FFFFFF","listed_count":51,"is_translation_enabled":false,"utc_offset":-18000,"statuses_count":39933,"description":"⠀⠀⠀⠀⠀⠀⠀⠀⠀⠀⠀⠀if you were ⠀⠀⠀⠀⠀⠀⠀⠀⠀⠀⠀⠀a drug ⠀⠀⠀⠀⠀⠀⠀⠀⠀⠀⠀⠀there wouldn't ⠀⠀⠀⠀⠀⠀⠀⠀⠀⠀⠀⠀be one sober ⠀⠀⠀⠀⠀⠀⠀⠀⠀⠀⠀⠀vein in my body","friends_count":14643,"location":"","profile_link_color":"ABB8C2","profile_image_url":"http://pbs.twimg.com/profile_images/589831810420314112/w3iRvIkm_normal.jpg","following":false,"geo_enabled":false,"profile_banner_url":"https://pbs.twimg.com/profile_banners/2596855424/1418608092","profile_background_image_url":"http://pbs.twimg.com/profile_background_images/536208009890787328/7lj3iY3v.jpeg","name":"婊子","lang":"en","profile_background_tile":false,"favourites_count":10594,"screen_name":"wickedlycalum","notifications":false,"url":null,"created_at":"Mon Jun 30 20:15:01 +0000 2014","contributors_enabled":false,"time_zone":"Eastern Time (US & Canada)","protected":false,"default_profile":false,"is_translator":false},"geo":null,"in_reply_to_user_id_str":"946498016","lang":"en","created_at":"Wed Dec 17 15:23:47 +0000 2014","in_reply_to_status_id_str":"544346691789262848","place":null},
{"contributors":null,"truncated":false,"text":"@wickedlycalum @blushingirwin_ http://t.co/gzmi1LfinA","in_reply_to_status_id":545237931691372545,"id":545252299610677249,"favorite_count":1,"source":"<a href=\"http://twitter.com/download/iphone\" rel=\"nofollow\">Twitter for iPhone</a>","retweeted":false,"coordinates":null,"entities":{"symbols":[],"user_mentions":[{"id":2596855424,"indices":[0,14],"id_str":"2596855424","screen_name":"wickedlycalum","name":"婊子"},{"id":2597218064,"indices":[15,30],"id_str":"2597218064","screen_name":"blushingirwin_","name":"emily"}],"hashtags":[],"urls":[{"url":"http://t.co/gzmi1LfinA","indices":[31,53],"expanded_url":"http://twitter.com/twerkabIe/status/545252299610677249/photo/1","display_url":"pic.twitter.com/gzmi1LfinA"}]},"in_reply_to_screen_name":"wickedlycalum","id_str":"545252299610677249","retweet_count":0,"in_reply_to_user_id":2596855424,"favorited":false,"user":{"follow_request_sent":false,"profile_use_background_image":true,"profile_text_color":"000000","default_profile_image":false,"id":946498016,"profile_background_image_url_https":"https://pbs.twimg.com/profile_background_images/470059564935565312/dJgPyX-4.png","verified":false,"profile_location":null,"profile_image_url_https":"https://pbs.twimg.com/profile_images/545541317892141057/mRn9VpGb_normal.jpeg","profile_sidebar_fill_color":"FFFFFF","entities":{"url":{"urls":[{"url":"http://t.co/KQcWqPpKo1","indices":[0,22],"expanded_url":"http://vine.co/earlobe","display_url":"vine.co/earlobe"}]},"description":{"urls":[]}},"followers_count":59870,"profile_sidebar_border_color":"FFFFFF","id_str":"946498016","profile_background_color":"FFFFFF","listed_count":85,"is_translation_enabled":false,"utc_offset":-28800,"statuses_count":56942,"description":".‧⁺̣˚̣̣*̣̩✧₊̣.̩ delete it fat .‧⁺̣˚̣̣*̣̩✧₊̣.̩","friends_count":335,"location":"insta - displeasings","profile_link_color":"F5ABB5","profile_image_url":"http://pbs.twimg.com/profile_images/545541317892141057/mRn9VpGb_normal.jpeg","following":false,"geo_enabled":false,"profile_banner_url":"https://pbs.twimg.com/profile_banners/946498016/1418902160","profile_background_image_url":"http://pbs.twimg.com/profile_background_images/470059564935565312/dJgPyX-4.png","name":"tracy","lang":"en","profile_background_tile":false,"favourites_count":36522,"screen_name":"twerkabIe","notifications":false,"url":"http://t.co/KQcWqPpKo1","created_at":"Tue Nov 13 20:52:37 +0000 2012","contributors_enabled":false,"time_zone":"Pacific Time (US & Canada)","protected":false,"default_profile":false,"is_translator":false},"geo":null,"in_reply_to_user_id_str":"2596855424","possibly_sensitive":false,"lang":"und","created_at":"Wed Dec 17 16:20:53 +0000 2014","in_reply_to_status_id_str":"545237931691372545","place":null},
{"contributors":null,"truncated":false,"text":"@twerkabIe @blushingirwin_ http://t.co/CJLTadTiSJ","in_reply_to_status_id":545252299610677249,"id":545293007042666497,"favorite_count":2,"source":"<a href=\"http://twitter.com/download/iphone\" rel=\"nofollow\">Twitter for iPhone</a>","retweeted":false,"coordinates":null,"entities":{"symbols":[],"user_mentions":[{"id":946498016,"indices":[0,10],"id_str":"946498016","screen_name":"twerkabIe","name":"tracy"},{"id":2597218064,"indices":[11,26],"id_str":"2597218064","screen_name":"blushingirwin_","name":"emily"}],"hashtags":[],"urls":[{"url":"http://t.co/CJLTadTiSJ","indices":[27,49],"expanded_url":"http://twitter.com/wickedlycalum/status/545293007042666497/photo/1","display_url":"pic.twitter.com/CJLTadTiSJ"}]},"in_reply_to_screen_name":"twerkabIe","id_str":"545293007042666497","retweet_count":0,"in_reply_to_user_id":946498016,"favorited":false,"user":{"follow_request_sent":false,"profile_use_background_image":true,"profile_text_color":"333333","default_profile_image":false,"id":2596855424,"profile_background_image_url_https":"https://pbs.twimg.com/profile_background_images/536208009890787328/7lj3iY3v.jpeg","verified":false,"profile_location":null,"profile_image_url_https":"https://pbs.twimg.com/profile_images/589831810420314112/w3iRvIkm_normal.jpg","profile_sidebar_fill_color":"EFEFEF","entities":{"description":{"urls":[]}},"followers_count":18212,"profile_sidebar_border_color":"000000","id_str":"2596855424","profile_background_color":"FFFFFF","listed_count":51,"is_translation_enabled":false,"utc_offset":-18000,"statuses_count":39933,"description":"⠀⠀⠀⠀⠀⠀⠀⠀⠀⠀⠀⠀if you were ⠀⠀⠀⠀⠀⠀⠀⠀⠀⠀⠀⠀a drug ⠀⠀⠀⠀⠀⠀⠀⠀⠀⠀⠀⠀there wouldn't ⠀⠀⠀⠀⠀⠀⠀⠀⠀⠀⠀⠀be one sober ⠀⠀⠀⠀⠀⠀⠀⠀⠀⠀⠀⠀vein in my body","friends_count":14643,"location":"","profile_link_color":"ABB8C2","profile_image_url":"http://pbs.twimg.com/profile_images/589831810420314112/w3iRvIkm_normal.jpg","following":false,"geo_enabled":false,"profile_banner_url":"https://pbs.twimg.com/profile_banners/2596855424/1418608092","profile_background_image_url":"http://pbs.twimg.com/profile_background_images/536208009890787328/7lj3iY3v.jpeg","name":"婊子","lang":"en","profile_background_tile":false,"favourites_count":10594,"screen_name":"wickedlycalum","notifications":false,"url":null,"created_at":"Mon Jun 30 20:15:01 +0000 2014","contributors_enabled":false,"time_zone":"Eastern Time (US & Canada)","protected":false,"default_profile":false,"is_translator":false},"geo":null,"in_reply_to_user_id_str":"946498016","possibly_sensitive":false,"lang":"und","created_at":"Wed Dec 17 19:02:38 +0000 2014","in_reply_to_status_id_str":"545252299610677249","place":null}
]