[{"contributors":null,"truncated":false,"text":"@HeyASIO Newspapers are for sale with a view to profit, just like all capitalist produced commodities.","in_reply_to_status_id":544343299138392065,"id":544343830036611072,"favorite_count":0,"source":"<a href=\"http://twitter.com\" rel=\"nofollow\">Twitter Web Client</a>","retweeted":false,"coordinates":null,"entities":{"symbols":[],"user_mentions":[{"id":2832527047,"indices":[0,8],"id_str":"2832527047","screen_name":"HeyASIO","name":"ASIO"}],"hashtags":[],"urls":[]},"in_reply_to_screen_name":"HeyASIO","id_str":"544343830036611072","retweet_count":0,"in_reply_to_user_id":2832527047,"favorited":false,"user":{"follow_request_sent":false,"profile_use_background_image":true,"profile_text_color":"333333","default_profile_image":false,"id":324901003,"profile_background_image_url_https":"https://abs.twimg.com/images/themes/theme1/bg.png","verified":false,"profile_location":null,"profile_image_url_https":"https://pbs.twimg.com/profile_images/1436786018/Heather_s_birthday_card_normal.jpg","profile_sidebar_fill_color":"DDEEF6","entities":{"url":{"urls":[{"url":"http://t.co/pQXoBRtvt9","indices":[0,22],"expanded_url":"http://wobblytimes.blogspot.com/","display_url":"wobblytimes.blogspot.com"}]},"description":{"urls":[]}},"followers_count":220,"profile_sidebar_border_color":"C0DEED","id_str":"324901003","profile_background_color":"C0DEED","listed_count":4,"is_translation_enabled":false,"utc_offset":28800,"statuses_count":8889,"description":"I write POETRY, MOVIE CRITIQUE, BOOK REVIEWS, CRITIQUES OF POLITICAL-ECONOMY, SOCIALISM, COMMUNISM, SHORT STORIES, SPECULATIONS ABOUT A POSSIBLE CLASSLESS WORLD","friends_count":295,"location":"Western Australia","profile_link_color":"0084B4","profile_image_url":"http://pbs.twimg.com/profile_images/1436786018/Heather_s_birthday_card_normal.jpg","following":false,"geo_enabled":false,"profile_banner_url":"https://pbs.twimg.com/profile_banners/324901003/1398255904","profile_background_image_url":"http://abs.twimg.com/images/themes/theme1/bg.png","name":"Mike Ballard ⚓️⚓️⚓️⚓","lang":"en","profile_background_tile":false,"favourites_count":343,"screen_name":"MIKEBALLARD4","notifications":false,"url":"http://t.co/pQXoBRtvt9","created_at":"Mon Jun 27 12:05:52 +0000 2011","contributors_enabled":false,"time_zone":"Beijing","protected":false,"default_profile":true,"is_translator":false},"geo":null,"in_reply_to_user_id_str":"2832527047","lang":"en","created_at":"Mon Dec 15 04:10:57 +0000 2014","in_reply_to_status_id_str":"544343299138392065","place":null},
{"contributors":null,"truncated":false,"text":"@HeyASIO #NotISIS - wouldn't #Islamists target #MAXBRENNER?  #Mossad #BDS","in_reply_to_status_id":544343299138392065,"id":544344083360018433,"favorite_count":0,"source":"<a href=\"http://twitter.com\" rel=\"nofollow\">Twitter Web Client</a>","retweeted":false,"coordinates":null,"entities":{"symbols":[],"user_mentions":[{"id":2832527047,"indices":[0,8],"id_str":"2832527047","screen_name":"HeyASIO","name":"ASIO"}],"hashtags":[{"indices":[9,17],"text":"NotISIS"},{"indices":[29,39],"text":"Islamists"},{"indices":[47,58],"text":"MAXBRENNER"},{"indices":[61,68],"text":"Mossad"},{"indices":[69,73],"text":"BDS"}],"urls":[]},"in_reply_to_screen_name":"HeyASIO","id_str":"544344083360018433","retweet_count":0,"in_reply_to_user_id":2832527047,"favorited":false,"user":{"follow_request_sent":false,"profile_use_background_image":true,"profile_text_color":"333333","default_profile_image":false,"id":504866029,"profile_background_image_url_https":"https://abs.twimg.com/images/themes/theme1/bg.png","verified":false,"profile_location":null,"profile_image_url_https":"https://pbs.twimg.com/profile_images/478304607827787776/Fm78qIpN_normal.png","profile_sidebar_fill_color":"DDEEF6","entities":{"description":{"urls":[]}},"followers_count":127,"profile_sidebar_border_color":"C0DEED","id_str":"504866029","profile_background_color":"C0DEED","listed_count":1,"is_translation_enabled":false,"utc_offset":null,"statuses_count":6576,"description":"","friends_count":521,"location":"Warringah","profile_link_color":"00B324","profile_image_url":"http://pbs.twimg.com/profile_images/478304607827787776/Fm78qIpN_normal.png","following":false,"geo_enabled":true,"profile_background_image_url":"http://abs.twimg.com/images/themes/theme1/bg.png","name":"Tony Backhouse","lang":"en","profile_background_tile":false,"favourites_count":29,"screen_name":"verdant2012","notifications":false,"url":null,"created_at":"Sun Feb 26 19:04:30 +0000 2012","contributors_enabled":false,"time_zone":null,"protected":false,"default_profile":false,"is_translator":false},"geo":null,"in_reply_to_user_id_str":"2832527047","lang":"en","created_at":"Mon Dec 15 04:11:57 +0000 2014","in_reply_to_status_id_str":"544343299138392065","place":{"full_name":"Sydney, New South Wales","url":"https://api.twitter.com/1.1/geo/id/0073b76548e5984f.json","country":"Australia","place_type":"city","bounding_box":{"type":"Polygon","coordinates":[[[150.520928608,-34.1183470085],[151.343020992,-34.1183470085],[151.343020992,-33.578140996],[150.520928608,-33.578140996]]]},"contained_within":[],"country_code":"AU","attributes":{},"id":"0073b76548e5984f","name":"Sydney"}},
{"contributors":null,"truncated":false,"text":"@HeyASIO J Hildebrand (nincompoop) tried to justify it on SkyNews. Ita Buttrose put him in his place :)","in_reply_to_status_id":544343299138392065,"id":544344113596755968,"favorite_count":0,"source":"<a href=\"http://twitter.com\" rel=\"nofollow\">Twitter Web Client</a>","retweeted":false,"coordinates":null,"entities":{"symbols":[],"user_mentions":[{"id":2832527047,"indices":[0,8],"id_str":"2832527047","screen_name":"HeyASIO","name":"ASIO"}],"hashtags":[],"urls":[]},"in_reply_to_screen_name":"HeyASIO","id_str":"544344113596755968","retweet_count":0,"in_reply_to_user_id":2832527047,"favorited":false,"user":{"follow_request_sent":false,"profile_use_background_image":true,"profile_text_color":"3D1957","default_profile_image":false,"id":2838819594,"profile_background_image_url_https":"https://abs.twimg.com/images/themes/theme10/bg.gif","verified":false,"profile_location":null,"profile_image_url_https":"https://pbs.twimg.com/profile_images/517958744206888960/O4Wy_e65_normal.jpeg","profile_sidebar_fill_color":"7AC3EE","entities":{"description":{"urls":[]}},"followers_count":80,"profile_sidebar_border_color":"65B0DA","id_str":"2838819594","profile_background_color":"642D8B","listed_count":2,"is_translation_enabled":false,"utc_offset":null,"statuses_count":1151,"description":"20 years in the Navy, 20 years as a Park Ranger/Bushfire Controller.  Now playing music, enjoying time with my family and trying to stay happy.","friends_count":206,"location":"Tea Gardens NSW","profile_link_color":"FF0000","profile_image_url":"http://pbs.twimg.com/profile_images/517958744206888960/O4Wy_e65_normal.jpeg","following":false,"geo_enabled":false,"profile_banner_url":"https://pbs.twimg.com/profile_banners/2838819594/1412326079","profile_background_image_url":"http://abs.twimg.com/images/themes/theme10/bg.gif","name":"Geoff Mason","lang":"en","profile_background_tile":true,"favourites_count":7,"screen_name":"navypti","notifications":false,"url":null,"created_at":"Fri Oct 03 08:32:24 +0000 2014","contributors_enabled":false,"time_zone":null,"protected":false,"default_profile":false,"is_translator":false},"geo":null,"in_reply_to_user_id_str":"2832527047","lang":"en","created_at":"Mon Dec 15 04:12:04 +0000 2014","in_reply_to_status_id_str":"544343299138392065","place":null},
{"contributors":null,"truncated":false,"text":"@HeyASIO that's always been their go","in_reply_to_status_id":544343299138392065,"id":544344616615424001,"favorite_count":0,"source":"<a href=\"http://twitter.com/download/iphone\" rel=\"nofollow\">Twitter for iPhone</a>","retweeted":false,"coordinates":null,"entities":{"symbols":[],"user_mentions":[{"id":2832527047,"indices":[0,8],"id_str":"2832527047","screen_name":"HeyASIO","name":"ASIO"}],"hashtags":[],"urls":[]},"in_reply_to_screen_name":"HeyASIO","id_str":"544344616615424001","retweet_count":0,"in_reply_to_user_id":2832527047,"favorited":false,"user":{"follow_request_sent":false,"profile_use_background_image":true,"profile_text_color":"333333","default_profile_image":false,"id":1487255738,"profile_background_image_url_https":"https://abs.twimg.com/images/themes/theme1/bg.png","verified":false,"profile_location":null,"profile_image_url_https":"https://pbs.twimg.com/profile_images/3762367115/836cd1e3fd8f5b832016ffddc335f302_normal.jpeg","profile_sidebar_fill_color":"DDEEF6","entities":{"description":{"urls":[]}},"followers_count":79,"profile_sidebar_border_color":"C0DEED","id_str":"1487255738","profile_background_color":"C0DEED","listed_count":0,"is_translation_enabled":false,"utc_offset":null,"statuses_count":573,"description":"","friends_count":145,"location":"","profile_link_color":"0084B4","profile_image_url":"http://pbs.twimg.com/profile_images/3762367115/836cd1e3fd8f5b832016ffddc335f302_normal.jpeg","following":false,"geo_enabled":false,"profile_banner_url":"https://pbs.twimg.com/profile_banners/1487255738/1411798323","profile_background_image_url":"http://abs.twimg.com/images/themes/theme1/bg.png","name":"P.B","lang":"en","profile_background_tile":false,"favourites_count":289,"screen_name":"patbdog","notifications":false,"url":null,"created_at":"Thu Jun 06 08:44:56 +0000 2013","contributors_enabled":false,"time_zone":null,"protected":false,"default_profile":true,"is_translator":false},"geo":null,"in_reply_to_user_id_str":"2832527047","lang":"en","created_at":"Mon Dec 15 04:14:04 +0000 2014","in_reply_to_status_id_str":"544343299138392065","place":null},
{"contributors":null,"truncated":false,"text":"@HeyASIO Arse wiping is too good for it.","in_reply_to_status_id":544343299138392065,"id":544344632763494401,"favorite_count":1,"source":"<a href=\"http://twitter.com/#!/download/ipad\" rel=\"nofollow\">Twitter for iPad</a>","retweeted":false,"coordinates":null,"entities":{"symbols":[],"user_mentions":[{"id":2832527047,"indices":[0,8],"id_str":"2832527047","screen_name":"HeyASIO","name":"ASIO"}],"hashtags":[],"urls":[]},"in_reply_to_screen_name":"HeyASIO","id_str":"544344632763494401","retweet_count":2,"in_reply_to_user_id":2832527047,"favorited":false,"user":{"follow_request_sent":false,"profile_use_background_image":true,"profile_text_color":"333333","default_profile_image":false,"id":79459832,"profile_background_image_url_https":"https://abs.twimg.com/images/themes/theme16/bg.gif","verified":false,"profile_location":null,"profile_image_url_https":"https://pbs.twimg.com/profile_images/495572293855084544/g-cE2NZ2_normal.jpeg","profile_sidebar_fill_color":"DDFFCC","entities":{"url":{"urls":[{"url":"http://t.co/lNIUKcQUln","indices":[0,22],"expanded_url":"http://www.wittysam.com","display_url":"wittysam.com"}]},"description":{"urls":[]}},"followers_count":911,"profile_sidebar_border_color":"BDDCAD","id_str":"79459832","profile_background_color":"9AE4E8","listed_count":28,"is_translation_enabled":false,"utc_offset":39600,"statuses_count":16304,"description":"Passionate about aged care, social justice & finding humour in life. One rule: laugh at adversity. Subversive & attempts humour.","friends_count":741,"location":"Australia","profile_link_color":"0084B4","profile_image_url":"http://pbs.twimg.com/profile_images/495572293855084544/g-cE2NZ2_normal.jpeg","following":false,"geo_enabled":true,"profile_banner_url":"https://pbs.twimg.com/profile_banners/79459832/1391936525","profile_background_image_url":"http://abs.twimg.com/images/themes/theme16/bg.gif","name":"Lady Samantha","lang":"en","profile_background_tile":false,"favourites_count":1637,"screen_name":"WittySam","notifications":false,"url":"http://t.co/lNIUKcQUln","created_at":"Sat Oct 03 13:23:59 +0000 2009","contributors_enabled":false,"time_zone":"Sydney","protected":false,"default_profile":false,"is_translator":false},"geo":null,"in_reply_to_user_id_str":"2832527047","lang":"en","created_at":"Mon Dec 15 04:14:08 +0000 2014","in_reply_to_status_id_str":"544343299138392065","place":null},
{"contributors":null,"truncated":false,"text":"Special fear mongering edition @HeyASIO #sydneysiege http://t.co/7x4c8D6BAb","in_reply_to_status_id":544343299138392065,"id":544344958446993408,"favorite_count":1,"source":"<a href=\"http://twitter.com/download/iphone\" rel=\"nofollow\">Twitter for iPhone</a>","retweeted":false,"coordinates":null,"entities":{"symbols":[],"user_mentions":[{"id":2832527047,"indices":[31,39],"id_str":"2832527047","screen_name":"HeyASIO","name":"ASIO"}],"hashtags":[{"indices":[40,52],"text":"sydneysiege"}],"urls":[],"media":[{"source_user_id":2832527047,"source_status_id_str":"544343299138392065","expanded_url":"http://twitter.com/HeyASIO/status/544343299138392065/photo/1","display_url":"pic.twitter.com/7x4c8D6BAb","url":"http://t.co/7x4c8D6BAb","media_url_https":"https://pbs.twimg.com/media/B43lVp1CMAABC1A.jpg","source_user_id_str":"2832527047","source_status_id":544343299138392065,"id_str":"544343290150006784","sizes":{"small":{"h":453,"resize":"fit","w":340},"large":{"h":557,"resize":"fit","w":418},"medium":{"h":557,"resize":"fit","w":418},"thumb":{"h":150,"resize":"crop","w":150}},"indices":[53,75],"type":"photo","id":544343290150006784,"media_url":"http://pbs.twimg.com/media/B43lVp1CMAABC1A.jpg"}]},"in_reply_to_screen_name":"HeyASIO","id_str":"544344958446993408","retweet_count":1,"in_reply_to_user_id":2832527047,"favorited":false,"user":{"follow_request_sent":false,"profile_use_background_image":true,"profile_text_color":"333333","default_profile_image":false,"id":2214897295,"profile_background_image_url_https":"https://abs.twimg.com/images/themes/theme1/bg.png","verified":false,"profile_location":null,"profile_image_url_https":"https://pbs.twimg.com/profile_images/488598111313358848/E7pfOTm__normal.jpeg","profile_sidebar_fill_color":"DDEEF6","entities":{"description":{"urls":[]}},"followers_count":24,"profile_sidebar_border_color":"C0DEED","id_str":"2214897295","profile_background_color":"C0DEED","listed_count":2,"is_translation_enabled":false,"utc_offset":39600,"statuses_count":111,"description":"Wanderluster, #auspol junkie, mgmt consultant. Views my own and therefore correct.","friends_count":69,"location":"Sydney (mostly)","profile_link_color":"B00707","profile_image_url":"http://pbs.twimg.com/profile_images/488598111313358848/E7pfOTm__normal.jpeg","following":false,"geo_enabled":true,"profile_banner_url":"https://pbs.twimg.com/profile_banners/2214897295/1416692490","profile_background_image_url":"http://abs.twimg.com/images/themes/theme1/bg.png","name":"Suyog Sankhe","lang":"en-gb","profile_background_tile":false,"favourites_count":1,"screen_name":"suyogsankhe","notifications":false,"url":null,"created_at":"Tue Nov 26 00:48:00 +0000 2013","contributors_enabled":false,"time_zone":"Sydney","protected":false,"default_profile":false,"is_translator":false},"geo":null,"in_reply_to_user_id_str":"2832527047","possibly_sensitive":false,"lang":"en","created_at":"Mon Dec 15 04:15:26 +0000 2014","in_reply_to_status_id_str":"544343299138392065","place":null,"extended_entities":{"media":[{"source_user_id":2832527047,"source_status_id_str":"544343299138392065","expanded_url":"http://twitter.com/HeyASIO/status/544343299138392065/photo/1","display_url":"pic.twitter.com/7x4c8D6BAb","url":"http://t.co/7x4c8D6BAb","media_url_https":"https://pbs.twimg.com/media/B43lVp1CMAABC1A.jpg","source_user_id_str":"2832527047","source_status_id":544343299138392065,"id_str":"544343290150006784","sizes":{"small":{"h":453,"resize":"fit","w":340},"large":{"h":557,"resize":"fit","w":418},"medium":{"h":557,"resize":"fit","w":418},"thumb":{"h":150,"resize":"crop","w":150}},"indices":[53,75],"type":"photo","id":544343290150006784,"media_url":"http://pbs.twimg.com/media/B43lVp1CMAABC1A.jpg"}]}},
{"contributors":null,"truncated":false,"text":"“@HeyASIO: . #sydneysiege http://t.co/DRQmJh9kFi” They have heaps of info &amp; if you worked in the city is not imaginary keep wishing it ain't","in_reply_to_status_id":544343299138392065,"id":544344996166393856,"favorite_count":0,"source":"<a href=\"http://twitter.com/download/iphone\" rel=\"nofollow\">Twitter for iPhone</a>","retweeted":false,"coordinates":null,"entities":{"symbols":[],"user_mentions":[{"id":2832527047,"indices":[1,9],"id_str":"2832527047","screen_name":"HeyASIO","name":"ASIO"}],"hashtags":[{"indices":[13,25],"text":"sydneysiege"}],"urls":[],"media":[{"source_user_id":2832527047,"source_status_id_str":"544343299138392065","expanded_url":"http://twitter.com/HeyASIO/status/544343299138392065/photo/1","display_url":"pic.twitter.com/DRQmJh9kFi","url":"http://t.co/DRQmJh9kFi","media_url_https":"https://pbs.twimg.com/media/B43lVp1CMAABC1A.jpg","source_user_id_str":"2832527047","source_status_id":544343299138392065,"id_str":"544343290150006784","sizes":{"small":{"h":453,"resize":"fit","w":340},"large":{"h":557,"resize":"fit","w":418},"medium":{"h":557,"resize":"fit","w":418},"thumb":{"h":150,"resize":"crop","w":150}},"indices":[26,48],"type":"photo","id":544343290150006784,"media_url":"http://pbs.twimg.com/media/B43lVp1CMAABC1A.jpg"}]},"in_reply_to_screen_name":"HeyASIO","id_str":"544344996166393856","retweet_count":0,"in_reply_to_user_id":2832527047,"favorited":false,"user":{"follow_request_sent":false,"profile_use_background_image":true,"profile_text_color":"333333","default_profile_image":false,"id":2562689221,"profile_background_image_url_https":"https://abs.twimg.com/images/themes/theme1/bg.png","verified":false,"profile_location":null,"profile_image_url_https":"https://pbs.twimg.com/profile_images/589782408712466432/nzwym6zo_normal.jpg","profile_sidebar_fill_color":"DDEEF6","entities":{"description":{"urls":[]}},"followers_count":173,"profile_sidebar_border_color":"C0DEED","id_str":"2562689221","profile_background_color":"C0DEED","listed_count":3,"is_translation_enabled":false,"utc_offset":null,"statuses_count":343,"description":"Conservative. Anti union corruption therefore against Labor. The Greens are just the Socialist party re-branded. Hoping M Turnbull splits the ABC in 2015","friends_count":362,"location":"Sydney Australia","profile_link_color":"0084B4","profile_image_url":"http://pbs.twimg.com/profile_images/589782408712466432/nzwym6zo_normal.jpg","following":false,"geo_enabled":false,"profile_banner_url":"https://pbs.twimg.com/profile_banners/2562689221/1417393001","profile_background_image_url":"http://abs.twimg.com/images/themes/theme1/bg.png","name":"TruBlu","lang":"en-gb","profile_background_tile":false,"favourites_count":243,"screen_name":"PoliticAzzura","notifications":false,"url":null,"created_at":"Thu Jun 12 04:31:14 +0000 2014","contributors_enabled":false,"time_zone":null,"protected":false,"default_profile":true,"is_translator":false},"geo":null,"in_reply_to_user_id_str":"2832527047","possibly_sensitive":false,"lang":"en","created_at":"Mon Dec 15 04:15:35 +0000 2014","in_reply_to_status_id_str":"544343299138392065","place":null,"extended_entities":{"media":[{"source_user_id":2832527047,"source_status_id_str":"544343299138392065","expanded_url":"http://twitter.com/HeyASIO/status/544343299138392065/photo/1","display_url":"pic.twitter.com/DRQmJh9kFi","url":"http://t.co/DRQmJh9kFi","media_url_https":"https://pbs.twimg.com/media/B43lVp1CMAABC1A.jpg","source_user_id_str":"2832527047","source_status_id":544343299138392065,"id_str":"544343290150006784","sizes":{"small":{"h":453,"resize":"fit","w":340},"large":{"h":557,"resize":"fit","w":418},"medium":{"h":557,"resize":"fit","w":418},"thumb":{"h":150,"resize":"crop","w":150}},"indices":[26,48],"type":"photo","id":544343290150006784,"media_url":"http://pbs.twimg.com/media/B43lVp1CMAABC1A.jpg"}]}},
{"contributors":null,"truncated":false,"text":"@HeyASIO that headline though... Even as we complain that KE journos aren't the best,  Daily Telegraph's editors should get another career.","in_reply_to_status_id":544343299138392065,"id":544345022645424128,"favorite_count":0,"source":"<a href=\"http://twitter.com/download/android\" rel=\"nofollow\">Twitter for Android</a>","retweeted":false,"coordinates":null,"entities":{"symbols":[],"user_mentions":[{"id":2832527047,"indices":[0,8],"id_str":"2832527047","screen_name":"HeyASIO","name":"ASIO"}],"hashtags":[],"urls":[]},"in_reply_to_screen_name":"HeyASIO","id_str":"544345022645424128","retweet_count":0,"in_reply_to_user_id":2832527047,"favorited":false,"user":{"follow_request_sent":false,"profile_use_background_image":true,"profile_text_color":"5E412F","default_profile_image":false,"id":496383508,"profile_background_image_url_https":"https://pbs.twimg.com/profile_background_images/378800000122791335/8f5de246e3dbefa21da5984d926a933e.png","verified":false,"profile_location":null,"profile_image_url_https":"https://pbs.twimg.com/profile_images/543861732289310721/ieDR7wxQ_normal.jpeg","profile_sidebar_fill_color":"78C0A8","entities":{"description":{"urls":[]}},"followers_count":302,"profile_sidebar_border_color":"F0A830","id_str":"496383508","profile_background_color":"FCEBB6","listed_count":2,"is_translation_enabled":false,"utc_offset":10800,"statuses_count":5786,"description":"Mother :-), life's lover, book worm, info junkie, true Capricorn stereotype & practising Catholic.","friends_count":282,"location":"The village called Earth","profile_link_color":"35B3AF","profile_image_url":"http://pbs.twimg.com/profile_images/543861732289310721/ieDR7wxQ_normal.jpeg","following":false,"geo_enabled":true,"profile_banner_url":"https://pbs.twimg.com/profile_banners/496383508/1418591708","profile_background_image_url":"http://pbs.twimg.com/profile_background_images/378800000122791335/8f5de246e3dbefa21da5984d926a933e.png","name":"Rebecca Muteti","lang":"en","profile_background_tile":true,"favourites_count":71,"screen_name":"BeccsMuteti","notifications":false,"url":null,"created_at":"Sat Feb 18 22:17:52 +0000 2012","contributors_enabled":false,"time_zone":"Nairobi","protected":false,"default_profile":false,"is_translator":false},"geo":null,"in_reply_to_user_id_str":"2832527047","lang":"en","created_at":"Mon Dec 15 04:15:41 +0000 2014","in_reply_to_status_id_str":"544343299138392065","place":null},
{"contributors":null,"truncated":false,"text":"@HeyASIO like the bad little news corpse drones they are.","in_reply_to_status_id":544343299138392065,"id":544345175888125952,"favorite_count":0,"source":"<a href=\"http://twitter.com\" rel=\"nofollow\">Twitter Web Client</a>","retweeted":false,"coordinates":null,"entities":{"symbols":[],"user_mentions":[{"id":2832527047,"indices":[0,8],"id_str":"2832527047","screen_name":"HeyASIO","name":"ASIO"}],"hashtags":[],"urls":[]},"in_reply_to_screen_name":"HeyASIO","id_str":"544345175888125952","retweet_count":0,"in_reply_to_user_id":2832527047,"favorited":false,"user":{"follow_request_sent":false,"profile_use_background_image":true,"profile_text_color":"7A5C45","default_profile_image":false,"id":445791130,"profile_background_image_url_https":"https://pbs.twimg.com/profile_background_images/485697687774167040/DxM3LCRg.jpeg","verified":false,"profile_location":null,"profile_image_url_https":"https://pbs.twimg.com/profile_images/590018653707325441/z3IIp0Kt_normal.jpg","profile_sidebar_fill_color":"281E17","entities":{"description":{"urls":[]}},"followers_count":1121,"profile_sidebar_border_color":"FFFFFF","id_str":"445791130","profile_background_color":"3C2C22","listed_count":28,"is_translation_enabled":false,"utc_offset":36000,"statuses_count":21954,"description":"A Scozzie Lass, RT not always an endorsement. #Comedy #LingusticAnthropology #Outlander #Mother #Albannach #the45 #MMA #TiredStudent #BlockedByBishop","friends_count":867,"location":"Astràilia ","profile_link_color":"FA743E","profile_image_url":"http://pbs.twimg.com/profile_images/590018653707325441/z3IIp0Kt_normal.jpg","following":false,"geo_enabled":false,"profile_banner_url":"https://pbs.twimg.com/profile_banners/445791130/1418829910","profile_background_image_url":"http://pbs.twimg.com/profile_background_images/485697687774167040/DxM3LCRg.jpeg","name":"Comrade Mumma Bear","lang":"en","profile_background_tile":true,"favourites_count":13488,"screen_name":"BremnerClan","notifications":false,"url":null,"created_at":"Sat Dec 24 21:49:40 +0000 2011","contributors_enabled":false,"time_zone":"Brisbane","protected":false,"default_profile":false,"is_translator":false},"geo":null,"in_reply_to_user_id_str":"2832527047","lang":"en","created_at":"Mon Dec 15 04:16:18 +0000 2014","in_reply_to_status_id_str":"544343299138392065","place":null},
{"contributors":null,"truncated":false,"text":".@PoliticAzzura we are here. Press have responsibility not to show hostages' face, have to stay calm for confirmed reports.","in_reply_to_status_id":544344996166393856,"id":544345563936731136,"favorite_count":2,"source":"<a href=\"http://twitter.com/download/iphone\" rel=\"nofollow\">Twitter for iPhone</a>","retweeted":false,"coordinates":null,"entities":{"symbols":[],"user_mentions":[{"id":2562689221,"indices":[1,15],"id_str":"2562689221","screen_name":"PoliticAzzura","name":"TruBlu"}],"hashtags":[],"urls":[]},"in_reply_to_screen_name":"PoliticAzzura","id_str":"544345563936731136","retweet_count":2,"in_reply_to_user_id":2562689221,"favorited":false,"user":{"follow_request_sent":false,"profile_use_background_image":true,"profile_text_color":"333333","default_profile_image":false,"id":2832527047,"profile_background_image_url_https":"https://pbs.twimg.com/profile_background_images/515369145353773056/Fi67a6De.jpeg","verified":false,"profile_location":null,"profile_image_url_https":"https://pbs.twimg.com/profile_images/515363549539880960/sL4Dh3Eh_normal.jpeg","profile_sidebar_fill_color":"DDEEF6","entities":{"description":{"urls":[]}},"followers_count":4127,"profile_sidebar_border_color":"FFFFFF","id_str":"2832527047","profile_background_color":"FFFFFF","listed_count":52,"is_translation_enabled":false,"utc_offset":null,"statuses_count":1175,"description":"We are watching. Always watching...","friends_count":3736,"location":"Everywhere.","profile_link_color":"3B94D9","profile_image_url":"http://pbs.twimg.com/profile_images/515363549539880960/sL4Dh3Eh_normal.jpeg","following":false,"geo_enabled":false,"profile_banner_url":"https://pbs.twimg.com/profile_banners/2832527047/1411708610","profile_background_image_url":"http://pbs.twimg.com/profile_background_images/515369145353773056/Fi67a6De.jpeg","name":"ASIO","lang":"en","profile_background_tile":true,"favourites_count":435,"screen_name":"HeyASIO","notifications":false,"url":null,"created_at":"Fri Sep 26 03:40:01 +0000 2014","contributors_enabled":false,"time_zone":null,"protected":false,"default_profile":false,"is_translator":false},"geo":null,"in_reply_to_user_id_str":"2562689221","lang":"en","created_at":"Mon Dec 15 04:17:50 +0000 2014","in_reply_to_status_id_str":"544344996166393856","place":null},
{"contributors":null,"truncated":false,"text":"@HeyASIO Apparently, being the least trusted newspaper in Australia is hard work","in_reply_to_status_id":544343299138392065,"id":544346286590148609,"favorite_count":0,"source":"<a href=\"http://twitter.com\" rel=\"nofollow\">Twitter Web Client</a>","retweeted":false,"coordinates":null,"entities":{"symbols":[],"user_mentions":[{"id":2832527047,"indices":[0,8],"id_str":"2832527047","screen_name":"HeyASIO","name":"ASIO"}],"hashtags":[],"urls":[]},"in_reply_to_screen_name":"HeyASIO","id_str":"544346286590148609","retweet_count":0,"in_reply_to_user_id":2832527047,"favorited":false,"user":{"follow_request_sent":false,"profile_use_background_image":true,"profile_text_color":"333333","default_profile_image":true,"id":267439629,"profile_background_image_url_https":"https://abs.twimg.com/images/themes/theme1/bg.png","verified":false,"profile_location":null,"profile_image_url_https":"https://abs.twimg.com/sticky/default_profile_images/default_profile_2_normal.png","profile_sidebar_fill_color":"DDEEF6","entities":{"description":{"urls":[]}},"followers_count":18,"profile_sidebar_border_color":"C0DEED","id_str":"267439629","profile_background_color":"C0DEED","listed_count":0,"is_translation_enabled":false,"utc_offset":-14400,"statuses_count":243,"description":"","friends_count":658,"location":"","profile_link_color":"0084B4","profile_image_url":"http://abs.twimg.com/sticky/default_profile_images/default_profile_2_normal.png","following":false,"geo_enabled":false,"profile_background_image_url":"http://abs.twimg.com/images/themes/theme1/bg.png","name":"Irina Tkachenko","lang":"en","profile_background_tile":false,"favourites_count":3,"screen_name":"irinatkachenko1","notifications":false,"url":null,"created_at":"Wed Mar 16 23:33:33 +0000 2011","contributors_enabled":false,"time_zone":"Atlantic Time (Canada)","protected":false,"default_profile":true,"is_translator":false},"geo":null,"in_reply_to_user_id_str":"2832527047","lang":"en","created_at":"Mon Dec 15 04:20:42 +0000 2014","in_reply_to_status_id_str":"544343299138392065","place":null},
{"contributors":null,"truncated":false,"text":"@HeyASIO LOVE IT MOITE","in_reply_to_status_id":544343299138392065,"id":544346485651816449,"favorite_count":0,"source":"<a href=\"http://twitter.com/download/iphone\" rel=\"nofollow\">Twitter for iPhone</a>","retweeted":false,"coordinates":null,"entities":{"symbols":[],"user_mentions":[{"id":2832527047,"indices":[0,8],"id_str":"2832527047","screen_name":"HeyASIO","name":"ASIO"}],"hashtags":[],"urls":[]},"in_reply_to_screen_name":"HeyASIO","id_str":"544346485651816449","retweet_count":0,"in_reply_to_user_id":2832527047,"favorited":false,"user":{"follow_request_sent":false,"profile_use_background_image":true,"profile_text_color":"333333","default_profile_image":false,"id":2834895109,"profile_background_image_url_https":"https://abs.twimg.com/images/themes/theme1/bg.png","verified":false,"profile_location":null,"profile_image_url_https":"https://pbs.twimg.com/profile_images/516157649218318337/wvOEY59u_normal.png","profile_sidebar_fill_color":"DDEEF6","entities":{"description":{"urls":[]}},"followers_count":165,"profile_sidebar_border_color":"C0DEED","id_str":"2834895109","profile_background_color":"C0DEED","listed_count":0,"is_translation_enabled":false,"utc_offset":null,"statuses_count":61,"description":"I just do what ASIO tells me (I'm watching you, always watching)","friends_count":557,"location":"","profile_link_color":"0084B4","profile_image_url":"http://pbs.twimg.com/profile_images/516157649218318337/wvOEY59u_normal.png","following":false,"geo_enabled":false,"profile_banner_url":"https://pbs.twimg.com/profile_banners/2834895109/1411896402","profile_background_image_url":"http://abs.twimg.com/images/themes/theme1/bg.png","name":"ASIO drone","lang":"en","profile_background_tile":false,"favourites_count":8,"screen_name":"ASIOdrone","notifications":false,"url":null,"created_at":"Sun Sep 28 08:57:14 +0000 2014","contributors_enabled":false,"time_zone":null,"protected":false,"default_profile":true,"is_translator":false},"geo":null,"in_reply_to_user_id_str":"2832527047","lang":"en","created_at":"Mon Dec 15 04:21:30 +0000 2014","in_reply_to_status_id_str":"544343299138392065","place":null},
{"contributors":null,"truncated":false,"text":"@HeyASIO i wonder if they've paid for or attributed that photo?","in_reply_to_status_id":544343299138392065,"id":544347924470050816,"favorite_count":0,"source":"<a href=\"http://twitter.com/#!/download/ipad\" rel=\"nofollow\">Twitter for iPad</a>","retweeted":false,"coordinates":null,"entities":{"symbols":[],"user_mentions":[{"id":2832527047,"indices":[0,8],"id_str":"2832527047","screen_name":"HeyASIO","name":"ASIO"}],"hashtags":[],"urls":[]},"in_reply_to_screen_name":"HeyASIO","id_str":"544347924470050816","retweet_count":0,"in_reply_to_user_id":2832527047,"favorited":false,"user":{"follow_request_sent":false,"profile_use_background_image":true,"profile_text_color":"333333","default_profile_image":false,"id":9199732,"profile_background_image_url_https":"https://abs.twimg.com/images/themes/theme7/bg.gif","verified":false,"profile_location":null,"profile_image_url_https":"https://pbs.twimg.com/profile_images/1350263995/picture-22_normal.jpg","profile_sidebar_fill_color":"F3F3F3","entities":{"url":{"urls":[{"url":"http://t.co/Sx0WLa78i6","indices":[0,22],"expanded_url":"http://persactly.blogspot.com.au/","display_url":"persactly.blogspot.com.au"}]},"description":{"urls":[]}},"followers_count":927,"profile_sidebar_border_color":"DFDFDF","id_str":"9199732","profile_background_color":"EBEBEB","listed_count":31,"is_translation_enabled":false,"utc_offset":-36000,"statuses_count":38565,"description":"","friends_count":1115,"location":"","profile_link_color":"990000","profile_image_url":"http://pbs.twimg.com/profile_images/1350263995/picture-22_normal.jpg","following":false,"geo_enabled":false,"profile_background_image_url":"http://abs.twimg.com/images/themes/theme7/bg.gif","name":"HoHoHoseg","lang":"en","profile_background_tile":false,"favourites_count":19301,"screen_name":"roseg","notifications":false,"url":"http://t.co/Sx0WLa78i6","created_at":"Tue Oct 02 01:46:21 +0000 2007","contributors_enabled":false,"time_zone":"Hawaii","protected":false,"default_profile":false,"is_translator":false},"geo":null,"in_reply_to_user_id_str":"2832527047","lang":"en","created_at":"Mon Dec 15 04:27:13 +0000 2014","in_reply_to_status_id_str":"544343299138392065","place":null},
{"contributors":null,"truncated":false,"text":"@HeyASIO http://t.co/QmgulquObV PREVENT THE VIOLENCE ! Author Avail 24 hrs 1-778-908-2811 http://t.co/zA9GUL4Cgs","in_reply_to_status_id":544343299138392065,"id":544369357363499008,"favorite_count":0,"source":"<a href=\"http://twitter.com\" rel=\"nofollow\">Twitter Web Client</a>","retweeted":false,"coordinates":null,"entities":{"symbols":[],"user_mentions":[{"id":2832527047,"indices":[0,8],"id_str":"2832527047","screen_name":"HeyASIO","name":"ASIO"}],"hashtags":[],"urls":[{"url":"http://t.co/QmgulquObV","indices":[9,31],"expanded_url":"http://www.amazon.com.au/Youth-Violence-International-Crisis-Cousineau-ebook/dp/B00GP3456Q/ref=sr_1_1?ie=UTF8&qid=1418618795&sr=8-1&keywords=youth+violence+an+international+crisis","display_url":"amazon.com.au/Youth-Violence…"}],"media":[{"expanded_url":"http://twitter.com/canadainfonow/status/544369357363499008/photo/1","display_url":"pic.twitter.com/zA9GUL4Cgs","url":"http://t.co/zA9GUL4Cgs","media_url_https":"https://pbs.twimg.com/media/B439C6DCAAEOScC.jpg","id_str":"544369356365234177","sizes":{"small":{"h":280,"resize":"fit","w":280},"large":{"h":280,"resize":"fit","w":280},"medium":{"h":280,"resize":"fit","w":280},"thumb":{"h":150,"resize":"crop","w":150}},"indices":[90,112],"type":"photo","id":544369356365234177,"media_url":"http://pbs.twimg.com/media/B439C6DCAAEOScC.jpg"}]},"in_reply_to_screen_name":"HeyASIO","id_str":"544369357363499008","retweet_count":0,"in_reply_to_user_id":2832527047,"favorited":false,"user":{"follow_request_sent":false,"profile_use_background_image":true,"profile_text_color":"333333","default_profile_image":false,"id":2734020596,"profile_background_image_url_https":"https://abs.twimg.com/images/themes/theme1/bg.png","verified":false,"profile_location":null,"profile_image_url_https":"https://pbs.twimg.com/profile_images/500206452145782788/5-vWudEf_normal.jpeg","profile_sidebar_fill_color":"DDEEF6","entities":{"description":{"urls":[]}},"followers_count":60,"profile_sidebar_border_color":"C0DEED","id_str":"2734020596","profile_background_color":"C0DEED","listed_count":0,"is_translation_enabled":false,"utc_offset":null,"statuses_count":992,"description":"When you stop learning, you stop living.","friends_count":843,"location":"","profile_link_color":"0084B4","profile_image_url":"http://pbs.twimg.com/profile_images/500206452145782788/5-vWudEf_normal.jpeg","following":false,"geo_enabled":false,"profile_background_image_url":"http://abs.twimg.com/images/themes/theme1/bg.png","name":"JW Cousineau","lang":"en","profile_background_tile":false,"favourites_count":27,"screen_name":"canadainfonow","notifications":false,"url":null,"created_at":"Fri Aug 15 08:45:33 +0000 2014","contributors_enabled":false,"time_zone":null,"protected":false,"default_profile":true,"is_translator":false},"geo":null,"in_reply_to_user_id_str":"2832527047","possibly_sensitive":false,"lang":"en","created_at":"Mon Dec 15 05:52:23 +0000 2014","in_reply_to_status_id_str":"544343299138392065","place":null,"extended_entities":{"media":[{"expanded_url":"http://twitter.com/canadainfonow/status/544369357363499008/photo/1","display_url":"pic.twitter.com/zA9GUL4Cgs","url":"http://t.co/zA9GUL4Cgs","media_url_https":"https://pbs.twimg.com/media/B439C6DCAAEOScC.jpg","id_str":"544369356365234177","sizes":{"small":{"h":280,"resize":"fit","w":280},"large":{"h":280,"resize":"fit","w":280},"medium":{"h":280,"resize":"fit","w":280},"thumb":{"h":150,"resize":"crop","w":150}},"indices":[90,112],"type":"photo","id":544369356365234177,"media_url":"http://pbs.twimg.com/media/B439C6DCAAEOScC.jpg"}]}},
{"contributors":null,"truncated":false,"text":"@HeyASIO @ShitsGotToStop I hear people are calling for the attackers families to be sent into the cafe. This may work but is it right?","in_reply_to_status_id":544343299138392065,"id":544372058428157952,"favorite_count":0,"source":"<a href=\"http://twitter.com\" rel=\"nofollow\">Twitter Web Client</a>","retweeted":false,"coordinates":null,"entities":{"symbols":[],"user_mentions":[{"id":2832527047,"indices":[0,8],"id_str":"2832527047","screen_name":"HeyASIO","name":"ASIO"},{"id":1118251344,"indices":[9,24],"id_str":"1118251344","screen_name":"ShitsGotToStop","name":"#LibSpill 4 Xmas"}],"hashtags":[],"urls":[]},"in_reply_to_screen_name":"HeyASIO","id_str":"544372058428157952","retweet_count":1,"in_reply_to_user_id":2832527047,"favorited":false,"user":{"follow_request_sent":false,"profile_use_background_image":true,"profile_text_color":"333333","default_profile_image":false,"id":2287135908,"profile_background_image_url_https":"https://abs.twimg.com/images/themes/theme8/bg.gif","verified":false,"profile_location":null,"profile_image_url_https":"https://pbs.twimg.com/profile_images/589308831592632320/3QACJxkS_normal.jpg","profile_sidebar_fill_color":"DDEEF6","entities":{"description":{"urls":[]}},"followers_count":388,"profile_sidebar_border_color":"FFFFFF","id_str":"2287135908","profile_background_color":"89C9FA","listed_count":5,"is_translation_enabled":false,"utc_offset":39600,"statuses_count":11977,"description":"Being burnt out, the only option is to push back. I need your help, togehter we can push harder!","friends_count":480,"location":"Victoria, Australia","profile_link_color":"89C9FA","profile_image_url":"http://pbs.twimg.com/profile_images/589308831592632320/3QACJxkS_normal.jpg","following":false,"geo_enabled":false,"profile_banner_url":"https://pbs.twimg.com/profile_banners/2287135908/1389473364","profile_background_image_url":"http://abs.twimg.com/images/themes/theme8/bg.gif","name":"Mentally drained :(","lang":"en","profile_background_tile":false,"favourites_count":3699,"screen_name":"CitizenMatt1966","notifications":false,"url":null,"created_at":"Sat Jan 11 20:22:01 +0000 2014","contributors_enabled":false,"time_zone":"Melbourne","protected":false,"default_profile":false,"is_translator":false},"geo":null,"in_reply_to_user_id_str":"2832527047","lang":"en","created_at":"Mon Dec 15 06:03:07 +0000 2014","in_reply_to_status_id_str":"544343299138392065","place":null},
{"contributors":null,"truncated":false,"text":"@HeyASIO @Christo45046444 'this paper' warrants this reaction!Disgusting. http://t.co/m3vSekSxnY","in_reply_to_status_id":544343299138392065,"id":544385436802502656,"favorite_count":0,"source":"<a href=\"http://twitter.com/#!/download/ipad\" rel=\"nofollow\">Twitter for iPad</a>","retweeted":false,"coordinates":null,"entities":{"symbols":[],"user_mentions":[{"id":2832527047,"indices":[0,8],"id_str":"2832527047","screen_name":"HeyASIO","name":"ASIO"},{"id":1644849428,"indices":[9,25],"id_str":"1644849428","screen_name":"Christo45046444","name":"ChristopherPatterson"}],"hashtags":[],"urls":[],"media":[{"expanded_url":"http://twitter.com/Justpeachijo/status/544385436802502656/photo/1","display_url":"pic.twitter.com/m3vSekSxnY","url":"http://t.co/m3vSekSxnY","media_url_https":"https://pbs.twimg.com/media/B44LqYdCIAIANqA.jpg","id_str":"544385427705044994","sizes":{"small":{"h":227,"resize":"fit","w":340},"large":{"h":334,"resize":"fit","w":499},"medium":{"h":334,"resize":"fit","w":499},"thumb":{"h":150,"resize":"crop","w":150}},"indices":[74,96],"type":"photo","id":544385427705044994,"media_url":"http://pbs.twimg.com/media/B44LqYdCIAIANqA.jpg"}]},"in_reply_to_screen_name":"HeyASIO","id_str":"544385436802502656","retweet_count":0,"in_reply_to_user_id":2832527047,"favorited":false,"user":{"follow_request_sent":false,"profile_use_background_image":true,"profile_text_color":"333333","default_profile_image":false,"id":546725280,"profile_background_image_url_https":"https://abs.twimg.com/images/themes/theme1/bg.png","verified":false,"profile_location":null,"profile_image_url_https":"https://pbs.twimg.com/profile_images/565631110563258369/h4iDC4Ib_normal.jpeg","profile_sidebar_fill_color":"DDEEF6","entities":{"description":{"urls":[]}},"followers_count":863,"profile_sidebar_border_color":"C0DEED","id_str":"546725280","profile_background_color":"C0DEED","listed_count":15,"is_translation_enabled":false,"utc_offset":39600,"statuses_count":44241,"description":"Doesn't suffer fools gladly.Books Books surrounded by lots of Books. I didn't vote for HIM.It wasn't me!","friends_count":694,"location":"Melbourne, Australia","profile_link_color":"0084B4","profile_image_url":"http://pbs.twimg.com/profile_images/565631110563258369/h4iDC4Ib_normal.jpeg","following":false,"geo_enabled":false,"profile_background_image_url":"http://abs.twimg.com/images/themes/theme1/bg.png","name":"Insouciantly Yours","lang":"en","profile_background_tile":false,"favourites_count":12204,"screen_name":"Justpeachijo","notifications":false,"url":null,"created_at":"Fri Apr 06 08:37:55 +0000 2012","contributors_enabled":false,"time_zone":"Melbourne","protected":false,"default_profile":true,"is_translator":false},"geo":null,"in_reply_to_user_id_str":"2832527047","possibly_sensitive":false,"lang":"en","created_at":"Mon Dec 15 06:56:16 +0000 2014","in_reply_to_status_id_str":"544343299138392065","place":null,"extended_entities":{"media":[{"expanded_url":"http://twitter.com/Justpeachijo/status/544385436802502656/photo/1","display_url":"pic.twitter.com/m3vSekSxnY","url":"http://t.co/m3vSekSxnY","media_url_https":"https://pbs.twimg.com/media/B44LqYdCIAIANqA.jpg","id_str":"544385427705044994","sizes":{"small":{"h":227,"resize":"fit","w":340},"large":{"h":334,"resize":"fit","w":499},"medium":{"h":334,"resize":"fit","w":499},"thumb":{"h":150,"resize":"crop","w":150}},"indices":[74,96],"type":"photo","id":544385427705044994,"media_url":"http://pbs.twimg.com/media/B44LqYdCIAIANqA.jpg"}]}},
{"contributors":null,"truncated":false,"text":"@CitizenMatt1966 - not right! @HeyASIO","in_reply_to_status_id":544372058428157952,"id":544439220681457664,"favorite_count":0,"source":"<a href=\"http://twitter.com/download/android\" rel=\"nofollow\">Twitter for Android</a>","retweeted":false,"coordinates":null,"entities":{"symbols":[],"user_mentions":[{"id":2287135908,"indices":[0,16],"id_str":"2287135908","screen_name":"CitizenMatt1966","name":"Mentally drained :("},{"id":2832527047,"indices":[30,38],"id_str":"2832527047","screen_name":"HeyASIO","name":"ASIO"}],"hashtags":[],"urls":[]},"in_reply_to_screen_name":"CitizenMatt1966","id_str":"544439220681457664","retweet_count":0,"in_reply_to_user_id":2287135908,"favorited":false,"user":{"follow_request_sent":false,"profile_use_background_image":true,"profile_text_color":"333333","default_profile_image":false,"id":1118251344,"profile_background_image_url_https":"https://pbs.twimg.com/profile_background_images/808339761/9f1769d9f776f68028495db8a1faf07c.jpeg","verified":false,"profile_location":null,"profile_image_url_https":"https://pbs.twimg.com/profile_images/501954220044464128/eevP-SjM_normal.jpeg","profile_sidebar_fill_color":"DDEEF6","entities":{"url":{"urls":[{"url":"http://t.co/TZyYv6muav","indices":[0,22],"expanded_url":"http://shitsgottastop.wordpress.com","display_url":"shitsgottastop.wordpress.com"}]},"description":{"urls":[]}},"followers_count":3064,"profile_sidebar_border_color":"000000","id_str":"1118251344","profile_background_color":"1D4A61","listed_count":13,"is_translation_enabled":false,"utc_offset":36000,"statuses_count":13828,"description":"Inventor of the word 'kunchabuntz'. Vaper. Drunk-tweeter. Disgraced ex-member of Team Australia. Exposing the Obvious & Declaring War on Crap™.","friends_count":3149,"location":"Australia & InterNETionally:","profile_link_color":"28BBF0","profile_image_url":"http://pbs.twimg.com/profile_images/501954220044464128/eevP-SjM_normal.jpeg","following":false,"geo_enabled":false,"profile_banner_url":"https://pbs.twimg.com/profile_banners/1118251344/1407219971","profile_background_image_url":"http://pbs.twimg.com/profile_background_images/808339761/9f1769d9f776f68028495db8a1faf07c.jpeg","name":"Lone Wolf Death Cult","lang":"en","profile_background_tile":true,"favourites_count":1756,"screen_name":"ShitsGotToStop","notifications":false,"url":"http://t.co/TZyYv6muav","created_at":"Fri Jan 25 02:49:16 +0000 2013","contributors_enabled":false,"time_zone":"Brisbane","protected":false,"default_profile":false,"is_translator":false},"geo":null,"in_reply_to_user_id_str":"2287135908","lang":"en","created_at":"Mon Dec 15 10:30:00 +0000 2014","in_reply_to_status_id_str":"544372058428157952","place":null}
]