[{"contributors":null,"truncated":false,"text":"@KhaledBeydoun Buddhist terrorists = 0 conflate that you imbecile!","in_reply_to_status_id":544346107900207105,"id":544346786316304384,"favorite_count":4,"source":"<a href=\"http://twitter.com\" rel=\"nofollow\">Twitter Web Client</a>","retweeted":false,"coordinates":null,"entities":{"symbols":[],"user_mentions":[{"id":2163076560,"indices":[0,14],"id_str":"2163076560","screen_name":"KhaledBeydoun","name":"Khaled Bey"}],"hashtags":[],"urls":[]},"in_reply_to_screen_name":"KhaledBeydoun","id_str":"544346786316304384","retweet_count":1,"in_reply_to_user_id":2163076560,"favorited":false,"user":{"follow_request_sent":false,"profile_use_background_image":true,"profile_text_color":"333333","default_profile_image":false,"id":20496966,"profile_background_image_url_https":"https://abs.twimg.com/images/themes/theme14/bg.gif","verified":false,"profile_location":null,"profile_image_url_https":"https://pbs.twimg.com/profile_images/378800000018074072/2e798ef9839413f4a71825f2b7e4ee5c_normal.jpeg","profile_sidebar_fill_color":"EFEFEF","entities":{"description":{"urls":[]}},"followers_count":149,"profile_sidebar_border_color":"EEEEEE","id_str":"20496966","profile_background_color":"131516","listed_count":2,"is_translation_enabled":false,"utc_offset":39600,"statuses_count":2109,"description":"all views expressed are those approved by Big Oil, Big Mining & Big Tobacco.","friends_count":328,"location":"Australia","profile_link_color":"E67F00","profile_image_url":"http://pbs.twimg.com/profile_images/378800000018074072/2e798ef9839413f4a71825f2b7e4ee5c_normal.jpeg","following":false,"geo_enabled":true,"profile_banner_url":"https://pbs.twimg.com/profile_banners/20496966/1400809418","profile_background_image_url":"http://abs.twimg.com/images/themes/theme14/bg.gif","name":"LeftRightOut","lang":"en","profile_background_tile":true,"favourites_count":211,"screen_name":"userIDtaken","notifications":false,"url":null,"created_at":"Tue Feb 10 07:23:19 +0000 2009","contributors_enabled":false,"time_zone":"Melbourne","protected":false,"default_profile":false,"is_translator":false},"geo":null,"in_reply_to_user_id_str":"2163076560","lang":"en","created_at":"Mon Dec 15 04:22:41 +0000 2014","in_reply_to_status_id_str":"544346107900207105","place":null},
{"contributors":null,"truncated":false,"text":"@userIDtaken @KhaledBeydoun Tell that to the Tamils.","in_reply_to_status_id":544346786316304384,"id":544347013450850304,"favorite_count":0,"source":"<a href=\"https://mobile.twitter.com\" rel=\"nofollow\">Mobile Web (M5)</a>","retweeted":false,"coordinates":null,"entities":{"symbols":[],"user_mentions":[{"id":20496966,"indices":[0,12],"id_str":"20496966","screen_name":"userIDtaken","name":"LeftRightOut"},{"id":2163076560,"indices":[13,27],"id_str":"2163076560","screen_name":"KhaledBeydoun","name":"Khaled Bey"}],"hashtags":[],"urls":[]},"in_reply_to_screen_name":"userIDtaken","id_str":"544347013450850304","retweet_count":0,"in_reply_to_user_id":20496966,"favorited":false,"user":{"follow_request_sent":false,"profile_use_background_image":true,"profile_text_color":"131C13","default_profile_image":false,"id":49243929,"profile_background_image_url_https":"https://abs.twimg.com/images/themes/theme3/bg.gif","verified":false,"profile_location":null,"profile_image_url_https":"https://pbs.twimg.com/profile_images/526217639/Twitter_photo_2_normal.jpg","profile_sidebar_fill_color":"828491","entities":{"description":{"urls":[]}},"followers_count":355,"profile_sidebar_border_color":"161716","id_str":"49243929","profile_background_color":"EDEBE4","listed_count":15,"is_translation_enabled":false,"utc_offset":12600,"statuses_count":7078,"description":"Truly a 12 year old boy in a 46 year old woman's body who was born 72 and has lived thus for years.","friends_count":2001,"location":"Tehran","profile_link_color":"19523B","profile_image_url":"http://pbs.twimg.com/profile_images/526217639/Twitter_photo_2_normal.jpg","following":false,"geo_enabled":false,"profile_background_image_url":"http://abs.twimg.com/images/themes/theme3/bg.gif","name":"Disce Pati","lang":"en","profile_background_tile":false,"favourites_count":2896,"screen_name":"pang5","notifications":false,"url":null,"created_at":"Sun Jun 21 05:33:55 +0000 2009","contributors_enabled":false,"time_zone":"Tehran","protected":false,"default_profile":false,"is_translator":false},"geo":null,"in_reply_to_user_id_str":"20496966","lang":"en","created_at":"Mon Dec 15 04:23:36 +0000 2014","in_reply_to_status_id_str":"544346786316304384","place":null},
{"contributors":null,"truncated":false,"text":"@KhaledBeydoun It's not about numbers, it's more about the similarity of the beliefs of the extremists and the broad Muslim world. #peace","in_reply_to_status_id":544346107900207105,"id":544347079469203456,"favorite_count":3,"source":"<a href=\"http://twitter.com\" rel=\"nofollow\">Twitter Web Client</a>","retweeted":false,"coordinates":null,"entities":{"symbols":[],"user_mentions":[{"id":2163076560,"indices":[0,14],"id_str":"2163076560","screen_name":"KhaledBeydoun","name":"Khaled Bey"}],"hashtags":[{"indices":[131,137],"text":"peace"}],"urls":[]},"in_reply_to_screen_name":"KhaledBeydoun","id_str":"544347079469203456","retweet_count":3,"in_reply_to_user_id":2163076560,"favorited":false,"user":{"follow_request_sent":false,"profile_use_background_image":true,"profile_text_color":"000000","default_profile_image":false,"id":14599545,"profile_background_image_url_https":"https://pbs.twimg.com/profile_background_images/189664837/kowloon2reduced.jpg","verified":false,"profile_location":null,"profile_image_url_https":"https://pbs.twimg.com/profile_images/563768708368052225/V2BE4jpK_normal.png","profile_sidebar_fill_color":"CED0EB","entities":{"url":{"urls":[{"url":"http://t.co/rHpvxB8vw8","indices":[0,22],"expanded_url":"http://jensbest.net/","display_url":"jensbest.net"}]},"description":{"urls":[]}},"followers_count":8487,"profile_sidebar_border_color":"A9CED9","id_str":"14599545","profile_background_color":"011314","listed_count":564,"is_translation_enabled":false,"utc_offset":3600,"statuses_count":40166,"description":"writer, scifi-fan, diver, worldlover, European.\r\nIt's still just a ride.","friends_count":2725,"location":"mainly Europe - HQ Berlin","profile_link_color":"0000FF","profile_image_url":"http://pbs.twimg.com/profile_images/563768708368052225/V2BE4jpK_normal.png","following":false,"geo_enabled":true,"profile_banner_url":"https://pbs.twimg.com/profile_banners/14599545/1401310106","profile_background_image_url":"http://pbs.twimg.com/profile_background_images/189664837/kowloon2reduced.jpg","name":"jensbest","lang":"en","profile_background_tile":false,"favourites_count":6463,"screen_name":"jensbest","notifications":false,"url":"http://t.co/rHpvxB8vw8","created_at":"Wed Apr 30 12:45:18 +0000 2008","contributors_enabled":false,"time_zone":"Berlin","protected":false,"default_profile":false,"is_translator":false},"geo":null,"in_reply_to_user_id_str":"2163076560","lang":"en","created_at":"Mon Dec 15 04:23:51 +0000 2014","in_reply_to_status_id_str":"544346107900207105","place":null},
{"contributors":null,"truncated":false,"text":"@userIDtaken @KhaledBeydoun Oh, really http://t.co/OUQGflY9Il","in_reply_to_status_id":544346786316304384,"id":544347515814830080,"favorite_count":1,"source":"<a href=\"http://twitter.com/download/android\" rel=\"nofollow\">Twitter for Android</a>","retweeted":false,"coordinates":null,"entities":{"symbols":[],"user_mentions":[{"id":20496966,"indices":[0,12],"id_str":"20496966","screen_name":"userIDtaken","name":"LeftRightOut"},{"id":2163076560,"indices":[13,27],"id_str":"2163076560","screen_name":"KhaledBeydoun","name":"Khaled Bey"}],"hashtags":[],"urls":[{"url":"http://t.co/OUQGflY9Il","indices":[39,61],"expanded_url":"http://world.time.com/2013/06/20/extremist-buddhist-monks-fight-oppression-with-violence/","display_url":"world.time.com/2013/06/20/ext…"}]},"in_reply_to_screen_name":"userIDtaken","id_str":"544347515814830080","retweet_count":0,"in_reply_to_user_id":20496966,"favorited":false,"user":{"follow_request_sent":false,"profile_use_background_image":true,"profile_text_color":"333333","default_profile_image":false,"id":150544924,"profile_background_image_url_https":"https://abs.twimg.com/images/themes/theme14/bg.gif","verified":false,"profile_location":null,"profile_image_url_https":"https://pbs.twimg.com/profile_images/517027917365133312/Ret6ta6v_normal.jpeg","profile_sidebar_fill_color":"EFEFEF","entities":{"description":{"urls":[]}},"followers_count":971,"profile_sidebar_border_color":"EEEEEE","id_str":"150544924","profile_background_color":"131516","listed_count":33,"is_translation_enabled":false,"utc_offset":-28800,"statuses_count":5130,"description":"Just a big, bubbly bundle of sarcasm and snark","friends_count":980,"location":"Los Angeles","profile_link_color":"009999","profile_image_url":"http://pbs.twimg.com/profile_images/517027917365133312/Ret6ta6v_normal.jpeg","following":false,"geo_enabled":true,"profile_banner_url":"https://pbs.twimg.com/profile_banners/150544924/1360032592","profile_background_image_url":"http://abs.twimg.com/images/themes/theme14/bg.gif","name":"Lady Cat","lang":"en","profile_background_tile":true,"favourites_count":4016,"screen_name":"AtheistCatwoman","notifications":false,"url":null,"created_at":"Tue Jun 01 05:51:17 +0000 2010","contributors_enabled":false,"time_zone":"Pacific Time (US & Canada)","protected":false,"default_profile":false,"is_translator":false},"geo":null,"in_reply_to_user_id_str":"20496966","possibly_sensitive":false,"lang":"en","created_at":"Mon Dec 15 04:25:35 +0000 2014","in_reply_to_status_id_str":"544346786316304384","place":null},
{"contributors":null,"truncated":false,"text":"@pang5 @KhaledBeydoun Sri Lanka civil war not much to do with #sydneysiege","in_reply_to_status_id":544347013450850304,"id":544347848758677504,"favorite_count":0,"source":"<a href=\"http://twitter.com\" rel=\"nofollow\">Twitter Web Client</a>","retweeted":false,"coordinates":null,"entities":{"symbols":[],"user_mentions":[{"id":49243929,"indices":[0,6],"id_str":"49243929","screen_name":"pang5","name":"Disce Pati"},{"id":2163076560,"indices":[7,21],"id_str":"2163076560","screen_name":"KhaledBeydoun","name":"Khaled Bey"}],"hashtags":[{"indices":[62,74],"text":"sydneysiege"}],"urls":[]},"in_reply_to_screen_name":"pang5","id_str":"544347848758677504","retweet_count":0,"in_reply_to_user_id":49243929,"favorited":false,"user":{"follow_request_sent":false,"profile_use_background_image":true,"profile_text_color":"333333","default_profile_image":false,"id":20496966,"profile_background_image_url_https":"https://abs.twimg.com/images/themes/theme14/bg.gif","verified":false,"profile_location":null,"profile_image_url_https":"https://pbs.twimg.com/profile_images/378800000018074072/2e798ef9839413f4a71825f2b7e4ee5c_normal.jpeg","profile_sidebar_fill_color":"EFEFEF","entities":{"description":{"urls":[]}},"followers_count":149,"profile_sidebar_border_color":"EEEEEE","id_str":"20496966","profile_background_color":"131516","listed_count":2,"is_translation_enabled":false,"utc_offset":39600,"statuses_count":2109,"description":"all views expressed are those approved by Big Oil, Big Mining & Big Tobacco.","friends_count":328,"location":"Australia","profile_link_color":"E67F00","profile_image_url":"http://pbs.twimg.com/profile_images/378800000018074072/2e798ef9839413f4a71825f2b7e4ee5c_normal.jpeg","following":false,"geo_enabled":true,"profile_banner_url":"https://pbs.twimg.com/profile_banners/20496966/1400809418","profile_background_image_url":"http://abs.twimg.com/images/themes/theme14/bg.gif","name":"LeftRightOut","lang":"en","profile_background_tile":true,"favourites_count":211,"screen_name":"userIDtaken","notifications":false,"url":null,"created_at":"Tue Feb 10 07:23:19 +0000 2009","contributors_enabled":false,"time_zone":"Melbourne","protected":false,"default_profile":false,"is_translator":false},"geo":null,"in_reply_to_user_id_str":"49243929","lang":"en","created_at":"Mon Dec 15 04:26:55 +0000 2014","in_reply_to_status_id_str":"544347013450850304","place":null},
{"contributors":null,"truncated":false,"text":"@KhaledBeydoun Terrorist are minorities with weapons and without weapons they are nobody. Buy a coffee tomorrow at Lindt 2 support democracy","in_reply_to_status_id":544346107900207105,"id":544347885693714432,"favorite_count":0,"source":"<a href=\"http://twitter.com\" rel=\"nofollow\">Twitter Web Client</a>","retweeted":false,"coordinates":null,"entities":{"symbols":[],"user_mentions":[{"id":2163076560,"indices":[0,14],"id_str":"2163076560","screen_name":"KhaledBeydoun","name":"Khaled Bey"}],"hashtags":[],"urls":[]},"in_reply_to_screen_name":"KhaledBeydoun","id_str":"544347885693714432","retweet_count":0,"in_reply_to_user_id":2163076560,"favorited":false,"user":{"follow_request_sent":false,"profile_use_background_image":true,"profile_text_color":"333333","default_profile_image":false,"id":154483283,"profile_background_image_url_https":"https://pbs.twimg.com/profile_background_images/357825976/St.GeorgeSlaysTheDragon_FixNSWLegal.jpg","verified":false,"profile_location":null,"profile_image_url_https":"https://pbs.twimg.com/profile_images/532254333648113664/YYDWYAPI_normal.png","profile_sidebar_fill_color":"F6F6F6","entities":{"url":{"urls":[{"url":"http://t.co/BhIynvPE","indices":[0,20],"expanded_url":"http://www.smh.com.au/nsw/i-would-never-have-dreamt-they-would-do-what-they-did-20110707-1h4v7.html","display_url":"smh.com.au/nsw/i-would-ne…"}]},"description":{"urls":[{"url":"http://t.co/ih5xA7JF","indices":[132,152],"expanded_url":"http://www.twitlonger.com/show/l1hbcm","display_url":"twitlonger.com/show/l1hbcm"}]}},"followers_count":37972,"profile_sidebar_border_color":"EEEEEE","id_str":"154483283","profile_background_color":"ACDED6","listed_count":157,"is_translation_enabled":false,"utc_offset":39600,"statuses_count":21578,"description":"Lawyers (NSW Lib Minister, Lib Councillors, Ex Lib Cand) stole funds $160K. OLSC dismissed complaint on the hearsay of the lawyers. http://t.co/ih5xA7JF","friends_count":19622,"location":"NSW","profile_link_color":"038543","profile_image_url":"http://pbs.twimg.com/profile_images/532254333648113664/YYDWYAPI_normal.png","following":false,"geo_enabled":false,"profile_background_image_url":"http://pbs.twimg.com/profile_background_images/357825976/St.GeorgeSlaysTheDragon_FixNSWLegal.jpg","name":"FIX NSW LEGAL","lang":"en","profile_background_tile":true,"favourites_count":863,"screen_name":"FixNSWLegal","notifications":false,"url":"http://t.co/BhIynvPE","created_at":"Fri Jun 11 10:22:42 +0000 2010","contributors_enabled":false,"time_zone":"Sydney","protected":false,"default_profile":false,"is_translator":false},"geo":null,"in_reply_to_user_id_str":"2163076560","lang":"en","created_at":"Mon Dec 15 04:27:04 +0000 2014","in_reply_to_status_id_str":"544346107900207105","place":null},
{"contributors":null,"truncated":false,"text":"@userIDtaken @KhaledBeydoun Those terrorized Buddhists, in Myanmar or Sri Lanka for example, would disagree","in_reply_to_status_id":544346786316304384,"id":544348083614535681,"favorite_count":0,"source":"<a href=\"http://twitter.com/download/android\" rel=\"nofollow\">Twitter for Android</a>","retweeted":false,"coordinates":null,"entities":{"symbols":[],"user_mentions":[{"id":20496966,"indices":[0,12],"id_str":"20496966","screen_name":"userIDtaken","name":"LeftRightOut"},{"id":2163076560,"indices":[13,27],"id_str":"2163076560","screen_name":"KhaledBeydoun","name":"Khaled Bey"}],"hashtags":[],"urls":[]},"in_reply_to_screen_name":"userIDtaken","id_str":"544348083614535681","retweet_count":0,"in_reply_to_user_id":20496966,"favorited":false,"user":{"follow_request_sent":false,"profile_use_background_image":true,"profile_text_color":"333333","default_profile_image":false,"id":150544924,"profile_background_image_url_https":"https://abs.twimg.com/images/themes/theme14/bg.gif","verified":false,"profile_location":null,"profile_image_url_https":"https://pbs.twimg.com/profile_images/517027917365133312/Ret6ta6v_normal.jpeg","profile_sidebar_fill_color":"EFEFEF","entities":{"description":{"urls":[]}},"followers_count":971,"profile_sidebar_border_color":"EEEEEE","id_str":"150544924","profile_background_color":"131516","listed_count":33,"is_translation_enabled":false,"utc_offset":-28800,"statuses_count":5130,"description":"Just a big, bubbly bundle of sarcasm and snark","friends_count":980,"location":"Los Angeles","profile_link_color":"009999","profile_image_url":"http://pbs.twimg.com/profile_images/517027917365133312/Ret6ta6v_normal.jpeg","following":false,"geo_enabled":true,"profile_banner_url":"https://pbs.twimg.com/profile_banners/150544924/1360032592","profile_background_image_url":"http://abs.twimg.com/images/themes/theme14/bg.gif","name":"Lady Cat","lang":"en","profile_background_tile":true,"favourites_count":4016,"screen_name":"AtheistCatwoman","notifications":false,"url":null,"created_at":"Tue Jun 01 05:51:17 +0000 2010","contributors_enabled":false,"time_zone":"Pacific Time (US & Canada)","protected":false,"default_profile":false,"is_translator":false},"geo":null,"in_reply_to_user_id_str":"20496966","lang":"en","created_at":"Mon Dec 15 04:27:51 +0000 2014","in_reply_to_status_id_str":"544346786316304384","place":null},
{"contributors":null,"truncated":false,"text":"@KhaledBeydoun More like: Get your mad-dogs under control.  If you aren't part of the solution - you are part of the problem. Disgusting.","in_reply_to_status_id":544346107900207105,"id":544348106465509376,"favorite_count":0,"source":"<a href=\"http://twitter.com\" rel=\"nofollow\">Twitter Web Client</a>","retweeted":false,"coordinates":null,"entities":{"symbols":[],"user_mentions":[{"id":2163076560,"indices":[0,14],"id_str":"2163076560","screen_name":"KhaledBeydoun","name":"Khaled Bey"}],"hashtags":[],"urls":[]},"in_reply_to_screen_name":"KhaledBeydoun","id_str":"544348106465509376","retweet_count":0,"in_reply_to_user_id":2163076560,"favorited":false,"user":{"follow_request_sent":false,"profile_use_background_image":false,"profile_text_color":"000000","default_profile_image":false,"id":44482963,"profile_background_image_url_https":"https://abs.twimg.com/images/themes/theme6/bg.gif","verified":false,"profile_location":null,"profile_image_url_https":"https://pbs.twimg.com/profile_images/523012422433378304/tO35YP1y_normal.jpeg","profile_sidebar_fill_color":"000000","entities":{"description":{"urls":[]}},"followers_count":2333,"profile_sidebar_border_color":"000000","id_str":"44482963","profile_background_color":"000000","listed_count":38,"is_translation_enabled":false,"utc_offset":-28800,"statuses_count":2782,"description":"Conservative Purist- Favorite of @SenMikeLee,@SenTedCruz.                Exposing #GOP Sellouts   #USAF Vet       #TeaParty","friends_count":1740,"location":"Bay Area - California","profile_link_color":"DD2E44","profile_image_url":"http://pbs.twimg.com/profile_images/523012422433378304/tO35YP1y_normal.jpeg","following":false,"geo_enabled":false,"profile_background_image_url":"http://abs.twimg.com/images/themes/theme6/bg.gif","name":"Rick Showers","lang":"en","profile_background_tile":false,"favourites_count":2595,"screen_name":"RickShowers","notifications":false,"url":null,"created_at":"Wed Jun 03 23:02:40 +0000 2009","contributors_enabled":false,"time_zone":"Pacific Time (US & Canada)","protected":false,"default_profile":false,"is_translator":false},"geo":null,"in_reply_to_user_id_str":"2163076560","lang":"en","created_at":"Mon Dec 15 04:27:56 +0000 2014","in_reply_to_status_id_str":"544346107900207105","place":null},
{"contributors":null,"truncated":false,"text":"“@KhaledBeydoun: Do the math.  \nStop the conflation and collateral indictment of Muslim Australians. \n#sydneysiege http://t.co/wNettvaFJN”","in_reply_to_status_id":544346107900207105,"id":544348720100171777,"favorite_count":0,"source":"<a href=\"http://twitter.com/download/iphone\" rel=\"nofollow\">Twitter for iPhone</a>","retweeted":false,"coordinates":null,"entities":{"symbols":[],"user_mentions":[{"id":2163076560,"indices":[1,15],"id_str":"2163076560","screen_name":"KhaledBeydoun","name":"Khaled Bey"}],"hashtags":[{"indices":[102,114],"text":"sydneysiege"}],"urls":[],"media":[{"source_user_id":2163076560,"source_status_id_str":"544346107900207105","expanded_url":"http://twitter.com/KhaledBeydoun/status/544346107900207105/photo/1","display_url":"pic.twitter.com/wNettvaFJN","url":"http://t.co/wNettvaFJN","media_url_https":"https://pbs.twimg.com/media/B43n5n_CIAATCrb.jpg","source_user_id_str":"2163076560","source_status_id":544346107900207105,"id_str":"544346107153620992","sizes":{"small":{"h":335,"resize":"fit","w":340},"large":{"h":591,"resize":"fit","w":599},"medium":{"h":591,"resize":"fit","w":599},"thumb":{"h":150,"resize":"crop","w":150}},"indices":[115,137],"type":"photo","id":544346107153620992,"media_url":"http://pbs.twimg.com/media/B43n5n_CIAATCrb.jpg"}]},"in_reply_to_screen_name":"KhaledBeydoun","id_str":"544348720100171777","retweet_count":0,"in_reply_to_user_id":2163076560,"favorited":false,"user":{"follow_request_sent":false,"profile_use_background_image":true,"profile_text_color":"F76B00","default_profile_image":false,"id":96500143,"profile_background_image_url_https":"https://pbs.twimg.com/profile_background_images/577040242/08ntvhbgisldv9zswqzc.jpeg","verified":false,"profile_location":null,"profile_image_url_https":"https://pbs.twimg.com/profile_images/560670678471307264/MQwNtDnV_normal.jpeg","profile_sidebar_fill_color":"000000","entities":{"description":{"urls":[]}},"followers_count":140061,"profile_sidebar_border_color":"F75A05","id_str":"96500143","profile_background_color":"000000","listed_count":123,"is_translation_enabled":false,"utc_offset":28800,"statuses_count":44435,"description":"Hiram na Alaala 09162966861","friends_count":4132,"location":"Pilipinas","profile_link_color":"D14200","profile_image_url":"http://pbs.twimg.com/profile_images/560670678471307264/MQwNtDnV_normal.jpeg","following":false,"geo_enabled":false,"profile_banner_url":"https://pbs.twimg.com/profile_banners/96500143/1414362914","profile_background_image_url":"http://pbs.twimg.com/profile_background_images/577040242/08ntvhbgisldv9zswqzc.jpeg","name":"Rap Fernandez","lang":"en","profile_background_tile":false,"favourites_count":33755,"screen_name":"rap_fernandez","notifications":false,"url":null,"created_at":"Sun Dec 13 06:30:03 +0000 2009","contributors_enabled":false,"time_zone":"Hong Kong","protected":false,"default_profile":false,"is_translator":false},"geo":null,"in_reply_to_user_id_str":"2163076560","possibly_sensitive":true,"lang":"en","created_at":"Mon Dec 15 04:30:23 +0000 2014","in_reply_to_status_id_str":"544346107900207105","place":null,"extended_entities":{"media":[{"source_user_id":2163076560,"source_status_id_str":"544346107900207105","expanded_url":"http://twitter.com/KhaledBeydoun/status/544346107900207105/photo/1","display_url":"pic.twitter.com/wNettvaFJN","url":"http://t.co/wNettvaFJN","media_url_https":"https://pbs.twimg.com/media/B43n5n_CIAATCrb.jpg","source_user_id_str":"2163076560","source_status_id":544346107900207105,"id_str":"544346107153620992","sizes":{"small":{"h":335,"resize":"fit","w":340},"large":{"h":591,"resize":"fit","w":599},"medium":{"h":591,"resize":"fit","w":599},"thumb":{"h":150,"resize":"crop","w":150}},"indices":[115,137],"type":"photo","id":544346107153620992,"media_url":"http://pbs.twimg.com/media/B43n5n_CIAATCrb.jpg"}]}},
{"contributors":null,"truncated":false,"text":"@KhaledBeydoun 1.56 billion of them hate gays and think husbands can beat their wives","in_reply_to_status_id":544346107900207105,"id":544350579930058752,"favorite_count":2,"source":"<a href=\"http://twitter.com\" rel=\"nofollow\">Twitter Web Client</a>","retweeted":false,"coordinates":null,"entities":{"symbols":[],"user_mentions":[{"id":2163076560,"indices":[0,14],"id_str":"2163076560","screen_name":"KhaledBeydoun","name":"Khaled Bey"}],"hashtags":[],"urls":[]},"in_reply_to_screen_name":"KhaledBeydoun","id_str":"544350579930058752","retweet_count":0,"in_reply_to_user_id":2163076560,"favorited":false,"user":{"follow_request_sent":false,"profile_use_background_image":true,"profile_text_color":"333333","default_profile_image":false,"id":1485225582,"profile_background_image_url_https":"https://pbs.twimg.com/profile_background_images/889872516/791292dd702d200abcbcf8e252c09747.jpeg","verified":false,"profile_location":null,"profile_image_url_https":"https://pbs.twimg.com/profile_images/461529254346244097/-c1q6mX-_normal.png","profile_sidebar_fill_color":"DDEEF6","entities":{"description":{"urls":[]}},"followers_count":1403,"profile_sidebar_border_color":"000000","id_str":"1485225582","profile_background_color":"642D8B","listed_count":10,"is_translation_enabled":false,"utc_offset":-25200,"statuses_count":1697,"description":"Getting big in New Mexico politics sure beats the alternative as night manager at Macaroni Grill. NM Attorney General Elect #singlemomfromwagonmoundPARODY","friends_count":1986,"location":"Future Governor of New Mexico ","profile_link_color":"FF0000","profile_image_url":"http://pbs.twimg.com/profile_images/461529254346244097/-c1q6mX-_normal.png","following":false,"geo_enabled":false,"profile_banner_url":"https://pbs.twimg.com/profile_banners/1485225582/1398915096","profile_background_image_url":"http://pbs.twimg.com/profile_background_images/889872516/791292dd702d200abcbcf8e252c09747.jpeg","name":"Hector Balderass AG","lang":"en","profile_background_tile":true,"favourites_count":1145,"screen_name":"hectorbalderass","notifications":false,"url":null,"created_at":"Wed Jun 05 15:03:55 +0000 2013","contributors_enabled":false,"time_zone":"Arizona","protected":false,"default_profile":false,"is_translator":false},"geo":null,"in_reply_to_user_id_str":"2163076560","lang":"en","created_at":"Mon Dec 15 04:37:46 +0000 2014","in_reply_to_status_id_str":"544346107900207105","place":null},
{"contributors":null,"truncated":false,"text":"@KhaledBeydoun Exterminate all Islam. Cult of Death. Beheading Christian children in the name of Islam is MURDER. Moderates Islam supports.","in_reply_to_status_id":544346107900207105,"id":544350854607024128,"favorite_count":1,"source":"<a href=\"http://twitter.com\" rel=\"nofollow\">Twitter Web Client</a>","retweeted":false,"coordinates":null,"entities":{"symbols":[],"user_mentions":[{"id":2163076560,"indices":[0,14],"id_str":"2163076560","screen_name":"KhaledBeydoun","name":"Khaled Bey"}],"hashtags":[],"urls":[]},"in_reply_to_screen_name":"KhaledBeydoun","id_str":"544350854607024128","retweet_count":0,"in_reply_to_user_id":2163076560,"favorited":false,"user":{"follow_request_sent":false,"profile_use_background_image":true,"profile_text_color":"FA8459","default_profile_image":false,"id":131582916,"profile_background_image_url_https":"https://pbs.twimg.com/profile_background_images/509433133993705473/bTfL7MuX.jpeg","verified":false,"profile_location":null,"profile_image_url_https":"https://pbs.twimg.com/profile_images/587139442474745856/v20WGw9P_normal.jpg","profile_sidebar_fill_color":"000000","entities":{"url":{"urls":[{"url":"http://t.co/rICZs7OMXZ","indices":[0,22],"expanded_url":"http://www.randpaul2016.com/","display_url":"randpaul2016.com"}]},"description":{"urls":[]}},"followers_count":1475,"profile_sidebar_border_color":"000000","id_str":"131582916","profile_background_color":"ACDED6","listed_count":35,"is_translation_enabled":false,"utc_offset":-18000,"statuses_count":8305,"description":"#PJNET | Let's save the Republic. | I'm a social fiscal conservative. | #JiYoon | #Purfles | #Badkiz | #KPOP | #KCON | #TCOT | #TLOT | #ArticleV | #TGDN |","friends_count":2001,"location":"USA","profile_link_color":"09769E","profile_image_url":"http://pbs.twimg.com/profile_images/587139442474745856/v20WGw9P_normal.jpg","following":false,"geo_enabled":true,"profile_banner_url":"https://pbs.twimg.com/profile_banners/131582916/1417668064","profile_background_image_url":"http://pbs.twimg.com/profile_background_images/509433133993705473/bTfL7MuX.jpeg","name":"Blue Eyed Cowboy","lang":"en","profile_background_tile":true,"favourites_count":2026,"screen_name":"BooBooBear4U2","notifications":false,"url":"http://t.co/rICZs7OMXZ","created_at":"Sat Apr 10 18:18:28 +0000 2010","contributors_enabled":false,"time_zone":"Indiana (East)","protected":false,"default_profile":false,"is_translator":false},"geo":null,"in_reply_to_user_id_str":"2163076560","lang":"en","created_at":"Mon Dec 15 04:38:51 +0000 2014","in_reply_to_status_id_str":"544346107900207105","place":null},
{"contributors":null,"truncated":false,"text":"@KhaledBeydoun anyway we can get this graph to the hostages, boy, i'm sure it'll get their spirits up! #sydneysiege","in_reply_to_status_id":544346107900207105,"id":544350862454190080,"favorite_count":4,"source":"<a href=\"http://twitter.com\" rel=\"nofollow\">Twitter Web Client</a>","retweeted":false,"coordinates":null,"entities":{"symbols":[],"user_mentions":[{"id":2163076560,"indices":[0,14],"id_str":"2163076560","screen_name":"KhaledBeydoun","name":"Khaled Bey"}],"hashtags":[{"indices":[103,115],"text":"sydneysiege"}],"urls":[]},"in_reply_to_screen_name":"KhaledBeydoun","id_str":"544350862454190080","retweet_count":1,"in_reply_to_user_id":2163076560,"favorited":false,"user":{"follow_request_sent":false,"profile_use_background_image":true,"profile_text_color":"333333","default_profile_image":false,"id":1485225582,"profile_background_image_url_https":"https://pbs.twimg.com/profile_background_images/889872516/791292dd702d200abcbcf8e252c09747.jpeg","verified":false,"profile_location":null,"profile_image_url_https":"https://pbs.twimg.com/profile_images/461529254346244097/-c1q6mX-_normal.png","profile_sidebar_fill_color":"DDEEF6","entities":{"description":{"urls":[]}},"followers_count":1403,"profile_sidebar_border_color":"000000","id_str":"1485225582","profile_background_color":"642D8B","listed_count":10,"is_translation_enabled":false,"utc_offset":-25200,"statuses_count":1697,"description":"Getting big in New Mexico politics sure beats the alternative as night manager at Macaroni Grill. NM Attorney General Elect #singlemomfromwagonmoundPARODY","friends_count":1986,"location":"Future Governor of New Mexico ","profile_link_color":"FF0000","profile_image_url":"http://pbs.twimg.com/profile_images/461529254346244097/-c1q6mX-_normal.png","following":false,"geo_enabled":false,"profile_banner_url":"https://pbs.twimg.com/profile_banners/1485225582/1398915096","profile_background_image_url":"http://pbs.twimg.com/profile_background_images/889872516/791292dd702d200abcbcf8e252c09747.jpeg","name":"Hector Balderass AG","lang":"en","profile_background_tile":true,"favourites_count":1145,"screen_name":"hectorbalderass","notifications":false,"url":null,"created_at":"Wed Jun 05 15:03:55 +0000 2013","contributors_enabled":false,"time_zone":"Arizona","protected":false,"default_profile":false,"is_translator":false},"geo":null,"in_reply_to_user_id_str":"2163076560","lang":"en","created_at":"Mon Dec 15 04:38:53 +0000 2014","in_reply_to_status_id_str":"544346107900207105","place":null},
{"contributors":null,"truncated":false,"text":"@KhaledBeydoun This appears to be a guy with a gun,a flag and some disturbed thoughts - sort of like some of the people who responded to you","in_reply_to_status_id":544346107900207105,"id":544353822437814272,"favorite_count":1,"source":"<a href=\"http://twitter.com\" rel=\"nofollow\">Twitter Web Client</a>","retweeted":false,"coordinates":null,"entities":{"symbols":[],"user_mentions":[{"id":2163076560,"indices":[0,14],"id_str":"2163076560","screen_name":"KhaledBeydoun","name":"Khaled Bey"}],"hashtags":[],"urls":[]},"in_reply_to_screen_name":"KhaledBeydoun","id_str":"544353822437814272","retweet_count":0,"in_reply_to_user_id":2163076560,"favorited":false,"user":{"follow_request_sent":false,"profile_use_background_image":true,"profile_text_color":"292800","default_profile_image":false,"id":25508307,"profile_background_image_url_https":"https://pbs.twimg.com/profile_background_images/249978089/4857940283_a10c2c2f0a_z.jpg","verified":false,"profile_location":null,"profile_image_url_https":"https://pbs.twimg.com/profile_images/480516510440374272/K33nB1CJ_normal.jpeg","profile_sidebar_fill_color":"2D8A26","entities":{"description":{"urls":[]}},"followers_count":4217,"profile_sidebar_border_color":"A6DB3D","id_str":"25508307","profile_background_color":"135703","listed_count":198,"is_translation_enabled":false,"utc_offset":-18000,"statuses_count":94661,"description":"Progressive. Liberal. Realist. Democratic Socialist. Mostly friends with Democrats. RWNJs GOP, don't waste my time.","friends_count":3343,"location":"A pale-blue, grey-turning dot ","profile_link_color":"03F50F","profile_image_url":"http://pbs.twimg.com/profile_images/480516510440374272/K33nB1CJ_normal.jpeg","following":false,"geo_enabled":false,"profile_banner_url":"https://pbs.twimg.com/profile_banners/25508307/1402165221","profile_background_image_url":"http://pbs.twimg.com/profile_background_images/249978089/4857940283_a10c2c2f0a_z.jpg","name":"UV","lang":"en","profile_background_tile":false,"favourites_count":22848,"screen_name":"UltraVerified","notifications":false,"url":null,"created_at":"Fri Mar 20 14:09:31 +0000 2009","contributors_enabled":false,"time_zone":"Eastern Time (US & Canada)","protected":false,"default_profile":false,"is_translator":false},"geo":null,"in_reply_to_user_id_str":"2163076560","lang":"en","created_at":"Mon Dec 15 04:50:39 +0000 2014","in_reply_to_status_id_str":"544346107900207105","place":null},
{"contributors":null,"truncated":false,"text":"@KhaledBeydoun Why dont silent majority then condemn Jihadis, instead of justifying them &amp; deny them when an incident occurs","in_reply_to_status_id":544346107900207105,"id":544354683905908736,"favorite_count":2,"source":"<a href=\"http://twitter.com\" rel=\"nofollow\">Twitter Web Client</a>","retweeted":false,"coordinates":null,"entities":{"symbols":[],"user_mentions":[{"id":2163076560,"indices":[0,14],"id_str":"2163076560","screen_name":"KhaledBeydoun","name":"Khaled Bey"}],"hashtags":[],"urls":[]},"in_reply_to_screen_name":"KhaledBeydoun","id_str":"544354683905908736","retweet_count":0,"in_reply_to_user_id":2163076560,"favorited":false,"user":{"follow_request_sent":false,"profile_use_background_image":true,"profile_text_color":"333333","default_profile_image":false,"id":17961142,"profile_background_image_url_https":"https://abs.twimg.com/images/themes/theme15/bg.png","verified":false,"profile_location":null,"profile_image_url_https":"https://pbs.twimg.com/profile_images/489856516422258688/LAor1Z54_normal.jpeg","profile_sidebar_fill_color":"C0DFEC","entities":{"url":{"urls":[{"url":"http://t.co/1r4lmCRwEC","indices":[0,22],"expanded_url":"http://www.facebook.com/subbu.jois","display_url":"facebook.com/subbu.jois"}]},"description":{"urls":[]}},"followers_count":2655,"profile_sidebar_border_color":"A8C7F7","id_str":"17961142","profile_background_color":"022330","listed_count":41,"is_translation_enabled":false,"utc_offset":19800,"statuses_count":3110,"description":"#Futurist, #UserCentric, #Omnichannel, #IoT.#PlatformArchitect,#GraphDB.#BigData, #3DPrinting, #Nano. Golf, #Glass, #TriumphStreet, 41er, CTO @cloudtags","friends_count":2876,"location":"Bangalore, India","profile_link_color":"0084B4","profile_image_url":"http://pbs.twimg.com/profile_images/489856516422258688/LAor1Z54_normal.jpeg","following":false,"geo_enabled":false,"profile_banner_url":"https://pbs.twimg.com/profile_banners/17961142/1405625795","profile_background_image_url":"http://abs.twimg.com/images/themes/theme15/bg.png","name":"subbujois","lang":"en","profile_background_tile":false,"favourites_count":474,"screen_name":"subbujois","notifications":false,"url":"http://t.co/1r4lmCRwEC","created_at":"Mon Dec 08 11:54:39 +0000 2008","contributors_enabled":false,"time_zone":"New Delhi","protected":false,"default_profile":false,"is_translator":false},"geo":null,"in_reply_to_user_id_str":"2163076560","lang":"en","created_at":"Mon Dec 15 04:54:04 +0000 2014","in_reply_to_status_id_str":"544346107900207105","place":null},
{"contributors":null,"truncated":false,"text":"@userIDtaken @KhaledBeydoun That is categorically false. There are definitely buddhist terrorists...","in_reply_to_status_id":544346786316304384,"id":544355642312753152,"favorite_count":0,"source":"<a href=\"http://twitter.com\" rel=\"nofollow\">Twitter Web Client</a>","retweeted":false,"coordinates":null,"entities":{"symbols":[],"user_mentions":[{"id":20496966,"indices":[0,12],"id_str":"20496966","screen_name":"userIDtaken","name":"LeftRightOut"},{"id":2163076560,"indices":[13,27],"id_str":"2163076560","screen_name":"KhaledBeydoun","name":"Khaled Bey"}],"hashtags":[],"urls":[]},"in_reply_to_screen_name":"userIDtaken","id_str":"544355642312753152","retweet_count":0,"in_reply_to_user_id":20496966,"favorited":false,"user":{"follow_request_sent":false,"profile_use_background_image":true,"profile_text_color":"333333","default_profile_image":false,"id":20295264,"profile_background_image_url_https":"https://pbs.twimg.com/profile_background_images/513790940092186624/fVS37g7v.jpeg","verified":false,"profile_location":null,"profile_image_url_https":"https://pbs.twimg.com/profile_images/496030037070856194/4LoSI_AB_normal.jpeg","profile_sidebar_fill_color":"EFEFEF","entities":{"url":{"urls":[{"url":"http://t.co/VbbjKlQxmu","indices":[0,22],"expanded_url":"http://SouthCentralLosAngeles.edu","display_url":"SouthCentralLosAngeles.edu"}]},"description":{"urls":[]}},"followers_count":10381,"profile_sidebar_border_color":"000000","id_str":"20295264","profile_background_color":"131516","listed_count":81,"is_translation_enabled":false,"utc_offset":-28800,"statuses_count":65433,"description":"My favorite teacher, Ms. Robin Stewart, told me once: Tay, your demeanor is calm, your heart is loving and your mind is open...but your ideas are ferocious.","friends_count":984,"location":"Vivan los soñadores!","profile_link_color":"0D3FA3","profile_image_url":"http://pbs.twimg.com/profile_images/496030037070856194/4LoSI_AB_normal.jpeg","following":false,"geo_enabled":true,"profile_banner_url":"https://pbs.twimg.com/profile_banners/20295264/1409469093","profile_background_image_url":"http://pbs.twimg.com/profile_background_images/513790940092186624/fVS37g7v.jpeg","name":"TayGo","lang":"en","profile_background_tile":true,"favourites_count":54473,"screen_name":"taygogo","notifications":false,"url":"http://t.co/VbbjKlQxmu","created_at":"Sat Feb 07 05:18:11 +0000 2009","contributors_enabled":false,"time_zone":"Pacific Time (US & Canada)","protected":false,"default_profile":false,"is_translator":false},"geo":null,"in_reply_to_user_id_str":"20496966","lang":"en","created_at":"Mon Dec 15 04:57:53 +0000 2014","in_reply_to_status_id_str":"544346786316304384","place":null},
{"contributors":null,"truncated":false,"text":"@taygogo @userIDtaken Precisely.  You may want to investigate Rohingya persecution in Burma.","in_reply_to_status_id":544355642312753152,"id":544355798185304065,"favorite_count":2,"source":"<a href=\"http://twitter.com\" rel=\"nofollow\">Twitter Web Client</a>","retweeted":false,"coordinates":null,"entities":{"symbols":[],"user_mentions":[{"id":20295264,"indices":[0,8],"id_str":"20295264","screen_name":"taygogo","name":"TayGo"},{"id":20496966,"indices":[9,21],"id_str":"20496966","screen_name":"userIDtaken","name":"LeftRightOut"}],"hashtags":[],"urls":[]},"in_reply_to_screen_name":"taygogo","id_str":"544355798185304065","retweet_count":1,"in_reply_to_user_id":20295264,"favorited":false,"user":{"follow_request_sent":false,"profile_use_background_image":true,"profile_text_color":"333333","default_profile_image":false,"id":2163076560,"profile_background_image_url_https":"https://pbs.twimg.com/profile_background_images/440768748526374912/u27GuiHf.jpeg","verified":false,"profile_location":null,"profile_image_url_https":"https://pbs.twimg.com/profile_images/579122850646372352/MIdOlpdI_normal.jpg","profile_sidebar_fill_color":"C0DFEC","entities":{"description":{"urls":[]}},"followers_count":10082,"profile_sidebar_border_color":"FFFFFF","id_str":"2163076560","profile_background_color":"022330","listed_count":237,"is_translation_enabled":false,"utc_offset":-28800,"statuses_count":7252,"description":"Law Professor  ·  Critical Race Theorist  ·  @AJEnglish Columnist ·  Detroiter","friends_count":579,"location":"","profile_link_color":"8A1C12","profile_image_url":"http://pbs.twimg.com/profile_images/579122850646372352/MIdOlpdI_normal.jpg","following":false,"geo_enabled":true,"profile_banner_url":"https://pbs.twimg.com/profile_banners/2163076560/1402385391","profile_background_image_url":"http://pbs.twimg.com/profile_background_images/440768748526374912/u27GuiHf.jpeg","name":"Khaled Bey","lang":"en","profile_background_tile":true,"favourites_count":11375,"screen_name":"KhaledBeydoun","notifications":false,"url":null,"created_at":"Tue Oct 29 15:34:50 +0000 2013","contributors_enabled":false,"time_zone":"Pacific Time (US & Canada)","protected":false,"default_profile":false,"is_translator":false},"geo":null,"in_reply_to_user_id_str":"20295264","lang":"en","created_at":"Mon Dec 15 04:58:30 +0000 2014","in_reply_to_status_id_str":"544355642312753152","place":null},
{"contributors":null,"truncated":false,"text":"@KhaledBeydoun @MaggiePriceless Preach on. Radicals, hijacking the world's concept of the faith.","in_reply_to_status_id":544346107900207105,"id":544364125422649344,"favorite_count":1,"source":"<a href=\"http://twitter.com\" rel=\"nofollow\">Twitter Web Client</a>","retweeted":false,"coordinates":null,"entities":{"symbols":[],"user_mentions":[{"id":2163076560,"indices":[0,14],"id_str":"2163076560","screen_name":"KhaledBeydoun","name":"Khaled Bey"},{"id":233749323,"indices":[15,31],"id_str":"233749323","screen_name":"MaggiePriceless","name":"maggie priceless"}],"hashtags":[],"urls":[]},"in_reply_to_screen_name":"KhaledBeydoun","id_str":"544364125422649344","retweet_count":0,"in_reply_to_user_id":2163076560,"favorited":false,"user":{"follow_request_sent":false,"profile_use_background_image":true,"profile_text_color":"618238","default_profile_image":false,"id":395607953,"profile_background_image_url_https":"https://pbs.twimg.com/profile_background_images/744452219/eb0481d614fe32742f1b5ce2c5835856.jpeg","verified":false,"profile_location":null,"profile_image_url_https":"https://pbs.twimg.com/profile_images/498638830656704513/SxiTvhTE_normal.jpeg","profile_sidebar_fill_color":"060A00","entities":{"url":{"urls":[{"url":"http://t.co/4tnTBHTgQe","indices":[0,22],"expanded_url":"http://www.berkeslaw.net","display_url":"berkeslaw.net"}]},"description":{"urls":[]}},"followers_count":10077,"profile_sidebar_border_color":"FFFFFF","id_str":"395607953","profile_background_color":"000000","listed_count":197,"is_translation_enabled":false,"utc_offset":-28800,"statuses_count":52383,"description":"Dad. Brother. Son. Lawyer (UCLA). Dogs. Wheatens. Woof. #TWD. There is a legal maxim which holds, for every wrong there is a remedy. I want to be that remedy.","friends_count":10241,"location":"Beverly Hills, CA","profile_link_color":"485C3A","profile_image_url":"http://pbs.twimg.com/profile_images/498638830656704513/SxiTvhTE_normal.jpeg","following":false,"geo_enabled":true,"profile_banner_url":"https://pbs.twimg.com/profile_banners/395607953/1356677588","profile_background_image_url":"http://pbs.twimg.com/profile_background_images/744452219/eb0481d614fe32742f1b5ce2c5835856.jpeg","name":"David Berke ","lang":"en","profile_background_tile":true,"favourites_count":55,"screen_name":"berkeslaw","notifications":false,"url":"http://t.co/4tnTBHTgQe","created_at":"Fri Oct 21 23:10:46 +0000 2011","contributors_enabled":false,"time_zone":"Pacific Time (US & Canada)","protected":false,"default_profile":false,"is_translator":false},"geo":null,"in_reply_to_user_id_str":"2163076560","lang":"en","created_at":"Mon Dec 15 05:31:35 +0000 2014","in_reply_to_status_id_str":"544346107900207105","place":null},
{"contributors":null,"truncated":false,"text":"@userIDtaken @KhaledBeydoun Ya think maybe your insult drowns out your point?","in_reply_to_status_id":544346786316304384,"id":544364343639302144,"favorite_count":1,"source":"<a href=\"http://twitter.com\" rel=\"nofollow\">Twitter Web Client</a>","retweeted":false,"coordinates":null,"entities":{"symbols":[],"user_mentions":[{"id":20496966,"indices":[0,12],"id_str":"20496966","screen_name":"userIDtaken","name":"LeftRightOut"},{"id":2163076560,"indices":[13,27],"id_str":"2163076560","screen_name":"KhaledBeydoun","name":"Khaled Bey"}],"hashtags":[],"urls":[]},"in_reply_to_screen_name":"userIDtaken","id_str":"544364343639302144","retweet_count":0,"in_reply_to_user_id":20496966,"favorited":false,"user":{"follow_request_sent":false,"profile_use_background_image":true,"profile_text_color":"618238","default_profile_image":false,"id":395607953,"profile_background_image_url_https":"https://pbs.twimg.com/profile_background_images/744452219/eb0481d614fe32742f1b5ce2c5835856.jpeg","verified":false,"profile_location":null,"profile_image_url_https":"https://pbs.twimg.com/profile_images/498638830656704513/SxiTvhTE_normal.jpeg","profile_sidebar_fill_color":"060A00","entities":{"url":{"urls":[{"url":"http://t.co/4tnTBHTgQe","indices":[0,22],"expanded_url":"http://www.berkeslaw.net","display_url":"berkeslaw.net"}]},"description":{"urls":[]}},"followers_count":10077,"profile_sidebar_border_color":"FFFFFF","id_str":"395607953","profile_background_color":"000000","listed_count":197,"is_translation_enabled":false,"utc_offset":-28800,"statuses_count":52383,"description":"Dad. Brother. Son. Lawyer (UCLA). Dogs. Wheatens. Woof. #TWD. There is a legal maxim which holds, for every wrong there is a remedy. I want to be that remedy.","friends_count":10241,"location":"Beverly Hills, CA","profile_link_color":"485C3A","profile_image_url":"http://pbs.twimg.com/profile_images/498638830656704513/SxiTvhTE_normal.jpeg","following":false,"geo_enabled":true,"profile_banner_url":"https://pbs.twimg.com/profile_banners/395607953/1356677588","profile_background_image_url":"http://pbs.twimg.com/profile_background_images/744452219/eb0481d614fe32742f1b5ce2c5835856.jpeg","name":"David Berke ","lang":"en","profile_background_tile":true,"favourites_count":55,"screen_name":"berkeslaw","notifications":false,"url":"http://t.co/4tnTBHTgQe","created_at":"Fri Oct 21 23:10:46 +0000 2011","contributors_enabled":false,"time_zone":"Pacific Time (US & Canada)","protected":false,"default_profile":false,"is_translator":false},"geo":null,"in_reply_to_user_id_str":"20496966","lang":"en","created_at":"Mon Dec 15 05:32:27 +0000 2014","in_reply_to_status_id_str":"544346786316304384","place":null},
{"contributors":null,"truncated":false,"text":"@userIDtaken @KhaledBeydoun Ever heard of the \"969 Movement\"?","in_reply_to_status_id":544346786316304384,"id":544365146613612544,"favorite_count":1,"source":"<a href=\"http://twitter.com\" rel=\"nofollow\">Twitter Web Client</a>","retweeted":false,"coordinates":null,"entities":{"symbols":[],"user_mentions":[{"id":20496966,"indices":[0,12],"id_str":"20496966","screen_name":"userIDtaken","name":"LeftRightOut"},{"id":2163076560,"indices":[13,27],"id_str":"2163076560","screen_name":"KhaledBeydoun","name":"Khaled Bey"}],"hashtags":[],"urls":[]},"in_reply_to_screen_name":"userIDtaken","id_str":"544365146613612544","retweet_count":0,"in_reply_to_user_id":20496966,"favorited":false,"user":{"follow_request_sent":false,"profile_use_background_image":true,"profile_text_color":"333333","default_profile_image":false,"id":431200935,"profile_background_image_url_https":"https://pbs.twimg.com/profile_background_images/623372725/7oe7n9clhh2yde5cxkwd.jpeg","verified":false,"profile_location":null,"profile_image_url_https":"https://pbs.twimg.com/profile_images/544434021627727872/nnU3qSza_normal.jpeg","profile_sidebar_fill_color":"DDEEF6","entities":{"url":{"urls":[{"url":"http://t.co/54210Y5Lno","indices":[0,22],"expanded_url":"http://coffeelaced-vignette.tumblr.com","display_url":"coffeelaced-vignette.tumblr.com"}]},"description":{"urls":[]}},"followers_count":198,"profile_sidebar_border_color":"C0DEED","id_str":"431200935","profile_background_color":"C0DEED","listed_count":0,"is_translation_enabled":false,"utc_offset":36000,"statuses_count":5699,"description":"im sad and i love harry styles and thats all you need to know about me","friends_count":251,"location":"","profile_link_color":"B077C7","profile_image_url":"http://pbs.twimg.com/profile_images/544434021627727872/nnU3qSza_normal.jpeg","following":false,"geo_enabled":false,"profile_banner_url":"https://pbs.twimg.com/profile_banners/431200935/1357542211","profile_background_image_url":"http://pbs.twimg.com/profile_background_images/623372725/7oe7n9clhh2yde5cxkwd.jpeg","name":" shannon ","lang":"en","profile_background_tile":true,"favourites_count":282,"screen_name":"whiteeskihomo69","notifications":false,"url":"http://t.co/54210Y5Lno","created_at":"Thu Dec 08 01:21:54 +0000 2011","contributors_enabled":false,"time_zone":"Brisbane","protected":false,"default_profile":false,"is_translator":false},"geo":null,"in_reply_to_user_id_str":"20496966","lang":"en","created_at":"Mon Dec 15 05:35:39 +0000 2014","in_reply_to_status_id_str":"544346786316304384","place":null},
{"contributors":null,"truncated":false,"text":"@whiteeskihomo69 @userIDtaken Are you familiar with the persecution of Rohingya by Burmese Buddhists?","in_reply_to_status_id":544365146613612544,"id":544365450784555010,"favorite_count":1,"source":"<a href=\"http://twitter.com\" rel=\"nofollow\">Twitter Web Client</a>","retweeted":false,"coordinates":null,"entities":{"symbols":[],"user_mentions":[{"id":431200935,"indices":[0,16],"id_str":"431200935","screen_name":"whiteeskihomo69","name":" shannon "},{"id":20496966,"indices":[17,29],"id_str":"20496966","screen_name":"userIDtaken","name":"LeftRightOut"}],"hashtags":[],"urls":[]},"in_reply_to_screen_name":"whiteeskihomo69","id_str":"544365450784555010","retweet_count":0,"in_reply_to_user_id":431200935,"favorited":false,"user":{"follow_request_sent":false,"profile_use_background_image":true,"profile_text_color":"333333","default_profile_image":false,"id":2163076560,"profile_background_image_url_https":"https://pbs.twimg.com/profile_background_images/440768748526374912/u27GuiHf.jpeg","verified":false,"profile_location":null,"profile_image_url_https":"https://pbs.twimg.com/profile_images/579122850646372352/MIdOlpdI_normal.jpg","profile_sidebar_fill_color":"C0DFEC","entities":{"description":{"urls":[]}},"followers_count":10085,"profile_sidebar_border_color":"FFFFFF","id_str":"2163076560","profile_background_color":"022330","listed_count":237,"is_translation_enabled":false,"utc_offset":-28800,"statuses_count":7257,"description":"Law Professor  ·  Critical Race Theorist  ·  @AJEnglish Columnist ·  Detroiter","friends_count":579,"location":"","profile_link_color":"8A1C12","profile_image_url":"http://pbs.twimg.com/profile_images/579122850646372352/MIdOlpdI_normal.jpg","following":false,"geo_enabled":true,"profile_banner_url":"https://pbs.twimg.com/profile_banners/2163076560/1402385391","profile_background_image_url":"http://pbs.twimg.com/profile_background_images/440768748526374912/u27GuiHf.jpeg","name":"Khaled Bey","lang":"en","profile_background_tile":true,"favourites_count":11377,"screen_name":"KhaledBeydoun","notifications":false,"url":null,"created_at":"Tue Oct 29 15:34:50 +0000 2013","contributors_enabled":false,"time_zone":"Pacific Time (US & Canada)","protected":false,"default_profile":false,"is_translator":false},"geo":null,"in_reply_to_user_id_str":"431200935","lang":"en","created_at":"Mon Dec 15 05:36:51 +0000 2014","in_reply_to_status_id_str":"544365146613612544","place":null},
{"contributors":null,"truncated":false,"text":"@KhaledBeydoun I hope that wasn't directed at me... The \"969 Movement\" are Buddhist Terrorists...","in_reply_to_status_id":544365450784555010,"id":544365913428852737,"favorite_count":1,"source":"<a href=\"http://twitter.com\" rel=\"nofollow\">Twitter Web Client</a>","retweeted":false,"coordinates":null,"entities":{"symbols":[],"user_mentions":[{"id":2163076560,"indices":[0,14],"id_str":"2163076560","screen_name":"KhaledBeydoun","name":"Khaled Bey"}],"hashtags":[],"urls":[]},"in_reply_to_screen_name":"KhaledBeydoun","id_str":"544365913428852737","retweet_count":0,"in_reply_to_user_id":2163076560,"favorited":false,"user":{"follow_request_sent":false,"profile_use_background_image":true,"profile_text_color":"333333","default_profile_image":false,"id":431200935,"profile_background_image_url_https":"https://pbs.twimg.com/profile_background_images/623372725/7oe7n9clhh2yde5cxkwd.jpeg","verified":false,"profile_location":null,"profile_image_url_https":"https://pbs.twimg.com/profile_images/544434021627727872/nnU3qSza_normal.jpeg","profile_sidebar_fill_color":"DDEEF6","entities":{"url":{"urls":[{"url":"http://t.co/54210Y5Lno","indices":[0,22],"expanded_url":"http://coffeelaced-vignette.tumblr.com","display_url":"coffeelaced-vignette.tumblr.com"}]},"description":{"urls":[]}},"followers_count":198,"profile_sidebar_border_color":"C0DEED","id_str":"431200935","profile_background_color":"C0DEED","listed_count":0,"is_translation_enabled":false,"utc_offset":36000,"statuses_count":5699,"description":"im sad and i love harry styles and thats all you need to know about me","friends_count":251,"location":"","profile_link_color":"B077C7","profile_image_url":"http://pbs.twimg.com/profile_images/544434021627727872/nnU3qSza_normal.jpeg","following":false,"geo_enabled":false,"profile_banner_url":"https://pbs.twimg.com/profile_banners/431200935/1357542211","profile_background_image_url":"http://pbs.twimg.com/profile_background_images/623372725/7oe7n9clhh2yde5cxkwd.jpeg","name":" shannon ","lang":"en","profile_background_tile":true,"favourites_count":282,"screen_name":"whiteeskihomo69","notifications":false,"url":"http://t.co/54210Y5Lno","created_at":"Thu Dec 08 01:21:54 +0000 2011","contributors_enabled":false,"time_zone":"Brisbane","protected":false,"default_profile":false,"is_translator":false},"geo":null,"in_reply_to_user_id_str":"2163076560","lang":"en","created_at":"Mon Dec 15 05:38:42 +0000 2014","in_reply_to_status_id_str":"544365450784555010","place":null},
{"contributors":null,"truncated":false,"text":"@userIDtaken @KhaledBeydoun I'm sure that's a great comfort to the families of those slaughtered in the name of Buddhism.","in_reply_to_status_id":544347848758677504,"id":544398967052992512,"favorite_count":0,"source":"<a href=\"https://mobile.twitter.com\" rel=\"nofollow\">Mobile Web (M5)</a>","retweeted":false,"coordinates":null,"entities":{"symbols":[],"user_mentions":[{"id":20496966,"indices":[0,12],"id_str":"20496966","screen_name":"userIDtaken","name":"LeftRightOut"},{"id":2163076560,"indices":[13,27],"id_str":"2163076560","screen_name":"KhaledBeydoun","name":"Khaled Bey"}],"hashtags":[],"urls":[]},"in_reply_to_screen_name":"userIDtaken","id_str":"544398967052992512","retweet_count":0,"in_reply_to_user_id":20496966,"favorited":false,"user":{"follow_request_sent":false,"profile_use_background_image":true,"profile_text_color":"131C13","default_profile_image":false,"id":49243929,"profile_background_image_url_https":"https://abs.twimg.com/images/themes/theme3/bg.gif","verified":false,"profile_location":null,"profile_image_url_https":"https://pbs.twimg.com/profile_images/526217639/Twitter_photo_2_normal.jpg","profile_sidebar_fill_color":"828491","entities":{"description":{"urls":[]}},"followers_count":355,"profile_sidebar_border_color":"161716","id_str":"49243929","profile_background_color":"EDEBE4","listed_count":15,"is_translation_enabled":false,"utc_offset":12600,"statuses_count":7078,"description":"Truly a 12 year old boy in a 46 year old woman's body who was born 72 and has lived thus for years.","friends_count":2001,"location":"Tehran","profile_link_color":"19523B","profile_image_url":"http://pbs.twimg.com/profile_images/526217639/Twitter_photo_2_normal.jpg","following":false,"geo_enabled":false,"profile_background_image_url":"http://abs.twimg.com/images/themes/theme3/bg.gif","name":"Disce Pati","lang":"en","profile_background_tile":false,"favourites_count":2896,"screen_name":"pang5","notifications":false,"url":null,"created_at":"Sun Jun 21 05:33:55 +0000 2009","contributors_enabled":false,"time_zone":"Tehran","protected":false,"default_profile":false,"is_translator":false},"geo":null,"in_reply_to_user_id_str":"20496966","lang":"en","created_at":"Mon Dec 15 07:50:02 +0000 2014","in_reply_to_status_id_str":"544347848758677504","place":null}
]