[{"contributors":null,"truncated":false,"text":"@Sonikku_a @BBCBreaking Bots will conquest all the world.","in_reply_to_status_id":544302821450207233,"id":544302979336404992,"favorite_count":0,"source":"<a href=\"http://www.bbotmaker.com/\" rel=\"nofollow\">BBotMaker - Bot à mots-clés</a>","retweeted":false,"coordinates":null,"entities":{"symbols":[],"user_mentions":[{"id":538699837,"indices":[0,10],"id_str":"538699837","screen_name":"Sonikku_a","name":"Robert A. Petersen"},{"id":5402612,"indices":[11,23],"id_str":"5402612","screen_name":"BBCBreaking","name":"BBC Breaking News"}],"hashtags":[],"urls":[]},"in_reply_to_screen_name":"BBCBreaking","id_str":"544302979336404992","retweet_count":0,"in_reply_to_user_id":5402612,"favorited":false,"user":{"follow_request_sent":false,"profile_use_background_image":true,"profile_text_color":"333333","default_profile_image":false,"id":2856401319,"profile_background_image_url_https":"https://abs.twimg.com/images/themes/theme1/bg.png","verified":false,"profile_location":null,"profile_image_url_https":"https://pbs.twimg.com/profile_images/528838356109520896/wQTOlO5k_normal.jpeg","profile_sidebar_fill_color":"DDEEF6","entities":{"description":{"urls":[]}},"followers_count":347,"profile_sidebar_border_color":"C0DEED","id_str":"2856401319","profile_background_color":"C0DEED","listed_count":9,"is_translation_enabled":false,"utc_offset":null,"statuses_count":107357,"description":"","friends_count":3,"location":"","profile_link_color":"0084B4","profile_image_url":"http://pbs.twimg.com/profile_images/528838356109520896/wQTOlO5k_normal.jpeg","following":false,"geo_enabled":false,"profile_background_image_url":"http://abs.twimg.com/images/themes/theme1/bg.png","name":"BotMaster","lang":"fr","profile_background_tile":false,"favourites_count":0,"screen_name":"KingMasterbot","notifications":false,"url":null,"created_at":"Sun Nov 02 09:16:18 +0000 2014","contributors_enabled":false,"time_zone":null,"protected":false,"default_profile":true,"is_translator":false},"geo":null,"in_reply_to_user_id_str":"5402612","lang":"en","created_at":"Mon Dec 15 01:28:37 +0000 2014","in_reply_to_status_id_str":"544302821450207233","place":null},
{"contributors":null,"truncated":false,"text":"@bbcbreaking I cannot load the page… #down? http://t.co/Na7gM04cEF","in_reply_to_status_id":544302821450207233,"id":544303187772321792,"favorite_count":0,"source":"<a href=\"http://itunes.apple.com/us/app/twitter/id409789998?mt=12\" rel=\"nofollow\">Twitter for Mac</a>","retweeted":false,"coordinates":null,"entities":{"symbols":[],"user_mentions":[{"id":5402612,"indices":[0,12],"id_str":"5402612","screen_name":"BBCBreaking","name":"BBC Breaking News"}],"hashtags":[{"indices":[37,42],"text":"down"}],"urls":[],"media":[{"expanded_url":"http://twitter.com/chris4hill/status/544303187772321792/photo/1","display_url":"pic.twitter.com/Na7gM04cEF","url":"http://t.co/Na7gM04cEF","media_url_https":"https://pbs.twimg.com/media/B43A3V-IEAAtiaQ.png","id_str":"544303187004755968","sizes":{"small":{"h":189,"resize":"fit","w":340},"large":{"h":569,"resize":"fit","w":1024},"medium":{"h":333,"resize":"fit","w":600},"thumb":{"h":150,"resize":"crop","w":150}},"indices":[44,66],"type":"photo","id":544303187004755968,"media_url":"http://pbs.twimg.com/media/B43A3V-IEAAtiaQ.png"}]},"in_reply_to_screen_name":"BBCBreaking","id_str":"544303187772321792","retweet_count":0,"in_reply_to_user_id":5402612,"favorited":false,"user":{"follow_request_sent":false,"profile_use_background_image":false,"profile_text_color":"333333","default_profile_image":false,"id":420101419,"profile_background_image_url_https":"https://abs.twimg.com/images/themes/theme16/bg.gif","verified":false,"profile_location":null,"profile_image_url_https":"https://pbs.twimg.com/profile_images/572911852087042048/sv4ADFt9_normal.jpeg","profile_sidebar_fill_color":"DDFFCC","entities":{"url":{"urls":[{"url":"https://t.co/M2Z3ovxCPt","indices":[0,23],"expanded_url":"https://www.shakerwebdesign.net","display_url":"shakerwebdesign.net"}]},"description":{"urls":[]}},"followers_count":63,"profile_sidebar_border_color":"FFFFFF","id_str":"420101419","profile_background_color":"007694","listed_count":2,"is_translation_enabled":false,"utc_offset":-18000,"statuses_count":858,"description":"Tweeting about life, work, golf, and the world – entrepreneur and college student.","friends_count":83,"location":"Shaker Heights, Ohio, USA","profile_link_color":"009671","profile_image_url":"http://pbs.twimg.com/profile_images/572911852087042048/sv4ADFt9_normal.jpeg","following":false,"geo_enabled":true,"profile_banner_url":"https://pbs.twimg.com/profile_banners/420101419/1418094544","profile_background_image_url":"http://abs.twimg.com/images/themes/theme16/bg.gif","name":"Chris Hill","lang":"en","profile_background_tile":false,"favourites_count":207,"screen_name":"chris4hill","notifications":false,"url":"https://t.co/M2Z3ovxCPt","created_at":"Thu Nov 24 05:47:06 +0000 2011","contributors_enabled":false,"time_zone":"Eastern Time (US & Canada)","protected":false,"default_profile":false,"is_translator":false},"geo":null,"in_reply_to_user_id_str":"5402612","possibly_sensitive":false,"lang":"en","created_at":"Mon Dec 15 01:29:27 +0000 2014","in_reply_to_status_id_str":"544302821450207233","place":null,"extended_entities":{"media":[{"expanded_url":"http://twitter.com/chris4hill/status/544303187772321792/photo/1","display_url":"pic.twitter.com/Na7gM04cEF","url":"http://t.co/Na7gM04cEF","media_url_https":"https://pbs.twimg.com/media/B43A3V-IEAAtiaQ.png","id_str":"544303187004755968","sizes":{"small":{"h":189,"resize":"fit","w":340},"large":{"h":569,"resize":"fit","w":1024},"medium":{"h":333,"resize":"fit","w":600},"thumb":{"h":150,"resize":"crop","w":150}},"indices":[44,66],"type":"photo","id":544303187004755968,"media_url":"http://pbs.twimg.com/media/B43A3V-IEAAtiaQ.png"}]}},
{"contributors":null,"truncated":false,"text":"@BBCBreaking it does not represent all but majority of Muslims are involve in any kind of terrorism. #fact","in_reply_to_status_id":544302821450207233,"id":544303209422913536,"favorite_count":0,"source":"<a href=\"http://twitter.com\" rel=\"nofollow\">Twitter Web Client</a>","retweeted":false,"coordinates":null,"entities":{"symbols":[],"user_mentions":[{"id":5402612,"indices":[0,12],"id_str":"5402612","screen_name":"BBCBreaking","name":"BBC Breaking News"}],"hashtags":[{"indices":[101,106],"text":"fact"}],"urls":[]},"in_reply_to_screen_name":"BBCBreaking","id_str":"544303209422913536","retweet_count":0,"in_reply_to_user_id":5402612,"favorited":false,"user":{"follow_request_sent":false,"profile_use_background_image":true,"profile_text_color":"333333","default_profile_image":false,"id":180874183,"profile_background_image_url_https":"https://abs.twimg.com/images/themes/theme13/bg.gif","verified":false,"profile_location":null,"profile_image_url_https":"https://pbs.twimg.com/profile_images/1686616452/image_normal.jpg","profile_sidebar_fill_color":"FFFFFF","entities":{"description":{"urls":[]}},"followers_count":60,"profile_sidebar_border_color":"EEEEEE","id_str":"180874183","profile_background_color":"B2DFDA","listed_count":2,"is_translation_enabled":false,"utc_offset":null,"statuses_count":2242,"description":"Accountant/social worker","friends_count":219,"location":"Melbourne","profile_link_color":"93A644","profile_image_url":"http://pbs.twimg.com/profile_images/1686616452/image_normal.jpg","following":false,"geo_enabled":false,"profile_banner_url":"https://pbs.twimg.com/profile_banners/180874183/1357601461","profile_background_image_url":"http://abs.twimg.com/images/themes/theme13/bg.gif","name":"Rajan malhi","lang":"en","profile_background_tile":false,"favourites_count":83,"screen_name":"rajanmalhi","notifications":false,"url":null,"created_at":"Fri Aug 20 18:25:35 +0000 2010","contributors_enabled":false,"time_zone":null,"protected":false,"default_profile":false,"is_translator":false},"geo":null,"in_reply_to_user_id_str":"5402612","lang":"en","created_at":"Mon Dec 15 01:29:32 +0000 2014","in_reply_to_status_id_str":"544302821450207233","place":null},
{"contributors":null,"truncated":false,"text":"@BBCBreaking Someone tell the suspect that the oversized bear inside the cafe is NOT called Mohammed!","in_reply_to_status_id":544302821450207233,"id":544303229790879745,"favorite_count":0,"source":"<a href=\"http://twitter.com/download/android\" rel=\"nofollow\">Twitter for Android</a>","retweeted":false,"coordinates":null,"entities":{"symbols":[],"user_mentions":[{"id":5402612,"indices":[0,12],"id_str":"5402612","screen_name":"BBCBreaking","name":"BBC Breaking News"}],"hashtags":[],"urls":[]},"in_reply_to_screen_name":"BBCBreaking","id_str":"544303229790879745","retweet_count":0,"in_reply_to_user_id":5402612,"favorited":false,"user":{"follow_request_sent":false,"profile_use_background_image":true,"profile_text_color":"333333","default_profile_image":false,"id":2459797201,"profile_background_image_url_https":"https://abs.twimg.com/images/themes/theme1/bg.png","verified":false,"profile_location":null,"profile_image_url_https":"https://pbs.twimg.com/profile_images/559388370087211008/bzUneYWG_normal.jpeg","profile_sidebar_fill_color":"DDEEF6","entities":{"description":{"urls":[]}},"followers_count":5,"profile_sidebar_border_color":"C0DEED","id_str":"2459797201","profile_background_color":"C0DEED","listed_count":0,"is_translation_enabled":false,"utc_offset":null,"statuses_count":71,"description":"not right not left not wrong not correct","friends_count":46,"location":" between the atoms & the stars","profile_link_color":"0084B4","profile_image_url":"http://pbs.twimg.com/profile_images/559388370087211008/bzUneYWG_normal.jpeg","following":false,"geo_enabled":false,"profile_banner_url":"https://pbs.twimg.com/profile_banners/2459797201/1417425261","profile_background_image_url":"http://abs.twimg.com/images/themes/theme1/bg.png","name":"chazzimodo","lang":"en","profile_background_tile":false,"favourites_count":6,"screen_name":"Ivolutionary","notifications":false,"url":null,"created_at":"Wed Apr 23 14:08:30 +0000 2014","contributors_enabled":false,"time_zone":null,"protected":false,"default_profile":true,"is_translator":false},"geo":null,"in_reply_to_user_id_str":"5402612","lang":"en","created_at":"Mon Dec 15 01:29:37 +0000 2014","in_reply_to_status_id_str":"544302821450207233","place":null},
{"contributors":null,"truncated":false,"text":"@BBCBreaking #ConDemNation   No pay increases for NHS staff; MP's get 11% rise on a minimum wage of £67k","in_reply_to_status_id":544302821450207233,"id":544303522494554112,"favorite_count":0,"source":"<a href=\"http://twitter.com\" rel=\"nofollow\">Twitter Web Client</a>","retweeted":false,"coordinates":null,"entities":{"symbols":[],"user_mentions":[{"id":5402612,"indices":[0,12],"id_str":"5402612","screen_name":"BBCBreaking","name":"BBC Breaking News"}],"hashtags":[{"indices":[13,26],"text":"ConDemNation"}],"urls":[]},"in_reply_to_screen_name":"BBCBreaking","id_str":"544303522494554112","retweet_count":0,"in_reply_to_user_id":5402612,"favorited":false,"user":{"follow_request_sent":false,"profile_use_background_image":true,"profile_text_color":"333333","default_profile_image":false,"id":98350238,"profile_background_image_url_https":"https://abs.twimg.com/images/themes/theme14/bg.gif","verified":false,"profile_location":null,"profile_image_url_https":"https://pbs.twimg.com/profile_images/378800000035036122/41b68aabae6ac2ee82aff91beea38460_normal.jpeg","profile_sidebar_fill_color":"EFEFEF","entities":{"description":{"urls":[]}},"followers_count":497,"profile_sidebar_border_color":"EEEEEE","id_str":"98350238","profile_background_color":"131516","listed_count":7,"is_translation_enabled":false,"utc_offset":0,"statuses_count":8040,"description":"","friends_count":1481,"location":"east anglia","profile_link_color":"009999","profile_image_url":"http://pbs.twimg.com/profile_images/378800000035036122/41b68aabae6ac2ee82aff91beea38460_normal.jpeg","following":false,"geo_enabled":true,"profile_banner_url":"https://pbs.twimg.com/profile_banners/98350238/1398358288","profile_background_image_url":"http://abs.twimg.com/images/themes/theme14/bg.gif","name":"steven warner","lang":"en","profile_background_tile":true,"favourites_count":4138,"screen_name":"doctorphoo","notifications":false,"url":null,"created_at":"Mon Dec 21 11:01:25 +0000 2009","contributors_enabled":false,"time_zone":"London","protected":false,"default_profile":false,"is_translator":false},"geo":null,"in_reply_to_user_id_str":"5402612","lang":"en","created_at":"Mon Dec 15 01:30:47 +0000 2014","in_reply_to_status_id_str":"544302821450207233","place":{"full_name":"Birmingham, West Midlands","url":"https://api.twitter.com/1.1/geo/id/53b67b1d1cc81a51.json","country":"United Kingdom","place_type":"city","bounding_box":{"type":"Polygon","coordinates":[[[-2.033651,52.381063],[-1.74763,52.381063],[-1.74763,52.60687],[-2.033651,52.60687]]]},"contained_within":[],"country_code":"GB","attributes":{},"id":"53b67b1d1cc81a51","name":"Birmingham"}},
{"contributors":null,"truncated":false,"text":"@BBCBreaking The link is broken","in_reply_to_status_id":544302821450207233,"id":544303569906970624,"favorite_count":0,"source":"<a href=\"http://twitter.com\" rel=\"nofollow\">Twitter Web Client</a>","retweeted":false,"coordinates":null,"entities":{"symbols":[],"user_mentions":[{"id":5402612,"indices":[0,12],"id_str":"5402612","screen_name":"BBCBreaking","name":"BBC Breaking News"}],"hashtags":[],"urls":[]},"in_reply_to_screen_name":"BBCBreaking","id_str":"544303569906970624","retweet_count":0,"in_reply_to_user_id":5402612,"favorited":false,"user":{"follow_request_sent":false,"profile_use_background_image":true,"profile_text_color":"333333","default_profile_image":false,"id":268881676,"profile_background_image_url_https":"https://abs.twimg.com/images/themes/theme15/bg.png","verified":false,"profile_location":null,"profile_image_url_https":"https://pbs.twimg.com/profile_images/1894947706/IMG_4052_normal.JPG","profile_sidebar_fill_color":"C0DFEC","entities":{"description":{"urls":[]}},"followers_count":69,"profile_sidebar_border_color":"A8C7F7","id_str":"268881676","profile_background_color":"022330","listed_count":2,"is_translation_enabled":false,"utc_offset":14400,"statuses_count":1493,"description":"Hello! I'm Nick, I'm 22 years old. \nI'm a master student in Rennes (France), musician, sportsman, and nice guy!","friends_count":174,"location":"Saint-Petersburg, Russia","profile_link_color":"0084B4","profile_image_url":"http://pbs.twimg.com/profile_images/1894947706/IMG_4052_normal.JPG","following":false,"geo_enabled":true,"profile_banner_url":"https://pbs.twimg.com/profile_banners/268881676/1401141895","profile_background_image_url":"http://abs.twimg.com/images/themes/theme15/bg.png","name":"Nick Doinikov","lang":"en","profile_background_tile":false,"favourites_count":280,"screen_name":"NickLemonparty","notifications":false,"url":null,"created_at":"Sat Mar 19 17:20:18 +0000 2011","contributors_enabled":false,"time_zone":"St. Petersburg","protected":false,"default_profile":false,"is_translator":false},"geo":null,"in_reply_to_user_id_str":"5402612","lang":"en","created_at":"Mon Dec 15 01:30:58 +0000 2014","in_reply_to_status_id_str":"544302821450207233","place":null},
{"contributors":null,"truncated":false,"text":"@BBCBreaking  هل تريد أن ترى موقع سيارتك في شاشة هاتفك؟ جرب هذا التطبيق http://t.co/YfBHqUDvlL ظ - ع718","in_reply_to_status_id":544302821450207233,"id":544303823326433280,"favorite_count":0,"source":"<a href=\"http://www.thisisatest.com\" rel=\"nofollow\">Disabled people hashtag support</a>","retweeted":false,"coordinates":null,"entities":{"symbols":[],"user_mentions":[{"id":5402612,"indices":[0,12],"id_str":"5402612","screen_name":"BBCBreaking","name":"BBC Breaking News"}],"hashtags":[],"urls":[{"url":"http://t.co/YfBHqUDvlL","indices":[72,94],"expanded_url":"http://goo.gl/J7Nc8a","display_url":"goo.gl/J7Nc8a"}]},"in_reply_to_screen_name":"BBCBreaking","id_str":"544303823326433280","retweet_count":0,"in_reply_to_user_id":5402612,"favorited":false,"user":{"follow_request_sent":false,"profile_use_background_image":true,"profile_text_color":"333333","default_profile_image":false,"id":578550086,"profile_background_image_url_https":"https://abs.twimg.com/images/themes/theme1/bg.png","verified":false,"profile_location":null,"profile_image_url_https":"https://pbs.twimg.com/profile_images/543700423878537216/GGWV0bWo_normal.jpeg","profile_sidebar_fill_color":"DDEEF6","entities":{"description":{"urls":[]}},"followers_count":400,"profile_sidebar_border_color":"C0DEED","id_str":"578550086","profile_background_color":"C0DEED","listed_count":2,"is_translation_enabled":false,"utc_offset":-25200,"statuses_count":3311,"description":"","friends_count":161,"location":"","profile_link_color":"0084B4","profile_image_url":"http://pbs.twimg.com/profile_images/543700423878537216/GGWV0bWo_normal.jpeg","following":false,"geo_enabled":true,"profile_background_image_url":"http://abs.twimg.com/images/themes/theme1/bg.png","name":"I code X","lang":"en","profile_background_tile":false,"favourites_count":0,"screen_name":"hd_aldeggs","notifications":false,"url":null,"created_at":"Sun May 13 01:41:19 +0000 2012","contributors_enabled":false,"time_zone":"Arizona","protected":false,"default_profile":true,"is_translator":false},"geo":null,"in_reply_to_user_id_str":"5402612","possibly_sensitive":false,"lang":"ar","created_at":"Mon Dec 15 01:31:58 +0000 2014","in_reply_to_status_id_str":"544302821450207233","place":null},
{"contributors":null,"truncated":false,"text":"@BBCBreaking link not working...","in_reply_to_status_id":544302821450207233,"id":544303980617400321,"favorite_count":0,"source":"<a href=\"http://twitter.com\" rel=\"nofollow\">Twitter Web Client</a>","retweeted":false,"coordinates":null,"entities":{"symbols":[],"user_mentions":[{"id":5402612,"indices":[0,12],"id_str":"5402612","screen_name":"BBCBreaking","name":"BBC Breaking News"}],"hashtags":[],"urls":[]},"in_reply_to_screen_name":"BBCBreaking","id_str":"544303980617400321","retweet_count":0,"in_reply_to_user_id":5402612,"favorited":false,"user":{"follow_request_sent":false,"profile_use_background_image":true,"profile_text_color":"663B12","default_profile_image":false,"id":64081114,"profile_background_image_url_https":"https://abs.twimg.com/images/themes/theme2/bg.gif","verified":false,"profile_location":null,"profile_image_url_https":"https://pbs.twimg.com/profile_images/378800000599870007/53bf49e0c96b90dcf6463275f9af6985_normal.jpeg","profile_sidebar_fill_color":"DAECF4","entities":{"description":{"urls":[]}},"followers_count":21,"profile_sidebar_border_color":"C6E2EE","id_str":"64081114","profile_background_color":"C6E2EE","listed_count":1,"is_translation_enabled":false,"utc_offset":-18000,"statuses_count":2476,"description":"I exist in your imagination. I will be what you imagine me to be.","friends_count":94,"location":"","profile_link_color":"1F98C7","profile_image_url":"http://pbs.twimg.com/profile_images/378800000599870007/53bf49e0c96b90dcf6463275f9af6985_normal.jpeg","following":false,"geo_enabled":false,"profile_banner_url":"https://pbs.twimg.com/profile_banners/64081114/1365786063","profile_background_image_url":"http://abs.twimg.com/images/themes/theme2/bg.gif","name":"Rajesh Rajput","lang":"en","profile_background_tile":false,"favourites_count":8,"screen_name":"rajeshrajput1","notifications":false,"url":null,"created_at":"Sun Aug 09 01:17:08 +0000 2009","contributors_enabled":false,"time_zone":"Eastern Time (US & Canada)","protected":false,"default_profile":false,"is_translator":false},"geo":null,"in_reply_to_user_id_str":"5402612","lang":"en","created_at":"Mon Dec 15 01:32:36 +0000 2014","in_reply_to_status_id_str":"544302821450207233","place":null},
{"contributors":null,"truncated":false,"text":"RT @BBCBreaking: Ongoing hostage situation in Sydney.  Australian PM convenes National Security Committee of cabinet http://t.co/jXlNcxzVUR","in_reply_to_status_id":544302821450207233,"id":544304363515445248,"favorite_count":0,"source":"<a href=\"http://twitter.com/#!/download/ipad\" rel=\"nofollow\">Twitter for iPad</a>","retweeted":false,"coordinates":null,"entities":{"symbols":[],"user_mentions":[{"id":5402612,"indices":[3,15],"id_str":"5402612","screen_name":"BBCBreaking","name":"BBC Breaking News"}],"hashtags":[],"urls":[{"url":"http://t.co/jXlNcxzVUR","indices":[117,139],"expanded_url":"http://bbc.in/1ssXEvl","display_url":"bbc.in/1ssXEvl"}]},"in_reply_to_screen_name":"BBCBreaking","id_str":"544304363515445248","retweet_count":1,"in_reply_to_user_id":5402612,"favorited":false,"user":{"follow_request_sent":false,"profile_use_background_image":true,"profile_text_color":"000000","default_profile_image":false,"id":24242690,"profile_background_image_url_https":"https://pbs.twimg.com/profile_background_images/327817809/twitter2.jpg","verified":false,"profile_location":null,"profile_image_url_https":"https://pbs.twimg.com/profile_images/558330498460561408/DOIlzayp_normal.jpeg","profile_sidebar_fill_color":"FFFFFF","entities":{"url":{"urls":[{"url":"http://t.co/8kDkuzeh2J","indices":[0,22],"expanded_url":"http://www.emp.ca/democratizing-the-constitution-reforming-responsible-government.html","display_url":"emp.ca/democratizing-…"}]},"description":{"urls":[]}},"followers_count":3222,"profile_sidebar_border_color":"0A0A0A","id_str":"24242690","profile_background_color":"DED4A5","listed_count":146,"is_translation_enabled":false,"utc_offset":12600,"statuses_count":68434,"description":"Award-winning author (Donner Prize; Donald Smiley Prize). Partisan supporter of Springsteen, Oranje, Yankees, kaas and tacos.","friends_count":811,"location":"","profile_link_color":"E30D1F","profile_image_url":"http://pbs.twimg.com/profile_images/558330498460561408/DOIlzayp_normal.jpeg","following":false,"geo_enabled":true,"profile_banner_url":"https://pbs.twimg.com/profile_banners/24242690/1417033983","profile_background_image_url":"http://pbs.twimg.com/profile_background_images/327817809/twitter2.jpg","name":"mark d. jarvis","lang":"en","profile_background_tile":false,"favourites_count":9145,"screen_name":"markdjarvis","notifications":false,"url":"http://t.co/8kDkuzeh2J","created_at":"Fri Mar 13 20:11:56 +0000 2009","contributors_enabled":false,"time_zone":"Tehran","protected":false,"default_profile":false,"is_translator":false},"geo":null,"in_reply_to_user_id_str":"5402612","possibly_sensitive":false,"lang":"en","created_at":"Mon Dec 15 01:34:07 +0000 2014","in_reply_to_status_id_str":"544302821450207233","place":null},
{"contributors":null,"truncated":false,"text":"@BBCBreaking @InFaGrfnn","in_reply_to_status_id":544302821450207233,"id":544305315877904384,"favorite_count":1,"source":"<a href=\"http://twitter.com/download/android\" rel=\"nofollow\">Twitter for Android</a>","retweeted":false,"coordinates":null,"entities":{"symbols":[],"user_mentions":[{"id":5402612,"indices":[0,12],"id_str":"5402612","screen_name":"BBCBreaking","name":"BBC Breaking News"},{"id":2578699266,"indices":[13,23],"id_str":"2578699266","screen_name":"InFaGrfnn","name":"InFa Grfnn #L7RC"}],"hashtags":[],"urls":[]},"in_reply_to_screen_name":"BBCBreaking","id_str":"544305315877904384","retweet_count":0,"in_reply_to_user_id":5402612,"favorited":false,"user":{"follow_request_sent":false,"profile_use_background_image":true,"profile_text_color":"333333","default_profile_image":false,"id":2738152820,"profile_background_image_url_https":"https://abs.twimg.com/images/themes/theme1/bg.png","verified":false,"profile_location":null,"profile_image_url_https":"https://pbs.twimg.com/profile_images/528840506394959872/NlaMMzD__normal.jpeg","profile_sidebar_fill_color":"DDEEF6","entities":{"description":{"urls":[]}},"followers_count":79,"profile_sidebar_border_color":"C0DEED","id_str":"2738152820","profile_background_color":"C0DEED","listed_count":0,"is_translation_enabled":false,"utc_offset":null,"statuses_count":320,"description":"","friends_count":251,"location":"","profile_link_color":"0084B4","profile_image_url":"http://pbs.twimg.com/profile_images/528840506394959872/NlaMMzD__normal.jpeg","following":false,"geo_enabled":false,"profile_banner_url":"https://pbs.twimg.com/profile_banners/2738152820/1418014089","profile_background_image_url":"http://abs.twimg.com/images/themes/theme1/bg.png","name":"Speck","lang":"en","profile_background_tile":false,"favourites_count":119,"screen_name":"CalebSpeck","notifications":false,"url":null,"created_at":"Sat Aug 16 21:10:31 +0000 2014","contributors_enabled":false,"time_zone":null,"protected":false,"default_profile":true,"is_translator":false},"geo":null,"in_reply_to_user_id_str":"5402612","lang":"und","created_at":"Mon Dec 15 01:37:54 +0000 2014","in_reply_to_status_id_str":"544302821450207233","place":null},
{"contributors":null,"truncated":false,"text":"@BBCBreaking","in_reply_to_status_id":544302821450207233,"id":544305409729634304,"favorite_count":0,"source":"<a href=\"http://twitter.com/download/iphone\" rel=\"nofollow\">Twitter for iPhone</a>","retweeted":false,"coordinates":{"type":"Point","coordinates":[151.22604978,-33.87244433]},"entities":{"symbols":[],"user_mentions":[{"id":5402612,"indices":[0,12],"id_str":"5402612","screen_name":"BBCBreaking","name":"BBC Breaking News"}],"hashtags":[],"urls":[]},"in_reply_to_screen_name":"BBCBreaking","id_str":"544305409729634304","retweet_count":0,"in_reply_to_user_id":5402612,"favorited":false,"user":{"follow_request_sent":false,"profile_use_background_image":true,"profile_text_color":"333333","default_profile_image":false,"id":526967683,"profile_background_image_url_https":"https://abs.twimg.com/images/themes/theme1/bg.png","verified":false,"profile_location":null,"profile_image_url_https":"https://pbs.twimg.com/profile_images/544642556915507200/lgKIFk7H_normal.jpeg","profile_sidebar_fill_color":"DDEEF6","entities":{"description":{"urls":[]}},"followers_count":5,"profile_sidebar_border_color":"C0DEED","id_str":"526967683","profile_background_color":"C0DEED","listed_count":0,"is_translation_enabled":false,"utc_offset":null,"statuses_count":7,"description":"","friends_count":61,"location":"","profile_link_color":"0084B4","profile_image_url":"http://pbs.twimg.com/profile_images/544642556915507200/lgKIFk7H_normal.jpeg","following":false,"geo_enabled":true,"profile_background_image_url":"http://abs.twimg.com/images/themes/theme1/bg.png","name":"Andy Thompson","lang":"en","profile_background_tile":false,"favourites_count":1,"screen_name":"Andyt507","notifications":false,"url":null,"created_at":"Sat Mar 17 01:15:59 +0000 2012","contributors_enabled":false,"time_zone":null,"protected":false,"default_profile":true,"is_translator":false},"geo":{"type":"Point","coordinates":[-33.87244433,151.22604978]},"in_reply_to_user_id_str":"5402612","lang":"und","created_at":"Mon Dec 15 01:38:17 +0000 2014","in_reply_to_status_id_str":"544302821450207233","place":{"full_name":"Sydney, New South Wales","url":"https://api.twitter.com/1.1/geo/id/0073b76548e5984f.json","country":"Australia","place_type":"city","bounding_box":{"type":"Polygon","coordinates":[[[150.520928608,-34.1183470085],[151.343020992,-34.1183470085],[151.343020992,-33.578140996],[150.520928608,-33.578140996]]]},"contained_within":[],"country_code":"AU","attributes":{},"id":"0073b76548e5984f","name":"Sydney"}},
{"contributors":null,"truncated":false,"text":"@BBCBreaking @LenaUAF Interesting MSNBC or CNN aren't following up on it as BBC World is. Sorry but I don't watch FUXNEWS.","in_reply_to_status_id":544302821450207233,"id":544305648838901760,"favorite_count":1,"source":"<a href=\"http://twitter.com\" rel=\"nofollow\">Twitter Web Client</a>","retweeted":false,"coordinates":null,"entities":{"symbols":[],"user_mentions":[{"id":5402612,"indices":[0,12],"id_str":"5402612","screen_name":"BBCBreaking","name":"BBC Breaking News"},{"id":76820564,"indices":[13,21],"id_str":"76820564","screen_name":"LenaUAF","name":"OlenkaUA15"}],"hashtags":[],"urls":[]},"in_reply_to_screen_name":"BBCBreaking","id_str":"544305648838901760","retweet_count":0,"in_reply_to_user_id":5402612,"favorited":false,"user":{"follow_request_sent":false,"profile_use_background_image":true,"profile_text_color":"333333","default_profile_image":false,"id":423625300,"profile_background_image_url_https":"https://abs.twimg.com/images/themes/theme1/bg.png","verified":false,"profile_location":null,"profile_image_url_https":"https://pbs.twimg.com/profile_images/549775278570893314/cx-VGkVe_normal.jpeg","profile_sidebar_fill_color":"DDEEF6","entities":{"url":{"urls":[{"url":"http://t.co/ke0HpTiwDx","indices":[0,22],"expanded_url":"http://ukraineenglishnewsforum.wordpress.com/2014/12/15/akhmetov-foundation-supplies-militants-with-","display_url":"ukraineenglishnewsforum.wordpress.com/2014/12/15/akh…"}]},"description":{"urls":[{"url":"http://t.co/ZJI2SL0ajj","indices":[0,22],"expanded_url":"http://www.ukraine-english-news.com","display_url":"ukraine-english-news.com"},{"url":"https://t.co/G08ddu9tvn","indices":[23,46],"expanded_url":"https://www.facebook.com/pages","display_url":"facebook.com/pages"}]}},"followers_count":795,"profile_sidebar_border_color":"C0DEED","id_str":"423625300","profile_background_color":"C0DEED","listed_count":34,"is_translation_enabled":false,"utc_offset":-18000,"statuses_count":26187,"description":"http://t.co/ZJI2SL0ajj https://t.co/G08ddu9tvn #discjocke52","friends_count":203,"location":"","profile_link_color":"0084B4","profile_image_url":"http://pbs.twimg.com/profile_images/549775278570893314/cx-VGkVe_normal.jpeg","following":false,"geo_enabled":true,"profile_banner_url":"https://pbs.twimg.com/profile_banners/423625300/1414110811","profile_background_image_url":"http://abs.twimg.com/images/themes/theme1/bg.png","name":"ukraine-english-news","lang":"en","profile_background_tile":false,"favourites_count":3259,"screen_name":"discjocke52","notifications":false,"url":"http://t.co/ke0HpTiwDx","created_at":"Mon Nov 28 18:53:20 +0000 2011","contributors_enabled":false,"time_zone":"Eastern Time (US & Canada)","protected":false,"default_profile":true,"is_translator":false},"geo":null,"in_reply_to_user_id_str":"5402612","lang":"en","created_at":"Mon Dec 15 01:39:14 +0000 2014","in_reply_to_status_id_str":"544302821450207233","place":null},
{"contributors":null,"truncated":false,"text":"@CalebSpeck @BBCBreaking Straya CUNT","in_reply_to_status_id":544305315877904384,"id":544306067371347969,"favorite_count":0,"source":"<a href=\"http://twitter.com/download/iphone\" rel=\"nofollow\">Twitter for iPhone</a>","retweeted":false,"coordinates":null,"entities":{"symbols":[],"user_mentions":[{"id":2738152820,"indices":[0,11],"id_str":"2738152820","screen_name":"CalebSpeck","name":"Speck"},{"id":5402612,"indices":[12,24],"id_str":"5402612","screen_name":"BBCBreaking","name":"BBC Breaking News"}],"hashtags":[],"urls":[]},"in_reply_to_screen_name":"CalebSpeck","id_str":"544306067371347969","retweet_count":0,"in_reply_to_user_id":2738152820,"favorited":false,"user":{"follow_request_sent":false,"profile_use_background_image":true,"profile_text_color":"333333","default_profile_image":false,"id":2578699266,"profile_background_image_url_https":"https://abs.twimg.com/images/themes/theme1/bg.png","verified":false,"profile_location":null,"profile_image_url_https":"https://pbs.twimg.com/profile_images/541942581806891008/QF6i0RP9_normal.png","profile_sidebar_fill_color":"DDEEF6","entities":{"url":{"urls":[{"url":"https://t.co/Yw91jiOHE6","indices":[0,23],"expanded_url":"https://www.youtube.com/channel/UC6J9BoI8wwWo4yTZgJ-7GaQ","display_url":"youtube.com/channel/UC6J9B…"}]},"description":{"urls":[]}},"followers_count":1208,"profile_sidebar_border_color":"C0DEED","id_str":"2578699266","profile_background_color":"C0DEED","listed_count":0,"is_translation_enabled":false,"utc_offset":36000,"statuses_count":6303,"description":"Player for @InFaArmy // Leader of @The_LostSociety","friends_count":77,"location":"Australia ","profile_link_color":"0000B3","profile_image_url":"http://pbs.twimg.com/profile_images/541942581806891008/QF6i0RP9_normal.png","following":false,"geo_enabled":false,"profile_banner_url":"https://pbs.twimg.com/profile_banners/2578699266/1418045014","profile_background_image_url":"http://abs.twimg.com/images/themes/theme1/bg.png","name":"InFa Grfnn #L7RC","lang":"en","profile_background_tile":false,"favourites_count":7858,"screen_name":"InFaGrfnn","notifications":false,"url":"https://t.co/Yw91jiOHE6","created_at":"Fri Jun 20 13:55:27 +0000 2014","contributors_enabled":false,"time_zone":"Yakutsk","protected":false,"default_profile":false,"is_translator":false},"geo":null,"in_reply_to_user_id_str":"2738152820","lang":"in","created_at":"Mon Dec 15 01:40:53 +0000 2014","in_reply_to_status_id_str":"544305315877904384","place":null},
{"contributors":null,"truncated":false,"text":"@InFaGrfnn @BBCBreaking 😂😂","in_reply_to_status_id":544306067371347969,"id":544306216470470656,"favorite_count":1,"source":"<a href=\"http://twitter.com/download/android\" rel=\"nofollow\">Twitter for Android</a>","retweeted":false,"coordinates":null,"entities":{"symbols":[],"user_mentions":[{"id":2578699266,"indices":[0,10],"id_str":"2578699266","screen_name":"InFaGrfnn","name":"InFa Grfnn #L7RC"},{"id":5402612,"indices":[11,23],"id_str":"5402612","screen_name":"BBCBreaking","name":"BBC Breaking News"}],"hashtags":[],"urls":[]},"in_reply_to_screen_name":"InFaGrfnn","id_str":"544306216470470656","retweet_count":0,"in_reply_to_user_id":2578699266,"favorited":false,"user":{"follow_request_sent":false,"profile_use_background_image":true,"profile_text_color":"333333","default_profile_image":false,"id":2738152820,"profile_background_image_url_https":"https://abs.twimg.com/images/themes/theme1/bg.png","verified":false,"profile_location":null,"profile_image_url_https":"https://pbs.twimg.com/profile_images/528840506394959872/NlaMMzD__normal.jpeg","profile_sidebar_fill_color":"DDEEF6","entities":{"description":{"urls":[]}},"followers_count":79,"profile_sidebar_border_color":"C0DEED","id_str":"2738152820","profile_background_color":"C0DEED","listed_count":0,"is_translation_enabled":false,"utc_offset":null,"statuses_count":320,"description":"","friends_count":251,"location":"","profile_link_color":"0084B4","profile_image_url":"http://pbs.twimg.com/profile_images/528840506394959872/NlaMMzD__normal.jpeg","following":false,"geo_enabled":false,"profile_banner_url":"https://pbs.twimg.com/profile_banners/2738152820/1418014089","profile_background_image_url":"http://abs.twimg.com/images/themes/theme1/bg.png","name":"Speck","lang":"en","profile_background_tile":false,"favourites_count":119,"screen_name":"CalebSpeck","notifications":false,"url":null,"created_at":"Sat Aug 16 21:10:31 +0000 2014","contributors_enabled":false,"time_zone":null,"protected":false,"default_profile":true,"is_translator":false},"geo":null,"in_reply_to_user_id_str":"2578699266","lang":"und","created_at":"Mon Dec 15 01:41:29 +0000 2014","in_reply_to_status_id_str":"544306067371347969","place":null},
{"contributors":null,"truncated":false,"text":"@CalebSpeck @BBCBreaking Caleb ❤️","in_reply_to_status_id":544306216470470656,"id":544306305528111104,"favorite_count":0,"source":"<a href=\"http://twitter.com/download/iphone\" rel=\"nofollow\">Twitter for iPhone</a>","retweeted":false,"coordinates":null,"entities":{"symbols":[],"user_mentions":[{"id":2738152820,"indices":[0,11],"id_str":"2738152820","screen_name":"CalebSpeck","name":"Speck"},{"id":5402612,"indices":[12,24],"id_str":"5402612","screen_name":"BBCBreaking","name":"BBC Breaking News"}],"hashtags":[],"urls":[]},"in_reply_to_screen_name":"CalebSpeck","id_str":"544306305528111104","retweet_count":0,"in_reply_to_user_id":2738152820,"favorited":false,"user":{"follow_request_sent":false,"profile_use_background_image":true,"profile_text_color":"333333","default_profile_image":false,"id":2578699266,"profile_background_image_url_https":"https://abs.twimg.com/images/themes/theme1/bg.png","verified":false,"profile_location":null,"profile_image_url_https":"https://pbs.twimg.com/profile_images/541942581806891008/QF6i0RP9_normal.png","profile_sidebar_fill_color":"DDEEF6","entities":{"url":{"urls":[{"url":"https://t.co/Yw91jiOHE6","indices":[0,23],"expanded_url":"https://www.youtube.com/channel/UC6J9BoI8wwWo4yTZgJ-7GaQ","display_url":"youtube.com/channel/UC6J9B…"}]},"description":{"urls":[]}},"followers_count":1208,"profile_sidebar_border_color":"C0DEED","id_str":"2578699266","profile_background_color":"C0DEED","listed_count":0,"is_translation_enabled":false,"utc_offset":36000,"statuses_count":6303,"description":"Player for @InFaArmy // Leader of @The_LostSociety","friends_count":77,"location":"Australia ","profile_link_color":"0000B3","profile_image_url":"http://pbs.twimg.com/profile_images/541942581806891008/QF6i0RP9_normal.png","following":false,"geo_enabled":false,"profile_banner_url":"https://pbs.twimg.com/profile_banners/2578699266/1418045014","profile_background_image_url":"http://abs.twimg.com/images/themes/theme1/bg.png","name":"InFa Grfnn #L7RC","lang":"en","profile_background_tile":false,"favourites_count":7858,"screen_name":"InFaGrfnn","notifications":false,"url":"https://t.co/Yw91jiOHE6","created_at":"Fri Jun 20 13:55:27 +0000 2014","contributors_enabled":false,"time_zone":"Yakutsk","protected":false,"default_profile":false,"is_translator":false},"geo":null,"in_reply_to_user_id_str":"2738152820","lang":"en","created_at":"Mon Dec 15 01:41:50 +0000 2014","in_reply_to_status_id_str":"544306216470470656","place":null},
{"contributors":null,"truncated":false,"text":"@BBCBreaking dont get coffee on way to work its XMAS DONT RISK YOUR LIVES this could be WW","in_reply_to_status_id":544302821450207233,"id":544307055180652544,"favorite_count":0,"source":"<a href=\"https://twitter.com/download/android\" rel=\"nofollow\">Twitter for Android Tablets</a>","retweeted":false,"coordinates":{"type":"Point","coordinates":[-1.4630767,51.2279995]},"entities":{"symbols":[],"user_mentions":[{"id":5402612,"indices":[0,12],"id_str":"5402612","screen_name":"BBCBreaking","name":"BBC Breaking News"}],"hashtags":[],"urls":[]},"in_reply_to_screen_name":"BBCBreaking","id_str":"544307055180652544","retweet_count":0,"in_reply_to_user_id":5402612,"favorited":false,"user":{"follow_request_sent":false,"profile_use_background_image":true,"profile_text_color":"333333","default_profile_image":false,"id":948517734,"profile_background_image_url_https":"https://abs.twimg.com/images/themes/theme1/bg.png","verified":false,"profile_location":null,"profile_image_url_https":"https://pbs.twimg.com/profile_images/378800000437609523/b08379c3d85b28e36afa7c84fa9b830a_normal.jpeg","profile_sidebar_fill_color":"DDEEF6","entities":{"description":{"urls":[]}},"followers_count":127,"profile_sidebar_border_color":"C0DEED","id_str":"948517734","profile_background_color":"C0DEED","listed_count":4,"is_translation_enabled":false,"utc_offset":null,"statuses_count":25953,"description":"ex soldier royal engineers now disabled broken neck , back, artifical knee ,and c.o.p.d twice married four kids four grandchildren ,","friends_count":58,"location":"hampshire uk","profile_link_color":"0084B4","profile_image_url":"http://pbs.twimg.com/profile_images/378800000437609523/b08379c3d85b28e36afa7c84fa9b830a_normal.jpeg","following":false,"geo_enabled":true,"profile_background_image_url":"http://abs.twimg.com/images/themes/theme1/bg.png","name":"toony","lang":"en","profile_background_tile":false,"favourites_count":478,"screen_name":"stephentoon589","notifications":false,"url":null,"created_at":"Wed Nov 14 21:23:56 +0000 2012","contributors_enabled":false,"time_zone":null,"protected":false,"default_profile":true,"is_translator":false},"geo":{"type":"Point","coordinates":[51.2279995,-1.4630767]},"in_reply_to_user_id_str":"5402612","lang":"en","created_at":"Mon Dec 15 01:44:49 +0000 2014","in_reply_to_status_id_str":"544302821450207233","place":{"full_name":"South East, England","url":"https://api.twitter.com/1.1/geo/id/06168d1feda43857.json","country":"United Kingdom","place_type":"admin","bounding_box":{"type":"Polygon","coordinates":[[[-1.95729593780907,50.5746064789388],[1.45178800018019,50.5746064789388],[1.45178800018019,52.1962850088601],[-1.95729593780907,52.1962850088601]]]},"contained_within":[],"country_code":"GB","attributes":{},"id":"06168d1feda43857","name":"South East"}},
{"contributors":null,"truncated":false,"text":"@BBCBreaking \nI doubt these Islamic terrorists are of Pakistani origin","in_reply_to_status_id":544302821450207233,"id":544308496942895106,"favorite_count":0,"source":"<a href=\"http://twitter.com\" rel=\"nofollow\">Twitter Web Client</a>","retweeted":false,"coordinates":null,"entities":{"symbols":[],"user_mentions":[{"id":5402612,"indices":[0,12],"id_str":"5402612","screen_name":"BBCBreaking","name":"BBC Breaking News"}],"hashtags":[],"urls":[]},"in_reply_to_screen_name":"BBCBreaking","id_str":"544308496942895106","retweet_count":0,"in_reply_to_user_id":5402612,"favorited":false,"user":{"follow_request_sent":false,"profile_use_background_image":true,"profile_text_color":"333333","default_profile_image":false,"id":79802631,"profile_background_image_url_https":"https://pbs.twimg.com/profile_background_images/689967490/57dc57b653a14dfde02a84cc7b50d11e.jpeg","verified":false,"profile_location":null,"profile_image_url_https":"https://pbs.twimg.com/profile_images/502776032911310849/IJEu5Yw-_normal.jpeg","profile_sidebar_fill_color":"EFEFEF","entities":{"url":{"urls":[{"url":"http://t.co/g0jxdxKy38","indices":[0,22],"expanded_url":"http://www.youtube.com/user/threefortyfive?feature=mhee","display_url":"youtube.com/user/threefort…"}]},"description":{"urls":[]}},"followers_count":1148,"profile_sidebar_border_color":"FFFFFF","id_str":"79802631","profile_background_color":"131516","listed_count":13,"is_translation_enabled":false,"utc_offset":19800,"statuses_count":128289,"description":"|| श्रीमान एक्स परिस्थितियों में ||\r\n|| सत्यम शिवम् सुन्दरम ||\r\n|| जो व्याख्या से परे हैं वह ही राम हैं ||\r\nहिन्दू धरम के सामान उच्च कोई धरम नहीं है","friends_count":1999,"location":"India","profile_link_color":"009999","profile_image_url":"http://pbs.twimg.com/profile_images/502776032911310849/IJEu5Yw-_normal.jpeg","following":false,"geo_enabled":false,"profile_banner_url":"https://pbs.twimg.com/profile_banners/79802631/1412945322","profile_background_image_url":"http://pbs.twimg.com/profile_background_images/689967490/57dc57b653a14dfde02a84cc7b50d11e.jpeg","name":"Mr. X in Situations ","lang":"en","profile_background_tile":false,"favourites_count":127041,"screen_name":"peeyushmalhotra","notifications":false,"url":"http://t.co/g0jxdxKy38","created_at":"Sun Oct 04 18:55:01 +0000 2009","contributors_enabled":false,"time_zone":"Chennai","protected":false,"default_profile":false,"is_translator":false},"geo":null,"in_reply_to_user_id_str":"5402612","lang":"en","created_at":"Mon Dec 15 01:50:33 +0000 2014","in_reply_to_status_id_str":"544302821450207233","place":null},
{"contributors":null,"truncated":false,"text":"@BBCBreaking As the song says \"Where the climate is raw &amp; the Gun makes the law\" Australia is an easy target now it's people can't carry","in_reply_to_status_id":544302821450207233,"id":544308763042521088,"favorite_count":0,"source":"<a href=\"http://twitter.com/download/iphone\" rel=\"nofollow\">Twitter for iPhone</a>","retweeted":false,"coordinates":null,"entities":{"symbols":[],"user_mentions":[{"id":5402612,"indices":[0,12],"id_str":"5402612","screen_name":"BBCBreaking","name":"BBC Breaking News"}],"hashtags":[],"urls":[]},"in_reply_to_screen_name":"BBCBreaking","id_str":"544308763042521088","retweet_count":0,"in_reply_to_user_id":5402612,"favorited":false,"user":{"follow_request_sent":false,"profile_use_background_image":true,"profile_text_color":"333333","default_profile_image":false,"id":793001270,"profile_background_image_url_https":"https://abs.twimg.com/images/themes/theme1/bg.png","verified":false,"profile_location":null,"profile_image_url_https":"https://pbs.twimg.com/profile_images/505865229457448960/UyTMUpOJ_normal.jpeg","profile_sidebar_fill_color":"DDEEF6","entities":{"description":{"urls":[]}},"followers_count":371,"profile_sidebar_border_color":"C0DEED","id_str":"793001270","profile_background_color":"C0DEED","listed_count":0,"is_translation_enabled":false,"utc_offset":-18000,"statuses_count":5915,"description":"","friends_count":470,"location":"","profile_link_color":"0084B4","profile_image_url":"http://pbs.twimg.com/profile_images/505865229457448960/UyTMUpOJ_normal.jpeg","following":false,"geo_enabled":true,"profile_banner_url":"https://pbs.twimg.com/profile_banners/793001270/1409442592","profile_background_image_url":"http://abs.twimg.com/images/themes/theme1/bg.png","name":"Michael Gallagher","lang":"en","profile_background_tile":false,"favourites_count":4,"screen_name":"itsskitime","notifications":false,"url":null,"created_at":"Fri Aug 31 03:50:13 +0000 2012","contributors_enabled":false,"time_zone":"Eastern Time (US & Canada)","protected":false,"default_profile":true,"is_translator":false},"geo":null,"in_reply_to_user_id_str":"5402612","lang":"en","created_at":"Mon Dec 15 01:51:36 +0000 2014","in_reply_to_status_id_str":"544302821450207233","place":null}
]