[{"contributors":null,"truncated":false,"text":"@Lisa_Wilkinson I suppose we are to have it in our faces all day and night. Abbott tempted them, here we are. The world has not stopped.","in_reply_to_status_id":544336432609775618,"id":544336857450823680,"favorite_count":0,"source":"<a href=\"http://twitter.com\" rel=\"nofollow\">Twitter Web Client</a>","retweeted":false,"coordinates":null,"entities":{"symbols":[],"user_mentions":[{"id":205242337,"indices":[0,15],"id_str":"205242337","screen_name":"Lisa_Wilkinson","name":"Lisa Wilkinson"}],"hashtags":[],"urls":[]},"in_reply_to_screen_name":"Lisa_Wilkinson","id_str":"544336857450823680","retweet_count":0,"in_reply_to_user_id":205242337,"favorited":false,"user":{"follow_request_sent":false,"profile_use_background_image":true,"profile_text_color":"333333","default_profile_image":false,"id":180122238,"profile_background_image_url_https":"https://abs.twimg.com/images/themes/theme1/bg.png","verified":false,"profile_location":null,"profile_image_url_https":"https://pbs.twimg.com/profile_images/2628840084/0804ffc0dd5eac1c416e0d67c87acc95_normal.png","profile_sidebar_fill_color":"DDEEF6","entities":{"url":{"urls":[{"url":"http://t.co/tnyzRi9irc","indices":[0,22],"expanded_url":"http://twitter.com","display_url":"twitter.com"}]},"description":{"urls":[]}},"followers_count":840,"profile_sidebar_border_color":"C0DEED","id_str":"180122238","profile_background_color":"C0DEED","listed_count":11,"is_translation_enabled":false,"utc_offset":36000,"statuses_count":50389,"description":"Love like crazy cos your clock's a ticking. Grasp the moment and sieze the day. Before the LNP sell it off.\r\nSuspension sometimes hangs on speaking out.","friends_count":546,"location":"kingaroy qld","profile_link_color":"0084B4","profile_image_url":"http://pbs.twimg.com/profile_images/2628840084/0804ffc0dd5eac1c416e0d67c87acc95_normal.png","following":false,"geo_enabled":true,"profile_background_image_url":"http://abs.twimg.com/images/themes/theme1/bg.png","name":" paul donnelly","lang":"en","profile_background_tile":false,"favourites_count":101,"screen_name":"flabbergutsted","notifications":false,"url":"http://t.co/tnyzRi9irc","created_at":"Wed Aug 18 22:03:31 +0000 2010","contributors_enabled":false,"time_zone":"Brisbane","protected":false,"default_profile":true,"is_translator":false},"geo":null,"in_reply_to_user_id_str":"205242337","lang":"en","created_at":"Mon Dec 15 03:43:14 +0000 2014","in_reply_to_status_id_str":"544336432609775618","place":{"full_name":"Brisbane, Queensland","url":"https://api.twitter.com/1.1/geo/id/004ec16c62325149.json","country":"Australia","place_type":"city","bounding_box":{"type":"Polygon","coordinates":[[[152.668522848,-27.767440994],[153.31787024,-27.767440994],[153.31787024,-26.996844991],[152.668522848,-26.996844991]]]},"contained_within":[],"country_code":"AU","attributes":{},"id":"004ec16c62325149","name":"Brisbane"}},
{"contributors":null,"truncated":false,"text":"@Lisa_Wilkinson how awful :( x","in_reply_to_status_id":544336432609775618,"id":544337218404249600,"favorite_count":0,"source":"<a href=\"http://twitter.com/download/iphone\" rel=\"nofollow\">Twitter for iPhone</a>","retweeted":false,"coordinates":null,"entities":{"symbols":[],"user_mentions":[{"id":205242337,"indices":[0,15],"id_str":"205242337","screen_name":"Lisa_Wilkinson","name":"Lisa Wilkinson"}],"hashtags":[],"urls":[]},"in_reply_to_screen_name":"Lisa_Wilkinson","id_str":"544337218404249600","retweet_count":0,"in_reply_to_user_id":205242337,"favorited":false,"user":{"follow_request_sent":false,"profile_use_background_image":true,"profile_text_color":"333333","default_profile_image":false,"id":200005378,"profile_background_image_url_https":"https://abs.twimg.com/images/themes/theme1/bg.png","verified":false,"profile_location":null,"profile_image_url_https":"https://pbs.twimg.com/profile_images/554212690332106752/ZdMXanMd_normal.jpeg","profile_sidebar_fill_color":"DDEEF6","entities":{"description":{"urls":[]}},"followers_count":339,"profile_sidebar_border_color":"C0DEED","id_str":"200005378","profile_background_color":"C0DEED","listed_count":7,"is_translation_enabled":false,"utc_offset":39600,"statuses_count":13406,"description":"Lover of yummy food, bubbles, red and books.  \nThere is no certainty. There is only adventure. Views are my own.","friends_count":394,"location":"Bne","profile_link_color":"0084B4","profile_image_url":"http://pbs.twimg.com/profile_images/554212690332106752/ZdMXanMd_normal.jpeg","following":false,"geo_enabled":false,"profile_banner_url":"https://pbs.twimg.com/profile_banners/200005378/1418455356","profile_background_image_url":"http://abs.twimg.com/images/themes/theme1/bg.png","name":"Tania","lang":"en","profile_background_tile":false,"favourites_count":8673,"screen_name":"TaniaLCarvalho","notifications":false,"url":null,"created_at":"Fri Oct 08 06:41:36 +0000 2010","contributors_enabled":false,"time_zone":"Sydney","protected":false,"default_profile":true,"is_translator":false},"geo":null,"in_reply_to_user_id_str":"205242337","lang":"en","created_at":"Mon Dec 15 03:44:40 +0000 2014","in_reply_to_status_id_str":"544336432609775618","place":null},
{"contributors":null,"truncated":false,"text":"@Lisa_Wilkinson I'm hoping they get out unharmed and the Gunman brought to Justice! #sydneysiege #SydneyHostageCrisis","in_reply_to_status_id":544336432609775618,"id":544337238285238272,"favorite_count":0,"source":"<a href=\"http://twitter.com\" rel=\"nofollow\">Twitter Web Client</a>","retweeted":false,"coordinates":null,"entities":{"symbols":[],"user_mentions":[{"id":205242337,"indices":[0,15],"id_str":"205242337","screen_name":"Lisa_Wilkinson","name":"Lisa Wilkinson"}],"hashtags":[{"indices":[84,96],"text":"sydneysiege"},{"indices":[97,117],"text":"SydneyHostageCrisis"}],"urls":[]},"in_reply_to_screen_name":"Lisa_Wilkinson","id_str":"544337238285238272","retweet_count":0,"in_reply_to_user_id":205242337,"favorited":false,"user":{"follow_request_sent":false,"profile_use_background_image":false,"profile_text_color":"000000","default_profile_image":false,"id":2840741071,"profile_background_image_url_https":"https://abs.twimg.com/images/themes/theme1/bg.png","verified":false,"profile_location":null,"profile_image_url_https":"https://pbs.twimg.com/profile_images/583863183187709952/bP39f5sW_normal.jpg","profile_sidebar_fill_color":"000000","entities":{"url":{"urls":[{"url":"https://t.co/lmyFrAMI1Z","indices":[0,23],"expanded_url":"https://plus.google.com/u/0/117492976945886235761/posts","display_url":"plus.google.com/u/0/1174929769…"}]},"description":{"urls":[]}},"followers_count":149,"profile_sidebar_border_color":"000000","id_str":"2840741071","profile_background_color":"000000","listed_count":3,"is_translation_enabled":false,"utc_offset":34200,"statuses_count":1306,"description":"16,cares about People. Favourite music genres are heavy metal & Rock but enjoy all genres.Went to Dripstone.Nerdy & Goth Atheist.Window & Android Fan.","friends_count":770,"location":"Darwin, NT, Australia","profile_link_color":"9266CC","profile_image_url":"http://pbs.twimg.com/profile_images/583863183187709952/bP39f5sW_normal.jpg","following":false,"geo_enabled":true,"profile_banner_url":"https://pbs.twimg.com/profile_banners/2840741071/1418706596","profile_background_image_url":"http://abs.twimg.com/images/themes/theme1/bg.png","name":"Izzy Jarvis","lang":"en","profile_background_tile":false,"favourites_count":551,"screen_name":"MetalMarvelChic","notifications":false,"url":"https://t.co/lmyFrAMI1Z","created_at":"Sun Oct 05 02:55:24 +0000 2014","contributors_enabled":false,"time_zone":"Darwin","protected":false,"default_profile":false,"is_translator":false},"geo":null,"in_reply_to_user_id_str":"205242337","lang":"en","created_at":"Mon Dec 15 03:44:45 +0000 2014","in_reply_to_status_id_str":"544336432609775618","place":{"full_name":"Darwin, Northern Territory","url":"https://api.twitter.com/1.1/geo/id/002891d33ed032d3.json","country":"Australia","place_type":"city","bounding_box":{"type":"Polygon","coordinates":[[[130.815116992,-12.521741584],[131.05149984,-12.521741584],[131.05149984,-12.330059717],[130.815116992,-12.330059717]]]},"contained_within":[],"country_code":"AU","attributes":{},"id":"002891d33ed032d3","name":"Darwin"}},
{"contributors":null,"truncated":false,"text":"@Lisa_Wilkinson what does this crazy man want?","in_reply_to_status_id":544336432609775618,"id":544343154632048643,"favorite_count":0,"source":"<a href=\"http://twitter.com/download/android\" rel=\"nofollow\">Twitter for Android</a>","retweeted":false,"coordinates":null,"entities":{"symbols":[],"user_mentions":[{"id":205242337,"indices":[0,15],"id_str":"205242337","screen_name":"Lisa_Wilkinson","name":"Lisa Wilkinson"}],"hashtags":[],"urls":[]},"in_reply_to_screen_name":"Lisa_Wilkinson","id_str":"544343154632048643","retweet_count":0,"in_reply_to_user_id":205242337,"favorited":false,"user":{"follow_request_sent":false,"profile_use_background_image":true,"profile_text_color":"634047","default_profile_image":false,"id":54494842,"profile_background_image_url_https":"https://pbs.twimg.com/profile_background_images/356377439/twitter.jpg","verified":false,"profile_location":null,"profile_image_url_https":"https://pbs.twimg.com/profile_images/542862955381932032/WEci_JJr_normal.jpeg","profile_sidebar_fill_color":"E3E2DE","entities":{"description":{"urls":[]}},"followers_count":128,"profile_sidebar_border_color":"D3D2CF","id_str":"54494842","profile_background_color":"EDECE9","listed_count":0,"is_translation_enabled":false,"utc_offset":-36000,"statuses_count":1662,"description":"18 Muslim|Australian-Findian                            ♡the vampire diaries♡","friends_count":491,"location":"Sydney, Australia","profile_link_color":"088253","profile_image_url":"http://pbs.twimg.com/profile_images/542862955381932032/WEci_JJr_normal.jpeg","following":false,"geo_enabled":false,"profile_banner_url":"https://pbs.twimg.com/profile_banners/54494842/1418263585","profile_background_image_url":"http://pbs.twimg.com/profile_background_images/356377439/twitter.jpg","name":"Zainuba Zaye Ali","lang":"en","profile_background_tile":true,"favourites_count":1978,"screen_name":"Zainuba_Ali","notifications":false,"url":null,"created_at":"Tue Jul 07 08:59:33 +0000 2009","contributors_enabled":false,"time_zone":"Hawaii","protected":false,"default_profile":false,"is_translator":false},"geo":null,"in_reply_to_user_id_str":"205242337","lang":"en","created_at":"Mon Dec 15 04:08:16 +0000 2014","in_reply_to_status_id_str":"544336432609775618","place":null},
{"contributors":null,"truncated":false,"text":"@Lisa_Wilkinson @HipgraveGeoff Thank you for your respectful comment, it's an oasis of taste amongst a forrest  of rancid speculation.","in_reply_to_status_id":544336432609775618,"id":544351167103250432,"favorite_count":0,"source":"<a href=\"http://twitter.com/#!/download/ipad\" rel=\"nofollow\">Twitter for iPad</a>","retweeted":false,"coordinates":null,"entities":{"symbols":[],"user_mentions":[{"id":205242337,"indices":[0,15],"id_str":"205242337","screen_name":"Lisa_Wilkinson","name":"Lisa Wilkinson"},{"id":1514500465,"indices":[16,30],"id_str":"1514500465","screen_name":"HipgraveGeoff","name":"cancer hipgrave"}],"hashtags":[],"urls":[]},"in_reply_to_screen_name":"Lisa_Wilkinson","id_str":"544351167103250432","retweet_count":0,"in_reply_to_user_id":205242337,"favorited":false,"user":{"follow_request_sent":false,"profile_use_background_image":true,"profile_text_color":"333333","default_profile_image":false,"id":938489083,"profile_background_image_url_https":"https://abs.twimg.com/images/themes/theme1/bg.png","verified":false,"profile_location":null,"profile_image_url_https":"https://pbs.twimg.com/profile_images/3493818051/6b7a109be6eea8dc905425326ad4650b_normal.jpeg","profile_sidebar_fill_color":"DDEEF6","entities":{"description":{"urls":[]}},"followers_count":1372,"profile_sidebar_border_color":"C0DEED","id_str":"938489083","profile_background_color":"C0DEED","listed_count":21,"is_translation_enabled":false,"utc_offset":null,"statuses_count":32469,"description":"","friends_count":1317,"location":"","profile_link_color":"0084B4","profile_image_url":"http://pbs.twimg.com/profile_images/3493818051/6b7a109be6eea8dc905425326ad4650b_normal.jpeg","following":false,"geo_enabled":false,"profile_background_image_url":"http://abs.twimg.com/images/themes/theme1/bg.png","name":"Elizabeth Marr","lang":"en","profile_background_tile":false,"favourites_count":9234,"screen_name":"JmarrMarr","notifications":false,"url":null,"created_at":"Sat Nov 10 06:13:05 +0000 2012","contributors_enabled":false,"time_zone":null,"protected":false,"default_profile":true,"is_translator":false},"geo":null,"in_reply_to_user_id_str":"205242337","lang":"en","created_at":"Mon Dec 15 04:40:06 +0000 2014","in_reply_to_status_id_str":"544336432609775618","place":null}
]