[{"contributors":null,"truncated":false,"text":"@RT_com naw bro ISIS just wanted chocolate lmao.","in_reply_to_status_id":544316576645017600,"id":544316819390365696,"favorite_count":0,"source":"<a href=\"http://twitter.com/download/iphone\" rel=\"nofollow\">Twitter for iPhone</a>","retweeted":false,"coordinates":null,"entities":{"symbols":[],"user_mentions":[{"id":64643056,"indices":[0,7],"id_str":"64643056","screen_name":"RT_com","name":"RT"}],"hashtags":[],"urls":[]},"in_reply_to_screen_name":"RT_com","id_str":"544316819390365696","retweet_count":0,"in_reply_to_user_id":64643056,"favorited":false,"user":{"follow_request_sent":false,"profile_use_background_image":true,"profile_text_color":"333333","default_profile_image":false,"id":93312530,"profile_background_image_url_https":"https://abs.twimg.com/images/themes/theme14/bg.gif","verified":false,"profile_location":null,"profile_image_url_https":"https://pbs.twimg.com/profile_images/582658375298711553/UnHK65gJ_normal.jpg","profile_sidebar_fill_color":"EFEFEF","entities":{"description":{"urls":[]}},"followers_count":128,"profile_sidebar_border_color":"EEEEEE","id_str":"93312530","profile_background_color":"131516","listed_count":0,"is_translation_enabled":false,"utc_offset":-18000,"statuses_count":3053,"description":"Kurdish. I drive a honda. Trance is life.","friends_count":98,"location":"Annandale VA ","profile_link_color":"009999","profile_image_url":"http://pbs.twimg.com/profile_images/582658375298711553/UnHK65gJ_normal.jpg","following":false,"geo_enabled":true,"profile_banner_url":"https://pbs.twimg.com/profile_banners/93312530/1417247147","profile_background_image_url":"http://abs.twimg.com/images/themes/theme14/bg.gif","name":"Kardo Omerbell","lang":"en","profile_background_tile":true,"favourites_count":227,"screen_name":"KardoZONK","notifications":false,"url":null,"created_at":"Sun Nov 29 03:05:13 +0000 2009","contributors_enabled":false,"time_zone":"Eastern Time (US & Canada)","protected":false,"default_profile":false,"is_translator":false},"geo":null,"in_reply_to_user_id_str":"64643056","lang":"en","created_at":"Mon Dec 15 02:23:37 +0000 2014","in_reply_to_status_id_str":"544316576645017600","place":null},
{"contributors":null,"truncated":false,"text":"@RT_com still though, any publicity...","in_reply_to_status_id":544316576645017600,"id":544316840512856065,"favorite_count":0,"source":"<a href=\"http://twitter.com/download/android\" rel=\"nofollow\">Twitter for Android</a>","retweeted":false,"coordinates":null,"entities":{"symbols":[],"user_mentions":[{"id":64643056,"indices":[0,7],"id_str":"64643056","screen_name":"RT_com","name":"RT"}],"hashtags":[],"urls":[]},"in_reply_to_screen_name":"RT_com","id_str":"544316840512856065","retweet_count":0,"in_reply_to_user_id":64643056,"favorited":false,"user":{"follow_request_sent":false,"profile_use_background_image":true,"profile_text_color":"333333","default_profile_image":false,"id":396859685,"profile_background_image_url_https":"https://pbs.twimg.com/profile_background_images/452953048084520960/1DBN1ZYR.jpeg","verified":false,"profile_location":null,"profile_image_url_https":"https://pbs.twimg.com/profile_images/586740613833478144/zKr9XwoN_normal.jpg","profile_sidebar_fill_color":"A0C5C7","entities":{"url":{"urls":[{"url":"http://t.co/2rNjbHGFuD","indices":[0,22],"expanded_url":"http://www.youtube.com/StoneMadCrew","display_url":"youtube.com/StoneMadCrew"}]},"description":{"urls":[{"url":"http://t.co/I2JKjWNelc","indices":[16,38],"expanded_url":"http://youtu.be/qpCOv9-4UOg","display_url":"youtu.be/qpCOv9-4UOg"}]}},"followers_count":241,"profile_sidebar_border_color":"FFFFFF","id_str":"396859685","profile_background_color":"EDECE9","listed_count":2,"is_translation_enabled":false,"utc_offset":0,"statuses_count":9708,"description":"Fethard Dream - http://t.co/I2JKjWNelc","friends_count":141,"location":"no fixed abode","profile_link_color":"3B7BBF","profile_image_url":"http://pbs.twimg.com/profile_images/586740613833478144/zKr9XwoN_normal.jpg","following":false,"geo_enabled":false,"profile_banner_url":"https://pbs.twimg.com/profile_banners/396859685/1417645102","profile_background_image_url":"http://pbs.twimg.com/profile_background_images/452953048084520960/1DBN1ZYR.jpeg","name":"Dha Rat","lang":"en","profile_background_tile":true,"favourites_count":79,"screen_name":"StoneMadCrew","notifications":false,"url":"http://t.co/2rNjbHGFuD","created_at":"Sun Oct 23 21:40:46 +0000 2011","contributors_enabled":false,"time_zone":"Dublin","protected":false,"default_profile":false,"is_translator":false},"geo":null,"in_reply_to_user_id_str":"64643056","lang":"en","created_at":"Mon Dec 15 02:23:42 +0000 2014","in_reply_to_status_id_str":"544316576645017600","place":null},
{"contributors":null,"truncated":false,"text":"@RT_com Im glad we (The US) are sticking around 2 help. #Obama is as chickenshit as they come. That's what #Liberal courage looks like. #Run","in_reply_to_status_id":544316576645017600,"id":544317386523156480,"favorite_count":0,"source":"<a href=\"http://twitter.com/download/iphone\" rel=\"nofollow\">Twitter for iPhone</a>","retweeted":false,"coordinates":null,"entities":{"symbols":[],"user_mentions":[{"id":64643056,"indices":[0,7],"id_str":"64643056","screen_name":"RT_com","name":"RT"}],"hashtags":[{"indices":[56,62],"text":"Obama"},{"indices":[107,115],"text":"Liberal"},{"indices":[136,140],"text":"Run"}],"urls":[]},"in_reply_to_screen_name":"RT_com","id_str":"544317386523156480","retweet_count":0,"in_reply_to_user_id":64643056,"favorited":false,"user":{"follow_request_sent":false,"profile_use_background_image":true,"profile_text_color":"666666","default_profile_image":false,"id":15803977,"profile_background_image_url_https":"https://pbs.twimg.com/profile_background_images/785529284/b189d2bad76c71902c159984333a03a4.jpeg","verified":false,"profile_location":null,"profile_image_url_https":"https://pbs.twimg.com/profile_images/487051402125266944/zGvB63iA_normal.jpeg","profile_sidebar_fill_color":"252429","entities":{"description":{"urls":[]}},"followers_count":375,"profile_sidebar_border_color":"FFFFFF","id_str":"15803977","profile_background_color":"1A1B1F","listed_count":9,"is_translation_enabled":false,"utc_offset":-25200,"statuses_count":12401,"description":"Self Employed Designer and 3D Artist","friends_count":232,"location":"Phoenix, AZ","profile_link_color":"2FC2EF","profile_image_url":"http://pbs.twimg.com/profile_images/487051402125266944/zGvB63iA_normal.jpeg","following":false,"geo_enabled":true,"profile_banner_url":"https://pbs.twimg.com/profile_banners/15803977/1404957259","profile_background_image_url":"http://pbs.twimg.com/profile_background_images/785529284/b189d2bad76c71902c159984333a03a4.jpeg","name":"Opie's Wired Mouse","lang":"en","profile_background_tile":true,"favourites_count":14161,"screen_name":"SeanDiVincenzo","notifications":false,"url":null,"created_at":"Mon Aug 11 02:26:57 +0000 2008","contributors_enabled":false,"time_zone":"Arizona","protected":false,"default_profile":false,"is_translator":false},"geo":null,"in_reply_to_user_id_str":"64643056","lang":"en","created_at":"Mon Dec 15 02:25:52 +0000 2014","in_reply_to_status_id_str":"544316576645017600","place":null},
{"contributors":null,"truncated":false,"text":"@RT_com soldiers of islam bikers","in_reply_to_status_id":544316576645017600,"id":544317582950400001,"favorite_count":0,"source":"<a href=\"https://mobile.twitter.com\" rel=\"nofollow\">Mobile Web (M5)</a>","retweeted":false,"coordinates":null,"entities":{"symbols":[],"user_mentions":[{"id":64643056,"indices":[0,7],"id_str":"64643056","screen_name":"RT_com","name":"RT"}],"hashtags":[],"urls":[]},"in_reply_to_screen_name":"RT_com","id_str":"544317582950400001","retweet_count":0,"in_reply_to_user_id":64643056,"favorited":false,"user":{"follow_request_sent":false,"profile_use_background_image":true,"profile_text_color":"4A66C1","default_profile_image":false,"id":236684588,"profile_background_image_url_https":"https://pbs.twimg.com/profile_background_images/855541365/0d0b9ded3ede183c30b139fe63bf6d05.jpeg","verified":false,"profile_location":null,"profile_image_url_https":"https://pbs.twimg.com/profile_images/575137824426557440/IeOrUBO5_normal.jpeg","profile_sidebar_fill_color":"0E0E0E","entities":{"description":{"urls":[]}},"followers_count":139,"profile_sidebar_border_color":"4A66C1","id_str":"236684588","profile_background_color":"000000","listed_count":3,"is_translation_enabled":false,"utc_offset":-36000,"statuses_count":7199,"description":"Compiler of Evidence  Aspiring Humanoid  Listener  Speaker  Mother   Australian","friends_count":296,"location":"Warrundinji","profile_link_color":"B8C5C6","profile_image_url":"http://pbs.twimg.com/profile_images/575137824426557440/IeOrUBO5_normal.jpeg","following":false,"geo_enabled":false,"profile_banner_url":"https://pbs.twimg.com/profile_banners/236684588/1415242122","profile_background_image_url":"http://pbs.twimg.com/profile_background_images/855541365/0d0b9ded3ede183c30b139fe63bf6d05.jpeg","name":"Maggie Pie","lang":"en","profile_background_tile":false,"favourites_count":456,"screen_name":"adlitammm","notifications":false,"url":null,"created_at":"Tue Jan 11 04:11:19 +0000 2011","contributors_enabled":false,"time_zone":"Hawaii","protected":false,"default_profile":false,"is_translator":false},"geo":null,"in_reply_to_user_id_str":"64643056","lang":"en","created_at":"Mon Dec 15 02:26:39 +0000 2014","in_reply_to_status_id_str":"544316576645017600","place":null},
{"contributors":null,"truncated":false,"text":"@RT_com Of course #Obama is running from the #SydenySiege, he doesn't want 2 interfere with the plans of his #MuslimBrotherhood. #ObamaSucks","in_reply_to_status_id":544316576645017600,"id":544317951483318274,"favorite_count":0,"source":"<a href=\"http://twitter.com/download/iphone\" rel=\"nofollow\">Twitter for iPhone</a>","retweeted":false,"coordinates":null,"entities":{"symbols":[],"user_mentions":[{"id":64643056,"indices":[0,7],"id_str":"64643056","screen_name":"RT_com","name":"RT"}],"hashtags":[{"indices":[18,24],"text":"Obama"},{"indices":[45,57],"text":"SydenySiege"},{"indices":[109,127],"text":"MuslimBrotherhood"},{"indices":[129,140],"text":"ObamaSucks"}],"urls":[]},"in_reply_to_screen_name":"RT_com","id_str":"544317951483318274","retweet_count":0,"in_reply_to_user_id":64643056,"favorited":false,"user":{"follow_request_sent":false,"profile_use_background_image":true,"profile_text_color":"666666","default_profile_image":false,"id":15803977,"profile_background_image_url_https":"https://pbs.twimg.com/profile_background_images/785529284/b189d2bad76c71902c159984333a03a4.jpeg","verified":false,"profile_location":null,"profile_image_url_https":"https://pbs.twimg.com/profile_images/487051402125266944/zGvB63iA_normal.jpeg","profile_sidebar_fill_color":"252429","entities":{"description":{"urls":[]}},"followers_count":375,"profile_sidebar_border_color":"FFFFFF","id_str":"15803977","profile_background_color":"1A1B1F","listed_count":9,"is_translation_enabled":false,"utc_offset":-25200,"statuses_count":12401,"description":"Self Employed Designer and 3D Artist","friends_count":232,"location":"Phoenix, AZ","profile_link_color":"2FC2EF","profile_image_url":"http://pbs.twimg.com/profile_images/487051402125266944/zGvB63iA_normal.jpeg","following":false,"geo_enabled":true,"profile_banner_url":"https://pbs.twimg.com/profile_banners/15803977/1404957259","profile_background_image_url":"http://pbs.twimg.com/profile_background_images/785529284/b189d2bad76c71902c159984333a03a4.jpeg","name":"Opie's Wired Mouse","lang":"en","profile_background_tile":true,"favourites_count":14161,"screen_name":"SeanDiVincenzo","notifications":false,"url":null,"created_at":"Mon Aug 11 02:26:57 +0000 2008","contributors_enabled":false,"time_zone":"Arizona","protected":false,"default_profile":false,"is_translator":false},"geo":null,"in_reply_to_user_id_str":"64643056","lang":"en","created_at":"Mon Dec 15 02:28:07 +0000 2014","in_reply_to_status_id_str":"544316576645017600","place":null},
{"contributors":null,"truncated":false,"text":"@RT_com Im sure #Obama &amp; #Holder would classify the #SydneySiege as #WorkplaceViolence &amp; not #IslamicTerrorism #BanIslam #ImpeachObama #tcot","in_reply_to_status_id":544317386523156480,"id":544318864335851520,"favorite_count":0,"source":"<a href=\"http://twitter.com/download/iphone\" rel=\"nofollow\">Twitter for iPhone</a>","retweeted":false,"coordinates":null,"entities":{"symbols":[],"user_mentions":[{"id":64643056,"indices":[0,7],"id_str":"64643056","screen_name":"RT_com","name":"RT"}],"hashtags":[{"indices":[16,22],"text":"Obama"},{"indices":[29,36],"text":"Holder"},{"indices":[56,68],"text":"SydneySiege"},{"indices":[72,90],"text":"WorkplaceViolence"},{"indices":[101,118],"text":"IslamicTerrorism"},{"indices":[119,128],"text":"BanIslam"},{"indices":[129,142],"text":"ImpeachObama"},{"indices":[143,148],"text":"tcot"}],"urls":[]},"in_reply_to_screen_name":"SeanDiVincenzo","id_str":"544318864335851520","retweet_count":0,"in_reply_to_user_id":15803977,"favorited":false,"user":{"follow_request_sent":false,"profile_use_background_image":true,"profile_text_color":"666666","default_profile_image":false,"id":15803977,"profile_background_image_url_https":"https://pbs.twimg.com/profile_background_images/785529284/b189d2bad76c71902c159984333a03a4.jpeg","verified":false,"profile_location":null,"profile_image_url_https":"https://pbs.twimg.com/profile_images/487051402125266944/zGvB63iA_normal.jpeg","profile_sidebar_fill_color":"252429","entities":{"description":{"urls":[]}},"followers_count":375,"profile_sidebar_border_color":"FFFFFF","id_str":"15803977","profile_background_color":"1A1B1F","listed_count":9,"is_translation_enabled":false,"utc_offset":-25200,"statuses_count":12401,"description":"Self Employed Designer and 3D Artist","friends_count":232,"location":"Phoenix, AZ","profile_link_color":"2FC2EF","profile_image_url":"http://pbs.twimg.com/profile_images/487051402125266944/zGvB63iA_normal.jpeg","following":false,"geo_enabled":true,"profile_banner_url":"https://pbs.twimg.com/profile_banners/15803977/1404957259","profile_background_image_url":"http://pbs.twimg.com/profile_background_images/785529284/b189d2bad76c71902c159984333a03a4.jpeg","name":"Opie's Wired Mouse","lang":"en","profile_background_tile":true,"favourites_count":14161,"screen_name":"SeanDiVincenzo","notifications":false,"url":null,"created_at":"Mon Aug 11 02:26:57 +0000 2008","contributors_enabled":false,"time_zone":"Arizona","protected":false,"default_profile":false,"is_translator":false},"geo":null,"in_reply_to_user_id_str":"15803977","lang":"en","created_at":"Mon Dec 15 02:31:44 +0000 2014","in_reply_to_status_id_str":"544317386523156480","place":null},
{"contributors":null,"truncated":false,"text":"@RT_com I'd rather be shot or beheaded in preference to holding up that abomination of a flag.","in_reply_to_status_id":544316576645017600,"id":544319288404762624,"favorite_count":0,"source":"<a href=\"http://twitter.com\" rel=\"nofollow\">Twitter Web Client</a>","retweeted":false,"coordinates":null,"entities":{"symbols":[],"user_mentions":[{"id":64643056,"indices":[0,7],"id_str":"64643056","screen_name":"RT_com","name":"RT"}],"hashtags":[],"urls":[]},"in_reply_to_screen_name":"RT_com","id_str":"544319288404762624","retweet_count":0,"in_reply_to_user_id":64643056,"favorited":false,"user":{"follow_request_sent":false,"profile_use_background_image":true,"profile_text_color":"333333","default_profile_image":false,"id":2195477666,"profile_background_image_url_https":"https://pbs.twimg.com/profile_background_images/378800000117045273/90e7e7a2f8788b1555cc0a4b150a3efe.jpeg","verified":false,"profile_location":null,"profile_image_url_https":"https://pbs.twimg.com/profile_images/378800000741933443/56d6e5379b6dfbe1be083a917cdf1b2d_normal.jpeg","profile_sidebar_fill_color":"DDEEF6","entities":{"description":{"urls":[]}},"followers_count":331,"profile_sidebar_border_color":"FFFFFF","id_str":"2195477666","profile_background_color":"C0DEED","listed_count":0,"is_translation_enabled":false,"utc_offset":39600,"statuses_count":615,"description":"Complicated but Available, proud Kamilaroi fulla and Rabbitoh supporter. Msg me, bullmogul@hotmail.com","friends_count":1992,"location":"Sydney, Australia","profile_link_color":"0084B4","profile_image_url":"http://pbs.twimg.com/profile_images/378800000741933443/56d6e5379b6dfbe1be083a917cdf1b2d_normal.jpeg","following":false,"geo_enabled":false,"profile_background_image_url":"http://pbs.twimg.com/profile_background_images/378800000117045273/90e7e7a2f8788b1555cc0a4b150a3efe.jpeg","name":"Norm Alberts","lang":"en","profile_background_tile":false,"favourites_count":11242,"screen_name":"bullmogul","notifications":false,"url":null,"created_at":"Fri Nov 15 06:26:06 +0000 2013","contributors_enabled":false,"time_zone":"Sydney","protected":false,"default_profile":false,"is_translator":false},"geo":null,"in_reply_to_user_id_str":"64643056","lang":"en","created_at":"Mon Dec 15 02:33:25 +0000 2014","in_reply_to_status_id_str":"544316576645017600","place":null},
{"contributors":null,"truncated":false,"text":"@RT_com Can't get through to daughter &amp; grand-kids in central Sydney. Just have to hope they're fine.","in_reply_to_status_id":544316576645017600,"id":544319455996936192,"favorite_count":0,"source":"<a href=\"http://twitter.com\" rel=\"nofollow\">Twitter Web Client</a>","retweeted":false,"coordinates":null,"entities":{"symbols":[],"user_mentions":[{"id":64643056,"indices":[0,7],"id_str":"64643056","screen_name":"RT_com","name":"RT"}],"hashtags":[],"urls":[]},"in_reply_to_screen_name":"RT_com","id_str":"544319455996936192","retweet_count":0,"in_reply_to_user_id":64643056,"favorited":false,"user":{"follow_request_sent":false,"profile_use_background_image":true,"profile_text_color":"333333","default_profile_image":false,"id":223466412,"profile_background_image_url_https":"https://abs.twimg.com/images/themes/theme1/bg.png","verified":false,"profile_location":null,"profile_image_url_https":"https://pbs.twimg.com/profile_images/1820468375/ML_2_1__normal.JPG","profile_sidebar_fill_color":"DDEEF6","entities":{"description":{"urls":[]}},"followers_count":792,"profile_sidebar_border_color":"C0DEED","id_str":"223466412","profile_background_color":"C0DEED","listed_count":14,"is_translation_enabled":false,"utc_offset":0,"statuses_count":8164,"description":"Labour councillor Bitterne, Southampton. Granny, still young(ish), ex-teacher. Passionate about my family, Nuffield Theatre, public services. Views my own","friends_count":1162,"location":"","profile_link_color":"0084B4","profile_image_url":"http://pbs.twimg.com/profile_images/1820468375/ML_2_1__normal.JPG","following":false,"geo_enabled":true,"profile_background_image_url":"http://abs.twimg.com/images/themes/theme1/bg.png","name":"Mary Lloyd","lang":"en","profile_background_tile":false,"favourites_count":237,"screen_name":"Jasperfirst","notifications":false,"url":null,"created_at":"Mon Dec 06 13:34:05 +0000 2010","contributors_enabled":false,"time_zone":"London","protected":false,"default_profile":true,"is_translator":false},"geo":null,"in_reply_to_user_id_str":"64643056","lang":"en","created_at":"Mon Dec 15 02:34:05 +0000 2014","in_reply_to_status_id_str":"544316576645017600","place":{"full_name":"Southampton, South East","url":"https://api.twitter.com/1.1/geo/id/1b676cd4b8a8684a.json","country":"United Kingdom","place_type":"city","bounding_box":{"type":"Polygon","coordinates":[[[-1.476463,50.883056],[-1.3164712,50.883056],[-1.3164712,50.959599],[-1.476463,50.959599]]]},"contained_within":[],"country_code":"GB","attributes":{},"id":"1b676cd4b8a8684a","name":"Southampton"}},
{"contributors":null,"truncated":false,"text":"@SeanDiVincenzo @RT_com So you want Bush clones back?","in_reply_to_status_id":544317386523156480,"id":544319767155589120,"favorite_count":0,"source":"<a href=\"http://twitter.com\" rel=\"nofollow\">Twitter Web Client</a>","retweeted":false,"coordinates":null,"entities":{"symbols":[],"user_mentions":[{"id":15803977,"indices":[0,15],"id_str":"15803977","screen_name":"SeanDiVincenzo","name":"Opie's Wired Mouse"},{"id":64643056,"indices":[16,23],"id_str":"64643056","screen_name":"RT_com","name":"RT"}],"hashtags":[],"urls":[]},"in_reply_to_screen_name":"SeanDiVincenzo","id_str":"544319767155589120","retweet_count":0,"in_reply_to_user_id":15803977,"favorited":false,"user":{"follow_request_sent":false,"profile_use_background_image":true,"profile_text_color":"333333","default_profile_image":false,"id":223466412,"profile_background_image_url_https":"https://abs.twimg.com/images/themes/theme1/bg.png","verified":false,"profile_location":null,"profile_image_url_https":"https://pbs.twimg.com/profile_images/1820468375/ML_2_1__normal.JPG","profile_sidebar_fill_color":"DDEEF6","entities":{"description":{"urls":[]}},"followers_count":792,"profile_sidebar_border_color":"C0DEED","id_str":"223466412","profile_background_color":"C0DEED","listed_count":14,"is_translation_enabled":false,"utc_offset":0,"statuses_count":8164,"description":"Labour councillor Bitterne, Southampton. Granny, still young(ish), ex-teacher. Passionate about my family, Nuffield Theatre, public services. Views my own","friends_count":1162,"location":"","profile_link_color":"0084B4","profile_image_url":"http://pbs.twimg.com/profile_images/1820468375/ML_2_1__normal.JPG","following":false,"geo_enabled":true,"profile_background_image_url":"http://abs.twimg.com/images/themes/theme1/bg.png","name":"Mary Lloyd","lang":"en","profile_background_tile":false,"favourites_count":237,"screen_name":"Jasperfirst","notifications":false,"url":null,"created_at":"Mon Dec 06 13:34:05 +0000 2010","contributors_enabled":false,"time_zone":"London","protected":false,"default_profile":true,"is_translator":false},"geo":null,"in_reply_to_user_id_str":"15803977","lang":"en","created_at":"Mon Dec 15 02:35:20 +0000 2014","in_reply_to_status_id_str":"544317386523156480","place":{"full_name":"Southampton, South East","url":"https://api.twitter.com/1.1/geo/id/1b676cd4b8a8684a.json","country":"United Kingdom","place_type":"city","bounding_box":{"type":"Polygon","coordinates":[[[-1.476463,50.883056],[-1.3164712,50.883056],[-1.3164712,50.959599],[-1.476463,50.959599]]]},"contained_within":[],"country_code":"GB","attributes":{},"id":"1b676cd4b8a8684a","name":"Southampton"}},
{"contributors":null,"truncated":false,"text":"@RT_com Well look at what we have here... \"Diversity\" and \"progress\" in action. Fuck multiculturalism!\n\n#WarOnWhites  #WR","in_reply_to_status_id":544316576645017600,"id":544320493491605504,"favorite_count":0,"source":"<a href=\"http://twitter.com/download/iphone\" rel=\"nofollow\">Twitter for iPhone</a>","retweeted":false,"coordinates":null,"entities":{"symbols":[],"user_mentions":[{"id":64643056,"indices":[0,7],"id_str":"64643056","screen_name":"RT_com","name":"RT"}],"hashtags":[{"indices":[104,116],"text":"WarOnWhites"},{"indices":[118,121],"text":"WR"}],"urls":[]},"in_reply_to_screen_name":"RT_com","id_str":"544320493491605504","retweet_count":1,"in_reply_to_user_id":64643056,"favorited":false,"user":{"follow_request_sent":false,"profile_use_background_image":true,"profile_text_color":"333333","default_profile_image":false,"id":2721045099,"profile_background_image_url_https":"https://abs.twimg.com/images/themes/theme1/bg.png","verified":false,"profile_location":null,"profile_image_url_https":"https://pbs.twimg.com/profile_images/587607360224493569/QlwyOxM2_normal.jpg","profile_sidebar_fill_color":"DDEEF6","entities":{"url":{"urls":[{"url":"http://t.co/wa9vmNVPBV","indices":[0,22],"expanded_url":"http://National-Action.info","display_url":"National-Action.info"}]},"description":{"urls":[]}},"followers_count":372,"profile_sidebar_border_color":"C0DEED","id_str":"2721045099","profile_background_color":"C0DEED","listed_count":4,"is_translation_enabled":false,"utc_offset":null,"statuses_count":1196,"description":"National - Social - Radical / Racial Activist / You Can't Smash The Fash / #WarOnWhites #WR 卐","friends_count":205,"location":"Merseyside - England","profile_link_color":"0084B4","profile_image_url":"http://pbs.twimg.com/profile_images/587607360224493569/QlwyOxM2_normal.jpg","following":false,"geo_enabled":false,"profile_banner_url":"https://pbs.twimg.com/profile_banners/2721045099/1418702338","profile_background_image_url":"http://abs.twimg.com/images/themes/theme1/bg.png","name":"Æthelwulf","lang":"en-gb","profile_background_tile":false,"favourites_count":709,"screen_name":"TheWulf_93","notifications":false,"url":"http://t.co/wa9vmNVPBV","created_at":"Tue Jul 22 20:27:54 +0000 2014","contributors_enabled":false,"time_zone":null,"protected":false,"default_profile":true,"is_translator":false},"geo":null,"in_reply_to_user_id_str":"64643056","lang":"en","created_at":"Mon Dec 15 02:38:13 +0000 2014","in_reply_to_status_id_str":"544316576645017600","place":null},
{"contributors":null,"truncated":false,"text":"@RT_com @DesireeAaron Evacuating because of these pigs?","in_reply_to_status_id":544316576645017600,"id":544320826300833792,"favorite_count":0,"source":"<a href=\"http://twitter.com/download/iphone\" rel=\"nofollow\">Twitter for iPhone</a>","retweeted":false,"coordinates":null,"entities":{"symbols":[],"user_mentions":[{"id":64643056,"indices":[0,7],"id_str":"64643056","screen_name":"RT_com","name":"RT"},{"id":812542670,"indices":[8,21],"id_str":"812542670","screen_name":"DesireeAaron","name":"Desiree Aaron"}],"hashtags":[],"urls":[]},"in_reply_to_screen_name":"RT_com","id_str":"544320826300833792","retweet_count":0,"in_reply_to_user_id":64643056,"favorited":false,"user":{"follow_request_sent":false,"profile_use_background_image":true,"profile_text_color":"333333","default_profile_image":false,"id":1621733996,"profile_background_image_url_https":"https://abs.twimg.com/images/themes/theme1/bg.png","verified":false,"profile_location":null,"profile_image_url_https":"https://pbs.twimg.com/profile_images/378800000189059529/2c2cfafe70b9f0023d3fe64c0fda29fa_normal.jpeg","profile_sidebar_fill_color":"DDEEF6","entities":{"description":{"urls":[]}},"followers_count":400,"profile_sidebar_border_color":"C0DEED","id_str":"1621733996","profile_background_color":"C0DEED","listed_count":7,"is_translation_enabled":false,"utc_offset":null,"statuses_count":12960,"description":"Retired Soldier. Writer. (Photo: Crossing the Congo at Kisangani) ΜΟΛΩΝ ΛΑΒE \nI am AIPAC","friends_count":458,"location":"Fort Worth, Texas","profile_link_color":"0084B4","profile_image_url":"http://pbs.twimg.com/profile_images/378800000189059529/2c2cfafe70b9f0023d3fe64c0fda29fa_normal.jpeg","following":false,"geo_enabled":true,"profile_background_image_url":"http://abs.twimg.com/images/themes/theme1/bg.png","name":"Martin Reddy","lang":"en","profile_background_tile":false,"favourites_count":1958,"screen_name":"MartinReddy3","notifications":false,"url":null,"created_at":"Fri Jul 26 01:43:23 +0000 2013","contributors_enabled":false,"time_zone":null,"protected":false,"default_profile":true,"is_translator":false},"geo":null,"in_reply_to_user_id_str":"64643056","lang":"en","created_at":"Mon Dec 15 02:39:32 +0000 2014","in_reply_to_status_id_str":"544316576645017600","place":null},
{"contributors":null,"truncated":false,"text":"@RT_com Don't want another Benghazi! O doesn't want to keep looking like a failure again.","in_reply_to_status_id":544316576645017600,"id":544322637003243520,"favorite_count":0,"source":"<a href=\"https://mobile.twitter.com\" rel=\"nofollow\">Mobile Web (M5)</a>","retweeted":false,"coordinates":null,"entities":{"symbols":[],"user_mentions":[{"id":64643056,"indices":[0,7],"id_str":"64643056","screen_name":"RT_com","name":"RT"}],"hashtags":[],"urls":[]},"in_reply_to_screen_name":"RT_com","id_str":"544322637003243520","retweet_count":0,"in_reply_to_user_id":64643056,"favorited":false,"user":{"follow_request_sent":false,"profile_use_background_image":true,"profile_text_color":"333333","default_profile_image":false,"id":194160226,"profile_background_image_url_https":"https://abs.twimg.com/images/themes/theme1/bg.png","verified":false,"profile_location":null,"profile_image_url_https":"https://pbs.twimg.com/profile_images/541590646352789504/FfsmPUqh_normal.jpeg","profile_sidebar_fill_color":"DDEEF6","entities":{"description":{"urls":[]}},"followers_count":1308,"profile_sidebar_border_color":"C0DEED","id_str":"194160226","profile_background_color":"C0DEED","listed_count":10,"is_translation_enabled":false,"utc_offset":null,"statuses_count":6307,"description":"","friends_count":1300,"location":"","profile_link_color":"0084B4","profile_image_url":"http://pbs.twimg.com/profile_images/541590646352789504/FfsmPUqh_normal.jpeg","following":false,"geo_enabled":false,"profile_background_image_url":"http://abs.twimg.com/images/themes/theme1/bg.png","name":"Need a change!","lang":"en","profile_background_tile":false,"favourites_count":594,"screen_name":"giabean1","notifications":false,"url":null,"created_at":"Thu Sep 23 15:36:15 +0000 2010","contributors_enabled":false,"time_zone":null,"protected":false,"default_profile":true,"is_translator":false},"geo":null,"in_reply_to_user_id_str":"64643056","lang":"en","created_at":"Mon Dec 15 02:46:44 +0000 2014","in_reply_to_status_id_str":"544316576645017600","place":null},
{"contributors":null,"truncated":false,"text":"@Jasperfirst @RT_com I want leadership that will stand against evils like #Islam &amp; serve the people as directed by the people. Obama isnt it","in_reply_to_status_id":544319767155589120,"id":544323123936759808,"favorite_count":0,"source":"<a href=\"http://twitter.com/download/iphone\" rel=\"nofollow\">Twitter for iPhone</a>","retweeted":false,"coordinates":null,"entities":{"symbols":[],"user_mentions":[{"id":223466412,"indices":[0,12],"id_str":"223466412","screen_name":"Jasperfirst","name":"Mary Lloyd"},{"id":64643056,"indices":[13,20],"id_str":"64643056","screen_name":"RT_com","name":"RT"}],"hashtags":[{"indices":[74,80],"text":"Islam"}],"urls":[]},"in_reply_to_screen_name":"Jasperfirst","id_str":"544323123936759808","retweet_count":0,"in_reply_to_user_id":223466412,"favorited":false,"user":{"follow_request_sent":false,"profile_use_background_image":true,"profile_text_color":"666666","default_profile_image":false,"id":15803977,"profile_background_image_url_https":"https://pbs.twimg.com/profile_background_images/785529284/b189d2bad76c71902c159984333a03a4.jpeg","verified":false,"profile_location":null,"profile_image_url_https":"https://pbs.twimg.com/profile_images/487051402125266944/zGvB63iA_normal.jpeg","profile_sidebar_fill_color":"252429","entities":{"description":{"urls":[]}},"followers_count":375,"profile_sidebar_border_color":"FFFFFF","id_str":"15803977","profile_background_color":"1A1B1F","listed_count":9,"is_translation_enabled":false,"utc_offset":-25200,"statuses_count":12401,"description":"Self Employed Designer and 3D Artist","friends_count":232,"location":"Phoenix, AZ","profile_link_color":"2FC2EF","profile_image_url":"http://pbs.twimg.com/profile_images/487051402125266944/zGvB63iA_normal.jpeg","following":false,"geo_enabled":true,"profile_banner_url":"https://pbs.twimg.com/profile_banners/15803977/1404957259","profile_background_image_url":"http://pbs.twimg.com/profile_background_images/785529284/b189d2bad76c71902c159984333a03a4.jpeg","name":"Opie's Wired Mouse","lang":"en","profile_background_tile":true,"favourites_count":14161,"screen_name":"SeanDiVincenzo","notifications":false,"url":null,"created_at":"Mon Aug 11 02:26:57 +0000 2008","contributors_enabled":false,"time_zone":"Arizona","protected":false,"default_profile":false,"is_translator":false},"geo":null,"in_reply_to_user_id_str":"223466412","lang":"en","created_at":"Mon Dec 15 02:48:40 +0000 2014","in_reply_to_status_id_str":"544319767155589120","place":null},
{"contributors":null,"truncated":false,"text":"@RT_com the US'll be behind it! 😆 derrr!","in_reply_to_status_id":544316576645017600,"id":544324389542846464,"favorite_count":0,"source":"<a href=\"http://www.twitter.com\" rel=\"nofollow\">Twitter for Windows Phone</a>","retweeted":false,"coordinates":null,"entities":{"symbols":[],"user_mentions":[{"id":64643056,"indices":[0,7],"id_str":"64643056","screen_name":"RT_com","name":"RT"}],"hashtags":[],"urls":[]},"in_reply_to_screen_name":"RT_com","id_str":"544324389542846464","retweet_count":0,"in_reply_to_user_id":64643056,"favorited":false,"user":{"follow_request_sent":false,"profile_use_background_image":true,"profile_text_color":"333333","default_profile_image":false,"id":2176555676,"profile_background_image_url_https":"https://abs.twimg.com/images/themes/theme14/bg.gif","verified":false,"profile_location":null,"profile_image_url_https":"https://pbs.twimg.com/profile_images/434724842533687297/xeEAvvdZ_normal.jpeg","profile_sidebar_fill_color":"EFEFEF","entities":{"url":{"urls":[{"url":"http://t.co/luIKbk1Wgx","indices":[0,22],"expanded_url":"http://www.corruptcompaniesregister.co.uk","display_url":"corruptcompaniesregister.co.uk"}]},"description":{"urls":[]}},"followers_count":77,"profile_sidebar_border_color":"EEEEEE","id_str":"2176555676","profile_background_color":"131516","listed_count":4,"is_translation_enabled":false,"utc_offset":0,"statuses_count":3040,"description":"Corrupt Companies Register (UK) is an independent, not-for-profit voice calling for an immediate end of the UK's acceptability of widespread corrupt thinking.","friends_count":76,"location":"UK","profile_link_color":"009999","profile_image_url":"http://pbs.twimg.com/profile_images/434724842533687297/xeEAvvdZ_normal.jpeg","following":false,"geo_enabled":false,"profile_banner_url":"https://pbs.twimg.com/profile_banners/2176555676/1389037355","profile_background_image_url":"http://abs.twimg.com/images/themes/theme14/bg.gif","name":"CCRegistrar","lang":"en","profile_background_tile":true,"favourites_count":115,"screen_name":"CCRegistrar","notifications":false,"url":"http://t.co/luIKbk1Wgx","created_at":"Tue Nov 05 18:12:39 +0000 2013","contributors_enabled":false,"time_zone":"London","protected":false,"default_profile":false,"is_translator":false},"geo":null,"in_reply_to_user_id_str":"64643056","lang":"en","created_at":"Mon Dec 15 02:53:42 +0000 2014","in_reply_to_status_id_str":"544316576645017600","place":null},
{"contributors":null,"truncated":false,"text":"@RT_com HANDS UP DON'T SHOOT TERRORIST","in_reply_to_status_id":544316576645017600,"id":544326134121627650,"favorite_count":0,"source":"<a href=\"http://twitter.com\" rel=\"nofollow\">Twitter Web Client</a>","retweeted":false,"coordinates":null,"entities":{"symbols":[],"user_mentions":[{"id":64643056,"indices":[0,7],"id_str":"64643056","screen_name":"RT_com","name":"RT"}],"hashtags":[],"urls":[]},"in_reply_to_screen_name":"RT_com","id_str":"544326134121627650","retweet_count":0,"in_reply_to_user_id":64643056,"favorited":false,"user":{"follow_request_sent":false,"profile_use_background_image":true,"profile_text_color":"333333","default_profile_image":false,"id":2614001430,"profile_background_image_url_https":"https://abs.twimg.com/images/themes/theme1/bg.png","verified":false,"profile_location":null,"profile_image_url_https":"https://pbs.twimg.com/profile_images/486945115127029760/_7OOd0wY_normal.jpeg","profile_sidebar_fill_color":"DDEEF6","entities":{"description":{"urls":[]}},"followers_count":77,"profile_sidebar_border_color":"C0DEED","id_str":"2614001430","profile_background_color":"C0DEED","listed_count":5,"is_translation_enabled":false,"utc_offset":null,"statuses_count":8225,"description":"","friends_count":31,"location":"","profile_link_color":"0084B4","profile_image_url":"http://pbs.twimg.com/profile_images/486945115127029760/_7OOd0wY_normal.jpeg","following":false,"geo_enabled":false,"profile_background_image_url":"http://abs.twimg.com/images/themes/theme1/bg.png","name":"richard wilmot phd","lang":"en","profile_background_tile":false,"favourites_count":1862,"screen_name":"PhdWilmot","notifications":false,"url":null,"created_at":"Wed Jul 09 18:39:39 +0000 2014","contributors_enabled":false,"time_zone":null,"protected":false,"default_profile":true,"is_translator":false},"geo":null,"in_reply_to_user_id_str":"64643056","lang":"en","created_at":"Mon Dec 15 03:00:38 +0000 2014","in_reply_to_status_id_str":"544316576645017600","place":null},
{"contributors":null,"truncated":false,"text":"@RT_com @MutahiNgunyi @OleItumbi @UKenyatta  why does the United States always run away when is friends are attacked? Sidney hotel siege.","in_reply_to_status_id":544316576645017600,"id":544333784829939712,"favorite_count":1,"source":"<a href=\"http://twitter.com/download/android\" rel=\"nofollow\">Twitter for Android</a>","retweeted":false,"coordinates":null,"entities":{"symbols":[],"user_mentions":[{"id":64643056,"indices":[0,7],"id_str":"64643056","screen_name":"RT_com","name":"RT"},{"id":320316357,"indices":[8,21],"id_str":"320316357","screen_name":"MutahiNgunyi","name":"Mutahi Ngunyi"},{"id":68382599,"indices":[22,32],"id_str":"68382599","screen_name":"OleItumbi","name":"Dennis Itumbi"},{"id":183165874,"indices":[33,43],"id_str":"183165874","screen_name":"UKenyatta","name":"Uhuru Kenyatta"}],"hashtags":[],"urls":[]},"in_reply_to_screen_name":"RT_com","id_str":"544333784829939712","retweet_count":0,"in_reply_to_user_id":64643056,"favorited":false,"user":{"follow_request_sent":false,"profile_use_background_image":true,"profile_text_color":"333333","default_profile_image":false,"id":2541008220,"profile_background_image_url_https":"https://abs.twimg.com/images/themes/theme1/bg.png","verified":false,"profile_location":null,"profile_image_url_https":"https://pbs.twimg.com/profile_images/584413115024023552/rqu_zV0P_normal.jpg","profile_sidebar_fill_color":"DDEEF6","entities":{"description":{"urls":[]}},"followers_count":45,"profile_sidebar_border_color":"C0DEED","id_str":"2541008220","profile_background_color":"C0DEED","listed_count":0,"is_translation_enabled":false,"utc_offset":10800,"statuses_count":287,"description":"Certified Fraud Examiner","friends_count":208,"location":"Nairobi","profile_link_color":"0084B4","profile_image_url":"http://pbs.twimg.com/profile_images/584413115024023552/rqu_zV0P_normal.jpg","following":false,"geo_enabled":false,"profile_background_image_url":"http://abs.twimg.com/images/themes/theme1/bg.png","name":"Samuel Waweru","lang":"en","profile_background_tile":false,"favourites_count":18,"screen_name":"snwaweru","notifications":false,"url":null,"created_at":"Mon Jun 02 08:22:13 +0000 2014","contributors_enabled":false,"time_zone":"Nairobi","protected":false,"default_profile":true,"is_translator":false},"geo":null,"in_reply_to_user_id_str":"64643056","lang":"en","created_at":"Mon Dec 15 03:31:02 +0000 2014","in_reply_to_status_id_str":"544316576645017600","place":null},
{"contributors":null,"truncated":false,"text":"@RT_com it's show for occupy Syria by US Army under the pretext of ISIS","in_reply_to_status_id":544316576645017600,"id":544373112851427328,"favorite_count":0,"source":"<a href=\"http://twitter.com\" rel=\"nofollow\">Twitter Web Client</a>","retweeted":false,"coordinates":null,"entities":{"symbols":[],"user_mentions":[{"id":64643056,"indices":[0,7],"id_str":"64643056","screen_name":"RT_com","name":"RT"}],"hashtags":[],"urls":[]},"in_reply_to_screen_name":"RT_com","id_str":"544373112851427328","retweet_count":0,"in_reply_to_user_id":64643056,"favorited":false,"user":{"follow_request_sent":false,"profile_use_background_image":true,"profile_text_color":"3E4415","default_profile_image":false,"id":77583831,"profile_background_image_url_https":"https://abs.twimg.com/images/themes/theme5/bg.gif","verified":false,"profile_location":null,"profile_image_url_https":"https://pbs.twimg.com/profile_images/513041607558320128/ezXoCegh_normal.png","profile_sidebar_fill_color":"99CC33","entities":{"url":{"urls":[{"url":"http://t.co/iXj5pIXAo2","indices":[0,22],"expanded_url":"http://vk.com/simper","display_url":"vk.com/simper"}]},"description":{"urls":[]}},"followers_count":13,"profile_sidebar_border_color":"829D5E","id_str":"77583831","profile_background_color":"352726","listed_count":0,"is_translation_enabled":false,"utc_offset":21600,"statuses_count":319,"description":"IT Engineer","friends_count":54,"location":"Yekaterinburg","profile_link_color":"D02B55","profile_image_url":"http://pbs.twimg.com/profile_images/513041607558320128/ezXoCegh_normal.png","following":false,"geo_enabled":true,"profile_banner_url":"https://pbs.twimg.com/profile_banners/77583831/1410536109","profile_background_image_url":"http://abs.twimg.com/images/themes/theme5/bg.gif","name":"Artem Naumov","lang":"ru","profile_background_tile":false,"favourites_count":9,"screen_name":"Simper_","notifications":false,"url":"http://t.co/iXj5pIXAo2","created_at":"Sat Sep 26 21:49:57 +0000 2009","contributors_enabled":false,"time_zone":"Ekaterinburg","protected":false,"default_profile":false,"is_translator":false},"geo":null,"in_reply_to_user_id_str":"64643056","lang":"en","created_at":"Mon Dec 15 06:07:18 +0000 2014","in_reply_to_status_id_str":"544316576645017600","place":null}
]