[{"contributors":null,"truncated":false,"text":"@TwitchyTeam How Useful is Facebook, Really? https://t.co/yNxwajHSUM #FUTUREOFGOD #ENERGYOFATTRACTION","in_reply_to_status_id":544307547390607361,"id":544307643561836544,"favorite_count":1,"source":"<a href=\"http://twitter.com\" rel=\"nofollow\">Twitter Web Client</a>","retweeted":false,"coordinates":null,"entities":{"symbols":[],"user_mentions":[{"id":469194846,"indices":[0,12],"id_str":"469194846","screen_name":"TwitchyTeam","name":"TwitchyTeam"}],"hashtags":[{"indices":[69,81],"text":"FUTUREOFGOD"},{"indices":[82,101],"text":"ENERGYOFATTRACTION"}],"urls":[{"url":"https://t.co/yNxwajHSUM","indices":[45,68],"expanded_url":"https://www.linkedin.com/pulse/how-useful-facebook-really-find-john","display_url":"linkedin.com/pulse/how-usef…"}]},"in_reply_to_screen_name":"TwitchyTeam","id_str":"544307643561836544","retweet_count":0,"in_reply_to_user_id":469194846,"favorited":false,"user":{"follow_request_sent":false,"profile_use_background_image":true,"profile_text_color":"333333","default_profile_image":false,"id":1739650556,"profile_background_image_url_https":"https://pbs.twimg.com/profile_background_images/378800000122668665/7f0c97a31db5cc155d77bd7a1b0e81d3.jpeg","verified":false,"profile_location":null,"profile_image_url_https":"https://pbs.twimg.com/profile_images/583854566275325954/bYEIrNQB_normal.jpg","profile_sidebar_fill_color":"DDEEF6","entities":{"url":{"urls":[{"url":"http://t.co/7fCOaD3RJK","indices":[0,22],"expanded_url":"http://twitter.com","display_url":"twitter.com"}]},"description":{"urls":[]}},"followers_count":915,"profile_sidebar_border_color":"000000","id_str":"1739650556","profile_background_color":"FFFFFF","listed_count":7,"is_translation_enabled":false,"utc_offset":null,"statuses_count":3491,"description":"Computer Simulation Reverse Engineer  #METAPHYSICS #BIGDATA #QUANTUM #PHYSICS #Mechanics - #36CHAMBERS of #MATH over #PHYSICS #INFINITE #MONKEY #TYPEWRITERS","friends_count":1999,"location":"a-z #omniverse #MACROVERSE 0-9","profile_link_color":"009999","profile_image_url":"http://pbs.twimg.com/profile_images/583854566275325954/bYEIrNQB_normal.jpg","following":false,"geo_enabled":true,"profile_banner_url":"https://pbs.twimg.com/profile_banners/1739650556/1408579650","profile_background_image_url":"http://pbs.twimg.com/profile_background_images/378800000122668665/7f0c97a31db5cc155d77bd7a1b0e81d3.jpeg","name":"BIG DATA [TIMESTAMP]","lang":"en","profile_background_tile":true,"favourites_count":40696,"screen_name":"MatrixCombo","notifications":false,"url":"http://t.co/7fCOaD3RJK","created_at":"Sat Sep 07 02:33:15 +0000 2013","contributors_enabled":false,"time_zone":null,"protected":false,"default_profile":false,"is_translator":false},"geo":null,"in_reply_to_user_id_str":"469194846","possibly_sensitive":false,"lang":"en","created_at":"Mon Dec 15 01:47:09 +0000 2014","in_reply_to_status_id_str":"544307547390607361","place":{"full_name":"Riverside, CA","url":"https://api.twitter.com/1.1/geo/id/6ba08e404aed471f.json","country":"United States","place_type":"city","bounding_box":{"type":"Polygon","coordinates":[[[-117.523867,33.85216],[-84.097028,33.85216],[-84.097028,39.79369],[-117.523867,39.79369]]]},"contained_within":[],"country_code":"US","attributes":{},"id":"6ba08e404aed471f","name":"Riverside"}},
{"contributors":null,"truncated":false,"text":"@TwitchyTeam Your Tweet Takes Center Stage On http://t.co/vY4TLmkibd","in_reply_to_status_id":544307547390607361,"id":544307868871454720,"favorite_count":0,"source":"<a href=\"http://www.rebelmouse.com\" rel=\"nofollow\">RebelMouse Application</a>","retweeted":false,"coordinates":null,"entities":{"symbols":[],"user_mentions":[{"id":469194846,"indices":[0,12],"id_str":"469194846","screen_name":"TwitchyTeam","name":"TwitchyTeam"}],"hashtags":[],"urls":[{"url":"http://t.co/vY4TLmkibd","indices":[46,68],"expanded_url":"http://rbl.ms/1nLXYjI","display_url":"rbl.ms/1nLXYjI"}]},"in_reply_to_screen_name":"TwitchyTeam","id_str":"544307868871454720","retweet_count":0,"in_reply_to_user_id":469194846,"favorited":false,"user":{"follow_request_sent":false,"profile_use_background_image":true,"profile_text_color":"2009EB","default_profile_image":false,"id":69768385,"profile_background_image_url_https":"https://pbs.twimg.com/profile_background_images/458456540907704321/nmQYGQt2.jpeg","verified":false,"profile_location":null,"profile_image_url_https":"https://pbs.twimg.com/profile_images/566452260347998209/8kNl_KMI_normal.jpeg","profile_sidebar_fill_color":"E32820","entities":{"url":{"urls":[{"url":"http://t.co/HZYLM0mJq9","indices":[0,22],"expanded_url":"http://www.wewillnotbesilenced2008.com","display_url":"wewillnotbesilenced2008.com"}]},"description":{"urls":[]}},"followers_count":20522,"profile_sidebar_border_color":"000000","id_str":"69768385","profile_background_color":"FFFFFF","listed_count":393,"is_translation_enabled":false,"utc_offset":-28800,"statuses_count":123529,"description":"Filmmaker/Literary Manager in Los Angeles.  An unapologetic, America loving Hollywood Conservative...there are actually lots of us!   #TGDN #TCOT #ΜΟΛΩΝΛΑΒΕ","friends_count":20490,"location":"Los Angeles, CA","profile_link_color":"E60E59","profile_image_url":"http://pbs.twimg.com/profile_images/566452260347998209/8kNl_KMI_normal.jpeg","following":false,"geo_enabled":true,"profile_banner_url":"https://pbs.twimg.com/profile_banners/69768385/1398266834","profile_background_image_url":"http://pbs.twimg.com/profile_background_images/458456540907704321/nmQYGQt2.jpeg","name":"Hollywood Resistance","lang":"en","profile_background_tile":true,"favourites_count":116,"screen_name":"BettinaVLA","notifications":false,"url":"http://t.co/HZYLM0mJq9","created_at":"Sat Aug 29 02:50:26 +0000 2009","contributors_enabled":false,"time_zone":"Pacific Time (US & Canada)","protected":false,"default_profile":false,"is_translator":false},"geo":null,"in_reply_to_user_id_str":"469194846","possibly_sensitive":false,"lang":"en","created_at":"Mon Dec 15 01:48:03 +0000 2014","in_reply_to_status_id_str":"544307547390607361","place":null},
{"contributors":null,"truncated":false,"text":"@TwitchyTeam This is a cautionary tale! We get them from Europe and England! You will NOT take our guns, and QUIT spending $$ we don't have!","in_reply_to_status_id":544307547390607361,"id":544308137210048512,"favorite_count":0,"source":"<a href=\"http://twitter.com/download/iphone\" rel=\"nofollow\">Twitter for iPhone</a>","retweeted":false,"coordinates":null,"entities":{"symbols":[],"user_mentions":[{"id":469194846,"indices":[0,12],"id_str":"469194846","screen_name":"TwitchyTeam","name":"TwitchyTeam"}],"hashtags":[],"urls":[]},"in_reply_to_screen_name":"TwitchyTeam","id_str":"544308137210048512","retweet_count":0,"in_reply_to_user_id":469194846,"favorited":false,"user":{"follow_request_sent":false,"profile_use_background_image":true,"profile_text_color":"333333","default_profile_image":false,"id":812215344,"profile_background_image_url_https":"https://abs.twimg.com/images/themes/theme1/bg.png","verified":false,"profile_location":null,"profile_image_url_https":"https://pbs.twimg.com/profile_images/589605022767259649/sexFJR_Q_normal.jpg","profile_sidebar_fill_color":"DDEEF6","entities":{"description":{"urls":[]}},"followers_count":337,"profile_sidebar_border_color":"C0DEED","id_str":"812215344","profile_background_color":"C0DEED","listed_count":5,"is_translation_enabled":false,"utc_offset":null,"statuses_count":7540,"description":"I have a small farm and a small attitude about government intervention.  If you give a mouse a cookie...","friends_count":95,"location":"Ooooooklahoma","profile_link_color":"0084B4","profile_image_url":"http://pbs.twimg.com/profile_images/589605022767259649/sexFJR_Q_normal.jpg","following":false,"geo_enabled":false,"profile_banner_url":"https://pbs.twimg.com/profile_banners/812215344/1416193247","profile_background_image_url":"http://abs.twimg.com/images/themes/theme1/bg.png","name":"April Moon","lang":"en","profile_background_tile":false,"favourites_count":1282,"screen_name":"OkieHen","notifications":false,"url":null,"created_at":"Sun Sep 09 03:14:27 +0000 2012","contributors_enabled":false,"time_zone":null,"protected":false,"default_profile":true,"is_translator":false},"geo":null,"in_reply_to_user_id_str":"469194846","lang":"en","created_at":"Mon Dec 15 01:49:07 +0000 2014","in_reply_to_status_id_str":"544307547390607361","place":null},
{"contributors":null,"truncated":false,"text":"@TwitchyTeam thanks for staying on top of this.","in_reply_to_status_id":544307547390607361,"id":544308311471169537,"favorite_count":1,"source":"<a href=\"http://twitter.com/download/android\" rel=\"nofollow\">Twitter for Android</a>","retweeted":false,"coordinates":null,"entities":{"symbols":[],"user_mentions":[{"id":469194846,"indices":[0,12],"id_str":"469194846","screen_name":"TwitchyTeam","name":"TwitchyTeam"}],"hashtags":[],"urls":[]},"in_reply_to_screen_name":"TwitchyTeam","id_str":"544308311471169537","retweet_count":1,"in_reply_to_user_id":469194846,"favorited":false,"user":{"follow_request_sent":false,"profile_use_background_image":true,"profile_text_color":"333333","default_profile_image":false,"id":2871580701,"profile_background_image_url_https":"https://abs.twimg.com/images/themes/theme1/bg.png","verified":false,"profile_location":null,"profile_image_url_https":"https://pbs.twimg.com/profile_images/576973191844761600/F7ht7FWK_normal.jpeg","profile_sidebar_fill_color":"DDEEF6","entities":{"description":{"urls":[]}},"followers_count":51,"profile_sidebar_border_color":"C0DEED","id_str":"2871580701","profile_background_color":"C0DEED","listed_count":2,"is_translation_enabled":false,"utc_offset":null,"statuses_count":183,"description":"Husband, father, soon to be grandfather #patriot #2A #MolonLabe","friends_count":101,"location":"719 in Colorful CO","profile_link_color":"0084B4","profile_image_url":"http://pbs.twimg.com/profile_images/576973191844761600/F7ht7FWK_normal.jpeg","following":false,"geo_enabled":false,"profile_banner_url":"https://pbs.twimg.com/profile_banners/2871580701/1418043582","profile_background_image_url":"http://abs.twimg.com/images/themes/theme1/bg.png","name":"Bennet Erbaugh","lang":"en","profile_background_tile":false,"favourites_count":173,"screen_name":"BErbaugh","notifications":false,"url":null,"created_at":"Tue Nov 11 01:34:59 +0000 2014","contributors_enabled":false,"time_zone":null,"protected":false,"default_profile":true,"is_translator":false},"geo":null,"in_reply_to_user_id_str":"469194846","lang":"en","created_at":"Mon Dec 15 01:49:48 +0000 2014","in_reply_to_status_id_str":"544307547390607361","place":null},
{"contributors":null,"truncated":false,"text":"@TwitchyTeam @instapundit For empathy outreach?","in_reply_to_status_id":544307547390607361,"id":544308494321872897,"favorite_count":0,"source":"<a href=\"http://tapbots.com/tweetbot\" rel=\"nofollow\">Tweetbot for iΟS</a>","retweeted":false,"coordinates":null,"entities":{"symbols":[],"user_mentions":[{"id":469194846,"indices":[0,12],"id_str":"469194846","screen_name":"TwitchyTeam","name":"TwitchyTeam"},{"id":727472528,"indices":[13,25],"id_str":"727472528","screen_name":"instapundit","name":"Instapundit.com"}],"hashtags":[],"urls":[]},"in_reply_to_screen_name":"TwitchyTeam","id_str":"544308494321872897","retweet_count":0,"in_reply_to_user_id":469194846,"favorited":false,"user":{"follow_request_sent":false,"profile_use_background_image":true,"profile_text_color":"333333","default_profile_image":false,"id":39770909,"profile_background_image_url_https":"https://abs.twimg.com/images/themes/theme15/bg.png","verified":false,"profile_location":null,"profile_image_url_https":"https://pbs.twimg.com/profile_images/513485276673753088/5FICmLzb_normal.jpeg","profile_sidebar_fill_color":"C0DFEC","entities":{"description":{"urls":[]}},"followers_count":195,"profile_sidebar_border_color":"A8C7F7","id_str":"39770909","profile_background_color":"022330","listed_count":2,"is_translation_enabled":false,"utc_offset":-18000,"statuses_count":13710,"description":"27 million. 161 Countries. End it.","friends_count":557,"location":"Indianapolis, IN","profile_link_color":"0084B4","profile_image_url":"http://pbs.twimg.com/profile_images/513485276673753088/5FICmLzb_normal.jpeg","following":false,"geo_enabled":true,"profile_banner_url":"https://pbs.twimg.com/profile_banners/39770909/1362096308","profile_background_image_url":"http://abs.twimg.com/images/themes/theme15/bg.png","name":"Jeremy Cays","lang":"en","profile_background_tile":false,"favourites_count":88,"screen_name":"jwcays","notifications":false,"url":null,"created_at":"Wed May 13 15:22:46 +0000 2009","contributors_enabled":false,"time_zone":"Quito","protected":false,"default_profile":false,"is_translator":false},"geo":null,"in_reply_to_user_id_str":"469194846","lang":"en","created_at":"Mon Dec 15 01:50:32 +0000 2014","in_reply_to_status_id_str":"544307547390607361","place":null},
{"contributors":null,"truncated":false,"text":"“@TwitchyTeam: #SydneySiege Update: U.S. consulate in Sydney has been evacuated http://t.co/jK54xPWhqY”  #praying4sydney","in_reply_to_status_id":544307547390607361,"id":544308600017915904,"favorite_count":0,"source":"<a href=\"http://twitter.com/download/iphone\" rel=\"nofollow\">Twitter for iPhone</a>","retweeted":false,"coordinates":null,"entities":{"symbols":[],"user_mentions":[{"id":469194846,"indices":[1,13],"id_str":"469194846","screen_name":"TwitchyTeam","name":"TwitchyTeam"}],"hashtags":[{"indices":[15,27],"text":"SydneySiege"},{"indices":[105,120],"text":"praying4sydney"}],"urls":[{"url":"http://t.co/jK54xPWhqY","indices":[80,102],"expanded_url":"http://twitchy.com/2014/12/14/sydneysiege-update-australian-pm-abbott-issues-statement-first-pic-of-hostage-taker/","display_url":"twitchy.com/2014/12/14/syd…"}]},"in_reply_to_screen_name":"TwitchyTeam","id_str":"544308600017915904","retweet_count":0,"in_reply_to_user_id":469194846,"favorited":false,"user":{"follow_request_sent":false,"profile_use_background_image":true,"profile_text_color":"333333","default_profile_image":false,"id":110603598,"profile_background_image_url_https":"https://pbs.twimg.com/profile_background_images/283298418/giddyupweb.jpg","verified":false,"profile_location":null,"profile_image_url_https":"https://pbs.twimg.com/profile_images/544984843285962753/GqmLFQJl_normal.jpeg","profile_sidebar_fill_color":"DDEEF6","entities":{"description":{"urls":[]}},"followers_count":279,"profile_sidebar_border_color":"C0DEED","id_str":"110603598","profile_background_color":"C0DEED","listed_count":2,"is_translation_enabled":false,"utc_offset":-18000,"statuses_count":2857,"description":"God, His Church, Recovery, Conservatism, Pi Phi, Humor, Lilly, University of Louisville and the Derby...\r\nLife is good.","friends_count":309,"location":"","profile_link_color":"0084B4","profile_image_url":"http://pbs.twimg.com/profile_images/544984843285962753/GqmLFQJl_normal.jpeg","following":false,"geo_enabled":true,"profile_banner_url":"https://pbs.twimg.com/profile_banners/110603598/1374025256","profile_background_image_url":"http://pbs.twimg.com/profile_background_images/283298418/giddyupweb.jpg","name":"Elisabeth ","lang":"en","profile_background_tile":true,"favourites_count":1169,"screen_name":"kyapiphi","notifications":false,"url":null,"created_at":"Tue Feb 02 03:49:30 +0000 2010","contributors_enabled":false,"time_zone":"Indiana (East)","protected":false,"default_profile":false,"is_translator":false},"geo":null,"in_reply_to_user_id_str":"469194846","possibly_sensitive":false,"lang":"en","created_at":"Mon Dec 15 01:50:57 +0000 2014","in_reply_to_status_id_str":"544307547390607361","place":null},
{"contributors":null,"truncated":false,"text":"@TwitchyTeam Just wait til Barry learns his consulate people think Islam is something to be feared. He'll be mad as hell when he learns that","in_reply_to_status_id":544307547390607361,"id":544308681794674688,"favorite_count":0,"source":"<a href=\"http://twitter.com\" rel=\"nofollow\">Twitter Web Client</a>","retweeted":false,"coordinates":null,"entities":{"symbols":[],"user_mentions":[{"id":469194846,"indices":[0,12],"id_str":"469194846","screen_name":"TwitchyTeam","name":"TwitchyTeam"}],"hashtags":[],"urls":[]},"in_reply_to_screen_name":"TwitchyTeam","id_str":"544308681794674688","retweet_count":0,"in_reply_to_user_id":469194846,"favorited":false,"user":{"follow_request_sent":false,"profile_use_background_image":true,"profile_text_color":"333333","default_profile_image":false,"id":317308866,"profile_background_image_url_https":"https://pbs.twimg.com/profile_background_images/523355878762618882/pIKSjsyk.jpeg","verified":false,"profile_location":null,"profile_image_url_https":"https://pbs.twimg.com/profile_images/1403887094/96px-Iceweasel-icon_svg_normal.png","profile_sidebar_fill_color":"EFEFEF","entities":{"description":{"urls":[]}},"followers_count":307,"profile_sidebar_border_color":"000000","id_str":"317308866","profile_background_color":"52060E","listed_count":3,"is_translation_enabled":false,"utc_offset":-21600,"statuses_count":4470,"description":"Obama's Hoax & Chains | The High Priest of Twitter","friends_count":442,"location":"","profile_link_color":"0084B4","profile_image_url":"http://pbs.twimg.com/profile_images/1403887094/96px-Iceweasel-icon_svg_normal.png","following":false,"geo_enabled":false,"profile_banner_url":"https://pbs.twimg.com/profile_banners/317308866/1407216257","profile_background_image_url":"http://pbs.twimg.com/profile_background_images/523355878762618882/pIKSjsyk.jpeg","name":"SurfaceUnits","lang":"en","profile_background_tile":true,"favourites_count":16,"screen_name":"SurfaceUnits","notifications":false,"url":null,"created_at":"Tue Jun 14 18:59:16 +0000 2011","contributors_enabled":false,"time_zone":"Central Time (US & Canada)","protected":false,"default_profile":false,"is_translator":false},"geo":null,"in_reply_to_user_id_str":"469194846","lang":"en","created_at":"Mon Dec 15 01:51:17 +0000 2014","in_reply_to_status_id_str":"544307547390607361","place":null},
{"contributors":null,"truncated":false,"text":"@TwitchyTeam Could this be the 1st attack caused by the #Obama #Feinstein #TortureReport ?","in_reply_to_status_id":544307547390607361,"id":544311984326725634,"favorite_count":0,"source":"<a href=\"http://twitter.com\" rel=\"nofollow\">Twitter Web Client</a>","retweeted":false,"coordinates":null,"entities":{"symbols":[],"user_mentions":[{"id":469194846,"indices":[0,12],"id_str":"469194846","screen_name":"TwitchyTeam","name":"TwitchyTeam"}],"hashtags":[{"indices":[56,62],"text":"Obama"},{"indices":[63,73],"text":"Feinstein"},{"indices":[74,88],"text":"TortureReport"}],"urls":[]},"in_reply_to_screen_name":"TwitchyTeam","id_str":"544311984326725634","retweet_count":0,"in_reply_to_user_id":469194846,"favorited":false,"user":{"follow_request_sent":false,"profile_use_background_image":false,"profile_text_color":"000000","default_profile_image":false,"id":398073907,"profile_background_image_url_https":"https://abs.twimg.com/images/themes/theme10/bg.gif","verified":false,"profile_location":null,"profile_image_url_https":"https://pbs.twimg.com/profile_images/552899875805732864/aDH8Dme__normal.jpeg","profile_sidebar_fill_color":"000000","entities":{"description":{"urls":[]}},"followers_count":1755,"profile_sidebar_border_color":"000000","id_str":"398073907","profile_background_color":"000000","listed_count":30,"is_translation_enabled":false,"utc_offset":null,"statuses_count":14635,"description":"Frederick Douglass Republican. Save and restore our Constitutional Republic from the Commies. #IStandWithIsrael  #2A  #TeaParty Honor our VETS and Troops. #tcot","friends_count":1915,"location":"SARAH PALIN 2016 ","profile_link_color":"9266CC","profile_image_url":"http://pbs.twimg.com/profile_images/552899875805732864/aDH8Dme__normal.jpeg","following":false,"geo_enabled":false,"profile_banner_url":"https://pbs.twimg.com/profile_banners/398073907/1398715748","profile_background_image_url":"http://abs.twimg.com/images/themes/theme10/bg.gif","name":"JudgeMbro","lang":"en","profile_background_tile":false,"favourites_count":11709,"screen_name":"JudgeMbro","notifications":false,"url":null,"created_at":"Tue Oct 25 14:58:07 +0000 2011","contributors_enabled":false,"time_zone":null,"protected":false,"default_profile":false,"is_translator":false},"geo":null,"in_reply_to_user_id_str":"469194846","lang":"en","created_at":"Mon Dec 15 02:04:24 +0000 2014","in_reply_to_status_id_str":"544307547390607361","place":null},
{"contributors":null,"truncated":false,"text":"@TwitchyTeam @michellemalkin Send in @SenFeinstein..she can beg them to surrender","in_reply_to_status_id":544307547390607361,"id":544314947866750976,"favorite_count":0,"source":"<a href=\"http://twitter.com/download/android\" rel=\"nofollow\">Twitter for Android</a>","retweeted":false,"coordinates":null,"entities":{"symbols":[],"user_mentions":[{"id":469194846,"indices":[0,12],"id_str":"469194846","screen_name":"TwitchyTeam","name":"TwitchyTeam"},{"id":15976697,"indices":[13,28],"id_str":"15976697","screen_name":"michellemalkin","name":"Michelle Malkin"},{"id":476256944,"indices":[37,50],"id_str":"476256944","screen_name":"SenFeinstein","name":"Sen Dianne Feinstein"}],"hashtags":[],"urls":[]},"in_reply_to_screen_name":"TwitchyTeam","id_str":"544314947866750976","retweet_count":0,"in_reply_to_user_id":469194846,"favorited":false,"user":{"follow_request_sent":false,"profile_use_background_image":true,"profile_text_color":"333333","default_profile_image":false,"id":2892277057,"profile_background_image_url_https":"https://abs.twimg.com/images/themes/theme1/bg.png","verified":false,"profile_location":null,"profile_image_url_https":"https://pbs.twimg.com/profile_images/554013062613975041/iKlmPVWy_normal.jpeg","profile_sidebar_fill_color":"DDEEF6","entities":{"description":{"urls":[]}},"followers_count":32,"profile_sidebar_border_color":"C0DEED","id_str":"2892277057","profile_background_color":"C0DEED","listed_count":1,"is_translation_enabled":false,"utc_offset":null,"statuses_count":1601,"description":"","friends_count":197,"location":"","profile_link_color":"0084B4","profile_image_url":"http://pbs.twimg.com/profile_images/554013062613975041/iKlmPVWy_normal.jpeg","following":false,"geo_enabled":true,"profile_background_image_url":"http://abs.twimg.com/images/themes/theme1/bg.png","name":"BRH1964","lang":"en","profile_background_tile":false,"favourites_count":78,"screen_name":"brh1964","notifications":false,"url":null,"created_at":"Thu Nov 06 14:06:29 +0000 2014","contributors_enabled":false,"time_zone":null,"protected":false,"default_profile":true,"is_translator":false},"geo":null,"in_reply_to_user_id_str":"469194846","lang":"en","created_at":"Mon Dec 15 02:16:11 +0000 2014","in_reply_to_status_id_str":"544307547390607361","place":null},
{"contributors":null,"truncated":false,"text":"@TwitchyTeam @michellemalkin LIVE STREAM from Sydney - http://t.co/vPLvjtxJji #sydneysiege #SydneyHostageCrisis","in_reply_to_status_id":544307547390607361,"id":544316036854476800,"favorite_count":0,"source":"<a href=\"http://twitter.com/download/iphone\" rel=\"nofollow\">Twitter for iPhone</a>","retweeted":false,"coordinates":null,"entities":{"symbols":[],"user_mentions":[{"id":469194846,"indices":[0,12],"id_str":"469194846","screen_name":"TwitchyTeam","name":"TwitchyTeam"},{"id":15976697,"indices":[13,28],"id_str":"15976697","screen_name":"michellemalkin","name":"Michelle Malkin"}],"hashtags":[{"indices":[78,90],"text":"sydneysiege"},{"indices":[91,111],"text":"SydneyHostageCrisis"}],"urls":[{"url":"http://t.co/vPLvjtxJji","indices":[55,77],"expanded_url":"http://youtu.be/nvzpSvyyZis","display_url":"youtu.be/nvzpSvyyZis"}]},"in_reply_to_screen_name":"TwitchyTeam","id_str":"544316036854476800","retweet_count":0,"in_reply_to_user_id":469194846,"favorited":false,"user":{"follow_request_sent":false,"profile_use_background_image":true,"profile_text_color":"3D1957","default_profile_image":false,"id":18315361,"profile_background_image_url_https":"https://abs.twimg.com/images/themes/theme10/bg.gif","verified":false,"profile_location":null,"profile_image_url_https":"https://pbs.twimg.com/profile_images/2940318224/692a784fe17f6f2eb5ab5aac06147a79_normal.png","profile_sidebar_fill_color":"7AC3EE","entities":{"description":{"urls":[]}},"followers_count":67,"profile_sidebar_border_color":"65B0DA","id_str":"18315361","profile_background_color":"642D8B","listed_count":1,"is_translation_enabled":false,"utc_offset":-28800,"statuses_count":1923,"description":"Wife. Mother. Christmas is a federal holiday; happy holidays is not. AMERICAN EXCEPTIONALISM - embrace it, own it, and defend it-WITHOUT RESERVATION!","friends_count":226,"location":"Riverside, CA - USA","profile_link_color":"FF0000","profile_image_url":"http://pbs.twimg.com/profile_images/2940318224/692a784fe17f6f2eb5ab5aac06147a79_normal.png","following":false,"geo_enabled":false,"profile_banner_url":"https://pbs.twimg.com/profile_banners/18315361/1405924014","profile_background_image_url":"http://abs.twimg.com/images/themes/theme10/bg.gif","name":"fc7822","lang":"en","profile_background_tile":true,"favourites_count":10,"screen_name":"fc7822","notifications":false,"url":null,"created_at":"Mon Dec 22 20:13:49 +0000 2008","contributors_enabled":false,"time_zone":"Pacific Time (US & Canada)","protected":false,"default_profile":false,"is_translator":false},"geo":null,"in_reply_to_user_id_str":"469194846","possibly_sensitive":false,"lang":"en","created_at":"Mon Dec 15 02:20:30 +0000 2014","in_reply_to_status_id_str":"544307547390607361","place":null},
{"contributors":null,"truncated":false,"text":"@TwitchyTeam Anything new on the hostages, as well as hostage taker?","in_reply_to_status_id":544307547390607361,"id":544319672192368640,"favorite_count":0,"source":"<a href=\"http://twitter.com/download/android\" rel=\"nofollow\">Twitter for Android</a>","retweeted":false,"coordinates":null,"entities":{"symbols":[],"user_mentions":[{"id":469194846,"indices":[0,12],"id_str":"469194846","screen_name":"TwitchyTeam","name":"TwitchyTeam"}],"hashtags":[],"urls":[]},"in_reply_to_screen_name":"TwitchyTeam","id_str":"544319672192368640","retweet_count":0,"in_reply_to_user_id":469194846,"favorited":false,"user":{"follow_request_sent":false,"profile_use_background_image":true,"profile_text_color":"333333","default_profile_image":false,"id":520815869,"profile_background_image_url_https":"https://abs.twimg.com/images/themes/theme1/bg.png","verified":false,"profile_location":null,"profile_image_url_https":"https://pbs.twimg.com/profile_images/538400283123257344/X2BA7uSC_normal.jpeg","profile_sidebar_fill_color":"DDEEF6","entities":{"description":{"urls":[]}},"followers_count":141,"profile_sidebar_border_color":"C0DEED","id_str":"520815869","profile_background_color":"C0DEED","listed_count":6,"is_translation_enabled":false,"utc_offset":-25200,"statuses_count":1380,"description":"Retired U.S. Navy Senior Chief. Master Karate Instructor, Chapman graduate w/ communication major.","friends_count":221,"location":"Colorado Springs CO","profile_link_color":"0084B4","profile_image_url":"http://pbs.twimg.com/profile_images/538400283123257344/X2BA7uSC_normal.jpeg","following":false,"geo_enabled":true,"profile_banner_url":"https://pbs.twimg.com/profile_banners/520815869/1412039618","profile_background_image_url":"http://abs.twimg.com/images/themes/theme1/bg.png","name":"Ted Kozikowski","lang":"en","profile_background_tile":false,"favourites_count":312,"screen_name":"TedKozikowski","notifications":false,"url":null,"created_at":"Sat Mar 10 23:12:19 +0000 2012","contributors_enabled":false,"time_zone":"Mountain Time (US & Canada)","protected":false,"default_profile":true,"is_translator":false},"geo":null,"in_reply_to_user_id_str":"469194846","lang":"en","created_at":"Mon Dec 15 02:34:57 +0000 2014","in_reply_to_status_id_str":"544307547390607361","place":null},
{"contributors":null,"truncated":false,"text":"@TwitchyTeam Thank you fot the up date.","in_reply_to_status_id":544307547390607361,"id":544321095428751361,"favorite_count":0,"source":"<a href=\"http://twitter.com/download/android\" rel=\"nofollow\">Twitter for Android</a>","retweeted":false,"coordinates":null,"entities":{"symbols":[],"user_mentions":[{"id":469194846,"indices":[0,12],"id_str":"469194846","screen_name":"TwitchyTeam","name":"TwitchyTeam"}],"hashtags":[],"urls":[]},"in_reply_to_screen_name":"TwitchyTeam","id_str":"544321095428751361","retweet_count":0,"in_reply_to_user_id":469194846,"favorited":false,"user":{"follow_request_sent":false,"profile_use_background_image":true,"profile_text_color":"333333","default_profile_image":false,"id":520815869,"profile_background_image_url_https":"https://abs.twimg.com/images/themes/theme1/bg.png","verified":false,"profile_location":null,"profile_image_url_https":"https://pbs.twimg.com/profile_images/538400283123257344/X2BA7uSC_normal.jpeg","profile_sidebar_fill_color":"DDEEF6","entities":{"description":{"urls":[]}},"followers_count":141,"profile_sidebar_border_color":"C0DEED","id_str":"520815869","profile_background_color":"C0DEED","listed_count":6,"is_translation_enabled":false,"utc_offset":-25200,"statuses_count":1380,"description":"Retired U.S. Navy Senior Chief. Master Karate Instructor, Chapman graduate w/ communication major.","friends_count":221,"location":"Colorado Springs CO","profile_link_color":"0084B4","profile_image_url":"http://pbs.twimg.com/profile_images/538400283123257344/X2BA7uSC_normal.jpeg","following":false,"geo_enabled":true,"profile_banner_url":"https://pbs.twimg.com/profile_banners/520815869/1412039618","profile_background_image_url":"http://abs.twimg.com/images/themes/theme1/bg.png","name":"Ted Kozikowski","lang":"en","profile_background_tile":false,"favourites_count":312,"screen_name":"TedKozikowski","notifications":false,"url":null,"created_at":"Sat Mar 10 23:12:19 +0000 2012","contributors_enabled":false,"time_zone":"Mountain Time (US & Canada)","protected":false,"default_profile":true,"is_translator":false},"geo":null,"in_reply_to_user_id_str":"469194846","lang":"en","created_at":"Mon Dec 15 02:40:36 +0000 2014","in_reply_to_status_id_str":"544307547390607361","place":null},
{"contributors":null,"truncated":false,"text":"@TwitchyTeam @michellemalkin #ReligionOfPeace","in_reply_to_status_id":544307547390607361,"id":544323129414549504,"favorite_count":0,"source":"<a href=\"http://twitter.com/#!/download/ipad\" rel=\"nofollow\">Twitter for iPad</a>","retweeted":false,"coordinates":null,"entities":{"symbols":[],"user_mentions":[{"id":469194846,"indices":[0,12],"id_str":"469194846","screen_name":"TwitchyTeam","name":"TwitchyTeam"},{"id":15976697,"indices":[13,28],"id_str":"15976697","screen_name":"michellemalkin","name":"Michelle Malkin"}],"hashtags":[{"indices":[29,45],"text":"ReligionOfPeace"}],"urls":[]},"in_reply_to_screen_name":"TwitchyTeam","id_str":"544323129414549504","retweet_count":0,"in_reply_to_user_id":469194846,"favorited":false,"user":{"follow_request_sent":false,"profile_use_background_image":true,"profile_text_color":"333333","default_profile_image":false,"id":452382101,"profile_background_image_url_https":"https://abs.twimg.com/images/themes/theme14/bg.gif","verified":false,"profile_location":null,"profile_image_url_https":"https://pbs.twimg.com/profile_images/456396611669598208/IATfmwHt_normal.jpeg","profile_sidebar_fill_color":"EFEFEF","entities":{"description":{"urls":[]}},"followers_count":14,"profile_sidebar_border_color":"EEEEEE","id_str":"452382101","profile_background_color":"131516","listed_count":0,"is_translation_enabled":false,"utc_offset":-21600,"statuses_count":671,"description":"Father, husband, son, friend, etc. I love the Browns, Bucks, and Lakers. I am a Group Benefits Consultant in Cincinnati. That's my life in a nutshell.","friends_count":119,"location":"Cincinnati, OH","profile_link_color":"009999","profile_image_url":"http://pbs.twimg.com/profile_images/456396611669598208/IATfmwHt_normal.jpeg","following":false,"geo_enabled":false,"profile_banner_url":"https://pbs.twimg.com/profile_banners/452382101/1397648405","profile_background_image_url":"http://abs.twimg.com/images/themes/theme14/bg.gif","name":"Brad Heter","lang":"en","profile_background_tile":true,"favourites_count":452,"screen_name":"BHeat33","notifications":false,"url":null,"created_at":"Sun Jan 01 19:40:37 +0000 2012","contributors_enabled":false,"time_zone":"Central Time (US & Canada)","protected":false,"default_profile":false,"is_translator":false},"geo":null,"in_reply_to_user_id_str":"469194846","lang":"und","created_at":"Mon Dec 15 02:48:41 +0000 2014","in_reply_to_status_id_str":"544307547390607361","place":null},
{"contributors":null,"truncated":false,"text":"@TwitchyTeam So now they are saying for Americans to be on high vigilance.Hell.I'm ready and pissed off!!!","in_reply_to_status_id":544307547390607361,"id":544328996188459008,"favorite_count":0,"source":"<a href=\"http://twitter.com\" rel=\"nofollow\">Twitter Web Client</a>","retweeted":false,"coordinates":null,"entities":{"symbols":[],"user_mentions":[{"id":469194846,"indices":[0,12],"id_str":"469194846","screen_name":"TwitchyTeam","name":"TwitchyTeam"}],"hashtags":[],"urls":[]},"in_reply_to_screen_name":"TwitchyTeam","id_str":"544328996188459008","retweet_count":0,"in_reply_to_user_id":469194846,"favorited":false,"user":{"follow_request_sent":false,"profile_use_background_image":true,"profile_text_color":"DED6D3","default_profile_image":false,"id":1942570267,"profile_background_image_url_https":"https://pbs.twimg.com/profile_background_images/509706483034886144/8kCYtgSk.jpeg","verified":false,"profile_location":null,"profile_image_url_https":"https://pbs.twimg.com/profile_images/545213679256367104/FjviRlnt_normal.jpeg","profile_sidebar_fill_color":"F5E0D3","entities":{"url":{"urls":[{"url":"http://t.co/xSjdF5AgP5","indices":[0,22],"expanded_url":"http://www.jonmcnaughton.com/","display_url":"jonmcnaughton.com"}]},"description":{"urls":[]}},"followers_count":2368,"profile_sidebar_border_color":"000000","id_str":"1942570267","profile_background_color":"000000","listed_count":35,"is_translation_enabled":false,"utc_offset":-18000,"statuses_count":11764,"description":"Conservative/Private Duty #Nurse/ Mom/Military/ & Just once, I'd like for someone to call me ma'am without adding you're making a scene!/Oh,I'm anti-islam!!!","friends_count":2187,"location":"No DM's plz","profile_link_color":"FA58F4","profile_image_url":"http://pbs.twimg.com/profile_images/545213679256367104/FjviRlnt_normal.jpeg","following":false,"geo_enabled":false,"profile_banner_url":"https://pbs.twimg.com/profile_banners/1942570267/1418823869","profile_background_image_url":"http://pbs.twimg.com/profile_background_images/509706483034886144/8kCYtgSk.jpeg","name":"☆Toni☆ ツ","lang":"en","profile_background_tile":false,"favourites_count":15853,"screen_name":"Diamondz_14","notifications":false,"url":"http://t.co/xSjdF5AgP5","created_at":"Mon Oct 07 01:14:39 +0000 2013","contributors_enabled":false,"time_zone":"Eastern Time (US & Canada)","protected":false,"default_profile":false,"is_translator":false},"geo":null,"in_reply_to_user_id_str":"469194846","lang":"en","created_at":"Mon Dec 15 03:12:00 +0000 2014","in_reply_to_status_id_str":"544307547390607361","place":null},
{"contributors":null,"truncated":false,"text":"@TwitchyTeam http://t.co/V6rTkH4Ryl","in_reply_to_status_id":544307547390607361,"id":544329180939563008,"favorite_count":0,"source":"<a href=\"http://twitter.com\" rel=\"nofollow\">Twitter Web Client</a>","retweeted":false,"coordinates":null,"entities":{"symbols":[],"user_mentions":[{"id":469194846,"indices":[0,12],"id_str":"469194846","screen_name":"TwitchyTeam","name":"TwitchyTeam"}],"hashtags":[],"urls":[{"url":"http://t.co/V6rTkH4Ryl","indices":[13,35],"expanded_url":"http://www.americasfreedomfighters.com/2014/01/11/breaking-obama-college-records-released-financial-aid-as-a-foreigner/","display_url":"americasfreedomfighters.com/2014/01/11/bre…"}]},"in_reply_to_screen_name":"TwitchyTeam","id_str":"544329180939563008","retweet_count":0,"in_reply_to_user_id":469194846,"favorited":false,"user":{"follow_request_sent":false,"profile_use_background_image":true,"profile_text_color":"333333","default_profile_image":false,"id":586447578,"profile_background_image_url_https":"https://abs.twimg.com/images/themes/theme14/bg.gif","verified":false,"profile_location":null,"profile_image_url_https":"https://pbs.twimg.com/profile_images/504891348197986304/oxFkoBy-_normal.jpeg","profile_sidebar_fill_color":"DDEEF6","entities":{"description":{"urls":[]}},"followers_count":125,"profile_sidebar_border_color":"C0DEED","id_str":"586447578","profile_background_color":"131516","listed_count":1,"is_translation_enabled":false,"utc_offset":-28800,"statuses_count":1376,"description":"Some of media has lost the ability to ask who what where and when. All I know is just what I read n the papers and that's an alibi for my ignorance. Will Rogers","friends_count":598,"location":"TN ","profile_link_color":"4A913C","profile_image_url":"http://pbs.twimg.com/profile_images/504891348197986304/oxFkoBy-_normal.jpeg","following":false,"geo_enabled":false,"profile_banner_url":"https://pbs.twimg.com/profile_banners/586447578/1409122345","profile_background_image_url":"http://abs.twimg.com/images/themes/theme14/bg.gif","name":"Modus Operandi","lang":"en","profile_background_tile":true,"favourites_count":48,"screen_name":"Modus_Operand_","notifications":false,"url":null,"created_at":"Mon May 21 08:26:11 +0000 2012","contributors_enabled":false,"time_zone":"Tijuana","protected":false,"default_profile":false,"is_translator":false},"geo":null,"in_reply_to_user_id_str":"469194846","possibly_sensitive":false,"lang":"und","created_at":"Mon Dec 15 03:12:44 +0000 2014","in_reply_to_status_id_str":"544307547390607361","place":null},
{"contributors":null,"truncated":false,"text":"“@TwitchyTeam: #SydneySiege Update: U.S. consulate in Sydney has been evacuated http://t.co/mEMcNKUERx”","in_reply_to_status_id":544307547390607361,"id":544348951587979264,"favorite_count":0,"source":"<a href=\"http://twitter.com/download/iphone\" rel=\"nofollow\">Twitter for iPhone</a>","retweeted":false,"coordinates":null,"entities":{"symbols":[],"user_mentions":[{"id":469194846,"indices":[1,13],"id_str":"469194846","screen_name":"TwitchyTeam","name":"TwitchyTeam"}],"hashtags":[{"indices":[15,27],"text":"SydneySiege"}],"urls":[{"url":"http://t.co/mEMcNKUERx","indices":[80,102],"expanded_url":"http://twitchy.com/2014/12/14/sydneysiege-update-australian-pm-abbott-issues-statement-first-pic-of-hostage-taker/","display_url":"twitchy.com/2014/12/14/syd…"}]},"in_reply_to_screen_name":"TwitchyTeam","id_str":"544348951587979264","retweet_count":1,"in_reply_to_user_id":469194846,"favorited":false,"user":{"follow_request_sent":false,"profile_use_background_image":true,"profile_text_color":"000000","default_profile_image":false,"id":108450607,"profile_background_image_url_https":"https://pbs.twimg.com/profile_background_images/441555972/ive1.jpg","verified":false,"profile_location":null,"profile_image_url_https":"https://pbs.twimg.com/profile_images/378800000148188324/1f64dc3f372b5390234bbaff6b194fb8_normal.jpeg","profile_sidebar_fill_color":"0FF7FF","entities":{"description":{"urls":[]}},"followers_count":9364,"profile_sidebar_border_color":"FF0000","id_str":"108450607","profile_background_color":"B2DFDA","listed_count":234,"is_translation_enabled":false,"utc_offset":-21600,"statuses_count":83673,"description":"Love my boy, dogs & country. I hope to live an honorable life & someday be remembered as an ardent follower of my Lord, Jesus Christ. Pray for Awakening #Israel","friends_count":8206,"location":"","profile_link_color":"ED82D6","profile_image_url":"http://pbs.twimg.com/profile_images/378800000148188324/1f64dc3f372b5390234bbaff6b194fb8_normal.jpeg","following":false,"geo_enabled":false,"profile_background_image_url":"http://pbs.twimg.com/profile_background_images/441555972/ive1.jpg","name":"Mary Mauldin","lang":"en","profile_background_tile":false,"favourites_count":7422,"screen_name":"marymauldin","notifications":false,"url":null,"created_at":"Tue Jan 26 00:10:43 +0000 2010","contributors_enabled":false,"time_zone":"Central Time (US & Canada)","protected":false,"default_profile":false,"is_translator":false},"geo":null,"in_reply_to_user_id_str":"469194846","possibly_sensitive":false,"lang":"en","created_at":"Mon Dec 15 04:31:18 +0000 2014","in_reply_to_status_id_str":"544307547390607361","place":null}
]