[{"contributors":null,"truncated":false,"text":"@TheAviator1992 Well said.","in_reply_to_status_id":544354840042680320,"id":544355335398379520,"favorite_count":0,"source":"<a href=\"http://twitter.com\" rel=\"nofollow\">Twitter Web Client</a>","retweeted":false,"coordinates":null,"entities":{"symbols":[],"user_mentions":[{"id":78586909,"indices":[0,15],"id_str":"78586909","screen_name":"TheAviator1992","name":"Stephen"}],"hashtags":[],"urls":[]},"in_reply_to_screen_name":"TheAviator1992","id_str":"544355335398379520","retweet_count":0,"in_reply_to_user_id":78586909,"favorited":false,"user":{"follow_request_sent":false,"profile_use_background_image":true,"profile_text_color":"333333","default_profile_image":true,"id":280738498,"profile_background_image_url_https":"https://abs.twimg.com/images/themes/theme1/bg.png","verified":false,"profile_location":null,"profile_image_url_https":"https://abs.twimg.com/sticky/default_profile_images/default_profile_5_normal.png","profile_sidebar_fill_color":"DDEEF6","entities":{"description":{"urls":[]}},"followers_count":4,"profile_sidebar_border_color":"C0DEED","id_str":"280738498","profile_background_color":"C0DEED","listed_count":0,"is_translation_enabled":false,"utc_offset":39600,"statuses_count":9,"description":"","friends_count":12,"location":"Australia","profile_link_color":"0084B4","profile_image_url":"http://abs.twimg.com/sticky/default_profile_images/default_profile_5_normal.png","following":false,"geo_enabled":true,"profile_background_image_url":"http://abs.twimg.com/images/themes/theme1/bg.png","name":"ramesh","lang":"en","profile_background_tile":false,"favourites_count":18,"screen_name":"emrosamarketing","notifications":false,"url":null,"created_at":"Mon Apr 11 23:05:27 +0000 2011","contributors_enabled":false,"time_zone":"Melbourne","protected":false,"default_profile":true,"is_translator":false},"geo":null,"in_reply_to_user_id_str":"78586909","lang":"en","created_at":"Mon Dec 15 04:56:40 +0000 2014","in_reply_to_status_id_str":"544354840042680320","place":null},
{"contributors":null,"truncated":false,"text":"@TheAviator1992 @Jackthelad1947   True, we don't blame them all, but here is one whom we do blame and rightly so.","in_reply_to_status_id":544354840042680320,"id":544357256775467008,"favorite_count":0,"source":"<a href=\"http://twitter.com\" rel=\"nofollow\">Twitter Web Client</a>","retweeted":false,"coordinates":null,"entities":{"symbols":[],"user_mentions":[{"id":78586909,"indices":[0,15],"id_str":"78586909","screen_name":"TheAviator1992","name":"Stephen"},{"id":172081908,"indices":[16,31],"id_str":"172081908","screen_name":"Jackthelad1947","name":"John Pratt"}],"hashtags":[],"urls":[]},"in_reply_to_screen_name":"TheAviator1992","id_str":"544357256775467008","retweet_count":0,"in_reply_to_user_id":78586909,"favorited":false,"user":{"follow_request_sent":false,"profile_use_background_image":true,"profile_text_color":"3E4415","default_profile_image":false,"id":2647052838,"profile_background_image_url_https":"https://abs.twimg.com/images/themes/theme5/bg.gif","verified":false,"profile_location":null,"profile_image_url_https":"https://pbs.twimg.com/profile_images/488948352617152512/p8bMU0WX_normal.jpeg","profile_sidebar_fill_color":"99CC33","entities":{"description":{"urls":[]}},"followers_count":5828,"profile_sidebar_border_color":"829D5E","id_str":"2647052838","profile_background_color":"352726","listed_count":8,"is_translation_enabled":false,"utc_offset":28800,"statuses_count":1028,"description":"Love my real estate!","friends_count":82,"location":"Perth WA","profile_link_color":"261C1A","profile_image_url":"http://pbs.twimg.com/profile_images/488948352617152512/p8bMU0WX_normal.jpeg","following":false,"geo_enabled":false,"profile_banner_url":"https://pbs.twimg.com/profile_banners/2647052838/1405410071","profile_background_image_url":"http://abs.twimg.com/images/themes/theme5/bg.gif","name":"Sue Humphries","lang":"en","profile_background_tile":false,"favourites_count":32,"screen_name":"mkgold2day","notifications":false,"url":null,"created_at":"Tue Jul 15 07:00:59 +0000 2014","contributors_enabled":false,"time_zone":"Perth","protected":false,"default_profile":false,"is_translator":false},"geo":null,"in_reply_to_user_id_str":"78586909","lang":"en","created_at":"Mon Dec 15 05:04:18 +0000 2014","in_reply_to_status_id_str":"544354840042680320","place":null},
{"contributors":null,"truncated":false,"text":"@TheAviator1992 I blame Muslims","in_reply_to_status_id":544354840042680320,"id":544357639090491392,"favorite_count":0,"source":"<a href=\"http://twitter.com/download/iphone\" rel=\"nofollow\">Twitter for iPhone</a>","retweeted":false,"coordinates":{"type":"Point","coordinates":[-86.53017485,34.62042794]},"entities":{"symbols":[],"user_mentions":[{"id":78586909,"indices":[0,15],"id_str":"78586909","screen_name":"TheAviator1992","name":"Stephen"}],"hashtags":[],"urls":[]},"in_reply_to_screen_name":"TheAviator1992","id_str":"544357639090491392","retweet_count":0,"in_reply_to_user_id":78586909,"favorited":false,"user":{"follow_request_sent":false,"profile_use_background_image":true,"profile_text_color":"333333","default_profile_image":false,"id":363365584,"profile_background_image_url_https":"https://abs.twimg.com/images/themes/theme1/bg.png","verified":false,"profile_location":null,"profile_image_url_https":"https://pbs.twimg.com/profile_images/540654181623676928/HyHt5d-C_normal.jpeg","profile_sidebar_fill_color":"DDEEF6","entities":{"description":{"urls":[]}},"followers_count":1324,"profile_sidebar_border_color":"000000","id_str":"363365584","profile_background_color":"C0DEED","listed_count":26,"is_translation_enabled":false,"utc_offset":-21600,"statuses_count":55276,"description":"Father, Husband, Protector of the Faith, Just a Guy, Roll Tide, Mo Brooks is my US Congressman. Tweets seen on @cnbc, #scrooge","friends_count":1994,"location":"Huntsville, Al","profile_link_color":"0084B4","profile_image_url":"http://pbs.twimg.com/profile_images/540654181623676928/HyHt5d-C_normal.jpeg","following":false,"geo_enabled":true,"profile_banner_url":"https://pbs.twimg.com/profile_banners/363365584/1364164918","profile_background_image_url":"http://abs.twimg.com/images/themes/theme1/bg.png","name":"Mike Phipps","lang":"en","profile_background_tile":false,"favourites_count":2533,"screen_name":"phippsjm","notifications":false,"url":null,"created_at":"Sat Aug 27 23:55:26 +0000 2011","contributors_enabled":false,"time_zone":"Central Time (US & Canada)","protected":false,"default_profile":false,"is_translator":false},"geo":{"type":"Point","coordinates":[34.62042794,-86.53017485]},"in_reply_to_user_id_str":"78586909","lang":"en","created_at":"Mon Dec 15 05:05:49 +0000 2014","in_reply_to_status_id_str":"544354840042680320","place":{"full_name":"Huntsville, AL","url":"https://api.twitter.com/1.1/geo/id/76c1bb41d3de7ff1.json","country":"United States","place_type":"city","bounding_box":{"type":"Polygon","coordinates":[[[-86.7858813,34.5784264],[-86.4369414,34.5784264],[-86.4369414,34.833627],[-86.7858813,34.833627]]]},"contained_within":[],"country_code":"US","attributes":{},"id":"76c1bb41d3de7ff1","name":"Huntsville"}},
{"contributors":null,"truncated":false,"text":"@TheAviator1992 Very sensible. Kind of intelligent sentiment that helps rather hinders situation","in_reply_to_status_id":544354840042680320,"id":544358096982654977,"favorite_count":0,"source":"<a href=\"http://twitter.com/download/iphone\" rel=\"nofollow\">Twitter for iPhone</a>","retweeted":false,"coordinates":null,"entities":{"symbols":[],"user_mentions":[{"id":78586909,"indices":[0,15],"id_str":"78586909","screen_name":"TheAviator1992","name":"Stephen"}],"hashtags":[],"urls":[]},"in_reply_to_screen_name":"TheAviator1992","id_str":"544358096982654977","retweet_count":0,"in_reply_to_user_id":78586909,"favorited":false,"user":{"follow_request_sent":false,"profile_use_background_image":true,"profile_text_color":"333333","default_profile_image":false,"id":96972731,"profile_background_image_url_https":"https://abs.twimg.com/images/themes/theme1/bg.png","verified":false,"profile_location":null,"profile_image_url_https":"https://pbs.twimg.com/profile_images/544456881792495616/hb59ESmV_normal.jpeg","profile_sidebar_fill_color":"DDEEF6","entities":{"description":{"urls":[]}},"followers_count":134,"profile_sidebar_border_color":"C0DEED","id_str":"96972731","profile_background_color":"C0DEED","listed_count":1,"is_translation_enabled":false,"utc_offset":39600,"statuses_count":1750,"description":"A microscopic cog in the catastrophic plan","friends_count":214,"location":"Blue Mountains","profile_link_color":"0084B4","profile_image_url":"http://pbs.twimg.com/profile_images/544456881792495616/hb59ESmV_normal.jpeg","following":false,"geo_enabled":false,"profile_background_image_url":"http://abs.twimg.com/images/themes/theme1/bg.png","name":"Dave","lang":"en","profile_background_tile":false,"favourites_count":398,"screen_name":"DavePDavidson","notifications":false,"url":null,"created_at":"Tue Dec 15 12:36:14 +0000 2009","contributors_enabled":false,"time_zone":"Sydney","protected":false,"default_profile":true,"is_translator":false},"geo":null,"in_reply_to_user_id_str":"78586909","lang":"en","created_at":"Mon Dec 15 05:07:38 +0000 2014","in_reply_to_status_id_str":"544354840042680320","place":null},
{"contributors":null,"truncated":false,"text":"@TheAviator1992 @piltzbp maybe he's just trying to enlighten the staff - they are working for jews who support israel killing palestinians","in_reply_to_status_id":544354840042680320,"id":544359562199846912,"favorite_count":0,"source":"<a href=\"http://twitter.com\" rel=\"nofollow\">Twitter Web Client</a>","retweeted":false,"coordinates":null,"entities":{"symbols":[],"user_mentions":[{"id":78586909,"indices":[0,15],"id_str":"78586909","screen_name":"TheAviator1992","name":"Stephen"},{"id":493794842,"indices":[16,24],"id_str":"493794842","screen_name":"piltzbp","name":"Brad"}],"hashtags":[],"urls":[]},"in_reply_to_screen_name":"TheAviator1992","id_str":"544359562199846912","retweet_count":0,"in_reply_to_user_id":78586909,"favorited":false,"user":{"follow_request_sent":false,"profile_use_background_image":true,"profile_text_color":"333333","default_profile_image":false,"id":1084888664,"profile_background_image_url_https":"https://abs.twimg.com/images/themes/theme1/bg.png","verified":false,"profile_location":null,"profile_image_url_https":"https://pbs.twimg.com/profile_images/491408297166008321/El0zfJpp_normal.jpeg","profile_sidebar_fill_color":"DDEEF6","entities":{"description":{"urls":[]}},"followers_count":485,"profile_sidebar_border_color":"C0DEED","id_str":"1084888664","profile_background_color":"C0DEED","listed_count":8,"is_translation_enabled":false,"utc_offset":null,"statuses_count":3801,"description":"Grandmother, teacher, musician, artist - still the black swan of trespass on alien waters","friends_count":746,"location":"Australia","profile_link_color":"0084B4","profile_image_url":"http://pbs.twimg.com/profile_images/491408297166008321/El0zfJpp_normal.jpeg","following":false,"geo_enabled":false,"profile_banner_url":"https://pbs.twimg.com/profile_banners/1084888664/1405664733","profile_background_image_url":"http://abs.twimg.com/images/themes/theme1/bg.png","name":"margot huthnance","lang":"en","profile_background_tile":false,"favourites_count":2919,"screen_name":"huddite","notifications":false,"url":null,"created_at":"Sun Jan 13 03:44:00 +0000 2013","contributors_enabled":false,"time_zone":null,"protected":false,"default_profile":true,"is_translator":false},"geo":null,"in_reply_to_user_id_str":"78586909","lang":"en","created_at":"Mon Dec 15 05:13:27 +0000 2014","in_reply_to_status_id_str":"544354840042680320","place":null},
{"contributors":null,"truncated":false,"text":"@TheAviator1992 \n\nSo very true OUR neighbours NORTH are not the same as Mediterranean CROWD who follow extremist #ISIS #abcnews24 #auspol","in_reply_to_status_id":544354840042680320,"id":544361239409741824,"favorite_count":0,"source":"<a href=\"https://about.twitter.com/products/tweetdeck\" rel=\"nofollow\">TweetDeck</a>","retweeted":false,"coordinates":null,"entities":{"symbols":[],"user_mentions":[{"id":78586909,"indices":[0,15],"id_str":"78586909","screen_name":"TheAviator1992","name":"Stephen"}],"hashtags":[{"indices":[113,118],"text":"ISIS"},{"indices":[119,129],"text":"abcnews24"},{"indices":[130,137],"text":"auspol"}],"urls":[]},"in_reply_to_screen_name":"TheAviator1992","id_str":"544361239409741824","retweet_count":0,"in_reply_to_user_id":78586909,"favorited":false,"user":{"follow_request_sent":false,"profile_use_background_image":true,"profile_text_color":"333333","default_profile_image":false,"id":448608078,"profile_background_image_url_https":"https://pbs.twimg.com/profile_background_images/628496209/khltgst3qgcvsy35bntg.jpeg","verified":false,"profile_location":null,"profile_image_url_https":"https://pbs.twimg.com/profile_images/2076317886/DANSHEEP_normal.jpg","profile_sidebar_fill_color":"EFEFEF","entities":{"url":{"urls":[{"url":"http://t.co/DH8PrzNDuK","indices":[0,22],"expanded_url":"http://www.facebook.com/SuzieBobridge","display_url":"facebook.com/SuzieBobridge"}]},"description":{"urls":[]}},"followers_count":307,"profile_sidebar_border_color":"EEEEEE","id_str":"448608078","profile_background_color":"131516","listed_count":5,"is_translation_enabled":false,"utc_offset":37800,"statuses_count":19836,"description":"Walk the Earth...You Fat Bastards !! Don't vote for Lawyers Cathars where right; \r\nThe rich will get richer the poor will just get vicious;  Vote AUSTRALASIAN","friends_count":423,"location":"Australia ","profile_link_color":"009999","profile_image_url":"http://pbs.twimg.com/profile_images/2076317886/DANSHEEP_normal.jpg","following":false,"geo_enabled":false,"profile_banner_url":"https://pbs.twimg.com/profile_banners/448608078/1353629692","profile_background_image_url":"http://pbs.twimg.com/profile_background_images/628496209/khltgst3qgcvsy35bntg.jpeg","name":"Carnegie","lang":"en","profile_background_tile":true,"favourites_count":21,"screen_name":"sheepRdangerous","notifications":false,"url":"http://t.co/DH8PrzNDuK","created_at":"Wed Dec 28 05:33:25 +0000 2011","contributors_enabled":false,"time_zone":"Adelaide","protected":false,"default_profile":false,"is_translator":false},"geo":null,"in_reply_to_user_id_str":"78586909","lang":"en","created_at":"Mon Dec 15 05:20:07 +0000 2014","in_reply_to_status_id_str":"544354840042680320","place":null},
{"contributors":null,"truncated":false,"text":"@TheAviator1992 @kif_inti_mary But when there's a pattern, only an idiot continues to ignore it.","in_reply_to_status_id":544354840042680320,"id":544361633980878849,"favorite_count":1,"source":"<a href=\"http://twitter.com\" rel=\"nofollow\">Twitter Web Client</a>","retweeted":false,"coordinates":null,"entities":{"symbols":[],"user_mentions":[{"id":78586909,"indices":[0,15],"id_str":"78586909","screen_name":"TheAviator1992","name":"Stephen"},{"id":250539105,"indices":[16,30],"id_str":"250539105","screen_name":"kif_inti_mary","name":"Mary Lucas"}],"hashtags":[],"urls":[]},"in_reply_to_screen_name":"TheAviator1992","id_str":"544361633980878849","retweet_count":0,"in_reply_to_user_id":78586909,"favorited":false,"user":{"follow_request_sent":false,"profile_use_background_image":true,"profile_text_color":"333333","default_profile_image":false,"id":1592926764,"profile_background_image_url_https":"https://abs.twimg.com/images/themes/theme1/bg.png","verified":false,"profile_location":null,"profile_image_url_https":"https://pbs.twimg.com/profile_images/503326743390720003/IIWK7bvu_normal.jpeg","profile_sidebar_fill_color":"DDEEF6","entities":{"description":{"urls":[]}},"followers_count":369,"profile_sidebar_border_color":"C0DEED","id_str":"1592926764","profile_background_color":"C0DEED","listed_count":8,"is_translation_enabled":false,"utc_offset":-18000,"statuses_count":1934,"description":"US Navy Pirate Hunter  -  IDF All The Way - F*ck Starting Terry Faces Like Its Cool - Pro GOP - Pro Guns - Pro Hunting","friends_count":384,"location":"Boston, MA","profile_link_color":"0084B4","profile_image_url":"http://pbs.twimg.com/profile_images/503326743390720003/IIWK7bvu_normal.jpeg","following":false,"geo_enabled":false,"profile_banner_url":"https://pbs.twimg.com/profile_banners/1592926764/1415197153","profile_background_image_url":"http://abs.twimg.com/images/themes/theme1/bg.png","name":"Commodore Decatur","lang":"en","profile_background_tile":false,"favourites_count":900,"screen_name":"ComodoreDecatur","notifications":false,"url":null,"created_at":"Sun Jul 14 09:09:35 +0000 2013","contributors_enabled":false,"time_zone":"Eastern Time (US & Canada)","protected":false,"default_profile":true,"is_translator":false},"geo":null,"in_reply_to_user_id_str":"78586909","lang":"en","created_at":"Mon Dec 15 05:21:41 +0000 2014","in_reply_to_status_id_str":"544354840042680320","place":null},
{"contributors":null,"truncated":false,"text":"@TheAviator1992 @Jackthelad1947 If he is all 3 we should be concerned.","in_reply_to_status_id":544354840042680320,"id":544362332961243136,"favorite_count":0,"source":"<a href=\"http://twitter.com/download/android\" rel=\"nofollow\">Twitter for Android</a>","retweeted":false,"coordinates":null,"entities":{"symbols":[],"user_mentions":[{"id":78586909,"indices":[0,15],"id_str":"78586909","screen_name":"TheAviator1992","name":"Stephen"},{"id":172081908,"indices":[16,31],"id_str":"172081908","screen_name":"Jackthelad1947","name":"John Pratt"}],"hashtags":[],"urls":[]},"in_reply_to_screen_name":"TheAviator1992","id_str":"544362332961243136","retweet_count":0,"in_reply_to_user_id":78586909,"favorited":false,"user":{"follow_request_sent":false,"profile_use_background_image":true,"profile_text_color":"333333","default_profile_image":false,"id":2841824400,"profile_background_image_url_https":"https://abs.twimg.com/images/themes/theme1/bg.png","verified":false,"profile_location":null,"profile_image_url_https":"https://pbs.twimg.com/profile_images/584196525573537792/CYSXeQAN_normal.jpg","profile_sidebar_fill_color":"DDEEF6","entities":{"description":{"urls":[]}},"followers_count":91,"profile_sidebar_border_color":"C0DEED","id_str":"2841824400","profile_background_color":"C0DEED","listed_count":1,"is_translation_enabled":false,"utc_offset":null,"statuses_count":435,"description":"female socialist and tabbycat owner","friends_count":289,"location":"Nsw country ","profile_link_color":"0084B4","profile_image_url":"http://pbs.twimg.com/profile_images/584196525573537792/CYSXeQAN_normal.jpg","following":false,"geo_enabled":true,"profile_background_image_url":"http://abs.twimg.com/images/themes/theme1/bg.png","name":"Ann Marshall 0447976","lang":"en","profile_background_tile":false,"favourites_count":355,"screen_name":"A0447976","notifications":false,"url":null,"created_at":"Mon Oct 06 01:43:22 +0000 2014","contributors_enabled":false,"time_zone":null,"protected":false,"default_profile":true,"is_translator":false},"geo":null,"in_reply_to_user_id_str":"78586909","lang":"en","created_at":"Mon Dec 15 05:24:28 +0000 2014","in_reply_to_status_id_str":"544354840042680320","place":null},
{"contributors":null,"truncated":false,"text":"@TheAviator1992 @conceravota good point maybe we should licence Muslims. Have some sort of amnesty?? #sydneyseige","in_reply_to_status_id":544354840042680320,"id":544362608363446272,"favorite_count":0,"source":"<a href=\"http://twitter.com/download/iphone\" rel=\"nofollow\">Twitter for iPhone</a>","retweeted":false,"coordinates":null,"entities":{"symbols":[],"user_mentions":[{"id":78586909,"indices":[0,15],"id_str":"78586909","screen_name":"TheAviator1992","name":"Stephen"},{"id":281897397,"indices":[16,28],"id_str":"281897397","screen_name":"conceravota","name":"Comrade Guinevere"}],"hashtags":[{"indices":[101,113],"text":"sydneyseige"}],"urls":[]},"in_reply_to_screen_name":"TheAviator1992","id_str":"544362608363446272","retweet_count":0,"in_reply_to_user_id":78586909,"favorited":false,"user":{"follow_request_sent":false,"profile_use_background_image":true,"profile_text_color":"333333","default_profile_image":false,"id":355981805,"profile_background_image_url_https":"https://abs.twimg.com/images/themes/theme18/bg.gif","verified":false,"profile_location":null,"profile_image_url_https":"https://pbs.twimg.com/profile_images/491103194441719808/wCapNVdd_normal.jpeg","profile_sidebar_fill_color":"F6F6F6","entities":{"description":{"urls":[]}},"followers_count":776,"profile_sidebar_border_color":"EEEEEE","id_str":"355981805","profile_background_color":"ACDED6","listed_count":10,"is_translation_enabled":false,"utc_offset":39600,"statuses_count":4670,"description":"Indigenous, Progressive, ALP supporter, union man","friends_count":68,"location":"Oz","profile_link_color":"85040F","profile_image_url":"http://pbs.twimg.com/profile_images/491103194441719808/wCapNVdd_normal.jpeg","following":false,"geo_enabled":false,"profile_banner_url":"https://pbs.twimg.com/profile_banners/355981805/1405923059","profile_background_image_url":"http://abs.twimg.com/images/themes/theme18/bg.gif","name":"Sid Brown","lang":"en","profile_background_tile":false,"favourites_count":12,"screen_name":"Sid__Brown","notifications":false,"url":null,"created_at":"Tue Aug 16 05:04:59 +0000 2011","contributors_enabled":false,"time_zone":"Sydney","protected":false,"default_profile":false,"is_translator":false},"geo":null,"in_reply_to_user_id_str":"78586909","lang":"en","created_at":"Mon Dec 15 05:25:34 +0000 2014","in_reply_to_status_id_str":"544354840042680320","place":null},
{"contributors":null,"truncated":false,"text":"@huddite @TheAviator1992 @piltzbp Terrorising people who are not responsible for anything in the Middle East is not \"enlightening\".","in_reply_to_status_id":544359562199846912,"id":544362689254813696,"favorite_count":0,"source":"<a href=\"http://twitter.com\" rel=\"nofollow\">Twitter Web Client</a>","retweeted":false,"coordinates":null,"entities":{"symbols":[],"user_mentions":[{"id":1084888664,"indices":[0,8],"id_str":"1084888664","screen_name":"huddite","name":"margot huthnance"},{"id":78586909,"indices":[9,24],"id_str":"78586909","screen_name":"TheAviator1992","name":"Stephen"},{"id":493794842,"indices":[25,33],"id_str":"493794842","screen_name":"piltzbp","name":"Brad"}],"hashtags":[],"urls":[]},"in_reply_to_screen_name":"huddite","id_str":"544362689254813696","retweet_count":0,"in_reply_to_user_id":1084888664,"favorited":false,"user":{"follow_request_sent":false,"profile_use_background_image":true,"profile_text_color":"333333","default_profile_image":false,"id":236728688,"profile_background_image_url_https":"https://abs.twimg.com/images/themes/theme1/bg.png","verified":false,"profile_location":null,"profile_image_url_https":"https://pbs.twimg.com/profile_images/557284312668569600/fLkuy139_normal.jpeg","profile_sidebar_fill_color":"DDEEF6","entities":{"url":{"urls":[{"url":"http://t.co/ZM2nmjXWe3","indices":[0,22],"expanded_url":"http://www.gishwhes.com","display_url":"gishwhes.com"}]},"description":{"urls":[]}},"followers_count":621,"profile_sidebar_border_color":"C0DEED","id_str":"236728688","profile_background_color":"C0DEED","listed_count":45,"is_translation_enabled":false,"utc_offset":-36000,"statuses_count":60951,"description":"Member of the Sheriff's Secret Police\r. An inclusive feminist pro-choice degenerate fangirl\r. Drinking the man tears of MRAs.\nIf you misgender people, fuck off.","friends_count":947,"location":"TeamSkyfall","profile_link_color":"6B00B3","profile_image_url":"http://pbs.twimg.com/profile_images/557284312668569600/fLkuy139_normal.jpeg","following":false,"geo_enabled":true,"profile_banner_url":"https://pbs.twimg.com/profile_banners/236728688/1353656587","profile_background_image_url":"http://abs.twimg.com/images/themes/theme1/bg.png","name":"Hon. Reaverbait","lang":"en","profile_background_tile":false,"favourites_count":19528,"screen_name":"ReaverBait","notifications":false,"url":"http://t.co/ZM2nmjXWe3","created_at":"Tue Jan 11 07:06:23 +0000 2011","contributors_enabled":false,"time_zone":"Hawaii","protected":false,"default_profile":false,"is_translator":false},"geo":null,"in_reply_to_user_id_str":"1084888664","lang":"en","created_at":"Mon Dec 15 05:25:53 +0000 2014","in_reply_to_status_id_str":"544359562199846912","place":null},
{"contributors":null,"truncated":false,"text":"@ComodoreDecatur @TheAviator1992 we do that ignoring thing very well when it comes to female violence AVO's","in_reply_to_status_id":544361633980878849,"id":544362716144476160,"favorite_count":0,"source":"<a href=\"http://twitter.com/download/iphone\" rel=\"nofollow\">Twitter for iPhone</a>","retweeted":false,"coordinates":null,"entities":{"symbols":[],"user_mentions":[{"id":1592926764,"indices":[0,16],"id_str":"1592926764","screen_name":"ComodoreDecatur","name":"Commodore Decatur"},{"id":78586909,"indices":[17,32],"id_str":"78586909","screen_name":"TheAviator1992","name":"Stephen"}],"hashtags":[],"urls":[]},"in_reply_to_screen_name":"ComodoreDecatur","id_str":"544362716144476160","retweet_count":0,"in_reply_to_user_id":1592926764,"favorited":false,"user":{"follow_request_sent":false,"profile_use_background_image":true,"profile_text_color":"333333","default_profile_image":false,"id":250539105,"profile_background_image_url_https":"https://pbs.twimg.com/profile_background_images/204068694/p216243-Malta-Malta.jpg","verified":false,"profile_location":null,"profile_image_url_https":"https://pbs.twimg.com/profile_images/1241035039/Malta-5_normal.jpg","profile_sidebar_fill_color":"DDEEF6","entities":{"description":{"urls":[]}},"followers_count":286,"profile_sidebar_border_color":"C0DEED","id_str":"250539105","profile_background_color":"C0DEED","listed_count":9,"is_translation_enabled":false,"utc_offset":-36000,"statuses_count":11849,"description":"","friends_count":200,"location":"A village in Gozo","profile_link_color":"0084B4","profile_image_url":"http://pbs.twimg.com/profile_images/1241035039/Malta-5_normal.jpg","following":false,"geo_enabled":false,"profile_background_image_url":"http://pbs.twimg.com/profile_background_images/204068694/p216243-Malta-Malta.jpg","name":"Mary Lucas","lang":"en","profile_background_tile":true,"favourites_count":7103,"screen_name":"kif_inti_mary","notifications":false,"url":null,"created_at":"Fri Feb 11 08:53:55 +0000 2011","contributors_enabled":false,"time_zone":"Hawaii","protected":false,"default_profile":false,"is_translator":false},"geo":null,"in_reply_to_user_id_str":"1592926764","lang":"en","created_at":"Mon Dec 15 05:25:59 +0000 2014","in_reply_to_status_id_str":"544361633980878849","place":null},
{"contributors":null,"truncated":false,"text":"@A0447976 @TheAviator1992 @Jackthelad1947 no  - and btw next door's tabby is visiting - played cat soccer with a little green ball","in_reply_to_status_id":544362332961243136,"id":544362779004522496,"favorite_count":0,"source":"<a href=\"http://twitter.com\" rel=\"nofollow\">Twitter Web Client</a>","retweeted":false,"coordinates":null,"entities":{"symbols":[],"user_mentions":[{"id":2841824400,"indices":[0,9],"id_str":"2841824400","screen_name":"A0447976","name":"Ann Marshall 0447976"},{"id":78586909,"indices":[10,25],"id_str":"78586909","screen_name":"TheAviator1992","name":"Stephen"},{"id":172081908,"indices":[26,41],"id_str":"172081908","screen_name":"Jackthelad1947","name":"John Pratt"}],"hashtags":[],"urls":[]},"in_reply_to_screen_name":"A0447976","id_str":"544362779004522496","retweet_count":0,"in_reply_to_user_id":2841824400,"favorited":false,"user":{"follow_request_sent":false,"profile_use_background_image":true,"profile_text_color":"333333","default_profile_image":false,"id":335293686,"profile_background_image_url_https":"https://pbs.twimg.com/profile_background_images/461767131/250px-Escher_s_Relativity.jpg","verified":false,"profile_location":null,"profile_image_url_https":"https://pbs.twimg.com/profile_images/529578513733390338/xJuB0TjT_normal.png","profile_sidebar_fill_color":"DDEEF6","entities":{"description":{"urls":[]}},"followers_count":2086,"profile_sidebar_border_color":"C0DEED","id_str":"335293686","profile_background_color":"C0DEED","listed_count":65,"is_translation_enabled":false,"utc_offset":37800,"statuses_count":269287,"description":"Trainee Corpse - fighting in the trenches of the class war #blockedbybishop","friends_count":507,"location":"Middle of Nowhere","profile_link_color":"B30000","profile_image_url":"http://pbs.twimg.com/profile_images/529578513733390338/xJuB0TjT_normal.png","following":false,"geo_enabled":false,"profile_banner_url":"https://pbs.twimg.com/profile_banners/335293686/1397371303","profile_background_image_url":"http://pbs.twimg.com/profile_background_images/461767131/250px-Escher_s_Relativity.jpg","name":"Sir Summer Solstice","lang":"en-gb","profile_background_tile":true,"favourites_count":201,"screen_name":"Eschertology","notifications":false,"url":null,"created_at":"Thu Jul 14 13:20:20 +0000 2011","contributors_enabled":false,"time_zone":"Adelaide","protected":false,"default_profile":false,"is_translator":false},"geo":null,"in_reply_to_user_id_str":"2841824400","lang":"en","created_at":"Mon Dec 15 05:26:14 +0000 2014","in_reply_to_status_id_str":"544362332961243136","place":null},
{"contributors":null,"truncated":false,"text":"@A0447976 @TheAviator1992 @Jackthelad1947 and doing that ankle bite/grab leg thing","in_reply_to_status_id":544362332961243136,"id":544362885485297664,"favorite_count":0,"source":"<a href=\"http://twitter.com\" rel=\"nofollow\">Twitter Web Client</a>","retweeted":false,"coordinates":null,"entities":{"symbols":[],"user_mentions":[{"id":2841824400,"indices":[0,9],"id_str":"2841824400","screen_name":"A0447976","name":"Ann Marshall 0447976"},{"id":78586909,"indices":[10,25],"id_str":"78586909","screen_name":"TheAviator1992","name":"Stephen"},{"id":172081908,"indices":[26,41],"id_str":"172081908","screen_name":"Jackthelad1947","name":"John Pratt"}],"hashtags":[],"urls":[]},"in_reply_to_screen_name":"A0447976","id_str":"544362885485297664","retweet_count":0,"in_reply_to_user_id":2841824400,"favorited":false,"user":{"follow_request_sent":false,"profile_use_background_image":true,"profile_text_color":"333333","default_profile_image":false,"id":335293686,"profile_background_image_url_https":"https://pbs.twimg.com/profile_background_images/461767131/250px-Escher_s_Relativity.jpg","verified":false,"profile_location":null,"profile_image_url_https":"https://pbs.twimg.com/profile_images/529578513733390338/xJuB0TjT_normal.png","profile_sidebar_fill_color":"DDEEF6","entities":{"description":{"urls":[]}},"followers_count":2084,"profile_sidebar_border_color":"C0DEED","id_str":"335293686","profile_background_color":"C0DEED","listed_count":65,"is_translation_enabled":false,"utc_offset":37800,"statuses_count":269272,"description":"Trainee Corpse - fighting in the trenches of the class war #blockedbybishop","friends_count":507,"location":"Middle of Nowhere","profile_link_color":"B30000","profile_image_url":"http://pbs.twimg.com/profile_images/529578513733390338/xJuB0TjT_normal.png","following":false,"geo_enabled":false,"profile_banner_url":"https://pbs.twimg.com/profile_banners/335293686/1397371303","profile_background_image_url":"http://pbs.twimg.com/profile_background_images/461767131/250px-Escher_s_Relativity.jpg","name":"Sir Summer Solstice","lang":"en-gb","profile_background_tile":true,"favourites_count":201,"screen_name":"Eschertology","notifications":false,"url":null,"created_at":"Thu Jul 14 13:20:20 +0000 2011","contributors_enabled":false,"time_zone":"Adelaide","protected":false,"default_profile":false,"is_translator":false},"geo":null,"in_reply_to_user_id_str":"2841824400","lang":"en","created_at":"Mon Dec 15 05:26:40 +0000 2014","in_reply_to_status_id_str":"544362332961243136","place":null},
{"contributors":null,"truncated":false,"text":"@huddite @TheAviator1992 @piltzbp And disgusting comments like that are only going to harm your cause.","in_reply_to_status_id":544362689254813696,"id":544363440765014019,"favorite_count":0,"source":"<a href=\"http://twitter.com\" rel=\"nofollow\">Twitter Web Client</a>","retweeted":false,"coordinates":null,"entities":{"symbols":[],"user_mentions":[{"id":1084888664,"indices":[0,8],"id_str":"1084888664","screen_name":"huddite","name":"margot huthnance"},{"id":78586909,"indices":[9,24],"id_str":"78586909","screen_name":"TheAviator1992","name":"Stephen"},{"id":493794842,"indices":[25,33],"id_str":"493794842","screen_name":"piltzbp","name":"Brad"}],"hashtags":[],"urls":[]},"in_reply_to_screen_name":"ReaverBait","id_str":"544363440765014019","retweet_count":0,"in_reply_to_user_id":236728688,"favorited":false,"user":{"follow_request_sent":false,"profile_use_background_image":true,"profile_text_color":"333333","default_profile_image":false,"id":236728688,"profile_background_image_url_https":"https://abs.twimg.com/images/themes/theme1/bg.png","verified":false,"profile_location":null,"profile_image_url_https":"https://pbs.twimg.com/profile_images/557284312668569600/fLkuy139_normal.jpeg","profile_sidebar_fill_color":"DDEEF6","entities":{"url":{"urls":[{"url":"http://t.co/ZM2nmjXWe3","indices":[0,22],"expanded_url":"http://www.gishwhes.com","display_url":"gishwhes.com"}]},"description":{"urls":[]}},"followers_count":621,"profile_sidebar_border_color":"C0DEED","id_str":"236728688","profile_background_color":"C0DEED","listed_count":45,"is_translation_enabled":false,"utc_offset":-36000,"statuses_count":60951,"description":"Member of the Sheriff's Secret Police\r. An inclusive feminist pro-choice degenerate fangirl\r. Drinking the man tears of MRAs.\nIf you misgender people, fuck off.","friends_count":947,"location":"TeamSkyfall","profile_link_color":"6B00B3","profile_image_url":"http://pbs.twimg.com/profile_images/557284312668569600/fLkuy139_normal.jpeg","following":false,"geo_enabled":true,"profile_banner_url":"https://pbs.twimg.com/profile_banners/236728688/1353656587","profile_background_image_url":"http://abs.twimg.com/images/themes/theme1/bg.png","name":"Hon. Reaverbait","lang":"en","profile_background_tile":false,"favourites_count":19528,"screen_name":"ReaverBait","notifications":false,"url":"http://t.co/ZM2nmjXWe3","created_at":"Tue Jan 11 07:06:23 +0000 2011","contributors_enabled":false,"time_zone":"Hawaii","protected":false,"default_profile":false,"is_translator":false},"geo":null,"in_reply_to_user_id_str":"236728688","lang":"en","created_at":"Mon Dec 15 05:28:52 +0000 2014","in_reply_to_status_id_str":"544362689254813696","place":null},
{"contributors":null,"truncated":false,"text":"@TheAviator1992 he is not a Shia.  Ponder that.","in_reply_to_status_id":544354840042680320,"id":544363506162999296,"favorite_count":0,"source":"<a href=\"https://twitter.com/download/android\" rel=\"nofollow\">Twitter for Android Tablets</a>","retweeted":false,"coordinates":null,"entities":{"symbols":[],"user_mentions":[{"id":78586909,"indices":[0,15],"id_str":"78586909","screen_name":"TheAviator1992","name":"Stephen"}],"hashtags":[],"urls":[]},"in_reply_to_screen_name":"TheAviator1992","id_str":"544363506162999296","retweet_count":0,"in_reply_to_user_id":78586909,"favorited":false,"user":{"follow_request_sent":false,"profile_use_background_image":true,"profile_text_color":"333333","default_profile_image":false,"id":1931711646,"profile_background_image_url_https":"https://pbs.twimg.com/profile_background_images/446937533121703936/rXP1TnZM.jpeg","verified":false,"profile_location":null,"profile_image_url_https":"https://pbs.twimg.com/profile_images/446933612793851904/PI6sSEHG_normal.jpeg","profile_sidebar_fill_color":"DDEEF6","entities":{"description":{"urls":[]}},"followers_count":67,"profile_sidebar_border_color":"FFFFFF","id_str":"1931711646","profile_background_color":"C0DEED","listed_count":1,"is_translation_enabled":false,"utc_offset":-28800,"statuses_count":3350,"description":"","friends_count":64,"location":"","profile_link_color":"0084B4","profile_image_url":"http://pbs.twimg.com/profile_images/446933612793851904/PI6sSEHG_normal.jpeg","following":false,"geo_enabled":false,"profile_banner_url":"https://pbs.twimg.com/profile_banners/1931711646/1395392620","profile_background_image_url":"http://pbs.twimg.com/profile_background_images/446937533121703936/rXP1TnZM.jpeg","name":"Matt Dubuque","lang":"en","profile_background_tile":false,"favourites_count":229,"screen_name":"mjd1735","notifications":false,"url":null,"created_at":"Thu Oct 03 19:01:21 +0000 2013","contributors_enabled":false,"time_zone":"Pacific Time (US & Canada)","protected":false,"default_profile":false,"is_translator":false},"geo":null,"in_reply_to_user_id_str":"78586909","lang":"en","created_at":"Mon Dec 15 05:29:08 +0000 2014","in_reply_to_status_id_str":"544354840042680320","place":null},
{"contributors":null,"truncated":false,"text":"@TheAviator1992 obviously no one blames all Muslims. What a stupid thing to say.","in_reply_to_status_id":544354840042680320,"id":544364121735454722,"favorite_count":0,"source":"<a href=\"http://twitter.com/download/iphone\" rel=\"nofollow\">Twitter for iPhone</a>","retweeted":false,"coordinates":null,"entities":{"symbols":[],"user_mentions":[{"id":78586909,"indices":[0,15],"id_str":"78586909","screen_name":"TheAviator1992","name":"Stephen"}],"hashtags":[],"urls":[]},"in_reply_to_screen_name":"TheAviator1992","id_str":"544364121735454722","retweet_count":0,"in_reply_to_user_id":78586909,"favorited":false,"user":{"follow_request_sent":false,"profile_use_background_image":true,"profile_text_color":"333333","default_profile_image":false,"id":1602183270,"profile_background_image_url_https":"https://abs.twimg.com/images/themes/theme1/bg.png","verified":false,"profile_location":null,"profile_image_url_https":"https://pbs.twimg.com/profile_images/503199885467086849/8hEZuz1F_normal.jpeg","profile_sidebar_fill_color":"DDEEF6","entities":{"description":{"urls":[]}},"followers_count":18,"profile_sidebar_border_color":"C0DEED","id_str":"1602183270","profile_background_color":"C0DEED","listed_count":1,"is_translation_enabled":false,"utc_offset":null,"statuses_count":1170,"description":"","friends_count":70,"location":"","profile_link_color":"0084B4","profile_image_url":"http://pbs.twimg.com/profile_images/503199885467086849/8hEZuz1F_normal.jpeg","following":false,"geo_enabled":false,"profile_banner_url":"https://pbs.twimg.com/profile_banners/1602183270/1408819068","profile_background_image_url":"http://abs.twimg.com/images/themes/theme1/bg.png","name":"Hash tag Pundit","lang":"en","profile_background_tile":false,"favourites_count":548,"screen_name":"Hashtagpundit","notifications":false,"url":null,"created_at":"Thu Jul 18 01:00:05 +0000 2013","contributors_enabled":false,"time_zone":null,"protected":false,"default_profile":true,"is_translator":false},"geo":null,"in_reply_to_user_id_str":"78586909","lang":"en","created_at":"Mon Dec 15 05:31:35 +0000 2014","in_reply_to_status_id_str":"544354840042680320","place":null},
{"contributors":null,"truncated":false,"text":"@TheAviator1992 http://t.co/QmgulquObV PREVENT THE VIOLENCE ! Author Avail 24 hrs 1-778-908-2811 http://t.co/6H8ffGLql1","in_reply_to_status_id":544354840042680320,"id":544365280718123008,"favorite_count":0,"source":"<a href=\"http://twitter.com\" rel=\"nofollow\">Twitter Web Client</a>","retweeted":false,"coordinates":null,"entities":{"symbols":[],"user_mentions":[{"id":78586909,"indices":[0,15],"id_str":"78586909","screen_name":"TheAviator1992","name":"Stephen"}],"hashtags":[],"urls":[{"url":"http://t.co/QmgulquObV","indices":[16,38],"expanded_url":"http://www.amazon.com.au/Youth-Violence-International-Crisis-Cousineau-ebook/dp/B00GP3456Q/ref=sr_1_1?ie=UTF8&qid=1418618795&sr=8-1&keywords=youth+violence+an+international+crisis","display_url":"amazon.com.au/Youth-Violence…"}],"media":[{"expanded_url":"http://twitter.com/canadainfonow/status/544365280718123008/photo/1","display_url":"pic.twitter.com/6H8ffGLql1","url":"http://t.co/6H8ffGLql1","media_url_https":"https://pbs.twimg.com/media/B435VpICcAA-dXb.jpg","id_str":"544365280193835008","sizes":{"small":{"h":280,"resize":"fit","w":280},"large":{"h":280,"resize":"fit","w":280},"medium":{"h":280,"resize":"fit","w":280},"thumb":{"h":150,"resize":"crop","w":150}},"indices":[97,119],"type":"photo","id":544365280193835008,"media_url":"http://pbs.twimg.com/media/B435VpICcAA-dXb.jpg"}]},"in_reply_to_screen_name":"TheAviator1992","id_str":"544365280718123008","retweet_count":0,"in_reply_to_user_id":78586909,"favorited":false,"user":{"follow_request_sent":false,"profile_use_background_image":true,"profile_text_color":"333333","default_profile_image":false,"id":2734020596,"profile_background_image_url_https":"https://abs.twimg.com/images/themes/theme1/bg.png","verified":false,"profile_location":null,"profile_image_url_https":"https://pbs.twimg.com/profile_images/500206452145782788/5-vWudEf_normal.jpeg","profile_sidebar_fill_color":"DDEEF6","entities":{"description":{"urls":[]}},"followers_count":60,"profile_sidebar_border_color":"C0DEED","id_str":"2734020596","profile_background_color":"C0DEED","listed_count":0,"is_translation_enabled":false,"utc_offset":null,"statuses_count":992,"description":"When you stop learning, you stop living.","friends_count":843,"location":"","profile_link_color":"0084B4","profile_image_url":"http://pbs.twimg.com/profile_images/500206452145782788/5-vWudEf_normal.jpeg","following":false,"geo_enabled":false,"profile_background_image_url":"http://abs.twimg.com/images/themes/theme1/bg.png","name":"JW Cousineau","lang":"en","profile_background_tile":false,"favourites_count":27,"screen_name":"canadainfonow","notifications":false,"url":null,"created_at":"Fri Aug 15 08:45:33 +0000 2014","contributors_enabled":false,"time_zone":null,"protected":false,"default_profile":true,"is_translator":false},"geo":null,"in_reply_to_user_id_str":"78586909","possibly_sensitive":false,"lang":"en","created_at":"Mon Dec 15 05:36:11 +0000 2014","in_reply_to_status_id_str":"544354840042680320","place":null,"extended_entities":{"media":[{"expanded_url":"http://twitter.com/canadainfonow/status/544365280718123008/photo/1","display_url":"pic.twitter.com/6H8ffGLql1","url":"http://t.co/6H8ffGLql1","media_url_https":"https://pbs.twimg.com/media/B435VpICcAA-dXb.jpg","id_str":"544365280193835008","sizes":{"small":{"h":280,"resize":"fit","w":280},"large":{"h":280,"resize":"fit","w":280},"medium":{"h":280,"resize":"fit","w":280},"thumb":{"h":150,"resize":"crop","w":150}},"indices":[97,119],"type":"photo","id":544365280193835008,"media_url":"http://pbs.twimg.com/media/B435VpICcAA-dXb.jpg"}]}},
{"contributors":null,"truncated":false,"text":"@TheAviator1992 mate. .i dont c any muslim talking to their bros to stop this..the muslim leaders dont motivate them..dunno...y","in_reply_to_status_id":544354840042680320,"id":544369735589064704,"favorite_count":0,"source":"<a href=\"http://twitter.com/download/android\" rel=\"nofollow\">Twitter for Android</a>","retweeted":false,"coordinates":null,"entities":{"symbols":[],"user_mentions":[{"id":78586909,"indices":[0,15],"id_str":"78586909","screen_name":"TheAviator1992","name":"Stephen"}],"hashtags":[],"urls":[]},"in_reply_to_screen_name":"TheAviator1992","id_str":"544369735589064704","retweet_count":0,"in_reply_to_user_id":78586909,"favorited":false,"user":{"follow_request_sent":false,"profile_use_background_image":true,"profile_text_color":"333333","default_profile_image":true,"id":89214050,"profile_background_image_url_https":"https://abs.twimg.com/images/themes/theme1/bg.png","verified":false,"profile_location":null,"profile_image_url_https":"https://abs.twimg.com/sticky/default_profile_images/default_profile_2_normal.png","profile_sidebar_fill_color":"DDEEF6","entities":{"description":{"urls":[]}},"followers_count":51,"profile_sidebar_border_color":"C0DEED","id_str":"89214050","profile_background_color":"C0DEED","listed_count":0,"is_translation_enabled":false,"utc_offset":null,"statuses_count":1801,"description":"","friends_count":200,"location":"","profile_link_color":"0084B4","profile_image_url":"http://abs.twimg.com/sticky/default_profile_images/default_profile_2_normal.png","following":false,"geo_enabled":false,"profile_background_image_url":"http://abs.twimg.com/images/themes/theme1/bg.png","name":"Abhinav Sinha","lang":"en","profile_background_tile":false,"favourites_count":492,"screen_name":"abhinavim09","notifications":false,"url":null,"created_at":"Wed Nov 11 15:53:08 +0000 2009","contributors_enabled":false,"time_zone":null,"protected":false,"default_profile":true,"is_translator":false},"geo":null,"in_reply_to_user_id_str":"78586909","lang":"en","created_at":"Mon Dec 15 05:53:53 +0000 2014","in_reply_to_status_id_str":"544354840042680320","place":null},
{"contributors":null,"truncated":false,"text":"@ReaverBait @TheAviator1992 @piltzbp MY cause? what does that mean? i'm interested in the REASONS - what drives people to extremes","in_reply_to_status_id":544363440765014019,"id":544376785308090369,"favorite_count":0,"source":"<a href=\"http://twitter.com\" rel=\"nofollow\">Twitter Web Client</a>","retweeted":false,"coordinates":null,"entities":{"symbols":[],"user_mentions":[{"id":236728688,"indices":[0,11],"id_str":"236728688","screen_name":"ReaverBait","name":"Hon. Reaverbait"},{"id":78586909,"indices":[12,27],"id_str":"78586909","screen_name":"TheAviator1992","name":"Stephen"},{"id":493794842,"indices":[28,36],"id_str":"493794842","screen_name":"piltzbp","name":"Brad"}],"hashtags":[],"urls":[]},"in_reply_to_screen_name":"ReaverBait","id_str":"544376785308090369","retweet_count":0,"in_reply_to_user_id":236728688,"favorited":false,"user":{"follow_request_sent":false,"profile_use_background_image":true,"profile_text_color":"333333","default_profile_image":false,"id":1084888664,"profile_background_image_url_https":"https://abs.twimg.com/images/themes/theme1/bg.png","verified":false,"profile_location":null,"profile_image_url_https":"https://pbs.twimg.com/profile_images/491408297166008321/El0zfJpp_normal.jpeg","profile_sidebar_fill_color":"DDEEF6","entities":{"description":{"urls":[]}},"followers_count":486,"profile_sidebar_border_color":"C0DEED","id_str":"1084888664","profile_background_color":"C0DEED","listed_count":8,"is_translation_enabled":false,"utc_offset":null,"statuses_count":3806,"description":"Grandmother, teacher, musician, artist - still the black swan of trespass on alien waters","friends_count":746,"location":"Australia","profile_link_color":"0084B4","profile_image_url":"http://pbs.twimg.com/profile_images/491408297166008321/El0zfJpp_normal.jpeg","following":false,"geo_enabled":false,"profile_banner_url":"https://pbs.twimg.com/profile_banners/1084888664/1405664733","profile_background_image_url":"http://abs.twimg.com/images/themes/theme1/bg.png","name":"margot huthnance","lang":"en","profile_background_tile":false,"favourites_count":2928,"screen_name":"huddite","notifications":false,"url":null,"created_at":"Sun Jan 13 03:44:00 +0000 2013","contributors_enabled":false,"time_zone":null,"protected":false,"default_profile":true,"is_translator":false},"geo":null,"in_reply_to_user_id_str":"236728688","lang":"en","created_at":"Mon Dec 15 06:21:54 +0000 2014","in_reply_to_status_id_str":"544363440765014019","place":null},
{"contributors":null,"truncated":false,"text":"@huddite @TheAviator1992 @piltzbp Really? \"they are working for jews who support israel killing palestinians\" isn't\"maybe gunman chose 'cus\"","in_reply_to_status_id":544376785308090369,"id":544379408207732736,"favorite_count":0,"source":"<a href=\"http://twitter.com\" rel=\"nofollow\">Twitter Web Client</a>","retweeted":false,"coordinates":null,"entities":{"symbols":[],"user_mentions":[{"id":1084888664,"indices":[0,8],"id_str":"1084888664","screen_name":"huddite","name":"margot huthnance"},{"id":78586909,"indices":[9,24],"id_str":"78586909","screen_name":"TheAviator1992","name":"Stephen"},{"id":493794842,"indices":[25,33],"id_str":"493794842","screen_name":"piltzbp","name":"Brad"}],"hashtags":[],"urls":[]},"in_reply_to_screen_name":"huddite","id_str":"544379408207732736","retweet_count":0,"in_reply_to_user_id":1084888664,"favorited":false,"user":{"follow_request_sent":false,"profile_use_background_image":true,"profile_text_color":"333333","default_profile_image":false,"id":236728688,"profile_background_image_url_https":"https://abs.twimg.com/images/themes/theme1/bg.png","verified":false,"profile_location":null,"profile_image_url_https":"https://pbs.twimg.com/profile_images/557284312668569600/fLkuy139_normal.jpeg","profile_sidebar_fill_color":"DDEEF6","entities":{"url":{"urls":[{"url":"http://t.co/ZM2nmjXWe3","indices":[0,22],"expanded_url":"http://www.gishwhes.com","display_url":"gishwhes.com"}]},"description":{"urls":[]}},"followers_count":623,"profile_sidebar_border_color":"C0DEED","id_str":"236728688","profile_background_color":"C0DEED","listed_count":45,"is_translation_enabled":false,"utc_offset":-36000,"statuses_count":61008,"description":"Member of the Sheriff's Secret Police\r. An inclusive feminist pro-choice degenerate fangirl\r. Drinking the man tears of MRAs.\nIf you misgender people, fuck off.","friends_count":948,"location":"TeamSkyfall","profile_link_color":"6B00B3","profile_image_url":"http://pbs.twimg.com/profile_images/557284312668569600/fLkuy139_normal.jpeg","following":false,"geo_enabled":true,"profile_banner_url":"https://pbs.twimg.com/profile_banners/236728688/1353656587","profile_background_image_url":"http://abs.twimg.com/images/themes/theme1/bg.png","name":"Hon. Reaverbait","lang":"en","profile_background_tile":false,"favourites_count":19549,"screen_name":"ReaverBait","notifications":false,"url":"http://t.co/ZM2nmjXWe3","created_at":"Tue Jan 11 07:06:23 +0000 2011","contributors_enabled":false,"time_zone":"Hawaii","protected":false,"default_profile":false,"is_translator":false},"geo":null,"in_reply_to_user_id_str":"1084888664","lang":"en","created_at":"Mon Dec 15 06:32:19 +0000 2014","in_reply_to_status_id_str":"544376785308090369","place":null},
{"contributors":null,"truncated":false,"text":"@Eschertology @TheAviator1992 @Jackthelad1947 I love tabbies, I have a lovely kitty you know.","in_reply_to_status_id":544362779004522496,"id":544428598937923584,"favorite_count":0,"source":"<a href=\"http://twitter.com/download/android\" rel=\"nofollow\">Twitter for Android</a>","retweeted":false,"coordinates":null,"entities":{"symbols":[],"user_mentions":[{"id":335293686,"indices":[0,13],"id_str":"335293686","screen_name":"Eschertology","name":"Sir Summer Solstice"},{"id":78586909,"indices":[14,29],"id_str":"78586909","screen_name":"TheAviator1992","name":"Stephen"},{"id":172081908,"indices":[30,45],"id_str":"172081908","screen_name":"Jackthelad1947","name":"John Pratt"}],"hashtags":[],"urls":[]},"in_reply_to_screen_name":"Eschertology","id_str":"544428598937923584","retweet_count":0,"in_reply_to_user_id":335293686,"favorited":false,"user":{"follow_request_sent":false,"profile_use_background_image":true,"profile_text_color":"333333","default_profile_image":false,"id":2841824400,"profile_background_image_url_https":"https://abs.twimg.com/images/themes/theme1/bg.png","verified":false,"profile_location":null,"profile_image_url_https":"https://pbs.twimg.com/profile_images/584196525573537792/CYSXeQAN_normal.jpg","profile_sidebar_fill_color":"DDEEF6","entities":{"description":{"urls":[]}},"followers_count":90,"profile_sidebar_border_color":"C0DEED","id_str":"2841824400","profile_background_color":"C0DEED","listed_count":1,"is_translation_enabled":false,"utc_offset":null,"statuses_count":435,"description":"female socialist and tabbycat owner","friends_count":290,"location":"Nsw country ","profile_link_color":"0084B4","profile_image_url":"http://pbs.twimg.com/profile_images/584196525573537792/CYSXeQAN_normal.jpg","following":false,"geo_enabled":true,"profile_background_image_url":"http://abs.twimg.com/images/themes/theme1/bg.png","name":"Ann Marshall 0447976","lang":"en","profile_background_tile":false,"favourites_count":357,"screen_name":"A0447976","notifications":false,"url":null,"created_at":"Mon Oct 06 01:43:22 +0000 2014","contributors_enabled":false,"time_zone":null,"protected":false,"default_profile":true,"is_translator":false},"geo":null,"in_reply_to_user_id_str":"335293686","lang":"en","created_at":"Mon Dec 15 09:47:47 +0000 2014","in_reply_to_status_id_str":"544362779004522496","place":null}
]