[{"contributors":null,"truncated":false,"text":"@ABC @c_good I hope this did not interrupt his Sunday Night Card Game.","in_reply_to_status_id":544314301067304960,"id":544314455728087042,"favorite_count":1,"source":"<a href=\"http://twitter.com\" rel=\"nofollow\">Twitter Web Client</a>","retweeted":false,"coordinates":null,"entities":{"symbols":[],"user_mentions":[{"id":28785486,"indices":[0,4],"id_str":"28785486","screen_name":"ABC","name":"ABC News"},{"id":17849496,"indices":[5,12],"id_str":"17849496","screen_name":"c_good","name":"Chris Good"}],"hashtags":[],"urls":[]},"in_reply_to_screen_name":"ABC","id_str":"544314455728087042","retweet_count":0,"in_reply_to_user_id":28785486,"favorited":false,"user":{"follow_request_sent":false,"profile_use_background_image":true,"profile_text_color":"333333","default_profile_image":false,"id":2612532926,"profile_background_image_url_https":"https://abs.twimg.com/images/themes/theme1/bg.png","verified":false,"profile_location":null,"profile_image_url_https":"https://pbs.twimg.com/profile_images/532568566634000387/pVo5g03p_normal.jpeg","profile_sidebar_fill_color":"DDEEF6","entities":{"description":{"urls":[]}},"followers_count":637,"profile_sidebar_border_color":"C0DEED","id_str":"2612532926","profile_background_color":"C0DEED","listed_count":16,"is_translation_enabled":false,"utc_offset":-14400,"statuses_count":7255,"description":"Retired United States Navy.  Two hundred thirty eight years strong.  And we want change....for this?!!","friends_count":631,"location":"Southeast of Up there.","profile_link_color":"0084B4","profile_image_url":"http://pbs.twimg.com/profile_images/532568566634000387/pVo5g03p_normal.jpeg","following":false,"geo_enabled":false,"profile_banner_url":"https://pbs.twimg.com/profile_banners/2612532926/1407465918","profile_background_image_url":"http://abs.twimg.com/images/themes/theme1/bg.png","name":"Daniel Patrick Moran","lang":"en","profile_background_tile":false,"favourites_count":535,"screen_name":"dpmoran1962","notifications":false,"url":null,"created_at":"Tue Jul 08 22:50:56 +0000 2014","contributors_enabled":false,"time_zone":"Atlantic Time (Canada)","protected":false,"default_profile":true,"is_translator":false},"geo":null,"in_reply_to_user_id_str":"28785486","lang":"en","created_at":"Mon Dec 15 02:14:13 +0000 2014","in_reply_to_status_id_str":"544314301067304960","place":null},
{"contributors":null,"truncated":false,"text":"RT “@ABC: JUST IN: White House official: Pres. Obama briefed on hostage situation in Sydney, Australia - @c_good http://t.co/Vhaue7yVrV”","in_reply_to_status_id":544314301067304960,"id":544314542314885120,"favorite_count":0,"source":"<a href=\"http://twitter.com/download/iphone\" rel=\"nofollow\">Twitter for iPhone</a>","retweeted":false,"coordinates":null,"entities":{"symbols":[],"user_mentions":[{"id":28785486,"indices":[4,8],"id_str":"28785486","screen_name":"ABC","name":"ABC News"},{"id":17849496,"indices":[105,112],"id_str":"17849496","screen_name":"c_good","name":"Chris Good"}],"hashtags":[],"urls":[{"url":"http://t.co/Vhaue7yVrV","indices":[113,135],"expanded_url":"http://abcn.ws/1zmseGk","display_url":"abcn.ws/1zmseGk"}]},"in_reply_to_screen_name":"ABC","id_str":"544314542314885120","retweet_count":0,"in_reply_to_user_id":28785486,"favorited":false,"user":{"follow_request_sent":false,"profile_use_background_image":true,"profile_text_color":"333333","default_profile_image":false,"id":168491473,"profile_background_image_url_https":"https://abs.twimg.com/images/themes/theme1/bg.png","verified":false,"profile_location":null,"profile_image_url_https":"https://pbs.twimg.com/profile_images/1084332562/JONO_normal.JPG","profile_sidebar_fill_color":"DDEEF6","entities":{"description":{"urls":[]}},"followers_count":891,"profile_sidebar_border_color":"C0DEED","id_str":"168491473","profile_background_color":"C0DEED","listed_count":17,"is_translation_enabled":false,"utc_offset":39600,"statuses_count":6327,"description":"Producer for Nine News in Melbourne - @9newsmelb . Opinions expressed here are mine and do not necessarily reflect those of my employer.","friends_count":1992,"location":"Melbourne","profile_link_color":"0084B4","profile_image_url":"http://pbs.twimg.com/profile_images/1084332562/JONO_normal.JPG","following":false,"geo_enabled":false,"profile_background_image_url":"http://abs.twimg.com/images/themes/theme1/bg.png","name":"Jonathan Kearsley","lang":"en","profile_background_tile":false,"favourites_count":14,"screen_name":"jekearsley","notifications":false,"url":null,"created_at":"Mon Jul 19 13:41:54 +0000 2010","contributors_enabled":false,"time_zone":"Melbourne","protected":false,"default_profile":true,"is_translator":false},"geo":null,"in_reply_to_user_id_str":"28785486","possibly_sensitive":false,"lang":"en","created_at":"Mon Dec 15 02:14:34 +0000 2014","in_reply_to_status_id_str":"544314301067304960","place":null},
{"contributors":null,"truncated":false,"text":"@ABC @c_good Sending love to Sydney","in_reply_to_status_id":544314301067304960,"id":544315088849481728,"favorite_count":0,"source":"<a href=\"http://twitter.com/download/android\" rel=\"nofollow\">Twitter for Android</a>","retweeted":false,"coordinates":null,"entities":{"symbols":[],"user_mentions":[{"id":28785486,"indices":[0,4],"id_str":"28785486","screen_name":"ABC","name":"ABC News"},{"id":17849496,"indices":[5,12],"id_str":"17849496","screen_name":"c_good","name":"Chris Good"}],"hashtags":[],"urls":[]},"in_reply_to_screen_name":"ABC","id_str":"544315088849481728","retweet_count":0,"in_reply_to_user_id":28785486,"favorited":false,"user":{"follow_request_sent":false,"profile_use_background_image":true,"profile_text_color":"333333","default_profile_image":false,"id":2503165899,"profile_background_image_url_https":"https://abs.twimg.com/images/themes/theme1/bg.png","verified":false,"profile_location":null,"profile_image_url_https":"https://pbs.twimg.com/profile_images/587704443539423232/ONenFT-R_normal.jpg","profile_sidebar_fill_color":"DDEEF6","entities":{"description":{"urls":[]}},"followers_count":842,"profile_sidebar_border_color":"C0DEED","id_str":"2503165899","profile_background_color":"C0DEED","listed_count":26,"is_translation_enabled":false,"utc_offset":null,"statuses_count":17131,"description":"We have to fight for life in a country of which we also go to war and fight for freedom and freedoms of others #Ferguson","friends_count":1794,"location":"","profile_link_color":"0084B4","profile_image_url":"http://pbs.twimg.com/profile_images/587704443539423232/ONenFT-R_normal.jpg","following":false,"geo_enabled":true,"profile_banner_url":"https://pbs.twimg.com/profile_banners/2503165899/1416315587","profile_background_image_url":"http://abs.twimg.com/images/themes/theme1/bg.png","name":"jjconceptsinc","lang":"en","profile_background_tile":false,"favourites_count":13209,"screen_name":"jjconceptsinc","notifications":false,"url":null,"created_at":"Wed Apr 23 03:43:28 +0000 2014","contributors_enabled":false,"time_zone":null,"protected":false,"default_profile":true,"is_translator":false},"geo":null,"in_reply_to_user_id_str":"28785486","lang":"en","created_at":"Mon Dec 15 02:16:44 +0000 2014","in_reply_to_status_id_str":"544314301067304960","place":null},
{"contributors":null,"truncated":false,"text":"@ABC @c_good \n\nWell, if you saw how #Benghazi turned out, last time Obama helped hostages they ended up dead.","in_reply_to_status_id":544314301067304960,"id":544315112178606081,"favorite_count":1,"source":"<a href=\"https://about.twitter.com/products/tweetdeck\" rel=\"nofollow\">TweetDeck</a>","retweeted":false,"coordinates":null,"entities":{"symbols":[],"user_mentions":[{"id":28785486,"indices":[0,4],"id_str":"28785486","screen_name":"ABC","name":"ABC News"},{"id":17849496,"indices":[5,12],"id_str":"17849496","screen_name":"c_good","name":"Chris Good"}],"hashtags":[{"indices":[36,45],"text":"Benghazi"}],"urls":[]},"in_reply_to_screen_name":"ABC","id_str":"544315112178606081","retweet_count":1,"in_reply_to_user_id":28785486,"favorited":false,"user":{"follow_request_sent":false,"profile_use_background_image":true,"profile_text_color":"333333","default_profile_image":false,"id":849342841,"profile_background_image_url_https":"https://pbs.twimg.com/profile_background_images/819637214/7b2ed4be9a74c6b6e7eb80d289b95083.jpeg","verified":false,"profile_location":null,"profile_image_url_https":"https://pbs.twimg.com/profile_images/578978516017926145/3Jh1ceVI_normal.jpeg","profile_sidebar_fill_color":"C0DFEC","entities":{"url":{"urls":[{"url":"http://t.co/m5TZv8xPRR","indices":[0,22],"expanded_url":"http://hehasfailed.wordpress.com/","display_url":"hehasfailed.wordpress.com"}]},"description":{"urls":[]}},"followers_count":1339,"profile_sidebar_border_color":"FFFFFF","id_str":"849342841","profile_background_color":"445F6B","listed_count":17,"is_translation_enabled":false,"utc_offset":-18000,"statuses_count":7625,"description":"Obama doesn't respect the Constitution...It was created to protect Americans from people like Obama. #tcot #tgdn \r\nSchnauzers are awesome. \r\nI bite Liberals.","friends_count":1488,"location":"","profile_link_color":"990024","profile_image_url":"http://pbs.twimg.com/profile_images/578978516017926145/3Jh1ceVI_normal.jpeg","following":false,"geo_enabled":false,"profile_banner_url":"https://pbs.twimg.com/profile_banners/849342841/1367711595","profile_background_image_url":"http://pbs.twimg.com/profile_background_images/819637214/7b2ed4be9a74c6b6e7eb80d289b95083.jpeg","name":"He Has Failed","lang":"en","profile_background_tile":true,"favourites_count":1455,"screen_name":"He_Has_Failed","notifications":false,"url":"http://t.co/m5TZv8xPRR","created_at":"Thu Sep 27 14:18:24 +0000 2012","contributors_enabled":false,"time_zone":"Eastern Time (US & Canada)","protected":false,"default_profile":false,"is_translator":false},"geo":null,"in_reply_to_user_id_str":"28785486","lang":"en","created_at":"Mon Dec 15 02:16:50 +0000 2014","in_reply_to_status_id_str":"544314301067304960","place":null},
{"contributors":null,"truncated":false,"text":"Just In - White House official: Pres. Obama briefed on hostage situation in Sydney, Australia. Live Updates: http://t.co/D19uBdOdvw @ABC","in_reply_to_status_id":544314301067304960,"id":544315212464390146,"favorite_count":0,"source":"<a href=\"http://twitter.com/download/iphone\" rel=\"nofollow\">Twitter for iPhone</a>","retweeted":false,"coordinates":null,"entities":{"symbols":[],"user_mentions":[{"id":28785486,"indices":[132,136],"id_str":"28785486","screen_name":"ABC","name":"ABC News"}],"hashtags":[],"urls":[{"url":"http://t.co/D19uBdOdvw","indices":[109,131],"expanded_url":"http://abcn.ws/1zmseGk","display_url":"abcn.ws/1zmseGk"}]},"in_reply_to_screen_name":"ABC","id_str":"544315212464390146","retweet_count":0,"in_reply_to_user_id":28785486,"favorited":false,"user":{"follow_request_sent":false,"profile_use_background_image":true,"profile_text_color":"333333","default_profile_image":false,"id":1278586290,"profile_background_image_url_https":"https://abs.twimg.com/images/themes/theme1/bg.png","verified":false,"profile_location":null,"profile_image_url_https":"https://pbs.twimg.com/profile_images/534703919889653760/o2SlTPT3_normal.jpeg","profile_sidebar_fill_color":"DDEEF6","entities":{"description":{"urls":[]}},"followers_count":1739,"profile_sidebar_border_color":"C0DEED","id_str":"1278586290","profile_background_color":"C0DEED","listed_count":9,"is_translation_enabled":false,"utc_offset":null,"statuses_count":8147,"description":"Trying To Bring My Followers The Most Interesting Tweets Ever!  Got Anything Interesting? Email me at MKnewsReports@gmail.com --- New: Follow MK on Instagram.","friends_count":104,"location":"New York","profile_link_color":"0084B4","profile_image_url":"http://pbs.twimg.com/profile_images/534703919889653760/o2SlTPT3_normal.jpeg","following":false,"geo_enabled":false,"profile_banner_url":"https://pbs.twimg.com/profile_banners/1278586290/1416318323","profile_background_image_url":"http://abs.twimg.com/images/themes/theme1/bg.png","name":"MK reports","lang":"en","profile_background_tile":false,"favourites_count":3,"screen_name":"MKreports","notifications":false,"url":null,"created_at":"Mon Mar 18 19:49:28 +0000 2013","contributors_enabled":false,"time_zone":null,"protected":false,"default_profile":true,"is_translator":false},"geo":null,"in_reply_to_user_id_str":"28785486","possibly_sensitive":false,"lang":"en","created_at":"Mon Dec 15 02:17:14 +0000 2014","in_reply_to_status_id_str":"544314301067304960","place":null},
{"contributors":null,"truncated":false,"text":"@ABC @c_good Why would Obama need to be briefed? Is he the negotiator? Or is he supposed to vote \"Present\" in the briefing meeting?","in_reply_to_status_id":544314301067304960,"id":544315411739996160,"favorite_count":0,"source":"<a href=\"http://twitter.com\" rel=\"nofollow\">Twitter Web Client</a>","retweeted":false,"coordinates":null,"entities":{"symbols":[],"user_mentions":[{"id":28785486,"indices":[0,4],"id_str":"28785486","screen_name":"ABC","name":"ABC News"},{"id":17849496,"indices":[5,12],"id_str":"17849496","screen_name":"c_good","name":"Chris Good"}],"hashtags":[],"urls":[]},"in_reply_to_screen_name":"ABC","id_str":"544315411739996160","retweet_count":0,"in_reply_to_user_id":28785486,"favorited":false,"user":{"follow_request_sent":false,"profile_use_background_image":true,"profile_text_color":"333333","default_profile_image":false,"id":41623942,"profile_background_image_url_https":"https://abs.twimg.com/images/themes/theme1/bg.png","verified":false,"profile_location":null,"profile_image_url_https":"https://pbs.twimg.com/profile_images/534701253050105856/IMiF4ZIp_normal.jpeg","profile_sidebar_fill_color":"DDEEF6","entities":{"url":{"urls":[{"url":"https://t.co/THQ5UhWKy8","indices":[0,23],"expanded_url":"https://www.facebook.com/WagonerRick","display_url":"facebook.com/WagonerRick"}]},"description":{"urls":[]}},"followers_count":142,"profile_sidebar_border_color":"C0DEED","id_str":"41623942","profile_background_color":"C0DEED","listed_count":1,"is_translation_enabled":false,"utc_offset":-21600,"statuses_count":2404,"description":"Christian/Originally from Indiana/Proud American/Disabled Vet/Air Force Retired/Federal Retiree/Republican/Single/Respectful of Rich Though I'm Not Rich","friends_count":230,"location":"Wagoner, Oklahoma","profile_link_color":"0084B4","profile_image_url":"http://pbs.twimg.com/profile_images/534701253050105856/IMiF4ZIp_normal.jpeg","following":false,"geo_enabled":true,"profile_banner_url":"https://pbs.twimg.com/profile_banners/41623942/1415224600","profile_background_image_url":"http://abs.twimg.com/images/themes/theme1/bg.png","name":"R Rose","lang":"en","profile_background_tile":false,"favourites_count":20,"screen_name":"Rick74467","notifications":false,"url":"https://t.co/THQ5UhWKy8","created_at":"Thu May 21 16:49:55 +0000 2009","contributors_enabled":false,"time_zone":"Central Time (US & Canada)","protected":false,"default_profile":true,"is_translator":false},"geo":null,"in_reply_to_user_id_str":"28785486","lang":"en","created_at":"Mon Dec 15 02:18:01 +0000 2014","in_reply_to_status_id_str":"544314301067304960","place":{"full_name":"Wagoner, OK","url":"https://api.twitter.com/1.1/geo/id/fd62a48d4e6f687d.json","country":"United States","place_type":"city","bounding_box":{"type":"Polygon","coordinates":[[[-95.419243,35.924363],[-95.357043,35.924363],[-95.357043,35.976887],[-95.419243,35.976887]]]},"contained_within":[],"country_code":"US","attributes":{},"id":"fd62a48d4e6f687d","name":"Wagoner"}},
{"contributors":null,"truncated":false,"text":"@ABC @c_good When will he be on TV telling Abbott to 'show restraint'?","in_reply_to_status_id":544314301067304960,"id":544315433906884608,"favorite_count":0,"source":"<a href=\"http://twitter.com\" rel=\"nofollow\">Twitter Web Client</a>","retweeted":false,"coordinates":null,"entities":{"symbols":[],"user_mentions":[{"id":28785486,"indices":[0,4],"id_str":"28785486","screen_name":"ABC","name":"ABC News"},{"id":17849496,"indices":[5,12],"id_str":"17849496","screen_name":"c_good","name":"Chris Good"}],"hashtags":[],"urls":[]},"in_reply_to_screen_name":"ABC","id_str":"544315433906884608","retweet_count":0,"in_reply_to_user_id":28785486,"favorited":false,"user":{"follow_request_sent":false,"profile_use_background_image":true,"profile_text_color":"333333","default_profile_image":false,"id":28263687,"profile_background_image_url_https":"https://pbs.twimg.com/profile_background_images/459151974856798208/BskOPkdW.jpeg","verified":false,"profile_location":null,"profile_image_url_https":"https://pbs.twimg.com/profile_images/580838742371344384/dYKmrD1s_normal.jpg","profile_sidebar_fill_color":"EFEFEF","entities":{"description":{"urls":[]}},"followers_count":491,"profile_sidebar_border_color":"FFFFFF","id_str":"28263687","profile_background_color":"131516","listed_count":11,"is_translation_enabled":false,"utc_offset":-14400,"statuses_count":2991,"description":"Conservative. Christian. Mom of 2. I read a lot. Excellent driver (except for that one time). God bless America!!! #StandWithIsrael #SupportOurVets","friends_count":417,"location":"USA","profile_link_color":"009999","profile_image_url":"http://pbs.twimg.com/profile_images/580838742371344384/dYKmrD1s_normal.jpg","following":false,"geo_enabled":false,"profile_banner_url":"https://pbs.twimg.com/profile_banners/28263687/1414034333","profile_background_image_url":"http://pbs.twimg.com/profile_background_images/459151974856798208/BskOPkdW.jpeg","name":"kim martyn","lang":"en","profile_background_tile":true,"favourites_count":520,"screen_name":"kmartyn","notifications":false,"url":null,"created_at":"Thu Apr 02 02:41:07 +0000 2009","contributors_enabled":false,"time_zone":"Atlantic Time (Canada)","protected":false,"default_profile":false,"is_translator":false},"geo":null,"in_reply_to_user_id_str":"28785486","lang":"en","created_at":"Mon Dec 15 02:18:06 +0000 2014","in_reply_to_status_id_str":"544314301067304960","place":null},
{"contributors":null,"truncated":false,"text":"@ABC @c_good END TERRORISM!!! #ARMEDFORCES","in_reply_to_status_id":544314301067304960,"id":544315641743048704,"favorite_count":0,"source":"<a href=\"http://twitter.com/download/android\" rel=\"nofollow\">Twitter for Android</a>","retweeted":false,"coordinates":null,"entities":{"symbols":[],"user_mentions":[{"id":28785486,"indices":[0,4],"id_str":"28785486","screen_name":"ABC","name":"ABC News"},{"id":17849496,"indices":[5,12],"id_str":"17849496","screen_name":"c_good","name":"Chris Good"}],"hashtags":[{"indices":[30,42],"text":"ARMEDFORCES"}],"urls":[]},"in_reply_to_screen_name":"ABC","id_str":"544315641743048704","retweet_count":0,"in_reply_to_user_id":28785486,"favorited":false,"user":{"follow_request_sent":false,"profile_use_background_image":true,"profile_text_color":"333333","default_profile_image":false,"id":1379250560,"profile_background_image_url_https":"https://abs.twimg.com/images/themes/theme1/bg.png","verified":false,"profile_location":null,"profile_image_url_https":"https://pbs.twimg.com/profile_images/505558908849889280/IFOoEmCx_normal.jpeg","profile_sidebar_fill_color":"DDEEF6","entities":{"description":{"urls":[]}},"followers_count":277,"profile_sidebar_border_color":"C0DEED","id_str":"1379250560","profile_background_color":"C0DEED","listed_count":4,"is_translation_enabled":false,"utc_offset":null,"statuses_count":13315,"description":"","friends_count":596,"location":"","profile_link_color":"0084B4","profile_image_url":"http://pbs.twimg.com/profile_images/505558908849889280/IFOoEmCx_normal.jpeg","following":false,"geo_enabled":true,"profile_banner_url":"https://pbs.twimg.com/profile_banners/1379250560/1401996591","profile_background_image_url":"http://abs.twimg.com/images/themes/theme1/bg.png","name":"MEDATZWHO","lang":"en","profile_background_tile":false,"favourites_count":446,"screen_name":"byreenn","notifications":false,"url":null,"created_at":"Thu Apr 25 11:28:12 +0000 2013","contributors_enabled":false,"time_zone":null,"protected":false,"default_profile":true,"is_translator":false},"geo":null,"in_reply_to_user_id_str":"28785486","lang":"en","created_at":"Mon Dec 15 02:18:56 +0000 2014","in_reply_to_status_id_str":"544314301067304960","place":null},
{"contributors":null,"truncated":false,"text":"@ABC @ABC30 @c_good Why would they brief Obama?  He's just going to tell them it's ok and not to harm the terrorist!","in_reply_to_status_id":544314301067304960,"id":544315642933821440,"favorite_count":1,"source":"<a href=\"http://twitter.com\" rel=\"nofollow\">Twitter Web Client</a>","retweeted":false,"coordinates":null,"entities":{"symbols":[],"user_mentions":[{"id":28785486,"indices":[0,4],"id_str":"28785486","screen_name":"ABC","name":"ABC News"},{"id":16688247,"indices":[5,11],"id_str":"16688247","screen_name":"ABC30","name":"ABC30 Fresno"},{"id":17849496,"indices":[12,19],"id_str":"17849496","screen_name":"c_good","name":"Chris Good"}],"hashtags":[],"urls":[]},"in_reply_to_screen_name":"ABC","id_str":"544315642933821440","retweet_count":0,"in_reply_to_user_id":28785486,"favorited":false,"user":{"follow_request_sent":false,"profile_use_background_image":true,"profile_text_color":"666666","default_profile_image":false,"id":22684884,"profile_background_image_url_https":"https://abs.twimg.com/images/themes/theme9/bg.gif","verified":false,"profile_location":null,"profile_image_url_https":"https://pbs.twimg.com/profile_images/378800000733743052/98a12e30f63dbd0668ea221191c8e280_normal.jpeg","profile_sidebar_fill_color":"252429","entities":{"url":{"urls":[{"url":"https://t.co/VRjIsPzMoi","indices":[0,23],"expanded_url":"https://www.facebook.com/profile.php?id=604319092","display_url":"facebook.com/profile.php?id…"}]},"description":{"urls":[]}},"followers_count":33,"profile_sidebar_border_color":"181A1E","id_str":"22684884","profile_background_color":"1A1B1F","listed_count":0,"is_translation_enabled":false,"utc_offset":-28800,"statuses_count":87,"description":"","friends_count":187,"location":"Sacramento, CA","profile_link_color":"2FC2EF","profile_image_url":"http://pbs.twimg.com/profile_images/378800000733743052/98a12e30f63dbd0668ea221191c8e280_normal.jpeg","following":false,"geo_enabled":true,"profile_background_image_url":"http://abs.twimg.com/images/themes/theme9/bg.gif","name":"JAM IV","lang":"en","profile_background_tile":false,"favourites_count":6,"screen_name":"johnmaxfield","notifications":false,"url":"https://t.co/VRjIsPzMoi","created_at":"Tue Mar 03 21:42:21 +0000 2009","contributors_enabled":false,"time_zone":"Pacific Time (US & Canada)","protected":false,"default_profile":false,"is_translator":false},"geo":null,"in_reply_to_user_id_str":"28785486","lang":"en","created_at":"Mon Dec 15 02:18:56 +0000 2014","in_reply_to_status_id_str":"544314301067304960","place":null},
{"contributors":null,"truncated":false,"text":"@ABC @c_good Why would he need to know what is going on in Australia? He never seems to know what's going on in the U.S.!!!","in_reply_to_status_id":544314301067304960,"id":544315778288615425,"favorite_count":1,"source":"<a href=\"http://twitter.com\" rel=\"nofollow\">Twitter Web Client</a>","retweeted":false,"coordinates":null,"entities":{"symbols":[],"user_mentions":[{"id":28785486,"indices":[0,4],"id_str":"28785486","screen_name":"ABC","name":"ABC News"},{"id":17849496,"indices":[5,12],"id_str":"17849496","screen_name":"c_good","name":"Chris Good"}],"hashtags":[],"urls":[]},"in_reply_to_screen_name":"ABC","id_str":"544315778288615425","retweet_count":0,"in_reply_to_user_id":28785486,"favorited":false,"user":{"follow_request_sent":false,"profile_use_background_image":true,"profile_text_color":"333333","default_profile_image":false,"id":41623942,"profile_background_image_url_https":"https://abs.twimg.com/images/themes/theme1/bg.png","verified":false,"profile_location":null,"profile_image_url_https":"https://pbs.twimg.com/profile_images/534701253050105856/IMiF4ZIp_normal.jpeg","profile_sidebar_fill_color":"DDEEF6","entities":{"url":{"urls":[{"url":"https://t.co/THQ5UhWKy8","indices":[0,23],"expanded_url":"https://www.facebook.com/WagonerRick","display_url":"facebook.com/WagonerRick"}]},"description":{"urls":[]}},"followers_count":142,"profile_sidebar_border_color":"C0DEED","id_str":"41623942","profile_background_color":"C0DEED","listed_count":1,"is_translation_enabled":false,"utc_offset":-21600,"statuses_count":2404,"description":"Christian/Originally from Indiana/Proud American/Disabled Vet/Air Force Retired/Federal Retiree/Republican/Single/Respectful of Rich Though I'm Not Rich","friends_count":230,"location":"Wagoner, Oklahoma","profile_link_color":"0084B4","profile_image_url":"http://pbs.twimg.com/profile_images/534701253050105856/IMiF4ZIp_normal.jpeg","following":false,"geo_enabled":true,"profile_banner_url":"https://pbs.twimg.com/profile_banners/41623942/1415224600","profile_background_image_url":"http://abs.twimg.com/images/themes/theme1/bg.png","name":"R Rose","lang":"en","profile_background_tile":false,"favourites_count":20,"screen_name":"Rick74467","notifications":false,"url":"https://t.co/THQ5UhWKy8","created_at":"Thu May 21 16:49:55 +0000 2009","contributors_enabled":false,"time_zone":"Central Time (US & Canada)","protected":false,"default_profile":true,"is_translator":false},"geo":null,"in_reply_to_user_id_str":"28785486","lang":"en","created_at":"Mon Dec 15 02:19:29 +0000 2014","in_reply_to_status_id_str":"544314301067304960","place":{"full_name":"Wagoner, OK","url":"https://api.twitter.com/1.1/geo/id/fd62a48d4e6f687d.json","country":"United States","place_type":"city","bounding_box":{"type":"Polygon","coordinates":[[[-95.419243,35.924363],[-95.357043,35.924363],[-95.357043,35.976887],[-95.419243,35.976887]]]},"contained_within":[],"country_code":"US","attributes":{},"id":"fd62a48d4e6f687d","name":"Wagoner"}},
{"contributors":null,"truncated":false,"text":"@ABC @c_good Obama won't worry. He has bodyguards. We don't. All Muslims are fine. Go back to sleep. Imams in US call for Jihad. Good too.","in_reply_to_status_id":544314301067304960,"id":544316159257235456,"favorite_count":0,"source":"<a href=\"http://twitter.com\" rel=\"nofollow\">Twitter Web Client</a>","retweeted":false,"coordinates":null,"entities":{"symbols":[],"user_mentions":[{"id":28785486,"indices":[0,4],"id_str":"28785486","screen_name":"ABC","name":"ABC News"},{"id":17849496,"indices":[5,12],"id_str":"17849496","screen_name":"c_good","name":"Chris Good"}],"hashtags":[],"urls":[]},"in_reply_to_screen_name":"ABC","id_str":"544316159257235456","retweet_count":0,"in_reply_to_user_id":28785486,"favorited":false,"user":{"follow_request_sent":false,"profile_use_background_image":false,"profile_text_color":"000000","default_profile_image":false,"id":2162983369,"profile_background_image_url_https":"https://abs.twimg.com/images/themes/theme1/bg.png","verified":false,"profile_location":null,"profile_image_url_https":"https://pbs.twimg.com/profile_images/502875775637282817/hzURxS1j_normal.jpeg","profile_sidebar_fill_color":"000000","entities":{"description":{"urls":[]}},"followers_count":1189,"profile_sidebar_border_color":"000000","id_str":"2162983369","profile_background_color":"000000","listed_count":9,"is_translation_enabled":false,"utc_offset":-18000,"statuses_count":22178,"description":"Truth Seeker, anti-antisemitism, seeking USA leadership in a rapidly exploding world. We all have a voice. Fun is good too. RT's do not = endorsement.","friends_count":1251,"location":"","profile_link_color":"FFCC4D","profile_image_url":"http://pbs.twimg.com/profile_images/502875775637282817/hzURxS1j_normal.jpeg","following":false,"geo_enabled":false,"profile_banner_url":"https://pbs.twimg.com/profile_banners/2162983369/1408328973","profile_background_image_url":"http://abs.twimg.com/images/themes/theme1/bg.png","name":"R.Kaminetzky","lang":"en","profile_background_tile":false,"favourites_count":5798,"screen_name":"Obsessedabroad","notifications":false,"url":null,"created_at":"Tue Oct 29 14:38:29 +0000 2013","contributors_enabled":false,"time_zone":"Eastern Time (US & Canada)","protected":false,"default_profile":false,"is_translator":false},"geo":null,"in_reply_to_user_id_str":"28785486","lang":"en","created_at":"Mon Dec 15 02:20:59 +0000 2014","in_reply_to_status_id_str":"544314301067304960","place":null},
{"contributors":null,"truncated":false,"text":"How as ESPN doing? @ABC: JUST IN: White House official: Pres. Obama briefed on hostage situation in Sydney, Australia - @c_good","in_reply_to_status_id":544314301067304960,"id":544316545695232000,"favorite_count":0,"source":"<a href=\"http://twitter.com/#!/download/ipad\" rel=\"nofollow\">Twitter for iPad</a>","retweeted":false,"coordinates":null,"entities":{"symbols":[],"user_mentions":[{"id":28785486,"indices":[19,23],"id_str":"28785486","screen_name":"ABC","name":"ABC News"},{"id":17849496,"indices":[120,127],"id_str":"17849496","screen_name":"c_good","name":"Chris Good"}],"hashtags":[],"urls":[]},"in_reply_to_screen_name":"ABC","id_str":"544316545695232000","retweet_count":0,"in_reply_to_user_id":28785486,"favorited":false,"user":{"follow_request_sent":false,"profile_use_background_image":true,"profile_text_color":"2969CB","default_profile_image":false,"id":31219247,"profile_background_image_url_https":"https://pbs.twimg.com/profile_background_images/535823683256721408/VxpzkKjF.jpeg","verified":false,"profile_location":null,"profile_image_url_https":"https://pbs.twimg.com/profile_images/575724135948533760/9to8Vjcl_normal.png","profile_sidebar_fill_color":"48BAF9","entities":{"description":{"urls":[]}},"followers_count":1294,"profile_sidebar_border_color":"FFFFFF","id_str":"31219247","profile_background_color":"0A0AF7","listed_count":68,"is_translation_enabled":false,"utc_offset":-21600,"statuses_count":79327,"description":"Glad to be 1 of your 10,000 closest invisible friends. Thx for being the visible voices in my head. Supporter of Israel not converter..and undocumented smartass","friends_count":891,"location":"Cottage Grove MN","profile_link_color":"F00C2B","profile_image_url":"http://pbs.twimg.com/profile_images/575724135948533760/9to8Vjcl_normal.png","following":false,"geo_enabled":true,"profile_banner_url":"https://pbs.twimg.com/profile_banners/31219247/1406595667","profile_background_image_url":"http://pbs.twimg.com/profile_background_images/535823683256721408/VxpzkKjF.jpeg","name":"Balou8900","lang":"en","profile_background_tile":true,"favourites_count":4112,"screen_name":"Balou8900","notifications":false,"url":null,"created_at":"Tue Apr 14 20:37:59 +0000 2009","contributors_enabled":false,"time_zone":"Central Time (US & Canada)","protected":false,"default_profile":false,"is_translator":false},"geo":null,"in_reply_to_user_id_str":"28785486","lang":"en","created_at":"Mon Dec 15 02:22:32 +0000 2014","in_reply_to_status_id_str":"544314301067304960","place":null},
{"contributors":null,"truncated":false,"text":"@ABC @SharNeal He has called Al for advice.","in_reply_to_status_id":544314301067304960,"id":544316575948345344,"favorite_count":1,"source":"<a href=\"http://twitter.com\" rel=\"nofollow\">Twitter Web Client</a>","retweeted":false,"coordinates":null,"entities":{"symbols":[],"user_mentions":[{"id":28785486,"indices":[0,4],"id_str":"28785486","screen_name":"ABC","name":"ABC News"},{"id":19921268,"indices":[5,14],"id_str":"19921268","screen_name":"SharNeal","name":"Sharon Andreas"}],"hashtags":[],"urls":[]},"in_reply_to_screen_name":"ABC","id_str":"544316575948345344","retweet_count":0,"in_reply_to_user_id":28785486,"favorited":false,"user":{"follow_request_sent":false,"profile_use_background_image":false,"profile_text_color":"000000","default_profile_image":false,"id":502254054,"profile_background_image_url_https":"https://abs.twimg.com/images/themes/theme1/bg.png","verified":false,"profile_location":null,"profile_image_url_https":"https://pbs.twimg.com/profile_images/498487454320431106/nn2_VmxS_normal.jpeg","profile_sidebar_fill_color":"000000","entities":{"description":{"urls":[]}},"followers_count":53,"profile_sidebar_border_color":"000000","id_str":"502254054","profile_background_color":"000000","listed_count":1,"is_translation_enabled":false,"utc_offset":-18000,"statuses_count":3629,"description":"Conservative, NRA, hunter, fisherman, Southern Baptist, college grad, retired, married.","friends_count":64,"location":"springfield, mo.","profile_link_color":"4A913C","profile_image_url":"http://pbs.twimg.com/profile_images/498487454320431106/nn2_VmxS_normal.jpeg","following":false,"geo_enabled":true,"profile_background_image_url":"http://abs.twimg.com/images/themes/theme1/bg.png","name":"Mike Kelly","lang":"en","profile_background_tile":false,"favourites_count":6,"screen_name":"MichaelRKelly1","notifications":false,"url":null,"created_at":"Fri Feb 24 23:40:38 +0000 2012","contributors_enabled":false,"time_zone":"Eastern Time (US & Canada)","protected":false,"default_profile":false,"is_translator":false},"geo":null,"in_reply_to_user_id_str":"28785486","lang":"en","created_at":"Mon Dec 15 02:22:39 +0000 2014","in_reply_to_status_id_str":"544314301067304960","place":null},
{"contributors":null,"truncated":false,"text":"@dpmoran1962 @ABC @c_good no, but it interrupted mine","in_reply_to_status_id":544314455728087042,"id":544316601432952833,"favorite_count":0,"source":"<a href=\"http://twitter.com/download/android\" rel=\"nofollow\">Twitter for Android</a>","retweeted":false,"coordinates":null,"entities":{"symbols":[],"user_mentions":[{"id":2612532926,"indices":[0,12],"id_str":"2612532926","screen_name":"dpmoran1962","name":"Daniel Patrick Moran"},{"id":28785486,"indices":[13,17],"id_str":"28785486","screen_name":"ABC","name":"ABC News"},{"id":17849496,"indices":[18,25],"id_str":"17849496","screen_name":"c_good","name":"Chris Good"}],"hashtags":[],"urls":[]},"in_reply_to_screen_name":"dpmoran1962","id_str":"544316601432952833","retweet_count":0,"in_reply_to_user_id":2612532926,"favorited":false,"user":{"follow_request_sent":false,"profile_use_background_image":true,"profile_text_color":"333333","default_profile_image":false,"id":244806580,"profile_background_image_url_https":"https://abs.twimg.com/images/themes/theme1/bg.png","verified":false,"profile_location":null,"profile_image_url_https":"https://pbs.twimg.com/profile_images/484453548852137984/xngNgP4K_normal.jpeg","profile_sidebar_fill_color":"DDEEF6","entities":{"description":{"urls":[]}},"followers_count":109,"profile_sidebar_border_color":"C0DEED","id_str":"244806580","profile_background_color":"C0DEED","listed_count":3,"is_translation_enabled":false,"utc_offset":-21600,"statuses_count":6601,"description":"","friends_count":541,"location":"","profile_link_color":"0084B4","profile_image_url":"http://pbs.twimg.com/profile_images/484453548852137984/xngNgP4K_normal.jpeg","following":false,"geo_enabled":false,"profile_banner_url":"https://pbs.twimg.com/profile_banners/244806580/1404338569","profile_background_image_url":"http://abs.twimg.com/images/themes/theme1/bg.png","name":"iAMaMYSTERY ","lang":"en","profile_background_tile":false,"favourites_count":133,"screen_name":"rctu77","notifications":false,"url":null,"created_at":"Sun Jan 30 05:15:41 +0000 2011","contributors_enabled":false,"time_zone":"Central Time (US & Canada)","protected":false,"default_profile":true,"is_translator":false},"geo":null,"in_reply_to_user_id_str":"2612532926","lang":"en","created_at":"Mon Dec 15 02:22:45 +0000 2014","in_reply_to_status_id_str":"544314455728087042","place":null},
{"contributors":null,"truncated":false,"text":"@MKreports @ABC Ooh our President is informed. He's packing for vacation Why bother him? Imams call for Jihad in the US, He protects them.","in_reply_to_status_id":544315212464390146,"id":544316731754569728,"favorite_count":0,"source":"<a href=\"http://twitter.com\" rel=\"nofollow\">Twitter Web Client</a>","retweeted":false,"coordinates":null,"entities":{"symbols":[],"user_mentions":[{"id":1278586290,"indices":[0,10],"id_str":"1278586290","screen_name":"MKreports","name":"MK reports"},{"id":28785486,"indices":[11,15],"id_str":"28785486","screen_name":"ABC","name":"ABC News"}],"hashtags":[],"urls":[]},"in_reply_to_screen_name":"MKreports","id_str":"544316731754569728","retweet_count":0,"in_reply_to_user_id":1278586290,"favorited":false,"user":{"follow_request_sent":false,"profile_use_background_image":false,"profile_text_color":"000000","default_profile_image":false,"id":2162983369,"profile_background_image_url_https":"https://abs.twimg.com/images/themes/theme1/bg.png","verified":false,"profile_location":null,"profile_image_url_https":"https://pbs.twimg.com/profile_images/502875775637282817/hzURxS1j_normal.jpeg","profile_sidebar_fill_color":"000000","entities":{"description":{"urls":[]}},"followers_count":1189,"profile_sidebar_border_color":"000000","id_str":"2162983369","profile_background_color":"000000","listed_count":9,"is_translation_enabled":false,"utc_offset":-18000,"statuses_count":22178,"description":"Truth Seeker, anti-antisemitism, seeking USA leadership in a rapidly exploding world. We all have a voice. Fun is good too. RT's do not = endorsement.","friends_count":1251,"location":"","profile_link_color":"FFCC4D","profile_image_url":"http://pbs.twimg.com/profile_images/502875775637282817/hzURxS1j_normal.jpeg","following":false,"geo_enabled":false,"profile_banner_url":"https://pbs.twimg.com/profile_banners/2162983369/1408328973","profile_background_image_url":"http://abs.twimg.com/images/themes/theme1/bg.png","name":"R.Kaminetzky","lang":"en","profile_background_tile":false,"favourites_count":5798,"screen_name":"Obsessedabroad","notifications":false,"url":null,"created_at":"Tue Oct 29 14:38:29 +0000 2013","contributors_enabled":false,"time_zone":"Eastern Time (US & Canada)","protected":false,"default_profile":false,"is_translator":false},"geo":null,"in_reply_to_user_id_str":"1278586290","lang":"en","created_at":"Mon Dec 15 02:23:16 +0000 2014","in_reply_to_status_id_str":"544315212464390146","place":null},
{"contributors":null,"truncated":false,"text":"@ABC @FaithBased92 @c_good \nAnd went back to sleep...zzz zzz snore......Benghazi.....\nZzzzz","in_reply_to_status_id":544314301067304960,"id":544316861106495488,"favorite_count":0,"source":"<a href=\"http://twitter.com/download/android\" rel=\"nofollow\">Twitter for Android</a>","retweeted":false,"coordinates":null,"entities":{"symbols":[],"user_mentions":[{"id":28785486,"indices":[0,4],"id_str":"28785486","screen_name":"ABC","name":"ABC News"},{"id":2723735572,"indices":[5,18],"id_str":"2723735572","screen_name":"FaithBased92","name":"FaithBased"},{"id":17849496,"indices":[19,26],"id_str":"17849496","screen_name":"c_good","name":"Chris Good"}],"hashtags":[],"urls":[]},"in_reply_to_screen_name":"ABC","id_str":"544316861106495488","retweet_count":0,"in_reply_to_user_id":28785486,"favorited":false,"user":{"follow_request_sent":false,"profile_use_background_image":true,"profile_text_color":"333333","default_profile_image":false,"id":18558809,"profile_background_image_url_https":"https://abs.twimg.com/images/themes/theme1/bg.png","verified":false,"profile_location":null,"profile_image_url_https":"https://pbs.twimg.com/profile_images/581936882663079936/ivqAxreD_normal.png","profile_sidebar_fill_color":"DDEEF6","entities":{"description":{"urls":[]}},"followers_count":1592,"profile_sidebar_border_color":"C0DEED","id_str":"18558809","profile_background_color":"C0DEED","listed_count":24,"is_translation_enabled":false,"utc_offset":null,"statuses_count":29664,"description":"Prog & Roll","friends_count":2001,"location":"Paradise Hawaii","profile_link_color":"0084B4","profile_image_url":"http://pbs.twimg.com/profile_images/581936882663079936/ivqAxreD_normal.png","following":false,"geo_enabled":true,"profile_background_image_url":"http://abs.twimg.com/images/themes/theme1/bg.png","name":"White Fruit Picker","lang":"en","profile_background_tile":false,"favourites_count":18908,"screen_name":"koolkat14215","notifications":false,"url":null,"created_at":"Fri Jan 02 18:41:17 +0000 2009","contributors_enabled":false,"time_zone":null,"protected":false,"default_profile":true,"is_translator":false},"geo":null,"in_reply_to_user_id_str":"28785486","lang":"pl","created_at":"Mon Dec 15 02:23:47 +0000 2014","in_reply_to_status_id_str":"544314301067304960","place":null},
{"contributors":null,"truncated":false,"text":"@He_Has_Failed I don't see why he has to be briefed on it at all.","in_reply_to_status_id":544315112178606081,"id":544316916089618433,"favorite_count":1,"source":"<a href=\"http://twitter.com/download/android\" rel=\"nofollow\">Twitter for Android</a>","retweeted":false,"coordinates":null,"entities":{"symbols":[],"user_mentions":[{"id":849342841,"indices":[0,14],"id_str":"849342841","screen_name":"He_Has_Failed","name":"He Has Failed"}],"hashtags":[],"urls":[]},"in_reply_to_screen_name":"He_Has_Failed","id_str":"544316916089618433","retweet_count":0,"in_reply_to_user_id":849342841,"favorited":false,"user":{"follow_request_sent":false,"profile_use_background_image":true,"profile_text_color":"333333","default_profile_image":false,"id":244806580,"profile_background_image_url_https":"https://abs.twimg.com/images/themes/theme1/bg.png","verified":false,"profile_location":null,"profile_image_url_https":"https://pbs.twimg.com/profile_images/484453548852137984/xngNgP4K_normal.jpeg","profile_sidebar_fill_color":"DDEEF6","entities":{"description":{"urls":[]}},"followers_count":109,"profile_sidebar_border_color":"C0DEED","id_str":"244806580","profile_background_color":"C0DEED","listed_count":3,"is_translation_enabled":false,"utc_offset":-21600,"statuses_count":6601,"description":"","friends_count":541,"location":"","profile_link_color":"0084B4","profile_image_url":"http://pbs.twimg.com/profile_images/484453548852137984/xngNgP4K_normal.jpeg","following":false,"geo_enabled":false,"profile_banner_url":"https://pbs.twimg.com/profile_banners/244806580/1404338569","profile_background_image_url":"http://abs.twimg.com/images/themes/theme1/bg.png","name":"iAMaMYSTERY ","lang":"en","profile_background_tile":false,"favourites_count":133,"screen_name":"rctu77","notifications":false,"url":null,"created_at":"Sun Jan 30 05:15:41 +0000 2011","contributors_enabled":false,"time_zone":"Central Time (US & Canada)","protected":false,"default_profile":true,"is_translator":false},"geo":null,"in_reply_to_user_id_str":"849342841","lang":"en","created_at":"Mon Dec 15 02:24:00 +0000 2014","in_reply_to_status_id_str":"544315112178606081","place":null},
{"contributors":null,"truncated":false,"text":"@Rick74467 I know, huh. Dumb.","in_reply_to_status_id":544315411739996160,"id":544317044657627136,"favorite_count":0,"source":"<a href=\"http://twitter.com/download/android\" rel=\"nofollow\">Twitter for Android</a>","retweeted":false,"coordinates":null,"entities":{"symbols":[],"user_mentions":[{"id":41623942,"indices":[0,10],"id_str":"41623942","screen_name":"Rick74467","name":"R Rose"}],"hashtags":[],"urls":[]},"in_reply_to_screen_name":"Rick74467","id_str":"544317044657627136","retweet_count":0,"in_reply_to_user_id":41623942,"favorited":false,"user":{"follow_request_sent":false,"profile_use_background_image":true,"profile_text_color":"333333","default_profile_image":false,"id":244806580,"profile_background_image_url_https":"https://abs.twimg.com/images/themes/theme1/bg.png","verified":false,"profile_location":null,"profile_image_url_https":"https://pbs.twimg.com/profile_images/484453548852137984/xngNgP4K_normal.jpeg","profile_sidebar_fill_color":"DDEEF6","entities":{"description":{"urls":[]}},"followers_count":109,"profile_sidebar_border_color":"C0DEED","id_str":"244806580","profile_background_color":"C0DEED","listed_count":3,"is_translation_enabled":false,"utc_offset":-21600,"statuses_count":6601,"description":"","friends_count":541,"location":"","profile_link_color":"0084B4","profile_image_url":"http://pbs.twimg.com/profile_images/484453548852137984/xngNgP4K_normal.jpeg","following":false,"geo_enabled":false,"profile_banner_url":"https://pbs.twimg.com/profile_banners/244806580/1404338569","profile_background_image_url":"http://abs.twimg.com/images/themes/theme1/bg.png","name":"iAMaMYSTERY ","lang":"en","profile_background_tile":false,"favourites_count":133,"screen_name":"rctu77","notifications":false,"url":null,"created_at":"Sun Jan 30 05:15:41 +0000 2011","contributors_enabled":false,"time_zone":"Central Time (US & Canada)","protected":false,"default_profile":true,"is_translator":false},"geo":null,"in_reply_to_user_id_str":"41623942","lang":"en","created_at":"Mon Dec 15 02:24:31 +0000 2014","in_reply_to_status_id_str":"544315411739996160","place":null},
{"contributors":null,"truncated":false,"text":"@rctu77 \n\nYes, he could read about it in the paper tomorrow like everything else.","in_reply_to_status_id":544316916089618433,"id":544317236673257472,"favorite_count":1,"source":"<a href=\"https://about.twitter.com/products/tweetdeck\" rel=\"nofollow\">TweetDeck</a>","retweeted":false,"coordinates":null,"entities":{"symbols":[],"user_mentions":[{"id":244806580,"indices":[0,7],"id_str":"244806580","screen_name":"rctu77","name":"iAMaMYSTERY "}],"hashtags":[],"urls":[]},"in_reply_to_screen_name":"rctu77","id_str":"544317236673257472","retweet_count":0,"in_reply_to_user_id":244806580,"favorited":false,"user":{"follow_request_sent":false,"profile_use_background_image":true,"profile_text_color":"333333","default_profile_image":false,"id":849342841,"profile_background_image_url_https":"https://pbs.twimg.com/profile_background_images/819637214/7b2ed4be9a74c6b6e7eb80d289b95083.jpeg","verified":false,"profile_location":null,"profile_image_url_https":"https://pbs.twimg.com/profile_images/578978516017926145/3Jh1ceVI_normal.jpeg","profile_sidebar_fill_color":"C0DFEC","entities":{"url":{"urls":[{"url":"http://t.co/m5TZv8xPRR","indices":[0,22],"expanded_url":"http://hehasfailed.wordpress.com/","display_url":"hehasfailed.wordpress.com"}]},"description":{"urls":[]}},"followers_count":1340,"profile_sidebar_border_color":"FFFFFF","id_str":"849342841","profile_background_color":"445F6B","listed_count":17,"is_translation_enabled":false,"utc_offset":-18000,"statuses_count":7635,"description":"Obama doesn't respect the Constitution...It was created to protect Americans from people like Obama. #tcot #tgdn \r\nSchnauzers are awesome. \r\nI bite Liberals.","friends_count":1488,"location":"","profile_link_color":"990024","profile_image_url":"http://pbs.twimg.com/profile_images/578978516017926145/3Jh1ceVI_normal.jpeg","following":false,"geo_enabled":false,"profile_banner_url":"https://pbs.twimg.com/profile_banners/849342841/1367711595","profile_background_image_url":"http://pbs.twimg.com/profile_background_images/819637214/7b2ed4be9a74c6b6e7eb80d289b95083.jpeg","name":"He Has Failed","lang":"en","profile_background_tile":true,"favourites_count":1456,"screen_name":"He_Has_Failed","notifications":false,"url":"http://t.co/m5TZv8xPRR","created_at":"Thu Sep 27 14:18:24 +0000 2012","contributors_enabled":false,"time_zone":"Eastern Time (US & Canada)","protected":false,"default_profile":false,"is_translator":false},"geo":null,"in_reply_to_user_id_str":"244806580","lang":"en","created_at":"Mon Dec 15 02:25:16 +0000 2014","in_reply_to_status_id_str":"544316916089618433","place":null},
{"contributors":null,"truncated":false,"text":"@Obsessedabroad why is Obama obligated to do something about a hostage situation in Australia?","in_reply_to_status_id":544316731754569728,"id":544317483138551808,"favorite_count":0,"source":"<a href=\"http://twitter.com/download/android\" rel=\"nofollow\">Twitter for Android</a>","retweeted":false,"coordinates":null,"entities":{"symbols":[],"user_mentions":[{"id":2162983369,"indices":[0,15],"id_str":"2162983369","screen_name":"Obsessedabroad","name":"R.Kaminetzky"}],"hashtags":[],"urls":[]},"in_reply_to_screen_name":"Obsessedabroad","id_str":"544317483138551808","retweet_count":1,"in_reply_to_user_id":2162983369,"favorited":false,"user":{"follow_request_sent":false,"profile_use_background_image":true,"profile_text_color":"333333","default_profile_image":false,"id":244806580,"profile_background_image_url_https":"https://abs.twimg.com/images/themes/theme1/bg.png","verified":false,"profile_location":null,"profile_image_url_https":"https://pbs.twimg.com/profile_images/484453548852137984/xngNgP4K_normal.jpeg","profile_sidebar_fill_color":"DDEEF6","entities":{"description":{"urls":[]}},"followers_count":109,"profile_sidebar_border_color":"C0DEED","id_str":"244806580","profile_background_color":"C0DEED","listed_count":3,"is_translation_enabled":false,"utc_offset":-21600,"statuses_count":6602,"description":"","friends_count":541,"location":"","profile_link_color":"0084B4","profile_image_url":"http://pbs.twimg.com/profile_images/484453548852137984/xngNgP4K_normal.jpeg","following":false,"geo_enabled":false,"profile_banner_url":"https://pbs.twimg.com/profile_banners/244806580/1404338569","profile_background_image_url":"http://abs.twimg.com/images/themes/theme1/bg.png","name":"iAMaMYSTERY ","lang":"en","profile_background_tile":false,"favourites_count":133,"screen_name":"rctu77","notifications":false,"url":null,"created_at":"Sun Jan 30 05:15:41 +0000 2011","contributors_enabled":false,"time_zone":"Central Time (US & Canada)","protected":false,"default_profile":true,"is_translator":false},"geo":null,"in_reply_to_user_id_str":"2162983369","lang":"en","created_at":"Mon Dec 15 02:26:15 +0000 2014","in_reply_to_status_id_str":"544316731754569728","place":null}
]