[{"contributors":null,"truncated":false,"text":"Be wary wary scared!\n@PzFeed @zerohedge","in_reply_to_status_id":544305913260433408,"id":544306766251827200,"favorite_count":0,"source":"<a href=\"http://twitter.com/download/iphone\" rel=\"nofollow\">Twitter for iPhone</a>","retweeted":false,"coordinates":null,"entities":{"symbols":[],"user_mentions":[{"id":292777349,"indices":[21,28],"id_str":"292777349","screen_name":"PzFeed","name":"PzFeed Top News"},{"id":18856867,"indices":[29,39],"id_str":"18856867","screen_name":"zerohedge","name":"zerohedge"}],"hashtags":[],"urls":[]},"in_reply_to_screen_name":"PzFeed","id_str":"544306766251827200","retweet_count":0,"in_reply_to_user_id":292777349,"favorited":false,"user":{"follow_request_sent":false,"profile_use_background_image":true,"profile_text_color":"333333","default_profile_image":false,"id":1063844286,"profile_background_image_url_https":"https://abs.twimg.com/images/themes/theme1/bg.png","verified":false,"profile_location":null,"profile_image_url_https":"https://pbs.twimg.com/profile_images/506984582064115712/wMsXUpPX_normal.jpeg","profile_sidebar_fill_color":"DDEEF6","entities":{"description":{"urls":[]}},"followers_count":127,"profile_sidebar_border_color":"C0DEED","id_str":"1063844286","profile_background_color":"C0DEED","listed_count":5,"is_translation_enabled":false,"utc_offset":null,"statuses_count":7533,"description":"Listen to everyone, read everything, believe nothing unless you can prove it in your own research. ~William Cooper","friends_count":177,"location":"Earth","profile_link_color":"0084B4","profile_image_url":"http://pbs.twimg.com/profile_images/506984582064115712/wMsXUpPX_normal.jpeg","following":false,"geo_enabled":false,"profile_background_image_url":"http://abs.twimg.com/images/themes/theme1/bg.png","name":"Kyle","lang":"en","profile_background_tile":false,"favourites_count":1083,"screen_name":"KjemalKyle","notifications":false,"url":null,"created_at":"Sat Jan 05 19:52:01 +0000 2013","contributors_enabled":false,"time_zone":null,"protected":false,"default_profile":true,"is_translator":false},"geo":null,"in_reply_to_user_id_str":"292777349","lang":"en","created_at":"Mon Dec 15 01:43:40 +0000 2014","in_reply_to_status_id_str":"544305913260433408","place":null},
{"contributors":null,"truncated":false,"text":"@PzFeed @zerohedge Think this will loosen up gun control in Australia?","in_reply_to_status_id":544305913260433408,"id":544306804772315136,"favorite_count":0,"source":"<a href=\"http://twitter.com\" rel=\"nofollow\">Twitter Web Client</a>","retweeted":false,"coordinates":null,"entities":{"symbols":[],"user_mentions":[{"id":292777349,"indices":[0,7],"id_str":"292777349","screen_name":"PzFeed","name":"PzFeed Top News"},{"id":18856867,"indices":[8,18],"id_str":"18856867","screen_name":"zerohedge","name":"zerohedge"}],"hashtags":[],"urls":[]},"in_reply_to_screen_name":"PzFeed","id_str":"544306804772315136","retweet_count":0,"in_reply_to_user_id":292777349,"favorited":false,"user":{"follow_request_sent":false,"profile_use_background_image":true,"profile_text_color":"333333","default_profile_image":false,"id":305511310,"profile_background_image_url_https":"https://abs.twimg.com/images/themes/theme1/bg.png","verified":false,"profile_location":null,"profile_image_url_https":"https://pbs.twimg.com/profile_images/473565332167065600/lay5LZx3_normal.jpeg","profile_sidebar_fill_color":"DDEEF6","entities":{"url":{"urls":[{"url":"http://t.co/X9ww2HBpoL","indices":[0,22],"expanded_url":"http://www.brain-sludge.com","display_url":"brain-sludge.com"}]},"description":{"urls":[{"url":"http://t.co/j3NITT1ALS","indices":[15,37],"expanded_url":"http://Brain-Sludge.com","display_url":"Brain-Sludge.com"}]}},"followers_count":27,"profile_sidebar_border_color":"C0DEED","id_str":"305511310","profile_background_color":"C0DEED","listed_count":0,"is_translation_enabled":false,"utc_offset":-25200,"statuses_count":321,"description":"Contributor to http://t.co/j3NITT1ALS. Uncensored conversations and rants on Government, Economics, Gold, Silver, Guns, Ammo and everything else.","friends_count":34,"location":"Colorado","profile_link_color":"00B330","profile_image_url":"http://pbs.twimg.com/profile_images/473565332167065600/lay5LZx3_normal.jpeg","following":false,"geo_enabled":false,"profile_background_image_url":"http://abs.twimg.com/images/themes/theme1/bg.png","name":"Brain-Sludge","lang":"en","profile_background_tile":false,"favourites_count":3,"screen_name":"BTBS314","notifications":false,"url":"http://t.co/X9ww2HBpoL","created_at":"Thu May 26 10:32:35 +0000 2011","contributors_enabled":false,"time_zone":"Mountain Time (US & Canada)","protected":false,"default_profile":false,"is_translator":false},"geo":null,"in_reply_to_user_id_str":"292777349","lang":"en","created_at":"Mon Dec 15 01:43:49 +0000 2014","in_reply_to_status_id_str":"544305913260433408","place":null},
{"contributors":null,"truncated":false,"text":"@PzFeed @bguarino58 well I guess so after the release that our administration just let the whole world know!! For NO GOOD reason","in_reply_to_status_id":544305913260433408,"id":544307348165365760,"favorite_count":2,"source":"<a href=\"http://twitter.com/download/iphone\" rel=\"nofollow\">Twitter for iPhone</a>","retweeted":false,"coordinates":null,"entities":{"symbols":[],"user_mentions":[{"id":292777349,"indices":[0,7],"id_str":"292777349","screen_name":"PzFeed","name":"PzFeed Top News"},{"id":2725911162,"indices":[8,19],"id_str":"2725911162","screen_name":"bguarino58","name":"Proud 2 B American"}],"hashtags":[],"urls":[]},"in_reply_to_screen_name":"PzFeed","id_str":"544307348165365760","retweet_count":1,"in_reply_to_user_id":292777349,"favorited":false,"user":{"follow_request_sent":false,"profile_use_background_image":true,"profile_text_color":"333333","default_profile_image":false,"id":864927037,"profile_background_image_url_https":"https://abs.twimg.com/images/themes/theme1/bg.png","verified":false,"profile_location":null,"profile_image_url_https":"https://pbs.twimg.com/profile_images/584456303738753025/CODOZee-_normal.jpg","profile_sidebar_fill_color":"DDEEF6","entities":{"description":{"urls":[]}},"followers_count":554,"profile_sidebar_border_color":"C0DEED","id_str":"864927037","profile_background_color":"C0DEED","listed_count":1,"is_translation_enabled":false,"utc_offset":-21600,"statuses_count":9234,"description":"","friends_count":783,"location":"","profile_link_color":"0084B4","profile_image_url":"http://pbs.twimg.com/profile_images/584456303738753025/CODOZee-_normal.jpg","following":false,"geo_enabled":true,"profile_banner_url":"https://pbs.twimg.com/profile_banners/864927037/1418523946","profile_background_image_url":"http://abs.twimg.com/images/themes/theme1/bg.png","name":"paris","lang":"en","profile_background_tile":false,"favourites_count":3489,"screen_name":"Destinbeach22","notifications":false,"url":null,"created_at":"Sat Oct 06 16:13:57 +0000 2012","contributors_enabled":false,"time_zone":"Central Time (US & Canada)","protected":false,"default_profile":true,"is_translator":false},"geo":null,"in_reply_to_user_id_str":"292777349","lang":"en","created_at":"Mon Dec 15 01:45:59 +0000 2014","in_reply_to_status_id_str":"544305913260433408","place":null},
{"contributors":null,"truncated":false,"text":"@PzFeed @CDoranHarader Isn't this where they outlawed guns &amp; now outlaw has gun &amp; others don't have to defend selves? Libs want this in US!","in_reply_to_status_id":544305913260433408,"id":544307459209576448,"favorite_count":2,"source":"<a href=\"http://twitter.com/download/android\" rel=\"nofollow\">Twitter for Android</a>","retweeted":false,"coordinates":null,"entities":{"symbols":[],"user_mentions":[{"id":292777349,"indices":[0,7],"id_str":"292777349","screen_name":"PzFeed","name":"PzFeed Top News"},{"id":1621868402,"indices":[8,22],"id_str":"1621868402","screen_name":"CDoranHarader","name":"Doran Harader"}],"hashtags":[],"urls":[]},"in_reply_to_screen_name":"PzFeed","id_str":"544307459209576448","retweet_count":4,"in_reply_to_user_id":292777349,"favorited":false,"user":{"follow_request_sent":false,"profile_use_background_image":false,"profile_text_color":"333333","default_profile_image":false,"id":553010243,"profile_background_image_url_https":"https://abs.twimg.com/images/themes/theme1/bg.png","verified":false,"profile_location":null,"profile_image_url_https":"https://pbs.twimg.com/profile_images/459013809357590528/asVSHOVp_normal.png","profile_sidebar_fill_color":"DDEEF6","entities":{"url":{"urls":[{"url":"http://t.co/TEmkT9OLG5","indices":[0,22],"expanded_url":"http://ourchurch.com/member/c/churchsecurity","display_url":"ourchurch.com/member/c/churc…"}]},"description":{"urls":[{"url":"http://t.co/SNFkw0rWdu","indices":[107,129],"expanded_url":"http://www.ChurchSecurityInstitute.wordpress.com","display_url":"ChurchSecurityInstitute.wordpress.com"}]}},"followers_count":835,"profile_sidebar_border_color":"C0DEED","id_str":"553010243","profile_background_color":"C0DEED","listed_count":16,"is_translation_enabled":false,"utc_offset":-18000,"statuses_count":28258,"description":"We help churches, synagogues, ministries schools review risks & develop a Plan to be safer & more secure.  http://t.co/SNFkw0rWdu","friends_count":1143,"location":"Norfolk VA","profile_link_color":"0084B4","profile_image_url":"http://pbs.twimg.com/profile_images/459013809357590528/asVSHOVp_normal.png","following":false,"geo_enabled":false,"profile_background_image_url":"http://abs.twimg.com/images/themes/theme1/bg.png","name":"Church Security Inst","lang":"en","profile_background_tile":false,"favourites_count":1008,"screen_name":"ChurchSecurityI","notifications":false,"url":"http://t.co/TEmkT9OLG5","created_at":"Fri Apr 13 21:09:08 +0000 2012","contributors_enabled":false,"time_zone":"Eastern Time (US & Canada)","protected":false,"default_profile":false,"is_translator":false},"geo":null,"in_reply_to_user_id_str":"292777349","lang":"en","created_at":"Mon Dec 15 01:46:25 +0000 2014","in_reply_to_status_id_str":"544305913260433408","place":null},
{"contributors":null,"truncated":false,"text":"@PzFeed @zerohedge they wud evacuate","in_reply_to_status_id":544305913260433408,"id":544308094189436928,"favorite_count":0,"source":"<a href=\"http://twitter.com/download/iphone\" rel=\"nofollow\">Twitter for iPhone</a>","retweeted":false,"coordinates":{"type":"Point","coordinates":[-0.02942903,51.41073266]},"entities":{"symbols":[],"user_mentions":[{"id":292777349,"indices":[0,7],"id_str":"292777349","screen_name":"PzFeed","name":"PzFeed Top News"},{"id":18856867,"indices":[8,18],"id_str":"18856867","screen_name":"zerohedge","name":"zerohedge"}],"hashtags":[],"urls":[]},"in_reply_to_screen_name":"PzFeed","id_str":"544308094189436928","retweet_count":0,"in_reply_to_user_id":292777349,"favorited":false,"user":{"follow_request_sent":false,"profile_use_background_image":true,"profile_text_color":"333333","default_profile_image":false,"id":413991220,"profile_background_image_url_https":"https://abs.twimg.com/images/themes/theme1/bg.png","verified":false,"profile_location":null,"profile_image_url_https":"https://pbs.twimg.com/profile_images/1643625760/NickHastings_normal.jpg","profile_sidebar_fill_color":"DDEEF6","entities":{"description":{"urls":[]}},"followers_count":860,"profile_sidebar_border_color":"C0DEED","id_str":"413991220","profile_background_color":"C0DEED","listed_count":44,"is_translation_enabled":false,"utc_offset":3600,"statuses_count":3929,"description":"Columnist, market commentator and TV anchor who has written about foreign exchange for more than 25 years.","friends_count":192,"location":"London","profile_link_color":"0084B4","profile_image_url":"http://pbs.twimg.com/profile_images/1643625760/NickHastings_normal.jpg","following":false,"geo_enabled":true,"profile_background_image_url":"http://abs.twimg.com/images/themes/theme1/bg.png","name":"Nick Hastings","lang":"en","profile_background_tile":false,"favourites_count":45,"screen_name":"Nick_Hastings1","notifications":false,"url":null,"created_at":"Wed Nov 16 13:59:48 +0000 2011","contributors_enabled":false,"time_zone":"Amsterdam","protected":false,"default_profile":true,"is_translator":false},"geo":{"type":"Point","coordinates":[51.41073266,-0.02942903]},"in_reply_to_user_id_str":"292777349","lang":"en","created_at":"Mon Dec 15 01:48:57 +0000 2014","in_reply_to_status_id_str":"544305913260433408","place":{"full_name":"Bromley, London","url":"https://api.twitter.com/1.1/geo/id/135989ad972a5d9d.json","country":"United Kingdom","place_type":"city","bounding_box":{"type":"Polygon","coordinates":[[[-0.080526,51.3434174],[0.1331237,51.3434174],[0.1331237,51.4452233],[-0.080526,51.4452233]]]},"contained_within":[],"country_code":"GB","attributes":{},"id":"135989ad972a5d9d","name":"Bromley"}},
{"contributors":null,"truncated":false,"text":"@PzFeed \n😅😅😅😅😅\nSissies...","in_reply_to_status_id":544305913260433408,"id":544308494522802176,"favorite_count":0,"source":"<a href=\"http://twitter.com/download/android\" rel=\"nofollow\">Twitter for Android</a>","retweeted":false,"coordinates":null,"entities":{"symbols":[],"user_mentions":[{"id":292777349,"indices":[0,7],"id_str":"292777349","screen_name":"PzFeed","name":"PzFeed Top News"}],"hashtags":[],"urls":[]},"in_reply_to_screen_name":"PzFeed","id_str":"544308494522802176","retweet_count":0,"in_reply_to_user_id":292777349,"favorited":false,"user":{"follow_request_sent":false,"profile_use_background_image":true,"profile_text_color":"333333","default_profile_image":false,"id":1719561684,"profile_background_image_url_https":"https://abs.twimg.com/images/themes/theme1/bg.png","verified":false,"profile_location":null,"profile_image_url_https":"https://pbs.twimg.com/profile_images/566463183142256640/gL5LOKem_normal.jpeg","profile_sidebar_fill_color":"DDEEF6","entities":{"description":{"urls":[]}},"followers_count":1087,"profile_sidebar_border_color":"C0DEED","id_str":"1719561684","profile_background_color":"C0DEED","listed_count":14,"is_translation_enabled":false,"utc_offset":null,"statuses_count":16623,"description":"Syrian/American who feels stupid for voting for Obama. Long live Free Secular Syria.I occasionally curse and make fun of people.","friends_count":615,"location":"","profile_link_color":"0084B4","profile_image_url":"http://pbs.twimg.com/profile_images/566463183142256640/gL5LOKem_normal.jpeg","following":false,"geo_enabled":true,"profile_banner_url":"https://pbs.twimg.com/profile_banners/1719561684/1411419631","profile_background_image_url":"http://abs.twimg.com/images/themes/theme1/bg.png","name":"WikiSyria","lang":"en","profile_background_tile":false,"favourites_count":1500,"screen_name":"wiki_syria","notifications":false,"url":null,"created_at":"Sun Sep 01 16:47:42 +0000 2013","contributors_enabled":false,"time_zone":null,"protected":false,"default_profile":true,"is_translator":false},"geo":null,"in_reply_to_user_id_str":"292777349","lang":"en","created_at":"Mon Dec 15 01:50:32 +0000 2014","in_reply_to_status_id_str":"544305913260433408","place":null},
{"contributors":null,"truncated":false,"text":"Beeeeeeiiiiiii “@PzFeed: BREAKING UPDATE: US Consulate in Sydney has been evacuated and US Citizens there being warned to be on high alert.”","in_reply_to_status_id":544305913260433408,"id":544309517992099840,"favorite_count":0,"source":"<a href=\"http://twitter.com/download/iphone\" rel=\"nofollow\">Twitter for iPhone</a>","retweeted":false,"coordinates":null,"entities":{"symbols":[],"user_mentions":[{"id":292777349,"indices":[16,23],"id_str":"292777349","screen_name":"PzFeed","name":"PzFeed Top News"}],"hashtags":[],"urls":[]},"in_reply_to_screen_name":"PzFeed","id_str":"544309517992099840","retweet_count":0,"in_reply_to_user_id":292777349,"favorited":false,"user":{"follow_request_sent":false,"profile_use_background_image":true,"profile_text_color":"333333","default_profile_image":false,"id":216655013,"profile_background_image_url_https":"https://pbs.twimg.com/profile_background_images/378800000102739080/9e59dee0d9415e3b04d4e8ac992df9df.jpeg","verified":false,"profile_location":null,"profile_image_url_https":"https://pbs.twimg.com/profile_images/567497953942974464/sG1BDBIX_normal.jpeg","profile_sidebar_fill_color":"DDEEF6","entities":{"url":{"urls":[{"url":"http://t.co/1zpxJBEmuD","indices":[0,22],"expanded_url":"http://www.meatspin.com","display_url":"meatspin.com"}]},"description":{"urls":[]}},"followers_count":1717,"profile_sidebar_border_color":"000000","id_str":"216655013","profile_background_color":"C0DEED","listed_count":13,"is_translation_enabled":false,"utc_offset":-7200,"statuses_count":33813,"description":"Grande obra do mestre Picasso. Representante da Velha Escola do Tuider.","friends_count":282,"location":"","profile_link_color":"0084B4","profile_image_url":"http://pbs.twimg.com/profile_images/567497953942974464/sG1BDBIX_normal.jpeg","following":false,"geo_enabled":true,"profile_banner_url":"https://pbs.twimg.com/profile_banners/216655013/1415758686","profile_background_image_url":"http://pbs.twimg.com/profile_background_images/378800000102739080/9e59dee0d9415e3b04d4e8ac992df9df.jpeg","name":"Dr. Destino","lang":"en","profile_background_tile":true,"favourites_count":421,"screen_name":"RealDuva","notifications":false,"url":"http://t.co/1zpxJBEmuD","created_at":"Wed Nov 17 11:05:26 +0000 2010","contributors_enabled":false,"time_zone":"Brasilia","protected":false,"default_profile":false,"is_translator":false},"geo":null,"in_reply_to_user_id_str":"292777349","lang":"en","created_at":"Mon Dec 15 01:54:36 +0000 2014","in_reply_to_status_id_str":"544305913260433408","place":null},
{"contributors":null,"truncated":false,"text":"@ChurchSecurityI @PzFeed @CDoranHarader And that's why the homicide rate in the US is much higher than other western nations - doesn't work!","in_reply_to_status_id":544307459209576448,"id":544497767138082817,"favorite_count":1,"source":"<a href=\"http://twitter.com\" rel=\"nofollow\">Twitter Web Client</a>","retweeted":false,"coordinates":null,"entities":{"symbols":[],"user_mentions":[{"id":553010243,"indices":[0,16],"id_str":"553010243","screen_name":"ChurchSecurityI","name":"Church Security Inst"},{"id":292777349,"indices":[17,24],"id_str":"292777349","screen_name":"PzFeed","name":"PzFeed Top News"},{"id":1621868402,"indices":[25,39],"id_str":"1621868402","screen_name":"CDoranHarader","name":"Doran Harader"}],"hashtags":[],"urls":[]},"in_reply_to_screen_name":"ChurchSecurityI","id_str":"544497767138082817","retweet_count":0,"in_reply_to_user_id":553010243,"favorited":false,"user":{"follow_request_sent":false,"profile_use_background_image":false,"profile_text_color":"000000","default_profile_image":false,"id":2601614204,"profile_background_image_url_https":"https://abs.twimg.com/images/themes/theme5/bg.gif","verified":false,"profile_location":null,"profile_image_url_https":"https://pbs.twimg.com/profile_images/528454422263652352/yZbkNvjt_normal.jpeg","profile_sidebar_fill_color":"000000","entities":{"url":{"urls":[{"url":"https://t.co/iwb5JAdfKe","indices":[0,23],"expanded_url":"https://numbatmusings.wordpress.com/","display_url":"numbatmusings.wordpress.com"}]},"description":{"urls":[]}},"followers_count":1938,"profile_sidebar_border_color":"000000","id_str":"2601614204","profile_background_color":"000000","listed_count":10,"is_translation_enabled":false,"utc_offset":28800,"statuses_count":8519,"description":"Father. Partner. Student. Teacher. Politically obsessed - fighting to save the fair go from tory Tony's team of terrible tyrants.","friends_count":2049,"location":"Perth, Western Australia","profile_link_color":"FA743E","profile_image_url":"http://pbs.twimg.com/profile_images/528454422263652352/yZbkNvjt_normal.jpeg","following":false,"geo_enabled":false,"profile_banner_url":"https://pbs.twimg.com/profile_banners/2601614204/1407738549","profile_background_image_url":"http://abs.twimg.com/images/themes/theme5/bg.gif","name":"Kyle Cook","lang":"en-gb","profile_background_tile":false,"favourites_count":7181,"screen_name":"NumbatMusings","notifications":false,"url":"https://t.co/iwb5JAdfKe","created_at":"Thu Jul 03 12:49:48 +0000 2014","contributors_enabled":false,"time_zone":"Perth","protected":false,"default_profile":false,"is_translator":false},"geo":null,"in_reply_to_user_id_str":"553010243","lang":"en","created_at":"Mon Dec 15 14:22:38 +0000 2014","in_reply_to_status_id_str":"544307459209576448","place":null},
{"contributors":null,"truncated":false,"text":"@NumbatMusings @PzFeed @CDoranHarader You didn't like US Citizens having self protection guy but we see they are now suggesting giving back.","in_reply_to_status_id":544497767138082817,"id":545329080858460161,"favorite_count":0,"source":"<a href=\"https://dev.twitter.com/docs/tfw\" rel=\"nofollow\">Twitter for Websites</a>","retweeted":false,"coordinates":null,"entities":{"symbols":[],"user_mentions":[{"id":2601614204,"indices":[0,14],"id_str":"2601614204","screen_name":"NumbatMusings","name":"Kyle Cook"},{"id":292777349,"indices":[15,22],"id_str":"292777349","screen_name":"PzFeed","name":"PzFeed Top News"},{"id":1621868402,"indices":[23,37],"id_str":"1621868402","screen_name":"CDoranHarader","name":"Doran Harader"}],"hashtags":[],"urls":[]},"in_reply_to_screen_name":"NumbatMusings","id_str":"545329080858460161","retweet_count":0,"in_reply_to_user_id":2601614204,"favorited":false,"user":{"follow_request_sent":false,"profile_use_background_image":false,"profile_text_color":"333333","default_profile_image":false,"id":553010243,"profile_background_image_url_https":"https://abs.twimg.com/images/themes/theme1/bg.png","verified":false,"profile_location":null,"profile_image_url_https":"https://pbs.twimg.com/profile_images/459013809357590528/asVSHOVp_normal.png","profile_sidebar_fill_color":"DDEEF6","entities":{"url":{"urls":[{"url":"http://t.co/TEmkT9OLG5","indices":[0,22],"expanded_url":"http://ourchurch.com/member/c/churchsecurity","display_url":"ourchurch.com/member/c/churc…"}]},"description":{"urls":[{"url":"http://t.co/SNFkw0rWdu","indices":[107,129],"expanded_url":"http://www.ChurchSecurityInstitute.wordpress.com","display_url":"ChurchSecurityInstitute.wordpress.com"}]}},"followers_count":835,"profile_sidebar_border_color":"C0DEED","id_str":"553010243","profile_background_color":"C0DEED","listed_count":16,"is_translation_enabled":false,"utc_offset":-18000,"statuses_count":28258,"description":"We help churches, synagogues, ministries schools review risks & develop a Plan to be safer & more secure.  http://t.co/SNFkw0rWdu","friends_count":1143,"location":"Norfolk VA","profile_link_color":"0084B4","profile_image_url":"http://pbs.twimg.com/profile_images/459013809357590528/asVSHOVp_normal.png","following":false,"geo_enabled":false,"profile_background_image_url":"http://abs.twimg.com/images/themes/theme1/bg.png","name":"Church Security Inst","lang":"en","profile_background_tile":false,"favourites_count":1008,"screen_name":"ChurchSecurityI","notifications":false,"url":"http://t.co/TEmkT9OLG5","created_at":"Fri Apr 13 21:09:08 +0000 2012","contributors_enabled":false,"time_zone":"Eastern Time (US & Canada)","protected":false,"default_profile":false,"is_translator":false},"geo":null,"in_reply_to_user_id_str":"2601614204","lang":"en","created_at":"Wed Dec 17 21:25:59 +0000 2014","in_reply_to_status_id_str":"544497767138082817","place":null},
{"contributors":null,"truncated":false,"text":"@NumbatMusings @PzFeed @CDoranHarader Also, How Did The Attacker Have Legal Gun IF Not Allowed There? Plus, He Had Lots Of Convictions Also!","in_reply_to_status_id":545329080858460161,"id":545329446019141632,"favorite_count":0,"source":"<a href=\"http://twitter.com\" rel=\"nofollow\">Twitter Web Client</a>","retweeted":false,"coordinates":null,"entities":{"symbols":[],"user_mentions":[{"id":2601614204,"indices":[0,14],"id_str":"2601614204","screen_name":"NumbatMusings","name":"Kyle Cook"},{"id":292777349,"indices":[15,22],"id_str":"292777349","screen_name":"PzFeed","name":"PzFeed Top News"},{"id":1621868402,"indices":[23,37],"id_str":"1621868402","screen_name":"CDoranHarader","name":"Doran Harader"}],"hashtags":[],"urls":[]},"in_reply_to_screen_name":"ChurchSecurityI","id_str":"545329446019141632","retweet_count":0,"in_reply_to_user_id":553010243,"favorited":false,"user":{"follow_request_sent":false,"profile_use_background_image":false,"profile_text_color":"333333","default_profile_image":false,"id":553010243,"profile_background_image_url_https":"https://abs.twimg.com/images/themes/theme1/bg.png","verified":false,"profile_location":null,"profile_image_url_https":"https://pbs.twimg.com/profile_images/459013809357590528/asVSHOVp_normal.png","profile_sidebar_fill_color":"DDEEF6","entities":{"url":{"urls":[{"url":"http://t.co/TEmkT9OLG5","indices":[0,22],"expanded_url":"http://ourchurch.com/member/c/churchsecurity","display_url":"ourchurch.com/member/c/churc…"}]},"description":{"urls":[{"url":"http://t.co/SNFkw0rWdu","indices":[107,129],"expanded_url":"http://www.ChurchSecurityInstitute.wordpress.com","display_url":"ChurchSecurityInstitute.wordpress.com"}]}},"followers_count":835,"profile_sidebar_border_color":"C0DEED","id_str":"553010243","profile_background_color":"C0DEED","listed_count":16,"is_translation_enabled":false,"utc_offset":-18000,"statuses_count":28258,"description":"We help churches, synagogues, ministries schools review risks & develop a Plan to be safer & more secure.  http://t.co/SNFkw0rWdu","friends_count":1143,"location":"Norfolk VA","profile_link_color":"0084B4","profile_image_url":"http://pbs.twimg.com/profile_images/459013809357590528/asVSHOVp_normal.png","following":false,"geo_enabled":false,"profile_background_image_url":"http://abs.twimg.com/images/themes/theme1/bg.png","name":"Church Security Inst","lang":"en","profile_background_tile":false,"favourites_count":1008,"screen_name":"ChurchSecurityI","notifications":false,"url":"http://t.co/TEmkT9OLG5","created_at":"Fri Apr 13 21:09:08 +0000 2012","contributors_enabled":false,"time_zone":"Eastern Time (US & Canada)","protected":false,"default_profile":false,"is_translator":false},"geo":null,"in_reply_to_user_id_str":"553010243","lang":"en","created_at":"Wed Dec 17 21:27:26 +0000 2014","in_reply_to_status_id_str":"545329080858460161","place":null},
{"contributors":null,"truncated":false,"text":"@NumbatMusings @PzFeed @CDoranHarader At Least In America We can Have Lawful Self Defense Gun IF We Don't Have Criminal Record To Prevent It","in_reply_to_status_id":545329080858460161,"id":545329782767251456,"favorite_count":0,"source":"<a href=\"http://twitter.com\" rel=\"nofollow\">Twitter Web Client</a>","retweeted":false,"coordinates":null,"entities":{"symbols":[],"user_mentions":[{"id":2601614204,"indices":[0,14],"id_str":"2601614204","screen_name":"NumbatMusings","name":"Kyle Cook"},{"id":292777349,"indices":[15,22],"id_str":"292777349","screen_name":"PzFeed","name":"PzFeed Top News"},{"id":1621868402,"indices":[23,37],"id_str":"1621868402","screen_name":"CDoranHarader","name":"Doran Harader"}],"hashtags":[],"urls":[]},"in_reply_to_screen_name":"ChurchSecurityI","id_str":"545329782767251456","retweet_count":0,"in_reply_to_user_id":553010243,"favorited":false,"user":{"follow_request_sent":false,"profile_use_background_image":false,"profile_text_color":"333333","default_profile_image":false,"id":553010243,"profile_background_image_url_https":"https://abs.twimg.com/images/themes/theme1/bg.png","verified":false,"profile_location":null,"profile_image_url_https":"https://pbs.twimg.com/profile_images/459013809357590528/asVSHOVp_normal.png","profile_sidebar_fill_color":"DDEEF6","entities":{"url":{"urls":[{"url":"http://t.co/TEmkT9OLG5","indices":[0,22],"expanded_url":"http://ourchurch.com/member/c/churchsecurity","display_url":"ourchurch.com/member/c/churc…"}]},"description":{"urls":[{"url":"http://t.co/SNFkw0rWdu","indices":[107,129],"expanded_url":"http://www.ChurchSecurityInstitute.wordpress.com","display_url":"ChurchSecurityInstitute.wordpress.com"}]}},"followers_count":835,"profile_sidebar_border_color":"C0DEED","id_str":"553010243","profile_background_color":"C0DEED","listed_count":16,"is_translation_enabled":false,"utc_offset":-18000,"statuses_count":28258,"description":"We help churches, synagogues, ministries schools review risks & develop a Plan to be safer & more secure.  http://t.co/SNFkw0rWdu","friends_count":1143,"location":"Norfolk VA","profile_link_color":"0084B4","profile_image_url":"http://pbs.twimg.com/profile_images/459013809357590528/asVSHOVp_normal.png","following":false,"geo_enabled":false,"profile_background_image_url":"http://abs.twimg.com/images/themes/theme1/bg.png","name":"Church Security Inst","lang":"en","profile_background_tile":false,"favourites_count":1008,"screen_name":"ChurchSecurityI","notifications":false,"url":"http://t.co/TEmkT9OLG5","created_at":"Fri Apr 13 21:09:08 +0000 2012","contributors_enabled":false,"time_zone":"Eastern Time (US & Canada)","protected":false,"default_profile":false,"is_translator":false},"geo":null,"in_reply_to_user_id_str":"553010243","lang":"en","created_at":"Wed Dec 17 21:28:46 +0000 2014","in_reply_to_status_id_str":"545329080858460161","place":null}
]