[{"contributors":null,"truncated":false,"text":"@AP Its about chocolate!","in_reply_to_status_id":544319832486064128,"id":544319992096112641,"favorite_count":1,"source":"<a href=\"http://twitter.com\" rel=\"nofollow\">Twitter Web Client</a>","retweeted":false,"coordinates":null,"entities":{"symbols":[],"user_mentions":[{"id":51241574,"indices":[0,3],"id_str":"51241574","screen_name":"AP","name":"The Associated Press"}],"hashtags":[],"urls":[]},"in_reply_to_screen_name":"AP","id_str":"544319992096112641","retweet_count":0,"in_reply_to_user_id":51241574,"favorited":false,"user":{"follow_request_sent":false,"profile_use_background_image":true,"profile_text_color":"333333","default_profile_image":false,"id":2493987576,"profile_background_image_url_https":"https://pbs.twimg.com/profile_background_images/469863469668237313/jiuRkQAa.jpeg","verified":false,"profile_location":null,"profile_image_url_https":"https://pbs.twimg.com/profile_images/586677344196255744/Hq_izq0G_normal.jpg","profile_sidebar_fill_color":"DDEEF6","entities":{"description":{"urls":[]}},"followers_count":265,"profile_sidebar_border_color":"FFFFFF","id_str":"2493987576","profile_background_color":"C0DEED","listed_count":3,"is_translation_enabled":false,"utc_offset":-14400,"statuses_count":1022,"description":"I tweet all the shit every golfer thinks. It's just for fun but the elderly call me a pig. #golf","friends_count":416,"location":"Golf Course","profile_link_color":"535454","profile_image_url":"http://pbs.twimg.com/profile_images/586677344196255744/Hq_izq0G_normal.jpg","following":false,"geo_enabled":false,"profile_banner_url":"https://pbs.twimg.com/profile_banners/2493987576/1417449683","profile_background_image_url":"http://pbs.twimg.com/profile_background_images/469863469668237313/jiuRkQAa.jpeg","name":"FunnyGolf","lang":"en","profile_background_tile":false,"favourites_count":101,"screen_name":"YouSuckAtGolf","notifications":false,"url":null,"created_at":"Wed May 14 10:25:11 +0000 2014","contributors_enabled":false,"time_zone":"Atlantic Time (Canada)","protected":false,"default_profile":false,"is_translator":false},"geo":null,"in_reply_to_user_id_str":"51241574","lang":"en","created_at":"Mon Dec 15 02:36:13 +0000 2014","in_reply_to_status_id_str":"544319832486064128","place":null},
{"contributors":null,"truncated":false,"text":"@ap Little LATE on the ball, aren't you?","in_reply_to_status_id":544319832486064128,"id":544320016582459393,"favorite_count":0,"source":"<a href=\"http://itunes.apple.com/us/app/twitter/id409789998?mt=12\" rel=\"nofollow\">Twitter for Mac</a>","retweeted":false,"coordinates":null,"entities":{"symbols":[],"user_mentions":[{"id":51241574,"indices":[0,3],"id_str":"51241574","screen_name":"AP","name":"The Associated Press"}],"hashtags":[],"urls":[]},"in_reply_to_screen_name":"AP","id_str":"544320016582459393","retweet_count":0,"in_reply_to_user_id":51241574,"favorited":false,"user":{"follow_request_sent":false,"profile_use_background_image":false,"profile_text_color":"000000","default_profile_image":false,"id":2892439622,"profile_background_image_url_https":"https://abs.twimg.com/images/themes/theme1/bg.png","verified":false,"profile_location":null,"profile_image_url_https":"https://pbs.twimg.com/profile_images/530626196568936448/neerwPOh_normal.jpeg","profile_sidebar_fill_color":"000000","entities":{"description":{"urls":[]}},"followers_count":265,"profile_sidebar_border_color":"000000","id_str":"2892439622","profile_background_color":"000000","listed_count":2,"is_translation_enabled":false,"utc_offset":null,"statuses_count":1581,"description":"American Patriot, Artist, Writer, living life one day at a time. I'm a recovering Democrat and give thanks to the current Administation for waking me up.","friends_count":624,"location":"Somewhere in America","profile_link_color":"9266CC","profile_image_url":"http://pbs.twimg.com/profile_images/530626196568936448/neerwPOh_normal.jpeg","following":false,"geo_enabled":true,"profile_banner_url":"https://pbs.twimg.com/profile_banners/2892439622/1415346011","profile_background_image_url":"http://abs.twimg.com/images/themes/theme1/bg.png","name":"Zee","lang":"en","profile_background_tile":false,"favourites_count":335,"screen_name":"zclove2bme","notifications":false,"url":null,"created_at":"Fri Nov 07 03:56:36 +0000 2014","contributors_enabled":false,"time_zone":null,"protected":false,"default_profile":false,"is_translator":false},"geo":null,"in_reply_to_user_id_str":"51241574","lang":"en","created_at":"Mon Dec 15 02:36:19 +0000 2014","in_reply_to_status_id_str":"544319832486064128","place":null},
{"contributors":null,"truncated":false,"text":"RT @AP: Hostage situation erupts in Sydney cafe, Australian prime minister says it may be \"politically motivated\" http://t.co/Gh8BB9NEwM","in_reply_to_status_id":544319832486064128,"id":544320067190935553,"favorite_count":0,"source":"<a href=\"http://twitter.com/download/iphone\" rel=\"nofollow\">Twitter for iPhone</a>","retweeted":false,"coordinates":{"type":"Point","coordinates":[-85.40378619,31.22192357]},"entities":{"symbols":[],"user_mentions":[{"id":51241574,"indices":[3,6],"id_str":"51241574","screen_name":"AP","name":"The Associated Press"}],"hashtags":[],"urls":[{"url":"http://t.co/Gh8BB9NEwM","indices":[114,136],"expanded_url":"http://apne.ws/1st6JnS","display_url":"apne.ws/1st6JnS"}]},"in_reply_to_screen_name":"AP","id_str":"544320067190935553","retweet_count":0,"in_reply_to_user_id":51241574,"favorited":false,"user":{"follow_request_sent":false,"profile_use_background_image":true,"profile_text_color":"333333","default_profile_image":false,"id":193150198,"profile_background_image_url_https":"https://abs.twimg.com/images/themes/theme1/bg.png","verified":false,"profile_location":null,"profile_image_url_https":"https://pbs.twimg.com/profile_images/537133678825320448/gwMA-IoK_normal.jpeg","profile_sidebar_fill_color":"DDEEF6","entities":{"url":{"urls":[{"url":"http://t.co/cASvVh9wIr","indices":[0,22],"expanded_url":"http://www.wtvy.com/station/bios/news/214755691.html","display_url":"wtvy.com/station/bios/n…"}]},"description":{"urls":[{"url":"http://t.co/bRiYgx3PzS","indices":[136,158],"expanded_url":"http://facebook.com/MatthewReporting","display_url":"facebook.com/MatthewReporti…"}]}},"followers_count":713,"profile_sidebar_border_color":"C0DEED","id_str":"193150198","profile_background_color":"C0DEED","listed_count":9,"is_translation_enabled":false,"utc_offset":-21600,"statuses_count":2014,"description":"@wtvynews4 anchor/reporter| a.m. person| @appstate alum| tom petty acolyte| old soul| beer snob| mountain man| news tip? (334) 796-1800 http://t.co/bRiYgx3PzS","friends_count":756,"location":"Dothan, Alabama","profile_link_color":"0084B4","profile_image_url":"http://pbs.twimg.com/profile_images/537133678825320448/gwMA-IoK_normal.jpeg","following":false,"geo_enabled":true,"profile_banner_url":"https://pbs.twimg.com/profile_banners/193150198/1418108534","profile_background_image_url":"http://abs.twimg.com/images/themes/theme1/bg.png","name":"Matthew McClellan","lang":"en","profile_background_tile":false,"favourites_count":438,"screen_name":"MatthewWTVY","notifications":false,"url":"http://t.co/cASvVh9wIr","created_at":"Tue Sep 21 02:46:08 +0000 2010","contributors_enabled":false,"time_zone":"Central Time (US & Canada)","protected":false,"default_profile":true,"is_translator":false},"geo":{"type":"Point","coordinates":[31.22192357,-85.40378619]},"in_reply_to_user_id_str":"51241574","possibly_sensitive":false,"lang":"en","created_at":"Mon Dec 15 02:36:31 +0000 2014","in_reply_to_status_id_str":"544319832486064128","place":{"full_name":"Dothan, AL","url":"https://api.twitter.com/1.1/geo/id/d2981a0f3d8eddd7.json","country":"United States","place_type":"city","bounding_box":{"type":"Polygon","coordinates":[[[-85.515405,31.130472],[-85.334617,31.130472],[-85.334617,31.33397],[-85.515405,31.33397]]]},"contained_within":[],"country_code":"US","attributes":{},"id":"d2981a0f3d8eddd7","name":"Dothan"}},
{"contributors":null,"truncated":false,"text":"RT @AP: Hostage situation erupts in Sydney cafe, Australian prime minister says it may be “politically motivated” http://t.co/SEq809etUl","in_reply_to_status_id":544319832486064128,"id":544320115647741952,"favorite_count":0,"source":"<a href=\"http://www.hootsuite.com\" rel=\"nofollow\">Hootsuite</a>","retweeted":false,"coordinates":null,"entities":{"symbols":[],"user_mentions":[{"id":51241574,"indices":[3,6],"id_str":"51241574","screen_name":"AP","name":"The Associated Press"}],"hashtags":[],"urls":[{"url":"http://t.co/SEq809etUl","indices":[114,136],"expanded_url":"http://apne.ws/1st6JnS","display_url":"apne.ws/1st6JnS"}]},"in_reply_to_screen_name":"AP","id_str":"544320115647741952","retweet_count":0,"in_reply_to_user_id":51241574,"favorited":false,"user":{"follow_request_sent":false,"profile_use_background_image":true,"profile_text_color":"333333","default_profile_image":false,"id":462248644,"profile_background_image_url_https":"https://pbs.twimg.com/profile_background_images/403833316/PA_Local_Civics_group.jpg","verified":false,"profile_location":null,"profile_image_url_https":"https://pbs.twimg.com/profile_images/1764102549/PA_Local_Civics_group_normal.jpg","profile_sidebar_fill_color":"DDEEF6","entities":{"url":{"urls":[{"url":"http://t.co/8l8iv0vpDu","indices":[0,22],"expanded_url":"http://www.facebook.com/groups/316168391740875/","display_url":"facebook.com/groups/3161683…"}]},"description":{"urls":[]}},"followers_count":2124,"profile_sidebar_border_color":"C0DEED","id_str":"462248644","profile_background_color":"C0DEED","listed_count":43,"is_translation_enabled":false,"utc_offset":-18000,"statuses_count":3094,"description":"Your spotlight on local politics in Montgomery County.\r\nNo shouting, no name calling. Just intelligent analysis and discussion of local issues.  #Montcopa","friends_count":1497,"location":"Montgomery County, PA","profile_link_color":"0084B4","profile_image_url":"http://pbs.twimg.com/profile_images/1764102549/PA_Local_Civics_group_normal.jpg","following":false,"geo_enabled":false,"profile_background_image_url":"http://pbs.twimg.com/profile_background_images/403833316/PA_Local_Civics_group.jpg","name":"Montco Civics","lang":"en","profile_background_tile":true,"favourites_count":2,"screen_name":"PAlocalcivics","notifications":false,"url":"http://t.co/8l8iv0vpDu","created_at":"Thu Jan 12 18:54:01 +0000 2012","contributors_enabled":false,"time_zone":"Eastern Time (US & Canada)","protected":false,"default_profile":false,"is_translator":false},"geo":null,"in_reply_to_user_id_str":"51241574","possibly_sensitive":false,"lang":"en","created_at":"Mon Dec 15 02:36:43 +0000 2014","in_reply_to_status_id_str":"544319832486064128","place":null},
{"contributors":null,"truncated":false,"text":"@AP \"may be\" really? (forehead smack)","in_reply_to_status_id":544319832486064128,"id":544320124069879809,"favorite_count":1,"source":"<a href=\"http://twitter.com/download/iphone\" rel=\"nofollow\">Twitter for iPhone</a>","retweeted":false,"coordinates":null,"entities":{"symbols":[],"user_mentions":[{"id":51241574,"indices":[0,3],"id_str":"51241574","screen_name":"AP","name":"The Associated Press"}],"hashtags":[],"urls":[]},"in_reply_to_screen_name":"AP","id_str":"544320124069879809","retweet_count":0,"in_reply_to_user_id":51241574,"favorited":false,"user":{"follow_request_sent":false,"profile_use_background_image":false,"profile_text_color":"000000","default_profile_image":false,"id":2881295272,"profile_background_image_url_https":"https://abs.twimg.com/images/themes/theme1/bg.png","verified":false,"profile_location":null,"profile_image_url_https":"https://pbs.twimg.com/profile_images/544320535187177472/-qoSau3d_normal.jpeg","profile_sidebar_fill_color":"000000","entities":{"description":{"urls":[]}},"followers_count":19,"profile_sidebar_border_color":"000000","id_str":"2881295272","profile_background_color":"000000","listed_count":0,"is_translation_enabled":false,"utc_offset":null,"statuses_count":512,"description":"reluctant adult. anti soccer mom. lego master. painter.  designated hamster cage cleaner.","friends_count":78,"location":"","profile_link_color":"F5ABB5","profile_image_url":"http://pbs.twimg.com/profile_images/544320535187177472/-qoSau3d_normal.jpeg","following":false,"geo_enabled":false,"profile_banner_url":"https://pbs.twimg.com/profile_banners/2881295272/1416268820","profile_background_image_url":"http://abs.twimg.com/images/themes/theme1/bg.png","name":"Sarah","lang":"en","profile_background_tile":false,"favourites_count":232,"screen_name":"redpainter1234","notifications":false,"url":null,"created_at":"Mon Nov 17 16:21:36 +0000 2014","contributors_enabled":false,"time_zone":null,"protected":false,"default_profile":false,"is_translator":false},"geo":null,"in_reply_to_user_id_str":"51241574","lang":"en","created_at":"Mon Dec 15 02:36:45 +0000 2014","in_reply_to_status_id_str":"544319832486064128","place":null},
{"contributors":null,"truncated":false,"text":"@AP Actually, he said \"We don't know if it's politically motivated\". Check your facts, guys. #sydneysiege","in_reply_to_status_id":544319832486064128,"id":544320267107856384,"favorite_count":0,"source":"<a href=\"http://twitter.com\" rel=\"nofollow\">Twitter Web Client</a>","retweeted":false,"coordinates":null,"entities":{"symbols":[],"user_mentions":[{"id":51241574,"indices":[0,3],"id_str":"51241574","screen_name":"AP","name":"The Associated Press"}],"hashtags":[{"indices":[93,105],"text":"sydneysiege"}],"urls":[]},"in_reply_to_screen_name":"AP","id_str":"544320267107856384","retweet_count":0,"in_reply_to_user_id":51241574,"favorited":false,"user":{"follow_request_sent":false,"profile_use_background_image":true,"profile_text_color":"666666","default_profile_image":false,"id":18653296,"profile_background_image_url_https":"https://pbs.twimg.com/profile_background_images/264392574/ausocial-outline.png","verified":false,"profile_location":null,"profile_image_url_https":"https://pbs.twimg.com/profile_images/582894452/cool_gaw_normal.bmp","profile_sidebar_fill_color":"252429","entities":{"description":{"urls":[]}},"followers_count":587,"profile_sidebar_border_color":"181A1E","id_str":"18653296","profile_background_color":"1A1B1F","listed_count":25,"is_translation_enabled":false,"utc_offset":39600,"statuses_count":2701,"description":"Senior Journo at AJN, blogger, social media enthusiast. Music/ film/sports fan. Love good food/wine. Love living in one of the best cities in the world.","friends_count":711,"location":"Sydney, Australia","profile_link_color":"2FC2EF","profile_image_url":"http://pbs.twimg.com/profile_images/582894452/cool_gaw_normal.bmp","following":false,"geo_enabled":false,"profile_background_image_url":"http://pbs.twimg.com/profile_background_images/264392574/ausocial-outline.png","name":"Gareth Narunsky","lang":"en","profile_background_tile":true,"favourites_count":1,"screen_name":"Gareth_Narunsky","notifications":false,"url":null,"created_at":"Tue Jan 06 00:23:53 +0000 2009","contributors_enabled":false,"time_zone":"Sydney","protected":false,"default_profile":false,"is_translator":false},"geo":null,"in_reply_to_user_id_str":"51241574","lang":"en","created_at":"Mon Dec 15 02:37:19 +0000 2014","in_reply_to_status_id_str":"544319832486064128","place":null},
{"contributors":null,"truncated":false,"text":"@YouSuckAtGolf @AP 👏 perfect first comment","in_reply_to_status_id":544319992096112641,"id":544320300402638848,"favorite_count":0,"source":"<a href=\"http://twitter.com/download/iphone\" rel=\"nofollow\">Twitter for iPhone</a>","retweeted":false,"coordinates":null,"entities":{"symbols":[],"user_mentions":[{"id":2493987576,"indices":[0,14],"id_str":"2493987576","screen_name":"YouSuckAtGolf","name":"FunnyGolf"},{"id":51241574,"indices":[15,18],"id_str":"51241574","screen_name":"AP","name":"The Associated Press"}],"hashtags":[],"urls":[]},"in_reply_to_screen_name":"YouSuckAtGolf","id_str":"544320300402638848","retweet_count":0,"in_reply_to_user_id":2493987576,"favorited":false,"user":{"follow_request_sent":false,"profile_use_background_image":false,"profile_text_color":"000000","default_profile_image":false,"id":2881295272,"profile_background_image_url_https":"https://abs.twimg.com/images/themes/theme1/bg.png","verified":false,"profile_location":null,"profile_image_url_https":"https://pbs.twimg.com/profile_images/544320535187177472/-qoSau3d_normal.jpeg","profile_sidebar_fill_color":"000000","entities":{"description":{"urls":[]}},"followers_count":19,"profile_sidebar_border_color":"000000","id_str":"2881295272","profile_background_color":"000000","listed_count":0,"is_translation_enabled":false,"utc_offset":null,"statuses_count":512,"description":"reluctant adult. anti soccer mom. lego master. painter.  designated hamster cage cleaner.","friends_count":78,"location":"","profile_link_color":"F5ABB5","profile_image_url":"http://pbs.twimg.com/profile_images/544320535187177472/-qoSau3d_normal.jpeg","following":false,"geo_enabled":false,"profile_banner_url":"https://pbs.twimg.com/profile_banners/2881295272/1416268820","profile_background_image_url":"http://abs.twimg.com/images/themes/theme1/bg.png","name":"Sarah","lang":"en","profile_background_tile":false,"favourites_count":232,"screen_name":"redpainter1234","notifications":false,"url":null,"created_at":"Mon Nov 17 16:21:36 +0000 2014","contributors_enabled":false,"time_zone":null,"protected":false,"default_profile":false,"is_translator":false},"geo":null,"in_reply_to_user_id_str":"2493987576","lang":"en","created_at":"Mon Dec 15 02:37:27 +0000 2014","in_reply_to_status_id_str":"544319992096112641","place":null},
{"contributors":null,"truncated":false,"text":"@AP He's a moron, Islamic terrorism, stop pussy footing around it. #realproblemwithliberlism","in_reply_to_status_id":544319832486064128,"id":544320586689048576,"favorite_count":1,"source":"<a href=\"http://twitter.com/#!/download/ipad\" rel=\"nofollow\">Twitter for iPad</a>","retweeted":false,"coordinates":null,"entities":{"symbols":[],"user_mentions":[{"id":51241574,"indices":[0,3],"id_str":"51241574","screen_name":"AP","name":"The Associated Press"}],"hashtags":[{"indices":[67,92],"text":"realproblemwithliberlism"}],"urls":[]},"in_reply_to_screen_name":"AP","id_str":"544320586689048576","retweet_count":0,"in_reply_to_user_id":51241574,"favorited":false,"user":{"follow_request_sent":false,"profile_use_background_image":true,"profile_text_color":"333333","default_profile_image":false,"id":26487082,"profile_background_image_url_https":"https://abs.twimg.com/images/themes/theme1/bg.png","verified":false,"profile_location":null,"profile_image_url_https":"https://pbs.twimg.com/profile_images/481246972070735872/DsT39IZz_normal.jpeg","profile_sidebar_fill_color":"DDEEF6","entities":{"description":{"urls":[]}},"followers_count":54,"profile_sidebar_border_color":"C0DEED","id_str":"26487082","profile_background_color":"C0DEED","listed_count":0,"is_translation_enabled":false,"utc_offset":-18000,"statuses_count":487,"description":"","friends_count":407,"location":"","profile_link_color":"0084B4","profile_image_url":"http://pbs.twimg.com/profile_images/481246972070735872/DsT39IZz_normal.jpeg","following":false,"geo_enabled":true,"profile_banner_url":"https://pbs.twimg.com/profile_banners/26487082/1403573194","profile_background_image_url":"http://abs.twimg.com/images/themes/theme1/bg.png","name":"Nick C","lang":"en","profile_background_tile":false,"favourites_count":40,"screen_name":"Nick_617","notifications":false,"url":null,"created_at":"Wed Mar 25 12:39:29 +0000 2009","contributors_enabled":false,"time_zone":"Eastern Time (US & Canada)","protected":false,"default_profile":true,"is_translator":false},"geo":null,"in_reply_to_user_id_str":"51241574","lang":"en","created_at":"Mon Dec 15 02:38:35 +0000 2014","in_reply_to_status_id_str":"544319832486064128","place":null},
{"contributors":null,"truncated":false,"text":"RT“@AP: Hostage situation erupts in Sydney cafe, Australian prime minister says it may be \"politically motivated\" http://t.co/qVYWG3qj8t”","in_reply_to_status_id":544319832486064128,"id":544320606058340352,"favorite_count":1,"source":"<a href=\"http://twitter.com/#!/download/ipad\" rel=\"nofollow\">Twitter for iPad</a>","retweeted":false,"coordinates":null,"entities":{"symbols":[],"user_mentions":[{"id":51241574,"indices":[3,6],"id_str":"51241574","screen_name":"AP","name":"The Associated Press"}],"hashtags":[],"urls":[{"url":"http://t.co/qVYWG3qj8t","indices":[114,136],"expanded_url":"http://apne.ws/1st6JnS","display_url":"apne.ws/1st6JnS"}]},"in_reply_to_screen_name":"AP","id_str":"544320606058340352","retweet_count":1,"in_reply_to_user_id":51241574,"favorited":false,"user":{"follow_request_sent":false,"profile_use_background_image":true,"profile_text_color":"333333","default_profile_image":false,"id":236132475,"profile_background_image_url_https":"https://abs.twimg.com/images/themes/theme15/bg.png","verified":false,"profile_location":null,"profile_image_url_https":"https://pbs.twimg.com/profile_images/529396759856816128/hTSTvmbN_normal.jpeg","profile_sidebar_fill_color":"C0DFEC","entities":{"description":{"urls":[]}},"followers_count":1513,"profile_sidebar_border_color":"A8C7F7","id_str":"236132475","profile_background_color":"022330","listed_count":42,"is_translation_enabled":false,"utc_offset":-18000,"statuses_count":6077,"description":"I'm an award-winning reporter with FOX6 WBRC in Birmingham/Tuscaloosa. Everyone has a story. I love sports, moon pies & watching #Law&Order. Opinions are my own","friends_count":2000,"location":"Tuscaloosa, AL","profile_link_color":"0084B4","profile_image_url":"http://pbs.twimg.com/profile_images/529396759856816128/hTSTvmbN_normal.jpeg","following":false,"geo_enabled":false,"profile_banner_url":"https://pbs.twimg.com/profile_banners/236132475/1415601166","profile_background_image_url":"http://abs.twimg.com/images/themes/theme15/bg.png","name":"Josh Gauntt","lang":"en","profile_background_tile":false,"favourites_count":2203,"screen_name":"joshg_TV","notifications":false,"url":null,"created_at":"Sun Jan 09 21:53:30 +0000 2011","contributors_enabled":false,"time_zone":"Eastern Time (US & Canada)","protected":false,"default_profile":false,"is_translator":false},"geo":null,"in_reply_to_user_id_str":"51241574","possibly_sensitive":false,"lang":"en","created_at":"Mon Dec 15 02:38:40 +0000 2014","in_reply_to_status_id_str":"544319832486064128","place":null},
{"contributors":null,"truncated":false,"text":"@AP Politically Motivated? Really? Why's that then?","in_reply_to_status_id":544319832486064128,"id":544320667018362880,"favorite_count":0,"source":"<a href=\"https://twitter.com/download/android\" rel=\"nofollow\">Twitter for Android Tablets</a>","retweeted":false,"coordinates":null,"entities":{"symbols":[],"user_mentions":[{"id":51241574,"indices":[0,3],"id_str":"51241574","screen_name":"AP","name":"The Associated Press"}],"hashtags":[],"urls":[]},"in_reply_to_screen_name":"AP","id_str":"544320667018362880","retweet_count":0,"in_reply_to_user_id":51241574,"favorited":false,"user":{"follow_request_sent":false,"profile_use_background_image":true,"profile_text_color":"333333","default_profile_image":false,"id":2168889209,"profile_background_image_url_https":"https://abs.twimg.com/images/themes/theme1/bg.png","verified":false,"profile_location":null,"profile_image_url_https":"https://pbs.twimg.com/profile_images/550092371791454208/WZ4R2g33_normal.jpeg","profile_sidebar_fill_color":"DDEEF6","entities":{"description":{"urls":[]}},"followers_count":264,"profile_sidebar_border_color":"C0DEED","id_str":"2168889209","profile_background_color":"C0DEED","listed_count":6,"is_translation_enabled":false,"utc_offset":null,"statuses_count":12499,"description":"","friends_count":1166,"location":"","profile_link_color":"0084B4","profile_image_url":"http://pbs.twimg.com/profile_images/550092371791454208/WZ4R2g33_normal.jpeg","following":false,"geo_enabled":true,"profile_banner_url":"https://pbs.twimg.com/profile_banners/2168889209/1407459102","profile_background_image_url":"http://abs.twimg.com/images/themes/theme1/bg.png","name":"Blowpobbs","lang":"en","profile_background_tile":false,"favourites_count":2880,"screen_name":"Blowpobbs","notifications":false,"url":null,"created_at":"Tue Nov 05 02:15:07 +0000 2013","contributors_enabled":false,"time_zone":null,"protected":false,"default_profile":true,"is_translator":false},"geo":null,"in_reply_to_user_id_str":"51241574","lang":"en","created_at":"Mon Dec 15 02:38:54 +0000 2014","in_reply_to_status_id_str":"544319832486064128","place":null},
{"contributors":null,"truncated":false,"text":"@AP Australian Govt language specialists defined these words as all-encompassing meaning any action perpetrated against Australian citizens","in_reply_to_status_id":544319832486064128,"id":544320809276571650,"favorite_count":0,"source":"<a href=\"http://twitter.com\" rel=\"nofollow\">Twitter Web Client</a>","retweeted":false,"coordinates":null,"entities":{"symbols":[],"user_mentions":[{"id":51241574,"indices":[0,3],"id_str":"51241574","screen_name":"AP","name":"The Associated Press"}],"hashtags":[],"urls":[]},"in_reply_to_screen_name":"AP","id_str":"544320809276571650","retweet_count":0,"in_reply_to_user_id":51241574,"favorited":false,"user":{"follow_request_sent":false,"profile_use_background_image":true,"profile_text_color":"333333","default_profile_image":false,"id":2375182814,"profile_background_image_url_https":"https://abs.twimg.com/images/themes/theme14/bg.gif","verified":false,"profile_location":null,"profile_image_url_https":"https://pbs.twimg.com/profile_images/589948007346544640/plHqX_IA_normal.jpg","profile_sidebar_fill_color":"DDEEF6","entities":{"url":{"urls":[{"url":"http://t.co/BU821WGrqX","indices":[0,22],"expanded_url":"http://www.mr-communication.com","display_url":"mr-communication.com"}]},"description":{"urls":[]}},"followers_count":10,"profile_sidebar_border_color":"000000","id_str":"2375182814","profile_background_color":"131516","listed_count":2,"is_translation_enabled":false,"utc_offset":3600,"statuses_count":158,"description":"focuses on making helpful suggestions or harsh criticisms on current world affairs - On @Media__Awards we analyse & score noteworthy global TV news reports.","friends_count":100,"location":"Geneva, Switzerland","profile_link_color":"050505","profile_image_url":"http://pbs.twimg.com/profile_images/589948007346544640/plHqX_IA_normal.jpg","following":false,"geo_enabled":false,"profile_banner_url":"https://pbs.twimg.com/profile_banners/2375182814/1406517868","profile_background_image_url":"http://abs.twimg.com/images/themes/theme14/bg.gif","name":"MR COMMUNICATION","lang":"en","profile_background_tile":true,"favourites_count":0,"screen_name":"Corp_Consult","notifications":false,"url":"http://t.co/BU821WGrqX","created_at":"Thu Mar 06 10:51:32 +0000 2014","contributors_enabled":false,"time_zone":"Bern","protected":false,"default_profile":false,"is_translator":false},"geo":null,"in_reply_to_user_id_str":"51241574","lang":"en","created_at":"Mon Dec 15 02:39:28 +0000 2014","in_reply_to_status_id_str":"544319832486064128","place":null},
{"contributors":null,"truncated":false,"text":"@AP *checks watch* Need a few more hours for your lawyers to check your facts? lol","in_reply_to_status_id":544319832486064128,"id":544320880113762304,"favorite_count":0,"source":"<a href=\"http://twitter.com\" rel=\"nofollow\">Twitter Web Client</a>","retweeted":false,"coordinates":null,"entities":{"symbols":[],"user_mentions":[{"id":51241574,"indices":[0,3],"id_str":"51241574","screen_name":"AP","name":"The Associated Press"}],"hashtags":[],"urls":[]},"in_reply_to_screen_name":"AP","id_str":"544320880113762304","retweet_count":0,"in_reply_to_user_id":51241574,"favorited":false,"user":{"follow_request_sent":false,"profile_use_background_image":true,"profile_text_color":"333333","default_profile_image":false,"id":2656846536,"profile_background_image_url_https":"https://abs.twimg.com/images/themes/theme14/bg.gif","verified":false,"profile_location":null,"profile_image_url_https":"https://pbs.twimg.com/profile_images/552198944839593985/G2XX3rfU_normal.png","profile_sidebar_fill_color":"DDEEF6","entities":{"url":{"urls":[{"url":"http://t.co/blpff8008M","indices":[0,22],"expanded_url":"http://lemonparty.biz","display_url":"lemonparty.biz"}]},"description":{"urls":[]}},"followers_count":49,"profile_sidebar_border_color":"000000","id_str":"2656846536","profile_background_color":"131516","listed_count":3,"is_translation_enabled":false,"utc_offset":-25200,"statuses_count":1456,"description":"#ChaoticGood","friends_count":302,"location":"Antarctica","profile_link_color":"00FF33","profile_image_url":"http://pbs.twimg.com/profile_images/552198944839593985/G2XX3rfU_normal.png","following":false,"geo_enabled":false,"profile_banner_url":"https://pbs.twimg.com/profile_banners/2656846536/1405703669","profile_background_image_url":"http://abs.twimg.com/images/themes/theme14/bg.gif","name":"Pfläger Katsumata","lang":"en","profile_background_tile":true,"favourites_count":357,"screen_name":"anon7388","notifications":false,"url":"http://t.co/blpff8008M","created_at":"Fri Jul 18 14:34:38 +0000 2014","contributors_enabled":false,"time_zone":"Arizona","protected":false,"default_profile":false,"is_translator":false},"geo":null,"in_reply_to_user_id_str":"51241574","lang":"en","created_at":"Mon Dec 15 02:39:45 +0000 2014","in_reply_to_status_id_str":"544319832486064128","place":null},
{"contributors":null,"truncated":false,"text":"@zclove2bme It's Monday in Australia, this is from a few hours ago. @AP","in_reply_to_status_id":544320016582459393,"id":544321159018590208,"favorite_count":0,"source":"<a href=\"http://twitter.com/download/android\" rel=\"nofollow\">Twitter for Android</a>","retweeted":false,"coordinates":null,"entities":{"symbols":[],"user_mentions":[{"id":2892439622,"indices":[0,11],"id_str":"2892439622","screen_name":"zclove2bme","name":"Zee"},{"id":51241574,"indices":[68,71],"id_str":"51241574","screen_name":"AP","name":"The Associated Press"}],"hashtags":[],"urls":[]},"in_reply_to_screen_name":"zclove2bme","id_str":"544321159018590208","retweet_count":0,"in_reply_to_user_id":2892439622,"favorited":false,"user":{"follow_request_sent":false,"profile_use_background_image":true,"profile_text_color":"448668","default_profile_image":false,"id":613623369,"profile_background_image_url_https":"https://pbs.twimg.com/profile_background_images/810285581/ffb59644074de480fab06418f8b3bdc3.jpeg","verified":false,"profile_location":null,"profile_image_url_https":"https://pbs.twimg.com/profile_images/574201720760238081/2iZYSuQw_normal.jpeg","profile_sidebar_fill_color":"000B17","entities":{"url":{"urls":[{"url":"https://t.co/ic4bP5g8qw","indices":[0,23],"expanded_url":"https://drive.google.com/file/d/0Bx-C-Bu0c94nbXA4cjlpcFo0dnM/edit?usp=sharing","display_url":"drive.google.com/file/d/0Bx-C-B…"}]},"description":{"urls":[]}},"followers_count":4633,"profile_sidebar_border_color":"000000","id_str":"613623369","profile_background_color":"001329","listed_count":85,"is_translation_enabled":false,"utc_offset":-14400,"statuses_count":49145,"description":"At once ambivalent & omniscient, a sanctified savage, ensnared by wanderlust. Empathy for all ideologies, awaiting the armistice. BA. Psychology Crim & Politics","friends_count":4533,"location":"Specious Present","profile_link_color":"004358","profile_image_url":"http://pbs.twimg.com/profile_images/574201720760238081/2iZYSuQw_normal.jpeg","following":false,"geo_enabled":false,"profile_background_image_url":"http://pbs.twimg.com/profile_background_images/810285581/ffb59644074de480fab06418f8b3bdc3.jpeg","name":"Monique","lang":"en","profile_background_tile":false,"favourites_count":48310,"screen_name":"ASSTnews","notifications":false,"url":"https://t.co/ic4bP5g8qw","created_at":"Wed Jun 20 15:54:43 +0000 2012","contributors_enabled":false,"time_zone":"Atlantic Time (Canada)","protected":false,"default_profile":false,"is_translator":false},"geo":null,"in_reply_to_user_id_str":"2892439622","lang":"en","created_at":"Mon Dec 15 02:40:51 +0000 2014","in_reply_to_status_id_str":"544320016582459393","place":null},
{"contributors":null,"truncated":false,"text":"@AP @FoolishReporter in other news, sky is blue.","in_reply_to_status_id":544319832486064128,"id":544321318011678720,"favorite_count":0,"source":"<a href=\"http://twitter.com\" rel=\"nofollow\">Twitter Web Client</a>","retweeted":false,"coordinates":null,"entities":{"symbols":[],"user_mentions":[{"id":51241574,"indices":[0,3],"id_str":"51241574","screen_name":"AP","name":"The Associated Press"},{"id":290137961,"indices":[4,20],"id_str":"290137961","screen_name":"FoolishReporter","name":"Greg "}],"hashtags":[],"urls":[]},"in_reply_to_screen_name":"AP","id_str":"544321318011678720","retweet_count":0,"in_reply_to_user_id":51241574,"favorited":false,"user":{"follow_request_sent":false,"profile_use_background_image":false,"profile_text_color":"000000","default_profile_image":false,"id":997444831,"profile_background_image_url_https":"https://abs.twimg.com/images/themes/theme9/bg.gif","verified":false,"profile_location":null,"profile_image_url_https":"https://pbs.twimg.com/profile_images/545274499424190464/ax9-_SAr_normal.jpeg","profile_sidebar_fill_color":"000000","entities":{"description":{"urls":[]}},"followers_count":1420,"profile_sidebar_border_color":"000000","id_str":"997444831","profile_background_color":"000000","listed_count":9,"is_translation_enabled":false,"utc_offset":-25200,"statuses_count":103,"description":"Instagram @xulunga | World Traveler, Rand Libertarian, Francophone, Software Developer, US Marine, Dual US/EU citizen","friends_count":602,"location":"Top of the World","profile_link_color":"3B94D9","profile_image_url":"http://pbs.twimg.com/profile_images/545274499424190464/ax9-_SAr_normal.jpeg","following":false,"geo_enabled":true,"profile_banner_url":"https://pbs.twimg.com/profile_banners/997444831/1355467153","profile_background_image_url":"http://abs.twimg.com/images/themes/theme9/bg.gif","name":"Xaca Xulu","lang":"en","profile_background_tile":false,"favourites_count":1895,"screen_name":"XacaXulu","notifications":false,"url":null,"created_at":"Sat Dec 08 15:57:00 +0000 2012","contributors_enabled":false,"time_zone":"Arizona","protected":false,"default_profile":false,"is_translator":false},"geo":null,"in_reply_to_user_id_str":"51241574","lang":"en","created_at":"Mon Dec 15 02:41:29 +0000 2014","in_reply_to_status_id_str":"544319832486064128","place":null},
{"contributors":null,"truncated":false,"text":"@AP @SenFeinstein is headed there to beg the hostage takers to surrender.","in_reply_to_status_id":544319832486064128,"id":544321396328136704,"favorite_count":0,"source":"<a href=\"http://twitter.com/download/android\" rel=\"nofollow\">Twitter for Android</a>","retweeted":false,"coordinates":null,"entities":{"symbols":[],"user_mentions":[{"id":51241574,"indices":[0,3],"id_str":"51241574","screen_name":"AP","name":"The Associated Press"},{"id":476256944,"indices":[4,17],"id_str":"476256944","screen_name":"SenFeinstein","name":"Sen Dianne Feinstein"}],"hashtags":[],"urls":[]},"in_reply_to_screen_name":"AP","id_str":"544321396328136704","retweet_count":1,"in_reply_to_user_id":51241574,"favorited":false,"user":{"follow_request_sent":false,"profile_use_background_image":true,"profile_text_color":"333333","default_profile_image":false,"id":2892277057,"profile_background_image_url_https":"https://abs.twimg.com/images/themes/theme1/bg.png","verified":false,"profile_location":null,"profile_image_url_https":"https://pbs.twimg.com/profile_images/554013062613975041/iKlmPVWy_normal.jpeg","profile_sidebar_fill_color":"DDEEF6","entities":{"description":{"urls":[]}},"followers_count":32,"profile_sidebar_border_color":"C0DEED","id_str":"2892277057","profile_background_color":"C0DEED","listed_count":1,"is_translation_enabled":false,"utc_offset":null,"statuses_count":1607,"description":"","friends_count":195,"location":"","profile_link_color":"0084B4","profile_image_url":"http://pbs.twimg.com/profile_images/554013062613975041/iKlmPVWy_normal.jpeg","following":false,"geo_enabled":true,"profile_background_image_url":"http://abs.twimg.com/images/themes/theme1/bg.png","name":"BRH1964","lang":"en","profile_background_tile":false,"favourites_count":80,"screen_name":"brh1964","notifications":false,"url":null,"created_at":"Thu Nov 06 14:06:29 +0000 2014","contributors_enabled":false,"time_zone":null,"protected":false,"default_profile":true,"is_translator":false},"geo":null,"in_reply_to_user_id_str":"51241574","lang":"en","created_at":"Mon Dec 15 02:41:48 +0000 2014","in_reply_to_status_id_str":"544319832486064128","place":null},
{"contributors":null,"truncated":false,"text":"@AP u r just now reporting on this?  Wow","in_reply_to_status_id":544319832486064128,"id":544321596547424257,"favorite_count":0,"source":"<a href=\"http://twitter.com/download/iphone\" rel=\"nofollow\">Twitter for iPhone</a>","retweeted":false,"coordinates":null,"entities":{"symbols":[],"user_mentions":[{"id":51241574,"indices":[0,3],"id_str":"51241574","screen_name":"AP","name":"The Associated Press"}],"hashtags":[],"urls":[]},"in_reply_to_screen_name":"AP","id_str":"544321596547424257","retweet_count":0,"in_reply_to_user_id":51241574,"favorited":false,"user":{"follow_request_sent":false,"profile_use_background_image":true,"profile_text_color":"333333","default_profile_image":false,"id":1606394300,"profile_background_image_url_https":"https://abs.twimg.com/images/themes/theme1/bg.png","verified":false,"profile_location":null,"profile_image_url_https":"https://pbs.twimg.com/profile_images/505861390440345601/HTKgUGqF_normal.jpeg","profile_sidebar_fill_color":"DDEEF6","entities":{"description":{"urls":[]}},"followers_count":40,"profile_sidebar_border_color":"C0DEED","id_str":"1606394300","profile_background_color":"C0DEED","listed_count":0,"is_translation_enabled":false,"utc_offset":null,"statuses_count":779,"description":"Fightin' Texas Aggie Class of 2003!  Registered Dietitian and Certified Diabetes Educator","friends_count":150,"location":"","profile_link_color":"0084B4","profile_image_url":"http://pbs.twimg.com/profile_images/505861390440345601/HTKgUGqF_normal.jpeg","following":false,"geo_enabled":false,"profile_banner_url":"https://pbs.twimg.com/profile_banners/1606394300/1409441728","profile_background_image_url":"http://abs.twimg.com/images/themes/theme1/bg.png","name":"Karla","lang":"en","profile_background_tile":false,"favourites_count":325,"screen_name":"karlaag03","notifications":false,"url":null,"created_at":"Fri Jul 19 17:23:53 +0000 2013","contributors_enabled":false,"time_zone":null,"protected":false,"default_profile":true,"is_translator":false},"geo":null,"in_reply_to_user_id_str":"51241574","lang":"en","created_at":"Mon Dec 15 02:42:36 +0000 2014","in_reply_to_status_id_str":"544319832486064128","place":null},
{"contributors":null,"truncated":false,"text":"@AP @eliot_meredith bah voyons?!!! Juste le drapeau noir de l'état islamique...maybe dit il?!! Sûre i say!!","in_reply_to_status_id":544319832486064128,"id":544321620643692544,"favorite_count":1,"source":"<a href=\"http://twitter.com/download/iphone\" rel=\"nofollow\">Twitter for iPhone</a>","retweeted":false,"coordinates":null,"entities":{"symbols":[],"user_mentions":[{"id":51241574,"indices":[0,3],"id_str":"51241574","screen_name":"AP","name":"The Associated Press"},{"id":392459453,"indices":[4,19],"id_str":"392459453","screen_name":"eliot_meredith","name":"eliot_meredith ن"}],"hashtags":[],"urls":[]},"in_reply_to_screen_name":"AP","id_str":"544321620643692544","retweet_count":1,"in_reply_to_user_id":51241574,"favorited":false,"user":{"follow_request_sent":false,"profile_use_background_image":true,"profile_text_color":"333333","default_profile_image":false,"id":404095330,"profile_background_image_url_https":"https://pbs.twimg.com/profile_background_images/406148505/1.jpg","verified":false,"profile_location":null,"profile_image_url_https":"https://pbs.twimg.com/profile_images/419179081163628544/J-ixaw7W_normal.jpeg","profile_sidebar_fill_color":"FFFFFF","entities":{"description":{"urls":[]}},"followers_count":3824,"profile_sidebar_border_color":"EEEEEE","id_str":"404095330","profile_background_color":"B2DFDA","listed_count":32,"is_translation_enabled":false,"utc_offset":3600,"statuses_count":22769,"description":"désobéir est un devoir en tyranie socialiste","friends_count":2982,"location":"ЯESISTANT","profile_link_color":"231F94","profile_image_url":"http://pbs.twimg.com/profile_images/419179081163628544/J-ixaw7W_normal.jpeg","following":false,"geo_enabled":true,"profile_banner_url":"https://pbs.twimg.com/profile_banners/404095330/1379706175","profile_background_image_url":"http://pbs.twimg.com/profile_background_images/406148505/1.jpg","name":"homme Iibяe ن","lang":"fr","profile_background_tile":true,"favourites_count":431,"screen_name":"bloghommelibre","notifications":false,"url":null,"created_at":"Thu Nov 03 12:51:59 +0000 2011","contributors_enabled":false,"time_zone":"Brussels","protected":false,"default_profile":false,"is_translator":false},"geo":null,"in_reply_to_user_id_str":"51241574","lang":"fr","created_at":"Mon Dec 15 02:42:42 +0000 2014","in_reply_to_status_id_str":"544319832486064128","place":null},
{"contributors":null,"truncated":false,"text":"@asstnews @ap Sorry.I have been watching the coverage for a while now. Just thought AP was quicker than that.  Tweet was posted 5 min ago.","in_reply_to_status_id":544321159018590208,"id":544321686754316288,"favorite_count":1,"source":"<a href=\"http://itunes.apple.com/us/app/twitter/id409789998?mt=12\" rel=\"nofollow\">Twitter for Mac</a>","retweeted":false,"coordinates":null,"entities":{"symbols":[],"user_mentions":[{"id":613623369,"indices":[0,9],"id_str":"613623369","screen_name":"ASSTnews","name":"Monique"},{"id":51241574,"indices":[10,13],"id_str":"51241574","screen_name":"AP","name":"The Associated Press"}],"hashtags":[],"urls":[]},"in_reply_to_screen_name":"ASSTnews","id_str":"544321686754316288","retweet_count":0,"in_reply_to_user_id":613623369,"favorited":false,"user":{"follow_request_sent":false,"profile_use_background_image":false,"profile_text_color":"000000","default_profile_image":false,"id":2892439622,"profile_background_image_url_https":"https://abs.twimg.com/images/themes/theme1/bg.png","verified":false,"profile_location":null,"profile_image_url_https":"https://pbs.twimg.com/profile_images/530626196568936448/neerwPOh_normal.jpeg","profile_sidebar_fill_color":"000000","entities":{"description":{"urls":[]}},"followers_count":263,"profile_sidebar_border_color":"000000","id_str":"2892439622","profile_background_color":"000000","listed_count":2,"is_translation_enabled":false,"utc_offset":null,"statuses_count":1589,"description":"American Patriot, Artist, Writer, living life one day at a time. I'm a recovering Democrat and give thanks to the current Administation for waking me up.","friends_count":626,"location":"Somewhere in America","profile_link_color":"9266CC","profile_image_url":"http://pbs.twimg.com/profile_images/530626196568936448/neerwPOh_normal.jpeg","following":false,"geo_enabled":true,"profile_banner_url":"https://pbs.twimg.com/profile_banners/2892439622/1415346011","profile_background_image_url":"http://abs.twimg.com/images/themes/theme1/bg.png","name":"Zee","lang":"en","profile_background_tile":false,"favourites_count":337,"screen_name":"zclove2bme","notifications":false,"url":null,"created_at":"Fri Nov 07 03:56:36 +0000 2014","contributors_enabled":false,"time_zone":null,"protected":false,"default_profile":false,"is_translator":false},"geo":null,"in_reply_to_user_id_str":"613623369","lang":"en","created_at":"Mon Dec 15 02:42:57 +0000 2014","in_reply_to_status_id_str":"544321159018590208","place":null},
{"contributors":null,"truncated":false,"text":"@bloghommelibre @AP Un groupe rattaché au djihad certainement pour le moment mais peut être pas directement de l'ISIS !","in_reply_to_status_id":544321620643692544,"id":544322461329010689,"favorite_count":1,"source":"<a href=\"http://twitter.com\" rel=\"nofollow\">Twitter Web Client</a>","retweeted":false,"coordinates":null,"entities":{"symbols":[],"user_mentions":[{"id":404095330,"indices":[0,15],"id_str":"404095330","screen_name":"bloghommelibre","name":"homme Iibяe ن"},{"id":51241574,"indices":[16,19],"id_str":"51241574","screen_name":"AP","name":"The Associated Press"}],"hashtags":[],"urls":[]},"in_reply_to_screen_name":"bloghommelibre","id_str":"544322461329010689","retweet_count":0,"in_reply_to_user_id":404095330,"favorited":false,"user":{"follow_request_sent":false,"profile_use_background_image":true,"profile_text_color":"333333","default_profile_image":false,"id":392459453,"profile_background_image_url_https":"https://abs.twimg.com/images/themes/theme1/bg.png","verified":false,"profile_location":null,"profile_image_url_https":"https://pbs.twimg.com/profile_images/3080026124/17ff26aff2ec436fe34afa5edaf8b687_normal.jpeg","profile_sidebar_fill_color":"DDEEF6","entities":{"description":{"urls":[]}},"followers_count":1319,"profile_sidebar_border_color":"C0DEED","id_str":"392459453","profile_background_color":"C0DEED","listed_count":25,"is_translation_enabled":false,"utc_offset":null,"statuses_count":84096,"description":"Nous sommes le ciel bleu où les nuages passent sans laisser de trace .\r\n\r\nWe are the blue sky where the clouds pass without trace.","friends_count":1995,"location":"","profile_link_color":"0084B4","profile_image_url":"http://pbs.twimg.com/profile_images/3080026124/17ff26aff2ec436fe34afa5edaf8b687_normal.jpeg","following":false,"geo_enabled":false,"profile_background_image_url":"http://abs.twimg.com/images/themes/theme1/bg.png","name":"eliot_meredith ن","lang":"en","profile_background_tile":false,"favourites_count":50558,"screen_name":"eliot_meredith","notifications":false,"url":null,"created_at":"Mon Oct 17 02:26:40 +0000 2011","contributors_enabled":false,"time_zone":null,"protected":false,"default_profile":true,"is_translator":false},"geo":null,"in_reply_to_user_id_str":"404095330","lang":"fr","created_at":"Mon Dec 15 02:46:02 +0000 2014","in_reply_to_status_id_str":"544321620643692544","place":null},
{"contributors":null,"truncated":false,"text":"@bloghommelibre @AP Possible que ce soit des cellules dormantes qui sont réactivées !...","in_reply_to_status_id":544322461329010689,"id":544322655084879874,"favorite_count":0,"source":"<a href=\"http://twitter.com\" rel=\"nofollow\">Twitter Web Client</a>","retweeted":false,"coordinates":null,"entities":{"symbols":[],"user_mentions":[{"id":404095330,"indices":[0,15],"id_str":"404095330","screen_name":"bloghommelibre","name":"homme Iibяe ن"},{"id":51241574,"indices":[16,19],"id_str":"51241574","screen_name":"AP","name":"The Associated Press"}],"hashtags":[],"urls":[]},"in_reply_to_screen_name":"eliot_meredith","id_str":"544322655084879874","retweet_count":0,"in_reply_to_user_id":392459453,"favorited":false,"user":{"follow_request_sent":false,"profile_use_background_image":true,"profile_text_color":"333333","default_profile_image":false,"id":392459453,"profile_background_image_url_https":"https://abs.twimg.com/images/themes/theme1/bg.png","verified":false,"profile_location":null,"profile_image_url_https":"https://pbs.twimg.com/profile_images/3080026124/17ff26aff2ec436fe34afa5edaf8b687_normal.jpeg","profile_sidebar_fill_color":"DDEEF6","entities":{"description":{"urls":[]}},"followers_count":1319,"profile_sidebar_border_color":"C0DEED","id_str":"392459453","profile_background_color":"C0DEED","listed_count":25,"is_translation_enabled":false,"utc_offset":null,"statuses_count":84096,"description":"Nous sommes le ciel bleu où les nuages passent sans laisser de trace .\r\n\r\nWe are the blue sky where the clouds pass without trace.","friends_count":1995,"location":"","profile_link_color":"0084B4","profile_image_url":"http://pbs.twimg.com/profile_images/3080026124/17ff26aff2ec436fe34afa5edaf8b687_normal.jpeg","following":false,"geo_enabled":false,"profile_background_image_url":"http://abs.twimg.com/images/themes/theme1/bg.png","name":"eliot_meredith ن","lang":"en","profile_background_tile":false,"favourites_count":50558,"screen_name":"eliot_meredith","notifications":false,"url":null,"created_at":"Mon Oct 17 02:26:40 +0000 2011","contributors_enabled":false,"time_zone":null,"protected":false,"default_profile":true,"is_translator":false},"geo":null,"in_reply_to_user_id_str":"392459453","lang":"fr","created_at":"Mon Dec 15 02:46:48 +0000 2014","in_reply_to_status_id_str":"544322461329010689","place":null},
{"contributors":null,"truncated":false,"text":"@eliot_meredith @AP non mais un connard d'illuminé c'est sûr! Pas besoin que ce soit ISIS pour que ce soit une revendication politique","in_reply_to_status_id":544322461329010689,"id":544323563021664257,"favorite_count":1,"source":"<a href=\"http://twitter.com/download/iphone\" rel=\"nofollow\">Twitter for iPhone</a>","retweeted":false,"coordinates":null,"entities":{"symbols":[],"user_mentions":[{"id":392459453,"indices":[0,15],"id_str":"392459453","screen_name":"eliot_meredith","name":"eliot_meredith ن"},{"id":51241574,"indices":[16,19],"id_str":"51241574","screen_name":"AP","name":"The Associated Press"}],"hashtags":[],"urls":[]},"in_reply_to_screen_name":"eliot_meredith","id_str":"544323563021664257","retweet_count":1,"in_reply_to_user_id":392459453,"favorited":false,"user":{"follow_request_sent":false,"profile_use_background_image":true,"profile_text_color":"333333","default_profile_image":false,"id":404095330,"profile_background_image_url_https":"https://pbs.twimg.com/profile_background_images/406148505/1.jpg","verified":false,"profile_location":null,"profile_image_url_https":"https://pbs.twimg.com/profile_images/419179081163628544/J-ixaw7W_normal.jpeg","profile_sidebar_fill_color":"FFFFFF","entities":{"description":{"urls":[]}},"followers_count":3824,"profile_sidebar_border_color":"EEEEEE","id_str":"404095330","profile_background_color":"B2DFDA","listed_count":32,"is_translation_enabled":false,"utc_offset":3600,"statuses_count":22775,"description":"désobéir est un devoir en tyranie socialiste","friends_count":2981,"location":"ЯESISTANT","profile_link_color":"231F94","profile_image_url":"http://pbs.twimg.com/profile_images/419179081163628544/J-ixaw7W_normal.jpeg","following":false,"geo_enabled":true,"profile_banner_url":"https://pbs.twimg.com/profile_banners/404095330/1379706175","profile_background_image_url":"http://pbs.twimg.com/profile_background_images/406148505/1.jpg","name":"homme Iibяe ن","lang":"fr","profile_background_tile":true,"favourites_count":431,"screen_name":"bloghommelibre","notifications":false,"url":null,"created_at":"Thu Nov 03 12:51:59 +0000 2011","contributors_enabled":false,"time_zone":"Brussels","protected":false,"default_profile":false,"is_translator":false},"geo":null,"in_reply_to_user_id_str":"392459453","lang":"fr","created_at":"Mon Dec 15 02:50:25 +0000 2014","in_reply_to_status_id_str":"544322461329010689","place":null},
{"contributors":null,"truncated":false,"text":"@zclove2bme I see, wasn't sure if that was what you meant. They could have been waiting for the briefing to end. @AP","in_reply_to_status_id":544321686754316288,"id":544323804399665152,"favorite_count":0,"source":"<a href=\"http://twitter.com/download/android\" rel=\"nofollow\">Twitter for Android</a>","retweeted":false,"coordinates":null,"entities":{"symbols":[],"user_mentions":[{"id":2892439622,"indices":[0,11],"id_str":"2892439622","screen_name":"zclove2bme","name":"Zee"},{"id":51241574,"indices":[113,116],"id_str":"51241574","screen_name":"AP","name":"The Associated Press"}],"hashtags":[],"urls":[]},"in_reply_to_screen_name":"zclove2bme","id_str":"544323804399665152","retweet_count":0,"in_reply_to_user_id":2892439622,"favorited":false,"user":{"follow_request_sent":false,"profile_use_background_image":true,"profile_text_color":"448668","default_profile_image":false,"id":613623369,"profile_background_image_url_https":"https://pbs.twimg.com/profile_background_images/810285581/ffb59644074de480fab06418f8b3bdc3.jpeg","verified":false,"profile_location":null,"profile_image_url_https":"https://pbs.twimg.com/profile_images/574201720760238081/2iZYSuQw_normal.jpeg","profile_sidebar_fill_color":"000B17","entities":{"url":{"urls":[{"url":"https://t.co/ic4bP5g8qw","indices":[0,23],"expanded_url":"https://drive.google.com/file/d/0Bx-C-Bu0c94nbXA4cjlpcFo0dnM/edit?usp=sharing","display_url":"drive.google.com/file/d/0Bx-C-B…"}]},"description":{"urls":[]}},"followers_count":4640,"profile_sidebar_border_color":"000000","id_str":"613623369","profile_background_color":"001329","listed_count":85,"is_translation_enabled":false,"utc_offset":-14400,"statuses_count":49174,"description":"At once ambivalent & omniscient, a sanctified savage, ensnared by wanderlust. Empathy for all ideologies, awaiting the armistice. BA. Psychology Crim & Politics","friends_count":4538,"location":"Specious Present","profile_link_color":"004358","profile_image_url":"http://pbs.twimg.com/profile_images/574201720760238081/2iZYSuQw_normal.jpeg","following":false,"geo_enabled":false,"profile_background_image_url":"http://pbs.twimg.com/profile_background_images/810285581/ffb59644074de480fab06418f8b3bdc3.jpeg","name":"Monique","lang":"en","profile_background_tile":false,"favourites_count":48315,"screen_name":"ASSTnews","notifications":false,"url":"https://t.co/ic4bP5g8qw","created_at":"Wed Jun 20 15:54:43 +0000 2012","contributors_enabled":false,"time_zone":"Atlantic Time (Canada)","protected":false,"default_profile":false,"is_translator":false},"geo":null,"in_reply_to_user_id_str":"2892439622","lang":"en","created_at":"Mon Dec 15 02:51:22 +0000 2014","in_reply_to_status_id_str":"544321686754316288","place":null},
{"contributors":null,"truncated":false,"text":"@bloghommelibre @AP Il n'est pas tout seul !","in_reply_to_status_id":544323563021664257,"id":544324177226764288,"favorite_count":1,"source":"<a href=\"http://twitter.com\" rel=\"nofollow\">Twitter Web Client</a>","retweeted":false,"coordinates":null,"entities":{"symbols":[],"user_mentions":[{"id":404095330,"indices":[0,15],"id_str":"404095330","screen_name":"bloghommelibre","name":"homme Iibяe ن"},{"id":51241574,"indices":[16,19],"id_str":"51241574","screen_name":"AP","name":"The Associated Press"}],"hashtags":[],"urls":[]},"in_reply_to_screen_name":"bloghommelibre","id_str":"544324177226764288","retweet_count":1,"in_reply_to_user_id":404095330,"favorited":false,"user":{"follow_request_sent":false,"profile_use_background_image":true,"profile_text_color":"333333","default_profile_image":false,"id":392459453,"profile_background_image_url_https":"https://abs.twimg.com/images/themes/theme1/bg.png","verified":false,"profile_location":null,"profile_image_url_https":"https://pbs.twimg.com/profile_images/3080026124/17ff26aff2ec436fe34afa5edaf8b687_normal.jpeg","profile_sidebar_fill_color":"DDEEF6","entities":{"description":{"urls":[]}},"followers_count":1319,"profile_sidebar_border_color":"C0DEED","id_str":"392459453","profile_background_color":"C0DEED","listed_count":25,"is_translation_enabled":false,"utc_offset":null,"statuses_count":84097,"description":"Nous sommes le ciel bleu où les nuages passent sans laisser de trace .\r\n\r\nWe are the blue sky where the clouds pass without trace.","friends_count":1995,"location":"","profile_link_color":"0084B4","profile_image_url":"http://pbs.twimg.com/profile_images/3080026124/17ff26aff2ec436fe34afa5edaf8b687_normal.jpeg","following":false,"geo_enabled":false,"profile_background_image_url":"http://abs.twimg.com/images/themes/theme1/bg.png","name":"eliot_meredith ن","lang":"en","profile_background_tile":false,"favourites_count":50558,"screen_name":"eliot_meredith","notifications":false,"url":null,"created_at":"Mon Oct 17 02:26:40 +0000 2011","contributors_enabled":false,"time_zone":null,"protected":false,"default_profile":true,"is_translator":false},"geo":null,"in_reply_to_user_id_str":"404095330","lang":"fr","created_at":"Mon Dec 15 02:52:51 +0000 2014","in_reply_to_status_id_str":"544323563021664257","place":null},
{"contributors":null,"truncated":false,"text":"@bloghommelibre C'est pas le drapeau d'ISIS, à la limite le shahada (qui est sur le drapeau de l'arabie saoudite aussi) @AP @eliot_meredith","in_reply_to_status_id":544321620643692544,"id":544338972768759809,"favorite_count":1,"source":"<a href=\"http://twitter.com\" rel=\"nofollow\">Twitter Web Client</a>","retweeted":false,"coordinates":null,"entities":{"symbols":[],"user_mentions":[{"id":404095330,"indices":[0,15],"id_str":"404095330","screen_name":"bloghommelibre","name":"homme Iibяe ن"},{"id":51241574,"indices":[120,123],"id_str":"51241574","screen_name":"AP","name":"The Associated Press"},{"id":392459453,"indices":[124,139],"id_str":"392459453","screen_name":"eliot_meredith","name":"eliot_meredith ن"}],"hashtags":[],"urls":[]},"in_reply_to_screen_name":"bloghommelibre","id_str":"544338972768759809","retweet_count":1,"in_reply_to_user_id":404095330,"favorited":false,"user":{"follow_request_sent":false,"profile_use_background_image":true,"profile_text_color":"333333","default_profile_image":false,"id":1111282914,"profile_background_image_url_https":"https://abs.twimg.com/images/themes/theme1/bg.png","verified":false,"profile_location":null,"profile_image_url_https":"https://pbs.twimg.com/profile_images/584165434414469120/Vi5tGIom_normal.jpg","profile_sidebar_fill_color":"DDEEF6","entities":{"description":{"urls":[]}},"followers_count":71,"profile_sidebar_border_color":"C0DEED","id_str":"1111282914","profile_background_color":"C0DEED","listed_count":0,"is_translation_enabled":false,"utc_offset":7200,"statuses_count":1329,"description":"On n’a pas besoin d’autorisation. La liberté ne se demande pas. C’est le principe même de la liberté.","friends_count":388,"location":"Liverpool","profile_link_color":"55ACEE","profile_image_url":"http://pbs.twimg.com/profile_images/584165434414469120/Vi5tGIom_normal.jpg","following":false,"geo_enabled":false,"profile_background_image_url":"http://abs.twimg.com/images/themes/theme1/bg.png","name":"Alain Verse","lang":"fr","profile_background_tile":false,"favourites_count":40,"screen_name":"Alain_Verse","notifications":false,"url":null,"created_at":"Tue Jan 22 11:29:48 +0000 2013","contributors_enabled":false,"time_zone":"Athens","protected":false,"default_profile":false,"is_translator":false},"geo":null,"in_reply_to_user_id_str":"404095330","lang":"fr","created_at":"Mon Dec 15 03:51:39 +0000 2014","in_reply_to_status_id_str":"544321620643692544","place":null},
{"contributors":null,"truncated":false,"text":"@Alain_Verse @bloghommelibre @AP Non ce n'est pas le drapeau de l'EI ! Si vraiment il y a 40 à 50 otages, nous doutons qu'une seule personne","in_reply_to_status_id":544338972768759809,"id":544339655093923840,"favorite_count":1,"source":"<a href=\"http://twitter.com\" rel=\"nofollow\">Twitter Web Client</a>","retweeted":false,"coordinates":null,"entities":{"symbols":[],"user_mentions":[{"id":1111282914,"indices":[0,12],"id_str":"1111282914","screen_name":"Alain_Verse","name":"Alain Verse"},{"id":404095330,"indices":[13,28],"id_str":"404095330","screen_name":"bloghommelibre","name":"homme Iibяe ن"},{"id":51241574,"indices":[29,32],"id_str":"51241574","screen_name":"AP","name":"The Associated Press"}],"hashtags":[],"urls":[]},"in_reply_to_screen_name":"Alain_Verse","id_str":"544339655093923840","retweet_count":0,"in_reply_to_user_id":1111282914,"favorited":false,"user":{"follow_request_sent":false,"profile_use_background_image":true,"profile_text_color":"333333","default_profile_image":false,"id":392459453,"profile_background_image_url_https":"https://abs.twimg.com/images/themes/theme1/bg.png","verified":false,"profile_location":null,"profile_image_url_https":"https://pbs.twimg.com/profile_images/3080026124/17ff26aff2ec436fe34afa5edaf8b687_normal.jpeg","profile_sidebar_fill_color":"DDEEF6","entities":{"description":{"urls":[]}},"followers_count":1319,"profile_sidebar_border_color":"C0DEED","id_str":"392459453","profile_background_color":"C0DEED","listed_count":25,"is_translation_enabled":false,"utc_offset":null,"statuses_count":84098,"description":"Nous sommes le ciel bleu où les nuages passent sans laisser de trace .\r\n\r\nWe are the blue sky where the clouds pass without trace.","friends_count":1995,"location":"","profile_link_color":"0084B4","profile_image_url":"http://pbs.twimg.com/profile_images/3080026124/17ff26aff2ec436fe34afa5edaf8b687_normal.jpeg","following":false,"geo_enabled":false,"profile_background_image_url":"http://abs.twimg.com/images/themes/theme1/bg.png","name":"eliot_meredith ن","lang":"en","profile_background_tile":false,"favourites_count":50559,"screen_name":"eliot_meredith","notifications":false,"url":null,"created_at":"Mon Oct 17 02:26:40 +0000 2011","contributors_enabled":false,"time_zone":null,"protected":false,"default_profile":true,"is_translator":false},"geo":null,"in_reply_to_user_id_str":"1111282914","lang":"fr","created_at":"Mon Dec 15 03:54:21 +0000 2014","in_reply_to_status_id_str":"544338972768759809","place":null},
{"contributors":null,"truncated":false,"text":"@Alain_Verse @bloghommelibre @AP suffise pour tenir en joug autant de monde ! ou alors tous les otages sont des fiottes !","in_reply_to_status_id":544338972768759809,"id":544340179549696000,"favorite_count":1,"source":"<a href=\"http://twitter.com\" rel=\"nofollow\">Twitter Web Client</a>","retweeted":false,"coordinates":null,"entities":{"symbols":[],"user_mentions":[{"id":1111282914,"indices":[0,12],"id_str":"1111282914","screen_name":"Alain_Verse","name":"Alain Verse"},{"id":404095330,"indices":[13,28],"id_str":"404095330","screen_name":"bloghommelibre","name":"homme Iibяe ن"},{"id":51241574,"indices":[29,32],"id_str":"51241574","screen_name":"AP","name":"The Associated Press"}],"hashtags":[],"urls":[]},"in_reply_to_screen_name":"Alain_Verse","id_str":"544340179549696000","retweet_count":0,"in_reply_to_user_id":1111282914,"favorited":false,"user":{"follow_request_sent":false,"profile_use_background_image":true,"profile_text_color":"333333","default_profile_image":false,"id":392459453,"profile_background_image_url_https":"https://abs.twimg.com/images/themes/theme1/bg.png","verified":false,"profile_location":null,"profile_image_url_https":"https://pbs.twimg.com/profile_images/3080026124/17ff26aff2ec436fe34afa5edaf8b687_normal.jpeg","profile_sidebar_fill_color":"DDEEF6","entities":{"description":{"urls":[]}},"followers_count":1319,"profile_sidebar_border_color":"C0DEED","id_str":"392459453","profile_background_color":"C0DEED","listed_count":25,"is_translation_enabled":false,"utc_offset":null,"statuses_count":84098,"description":"Nous sommes le ciel bleu où les nuages passent sans laisser de trace .\r\n\r\nWe are the blue sky where the clouds pass without trace.","friends_count":1995,"location":"","profile_link_color":"0084B4","profile_image_url":"http://pbs.twimg.com/profile_images/3080026124/17ff26aff2ec436fe34afa5edaf8b687_normal.jpeg","following":false,"geo_enabled":false,"profile_background_image_url":"http://abs.twimg.com/images/themes/theme1/bg.png","name":"eliot_meredith ن","lang":"en","profile_background_tile":false,"favourites_count":50559,"screen_name":"eliot_meredith","notifications":false,"url":null,"created_at":"Mon Oct 17 02:26:40 +0000 2011","contributors_enabled":false,"time_zone":null,"protected":false,"default_profile":true,"is_translator":false},"geo":null,"in_reply_to_user_id_str":"1111282914","lang":"fr","created_at":"Mon Dec 15 03:56:26 +0000 2014","in_reply_to_status_id_str":"544338972768759809","place":null},
{"contributors":null,"truncated":false,"text":"@Alain_Verse @bloghommelibre @AP Il n'y a pas d'hommes ! Lol","in_reply_to_status_id":544338972768759809,"id":544340222902018049,"favorite_count":2,"source":"<a href=\"http://twitter.com\" rel=\"nofollow\">Twitter Web Client</a>","retweeted":false,"coordinates":null,"entities":{"symbols":[],"user_mentions":[{"id":1111282914,"indices":[0,12],"id_str":"1111282914","screen_name":"Alain_Verse","name":"Alain Verse"},{"id":404095330,"indices":[13,28],"id_str":"404095330","screen_name":"bloghommelibre","name":"homme Iibяe ن"},{"id":51241574,"indices":[29,32],"id_str":"51241574","screen_name":"AP","name":"The Associated Press"}],"hashtags":[],"urls":[]},"in_reply_to_screen_name":"Alain_Verse","id_str":"544340222902018049","retweet_count":0,"in_reply_to_user_id":1111282914,"favorited":false,"user":{"follow_request_sent":false,"profile_use_background_image":true,"profile_text_color":"333333","default_profile_image":false,"id":392459453,"profile_background_image_url_https":"https://abs.twimg.com/images/themes/theme1/bg.png","verified":false,"profile_location":null,"profile_image_url_https":"https://pbs.twimg.com/profile_images/3080026124/17ff26aff2ec436fe34afa5edaf8b687_normal.jpeg","profile_sidebar_fill_color":"DDEEF6","entities":{"description":{"urls":[]}},"followers_count":1319,"profile_sidebar_border_color":"C0DEED","id_str":"392459453","profile_background_color":"C0DEED","listed_count":25,"is_translation_enabled":false,"utc_offset":null,"statuses_count":84099,"description":"Nous sommes le ciel bleu où les nuages passent sans laisser de trace .\r\n\r\nWe are the blue sky where the clouds pass without trace.","friends_count":1995,"location":"","profile_link_color":"0084B4","profile_image_url":"http://pbs.twimg.com/profile_images/3080026124/17ff26aff2ec436fe34afa5edaf8b687_normal.jpeg","following":false,"geo_enabled":false,"profile_background_image_url":"http://abs.twimg.com/images/themes/theme1/bg.png","name":"eliot_meredith ن","lang":"en","profile_background_tile":false,"favourites_count":50560,"screen_name":"eliot_meredith","notifications":false,"url":null,"created_at":"Mon Oct 17 02:26:40 +0000 2011","contributors_enabled":false,"time_zone":null,"protected":false,"default_profile":true,"is_translator":false},"geo":null,"in_reply_to_user_id_str":"1111282914","lang":"fr","created_at":"Mon Dec 15 03:56:37 +0000 2014","in_reply_to_status_id_str":"544338972768759809","place":null}
]