[{"contributors":null,"truncated":false,"text":"Because narcissism doesn't take a break MT @mkarolian These people are taking selfies on scene of the #sydneysiege http://t.co/obZK1IXqpj","in_reply_to_status_id":544336585052160001,"id":544337226050441216,"favorite_count":36,"source":"<a href=\"http://twitter.com/download/iphone\" rel=\"nofollow\">Twitter for iPhone</a>","retweeted":false,"coordinates":null,"entities":{"symbols":[],"user_mentions":[{"id":14098166,"indices":[43,53],"id_str":"14098166","screen_name":"mkarolian","name":"Matt Karolian"}],"hashtags":[{"indices":[102,114],"text":"sydneysiege"}],"urls":[],"media":[{"source_user_id":14098166,"source_status_id_str":"544336585052160001","expanded_url":"http://twitter.com/mkarolian/status/544336585052160001/photo/1","display_url":"pic.twitter.com/obZK1IXqpj","url":"http://t.co/obZK1IXqpj","media_url_https":"https://pbs.twimg.com/media/B43fPSiCQAErYz7.jpg","source_user_id_str":"14098166","source_status_id":544336585052160001,"id_str":"544336583747321857","sizes":{"small":{"h":206,"resize":"fit","w":340},"large":{"h":620,"resize":"fit","w":1024},"medium":{"h":363,"resize":"fit","w":600},"thumb":{"h":150,"resize":"crop","w":150}},"indices":[115,137],"type":"photo","id":544336583747321857,"media_url":"http://pbs.twimg.com/media/B43fPSiCQAErYz7.jpg"}]},"in_reply_to_screen_name":"mkarolian","id_str":"544337226050441216","retweet_count":133,"in_reply_to_user_id":14098166,"favorited":false,"user":{"follow_request_sent":false,"profile_use_background_image":true,"profile_text_color":"666666","default_profile_image":false,"id":282977213,"profile_background_image_url_https":"https://abs.twimg.com/images/themes/theme9/bg.gif","verified":false,"profile_location":null,"profile_image_url_https":"https://pbs.twimg.com/profile_images/2997633383/52784c0d183c26270f58c7aea437fe49_normal.jpeg","profile_sidebar_fill_color":"252429","entities":{"url":{"urls":[{"url":"http://t.co/UteVTr91q8","indices":[0,22],"expanded_url":"http://www.amroali.com","display_url":"amroali.com"}]},"description":{"urls":[{"url":"http://t.co/BYJyXz5iJm","indices":[124,146],"expanded_url":"http://on.fb.me/T5C1vn","display_url":"on.fb.me/T5C1vn"}]}},"followers_count":4633,"profile_sidebar_border_color":"000000","id_str":"282977213","profile_background_color":"1A1B1F","listed_count":235,"is_translation_enabled":false,"utc_offset":39600,"statuses_count":21326,"description":"PhD scholar at Dept. of Gov't & IR - Sydney University | #Egypt & #MiddleEast analyst | Admin of #Alexandria Scholars (URL: http://t.co/BYJyXz5iJm) #HumanRights","friends_count":751,"location":"Alex (Egypt) & Sydney (Aus)","profile_link_color":"2FC2EF","profile_image_url":"http://pbs.twimg.com/profile_images/2997633383/52784c0d183c26270f58c7aea437fe49_normal.jpeg","following":false,"geo_enabled":true,"profile_banner_url":"https://pbs.twimg.com/profile_banners/282977213/1400322724","profile_background_image_url":"http://abs.twimg.com/images/themes/theme9/bg.gif","name":"Amro Ali","lang":"en","profile_background_tile":false,"favourites_count":3270,"screen_name":"_amroali","notifications":false,"url":"http://t.co/UteVTr91q8","created_at":"Sat Apr 16 09:48:12 +0000 2011","contributors_enabled":false,"time_zone":"Sydney","protected":false,"default_profile":false,"is_translator":false},"geo":null,"in_reply_to_user_id_str":"14098166","possibly_sensitive":false,"lang":"en","created_at":"Mon Dec 15 03:44:42 +0000 2014","in_reply_to_status_id_str":"544336585052160001","place":null,"extended_entities":{"media":[{"source_user_id":14098166,"source_status_id_str":"544336585052160001","expanded_url":"http://twitter.com/mkarolian/status/544336585052160001/photo/1","display_url":"pic.twitter.com/obZK1IXqpj","url":"http://t.co/obZK1IXqpj","media_url_https":"https://pbs.twimg.com/media/B43fPSiCQAErYz7.jpg","source_user_id_str":"14098166","source_status_id":544336585052160001,"id_str":"544336583747321857","sizes":{"small":{"h":206,"resize":"fit","w":340},"large":{"h":620,"resize":"fit","w":1024},"medium":{"h":363,"resize":"fit","w":600},"thumb":{"h":150,"resize":"crop","w":150}},"indices":[115,137],"type":"photo","id":544336583747321857,"media_url":"http://pbs.twimg.com/media/B43fPSiCQAErYz7.jpg"},{"source_user_id":14098166,"source_status_id_str":"544336585052160001","expanded_url":"http://twitter.com/mkarolian/status/544336585052160001/photo/1","display_url":"pic.twitter.com/obZK1IXqpj","url":"http://t.co/obZK1IXqpj","media_url_https":"https://pbs.twimg.com/media/B43fOlzCIAAI5jC.jpg","source_user_id_str":"14098166","source_status_id":544336585052160001,"id_str":"544336571739021312","sizes":{"large":{"h":608,"resize":"fit","w":1024},"small":{"h":202,"resize":"fit","w":340},"medium":{"h":356,"resize":"fit","w":600},"thumb":{"h":150,"resize":"crop","w":150}},"indices":[115,137],"type":"photo","id":544336571739021312,"media_url":"http://pbs.twimg.com/media/B43fOlzCIAAI5jC.jpg"},{"source_user_id":14098166,"source_status_id_str":"544336585052160001","expanded_url":"http://twitter.com/mkarolian/status/544336585052160001/photo/1","display_url":"pic.twitter.com/obZK1IXqpj","url":"http://t.co/obZK1IXqpj","media_url_https":"https://pbs.twimg.com/media/B43fPT6CQAIoZ_r.jpg","source_user_id_str":"14098166","source_status_id":544336585052160001,"id_str":"544336584116420610","sizes":{"large":{"h":615,"resize":"fit","w":1024},"small":{"h":204,"resize":"fit","w":340},"medium":{"h":360,"resize":"fit","w":600},"thumb":{"h":150,"resize":"crop","w":150}},"indices":[115,137],"type":"photo","id":544336584116420610,"media_url":"http://pbs.twimg.com/media/B43fPT6CQAIoZ_r.jpg"}]}},
{"contributors":null,"truncated":false,"text":"@mkarolian ugh","in_reply_to_status_id":544336585052160001,"id":544337316764848130,"favorite_count":1,"source":"<a href=\"http://twitter.com/download/iphone\" rel=\"nofollow\">Twitter for iPhone</a>","retweeted":false,"coordinates":null,"entities":{"symbols":[],"user_mentions":[{"id":14098166,"indices":[0,10],"id_str":"14098166","screen_name":"mkarolian","name":"Matt Karolian"}],"hashtags":[],"urls":[]},"in_reply_to_screen_name":"mkarolian","id_str":"544337316764848130","retweet_count":0,"in_reply_to_user_id":14098166,"favorited":false,"user":{"follow_request_sent":false,"profile_use_background_image":true,"profile_text_color":"3E4415","default_profile_image":false,"id":19743434,"profile_background_image_url_https":"https://pbs.twimg.com/profile_background_images/793188142/c03a28c8837294cadd9e04b33cc7dbb7.jpeg","verified":false,"profile_location":null,"profile_image_url_https":"https://pbs.twimg.com/profile_images/587575627206635522/FwumPZ9p_normal.jpg","profile_sidebar_fill_color":"99CC33","entities":{"description":{"urls":[]}},"followers_count":964,"profile_sidebar_border_color":"FFFFFF","id_str":"19743434","profile_background_color":"382304","listed_count":30,"is_translation_enabled":false,"utc_offset":-36000,"statuses_count":38657,"description":"biggest fan of @harrybaz2002 storm ball boy.. spend every spare minute at junior footy!","friends_count":556,"location":"NSW Australia","profile_link_color":"331C24","profile_image_url":"http://pbs.twimg.com/profile_images/587575627206635522/FwumPZ9p_normal.jpg","following":false,"geo_enabled":false,"profile_banner_url":"https://pbs.twimg.com/profile_banners/19743434/1396875513","profile_background_image_url":"http://pbs.twimg.com/profile_background_images/793188142/c03a28c8837294cadd9e04b33cc7dbb7.jpeg","name":"footymum","lang":"en","profile_background_tile":true,"favourites_count":2542,"screen_name":"footymum3","notifications":false,"url":null,"created_at":"Thu Jan 29 23:52:45 +0000 2009","contributors_enabled":false,"time_zone":"Hawaii","protected":false,"default_profile":false,"is_translator":false},"geo":null,"in_reply_to_user_id_str":"14098166","lang":"und","created_at":"Mon Dec 15 03:45:04 +0000 2014","in_reply_to_status_id_str":"544336585052160001","place":null},
{"contributors":null,"truncated":false,"text":"@_amroali @mkarolian wtf?! That a whole new level of low!","in_reply_to_status_id":544337226050441216,"id":544337886963720193,"favorite_count":5,"source":"<a href=\"http://twitter.com/download/iphone\" rel=\"nofollow\">Twitter for iPhone</a>","retweeted":false,"coordinates":null,"entities":{"symbols":[],"user_mentions":[{"id":282977213,"indices":[0,9],"id_str":"282977213","screen_name":"_amroali","name":"Amro Ali"},{"id":14098166,"indices":[10,20],"id_str":"14098166","screen_name":"mkarolian","name":"Matt Karolian"}],"hashtags":[],"urls":[]},"in_reply_to_screen_name":"_amroali","id_str":"544337886963720193","retweet_count":1,"in_reply_to_user_id":282977213,"favorited":false,"user":{"follow_request_sent":false,"profile_use_background_image":true,"profile_text_color":"987089","default_profile_image":false,"id":322209077,"profile_background_image_url_https":"https://pbs.twimg.com/profile_background_images/378800000167020452/bkiZhzl4.jpeg","verified":false,"profile_location":null,"profile_image_url_https":"https://pbs.twimg.com/profile_images/589769968914333696/Oc0nrlxD_normal.jpg","profile_sidebar_fill_color":"4A6A86","entities":{"description":{"urls":[]}},"followers_count":290,"profile_sidebar_border_color":"000000","id_str":"322209077","profile_background_color":"E1AA9E","listed_count":4,"is_translation_enabled":false,"utc_offset":0,"statuses_count":1381,"description":"Psychology (BSc) Graduate & psychology A-level lecturer. Experienced in working with young people aged 5-20, DBS checked. Love & Light. Namaste.","friends_count":878,"location":"Mokpo, South Korea","profile_link_color":"DA8C9F","profile_image_url":"http://pbs.twimg.com/profile_images/589769968914333696/Oc0nrlxD_normal.jpg","following":false,"geo_enabled":false,"profile_banner_url":"https://pbs.twimg.com/profile_banners/322209077/1411426966","profile_background_image_url":"http://pbs.twimg.com/profile_background_images/378800000167020452/bkiZhzl4.jpeg","name":"Camilla Fletcher","lang":"en","profile_background_tile":true,"favourites_count":600,"screen_name":"CamillaYahel","notifications":false,"url":null,"created_at":"Wed Jun 22 20:17:05 +0000 2011","contributors_enabled":false,"time_zone":"London","protected":false,"default_profile":false,"is_translator":false},"geo":null,"in_reply_to_user_id_str":"282977213","lang":"en","created_at":"Mon Dec 15 03:47:20 +0000 2014","in_reply_to_status_id_str":"544337226050441216","place":null},
{"contributors":null,"truncated":false,"text":"@_amroali @mkarolian well in Egypt they take selfie with the bomb itself Ya Amr","in_reply_to_status_id":544337226050441216,"id":544337982028005376,"favorite_count":3,"source":"<a href=\"http://twitter.com/#!/download/ipad\" rel=\"nofollow\">Twitter for iPad</a>","retweeted":false,"coordinates":null,"entities":{"symbols":[],"user_mentions":[{"id":282977213,"indices":[0,9],"id_str":"282977213","screen_name":"_amroali","name":"Amro Ali"},{"id":14098166,"indices":[10,20],"id_str":"14098166","screen_name":"mkarolian","name":"Matt Karolian"}],"hashtags":[],"urls":[]},"in_reply_to_screen_name":"_amroali","id_str":"544337982028005376","retweet_count":0,"in_reply_to_user_id":282977213,"favorited":false,"user":{"follow_request_sent":false,"profile_use_background_image":true,"profile_text_color":"2B4749","default_profile_image":false,"id":608583,"profile_background_image_url_https":"https://pbs.twimg.com/profile_background_images/378800000180507070/cuIALumb.png","verified":false,"profile_location":null,"profile_image_url_https":"https://pbs.twimg.com/profile_images/1422143030/4346a80a-5333-4514-afde-55d68ce1e918_bigger_normal.png","profile_sidebar_fill_color":"020202","entities":{"url":{"urls":[{"url":"http://t.co/eYd8U7LrTp","indices":[0,22],"expanded_url":"http://egyptianchronicles.blogspot.com","display_url":"egyptianchronicles.blogspot.com"}]},"description":{"urls":[]}},"followers_count":176413,"profile_sidebar_border_color":"F8F1C7","id_str":"608583","profile_background_color":"5E0101","listed_count":2072,"is_translation_enabled":false,"utc_offset":7200,"statuses_count":321818,"description":"Egyptian blogger / Reporter / Photographer who is not a celeb, just another talkative Egyptian \r\nRetweet what is interesting does not mean I approve it","friends_count":5050,"location":"Egypt","profile_link_color":"BA45D1","profile_image_url":"http://pbs.twimg.com/profile_images/1422143030/4346a80a-5333-4514-afde-55d68ce1e918_bigger_normal.png","following":false,"geo_enabled":true,"profile_banner_url":"https://pbs.twimg.com/profile_banners/608583/1348065610","profile_background_image_url":"http://pbs.twimg.com/profile_background_images/378800000180507070/cuIALumb.png","name":"Zeinobia","lang":"en","profile_background_tile":true,"favourites_count":8457,"screen_name":"Zeinobia","notifications":false,"url":"http://t.co/eYd8U7LrTp","created_at":"Sat Jan 06 21:21:50 +0000 2007","contributors_enabled":false,"time_zone":"Cairo","protected":false,"default_profile":false,"is_translator":false},"geo":null,"in_reply_to_user_id_str":"282977213","lang":"en","created_at":"Mon Dec 15 03:47:42 +0000 2014","in_reply_to_status_id_str":"544337226050441216","place":null},
{"contributors":null,"truncated":false,"text":"@mkarolian @BostonDotCom Classy huh?","in_reply_to_status_id":544336585052160001,"id":544338235212570624,"favorite_count":0,"source":"<a href=\"https://about.twitter.com/products/tweetdeck\" rel=\"nofollow\">TweetDeck</a>","retweeted":false,"coordinates":null,"entities":{"symbols":[],"user_mentions":[{"id":14098166,"indices":[0,10],"id_str":"14098166","screen_name":"mkarolian","name":"Matt Karolian"},{"id":14602259,"indices":[11,24],"id_str":"14602259","screen_name":"BostonDotCom","name":"Boston.com"}],"hashtags":[],"urls":[]},"in_reply_to_screen_name":"mkarolian","id_str":"544338235212570624","retweet_count":0,"in_reply_to_user_id":14098166,"favorited":false,"user":{"follow_request_sent":false,"profile_use_background_image":true,"profile_text_color":"333333","default_profile_image":false,"id":2383141,"profile_background_image_url_https":"https://abs.twimg.com/images/themes/theme14/bg.gif","verified":false,"profile_location":null,"profile_image_url_https":"https://pbs.twimg.com/profile_images/555582657879212032/aP-vbWdY_normal.jpeg","profile_sidebar_fill_color":"EFEFEF","entities":{"url":{"urls":[{"url":"http://t.co/RVcdmjsgR3","indices":[0,22],"expanded_url":"http://about.me/peteri","display_url":"about.me/peteri"}]},"description":{"urls":[]}},"followers_count":469,"profile_sidebar_border_color":"EEEEEE","id_str":"2383141","profile_background_color":"131516","listed_count":9,"is_translation_enabled":false,"utc_offset":39600,"statuses_count":7125,"description":"Husband, Father, Drummer, License Compliance dude and chief bottle washer. Getting to the chopper is only half the story.","friends_count":1003,"location":"Sydney, NSW, Australia","profile_link_color":"009999","profile_image_url":"http://pbs.twimg.com/profile_images/555582657879212032/aP-vbWdY_normal.jpeg","following":false,"geo_enabled":true,"profile_banner_url":"https://pbs.twimg.com/profile_banners/2383141/1391375790","profile_background_image_url":"http://abs.twimg.com/images/themes/theme14/bg.gif","name":"Festivus Feej","lang":"en","profile_background_tile":true,"favourites_count":1097,"screen_name":"PeterIacono","notifications":false,"url":"http://t.co/RVcdmjsgR3","created_at":"Tue Mar 27 01:06:44 +0000 2007","contributors_enabled":false,"time_zone":"Sydney","protected":false,"default_profile":false,"is_translator":false},"geo":null,"in_reply_to_user_id_str":"14098166","lang":"en","created_at":"Mon Dec 15 03:48:43 +0000 2014","in_reply_to_status_id_str":"544336585052160001","place":null},
{"contributors":null,"truncated":false,"text":"@mkarolian http://t.co/rvDpro39qb","in_reply_to_status_id":544336585052160001,"id":544338423314919426,"favorite_count":3,"source":"<a href=\"http://twitter.com/download/iphone\" rel=\"nofollow\">Twitter for iPhone</a>","retweeted":false,"coordinates":{"type":"Point","coordinates":[-71.09897254,42.38355568]},"entities":{"symbols":[],"user_mentions":[{"id":14098166,"indices":[0,10],"id_str":"14098166","screen_name":"mkarolian","name":"Matt Karolian"}],"hashtags":[],"urls":[{"url":"http://t.co/rvDpro39qb","indices":[11,33],"expanded_url":"http://twitter.com/michelledeidre/status/544338423314919426/photo/1","display_url":"pic.twitter.com/rvDpro39qb"}]},"in_reply_to_screen_name":"mkarolian","id_str":"544338423314919426","retweet_count":1,"in_reply_to_user_id":14098166,"favorited":false,"user":{"follow_request_sent":false,"profile_use_background_image":true,"profile_text_color":"333333","default_profile_image":false,"id":21722109,"profile_background_image_url_https":"https://pbs.twimg.com/profile_background_images/378800000072777400/e5a4da8a671e27675d6f99b7a909708c.jpeg","verified":false,"profile_location":null,"profile_image_url_https":"https://pbs.twimg.com/profile_images/588418950075154432/_dYLeFcF_normal.jpg","profile_sidebar_fill_color":"F6F6F6","entities":{"url":{"urls":[{"url":"http://t.co/gWvQfECnoq","indices":[0,22],"expanded_url":"http://www.michelledeidre.com","display_url":"michelledeidre.com"}]},"description":{"urls":[]}},"followers_count":1594,"profile_sidebar_border_color":"000000","id_str":"21722109","profile_background_color":"012669","listed_count":81,"is_translation_enabled":false,"utc_offset":-18000,"statuses_count":49187,"description":"writer. social media manager @bdcwire. cinephile. nerd. whiskey enthusiast. views my own. IG: michelledeidre. #binders // contact: michelle.deidre@gmail.com","friends_count":1027,"location":"Boston, MA","profile_link_color":"40515E","profile_image_url":"http://pbs.twimg.com/profile_images/588418950075154432/_dYLeFcF_normal.jpg","following":false,"geo_enabled":true,"profile_banner_url":"https://pbs.twimg.com/profile_banners/21722109/1417483890","profile_background_image_url":"http://pbs.twimg.com/profile_background_images/378800000072777400/e5a4da8a671e27675d6f99b7a909708c.jpeg","name":"michelle buchman","lang":"en","profile_background_tile":true,"favourites_count":1910,"screen_name":"michelledeidre","notifications":false,"url":"http://t.co/gWvQfECnoq","created_at":"Tue Feb 24 02:44:36 +0000 2009","contributors_enabled":false,"time_zone":"Eastern Time (US & Canada)","protected":false,"default_profile":false,"is_translator":false},"geo":{"type":"Point","coordinates":[42.38355568,-71.09897254]},"in_reply_to_user_id_str":"14098166","possibly_sensitive":false,"lang":"und","created_at":"Mon Dec 15 03:49:28 +0000 2014","in_reply_to_status_id_str":"544336585052160001","place":{"full_name":"Somerville, MA","url":"https://api.twitter.com/1.1/geo/id/ae845a49091f2727.json","country":"United States","place_type":"city","bounding_box":{"type":"Polygon","coordinates":[[[-71.134552,42.3727525],[-71.072892,42.3727525],[-71.072892,42.418052],[-71.134552,42.418052]]]},"contained_within":[],"country_code":"US","attributes":{},"id":"ae845a49091f2727","name":"Somerville"}},
{"contributors":null,"truncated":false,"text":"WTF. What's wrong with these people? RT @mkarolian: These people are taking selfies on the scene of the #sydneysiege. http://t.co/U0heBjqpFH","in_reply_to_status_id":544336585052160001,"id":544338578164035584,"favorite_count":4,"source":"<a href=\"https://about.twitter.com/products/tweetdeck\" rel=\"nofollow\">TweetDeck</a>","retweeted":false,"coordinates":null,"entities":{"symbols":[],"user_mentions":[{"id":14098166,"indices":[40,50],"id_str":"14098166","screen_name":"mkarolian","name":"Matt Karolian"}],"hashtags":[{"indices":[104,116],"text":"sydneysiege"}],"urls":[],"media":[{"source_user_id":14098166,"source_status_id_str":"544336585052160001","expanded_url":"http://twitter.com/mkarolian/status/544336585052160001/photo/1","display_url":"pic.twitter.com/U0heBjqpFH","url":"http://t.co/U0heBjqpFH","media_url_https":"https://pbs.twimg.com/media/B43fPSiCQAErYz7.jpg","source_user_id_str":"14098166","source_status_id":544336585052160001,"id_str":"544336583747321857","sizes":{"small":{"h":206,"resize":"fit","w":340},"large":{"h":620,"resize":"fit","w":1024},"medium":{"h":363,"resize":"fit","w":600},"thumb":{"h":150,"resize":"crop","w":150}},"indices":[118,140],"type":"photo","id":544336583747321857,"media_url":"http://pbs.twimg.com/media/B43fPSiCQAErYz7.jpg"}]},"in_reply_to_screen_name":"mkarolian","id_str":"544338578164035584","retweet_count":4,"in_reply_to_user_id":14098166,"favorited":false,"user":{"follow_request_sent":false,"profile_use_background_image":false,"profile_text_color":"333333","default_profile_image":false,"id":548121038,"profile_background_image_url_https":"https://abs.twimg.com/images/themes/theme14/bg.gif","verified":false,"profile_location":null,"profile_image_url_https":"https://pbs.twimg.com/profile_images/378800000791189901/7edc07abfeff3b50c3013d1dd1a40a72_normal.jpeg","profile_sidebar_fill_color":"EFEFEF","entities":{"url":{"urls":[{"url":"http://t.co/DitU0YI99r","indices":[0,22],"expanded_url":"http://www.linkedin.com/in/szekaichen","display_url":"linkedin.com/in/szekaichen"}]},"description":{"urls":[]}},"followers_count":360,"profile_sidebar_border_color":"FFFFFF","id_str":"548121038","profile_background_color":"F5F8FA","listed_count":7,"is_translation_enabled":false,"utc_offset":39600,"statuses_count":5082,"description":"Former @australian, @smh and @theage journalist learning computing, just so I can say: I used to write words, now I write code. RT≠E","friends_count":1999,"location":"Sydney, Australia","profile_link_color":"55ACEE","profile_image_url":"http://pbs.twimg.com/profile_images/378800000791189901/7edc07abfeff3b50c3013d1dd1a40a72_normal.jpeg","following":false,"geo_enabled":false,"profile_banner_url":"https://pbs.twimg.com/profile_banners/548121038/1412423821","profile_background_image_url":"http://abs.twimg.com/images/themes/theme14/bg.gif","name":"Sze Kai Chen","lang":"en","profile_background_tile":false,"favourites_count":14126,"screen_name":"szekaichen","notifications":false,"url":"http://t.co/DitU0YI99r","created_at":"Sun Apr 08 04:02:39 +0000 2012","contributors_enabled":false,"time_zone":"Sydney","protected":false,"default_profile":false,"is_translator":false},"geo":null,"in_reply_to_user_id_str":"14098166","possibly_sensitive":false,"lang":"en","created_at":"Mon Dec 15 03:50:05 +0000 2014","in_reply_to_status_id_str":"544336585052160001","place":null,"extended_entities":{"media":[{"source_user_id":14098166,"source_status_id_str":"544336585052160001","expanded_url":"http://twitter.com/mkarolian/status/544336585052160001/photo/1","display_url":"pic.twitter.com/U0heBjqpFH","url":"http://t.co/U0heBjqpFH","media_url_https":"https://pbs.twimg.com/media/B43fPSiCQAErYz7.jpg","source_user_id_str":"14098166","source_status_id":544336585052160001,"id_str":"544336583747321857","sizes":{"small":{"h":206,"resize":"fit","w":340},"large":{"h":620,"resize":"fit","w":1024},"medium":{"h":363,"resize":"fit","w":600},"thumb":{"h":150,"resize":"crop","w":150}},"indices":[118,140],"type":"photo","id":544336583747321857,"media_url":"http://pbs.twimg.com/media/B43fPSiCQAErYz7.jpg"},{"source_user_id":14098166,"source_status_id_str":"544336585052160001","expanded_url":"http://twitter.com/mkarolian/status/544336585052160001/photo/1","display_url":"pic.twitter.com/U0heBjqpFH","url":"http://t.co/U0heBjqpFH","media_url_https":"https://pbs.twimg.com/media/B43fOlzCIAAI5jC.jpg","source_user_id_str":"14098166","source_status_id":544336585052160001,"id_str":"544336571739021312","sizes":{"large":{"h":608,"resize":"fit","w":1024},"small":{"h":202,"resize":"fit","w":340},"medium":{"h":356,"resize":"fit","w":600},"thumb":{"h":150,"resize":"crop","w":150}},"indices":[118,140],"type":"photo","id":544336571739021312,"media_url":"http://pbs.twimg.com/media/B43fOlzCIAAI5jC.jpg"},{"source_user_id":14098166,"source_status_id_str":"544336585052160001","expanded_url":"http://twitter.com/mkarolian/status/544336585052160001/photo/1","display_url":"pic.twitter.com/U0heBjqpFH","url":"http://t.co/U0heBjqpFH","media_url_https":"https://pbs.twimg.com/media/B43fPT6CQAIoZ_r.jpg","source_user_id_str":"14098166","source_status_id":544336585052160001,"id_str":"544336584116420610","sizes":{"large":{"h":615,"resize":"fit","w":1024},"small":{"h":204,"resize":"fit","w":340},"medium":{"h":360,"resize":"fit","w":600},"thumb":{"h":150,"resize":"crop","w":150}},"indices":[118,140],"type":"photo","id":544336584116420610,"media_url":"http://pbs.twimg.com/media/B43fPT6CQAIoZ_r.jpg"}]}},
{"contributors":null,"truncated":false,"text":"@mkarolian @BostonDotCom what the??","in_reply_to_status_id":544336585052160001,"id":544338706581450752,"favorite_count":0,"source":"<a href=\"http://twitter.com/download/iphone\" rel=\"nofollow\">Twitter for iPhone</a>","retweeted":false,"coordinates":null,"entities":{"symbols":[],"user_mentions":[{"id":14098166,"indices":[0,10],"id_str":"14098166","screen_name":"mkarolian","name":"Matt Karolian"},{"id":14602259,"indices":[11,24],"id_str":"14602259","screen_name":"BostonDotCom","name":"Boston.com"}],"hashtags":[],"urls":[]},"in_reply_to_screen_name":"mkarolian","id_str":"544338706581450752","retweet_count":0,"in_reply_to_user_id":14098166,"favorited":false,"user":{"follow_request_sent":false,"profile_use_background_image":false,"profile_text_color":"080808","default_profile_image":false,"id":52818091,"profile_background_image_url_https":"https://pbs.twimg.com/profile_background_images/186605086/alied_twitfb.png","verified":false,"profile_location":null,"profile_image_url_https":"https://pbs.twimg.com/profile_images/512251319004823553/nJx9vJoN_normal.jpeg","profile_sidebar_fill_color":"DBD7D8","entities":{"url":{"urls":[{"url":"http://t.co/MMPuwkIaA3","indices":[0,22],"expanded_url":"http://neversaydiemi.com","display_url":"neversaydiemi.com"}]},"description":{"urls":[]}},"followers_count":884,"profile_sidebar_border_color":"FFFFFF","id_str":"52818091","profile_background_color":"050505","listed_count":20,"is_translation_enabled":false,"utc_offset":-18000,"statuses_count":47416,"description":"#CCO + co-founder @NeverSayDieMI | journalist","friends_count":453,"location":"","profile_link_color":"3B94D9","profile_image_url":"http://pbs.twimg.com/profile_images/512251319004823553/nJx9vJoN_normal.jpeg","following":false,"geo_enabled":false,"profile_banner_url":"https://pbs.twimg.com/profile_banners/52818091/1418762325","profile_background_image_url":"http://pbs.twimg.com/profile_background_images/186605086/alied_twitfb.png","name":"tifini kamara","lang":"en","profile_background_tile":false,"favourites_count":4254,"screen_name":"AlliedStylesTK","notifications":false,"url":"http://t.co/MMPuwkIaA3","created_at":"Wed Jul 01 19:08:23 +0000 2009","contributors_enabled":false,"time_zone":"Quito","protected":false,"default_profile":false,"is_translator":false},"geo":null,"in_reply_to_user_id_str":"14098166","lang":"en","created_at":"Mon Dec 15 03:50:35 +0000 2014","in_reply_to_status_id_str":"544336585052160001","place":null},
{"contributors":null,"truncated":false,"text":"“@mkarolian: These people are taking selfies on the scene of the #sydneysiege. http://t.co/QrfaxGxSYg” #despicable","in_reply_to_status_id":544336585052160001,"id":544339770013253632,"favorite_count":0,"source":"<a href=\"http://twitter.com/download/iphone\" rel=\"nofollow\">Twitter for iPhone</a>","retweeted":false,"coordinates":null,"entities":{"symbols":[],"user_mentions":[{"id":14098166,"indices":[1,11],"id_str":"14098166","screen_name":"mkarolian","name":"Matt Karolian"}],"hashtags":[{"indices":[65,77],"text":"sydneysiege"},{"indices":[103,114],"text":"despicable"}],"urls":[],"media":[{"source_user_id":14098166,"source_status_id_str":"544336585052160001","expanded_url":"http://twitter.com/mkarolian/status/544336585052160001/photo/1","display_url":"pic.twitter.com/QrfaxGxSYg","url":"http://t.co/QrfaxGxSYg","media_url_https":"https://pbs.twimg.com/media/B43fPSiCQAErYz7.jpg","source_user_id_str":"14098166","source_status_id":544336585052160001,"id_str":"544336583747321857","sizes":{"small":{"h":206,"resize":"fit","w":340},"large":{"h":620,"resize":"fit","w":1024},"medium":{"h":363,"resize":"fit","w":600},"thumb":{"h":150,"resize":"crop","w":150}},"indices":[79,101],"type":"photo","id":544336583747321857,"media_url":"http://pbs.twimg.com/media/B43fPSiCQAErYz7.jpg"}]},"in_reply_to_screen_name":"mkarolian","id_str":"544339770013253632","retweet_count":2,"in_reply_to_user_id":14098166,"favorited":false,"user":{"follow_request_sent":false,"profile_use_background_image":true,"profile_text_color":"333333","default_profile_image":false,"id":616398529,"profile_background_image_url_https":"https://abs.twimg.com/images/themes/theme1/bg.png","verified":false,"profile_location":null,"profile_image_url_https":"https://pbs.twimg.com/profile_images/543558469756801024/9mV-4Kxa_normal.jpeg","profile_sidebar_fill_color":"DDEEF6","entities":{"description":{"urls":[]}},"followers_count":634,"profile_sidebar_border_color":"C0DEED","id_str":"616398529","profile_background_color":"C0DEED","listed_count":16,"is_translation_enabled":false,"utc_offset":-18000,"statuses_count":25592,"description":"suburban stay at home mommy & wife #HotYoga #Fitness #Parenting #Cooking #Books #Networking #Bollywood #Poetry #DomesticGoddess #Calgary","friends_count":651,"location":"Canada","profile_link_color":"0084B4","profile_image_url":"http://pbs.twimg.com/profile_images/543558469756801024/9mV-4Kxa_normal.jpeg","following":false,"geo_enabled":true,"profile_banner_url":"https://pbs.twimg.com/profile_banners/616398529/1411428672","profile_background_image_url":"http://abs.twimg.com/images/themes/theme1/bg.png","name":"bianca","lang":"en","profile_background_tile":false,"favourites_count":25088,"screen_name":"saradhruvmom","notifications":false,"url":null,"created_at":"Sat Jun 23 19:29:51 +0000 2012","contributors_enabled":false,"time_zone":"Eastern Time (US & Canada)","protected":false,"default_profile":true,"is_translator":false},"geo":null,"in_reply_to_user_id_str":"14098166","possibly_sensitive":false,"lang":"en","created_at":"Mon Dec 15 03:54:49 +0000 2014","in_reply_to_status_id_str":"544336585052160001","place":null,"extended_entities":{"media":[{"source_user_id":14098166,"source_status_id_str":"544336585052160001","expanded_url":"http://twitter.com/mkarolian/status/544336585052160001/photo/1","display_url":"pic.twitter.com/QrfaxGxSYg","url":"http://t.co/QrfaxGxSYg","media_url_https":"https://pbs.twimg.com/media/B43fPSiCQAErYz7.jpg","source_user_id_str":"14098166","source_status_id":544336585052160001,"id_str":"544336583747321857","sizes":{"small":{"h":206,"resize":"fit","w":340},"large":{"h":620,"resize":"fit","w":1024},"medium":{"h":363,"resize":"fit","w":600},"thumb":{"h":150,"resize":"crop","w":150}},"indices":[79,101],"type":"photo","id":544336583747321857,"media_url":"http://pbs.twimg.com/media/B43fPSiCQAErYz7.jpg"},{"source_user_id":14098166,"source_status_id_str":"544336585052160001","expanded_url":"http://twitter.com/mkarolian/status/544336585052160001/photo/1","display_url":"pic.twitter.com/QrfaxGxSYg","url":"http://t.co/QrfaxGxSYg","media_url_https":"https://pbs.twimg.com/media/B43fOlzCIAAI5jC.jpg","source_user_id_str":"14098166","source_status_id":544336585052160001,"id_str":"544336571739021312","sizes":{"large":{"h":608,"resize":"fit","w":1024},"small":{"h":202,"resize":"fit","w":340},"medium":{"h":356,"resize":"fit","w":600},"thumb":{"h":150,"resize":"crop","w":150}},"indices":[79,101],"type":"photo","id":544336571739021312,"media_url":"http://pbs.twimg.com/media/B43fOlzCIAAI5jC.jpg"},{"source_user_id":14098166,"source_status_id_str":"544336585052160001","expanded_url":"http://twitter.com/mkarolian/status/544336585052160001/photo/1","display_url":"pic.twitter.com/QrfaxGxSYg","url":"http://t.co/QrfaxGxSYg","media_url_https":"https://pbs.twimg.com/media/B43fPT6CQAIoZ_r.jpg","source_user_id_str":"14098166","source_status_id":544336585052160001,"id_str":"544336584116420610","sizes":{"large":{"h":615,"resize":"fit","w":1024},"small":{"h":204,"resize":"fit","w":340},"medium":{"h":360,"resize":"fit","w":600},"thumb":{"h":150,"resize":"crop","w":150}},"indices":[79,101],"type":"photo","id":544336584116420610,"media_url":"http://pbs.twimg.com/media/B43fPT6CQAIoZ_r.jpg"}]}},
{"contributors":null,"truncated":false,"text":"@_amroali @LibyaLiberty @mkarolian Sensationalism - the reason why the human race is going down the drain...","in_reply_to_status_id":544337226050441216,"id":544340388954529793,"favorite_count":5,"source":"<a href=\"http://twitter.com/#!/download/ipad\" rel=\"nofollow\">Twitter for iPad</a>","retweeted":false,"coordinates":null,"entities":{"symbols":[],"user_mentions":[{"id":282977213,"indices":[0,9],"id_str":"282977213","screen_name":"_amroali","name":"Amro Ali"},{"id":254873869,"indices":[10,23],"id_str":"254873869","screen_name":"LibyaLiberty","name":"Hend"},{"id":14098166,"indices":[24,34],"id_str":"14098166","screen_name":"mkarolian","name":"Matt Karolian"}],"hashtags":[],"urls":[]},"in_reply_to_screen_name":"_amroali","id_str":"544340388954529793","retweet_count":2,"in_reply_to_user_id":282977213,"favorited":false,"user":{"follow_request_sent":false,"profile_use_background_image":true,"profile_text_color":"333333","default_profile_image":false,"id":2453850531,"profile_background_image_url_https":"https://abs.twimg.com/images/themes/theme14/bg.gif","verified":false,"profile_location":null,"profile_image_url_https":"https://pbs.twimg.com/profile_images/533067045785440256/g-SMIdYt_normal.jpeg","profile_sidebar_fill_color":"EFEFEF","entities":{"url":{"urls":[{"url":"http://t.co/7eZwSgUQs4","indices":[0,22],"expanded_url":"http://www.jonathanwade.ca","display_url":"jonathanwade.ca"}]},"description":{"urls":[]}},"followers_count":748,"profile_sidebar_border_color":"EEEEEE","id_str":"2453850531","profile_background_color":"131516","listed_count":11,"is_translation_enabled":false,"utc_offset":-18000,"statuses_count":2451,"description":"Former Canadian Soldier & #Afghanistan Combat Vet | Royal Military College of #Canada Student | Defense Consultant | Freedom of #Religion! #OPSEC Please!","friends_count":385,"location":"Canada","profile_link_color":"000000","profile_image_url":"http://pbs.twimg.com/profile_images/533067045785440256/g-SMIdYt_normal.jpeg","following":false,"geo_enabled":false,"profile_banner_url":"https://pbs.twimg.com/profile_banners/2453850531/1417141904","profile_background_image_url":"http://abs.twimg.com/images/themes/theme14/bg.gif","name":"Jonathan Wade","lang":"en-gb","profile_background_tile":true,"favourites_count":1169,"screen_name":"JWadeMoses","notifications":false,"url":"http://t.co/7eZwSgUQs4","created_at":"Wed Apr 02 02:31:59 +0000 2014","contributors_enabled":false,"time_zone":"Eastern Time (US & Canada)","protected":false,"default_profile":false,"is_translator":false},"geo":null,"in_reply_to_user_id_str":"282977213","lang":"en","created_at":"Mon Dec 15 03:57:16 +0000 2014","in_reply_to_status_id_str":"544337226050441216","place":null},
{"contributors":null,"truncated":false,"text":"@mkarolian fucken strange people","in_reply_to_status_id":544336585052160001,"id":544340464267055104,"favorite_count":1,"source":"<a href=\"http://twitter.com/download/iphone\" rel=\"nofollow\">Twitter for iPhone</a>","retweeted":false,"coordinates":null,"entities":{"symbols":[],"user_mentions":[{"id":14098166,"indices":[0,10],"id_str":"14098166","screen_name":"mkarolian","name":"Matt Karolian"}],"hashtags":[],"urls":[]},"in_reply_to_screen_name":"mkarolian","id_str":"544340464267055104","retweet_count":0,"in_reply_to_user_id":14098166,"favorited":false,"user":{"follow_request_sent":false,"profile_use_background_image":true,"profile_text_color":"333333","default_profile_image":false,"id":1644866557,"profile_background_image_url_https":"https://pbs.twimg.com/profile_background_images/442930792830758912/f7I7nsXo.jpeg","verified":false,"profile_location":null,"profile_image_url_https":"https://pbs.twimg.com/profile_images/574786288114511873/rsxLFq87_normal.jpeg","profile_sidebar_fill_color":"F6F6F6","entities":{"description":{"urls":[]}},"followers_count":2343,"profile_sidebar_border_color":"FFFFFF","id_str":"1644866557","profile_background_color":"FFFFFF","listed_count":26,"is_translation_enabled":false,"utc_offset":39600,"statuses_count":24547,"description":"scruffy looking nerf herder","friends_count":2576,"location":"Sydney","profile_link_color":"0084B4","profile_image_url":"http://pbs.twimg.com/profile_images/574786288114511873/rsxLFq87_normal.jpeg","following":false,"geo_enabled":false,"profile_banner_url":"https://pbs.twimg.com/profile_banners/1644866557/1418711048","profile_background_image_url":"http://pbs.twimg.com/profile_background_images/442930792830758912/f7I7nsXo.jpeg","name":"victorian bitter","lang":"en","profile_background_tile":true,"favourites_count":56079,"screen_name":"worstbloke","notifications":false,"url":null,"created_at":"Sun Aug 04 09:36:15 +0000 2013","contributors_enabled":false,"time_zone":"Sydney","protected":false,"default_profile":false,"is_translator":false},"geo":null,"in_reply_to_user_id_str":"14098166","lang":"en","created_at":"Mon Dec 15 03:57:34 +0000 2014","in_reply_to_status_id_str":"544336585052160001","place":null},
{"contributors":null,"truncated":false,"text":"@mkarolian @dannolan christ, what is wrong with people?","in_reply_to_status_id":544336585052160001,"id":544340833034461184,"favorite_count":0,"source":"<a href=\"https://about.twitter.com/products/tweetdeck\" rel=\"nofollow\">TweetDeck</a>","retweeted":false,"coordinates":null,"entities":{"symbols":[],"user_mentions":[{"id":14098166,"indices":[0,10],"id_str":"14098166","screen_name":"mkarolian","name":"Matt Karolian"},{"id":971761,"indices":[11,20],"id_str":"971761","screen_name":"dannolan","name":"danyuletide nolan"}],"hashtags":[],"urls":[]},"in_reply_to_screen_name":"mkarolian","id_str":"544340833034461184","retweet_count":0,"in_reply_to_user_id":14098166,"favorited":false,"user":{"follow_request_sent":false,"profile_use_background_image":true,"profile_text_color":"9F9999","default_profile_image":false,"id":17459950,"profile_background_image_url_https":"https://pbs.twimg.com/profile_background_images/378800000108657984/61cbe53d2222cb71c03a8bfe40800109.png","verified":false,"profile_location":null,"profile_image_url_https":"https://pbs.twimg.com/profile_images/584358239250198528/fvL9kud9_normal.jpg","profile_sidebar_fill_color":"181A1E","entities":{"url":{"urls":[{"url":"http://t.co/ljAr2dvQc3","indices":[0,22],"expanded_url":"http://www.nicolejensen.com","display_url":"nicolejensen.com"}]},"description":{"urls":[]}},"followers_count":4840,"profile_sidebar_border_color":"FFFFFF","id_str":"17459950","profile_background_color":"000033","listed_count":293,"is_translation_enabled":false,"utc_offset":36000,"statuses_count":63585,"description":"#SocialMedia strategist and community manager. Likes knitting, #LFC, shiny ideas & events. #BTUB manager '08-'13. BBus(Events). #cmgr","friends_count":2196,"location":"Brisbane","profile_link_color":"ED0000","profile_image_url":"http://pbs.twimg.com/profile_images/584358239250198528/fvL9kud9_normal.jpg","following":false,"geo_enabled":true,"profile_banner_url":"https://pbs.twimg.com/profile_banners/17459950/1417415562","profile_background_image_url":"http://pbs.twimg.com/profile_background_images/378800000108657984/61cbe53d2222cb71c03a8bfe40800109.png","name":"Nicole Jensen","lang":"en","profile_background_tile":false,"favourites_count":7264,"screen_name":"nicolejensen","notifications":false,"url":"http://t.co/ljAr2dvQc3","created_at":"Tue Nov 18 05:55:08 +0000 2008","contributors_enabled":false,"time_zone":"Brisbane","protected":false,"default_profile":false,"is_translator":false},"geo":null,"in_reply_to_user_id_str":"14098166","lang":"en","created_at":"Mon Dec 15 03:59:02 +0000 2014","in_reply_to_status_id_str":"544336585052160001","place":null},
{"contributors":null,"truncated":false,"text":"@mkarolian @worstbloke smiling selfies. low class fuckwits","in_reply_to_status_id":544336585052160001,"id":544341450201497601,"favorite_count":2,"source":"<a href=\"http://twitter.com\" rel=\"nofollow\">Twitter Web Client</a>","retweeted":false,"coordinates":null,"entities":{"symbols":[],"user_mentions":[{"id":14098166,"indices":[0,10],"id_str":"14098166","screen_name":"mkarolian","name":"Matt Karolian"},{"id":1644866557,"indices":[11,22],"id_str":"1644866557","screen_name":"worstbloke","name":"victorian bitter"}],"hashtags":[],"urls":[]},"in_reply_to_screen_name":"mkarolian","id_str":"544341450201497601","retweet_count":1,"in_reply_to_user_id":14098166,"favorited":false,"user":{"follow_request_sent":false,"profile_use_background_image":true,"profile_text_color":"333333","default_profile_image":false,"id":189553692,"profile_background_image_url_https":"https://pbs.twimg.com/profile_background_images/432476697/aye_crest.png","verified":false,"profile_location":null,"profile_image_url_https":"https://pbs.twimg.com/profile_images/497355237351387136/3a1liccO_normal.jpeg","profile_sidebar_fill_color":"F3F3F3","entities":{"description":{"urls":[]}},"followers_count":474,"profile_sidebar_border_color":"FFFFFF","id_str":"189553692","profile_background_color":"EBEBEB","listed_count":20,"is_translation_enabled":false,"utc_offset":39600,"statuses_count":40887,"description":"watching you watching them  ♡ \r\nDakh pthak. Nam-tor ri ret na'fan-kitok fa tu dakh pthak. (MA18+ follwers only)","friends_count":964,"location":"Australia","profile_link_color":"990000","profile_image_url":"http://pbs.twimg.com/profile_images/497355237351387136/3a1liccO_normal.jpeg","following":false,"geo_enabled":false,"profile_banner_url":"https://pbs.twimg.com/profile_banners/189553692/1407411212","profile_background_image_url":"http://pbs.twimg.com/profile_background_images/432476697/aye_crest.png","name":"AGirlAndHerDragon","lang":"en","profile_background_tile":false,"favourites_count":163,"screen_name":"_ShoganAye_","notifications":false,"url":null,"created_at":"Sat Sep 11 15:48:27 +0000 2010","contributors_enabled":false,"time_zone":"Sydney","protected":false,"default_profile":false,"is_translator":false},"geo":null,"in_reply_to_user_id_str":"14098166","lang":"en","created_at":"Mon Dec 15 04:01:29 +0000 2014","in_reply_to_status_id_str":"544336585052160001","place":null},
{"contributors":null,"truncated":false,"text":"@mkarolian @worstbloke *smh* hate to see what they'd do at a funeral.","in_reply_to_status_id":544336585052160001,"id":544342143439876096,"favorite_count":3,"source":"<a href=\"http://twitter.com\" rel=\"nofollow\">Twitter Web Client</a>","retweeted":false,"coordinates":null,"entities":{"symbols":[],"user_mentions":[{"id":14098166,"indices":[0,10],"id_str":"14098166","screen_name":"mkarolian","name":"Matt Karolian"},{"id":1644866557,"indices":[11,22],"id_str":"1644866557","screen_name":"worstbloke","name":"victorian bitter"}],"hashtags":[],"urls":[]},"in_reply_to_screen_name":"mkarolian","id_str":"544342143439876096","retweet_count":1,"in_reply_to_user_id":14098166,"favorited":false,"user":{"follow_request_sent":false,"profile_use_background_image":false,"profile_text_color":"3E4415","default_profile_image":false,"id":160114189,"profile_background_image_url_https":"https://abs.twimg.com/images/themes/theme5/bg.gif","verified":false,"profile_location":null,"profile_image_url_https":"https://pbs.twimg.com/profile_images/585296939320614912/O_FKmb7h_normal.jpg","profile_sidebar_fill_color":"99CC33","entities":{"description":{"urls":[]}},"followers_count":306,"profile_sidebar_border_color":"829D5E","id_str":"160114189","profile_background_color":"352726","listed_count":11,"is_translation_enabled":false,"utc_offset":-28800,"statuses_count":35562,"description":"","friends_count":65,"location":"","profile_link_color":"D02B55","profile_image_url":"http://pbs.twimg.com/profile_images/585296939320614912/O_FKmb7h_normal.jpg","following":false,"geo_enabled":false,"profile_banner_url":"https://pbs.twimg.com/profile_banners/160114189/1375641276","profile_background_image_url":"http://abs.twimg.com/images/themes/theme5/bg.gif","name":"Timi Cantisano","lang":"en","profile_background_tile":true,"favourites_count":316,"screen_name":"TimiCantisano","notifications":false,"url":null,"created_at":"Sun Jun 27 06:29:04 +0000 2010","contributors_enabled":false,"time_zone":"Pacific Time (US & Canada)","protected":false,"default_profile":false,"is_translator":false},"geo":null,"in_reply_to_user_id_str":"14098166","lang":"en","created_at":"Mon Dec 15 04:04:15 +0000 2014","in_reply_to_status_id_str":"544336585052160001","place":null},
{"contributors":null,"truncated":false,"text":"@Zeinobia the most unusual incidents in Sydney are the most usual incidents in Cairo. Everyday. :) @mkarolian","in_reply_to_status_id":544337982028005376,"id":544343557415260160,"favorite_count":1,"source":"<a href=\"http://twitter.com/download/iphone\" rel=\"nofollow\">Twitter for iPhone</a>","retweeted":false,"coordinates":null,"entities":{"symbols":[],"user_mentions":[{"id":608583,"indices":[0,9],"id_str":"608583","screen_name":"Zeinobia","name":"Zeinobia"},{"id":14098166,"indices":[99,109],"id_str":"14098166","screen_name":"mkarolian","name":"Matt Karolian"}],"hashtags":[],"urls":[]},"in_reply_to_screen_name":"Zeinobia","id_str":"544343557415260160","retweet_count":1,"in_reply_to_user_id":608583,"favorited":false,"user":{"follow_request_sent":false,"profile_use_background_image":true,"profile_text_color":"666666","default_profile_image":false,"id":282977213,"profile_background_image_url_https":"https://abs.twimg.com/images/themes/theme9/bg.gif","verified":false,"profile_location":null,"profile_image_url_https":"https://pbs.twimg.com/profile_images/2997633383/52784c0d183c26270f58c7aea437fe49_normal.jpeg","profile_sidebar_fill_color":"252429","entities":{"url":{"urls":[{"url":"http://t.co/UteVTr91q8","indices":[0,22],"expanded_url":"http://www.amroali.com","display_url":"amroali.com"}]},"description":{"urls":[{"url":"http://t.co/BYJyXz5iJm","indices":[124,146],"expanded_url":"http://on.fb.me/T5C1vn","display_url":"on.fb.me/T5C1vn"}]}},"followers_count":4633,"profile_sidebar_border_color":"000000","id_str":"282977213","profile_background_color":"1A1B1F","listed_count":235,"is_translation_enabled":false,"utc_offset":39600,"statuses_count":21326,"description":"PhD scholar at Dept. of Gov't & IR - Sydney University | #Egypt & #MiddleEast analyst | Admin of #Alexandria Scholars (URL: http://t.co/BYJyXz5iJm) #HumanRights","friends_count":751,"location":"Alex (Egypt) & Sydney (Aus)","profile_link_color":"2FC2EF","profile_image_url":"http://pbs.twimg.com/profile_images/2997633383/52784c0d183c26270f58c7aea437fe49_normal.jpeg","following":false,"geo_enabled":true,"profile_banner_url":"https://pbs.twimg.com/profile_banners/282977213/1400322724","profile_background_image_url":"http://abs.twimg.com/images/themes/theme9/bg.gif","name":"Amro Ali","lang":"en","profile_background_tile":false,"favourites_count":3270,"screen_name":"_amroali","notifications":false,"url":"http://t.co/UteVTr91q8","created_at":"Sat Apr 16 09:48:12 +0000 2011","contributors_enabled":false,"time_zone":"Sydney","protected":false,"default_profile":false,"is_translator":false},"geo":null,"in_reply_to_user_id_str":"608583","lang":"en","created_at":"Mon Dec 15 04:09:52 +0000 2014","in_reply_to_status_id_str":"544337982028005376","place":null},
{"contributors":null,"truncated":false,"text":"@mkarolian @dannolan Someone needs to setup a tumblr for this shit","in_reply_to_status_id":544336585052160001,"id":544343887506968578,"favorite_count":0,"source":"<a href=\"http://twitter.com\" rel=\"nofollow\">Twitter Web Client</a>","retweeted":false,"coordinates":null,"entities":{"symbols":[],"user_mentions":[{"id":14098166,"indices":[0,10],"id_str":"14098166","screen_name":"mkarolian","name":"Matt Karolian"},{"id":971761,"indices":[11,20],"id_str":"971761","screen_name":"dannolan","name":"danyuletide nolan"}],"hashtags":[],"urls":[]},"in_reply_to_screen_name":"mkarolian","id_str":"544343887506968578","retweet_count":0,"in_reply_to_user_id":14098166,"favorited":false,"user":{"follow_request_sent":false,"profile_use_background_image":true,"profile_text_color":"666666","default_profile_image":false,"id":17472821,"profile_background_image_url_https":"https://abs.twimg.com/images/themes/theme9/bg.gif","verified":false,"profile_location":null,"profile_image_url_https":"https://pbs.twimg.com/profile_images/2431012037/4qtxuiivx1pxd6jbrhin_normal.png","profile_sidebar_fill_color":"252429","entities":{"url":{"urls":[{"url":"http://t.co/OOq0zVNm9R","indices":[0,22],"expanded_url":"http://www.aaron-powell.com","display_url":"aaron-powell.com"}]},"description":{"urls":[]}},"followers_count":2506,"profile_sidebar_border_color":"181A1E","id_str":"17472821","profile_background_color":"1A1B1F","listed_count":191,"is_translation_enabled":false,"utc_offset":39600,"statuses_count":32434,"description":"Readify Senior Consultant, JavaScript fanboy, open web lover, web MVPness holder, IE userAgent, IndexedDB proponent","friends_count":752,"location":"Sydney, Australia","profile_link_color":"2FC2EF","profile_image_url":"http://pbs.twimg.com/profile_images/2431012037/4qtxuiivx1pxd6jbrhin_normal.png","following":false,"geo_enabled":true,"profile_banner_url":"https://pbs.twimg.com/profile_banners/17472821/1398231987","profile_background_image_url":"http://abs.twimg.com/images/themes/theme9/bg.gif","name":"Aaron Powell","lang":"en","profile_background_tile":false,"favourites_count":306,"screen_name":"slace","notifications":false,"url":"http://t.co/OOq0zVNm9R","created_at":"Tue Nov 18 22:07:40 +0000 2008","contributors_enabled":false,"time_zone":"Sydney","protected":false,"default_profile":false,"is_translator":false},"geo":null,"in_reply_to_user_id_str":"14098166","lang":"en","created_at":"Mon Dec 15 04:11:10 +0000 2014","in_reply_to_status_id_str":"544336585052160001","place":null},
{"contributors":null,"truncated":false,"text":"“@mkarolian: These people are taking selfies on the scene of the #sydneysiege. http://t.co/LY0aiK9UZ5” they have no shame smh","in_reply_to_status_id":544336585052160001,"id":544347731892781057,"favorite_count":2,"source":"<a href=\"http://twitter.com/download/iphone\" rel=\"nofollow\">Twitter for iPhone</a>","retweeted":false,"coordinates":null,"entities":{"symbols":[],"user_mentions":[{"id":14098166,"indices":[1,11],"id_str":"14098166","screen_name":"mkarolian","name":"Matt Karolian"}],"hashtags":[{"indices":[65,77],"text":"sydneysiege"}],"urls":[],"media":[{"source_user_id":14098166,"source_status_id_str":"544336585052160001","expanded_url":"http://twitter.com/mkarolian/status/544336585052160001/photo/1","display_url":"pic.twitter.com/LY0aiK9UZ5","url":"http://t.co/LY0aiK9UZ5","media_url_https":"https://pbs.twimg.com/media/B43fPSiCQAErYz7.jpg","source_user_id_str":"14098166","source_status_id":544336585052160001,"id_str":"544336583747321857","sizes":{"small":{"h":206,"resize":"fit","w":340},"large":{"h":620,"resize":"fit","w":1024},"medium":{"h":363,"resize":"fit","w":600},"thumb":{"h":150,"resize":"crop","w":150}},"indices":[79,101],"type":"photo","id":544336583747321857,"media_url":"http://pbs.twimg.com/media/B43fPSiCQAErYz7.jpg"}]},"in_reply_to_screen_name":"mkarolian","id_str":"544347731892781057","retweet_count":1,"in_reply_to_user_id":14098166,"favorited":false,"user":{"follow_request_sent":false,"profile_use_background_image":true,"profile_text_color":"333333","default_profile_image":false,"id":19763467,"profile_background_image_url_https":"https://pbs.twimg.com/profile_background_images/378800000179790641/rlbT0YW2.jpeg","verified":false,"profile_location":null,"profile_image_url_https":"https://pbs.twimg.com/profile_images/584336762920513536/WKdRKNdF_normal.jpg","profile_sidebar_fill_color":"FFFFFF","entities":{"url":{"urls":[{"url":"http://t.co/nW8lfMvI0f","indices":[0,22],"expanded_url":"http://trendio.us","display_url":"trendio.us"}]},"description":{"urls":[]}},"followers_count":2562,"profile_sidebar_border_color":"FFFFFF","id_str":"19763467","profile_background_color":"B2DFDA","listed_count":33,"is_translation_enabled":false,"utc_offset":39600,"statuses_count":118722,"description":"Born with a 4/4 pulse | Will still be stanning in my grave | Beyhive | Kylie Krew | Katycat | #BackToBack | #Hornets","friends_count":1276,"location":"Always Hawthorn","profile_link_color":"782BB8","profile_image_url":"http://pbs.twimg.com/profile_images/584336762920513536/WKdRKNdF_normal.jpg","following":false,"geo_enabled":true,"profile_banner_url":"https://pbs.twimg.com/profile_banners/19763467/1418160035","profile_background_image_url":"http://pbs.twimg.com/profile_background_images/378800000179790641/rlbT0YW2.jpeg","name":"bergs","lang":"en","profile_background_tile":true,"favourites_count":237,"screen_name":"Bergyonce","notifications":false,"url":"http://t.co/nW8lfMvI0f","created_at":"Fri Jan 30 11:26:01 +0000 2009","contributors_enabled":false,"time_zone":"Melbourne","protected":false,"default_profile":false,"is_translator":false},"geo":null,"in_reply_to_user_id_str":"14098166","possibly_sensitive":false,"lang":"en","created_at":"Mon Dec 15 04:26:27 +0000 2014","in_reply_to_status_id_str":"544336585052160001","place":null,"extended_entities":{"media":[{"source_user_id":14098166,"source_status_id_str":"544336585052160001","expanded_url":"http://twitter.com/mkarolian/status/544336585052160001/photo/1","display_url":"pic.twitter.com/LY0aiK9UZ5","url":"http://t.co/LY0aiK9UZ5","media_url_https":"https://pbs.twimg.com/media/B43fPSiCQAErYz7.jpg","source_user_id_str":"14098166","source_status_id":544336585052160001,"id_str":"544336583747321857","sizes":{"small":{"h":206,"resize":"fit","w":340},"large":{"h":620,"resize":"fit","w":1024},"medium":{"h":363,"resize":"fit","w":600},"thumb":{"h":150,"resize":"crop","w":150}},"indices":[79,101],"type":"photo","id":544336583747321857,"media_url":"http://pbs.twimg.com/media/B43fPSiCQAErYz7.jpg"},{"source_user_id":14098166,"source_status_id_str":"544336585052160001","expanded_url":"http://twitter.com/mkarolian/status/544336585052160001/photo/1","display_url":"pic.twitter.com/LY0aiK9UZ5","url":"http://t.co/LY0aiK9UZ5","media_url_https":"https://pbs.twimg.com/media/B43fOlzCIAAI5jC.jpg","source_user_id_str":"14098166","source_status_id":544336585052160001,"id_str":"544336571739021312","sizes":{"large":{"h":608,"resize":"fit","w":1024},"small":{"h":202,"resize":"fit","w":340},"medium":{"h":356,"resize":"fit","w":600},"thumb":{"h":150,"resize":"crop","w":150}},"indices":[79,101],"type":"photo","id":544336571739021312,"media_url":"http://pbs.twimg.com/media/B43fOlzCIAAI5jC.jpg"},{"source_user_id":14098166,"source_status_id_str":"544336585052160001","expanded_url":"http://twitter.com/mkarolian/status/544336585052160001/photo/1","display_url":"pic.twitter.com/LY0aiK9UZ5","url":"http://t.co/LY0aiK9UZ5","media_url_https":"https://pbs.twimg.com/media/B43fPT6CQAIoZ_r.jpg","source_user_id_str":"14098166","source_status_id":544336585052160001,"id_str":"544336584116420610","sizes":{"large":{"h":615,"resize":"fit","w":1024},"small":{"h":204,"resize":"fit","w":340},"medium":{"h":360,"resize":"fit","w":600},"thumb":{"h":150,"resize":"crop","w":150}},"indices":[79,101],"type":"photo","id":544336584116420610,"media_url":"http://pbs.twimg.com/media/B43fPT6CQAIoZ_r.jpg"}]}},
{"contributors":null,"truncated":false,"text":"“@mkarolian: These people are taking selfies on the scene of the #sydneysiege. http://t.co/ojD5IPePkF” this is fucking disgusting.","in_reply_to_status_id":544336585052160001,"id":544348291375190016,"favorite_count":1,"source":"<a href=\"http://twitter.com/download/iphone\" rel=\"nofollow\">Twitter for iPhone</a>","retweeted":false,"coordinates":null,"entities":{"symbols":[],"user_mentions":[{"id":14098166,"indices":[1,11],"id_str":"14098166","screen_name":"mkarolian","name":"Matt Karolian"}],"hashtags":[{"indices":[65,77],"text":"sydneysiege"}],"urls":[],"media":[{"source_user_id":14098166,"source_status_id_str":"544336585052160001","expanded_url":"http://twitter.com/mkarolian/status/544336585052160001/photo/1","display_url":"pic.twitter.com/ojD5IPePkF","url":"http://t.co/ojD5IPePkF","media_url_https":"https://pbs.twimg.com/media/B43fPSiCQAErYz7.jpg","source_user_id_str":"14098166","source_status_id":544336585052160001,"id_str":"544336583747321857","sizes":{"small":{"h":206,"resize":"fit","w":340},"large":{"h":620,"resize":"fit","w":1024},"medium":{"h":363,"resize":"fit","w":600},"thumb":{"h":150,"resize":"crop","w":150}},"indices":[79,101],"type":"photo","id":544336583747321857,"media_url":"http://pbs.twimg.com/media/B43fPSiCQAErYz7.jpg"}]},"in_reply_to_screen_name":"mkarolian","id_str":"544348291375190016","retweet_count":0,"in_reply_to_user_id":14098166,"favorited":false,"user":{"follow_request_sent":false,"profile_use_background_image":true,"profile_text_color":"333333","default_profile_image":false,"id":531981527,"profile_background_image_url_https":"https://pbs.twimg.com/profile_background_images/541124653800890368/blSDHILl.png","verified":false,"profile_location":null,"profile_image_url_https":"https://pbs.twimg.com/profile_images/587988907297378304/Wqq13hHK_normal.jpg","profile_sidebar_fill_color":"DDEEF6","entities":{"url":{"urls":[{"url":"https://t.co/hlcsoC4NJT","indices":[0,23],"expanded_url":"https://vine.co/v/OAtQbHFa6I3","display_url":"vine.co/v/OAtQbHFa6I3"}]},"description":{"urls":[]}},"followers_count":1159,"profile_sidebar_border_color":"FFFFFF","id_str":"531981527","profile_background_color":"FFFFFF","listed_count":4,"is_translation_enabled":false,"utc_offset":39600,"statuses_count":11420,"description":"I love that 5'9, white girl from Essex with the soulful, black voice. 030812. 260813. JESSIE FOLLOWED ME ❤ 300113 ❤","friends_count":386,"location":"Australia","profile_link_color":"C29DAB","profile_image_url":"http://pbs.twimg.com/profile_images/587988907297378304/Wqq13hHK_normal.jpg","following":false,"geo_enabled":false,"profile_banner_url":"https://pbs.twimg.com/profile_banners/531981527/1417847756","profile_background_image_url":"http://pbs.twimg.com/profile_background_images/541124653800890368/blSDHILl.png","name":"♡ Jas ♡","lang":"en","profile_background_tile":true,"favourites_count":23342,"screen_name":"isthatjasminej","notifications":false,"url":"https://t.co/hlcsoC4NJT","created_at":"Wed Mar 21 06:41:46 +0000 2012","contributors_enabled":false,"time_zone":"New Caledonia","protected":false,"default_profile":false,"is_translator":false},"geo":null,"in_reply_to_user_id_str":"14098166","possibly_sensitive":false,"lang":"en","created_at":"Mon Dec 15 04:28:40 +0000 2014","in_reply_to_status_id_str":"544336585052160001","place":null,"extended_entities":{"media":[{"source_user_id":14098166,"source_status_id_str":"544336585052160001","expanded_url":"http://twitter.com/mkarolian/status/544336585052160001/photo/1","display_url":"pic.twitter.com/ojD5IPePkF","url":"http://t.co/ojD5IPePkF","media_url_https":"https://pbs.twimg.com/media/B43fPSiCQAErYz7.jpg","source_user_id_str":"14098166","source_status_id":544336585052160001,"id_str":"544336583747321857","sizes":{"small":{"h":206,"resize":"fit","w":340},"large":{"h":620,"resize":"fit","w":1024},"medium":{"h":363,"resize":"fit","w":600},"thumb":{"h":150,"resize":"crop","w":150}},"indices":[79,101],"type":"photo","id":544336583747321857,"media_url":"http://pbs.twimg.com/media/B43fPSiCQAErYz7.jpg"},{"source_user_id":14098166,"source_status_id_str":"544336585052160001","expanded_url":"http://twitter.com/mkarolian/status/544336585052160001/photo/1","display_url":"pic.twitter.com/ojD5IPePkF","url":"http://t.co/ojD5IPePkF","media_url_https":"https://pbs.twimg.com/media/B43fOlzCIAAI5jC.jpg","source_user_id_str":"14098166","source_status_id":544336585052160001,"id_str":"544336571739021312","sizes":{"large":{"h":608,"resize":"fit","w":1024},"small":{"h":202,"resize":"fit","w":340},"medium":{"h":356,"resize":"fit","w":600},"thumb":{"h":150,"resize":"crop","w":150}},"indices":[79,101],"type":"photo","id":544336571739021312,"media_url":"http://pbs.twimg.com/media/B43fOlzCIAAI5jC.jpg"},{"source_user_id":14098166,"source_status_id_str":"544336585052160001","expanded_url":"http://twitter.com/mkarolian/status/544336585052160001/photo/1","display_url":"pic.twitter.com/ojD5IPePkF","url":"http://t.co/ojD5IPePkF","media_url_https":"https://pbs.twimg.com/media/B43fPT6CQAIoZ_r.jpg","source_user_id_str":"14098166","source_status_id":544336585052160001,"id_str":"544336584116420610","sizes":{"large":{"h":615,"resize":"fit","w":1024},"small":{"h":204,"resize":"fit","w":340},"medium":{"h":360,"resize":"fit","w":600},"thumb":{"h":150,"resize":"crop","w":150}},"indices":[79,101],"type":"photo","id":544336584116420610,"media_url":"http://pbs.twimg.com/media/B43fPT6CQAIoZ_r.jpg"}]}},
{"contributors":null,"truncated":false,"text":"@_amroali @bebird @mkarolian ugh","in_reply_to_status_id":544337226050441216,"id":544354548320858112,"favorite_count":1,"source":"<a href=\"http://twitter.com\" rel=\"nofollow\">Twitter Web Client</a>","retweeted":false,"coordinates":null,"entities":{"symbols":[],"user_mentions":[{"id":282977213,"indices":[0,9],"id_str":"282977213","screen_name":"_amroali","name":"Amro Ali"},{"id":15968617,"indices":[10,17],"id_str":"15968617","screen_name":"bebird","name":"bebird"},{"id":14098166,"indices":[18,28],"id_str":"14098166","screen_name":"mkarolian","name":"Matt Karolian"}],"hashtags":[],"urls":[]},"in_reply_to_screen_name":"_amroali","id_str":"544354548320858112","retweet_count":0,"in_reply_to_user_id":282977213,"favorited":false,"user":{"follow_request_sent":false,"profile_use_background_image":true,"profile_text_color":"333333","default_profile_image":false,"id":550253258,"profile_background_image_url_https":"https://pbs.twimg.com/profile_background_images/528254324443344897/bIlOsYMP.jpeg","verified":false,"profile_location":null,"profile_image_url_https":"https://pbs.twimg.com/profile_images/553313620616957952/gIhQmY4G_normal.png","profile_sidebar_fill_color":"FFFFFF","entities":{"description":{"urls":[]}},"followers_count":1500,"profile_sidebar_border_color":"000000","id_str":"550253258","profile_background_color":"0D0D0C","listed_count":70,"is_translation_enabled":false,"utc_offset":-14400,"statuses_count":32659,"description":"Η Χορωδία θα πρέπει επίσης να θεωρηθεί ως ένας από τους ηθοποιούς ... αποτελεί αναπόσπαστο μέρος του όλου, και να μοιραστούν στη δράση ~ Αριστοτέλης","friends_count":1998,"location":"Raleigh, NC","profile_link_color":"DD2E44","profile_image_url":"http://pbs.twimg.com/profile_images/553313620616957952/gIhQmY4G_normal.png","following":false,"geo_enabled":false,"profile_banner_url":"https://pbs.twimg.com/profile_banners/550253258/1380042405","profile_background_image_url":"http://pbs.twimg.com/profile_background_images/528254324443344897/bIlOsYMP.jpeg","name":"Suicide Capitalism","lang":"en","profile_background_tile":true,"favourites_count":21368,"screen_name":"LaPajamas","notifications":false,"url":null,"created_at":"Tue Apr 10 16:39:43 +0000 2012","contributors_enabled":false,"time_zone":"Atlantic Time (Canada)","protected":false,"default_profile":false,"is_translator":false},"geo":null,"in_reply_to_user_id_str":"282977213","lang":"und","created_at":"Mon Dec 15 04:53:32 +0000 2014","in_reply_to_status_id_str":"544337226050441216","place":null},
{"contributors":null,"truncated":false,"text":"@_amroali @mkarolian Greetings from the Dutch underworld and Anthony Hopkins. An interview with ex-gangster Steve B http://t.co/yKzJ6GFk4T","in_reply_to_status_id":544337226050441216,"id":544354950646857728,"favorite_count":0,"source":"<a href=\"http://twitter.com\" rel=\"nofollow\">Twitter Web Client</a>","retweeted":false,"coordinates":null,"entities":{"symbols":[],"user_mentions":[{"id":282977213,"indices":[0,9],"id_str":"282977213","screen_name":"_amroali","name":"Amro Ali"},{"id":14098166,"indices":[10,20],"id_str":"14098166","screen_name":"mkarolian","name":"Matt Karolian"}],"hashtags":[],"urls":[{"url":"http://t.co/yKzJ6GFk4T","indices":[116,138],"expanded_url":"http://wp.me/p1rJO5-6CC","display_url":"wp.me/p1rJO5-6CC"}]},"in_reply_to_screen_name":"_amroali","id_str":"544354950646857728","retweet_count":0,"in_reply_to_user_id":282977213,"favorited":false,"user":{"follow_request_sent":false,"profile_use_background_image":true,"profile_text_color":"333333","default_profile_image":false,"id":2384915342,"profile_background_image_url_https":"https://pbs.twimg.com/profile_background_images/443673503506526208/t2bNwny8.png","verified":false,"profile_location":null,"profile_image_url_https":"https://pbs.twimg.com/profile_images/443672298067738624/0nH5eMWP_normal.png","profile_sidebar_fill_color":"DDEEF6","entities":{"url":{"urls":[{"url":"http://t.co/n335i6J4XC","indices":[0,22],"expanded_url":"http://stevenbrownsblog.wordpress.com","display_url":"stevenbrownsblog.wordpress.com"}]},"description":{"urls":[{"url":"http://t.co/J1cezR4nnF","indices":[114,136],"expanded_url":"http://youtu.be/25eCZOUACWI","display_url":"youtu.be/25eCZOUACWI"}]}},"followers_count":1140,"profile_sidebar_border_color":"FFFFFF","id_str":"2384915342","profile_background_color":"C0DEED","listed_count":19,"is_translation_enabled":false,"utc_offset":null,"statuses_count":36216,"description":"Volksnieuws uit Amsterdam-Noir by Steve Brown, waarbij de lens niet bewolkt is, met een beetje moord en doodslag. http://t.co/J1cezR4nnF","friends_count":339,"location":"Amsterdam","profile_link_color":"0084B4","profile_image_url":"http://pbs.twimg.com/profile_images/443672298067738624/0nH5eMWP_normal.png","following":false,"geo_enabled":false,"profile_banner_url":"https://pbs.twimg.com/profile_banners/2384915342/1394615866","profile_background_image_url":"http://pbs.twimg.com/profile_background_images/443673503506526208/t2bNwny8.png","name":"Amsterdam-Noir","lang":"nl","profile_background_tile":true,"favourites_count":8,"screen_name":"BySteveBrown","notifications":false,"url":"http://t.co/n335i6J4XC","created_at":"Wed Mar 12 08:34:27 +0000 2014","contributors_enabled":false,"time_zone":null,"protected":false,"default_profile":false,"is_translator":false},"geo":null,"in_reply_to_user_id_str":"282977213","possibly_sensitive":false,"lang":"en","created_at":"Mon Dec 15 04:55:08 +0000 2014","in_reply_to_status_id_str":"544337226050441216","place":null},
{"contributors":null,"truncated":false,"text":"Well said RT “@JWadeMoses: @_amroali @LibyaLiberty @mkarolian Sensationalism - the reason why the human race is going down the drain...”","in_reply_to_status_id":544340388954529793,"id":544367367862493185,"favorite_count":0,"source":"<a href=\"http://twitter.com/download/iphone\" rel=\"nofollow\">Twitter for iPhone</a>","retweeted":false,"coordinates":null,"entities":{"symbols":[],"user_mentions":[{"id":2453850531,"indices":[14,25],"id_str":"2453850531","screen_name":"JWadeMoses","name":"Jonathan Wade"},{"id":282977213,"indices":[27,36],"id_str":"282977213","screen_name":"_amroali","name":"Amro Ali"},{"id":254873869,"indices":[37,50],"id_str":"254873869","screen_name":"LibyaLiberty","name":"Hend"},{"id":14098166,"indices":[51,61],"id_str":"14098166","screen_name":"mkarolian","name":"Matt Karolian"}],"hashtags":[],"urls":[]},"in_reply_to_screen_name":"JWadeMoses","id_str":"544367367862493185","retweet_count":0,"in_reply_to_user_id":2453850531,"favorited":false,"user":{"follow_request_sent":false,"profile_use_background_image":true,"profile_text_color":"666666","default_profile_image":false,"id":282977213,"profile_background_image_url_https":"https://abs.twimg.com/images/themes/theme9/bg.gif","verified":false,"profile_location":null,"profile_image_url_https":"https://pbs.twimg.com/profile_images/2997633383/52784c0d183c26270f58c7aea437fe49_normal.jpeg","profile_sidebar_fill_color":"252429","entities":{"url":{"urls":[{"url":"http://t.co/UteVTr91q8","indices":[0,22],"expanded_url":"http://www.amroali.com","display_url":"amroali.com"}]},"description":{"urls":[{"url":"http://t.co/BYJyXz5iJm","indices":[124,146],"expanded_url":"http://on.fb.me/T5C1vn","display_url":"on.fb.me/T5C1vn"}]}},"followers_count":4632,"profile_sidebar_border_color":"000000","id_str":"282977213","profile_background_color":"1A1B1F","listed_count":236,"is_translation_enabled":false,"utc_offset":39600,"statuses_count":21332,"description":"PhD scholar at Dept. of Gov't & IR - Sydney University | #Egypt & #MiddleEast analyst | Admin of #Alexandria Scholars (URL: http://t.co/BYJyXz5iJm) #HumanRights","friends_count":751,"location":"Alex (Egypt) & Sydney (Aus)","profile_link_color":"2FC2EF","profile_image_url":"http://pbs.twimg.com/profile_images/2997633383/52784c0d183c26270f58c7aea437fe49_normal.jpeg","following":false,"geo_enabled":true,"profile_banner_url":"https://pbs.twimg.com/profile_banners/282977213/1400322724","profile_background_image_url":"http://abs.twimg.com/images/themes/theme9/bg.gif","name":"Amro Ali","lang":"en","profile_background_tile":false,"favourites_count":3273,"screen_name":"_amroali","notifications":false,"url":"http://t.co/UteVTr91q8","created_at":"Sat Apr 16 09:48:12 +0000 2011","contributors_enabled":false,"time_zone":"Sydney","protected":false,"default_profile":false,"is_translator":false},"geo":null,"in_reply_to_user_id_str":"2453850531","lang":"en","created_at":"Mon Dec 15 05:44:29 +0000 2014","in_reply_to_status_id_str":"544340388954529793","place":null},
{"contributors":null,"truncated":false,"text":"@saradhruvmom @mkarolian This is known as: \"Somebody's house is on fire &amp; You warm up your hands\"","in_reply_to_status_id":544339770013253632,"id":544422412150767616,"favorite_count":0,"source":"<a href=\"https://twitter.com/download/android\" rel=\"nofollow\">Twitter for Android Tablets</a>","retweeted":false,"coordinates":null,"entities":{"symbols":[],"user_mentions":[{"id":616398529,"indices":[0,13],"id_str":"616398529","screen_name":"saradhruvmom","name":"bianca"},{"id":14098166,"indices":[14,24],"id_str":"14098166","screen_name":"mkarolian","name":"Matt Karolian"}],"hashtags":[],"urls":[]},"in_reply_to_screen_name":"saradhruvmom","id_str":"544422412150767616","retweet_count":0,"in_reply_to_user_id":616398529,"favorited":false,"user":{"follow_request_sent":false,"profile_use_background_image":true,"profile_text_color":"333333","default_profile_image":false,"id":602767623,"profile_background_image_url_https":"https://abs.twimg.com/images/themes/theme1/bg.png","verified":false,"profile_location":null,"profile_image_url_https":"https://pbs.twimg.com/profile_images/532602054569521154/wQr0M-Zm_normal.jpeg","profile_sidebar_fill_color":"DDEEF6","entities":{"description":{"urls":[]}},"followers_count":994,"profile_sidebar_border_color":"C0DEED","id_str":"602767623","profile_background_color":"C0DEED","listed_count":16,"is_translation_enabled":false,"utc_offset":null,"statuses_count":38115,"description":"Mind Maker, Knowledge Seeker. Behind Camera. News Junkie. Indian First. Exiled Cashin,Vegetarian, Traveller (2hearts), My Shadow-My Friend.","friends_count":1061,"location":"Bangalore, INDIA","profile_link_color":"0084B4","profile_image_url":"http://pbs.twimg.com/profile_images/532602054569521154/wQr0M-Zm_normal.jpeg","following":false,"geo_enabled":true,"profile_background_image_url":"http://abs.twimg.com/images/themes/theme1/bg.png","name":"NadiromesH","lang":"en","profile_background_tile":false,"favourites_count":6251,"screen_name":"RomeshNadir","notifications":false,"url":null,"created_at":"Fri Jun 08 11:38:00 +0000 2012","contributors_enabled":false,"time_zone":null,"protected":false,"default_profile":true,"is_translator":false},"geo":null,"in_reply_to_user_id_str":"616398529","lang":"en","created_at":"Mon Dec 15 09:23:12 +0000 2014","in_reply_to_status_id_str":"544339770013253632","place":null}
]