[{"contributors":null,"truncated":false,"text":"@australian tell people the truth that its a terrorism issue","in_reply_to_status_id":544350087020019712,"id":544350361788481536,"favorite_count":1,"source":"<a href=\"http://twitter.com/download/android\" rel=\"nofollow\">Twitter for Android</a>","retweeted":false,"coordinates":null,"entities":{"symbols":[],"user_mentions":[{"id":9609632,"indices":[0,11],"id_str":"9609632","screen_name":"australian","name":"The Australian"}],"hashtags":[],"urls":[]},"in_reply_to_screen_name":"australian","id_str":"544350361788481536","retweet_count":0,"in_reply_to_user_id":9609632,"favorited":false,"user":{"follow_request_sent":false,"profile_use_background_image":true,"profile_text_color":"3E4415","default_profile_image":false,"id":119316245,"profile_background_image_url_https":"https://abs.twimg.com/images/themes/theme5/bg.gif","verified":false,"profile_location":null,"profile_image_url_https":"https://pbs.twimg.com/profile_images/1266668079/0089_normal.jpg","profile_sidebar_fill_color":"99CC33","entities":{"description":{"urls":[]}},"followers_count":197,"profile_sidebar_border_color":"829D5E","id_str":"119316245","profile_background_color":"352726","listed_count":10,"is_translation_enabled":false,"utc_offset":39600,"statuses_count":13884,"description":"Employer of my local member","friends_count":873,"location":"Corpus Christie","profile_link_color":"D02B55","profile_image_url":"http://pbs.twimg.com/profile_images/1266668079/0089_normal.jpg","following":false,"geo_enabled":true,"profile_background_image_url":"http://abs.twimg.com/images/themes/theme5/bg.gif","name":"Keith Gear","lang":"en","profile_background_tile":false,"favourites_count":61,"screen_name":"SPOOKS219","notifications":false,"url":null,"created_at":"Wed Mar 03 08:12:58 +0000 2010","contributors_enabled":false,"time_zone":"Sydney","protected":false,"default_profile":false,"is_translator":false},"geo":null,"in_reply_to_user_id_str":"9609632","lang":"en","created_at":"Mon Dec 15 04:36:54 +0000 2014","in_reply_to_status_id_str":"544350087020019712","place":null},
{"contributors":null,"truncated":false,"text":"@australian Lets make this viral http://t.co/foBNcs2lpx","in_reply_to_status_id":544350087020019712,"id":544350436845568002,"favorite_count":0,"source":"<a href=\"http://twitter.com\" rel=\"nofollow\">Twitter Web Client</a>","retweeted":false,"coordinates":null,"entities":{"symbols":[],"user_mentions":[{"id":9609632,"indices":[0,11],"id_str":"9609632","screen_name":"australian","name":"The Australian"}],"hashtags":[],"urls":[],"media":[{"expanded_url":"http://twitter.com/SpiracyScience/status/544350436845568002/photo/1","display_url":"pic.twitter.com/foBNcs2lpx","url":"http://t.co/foBNcs2lpx","media_url_https":"https://pbs.twimg.com/media/B43r1ivCEAAeS8H.jpg","id_str":"544350435071365120","sizes":{"small":{"h":218,"resize":"fit","w":340},"large":{"h":651,"resize":"fit","w":1014},"medium":{"h":385,"resize":"fit","w":600},"thumb":{"h":150,"resize":"crop","w":150}},"indices":[33,55],"type":"photo","id":544350435071365120,"media_url":"http://pbs.twimg.com/media/B43r1ivCEAAeS8H.jpg"}]},"in_reply_to_screen_name":"australian","id_str":"544350436845568002","retweet_count":0,"in_reply_to_user_id":9609632,"favorited":false,"user":{"follow_request_sent":false,"profile_use_background_image":true,"profile_text_color":"333333","default_profile_image":false,"id":1712159514,"profile_background_image_url_https":"https://abs.twimg.com/images/themes/theme1/bg.png","verified":false,"profile_location":null,"profile_image_url_https":"https://pbs.twimg.com/profile_images/489271086425452544/duqyxHKj_normal.jpeg","profile_sidebar_fill_color":"DDEEF6","entities":{"url":{"urls":[{"url":"https://t.co/awgOxV8DRk","indices":[0,23],"expanded_url":"https://www.facebook.com/Ibloodyloveconspiraciesandscience?ref=hl","display_url":"facebook.com/Ibloodylovecon…"}]},"description":{"urls":[]}},"followers_count":237,"profile_sidebar_border_color":"C0DEED","id_str":"1712159514","profile_background_color":"C0DEED","listed_count":5,"is_translation_enabled":false,"utc_offset":36000,"statuses_count":2889,"description":"Be sure to follow and visit our other pages  @TechyScience (technology),  @DrugsScience (Drugs), @Nature_sci (Nature),  @stuffwewants (cool stuff we all want)","friends_count":345,"location":"","profile_link_color":"0084B4","profile_image_url":"http://pbs.twimg.com/profile_images/489271086425452544/duqyxHKj_normal.jpeg","following":false,"geo_enabled":false,"profile_banner_url":"https://pbs.twimg.com/profile_banners/1712159514/1405331395","profile_background_image_url":"http://abs.twimg.com/images/themes/theme1/bg.png","name":"Conspiracy & Science","lang":"en-gb","profile_background_tile":false,"favourites_count":49,"screen_name":"SpiracyScience","notifications":false,"url":"https://t.co/awgOxV8DRk","created_at":"Fri Aug 30 08:48:05 +0000 2013","contributors_enabled":false,"time_zone":"Brisbane","protected":false,"default_profile":true,"is_translator":false},"geo":null,"in_reply_to_user_id_str":"9609632","possibly_sensitive":false,"lang":"en","created_at":"Mon Dec 15 04:37:12 +0000 2014","in_reply_to_status_id_str":"544350087020019712","place":null,"extended_entities":{"media":[{"expanded_url":"http://twitter.com/SpiracyScience/status/544350436845568002/photo/1","display_url":"pic.twitter.com/foBNcs2lpx","url":"http://t.co/foBNcs2lpx","media_url_https":"https://pbs.twimg.com/media/B43r1ivCEAAeS8H.jpg","id_str":"544350435071365120","sizes":{"small":{"h":218,"resize":"fit","w":340},"large":{"h":651,"resize":"fit","w":1014},"medium":{"h":385,"resize":"fit","w":600},"thumb":{"h":150,"resize":"crop","w":150}},"indices":[33,55],"type":"photo","id":544350435071365120,"media_url":"http://pbs.twimg.com/media/B43r1ivCEAAeS8H.jpg"}]}},
{"contributors":null,"truncated":false,"text":"Someone's gonna need a bathroom break RT @australian: The #SydneySiege has now been going for six hours.","in_reply_to_status_id":544350087020019712,"id":544351029609762816,"favorite_count":0,"source":"<a href=\"http://twitter.com/download/iphone\" rel=\"nofollow\">Twitter for iPhone</a>","retweeted":false,"coordinates":null,"entities":{"symbols":[],"user_mentions":[{"id":9609632,"indices":[41,52],"id_str":"9609632","screen_name":"australian","name":"The Australian"}],"hashtags":[{"indices":[58,70],"text":"SydneySiege"}],"urls":[]},"in_reply_to_screen_name":"australian","id_str":"544351029609762816","retweet_count":0,"in_reply_to_user_id":9609632,"favorited":false,"user":{"follow_request_sent":false,"profile_use_background_image":true,"profile_text_color":"3E4415","default_profile_image":false,"id":6103102,"profile_background_image_url_https":"https://abs.twimg.com/images/themes/theme5/bg.gif","verified":false,"profile_location":null,"profile_image_url_https":"https://pbs.twimg.com/profile_images/188520696/19feb_normal.jpg","profile_sidebar_fill_color":"99CC33","entities":{"url":{"urls":[{"url":"http://t.co/80ruJm1r12","indices":[0,22],"expanded_url":"http://gurms.blogspot.com","display_url":"gurms.blogspot.com"}]},"description":{"urls":[]}},"followers_count":975,"profile_sidebar_border_color":"829D5E","id_str":"6103102","profile_background_color":"352726","listed_count":24,"is_translation_enabled":false,"utc_offset":28800,"statuses_count":13416,"description":"[follow][insert mind-blowing and pithy yet sensitive description of self] Hey, How You Doin? Wink Wink Drink Drink [/follow]","friends_count":511,"location":"Singapore","profile_link_color":"D02B55","profile_image_url":"http://pbs.twimg.com/profile_images/188520696/19feb_normal.jpg","following":false,"geo_enabled":true,"profile_banner_url":"https://pbs.twimg.com/profile_banners/6103102/1397402053","profile_background_image_url":"http://abs.twimg.com/images/themes/theme5/bg.gif","name":"gurmit singh","lang":"en","profile_background_tile":false,"favourites_count":12,"screen_name":"gurms","notifications":false,"url":"http://t.co/80ruJm1r12","created_at":"Thu May 17 11:20:00 +0000 2007","contributors_enabled":false,"time_zone":"Singapore","protected":false,"default_profile":false,"is_translator":false},"geo":null,"in_reply_to_user_id_str":"9609632","lang":"en","created_at":"Mon Dec 15 04:39:33 +0000 2014","in_reply_to_status_id_str":"544350087020019712","place":null},
{"contributors":null,"truncated":false,"text":"@australian you should put a siege clock on you're website","in_reply_to_status_id":544350087020019712,"id":544351806814314496,"favorite_count":1,"source":"<a href=\"http://twitter.com/download/iphone\" rel=\"nofollow\">Twitter for iPhone</a>","retweeted":false,"coordinates":{"type":"Point","coordinates":[151.17951738,-33.79683472]},"entities":{"symbols":[],"user_mentions":[{"id":9609632,"indices":[0,11],"id_str":"9609632","screen_name":"australian","name":"The Australian"}],"hashtags":[],"urls":[]},"in_reply_to_screen_name":"australian","id_str":"544351806814314496","retweet_count":0,"in_reply_to_user_id":9609632,"favorited":false,"user":{"follow_request_sent":false,"profile_use_background_image":true,"profile_text_color":"333333","default_profile_image":false,"id":2512481150,"profile_background_image_url_https":"https://abs.twimg.com/images/themes/theme1/bg.png","verified":false,"profile_location":null,"profile_image_url_https":"https://pbs.twimg.com/profile_images/518607148666724353/GvnH05Qr_normal.jpeg","profile_sidebar_fill_color":"DDEEF6","entities":{"description":{"urls":[]}},"followers_count":52,"profile_sidebar_border_color":"C0DEED","id_str":"2512481150","profile_background_color":"C0DEED","listed_count":0,"is_translation_enabled":false,"utc_offset":null,"statuses_count":1563,"description":"architecture,structures,alternative music, streetart,renewables,sydneyfc,progressive politics,india pale ale (usually drinking when tweeting). often ironic.","friends_count":134,"location":"newtown til i die","profile_link_color":"0084B4","profile_image_url":"http://pbs.twimg.com/profile_images/518607148666724353/GvnH05Qr_normal.jpeg","following":false,"geo_enabled":true,"profile_banner_url":"https://pbs.twimg.com/profile_banners/2512481150/1411978379","profile_background_image_url":"http://abs.twimg.com/images/themes/theme1/bg.png","name":"skin","lang":"en","profile_background_tile":false,"favourites_count":973,"screen_name":"seymour1948","notifications":false,"url":null,"created_at":"Wed May 21 12:37:09 +0000 2014","contributors_enabled":false,"time_zone":null,"protected":false,"default_profile":true,"is_translator":false},"geo":{"type":"Point","coordinates":[-33.79683472,151.17951738]},"in_reply_to_user_id_str":"9609632","lang":"en","created_at":"Mon Dec 15 04:42:38 +0000 2014","in_reply_to_status_id_str":"544350087020019712","place":{"full_name":"Sydney, New South Wales","url":"https://api.twitter.com/1.1/geo/id/0073b76548e5984f.json","country":"Australia","place_type":"city","bounding_box":{"type":"Polygon","coordinates":[[[150.520928608,-34.1183470085],[151.343020992,-34.1183470085],[151.343020992,-33.578140996],[150.520928608,-33.578140996]]]},"contained_within":[],"country_code":"AU","attributes":{},"id":"0073b76548e5984f","name":"Sydney"}},
{"contributors":null,"truncated":false,"text":"“@australian: The #SydneySiege has now been going for six hours. http://t.co/JmgY4g9gQj http://t.co/o8IO4ltt8P”","in_reply_to_status_id":544350087020019712,"id":544351832290508800,"favorite_count":1,"source":"<a href=\"http://twitter.com/download/iphone\" rel=\"nofollow\">Twitter for iPhone</a>","retweeted":false,"coordinates":null,"entities":{"symbols":[],"user_mentions":[{"id":9609632,"indices":[1,12],"id_str":"9609632","screen_name":"australian","name":"The Australian"}],"hashtags":[{"indices":[18,30],"text":"SydneySiege"}],"urls":[{"url":"http://t.co/JmgY4g9gQj","indices":[65,87],"expanded_url":"http://bit.ly/13oTBor","display_url":"bit.ly/13oTBor"}],"media":[{"source_user_id":9609632,"source_status_id_str":"544350087020019712","expanded_url":"http://twitter.com/australian/status/544350087020019712/photo/1","display_url":"pic.twitter.com/o8IO4ltt8P","url":"http://t.co/o8IO4ltt8P","media_url_https":"https://pbs.twimg.com/media/B43rhR2IMAE6b9d.jpg","source_user_id_str":"9609632","source_status_id":544350087020019712,"id_str":"544350086940340225","sizes":{"small":{"h":191,"resize":"fit","w":340},"large":{"h":366,"resize":"fit","w":650},"medium":{"h":337,"resize":"fit","w":600},"thumb":{"h":150,"resize":"crop","w":150}},"indices":[88,110],"type":"photo","id":544350086940340225,"media_url":"http://pbs.twimg.com/media/B43rhR2IMAE6b9d.jpg"}]},"in_reply_to_screen_name":"australian","id_str":"544351832290508800","retweet_count":0,"in_reply_to_user_id":9609632,"favorited":false,"user":{"follow_request_sent":false,"profile_use_background_image":true,"profile_text_color":"333333","default_profile_image":false,"id":80154543,"profile_background_image_url_https":"https://abs.twimg.com/images/themes/theme13/bg.gif","verified":false,"profile_location":null,"profile_image_url_https":"https://pbs.twimg.com/profile_images/378800000233328355/588f4bb39284bbd86a1967448bd1a027_normal.jpeg","profile_sidebar_fill_color":"FFFFFF","entities":{"url":{"urls":[{"url":"http://t.co/9sos6b5a68","indices":[0,22],"expanded_url":"http://buildcoaching.com.au","display_url":"buildcoaching.com.au"}]},"description":{"urls":[]}},"followers_count":386,"profile_sidebar_border_color":"EEEEEE","id_str":"80154543","profile_background_color":"B2DFDA","listed_count":8,"is_translation_enabled":false,"utc_offset":39600,"statuses_count":1779,"description":"High 5's all round! ✋","friends_count":1095,"location":"Sydney, Australia","profile_link_color":"93A644","profile_image_url":"http://pbs.twimg.com/profile_images/378800000233328355/588f4bb39284bbd86a1967448bd1a027_normal.jpeg","following":false,"geo_enabled":true,"profile_banner_url":"https://pbs.twimg.com/profile_banners/80154543/1363729438","profile_background_image_url":"http://abs.twimg.com/images/themes/theme13/bg.gif","name":"Tim Simons","lang":"en","profile_background_tile":false,"favourites_count":93,"screen_name":"timdotsim","notifications":false,"url":"http://t.co/9sos6b5a68","created_at":"Mon Oct 05 23:24:12 +0000 2009","contributors_enabled":false,"time_zone":"Sydney","protected":false,"default_profile":false,"is_translator":false},"geo":null,"in_reply_to_user_id_str":"9609632","possibly_sensitive":false,"lang":"en","created_at":"Mon Dec 15 04:42:45 +0000 2014","in_reply_to_status_id_str":"544350087020019712","place":null,"extended_entities":{"media":[{"source_user_id":9609632,"source_status_id_str":"544350087020019712","expanded_url":"http://twitter.com/australian/status/544350087020019712/photo/1","display_url":"pic.twitter.com/o8IO4ltt8P","url":"http://t.co/o8IO4ltt8P","media_url_https":"https://pbs.twimg.com/media/B43rhR2IMAE6b9d.jpg","source_user_id_str":"9609632","source_status_id":544350087020019712,"id_str":"544350086940340225","sizes":{"small":{"h":191,"resize":"fit","w":340},"large":{"h":366,"resize":"fit","w":650},"medium":{"h":337,"resize":"fit","w":600},"thumb":{"h":150,"resize":"crop","w":150}},"indices":[88,110],"type":"photo","id":544350086940340225,"media_url":"http://pbs.twimg.com/media/B43rhR2IMAE6b9d.jpg"}]}},
{"contributors":null,"truncated":false,"text":"@australian hopefully no one dies or gets hurt. People will seek 'retribution' if that happens.","in_reply_to_status_id":544350087020019712,"id":544352858527645697,"favorite_count":0,"source":"<a href=\"https://mobile.twitter.com\" rel=\"nofollow\">Mobile Web (M5)</a>","retweeted":false,"coordinates":null,"entities":{"symbols":[],"user_mentions":[{"id":9609632,"indices":[0,11],"id_str":"9609632","screen_name":"australian","name":"The Australian"}],"hashtags":[],"urls":[]},"in_reply_to_screen_name":"australian","id_str":"544352858527645697","retweet_count":0,"in_reply_to_user_id":9609632,"favorited":false,"user":{"follow_request_sent":false,"profile_use_background_image":true,"profile_text_color":"333333","default_profile_image":false,"id":2785314296,"profile_background_image_url_https":"https://abs.twimg.com/images/themes/theme1/bg.png","verified":false,"profile_location":null,"profile_image_url_https":"https://pbs.twimg.com/profile_images/513962092903141376/H9X9vA3w_normal.jpeg","profile_sidebar_fill_color":"DDEEF6","entities":{"description":{"urls":[]}},"followers_count":8,"profile_sidebar_border_color":"C0DEED","id_str":"2785314296","profile_background_color":"C0DEED","listed_count":0,"is_translation_enabled":false,"utc_offset":null,"statuses_count":40,"description":"","friends_count":121,"location":"","profile_link_color":"0084B4","profile_image_url":"http://pbs.twimg.com/profile_images/513962092903141376/H9X9vA3w_normal.jpeg","following":false,"geo_enabled":false,"profile_background_image_url":"http://abs.twimg.com/images/themes/theme1/bg.png","name":"Nico Guevara","lang":"en","profile_background_tile":false,"favourites_count":20,"screen_name":"fearle55v01d","notifications":false,"url":null,"created_at":"Tue Sep 02 05:55:32 +0000 2014","contributors_enabled":false,"time_zone":null,"protected":false,"default_profile":true,"is_translator":false},"geo":null,"in_reply_to_user_id_str":"9609632","lang":"en","created_at":"Mon Dec 15 04:46:49 +0000 2014","in_reply_to_status_id_str":"544350087020019712","place":null},
{"contributors":null,"truncated":false,"text":"@australian pray hostages will all be saved as for the isis savages they need to be killed","in_reply_to_status_id":544350087020019712,"id":544352996755505152,"favorite_count":1,"source":"<a href=\"http://twitter.com/download/android\" rel=\"nofollow\">Twitter for Android</a>","retweeted":false,"coordinates":null,"entities":{"symbols":[],"user_mentions":[{"id":9609632,"indices":[0,11],"id_str":"9609632","screen_name":"australian","name":"The Australian"}],"hashtags":[],"urls":[]},"in_reply_to_screen_name":"australian","id_str":"544352996755505152","retweet_count":0,"in_reply_to_user_id":9609632,"favorited":false,"user":{"follow_request_sent":false,"profile_use_background_image":true,"profile_text_color":"333333","default_profile_image":false,"id":66525934,"profile_background_image_url_https":"https://abs.twimg.com/images/themes/theme1/bg.png","verified":false,"profile_location":null,"profile_image_url_https":"https://pbs.twimg.com/profile_images/378800000509114712/5334f0fadb3fd4f424553ec97d4480e7_normal.png","profile_sidebar_fill_color":"DDEEF6","entities":{"description":{"urls":[]}},"followers_count":656,"profile_sidebar_border_color":"C0DEED","id_str":"66525934","profile_background_color":"C0DEED","listed_count":4,"is_translation_enabled":false,"utc_offset":null,"statuses_count":564,"description":"Conservative....Very outspoken (not politically correct)...mother of two . Loves God Family and Country.","friends_count":1034,"location":"usa","profile_link_color":"0084B4","profile_image_url":"http://pbs.twimg.com/profile_images/378800000509114712/5334f0fadb3fd4f424553ec97d4480e7_normal.png","following":false,"geo_enabled":true,"profile_background_image_url":"http://abs.twimg.com/images/themes/theme1/bg.png","name":"judy ","lang":"en","profile_background_tile":false,"favourites_count":118,"screen_name":"usaproudone","notifications":false,"url":null,"created_at":"Mon Aug 17 23:36:08 +0000 2009","contributors_enabled":false,"time_zone":null,"protected":false,"default_profile":true,"is_translator":false},"geo":null,"in_reply_to_user_id_str":"9609632","lang":"en","created_at":"Mon Dec 15 04:47:22 +0000 2014","in_reply_to_status_id_str":"544350087020019712","place":null},
{"contributors":null,"truncated":false,"text":"“@australian: The #SydneySiege has now been going for six hours. http://t.co/P8HoOAlSHU http://t.co/g4l8fgKvF4”","in_reply_to_status_id":544350087020019712,"id":544354863459467264,"favorite_count":0,"source":"<a href=\"http://twitter.com/download/iphone\" rel=\"nofollow\">Twitter for iPhone</a>","retweeted":false,"coordinates":null,"entities":{"symbols":[],"user_mentions":[{"id":9609632,"indices":[1,12],"id_str":"9609632","screen_name":"australian","name":"The Australian"}],"hashtags":[{"indices":[18,30],"text":"SydneySiege"}],"urls":[{"url":"http://t.co/P8HoOAlSHU","indices":[65,87],"expanded_url":"http://bit.ly/13oTBor","display_url":"bit.ly/13oTBor"}],"media":[{"source_user_id":9609632,"source_status_id_str":"544350087020019712","expanded_url":"http://twitter.com/australian/status/544350087020019712/photo/1","display_url":"pic.twitter.com/g4l8fgKvF4","url":"http://t.co/g4l8fgKvF4","media_url_https":"https://pbs.twimg.com/media/B43rhR2IMAE6b9d.jpg","source_user_id_str":"9609632","source_status_id":544350087020019712,"id_str":"544350086940340225","sizes":{"small":{"h":191,"resize":"fit","w":340},"large":{"h":366,"resize":"fit","w":650},"medium":{"h":337,"resize":"fit","w":600},"thumb":{"h":150,"resize":"crop","w":150}},"indices":[88,110],"type":"photo","id":544350086940340225,"media_url":"http://pbs.twimg.com/media/B43rhR2IMAE6b9d.jpg"}]},"in_reply_to_screen_name":"australian","id_str":"544354863459467264","retweet_count":0,"in_reply_to_user_id":9609632,"favorited":false,"user":{"follow_request_sent":false,"profile_use_background_image":true,"profile_text_color":"333333","default_profile_image":false,"id":58972889,"profile_background_image_url_https":"https://abs.twimg.com/images/themes/theme18/bg.gif","verified":false,"profile_location":null,"profile_image_url_https":"https://pbs.twimg.com/profile_images/544811289516572673/udy8LZbj_normal.jpeg","profile_sidebar_fill_color":"F6F6F6","entities":{"description":{"urls":[]}},"followers_count":957,"profile_sidebar_border_color":"FFFFFF","id_str":"58972889","profile_background_color":"ACDED6","listed_count":6,"is_translation_enabled":false,"utc_offset":25200,"statuses_count":3453,"description":"Proud Indonesian I Journalist & News presenter. Lecturer. Traveller enthusiast I Animal & Nature lover who believes in turning dreams into reality, Dream Big.","friends_count":291,"location":"Jakarta / London","profile_link_color":"3B94D9","profile_image_url":"http://pbs.twimg.com/profile_images/544811289516572673/udy8LZbj_normal.jpeg","following":false,"geo_enabled":false,"profile_banner_url":"https://pbs.twimg.com/profile_banners/58972889/1418728273","profile_background_image_url":"http://abs.twimg.com/images/themes/theme18/bg.gif","name":"iRa Sari","lang":"en","profile_background_tile":false,"favourites_count":25,"screen_name":"irasyarif","notifications":false,"url":null,"created_at":"Wed Jul 22 00:19:07 +0000 2009","contributors_enabled":false,"time_zone":"Bangkok","protected":false,"default_profile":false,"is_translator":false},"geo":null,"in_reply_to_user_id_str":"9609632","possibly_sensitive":false,"lang":"en","created_at":"Mon Dec 15 04:54:47 +0000 2014","in_reply_to_status_id_str":"544350087020019712","place":null,"extended_entities":{"media":[{"source_user_id":9609632,"source_status_id_str":"544350087020019712","expanded_url":"http://twitter.com/australian/status/544350087020019712/photo/1","display_url":"pic.twitter.com/g4l8fgKvF4","url":"http://t.co/g4l8fgKvF4","media_url_https":"https://pbs.twimg.com/media/B43rhR2IMAE6b9d.jpg","source_user_id_str":"9609632","source_status_id":544350087020019712,"id_str":"544350086940340225","sizes":{"small":{"h":191,"resize":"fit","w":340},"large":{"h":366,"resize":"fit","w":650},"medium":{"h":337,"resize":"fit","w":600},"thumb":{"h":150,"resize":"crop","w":150}},"indices":[88,110],"type":"photo","id":544350086940340225,"media_url":"http://pbs.twimg.com/media/B43rhR2IMAE6b9d.jpg"}]}},
{"contributors":null,"truncated":false,"text":"@australian Anyone?Still don't understand y the world hates the Wests foreign policy.Forgot,Israel like us &amp; they,like us,r morally superior","in_reply_to_status_id":544350087020019712,"id":544355165202309120,"favorite_count":0,"source":"<a href=\"http://twitter.com/download/iphone\" rel=\"nofollow\">Twitter for iPhone</a>","retweeted":false,"coordinates":null,"entities":{"symbols":[],"user_mentions":[{"id":9609632,"indices":[0,11],"id_str":"9609632","screen_name":"australian","name":"The Australian"}],"hashtags":[],"urls":[]},"in_reply_to_screen_name":"australian","id_str":"544355165202309120","retweet_count":0,"in_reply_to_user_id":9609632,"favorited":false,"user":{"follow_request_sent":false,"profile_use_background_image":true,"profile_text_color":"333333","default_profile_image":true,"id":1896543121,"profile_background_image_url_https":"https://abs.twimg.com/images/themes/theme1/bg.png","verified":false,"profile_location":null,"profile_image_url_https":"https://abs.twimg.com/sticky/default_profile_images/default_profile_4_normal.png","profile_sidebar_fill_color":"DDEEF6","entities":{"description":{"urls":[]}},"followers_count":147,"profile_sidebar_border_color":"C0DEED","id_str":"1896543121","profile_background_color":"C0DEED","listed_count":2,"is_translation_enabled":false,"utc_offset":null,"statuses_count":2534,"description":"Put my wellies on daily,attempting to get near the truth,as i trudge through the relentless tide of political,establishment & media manure.All help appreciated","friends_count":360,"location":"","profile_link_color":"0084B4","profile_image_url":"http://abs.twimg.com/sticky/default_profile_images/default_profile_4_normal.png","following":false,"geo_enabled":false,"profile_background_image_url":"http://abs.twimg.com/images/themes/theme1/bg.png","name":"Adrian","lang":"en-gb","profile_background_tile":false,"favourites_count":282,"screen_name":"acripps1968","notifications":false,"url":null,"created_at":"Mon Sep 23 07:36:06 +0000 2013","contributors_enabled":false,"time_zone":null,"protected":false,"default_profile":true,"is_translator":false},"geo":null,"in_reply_to_user_id_str":"9609632","lang":"en","created_at":"Mon Dec 15 04:55:59 +0000 2014","in_reply_to_status_id_str":"544350087020019712","place":null},
{"contributors":null,"truncated":false,"text":"#SydneySiege 77 http://t.co/HjjpJcIIe5 http://t.co/igklobkjn3 GG http://t.co/mbitCb5jRj http://t.co/AoA4RybZyR @australian","in_reply_to_status_id":544350087020019712,"id":544357989662990336,"favorite_count":0,"source":"<a href=\"http://twitter.com\" rel=\"nofollow\">Twitter Web Client</a>","retweeted":false,"coordinates":null,"entities":{"symbols":[],"user_mentions":[{"id":9609632,"indices":[111,122],"id_str":"9609632","screen_name":"australian","name":"The Australian"}],"hashtags":[{"indices":[0,12],"text":"SydneySiege"}],"urls":[{"url":"http://t.co/HjjpJcIIe5","indices":[16,38],"expanded_url":"http://www.crowdactivism.com/search?q=77","display_url":"crowdactivism.com/search?q=77"},{"url":"http://t.co/igklobkjn3","indices":[39,61],"expanded_url":"http://occupythebanks.com/search?q=77","display_url":"occupythebanks.com/search?q=77"},{"url":"http://t.co/mbitCb5jRj","indices":[65,87],"expanded_url":"http://occupythebanks.com/search?q=GG","display_url":"occupythebanks.com/search?q=GG"}],"media":[{"source_user_id":250365695,"source_status_id_str":"544353860366520320","expanded_url":"http://twitter.com/censorednewsnow/status/544353860366520320/photo/1","display_url":"pic.twitter.com/AoA4RybZyR","url":"http://t.co/AoA4RybZyR","media_url_https":"https://pbs.twimg.com/media/B43u8mKIUAIhYfy.jpg","source_user_id_str":"250365695","source_status_id":544353860366520320,"id_str":"544353854784294914","sizes":{"large":{"h":337,"resize":"fit","w":599},"small":{"h":191,"resize":"fit","w":340},"medium":{"h":337,"resize":"fit","w":599},"thumb":{"h":150,"resize":"crop","w":150}},"indices":[88,110],"type":"photo","id":544353854784294914,"media_url":"http://pbs.twimg.com/media/B43u8mKIUAIhYfy.jpg"}]},"in_reply_to_screen_name":"australian","id_str":"544357989662990336","retweet_count":0,"in_reply_to_user_id":9609632,"favorited":false,"user":{"follow_request_sent":false,"profile_use_background_image":true,"profile_text_color":"FFFFFF","default_profile_image":false,"id":250365695,"profile_background_image_url_https":"https://pbs.twimg.com/profile_background_images/204204148/cnn.twitter.tsnebulosas.004.v.1.jpg","verified":false,"profile_location":null,"profile_image_url_https":"https://pbs.twimg.com/profile_images/535828113737777152/A8-aN5wM_normal.jpeg","profile_sidebar_fill_color":"03010A","entities":{"url":{"urls":[{"url":"http://t.co/LHZFKUkrqs","indices":[0,22],"expanded_url":"http://censorednewsnow.com","display_url":"censorednewsnow.com"}]},"description":{"urls":[]}},"followers_count":16024,"profile_sidebar_border_color":"FFFFFF","id_str":"250365695","profile_background_color":"1A1B1F","listed_count":438,"is_translation_enabled":false,"utc_offset":0,"statuses_count":606433,"description":"URGENT paypal 2  donations@occupythebanks.com BTC; 1KH1c8F1frwPZKKy14XtJ5eFBkKp6bHR5J Censored News, Views, Documentaries, Lectures, Talks & Mor! #IAmStillHere","friends_count":13654,"location":"use #CENSOREDNEWSNOW","profile_link_color":"0D21A6","profile_image_url":"http://pbs.twimg.com/profile_images/535828113737777152/A8-aN5wM_normal.jpeg","following":false,"geo_enabled":false,"profile_banner_url":"https://pbs.twimg.com/profile_banners/250365695/1354350530","profile_background_image_url":"http://pbs.twimg.com/profile_background_images/204204148/cnn.twitter.tsnebulosas.004.v.1.jpg","name":"censorednewsnow.com","lang":"en","profile_background_tile":true,"favourites_count":45478,"screen_name":"censorednewsnow","notifications":false,"url":"http://t.co/LHZFKUkrqs","created_at":"Thu Feb 10 23:26:18 +0000 2011","contributors_enabled":false,"time_zone":"London","protected":false,"default_profile":false,"is_translator":false},"geo":null,"in_reply_to_user_id_str":"9609632","possibly_sensitive":true,"lang":"und","created_at":"Mon Dec 15 05:07:13 +0000 2014","in_reply_to_status_id_str":"544350087020019712","place":null,"extended_entities":{"media":[{"source_user_id":250365695,"source_status_id_str":"544353860366520320","expanded_url":"http://twitter.com/censorednewsnow/status/544353860366520320/photo/1","display_url":"pic.twitter.com/AoA4RybZyR","url":"http://t.co/AoA4RybZyR","media_url_https":"https://pbs.twimg.com/media/B43u8mKIUAIhYfy.jpg","source_user_id_str":"250365695","source_status_id":544353860366520320,"id_str":"544353854784294914","sizes":{"large":{"h":337,"resize":"fit","w":599},"small":{"h":191,"resize":"fit","w":340},"medium":{"h":337,"resize":"fit","w":599},"thumb":{"h":150,"resize":"crop","w":150}},"indices":[88,110],"type":"photo","id":544353854784294914,"media_url":"http://pbs.twimg.com/media/B43u8mKIUAIhYfy.jpg"},{"source_user_id":250365695,"source_status_id_str":"544353860366520320","expanded_url":"http://twitter.com/censorednewsnow/status/544353860366520320/photo/1","display_url":"pic.twitter.com/AoA4RybZyR","url":"http://t.co/AoA4RybZyR","media_url_https":"https://pbs.twimg.com/media/B43u83wIEAANd26.png","source_user_id_str":"250365695","source_status_id":544353860366520320,"id_str":"544353859507064832","sizes":{"large":{"h":560,"resize":"fit","w":427},"small":{"h":445,"resize":"fit","w":340},"medium":{"h":560,"resize":"fit","w":427},"thumb":{"h":150,"resize":"crop","w":150}},"indices":[88,110],"type":"photo","id":544353859507064832,"media_url":"http://pbs.twimg.com/media/B43u83wIEAANd26.png"}]}},
{"contributors":null,"truncated":false,"text":"@australian i think this should lead to big talks on immigration. Enough imported trouble is enough!!!","in_reply_to_status_id":544350087020019712,"id":544362847229054976,"favorite_count":0,"source":"<a href=\"http://www.twitter.com\" rel=\"nofollow\">Twitter for Windows Phone</a>","retweeted":false,"coordinates":null,"entities":{"symbols":[],"user_mentions":[{"id":9609632,"indices":[0,11],"id_str":"9609632","screen_name":"australian","name":"The Australian"}],"hashtags":[],"urls":[]},"in_reply_to_screen_name":"australian","id_str":"544362847229054976","retweet_count":0,"in_reply_to_user_id":9609632,"favorited":false,"user":{"follow_request_sent":false,"profile_use_background_image":true,"profile_text_color":"732127","default_profile_image":false,"id":203753634,"profile_background_image_url_https":"https://pbs.twimg.com/profile_background_images/616687025/x0204c3529213924b06a496e4988b6aa.jpg","verified":false,"profile_location":null,"profile_image_url_https":"https://pbs.twimg.com/profile_images/576395704790224896/JMGjNZON_normal.jpeg","profile_sidebar_fill_color":"09AC9D","entities":{"description":{"urls":[]}},"followers_count":1472,"profile_sidebar_border_color":"04CCB9","id_str":"203753634","profile_background_color":"EFDAB3","listed_count":13,"is_translation_enabled":false,"utc_offset":39600,"statuses_count":16438,"description":"I love all things beautiful. It would be great if people were a bit more tolerant and less frakin tribal. And total solar houses should be fully subsidised.;)","friends_count":1983,"location":"coffs in australia 18+","profile_link_color":"3A1408","profile_image_url":"http://pbs.twimg.com/profile_images/576395704790224896/JMGjNZON_normal.jpeg","following":false,"geo_enabled":true,"profile_banner_url":"https://pbs.twimg.com/profile_banners/203753634/1412944593","profile_background_image_url":"http://pbs.twimg.com/profile_background_images/616687025/x0204c3529213924b06a496e4988b6aa.jpg","name":"Kvothe Kevin","lang":"en","profile_background_tile":false,"favourites_count":3811,"screen_name":"kevination02","notifications":false,"url":null,"created_at":"Sun Oct 17 01:48:37 +0000 2010","contributors_enabled":false,"time_zone":"Melbourne","protected":false,"default_profile":false,"is_translator":false},"geo":null,"in_reply_to_user_id_str":"9609632","lang":"en","created_at":"Mon Dec 15 05:26:31 +0000 2014","in_reply_to_status_id_str":"544350087020019712","place":null},
{"contributors":null,"truncated":false,"text":"@australian http://t.co/QmgulquObV PREVENT THE VIOLENCE ! Author Avail 24 hrs 1-778-908-2811 http://t.co/D8ul3vxu3w","in_reply_to_status_id":544350087020019712,"id":544366363142156288,"favorite_count":0,"source":"<a href=\"http://twitter.com\" rel=\"nofollow\">Twitter Web Client</a>","retweeted":false,"coordinates":null,"entities":{"symbols":[],"user_mentions":[{"id":9609632,"indices":[0,11],"id_str":"9609632","screen_name":"australian","name":"The Australian"}],"hashtags":[],"urls":[{"url":"http://t.co/QmgulquObV","indices":[12,34],"expanded_url":"http://www.amazon.com.au/Youth-Violence-International-Crisis-Cousineau-ebook/dp/B00GP3456Q/ref=sr_1_1?ie=UTF8&qid=1418618795&sr=8-1&keywords=youth+violence+an+international+crisis","display_url":"amazon.com.au/Youth-Violence…"}],"media":[{"expanded_url":"http://twitter.com/canadainfonow/status/544366363142156288/photo/1","display_url":"pic.twitter.com/D8ul3vxu3w","url":"http://t.co/D8ul3vxu3w","media_url_https":"https://pbs.twimg.com/media/B436UowCIAAlHog.jpg","id_str":"544366362424909824","sizes":{"small":{"h":280,"resize":"fit","w":280},"large":{"h":280,"resize":"fit","w":280},"medium":{"h":280,"resize":"fit","w":280},"thumb":{"h":150,"resize":"crop","w":150}},"indices":[93,115],"type":"photo","id":544366362424909824,"media_url":"http://pbs.twimg.com/media/B436UowCIAAlHog.jpg"}]},"in_reply_to_screen_name":"australian","id_str":"544366363142156288","retweet_count":0,"in_reply_to_user_id":9609632,"favorited":false,"user":{"follow_request_sent":false,"profile_use_background_image":true,"profile_text_color":"333333","default_profile_image":false,"id":2734020596,"profile_background_image_url_https":"https://abs.twimg.com/images/themes/theme1/bg.png","verified":false,"profile_location":null,"profile_image_url_https":"https://pbs.twimg.com/profile_images/500206452145782788/5-vWudEf_normal.jpeg","profile_sidebar_fill_color":"DDEEF6","entities":{"description":{"urls":[]}},"followers_count":59,"profile_sidebar_border_color":"C0DEED","id_str":"2734020596","profile_background_color":"C0DEED","listed_count":0,"is_translation_enabled":false,"utc_offset":null,"statuses_count":992,"description":"When you stop learning, you stop living.","friends_count":843,"location":"","profile_link_color":"0084B4","profile_image_url":"http://pbs.twimg.com/profile_images/500206452145782788/5-vWudEf_normal.jpeg","following":false,"geo_enabled":false,"profile_background_image_url":"http://abs.twimg.com/images/themes/theme1/bg.png","name":"JW Cousineau","lang":"en","profile_background_tile":false,"favourites_count":27,"screen_name":"canadainfonow","notifications":false,"url":null,"created_at":"Fri Aug 15 08:45:33 +0000 2014","contributors_enabled":false,"time_zone":null,"protected":false,"default_profile":true,"is_translator":false},"geo":null,"in_reply_to_user_id_str":"9609632","possibly_sensitive":false,"lang":"en","created_at":"Mon Dec 15 05:40:29 +0000 2014","in_reply_to_status_id_str":"544350087020019712","place":null,"extended_entities":{"media":[{"expanded_url":"http://twitter.com/canadainfonow/status/544366363142156288/photo/1","display_url":"pic.twitter.com/D8ul3vxu3w","url":"http://t.co/D8ul3vxu3w","media_url_https":"https://pbs.twimg.com/media/B436UowCIAAlHog.jpg","id_str":"544366362424909824","sizes":{"small":{"h":280,"resize":"fit","w":280},"large":{"h":280,"resize":"fit","w":280},"medium":{"h":280,"resize":"fit","w":280},"thumb":{"h":150,"resize":"crop","w":150}},"indices":[93,115],"type":"photo","id":544366362424909824,"media_url":"http://pbs.twimg.com/media/B436UowCIAAlHog.jpg"}]}},
{"contributors":null,"truncated":false,"text":"@australian That's awsm how that swat guy is prepared with a mattress on his back so he can sleep anywhere anytime. Very smart.","in_reply_to_status_id":544350087020019712,"id":544373748057387008,"favorite_count":0,"source":"<a href=\"http://twitter.com/download/android\" rel=\"nofollow\">Twitter for Android</a>","retweeted":false,"coordinates":null,"entities":{"symbols":[],"user_mentions":[{"id":9609632,"indices":[0,11],"id_str":"9609632","screen_name":"australian","name":"The Australian"}],"hashtags":[],"urls":[]},"in_reply_to_screen_name":"australian","id_str":"544373748057387008","retweet_count":0,"in_reply_to_user_id":9609632,"favorited":false,"user":{"follow_request_sent":false,"profile_use_background_image":true,"profile_text_color":"333333","default_profile_image":false,"id":325044007,"profile_background_image_url_https":"https://pbs.twimg.com/profile_background_images/783681910/f3a46f1a7e56527dc22a0d0003e23578.jpeg","verified":false,"profile_location":null,"profile_image_url_https":"https://pbs.twimg.com/profile_images/378800000583481095/229e4beaee2e8cad88afdb347c68a283_normal.jpeg","profile_sidebar_fill_color":"DDEEF6","entities":{"description":{"urls":[]}},"followers_count":107,"profile_sidebar_border_color":"000000","id_str":"325044007","profile_background_color":"352726","listed_count":1,"is_translation_enabled":false,"utc_offset":37800,"statuses_count":10098,"description":"Human Bean. Almighty Twonk. Generally Fed Up.","friends_count":214,"location":"Adelaide, Australia","profile_link_color":"D02B55","profile_image_url":"http://pbs.twimg.com/profile_images/378800000583481095/229e4beaee2e8cad88afdb347c68a283_normal.jpeg","following":false,"geo_enabled":false,"profile_banner_url":"https://pbs.twimg.com/profile_banners/325044007/1379848256","profile_background_image_url":"http://pbs.twimg.com/profile_background_images/783681910/f3a46f1a7e56527dc22a0d0003e23578.jpeg","name":"Madbrain Rudesby","lang":"en","profile_background_tile":true,"favourites_count":5005,"screen_name":"Kaptain_Kaos","notifications":false,"url":null,"created_at":"Mon Jun 27 17:02:56 +0000 2011","contributors_enabled":false,"time_zone":"Adelaide","protected":false,"default_profile":false,"is_translator":false},"geo":null,"in_reply_to_user_id_str":"9609632","lang":"en","created_at":"Mon Dec 15 06:09:50 +0000 2014","in_reply_to_status_id_str":"544350087020019712","place":null},
{"contributors":null,"truncated":false,"text":"@usaproudone @australian prayer and belief in supernatural bullshit. That's the reason we're at this place","in_reply_to_status_id":544352996755505152,"id":544399768407904256,"favorite_count":0,"source":"<a href=\"http://twitter.com/download/iphone\" rel=\"nofollow\">Twitter for iPhone</a>","retweeted":false,"coordinates":null,"entities":{"symbols":[],"user_mentions":[{"id":66525934,"indices":[0,12],"id_str":"66525934","screen_name":"usaproudone","name":"judy "},{"id":9609632,"indices":[13,24],"id_str":"9609632","screen_name":"australian","name":"The Australian"}],"hashtags":[],"urls":[]},"in_reply_to_screen_name":"usaproudone","id_str":"544399768407904256","retweet_count":0,"in_reply_to_user_id":66525934,"favorited":false,"user":{"follow_request_sent":false,"profile_use_background_image":true,"profile_text_color":"333333","default_profile_image":false,"id":19519479,"profile_background_image_url_https":"https://abs.twimg.com/images/themes/theme1/bg.png","verified":false,"profile_location":null,"profile_image_url_https":"https://pbs.twimg.com/profile_images/515782703/steve_from_sth_park_normal.jpg","profile_sidebar_fill_color":"DDEEF6","entities":{"description":{"urls":[]}},"followers_count":23,"profile_sidebar_border_color":"C0DEED","id_str":"19519479","profile_background_color":"C0DEED","listed_count":1,"is_translation_enabled":false,"utc_offset":39600,"statuses_count":183,"description":"medico, tech head, family man, atheist, eat em alive","friends_count":193,"location":"the land downunder","profile_link_color":"0084B4","profile_image_url":"http://pbs.twimg.com/profile_images/515782703/steve_from_sth_park_normal.jpg","following":false,"geo_enabled":false,"profile_banner_url":"https://pbs.twimg.com/profile_banners/19519479/1355286450","profile_background_image_url":"http://abs.twimg.com/images/themes/theme1/bg.png","name":"steve gost","lang":"en","profile_background_tile":false,"favourites_count":1240,"screen_name":"gosty","notifications":false,"url":null,"created_at":"Mon Jan 26 03:59:07 +0000 2009","contributors_enabled":false,"time_zone":"Melbourne","protected":false,"default_profile":true,"is_translator":false},"geo":null,"in_reply_to_user_id_str":"66525934","lang":"en","created_at":"Mon Dec 15 07:53:13 +0000 2014","in_reply_to_status_id_str":"544352996755505152","place":null}
]