[{"contributors":null,"truncated":false,"text":"@theheraldsun @JammieWF WATERBOARD IT!!!","in_reply_to_status_id":544301900682629121,"id":544302588649144320,"favorite_count":1,"source":"<a href=\"http://twitter.com\" rel=\"nofollow\">Twitter Web Client</a>","retweeted":false,"coordinates":null,"entities":{"symbols":[],"user_mentions":[{"id":35466620,"indices":[0,13],"id_str":"35466620","screen_name":"theheraldsun","name":"Herald Sun"},{"id":24923175,"indices":[14,23],"id_str":"24923175","screen_name":"JammieWF","name":"JWF"}],"hashtags":[],"urls":[]},"in_reply_to_screen_name":"theheraldsun","id_str":"544302588649144320","retweet_count":0,"in_reply_to_user_id":35466620,"favorited":false,"user":{"follow_request_sent":false,"profile_use_background_image":true,"profile_text_color":"3C3940","default_profile_image":false,"id":205112845,"profile_background_image_url_https":"https://abs.twimg.com/images/themes/theme4/bg.gif","verified":false,"profile_location":null,"profile_image_url_https":"https://pbs.twimg.com/profile_images/378800000520744926/cc4e797392998d6cb23601eacdcda2f4_normal.jpeg","profile_sidebar_fill_color":"95E8EC","entities":{"url":{"urls":[{"url":"http://t.co/xTBq1Ir1RF","indices":[0,22],"expanded_url":"http://www.razorsharpclaws.com","display_url":"razorsharpclaws.com"}]},"description":{"urls":[]}},"followers_count":28,"profile_sidebar_border_color":"5ED4DC","id_str":"205112845","profile_background_color":"0099B9","listed_count":0,"is_translation_enabled":false,"utc_offset":-28800,"statuses_count":1105,"description":"Republican!","friends_count":70,"location":"America","profile_link_color":"0099B9","profile_image_url":"http://pbs.twimg.com/profile_images/378800000520744926/cc4e797392998d6cb23601eacdcda2f4_normal.jpeg","following":false,"geo_enabled":false,"profile_background_image_url":"http://abs.twimg.com/images/themes/theme4/bg.gif","name":"dcat","lang":"en","profile_background_tile":false,"favourites_count":207,"screen_name":"1dcat","notifications":false,"url":"http://t.co/xTBq1Ir1RF","created_at":"Wed Oct 20 05:21:25 +0000 2010","contributors_enabled":false,"time_zone":"Pacific Time (US & Canada)","protected":false,"default_profile":false,"is_translator":false},"geo":null,"in_reply_to_user_id_str":"35466620","lang":"en","created_at":"Mon Dec 15 01:27:04 +0000 2014","in_reply_to_status_id_str":"544301900682629121","place":null},
{"contributors":null,"truncated":false,"text":"“@theheraldsun: Police take down suspect in #MartinPlace. Unclear whether related to siege http://t.co/PWh4JmDKyN http://t.co/qUPqNdIIib”","in_reply_to_status_id":544301900682629121,"id":544302874914590720,"favorite_count":0,"source":"<a href=\"http://twitter.com/#!/download/ipad\" rel=\"nofollow\">Twitter for iPad</a>","retweeted":false,"coordinates":null,"entities":{"symbols":[],"user_mentions":[{"id":35466620,"indices":[1,14],"id_str":"35466620","screen_name":"theheraldsun","name":"Herald Sun"}],"hashtags":[{"indices":[44,56],"text":"MartinPlace"}],"urls":[{"url":"http://t.co/PWh4JmDKyN","indices":[91,113],"expanded_url":"http://bit.ly/1yPboNw","display_url":"bit.ly/1yPboNw"}],"media":[{"source_user_id":35466620,"source_status_id_str":"544301900682629121","expanded_url":"http://twitter.com/theheraldsun/status/544301900682629121/photo/1","display_url":"pic.twitter.com/qUPqNdIIib","url":"http://t.co/qUPqNdIIib","media_url_https":"https://pbs.twimg.com/media/B42_ijVCMAEc_F_.jpg","source_user_id_str":"35466620","source_status_id":544301900682629121,"id_str":"544301730301620225","sizes":{"small":{"h":453,"resize":"fit","w":340},"large":{"h":640,"resize":"fit","w":480},"medium":{"h":640,"resize":"fit","w":480},"thumb":{"h":150,"resize":"crop","w":150}},"indices":[114,136],"type":"photo","id":544301730301620225,"media_url":"http://pbs.twimg.com/media/B42_ijVCMAEc_F_.jpg"}]},"in_reply_to_screen_name":"theheraldsun","id_str":"544302874914590720","retweet_count":1,"in_reply_to_user_id":35466620,"favorited":false,"user":{"follow_request_sent":false,"profile_use_background_image":true,"profile_text_color":"333333","default_profile_image":false,"id":508316850,"profile_background_image_url_https":"https://abs.twimg.com/images/themes/theme1/bg.png","verified":false,"profile_location":null,"profile_image_url_https":"https://pbs.twimg.com/profile_images/534330805879726080/EFrHnZ8__normal.jpeg","profile_sidebar_fill_color":"DDEEF6","entities":{"description":{"urls":[{"url":"http://t.co/SQUm9v7G7I","indices":[88,110],"expanded_url":"http://www.sarahbassettonline.blogspot.com","display_url":"sarahbassettonline.blogspot.com"}]}},"followers_count":354,"profile_sidebar_border_color":"C0DEED","id_str":"508316850","profile_background_color":"C0DEED","listed_count":5,"is_translation_enabled":false,"utc_offset":36000,"statuses_count":1751,"description":"National Radio News Cadet. Second year Journalist at Charles Sturt University Bathurst. http://t.co/SQUm9v7G7I - Views are my own.","friends_count":857,"location":"Sydney/Bathurst","profile_link_color":"0084B4","profile_image_url":"http://pbs.twimg.com/profile_images/534330805879726080/EFrHnZ8__normal.jpeg","following":false,"geo_enabled":false,"profile_banner_url":"https://pbs.twimg.com/profile_banners/508316850/1369138080","profile_background_image_url":"http://abs.twimg.com/images/themes/theme1/bg.png","name":"Sarah Bassett","lang":"en","profile_background_tile":false,"favourites_count":769,"screen_name":"TheSarahBassett","notifications":false,"url":null,"created_at":"Wed Feb 29 03:33:02 +0000 2012","contributors_enabled":false,"time_zone":"Brisbane","protected":false,"default_profile":true,"is_translator":false},"geo":null,"in_reply_to_user_id_str":"35466620","possibly_sensitive":false,"lang":"en","created_at":"Mon Dec 15 01:28:12 +0000 2014","in_reply_to_status_id_str":"544301900682629121","place":null,"extended_entities":{"media":[{"source_user_id":35466620,"source_status_id_str":"544301900682629121","expanded_url":"http://twitter.com/theheraldsun/status/544301900682629121/photo/1","display_url":"pic.twitter.com/qUPqNdIIib","url":"http://t.co/qUPqNdIIib","media_url_https":"https://pbs.twimg.com/media/B42_ijVCMAEc_F_.jpg","source_user_id_str":"35466620","source_status_id":544301900682629121,"id_str":"544301730301620225","sizes":{"small":{"h":453,"resize":"fit","w":340},"large":{"h":640,"resize":"fit","w":480},"medium":{"h":640,"resize":"fit","w":480},"thumb":{"h":150,"resize":"crop","w":150}},"indices":[114,136],"type":"photo","id":544301730301620225,"media_url":"http://pbs.twimg.com/media/B42_ijVCMAEc_F_.jpg"}]}},
{"contributors":null,"truncated":false,"text":"@theheraldsun @TzviZucker Apparently he is just a homeless man. Unfortunately the siege continues","in_reply_to_status_id":544301900682629121,"id":544302956498407424,"favorite_count":0,"source":"<a href=\"http://twitter.com/download/iphone\" rel=\"nofollow\">Twitter for iPhone</a>","retweeted":false,"coordinates":null,"entities":{"symbols":[],"user_mentions":[{"id":35466620,"indices":[0,13],"id_str":"35466620","screen_name":"theheraldsun","name":"Herald Sun"},{"id":178966335,"indices":[14,25],"id_str":"178966335","screen_name":"TzviZucker","name":"Tzvi Zucker"}],"hashtags":[],"urls":[]},"in_reply_to_screen_name":"theheraldsun","id_str":"544302956498407424","retweet_count":1,"in_reply_to_user_id":35466620,"favorited":false,"user":{"follow_request_sent":false,"profile_use_background_image":true,"profile_text_color":"333333","default_profile_image":false,"id":253148061,"profile_background_image_url_https":"https://abs.twimg.com/images/themes/theme1/bg.png","verified":false,"profile_location":null,"profile_image_url_https":"https://pbs.twimg.com/profile_images/562054344120741889/-LfOHp1j_normal.jpeg","profile_sidebar_fill_color":"DDEEF6","entities":{"description":{"urls":[]}},"followers_count":5819,"profile_sidebar_border_color":"C0DEED","id_str":"253148061","profile_background_color":"C0DEED","listed_count":5,"is_translation_enabled":false,"utc_offset":null,"statuses_count":8150,"description":"❤️Arsenal,Wife/Kids in reverse order Sun Sea and....","friends_count":441,"location":"London","profile_link_color":"0084B4","profile_image_url":"http://pbs.twimg.com/profile_images/562054344120741889/-LfOHp1j_normal.jpeg","following":false,"geo_enabled":false,"profile_banner_url":"https://pbs.twimg.com/profile_banners/253148061/1405646829","profile_background_image_url":"http://abs.twimg.com/images/themes/theme1/bg.png","name":"Sam","lang":"en","profile_background_tile":false,"favourites_count":1056,"screen_name":"elsamys","notifications":false,"url":null,"created_at":"Wed Feb 16 17:11:58 +0000 2011","contributors_enabled":false,"time_zone":null,"protected":false,"default_profile":true,"is_translator":false},"geo":null,"in_reply_to_user_id_str":"35466620","lang":"en","created_at":"Mon Dec 15 01:28:32 +0000 2014","in_reply_to_status_id_str":"544301900682629121","place":null},
{"contributors":null,"truncated":false,"text":"Via \"@theheraldsun: Police take down suspect in #MartinPlace. Unclear whether related to siege  #Sydney http://t.co/yAbdl6A4jz\"","in_reply_to_status_id":544301900682629121,"id":544303077075849216,"favorite_count":1,"source":"<a href=\"http://www.twitter.com\" rel=\"nofollow\">Twitter for Windows Phone</a>","retweeted":false,"coordinates":null,"entities":{"symbols":[],"user_mentions":[{"id":35466620,"indices":[5,18],"id_str":"35466620","screen_name":"theheraldsun","name":"Herald Sun"}],"hashtags":[{"indices":[48,60],"text":"MartinPlace"},{"indices":[96,103],"text":"Sydney"}],"urls":[],"media":[{"source_user_id":35466620,"source_status_id_str":"544301900682629121","expanded_url":"http://twitter.com/theheraldsun/status/544301900682629121/photo/1","display_url":"pic.twitter.com/yAbdl6A4jz","url":"http://t.co/yAbdl6A4jz","media_url_https":"https://pbs.twimg.com/media/B42_ijVCMAEc_F_.jpg","source_user_id_str":"35466620","source_status_id":544301900682629121,"id_str":"544301730301620225","sizes":{"small":{"h":453,"resize":"fit","w":340},"large":{"h":640,"resize":"fit","w":480},"medium":{"h":640,"resize":"fit","w":480},"thumb":{"h":150,"resize":"crop","w":150}},"indices":[104,126],"type":"photo","id":544301730301620225,"media_url":"http://pbs.twimg.com/media/B42_ijVCMAEc_F_.jpg"}]},"in_reply_to_screen_name":"theheraldsun","id_str":"544303077075849216","retweet_count":3,"in_reply_to_user_id":35466620,"favorited":false,"user":{"follow_request_sent":false,"profile_use_background_image":true,"profile_text_color":"333333","default_profile_image":false,"id":2601118704,"profile_background_image_url_https":"https://pbs.twimg.com/profile_background_images/506282291883024385/HQEUBtFq.jpeg","verified":false,"profile_location":null,"profile_image_url_https":"https://pbs.twimg.com/profile_images/511360538433974272/gqntdSOE_normal.jpeg","profile_sidebar_fill_color":"DDEEF6","entities":{"url":{"urls":[{"url":"http://t.co/HMbGcg0yrc","indices":[0,22],"expanded_url":"http://samajayathebook.wordpress.com/","display_url":"samajayathebook.wordpress.com"}]},"description":{"urls":[]}},"followers_count":1710,"profile_sidebar_border_color":"FFFFFF","id_str":"2601118704","profile_background_color":"131516","listed_count":32,"is_translation_enabled":false,"utc_offset":null,"statuses_count":26140,"description":"MWD breeder #RollTide  #Catholic #Zionist #PoliceLivesMatter  #BuiltByBama #TeaParty #2A #HonorChrisKyle #ImpeachObama  #StandWithIsrael","friends_count":1993,"location":"Owens Cross Roads AL","profile_link_color":"009999","profile_image_url":"http://pbs.twimg.com/profile_images/511360538433974272/gqntdSOE_normal.jpeg","following":false,"geo_enabled":false,"profile_banner_url":"https://pbs.twimg.com/profile_banners/2601118704/1418185243","profile_background_image_url":"http://pbs.twimg.com/profile_background_images/506282291883024385/HQEUBtFq.jpeg","name":"Asoka","lang":"en","profile_background_tile":false,"favourites_count":10956,"screen_name":"DAJSamarasinghe","notifications":false,"url":"http://t.co/HMbGcg0yrc","created_at":"Thu Jul 03 06:16:32 +0000 2014","contributors_enabled":false,"time_zone":null,"protected":false,"default_profile":false,"is_translator":false},"geo":null,"in_reply_to_user_id_str":"35466620","possibly_sensitive":false,"lang":"en","created_at":"Mon Dec 15 01:29:00 +0000 2014","in_reply_to_status_id_str":"544301900682629121","place":null,"extended_entities":{"media":[{"source_user_id":35466620,"source_status_id_str":"544301900682629121","expanded_url":"http://twitter.com/theheraldsun/status/544301900682629121/photo/1","display_url":"pic.twitter.com/yAbdl6A4jz","url":"http://t.co/yAbdl6A4jz","media_url_https":"https://pbs.twimg.com/media/B42_ijVCMAEc_F_.jpg","source_user_id_str":"35466620","source_status_id":544301900682629121,"id_str":"544301730301620225","sizes":{"small":{"h":453,"resize":"fit","w":340},"large":{"h":640,"resize":"fit","w":480},"medium":{"h":640,"resize":"fit","w":480},"thumb":{"h":150,"resize":"crop","w":150}},"indices":[104,126],"type":"photo","id":544301730301620225,"media_url":"http://pbs.twimg.com/media/B42_ijVCMAEc_F_.jpg"}]}},
{"contributors":null,"truncated":false,"text":"This specimen needs to be administered some EIT @theheraldsun","in_reply_to_status_id":544301900682629121,"id":544303265458831360,"favorite_count":0,"source":"<a href=\"http://www.twitter.com\" rel=\"nofollow\">Twitter for Windows Phone</a>","retweeted":false,"coordinates":null,"entities":{"symbols":[],"user_mentions":[{"id":35466620,"indices":[48,61],"id_str":"35466620","screen_name":"theheraldsun","name":"Herald Sun"}],"hashtags":[],"urls":[]},"in_reply_to_screen_name":"theheraldsun","id_str":"544303265458831360","retweet_count":0,"in_reply_to_user_id":35466620,"favorited":false,"user":{"follow_request_sent":false,"profile_use_background_image":true,"profile_text_color":"333333","default_profile_image":false,"id":2601118704,"profile_background_image_url_https":"https://pbs.twimg.com/profile_background_images/506282291883024385/HQEUBtFq.jpeg","verified":false,"profile_location":null,"profile_image_url_https":"https://pbs.twimg.com/profile_images/511360538433974272/gqntdSOE_normal.jpeg","profile_sidebar_fill_color":"DDEEF6","entities":{"url":{"urls":[{"url":"http://t.co/HMbGcg0yrc","indices":[0,22],"expanded_url":"http://samajayathebook.wordpress.com/","display_url":"samajayathebook.wordpress.com"}]},"description":{"urls":[]}},"followers_count":1710,"profile_sidebar_border_color":"FFFFFF","id_str":"2601118704","profile_background_color":"131516","listed_count":32,"is_translation_enabled":false,"utc_offset":null,"statuses_count":26140,"description":"MWD breeder #RollTide  #Catholic #Zionist #PoliceLivesMatter  #BuiltByBama #TeaParty #2A #HonorChrisKyle #ImpeachObama  #StandWithIsrael","friends_count":1993,"location":"Owens Cross Roads AL","profile_link_color":"009999","profile_image_url":"http://pbs.twimg.com/profile_images/511360538433974272/gqntdSOE_normal.jpeg","following":false,"geo_enabled":false,"profile_banner_url":"https://pbs.twimg.com/profile_banners/2601118704/1418185243","profile_background_image_url":"http://pbs.twimg.com/profile_background_images/506282291883024385/HQEUBtFq.jpeg","name":"Asoka","lang":"en","profile_background_tile":false,"favourites_count":10956,"screen_name":"DAJSamarasinghe","notifications":false,"url":"http://t.co/HMbGcg0yrc","created_at":"Thu Jul 03 06:16:32 +0000 2014","contributors_enabled":false,"time_zone":null,"protected":false,"default_profile":false,"is_translator":false},"geo":null,"in_reply_to_user_id_str":"35466620","lang":"en","created_at":"Mon Dec 15 01:29:45 +0000 2014","in_reply_to_status_id_str":"544301900682629121","place":null},
{"contributors":null,"truncated":false,"text":"@theheraldsun @David_Speers That is an promotional @Australian_Navy baseball cap...","in_reply_to_status_id":544301900682629121,"id":544303280789000192,"favorite_count":0,"source":"<a href=\"http://twitter.com\" rel=\"nofollow\">Twitter Web Client</a>","retweeted":false,"coordinates":null,"entities":{"symbols":[],"user_mentions":[{"id":35466620,"indices":[0,13],"id_str":"35466620","screen_name":"theheraldsun","name":"Herald Sun"},{"id":46260680,"indices":[14,27],"id_str":"46260680","screen_name":"David_Speers","name":"David Speers"},{"id":63999908,"indices":[51,67],"id_str":"63999908","screen_name":"Australian_Navy","name":"RoyalAustralianNavy"}],"hashtags":[],"urls":[]},"in_reply_to_screen_name":"theheraldsun","id_str":"544303280789000192","retweet_count":0,"in_reply_to_user_id":35466620,"favorited":false,"user":{"follow_request_sent":false,"profile_use_background_image":true,"profile_text_color":"333333","default_profile_image":false,"id":2426855263,"profile_background_image_url_https":"https://abs.twimg.com/images/themes/theme1/bg.png","verified":false,"profile_location":null,"profile_image_url_https":"https://pbs.twimg.com/profile_images/451985881641938944/uFv2egDY_normal.jpeg","profile_sidebar_fill_color":"DDEEF6","entities":{"description":{"urls":[]}},"followers_count":87,"profile_sidebar_border_color":"C0DEED","id_str":"2426855263","profile_background_color":"C0DEED","listed_count":1,"is_translation_enabled":false,"utc_offset":null,"statuses_count":3255,"description":"Irritating blogtivist/tweep","friends_count":283,"location":"Australia","profile_link_color":"0084B4","profile_image_url":"http://pbs.twimg.com/profile_images/451985881641938944/uFv2egDY_normal.jpeg","following":false,"geo_enabled":false,"profile_banner_url":"https://pbs.twimg.com/profile_banners/2426855263/1396596522","profile_background_image_url":"http://abs.twimg.com/images/themes/theme1/bg.png","name":"fencedthoughts","lang":"en-gb","profile_background_tile":false,"favourites_count":2217,"screen_name":"fencedthoughts","notifications":false,"url":null,"created_at":"Fri Apr 04 07:18:05 +0000 2014","contributors_enabled":false,"time_zone":null,"protected":false,"default_profile":true,"is_translator":false},"geo":null,"in_reply_to_user_id_str":"35466620","lang":"en","created_at":"Mon Dec 15 01:29:49 +0000 2014","in_reply_to_status_id_str":"544301900682629121","place":null},
{"contributors":null,"truncated":false,"text":"@theheraldsun Yeah homeless guy prbly.","in_reply_to_status_id":544301900682629121,"id":544303319330455552,"favorite_count":0,"source":"<a href=\"https://twitter.com/download/android\" rel=\"nofollow\">Twitter for Android Tablets</a>","retweeted":false,"coordinates":null,"entities":{"symbols":[],"user_mentions":[{"id":35466620,"indices":[0,13],"id_str":"35466620","screen_name":"theheraldsun","name":"Herald Sun"}],"hashtags":[],"urls":[]},"in_reply_to_screen_name":"theheraldsun","id_str":"544303319330455552","retweet_count":0,"in_reply_to_user_id":35466620,"favorited":false,"user":{"follow_request_sent":false,"profile_use_background_image":true,"profile_text_color":"333333","default_profile_image":false,"id":892197414,"profile_background_image_url_https":"https://abs.twimg.com/images/themes/theme9/bg.gif","verified":false,"profile_location":null,"profile_image_url_https":"https://pbs.twimg.com/profile_images/488714690621489152/p_Da3H99_normal.jpeg","profile_sidebar_fill_color":"DDEEF6","entities":{"description":{"urls":[]}},"followers_count":265,"profile_sidebar_border_color":"FFFFFF","id_str":"892197414","profile_background_color":"1A1B1F","listed_count":6,"is_translation_enabled":false,"utc_offset":-28800,"statuses_count":20265,"description":"Actor/Magnificent Madman Extraordinaire","friends_count":2001,"location":"Vahalla","profile_link_color":"BACACF","profile_image_url":"http://pbs.twimg.com/profile_images/488714690621489152/p_Da3H99_normal.jpeg","following":false,"geo_enabled":true,"profile_banner_url":"https://pbs.twimg.com/profile_banners/892197414/1406460809","profile_background_image_url":"http://abs.twimg.com/images/themes/theme9/bg.gif","name":"Blake X.","lang":"en","profile_background_tile":false,"favourites_count":10333,"screen_name":"BlakeX10","notifications":false,"url":null,"created_at":"Sat Oct 20 01:25:22 +0000 2012","contributors_enabled":false,"time_zone":"Pacific Time (US & Canada)","protected":false,"default_profile":false,"is_translator":false},"geo":null,"in_reply_to_user_id_str":"35466620","lang":"en","created_at":"Mon Dec 15 01:29:58 +0000 2014","in_reply_to_status_id_str":"544301900682629121","place":null},
{"contributors":null,"truncated":false,"text":"@theheraldsun @JammieWF  Looks like a pack of smokes.....  Where's the Reverend Al..........????","in_reply_to_status_id":544301900682629121,"id":544303656255102976,"favorite_count":0,"source":"<a href=\"http://twitter.com\" rel=\"nofollow\">Twitter Web Client</a>","retweeted":false,"coordinates":null,"entities":{"symbols":[],"user_mentions":[{"id":35466620,"indices":[0,13],"id_str":"35466620","screen_name":"theheraldsun","name":"Herald Sun"},{"id":24923175,"indices":[14,23],"id_str":"24923175","screen_name":"JammieWF","name":"JWF"}],"hashtags":[],"urls":[]},"in_reply_to_screen_name":"theheraldsun","id_str":"544303656255102976","retweet_count":0,"in_reply_to_user_id":35466620,"favorited":false,"user":{"follow_request_sent":false,"profile_use_background_image":true,"profile_text_color":"666666","default_profile_image":false,"id":958439773,"profile_background_image_url_https":"https://abs.twimg.com/images/themes/theme9/bg.gif","verified":false,"profile_location":null,"profile_image_url_https":"https://pbs.twimg.com/profile_images/3117383300/ba3394542d4204f9dad9f1063471081c_normal.jpeg","profile_sidebar_fill_color":"252429","entities":{"description":{"urls":[]}},"followers_count":96,"profile_sidebar_border_color":"181A1E","id_str":"958439773","profile_background_color":"1A1B1F","listed_count":1,"is_translation_enabled":false,"utc_offset":-18000,"statuses_count":2409,"description":"","friends_count":342,"location":"Parts Unknown","profile_link_color":"2FC2EF","profile_image_url":"http://pbs.twimg.com/profile_images/3117383300/ba3394542d4204f9dad9f1063471081c_normal.jpeg","following":false,"geo_enabled":false,"profile_background_image_url":"http://abs.twimg.com/images/themes/theme9/bg.gif","name":"Secret Squirrel","lang":"en","profile_background_tile":false,"favourites_count":74,"screen_name":"SecritSqrl","notifications":false,"url":null,"created_at":"Mon Nov 19 20:24:41 +0000 2012","contributors_enabled":false,"time_zone":"Eastern Time (US & Canada)","protected":false,"default_profile":false,"is_translator":false},"geo":null,"in_reply_to_user_id_str":"35466620","lang":"en","created_at":"Mon Dec 15 01:31:18 +0000 2014","in_reply_to_status_id_str":"544301900682629121","place":null},
{"contributors":null,"truncated":false,"text":".@theheraldsun strange that photo isn't in your report","in_reply_to_status_id":544301900682629121,"id":544303665855492097,"favorite_count":2,"source":"<a href=\"https://about.twitter.com/products/tweetdeck\" rel=\"nofollow\">TweetDeck</a>","retweeted":false,"coordinates":null,"entities":{"symbols":[],"user_mentions":[{"id":35466620,"indices":[1,14],"id_str":"35466620","screen_name":"theheraldsun","name":"Herald Sun"}],"hashtags":[],"urls":[]},"in_reply_to_screen_name":"theheraldsun","id_str":"544303665855492097","retweet_count":0,"in_reply_to_user_id":35466620,"favorited":false,"user":{"follow_request_sent":false,"profile_use_background_image":true,"profile_text_color":"666666","default_profile_image":false,"id":21055261,"profile_background_image_url_https":"https://abs.twimg.com/images/themes/theme2/bg.gif","verified":true,"profile_location":null,"profile_image_url_https":"https://pbs.twimg.com/profile_images/566502952630620160/d3KGPkJO_normal.jpeg","profile_sidebar_fill_color":"252429","entities":{"url":{"urls":[{"url":"http://t.co/JGuDSPeexi","indices":[0,22],"expanded_url":"http://www.crikey.com.au","display_url":"crikey.com.au"}]},"description":{"urls":[]}},"followers_count":39185,"profile_sidebar_border_color":"181A1E","id_str":"21055261","profile_background_color":"1A1B1F","listed_count":1256,"is_translation_enabled":false,"utc_offset":39600,"statuses_count":75185,"description":"Alleged Crikey politics editor \r\nOccasionally sarcastic","friends_count":650,"location":"Canberra","profile_link_color":"2FC2EF","profile_image_url":"http://pbs.twimg.com/profile_images/566502952630620160/d3KGPkJO_normal.jpeg","following":false,"geo_enabled":false,"profile_banner_url":"https://pbs.twimg.com/profile_banners/21055261/1356002435","profile_background_image_url":"http://abs.twimg.com/images/themes/theme2/bg.gif","name":"Bernard Keane","lang":"en","profile_background_tile":true,"favourites_count":43,"screen_name":"BernardKeane","notifications":false,"url":"http://t.co/JGuDSPeexi","created_at":"Tue Feb 17 02:13:19 +0000 2009","contributors_enabled":false,"time_zone":"Canberra","protected":false,"default_profile":false,"is_translator":false},"geo":null,"in_reply_to_user_id_str":"35466620","lang":"en","created_at":"Mon Dec 15 01:31:21 +0000 2014","in_reply_to_status_id_str":"544301900682629121","place":null},
{"contributors":null,"truncated":false,"text":"@DAJSamarasinghe @theheraldsun @mikecane how do they manage to arrest these guys without killing them first?","in_reply_to_status_id":544303077075849216,"id":544303675532140544,"favorite_count":1,"source":"<a href=\"https://about.twitter.com/products/tweetdeck\" rel=\"nofollow\">TweetDeck</a>","retweeted":false,"coordinates":null,"entities":{"symbols":[],"user_mentions":[{"id":2601118704,"indices":[0,16],"id_str":"2601118704","screen_name":"DAJSamarasinghe","name":"Asoka"},{"id":35466620,"indices":[17,30],"id_str":"35466620","screen_name":"theheraldsun","name":"Herald Sun"},{"id":15650210,"indices":[31,40],"id_str":"15650210","screen_name":"mikecane","name":"Mike Cane"}],"hashtags":[],"urls":[]},"in_reply_to_screen_name":"DAJSamarasinghe","id_str":"544303675532140544","retweet_count":1,"in_reply_to_user_id":2601118704,"favorited":false,"user":{"follow_request_sent":false,"profile_use_background_image":true,"profile_text_color":"666666","default_profile_image":false,"id":42730704,"profile_background_image_url_https":"https://abs.twimg.com/images/themes/theme9/bg.gif","verified":false,"profile_location":null,"profile_image_url_https":"https://pbs.twimg.com/profile_images/1097934960/27475_618727977_5750_n_1__normal.jpg","profile_sidebar_fill_color":"252429","entities":{"url":{"urls":[{"url":"http://t.co/WZPrE65hIU","indices":[0,22],"expanded_url":"http://www.ericbla.de/","display_url":"ericbla.de"}]},"description":{"urls":[]}},"followers_count":765,"profile_sidebar_border_color":"181A1E","id_str":"42730704","profile_background_color":"1A1B1F","listed_count":30,"is_translation_enabled":false,"utc_offset":-18000,"statuses_count":20442,"description":"webOS developer, Game programmer, Poker player, Bassist, former retail manager","friends_count":784,"location":"Michigan","profile_link_color":"2FC2EF","profile_image_url":"http://pbs.twimg.com/profile_images/1097934960/27475_618727977_5750_n_1__normal.jpg","following":false,"geo_enabled":false,"profile_background_image_url":"http://abs.twimg.com/images/themes/theme9/bg.gif","name":"Eric B","lang":"en","profile_background_tile":false,"favourites_count":133,"screen_name":"ekdikeo","notifications":false,"url":"http://t.co/WZPrE65hIU","created_at":"Tue May 26 21:45:04 +0000 2009","contributors_enabled":false,"time_zone":"Eastern Time (US & Canada)","protected":false,"default_profile":false,"is_translator":false},"geo":null,"in_reply_to_user_id_str":"2601118704","lang":"en","created_at":"Mon Dec 15 01:31:23 +0000 2014","in_reply_to_status_id_str":"544303077075849216","place":null},
{"contributors":null,"truncated":false,"text":"@theheraldsun typical smoker","in_reply_to_status_id":544301900682629121,"id":544303943132524545,"favorite_count":0,"source":"<a href=\"http://twitter.com/download/iphone\" rel=\"nofollow\">Twitter for iPhone</a>","retweeted":false,"coordinates":null,"entities":{"symbols":[],"user_mentions":[{"id":35466620,"indices":[0,13],"id_str":"35466620","screen_name":"theheraldsun","name":"Herald Sun"}],"hashtags":[],"urls":[]},"in_reply_to_screen_name":"theheraldsun","id_str":"544303943132524545","retweet_count":0,"in_reply_to_user_id":35466620,"favorited":false,"user":{"follow_request_sent":false,"profile_use_background_image":true,"profile_text_color":"333333","default_profile_image":false,"id":1223839332,"profile_background_image_url_https":"https://abs.twimg.com/images/themes/theme1/bg.png","verified":false,"profile_location":null,"profile_image_url_https":"https://pbs.twimg.com/profile_images/3318924313/37a3f7898fd31d31bea300feb1b820e3_normal.jpeg","profile_sidebar_fill_color":"DDEEF6","entities":{"description":{"urls":[]}},"followers_count":21,"profile_sidebar_border_color":"C0DEED","id_str":"1223839332","profile_background_color":"C0DEED","listed_count":0,"is_translation_enabled":false,"utc_offset":null,"statuses_count":205,"description":"","friends_count":35,"location":"","profile_link_color":"0084B4","profile_image_url":"http://pbs.twimg.com/profile_images/3318924313/37a3f7898fd31d31bea300feb1b820e3_normal.jpeg","following":false,"geo_enabled":false,"profile_banner_url":"https://pbs.twimg.com/profile_banners/1223839332/1400756442","profile_background_image_url":"http://abs.twimg.com/images/themes/theme1/bg.png","name":"Tammi Littlenut","lang":"en","profile_background_tile":false,"favourites_count":53,"screen_name":"Tammi_Littlenut","notifications":false,"url":null,"created_at":"Wed Feb 27 07:24:31 +0000 2013","contributors_enabled":false,"time_zone":null,"protected":false,"default_profile":true,"is_translator":false},"geo":null,"in_reply_to_user_id_str":"35466620","lang":"en","created_at":"Mon Dec 15 01:32:27 +0000 2014","in_reply_to_status_id_str":"544301900682629121","place":null},
{"contributors":null,"truncated":false,"text":"They're valuable Intel source alive. I say EIT them to death. @ekdikeo @theheraldsun @mikecane","in_reply_to_status_id":544303675532140544,"id":544303943589699584,"favorite_count":0,"source":"<a href=\"http://www.twitter.com\" rel=\"nofollow\">Twitter for Windows Phone</a>","retweeted":false,"coordinates":null,"entities":{"symbols":[],"user_mentions":[{"id":42730704,"indices":[62,70],"id_str":"42730704","screen_name":"ekdikeo","name":"Eric B"},{"id":35466620,"indices":[71,84],"id_str":"35466620","screen_name":"theheraldsun","name":"Herald Sun"},{"id":15650210,"indices":[85,94],"id_str":"15650210","screen_name":"mikecane","name":"Mike Cane"}],"hashtags":[],"urls":[]},"in_reply_to_screen_name":"ekdikeo","id_str":"544303943589699584","retweet_count":0,"in_reply_to_user_id":42730704,"favorited":false,"user":{"follow_request_sent":false,"profile_use_background_image":true,"profile_text_color":"333333","default_profile_image":false,"id":2601118704,"profile_background_image_url_https":"https://pbs.twimg.com/profile_background_images/506282291883024385/HQEUBtFq.jpeg","verified":false,"profile_location":null,"profile_image_url_https":"https://pbs.twimg.com/profile_images/511360538433974272/gqntdSOE_normal.jpeg","profile_sidebar_fill_color":"DDEEF6","entities":{"url":{"urls":[{"url":"http://t.co/HMbGcg0yrc","indices":[0,22],"expanded_url":"http://samajayathebook.wordpress.com/","display_url":"samajayathebook.wordpress.com"}]},"description":{"urls":[]}},"followers_count":1710,"profile_sidebar_border_color":"FFFFFF","id_str":"2601118704","profile_background_color":"131516","listed_count":32,"is_translation_enabled":false,"utc_offset":null,"statuses_count":26140,"description":"MWD breeder #RollTide  #Catholic #Zionist #PoliceLivesMatter  #BuiltByBama #TeaParty #2A #HonorChrisKyle #ImpeachObama  #StandWithIsrael","friends_count":1993,"location":"Owens Cross Roads AL","profile_link_color":"009999","profile_image_url":"http://pbs.twimg.com/profile_images/511360538433974272/gqntdSOE_normal.jpeg","following":false,"geo_enabled":false,"profile_banner_url":"https://pbs.twimg.com/profile_banners/2601118704/1418185243","profile_background_image_url":"http://pbs.twimg.com/profile_background_images/506282291883024385/HQEUBtFq.jpeg","name":"Asoka","lang":"en","profile_background_tile":false,"favourites_count":10956,"screen_name":"DAJSamarasinghe","notifications":false,"url":"http://t.co/HMbGcg0yrc","created_at":"Thu Jul 03 06:16:32 +0000 2014","contributors_enabled":false,"time_zone":null,"protected":false,"default_profile":false,"is_translator":false},"geo":null,"in_reply_to_user_id_str":"42730704","lang":"en","created_at":"Mon Dec 15 01:32:27 +0000 2014","in_reply_to_status_id_str":"544303675532140544","place":null},
{"contributors":null,"truncated":false,"text":"@BernardKeane @theheraldsun @nswpolice say unrelated!","in_reply_to_status_id":544303665855492097,"id":544304134053052417,"favorite_count":0,"source":"<a href=\"http://twitter.com/download/iphone\" rel=\"nofollow\">Twitter for iPhone</a>","retweeted":false,"coordinates":null,"entities":{"symbols":[],"user_mentions":[{"id":21055261,"indices":[0,13],"id_str":"21055261","screen_name":"BernardKeane","name":"Bernard Keane"},{"id":35466620,"indices":[14,27],"id_str":"35466620","screen_name":"theheraldsun","name":"Herald Sun"},{"id":23041630,"indices":[28,38],"id_str":"23041630","screen_name":"nswpolice","name":"NSW Police"}],"hashtags":[],"urls":[]},"in_reply_to_screen_name":"BernardKeane","id_str":"544304134053052417","retweet_count":0,"in_reply_to_user_id":21055261,"favorited":false,"user":{"follow_request_sent":false,"profile_use_background_image":true,"profile_text_color":"000000","default_profile_image":false,"id":20032587,"profile_background_image_url_https":"https://pbs.twimg.com/profile_background_images/710794613/93dc901cb4c8024d417ee6797ac30dab.jpeg","verified":true,"profile_location":null,"profile_image_url_https":"https://pbs.twimg.com/profile_images/566154173343744002/Uh7tNmnO_normal.jpeg","profile_sidebar_fill_color":"E3630D","entities":{"url":{"urls":[{"url":"http://t.co/S5eC6aZeuS","indices":[0,22],"expanded_url":"http://www.carolduncan.net","display_url":"carolduncan.net"}]},"description":{"urls":[]}},"followers_count":9025,"profile_sidebar_border_color":"FFFFFF","id_str":"20032587","profile_background_color":"0A0101","listed_count":379,"is_translation_enabled":false,"utc_offset":39600,"statuses_count":133524,"description":"Proud to be ABC - soon to be ex-ABC due to budget cuts. Highly experienced broadcast & multi-media professional. Yes, I would love to work with you. Ask me!","friends_count":3560,"location":"Newcastle/Sydney ","profile_link_color":"55468F","profile_image_url":"http://pbs.twimg.com/profile_images/566154173343744002/Uh7tNmnO_normal.jpeg","following":false,"geo_enabled":false,"profile_banner_url":"https://pbs.twimg.com/profile_banners/20032587/1399341350","profile_background_image_url":"http://pbs.twimg.com/profile_background_images/710794613/93dc901cb4c8024d417ee6797ac30dab.jpeg","name":"Christmas Carol","lang":"en","profile_background_tile":true,"favourites_count":3348,"screen_name":"carolduncan","notifications":false,"url":"http://t.co/S5eC6aZeuS","created_at":"Wed Feb 04 07:17:03 +0000 2009","contributors_enabled":false,"time_zone":"Sydney","protected":false,"default_profile":false,"is_translator":false},"geo":null,"in_reply_to_user_id_str":"21055261","lang":"en","created_at":"Mon Dec 15 01:33:12 +0000 2014","in_reply_to_status_id_str":"544303665855492097","place":null},
{"contributors":null,"truncated":false,"text":"@BernardKeane @theheraldsun @ABCNews24 reporting \"not\" related to siege.","in_reply_to_status_id":544303665855492097,"id":544304153657217025,"favorite_count":0,"source":"<a href=\"http://twitter.com\" rel=\"nofollow\">Twitter Web Client</a>","retweeted":false,"coordinates":null,"entities":{"symbols":[],"user_mentions":[{"id":21055261,"indices":[0,13],"id_str":"21055261","screen_name":"BernardKeane","name":"Bernard Keane"},{"id":35466620,"indices":[14,27],"id_str":"35466620","screen_name":"theheraldsun","name":"Herald Sun"},{"id":129673790,"indices":[28,38],"id_str":"129673790","screen_name":"ABCNews24","name":"ABC News 24"}],"hashtags":[],"urls":[]},"in_reply_to_screen_name":"BernardKeane","id_str":"544304153657217025","retweet_count":0,"in_reply_to_user_id":21055261,"favorited":false,"user":{"follow_request_sent":false,"profile_use_background_image":true,"profile_text_color":"333333","default_profile_image":false,"id":465936656,"profile_background_image_url_https":"https://abs.twimg.com/images/themes/theme19/bg.gif","verified":false,"profile_location":null,"profile_image_url_https":"https://pbs.twimg.com/profile_images/378800000471659424/a0023d83e601c6761542bf08a2cbda2c_normal.jpeg","profile_sidebar_fill_color":"F6FFD1","entities":{"description":{"urls":[]}},"followers_count":2323,"profile_sidebar_border_color":"FFF8AD","id_str":"465936656","profile_background_color":"FFF04D","listed_count":27,"is_translation_enabled":false,"utc_offset":28800,"statuses_count":42296,"description":"Her Tea Ladyship.....Australia","friends_count":1884,"location":"","profile_link_color":"3ACC00","profile_image_url":"http://pbs.twimg.com/profile_images/378800000471659424/a0023d83e601c6761542bf08a2cbda2c_normal.jpeg","following":false,"geo_enabled":true,"profile_banner_url":"https://pbs.twimg.com/profile_banners/465936656/1380119178","profile_background_image_url":"http://abs.twimg.com/images/themes/theme19/bg.gif","name":"Coalition Tea Lady","lang":"en","profile_background_tile":false,"favourites_count":22367,"screen_name":"ItsBouquet","notifications":false,"url":null,"created_at":"Mon Jan 16 22:02:21 +0000 2012","contributors_enabled":false,"time_zone":"Perth","protected":false,"default_profile":false,"is_translator":false},"geo":null,"in_reply_to_user_id_str":"21055261","lang":"en","created_at":"Mon Dec 15 01:33:17 +0000 2014","in_reply_to_status_id_str":"544303665855492097","place":null},
{"contributors":null,"truncated":false,"text":"@DAJSamarasinghe @theheraldsun @mikecane i was being sarcastic, re: other current events news","in_reply_to_status_id":544303943589699584,"id":544304198285021185,"favorite_count":1,"source":"<a href=\"https://about.twitter.com/products/tweetdeck\" rel=\"nofollow\">TweetDeck</a>","retweeted":false,"coordinates":null,"entities":{"symbols":[],"user_mentions":[{"id":2601118704,"indices":[0,16],"id_str":"2601118704","screen_name":"DAJSamarasinghe","name":"Asoka"},{"id":35466620,"indices":[17,30],"id_str":"35466620","screen_name":"theheraldsun","name":"Herald Sun"},{"id":15650210,"indices":[31,40],"id_str":"15650210","screen_name":"mikecane","name":"Mike Cane"}],"hashtags":[],"urls":[]},"in_reply_to_screen_name":"DAJSamarasinghe","id_str":"544304198285021185","retweet_count":0,"in_reply_to_user_id":2601118704,"favorited":false,"user":{"follow_request_sent":false,"profile_use_background_image":true,"profile_text_color":"666666","default_profile_image":false,"id":42730704,"profile_background_image_url_https":"https://abs.twimg.com/images/themes/theme9/bg.gif","verified":false,"profile_location":null,"profile_image_url_https":"https://pbs.twimg.com/profile_images/1097934960/27475_618727977_5750_n_1__normal.jpg","profile_sidebar_fill_color":"252429","entities":{"url":{"urls":[{"url":"http://t.co/WZPrE65hIU","indices":[0,22],"expanded_url":"http://www.ericbla.de/","display_url":"ericbla.de"}]},"description":{"urls":[]}},"followers_count":765,"profile_sidebar_border_color":"181A1E","id_str":"42730704","profile_background_color":"1A1B1F","listed_count":30,"is_translation_enabled":false,"utc_offset":-18000,"statuses_count":20442,"description":"webOS developer, Game programmer, Poker player, Bassist, former retail manager","friends_count":784,"location":"Michigan","profile_link_color":"2FC2EF","profile_image_url":"http://pbs.twimg.com/profile_images/1097934960/27475_618727977_5750_n_1__normal.jpg","following":false,"geo_enabled":false,"profile_background_image_url":"http://abs.twimg.com/images/themes/theme9/bg.gif","name":"Eric B","lang":"en","profile_background_tile":false,"favourites_count":133,"screen_name":"ekdikeo","notifications":false,"url":"http://t.co/WZPrE65hIU","created_at":"Tue May 26 21:45:04 +0000 2009","contributors_enabled":false,"time_zone":"Eastern Time (US & Canada)","protected":false,"default_profile":false,"is_translator":false},"geo":null,"in_reply_to_user_id_str":"2601118704","lang":"en","created_at":"Mon Dec 15 01:33:28 +0000 2014","in_reply_to_status_id_str":"544303943589699584","place":null},
{"contributors":null,"truncated":false,"text":"@theheraldsun Why run it then?","in_reply_to_status_id":544301900682629121,"id":544304258535809024,"favorite_count":1,"source":"<a href=\"http://twitter.com/download/iphone\" rel=\"nofollow\">Twitter for iPhone</a>","retweeted":false,"coordinates":null,"entities":{"symbols":[],"user_mentions":[{"id":35466620,"indices":[0,13],"id_str":"35466620","screen_name":"theheraldsun","name":"Herald Sun"}],"hashtags":[],"urls":[]},"in_reply_to_screen_name":"theheraldsun","id_str":"544304258535809024","retweet_count":0,"in_reply_to_user_id":35466620,"favorited":false,"user":{"follow_request_sent":false,"profile_use_background_image":true,"profile_text_color":"333333","default_profile_image":false,"id":503693741,"profile_background_image_url_https":"https://abs.twimg.com/images/themes/theme1/bg.png","verified":false,"profile_location":null,"profile_image_url_https":"https://pbs.twimg.com/profile_images/510386553567191041/RvuxCk0Y_normal.jpeg","profile_sidebar_fill_color":"DDEEF6","entities":{"description":{"urls":[]}},"followers_count":703,"profile_sidebar_border_color":"C0DEED","id_str":"503693741","profile_background_color":"C0DEED","listed_count":11,"is_translation_enabled":false,"utc_offset":39600,"statuses_count":38842,"description":"","friends_count":1476,"location":"","profile_link_color":"0084B4","profile_image_url":"http://pbs.twimg.com/profile_images/510386553567191041/RvuxCk0Y_normal.jpeg","following":false,"geo_enabled":false,"profile_background_image_url":"http://abs.twimg.com/images/themes/theme1/bg.png","name":"Bubbyboo","lang":"en","profile_background_tile":false,"favourites_count":1874,"screen_name":"Bubbbyboo","notifications":false,"url":null,"created_at":"Sat Feb 25 23:20:51 +0000 2012","contributors_enabled":false,"time_zone":"Melbourne","protected":false,"default_profile":true,"is_translator":false},"geo":null,"in_reply_to_user_id_str":"35466620","lang":"en","created_at":"Mon Dec 15 01:33:42 +0000 2014","in_reply_to_status_id_str":"544301900682629121","place":null},
{"contributors":null,"truncated":false,"text":"@BernardKeane @theheraldsun dude is wearing an Aus Navy hat - not from today?","in_reply_to_status_id":544303665855492097,"id":544304267809394688,"favorite_count":0,"source":"<a href=\"http://twitter.com/download/android\" rel=\"nofollow\">Twitter for Android</a>","retweeted":false,"coordinates":null,"entities":{"symbols":[],"user_mentions":[{"id":21055261,"indices":[0,13],"id_str":"21055261","screen_name":"BernardKeane","name":"Bernard Keane"},{"id":35466620,"indices":[14,27],"id_str":"35466620","screen_name":"theheraldsun","name":"Herald Sun"}],"hashtags":[],"urls":[]},"in_reply_to_screen_name":"BernardKeane","id_str":"544304267809394688","retweet_count":0,"in_reply_to_user_id":21055261,"favorited":false,"user":{"follow_request_sent":false,"profile_use_background_image":true,"profile_text_color":"333333","default_profile_image":false,"id":52385657,"profile_background_image_url_https":"https://abs.twimg.com/images/themes/theme1/bg.png","verified":false,"profile_location":null,"profile_image_url_https":"https://pbs.twimg.com/profile_images/378800000033832017/d4d28e931037446ca6a6300a768e4f2a_normal.jpeg","profile_sidebar_fill_color":"DDEEF6","entities":{"description":{"urls":[]}},"followers_count":147,"profile_sidebar_border_color":"C0DEED","id_str":"52385657","profile_background_color":"C0DEED","listed_count":3,"is_translation_enabled":false,"utc_offset":39600,"statuses_count":3335,"description":"...on a mote of dust suspended in a sunbeam.","friends_count":1035,"location":"Canberra","profile_link_color":"0084B4","profile_image_url":"http://pbs.twimg.com/profile_images/378800000033832017/d4d28e931037446ca6a6300a768e4f2a_normal.jpeg","following":false,"geo_enabled":false,"profile_background_image_url":"http://abs.twimg.com/images/themes/theme1/bg.png","name":"Burr","lang":"en","profile_background_tile":false,"favourites_count":80,"screen_name":"GLRooster","notifications":false,"url":null,"created_at":"Tue Jun 30 12:51:52 +0000 2009","contributors_enabled":false,"time_zone":"Sydney","protected":false,"default_profile":true,"is_translator":false},"geo":null,"in_reply_to_user_id_str":"21055261","lang":"en","created_at":"Mon Dec 15 01:33:44 +0000 2014","in_reply_to_status_id_str":"544303665855492097","place":null},
{"contributors":null,"truncated":false,"text":"@carolduncan @BernardKeane @theheraldsun I saw a guy on ch7 earlier trying to cover his face wearing orange shirt/singlet. M/eastern appear.","in_reply_to_status_id":544304134053052417,"id":544304756122873859,"favorite_count":0,"source":"<a href=\"http://twitter.com/download/android\" rel=\"nofollow\">Twitter for Android</a>","retweeted":false,"coordinates":null,"entities":{"symbols":[],"user_mentions":[{"id":20032587,"indices":[0,12],"id_str":"20032587","screen_name":"carolduncan","name":"Christmas Carol"},{"id":21055261,"indices":[13,26],"id_str":"21055261","screen_name":"BernardKeane","name":"Bernard Keane"},{"id":35466620,"indices":[27,40],"id_str":"35466620","screen_name":"theheraldsun","name":"Herald Sun"}],"hashtags":[],"urls":[]},"in_reply_to_screen_name":"carolduncan","id_str":"544304756122873859","retweet_count":0,"in_reply_to_user_id":20032587,"favorited":false,"user":{"follow_request_sent":false,"profile_use_background_image":true,"profile_text_color":"333333","default_profile_image":false,"id":226748027,"profile_background_image_url_https":"https://abs.twimg.com/images/themes/theme1/bg.png","verified":false,"profile_location":null,"profile_image_url_https":"https://pbs.twimg.com/profile_images/510737858588442624/Gtr0B3mt_normal.jpeg","profile_sidebar_fill_color":"DDEEF6","entities":{"description":{"urls":[]}},"followers_count":49,"profile_sidebar_border_color":"C0DEED","id_str":"226748027","profile_background_color":"C0DEED","listed_count":0,"is_translation_enabled":false,"utc_offset":null,"statuses_count":2102,"description":"long suffering bunnies supporter, lover of fast food, cricket.","friends_count":238,"location":"Newcastle","profile_link_color":"0084B4","profile_image_url":"http://pbs.twimg.com/profile_images/510737858588442624/Gtr0B3mt_normal.jpeg","following":false,"geo_enabled":false,"profile_banner_url":"https://pbs.twimg.com/profile_banners/226748027/1410604344","profile_background_image_url":"http://abs.twimg.com/images/themes/theme1/bg.png","name":"hbg1968","lang":"en","profile_background_tile":false,"favourites_count":1132,"screen_name":"hbgmobile","notifications":false,"url":null,"created_at":"Tue Dec 14 23:55:00 +0000 2010","contributors_enabled":false,"time_zone":null,"protected":false,"default_profile":true,"is_translator":false},"geo":null,"in_reply_to_user_id_str":"20032587","lang":"en","created_at":"Mon Dec 15 01:35:41 +0000 2014","in_reply_to_status_id_str":"544304134053052417","place":null},
{"contributors":null,"truncated":false,"text":"Maybe he obeyed the police when they told him to stop, @ekdikeo? \n\n@DAJSamarasinghe @theheraldsun @mikecane","in_reply_to_status_id":544303675532140544,"id":544304904819331072,"favorite_count":0,"source":"<a href=\"http://twitter.com/download/iphone\" rel=\"nofollow\">Twitter for iPhone</a>","retweeted":false,"coordinates":null,"entities":{"symbols":[],"user_mentions":[{"id":42730704,"indices":[55,63],"id_str":"42730704","screen_name":"ekdikeo","name":"Eric B"},{"id":2601118704,"indices":[67,83],"id_str":"2601118704","screen_name":"DAJSamarasinghe","name":"Asoka"},{"id":35466620,"indices":[84,97],"id_str":"35466620","screen_name":"theheraldsun","name":"Herald Sun"},{"id":15650210,"indices":[98,107],"id_str":"15650210","screen_name":"mikecane","name":"Mike Cane"}],"hashtags":[],"urls":[]},"in_reply_to_screen_name":"ekdikeo","id_str":"544304904819331072","retweet_count":0,"in_reply_to_user_id":42730704,"favorited":false,"user":{"follow_request_sent":false,"profile_use_background_image":true,"profile_text_color":"01040D","default_profile_image":false,"id":257475749,"profile_background_image_url_https":"https://pbs.twimg.com/profile_background_images/563651810/540635_2772867659539_879068142_n.jpg","verified":false,"profile_location":null,"profile_image_url_https":"https://pbs.twimg.com/profile_images/538867719689740288/qJx0NbTq_normal.jpeg","profile_sidebar_fill_color":"E3E2DE","entities":{"description":{"urls":[]}},"followers_count":1887,"profile_sidebar_border_color":"3ED4C7","id_str":"257475749","profile_background_color":"9FD6D4","listed_count":15,"is_translation_enabled":false,"utc_offset":-18000,"statuses_count":8589,"description":"Respect all opinions. I won't engage in futile discussions. Christians and Conservatives and Americans by heart!","friends_count":1697,"location":"All over and going..","profile_link_color":"89C9FA","profile_image_url":"http://pbs.twimg.com/profile_images/538867719689740288/qJx0NbTq_normal.jpeg","following":false,"geo_enabled":true,"profile_banner_url":"https://pbs.twimg.com/profile_banners/257475749/1417485542","profile_background_image_url":"http://pbs.twimg.com/profile_background_images/563651810/540635_2772867659539_879068142_n.jpg","name":"GV","lang":"en","profile_background_tile":true,"favourites_count":6338,"screen_name":"ValCSilver","notifications":false,"url":null,"created_at":"Fri Feb 25 14:13:55 +0000 2011","contributors_enabled":false,"time_zone":"Eastern Time (US & Canada)","protected":false,"default_profile":false,"is_translator":false},"geo":null,"in_reply_to_user_id_str":"42730704","lang":"en","created_at":"Mon Dec 15 01:36:16 +0000 2014","in_reply_to_status_id_str":"544303675532140544","place":null},
{"contributors":null,"truncated":false,"text":"@BernardKeane @theheraldsun it's apparently unrelated.\nWhy report something you have no facts about?\nOh thats right because you're the media","in_reply_to_status_id":544303665855492097,"id":544305132771360768,"favorite_count":1,"source":"<a href=\"http://twitter.com\" rel=\"nofollow\">Twitter Web Client</a>","retweeted":false,"coordinates":null,"entities":{"symbols":[],"user_mentions":[{"id":21055261,"indices":[0,13],"id_str":"21055261","screen_name":"BernardKeane","name":"Bernard Keane"},{"id":35466620,"indices":[14,27],"id_str":"35466620","screen_name":"theheraldsun","name":"Herald Sun"}],"hashtags":[],"urls":[]},"in_reply_to_screen_name":"BernardKeane","id_str":"544305132771360768","retweet_count":0,"in_reply_to_user_id":21055261,"favorited":false,"user":{"follow_request_sent":false,"profile_use_background_image":false,"profile_text_color":"000000","default_profile_image":false,"id":238473084,"profile_background_image_url_https":"https://abs.twimg.com/images/themes/theme1/bg.png","verified":false,"profile_location":null,"profile_image_url_https":"https://pbs.twimg.com/profile_images/558916609339686912/5io0Vt2M_normal.jpeg","profile_sidebar_fill_color":"000000","entities":{"url":{"urls":[{"url":"https://t.co/yNIVcZ4IJk","indices":[0,23],"expanded_url":"https://www.facebook.com/unicorn1971","display_url":"facebook.com/unicorn1971"}]},"description":{"urls":[]}},"followers_count":56,"profile_sidebar_border_color":"000000","id_str":"238473084","profile_background_color":"000000","listed_count":3,"is_translation_enabled":false,"utc_offset":null,"statuses_count":1750,"description":"Director of Domestic Affairs, Avid Lowndes fan, Passion for V8 Supercars and Australian Politics, Devoted Mother and Grandmother.","friends_count":181,"location":"Home","profile_link_color":"923487","profile_image_url":"http://pbs.twimg.com/profile_images/558916609339686912/5io0Vt2M_normal.jpeg","following":false,"geo_enabled":false,"profile_banner_url":"https://pbs.twimg.com/profile_banners/238473084/1417767148","profile_background_image_url":"http://abs.twimg.com/images/themes/theme1/bg.png","name":"Sonia Curtis","lang":"en","profile_background_tile":false,"favourites_count":244,"screen_name":"Zaica71","notifications":false,"url":"https://t.co/yNIVcZ4IJk","created_at":"Sat Jan 15 07:23:45 +0000 2011","contributors_enabled":false,"time_zone":null,"protected":false,"default_profile":false,"is_translator":false},"geo":null,"in_reply_to_user_id_str":"21055261","lang":"en","created_at":"Mon Dec 15 01:37:11 +0000 2014","in_reply_to_status_id_str":"544303665855492097","place":null}
]