[{"contributors":null,"truncated":false,"text":"the fact that people even think about 5sos in a situation like this disgusts me","in_reply_to_status_id":544341194822520832,"id":544366125589331968,"favorite_count":6,"source":"<a href=\"http://twitter.com/download/android\" rel=\"nofollow\">Twitter for Android</a>","retweeted":false,"coordinates":null,"entities":{"symbols":[],"user_mentions":[],"hashtags":[],"urls":[]},"in_reply_to_screen_name":"nightmaresnjh","id_str":"544366125589331968","retweet_count":8,"in_reply_to_user_id":1672611397,"favorited":false,"user":{"follow_request_sent":false,"profile_use_background_image":true,"profile_text_color":"333333","default_profile_image":false,"id":1672611397,"profile_background_image_url_https":"https://pbs.twimg.com/profile_background_images/432460828189528064/BR5AQkAb.jpeg","verified":false,"profile_location":null,"profile_image_url_https":"https://pbs.twimg.com/profile_images/575129822818533376/8YDLqtxn_normal.jpeg","profile_sidebar_fill_color":"DDEEF6","entities":{"description":{"urls":[]}},"followers_count":5190,"profile_sidebar_border_color":"000000","id_str":"1672611397","profile_background_color":"FAFAFA","listed_count":73,"is_translation_enabled":false,"utc_offset":37800,"statuses_count":61231,"description":"broken pencils are so pointless","friends_count":2446,"location":"lrh + band/4","profile_link_color":"FF3300","profile_image_url":"http://pbs.twimg.com/profile_images/575129822818533376/8YDLqtxn_normal.jpeg","following":false,"geo_enabled":false,"profile_banner_url":"https://pbs.twimg.com/profile_banners/1672611397/1418435665","profile_background_image_url":"http://pbs.twimg.com/profile_background_images/432460828189528064/BR5AQkAb.jpeg","name":"Lauren","lang":"en","profile_background_tile":true,"favourites_count":19754,"screen_name":"nightmaresnjh","notifications":false,"url":null,"created_at":"Thu Aug 15 08:03:04 +0000 2013","contributors_enabled":false,"time_zone":"Adelaide","protected":false,"default_profile":false,"is_translator":false},"geo":null,"in_reply_to_user_id_str":"1672611397","lang":"en","created_at":"Mon Dec 15 05:39:32 +0000 2014","in_reply_to_status_id_str":"544341194822520832","place":null},
{"contributors":null,"truncated":false,"text":"@nightmaresnjh they arent even FUCKING HERE !!!!!!!!!!!","in_reply_to_status_id":544341194822520832,"id":544375388525191168,"favorite_count":1,"source":"<a href=\"https://about.twitter.com/products/tweetdeck\" rel=\"nofollow\">TweetDeck</a>","retweeted":false,"coordinates":null,"entities":{"symbols":[],"user_mentions":[{"id":1672611397,"indices":[0,14],"id_str":"1672611397","screen_name":"nightmaresnjh","name":"Lauren"}],"hashtags":[],"urls":[]},"in_reply_to_screen_name":"nightmaresnjh","id_str":"544375388525191168","retweet_count":0,"in_reply_to_user_id":1672611397,"favorited":false,"user":{"follow_request_sent":false,"profile_use_background_image":true,"profile_text_color":"3C3940","default_profile_image":false,"id":777510955,"profile_background_image_url_https":"https://pbs.twimg.com/profile_background_images/458129844023218176/jsCOpW01.jpeg","verified":false,"profile_location":null,"profile_image_url_https":"https://pbs.twimg.com/profile_images/544989713715576833/ZFwIqQX3_normal.jpeg","profile_sidebar_fill_color":"95E8EC","entities":{"description":{"urls":[]}},"followers_count":17846,"profile_sidebar_border_color":"FFFFFF","id_str":"777510955","profile_background_color":"FFFFFF","listed_count":322,"is_translation_enabled":false,"utc_offset":39600,"statuses_count":140678,"description":"this one time calum said happy birthday to me so i smelt him","friends_count":213,"location":"","profile_link_color":"000000","profile_image_url":"http://pbs.twimg.com/profile_images/544989713715576833/ZFwIqQX3_normal.jpeg","following":false,"geo_enabled":false,"profile_banner_url":"https://pbs.twimg.com/profile_banners/777510955/1418542886","profile_background_image_url":"http://pbs.twimg.com/profile_background_images/458129844023218176/jsCOpW01.jpeg","name":"clare","lang":"en","profile_background_tile":false,"favourites_count":50424,"screen_name":"sumcth","notifications":false,"url":null,"created_at":"Fri Aug 24 05:54:13 +0000 2012","contributors_enabled":false,"time_zone":"Sydney","protected":false,"default_profile":false,"is_translator":false},"geo":null,"in_reply_to_user_id_str":"1672611397","lang":"en","created_at":"Mon Dec 15 06:16:21 +0000 2014","in_reply_to_status_id_str":"544341194822520832","place":null},
{"contributors":null,"truncated":false,"text":"@WEEDSlDES EXACTLY MY POINT LIKE HOW FUCKING STUPID CAN PEOPLE BE","in_reply_to_status_id":544375388525191168,"id":544375698043854848,"favorite_count":0,"source":"<a href=\"http://twitter.com/download/android\" rel=\"nofollow\">Twitter for Android</a>","retweeted":false,"coordinates":null,"entities":{"symbols":[],"user_mentions":[{"id":2932859233,"indices":[0,10],"id_str":"2932859233","screen_name":"WEEDSLDES","name":"HSHS"}],"hashtags":[],"urls":[]},"in_reply_to_screen_name":"sumcth","id_str":"544375698043854848","retweet_count":0,"in_reply_to_user_id":777510955,"favorited":false,"user":{"follow_request_sent":false,"profile_use_background_image":true,"profile_text_color":"333333","default_profile_image":false,"id":1672611397,"profile_background_image_url_https":"https://pbs.twimg.com/profile_background_images/432460828189528064/BR5AQkAb.jpeg","verified":false,"profile_location":null,"profile_image_url_https":"https://pbs.twimg.com/profile_images/575129822818533376/8YDLqtxn_normal.jpeg","profile_sidebar_fill_color":"DDEEF6","entities":{"description":{"urls":[]}},"followers_count":5190,"profile_sidebar_border_color":"000000","id_str":"1672611397","profile_background_color":"FAFAFA","listed_count":73,"is_translation_enabled":false,"utc_offset":37800,"statuses_count":61231,"description":"broken pencils are so pointless","friends_count":2446,"location":"lrh + band/4","profile_link_color":"FF3300","profile_image_url":"http://pbs.twimg.com/profile_images/575129822818533376/8YDLqtxn_normal.jpeg","following":false,"geo_enabled":false,"profile_banner_url":"https://pbs.twimg.com/profile_banners/1672611397/1418435665","profile_background_image_url":"http://pbs.twimg.com/profile_background_images/432460828189528064/BR5AQkAb.jpeg","name":"Lauren","lang":"en","profile_background_tile":true,"favourites_count":19754,"screen_name":"nightmaresnjh","notifications":false,"url":null,"created_at":"Thu Aug 15 08:03:04 +0000 2013","contributors_enabled":false,"time_zone":"Adelaide","protected":false,"default_profile":false,"is_translator":false},"geo":null,"in_reply_to_user_id_str":"777510955","lang":"en","created_at":"Mon Dec 15 06:17:35 +0000 2014","in_reply_to_status_id_str":"544375388525191168","place":null},
{"contributors":null,"truncated":false,"text":"@nightmaresnjh and even if they were here, people should only start to worry about them if they were in the cafe,,,","in_reply_to_status_id":544375698043854848,"id":544375822023270401,"favorite_count":0,"source":"<a href=\"https://about.twitter.com/products/tweetdeck\" rel=\"nofollow\">TweetDeck</a>","retweeted":false,"coordinates":null,"entities":{"symbols":[],"user_mentions":[{"id":1672611397,"indices":[0,14],"id_str":"1672611397","screen_name":"nightmaresnjh","name":"Lauren"}],"hashtags":[],"urls":[]},"in_reply_to_screen_name":"nightmaresnjh","id_str":"544375822023270401","retweet_count":0,"in_reply_to_user_id":1672611397,"favorited":false,"user":{"follow_request_sent":false,"profile_use_background_image":true,"profile_text_color":"3C3940","default_profile_image":false,"id":777510955,"profile_background_image_url_https":"https://pbs.twimg.com/profile_background_images/458129844023218176/jsCOpW01.jpeg","verified":false,"profile_location":null,"profile_image_url_https":"https://pbs.twimg.com/profile_images/544989713715576833/ZFwIqQX3_normal.jpeg","profile_sidebar_fill_color":"95E8EC","entities":{"description":{"urls":[]}},"followers_count":17846,"profile_sidebar_border_color":"FFFFFF","id_str":"777510955","profile_background_color":"FFFFFF","listed_count":322,"is_translation_enabled":false,"utc_offset":39600,"statuses_count":140678,"description":"this one time calum said happy birthday to me so i smelt him","friends_count":213,"location":"","profile_link_color":"000000","profile_image_url":"http://pbs.twimg.com/profile_images/544989713715576833/ZFwIqQX3_normal.jpeg","following":false,"geo_enabled":false,"profile_banner_url":"https://pbs.twimg.com/profile_banners/777510955/1418542886","profile_background_image_url":"http://pbs.twimg.com/profile_background_images/458129844023218176/jsCOpW01.jpeg","name":"clare","lang":"en","profile_background_tile":false,"favourites_count":50424,"screen_name":"sumcth","notifications":false,"url":null,"created_at":"Fri Aug 24 05:54:13 +0000 2012","contributors_enabled":false,"time_zone":"Sydney","protected":false,"default_profile":false,"is_translator":false},"geo":null,"in_reply_to_user_id_str":"1672611397","lang":"en","created_at":"Mon Dec 15 06:18:04 +0000 2014","in_reply_to_status_id_str":"544375698043854848","place":null},
{"contributors":null,"truncated":false,"text":"@WEEDSlDES its so wrong that people are relating it to them in any way like their lives have no more value than the hostages do","in_reply_to_status_id":544375822023270401,"id":544375998133727232,"favorite_count":0,"source":"<a href=\"http://twitter.com/download/android\" rel=\"nofollow\">Twitter for Android</a>","retweeted":false,"coordinates":null,"entities":{"symbols":[],"user_mentions":[{"id":777510955,"indices":[0,10],"id_str":"777510955","screen_name":"WEEDSlDES","name":"clare"}],"hashtags":[],"urls":[]},"in_reply_to_screen_name":"sumcth","id_str":"544375998133727232","retweet_count":0,"in_reply_to_user_id":777510955,"favorited":false,"user":{"follow_request_sent":false,"profile_use_background_image":true,"profile_text_color":"333333","default_profile_image":false,"id":1672611397,"profile_background_image_url_https":"https://pbs.twimg.com/profile_background_images/432460828189528064/BR5AQkAb.jpeg","verified":false,"profile_location":null,"profile_image_url_https":"https://pbs.twimg.com/profile_images/575129822818533376/8YDLqtxn_normal.jpeg","profile_sidebar_fill_color":"DDEEF6","entities":{"description":{"urls":[]}},"followers_count":5190,"profile_sidebar_border_color":"000000","id_str":"1672611397","profile_background_color":"FAFAFA","listed_count":73,"is_translation_enabled":false,"utc_offset":37800,"statuses_count":61231,"description":"broken pencils are so pointless","friends_count":2446,"location":"lrh + band/4","profile_link_color":"FF3300","profile_image_url":"http://pbs.twimg.com/profile_images/575129822818533376/8YDLqtxn_normal.jpeg","following":false,"geo_enabled":false,"profile_banner_url":"https://pbs.twimg.com/profile_banners/1672611397/1418435665","profile_background_image_url":"http://pbs.twimg.com/profile_background_images/432460828189528064/BR5AQkAb.jpeg","name":"Lauren","lang":"en","profile_background_tile":true,"favourites_count":19754,"screen_name":"nightmaresnjh","notifications":false,"url":null,"created_at":"Thu Aug 15 08:03:04 +0000 2013","contributors_enabled":false,"time_zone":"Adelaide","protected":false,"default_profile":false,"is_translator":false},"geo":null,"in_reply_to_user_id_str":"777510955","lang":"en","created_at":"Mon Dec 15 06:18:46 +0000 2014","in_reply_to_status_id_str":"544375822023270401","place":null},
{"contributors":null,"truncated":false,"text":"@nightmaresnjh exactly im so fucking heated","in_reply_to_status_id":544375998133727232,"id":544376069575282688,"favorite_count":0,"source":"<a href=\"https://about.twitter.com/products/tweetdeck\" rel=\"nofollow\">TweetDeck</a>","retweeted":false,"coordinates":null,"entities":{"symbols":[],"user_mentions":[{"id":1672611397,"indices":[0,14],"id_str":"1672611397","screen_name":"nightmaresnjh","name":"Lauren"}],"hashtags":[],"urls":[]},"in_reply_to_screen_name":"nightmaresnjh","id_str":"544376069575282688","retweet_count":0,"in_reply_to_user_id":1672611397,"favorited":false,"user":{"follow_request_sent":false,"profile_use_background_image":true,"profile_text_color":"3C3940","default_profile_image":false,"id":777510955,"profile_background_image_url_https":"https://pbs.twimg.com/profile_background_images/458129844023218176/jsCOpW01.jpeg","verified":false,"profile_location":null,"profile_image_url_https":"https://pbs.twimg.com/profile_images/544989713715576833/ZFwIqQX3_normal.jpeg","profile_sidebar_fill_color":"95E8EC","entities":{"description":{"urls":[]}},"followers_count":17846,"profile_sidebar_border_color":"FFFFFF","id_str":"777510955","profile_background_color":"FFFFFF","listed_count":322,"is_translation_enabled":false,"utc_offset":39600,"statuses_count":140678,"description":"this one time calum said happy birthday to me so i smelt him","friends_count":213,"location":"","profile_link_color":"000000","profile_image_url":"http://pbs.twimg.com/profile_images/544989713715576833/ZFwIqQX3_normal.jpeg","following":false,"geo_enabled":false,"profile_banner_url":"https://pbs.twimg.com/profile_banners/777510955/1418542886","profile_background_image_url":"http://pbs.twimg.com/profile_background_images/458129844023218176/jsCOpW01.jpeg","name":"clare","lang":"en","profile_background_tile":false,"favourites_count":50424,"screen_name":"sumcth","notifications":false,"url":null,"created_at":"Fri Aug 24 05:54:13 +0000 2012","contributors_enabled":false,"time_zone":"Sydney","protected":false,"default_profile":false,"is_translator":false},"geo":null,"in_reply_to_user_id_str":"1672611397","lang":"en","created_at":"Mon Dec 15 06:19:03 +0000 2014","in_reply_to_status_id_str":"544375998133727232","place":null},
{"contributors":null,"truncated":false,"text":"@WEEDSlDES same like it has jack shit to do with 5sos so why would you make it them instead of the people who's lives are at risk omfg","in_reply_to_status_id":544376069575282688,"id":544376647244197888,"favorite_count":0,"source":"<a href=\"http://twitter.com/download/android\" rel=\"nofollow\">Twitter for Android</a>","retweeted":false,"coordinates":null,"entities":{"symbols":[],"user_mentions":[{"id":2933218987,"indices":[0,10],"id_str":"2933218987","screen_name":"WEEDSlDES","name":"clare"}],"hashtags":[],"urls":[]},"in_reply_to_screen_name":"sumcth","id_str":"544376647244197888","retweet_count":0,"in_reply_to_user_id":777510955,"favorited":false,"user":{"follow_request_sent":false,"profile_use_background_image":true,"profile_text_color":"333333","default_profile_image":false,"id":1672611397,"profile_background_image_url_https":"https://pbs.twimg.com/profile_background_images/432460828189528064/BR5AQkAb.jpeg","verified":false,"profile_location":null,"profile_image_url_https":"https://pbs.twimg.com/profile_images/575129822818533376/8YDLqtxn_normal.jpeg","profile_sidebar_fill_color":"DDEEF6","entities":{"description":{"urls":[]}},"followers_count":5190,"profile_sidebar_border_color":"000000","id_str":"1672611397","profile_background_color":"FAFAFA","listed_count":73,"is_translation_enabled":false,"utc_offset":37800,"statuses_count":61231,"description":"broken pencils are so pointless","friends_count":2446,"location":"lrh + band/4","profile_link_color":"FF3300","profile_image_url":"http://pbs.twimg.com/profile_images/575129822818533376/8YDLqtxn_normal.jpeg","following":false,"geo_enabled":false,"profile_banner_url":"https://pbs.twimg.com/profile_banners/1672611397/1418435665","profile_background_image_url":"http://pbs.twimg.com/profile_background_images/432460828189528064/BR5AQkAb.jpeg","name":"Lauren","lang":"en","profile_background_tile":true,"favourites_count":19754,"screen_name":"nightmaresnjh","notifications":false,"url":null,"created_at":"Thu Aug 15 08:03:04 +0000 2013","contributors_enabled":false,"time_zone":"Adelaide","protected":false,"default_profile":false,"is_translator":false},"geo":null,"in_reply_to_user_id_str":"777510955","lang":"en","created_at":"Mon Dec 15 06:21:21 +0000 2014","in_reply_to_status_id_str":"544376069575282688","place":null},
{"contributors":null,"truncated":false,"text":"@nightmaresnjh exactly wow","in_reply_to_status_id":544376647244197888,"id":544376696749559808,"favorite_count":0,"source":"<a href=\"https://about.twitter.com/products/tweetdeck\" rel=\"nofollow\">TweetDeck</a>","retweeted":false,"coordinates":null,"entities":{"symbols":[],"user_mentions":[{"id":1672611397,"indices":[0,14],"id_str":"1672611397","screen_name":"nightmaresnjh","name":"Lauren"}],"hashtags":[],"urls":[]},"in_reply_to_screen_name":"nightmaresnjh","id_str":"544376696749559808","retweet_count":0,"in_reply_to_user_id":1672611397,"favorited":false,"user":{"follow_request_sent":false,"profile_use_background_image":true,"profile_text_color":"3C3940","default_profile_image":false,"id":777510955,"profile_background_image_url_https":"https://pbs.twimg.com/profile_background_images/458129844023218176/jsCOpW01.jpeg","verified":false,"profile_location":null,"profile_image_url_https":"https://pbs.twimg.com/profile_images/544989713715576833/ZFwIqQX3_normal.jpeg","profile_sidebar_fill_color":"95E8EC","entities":{"description":{"urls":[]}},"followers_count":17846,"profile_sidebar_border_color":"FFFFFF","id_str":"777510955","profile_background_color":"FFFFFF","listed_count":322,"is_translation_enabled":false,"utc_offset":39600,"statuses_count":140678,"description":"this one time calum said happy birthday to me so i smelt him","friends_count":213,"location":"","profile_link_color":"000000","profile_image_url":"http://pbs.twimg.com/profile_images/544989713715576833/ZFwIqQX3_normal.jpeg","following":false,"geo_enabled":false,"profile_banner_url":"https://pbs.twimg.com/profile_banners/777510955/1418542886","profile_background_image_url":"http://pbs.twimg.com/profile_background_images/458129844023218176/jsCOpW01.jpeg","name":"clare","lang":"en","profile_background_tile":false,"favourites_count":50424,"screen_name":"sumcth","notifications":false,"url":null,"created_at":"Fri Aug 24 05:54:13 +0000 2012","contributors_enabled":false,"time_zone":"Sydney","protected":false,"default_profile":false,"is_translator":false},"geo":null,"in_reply_to_user_id_str":"1672611397","lang":"en","created_at":"Mon Dec 15 06:21:33 +0000 2014","in_reply_to_status_id_str":"544376647244197888","place":null},
{"contributors":null,"truncated":false,"text":"@nightmaresnjh I remember when the Japan thing happened and California was under warning and someone on my tl was worried about Miley 😒","in_reply_to_status_id":544366125589331968,"id":544386869790666753,"favorite_count":0,"source":"<a href=\"http://twitter.com/download/iphone\" rel=\"nofollow\">Twitter for iPhone</a>","retweeted":false,"coordinates":null,"entities":{"symbols":[],"user_mentions":[{"id":1672611397,"indices":[0,14],"id_str":"1672611397","screen_name":"nightmaresnjh","name":"Lauren"}],"hashtags":[],"urls":[]},"in_reply_to_screen_name":"nightmaresnjh","id_str":"544386869790666753","retweet_count":0,"in_reply_to_user_id":1672611397,"favorited":false,"user":{"follow_request_sent":false,"profile_use_background_image":true,"profile_text_color":"9013C2","default_profile_image":false,"id":19202473,"profile_background_image_url_https":"https://pbs.twimg.com/profile_background_images/585618654/nn2ncws8focb3m4jw4qt.gif","verified":false,"profile_location":null,"profile_image_url_https":"https://pbs.twimg.com/profile_images/544381974693949442/HcWSZ_oA_normal.jpeg","profile_sidebar_fill_color":"000000","entities":{"url":{"urls":[{"url":"https://t.co/wLlzWLFkfw","indices":[0,23],"expanded_url":"https://twitter.com/grungerockdemi/status/518634232575721472","display_url":"twitter.com/grungerockdemi…"}]},"description":{"urls":[]}},"followers_count":6596,"profile_sidebar_border_color":"000000","id_str":"19202473","profile_background_color":"0F0F0F","listed_count":289,"is_translation_enabled":false,"utc_offset":-21600,"statuses_count":425620,"description":"a band of four idiots is the reason i know happiness exists, if you see this tweet me a pic of the one with crazy hair & a eyebrow piercing ♡ //409 days clean//","friends_count":2261,"location":"","profile_link_color":"EB2F9A","profile_image_url":"http://pbs.twimg.com/profile_images/544381974693949442/HcWSZ_oA_normal.jpeg","following":false,"geo_enabled":true,"profile_banner_url":"https://pbs.twimg.com/profile_banners/19202473/1418625749","profile_background_image_url":"http://pbs.twimg.com/profile_background_images/585618654/nn2ncws8focb3m4jw4qt.gif","name":"❄️❄️❄️","lang":"en","profile_background_tile":true,"favourites_count":31960,"screen_name":"possessedmgc","notifications":false,"url":"https://t.co/wLlzWLFkfw","created_at":"Mon Jan 19 21:14:38 +0000 2009","contributors_enabled":false,"time_zone":"Central Time (US & Canada)","protected":false,"default_profile":false,"is_translator":false},"geo":null,"in_reply_to_user_id_str":"1672611397","lang":"en","created_at":"Mon Dec 15 07:01:58 +0000 2014","in_reply_to_status_id_str":"544366125589331968","place":null},
{"contributors":null,"truncated":false,"text":"@possessedmgc Japan thing???","in_reply_to_status_id":544386869790666753,"id":544387085226876928,"favorite_count":0,"source":"<a href=\"http://twitter.com/download/android\" rel=\"nofollow\">Twitter for Android</a>","retweeted":false,"coordinates":null,"entities":{"symbols":[],"user_mentions":[{"id":19202473,"indices":[0,13],"id_str":"19202473","screen_name":"possessedmgc","name":"❄️❄️❄️"}],"hashtags":[],"urls":[]},"in_reply_to_screen_name":"possessedmgc","id_str":"544387085226876928","retweet_count":0,"in_reply_to_user_id":19202473,"favorited":false,"user":{"follow_request_sent":false,"profile_use_background_image":true,"profile_text_color":"333333","default_profile_image":false,"id":1672611397,"profile_background_image_url_https":"https://pbs.twimg.com/profile_background_images/432460828189528064/BR5AQkAb.jpeg","verified":false,"profile_location":null,"profile_image_url_https":"https://pbs.twimg.com/profile_images/575129822818533376/8YDLqtxn_normal.jpeg","profile_sidebar_fill_color":"DDEEF6","entities":{"description":{"urls":[]}},"followers_count":5190,"profile_sidebar_border_color":"000000","id_str":"1672611397","profile_background_color":"FAFAFA","listed_count":73,"is_translation_enabled":false,"utc_offset":37800,"statuses_count":61231,"description":"broken pencils are so pointless","friends_count":2446,"location":"lrh + band/4","profile_link_color":"FF3300","profile_image_url":"http://pbs.twimg.com/profile_images/575129822818533376/8YDLqtxn_normal.jpeg","following":false,"geo_enabled":false,"profile_banner_url":"https://pbs.twimg.com/profile_banners/1672611397/1418435665","profile_background_image_url":"http://pbs.twimg.com/profile_background_images/432460828189528064/BR5AQkAb.jpeg","name":"Lauren","lang":"en","profile_background_tile":true,"favourites_count":19754,"screen_name":"nightmaresnjh","notifications":false,"url":null,"created_at":"Thu Aug 15 08:03:04 +0000 2013","contributors_enabled":false,"time_zone":"Adelaide","protected":false,"default_profile":false,"is_translator":false},"geo":null,"in_reply_to_user_id_str":"19202473","lang":"en","created_at":"Mon Dec 15 07:02:49 +0000 2014","in_reply_to_status_id_str":"544386869790666753","place":null},
{"contributors":null,"truncated":false,"text":"@nightmaresnjh the earthquake and tsunami","in_reply_to_status_id":544387085226876928,"id":544387462680674304,"favorite_count":0,"source":"<a href=\"http://twitter.com/download/iphone\" rel=\"nofollow\">Twitter for iPhone</a>","retweeted":false,"coordinates":null,"entities":{"symbols":[],"user_mentions":[{"id":1672611397,"indices":[0,14],"id_str":"1672611397","screen_name":"nightmaresnjh","name":"Lauren"}],"hashtags":[],"urls":[]},"in_reply_to_screen_name":"nightmaresnjh","id_str":"544387462680674304","retweet_count":0,"in_reply_to_user_id":1672611397,"favorited":false,"user":{"follow_request_sent":false,"profile_use_background_image":true,"profile_text_color":"9013C2","default_profile_image":false,"id":19202473,"profile_background_image_url_https":"https://pbs.twimg.com/profile_background_images/585618654/nn2ncws8focb3m4jw4qt.gif","verified":false,"profile_location":null,"profile_image_url_https":"https://pbs.twimg.com/profile_images/544381974693949442/HcWSZ_oA_normal.jpeg","profile_sidebar_fill_color":"000000","entities":{"url":{"urls":[{"url":"https://t.co/wLlzWLFkfw","indices":[0,23],"expanded_url":"https://twitter.com/grungerockdemi/status/518634232575721472","display_url":"twitter.com/grungerockdemi…"}]},"description":{"urls":[]}},"followers_count":6596,"profile_sidebar_border_color":"000000","id_str":"19202473","profile_background_color":"0F0F0F","listed_count":289,"is_translation_enabled":false,"utc_offset":-21600,"statuses_count":425620,"description":"a band of four idiots is the reason i know happiness exists, if you see this tweet me a pic of the one with crazy hair & a eyebrow piercing ♡ //409 days clean//","friends_count":2261,"location":"","profile_link_color":"EB2F9A","profile_image_url":"http://pbs.twimg.com/profile_images/544381974693949442/HcWSZ_oA_normal.jpeg","following":false,"geo_enabled":true,"profile_banner_url":"https://pbs.twimg.com/profile_banners/19202473/1418625749","profile_background_image_url":"http://pbs.twimg.com/profile_background_images/585618654/nn2ncws8focb3m4jw4qt.gif","name":"❄️❄️❄️","lang":"en","profile_background_tile":true,"favourites_count":31960,"screen_name":"possessedmgc","notifications":false,"url":"https://t.co/wLlzWLFkfw","created_at":"Mon Jan 19 21:14:38 +0000 2009","contributors_enabled":false,"time_zone":"Central Time (US & Canada)","protected":false,"default_profile":false,"is_translator":false},"geo":null,"in_reply_to_user_id_str":"1672611397","lang":"en","created_at":"Mon Dec 15 07:04:19 +0000 2014","in_reply_to_status_id_str":"544387085226876928","place":null},
{"contributors":null,"truncated":false,"text":"@possessedmgc Ohmygod i remember that, they were concerned about Miley what the fuck?","in_reply_to_status_id":544387462680674304,"id":544387991037177857,"favorite_count":0,"source":"<a href=\"http://twitter.com/download/android\" rel=\"nofollow\">Twitter for Android</a>","retweeted":false,"coordinates":null,"entities":{"symbols":[],"user_mentions":[{"id":19202473,"indices":[0,13],"id_str":"19202473","screen_name":"possessedmgc","name":"❄️❄️❄️"}],"hashtags":[],"urls":[]},"in_reply_to_screen_name":"possessedmgc","id_str":"544387991037177857","retweet_count":0,"in_reply_to_user_id":19202473,"favorited":false,"user":{"follow_request_sent":false,"profile_use_background_image":true,"profile_text_color":"333333","default_profile_image":false,"id":1672611397,"profile_background_image_url_https":"https://pbs.twimg.com/profile_background_images/432460828189528064/BR5AQkAb.jpeg","verified":false,"profile_location":null,"profile_image_url_https":"https://pbs.twimg.com/profile_images/575129822818533376/8YDLqtxn_normal.jpeg","profile_sidebar_fill_color":"DDEEF6","entities":{"description":{"urls":[]}},"followers_count":5190,"profile_sidebar_border_color":"000000","id_str":"1672611397","profile_background_color":"FAFAFA","listed_count":73,"is_translation_enabled":false,"utc_offset":37800,"statuses_count":61231,"description":"broken pencils are so pointless","friends_count":2446,"location":"lrh + band/4","profile_link_color":"FF3300","profile_image_url":"http://pbs.twimg.com/profile_images/575129822818533376/8YDLqtxn_normal.jpeg","following":false,"geo_enabled":false,"profile_banner_url":"https://pbs.twimg.com/profile_banners/1672611397/1418435665","profile_background_image_url":"http://pbs.twimg.com/profile_background_images/432460828189528064/BR5AQkAb.jpeg","name":"Lauren","lang":"en","profile_background_tile":true,"favourites_count":19754,"screen_name":"nightmaresnjh","notifications":false,"url":null,"created_at":"Thu Aug 15 08:03:04 +0000 2013","contributors_enabled":false,"time_zone":"Adelaide","protected":false,"default_profile":false,"is_translator":false},"geo":null,"in_reply_to_user_id_str":"19202473","lang":"en","created_at":"Mon Dec 15 07:06:25 +0000 2014","in_reply_to_status_id_str":"544387462680674304","place":null},
{"contributors":null,"truncated":false,"text":"@nightmaresnjh cause she would maybe lose her house like the world doesn't revolve around celebs","in_reply_to_status_id":544387991037177857,"id":544388737866530816,"favorite_count":0,"source":"<a href=\"http://twitter.com/download/iphone\" rel=\"nofollow\">Twitter for iPhone</a>","retweeted":false,"coordinates":null,"entities":{"symbols":[],"user_mentions":[{"id":1672611397,"indices":[0,14],"id_str":"1672611397","screen_name":"nightmaresnjh","name":"Lauren"}],"hashtags":[],"urls":[]},"in_reply_to_screen_name":"nightmaresnjh","id_str":"544388737866530816","retweet_count":0,"in_reply_to_user_id":1672611397,"favorited":false,"user":{"follow_request_sent":false,"profile_use_background_image":true,"profile_text_color":"9013C2","default_profile_image":false,"id":19202473,"profile_background_image_url_https":"https://pbs.twimg.com/profile_background_images/585618654/nn2ncws8focb3m4jw4qt.gif","verified":false,"profile_location":null,"profile_image_url_https":"https://pbs.twimg.com/profile_images/544381974693949442/HcWSZ_oA_normal.jpeg","profile_sidebar_fill_color":"000000","entities":{"url":{"urls":[{"url":"https://t.co/wLlzWLFkfw","indices":[0,23],"expanded_url":"https://twitter.com/grungerockdemi/status/518634232575721472","display_url":"twitter.com/grungerockdemi…"}]},"description":{"urls":[]}},"followers_count":6596,"profile_sidebar_border_color":"000000","id_str":"19202473","profile_background_color":"0F0F0F","listed_count":289,"is_translation_enabled":false,"utc_offset":-21600,"statuses_count":425620,"description":"a band of four idiots is the reason i know happiness exists, if you see this tweet me a pic of the one with crazy hair & a eyebrow piercing ♡ //409 days clean//","friends_count":2261,"location":"","profile_link_color":"EB2F9A","profile_image_url":"http://pbs.twimg.com/profile_images/544381974693949442/HcWSZ_oA_normal.jpeg","following":false,"geo_enabled":true,"profile_banner_url":"https://pbs.twimg.com/profile_banners/19202473/1418625749","profile_background_image_url":"http://pbs.twimg.com/profile_background_images/585618654/nn2ncws8focb3m4jw4qt.gif","name":"❄️❄️❄️","lang":"en","profile_background_tile":true,"favourites_count":31960,"screen_name":"possessedmgc","notifications":false,"url":"https://t.co/wLlzWLFkfw","created_at":"Mon Jan 19 21:14:38 +0000 2009","contributors_enabled":false,"time_zone":"Central Time (US & Canada)","protected":false,"default_profile":false,"is_translator":false},"geo":null,"in_reply_to_user_id_str":"1672611397","lang":"en","created_at":"Mon Dec 15 07:09:24 +0000 2014","in_reply_to_status_id_str":"544387991037177857","place":null},
{"contributors":null,"truncated":false,"text":"@nightmaresnjh if anything we should be glad 5SOS aren't there so they can't be harmed","in_reply_to_status_id":544387991037177857,"id":544388845236940800,"favorite_count":0,"source":"<a href=\"http://twitter.com/download/iphone\" rel=\"nofollow\">Twitter for iPhone</a>","retweeted":false,"coordinates":null,"entities":{"symbols":[],"user_mentions":[{"id":1672611397,"indices":[0,14],"id_str":"1672611397","screen_name":"nightmaresnjh","name":"Lauren"}],"hashtags":[],"urls":[]},"in_reply_to_screen_name":"nightmaresnjh","id_str":"544388845236940800","retweet_count":0,"in_reply_to_user_id":1672611397,"favorited":false,"user":{"follow_request_sent":false,"profile_use_background_image":true,"profile_text_color":"9013C2","default_profile_image":false,"id":19202473,"profile_background_image_url_https":"https://pbs.twimg.com/profile_background_images/585618654/nn2ncws8focb3m4jw4qt.gif","verified":false,"profile_location":null,"profile_image_url_https":"https://pbs.twimg.com/profile_images/544381974693949442/HcWSZ_oA_normal.jpeg","profile_sidebar_fill_color":"000000","entities":{"url":{"urls":[{"url":"https://t.co/wLlzWLFkfw","indices":[0,23],"expanded_url":"https://twitter.com/grungerockdemi/status/518634232575721472","display_url":"twitter.com/grungerockdemi…"}]},"description":{"urls":[]}},"followers_count":6596,"profile_sidebar_border_color":"000000","id_str":"19202473","profile_background_color":"0F0F0F","listed_count":289,"is_translation_enabled":false,"utc_offset":-21600,"statuses_count":425620,"description":"a band of four idiots is the reason i know happiness exists, if you see this tweet me a pic of the one with crazy hair & a eyebrow piercing ♡ //409 days clean//","friends_count":2261,"location":"","profile_link_color":"EB2F9A","profile_image_url":"http://pbs.twimg.com/profile_images/544381974693949442/HcWSZ_oA_normal.jpeg","following":false,"geo_enabled":true,"profile_banner_url":"https://pbs.twimg.com/profile_banners/19202473/1418625749","profile_background_image_url":"http://pbs.twimg.com/profile_background_images/585618654/nn2ncws8focb3m4jw4qt.gif","name":"❄️❄️❄️","lang":"en","profile_background_tile":true,"favourites_count":31960,"screen_name":"possessedmgc","notifications":false,"url":"https://t.co/wLlzWLFkfw","created_at":"Mon Jan 19 21:14:38 +0000 2009","contributors_enabled":false,"time_zone":"Central Time (US & Canada)","protected":false,"default_profile":false,"is_translator":false},"geo":null,"in_reply_to_user_id_str":"1672611397","lang":"en","created_at":"Mon Dec 15 07:09:49 +0000 2014","in_reply_to_status_id_str":"544387991037177857","place":null},
{"contributors":null,"truncated":false,"text":"@possessedmgc wow thats so shallow people like that are so stupid","in_reply_to_status_id":544388737866530816,"id":544388873673912320,"favorite_count":0,"source":"<a href=\"http://twitter.com/download/android\" rel=\"nofollow\">Twitter for Android</a>","retweeted":false,"coordinates":null,"entities":{"symbols":[],"user_mentions":[{"id":19202473,"indices":[0,13],"id_str":"19202473","screen_name":"possessedmgc","name":"❄️❄️❄️"}],"hashtags":[],"urls":[]},"in_reply_to_screen_name":"possessedmgc","id_str":"544388873673912320","retweet_count":0,"in_reply_to_user_id":19202473,"favorited":false,"user":{"follow_request_sent":false,"profile_use_background_image":true,"profile_text_color":"333333","default_profile_image":false,"id":1672611397,"profile_background_image_url_https":"https://pbs.twimg.com/profile_background_images/432460828189528064/BR5AQkAb.jpeg","verified":false,"profile_location":null,"profile_image_url_https":"https://pbs.twimg.com/profile_images/575129822818533376/8YDLqtxn_normal.jpeg","profile_sidebar_fill_color":"DDEEF6","entities":{"description":{"urls":[]}},"followers_count":5190,"profile_sidebar_border_color":"000000","id_str":"1672611397","profile_background_color":"FAFAFA","listed_count":73,"is_translation_enabled":false,"utc_offset":37800,"statuses_count":61231,"description":"broken pencils are so pointless","friends_count":2446,"location":"lrh + band/4","profile_link_color":"FF3300","profile_image_url":"http://pbs.twimg.com/profile_images/575129822818533376/8YDLqtxn_normal.jpeg","following":false,"geo_enabled":false,"profile_banner_url":"https://pbs.twimg.com/profile_banners/1672611397/1418435665","profile_background_image_url":"http://pbs.twimg.com/profile_background_images/432460828189528064/BR5AQkAb.jpeg","name":"Lauren","lang":"en","profile_background_tile":true,"favourites_count":19754,"screen_name":"nightmaresnjh","notifications":false,"url":null,"created_at":"Thu Aug 15 08:03:04 +0000 2013","contributors_enabled":false,"time_zone":"Adelaide","protected":false,"default_profile":false,"is_translator":false},"geo":null,"in_reply_to_user_id_str":"19202473","lang":"en","created_at":"Mon Dec 15 07:09:56 +0000 2014","in_reply_to_status_id_str":"544388737866530816","place":null},
{"contributors":null,"truncated":false,"text":"@possessedmgc people shouldnt be relating this to 5sos at all they should be thinking about the hostages","in_reply_to_status_id":544388845236940800,"id":544389030456983552,"favorite_count":0,"source":"<a href=\"http://twitter.com/download/android\" rel=\"nofollow\">Twitter for Android</a>","retweeted":false,"coordinates":null,"entities":{"symbols":[],"user_mentions":[{"id":19202473,"indices":[0,13],"id_str":"19202473","screen_name":"possessedmgc","name":"❄️❄️❄️"}],"hashtags":[],"urls":[]},"in_reply_to_screen_name":"possessedmgc","id_str":"544389030456983552","retweet_count":0,"in_reply_to_user_id":19202473,"favorited":false,"user":{"follow_request_sent":false,"profile_use_background_image":true,"profile_text_color":"333333","default_profile_image":false,"id":1672611397,"profile_background_image_url_https":"https://pbs.twimg.com/profile_background_images/432460828189528064/BR5AQkAb.jpeg","verified":false,"profile_location":null,"profile_image_url_https":"https://pbs.twimg.com/profile_images/575129822818533376/8YDLqtxn_normal.jpeg","profile_sidebar_fill_color":"DDEEF6","entities":{"description":{"urls":[]}},"followers_count":5190,"profile_sidebar_border_color":"000000","id_str":"1672611397","profile_background_color":"FAFAFA","listed_count":73,"is_translation_enabled":false,"utc_offset":37800,"statuses_count":61231,"description":"broken pencils are so pointless","friends_count":2446,"location":"lrh + band/4","profile_link_color":"FF3300","profile_image_url":"http://pbs.twimg.com/profile_images/575129822818533376/8YDLqtxn_normal.jpeg","following":false,"geo_enabled":false,"profile_banner_url":"https://pbs.twimg.com/profile_banners/1672611397/1418435665","profile_background_image_url":"http://pbs.twimg.com/profile_background_images/432460828189528064/BR5AQkAb.jpeg","name":"Lauren","lang":"en","profile_background_tile":true,"favourites_count":19754,"screen_name":"nightmaresnjh","notifications":false,"url":null,"created_at":"Thu Aug 15 08:03:04 +0000 2013","contributors_enabled":false,"time_zone":"Adelaide","protected":false,"default_profile":false,"is_translator":false},"geo":null,"in_reply_to_user_id_str":"19202473","lang":"en","created_at":"Mon Dec 15 07:10:33 +0000 2014","in_reply_to_status_id_str":"544388845236940800","place":null},
{"contributors":null,"truncated":false,"text":"@nightmaresnjh ik ik","in_reply_to_status_id":544389030456983552,"id":544389166025289728,"favorite_count":0,"source":"<a href=\"http://twitter.com/download/iphone\" rel=\"nofollow\">Twitter for iPhone</a>","retweeted":false,"coordinates":null,"entities":{"symbols":[],"user_mentions":[{"id":1672611397,"indices":[0,14],"id_str":"1672611397","screen_name":"nightmaresnjh","name":"Lauren"}],"hashtags":[],"urls":[]},"in_reply_to_screen_name":"nightmaresnjh","id_str":"544389166025289728","retweet_count":0,"in_reply_to_user_id":1672611397,"favorited":false,"user":{"follow_request_sent":false,"profile_use_background_image":true,"profile_text_color":"9013C2","default_profile_image":false,"id":19202473,"profile_background_image_url_https":"https://pbs.twimg.com/profile_background_images/585618654/nn2ncws8focb3m4jw4qt.gif","verified":false,"profile_location":null,"profile_image_url_https":"https://pbs.twimg.com/profile_images/544381974693949442/HcWSZ_oA_normal.jpeg","profile_sidebar_fill_color":"000000","entities":{"url":{"urls":[{"url":"https://t.co/wLlzWLFkfw","indices":[0,23],"expanded_url":"https://twitter.com/grungerockdemi/status/518634232575721472","display_url":"twitter.com/grungerockdemi…"}]},"description":{"urls":[]}},"followers_count":6596,"profile_sidebar_border_color":"000000","id_str":"19202473","profile_background_color":"0F0F0F","listed_count":286,"is_translation_enabled":false,"utc_offset":-21600,"statuses_count":425626,"description":"a band of four idiots is the reason i know happiness exists, if you see this tweet me a pic of the one with crazy hair & a eyebrow piercing ♡ //409 days clean//","friends_count":2261,"location":"","profile_link_color":"EB2F9A","profile_image_url":"http://pbs.twimg.com/profile_images/544381974693949442/HcWSZ_oA_normal.jpeg","following":false,"geo_enabled":true,"profile_banner_url":"https://pbs.twimg.com/profile_banners/19202473/1418625749","profile_background_image_url":"http://pbs.twimg.com/profile_background_images/585618654/nn2ncws8focb3m4jw4qt.gif","name":"❄️❄️❄️","lang":"en","profile_background_tile":true,"favourites_count":31960,"screen_name":"possessedmgc","notifications":false,"url":"https://t.co/wLlzWLFkfw","created_at":"Mon Jan 19 21:14:38 +0000 2009","contributors_enabled":false,"time_zone":"Central Time (US & Canada)","protected":false,"default_profile":false,"is_translator":false},"geo":null,"in_reply_to_user_id_str":"1672611397","lang":"nl","created_at":"Mon Dec 15 07:11:06 +0000 2014","in_reply_to_status_id_str":"544389030456983552","place":null},
{"contributors":null,"truncated":false,"text":"@nightmaresnjh @possessedmgc nobody worried abt hawaii and I'm pretty sure we got a tsunami after that that's so inconsiderate","in_reply_to_status_id":544387991037177857,"id":544389618271924224,"favorite_count":0,"source":"<a href=\"http://twitter.com/download/iphone\" rel=\"nofollow\">Twitter for iPhone</a>","retweeted":false,"coordinates":null,"entities":{"symbols":[],"user_mentions":[{"id":1672611397,"indices":[0,14],"id_str":"1672611397","screen_name":"nightmaresnjh","name":"Lauren"},{"id":19202473,"indices":[15,28],"id_str":"19202473","screen_name":"possessedmgc","name":"❄️❄️❄️"}],"hashtags":[],"urls":[]},"in_reply_to_screen_name":"nightmaresnjh","id_str":"544389618271924224","retweet_count":0,"in_reply_to_user_id":1672611397,"favorited":false,"user":{"follow_request_sent":false,"profile_use_background_image":true,"profile_text_color":"0CF054","default_profile_image":false,"id":251365841,"profile_background_image_url_https":"https://pbs.twimg.com/profile_background_images/539979206893916160/h0BbcqD7.jpeg","verified":false,"profile_location":null,"profile_image_url_https":"https://pbs.twimg.com/profile_images/579185010147618817/fQTAj63E_normal.jpg","profile_sidebar_fill_color":"000000","entities":{"url":{"urls":[{"url":"https://t.co/Nn2wVyOOQT","indices":[0,23],"expanded_url":"https://twitter.com/orionnichole/status/505657820436779008","display_url":"twitter.com/orionnichole/s…"}]},"description":{"urls":[]}},"followers_count":15099,"profile_sidebar_border_color":"000000","id_str":"251365841","profile_background_color":"F7F2F2","listed_count":155,"is_translation_enabled":false,"utc_offset":-36000,"statuses_count":115659,"description":"if i can't have you no one can","friends_count":171,"location":"@jellyfishcalum || cake/4+ymas","profile_link_color":"89C9FA","profile_image_url":"http://pbs.twimg.com/profile_images/579185010147618817/fQTAj63E_normal.jpg","following":false,"geo_enabled":false,"profile_banner_url":"https://pbs.twimg.com/profile_banners/251365841/1418636388","profile_background_image_url":"http://pbs.twimg.com/profile_background_images/539979206893916160/h0BbcqD7.jpeg","name":"hope","lang":"en","profile_background_tile":true,"favourites_count":34677,"screen_name":"kissmycal","notifications":false,"url":"https://t.co/Nn2wVyOOQT","created_at":"Sun Feb 13 00:26:07 +0000 2011","contributors_enabled":false,"time_zone":"Hawaii","protected":false,"default_profile":false,"is_translator":false},"geo":null,"in_reply_to_user_id_str":"1672611397","lang":"en","created_at":"Mon Dec 15 07:12:53 +0000 2014","in_reply_to_status_id_str":"544387991037177857","place":null},
{"contributors":null,"truncated":false,"text":"@kissmycal @possessedmgc and they were worried about Miley cyrus' house wow","in_reply_to_status_id":544389618271924224,"id":544389802246696960,"favorite_count":0,"source":"<a href=\"http://twitter.com/download/android\" rel=\"nofollow\">Twitter for Android</a>","retweeted":false,"coordinates":null,"entities":{"symbols":[],"user_mentions":[{"id":251365841,"indices":[0,10],"id_str":"251365841","screen_name":"kissmycal","name":"hope"},{"id":19202473,"indices":[11,24],"id_str":"19202473","screen_name":"possessedmgc","name":"❄️❄️❄️"}],"hashtags":[],"urls":[]},"in_reply_to_screen_name":"kissmycal","id_str":"544389802246696960","retweet_count":0,"in_reply_to_user_id":251365841,"favorited":false,"user":{"follow_request_sent":false,"profile_use_background_image":true,"profile_text_color":"333333","default_profile_image":false,"id":1672611397,"profile_background_image_url_https":"https://pbs.twimg.com/profile_background_images/432460828189528064/BR5AQkAb.jpeg","verified":false,"profile_location":null,"profile_image_url_https":"https://pbs.twimg.com/profile_images/575129822818533376/8YDLqtxn_normal.jpeg","profile_sidebar_fill_color":"DDEEF6","entities":{"description":{"urls":[]}},"followers_count":5190,"profile_sidebar_border_color":"000000","id_str":"1672611397","profile_background_color":"FAFAFA","listed_count":73,"is_translation_enabled":false,"utc_offset":37800,"statuses_count":61231,"description":"broken pencils are so pointless","friends_count":2446,"location":"lrh + band/4","profile_link_color":"FF3300","profile_image_url":"http://pbs.twimg.com/profile_images/575129822818533376/8YDLqtxn_normal.jpeg","following":false,"geo_enabled":false,"profile_banner_url":"https://pbs.twimg.com/profile_banners/1672611397/1418435665","profile_background_image_url":"http://pbs.twimg.com/profile_background_images/432460828189528064/BR5AQkAb.jpeg","name":"Lauren","lang":"en","profile_background_tile":true,"favourites_count":19754,"screen_name":"nightmaresnjh","notifications":false,"url":null,"created_at":"Thu Aug 15 08:03:04 +0000 2013","contributors_enabled":false,"time_zone":"Adelaide","protected":false,"default_profile":false,"is_translator":false},"geo":null,"in_reply_to_user_id_str":"251365841","lang":"en","created_at":"Mon Dec 15 07:13:37 +0000 2014","in_reply_to_status_id_str":"544389618271924224","place":null},
{"contributors":null,"truncated":false,"text":"@nightmaresnjh @possessedmgc humanity is awesome :-)","in_reply_to_status_id":544389802246696960,"id":544389909205635072,"favorite_count":0,"source":"<a href=\"http://twitter.com/download/iphone\" rel=\"nofollow\">Twitter for iPhone</a>","retweeted":false,"coordinates":null,"entities":{"symbols":[],"user_mentions":[{"id":1672611397,"indices":[0,14],"id_str":"1672611397","screen_name":"nightmaresnjh","name":"Lauren"},{"id":19202473,"indices":[15,28],"id_str":"19202473","screen_name":"possessedmgc","name":"❄️❄️❄️"}],"hashtags":[],"urls":[]},"in_reply_to_screen_name":"nightmaresnjh","id_str":"544389909205635072","retweet_count":0,"in_reply_to_user_id":1672611397,"favorited":false,"user":{"follow_request_sent":false,"profile_use_background_image":true,"profile_text_color":"0CF054","default_profile_image":false,"id":251365841,"profile_background_image_url_https":"https://pbs.twimg.com/profile_background_images/539979206893916160/h0BbcqD7.jpeg","verified":false,"profile_location":null,"profile_image_url_https":"https://pbs.twimg.com/profile_images/579185010147618817/fQTAj63E_normal.jpg","profile_sidebar_fill_color":"000000","entities":{"url":{"urls":[{"url":"https://t.co/Nn2wVyOOQT","indices":[0,23],"expanded_url":"https://twitter.com/orionnichole/status/505657820436779008","display_url":"twitter.com/orionnichole/s…"}]},"description":{"urls":[]}},"followers_count":15087,"profile_sidebar_border_color":"000000","id_str":"251365841","profile_background_color":"F7F2F2","listed_count":155,"is_translation_enabled":false,"utc_offset":-36000,"statuses_count":115702,"description":"if i can't have you no one can","friends_count":172,"location":"@jellyfishcalum || cake/4+ymas","profile_link_color":"89C9FA","profile_image_url":"http://pbs.twimg.com/profile_images/579185010147618817/fQTAj63E_normal.jpg","following":false,"geo_enabled":false,"profile_banner_url":"https://pbs.twimg.com/profile_banners/251365841/1418887819","profile_background_image_url":"http://pbs.twimg.com/profile_background_images/539979206893916160/h0BbcqD7.jpeg","name":"hope","lang":"en","profile_background_tile":true,"favourites_count":34711,"screen_name":"kissmycal","notifications":false,"url":"https://t.co/Nn2wVyOOQT","created_at":"Sun Feb 13 00:26:07 +0000 2011","contributors_enabled":false,"time_zone":"Hawaii","protected":false,"default_profile":false,"is_translator":false},"geo":null,"in_reply_to_user_id_str":"1672611397","lang":"en","created_at":"Mon Dec 15 07:14:03 +0000 2014","in_reply_to_status_id_str":"544389802246696960","place":null},
{"contributors":null,"truncated":false,"text":"@kissmycal @possessedmgc people are just awesome they are so lovely ♡","in_reply_to_status_id":544389909205635072,"id":544390169902608386,"favorite_count":0,"source":"<a href=\"http://twitter.com/download/android\" rel=\"nofollow\">Twitter for Android</a>","retweeted":false,"coordinates":null,"entities":{"symbols":[],"user_mentions":[{"id":251365841,"indices":[0,10],"id_str":"251365841","screen_name":"kissmycal","name":"hope"},{"id":19202473,"indices":[11,24],"id_str":"19202473","screen_name":"possessedmgc","name":"❄️❄️❄️"}],"hashtags":[],"urls":[]},"in_reply_to_screen_name":"kissmycal","id_str":"544390169902608386","retweet_count":0,"in_reply_to_user_id":251365841,"favorited":false,"user":{"follow_request_sent":false,"profile_use_background_image":true,"profile_text_color":"333333","default_profile_image":false,"id":1672611397,"profile_background_image_url_https":"https://pbs.twimg.com/profile_background_images/432460828189528064/BR5AQkAb.jpeg","verified":false,"profile_location":null,"profile_image_url_https":"https://pbs.twimg.com/profile_images/575129822818533376/8YDLqtxn_normal.jpeg","profile_sidebar_fill_color":"DDEEF6","entities":{"description":{"urls":[]}},"followers_count":5196,"profile_sidebar_border_color":"000000","id_str":"1672611397","profile_background_color":"FAFAFA","listed_count":73,"is_translation_enabled":false,"utc_offset":37800,"statuses_count":61288,"description":"broken pencils are so pointless","friends_count":2445,"location":"lrh + band/4","profile_link_color":"FF3300","profile_image_url":"http://pbs.twimg.com/profile_images/575129822818533376/8YDLqtxn_normal.jpeg","following":false,"geo_enabled":false,"profile_banner_url":"https://pbs.twimg.com/profile_banners/1672611397/1418435665","profile_background_image_url":"http://pbs.twimg.com/profile_background_images/432460828189528064/BR5AQkAb.jpeg","name":"Lauren","lang":"en","profile_background_tile":true,"favourites_count":19764,"screen_name":"nightmaresnjh","notifications":false,"url":null,"created_at":"Thu Aug 15 08:03:04 +0000 2013","contributors_enabled":false,"time_zone":"Adelaide","protected":false,"default_profile":false,"is_translator":false},"geo":null,"in_reply_to_user_id_str":"251365841","lang":"en","created_at":"Mon Dec 15 07:15:05 +0000 2014","in_reply_to_status_id_str":"544389909205635072","place":null},
{"contributors":null,"truncated":false,"text":"@nightmaresnjh @possessedmgc in a not sarcastic tone U are the loveliest 💓","in_reply_to_status_id":544390169902608386,"id":544390783738994688,"favorite_count":0,"source":"<a href=\"http://twitter.com/download/iphone\" rel=\"nofollow\">Twitter for iPhone</a>","retweeted":false,"coordinates":null,"entities":{"symbols":[],"user_mentions":[{"id":1672611397,"indices":[0,14],"id_str":"1672611397","screen_name":"nightmaresnjh","name":"Lauren"},{"id":19202473,"indices":[15,28],"id_str":"19202473","screen_name":"possessedmgc","name":"❄️❄️❄️"}],"hashtags":[],"urls":[]},"in_reply_to_screen_name":"nightmaresnjh","id_str":"544390783738994688","retweet_count":0,"in_reply_to_user_id":1672611397,"favorited":false,"user":{"follow_request_sent":false,"profile_use_background_image":true,"profile_text_color":"0CF054","default_profile_image":false,"id":251365841,"profile_background_image_url_https":"https://pbs.twimg.com/profile_background_images/539979206893916160/h0BbcqD7.jpeg","verified":false,"profile_location":null,"profile_image_url_https":"https://pbs.twimg.com/profile_images/579185010147618817/fQTAj63E_normal.jpg","profile_sidebar_fill_color":"000000","entities":{"url":{"urls":[{"url":"https://t.co/Nn2wVyOOQT","indices":[0,23],"expanded_url":"https://twitter.com/orionnichole/status/505657820436779008","display_url":"twitter.com/orionnichole/s…"}]},"description":{"urls":[]}},"followers_count":15087,"profile_sidebar_border_color":"000000","id_str":"251365841","profile_background_color":"F7F2F2","listed_count":155,"is_translation_enabled":false,"utc_offset":-36000,"statuses_count":115702,"description":"if i can't have you no one can","friends_count":172,"location":"@jellyfishcalum || cake/4+ymas","profile_link_color":"89C9FA","profile_image_url":"http://pbs.twimg.com/profile_images/579185010147618817/fQTAj63E_normal.jpg","following":false,"geo_enabled":false,"profile_banner_url":"https://pbs.twimg.com/profile_banners/251365841/1418887819","profile_background_image_url":"http://pbs.twimg.com/profile_background_images/539979206893916160/h0BbcqD7.jpeg","name":"hope","lang":"en","profile_background_tile":true,"favourites_count":34711,"screen_name":"kissmycal","notifications":false,"url":"https://t.co/Nn2wVyOOQT","created_at":"Sun Feb 13 00:26:07 +0000 2011","contributors_enabled":false,"time_zone":"Hawaii","protected":false,"default_profile":false,"is_translator":false},"geo":null,"in_reply_to_user_id_str":"1672611397","lang":"en","created_at":"Mon Dec 15 07:17:31 +0000 2014","in_reply_to_status_id_str":"544390169902608386","place":null},
{"contributors":null,"truncated":false,"text":"@kissmycal @nightmaresnjh what about me","in_reply_to_status_id":544390783738994688,"id":544391064577007616,"favorite_count":0,"source":"<a href=\"http://twitter.com/download/iphone\" rel=\"nofollow\">Twitter for iPhone</a>","retweeted":false,"coordinates":null,"entities":{"symbols":[],"user_mentions":[{"id":251365841,"indices":[0,10],"id_str":"251365841","screen_name":"kissmycal","name":"hope"},{"id":1672611397,"indices":[11,25],"id_str":"1672611397","screen_name":"nightmaresnjh","name":"Lauren"}],"hashtags":[],"urls":[]},"in_reply_to_screen_name":"kissmycal","id_str":"544391064577007616","retweet_count":0,"in_reply_to_user_id":251365841,"favorited":false,"user":{"follow_request_sent":false,"profile_use_background_image":true,"profile_text_color":"9013C2","default_profile_image":false,"id":19202473,"profile_background_image_url_https":"https://pbs.twimg.com/profile_background_images/585618654/nn2ncws8focb3m4jw4qt.gif","verified":false,"profile_location":null,"profile_image_url_https":"https://pbs.twimg.com/profile_images/544381974693949442/HcWSZ_oA_normal.jpeg","profile_sidebar_fill_color":"000000","entities":{"url":{"urls":[{"url":"https://t.co/wLlzWLFkfw","indices":[0,23],"expanded_url":"https://twitter.com/grungerockdemi/status/518634232575721472","display_url":"twitter.com/grungerockdemi…"}]},"description":{"urls":[]}},"followers_count":6601,"profile_sidebar_border_color":"000000","id_str":"19202473","profile_background_color":"0F0F0F","listed_count":286,"is_translation_enabled":false,"utc_offset":-21600,"statuses_count":425856,"description":"a band of four idiots is the reason i know happiness exists, if you see this tweet me a pic of the one with crazy hair & a eyebrow piercing ♡ //410 days clean//","friends_count":2267,"location":"","profile_link_color":"EB2F9A","profile_image_url":"http://pbs.twimg.com/profile_images/544381974693949442/HcWSZ_oA_normal.jpeg","following":false,"geo_enabled":true,"profile_banner_url":"https://pbs.twimg.com/profile_banners/19202473/1418625749","profile_background_image_url":"http://pbs.twimg.com/profile_background_images/585618654/nn2ncws8focb3m4jw4qt.gif","name":"worthless;","lang":"en","profile_background_tile":true,"favourites_count":32021,"screen_name":"possessedmgc","notifications":false,"url":"https://t.co/wLlzWLFkfw","created_at":"Mon Jan 19 21:14:38 +0000 2009","contributors_enabled":false,"time_zone":"Central Time (US & Canada)","protected":false,"default_profile":false,"is_translator":false},"geo":null,"in_reply_to_user_id_str":"251365841","lang":"en","created_at":"Mon Dec 15 07:18:38 +0000 2014","in_reply_to_status_id_str":"544390783738994688","place":null},
{"contributors":null,"truncated":false,"text":"@kissmycal @nightmaresnjh it's great","in_reply_to_status_id":544389909205635072,"id":544391093928722432,"favorite_count":0,"source":"<a href=\"http://twitter.com/download/iphone\" rel=\"nofollow\">Twitter for iPhone</a>","retweeted":false,"coordinates":null,"entities":{"symbols":[],"user_mentions":[{"id":251365841,"indices":[0,10],"id_str":"251365841","screen_name":"kissmycal","name":"hope"},{"id":1672611397,"indices":[11,25],"id_str":"1672611397","screen_name":"nightmaresnjh","name":"Lauren"}],"hashtags":[],"urls":[]},"in_reply_to_screen_name":"kissmycal","id_str":"544391093928722432","retweet_count":0,"in_reply_to_user_id":251365841,"favorited":false,"user":{"follow_request_sent":false,"profile_use_background_image":true,"profile_text_color":"9013C2","default_profile_image":false,"id":19202473,"profile_background_image_url_https":"https://pbs.twimg.com/profile_background_images/585618654/nn2ncws8focb3m4jw4qt.gif","verified":false,"profile_location":null,"profile_image_url_https":"https://pbs.twimg.com/profile_images/544381974693949442/HcWSZ_oA_normal.jpeg","profile_sidebar_fill_color":"000000","entities":{"url":{"urls":[{"url":"https://t.co/wLlzWLFkfw","indices":[0,23],"expanded_url":"https://twitter.com/grungerockdemi/status/518634232575721472","display_url":"twitter.com/grungerockdemi…"}]},"description":{"urls":[]}},"followers_count":6601,"profile_sidebar_border_color":"000000","id_str":"19202473","profile_background_color":"0F0F0F","listed_count":286,"is_translation_enabled":false,"utc_offset":-21600,"statuses_count":425856,"description":"a band of four idiots is the reason i know happiness exists, if you see this tweet me a pic of the one with crazy hair & a eyebrow piercing ♡ //410 days clean//","friends_count":2267,"location":"","profile_link_color":"EB2F9A","profile_image_url":"http://pbs.twimg.com/profile_images/544381974693949442/HcWSZ_oA_normal.jpeg","following":false,"geo_enabled":true,"profile_banner_url":"https://pbs.twimg.com/profile_banners/19202473/1418625749","profile_background_image_url":"http://pbs.twimg.com/profile_background_images/585618654/nn2ncws8focb3m4jw4qt.gif","name":"worthless;","lang":"en","profile_background_tile":true,"favourites_count":32021,"screen_name":"possessedmgc","notifications":false,"url":"https://t.co/wLlzWLFkfw","created_at":"Mon Jan 19 21:14:38 +0000 2009","contributors_enabled":false,"time_zone":"Central Time (US & Canada)","protected":false,"default_profile":false,"is_translator":false},"geo":null,"in_reply_to_user_id_str":"251365841","lang":"en","created_at":"Mon Dec 15 07:18:45 +0000 2014","in_reply_to_status_id_str":"544389909205635072","place":null},
{"contributors":null,"truncated":false,"text":"@kissmycal @possessedmgc whenever I see anyone using u instead of you I seems so sarcastic is that just me","in_reply_to_status_id":544390783738994688,"id":544391126874992641,"favorite_count":0,"source":"<a href=\"http://twitter.com/download/android\" rel=\"nofollow\">Twitter for Android</a>","retweeted":false,"coordinates":null,"entities":{"symbols":[],"user_mentions":[{"id":251365841,"indices":[0,10],"id_str":"251365841","screen_name":"kissmycal","name":"hope"},{"id":19202473,"indices":[11,24],"id_str":"19202473","screen_name":"possessedmgc","name":"❄️❄️❄️"}],"hashtags":[],"urls":[]},"in_reply_to_screen_name":"kissmycal","id_str":"544391126874992641","retweet_count":0,"in_reply_to_user_id":251365841,"favorited":false,"user":{"follow_request_sent":false,"profile_use_background_image":true,"profile_text_color":"333333","default_profile_image":false,"id":1672611397,"profile_background_image_url_https":"https://pbs.twimg.com/profile_background_images/432460828189528064/BR5AQkAb.jpeg","verified":false,"profile_location":null,"profile_image_url_https":"https://pbs.twimg.com/profile_images/575129822818533376/8YDLqtxn_normal.jpeg","profile_sidebar_fill_color":"DDEEF6","entities":{"description":{"urls":[]}},"followers_count":5196,"profile_sidebar_border_color":"000000","id_str":"1672611397","profile_background_color":"FAFAFA","listed_count":73,"is_translation_enabled":false,"utc_offset":37800,"statuses_count":61288,"description":"broken pencils are so pointless","friends_count":2445,"location":"lrh + band/4","profile_link_color":"FF3300","profile_image_url":"http://pbs.twimg.com/profile_images/575129822818533376/8YDLqtxn_normal.jpeg","following":false,"geo_enabled":false,"profile_banner_url":"https://pbs.twimg.com/profile_banners/1672611397/1418435665","profile_background_image_url":"http://pbs.twimg.com/profile_background_images/432460828189528064/BR5AQkAb.jpeg","name":"Lauren","lang":"en","profile_background_tile":true,"favourites_count":19764,"screen_name":"nightmaresnjh","notifications":false,"url":null,"created_at":"Thu Aug 15 08:03:04 +0000 2013","contributors_enabled":false,"time_zone":"Adelaide","protected":false,"default_profile":false,"is_translator":false},"geo":null,"in_reply_to_user_id_str":"251365841","lang":"en","created_at":"Mon Dec 15 07:18:53 +0000 2014","in_reply_to_status_id_str":"544390783738994688","place":null},
{"contributors":null,"truncated":false,"text":"@possessedmgc @nightmaresnjh I do not like u","in_reply_to_status_id":544391064577007616,"id":544391213126672384,"favorite_count":0,"source":"<a href=\"http://twitter.com/download/iphone\" rel=\"nofollow\">Twitter for iPhone</a>","retweeted":false,"coordinates":null,"entities":{"symbols":[],"user_mentions":[{"id":19202473,"indices":[0,13],"id_str":"19202473","screen_name":"possessedmgc","name":"❄️❄️❄️"},{"id":1672611397,"indices":[14,28],"id_str":"1672611397","screen_name":"nightmaresnjh","name":"Lauren"}],"hashtags":[],"urls":[]},"in_reply_to_screen_name":"possessedmgc","id_str":"544391213126672384","retweet_count":0,"in_reply_to_user_id":19202473,"favorited":false,"user":{"follow_request_sent":false,"profile_use_background_image":true,"profile_text_color":"0CF054","default_profile_image":false,"id":251365841,"profile_background_image_url_https":"https://pbs.twimg.com/profile_background_images/539979206893916160/h0BbcqD7.jpeg","verified":false,"profile_location":null,"profile_image_url_https":"https://pbs.twimg.com/profile_images/579185010147618817/fQTAj63E_normal.jpg","profile_sidebar_fill_color":"000000","entities":{"url":{"urls":[{"url":"https://t.co/Nn2wVyOOQT","indices":[0,23],"expanded_url":"https://twitter.com/orionnichole/status/505657820436779008","display_url":"twitter.com/orionnichole/s…"}]},"description":{"urls":[]}},"followers_count":15087,"profile_sidebar_border_color":"000000","id_str":"251365841","profile_background_color":"F7F2F2","listed_count":155,"is_translation_enabled":false,"utc_offset":-36000,"statuses_count":115702,"description":"if i can't have you no one can","friends_count":172,"location":"@jellyfishcalum || cake/4+ymas","profile_link_color":"89C9FA","profile_image_url":"http://pbs.twimg.com/profile_images/579185010147618817/fQTAj63E_normal.jpg","following":false,"geo_enabled":false,"profile_banner_url":"https://pbs.twimg.com/profile_banners/251365841/1418887819","profile_background_image_url":"http://pbs.twimg.com/profile_background_images/539979206893916160/h0BbcqD7.jpeg","name":"hope","lang":"en","profile_background_tile":true,"favourites_count":34711,"screen_name":"kissmycal","notifications":false,"url":"https://t.co/Nn2wVyOOQT","created_at":"Sun Feb 13 00:26:07 +0000 2011","contributors_enabled":false,"time_zone":"Hawaii","protected":false,"default_profile":false,"is_translator":false},"geo":null,"in_reply_to_user_id_str":"19202473","lang":"en","created_at":"Mon Dec 15 07:19:14 +0000 2014","in_reply_to_status_id_str":"544391064577007616","place":null},
{"contributors":null,"truncated":false,"text":"@kissmycal eff you","in_reply_to_status_id":544391213126672384,"id":544391306907090944,"favorite_count":0,"source":"<a href=\"http://twitter.com/download/iphone\" rel=\"nofollow\">Twitter for iPhone</a>","retweeted":false,"coordinates":null,"entities":{"symbols":[],"user_mentions":[{"id":251365841,"indices":[0,10],"id_str":"251365841","screen_name":"kissmycal","name":"hope"}],"hashtags":[],"urls":[]},"in_reply_to_screen_name":"kissmycal","id_str":"544391306907090944","retweet_count":0,"in_reply_to_user_id":251365841,"favorited":false,"user":{"follow_request_sent":false,"profile_use_background_image":true,"profile_text_color":"9013C2","default_profile_image":false,"id":19202473,"profile_background_image_url_https":"https://pbs.twimg.com/profile_background_images/585618654/nn2ncws8focb3m4jw4qt.gif","verified":false,"profile_location":null,"profile_image_url_https":"https://pbs.twimg.com/profile_images/544381974693949442/HcWSZ_oA_normal.jpeg","profile_sidebar_fill_color":"000000","entities":{"url":{"urls":[{"url":"https://t.co/wLlzWLFkfw","indices":[0,23],"expanded_url":"https://twitter.com/grungerockdemi/status/518634232575721472","display_url":"twitter.com/grungerockdemi…"}]},"description":{"urls":[]}},"followers_count":6601,"profile_sidebar_border_color":"000000","id_str":"19202473","profile_background_color":"0F0F0F","listed_count":286,"is_translation_enabled":false,"utc_offset":-21600,"statuses_count":425856,"description":"a band of four idiots is the reason i know happiness exists, if you see this tweet me a pic of the one with crazy hair & a eyebrow piercing ♡ //410 days clean//","friends_count":2267,"location":"","profile_link_color":"EB2F9A","profile_image_url":"http://pbs.twimg.com/profile_images/544381974693949442/HcWSZ_oA_normal.jpeg","following":false,"geo_enabled":true,"profile_banner_url":"https://pbs.twimg.com/profile_banners/19202473/1418625749","profile_background_image_url":"http://pbs.twimg.com/profile_background_images/585618654/nn2ncws8focb3m4jw4qt.gif","name":"worthless;","lang":"en","profile_background_tile":true,"favourites_count":32021,"screen_name":"possessedmgc","notifications":false,"url":"https://t.co/wLlzWLFkfw","created_at":"Mon Jan 19 21:14:38 +0000 2009","contributors_enabled":false,"time_zone":"Central Time (US & Canada)","protected":false,"default_profile":false,"is_translator":false},"geo":null,"in_reply_to_user_id_str":"251365841","lang":"en","created_at":"Mon Dec 15 07:19:36 +0000 2014","in_reply_to_status_id_str":"544391213126672384","place":null},
{"contributors":null,"truncated":false,"text":"@nightmaresnjh @possessedmgc same but it's become such a habit for me that now it's both i","in_reply_to_status_id":544391126874992641,"id":544391315455102976,"favorite_count":0,"source":"<a href=\"http://twitter.com/download/iphone\" rel=\"nofollow\">Twitter for iPhone</a>","retweeted":false,"coordinates":null,"entities":{"symbols":[],"user_mentions":[{"id":1672611397,"indices":[0,14],"id_str":"1672611397","screen_name":"nightmaresnjh","name":"Lauren"},{"id":19202473,"indices":[15,28],"id_str":"19202473","screen_name":"possessedmgc","name":"❄️❄️❄️"}],"hashtags":[],"urls":[]},"in_reply_to_screen_name":"nightmaresnjh","id_str":"544391315455102976","retweet_count":0,"in_reply_to_user_id":1672611397,"favorited":false,"user":{"follow_request_sent":false,"profile_use_background_image":true,"profile_text_color":"0CF054","default_profile_image":false,"id":251365841,"profile_background_image_url_https":"https://pbs.twimg.com/profile_background_images/539979206893916160/h0BbcqD7.jpeg","verified":false,"profile_location":null,"profile_image_url_https":"https://pbs.twimg.com/profile_images/579185010147618817/fQTAj63E_normal.jpg","profile_sidebar_fill_color":"000000","entities":{"url":{"urls":[{"url":"https://t.co/Nn2wVyOOQT","indices":[0,23],"expanded_url":"https://twitter.com/orionnichole/status/505657820436779008","display_url":"twitter.com/orionnichole/s…"}]},"description":{"urls":[]}},"followers_count":15087,"profile_sidebar_border_color":"000000","id_str":"251365841","profile_background_color":"F7F2F2","listed_count":155,"is_translation_enabled":false,"utc_offset":-36000,"statuses_count":115702,"description":"if i can't have you no one can","friends_count":172,"location":"@jellyfishcalum || cake/4+ymas","profile_link_color":"89C9FA","profile_image_url":"http://pbs.twimg.com/profile_images/579185010147618817/fQTAj63E_normal.jpg","following":false,"geo_enabled":false,"profile_banner_url":"https://pbs.twimg.com/profile_banners/251365841/1418887819","profile_background_image_url":"http://pbs.twimg.com/profile_background_images/539979206893916160/h0BbcqD7.jpeg","name":"hope","lang":"en","profile_background_tile":true,"favourites_count":34711,"screen_name":"kissmycal","notifications":false,"url":"https://t.co/Nn2wVyOOQT","created_at":"Sun Feb 13 00:26:07 +0000 2011","contributors_enabled":false,"time_zone":"Hawaii","protected":false,"default_profile":false,"is_translator":false},"geo":null,"in_reply_to_user_id_str":"1672611397","lang":"en","created_at":"Mon Dec 15 07:19:38 +0000 2014","in_reply_to_status_id_str":"544391126874992641","place":null},
{"contributors":null,"truncated":false,"text":"@possessedmgc I love you 😥","in_reply_to_status_id":544391306907090944,"id":544391376503193601,"favorite_count":0,"source":"<a href=\"http://twitter.com/download/iphone\" rel=\"nofollow\">Twitter for iPhone</a>","retweeted":false,"coordinates":null,"entities":{"symbols":[],"user_mentions":[{"id":19202473,"indices":[0,13],"id_str":"19202473","screen_name":"possessedmgc","name":"❄️❄️❄️"}],"hashtags":[],"urls":[]},"in_reply_to_screen_name":"possessedmgc","id_str":"544391376503193601","retweet_count":0,"in_reply_to_user_id":19202473,"favorited":false,"user":{"follow_request_sent":false,"profile_use_background_image":true,"profile_text_color":"0CF054","default_profile_image":false,"id":251365841,"profile_background_image_url_https":"https://pbs.twimg.com/profile_background_images/539979206893916160/h0BbcqD7.jpeg","verified":false,"profile_location":null,"profile_image_url_https":"https://pbs.twimg.com/profile_images/579185010147618817/fQTAj63E_normal.jpg","profile_sidebar_fill_color":"000000","entities":{"url":{"urls":[{"url":"https://t.co/Nn2wVyOOQT","indices":[0,23],"expanded_url":"https://twitter.com/orionnichole/status/505657820436779008","display_url":"twitter.com/orionnichole/s…"}]},"description":{"urls":[]}},"followers_count":15087,"profile_sidebar_border_color":"000000","id_str":"251365841","profile_background_color":"F7F2F2","listed_count":155,"is_translation_enabled":false,"utc_offset":-36000,"statuses_count":115702,"description":"if i can't have you no one can","friends_count":172,"location":"@jellyfishcalum || cake/4+ymas","profile_link_color":"89C9FA","profile_image_url":"http://pbs.twimg.com/profile_images/579185010147618817/fQTAj63E_normal.jpg","following":false,"geo_enabled":false,"profile_banner_url":"https://pbs.twimg.com/profile_banners/251365841/1418887819","profile_background_image_url":"http://pbs.twimg.com/profile_background_images/539979206893916160/h0BbcqD7.jpeg","name":"hope","lang":"en","profile_background_tile":true,"favourites_count":34711,"screen_name":"kissmycal","notifications":false,"url":"https://t.co/Nn2wVyOOQT","created_at":"Sun Feb 13 00:26:07 +0000 2011","contributors_enabled":false,"time_zone":"Hawaii","protected":false,"default_profile":false,"is_translator":false},"geo":null,"in_reply_to_user_id_str":"19202473","lang":"en","created_at":"Mon Dec 15 07:19:53 +0000 2014","in_reply_to_status_id_str":"544391306907090944","place":null},
{"contributors":null,"truncated":false,"text":"@kissmycal oh rlly?","in_reply_to_status_id":544391376503193601,"id":544391462641602561,"favorite_count":0,"source":"<a href=\"http://twitter.com/download/iphone\" rel=\"nofollow\">Twitter for iPhone</a>","retweeted":false,"coordinates":null,"entities":{"symbols":[],"user_mentions":[{"id":251365841,"indices":[0,10],"id_str":"251365841","screen_name":"kissmycal","name":"hope"}],"hashtags":[],"urls":[]},"in_reply_to_screen_name":"kissmycal","id_str":"544391462641602561","retweet_count":0,"in_reply_to_user_id":251365841,"favorited":false,"user":{"follow_request_sent":false,"profile_use_background_image":true,"profile_text_color":"9013C2","default_profile_image":false,"id":19202473,"profile_background_image_url_https":"https://pbs.twimg.com/profile_background_images/585618654/nn2ncws8focb3m4jw4qt.gif","verified":false,"profile_location":null,"profile_image_url_https":"https://pbs.twimg.com/profile_images/544381974693949442/HcWSZ_oA_normal.jpeg","profile_sidebar_fill_color":"000000","entities":{"url":{"urls":[{"url":"https://t.co/wLlzWLFkfw","indices":[0,23],"expanded_url":"https://twitter.com/grungerockdemi/status/518634232575721472","display_url":"twitter.com/grungerockdemi…"}]},"description":{"urls":[]}},"followers_count":6601,"profile_sidebar_border_color":"000000","id_str":"19202473","profile_background_color":"0F0F0F","listed_count":286,"is_translation_enabled":false,"utc_offset":-21600,"statuses_count":425856,"description":"a band of four idiots is the reason i know happiness exists, if you see this tweet me a pic of the one with crazy hair & a eyebrow piercing ♡ //410 days clean//","friends_count":2267,"location":"","profile_link_color":"EB2F9A","profile_image_url":"http://pbs.twimg.com/profile_images/544381974693949442/HcWSZ_oA_normal.jpeg","following":false,"geo_enabled":true,"profile_banner_url":"https://pbs.twimg.com/profile_banners/19202473/1418625749","profile_background_image_url":"http://pbs.twimg.com/profile_background_images/585618654/nn2ncws8focb3m4jw4qt.gif","name":"worthless;","lang":"en","profile_background_tile":true,"favourites_count":32021,"screen_name":"possessedmgc","notifications":false,"url":"https://t.co/wLlzWLFkfw","created_at":"Mon Jan 19 21:14:38 +0000 2009","contributors_enabled":false,"time_zone":"Central Time (US & Canada)","protected":false,"default_profile":false,"is_translator":false},"geo":null,"in_reply_to_user_id_str":"251365841","lang":"en","created_at":"Mon Dec 15 07:20:13 +0000 2014","in_reply_to_status_id_str":"544391376503193601","place":null},
{"contributors":null,"truncated":false,"text":"@kissmycal @possessedmgc Its so much easier to press one button than three","in_reply_to_status_id":544391315455102976,"id":544391812966645761,"favorite_count":0,"source":"<a href=\"http://twitter.com/download/android\" rel=\"nofollow\">Twitter for Android</a>","retweeted":false,"coordinates":null,"entities":{"symbols":[],"user_mentions":[{"id":251365841,"indices":[0,10],"id_str":"251365841","screen_name":"kissmycal","name":"hope"},{"id":19202473,"indices":[11,24],"id_str":"19202473","screen_name":"possessedmgc","name":"❄️❄️❄️"}],"hashtags":[],"urls":[]},"in_reply_to_screen_name":"kissmycal","id_str":"544391812966645761","retweet_count":0,"in_reply_to_user_id":251365841,"favorited":false,"user":{"follow_request_sent":false,"profile_use_background_image":true,"profile_text_color":"333333","default_profile_image":false,"id":1672611397,"profile_background_image_url_https":"https://pbs.twimg.com/profile_background_images/432460828189528064/BR5AQkAb.jpeg","verified":false,"profile_location":null,"profile_image_url_https":"https://pbs.twimg.com/profile_images/575129822818533376/8YDLqtxn_normal.jpeg","profile_sidebar_fill_color":"DDEEF6","entities":{"description":{"urls":[]}},"followers_count":5196,"profile_sidebar_border_color":"000000","id_str":"1672611397","profile_background_color":"FAFAFA","listed_count":73,"is_translation_enabled":false,"utc_offset":37800,"statuses_count":61288,"description":"broken pencils are so pointless","friends_count":2445,"location":"lrh + band/4","profile_link_color":"FF3300","profile_image_url":"http://pbs.twimg.com/profile_images/575129822818533376/8YDLqtxn_normal.jpeg","following":false,"geo_enabled":false,"profile_banner_url":"https://pbs.twimg.com/profile_banners/1672611397/1418435665","profile_background_image_url":"http://pbs.twimg.com/profile_background_images/432460828189528064/BR5AQkAb.jpeg","name":"Lauren","lang":"en","profile_background_tile":true,"favourites_count":19764,"screen_name":"nightmaresnjh","notifications":false,"url":null,"created_at":"Thu Aug 15 08:03:04 +0000 2013","contributors_enabled":false,"time_zone":"Adelaide","protected":false,"default_profile":false,"is_translator":false},"geo":null,"in_reply_to_user_id_str":"251365841","lang":"en","created_at":"Mon Dec 15 07:21:37 +0000 2014","in_reply_to_status_id_str":"544391315455102976","place":null},
{"contributors":null,"truncated":false,"text":"@possessedmgc yup","in_reply_to_status_id":544391462641602561,"id":544391884068503554,"favorite_count":0,"source":"<a href=\"http://twitter.com/download/iphone\" rel=\"nofollow\">Twitter for iPhone</a>","retweeted":false,"coordinates":null,"entities":{"symbols":[],"user_mentions":[{"id":19202473,"indices":[0,13],"id_str":"19202473","screen_name":"possessedmgc","name":"❄️❄️❄️"}],"hashtags":[],"urls":[]},"in_reply_to_screen_name":"possessedmgc","id_str":"544391884068503554","retweet_count":0,"in_reply_to_user_id":19202473,"favorited":false,"user":{"follow_request_sent":false,"profile_use_background_image":true,"profile_text_color":"0CF054","default_profile_image":false,"id":251365841,"profile_background_image_url_https":"https://pbs.twimg.com/profile_background_images/539979206893916160/h0BbcqD7.jpeg","verified":false,"profile_location":null,"profile_image_url_https":"https://pbs.twimg.com/profile_images/579185010147618817/fQTAj63E_normal.jpg","profile_sidebar_fill_color":"000000","entities":{"url":{"urls":[{"url":"https://t.co/Nn2wVyOOQT","indices":[0,23],"expanded_url":"https://twitter.com/orionnichole/status/505657820436779008","display_url":"twitter.com/orionnichole/s…"}]},"description":{"urls":[]}},"followers_count":15090,"profile_sidebar_border_color":"000000","id_str":"251365841","profile_background_color":"F7F2F2","listed_count":155,"is_translation_enabled":false,"utc_offset":-36000,"statuses_count":115749,"description":"if i can't have you no one can","friends_count":174,"location":"@jellyfishcalum || cake/4+ymas","profile_link_color":"89C9FA","profile_image_url":"http://pbs.twimg.com/profile_images/579185010147618817/fQTAj63E_normal.jpg","following":false,"geo_enabled":false,"profile_banner_url":"https://pbs.twimg.com/profile_banners/251365841/1418887819","profile_background_image_url":"http://pbs.twimg.com/profile_background_images/539979206893916160/h0BbcqD7.jpeg","name":"hope","lang":"en","profile_background_tile":true,"favourites_count":34733,"screen_name":"kissmycal","notifications":false,"url":"https://t.co/Nn2wVyOOQT","created_at":"Sun Feb 13 00:26:07 +0000 2011","contributors_enabled":false,"time_zone":"Hawaii","protected":false,"default_profile":false,"is_translator":false},"geo":null,"in_reply_to_user_id_str":"19202473","lang":"und","created_at":"Mon Dec 15 07:21:54 +0000 2014","in_reply_to_status_id_str":"544391462641602561","place":null},
{"contributors":null,"truncated":false,"text":"@nightmaresnjh @kissmycal well this took a turn","in_reply_to_status_id":544391812966645761,"id":544391918889623552,"favorite_count":0,"source":"<a href=\"http://twitter.com/download/iphone\" rel=\"nofollow\">Twitter for iPhone</a>","retweeted":false,"coordinates":null,"entities":{"symbols":[],"user_mentions":[{"id":1672611397,"indices":[0,14],"id_str":"1672611397","screen_name":"nightmaresnjh","name":"Lauren"},{"id":251365841,"indices":[15,25],"id_str":"251365841","screen_name":"kissmycal","name":"hope"}],"hashtags":[],"urls":[]},"in_reply_to_screen_name":"nightmaresnjh","id_str":"544391918889623552","retweet_count":0,"in_reply_to_user_id":1672611397,"favorited":false,"user":{"follow_request_sent":false,"profile_use_background_image":true,"profile_text_color":"9013C2","default_profile_image":false,"id":19202473,"profile_background_image_url_https":"https://pbs.twimg.com/profile_background_images/585618654/nn2ncws8focb3m4jw4qt.gif","verified":false,"profile_location":null,"profile_image_url_https":"https://pbs.twimg.com/profile_images/544381974693949442/HcWSZ_oA_normal.jpeg","profile_sidebar_fill_color":"000000","entities":{"url":{"urls":[{"url":"https://t.co/wLlzWLFkfw","indices":[0,23],"expanded_url":"https://twitter.com/grungerockdemi/status/518634232575721472","display_url":"twitter.com/grungerockdemi…"}]},"description":{"urls":[]}},"followers_count":6605,"profile_sidebar_border_color":"000000","id_str":"19202473","profile_background_color":"0F0F0F","listed_count":286,"is_translation_enabled":false,"utc_offset":-21600,"statuses_count":425938,"description":"a band of four idiots is the reason i know happiness exists, if you see this tweet me a pic of the one with crazy hair & a eyebrow piercing ♡ //410 days clean//","friends_count":2267,"location":"","profile_link_color":"EB2F9A","profile_image_url":"http://pbs.twimg.com/profile_images/544381974693949442/HcWSZ_oA_normal.jpeg","following":false,"geo_enabled":true,"profile_banner_url":"https://pbs.twimg.com/profile_banners/19202473/1418625749","profile_background_image_url":"http://pbs.twimg.com/profile_background_images/585618654/nn2ncws8focb3m4jw4qt.gif","name":"worthless;","lang":"en","profile_background_tile":true,"favourites_count":32046,"screen_name":"possessedmgc","notifications":false,"url":"https://t.co/wLlzWLFkfw","created_at":"Mon Jan 19 21:14:38 +0000 2009","contributors_enabled":false,"time_zone":"Central Time (US & Canada)","protected":false,"default_profile":false,"is_translator":false},"geo":null,"in_reply_to_user_id_str":"1672611397","lang":"en","created_at":"Mon Dec 15 07:22:02 +0000 2014","in_reply_to_status_id_str":"544391812966645761","place":null},
{"contributors":null,"truncated":false,"text":"@nightmaresnjh @possessedmgc yes exactly it saves lots of thumb issues","in_reply_to_status_id":544391812966645761,"id":544391934676963328,"favorite_count":0,"source":"<a href=\"http://twitter.com/download/iphone\" rel=\"nofollow\">Twitter for iPhone</a>","retweeted":false,"coordinates":null,"entities":{"symbols":[],"user_mentions":[{"id":1672611397,"indices":[0,14],"id_str":"1672611397","screen_name":"nightmaresnjh","name":"Lauren"},{"id":19202473,"indices":[15,28],"id_str":"19202473","screen_name":"possessedmgc","name":"❄️❄️❄️"}],"hashtags":[],"urls":[]},"in_reply_to_screen_name":"nightmaresnjh","id_str":"544391934676963328","retweet_count":0,"in_reply_to_user_id":1672611397,"favorited":false,"user":{"follow_request_sent":false,"profile_use_background_image":true,"profile_text_color":"0CF054","default_profile_image":false,"id":251365841,"profile_background_image_url_https":"https://pbs.twimg.com/profile_background_images/539979206893916160/h0BbcqD7.jpeg","verified":false,"profile_location":null,"profile_image_url_https":"https://pbs.twimg.com/profile_images/579185010147618817/fQTAj63E_normal.jpg","profile_sidebar_fill_color":"000000","entities":{"url":{"urls":[{"url":"https://t.co/Nn2wVyOOQT","indices":[0,23],"expanded_url":"https://twitter.com/orionnichole/status/505657820436779008","display_url":"twitter.com/orionnichole/s…"}]},"description":{"urls":[]}},"followers_count":15090,"profile_sidebar_border_color":"000000","id_str":"251365841","profile_background_color":"F7F2F2","listed_count":155,"is_translation_enabled":false,"utc_offset":-36000,"statuses_count":115749,"description":"if i can't have you no one can","friends_count":174,"location":"@jellyfishcalum || cake/4+ymas","profile_link_color":"89C9FA","profile_image_url":"http://pbs.twimg.com/profile_images/579185010147618817/fQTAj63E_normal.jpg","following":false,"geo_enabled":false,"profile_banner_url":"https://pbs.twimg.com/profile_banners/251365841/1418887819","profile_background_image_url":"http://pbs.twimg.com/profile_background_images/539979206893916160/h0BbcqD7.jpeg","name":"hope","lang":"en","profile_background_tile":true,"favourites_count":34733,"screen_name":"kissmycal","notifications":false,"url":"https://t.co/Nn2wVyOOQT","created_at":"Sun Feb 13 00:26:07 +0000 2011","contributors_enabled":false,"time_zone":"Hawaii","protected":false,"default_profile":false,"is_translator":false},"geo":null,"in_reply_to_user_id_str":"1672611397","lang":"en","created_at":"Mon Dec 15 07:22:06 +0000 2014","in_reply_to_status_id_str":"544391812966645761","place":null},
{"contributors":null,"truncated":false,"text":"@kissmycal \"I do not like u”","in_reply_to_status_id":544391884068503554,"id":544392064947867648,"favorite_count":0,"source":"<a href=\"http://twitter.com/download/iphone\" rel=\"nofollow\">Twitter for iPhone</a>","retweeted":false,"coordinates":null,"entities":{"symbols":[],"user_mentions":[{"id":251365841,"indices":[0,10],"id_str":"251365841","screen_name":"kissmycal","name":"hope"}],"hashtags":[],"urls":[]},"in_reply_to_screen_name":"kissmycal","id_str":"544392064947867648","retweet_count":0,"in_reply_to_user_id":251365841,"favorited":false,"user":{"follow_request_sent":false,"profile_use_background_image":true,"profile_text_color":"9013C2","default_profile_image":false,"id":19202473,"profile_background_image_url_https":"https://pbs.twimg.com/profile_background_images/585618654/nn2ncws8focb3m4jw4qt.gif","verified":false,"profile_location":null,"profile_image_url_https":"https://pbs.twimg.com/profile_images/544381974693949442/HcWSZ_oA_normal.jpeg","profile_sidebar_fill_color":"000000","entities":{"url":{"urls":[{"url":"https://t.co/wLlzWLFkfw","indices":[0,23],"expanded_url":"https://twitter.com/grungerockdemi/status/518634232575721472","display_url":"twitter.com/grungerockdemi…"}]},"description":{"urls":[]}},"followers_count":6605,"profile_sidebar_border_color":"000000","id_str":"19202473","profile_background_color":"0F0F0F","listed_count":286,"is_translation_enabled":false,"utc_offset":-21600,"statuses_count":425938,"description":"a band of four idiots is the reason i know happiness exists, if you see this tweet me a pic of the one with crazy hair & a eyebrow piercing ♡ //410 days clean//","friends_count":2267,"location":"","profile_link_color":"EB2F9A","profile_image_url":"http://pbs.twimg.com/profile_images/544381974693949442/HcWSZ_oA_normal.jpeg","following":false,"geo_enabled":true,"profile_banner_url":"https://pbs.twimg.com/profile_banners/19202473/1418625749","profile_background_image_url":"http://pbs.twimg.com/profile_background_images/585618654/nn2ncws8focb3m4jw4qt.gif","name":"worthless;","lang":"en","profile_background_tile":true,"favourites_count":32046,"screen_name":"possessedmgc","notifications":false,"url":"https://t.co/wLlzWLFkfw","created_at":"Mon Jan 19 21:14:38 +0000 2009","contributors_enabled":false,"time_zone":"Central Time (US & Canada)","protected":false,"default_profile":false,"is_translator":false},"geo":null,"in_reply_to_user_id_str":"251365841","lang":"en","created_at":"Mon Dec 15 07:22:37 +0000 2014","in_reply_to_status_id_str":"544391884068503554","place":null},
{"contributors":null,"truncated":false,"text":"@possessedmgc that was playful teasing","in_reply_to_status_id":544392064947867648,"id":544392262885449728,"favorite_count":0,"source":"<a href=\"http://twitter.com/download/iphone\" rel=\"nofollow\">Twitter for iPhone</a>","retweeted":false,"coordinates":null,"entities":{"symbols":[],"user_mentions":[{"id":19202473,"indices":[0,13],"id_str":"19202473","screen_name":"possessedmgc","name":"❄️❄️❄️"}],"hashtags":[],"urls":[]},"in_reply_to_screen_name":"possessedmgc","id_str":"544392262885449728","retweet_count":0,"in_reply_to_user_id":19202473,"favorited":false,"user":{"follow_request_sent":false,"profile_use_background_image":true,"profile_text_color":"0CF054","default_profile_image":false,"id":251365841,"profile_background_image_url_https":"https://pbs.twimg.com/profile_background_images/539979206893916160/h0BbcqD7.jpeg","verified":false,"profile_location":null,"profile_image_url_https":"https://pbs.twimg.com/profile_images/579185010147618817/fQTAj63E_normal.jpg","profile_sidebar_fill_color":"000000","entities":{"url":{"urls":[{"url":"https://t.co/Nn2wVyOOQT","indices":[0,23],"expanded_url":"https://twitter.com/orionnichole/status/505657820436779008","display_url":"twitter.com/orionnichole/s…"}]},"description":{"urls":[]}},"followers_count":15090,"profile_sidebar_border_color":"000000","id_str":"251365841","profile_background_color":"F7F2F2","listed_count":155,"is_translation_enabled":false,"utc_offset":-36000,"statuses_count":115749,"description":"if i can't have you no one can","friends_count":174,"location":"@jellyfishcalum || cake/4+ymas","profile_link_color":"89C9FA","profile_image_url":"http://pbs.twimg.com/profile_images/579185010147618817/fQTAj63E_normal.jpg","following":false,"geo_enabled":false,"profile_banner_url":"https://pbs.twimg.com/profile_banners/251365841/1418887819","profile_background_image_url":"http://pbs.twimg.com/profile_background_images/539979206893916160/h0BbcqD7.jpeg","name":"hope","lang":"en","profile_background_tile":true,"favourites_count":34733,"screen_name":"kissmycal","notifications":false,"url":"https://t.co/Nn2wVyOOQT","created_at":"Sun Feb 13 00:26:07 +0000 2011","contributors_enabled":false,"time_zone":"Hawaii","protected":false,"default_profile":false,"is_translator":false},"geo":null,"in_reply_to_user_id_str":"19202473","lang":"en","created_at":"Mon Dec 15 07:23:24 +0000 2014","in_reply_to_status_id_str":"544392064947867648","place":null},
{"contributors":null,"truncated":false,"text":"@kissmycal @possessedmgc saves you from any thumb complications","in_reply_to_status_id":544391934676963328,"id":544392450135949313,"favorite_count":1,"source":"<a href=\"http://twitter.com/download/android\" rel=\"nofollow\">Twitter for Android</a>","retweeted":false,"coordinates":null,"entities":{"symbols":[],"user_mentions":[{"id":251365841,"indices":[0,10],"id_str":"251365841","screen_name":"kissmycal","name":"hope"},{"id":19202473,"indices":[11,24],"id_str":"19202473","screen_name":"possessedmgc","name":"❄️❄️❄️"}],"hashtags":[],"urls":[]},"in_reply_to_screen_name":"kissmycal","id_str":"544392450135949313","retweet_count":0,"in_reply_to_user_id":251365841,"favorited":false,"user":{"follow_request_sent":false,"profile_use_background_image":true,"profile_text_color":"333333","default_profile_image":false,"id":1672611397,"profile_background_image_url_https":"https://pbs.twimg.com/profile_background_images/432460828189528064/BR5AQkAb.jpeg","verified":false,"profile_location":null,"profile_image_url_https":"https://pbs.twimg.com/profile_images/575129822818533376/8YDLqtxn_normal.jpeg","profile_sidebar_fill_color":"DDEEF6","entities":{"description":{"urls":[]}},"followers_count":5194,"profile_sidebar_border_color":"000000","id_str":"1672611397","profile_background_color":"FAFAFA","listed_count":73,"is_translation_enabled":false,"utc_offset":37800,"statuses_count":61307,"description":"broken pencils are so pointless","friends_count":2446,"location":"lrh + band/4","profile_link_color":"FF3300","profile_image_url":"http://pbs.twimg.com/profile_images/575129822818533376/8YDLqtxn_normal.jpeg","following":false,"geo_enabled":false,"profile_banner_url":"https://pbs.twimg.com/profile_banners/1672611397/1418435665","profile_background_image_url":"http://pbs.twimg.com/profile_background_images/432460828189528064/BR5AQkAb.jpeg","name":"Lauren","lang":"en","profile_background_tile":true,"favourites_count":19773,"screen_name":"nightmaresnjh","notifications":false,"url":null,"created_at":"Thu Aug 15 08:03:04 +0000 2013","contributors_enabled":false,"time_zone":"Adelaide","protected":false,"default_profile":false,"is_translator":false},"geo":null,"in_reply_to_user_id_str":"251365841","lang":"en","created_at":"Mon Dec 15 07:24:09 +0000 2014","in_reply_to_status_id_str":"544391934676963328","place":null},
{"contributors":null,"truncated":false,"text":"@kissmycal ik","in_reply_to_status_id":544392262885449728,"id":544392747147608064,"favorite_count":1,"source":"<a href=\"http://twitter.com/download/iphone\" rel=\"nofollow\">Twitter for iPhone</a>","retweeted":false,"coordinates":null,"entities":{"symbols":[],"user_mentions":[{"id":251365841,"indices":[0,10],"id_str":"251365841","screen_name":"kissmycal","name":"hope"}],"hashtags":[],"urls":[]},"in_reply_to_screen_name":"kissmycal","id_str":"544392747147608064","retweet_count":0,"in_reply_to_user_id":251365841,"favorited":false,"user":{"follow_request_sent":false,"profile_use_background_image":true,"profile_text_color":"9013C2","default_profile_image":false,"id":19202473,"profile_background_image_url_https":"https://pbs.twimg.com/profile_background_images/585618654/nn2ncws8focb3m4jw4qt.gif","verified":false,"profile_location":null,"profile_image_url_https":"https://pbs.twimg.com/profile_images/544381974693949442/HcWSZ_oA_normal.jpeg","profile_sidebar_fill_color":"000000","entities":{"url":{"urls":[{"url":"https://t.co/wLlzWLFkfw","indices":[0,23],"expanded_url":"https://twitter.com/grungerockdemi/status/518634232575721472","display_url":"twitter.com/grungerockdemi…"}]},"description":{"urls":[]}},"followers_count":6605,"profile_sidebar_border_color":"000000","id_str":"19202473","profile_background_color":"0F0F0F","listed_count":286,"is_translation_enabled":false,"utc_offset":-21600,"statuses_count":425938,"description":"a band of four idiots is the reason i know happiness exists, if you see this tweet me a pic of the one with crazy hair & a eyebrow piercing ♡ //410 days clean//","friends_count":2267,"location":"","profile_link_color":"EB2F9A","profile_image_url":"http://pbs.twimg.com/profile_images/544381974693949442/HcWSZ_oA_normal.jpeg","following":false,"geo_enabled":true,"profile_banner_url":"https://pbs.twimg.com/profile_banners/19202473/1418625749","profile_background_image_url":"http://pbs.twimg.com/profile_background_images/585618654/nn2ncws8focb3m4jw4qt.gif","name":"worthless;","lang":"en","profile_background_tile":true,"favourites_count":32046,"screen_name":"possessedmgc","notifications":false,"url":"https://t.co/wLlzWLFkfw","created_at":"Mon Jan 19 21:14:38 +0000 2009","contributors_enabled":false,"time_zone":"Central Time (US & Canada)","protected":false,"default_profile":false,"is_translator":false},"geo":null,"in_reply_to_user_id_str":"251365841","lang":"und","created_at":"Mon Dec 15 07:25:19 +0000 2014","in_reply_to_status_id_str":"544392262885449728","place":null}
]