[{"contributors":null,"truncated":false,"text":"@CBCAlerts pray 🙏, usually it's help allot before everyone will go straight to haven.Flag is comon bulshit about Muhammad etc.","in_reply_to_status_id":544306402731507712,"id":544313623448137729,"favorite_count":0,"source":"<a href=\"http://www.twitter.com\" rel=\"nofollow\">Twitter for Windows Phone</a>","retweeted":false,"coordinates":null,"entities":{"symbols":[],"user_mentions":[{"id":19038934,"indices":[0,10],"id_str":"19038934","screen_name":"CBCAlerts","name":"CBC News Alerts"}],"hashtags":[],"urls":[]},"in_reply_to_screen_name":"CBCAlerts","id_str":"544313623448137729","retweet_count":0,"in_reply_to_user_id":19038934,"favorited":false,"user":{"follow_request_sent":false,"profile_use_background_image":true,"profile_text_color":"333333","default_profile_image":false,"id":1005109987,"profile_background_image_url_https":"https://abs.twimg.com/images/themes/theme1/bg.png","verified":false,"profile_location":null,"profile_image_url_https":"https://pbs.twimg.com/profile_images/497391856209387520/7HAIKVB9_normal.jpeg","profile_sidebar_fill_color":"DDEEF6","entities":{"url":{"urls":[{"url":"https://t.co/9yCPvdInYf","indices":[0,23],"expanded_url":"https://www.cia.gov/index.html","display_url":"cia.gov/index.html"}]},"description":{"urls":[]}},"followers_count":9,"profile_sidebar_border_color":"C0DEED","id_str":"1005109987","profile_background_color":"C0DEED","listed_count":0,"is_translation_enabled":false,"utc_offset":-18000,"statuses_count":1169,"description":"","friends_count":19,"location":"Earth","profile_link_color":"0084B4","profile_image_url":"http://pbs.twimg.com/profile_images/497391856209387520/7HAIKVB9_normal.jpeg","following":false,"geo_enabled":false,"profile_banner_url":"https://pbs.twimg.com/profile_banners/1005109987/1407418267","profile_background_image_url":"http://abs.twimg.com/images/themes/theme1/bg.png","name":"Dweller","lang":"en","profile_background_tile":false,"favourites_count":6,"screen_name":"Dweller15","notifications":false,"url":"https://t.co/9yCPvdInYf","created_at":"Tue Dec 11 23:16:44 +0000 2012","contributors_enabled":false,"time_zone":"Eastern Time (US & Canada)","protected":false,"default_profile":true,"is_translator":false},"geo":null,"in_reply_to_user_id_str":"19038934","lang":"en","created_at":"Mon Dec 15 02:10:55 +0000 2014","in_reply_to_status_id_str":"544306402731507712","place":null},
{"contributors":null,"truncated":false,"text":"@CBCAlerts \n13 to 40 hostages?!? 😱\n#SydneySiege","in_reply_to_status_id":544306402731507712,"id":544320468892020736,"favorite_count":0,"source":"<a href=\"http://tapbots.com/tweetbot\" rel=\"nofollow\">Tweetbot for iΟS</a>","retweeted":false,"coordinates":null,"entities":{"symbols":[],"user_mentions":[{"id":19038934,"indices":[0,10],"id_str":"19038934","screen_name":"CBCAlerts","name":"CBC News Alerts"}],"hashtags":[{"indices":[35,47],"text":"SydneySiege"}],"urls":[]},"in_reply_to_screen_name":"CBCAlerts","id_str":"544320468892020736","retweet_count":0,"in_reply_to_user_id":19038934,"favorited":false,"user":{"follow_request_sent":false,"profile_use_background_image":false,"profile_text_color":"C00321","default_profile_image":false,"id":416210375,"profile_background_image_url_https":"https://pbs.twimg.com/profile_background_images/455797831224143872/R3n1vD0T.png","verified":false,"profile_location":null,"profile_image_url_https":"https://pbs.twimg.com/profile_images/1899903928/Warrior_Angel_normal.jpg","profile_sidebar_fill_color":"632704","entities":{"description":{"urls":[]}},"followers_count":234,"profile_sidebar_border_color":"471B01","id_str":"416210375","profile_background_color":"1E1419","listed_count":1,"is_translation_enabled":false,"utc_offset":-18000,"statuses_count":8169,"description":"French Canadian girl, enjoying good health, loves science, litterature, the arts & music. Also, official coffee addict! ☕️","friends_count":461,"location":"Montreal, Canada","profile_link_color":"FD6C05","profile_image_url":"http://pbs.twimg.com/profile_images/1899903928/Warrior_Angel_normal.jpg","following":false,"geo_enabled":false,"profile_banner_url":"https://pbs.twimg.com/profile_banners/416210375/1406428580","profile_background_image_url":"http://pbs.twimg.com/profile_background_images/455797831224143872/R3n1vD0T.png","name":"Caroline","lang":"en","profile_background_tile":true,"favourites_count":283,"screen_name":"caroline_2td","notifications":false,"url":null,"created_at":"Sat Nov 19 11:23:33 +0000 2011","contributors_enabled":false,"time_zone":"Eastern Time (US & Canada)","protected":false,"default_profile":false,"is_translator":false},"geo":null,"in_reply_to_user_id_str":"19038934","lang":"en","created_at":"Mon Dec 15 02:38:07 +0000 2014","in_reply_to_status_id_str":"544306402731507712","place":null},
{"contributors":null,"truncated":false,"text":"@CBCAlerts  because they gives us idea to create jobs: starting from now everybody well be scaned before get in any coffee shop in CA :-)","in_reply_to_status_id":544306402731507712,"id":544482722295844864,"favorite_count":0,"source":"<a href=\"http://www.twitter.com\" rel=\"nofollow\">Twitter for BlackBerry</a>","retweeted":false,"coordinates":null,"entities":{"symbols":[],"user_mentions":[{"id":19038934,"indices":[0,10],"id_str":"19038934","screen_name":"CBCAlerts","name":"CBC News Alerts"}],"hashtags":[],"urls":[]},"in_reply_to_screen_name":"CBCAlerts","id_str":"544482722295844864","retweet_count":0,"in_reply_to_user_id":19038934,"favorited":false,"user":{"follow_request_sent":false,"profile_use_background_image":true,"profile_text_color":"333333","default_profile_image":false,"id":952408764,"profile_background_image_url_https":"https://abs.twimg.com/images/themes/theme1/bg.png","verified":false,"profile_location":null,"profile_image_url_https":"https://pbs.twimg.com/profile_images/3068956016/309240615e511fa7b632ac5d92057972_normal.jpeg","profile_sidebar_fill_color":"DDEEF6","entities":{"description":{"urls":[]}},"followers_count":1,"profile_sidebar_border_color":"C0DEED","id_str":"952408764","profile_background_color":"C0DEED","listed_count":0,"is_translation_enabled":false,"utc_offset":null,"statuses_count":155,"description":"StraTech","friends_count":8,"location":"YUL","profile_link_color":"0084B4","profile_image_url":"http://pbs.twimg.com/profile_images/3068956016/309240615e511fa7b632ac5d92057972_normal.jpeg","following":false,"geo_enabled":false,"profile_background_image_url":"http://abs.twimg.com/images/themes/theme1/bg.png","name":"Nabil","lang":"en","profile_background_tile":false,"favourites_count":1,"screen_name":"b_nabile","notifications":false,"url":null,"created_at":"Fri Nov 16 21:07:48 +0000 2012","contributors_enabled":false,"time_zone":null,"protected":false,"default_profile":true,"is_translator":false},"geo":null,"in_reply_to_user_id_str":"19038934","lang":"en","created_at":"Mon Dec 15 13:22:51 +0000 2014","in_reply_to_status_id_str":"544306402731507712","place":null}
]