[{"contributors":null,"truncated":false,"text":"@TWICHISTE @TheHappyPelican Another reason to carry..open or cancelled. This would not b happening if those ppl were armed. Awful. Pray","in_reply_to_status_id":544316384273248256,"id":544320764212572160,"favorite_count":1,"source":"<a href=\"http://twitter.com/download/android\" rel=\"nofollow\">Twitter for Android</a>","retweeted":false,"coordinates":null,"entities":{"symbols":[],"user_mentions":[{"id":211374036,"indices":[0,10],"id_str":"211374036","screen_name":"TWICHISTE","name":"Humor y Chistes"},{"id":272197257,"indices":[11,27],"id_str":"272197257","screen_name":"TheHappyPelican","name":"ConservativePelican"}],"hashtags":[],"urls":[]},"in_reply_to_screen_name":"TWICHISTE","id_str":"544320764212572160","retweet_count":0,"in_reply_to_user_id":211374036,"favorited":false,"user":{"follow_request_sent":false,"profile_use_background_image":true,"profile_text_color":"333333","default_profile_image":false,"id":2821285640,"profile_background_image_url_https":"https://abs.twimg.com/images/themes/theme1/bg.png","verified":false,"profile_location":null,"profile_image_url_https":"https://pbs.twimg.com/profile_images/533830135972376576/UTeR9Lod_normal.jpeg","profile_sidebar_fill_color":"DDEEF6","entities":{"description":{"urls":[]}},"followers_count":423,"profile_sidebar_border_color":"C0DEED","id_str":"2821285640","profile_background_color":"C0DEED","listed_count":5,"is_translation_enabled":false,"utc_offset":null,"statuses_count":2686,"description":"Constitutional Freedom loving Western born woman. Horse n dogs fresh air rural life.","friends_count":490,"location":"NV","profile_link_color":"0084B4","profile_image_url":"http://pbs.twimg.com/profile_images/533830135972376576/UTeR9Lod_normal.jpeg","following":false,"geo_enabled":false,"profile_background_image_url":"http://abs.twimg.com/images/themes/theme1/bg.png","name":"Tina Trenner","lang":"en","profile_background_tile":false,"favourites_count":14,"screen_name":"rowdy_tt","notifications":false,"url":null,"created_at":"Sat Sep 20 07:04:27 +0000 2014","contributors_enabled":false,"time_zone":null,"protected":false,"default_profile":true,"is_translator":false},"geo":null,"in_reply_to_user_id_str":"211374036","lang":"en","created_at":"Mon Dec 15 02:39:17 +0000 2014","in_reply_to_status_id_str":"544316384273248256","place":null},
{"contributors":null,"truncated":false,"text":"@TWICHISTE Weren't the Aussies disarmed a few yrs ago? Hmmm","in_reply_to_status_id":544316384273248256,"id":544324150018322432,"favorite_count":0,"source":"<a href=\"http://twitter.com\" rel=\"nofollow\">Twitter Web Client</a>","retweeted":false,"coordinates":null,"entities":{"symbols":[],"user_mentions":[{"id":211374036,"indices":[0,10],"id_str":"211374036","screen_name":"TWICHISTE","name":"Humor y Chistes"}],"hashtags":[],"urls":[]},"in_reply_to_screen_name":"TWICHISTE","id_str":"544324150018322432","retweet_count":0,"in_reply_to_user_id":211374036,"favorited":false,"user":{"follow_request_sent":false,"profile_use_background_image":true,"profile_text_color":"333333","default_profile_image":false,"id":53836671,"profile_background_image_url_https":"https://abs.twimg.com/images/themes/theme1/bg.png","verified":false,"profile_location":null,"profile_image_url_https":"https://pbs.twimg.com/profile_images/420625506308857856/gsLI3o3n_normal.jpeg","profile_sidebar_fill_color":"DDEEF6","entities":{"url":{"urls":[{"url":"http://t.co/bNT6mv0dmq","indices":[0,22],"expanded_url":"http://www.borntowin.net/Audio/TheWeekendBibleStudy.aspx","display_url":"borntowin.net/Audio/TheWeeke…"}]},"description":{"urls":[{"url":"http://t.co/xp9A6K2Jbo","indices":[10,32],"expanded_url":"http://www.thisisrich.blogspot.com","display_url":"thisisrich.blogspot.com"}]}},"followers_count":1635,"profile_sidebar_border_color":"C0DEED","id_str":"53836671","profile_background_color":"C0DEED","listed_count":27,"is_translation_enabled":false,"utc_offset":null,"statuses_count":21010,"description":"Blogger, (http://t.co/xp9A6K2Jbo) news junkie, Constitutionalist,  #BigTalkRadio afficionado, Presenter CEM Weekend Bible Study","friends_count":1939,"location":"","profile_link_color":"0084B4","profile_image_url":"http://pbs.twimg.com/profile_images/420625506308857856/gsLI3o3n_normal.jpeg","following":false,"geo_enabled":true,"profile_banner_url":"https://pbs.twimg.com/profile_banners/53836671/1418537601","profile_background_image_url":"http://abs.twimg.com/images/themes/theme1/bg.png","name":"rich glasgow","lang":"en","profile_background_tile":false,"favourites_count":2753,"screen_name":"richglasgow","notifications":false,"url":"http://t.co/bNT6mv0dmq","created_at":"Sun Jul 05 04:27:36 +0000 2009","contributors_enabled":false,"time_zone":null,"protected":false,"default_profile":true,"is_translator":false},"geo":null,"in_reply_to_user_id_str":"211374036","lang":"en","created_at":"Mon Dec 15 02:52:45 +0000 2014","in_reply_to_status_id_str":"544316384273248256","place":{"full_name":"Garland, TX","url":"https://api.twitter.com/1.1/geo/id/7c01d867b8e8c494.json","country":"United States","place_type":"city","bounding_box":{"type":"Polygon","coordinates":[[[-96.706144,32.829815],[-96.537124,32.829815],[-96.537124,32.985469],[-96.706144,32.985469]]]},"contained_within":[],"country_code":"US","attributes":{},"id":"7c01d867b8e8c494","name":"Garland"}}
]