[{"contributors":null,"truncated":false,"text":"@lucethoughts @702sydney","in_reply_to_status_id":544351133120987136,"id":544351314939891712,"favorite_count":0,"source":"<a href=\"https://about.twitter.com/products/tweetdeck\" rel=\"nofollow\">TweetDeck</a>","retweeted":false,"coordinates":null,"entities":{"symbols":[],"user_mentions":[{"id":25210650,"indices":[0,13],"id_str":"25210650","screen_name":"lucethoughts","name":"Lucy Carter"},{"id":16198940,"indices":[14,24],"id_str":"16198940","screen_name":"702sydney","name":"702 ABC Sydney"}],"hashtags":[],"urls":[]},"in_reply_to_screen_name":"lucethoughts","id_str":"544351314939891712","retweet_count":0,"in_reply_to_user_id":25210650,"favorited":false,"user":{"follow_request_sent":false,"profile_use_background_image":true,"profile_text_color":"663B12","default_profile_image":false,"id":589904973,"profile_background_image_url_https":"https://abs.twimg.com/images/themes/theme2/bg.gif","verified":false,"profile_location":null,"profile_image_url_https":"https://pbs.twimg.com/profile_images/454578689385062400/uym2A5f3_normal.jpeg","profile_sidebar_fill_color":"DAECF4","entities":{"description":{"urls":[]}},"followers_count":132,"profile_sidebar_border_color":"FFFFFF","id_str":"589904973","profile_background_color":"C6E2EE","listed_count":2,"is_translation_enabled":false,"utc_offset":39600,"statuses_count":751,"description":"Journalist at the Maitland Mercury. Opinions are my own.","friends_count":341,"location":"Lake Macquarie","profile_link_color":"1F98C7","profile_image_url":"http://pbs.twimg.com/profile_images/454578689385062400/uym2A5f3_normal.jpeg","following":false,"geo_enabled":false,"profile_banner_url":"https://pbs.twimg.com/profile_banners/589904973/1397706961","profile_background_image_url":"http://abs.twimg.com/images/themes/theme2/bg.gif","name":"Margaret Dennis ","lang":"en","profile_background_tile":false,"favourites_count":13,"screen_name":"Lazydog444","notifications":false,"url":null,"created_at":"Fri May 25 08:46:20 +0000 2012","contributors_enabled":false,"time_zone":"Sydney","protected":false,"default_profile":false,"is_translator":false},"geo":null,"in_reply_to_user_id_str":"25210650","lang":"und","created_at":"Mon Dec 15 04:40:41 +0000 2014","in_reply_to_status_id_str":"544351133120987136","place":null},
{"contributors":null,"truncated":false,"text":"@lucethoughts @tweetbrk Is it confirmed?","in_reply_to_status_id":544351133120987136,"id":544351593555308544,"favorite_count":0,"source":"<a href=\"http://twitter.com\" rel=\"nofollow\">Twitter Web Client</a>","retweeted":false,"coordinates":null,"entities":{"symbols":[],"user_mentions":[{"id":25210650,"indices":[0,13],"id_str":"25210650","screen_name":"lucethoughts","name":"Lucy Carter"},{"id":15542781,"indices":[14,23],"id_str":"15542781","screen_name":"tweetbrk","name":"Nancy Hennen"}],"hashtags":[],"urls":[]},"in_reply_to_screen_name":"lucethoughts","id_str":"544351593555308544","retweet_count":0,"in_reply_to_user_id":25210650,"favorited":false,"user":{"follow_request_sent":false,"profile_use_background_image":true,"profile_text_color":"333333","default_profile_image":false,"id":78898625,"profile_background_image_url_https":"https://pbs.twimg.com/profile_background_images/664018715/twilk_background_505a397516501.jpg","verified":false,"profile_location":null,"profile_image_url_https":"https://pbs.twimg.com/profile_images/436903198209486848/mbnhG95q_normal.jpeg","profile_sidebar_fill_color":"F3F3F3","entities":{"description":{"urls":[]}},"followers_count":3064,"profile_sidebar_border_color":"DFDFDF","id_str":"78898625","profile_background_color":"EBEBEB","listed_count":76,"is_translation_enabled":false,"utc_offset":-18000,"statuses_count":411416,"description":"Deux choses sont infinies:l'univers & la bêtise humaine quoique je me questionne encore sur la première.\r\n(Trad. libre d'une pensée de)\r\nAlbert Einstein","friends_count":3002,"location":"Saint-Lambert, Québec (Canada)","profile_link_color":"990000","profile_image_url":"http://pbs.twimg.com/profile_images/436903198209486848/mbnhG95q_normal.jpeg","following":false,"geo_enabled":false,"profile_banner_url":"https://pbs.twimg.com/profile_banners/78898625/1387166360","profile_background_image_url":"http://pbs.twimg.com/profile_background_images/664018715/twilk_background_505a397516501.jpg","name":"DevilinDisguise","lang":"fr","profile_background_tile":true,"favourites_count":10,"screen_name":"7PinkPanther7","notifications":false,"url":null,"created_at":"Thu Oct 01 13:07:54 +0000 2009","contributors_enabled":false,"time_zone":"Quito","protected":false,"default_profile":false,"is_translator":false},"geo":null,"in_reply_to_user_id_str":"25210650","lang":"en","created_at":"Mon Dec 15 04:41:48 +0000 2014","in_reply_to_status_id_str":"544351133120987136","place":null},
{"contributors":null,"truncated":false,"text":"@lucethoughts @abcnews We don't have SWAT. This is Australia.","in_reply_to_status_id":544351133120987136,"id":544351732403163136,"favorite_count":0,"source":"<a href=\"http://twitter.com/#!/download/ipad\" rel=\"nofollow\">Twitter for iPad</a>","retweeted":false,"coordinates":null,"entities":{"symbols":[],"user_mentions":[{"id":25210650,"indices":[0,13],"id_str":"25210650","screen_name":"lucethoughts","name":"Lucy Carter"},{"id":2768501,"indices":[14,22],"id_str":"2768501","screen_name":"abcnews","name":"ABC News"}],"hashtags":[],"urls":[]},"in_reply_to_screen_name":"lucethoughts","id_str":"544351732403163136","retweet_count":0,"in_reply_to_user_id":25210650,"favorited":false,"user":{"follow_request_sent":false,"profile_use_background_image":true,"profile_text_color":"333333","default_profile_image":false,"id":26356687,"profile_background_image_url_https":"https://pbs.twimg.com/profile_background_images/378800000060458634/ed7bd6ff13d878ab8dc1f594bf819b39.jpeg","verified":false,"profile_location":null,"profile_image_url_https":"https://pbs.twimg.com/profile_images/579013470932217857/jc5nYbKx_normal.jpg","profile_sidebar_fill_color":"EFEFEF","entities":{"description":{"urls":[]}},"followers_count":330,"profile_sidebar_border_color":"FFFFFF","id_str":"26356687","profile_background_color":"131516","listed_count":5,"is_translation_enabled":false,"utc_offset":39600,"statuses_count":4086,"description":"Professional ParaMurse® | Paramedic Educator.             #FOAMed #FOANed #FOAMems Whovian, Trekker, Starwalker. Son of Mogh. Doesn't mind lense flares.","friends_count":737,"location":"Australia","profile_link_color":"020B70","profile_image_url":"http://pbs.twimg.com/profile_images/579013470932217857/jc5nYbKx_normal.jpg","following":false,"geo_enabled":true,"profile_banner_url":"https://pbs.twimg.com/profile_banners/26356687/1399160790","profile_background_image_url":"http://pbs.twimg.com/profile_background_images/378800000060458634/ed7bd6ff13d878ab8dc1f594bf819b39.jpeg","name":"Brent Driscoll™","lang":"en","profile_background_tile":true,"favourites_count":693,"screen_name":"Cannulator","notifications":false,"url":null,"created_at":"Tue Mar 24 23:29:31 +0000 2009","contributors_enabled":false,"time_zone":"Melbourne","protected":false,"default_profile":false,"is_translator":false},"geo":null,"in_reply_to_user_id_str":"25210650","lang":"en","created_at":"Mon Dec 15 04:42:21 +0000 2014","in_reply_to_status_id_str":"544351133120987136","place":null},
{"contributors":null,"truncated":false,"text":"@lucethoughts Do we have SWAT in Australia?","in_reply_to_status_id":544351133120987136,"id":544351869997293568,"favorite_count":0,"source":"<a href=\"http://twitter.com\" rel=\"nofollow\">Twitter Web Client</a>","retweeted":false,"coordinates":null,"entities":{"symbols":[],"user_mentions":[{"id":25210650,"indices":[0,13],"id_str":"25210650","screen_name":"lucethoughts","name":"Lucy Carter"}],"hashtags":[],"urls":[]},"in_reply_to_screen_name":"lucethoughts","id_str":"544351869997293568","retweet_count":0,"in_reply_to_user_id":25210650,"favorited":false,"user":{"follow_request_sent":false,"profile_use_background_image":true,"profile_text_color":"333333","default_profile_image":false,"id":23572940,"profile_background_image_url_https":"https://pbs.twimg.com/profile_background_images/136474340/02332_twinpeaks_1280x800.jpg","verified":false,"profile_location":null,"profile_image_url_https":"https://pbs.twimg.com/profile_images/455836683959672832/2arnL4yj_normal.jpeg","profile_sidebar_fill_color":"C0DFEC","entities":{"description":{"urls":[]}},"followers_count":677,"profile_sidebar_border_color":"A8C7F7","id_str":"23572940","profile_background_color":"022330","listed_count":42,"is_translation_enabled":false,"utc_offset":39600,"statuses_count":25649,"description":"Spend far too much time on Twitter. Enjoy all things politics, Muaythai, running and Melbourne Victory.","friends_count":813,"location":"Melbourne, Australia","profile_link_color":"0084B4","profile_image_url":"http://pbs.twimg.com/profile_images/455836683959672832/2arnL4yj_normal.jpeg","following":false,"geo_enabled":false,"profile_banner_url":"https://pbs.twimg.com/profile_banners/23572940/1394171604","profile_background_image_url":"http://pbs.twimg.com/profile_background_images/136474340/02332_twinpeaks_1280x800.jpg","name":"Chris Quirk","lang":"en","profile_background_tile":false,"favourites_count":3,"screen_name":"Chrisquirk","notifications":false,"url":null,"created_at":"Tue Mar 10 09:12:51 +0000 2009","contributors_enabled":false,"time_zone":"Melbourne","protected":false,"default_profile":false,"is_translator":false},"geo":null,"in_reply_to_user_id_str":"25210650","lang":"en","created_at":"Mon Dec 15 04:42:54 +0000 2014","in_reply_to_status_id_str":"544351133120987136","place":null},
{"contributors":null,"truncated":false,"text":"@Chrisquirk @lucethoughts lol","in_reply_to_status_id":544351869997293568,"id":544351920563843072,"favorite_count":0,"source":"<a href=\"https://about.twitter.com/products/tweetdeck\" rel=\"nofollow\">TweetDeck</a>","retweeted":false,"coordinates":null,"entities":{"symbols":[],"user_mentions":[{"id":23572940,"indices":[0,11],"id_str":"23572940","screen_name":"Chrisquirk","name":"Chris Quirk"},{"id":25210650,"indices":[12,25],"id_str":"25210650","screen_name":"lucethoughts","name":"Lucy Carter"}],"hashtags":[],"urls":[]},"in_reply_to_screen_name":"Chrisquirk","id_str":"544351920563843072","retweet_count":0,"in_reply_to_user_id":23572940,"favorited":false,"user":{"follow_request_sent":false,"profile_use_background_image":true,"profile_text_color":"663B12","default_profile_image":false,"id":16676087,"profile_background_image_url_https":"https://pbs.twimg.com/profile_background_images/172391071/eso-data-centre2-9110.jpg","verified":false,"profile_location":null,"profile_image_url_https":"https://pbs.twimg.com/profile_images/589731595403202560/J4EkDXCk_normal.jpg","profile_sidebar_fill_color":"DAECF4","entities":{"url":{"urls":[{"url":"http://t.co/hzckw2nOj4","indices":[0,22],"expanded_url":"http://AnyAny.info","display_url":"AnyAny.info"}]},"description":{"urls":[]}},"followers_count":4440,"profile_sidebar_border_color":"C6E2EE","id_str":"16676087","profile_background_color":"C6E2EE","listed_count":211,"is_translation_enabled":false,"utc_offset":39600,"statuses_count":126378,"description":"One time Stephen Conroy said in the senate I misled the Australian people. This other time the ABC published my pic of Scott Morrison with a dick on his head.","friends_count":1142,"location":"Get a Warrant.","profile_link_color":"1F98C7","profile_image_url":"http://pbs.twimg.com/profile_images/589731595403202560/J4EkDXCk_normal.jpg","following":false,"geo_enabled":true,"profile_banner_url":"https://pbs.twimg.com/profile_banners/16676087/1409874023","profile_background_image_url":"http://pbs.twimg.com/profile_background_images/172391071/eso-data-centre2-9110.jpg","name":"Twas Night b4 Gordy","lang":"en","profile_background_tile":true,"favourites_count":1269,"screen_name":"GordyPls","notifications":false,"url":"http://t.co/hzckw2nOj4","created_at":"Thu Oct 09 23:41:08 +0000 2008","contributors_enabled":false,"time_zone":"Sydney","protected":false,"default_profile":false,"is_translator":false},"geo":null,"in_reply_to_user_id_str":"23572940","lang":"und","created_at":"Mon Dec 15 04:43:06 +0000 2014","in_reply_to_status_id_str":"544351869997293568","place":null},
{"contributors":null,"truncated":false,"text":"@Chrisquirk @lucethoughts to be fair though people know what SWAT means.  TAG East not so much.","in_reply_to_status_id":544351869997293568,"id":544352117800988672,"favorite_count":0,"source":"<a href=\"https://about.twitter.com/products/tweetdeck\" rel=\"nofollow\">TweetDeck</a>","retweeted":false,"coordinates":null,"entities":{"symbols":[],"user_mentions":[{"id":23572940,"indices":[0,11],"id_str":"23572940","screen_name":"Chrisquirk","name":"Chris Quirk"},{"id":25210650,"indices":[12,25],"id_str":"25210650","screen_name":"lucethoughts","name":"Lucy Carter"}],"hashtags":[],"urls":[]},"in_reply_to_screen_name":"Chrisquirk","id_str":"544352117800988672","retweet_count":0,"in_reply_to_user_id":23572940,"favorited":false,"user":{"follow_request_sent":false,"profile_use_background_image":true,"profile_text_color":"663B12","default_profile_image":false,"id":16676087,"profile_background_image_url_https":"https://pbs.twimg.com/profile_background_images/172391071/eso-data-centre2-9110.jpg","verified":false,"profile_location":null,"profile_image_url_https":"https://pbs.twimg.com/profile_images/589731595403202560/J4EkDXCk_normal.jpg","profile_sidebar_fill_color":"DAECF4","entities":{"url":{"urls":[{"url":"http://t.co/hzckw2nOj4","indices":[0,22],"expanded_url":"http://AnyAny.info","display_url":"AnyAny.info"}]},"description":{"urls":[]}},"followers_count":4440,"profile_sidebar_border_color":"C6E2EE","id_str":"16676087","profile_background_color":"C6E2EE","listed_count":211,"is_translation_enabled":false,"utc_offset":39600,"statuses_count":126378,"description":"One time Stephen Conroy said in the senate I misled the Australian people. This other time the ABC published my pic of Scott Morrison with a dick on his head.","friends_count":1142,"location":"Get a Warrant.","profile_link_color":"1F98C7","profile_image_url":"http://pbs.twimg.com/profile_images/589731595403202560/J4EkDXCk_normal.jpg","following":false,"geo_enabled":true,"profile_banner_url":"https://pbs.twimg.com/profile_banners/16676087/1409874023","profile_background_image_url":"http://pbs.twimg.com/profile_background_images/172391071/eso-data-centre2-9110.jpg","name":"Twas Night b4 Gordy","lang":"en","profile_background_tile":true,"favourites_count":1269,"screen_name":"GordyPls","notifications":false,"url":"http://t.co/hzckw2nOj4","created_at":"Thu Oct 09 23:41:08 +0000 2008","contributors_enabled":false,"time_zone":"Sydney","protected":false,"default_profile":false,"is_translator":false},"geo":null,"in_reply_to_user_id_str":"23572940","lang":"en","created_at":"Mon Dec 15 04:43:53 +0000 2014","in_reply_to_status_id_str":"544351869997293568","place":null},
{"contributors":null,"truncated":false,"text":"@GordyPls @lucethoughts Yeh fair enough","in_reply_to_status_id":544352117800988672,"id":544352387607977985,"favorite_count":0,"source":"<a href=\"http://twitter.com\" rel=\"nofollow\">Twitter Web Client</a>","retweeted":false,"coordinates":null,"entities":{"symbols":[],"user_mentions":[{"id":16676087,"indices":[0,9],"id_str":"16676087","screen_name":"GordyPls","name":"Twas Night b4 Gordy"},{"id":25210650,"indices":[10,23],"id_str":"25210650","screen_name":"lucethoughts","name":"Lucy Carter"}],"hashtags":[],"urls":[]},"in_reply_to_screen_name":"GordyPls","id_str":"544352387607977985","retweet_count":0,"in_reply_to_user_id":16676087,"favorited":false,"user":{"follow_request_sent":false,"profile_use_background_image":true,"profile_text_color":"333333","default_profile_image":false,"id":23572940,"profile_background_image_url_https":"https://pbs.twimg.com/profile_background_images/136474340/02332_twinpeaks_1280x800.jpg","verified":false,"profile_location":null,"profile_image_url_https":"https://pbs.twimg.com/profile_images/455836683959672832/2arnL4yj_normal.jpeg","profile_sidebar_fill_color":"C0DFEC","entities":{"description":{"urls":[]}},"followers_count":677,"profile_sidebar_border_color":"A8C7F7","id_str":"23572940","profile_background_color":"022330","listed_count":42,"is_translation_enabled":false,"utc_offset":39600,"statuses_count":25649,"description":"Spend far too much time on Twitter. Enjoy all things politics, Muaythai, running and Melbourne Victory.","friends_count":813,"location":"Melbourne, Australia","profile_link_color":"0084B4","profile_image_url":"http://pbs.twimg.com/profile_images/455836683959672832/2arnL4yj_normal.jpeg","following":false,"geo_enabled":false,"profile_banner_url":"https://pbs.twimg.com/profile_banners/23572940/1394171604","profile_background_image_url":"http://pbs.twimg.com/profile_background_images/136474340/02332_twinpeaks_1280x800.jpg","name":"Chris Quirk","lang":"en","profile_background_tile":false,"favourites_count":3,"screen_name":"Chrisquirk","notifications":false,"url":null,"created_at":"Tue Mar 10 09:12:51 +0000 2009","contributors_enabled":false,"time_zone":"Melbourne","protected":false,"default_profile":false,"is_translator":false},"geo":null,"in_reply_to_user_id_str":"16676087","lang":"en","created_at":"Mon Dec 15 04:44:57 +0000 2014","in_reply_to_status_id_str":"544352117800988672","place":null},
{"contributors":null,"truncated":false,"text":"@lucethoughts @abcnews Are people freed or they are first people ?","in_reply_to_status_id":544351133120987136,"id":544352905990385665,"favorite_count":0,"source":"<a href=\"http://twitter.com/download/iphone\" rel=\"nofollow\">Twitter for iPhone</a>","retweeted":false,"coordinates":null,"entities":{"symbols":[],"user_mentions":[{"id":25210650,"indices":[0,13],"id_str":"25210650","screen_name":"lucethoughts","name":"Lucy Carter"},{"id":2768501,"indices":[14,22],"id_str":"2768501","screen_name":"abcnews","name":"ABC News"}],"hashtags":[],"urls":[]},"in_reply_to_screen_name":"lucethoughts","id_str":"544352905990385665","retweet_count":0,"in_reply_to_user_id":25210650,"favorited":false,"user":{"follow_request_sent":false,"profile_use_background_image":true,"profile_text_color":"333333","default_profile_image":false,"id":2527188690,"profile_background_image_url_https":"https://abs.twimg.com/images/themes/theme1/bg.png","verified":false,"profile_location":null,"profile_image_url_https":"https://pbs.twimg.com/profile_images/551286621589364736/44SeHhvU_normal.jpeg","profile_sidebar_fill_color":"DDEEF6","entities":{"description":{"urls":[]}},"followers_count":23,"profile_sidebar_border_color":"C0DEED","id_str":"2527188690","profile_background_color":"C0DEED","listed_count":0,"is_translation_enabled":false,"utc_offset":null,"statuses_count":172,"description":"Integration developer, engineer, writer and open source enthusiast :)","friends_count":69,"location":"","profile_link_color":"0084B4","profile_image_url":"http://pbs.twimg.com/profile_images/551286621589364736/44SeHhvU_normal.jpeg","following":false,"geo_enabled":false,"profile_banner_url":"https://pbs.twimg.com/profile_banners/2527188690/1413325267","profile_background_image_url":"http://abs.twimg.com/images/themes/theme1/bg.png","name":"Guru","lang":"en","profile_background_tile":false,"favourites_count":6,"screen_name":"tallguru","notifications":false,"url":null,"created_at":"Tue May 27 10:57:31 +0000 2014","contributors_enabled":false,"time_zone":null,"protected":false,"default_profile":true,"is_translator":false},"geo":null,"in_reply_to_user_id_str":"25210650","lang":"en","created_at":"Mon Dec 15 04:47:01 +0000 2014","in_reply_to_status_id_str":"544351133120987136","place":null},
{"contributors":null,"truncated":false,"text":"@lucethoughts haven't police &amp; ABC guest experts requested that people not report on live ops?","in_reply_to_status_id":544351133120987136,"id":544353167253569537,"favorite_count":0,"source":"<a href=\"http://twitter.com/download/iphone\" rel=\"nofollow\">Twitter for iPhone</a>","retweeted":false,"coordinates":null,"entities":{"symbols":[],"user_mentions":[{"id":25210650,"indices":[0,13],"id_str":"25210650","screen_name":"lucethoughts","name":"Lucy Carter"}],"hashtags":[],"urls":[]},"in_reply_to_screen_name":"lucethoughts","id_str":"544353167253569537","retweet_count":0,"in_reply_to_user_id":25210650,"favorited":false,"user":{"follow_request_sent":false,"profile_use_background_image":true,"profile_text_color":"333333","default_profile_image":false,"id":16157145,"profile_background_image_url_https":"https://pbs.twimg.com/profile_background_images/164132058/rsz_3wordle.jpg","verified":false,"profile_location":null,"profile_image_url_https":"https://pbs.twimg.com/profile_images/493713713719824384/TLGQWsSE_normal.jpeg","profile_sidebar_fill_color":"E1F0E1","entities":{"description":{"urls":[]}},"followers_count":698,"profile_sidebar_border_color":"619921","id_str":"16157145","profile_background_color":"FFFFFF","listed_count":44,"is_translation_enabled":false,"utc_offset":39600,"statuses_count":43697,"description":"If you'll be my bodyguard,\r\nI can be your long lost pal.\r\nI can call you Betty,\r\nAnd Betty when you call me,\r\nYou can call me Al.","friends_count":505,"location":"Canberra","profile_link_color":"5A29AA","profile_image_url":"http://pbs.twimg.com/profile_images/493713713719824384/TLGQWsSE_normal.jpeg","following":false,"geo_enabled":false,"profile_banner_url":"https://pbs.twimg.com/profile_banners/16157145/1400032043","profile_background_image_url":"http://pbs.twimg.com/profile_background_images/164132058/rsz_3wordle.jpg","name":"alivicwil","lang":"en","profile_background_tile":false,"favourites_count":602,"screen_name":"alivicwil","notifications":false,"url":null,"created_at":"Sat Sep 06 14:42:19 +0000 2008","contributors_enabled":false,"time_zone":"Canberra","protected":false,"default_profile":false,"is_translator":false},"geo":null,"in_reply_to_user_id_str":"25210650","lang":"en","created_at":"Mon Dec 15 04:48:03 +0000 2014","in_reply_to_status_id_str":"544351133120987136","place":null},
{"contributors":null,"truncated":false,"text":"@lucethoughts some good news.  Thanks for your reporting.","in_reply_to_status_id":544351133120987136,"id":544358115680874497,"favorite_count":0,"source":"<a href=\"http://twitter.com/download/android\" rel=\"nofollow\">Twitter for Android</a>","retweeted":false,"coordinates":null,"entities":{"symbols":[],"user_mentions":[{"id":25210650,"indices":[0,13],"id_str":"25210650","screen_name":"lucethoughts","name":"Lucy Carter"}],"hashtags":[],"urls":[]},"in_reply_to_screen_name":"lucethoughts","id_str":"544358115680874497","retweet_count":0,"in_reply_to_user_id":25210650,"favorited":false,"user":{"follow_request_sent":false,"profile_use_background_image":true,"profile_text_color":"333333","default_profile_image":false,"id":20962944,"profile_background_image_url_https":"https://abs.twimg.com/images/themes/theme1/bg.png","verified":false,"profile_location":null,"profile_image_url_https":"https://pbs.twimg.com/profile_images/2257059064/Picture_1_normal.jpg","profile_sidebar_fill_color":"DDEEF6","entities":{"url":{"urls":[{"url":"http://t.co/6fcYIDPxa1","indices":[0,22],"expanded_url":"http://solvit.net.au","display_url":"solvit.net.au"}]},"description":{"urls":[]}},"followers_count":46,"profile_sidebar_border_color":"C0DEED","id_str":"20962944","profile_background_color":"C0DEED","listed_count":1,"is_translation_enabled":false,"utc_offset":36000,"statuses_count":2346,"description":"Computer Technician","friends_count":143,"location":"Gold Coast, Qld Australia","profile_link_color":"0084B4","profile_image_url":"http://pbs.twimg.com/profile_images/2257059064/Picture_1_normal.jpg","following":false,"geo_enabled":true,"profile_background_image_url":"http://abs.twimg.com/images/themes/theme1/bg.png","name":"Brett Hood","lang":"en","profile_background_tile":false,"favourites_count":43,"screen_name":"solvitgc","notifications":false,"url":"http://t.co/6fcYIDPxa1","created_at":"Mon Feb 16 04:39:01 +0000 2009","contributors_enabled":false,"time_zone":"Brisbane","protected":false,"default_profile":true,"is_translator":false},"geo":null,"in_reply_to_user_id_str":"25210650","lang":"en","created_at":"Mon Dec 15 05:07:43 +0000 2014","in_reply_to_status_id_str":"544351133120987136","place":null},
{"contributors":null,"truncated":false,"text":"@lucethoughts \nAs a police reporter, you should know we dont have SWAT. They're elements of the TOU. (TRG in some states)","in_reply_to_status_id":544351133120987136,"id":544360338691325953,"favorite_count":0,"source":"<a href=\"http://twitter.com\" rel=\"nofollow\">Twitter Web Client</a>","retweeted":false,"coordinates":null,"entities":{"symbols":[],"user_mentions":[{"id":25210650,"indices":[0,13],"id_str":"25210650","screen_name":"lucethoughts","name":"Lucy Carter"}],"hashtags":[],"urls":[]},"in_reply_to_screen_name":"lucethoughts","id_str":"544360338691325953","retweet_count":0,"in_reply_to_user_id":25210650,"favorited":false,"user":{"follow_request_sent":false,"profile_use_background_image":true,"profile_text_color":"333333","default_profile_image":false,"id":1962621864,"profile_background_image_url_https":"https://abs.twimg.com/images/themes/theme1/bg.png","verified":false,"profile_location":null,"profile_image_url_https":"https://pbs.twimg.com/profile_images/378800000600430084/46b550d2cb634c44f3669e90c496fe68_normal.jpeg","profile_sidebar_fill_color":"DDEEF6","entities":{"description":{"urls":[]}},"followers_count":21,"profile_sidebar_border_color":"C0DEED","id_str":"1962621864","profile_background_color":"C0DEED","listed_count":0,"is_translation_enabled":false,"utc_offset":28800,"statuses_count":492,"description":"Public artist, designer.","friends_count":62,"location":"Perth","profile_link_color":"0084B4","profile_image_url":"http://pbs.twimg.com/profile_images/378800000600430084/46b550d2cb634c44f3669e90c496fe68_normal.jpeg","following":false,"geo_enabled":false,"profile_background_image_url":"http://abs.twimg.com/images/themes/theme1/bg.png","name":"Inkahootz","lang":"en","profile_background_tile":false,"favourites_count":189,"screen_name":"Inka_hootz","notifications":false,"url":null,"created_at":"Tue Oct 15 13:25:52 +0000 2013","contributors_enabled":false,"time_zone":"Beijing","protected":false,"default_profile":true,"is_translator":false},"geo":null,"in_reply_to_user_id_str":"25210650","lang":"en","created_at":"Mon Dec 15 05:16:33 +0000 2014","in_reply_to_status_id_str":"544351133120987136","place":null}
]