[{"contributors":null,"truncated":false,"text":"@sethmnookin @uber yea, dumb, but that's probably an automated system adjusting rates based on demand… their AI failed them in this case","in_reply_to_status_id":544355845489065984,"id":544356190109831168,"favorite_count":1,"source":"<a href=\"http://itunes.apple.com/us/app/twitter/id409789998?mt=12\" rel=\"nofollow\">Twitter for Mac</a>","retweeted":false,"coordinates":null,"entities":{"symbols":[],"user_mentions":[{"id":22931893,"indices":[0,12],"id_str":"22931893","screen_name":"sethmnookin","name":"Seth Mnookin"},{"id":19103481,"indices":[13,18],"id_str":"19103481","screen_name":"Uber","name":"Uber"}],"hashtags":[],"urls":[]},"in_reply_to_screen_name":"sethmnookin","id_str":"544356190109831168","retweet_count":0,"in_reply_to_user_id":22931893,"favorited":false,"user":{"follow_request_sent":false,"profile_use_background_image":true,"profile_text_color":"333333","default_profile_image":false,"id":190313620,"profile_background_image_url_https":"https://abs.twimg.com/images/themes/theme14/bg.gif","verified":false,"profile_location":null,"profile_image_url_https":"https://pbs.twimg.com/profile_images/1386049233/tshirt-m-gtfo-Green-art-280_normal.gif","profile_sidebar_fill_color":"EFEFEF","entities":{"description":{"urls":[]}},"followers_count":2049,"profile_sidebar_border_color":"EEEEEE","id_str":"190313620","profile_background_color":"131516","listed_count":0,"is_translation_enabled":false,"utc_offset":-18000,"statuses_count":2299,"description":"jack of all trades, master of none.","friends_count":656,"location":"Boston","profile_link_color":"009999","profile_image_url":"http://pbs.twimg.com/profile_images/1386049233/tshirt-m-gtfo-Green-art-280_normal.gif","following":false,"geo_enabled":false,"profile_background_image_url":"http://abs.twimg.com/images/themes/theme14/bg.gif","name":"gtfo","lang":"en","profile_background_tile":true,"favourites_count":43,"screen_name":"gtfo","notifications":false,"url":null,"created_at":"Mon Sep 13 16:51:52 +0000 2010","contributors_enabled":false,"time_zone":"Eastern Time (US & Canada)","protected":false,"default_profile":false,"is_translator":false},"geo":null,"in_reply_to_user_id_str":"22931893","lang":"en","created_at":"Mon Dec 15 05:00:04 +0000 2014","in_reply_to_status_id_str":"544355845489065984","place":null},
{"contributors":null,"truncated":false,"text":"@sethmnookin That's nice. Millions of other folks don't give a crap.","in_reply_to_status_id":544355845489065984,"id":544356320413896704,"favorite_count":0,"source":"<a href=\"http://twitter.com\" rel=\"nofollow\">Twitter Web Client</a>","retweeted":false,"coordinates":null,"entities":{"symbols":[],"user_mentions":[{"id":22931893,"indices":[0,12],"id_str":"22931893","screen_name":"sethmnookin","name":"Seth Mnookin"}],"hashtags":[],"urls":[]},"in_reply_to_screen_name":"sethmnookin","id_str":"544356320413896704","retweet_count":0,"in_reply_to_user_id":22931893,"favorited":false,"user":{"follow_request_sent":false,"profile_use_background_image":true,"profile_text_color":"696545","default_profile_image":false,"id":741803,"profile_background_image_url_https":"https://pbs.twimg.com/profile_background_images/812534600/1d0ddfba8a3a2f2c92354b7c04705c50.jpeg","verified":false,"profile_location":null,"profile_image_url_https":"https://pbs.twimg.com/profile_images/583511400900759552/LYHMK6op_normal.jpg","profile_sidebar_fill_color":"262626","entities":{"url":{"urls":[{"url":"http://t.co/t16ps67Mm7","indices":[0,22],"expanded_url":"http://www.znmeb.mobi","display_url":"znmeb.mobi"}]},"description":{"urls":[]}},"followers_count":12136,"profile_sidebar_border_color":"4D4A33","id_str":"741803","profile_background_color":"091304","listed_count":1026,"is_translation_enabled":false,"utc_offset":-28800,"statuses_count":141594,"description":"Buck Borasky, Frontier Programmer - sit-down comic, thought follower, former boy genius, curmudgeon-in-residence, computational journalist, algorithmic composer","friends_count":11792,"location":"Portland, OR","profile_link_color":"0000FF","profile_image_url":"http://pbs.twimg.com/profile_images/583511400900759552/LYHMK6op_normal.jpg","following":false,"geo_enabled":true,"profile_banner_url":"https://pbs.twimg.com/profile_banners/741803/1398198736","profile_background_image_url":"http://pbs.twimg.com/profile_background_images/812534600/1d0ddfba8a3a2f2c92354b7c04705c50.jpeg","name":"ᙇᓐ M Edward Borasky","lang":"en","profile_background_tile":false,"favourites_count":7521,"screen_name":"znmeb","notifications":false,"url":"http://t.co/t16ps67Mm7","created_at":"Thu Feb 01 05:03:16 +0000 2007","contributors_enabled":false,"time_zone":"Pacific Time (US & Canada)","protected":false,"default_profile":false,"is_translator":false},"geo":null,"in_reply_to_user_id_str":"22931893","lang":"en","created_at":"Mon Dec 15 05:00:35 +0000 2014","in_reply_to_status_id_str":"544355845489065984","place":null},
{"contributors":null,"truncated":false,"text":"@sethmnookin See also this tweet 40 mins before ones advising passengers its free https://t.co/fIHMasXdI7 &lt;- Ayn Rand still alive runs @Uber","in_reply_to_status_id":544355845489065984,"id":544356578313261057,"favorite_count":2,"source":"<a href=\"https://about.twitter.com/products/tweetdeck\" rel=\"nofollow\">TweetDeck</a>","retweeted":false,"coordinates":null,"entities":{"symbols":[],"user_mentions":[{"id":22931893,"indices":[0,12],"id_str":"22931893","screen_name":"sethmnookin","name":"Seth Mnookin"},{"id":19103481,"indices":[138,143],"id_str":"19103481","screen_name":"Uber","name":"Uber"}],"hashtags":[],"urls":[{"url":"https://t.co/fIHMasXdI7","indices":[82,105],"expanded_url":"https://twitter.com/Uber_Sydney/status/544319760809222144","display_url":"twitter.com/Uber_Sydney/st…"}]},"in_reply_to_screen_name":"sethmnookin","id_str":"544356578313261057","retweet_count":3,"in_reply_to_user_id":22931893,"favorited":false,"user":{"follow_request_sent":false,"profile_use_background_image":true,"profile_text_color":"333333","default_profile_image":false,"id":1622219137,"profile_background_image_url_https":"https://abs.twimg.com/images/themes/theme1/bg.png","verified":false,"profile_location":null,"profile_image_url_https":"https://pbs.twimg.com/profile_images/576590559629996032/fxvWZZWR_normal.jpeg","profile_sidebar_fill_color":"DDEEF6","entities":{"url":{"urls":[{"url":"http://t.co/bu8akj2mWN","indices":[0,22],"expanded_url":"http://berrymanconsulting.com/","display_url":"berrymanconsulting.com"}]},"description":{"urls":[]}},"followers_count":582,"profile_sidebar_border_color":"C0DEED","id_str":"1622219137","profile_background_color":"C0DEED","listed_count":8,"is_translation_enabled":false,"utc_offset":39600,"statuses_count":14769,"description":"爸爸和老公和博士。IT Architect. H16/R1b1b2a1a2f*. 2.9% Neanderthal. I believe in a deeply ordered chaos. In coffee we trust. Tweets my own.","friends_count":703,"location":"Wollongong, NSW, Australia","profile_link_color":"0084B4","profile_image_url":"http://pbs.twimg.com/profile_images/576590559629996032/fxvWZZWR_normal.jpeg","following":false,"geo_enabled":true,"profile_banner_url":"https://pbs.twimg.com/profile_banners/1622219137/1375336044","profile_background_image_url":"http://abs.twimg.com/images/themes/theme1/bg.png","name":"Matthew Berryman 沈马修","lang":"en","profile_background_tile":false,"favourites_count":2019,"screen_name":"mjberryman","notifications":false,"url":"http://t.co/bu8akj2mWN","created_at":"Fri Jul 26 06:16:56 +0000 2013","contributors_enabled":false,"time_zone":"Sydney","protected":false,"default_profile":true,"is_translator":false},"geo":null,"in_reply_to_user_id_str":"22931893","possibly_sensitive":false,"lang":"en","created_at":"Mon Dec 15 05:01:36 +0000 2014","in_reply_to_status_id_str":"544355845489065984","place":null},
{"contributors":null,"truncated":false,"text":"@gtfo @Uber Fair pt - but if were concerned about being decent as much as they are w/stalking journalists or being louts, wouldn't happen.","in_reply_to_status_id":544356190109831168,"id":544356677508947968,"favorite_count":0,"source":"<a href=\"http://twitter.com/download/iphone\" rel=\"nofollow\">Twitter for iPhone</a>","retweeted":false,"coordinates":null,"entities":{"symbols":[],"user_mentions":[{"id":190313620,"indices":[0,5],"id_str":"190313620","screen_name":"gtfo","name":"gtfo"},{"id":19103481,"indices":[6,11],"id_str":"19103481","screen_name":"Uber","name":"Uber"}],"hashtags":[],"urls":[]},"in_reply_to_screen_name":"gtfo","id_str":"544356677508947968","retweet_count":0,"in_reply_to_user_id":190313620,"favorited":false,"user":{"follow_request_sent":false,"profile_use_background_image":true,"profile_text_color":"666666","default_profile_image":false,"id":22931893,"profile_background_image_url_https":"https://abs.twimg.com/images/themes/theme9/bg.gif","verified":false,"profile_location":null,"profile_image_url_https":"https://pbs.twimg.com/profile_images/2895645801/d556ecf78b6c4483f4d2856836d8a09f_normal.png","profile_sidebar_fill_color":"252429","entities":{"url":{"urls":[{"url":"http://t.co/dYVcLnFPlU","indices":[0,22],"expanded_url":"http://sethmnookin.com","display_url":"sethmnookin.com"}]},"description":{"urls":[{"url":"http://t.co/AbCgap60YB","indices":[94,116],"expanded_url":"http://bit.ly/fw3Z0t","display_url":"bit.ly/fw3Z0t"}]}},"followers_count":32554,"profile_sidebar_border_color":"181A1E","id_str":"22931893","profile_background_color":"1A1B1F","listed_count":1141,"is_translation_enabled":false,"utc_offset":-18000,"statuses_count":16418,"description":"I teach in @MIT_SciWrite & wrote The Panic Virus, Feeding the Monster & Hard News. Here I am: http://t.co/AbCgap60YB Rock me like a hurricane.","friends_count":1288,"location":"Boston","profile_link_color":"2FC2EF","profile_image_url":"http://pbs.twimg.com/profile_images/2895645801/d556ecf78b6c4483f4d2856836d8a09f_normal.png","following":false,"geo_enabled":true,"profile_banner_url":"https://pbs.twimg.com/profile_banners/22931893/1361899673","profile_background_image_url":"http://abs.twimg.com/images/themes/theme9/bg.gif","name":"Seth Mnookin","lang":"en","profile_background_tile":false,"favourites_count":261,"screen_name":"sethmnookin","notifications":false,"url":"http://t.co/dYVcLnFPlU","created_at":"Thu Mar 05 15:31:55 +0000 2009","contributors_enabled":false,"time_zone":"Eastern Time (US & Canada)","protected":false,"default_profile":false,"is_translator":false},"geo":null,"in_reply_to_user_id_str":"190313620","lang":"en","created_at":"Mon Dec 15 05:02:00 +0000 2014","in_reply_to_status_id_str":"544356190109831168","place":null},
{"contributors":null,"truncated":false,"text":"@sethmnookin @Uber Whats the big deal? Isnt this one of the rules of acquisition?","in_reply_to_status_id":544355845489065984,"id":544356775013908480,"favorite_count":0,"source":"<a href=\"http://twitter.com\" rel=\"nofollow\">Twitter Web Client</a>","retweeted":false,"coordinates":null,"entities":{"symbols":[],"user_mentions":[{"id":22931893,"indices":[0,12],"id_str":"22931893","screen_name":"sethmnookin","name":"Seth Mnookin"},{"id":19103481,"indices":[13,18],"id_str":"19103481","screen_name":"Uber","name":"Uber"}],"hashtags":[],"urls":[]},"in_reply_to_screen_name":"sethmnookin","id_str":"544356775013908480","retweet_count":0,"in_reply_to_user_id":22931893,"favorited":false,"user":{"follow_request_sent":false,"profile_use_background_image":true,"profile_text_color":"333333","default_profile_image":true,"id":954335515,"profile_background_image_url_https":"https://abs.twimg.com/images/themes/theme1/bg.png","verified":false,"profile_location":null,"profile_image_url_https":"https://abs.twimg.com/sticky/default_profile_images/default_profile_0_normal.png","profile_sidebar_fill_color":"DDEEF6","entities":{"description":{"urls":[]}},"followers_count":17,"profile_sidebar_border_color":"C0DEED","id_str":"954335515","profile_background_color":"C0DEED","listed_count":0,"is_translation_enabled":false,"utc_offset":-14400,"statuses_count":536,"description":"","friends_count":187,"location":"","profile_link_color":"0084B4","profile_image_url":"http://abs.twimg.com/sticky/default_profile_images/default_profile_0_normal.png","following":false,"geo_enabled":false,"profile_background_image_url":"http://abs.twimg.com/images/themes/theme1/bg.png","name":"st","lang":"en","profile_background_tile":false,"favourites_count":5,"screen_name":"SettozeroSteve","notifications":false,"url":null,"created_at":"Sat Nov 17 21:08:21 +0000 2012","contributors_enabled":false,"time_zone":"Atlantic Time (Canada)","protected":false,"default_profile":true,"is_translator":false},"geo":null,"in_reply_to_user_id_str":"22931893","lang":"en","created_at":"Mon Dec 15 05:02:23 +0000 2014","in_reply_to_status_id_str":"544355845489065984","place":null},
{"contributors":null,"truncated":false,"text":"@znmeb Apparently you're not one of those, though, b/c you took the time to read it and respond.","in_reply_to_status_id":544356320413896704,"id":544356928252817408,"favorite_count":0,"source":"<a href=\"http://twitter.com/download/iphone\" rel=\"nofollow\">Twitter for iPhone</a>","retweeted":false,"coordinates":null,"entities":{"symbols":[],"user_mentions":[{"id":741803,"indices":[0,6],"id_str":"741803","screen_name":"znmeb","name":"ᙇᓐ M Edward Borasky"}],"hashtags":[],"urls":[]},"in_reply_to_screen_name":"znmeb","id_str":"544356928252817408","retweet_count":0,"in_reply_to_user_id":741803,"favorited":false,"user":{"follow_request_sent":false,"profile_use_background_image":true,"profile_text_color":"666666","default_profile_image":false,"id":22931893,"profile_background_image_url_https":"https://abs.twimg.com/images/themes/theme9/bg.gif","verified":false,"profile_location":null,"profile_image_url_https":"https://pbs.twimg.com/profile_images/2895645801/d556ecf78b6c4483f4d2856836d8a09f_normal.png","profile_sidebar_fill_color":"252429","entities":{"url":{"urls":[{"url":"http://t.co/dYVcLnFPlU","indices":[0,22],"expanded_url":"http://sethmnookin.com","display_url":"sethmnookin.com"}]},"description":{"urls":[{"url":"http://t.co/AbCgap60YB","indices":[94,116],"expanded_url":"http://bit.ly/fw3Z0t","display_url":"bit.ly/fw3Z0t"}]}},"followers_count":32554,"profile_sidebar_border_color":"181A1E","id_str":"22931893","profile_background_color":"1A1B1F","listed_count":1141,"is_translation_enabled":false,"utc_offset":-18000,"statuses_count":16418,"description":"I teach in @MIT_SciWrite & wrote The Panic Virus, Feeding the Monster & Hard News. Here I am: http://t.co/AbCgap60YB Rock me like a hurricane.","friends_count":1288,"location":"Boston","profile_link_color":"2FC2EF","profile_image_url":"http://pbs.twimg.com/profile_images/2895645801/d556ecf78b6c4483f4d2856836d8a09f_normal.png","following":false,"geo_enabled":true,"profile_banner_url":"https://pbs.twimg.com/profile_banners/22931893/1361899673","profile_background_image_url":"http://abs.twimg.com/images/themes/theme9/bg.gif","name":"Seth Mnookin","lang":"en","profile_background_tile":false,"favourites_count":261,"screen_name":"sethmnookin","notifications":false,"url":"http://t.co/dYVcLnFPlU","created_at":"Thu Mar 05 15:31:55 +0000 2009","contributors_enabled":false,"time_zone":"Eastern Time (US & Canada)","protected":false,"default_profile":false,"is_translator":false},"geo":null,"in_reply_to_user_id_str":"741803","lang":"en","created_at":"Mon Dec 15 05:03:00 +0000 2014","in_reply_to_status_id_str":"544356320413896704","place":null},
{"contributors":null,"truncated":false,"text":"@sethmnookin @uber yep agree, i just find it hard to believe someone is sitting at a computer and thought \"this is a good idea\"… who knows","in_reply_to_status_id":544356677508947968,"id":544357000151568386,"favorite_count":0,"source":"<a href=\"http://itunes.apple.com/us/app/twitter/id409789998?mt=12\" rel=\"nofollow\">Twitter for Mac</a>","retweeted":false,"coordinates":null,"entities":{"symbols":[],"user_mentions":[{"id":22931893,"indices":[0,12],"id_str":"22931893","screen_name":"sethmnookin","name":"Seth Mnookin"},{"id":19103481,"indices":[13,18],"id_str":"19103481","screen_name":"Uber","name":"Uber"}],"hashtags":[],"urls":[]},"in_reply_to_screen_name":"sethmnookin","id_str":"544357000151568386","retweet_count":0,"in_reply_to_user_id":22931893,"favorited":false,"user":{"follow_request_sent":false,"profile_use_background_image":true,"profile_text_color":"333333","default_profile_image":false,"id":190313620,"profile_background_image_url_https":"https://abs.twimg.com/images/themes/theme14/bg.gif","verified":false,"profile_location":null,"profile_image_url_https":"https://pbs.twimg.com/profile_images/1386049233/tshirt-m-gtfo-Green-art-280_normal.gif","profile_sidebar_fill_color":"EFEFEF","entities":{"description":{"urls":[]}},"followers_count":2049,"profile_sidebar_border_color":"EEEEEE","id_str":"190313620","profile_background_color":"131516","listed_count":0,"is_translation_enabled":false,"utc_offset":-18000,"statuses_count":2299,"description":"jack of all trades, master of none.","friends_count":656,"location":"Boston","profile_link_color":"009999","profile_image_url":"http://pbs.twimg.com/profile_images/1386049233/tshirt-m-gtfo-Green-art-280_normal.gif","following":false,"geo_enabled":false,"profile_background_image_url":"http://abs.twimg.com/images/themes/theme14/bg.gif","name":"gtfo","lang":"en","profile_background_tile":true,"favourites_count":43,"screen_name":"gtfo","notifications":false,"url":null,"created_at":"Mon Sep 13 16:51:52 +0000 2010","contributors_enabled":false,"time_zone":"Eastern Time (US & Canada)","protected":false,"default_profile":false,"is_translator":false},"geo":null,"in_reply_to_user_id_str":"22931893","lang":"en","created_at":"Mon Dec 15 05:03:17 +0000 2014","in_reply_to_status_id_str":"544356677508947968","place":null},
{"contributors":null,"truncated":false,"text":"@mjberryman @Uber Yeah, I saw that one too. So disgusting.","in_reply_to_status_id":544356578313261057,"id":544357221220753408,"favorite_count":0,"source":"<a href=\"http://twitter.com/download/iphone\" rel=\"nofollow\">Twitter for iPhone</a>","retweeted":false,"coordinates":null,"entities":{"symbols":[],"user_mentions":[{"id":1622219137,"indices":[0,11],"id_str":"1622219137","screen_name":"mjberryman","name":"Matthew Berryman 沈马修"},{"id":19103481,"indices":[12,17],"id_str":"19103481","screen_name":"Uber","name":"Uber"}],"hashtags":[],"urls":[]},"in_reply_to_screen_name":"mjberryman","id_str":"544357221220753408","retweet_count":0,"in_reply_to_user_id":1622219137,"favorited":false,"user":{"follow_request_sent":false,"profile_use_background_image":true,"profile_text_color":"666666","default_profile_image":false,"id":22931893,"profile_background_image_url_https":"https://abs.twimg.com/images/themes/theme9/bg.gif","verified":false,"profile_location":null,"profile_image_url_https":"https://pbs.twimg.com/profile_images/2895645801/d556ecf78b6c4483f4d2856836d8a09f_normal.png","profile_sidebar_fill_color":"252429","entities":{"url":{"urls":[{"url":"http://t.co/dYVcLnFPlU","indices":[0,22],"expanded_url":"http://sethmnookin.com","display_url":"sethmnookin.com"}]},"description":{"urls":[{"url":"http://t.co/AbCgap60YB","indices":[94,116],"expanded_url":"http://bit.ly/fw3Z0t","display_url":"bit.ly/fw3Z0t"}]}},"followers_count":32554,"profile_sidebar_border_color":"181A1E","id_str":"22931893","profile_background_color":"1A1B1F","listed_count":1141,"is_translation_enabled":false,"utc_offset":-18000,"statuses_count":16418,"description":"I teach in @MIT_SciWrite & wrote The Panic Virus, Feeding the Monster & Hard News. Here I am: http://t.co/AbCgap60YB Rock me like a hurricane.","friends_count":1288,"location":"Boston","profile_link_color":"2FC2EF","profile_image_url":"http://pbs.twimg.com/profile_images/2895645801/d556ecf78b6c4483f4d2856836d8a09f_normal.png","following":false,"geo_enabled":true,"profile_banner_url":"https://pbs.twimg.com/profile_banners/22931893/1361899673","profile_background_image_url":"http://abs.twimg.com/images/themes/theme9/bg.gif","name":"Seth Mnookin","lang":"en","profile_background_tile":false,"favourites_count":261,"screen_name":"sethmnookin","notifications":false,"url":"http://t.co/dYVcLnFPlU","created_at":"Thu Mar 05 15:31:55 +0000 2009","contributors_enabled":false,"time_zone":"Eastern Time (US & Canada)","protected":false,"default_profile":false,"is_translator":false},"geo":null,"in_reply_to_user_id_str":"1622219137","lang":"en","created_at":"Mon Dec 15 05:04:09 +0000 2014","in_reply_to_status_id_str":"544356578313261057","place":null},
{"contributors":null,"truncated":false,"text":"@sethmnookin I live near Portland and I support the city's efforts to hold Uber to municipal laws.","in_reply_to_status_id":544356928252817408,"id":544357256490283009,"favorite_count":0,"source":"<a href=\"http://twitter.com\" rel=\"nofollow\">Twitter Web Client</a>","retweeted":false,"coordinates":null,"entities":{"symbols":[],"user_mentions":[{"id":22931893,"indices":[0,12],"id_str":"22931893","screen_name":"sethmnookin","name":"Seth Mnookin"}],"hashtags":[],"urls":[]},"in_reply_to_screen_name":"sethmnookin","id_str":"544357256490283009","retweet_count":0,"in_reply_to_user_id":22931893,"favorited":false,"user":{"follow_request_sent":false,"profile_use_background_image":true,"profile_text_color":"696545","default_profile_image":false,"id":741803,"profile_background_image_url_https":"https://pbs.twimg.com/profile_background_images/812534600/1d0ddfba8a3a2f2c92354b7c04705c50.jpeg","verified":false,"profile_location":null,"profile_image_url_https":"https://pbs.twimg.com/profile_images/583511400900759552/LYHMK6op_normal.jpg","profile_sidebar_fill_color":"262626","entities":{"url":{"urls":[{"url":"http://t.co/t16ps67Mm7","indices":[0,22],"expanded_url":"http://www.znmeb.mobi","display_url":"znmeb.mobi"}]},"description":{"urls":[]}},"followers_count":12136,"profile_sidebar_border_color":"4D4A33","id_str":"741803","profile_background_color":"091304","listed_count":1026,"is_translation_enabled":false,"utc_offset":-28800,"statuses_count":141594,"description":"Buck Borasky, Frontier Programmer - sit-down comic, thought follower, former boy genius, curmudgeon-in-residence, computational journalist, algorithmic composer","friends_count":11792,"location":"Portland, OR","profile_link_color":"0000FF","profile_image_url":"http://pbs.twimg.com/profile_images/583511400900759552/LYHMK6op_normal.jpg","following":false,"geo_enabled":true,"profile_banner_url":"https://pbs.twimg.com/profile_banners/741803/1398198736","profile_background_image_url":"http://pbs.twimg.com/profile_background_images/812534600/1d0ddfba8a3a2f2c92354b7c04705c50.jpeg","name":"ᙇᓐ M Edward Borasky","lang":"en","profile_background_tile":false,"favourites_count":7521,"screen_name":"znmeb","notifications":false,"url":"http://t.co/t16ps67Mm7","created_at":"Thu Feb 01 05:03:16 +0000 2007","contributors_enabled":false,"time_zone":"Pacific Time (US & Canada)","protected":false,"default_profile":false,"is_translator":false},"geo":null,"in_reply_to_user_id_str":"22931893","lang":"en","created_at":"Mon Dec 15 05:04:18 +0000 2014","in_reply_to_status_id_str":"544356928252817408","place":null},
{"contributors":null,"truncated":false,"text":"@sethmnookin But I think it's a losing battle. Uber's behavior won't change until they stop making their numbers.","in_reply_to_status_id":544356928252817408,"id":544358878557638656,"favorite_count":0,"source":"<a href=\"http://twitter.com\" rel=\"nofollow\">Twitter Web Client</a>","retweeted":false,"coordinates":null,"entities":{"symbols":[],"user_mentions":[{"id":22931893,"indices":[0,12],"id_str":"22931893","screen_name":"sethmnookin","name":"Seth Mnookin"}],"hashtags":[],"urls":[]},"in_reply_to_screen_name":"sethmnookin","id_str":"544358878557638656","retweet_count":0,"in_reply_to_user_id":22931893,"favorited":false,"user":{"follow_request_sent":false,"profile_use_background_image":true,"profile_text_color":"696545","default_profile_image":false,"id":741803,"profile_background_image_url_https":"https://pbs.twimg.com/profile_background_images/812534600/1d0ddfba8a3a2f2c92354b7c04705c50.jpeg","verified":false,"profile_location":null,"profile_image_url_https":"https://pbs.twimg.com/profile_images/451384376530464768/8pQbbpnb_normal.jpeg","profile_sidebar_fill_color":"262626","entities":{"url":{"urls":[{"url":"http://t.co/t16ps67Mm7","indices":[0,22],"expanded_url":"http://www.znmeb.mobi","display_url":"znmeb.mobi"}]},"description":{"urls":[]}},"followers_count":12136,"profile_sidebar_border_color":"4D4A33","id_str":"741803","profile_background_color":"091304","listed_count":1026,"is_translation_enabled":false,"utc_offset":-28800,"statuses_count":141594,"description":"Buck Borasky, Frontier Programmer - sit-down comic, thought follower, former boy genius, curmudgeon-in-residence, computational journalist, algorithmic composer","friends_count":11792,"location":"Portland, OR","profile_link_color":"0000FF","profile_image_url":"http://pbs.twimg.com/profile_images/451384376530464768/8pQbbpnb_normal.jpeg","following":false,"geo_enabled":true,"profile_banner_url":"https://pbs.twimg.com/profile_banners/741803/1398198736","profile_background_image_url":"http://pbs.twimg.com/profile_background_images/812534600/1d0ddfba8a3a2f2c92354b7c04705c50.jpeg","name":"ᙇᓐ M Edward Borasky","lang":"en","profile_background_tile":false,"favourites_count":7521,"screen_name":"znmeb","notifications":false,"url":"http://t.co/t16ps67Mm7","created_at":"Thu Feb 01 05:03:16 +0000 2007","contributors_enabled":false,"time_zone":"Pacific Time (US & Canada)","protected":false,"default_profile":false,"is_translator":false},"geo":null,"in_reply_to_user_id_str":"22931893","lang":"en","created_at":"Mon Dec 15 05:10:45 +0000 2014","in_reply_to_status_id_str":"544356928252817408","place":null},
{"contributors":null,"truncated":false,"text":"@znmeb True that.","in_reply_to_status_id":544358878557638656,"id":544359221647921155,"favorite_count":0,"source":"<a href=\"http://twitter.com/download/iphone\" rel=\"nofollow\">Twitter for iPhone</a>","retweeted":false,"coordinates":null,"entities":{"symbols":[],"user_mentions":[{"id":741803,"indices":[0,6],"id_str":"741803","screen_name":"znmeb","name":"ᙇᓐ M Edward Borasky"}],"hashtags":[],"urls":[]},"in_reply_to_screen_name":"znmeb","id_str":"544359221647921155","retweet_count":0,"in_reply_to_user_id":741803,"favorited":false,"user":{"follow_request_sent":false,"profile_use_background_image":true,"profile_text_color":"666666","default_profile_image":false,"id":22931893,"profile_background_image_url_https":"https://abs.twimg.com/images/themes/theme9/bg.gif","verified":false,"profile_location":null,"profile_image_url_https":"https://pbs.twimg.com/profile_images/2895645801/d556ecf78b6c4483f4d2856836d8a09f_normal.png","profile_sidebar_fill_color":"252429","entities":{"url":{"urls":[{"url":"http://t.co/dYVcLnFPlU","indices":[0,22],"expanded_url":"http://sethmnookin.com","display_url":"sethmnookin.com"}]},"description":{"urls":[{"url":"http://t.co/AbCgap60YB","indices":[94,116],"expanded_url":"http://bit.ly/fw3Z0t","display_url":"bit.ly/fw3Z0t"}]}},"followers_count":32554,"profile_sidebar_border_color":"181A1E","id_str":"22931893","profile_background_color":"1A1B1F","listed_count":1141,"is_translation_enabled":false,"utc_offset":-18000,"statuses_count":16418,"description":"I teach in @MIT_SciWrite & wrote The Panic Virus, Feeding the Monster & Hard News. Here I am: http://t.co/AbCgap60YB Rock me like a hurricane.","friends_count":1288,"location":"Boston","profile_link_color":"2FC2EF","profile_image_url":"http://pbs.twimg.com/profile_images/2895645801/d556ecf78b6c4483f4d2856836d8a09f_normal.png","following":false,"geo_enabled":true,"profile_banner_url":"https://pbs.twimg.com/profile_banners/22931893/1361899673","profile_background_image_url":"http://abs.twimg.com/images/themes/theme9/bg.gif","name":"Seth Mnookin","lang":"en","profile_background_tile":false,"favourites_count":261,"screen_name":"sethmnookin","notifications":false,"url":"http://t.co/dYVcLnFPlU","created_at":"Thu Mar 05 15:31:55 +0000 2009","contributors_enabled":false,"time_zone":"Eastern Time (US & Canada)","protected":false,"default_profile":false,"is_translator":false},"geo":null,"in_reply_to_user_id_str":"741803","lang":"en","created_at":"Mon Dec 15 05:12:06 +0000 2014","in_reply_to_status_id_str":"544358878557638656","place":null},
{"contributors":null,"truncated":false,"text":"@sethmnookin @HeideggerFan @Uber Uber is shady af","in_reply_to_status_id":544355845489065984,"id":544359574535671808,"favorite_count":0,"source":"<a href=\"http://twitter.com/download/android\" rel=\"nofollow\">Twitter for Android</a>","retweeted":false,"coordinates":null,"entities":{"symbols":[],"user_mentions":[{"id":22931893,"indices":[0,12],"id_str":"22931893","screen_name":"sethmnookin","name":"Seth Mnookin"},{"id":132513054,"indices":[13,26],"id_str":"132513054","screen_name":"HeideggerFan","name":"Professor K"},{"id":19103481,"indices":[27,32],"id_str":"19103481","screen_name":"Uber","name":"Uber"}],"hashtags":[],"urls":[]},"in_reply_to_screen_name":"sethmnookin","id_str":"544359574535671808","retweet_count":0,"in_reply_to_user_id":22931893,"favorited":false,"user":{"follow_request_sent":false,"profile_use_background_image":true,"profile_text_color":"333333","default_profile_image":false,"id":732165444,"profile_background_image_url_https":"https://pbs.twimg.com/profile_background_images/459858796982972416/yhcfoOAo.jpeg","verified":false,"profile_location":null,"profile_image_url_https":"https://pbs.twimg.com/profile_images/569380461760114688/rmHw7IVd_normal.jpeg","profile_sidebar_fill_color":"DDEEF6","entities":{"url":{"urls":[{"url":"http://t.co/gv9nA6bdlD","indices":[0,22],"expanded_url":"http://www.soundcloud.com/hempmessiah","display_url":"soundcloud.com/hempmessiah"}]},"description":{"urls":[]}},"followers_count":613,"profile_sidebar_border_color":"000000","id_str":"732165444","profile_background_color":"352726","listed_count":6,"is_translation_enabled":false,"utc_offset":-28800,"statuses_count":2536,"description":"Cannabis Liberation. On this earth. In this day. By any means necessary.      #Hemp #Revolution #Psychedelic #Chicano #Rastafari #Chargers #BoltFam","friends_count":1267,"location":"San Diego, CA (VistaOsideEnci)","profile_link_color":"216BEB","profile_image_url":"http://pbs.twimg.com/profile_images/569380461760114688/rmHw7IVd_normal.jpeg","following":false,"geo_enabled":false,"profile_banner_url":"https://pbs.twimg.com/profile_banners/732165444/1405375650","profile_background_image_url":"http://pbs.twimg.com/profile_background_images/459858796982972416/yhcfoOAo.jpeg","name":"⚡⚡TheHempMessiah⚡⚡","lang":"en","profile_background_tile":true,"favourites_count":4658,"screen_name":"HempMessiah","notifications":false,"url":"http://t.co/gv9nA6bdlD","created_at":"Thu Aug 02 04:50:56 +0000 2012","contributors_enabled":false,"time_zone":"Pacific Time (US & Canada)","protected":false,"default_profile":false,"is_translator":false},"geo":null,"in_reply_to_user_id_str":"22931893","lang":"en","created_at":"Mon Dec 15 05:13:30 +0000 2014","in_reply_to_status_id_str":"544355845489065984","place":null},
{"contributors":null,"truncated":false,"text":"@sethmnookin I rarely ride in taxis and I've never ridden an Uber or Lyft or a limo. I have a yearly TriMet pass for Portland ;-)","in_reply_to_status_id":544359221647921155,"id":544359677614505984,"favorite_count":1,"source":"<a href=\"http://twitter.com\" rel=\"nofollow\">Twitter Web Client</a>","retweeted":false,"coordinates":null,"entities":{"symbols":[],"user_mentions":[{"id":22931893,"indices":[0,12],"id_str":"22931893","screen_name":"sethmnookin","name":"Seth Mnookin"}],"hashtags":[],"urls":[]},"in_reply_to_screen_name":"sethmnookin","id_str":"544359677614505984","retweet_count":0,"in_reply_to_user_id":22931893,"favorited":false,"user":{"follow_request_sent":false,"profile_use_background_image":true,"profile_text_color":"696545","default_profile_image":false,"id":741803,"profile_background_image_url_https":"https://pbs.twimg.com/profile_background_images/812534600/1d0ddfba8a3a2f2c92354b7c04705c50.jpeg","verified":false,"profile_location":null,"profile_image_url_https":"https://pbs.twimg.com/profile_images/451384376530464768/8pQbbpnb_normal.jpeg","profile_sidebar_fill_color":"262626","entities":{"url":{"urls":[{"url":"http://t.co/t16ps67Mm7","indices":[0,22],"expanded_url":"http://www.znmeb.mobi","display_url":"znmeb.mobi"}]},"description":{"urls":[]}},"followers_count":12136,"profile_sidebar_border_color":"4D4A33","id_str":"741803","profile_background_color":"091304","listed_count":1026,"is_translation_enabled":false,"utc_offset":-28800,"statuses_count":141594,"description":"Buck Borasky, Frontier Programmer - sit-down comic, thought follower, former boy genius, curmudgeon-in-residence, computational journalist, algorithmic composer","friends_count":11792,"location":"Portland, OR","profile_link_color":"0000FF","profile_image_url":"http://pbs.twimg.com/profile_images/451384376530464768/8pQbbpnb_normal.jpeg","following":false,"geo_enabled":true,"profile_banner_url":"https://pbs.twimg.com/profile_banners/741803/1398198736","profile_background_image_url":"http://pbs.twimg.com/profile_background_images/812534600/1d0ddfba8a3a2f2c92354b7c04705c50.jpeg","name":"ᙇᓐ M Edward Borasky","lang":"en","profile_background_tile":false,"favourites_count":7521,"screen_name":"znmeb","notifications":false,"url":"http://t.co/t16ps67Mm7","created_at":"Thu Feb 01 05:03:16 +0000 2007","contributors_enabled":false,"time_zone":"Pacific Time (US & Canada)","protected":false,"default_profile":false,"is_translator":false},"geo":null,"in_reply_to_user_id_str":"22931893","lang":"en","created_at":"Mon Dec 15 05:13:55 +0000 2014","in_reply_to_status_id_str":"544359221647921155","place":null},
{"contributors":null,"truncated":false,"text":"@sethmnookin I never understood why some of my friends swore by Uber in NYC. There are less expensive cabs everywhere.","in_reply_to_status_id":544355845489065984,"id":544359747756244992,"favorite_count":0,"source":"<a href=\"http://twitter.com/download/iphone\" rel=\"nofollow\">Twitter for iPhone</a>","retweeted":false,"coordinates":null,"entities":{"symbols":[],"user_mentions":[{"id":22931893,"indices":[0,12],"id_str":"22931893","screen_name":"sethmnookin","name":"Seth Mnookin"}],"hashtags":[],"urls":[]},"in_reply_to_screen_name":"sethmnookin","id_str":"544359747756244992","retweet_count":0,"in_reply_to_user_id":22931893,"favorited":false,"user":{"follow_request_sent":false,"profile_use_background_image":true,"profile_text_color":"000054","default_profile_image":false,"id":15564815,"profile_background_image_url_https":"https://pbs.twimg.com/profile_background_images/143945892/Grey_Twitter.jpg","verified":false,"profile_location":null,"profile_image_url_https":"https://pbs.twimg.com/profile_images/560606175885291521/Lu-pPX3z_normal.jpeg","profile_sidebar_fill_color":"D6D6D6","entities":{"url":{"urls":[{"url":"http://t.co/Uy6SQ6BSZg","indices":[0,22],"expanded_url":"http://www.andrewmseaman.com","display_url":"andrewmseaman.com"}]},"description":{"urls":[]}},"followers_count":4754,"profile_sidebar_border_color":"000000","id_str":"15564815","profile_background_color":"131516","listed_count":361,"is_translation_enabled":false,"utc_offset":-18000,"statuses_count":21574,"description":"Medical Journalist @Reuters | @SPJ_tweets Ethics Chair | Tweets about things that might kill you, #LGBThealth, sperm and media. andrew.seaman@thomsonreuters.com","friends_count":1106,"location":"New York City","profile_link_color":"ABB8C2","profile_image_url":"http://pbs.twimg.com/profile_images/560606175885291521/Lu-pPX3z_normal.jpeg","following":false,"geo_enabled":true,"profile_banner_url":"https://pbs.twimg.com/profile_banners/15564815/1416540602","profile_background_image_url":"http://pbs.twimg.com/profile_background_images/143945892/Grey_Twitter.jpg","name":"Andrew M. Seaman","lang":"en","profile_background_tile":false,"favourites_count":3467,"screen_name":"andrewmseaman","notifications":false,"url":"http://t.co/Uy6SQ6BSZg","created_at":"Wed Jul 23 15:31:02 +0000 2008","contributors_enabled":false,"time_zone":"Eastern Time (US & Canada)","protected":false,"default_profile":false,"is_translator":false},"geo":null,"in_reply_to_user_id_str":"22931893","lang":"en","created_at":"Mon Dec 15 05:14:12 +0000 2014","in_reply_to_status_id_str":"544355845489065984","place":null},
{"contributors":null,"truncated":false,"text":"@sethmnookin\n\nReally?  The rape wasn't enough for you? Well gee; thanks for the warning.\n\ncc:   @ClaraJeffery @Uber @mashable","in_reply_to_status_id":544355845489065984,"id":544360210303684608,"favorite_count":1,"source":"<a href=\"http://twitter.com/#!/download/ipad\" rel=\"nofollow\">Twitter for iPad</a>","retweeted":false,"coordinates":null,"entities":{"symbols":[],"user_mentions":[{"id":22931893,"indices":[0,12],"id_str":"22931893","screen_name":"sethmnookin","name":"Seth Mnookin"},{"id":43412697,"indices":[96,109],"id_str":"43412697","screen_name":"ClaraJeffery","name":"Clara Jeffery"},{"id":19103481,"indices":[110,115],"id_str":"19103481","screen_name":"Uber","name":"Uber"},{"id":972651,"indices":[116,125],"id_str":"972651","screen_name":"mashable","name":"Mashable"}],"hashtags":[],"urls":[]},"in_reply_to_screen_name":"sethmnookin","id_str":"544360210303684608","retweet_count":0,"in_reply_to_user_id":22931893,"favorited":false,"user":{"follow_request_sent":false,"profile_use_background_image":true,"profile_text_color":"333333","default_profile_image":false,"id":28833436,"profile_background_image_url_https":"https://pbs.twimg.com/profile_background_images/523330536/Sailing-spinnaker.jpg","verified":false,"profile_location":null,"profile_image_url_https":"https://pbs.twimg.com/profile_images/3070575465/e0d84af7ae339d08557c90338a657791_normal.jpeg","profile_sidebar_fill_color":"DDEEF6","entities":{"url":{"urls":[{"url":"http://t.co/hDfIVyHXn7","indices":[0,22],"expanded_url":"http://www.personalpublicrelations.com","display_url":"personalpublicrelations.com"}]},"description":{"urls":[]}},"followers_count":529,"profile_sidebar_border_color":"C0DEED","id_str":"28833436","profile_background_color":"C0DEED","listed_count":25,"is_translation_enabled":false,"utc_offset":-28800,"statuses_count":13466,"description":"In the mix. Work hard, play hard. Split-ticket voter. Clients from both parties. (Who'd a thunk it?) Got a boat? Love to sail. Used to race. Enjoy!","friends_count":1043,"location":"","profile_link_color":"0084B4","profile_image_url":"http://pbs.twimg.com/profile_images/3070575465/e0d84af7ae339d08557c90338a657791_normal.jpeg","following":false,"geo_enabled":false,"profile_banner_url":"https://pbs.twimg.com/profile_banners/28833436/1355539485","profile_background_image_url":"http://pbs.twimg.com/profile_background_images/523330536/Sailing-spinnaker.jpg","name":"Optimist long memory","lang":"en","profile_background_tile":true,"favourites_count":3876,"screen_name":"Rockmedia","notifications":false,"url":"http://t.co/hDfIVyHXn7","created_at":"Sat Apr 04 17:32:44 +0000 2009","contributors_enabled":false,"time_zone":"Pacific Time (US & Canada)","protected":false,"default_profile":false,"is_translator":false},"geo":null,"in_reply_to_user_id_str":"22931893","lang":"en","created_at":"Mon Dec 15 05:16:02 +0000 2014","in_reply_to_status_id_str":"544355845489065984","place":null},
{"contributors":null,"truncated":false,"text":"@LemMcAces Nick! Come visit in Boston!","in_reply_to_status_id":544359766710300672,"id":544360485442060288,"favorite_count":0,"source":"<a href=\"http://twitter.com/download/iphone\" rel=\"nofollow\">Twitter for iPhone</a>","retweeted":false,"coordinates":null,"entities":{"symbols":[],"user_mentions":[{"id":44766335,"indices":[0,10],"id_str":"44766335","screen_name":"LemMcAces","name":"Lem McAces"}],"hashtags":[],"urls":[]},"in_reply_to_screen_name":"LemMcAces","id_str":"544360485442060288","retweet_count":0,"in_reply_to_user_id":44766335,"favorited":false,"user":{"follow_request_sent":false,"profile_use_background_image":true,"profile_text_color":"666666","default_profile_image":false,"id":22931893,"profile_background_image_url_https":"https://abs.twimg.com/images/themes/theme9/bg.gif","verified":false,"profile_location":null,"profile_image_url_https":"https://pbs.twimg.com/profile_images/2895645801/d556ecf78b6c4483f4d2856836d8a09f_normal.png","profile_sidebar_fill_color":"252429","entities":{"url":{"urls":[{"url":"http://t.co/dYVcLnFPlU","indices":[0,22],"expanded_url":"http://sethmnookin.com","display_url":"sethmnookin.com"}]},"description":{"urls":[{"url":"http://t.co/AbCgap60YB","indices":[94,116],"expanded_url":"http://bit.ly/fw3Z0t","display_url":"bit.ly/fw3Z0t"}]}},"followers_count":32554,"profile_sidebar_border_color":"181A1E","id_str":"22931893","profile_background_color":"1A1B1F","listed_count":1141,"is_translation_enabled":false,"utc_offset":-18000,"statuses_count":16418,"description":"I teach in @MIT_SciWrite & wrote The Panic Virus, Feeding the Monster & Hard News. Here I am: http://t.co/AbCgap60YB Rock me like a hurricane.","friends_count":1288,"location":"Boston","profile_link_color":"2FC2EF","profile_image_url":"http://pbs.twimg.com/profile_images/2895645801/d556ecf78b6c4483f4d2856836d8a09f_normal.png","following":false,"geo_enabled":true,"profile_banner_url":"https://pbs.twimg.com/profile_banners/22931893/1361899673","profile_background_image_url":"http://abs.twimg.com/images/themes/theme9/bg.gif","name":"Seth Mnookin","lang":"en","profile_background_tile":false,"favourites_count":261,"screen_name":"sethmnookin","notifications":false,"url":"http://t.co/dYVcLnFPlU","created_at":"Thu Mar 05 15:31:55 +0000 2009","contributors_enabled":false,"time_zone":"Eastern Time (US & Canada)","protected":false,"default_profile":false,"is_translator":false},"geo":null,"in_reply_to_user_id_str":"44766335","lang":"en","created_at":"Mon Dec 15 05:17:08 +0000 2014","in_reply_to_status_id_str":"544359766710300672","place":null},
{"contributors":null,"truncated":false,"text":"@LemMcAces Dunno, but I can.","in_reply_to_status_id":544360748181635072,"id":544361367739072512,"favorite_count":0,"source":"<a href=\"http://twitter.com/download/iphone\" rel=\"nofollow\">Twitter for iPhone</a>","retweeted":false,"coordinates":null,"entities":{"symbols":[],"user_mentions":[{"id":44766335,"indices":[0,10],"id_str":"44766335","screen_name":"LemMcAces","name":"Lem McAces"}],"hashtags":[],"urls":[]},"in_reply_to_screen_name":"LemMcAces","id_str":"544361367739072512","retweet_count":0,"in_reply_to_user_id":44766335,"favorited":false,"user":{"follow_request_sent":false,"profile_use_background_image":true,"profile_text_color":"666666","default_profile_image":false,"id":22931893,"profile_background_image_url_https":"https://abs.twimg.com/images/themes/theme9/bg.gif","verified":false,"profile_location":null,"profile_image_url_https":"https://pbs.twimg.com/profile_images/2895645801/d556ecf78b6c4483f4d2856836d8a09f_normal.png","profile_sidebar_fill_color":"252429","entities":{"url":{"urls":[{"url":"http://t.co/dYVcLnFPlU","indices":[0,22],"expanded_url":"http://sethmnookin.com","display_url":"sethmnookin.com"}]},"description":{"urls":[{"url":"http://t.co/AbCgap60YB","indices":[94,116],"expanded_url":"http://bit.ly/fw3Z0t","display_url":"bit.ly/fw3Z0t"}]}},"followers_count":32554,"profile_sidebar_border_color":"181A1E","id_str":"22931893","profile_background_color":"1A1B1F","listed_count":1141,"is_translation_enabled":false,"utc_offset":-18000,"statuses_count":16418,"description":"I teach in @MIT_SciWrite & wrote The Panic Virus, Feeding the Monster & Hard News. Here I am: http://t.co/AbCgap60YB Rock me like a hurricane.","friends_count":1288,"location":"Boston","profile_link_color":"2FC2EF","profile_image_url":"http://pbs.twimg.com/profile_images/2895645801/d556ecf78b6c4483f4d2856836d8a09f_normal.png","following":false,"geo_enabled":true,"profile_banner_url":"https://pbs.twimg.com/profile_banners/22931893/1361899673","profile_background_image_url":"http://abs.twimg.com/images/themes/theme9/bg.gif","name":"Seth Mnookin","lang":"en","profile_background_tile":false,"favourites_count":261,"screen_name":"sethmnookin","notifications":false,"url":"http://t.co/dYVcLnFPlU","created_at":"Thu Mar 05 15:31:55 +0000 2009","contributors_enabled":false,"time_zone":"Eastern Time (US & Canada)","protected":false,"default_profile":false,"is_translator":false},"geo":null,"in_reply_to_user_id_str":"44766335","lang":"en","created_at":"Mon Dec 15 05:20:38 +0000 2014","in_reply_to_status_id_str":"544360748181635072","place":null},
{"contributors":null,"truncated":false,"text":"@LemMcAces I won't even charge tolls.","in_reply_to_status_id":544360748181635072,"id":544361412316114944,"favorite_count":0,"source":"<a href=\"http://twitter.com/download/iphone\" rel=\"nofollow\">Twitter for iPhone</a>","retweeted":false,"coordinates":null,"entities":{"symbols":[],"user_mentions":[{"id":44766335,"indices":[0,10],"id_str":"44766335","screen_name":"LemMcAces","name":"Lem McAces"}],"hashtags":[],"urls":[]},"in_reply_to_screen_name":"LemMcAces","id_str":"544361412316114944","retweet_count":0,"in_reply_to_user_id":44766335,"favorited":false,"user":{"follow_request_sent":false,"profile_use_background_image":true,"profile_text_color":"666666","default_profile_image":false,"id":22931893,"profile_background_image_url_https":"https://abs.twimg.com/images/themes/theme9/bg.gif","verified":false,"profile_location":null,"profile_image_url_https":"https://pbs.twimg.com/profile_images/2895645801/d556ecf78b6c4483f4d2856836d8a09f_normal.png","profile_sidebar_fill_color":"252429","entities":{"url":{"urls":[{"url":"http://t.co/dYVcLnFPlU","indices":[0,22],"expanded_url":"http://sethmnookin.com","display_url":"sethmnookin.com"}]},"description":{"urls":[{"url":"http://t.co/AbCgap60YB","indices":[94,116],"expanded_url":"http://bit.ly/fw3Z0t","display_url":"bit.ly/fw3Z0t"}]}},"followers_count":32554,"profile_sidebar_border_color":"181A1E","id_str":"22931893","profile_background_color":"1A1B1F","listed_count":1141,"is_translation_enabled":false,"utc_offset":-18000,"statuses_count":16418,"description":"I teach in @MIT_SciWrite & wrote The Panic Virus, Feeding the Monster & Hard News. Here I am: http://t.co/AbCgap60YB Rock me like a hurricane.","friends_count":1288,"location":"Boston","profile_link_color":"2FC2EF","profile_image_url":"http://pbs.twimg.com/profile_images/2895645801/d556ecf78b6c4483f4d2856836d8a09f_normal.png","following":false,"geo_enabled":true,"profile_banner_url":"https://pbs.twimg.com/profile_banners/22931893/1361899673","profile_background_image_url":"http://abs.twimg.com/images/themes/theme9/bg.gif","name":"Seth Mnookin","lang":"en","profile_background_tile":false,"favourites_count":261,"screen_name":"sethmnookin","notifications":false,"url":"http://t.co/dYVcLnFPlU","created_at":"Thu Mar 05 15:31:55 +0000 2009","contributors_enabled":false,"time_zone":"Eastern Time (US & Canada)","protected":false,"default_profile":false,"is_translator":false},"geo":null,"in_reply_to_user_id_str":"44766335","lang":"en","created_at":"Mon Dec 15 05:20:49 +0000 2014","in_reply_to_status_id_str":"544360748181635072","place":null},
{"contributors":null,"truncated":false,"text":"@sethmnookin You drove a cab, once, right? Like a real cab? Licensed etc?","in_reply_to_status_id":544361412316114944,"id":544362138199158784,"favorite_count":0,"source":"<a href=\"http://twitter.com/download/iphone\" rel=\"nofollow\">Twitter for iPhone</a>","retweeted":false,"coordinates":null,"entities":{"symbols":[],"user_mentions":[{"id":22931893,"indices":[0,12],"id_str":"22931893","screen_name":"sethmnookin","name":"Seth Mnookin"}],"hashtags":[],"urls":[]},"in_reply_to_screen_name":"sethmnookin","id_str":"544362138199158784","retweet_count":0,"in_reply_to_user_id":22931893,"favorited":false,"user":{"follow_request_sent":false,"profile_use_background_image":true,"profile_text_color":"04040F","default_profile_image":false,"id":44766335,"profile_background_image_url_https":"https://abs.twimg.com/images/themes/theme14/bg.gif","verified":false,"profile_location":null,"profile_image_url_https":"https://pbs.twimg.com/profile_images/2510608023/ntq13ftvzem9ix4e29cc_normal.png","profile_sidebar_fill_color":"EFEFEF","entities":{"url":{"urls":[{"url":"http://t.co/ekMqrkFlod","indices":[0,22],"expanded_url":"http://facebook.com/LemMcAces","display_url":"facebook.com/LemMcAces"}]},"description":{"urls":[]}},"followers_count":1627,"profile_sidebar_border_color":"F2F2F2","id_str":"44766335","profile_background_color":"131516","listed_count":7,"is_translation_enabled":false,"utc_offset":-28800,"statuses_count":460,"description":"leap-year denier","friends_count":111,"location":" LA CA","profile_link_color":"041414","profile_image_url":"http://pbs.twimg.com/profile_images/2510608023/ntq13ftvzem9ix4e29cc_normal.png","following":false,"geo_enabled":true,"profile_banner_url":"https://pbs.twimg.com/profile_banners/44766335/1404877565","profile_background_image_url":"http://abs.twimg.com/images/themes/theme14/bg.gif","name":"Lem McAces","lang":"en","profile_background_tile":false,"favourites_count":457,"screen_name":"LemMcAces","notifications":false,"url":"http://t.co/ekMqrkFlod","created_at":"Thu Jun 04 23:54:30 +0000 2009","contributors_enabled":false,"time_zone":"Pacific Time (US & Canada)","protected":false,"default_profile":false,"is_translator":false},"geo":null,"in_reply_to_user_id_str":"22931893","lang":"en","created_at":"Mon Dec 15 05:23:42 +0000 2014","in_reply_to_status_id_str":"544361412316114944","place":null},
{"contributors":null,"truncated":false,"text":"Yes. 24 yrs ago. Quit to follow the Dead. “@LemMcAces: @sethmnookin You drove a cab, once, right? Like a real cab? Licensed etc?”","in_reply_to_status_id":544362138199158784,"id":544362396597641216,"favorite_count":4,"source":"<a href=\"http://twitter.com/download/iphone\" rel=\"nofollow\">Twitter for iPhone</a>","retweeted":false,"coordinates":null,"entities":{"symbols":[],"user_mentions":[{"id":44766335,"indices":[43,53],"id_str":"44766335","screen_name":"LemMcAces","name":"Lem McAces"},{"id":22931893,"indices":[55,67],"id_str":"22931893","screen_name":"sethmnookin","name":"Seth Mnookin"}],"hashtags":[],"urls":[]},"in_reply_to_screen_name":"LemMcAces","id_str":"544362396597641216","retweet_count":1,"in_reply_to_user_id":44766335,"favorited":false,"user":{"follow_request_sent":false,"profile_use_background_image":true,"profile_text_color":"666666","default_profile_image":false,"id":22931893,"profile_background_image_url_https":"https://abs.twimg.com/images/themes/theme9/bg.gif","verified":false,"profile_location":null,"profile_image_url_https":"https://pbs.twimg.com/profile_images/2895645801/d556ecf78b6c4483f4d2856836d8a09f_normal.png","profile_sidebar_fill_color":"252429","entities":{"url":{"urls":[{"url":"http://t.co/dYVcLnFPlU","indices":[0,22],"expanded_url":"http://sethmnookin.com","display_url":"sethmnookin.com"}]},"description":{"urls":[{"url":"http://t.co/AbCgap60YB","indices":[94,116],"expanded_url":"http://bit.ly/fw3Z0t","display_url":"bit.ly/fw3Z0t"}]}},"followers_count":32558,"profile_sidebar_border_color":"181A1E","id_str":"22931893","profile_background_color":"1A1B1F","listed_count":1149,"is_translation_enabled":false,"utc_offset":-18000,"statuses_count":16418,"description":"I teach in @MIT_SciWrite & wrote The Panic Virus, Feeding the Monster & Hard News. Here I am: http://t.co/AbCgap60YB Rock me like a hurricane.","friends_count":1288,"location":"Boston","profile_link_color":"2FC2EF","profile_image_url":"http://pbs.twimg.com/profile_images/2895645801/d556ecf78b6c4483f4d2856836d8a09f_normal.png","following":false,"geo_enabled":true,"profile_banner_url":"https://pbs.twimg.com/profile_banners/22931893/1361899673","profile_background_image_url":"http://abs.twimg.com/images/themes/theme9/bg.gif","name":"Seth Mnookin","lang":"en","profile_background_tile":false,"favourites_count":261,"screen_name":"sethmnookin","notifications":false,"url":"http://t.co/dYVcLnFPlU","created_at":"Thu Mar 05 15:31:55 +0000 2009","contributors_enabled":false,"time_zone":"Eastern Time (US & Canada)","protected":false,"default_profile":false,"is_translator":false},"geo":null,"in_reply_to_user_id_str":"44766335","lang":"en","created_at":"Mon Dec 15 05:24:43 +0000 2014","in_reply_to_status_id_str":"544362138199158784","place":null},
{"contributors":null,"truncated":false,"text":"@sethmnookin @LemMcAces Parents are still talking Seth... #CDCwhistleblower Reaching 500,000,000 Gonna write another book?","in_reply_to_status_id":544362396597641216,"id":544363021859295233,"favorite_count":0,"source":"<a href=\"http://tapbots.com/tweetbot\" rel=\"nofollow\">Tweetbot for iΟS</a>","retweeted":false,"coordinates":null,"entities":{"symbols":[],"user_mentions":[{"id":22931893,"indices":[0,12],"id_str":"22931893","screen_name":"sethmnookin","name":"Seth Mnookin"},{"id":44766335,"indices":[13,23],"id_str":"44766335","screen_name":"LemMcAces","name":"Lem McAces"}],"hashtags":[{"indices":[58,75],"text":"CDCwhistleblower"}],"urls":[]},"in_reply_to_screen_name":"sethmnookin","id_str":"544363021859295233","retweet_count":2,"in_reply_to_user_id":22931893,"favorited":false,"user":{"follow_request_sent":false,"profile_use_background_image":true,"profile_text_color":"FF0F0F","default_profile_image":false,"id":16854311,"profile_background_image_url_https":"https://pbs.twimg.com/profile_background_images/433731617/TannerandTim.png","verified":false,"profile_location":null,"profile_image_url_https":"https://pbs.twimg.com/profile_images/565705222140338176/JOjiQBZq_normal.jpeg","profile_sidebar_fill_color":"C0DFEC","entities":{"url":{"urls":[{"url":"http://t.co/pR66jQ8xi9","indices":[0,22],"expanded_url":"http://www.AgeofAutism.com","display_url":"AgeofAutism.com"}]},"description":{"urls":[]}},"followers_count":15454,"profile_sidebar_border_color":"A8C7F7","id_str":"16854311","profile_background_color":"022330","listed_count":818,"is_translation_enabled":false,"utc_offset":-21600,"statuses_count":143739,"description":"One of the most Influential and Active Parent Advocates for families dealing w Autism & Health Issues. World Citizen. ASPIE view from a Bean Field Down State IL","friends_count":16836,"location":"Catlin, IL","profile_link_color":"0E4A08","profile_image_url":"http://pbs.twimg.com/profile_images/565705222140338176/JOjiQBZq_normal.jpeg","following":false,"geo_enabled":false,"profile_banner_url":"https://pbs.twimg.com/profile_banners/16854311/1418102353","profile_background_image_url":"http://pbs.twimg.com/profile_background_images/433731617/TannerandTim.png","name":"TannersDad Tim","lang":"en","profile_background_tile":true,"favourites_count":3738,"screen_name":"TannersDad","notifications":false,"url":"http://t.co/pR66jQ8xi9","created_at":"Sun Oct 19 18:44:28 +0000 2008","contributors_enabled":false,"time_zone":"Central Time (US & Canada)","protected":false,"default_profile":false,"is_translator":false},"geo":null,"in_reply_to_user_id_str":"22931893","lang":"en","created_at":"Mon Dec 15 05:27:12 +0000 2014","in_reply_to_status_id_str":"544362396597641216","place":null},
{"contributors":null,"truncated":false,"text":".@gtfo They tweeted about it as it was happening, saying it was about getting more drivers working. Not at all automated @sethmnookin @Uber","in_reply_to_status_id":544356190109831168,"id":544369329685266433,"favorite_count":1,"source":"<a href=\"http://twitter.com/download/iphone\" rel=\"nofollow\">Twitter for iPhone</a>","retweeted":false,"coordinates":null,"entities":{"symbols":[],"user_mentions":[{"id":190313620,"indices":[1,6],"id_str":"190313620","screen_name":"gtfo","name":"gtfo"},{"id":22931893,"indices":[121,133],"id_str":"22931893","screen_name":"sethmnookin","name":"Seth Mnookin"},{"id":19103481,"indices":[134,139],"id_str":"19103481","screen_name":"Uber","name":"Uber"}],"hashtags":[],"urls":[]},"in_reply_to_screen_name":"gtfo","id_str":"544369329685266433","retweet_count":1,"in_reply_to_user_id":190313620,"favorited":false,"user":{"follow_request_sent":false,"profile_use_background_image":true,"profile_text_color":"333333","default_profile_image":false,"id":22137208,"profile_background_image_url_https":"https://abs.twimg.com/images/themes/theme1/bg.png","verified":false,"profile_location":null,"profile_image_url_https":"https://pbs.twimg.com/profile_images/578133726086868992/7Ub-UMmI_normal.jpeg","profile_sidebar_fill_color":"DDEEF6","entities":{"url":{"urls":[{"url":"http://t.co/YEnnyaRj4b","indices":[0,22],"expanded_url":"http://jamesroy.com.au","display_url":"jamesroy.com.au"}]},"description":{"urls":[]}},"followers_count":1476,"profile_sidebar_border_color":"C0DEED","id_str":"22137208","profile_background_color":"C0DEED","listed_count":61,"is_translation_enabled":false,"utc_offset":39600,"statuses_count":10938,"description":"Writer of books, articles, occasionally songs. Apparent bleeding heart lefty. People get default respect, ideas not necessarily.","friends_count":1731,"location":"Blue Mountains, NSW, Australia","profile_link_color":"0084B4","profile_image_url":"http://pbs.twimg.com/profile_images/578133726086868992/7Ub-UMmI_normal.jpeg","following":false,"geo_enabled":false,"profile_banner_url":"https://pbs.twimg.com/profile_banners/22137208/1396248069","profile_background_image_url":"http://abs.twimg.com/images/themes/theme1/bg.png","name":"James Roy-dolph","lang":"en","profile_background_tile":false,"favourites_count":2278,"screen_name":"jamesroywriter","notifications":false,"url":"http://t.co/YEnnyaRj4b","created_at":"Fri Feb 27 13:09:15 +0000 2009","contributors_enabled":false,"time_zone":"Sydney","protected":false,"default_profile":true,"is_translator":false},"geo":null,"in_reply_to_user_id_str":"190313620","lang":"en","created_at":"Mon Dec 15 05:52:16 +0000 2014","in_reply_to_status_id_str":"544356190109831168","place":null},
{"contributors":null,"truncated":false,"text":"@sethmnookin @LemMcAces best decision you ever made :)","in_reply_to_status_id":544362396597641216,"id":544397111341883392,"favorite_count":0,"source":"<a href=\"http://www.myplume.com/\" rel=\"nofollow\">Plume for Android</a>","retweeted":false,"coordinates":null,"entities":{"symbols":[],"user_mentions":[{"id":22931893,"indices":[0,12],"id_str":"22931893","screen_name":"sethmnookin","name":"Seth Mnookin"},{"id":44766335,"indices":[13,23],"id_str":"44766335","screen_name":"LemMcAces","name":"Lem McAces"}],"hashtags":[],"urls":[]},"in_reply_to_screen_name":"sethmnookin","id_str":"544397111341883392","retweet_count":0,"in_reply_to_user_id":22931893,"favorited":false,"user":{"follow_request_sent":false,"profile_use_background_image":true,"profile_text_color":"ACA5A5","default_profile_image":false,"id":39906995,"profile_background_image_url_https":"https://pbs.twimg.com/profile_background_images/53504651/nvstarscolide1.br.jpg","verified":false,"profile_location":null,"profile_image_url_https":"https://pbs.twimg.com/profile_images/578370311239966721/PIF--PB1_normal.jpeg","profile_sidebar_fill_color":"3D3D3D","entities":{"description":{"urls":[]}},"followers_count":880,"profile_sidebar_border_color":"000000","id_str":"39906995","profile_background_color":"000000","listed_count":45,"is_translation_enabled":false,"utc_offset":-18000,"statuses_count":10484,"description":"Homeschool Mom & Forever DeadHead, Nightowl, Adoptee searching born 4/16/69","friends_count":1416,"location":"far far away","profile_link_color":"03C420","profile_image_url":"http://pbs.twimg.com/profile_images/578370311239966721/PIF--PB1_normal.jpeg","following":false,"geo_enabled":false,"profile_banner_url":"https://pbs.twimg.com/profile_banners/39906995/1401352382","profile_background_image_url":"http://pbs.twimg.com/profile_background_images/53504651/nvstarscolide1.br.jpg","name":"Linda  Lennox       ","lang":"en","profile_background_tile":false,"favourites_count":1575,"screen_name":"Bunnylennox","notifications":false,"url":null,"created_at":"Thu May 14 02:33:47 +0000 2009","contributors_enabled":false,"time_zone":"Eastern Time (US & Canada)","protected":false,"default_profile":false,"is_translator":false},"geo":null,"in_reply_to_user_id_str":"22931893","lang":"en","created_at":"Mon Dec 15 07:42:40 +0000 2014","in_reply_to_status_id_str":"544362396597641216","place":null},
{"contributors":null,"truncated":false,"text":"@sethmnookin @LemMcAces What city?  Me, Boston. Quit for required internship, not nearly as justifiable as GD","in_reply_to_status_id":544362396597641216,"id":544526488121274368,"favorite_count":0,"source":"<a href=\"http://twitterrific.com\" rel=\"nofollow\">Twitterrific</a>","retweeted":false,"coordinates":null,"entities":{"symbols":[],"user_mentions":[{"id":22931893,"indices":[0,12],"id_str":"22931893","screen_name":"sethmnookin","name":"Seth Mnookin"},{"id":44766335,"indices":[13,23],"id_str":"44766335","screen_name":"LemMcAces","name":"Lem McAces"}],"hashtags":[],"urls":[]},"in_reply_to_screen_name":"sethmnookin","id_str":"544526488121274368","retweet_count":0,"in_reply_to_user_id":22931893,"favorited":false,"user":{"follow_request_sent":false,"profile_use_background_image":true,"profile_text_color":"663B12","default_profile_image":false,"id":137545134,"profile_background_image_url_https":"https://abs.twimg.com/images/themes/theme2/bg.gif","verified":false,"profile_location":null,"profile_image_url_https":"https://pbs.twimg.com/profile_images/563752934685417472/6zy1OcI3_normal.jpeg","profile_sidebar_fill_color":"DAECF4","entities":{"url":{"urls":[{"url":"http://t.co/Q9M6hC5OXz","indices":[0,22],"expanded_url":"http://timspofford.com","display_url":"timspofford.com"}]},"description":{"urls":[]}},"followers_count":74,"profile_sidebar_border_color":"C6E2EE","id_str":"137545134","profile_background_color":"C6E2EE","listed_count":1,"is_translation_enabled":false,"utc_offset":-28800,"statuses_count":3378,"description":"","friends_count":122,"location":"Portland, Oregon","profile_link_color":"1F98C7","profile_image_url":"http://pbs.twimg.com/profile_images/563752934685417472/6zy1OcI3_normal.jpeg","following":false,"geo_enabled":true,"profile_banner_url":"https://pbs.twimg.com/profile_banners/137545134/1363988611","profile_background_image_url":"http://abs.twimg.com/images/themes/theme2/bg.gif","name":"Tim Spofford","lang":"en","profile_background_tile":false,"favourites_count":48,"screen_name":"Spof22","notifications":false,"url":"http://t.co/Q9M6hC5OXz","created_at":"Tue Apr 27 02:00:38 +0000 2010","contributors_enabled":false,"time_zone":"Pacific Time (US & Canada)","protected":false,"default_profile":false,"is_translator":false},"geo":null,"in_reply_to_user_id_str":"22931893","lang":"en","created_at":"Mon Dec 15 16:16:46 +0000 2014","in_reply_to_status_id_str":"544362396597641216","place":null}
]