[{"contributors":null,"truncated":false,"text":"@tomsteinfort @9NewsAUS Oh wow.  Nobody knows anything yet, this could be some rogue fool for all they know. Just selling papers. Assholes.","in_reply_to_status_id":544334477011349505,"id":544334879194767360,"favorite_count":8,"source":"<a href=\"http://twitter.com\" rel=\"nofollow\">Twitter Web Client</a>","retweeted":false,"coordinates":null,"entities":{"symbols":[],"user_mentions":[{"id":25777812,"indices":[0,13],"id_str":"25777812","screen_name":"tomsteinfort","name":"Tom Steinfort"},{"id":22993014,"indices":[14,23],"id_str":"22993014","screen_name":"9NewsAUS","name":"Nine News Australia"}],"hashtags":[],"urls":[]},"in_reply_to_screen_name":"tomsteinfort","id_str":"544334879194767360","retweet_count":0,"in_reply_to_user_id":25777812,"favorited":false,"user":{"follow_request_sent":false,"profile_use_background_image":true,"profile_text_color":"333333","default_profile_image":false,"id":1738099368,"profile_background_image_url_https":"https://pbs.twimg.com/profile_background_images/378800000068439948/ad326c35649b6a30f570a9931034e535.jpeg","verified":false,"profile_location":null,"profile_image_url_https":"https://pbs.twimg.com/profile_images/378800000421202183/204fea461398a0fd849d4f24353595dd_normal.jpeg","profile_sidebar_fill_color":"DDEEF6","entities":{"description":{"urls":[]}},"followers_count":107,"profile_sidebar_border_color":"FFFFFF","id_str":"1738099368","profile_background_color":"EDECE9","listed_count":0,"is_translation_enabled":false,"utc_offset":null,"statuses_count":4198,"description":"Punk, Hardcore and Soothing Nashville Guitars. Beer, Vodka, and Loud Solitude. Couch Potato Sports Fan. Glass Eyed Star Gazer with a Bright Future","friends_count":417,"location":"","profile_link_color":"088253","profile_image_url":"http://pbs.twimg.com/profile_images/378800000421202183/204fea461398a0fd849d4f24353595dd_normal.jpeg","following":false,"geo_enabled":true,"profile_banner_url":"https://pbs.twimg.com/profile_banners/1738099368/1394063243","profile_background_image_url":"http://pbs.twimg.com/profile_background_images/378800000068439948/ad326c35649b6a30f570a9931034e535.jpeg","name":"Andrew Eddy","lang":"en","profile_background_tile":true,"favourites_count":553,"screen_name":"AEddy6087","notifications":false,"url":null,"created_at":"Fri Sep 06 23:01:45 +0000 2013","contributors_enabled":false,"time_zone":null,"protected":false,"default_profile":false,"is_translator":false},"geo":null,"in_reply_to_user_id_str":"25777812","lang":"en","created_at":"Mon Dec 15 03:35:23 +0000 2014","in_reply_to_status_id_str":"544334477011349505","place":null},
{"contributors":null,"truncated":false,"text":"@tomsteinfort @9NewsAUS we are giving this devil man too much publicity. Calm down media","in_reply_to_status_id":544334477011349505,"id":544334937122291713,"favorite_count":5,"source":"<a href=\"http://twitter.com/download/android\" rel=\"nofollow\">Twitter for Android</a>","retweeted":false,"coordinates":null,"entities":{"symbols":[],"user_mentions":[{"id":25777812,"indices":[0,13],"id_str":"25777812","screen_name":"tomsteinfort","name":"Tom Steinfort"},{"id":22993014,"indices":[14,23],"id_str":"22993014","screen_name":"9NewsAUS","name":"Nine News Australia"}],"hashtags":[],"urls":[]},"in_reply_to_screen_name":"tomsteinfort","id_str":"544334937122291713","retweet_count":0,"in_reply_to_user_id":25777812,"favorited":false,"user":{"follow_request_sent":false,"profile_use_background_image":true,"profile_text_color":"634047","default_profile_image":false,"id":54494842,"profile_background_image_url_https":"https://pbs.twimg.com/profile_background_images/356377439/twitter.jpg","verified":false,"profile_location":null,"profile_image_url_https":"https://pbs.twimg.com/profile_images/542862955381932032/WEci_JJr_normal.jpeg","profile_sidebar_fill_color":"E3E2DE","entities":{"description":{"urls":[]}},"followers_count":128,"profile_sidebar_border_color":"D3D2CF","id_str":"54494842","profile_background_color":"EDECE9","listed_count":0,"is_translation_enabled":false,"utc_offset":-36000,"statuses_count":1662,"description":"18 Muslim|Australian-Findian                            ♡the vampire diaries♡","friends_count":491,"location":"Sydney, Australia","profile_link_color":"088253","profile_image_url":"http://pbs.twimg.com/profile_images/542862955381932032/WEci_JJr_normal.jpeg","following":false,"geo_enabled":false,"profile_banner_url":"https://pbs.twimg.com/profile_banners/54494842/1418263585","profile_background_image_url":"http://pbs.twimg.com/profile_background_images/356377439/twitter.jpg","name":"Zainuba Zaye Ali","lang":"en","profile_background_tile":true,"favourites_count":1978,"screen_name":"Zainuba_Ali","notifications":false,"url":null,"created_at":"Tue Jul 07 08:59:33 +0000 2009","contributors_enabled":false,"time_zone":"Hawaii","protected":false,"default_profile":false,"is_translator":false},"geo":null,"in_reply_to_user_id_str":"25777812","lang":"en","created_at":"Mon Dec 15 03:35:36 +0000 2014","in_reply_to_status_id_str":"544334477011349505","place":null},
{"contributors":null,"truncated":false,"text":"@tomsteinfort except that it's not an IS flag, nor is there any real information at all those involved are linked to the group.","in_reply_to_status_id":544334477011349505,"id":544335041514336256,"favorite_count":7,"source":"<a href=\"https://about.twitter.com/products/tweetdeck\" rel=\"nofollow\">TweetDeck</a>","retweeted":false,"coordinates":null,"entities":{"symbols":[],"user_mentions":[{"id":25777812,"indices":[0,13],"id_str":"25777812","screen_name":"tomsteinfort","name":"Tom Steinfort"}],"hashtags":[],"urls":[]},"in_reply_to_screen_name":"tomsteinfort","id_str":"544335041514336256","retweet_count":0,"in_reply_to_user_id":25777812,"favorited":false,"user":{"follow_request_sent":false,"profile_use_background_image":true,"profile_text_color":"333333","default_profile_image":false,"id":248426265,"profile_background_image_url_https":"https://abs.twimg.com/images/themes/theme16/bg.gif","verified":true,"profile_location":null,"profile_image_url_https":"https://pbs.twimg.com/profile_images/1666627894/DSC03405_normal.JPG","profile_sidebar_fill_color":"DDFFCC","entities":{"url":{"urls":[{"url":"http://t.co/rcyq4Qi14t","indices":[0,22],"expanded_url":"http://www.smh.com.au","display_url":"smh.com.au"}]},"description":{"urls":[]}},"followers_count":6028,"profile_sidebar_border_color":"BDDCAD","id_str":"248426265","profile_background_color":"9AE4E8","listed_count":182,"is_translation_enabled":false,"utc_offset":39600,"statuses_count":8383,"description":"Deputy News Director at the Sydney Morning Herald.","friends_count":1298,"location":"Sydney, Australia","profile_link_color":"0084B4","profile_image_url":"http://pbs.twimg.com/profile_images/1666627894/DSC03405_normal.JPG","following":false,"geo_enabled":true,"profile_background_image_url":"http://abs.twimg.com/images/themes/theme16/bg.gif","name":"Lisa Davies","lang":"en","profile_background_tile":false,"favourites_count":443,"screen_name":"lisazdavies","notifications":false,"url":"http://t.co/rcyq4Qi14t","created_at":"Mon Feb 07 00:06:39 +0000 2011","contributors_enabled":false,"time_zone":"Sydney","protected":false,"default_profile":false,"is_translator":false},"geo":null,"in_reply_to_user_id_str":"25777812","lang":"en","created_at":"Mon Dec 15 03:36:01 +0000 2014","in_reply_to_status_id_str":"544334477011349505","place":null},
{"contributors":null,"truncated":false,"text":"@tomsteinfort @9NewsAUS Irresponsible journalism! We don't really know what is going on yet. Fancy showing hostages faces!","in_reply_to_status_id":544334477011349505,"id":544335085042794496,"favorite_count":3,"source":"<a href=\"http://twitter.com\" rel=\"nofollow\">Twitter Web Client</a>","retweeted":false,"coordinates":null,"entities":{"symbols":[],"user_mentions":[{"id":25777812,"indices":[0,13],"id_str":"25777812","screen_name":"tomsteinfort","name":"Tom Steinfort"},{"id":22993014,"indices":[14,23],"id_str":"22993014","screen_name":"9NewsAUS","name":"Nine News Australia"}],"hashtags":[],"urls":[]},"in_reply_to_screen_name":"tomsteinfort","id_str":"544335085042794496","retweet_count":0,"in_reply_to_user_id":25777812,"favorited":false,"user":{"follow_request_sent":false,"profile_use_background_image":true,"profile_text_color":"E76472","default_profile_image":false,"id":1555465945,"profile_background_image_url_https":"https://pbs.twimg.com/profile_background_images/378800000011616876/0ee0e1a60363671ee1aeba6af7d9099a.jpeg","verified":false,"profile_location":null,"profile_image_url_https":"https://pbs.twimg.com/profile_images/378800000065587255/ad4962e34a3658d5337bac8dc9f516a2_normal.jpeg","profile_sidebar_fill_color":"F54E7C","entities":{"url":{"urls":[{"url":"http://t.co/SzWDr6IVgo","indices":[0,22],"expanded_url":"http://www.staffordshirerecruitment.com.au","display_url":"staffordshirerecruitment.com.au"}]},"description":{"urls":[]}},"followers_count":24,"profile_sidebar_border_color":"1B103B","id_str":"1555465945","profile_background_color":"B4A699","listed_count":4,"is_translation_enabled":false,"utc_offset":39600,"statuses_count":525,"description":"Career Consultant, Student Psychologist, Writer and Self Employed Business Woman plus Mum to a Puppy and a Kitty - Big Fan of the Sydney Swans too!","friends_count":78,"location":"Sydney","profile_link_color":"C08984","profile_image_url":"http://pbs.twimg.com/profile_images/378800000065587255/ad4962e34a3658d5337bac8dc9f516a2_normal.jpeg","following":false,"geo_enabled":false,"profile_banner_url":"https://pbs.twimg.com/profile_banners/1555465945/1372553380","profile_background_image_url":"http://pbs.twimg.com/profile_background_images/378800000011616876/0ee0e1a60363671ee1aeba6af7d9099a.jpeg","name":"Rachel Renwick","lang":"en","profile_background_tile":false,"favourites_count":271,"screen_name":"rnr1975","notifications":false,"url":"http://t.co/SzWDr6IVgo","created_at":"Sat Jun 29 11:17:15 +0000 2013","contributors_enabled":false,"time_zone":"Canberra","protected":false,"default_profile":false,"is_translator":false},"geo":null,"in_reply_to_user_id_str":"25777812","lang":"en","created_at":"Mon Dec 15 03:36:12 +0000 2014","in_reply_to_status_id_str":"544334477011349505","place":null},
{"contributors":null,"truncated":false,"text":"@tomsteinfort Ahhh, the bogans that read that piece of shit newspaper will love it, I'm sure.","in_reply_to_status_id":544334477011349505,"id":544335169247670272,"favorite_count":0,"source":"<a href=\"https://about.twitter.com/products/tweetdeck\" rel=\"nofollow\">TweetDeck</a>","retweeted":false,"coordinates":null,"entities":{"symbols":[],"user_mentions":[{"id":25777812,"indices":[0,13],"id_str":"25777812","screen_name":"tomsteinfort","name":"Tom Steinfort"}],"hashtags":[],"urls":[]},"in_reply_to_screen_name":"tomsteinfort","id_str":"544335169247670272","retweet_count":0,"in_reply_to_user_id":25777812,"favorited":false,"user":{"follow_request_sent":false,"profile_use_background_image":true,"profile_text_color":"333333","default_profile_image":false,"id":2383141,"profile_background_image_url_https":"https://abs.twimg.com/images/themes/theme14/bg.gif","verified":false,"profile_location":null,"profile_image_url_https":"https://pbs.twimg.com/profile_images/555582657879212032/aP-vbWdY_normal.jpeg","profile_sidebar_fill_color":"EFEFEF","entities":{"url":{"urls":[{"url":"http://t.co/RVcdmjsgR3","indices":[0,22],"expanded_url":"http://about.me/peteri","display_url":"about.me/peteri"}]},"description":{"urls":[]}},"followers_count":469,"profile_sidebar_border_color":"EEEEEE","id_str":"2383141","profile_background_color":"131516","listed_count":9,"is_translation_enabled":false,"utc_offset":39600,"statuses_count":7124,"description":"Husband, Father, Drummer, License Compliance dude and chief bottle washer. Getting to the chopper is only half the story.","friends_count":1003,"location":"Sydney, NSW, Australia","profile_link_color":"009999","profile_image_url":"http://pbs.twimg.com/profile_images/555582657879212032/aP-vbWdY_normal.jpeg","following":false,"geo_enabled":true,"profile_banner_url":"https://pbs.twimg.com/profile_banners/2383141/1391375790","profile_background_image_url":"http://abs.twimg.com/images/themes/theme14/bg.gif","name":"Festivus Feej","lang":"en","profile_background_tile":true,"favourites_count":1097,"screen_name":"PeterIacono","notifications":false,"url":"http://t.co/RVcdmjsgR3","created_at":"Tue Mar 27 01:06:44 +0000 2007","contributors_enabled":false,"time_zone":"Sydney","protected":false,"default_profile":false,"is_translator":false},"geo":null,"in_reply_to_user_id_str":"25777812","lang":"en","created_at":"Mon Dec 15 03:36:32 +0000 2014","in_reply_to_status_id_str":"544334477011349505","place":null},
{"contributors":null,"truncated":false,"text":"@tomsteinfort @katie18O there is no conf that it is IS?!","in_reply_to_status_id":544334477011349505,"id":544335187874549760,"favorite_count":0,"source":"<a href=\"http://twitter.com\" rel=\"nofollow\">Twitter Web Client</a>","retweeted":false,"coordinates":null,"entities":{"symbols":[],"user_mentions":[{"id":25777812,"indices":[0,13],"id_str":"25777812","screen_name":"tomsteinfort","name":"Tom Steinfort"},{"id":35413034,"indices":[14,23],"id_str":"35413034","screen_name":"katie18O","name":"Katie Hale"}],"hashtags":[],"urls":[]},"in_reply_to_screen_name":"tomsteinfort","id_str":"544335187874549760","retweet_count":0,"in_reply_to_user_id":25777812,"favorited":false,"user":{"follow_request_sent":false,"profile_use_background_image":false,"profile_text_color":"0F020F","default_profile_image":false,"id":193274672,"profile_background_image_url_https":"https://pbs.twimg.com/profile_background_images/461008891426271233/GRzd5yrw.jpeg","verified":false,"profile_location":null,"profile_image_url_https":"https://pbs.twimg.com/profile_images/586547267168899072/K6WJ9JVh_normal.jpg","profile_sidebar_fill_color":"12A6EB","entities":{"url":{"urls":[{"url":"http://t.co/hLvplAIupJ","indices":[0,22],"expanded_url":"http://courtneyrobinsonfreelance.com","display_url":"courtneyrobinsonfreelance.com"}]},"description":{"urls":[]}},"followers_count":685,"profile_sidebar_border_color":"000000","id_str":"193274672","profile_background_color":"080808","listed_count":12,"is_translation_enabled":false,"utc_offset":39600,"statuses_count":4961,"description":"writer // hit me up - courtneyrobinson@live.com","friends_count":398,"location":"sydney / australia","profile_link_color":"3B94D9","profile_image_url":"http://pbs.twimg.com/profile_images/586547267168899072/K6WJ9JVh_normal.jpg","following":false,"geo_enabled":false,"profile_banner_url":"https://pbs.twimg.com/profile_banners/193274672/1418484914","profile_background_image_url":"http://pbs.twimg.com/profile_background_images/461008891426271233/GRzd5yrw.jpeg","name":"courtney robinson","lang":"en","profile_background_tile":true,"favourites_count":2628,"screen_name":"courtney_ro","notifications":false,"url":"http://t.co/hLvplAIupJ","created_at":"Tue Sep 21 12:34:25 +0000 2010","contributors_enabled":false,"time_zone":"Sydney","protected":false,"default_profile":false,"is_translator":false},"geo":null,"in_reply_to_user_id_str":"25777812","lang":"en","created_at":"Mon Dec 15 03:36:36 +0000 2014","in_reply_to_status_id_str":"544334477011349505","place":null},
{"contributors":null,"truncated":false,"text":"@tomsteinfort disgusting to show the poor people's faces. #poorform","in_reply_to_status_id":544334477011349505,"id":544335215250796544,"favorite_count":1,"source":"<a href=\"http://twitter.com/download/iphone\" rel=\"nofollow\">Twitter for iPhone</a>","retweeted":false,"coordinates":null,"entities":{"symbols":[],"user_mentions":[{"id":25777812,"indices":[0,13],"id_str":"25777812","screen_name":"tomsteinfort","name":"Tom Steinfort"}],"hashtags":[{"indices":[58,67],"text":"poorform"}],"urls":[]},"in_reply_to_screen_name":"tomsteinfort","id_str":"544335215250796544","retweet_count":0,"in_reply_to_user_id":25777812,"favorited":false,"user":{"follow_request_sent":false,"profile_use_background_image":true,"profile_text_color":"8A7302","default_profile_image":false,"id":98259196,"profile_background_image_url_https":"https://pbs.twimg.com/profile_background_images/455976529621557250/MIv-29ns.jpeg","verified":false,"profile_location":null,"profile_image_url_https":"https://pbs.twimg.com/profile_images/579253353495973888/ZJuKlNKE_normal.jpg","profile_sidebar_fill_color":"171106","entities":{"url":{"urls":[{"url":"http://t.co/saGklIz1Zr","indices":[0,22],"expanded_url":"http://www.realestateexcellence.com.au","display_url":"realestateexcellence.com.au"}]},"description":{"urls":[]}},"followers_count":2544,"profile_sidebar_border_color":"000000","id_str":"98259196","profile_background_color":"0F0A02","listed_count":37,"is_translation_enabled":false,"utc_offset":36000,"statuses_count":12031,"description":"Lover of #RealEstate compliance, risk management & best practice. Trainer, educator, advisor. Sole Director of Real Estate Excellence Academy PTY LTD","friends_count":1762,"location":"Brisbane, Australia","profile_link_color":"473623","profile_image_url":"http://pbs.twimg.com/profile_images/579253353495973888/ZJuKlNKE_normal.jpg","following":false,"geo_enabled":false,"profile_banner_url":"https://pbs.twimg.com/profile_banners/98259196/1418081833","profile_background_image_url":"http://pbs.twimg.com/profile_background_images/455976529621557250/MIv-29ns.jpeg","name":"StaceyHolt","lang":"en","profile_background_tile":true,"favourites_count":271,"screen_name":"StaceyHolt","notifications":false,"url":"http://t.co/saGklIz1Zr","created_at":"Mon Dec 21 02:20:12 +0000 2009","contributors_enabled":false,"time_zone":"Brisbane","protected":false,"default_profile":false,"is_translator":false},"geo":null,"in_reply_to_user_id_str":"25777812","lang":"en","created_at":"Mon Dec 15 03:36:43 +0000 2014","in_reply_to_status_id_str":"544334477011349505","place":null},
{"contributors":null,"truncated":false,"text":"@tomsteinfort @9NewsSyd Given much of the CBD is evacuated/under lockdown  who will actually get this newspaper edition?","in_reply_to_status_id":544334477011349505,"id":544335240596967424,"favorite_count":0,"source":"<a href=\"https://about.twitter.com/products/tweetdeck\" rel=\"nofollow\">TweetDeck</a>","retweeted":false,"coordinates":null,"entities":{"symbols":[],"user_mentions":[{"id":25777812,"indices":[0,13],"id_str":"25777812","screen_name":"tomsteinfort","name":"Tom Steinfort"},{"id":171802941,"indices":[14,23],"id_str":"171802941","screen_name":"9NewsSyd","name":"Nine News Sydney"}],"hashtags":[],"urls":[]},"in_reply_to_screen_name":"tomsteinfort","id_str":"544335240596967424","retweet_count":0,"in_reply_to_user_id":25777812,"favorited":false,"user":{"follow_request_sent":false,"profile_use_background_image":true,"profile_text_color":"333333","default_profile_image":false,"id":436173744,"profile_background_image_url_https":"https://abs.twimg.com/images/themes/theme1/bg.png","verified":false,"profile_location":null,"profile_image_url_https":"https://pbs.twimg.com/profile_images/1733859657/image_normal.jpg","profile_sidebar_fill_color":"DDEEF6","entities":{"description":{"urls":[]}},"followers_count":2336,"profile_sidebar_border_color":"C0DEED","id_str":"436173744","profile_background_color":"C0DEED","listed_count":101,"is_translation_enabled":false,"utc_offset":39600,"statuses_count":6989,"description":"Aviation and tourism reporter at The Australian Financial Review. 170,000 air miles flown in last 12 months. California expat. Views my own. jfreed@afr.com.au","friends_count":1467,"location":"Sydney, Australia","profile_link_color":"0084B4","profile_image_url":"http://pbs.twimg.com/profile_images/1733859657/image_normal.jpg","following":false,"geo_enabled":false,"profile_banner_url":"https://pbs.twimg.com/profile_banners/436173744/1402609509","profile_background_image_url":"http://abs.twimg.com/images/themes/theme1/bg.png","name":"Jamie Freed","lang":"en","profile_background_tile":false,"favourites_count":52,"screen_name":"Jamie_Freed","notifications":false,"url":null,"created_at":"Tue Dec 13 21:45:51 +0000 2011","contributors_enabled":false,"time_zone":"Sydney","protected":false,"default_profile":true,"is_translator":false},"geo":null,"in_reply_to_user_id_str":"25777812","lang":"en","created_at":"Mon Dec 15 03:36:49 +0000 2014","in_reply_to_status_id_str":"544334477011349505","place":null},
{"contributors":null,"truncated":false,"text":"@courtney_ro YEP exactly","in_reply_to_status_id":544335187874549760,"id":544335281353011201,"favorite_count":1,"source":"<a href=\"http://tapbots.com/tweetbot\" rel=\"nofollow\">Tweetbot for iΟS</a>","retweeted":false,"coordinates":null,"entities":{"symbols":[],"user_mentions":[{"id":193274672,"indices":[0,12],"id_str":"193274672","screen_name":"courtney_ro","name":"courtney robinson"}],"hashtags":[],"urls":[]},"in_reply_to_screen_name":"courtney_ro","id_str":"544335281353011201","retweet_count":0,"in_reply_to_user_id":193274672,"favorited":false,"user":{"follow_request_sent":false,"profile_use_background_image":true,"profile_text_color":"333333","default_profile_image":false,"id":35413034,"profile_background_image_url_https":"https://abs.twimg.com/images/themes/theme14/bg.gif","verified":false,"profile_location":null,"profile_image_url_https":"https://pbs.twimg.com/profile_images/567425478038802432/QOHeAdXK_normal.jpeg","profile_sidebar_fill_color":"EFEFEF","entities":{"description":{"urls":[]}},"followers_count":2003,"profile_sidebar_border_color":"EEEEEE","id_str":"35413034","profile_background_color":"131516","listed_count":50,"is_translation_enabled":false,"utc_offset":39600,"statuses_count":42745,"description":"News Producer & Asst COS @9NewsSyd | Reporter ATN | Always giggling | Words my own | I do what I love & love what I do |","friends_count":2176,"location":"Sydney, Australia","profile_link_color":"009999","profile_image_url":"http://pbs.twimg.com/profile_images/567425478038802432/QOHeAdXK_normal.jpeg","following":false,"geo_enabled":false,"profile_banner_url":"https://pbs.twimg.com/profile_banners/35413034/1392444506","profile_background_image_url":"http://abs.twimg.com/images/themes/theme14/bg.gif","name":"Katie Hale","lang":"en","profile_background_tile":true,"favourites_count":9657,"screen_name":"katie18O","notifications":false,"url":null,"created_at":"Sun Apr 26 05:37:54 +0000 2009","contributors_enabled":false,"time_zone":"Sydney","protected":false,"default_profile":false,"is_translator":false},"geo":null,"in_reply_to_user_id_str":"193274672","lang":"en","created_at":"Mon Dec 15 03:36:58 +0000 2014","in_reply_to_status_id_str":"544335187874549760","place":null},
{"contributors":null,"truncated":false,"text":"@tomsteinfort @LyndsayFarlow What a load of rubbish.","in_reply_to_status_id":544334477011349505,"id":544335745368875009,"favorite_count":1,"source":"<a href=\"http://twitter.com\" rel=\"nofollow\">Twitter Web Client</a>","retweeted":false,"coordinates":null,"entities":{"symbols":[],"user_mentions":[{"id":25777812,"indices":[0,13],"id_str":"25777812","screen_name":"tomsteinfort","name":"Tom Steinfort"},{"id":78262626,"indices":[14,28],"id_str":"78262626","screen_name":"LyndsayFarlow","name":"Lyndsay Farlow"}],"hashtags":[],"urls":[]},"in_reply_to_screen_name":"tomsteinfort","id_str":"544335745368875009","retweet_count":0,"in_reply_to_user_id":25777812,"favorited":false,"user":{"follow_request_sent":false,"profile_use_background_image":true,"profile_text_color":"3E4415","default_profile_image":false,"id":243882040,"profile_background_image_url_https":"https://abs.twimg.com/images/themes/theme5/bg.gif","verified":false,"profile_location":null,"profile_image_url_https":"https://pbs.twimg.com/profile_images/448796499594334208/Ffa2ZbJz_normal.jpeg","profile_sidebar_fill_color":"99CC33","entities":{"description":{"urls":[]}},"followers_count":1356,"profile_sidebar_border_color":"829D5E","id_str":"243882040","profile_background_color":"352726","listed_count":57,"is_translation_enabled":false,"utc_offset":39600,"statuses_count":93762,"description":"Glad you're seated it's a long story.\r\nToo long. \r\n\r\n Liking Arts and Music\r\n from Opera to Immigrant Union,Dandy Warhols","friends_count":642,"location":"Australia","profile_link_color":"D02B55","profile_image_url":"http://pbs.twimg.com/profile_images/448796499594334208/Ffa2ZbJz_normal.jpeg","following":false,"geo_enabled":true,"profile_banner_url":"https://pbs.twimg.com/profile_banners/243882040/1395836067","profile_background_image_url":"http://abs.twimg.com/images/themes/theme5/bg.gif","name":"Lady Ann Wombat","lang":"en","profile_background_tile":false,"favourites_count":85739,"screen_name":"3wombats","notifications":false,"url":null,"created_at":"Fri Jan 28 00:57:17 +0000 2011","contributors_enabled":false,"time_zone":"Melbourne","protected":false,"default_profile":false,"is_translator":false},"geo":null,"in_reply_to_user_id_str":"25777812","lang":"en","created_at":"Mon Dec 15 03:38:49 +0000 2014","in_reply_to_status_id_str":"544334477011349505","place":null},
{"contributors":null,"truncated":false,"text":"@tomsteinfort Oh for fuck's sake.","in_reply_to_status_id":544334477011349505,"id":544335790541533185,"favorite_count":2,"source":"<a href=\"http://twitter.com\" rel=\"nofollow\">Twitter Web Client</a>","retweeted":false,"coordinates":null,"entities":{"symbols":[],"user_mentions":[{"id":25777812,"indices":[0,13],"id_str":"25777812","screen_name":"tomsteinfort","name":"Tom Steinfort"}],"hashtags":[],"urls":[]},"in_reply_to_screen_name":"tomsteinfort","id_str":"544335790541533185","retweet_count":0,"in_reply_to_user_id":25777812,"favorited":false,"user":{"follow_request_sent":false,"profile_use_background_image":true,"profile_text_color":"333333","default_profile_image":false,"id":48627031,"profile_background_image_url_https":"https://abs.twimg.com/images/themes/theme1/bg.png","verified":false,"profile_location":null,"profile_image_url_https":"https://pbs.twimg.com/profile_images/1521869417/coach_normal.jpeg","profile_sidebar_fill_color":"DDEEF6","entities":{"description":{"urls":[]}},"followers_count":681,"profile_sidebar_border_color":"C0DEED","id_str":"48627031","profile_background_color":"C0DEED","listed_count":9,"is_translation_enabled":false,"utc_offset":39600,"statuses_count":828,"description":"Clear eyes, full hearts, can't lose.","friends_count":1267,"location":"Melbourne","profile_link_color":"0084B4","profile_image_url":"http://pbs.twimg.com/profile_images/1521869417/coach_normal.jpeg","following":false,"geo_enabled":false,"profile_background_image_url":"http://abs.twimg.com/images/themes/theme1/bg.png","name":"iDontWantAbbott4Xmas","lang":"en","profile_background_tile":false,"favourites_count":683,"screen_name":"TVsToddAbbott","notifications":false,"url":null,"created_at":"Fri Jun 19 06:01:35 +0000 2009","contributors_enabled":false,"time_zone":"Melbourne","protected":false,"default_profile":true,"is_translator":false},"geo":null,"in_reply_to_user_id_str":"25777812","lang":"en","created_at":"Mon Dec 15 03:39:00 +0000 2014","in_reply_to_status_id_str":"544334477011349505","place":null},
{"contributors":null,"truncated":false,"text":"Oh geez. Really?!? 😒 MT “@tomsteinfort: \"Death cult CBD attack\" #MartinPlaceSiege http://t.co/qnJwZjF4Ll”","in_reply_to_status_id":544334477011349505,"id":544336260802674688,"favorite_count":1,"source":"<a href=\"http://twitter.com/download/iphone\" rel=\"nofollow\">Twitter for iPhone</a>","retweeted":false,"coordinates":null,"entities":{"symbols":[],"user_mentions":[{"id":25777812,"indices":[25,38],"id_str":"25777812","screen_name":"tomsteinfort","name":"Tom Steinfort"}],"hashtags":[{"indices":[64,81],"text":"MartinPlaceSiege"}],"urls":[],"media":[{"source_user_id":25777812,"source_status_id_str":"544334477011349505","expanded_url":"http://twitter.com/tomsteinfort/status/544334477011349505/photo/1","display_url":"pic.twitter.com/qnJwZjF4Ll","url":"http://t.co/qnJwZjF4Ll","media_url_https":"https://pbs.twimg.com/media/B43dUioCEAA2tfK.jpg","source_user_id_str":"25777812","source_status_id":544334477011349505,"id_str":"544334474943533056","sizes":{"small":{"h":453,"resize":"fit","w":340},"large":{"h":557,"resize":"fit","w":418},"medium":{"h":557,"resize":"fit","w":418},"thumb":{"h":150,"resize":"crop","w":150}},"indices":[82,104],"type":"photo","id":544334474943533056,"media_url":"http://pbs.twimg.com/media/B43dUioCEAA2tfK.jpg"}]},"in_reply_to_screen_name":"tomsteinfort","id_str":"544336260802674688","retweet_count":0,"in_reply_to_user_id":25777812,"favorited":false,"user":{"follow_request_sent":false,"profile_use_background_image":true,"profile_text_color":"333333","default_profile_image":false,"id":159805340,"profile_background_image_url_https":"https://pbs.twimg.com/profile_background_images/680261413/d1af46a668a35b99b818f5e8fb79df80.jpeg","verified":false,"profile_location":null,"profile_image_url_https":"https://pbs.twimg.com/profile_images/439015054181036032/A_KqFZdS_normal.jpeg","profile_sidebar_fill_color":"F3F3F3","entities":{"description":{"urls":[]}},"followers_count":452,"profile_sidebar_border_color":"FFFFFF","id_str":"159805340","profile_background_color":"EBEBEB","listed_count":7,"is_translation_enabled":false,"utc_offset":28800,"statuses_count":139,"description":"I teach at a university merely for the extended holidays","friends_count":211,"location":"Australia - for now...","profile_link_color":"990000","profile_image_url":"http://pbs.twimg.com/profile_images/439015054181036032/A_KqFZdS_normal.jpeg","following":false,"geo_enabled":true,"profile_banner_url":"https://pbs.twimg.com/profile_banners/159805340/1411365563","profile_background_image_url":"http://pbs.twimg.com/profile_background_images/680261413/d1af46a668a35b99b818f5e8fb79df80.jpeg","name":"Kira","lang":"en","profile_background_tile":true,"favourites_count":1596,"screen_name":"kijah_","notifications":false,"url":null,"created_at":"Sat Jun 26 11:19:41 +0000 2010","contributors_enabled":false,"time_zone":"Perth","protected":false,"default_profile":false,"is_translator":false},"geo":null,"in_reply_to_user_id_str":"25777812","possibly_sensitive":false,"lang":"en","created_at":"Mon Dec 15 03:40:52 +0000 2014","in_reply_to_status_id_str":"544334477011349505","place":null,"extended_entities":{"media":[{"source_user_id":25777812,"source_status_id_str":"544334477011349505","expanded_url":"http://twitter.com/tomsteinfort/status/544334477011349505/photo/1","display_url":"pic.twitter.com/qnJwZjF4Ll","url":"http://t.co/qnJwZjF4Ll","media_url_https":"https://pbs.twimg.com/media/B43dUioCEAA2tfK.jpg","source_user_id_str":"25777812","source_status_id":544334477011349505,"id_str":"544334474943533056","sizes":{"small":{"h":453,"resize":"fit","w":340},"large":{"h":557,"resize":"fit","w":418},"medium":{"h":557,"resize":"fit","w":418},"thumb":{"h":150,"resize":"crop","w":150}},"indices":[82,104],"type":"photo","id":544334474943533056,"media_url":"http://pbs.twimg.com/media/B43dUioCEAA2tfK.jpg"}]}},
{"contributors":null,"truncated":false,"text":"@tomsteinfort @carolinemarcus it's journalism ethics fail bingo! Photos of hostages faces? Photo of alleged hostage taker? Racist hyperbole?","in_reply_to_status_id":544334477011349505,"id":544336656136818688,"favorite_count":3,"source":"<a href=\"http://twitter.com\" rel=\"nofollow\">Twitter Web Client</a>","retweeted":false,"coordinates":null,"entities":{"symbols":[],"user_mentions":[{"id":25777812,"indices":[0,13],"id_str":"25777812","screen_name":"tomsteinfort","name":"Tom Steinfort"},{"id":22724717,"indices":[14,29],"id_str":"22724717","screen_name":"carolinemarcus","name":"Caroline Marcus"}],"hashtags":[],"urls":[]},"in_reply_to_screen_name":"tomsteinfort","id_str":"544336656136818688","retweet_count":0,"in_reply_to_user_id":25777812,"favorited":false,"user":{"follow_request_sent":false,"profile_use_background_image":false,"profile_text_color":"333333","default_profile_image":false,"id":62789243,"profile_background_image_url_https":"https://pbs.twimg.com/profile_background_images/442915851981713408/FnoHOXdF.jpeg","verified":false,"profile_location":null,"profile_image_url_https":"https://pbs.twimg.com/profile_images/582835345156222976/kbcQWuKd_normal.jpg","profile_sidebar_fill_color":"DDEEF6","entities":{"description":{"urls":[]}},"followers_count":1387,"profile_sidebar_border_color":"FFFFFF","id_str":"62789243","profile_background_color":"C0DEED","listed_count":5,"is_translation_enabled":false,"utc_offset":36000,"statuses_count":1484,"description":"","friends_count":577,"location":"The comments section.","profile_link_color":"0084B4","profile_image_url":"http://pbs.twimg.com/profile_images/582835345156222976/kbcQWuKd_normal.jpg","following":false,"geo_enabled":true,"profile_banner_url":"https://pbs.twimg.com/profile_banners/62789243/1375780749","profile_background_image_url":"http://pbs.twimg.com/profile_background_images/442915851981713408/FnoHOXdF.jpeg","name":"christopher steele","lang":"en","profile_background_tile":true,"favourites_count":601,"screen_name":"steelecws","notifications":false,"url":null,"created_at":"Tue Aug 04 11:13:33 +0000 2009","contributors_enabled":false,"time_zone":"Brisbane","protected":false,"default_profile":false,"is_translator":false},"geo":null,"in_reply_to_user_id_str":"25777812","lang":"en","created_at":"Mon Dec 15 03:42:26 +0000 2014","in_reply_to_status_id_str":"544334477011349505","place":null},
{"contributors":null,"truncated":false,"text":"@tomsteinfort @dailytelegraph should be ashamed of themselves.What kind of headline is that?! Way to spread fear! 1/2","in_reply_to_status_id":544334477011349505,"id":544337759955988480,"favorite_count":1,"source":"<a href=\"https://twitter.com/download/android\" rel=\"nofollow\">Twitter for Android Tablets</a>","retweeted":false,"coordinates":null,"entities":{"symbols":[],"user_mentions":[{"id":25777812,"indices":[0,13],"id_str":"25777812","screen_name":"tomsteinfort","name":"Tom Steinfort"},{"id":9235982,"indices":[14,29],"id_str":"9235982","screen_name":"dailytelegraph","name":"The Daily Telegraph"}],"hashtags":[],"urls":[]},"in_reply_to_screen_name":"tomsteinfort","id_str":"544337759955988480","retweet_count":0,"in_reply_to_user_id":25777812,"favorited":false,"user":{"follow_request_sent":false,"profile_use_background_image":true,"profile_text_color":"386FCE","default_profile_image":false,"id":68151144,"profile_background_image_url_https":"https://pbs.twimg.com/profile_background_images/484319569419317248/A1PzzNdK.jpeg","verified":false,"profile_location":null,"profile_image_url_https":"https://pbs.twimg.com/profile_images/2650574640/2a868a97b9a8cb2af75201ecf4471aa8_normal.png","profile_sidebar_fill_color":"245BBA","entities":{"description":{"urls":[]}},"followers_count":257,"profile_sidebar_border_color":"FFFFFF","id_str":"68151144","profile_background_color":"76A0E9","listed_count":0,"is_translation_enabled":false,"utc_offset":39600,"statuses_count":1885,"description":"-={My son is my world}=- U can take the girl out of Canterbury-Bankstown but u can't take the Canterbury-Bankstown out of the girl! #proudtobeabulldog","friends_count":1162,"location":"Sydney","profile_link_color":"4F83DC","profile_image_url":"http://pbs.twimg.com/profile_images/2650574640/2a868a97b9a8cb2af75201ecf4471aa8_normal.png","following":false,"geo_enabled":false,"profile_banner_url":"https://pbs.twimg.com/profile_banners/68151144/1395028227","profile_background_image_url":"http://pbs.twimg.com/profile_background_images/484319569419317248/A1PzzNdK.jpeg","name":"Sabrina Credentino","lang":"en","profile_background_tile":true,"favourites_count":681,"screen_name":"Napoli_Blu","notifications":false,"url":null,"created_at":"Sun Aug 23 14:09:22 +0000 2009","contributors_enabled":false,"time_zone":"Sydney","protected":false,"default_profile":false,"is_translator":false},"geo":null,"in_reply_to_user_id_str":"25777812","lang":"en","created_at":"Mon Dec 15 03:46:49 +0000 2014","in_reply_to_status_id_str":"544334477011349505","place":null},
{"contributors":null,"truncated":false,"text":"@tomsteinfort @9NewsAUS Nice to see responsible reporting from @dailytelegraph with that headline.","in_reply_to_status_id":544334477011349505,"id":544337868005457920,"favorite_count":0,"source":"<a href=\"http://twitter.com/#!/download/ipad\" rel=\"nofollow\">Twitter for iPad</a>","retweeted":false,"coordinates":null,"entities":{"symbols":[],"user_mentions":[{"id":25777812,"indices":[0,13],"id_str":"25777812","screen_name":"tomsteinfort","name":"Tom Steinfort"},{"id":22993014,"indices":[14,23],"id_str":"22993014","screen_name":"9NewsAUS","name":"Nine News Australia"},{"id":9235982,"indices":[63,78],"id_str":"9235982","screen_name":"dailytelegraph","name":"The Daily Telegraph"}],"hashtags":[],"urls":[]},"in_reply_to_screen_name":"tomsteinfort","id_str":"544337868005457920","retweet_count":0,"in_reply_to_user_id":25777812,"favorited":false,"user":{"follow_request_sent":false,"profile_use_background_image":true,"profile_text_color":"663B12","default_profile_image":false,"id":15652582,"profile_background_image_url_https":"https://pbs.twimg.com/profile_background_images/25707094/IMG_2261_compressed.jpg","verified":false,"profile_location":null,"profile_image_url_https":"https://pbs.twimg.com/profile_images/438709164/Atari_normal.jpg","profile_sidebar_fill_color":"DAECF4","entities":{"url":{"urls":[{"url":"http://t.co/ymcck5CxVy","indices":[0,22],"expanded_url":"http://www.DavidMackey.com.au","display_url":"DavidMackey.com.au"}]},"description":{"urls":[]}},"followers_count":1185,"profile_sidebar_border_color":"C6E2EE","id_str":"15652582","profile_background_color":"C6E2EE","listed_count":3,"is_translation_enabled":false,"utc_offset":39600,"statuses_count":75,"description":"Australian Bicycle Industry Sales Professional. Husband, cyclist, father to 4 cats and a bird, Rabbitohs fan, New York Yankee fan, coffee lover.","friends_count":134,"location":"Sydney, Australia","profile_link_color":"1F98C7","profile_image_url":"http://pbs.twimg.com/profile_images/438709164/Atari_normal.jpg","following":false,"geo_enabled":false,"profile_background_image_url":"http://pbs.twimg.com/profile_background_images/25707094/IMG_2261_compressed.jpg","name":"David Mackey","lang":"en","profile_background_tile":true,"favourites_count":7,"screen_name":"david_mackey","notifications":false,"url":"http://t.co/ymcck5CxVy","created_at":"Tue Jul 29 22:33:12 +0000 2008","contributors_enabled":false,"time_zone":"Sydney","protected":false,"default_profile":false,"is_translator":false},"geo":null,"in_reply_to_user_id_str":"25777812","lang":"en","created_at":"Mon Dec 15 03:47:15 +0000 2014","in_reply_to_status_id_str":"544334477011349505","place":null},
{"contributors":null,"truncated":false,"text":"@tomsteinfort @dailytelegraph 2/2 how disrespectful &amp; unkind to hostages &amp; their loved ones to have their faces splashed on the front page!","in_reply_to_status_id":544334477011349505,"id":544338119017779200,"favorite_count":0,"source":"<a href=\"https://twitter.com/download/android\" rel=\"nofollow\">Twitter for Android Tablets</a>","retweeted":false,"coordinates":null,"entities":{"symbols":[],"user_mentions":[{"id":25777812,"indices":[0,13],"id_str":"25777812","screen_name":"tomsteinfort","name":"Tom Steinfort"},{"id":9235982,"indices":[14,29],"id_str":"9235982","screen_name":"dailytelegraph","name":"The Daily Telegraph"}],"hashtags":[],"urls":[]},"in_reply_to_screen_name":"tomsteinfort","id_str":"544338119017779200","retweet_count":0,"in_reply_to_user_id":25777812,"favorited":false,"user":{"follow_request_sent":false,"profile_use_background_image":true,"profile_text_color":"386FCE","default_profile_image":false,"id":68151144,"profile_background_image_url_https":"https://pbs.twimg.com/profile_background_images/484319569419317248/A1PzzNdK.jpeg","verified":false,"profile_location":null,"profile_image_url_https":"https://pbs.twimg.com/profile_images/2650574640/2a868a97b9a8cb2af75201ecf4471aa8_normal.png","profile_sidebar_fill_color":"245BBA","entities":{"description":{"urls":[]}},"followers_count":257,"profile_sidebar_border_color":"FFFFFF","id_str":"68151144","profile_background_color":"76A0E9","listed_count":0,"is_translation_enabled":false,"utc_offset":39600,"statuses_count":1885,"description":"-={My son is my world}=- U can take the girl out of Canterbury-Bankstown but u can't take the Canterbury-Bankstown out of the girl! #proudtobeabulldog","friends_count":1162,"location":"Sydney","profile_link_color":"4F83DC","profile_image_url":"http://pbs.twimg.com/profile_images/2650574640/2a868a97b9a8cb2af75201ecf4471aa8_normal.png","following":false,"geo_enabled":false,"profile_banner_url":"https://pbs.twimg.com/profile_banners/68151144/1395028227","profile_background_image_url":"http://pbs.twimg.com/profile_background_images/484319569419317248/A1PzzNdK.jpeg","name":"Sabrina Credentino","lang":"en","profile_background_tile":true,"favourites_count":681,"screen_name":"Napoli_Blu","notifications":false,"url":null,"created_at":"Sun Aug 23 14:09:22 +0000 2009","contributors_enabled":false,"time_zone":"Sydney","protected":false,"default_profile":false,"is_translator":false},"geo":null,"in_reply_to_user_id_str":"25777812","lang":"en","created_at":"Mon Dec 15 03:48:15 +0000 2014","in_reply_to_status_id_str":"544334477011349505","place":null},
{"contributors":null,"truncated":false,"text":"@tomsteinfort @CartwheelPrint pathetic fearmongering","in_reply_to_status_id":544334477011349505,"id":544338301163798528,"favorite_count":1,"source":"<a href=\"http://twitter.com/download/iphone\" rel=\"nofollow\">Twitter for iPhone</a>","retweeted":false,"coordinates":null,"entities":{"symbols":[],"user_mentions":[{"id":25777812,"indices":[0,13],"id_str":"25777812","screen_name":"tomsteinfort","name":"Tom Steinfort"},{"id":114625323,"indices":[14,29],"id_str":"114625323","screen_name":"CartwheelPrint","name":"Lady Mel Mac"}],"hashtags":[],"urls":[]},"in_reply_to_screen_name":"tomsteinfort","id_str":"544338301163798528","retweet_count":0,"in_reply_to_user_id":25777812,"favorited":false,"user":{"follow_request_sent":false,"profile_use_background_image":true,"profile_text_color":"333333","default_profile_image":false,"id":1038235795,"profile_background_image_url_https":"https://abs.twimg.com/images/themes/theme1/bg.png","verified":false,"profile_location":null,"profile_image_url_https":"https://pbs.twimg.com/profile_images/506319314769551360/xPu7jvg5_normal.jpeg","profile_sidebar_fill_color":"DDEEF6","entities":{"description":{"urls":[]}},"followers_count":1939,"profile_sidebar_border_color":"C0DEED","id_str":"1038235795","profile_background_color":"C0DEED","listed_count":47,"is_translation_enabled":false,"utc_offset":null,"statuses_count":289283,"description":"Mother of three, destroying the joint, frightbat, i dont suffer RWNJ","friends_count":272,"location":"","profile_link_color":"0084B4","profile_image_url":"http://pbs.twimg.com/profile_images/506319314769551360/xPu7jvg5_normal.jpeg","following":false,"geo_enabled":true,"profile_background_image_url":"http://abs.twimg.com/images/themes/theme1/bg.png","name":"Susan Mackay","lang":"en","profile_background_tile":false,"favourites_count":66911,"screen_name":"mackaysuzie","notifications":false,"url":null,"created_at":"Wed Dec 26 22:32:33 +0000 2012","contributors_enabled":false,"time_zone":null,"protected":false,"default_profile":true,"is_translator":false},"geo":null,"in_reply_to_user_id_str":"25777812","lang":"en","created_at":"Mon Dec 15 03:48:58 +0000 2014","in_reply_to_status_id_str":"544334477011349505","place":null},
{"contributors":null,"truncated":false,"text":"@tomsteinfort That's horrific. What about the relatives/friends of the girls","in_reply_to_status_id":544334477011349505,"id":544338858792337408,"favorite_count":5,"source":"<a href=\"http://twitter.com\" rel=\"nofollow\">Twitter Web Client</a>","retweeted":false,"coordinates":null,"entities":{"symbols":[],"user_mentions":[{"id":25777812,"indices":[0,13],"id_str":"25777812","screen_name":"tomsteinfort","name":"Tom Steinfort"}],"hashtags":[],"urls":[]},"in_reply_to_screen_name":"tomsteinfort","id_str":"544338858792337408","retweet_count":1,"in_reply_to_user_id":25777812,"favorited":false,"user":{"follow_request_sent":false,"profile_use_background_image":true,"profile_text_color":"333333","default_profile_image":false,"id":280784084,"profile_background_image_url_https":"https://abs.twimg.com/images/themes/theme15/bg.png","verified":true,"profile_location":null,"profile_image_url_https":"https://pbs.twimg.com/profile_images/490507967767130112/fIXqS06V_normal.jpeg","profile_sidebar_fill_color":"C0DFEC","entities":{"url":{"urls":[{"url":"http://t.co/6WzITGrGmM","indices":[0,22],"expanded_url":"http://instagram.com/tomchadwick","display_url":"instagram.com/tomchadwick"}]},"description":{"urls":[]}},"followers_count":4925,"profile_sidebar_border_color":"A8C7F7","id_str":"280784084","profile_background_color":"022330","listed_count":46,"is_translation_enabled":false,"utc_offset":-36000,"statuses_count":5067,"description":"Former Adelaide lad. Fox Sports News presenter, Journalist & general sports fan! The views here are my own.","friends_count":678,"location":"Sydney","profile_link_color":"0084B4","profile_image_url":"http://pbs.twimg.com/profile_images/490507967767130112/fIXqS06V_normal.jpeg","following":false,"geo_enabled":false,"profile_background_image_url":"http://abs.twimg.com/images/themes/theme15/bg.png","name":"Tom Chadwick","lang":"en","profile_background_tile":false,"favourites_count":1420,"screen_name":"TomChadwickFox","notifications":false,"url":"http://t.co/6WzITGrGmM","created_at":"Tue Apr 12 01:04:21 +0000 2011","contributors_enabled":false,"time_zone":"Hawaii","protected":false,"default_profile":false,"is_translator":false},"geo":null,"in_reply_to_user_id_str":"25777812","lang":"en","created_at":"Mon Dec 15 03:51:11 +0000 2014","in_reply_to_status_id_str":"544334477011349505","place":null},
{"contributors":null,"truncated":false,"text":"@AEddy6087 @tomsteinfort @9NewsAUS i think the paper has a rouge editor ?","in_reply_to_status_id":544334879194767360,"id":544342364249006081,"favorite_count":0,"source":"<a href=\"http://twitter.com\" rel=\"nofollow\">Twitter Web Client</a>","retweeted":false,"coordinates":null,"entities":{"symbols":[],"user_mentions":[{"id":1738099368,"indices":[0,10],"id_str":"1738099368","screen_name":"AEddy6087","name":"Andrew Eddy"},{"id":25777812,"indices":[11,24],"id_str":"25777812","screen_name":"tomsteinfort","name":"Tom Steinfort"},{"id":22993014,"indices":[25,34],"id_str":"22993014","screen_name":"9NewsAUS","name":"Nine News Australia"}],"hashtags":[],"urls":[]},"in_reply_to_screen_name":"AEddy6087","id_str":"544342364249006081","retweet_count":0,"in_reply_to_user_id":1738099368,"favorited":false,"user":{"follow_request_sent":false,"profile_use_background_image":true,"profile_text_color":"090A0A","default_profile_image":false,"id":19107722,"profile_background_image_url_https":"https://pbs.twimg.com/profile_background_images/847060781/cd3a780b301685a9f71df78ee4999cd2.png","verified":false,"profile_location":null,"profile_image_url_https":"https://pbs.twimg.com/profile_images/1607624315/Nick_McGrath_Image_signature__normal.jpg","profile_sidebar_fill_color":"DBDBDB","entities":{"url":{"urls":[{"url":"http://t.co/VFebDqjYH6","indices":[0,22],"expanded_url":"http://www.nickmcgrathphotography.com","display_url":"nickmcgrathphotography.com"}]},"description":{"urls":[]}},"followers_count":396,"profile_sidebar_border_color":"FFFFFF","id_str":"19107722","profile_background_color":"050505","listed_count":26,"is_translation_enabled":false,"utc_offset":39600,"statuses_count":1322,"description":"Freelance Photojournalist. Based in Thailand. Getty Images stringer/contributor.","friends_count":914,"location":"Bangkok","profile_link_color":"A3A3A3","profile_image_url":"http://pbs.twimg.com/profile_images/1607624315/Nick_McGrath_Image_signature__normal.jpg","following":false,"geo_enabled":false,"profile_banner_url":"https://pbs.twimg.com/profile_banners/19107722/1398833240","profile_background_image_url":"http://pbs.twimg.com/profile_background_images/847060781/cd3a780b301685a9f71df78ee4999cd2.png","name":"Nick McGrath","lang":"en","profile_background_tile":false,"favourites_count":5,"screen_name":"titbit","notifications":false,"url":"http://t.co/VFebDqjYH6","created_at":"Sat Jan 17 11:24:30 +0000 2009","contributors_enabled":false,"time_zone":"Melbourne","protected":false,"default_profile":false,"is_translator":false},"geo":null,"in_reply_to_user_id_str":"1738099368","lang":"en","created_at":"Mon Dec 15 04:05:07 +0000 2014","in_reply_to_status_id_str":"544334879194767360","place":null},
{"contributors":null,"truncated":false,"text":"@titbit @tomsteinfort @9NewsAUS I'd like to think that, but the truth is, it's probably well and truly part of their overall strategy..","in_reply_to_status_id":544342364249006081,"id":544343105508352000,"favorite_count":0,"source":"<a href=\"http://twitter.com\" rel=\"nofollow\">Twitter Web Client</a>","retweeted":false,"coordinates":null,"entities":{"symbols":[],"user_mentions":[{"id":19107722,"indices":[0,7],"id_str":"19107722","screen_name":"titbit","name":"Nick McGrath"},{"id":25777812,"indices":[8,21],"id_str":"25777812","screen_name":"tomsteinfort","name":"Tom Steinfort"},{"id":22993014,"indices":[22,31],"id_str":"22993014","screen_name":"9NewsAUS","name":"Nine News Australia"}],"hashtags":[],"urls":[]},"in_reply_to_screen_name":"titbit","id_str":"544343105508352000","retweet_count":0,"in_reply_to_user_id":19107722,"favorited":false,"user":{"follow_request_sent":false,"profile_use_background_image":true,"profile_text_color":"333333","default_profile_image":false,"id":1738099368,"profile_background_image_url_https":"https://pbs.twimg.com/profile_background_images/378800000068439948/ad326c35649b6a30f570a9931034e535.jpeg","verified":false,"profile_location":null,"profile_image_url_https":"https://pbs.twimg.com/profile_images/378800000421202183/204fea461398a0fd849d4f24353595dd_normal.jpeg","profile_sidebar_fill_color":"DDEEF6","entities":{"description":{"urls":[]}},"followers_count":108,"profile_sidebar_border_color":"FFFFFF","id_str":"1738099368","profile_background_color":"EDECE9","listed_count":0,"is_translation_enabled":false,"utc_offset":null,"statuses_count":4199,"description":"Punk, Hardcore and Soothing Nashville Guitars. Beer, Vodka, and Loud Solitude. Couch Potato Sports Fan. Glass Eyed Star Gazer with a Bright Future","friends_count":417,"location":"","profile_link_color":"088253","profile_image_url":"http://pbs.twimg.com/profile_images/378800000421202183/204fea461398a0fd849d4f24353595dd_normal.jpeg","following":false,"geo_enabled":true,"profile_banner_url":"https://pbs.twimg.com/profile_banners/1738099368/1394063243","profile_background_image_url":"http://pbs.twimg.com/profile_background_images/378800000068439948/ad326c35649b6a30f570a9931034e535.jpeg","name":"Andrew Eddy","lang":"en","profile_background_tile":true,"favourites_count":553,"screen_name":"AEddy6087","notifications":false,"url":null,"created_at":"Fri Sep 06 23:01:45 +0000 2013","contributors_enabled":false,"time_zone":null,"protected":false,"default_profile":false,"is_translator":false},"geo":null,"in_reply_to_user_id_str":"19107722","lang":"en","created_at":"Mon Dec 15 04:08:04 +0000 2014","in_reply_to_status_id_str":"544342364249006081","place":null},
{"contributors":null,"truncated":false,"text":"@PeterIacono @tomsteinfort Go fuck a goat you filthy terrorist lover!","in_reply_to_status_id":544335169247670272,"id":544364595305934848,"favorite_count":0,"source":"<a href=\"http://twitter.com\" rel=\"nofollow\">Twitter Web Client</a>","retweeted":false,"coordinates":null,"entities":{"symbols":[],"user_mentions":[{"id":2383141,"indices":[0,12],"id_str":"2383141","screen_name":"PeterIacono","name":"Festivus Feej"},{"id":25777812,"indices":[13,26],"id_str":"25777812","screen_name":"tomsteinfort","name":"Tom Steinfort"}],"hashtags":[],"urls":[]},"in_reply_to_screen_name":"PeterIacono","id_str":"544364595305934848","retweet_count":0,"in_reply_to_user_id":2383141,"favorited":false,"user":{"follow_request_sent":false,"profile_use_background_image":true,"profile_text_color":"3C3940","default_profile_image":false,"id":1866480170,"profile_background_image_url_https":"https://abs.twimg.com/images/themes/theme4/bg.gif","verified":false,"profile_location":null,"profile_image_url_https":"https://pbs.twimg.com/profile_images/559796917169713152/3RH_Kyy0_normal.jpeg","profile_sidebar_fill_color":"95E8EC","entities":{"description":{"urls":[]}},"followers_count":641,"profile_sidebar_border_color":"5ED4DC","id_str":"1866480170","profile_background_color":"0099B9","listed_count":11,"is_translation_enabled":false,"utc_offset":39600,"statuses_count":4783,"description":"Australian, conservative, atheist, husband, father, drinker of beer & bbq'er extraordinare. #TeamAustralia I eat bacon, but don't follow eggs.","friends_count":321,"location":"Infidel","profile_link_color":"0099B9","profile_image_url":"http://pbs.twimg.com/profile_images/559796917169713152/3RH_Kyy0_normal.jpeg","following":false,"geo_enabled":false,"profile_banner_url":"https://pbs.twimg.com/profile_banners/1866480170/1413262049","profile_background_image_url":"http://abs.twimg.com/images/themes/theme4/bg.gif","name":"Aussie Infidel ","lang":"en-gb","profile_background_tile":false,"favourites_count":12859,"screen_name":"gingy___","notifications":false,"url":null,"created_at":"Sun Sep 15 06:19:24 +0000 2013","contributors_enabled":false,"time_zone":"Melbourne","protected":false,"default_profile":false,"is_translator":false},"geo":null,"in_reply_to_user_id_str":"2383141","lang":"en","created_at":"Mon Dec 15 05:33:27 +0000 2014","in_reply_to_status_id_str":"544335169247670272","place":null},
{"contributors":null,"truncated":false,"text":"@lisazdavies @tomsteinfort You are right, it's not an IS flag, it's an ISLAM flag that represents ALL Muslims!","in_reply_to_status_id":544335041514336256,"id":544364811039932416,"favorite_count":0,"source":"<a href=\"http://twitter.com\" rel=\"nofollow\">Twitter Web Client</a>","retweeted":false,"coordinates":null,"entities":{"symbols":[],"user_mentions":[{"id":248426265,"indices":[0,12],"id_str":"248426265","screen_name":"lisazdavies","name":"Lisa Davies"},{"id":25777812,"indices":[13,26],"id_str":"25777812","screen_name":"tomsteinfort","name":"Tom Steinfort"}],"hashtags":[],"urls":[]},"in_reply_to_screen_name":"lisazdavies","id_str":"544364811039932416","retweet_count":0,"in_reply_to_user_id":248426265,"favorited":false,"user":{"follow_request_sent":false,"profile_use_background_image":true,"profile_text_color":"3C3940","default_profile_image":false,"id":1866480170,"profile_background_image_url_https":"https://abs.twimg.com/images/themes/theme4/bg.gif","verified":false,"profile_location":null,"profile_image_url_https":"https://pbs.twimg.com/profile_images/559796917169713152/3RH_Kyy0_normal.jpeg","profile_sidebar_fill_color":"95E8EC","entities":{"description":{"urls":[]}},"followers_count":641,"profile_sidebar_border_color":"5ED4DC","id_str":"1866480170","profile_background_color":"0099B9","listed_count":11,"is_translation_enabled":false,"utc_offset":39600,"statuses_count":4783,"description":"Australian, conservative, atheist, husband, father, drinker of beer & bbq'er extraordinare. #TeamAustralia I eat bacon, but don't follow eggs.","friends_count":321,"location":"Infidel","profile_link_color":"0099B9","profile_image_url":"http://pbs.twimg.com/profile_images/559796917169713152/3RH_Kyy0_normal.jpeg","following":false,"geo_enabled":false,"profile_banner_url":"https://pbs.twimg.com/profile_banners/1866480170/1413262049","profile_background_image_url":"http://abs.twimg.com/images/themes/theme4/bg.gif","name":"Aussie Infidel ","lang":"en-gb","profile_background_tile":false,"favourites_count":12859,"screen_name":"gingy___","notifications":false,"url":null,"created_at":"Sun Sep 15 06:19:24 +0000 2013","contributors_enabled":false,"time_zone":"Melbourne","protected":false,"default_profile":false,"is_translator":false},"geo":null,"in_reply_to_user_id_str":"248426265","lang":"en","created_at":"Mon Dec 15 05:34:19 +0000 2014","in_reply_to_status_id_str":"544335041514336256","place":null},
{"contributors":null,"truncated":false,"text":"@AEddy6087 @tomsteinfort @9NewsAUS No, he's a typical Australian Muslim that is following the Quran the way ALL Muslims are told to do.","in_reply_to_status_id":544334879194767360,"id":544365363538821120,"favorite_count":0,"source":"<a href=\"http://twitter.com\" rel=\"nofollow\">Twitter Web Client</a>","retweeted":false,"coordinates":null,"entities":{"symbols":[],"user_mentions":[{"id":1738099368,"indices":[0,10],"id_str":"1738099368","screen_name":"AEddy6087","name":"Andrew Eddy"},{"id":25777812,"indices":[11,24],"id_str":"25777812","screen_name":"tomsteinfort","name":"Tom Steinfort"},{"id":22993014,"indices":[25,34],"id_str":"22993014","screen_name":"9NewsAUS","name":"Nine News Australia"}],"hashtags":[],"urls":[]},"in_reply_to_screen_name":"AEddy6087","id_str":"544365363538821120","retweet_count":0,"in_reply_to_user_id":1738099368,"favorited":false,"user":{"follow_request_sent":false,"profile_use_background_image":true,"profile_text_color":"3C3940","default_profile_image":false,"id":1866480170,"profile_background_image_url_https":"https://abs.twimg.com/images/themes/theme4/bg.gif","verified":false,"profile_location":null,"profile_image_url_https":"https://pbs.twimg.com/profile_images/559796917169713152/3RH_Kyy0_normal.jpeg","profile_sidebar_fill_color":"95E8EC","entities":{"description":{"urls":[]}},"followers_count":641,"profile_sidebar_border_color":"5ED4DC","id_str":"1866480170","profile_background_color":"0099B9","listed_count":11,"is_translation_enabled":false,"utc_offset":39600,"statuses_count":4783,"description":"Australian, conservative, atheist, husband, father, drinker of beer & bbq'er extraordinare. #TeamAustralia I eat bacon, but don't follow eggs.","friends_count":321,"location":"Infidel","profile_link_color":"0099B9","profile_image_url":"http://pbs.twimg.com/profile_images/559796917169713152/3RH_Kyy0_normal.jpeg","following":false,"geo_enabled":false,"profile_banner_url":"https://pbs.twimg.com/profile_banners/1866480170/1413262049","profile_background_image_url":"http://abs.twimg.com/images/themes/theme4/bg.gif","name":"Aussie Infidel ","lang":"en-gb","profile_background_tile":false,"favourites_count":12859,"screen_name":"gingy___","notifications":false,"url":null,"created_at":"Sun Sep 15 06:19:24 +0000 2013","contributors_enabled":false,"time_zone":"Melbourne","protected":false,"default_profile":false,"is_translator":false},"geo":null,"in_reply_to_user_id_str":"1738099368","lang":"en","created_at":"Mon Dec 15 05:36:31 +0000 2014","in_reply_to_status_id_str":"544334879194767360","place":null},
{"contributors":null,"truncated":false,"text":".@gingy___ @tomsteinfort @9NewsAUS and you're a typical anonymous racist looking for twitter attention.","in_reply_to_status_id":544365363538821120,"id":544366025462910976,"favorite_count":1,"source":"<a href=\"http://twitter.com\" rel=\"nofollow\">Twitter Web Client</a>","retweeted":false,"coordinates":null,"entities":{"symbols":[],"user_mentions":[{"id":1866480170,"indices":[1,10],"id_str":"1866480170","screen_name":"gingy___","name":"Aussie Infidel "},{"id":25777812,"indices":[11,24],"id_str":"25777812","screen_name":"tomsteinfort","name":"Tom Steinfort"},{"id":22993014,"indices":[25,34],"id_str":"22993014","screen_name":"9NewsAUS","name":"Nine News Australia"}],"hashtags":[],"urls":[]},"in_reply_to_screen_name":"gingy___","id_str":"544366025462910976","retweet_count":0,"in_reply_to_user_id":1866480170,"favorited":false,"user":{"follow_request_sent":false,"profile_use_background_image":true,"profile_text_color":"333333","default_profile_image":false,"id":1738099368,"profile_background_image_url_https":"https://pbs.twimg.com/profile_background_images/378800000068439948/ad326c35649b6a30f570a9931034e535.jpeg","verified":false,"profile_location":null,"profile_image_url_https":"https://pbs.twimg.com/profile_images/378800000421202183/204fea461398a0fd849d4f24353595dd_normal.jpeg","profile_sidebar_fill_color":"DDEEF6","entities":{"description":{"urls":[]}},"followers_count":108,"profile_sidebar_border_color":"FFFFFF","id_str":"1738099368","profile_background_color":"EDECE9","listed_count":0,"is_translation_enabled":false,"utc_offset":null,"statuses_count":4199,"description":"Punk, Hardcore and Soothing Nashville Guitars. Beer, Vodka, and Loud Solitude. Couch Potato Sports Fan. Glass Eyed Star Gazer with a Bright Future","friends_count":417,"location":"","profile_link_color":"088253","profile_image_url":"http://pbs.twimg.com/profile_images/378800000421202183/204fea461398a0fd849d4f24353595dd_normal.jpeg","following":false,"geo_enabled":true,"profile_banner_url":"https://pbs.twimg.com/profile_banners/1738099368/1394063243","profile_background_image_url":"http://pbs.twimg.com/profile_background_images/378800000068439948/ad326c35649b6a30f570a9931034e535.jpeg","name":"Andrew Eddy","lang":"en","profile_background_tile":true,"favourites_count":553,"screen_name":"AEddy6087","notifications":false,"url":null,"created_at":"Fri Sep 06 23:01:45 +0000 2013","contributors_enabled":false,"time_zone":null,"protected":false,"default_profile":false,"is_translator":false},"geo":null,"in_reply_to_user_id_str":"1866480170","lang":"en","created_at":"Mon Dec 15 05:39:08 +0000 2014","in_reply_to_status_id_str":"544365363538821120","place":null},
{"contributors":null,"truncated":false,"text":"@AEddy6087 @tomsteinfort @9NewsAUS &amp; you're a typical Leftard moron sympathising with MUSLIM terrorists. You should be sent to Syria, cunt!","in_reply_to_status_id":544366025462910976,"id":544366470520512512,"favorite_count":0,"source":"<a href=\"http://twitter.com\" rel=\"nofollow\">Twitter Web Client</a>","retweeted":false,"coordinates":null,"entities":{"symbols":[],"user_mentions":[{"id":1738099368,"indices":[0,10],"id_str":"1738099368","screen_name":"AEddy6087","name":"Andrew Eddy"},{"id":25777812,"indices":[11,24],"id_str":"25777812","screen_name":"tomsteinfort","name":"Tom Steinfort"},{"id":22993014,"indices":[25,34],"id_str":"22993014","screen_name":"9NewsAUS","name":"Nine News Australia"}],"hashtags":[],"urls":[]},"in_reply_to_screen_name":"AEddy6087","id_str":"544366470520512512","retweet_count":0,"in_reply_to_user_id":1738099368,"favorited":false,"user":{"follow_request_sent":false,"profile_use_background_image":true,"profile_text_color":"3C3940","default_profile_image":false,"id":1866480170,"profile_background_image_url_https":"https://abs.twimg.com/images/themes/theme4/bg.gif","verified":false,"profile_location":null,"profile_image_url_https":"https://pbs.twimg.com/profile_images/559796917169713152/3RH_Kyy0_normal.jpeg","profile_sidebar_fill_color":"95E8EC","entities":{"description":{"urls":[]}},"followers_count":641,"profile_sidebar_border_color":"5ED4DC","id_str":"1866480170","profile_background_color":"0099B9","listed_count":11,"is_translation_enabled":false,"utc_offset":39600,"statuses_count":4783,"description":"Australian, conservative, atheist, husband, father, drinker of beer & bbq'er extraordinare. #TeamAustralia I eat bacon, but don't follow eggs.","friends_count":321,"location":"Infidel","profile_link_color":"0099B9","profile_image_url":"http://pbs.twimg.com/profile_images/559796917169713152/3RH_Kyy0_normal.jpeg","following":false,"geo_enabled":false,"profile_banner_url":"https://pbs.twimg.com/profile_banners/1866480170/1413262049","profile_background_image_url":"http://abs.twimg.com/images/themes/theme4/bg.gif","name":"Aussie Infidel ","lang":"en-gb","profile_background_tile":false,"favourites_count":12859,"screen_name":"gingy___","notifications":false,"url":null,"created_at":"Sun Sep 15 06:19:24 +0000 2013","contributors_enabled":false,"time_zone":"Melbourne","protected":false,"default_profile":false,"is_translator":false},"geo":null,"in_reply_to_user_id_str":"1738099368","lang":"en","created_at":"Mon Dec 15 05:40:55 +0000 2014","in_reply_to_status_id_str":"544366025462910976","place":null},
{"contributors":null,"truncated":false,"text":"@gingy___ @tomsteinfort @9NewsAUS haha, why do i even buy into these anonymous argument seekers?  I have love and hope for all peoples.","in_reply_to_status_id":544366470520512512,"id":544367420391976960,"favorite_count":0,"source":"<a href=\"http://twitter.com\" rel=\"nofollow\">Twitter Web Client</a>","retweeted":false,"coordinates":null,"entities":{"symbols":[],"user_mentions":[{"id":1866480170,"indices":[0,9],"id_str":"1866480170","screen_name":"gingy___","name":"Aussie Infidel "},{"id":25777812,"indices":[10,23],"id_str":"25777812","screen_name":"tomsteinfort","name":"Tom Steinfort"},{"id":22993014,"indices":[24,33],"id_str":"22993014","screen_name":"9NewsAUS","name":"Nine News Australia"}],"hashtags":[],"urls":[]},"in_reply_to_screen_name":"gingy___","id_str":"544367420391976960","retweet_count":0,"in_reply_to_user_id":1866480170,"favorited":false,"user":{"follow_request_sent":false,"profile_use_background_image":true,"profile_text_color":"333333","default_profile_image":false,"id":1738099368,"profile_background_image_url_https":"https://pbs.twimg.com/profile_background_images/378800000068439948/ad326c35649b6a30f570a9931034e535.jpeg","verified":false,"profile_location":null,"profile_image_url_https":"https://pbs.twimg.com/profile_images/378800000421202183/204fea461398a0fd849d4f24353595dd_normal.jpeg","profile_sidebar_fill_color":"DDEEF6","entities":{"description":{"urls":[]}},"followers_count":108,"profile_sidebar_border_color":"FFFFFF","id_str":"1738099368","profile_background_color":"EDECE9","listed_count":0,"is_translation_enabled":false,"utc_offset":null,"statuses_count":4199,"description":"Punk, Hardcore and Soothing Nashville Guitars. Beer, Vodka, and Loud Solitude. Couch Potato Sports Fan. Glass Eyed Star Gazer with a Bright Future","friends_count":417,"location":"","profile_link_color":"088253","profile_image_url":"http://pbs.twimg.com/profile_images/378800000421202183/204fea461398a0fd849d4f24353595dd_normal.jpeg","following":false,"geo_enabled":true,"profile_banner_url":"https://pbs.twimg.com/profile_banners/1738099368/1394063243","profile_background_image_url":"http://pbs.twimg.com/profile_background_images/378800000068439948/ad326c35649b6a30f570a9931034e535.jpeg","name":"Andrew Eddy","lang":"en","profile_background_tile":true,"favourites_count":553,"screen_name":"AEddy6087","notifications":false,"url":null,"created_at":"Fri Sep 06 23:01:45 +0000 2013","contributors_enabled":false,"time_zone":null,"protected":false,"default_profile":false,"is_translator":false},"geo":null,"in_reply_to_user_id_str":"1866480170","lang":"en","created_at":"Mon Dec 15 05:44:41 +0000 2014","in_reply_to_status_id_str":"544366470520512512","place":null},
{"contributors":null,"truncated":false,"text":"@AEddy6087 @gingy___ @tomsteinfort @9NewsAUS i like the part where he called you a leftard. Uneducated morons thrive during times like this.","in_reply_to_status_id":544367420391976960,"id":544372423131287552,"favorite_count":0,"source":"<a href=\"http://twitter.com\" rel=\"nofollow\">Twitter Web Client</a>","retweeted":false,"coordinates":null,"entities":{"symbols":[],"user_mentions":[{"id":1738099368,"indices":[0,10],"id_str":"1738099368","screen_name":"AEddy6087","name":"Andrew Eddy"},{"id":1866480170,"indices":[11,20],"id_str":"1866480170","screen_name":"gingy___","name":"Aussie Infidel "},{"id":25777812,"indices":[21,34],"id_str":"25777812","screen_name":"tomsteinfort","name":"Tom Steinfort"},{"id":22993014,"indices":[35,44],"id_str":"22993014","screen_name":"9NewsAUS","name":"Nine News Australia"}],"hashtags":[],"urls":[]},"in_reply_to_screen_name":"AEddy6087","id_str":"544372423131287552","retweet_count":0,"in_reply_to_user_id":1738099368,"favorited":false,"user":{"follow_request_sent":false,"profile_use_background_image":true,"profile_text_color":"333333","default_profile_image":false,"id":465315567,"profile_background_image_url_https":"https://abs.twimg.com/images/themes/theme1/bg.png","verified":false,"profile_location":null,"profile_image_url_https":"https://pbs.twimg.com/profile_images/533448959755157506/6Ts5wdyn_normal.jpeg","profile_sidebar_fill_color":"DDEEF6","entities":{"description":{"urls":[]}},"followers_count":46,"profile_sidebar_border_color":"C0DEED","id_str":"465315567","profile_background_color":"C0DEED","listed_count":1,"is_translation_enabled":false,"utc_offset":39600,"statuses_count":7695,"description":"Greenbay Packers & Eastern Sydney Roosters. Dont follow me.","friends_count":201,"location":"cowra","profile_link_color":"0084B4","profile_image_url":"http://pbs.twimg.com/profile_images/533448959755157506/6Ts5wdyn_normal.jpeg","following":false,"geo_enabled":false,"profile_background_image_url":"http://abs.twimg.com/images/themes/theme1/bg.png","name":"Blake","lang":"en","profile_background_tile":false,"favourites_count":3666,"screen_name":"BlakeJDuncombe","notifications":false,"url":null,"created_at":"Mon Jan 16 06:32:18 +0000 2012","contributors_enabled":false,"time_zone":"Canberra","protected":false,"default_profile":true,"is_translator":false},"geo":null,"in_reply_to_user_id_str":"1738099368","lang":"en","created_at":"Mon Dec 15 06:04:34 +0000 2014","in_reply_to_status_id_str":"544367420391976960","place":null},
{"contributors":null,"truncated":false,"text":"@BlakeJDuncombe @gingy___ @tomsteinfort @9NewsAUS he blocked me once i called him anonymous. Just a cowardly twitter troll. Won't feed him.","in_reply_to_status_id":544372423131287552,"id":544372719844745217,"favorite_count":2,"source":"<a href=\"http://twitter.com\" rel=\"nofollow\">Twitter Web Client</a>","retweeted":false,"coordinates":null,"entities":{"symbols":[],"user_mentions":[{"id":465315567,"indices":[0,15],"id_str":"465315567","screen_name":"BlakeJDuncombe","name":"Blake"},{"id":1866480170,"indices":[16,25],"id_str":"1866480170","screen_name":"gingy___","name":"Aussie Infidel "},{"id":25777812,"indices":[26,39],"id_str":"25777812","screen_name":"tomsteinfort","name":"Tom Steinfort"},{"id":22993014,"indices":[40,49],"id_str":"22993014","screen_name":"9NewsAUS","name":"Nine News Australia"}],"hashtags":[],"urls":[]},"in_reply_to_screen_name":"BlakeJDuncombe","id_str":"544372719844745217","retweet_count":0,"in_reply_to_user_id":465315567,"favorited":false,"user":{"follow_request_sent":false,"profile_use_background_image":true,"profile_text_color":"333333","default_profile_image":false,"id":1738099368,"profile_background_image_url_https":"https://pbs.twimg.com/profile_background_images/378800000068439948/ad326c35649b6a30f570a9931034e535.jpeg","verified":false,"profile_location":null,"profile_image_url_https":"https://pbs.twimg.com/profile_images/378800000421202183/204fea461398a0fd849d4f24353595dd_normal.jpeg","profile_sidebar_fill_color":"DDEEF6","entities":{"description":{"urls":[]}},"followers_count":108,"profile_sidebar_border_color":"FFFFFF","id_str":"1738099368","profile_background_color":"EDECE9","listed_count":0,"is_translation_enabled":false,"utc_offset":null,"statuses_count":4199,"description":"Punk, Hardcore and Soothing Nashville Guitars. Beer, Vodka, and Loud Solitude. Couch Potato Sports Fan. Glass Eyed Star Gazer with a Bright Future","friends_count":417,"location":"","profile_link_color":"088253","profile_image_url":"http://pbs.twimg.com/profile_images/378800000421202183/204fea461398a0fd849d4f24353595dd_normal.jpeg","following":false,"geo_enabled":true,"profile_banner_url":"https://pbs.twimg.com/profile_banners/1738099368/1394063243","profile_background_image_url":"http://pbs.twimg.com/profile_background_images/378800000068439948/ad326c35649b6a30f570a9931034e535.jpeg","name":"Andrew Eddy","lang":"en","profile_background_tile":true,"favourites_count":553,"screen_name":"AEddy6087","notifications":false,"url":null,"created_at":"Fri Sep 06 23:01:45 +0000 2013","contributors_enabled":false,"time_zone":null,"protected":false,"default_profile":false,"is_translator":false},"geo":null,"in_reply_to_user_id_str":"465315567","lang":"en","created_at":"Mon Dec 15 06:05:45 +0000 2014","in_reply_to_status_id_str":"544372423131287552","place":null},
{"contributors":null,"truncated":false,"text":"@AEddy6087 @BlakeJDuncombe I copped it from a few wankers too, just blocking them now. Can't feed em","in_reply_to_status_id":544372719844745217,"id":544373265016168448,"favorite_count":1,"source":"<a href=\"http://twitter.com/download/iphone\" rel=\"nofollow\">Twitter for iPhone</a>","retweeted":false,"coordinates":null,"entities":{"symbols":[],"user_mentions":[{"id":1738099368,"indices":[0,10],"id_str":"1738099368","screen_name":"AEddy6087","name":"Andrew Eddy"},{"id":465315567,"indices":[11,26],"id_str":"465315567","screen_name":"BlakeJDuncombe","name":"Blake"}],"hashtags":[],"urls":[]},"in_reply_to_screen_name":"AEddy6087","id_str":"544373265016168448","retweet_count":0,"in_reply_to_user_id":1738099368,"favorited":false,"user":{"follow_request_sent":false,"profile_use_background_image":true,"profile_text_color":"333333","default_profile_image":false,"id":23880636,"profile_background_image_url_https":"https://abs.twimg.com/images/themes/theme14/bg.gif","verified":false,"profile_location":null,"profile_image_url_https":"https://pbs.twimg.com/profile_images/573709522381901824/e9R5H_Hl_normal.jpeg","profile_sidebar_fill_color":"EFEFEF","entities":{"url":{"urls":[{"url":"http://t.co/jvCewTqNkb","indices":[0,22],"expanded_url":"http://Fuckyourmum.com","display_url":"Fuckyourmum.com"}]},"description":{"urls":[]}},"followers_count":1295,"profile_sidebar_border_color":"FFFFFF","id_str":"23880636","profile_background_color":"131516","listed_count":33,"is_translation_enabled":false,"utc_offset":39600,"statuses_count":123614,"description":"Hi, I'm Lisa. Follow if you want to read my every thought. @ChelseaFC ⚽ @SoundersFC ⚽️ @CCMariners ⚽️","friends_count":1260,"location":"Central Coast, Australia.","profile_link_color":"0E00CF","profile_image_url":"http://pbs.twimg.com/profile_images/573709522381901824/e9R5H_Hl_normal.jpeg","following":false,"geo_enabled":true,"profile_banner_url":"https://pbs.twimg.com/profile_banners/23880636/1417623269","profile_background_image_url":"http://abs.twimg.com/images/themes/theme14/bg.gif","name":"Dr. Frank-N-Farter","lang":"en","profile_background_tile":true,"favourites_count":7400,"screen_name":"lisalovesbacon","notifications":false,"url":"http://t.co/jvCewTqNkb","created_at":"Thu Mar 12 02:47:28 +0000 2009","contributors_enabled":false,"time_zone":"Sydney","protected":false,"default_profile":false,"is_translator":false},"geo":null,"in_reply_to_user_id_str":"1738099368","lang":"en","created_at":"Mon Dec 15 06:07:55 +0000 2014","in_reply_to_status_id_str":"544372719844745217","place":null},
{"contributors":null,"truncated":false,"text":"@lisalovesbacon @BlakeJDuncombe were getting soft in our age","in_reply_to_status_id":544373265016168448,"id":544378543560327168,"favorite_count":0,"source":"<a href=\"http://twitter.com/download/iphone\" rel=\"nofollow\">Twitter for iPhone</a>","retweeted":false,"coordinates":null,"entities":{"symbols":[],"user_mentions":[{"id":23880636,"indices":[0,15],"id_str":"23880636","screen_name":"lisalovesbacon","name":"Dr. Frank-N-Farter"},{"id":465315567,"indices":[16,31],"id_str":"465315567","screen_name":"BlakeJDuncombe","name":"Blake"}],"hashtags":[],"urls":[]},"in_reply_to_screen_name":"lisalovesbacon","id_str":"544378543560327168","retweet_count":0,"in_reply_to_user_id":23880636,"favorited":false,"user":{"follow_request_sent":false,"profile_use_background_image":true,"profile_text_color":"333333","default_profile_image":false,"id":1738099368,"profile_background_image_url_https":"https://pbs.twimg.com/profile_background_images/378800000068439948/ad326c35649b6a30f570a9931034e535.jpeg","verified":false,"profile_location":null,"profile_image_url_https":"https://pbs.twimg.com/profile_images/378800000421202183/204fea461398a0fd849d4f24353595dd_normal.jpeg","profile_sidebar_fill_color":"DDEEF6","entities":{"description":{"urls":[]}},"followers_count":108,"profile_sidebar_border_color":"FFFFFF","id_str":"1738099368","profile_background_color":"EDECE9","listed_count":0,"is_translation_enabled":false,"utc_offset":null,"statuses_count":4199,"description":"Punk, Hardcore and Soothing Nashville Guitars. Beer, Vodka, and Loud Solitude. Couch Potato Sports Fan. Glass Eyed Star Gazer with a Bright Future","friends_count":417,"location":"","profile_link_color":"088253","profile_image_url":"http://pbs.twimg.com/profile_images/378800000421202183/204fea461398a0fd849d4f24353595dd_normal.jpeg","following":false,"geo_enabled":true,"profile_banner_url":"https://pbs.twimg.com/profile_banners/1738099368/1394063243","profile_background_image_url":"http://pbs.twimg.com/profile_background_images/378800000068439948/ad326c35649b6a30f570a9931034e535.jpeg","name":"Andrew Eddy","lang":"en","profile_background_tile":true,"favourites_count":553,"screen_name":"AEddy6087","notifications":false,"url":null,"created_at":"Fri Sep 06 23:01:45 +0000 2013","contributors_enabled":false,"time_zone":null,"protected":false,"default_profile":false,"is_translator":false},"geo":null,"in_reply_to_user_id_str":"23880636","lang":"en","created_at":"Mon Dec 15 06:28:53 +0000 2014","in_reply_to_status_id_str":"544373265016168448","place":null},
{"contributors":null,"truncated":false,"text":"@AEddy6087 @lisalovesbacon The americans making this a gun debate are interesting.","in_reply_to_status_id":544378543560327168,"id":544378961413685248,"favorite_count":0,"source":"<a href=\"http://twitter.com\" rel=\"nofollow\">Twitter Web Client</a>","retweeted":false,"coordinates":null,"entities":{"symbols":[],"user_mentions":[{"id":1738099368,"indices":[0,10],"id_str":"1738099368","screen_name":"AEddy6087","name":"Andrew Eddy"},{"id":23880636,"indices":[11,26],"id_str":"23880636","screen_name":"lisalovesbacon","name":"Dr. Frank-N-Farter"}],"hashtags":[],"urls":[]},"in_reply_to_screen_name":"AEddy6087","id_str":"544378961413685248","retweet_count":0,"in_reply_to_user_id":1738099368,"favorited":false,"user":{"follow_request_sent":false,"profile_use_background_image":true,"profile_text_color":"333333","default_profile_image":false,"id":465315567,"profile_background_image_url_https":"https://abs.twimg.com/images/themes/theme1/bg.png","verified":false,"profile_location":null,"profile_image_url_https":"https://pbs.twimg.com/profile_images/533448959755157506/6Ts5wdyn_normal.jpeg","profile_sidebar_fill_color":"DDEEF6","entities":{"description":{"urls":[]}},"followers_count":46,"profile_sidebar_border_color":"C0DEED","id_str":"465315567","profile_background_color":"C0DEED","listed_count":1,"is_translation_enabled":false,"utc_offset":39600,"statuses_count":7695,"description":"Greenbay Packers & Eastern Sydney Roosters. Dont follow me.","friends_count":201,"location":"cowra","profile_link_color":"0084B4","profile_image_url":"http://pbs.twimg.com/profile_images/533448959755157506/6Ts5wdyn_normal.jpeg","following":false,"geo_enabled":false,"profile_background_image_url":"http://abs.twimg.com/images/themes/theme1/bg.png","name":"Blake","lang":"en","profile_background_tile":false,"favourites_count":3666,"screen_name":"BlakeJDuncombe","notifications":false,"url":null,"created_at":"Mon Jan 16 06:32:18 +0000 2012","contributors_enabled":false,"time_zone":"Canberra","protected":false,"default_profile":true,"is_translator":false},"geo":null,"in_reply_to_user_id_str":"1738099368","lang":"en","created_at":"Mon Dec 15 06:30:33 +0000 2014","in_reply_to_status_id_str":"544378543560327168","place":null}
]