[{"contributors":null,"truncated":false,"text":"@BBCBreaking that big daft book I reckon.","in_reply_to_status_id":544310222547087361,"id":544310408832487424,"favorite_count":4,"source":"<a href=\"http://twitter.com\" rel=\"nofollow\">Twitter Web Client</a>","retweeted":false,"coordinates":null,"entities":{"symbols":[],"user_mentions":[{"id":5402612,"indices":[0,12],"id_str":"5402612","screen_name":"BBCBreaking","name":"BBC Breaking News"}],"hashtags":[],"urls":[]},"in_reply_to_screen_name":"BBCBreaking","id_str":"544310408832487424","retweet_count":2,"in_reply_to_user_id":5402612,"favorited":false,"user":{"follow_request_sent":false,"profile_use_background_image":true,"profile_text_color":"030861","default_profile_image":false,"id":21919632,"profile_background_image_url_https":"https://pbs.twimg.com/profile_background_images/450775647237840896/Tp32zDvH.jpeg","verified":false,"profile_location":null,"profile_image_url_https":"https://pbs.twimg.com/profile_images/540001786350669825/vNnP3ALl_normal.jpeg","profile_sidebar_fill_color":"DBBE00","entities":{"url":{"urls":[{"url":"http://t.co/s2KloPZzwa","indices":[0,22],"expanded_url":"http://www.trackies.co.uk","display_url":"trackies.co.uk"}]},"description":{"urls":[]}},"followers_count":812,"profile_sidebar_border_color":"FFFFFF","id_str":"21919632","profile_background_color":"FFFFFF","listed_count":39,"is_translation_enabled":false,"utc_offset":37800,"statuses_count":48535,"description":"Just another fool with radical views. For the love of Leeds United.","friends_count":1048,"location":"Adelaide, West Yorkshire","profile_link_color":"0071FC","profile_image_url":"http://pbs.twimg.com/profile_images/540001786350669825/vNnP3ALl_normal.jpeg","following":false,"geo_enabled":true,"profile_banner_url":"https://pbs.twimg.com/profile_banners/21919632/1403843902","profile_background_image_url":"http://pbs.twimg.com/profile_background_images/450775647237840896/Tp32zDvH.jpeg","name":"Gordon Bennett","lang":"en","profile_background_tile":true,"favourites_count":825,"screen_name":"thekingofswing","notifications":false,"url":"http://t.co/s2KloPZzwa","created_at":"Wed Feb 25 21:13:20 +0000 2009","contributors_enabled":false,"time_zone":"Adelaide","protected":false,"default_profile":false,"is_translator":false},"geo":null,"in_reply_to_user_id_str":"5402612","lang":"en","created_at":"Mon Dec 15 01:58:08 +0000 2014","in_reply_to_status_id_str":"544310222547087361","place":null},
{"contributors":null,"truncated":false,"text":"@BBCBreaking I think the motivation is clear. Islamistic messages leave little to the imagination","in_reply_to_status_id":544310222547087361,"id":544310481637605376,"favorite_count":4,"source":"<a href=\"http://twitter.com\" rel=\"nofollow\">Twitter Web Client</a>","retweeted":false,"coordinates":null,"entities":{"symbols":[],"user_mentions":[{"id":5402612,"indices":[0,12],"id_str":"5402612","screen_name":"BBCBreaking","name":"BBC Breaking News"}],"hashtags":[],"urls":[]},"in_reply_to_screen_name":"BBCBreaking","id_str":"544310481637605376","retweet_count":0,"in_reply_to_user_id":5402612,"favorited":false,"user":{"follow_request_sent":false,"profile_use_background_image":true,"profile_text_color":"333333","default_profile_image":false,"id":795927228,"profile_background_image_url_https":"https://abs.twimg.com/images/themes/theme1/bg.png","verified":false,"profile_location":null,"profile_image_url_https":"https://pbs.twimg.com/profile_images/3088226731/a1e9f1eba78c391110422f91979f5e63_normal.png","profile_sidebar_fill_color":"DDEEF6","entities":{"description":{"urls":[]}},"followers_count":6,"profile_sidebar_border_color":"C0DEED","id_str":"795927228","profile_background_color":"C0DEED","listed_count":0,"is_translation_enabled":false,"utc_offset":3600,"statuses_count":356,"description":"","friends_count":24,"location":"Hamburg","profile_link_color":"0084B4","profile_image_url":"http://pbs.twimg.com/profile_images/3088226731/a1e9f1eba78c391110422f91979f5e63_normal.png","following":false,"geo_enabled":true,"profile_background_image_url":"http://abs.twimg.com/images/themes/theme1/bg.png","name":"Max Schröder","lang":"de","profile_background_tile":false,"favourites_count":16,"screen_name":"MaxS1995","notifications":false,"url":null,"created_at":"Sat Sep 01 11:58:03 +0000 2012","contributors_enabled":false,"time_zone":"Amsterdam","protected":false,"default_profile":true,"is_translator":false},"geo":null,"in_reply_to_user_id_str":"5402612","lang":"en","created_at":"Mon Dec 15 01:58:26 +0000 2014","in_reply_to_status_id_str":"544310222547087361","place":null},
{"contributors":null,"truncated":false,"text":"“@BBCBreaking: \"We don't know motivation of #sydneysiege perpetrators yet\" - Australian leader Tony Abbott http://t.co/pEfGeJWjD6”","in_reply_to_status_id":544310222547087361,"id":544310579914366976,"favorite_count":0,"source":"<a href=\"http://twitter.com/download/iphone\" rel=\"nofollow\">Twitter for iPhone</a>","retweeted":false,"coordinates":null,"entities":{"symbols":[],"user_mentions":[{"id":5402612,"indices":[1,13],"id_str":"5402612","screen_name":"BBCBreaking","name":"BBC Breaking News"}],"hashtags":[{"indices":[44,56],"text":"sydneysiege"}],"urls":[{"url":"http://t.co/pEfGeJWjD6","indices":[107,129],"expanded_url":"http://bbc.in/1vPDuWA","display_url":"bbc.in/1vPDuWA"}]},"in_reply_to_screen_name":"BBCBreaking","id_str":"544310579914366976","retweet_count":1,"in_reply_to_user_id":5402612,"favorited":false,"user":{"follow_request_sent":false,"profile_use_background_image":true,"profile_text_color":"333333","default_profile_image":false,"id":43521065,"profile_background_image_url_https":"https://abs.twimg.com/images/themes/theme14/bg.gif","verified":false,"profile_location":null,"profile_image_url_https":"https://pbs.twimg.com/profile_images/570327119143809024/OJKvtnRT_normal.jpeg","profile_sidebar_fill_color":"EFEFEF","entities":{"description":{"urls":[]}},"followers_count":1521,"profile_sidebar_border_color":"FFFFFF","id_str":"43521065","profile_background_color":"131516","listed_count":69,"is_translation_enabled":false,"utc_offset":-18000,"statuses_count":12582,"description":"Journalist. News Director. WCSH6 & WLBZ2. Gannett.","friends_count":802,"location":"Happily lost in Maine","profile_link_color":"009999","profile_image_url":"http://pbs.twimg.com/profile_images/570327119143809024/OJKvtnRT_normal.jpeg","following":false,"geo_enabled":false,"profile_banner_url":"https://pbs.twimg.com/profile_banners/43521065/1415314676","profile_background_image_url":"http://abs.twimg.com/images/themes/theme14/bg.gif","name":"Mike Redding","lang":"en","profile_background_tile":true,"favourites_count":997,"screen_name":"ReddingWriting","notifications":false,"url":null,"created_at":"Sat May 30 12:26:40 +0000 2009","contributors_enabled":false,"time_zone":"Quito","protected":false,"default_profile":false,"is_translator":false},"geo":null,"in_reply_to_user_id_str":"5402612","possibly_sensitive":false,"lang":"en","created_at":"Mon Dec 15 01:58:49 +0000 2014","in_reply_to_status_id_str":"544310222547087361","place":null},
{"contributors":null,"truncated":false,"text":"“@BBCBreaking: \"We don't know motivation of #sydneysiege perpetrators yet\" - Australian leader Tony Abbott http://t.co/fHBGb01ZTc”","in_reply_to_status_id":544310222547087361,"id":544310600470245376,"favorite_count":0,"source":"<a href=\"http://twitter.com/download/iphone\" rel=\"nofollow\">Twitter for iPhone</a>","retweeted":false,"coordinates":null,"entities":{"symbols":[],"user_mentions":[{"id":5402612,"indices":[1,13],"id_str":"5402612","screen_name":"BBCBreaking","name":"BBC Breaking News"}],"hashtags":[{"indices":[44,56],"text":"sydneysiege"}],"urls":[{"url":"http://t.co/fHBGb01ZTc","indices":[107,129],"expanded_url":"http://bbc.in/1vPDuWA","display_url":"bbc.in/1vPDuWA"}]},"in_reply_to_screen_name":"BBCBreaking","id_str":"544310600470245376","retweet_count":0,"in_reply_to_user_id":5402612,"favorited":false,"user":{"follow_request_sent":false,"profile_use_background_image":true,"profile_text_color":"333333","default_profile_image":false,"id":2475021115,"profile_background_image_url_https":"https://abs.twimg.com/images/themes/theme1/bg.png","verified":false,"profile_location":null,"profile_image_url_https":"https://pbs.twimg.com/profile_images/588287917388267521/H2Y3bfoX_normal.jpg","profile_sidebar_fill_color":"DDEEF6","entities":{"url":{"urls":[{"url":"http://t.co/cf1tQJ9WqW","indices":[0,22],"expanded_url":"http://whoisthebenefactor.com","display_url":"whoisthebenefactor.com"}]},"description":{"urls":[]}},"followers_count":114,"profile_sidebar_border_color":"C0DEED","id_str":"2475021115","profile_background_color":"C0DEED","listed_count":0,"is_translation_enabled":false,"utc_offset":null,"statuses_count":262,"description":"long suffering dylan obrien fan","friends_count":164,"location":"","profile_link_color":"F00827","profile_image_url":"http://pbs.twimg.com/profile_images/588287917388267521/H2Y3bfoX_normal.jpg","following":false,"geo_enabled":false,"profile_banner_url":"https://pbs.twimg.com/profile_banners/2475021115/1412341225","profile_background_image_url":"http://abs.twimg.com/images/themes/theme1/bg.png","name":"dylan come to aus","lang":"en","profile_background_tile":false,"favourites_count":115,"screen_name":"iTeamOBrien","notifications":false,"url":"http://t.co/cf1tQJ9WqW","created_at":"Sat May 03 05:51:39 +0000 2014","contributors_enabled":false,"time_zone":null,"protected":false,"default_profile":false,"is_translator":false},"geo":null,"in_reply_to_user_id_str":"5402612","possibly_sensitive":false,"lang":"en","created_at":"Mon Dec 15 01:58:54 +0000 2014","in_reply_to_status_id_str":"544310222547087361","place":null},
{"contributors":null,"truncated":false,"text":"@BBCBreaking wild stab in the dark - it's taken literally from the Koran.","in_reply_to_status_id":544310222547087361,"id":544310627649724416,"favorite_count":5,"source":"<a href=\"http://twitter.com/download/android\" rel=\"nofollow\">Twitter for Android</a>","retweeted":false,"coordinates":null,"entities":{"symbols":[],"user_mentions":[{"id":5402612,"indices":[0,12],"id_str":"5402612","screen_name":"BBCBreaking","name":"BBC Breaking News"}],"hashtags":[],"urls":[]},"in_reply_to_screen_name":"BBCBreaking","id_str":"544310627649724416","retweet_count":1,"in_reply_to_user_id":5402612,"favorited":false,"user":{"follow_request_sent":false,"profile_use_background_image":true,"profile_text_color":"333333","default_profile_image":false,"id":2168110979,"profile_background_image_url_https":"https://abs.twimg.com/images/themes/theme1/bg.png","verified":false,"profile_location":null,"profile_image_url_https":"https://pbs.twimg.com/profile_images/557326527403401217/unjPTxpN_normal.jpeg","profile_sidebar_fill_color":"DDEEF6","entities":{"description":{"urls":[]}},"followers_count":37,"profile_sidebar_border_color":"C0DEED","id_str":"2168110979","profile_background_color":"C0DEED","listed_count":0,"is_translation_enabled":false,"utc_offset":null,"statuses_count":980,"description":"","friends_count":118,"location":"London","profile_link_color":"0084B4","profile_image_url":"http://pbs.twimg.com/profile_images/557326527403401217/unjPTxpN_normal.jpeg","following":false,"geo_enabled":false,"profile_background_image_url":"http://abs.twimg.com/images/themes/theme1/bg.png","name":"James","lang":"en","profile_background_tile":false,"favourites_count":565,"screen_name":"Fletchtweeting","notifications":false,"url":null,"created_at":"Mon Nov 04 14:57:36 +0000 2013","contributors_enabled":false,"time_zone":null,"protected":false,"default_profile":true,"is_translator":false},"geo":null,"in_reply_to_user_id_str":"5402612","lang":"en","created_at":"Mon Dec 15 01:59:01 +0000 2014","in_reply_to_status_id_str":"544310222547087361","place":null},
{"contributors":null,"truncated":false,"text":".@BBCBreaking Good thing he came out to speak then. To inform the people, that he's trying to inform people. #Politicks","in_reply_to_status_id":544310222547087361,"id":544310734511800320,"favorite_count":0,"source":"<a href=\"http://twitter.com/download/android\" rel=\"nofollow\">Twitter for Android</a>","retweeted":false,"coordinates":null,"entities":{"symbols":[],"user_mentions":[{"id":5402612,"indices":[1,13],"id_str":"5402612","screen_name":"BBCBreaking","name":"BBC Breaking News"}],"hashtags":[{"indices":[109,119],"text":"Politicks"}],"urls":[]},"in_reply_to_screen_name":"BBCBreaking","id_str":"544310734511800320","retweet_count":0,"in_reply_to_user_id":5402612,"favorited":false,"user":{"follow_request_sent":false,"profile_use_background_image":false,"profile_text_color":"171717","default_profile_image":false,"id":16249747,"profile_background_image_url_https":"https://abs.twimg.com/images/themes/theme2/bg.gif","verified":false,"profile_location":null,"profile_image_url_https":"https://pbs.twimg.com/profile_images/485913183693975554/JOZugtLQ_normal.png","profile_sidebar_fill_color":"D7D7C5","entities":{"url":{"urls":[{"url":"http://t.co/xCXOWyGIfq","indices":[0,22],"expanded_url":"http://TVMiller.com","display_url":"TVMiller.com"}]},"description":{"urls":[]}},"followers_count":214,"profile_sidebar_border_color":"FFFFFF","id_str":"16249747","profile_background_color":"ACAB88","listed_count":9,"is_translation_enabled":false,"utc_offset":0,"statuses_count":33913,"description":"Malevolent Retard","friends_count":29,"location":"XLVII Empire","profile_link_color":"436C43","profile_image_url":"http://pbs.twimg.com/profile_images/485913183693975554/JOZugtLQ_normal.png","following":false,"geo_enabled":false,"profile_banner_url":"https://pbs.twimg.com/profile_banners/16249747/1408043742","profile_background_image_url":"http://abs.twimg.com/images/themes/theme2/bg.gif","name":"TV Miller","lang":"en","profile_background_tile":false,"favourites_count":1286,"screen_name":"TVMiller","notifications":false,"url":"http://t.co/xCXOWyGIfq","created_at":"Thu Sep 11 23:40:58 +0000 2008","contributors_enabled":false,"time_zone":"London","protected":false,"default_profile":false,"is_translator":false},"geo":null,"in_reply_to_user_id_str":"5402612","lang":"en","created_at":"Mon Dec 15 01:59:26 +0000 2014","in_reply_to_status_id_str":"544310222547087361","place":null},
{"contributors":null,"truncated":false,"text":"@BBCBreaking I'm no counter terrorism specialist, but I THINK it might have something to do with a certain group of Muslim gentlemen.","in_reply_to_status_id":544310222547087361,"id":544310829471248385,"favorite_count":2,"source":"<a href=\"http://twitter.com/download/iphone\" rel=\"nofollow\">Twitter for iPhone</a>","retweeted":false,"coordinates":null,"entities":{"symbols":[],"user_mentions":[{"id":5402612,"indices":[0,12],"id_str":"5402612","screen_name":"BBCBreaking","name":"BBC Breaking News"}],"hashtags":[],"urls":[]},"in_reply_to_screen_name":"BBCBreaking","id_str":"544310829471248385","retweet_count":2,"in_reply_to_user_id":5402612,"favorited":false,"user":{"follow_request_sent":false,"profile_use_background_image":true,"profile_text_color":"333333","default_profile_image":false,"id":253755891,"profile_background_image_url_https":"https://pbs.twimg.com/profile_background_images/539900274135932929/IWennAGP.jpeg","verified":false,"profile_location":null,"profile_image_url_https":"https://pbs.twimg.com/profile_images/513041177457614850/BDKPnMZI_normal.png","profile_sidebar_fill_color":"DDEEF6","entities":{"description":{"urls":[]}},"followers_count":238,"profile_sidebar_border_color":"C0DEED","id_str":"253755891","profile_background_color":"858585","listed_count":1,"is_translation_enabled":false,"utc_offset":3600,"statuses_count":13583,"description":"am the one on the left and also yer da","friends_count":422,"location":"Ayr, Scotland","profile_link_color":"0084B4","profile_image_url":"http://pbs.twimg.com/profile_images/513041177457614850/BDKPnMZI_normal.png","following":false,"geo_enabled":true,"profile_banner_url":"https://pbs.twimg.com/profile_banners/253755891/1411083975","profile_background_image_url":"http://pbs.twimg.com/profile_background_images/539900274135932929/IWennAGP.jpeg","name":"Keiran","lang":"en","profile_background_tile":true,"favourites_count":1055,"screen_name":"PeanutKD","notifications":false,"url":null,"created_at":"Thu Feb 17 22:22:29 +0000 2011","contributors_enabled":false,"time_zone":"Amsterdam","protected":false,"default_profile":false,"is_translator":false},"geo":null,"in_reply_to_user_id_str":"5402612","lang":"en","created_at":"Mon Dec 15 01:59:49 +0000 2014","in_reply_to_status_id_str":"544310222547087361","place":null},
{"contributors":null,"truncated":false,"text":"@BBCBreaking \"nothing to see here\"","in_reply_to_status_id":544310222547087361,"id":544310871678517248,"favorite_count":0,"source":"<a href=\"http://twitter.com/download/iphone\" rel=\"nofollow\">Twitter for iPhone</a>","retweeted":false,"coordinates":null,"entities":{"symbols":[],"user_mentions":[{"id":5402612,"indices":[0,12],"id_str":"5402612","screen_name":"BBCBreaking","name":"BBC Breaking News"}],"hashtags":[],"urls":[]},"in_reply_to_screen_name":"BBCBreaking","id_str":"544310871678517248","retweet_count":0,"in_reply_to_user_id":5402612,"favorited":false,"user":{"follow_request_sent":false,"profile_use_background_image":true,"profile_text_color":"333333","default_profile_image":false,"id":1511964535,"profile_background_image_url_https":"https://abs.twimg.com/images/themes/theme1/bg.png","verified":false,"profile_location":null,"profile_image_url_https":"https://pbs.twimg.com/profile_images/471758805249052672/TCz9wXQs_normal.jpeg","profile_sidebar_fill_color":"DDEEF6","entities":{"description":{"urls":[]}},"followers_count":518,"profile_sidebar_border_color":"C0DEED","id_str":"1511964535","profile_background_color":"C0DEED","listed_count":9,"is_translation_enabled":false,"utc_offset":null,"statuses_count":2601,"description":"Halal Chicken Shops, Halal Butchers, Halal Food Stores, Sharia Law Courts, Islamic Teaching Schools, Muslims Patrol Zones, Muslim Terrorist Attacks, Welcome To","friends_count":940,"location":"LONDONISTAN","profile_link_color":"0084B4","profile_image_url":"http://pbs.twimg.com/profile_images/471758805249052672/TCz9wXQs_normal.jpeg","following":false,"geo_enabled":false,"profile_banner_url":"https://pbs.twimg.com/profile_banners/1511964535/1371083691","profile_background_image_url":"http://abs.twimg.com/images/themes/theme1/bg.png","name":"ChangingFaceofLondon","lang":"en","profile_background_tile":false,"favourites_count":10060,"screen_name":"tonight_london","notifications":false,"url":null,"created_at":"Wed Jun 12 23:54:53 +0000 2013","contributors_enabled":false,"time_zone":null,"protected":false,"default_profile":true,"is_translator":false},"geo":null,"in_reply_to_user_id_str":"5402612","lang":"en","created_at":"Mon Dec 15 01:59:59 +0000 2014","in_reply_to_status_id_str":"544310222547087361","place":null},
{"contributors":null,"truncated":false,"text":"@BBCBreaking hope lindt cafe will have cameras inside the shop,why cant police use them to view remotely","in_reply_to_status_id":544310222547087361,"id":544310913965121538,"favorite_count":0,"source":"<a href=\"http://twitter.com\" rel=\"nofollow\">Twitter Web Client</a>","retweeted":false,"coordinates":null,"entities":{"symbols":[],"user_mentions":[{"id":5402612,"indices":[0,12],"id_str":"5402612","screen_name":"BBCBreaking","name":"BBC Breaking News"}],"hashtags":[],"urls":[]},"in_reply_to_screen_name":"BBCBreaking","id_str":"544310913965121538","retweet_count":0,"in_reply_to_user_id":5402612,"favorited":false,"user":{"follow_request_sent":false,"profile_use_background_image":true,"profile_text_color":"333333","default_profile_image":true,"id":200424039,"profile_background_image_url_https":"https://abs.twimg.com/images/themes/theme1/bg.png","verified":false,"profile_location":null,"profile_image_url_https":"https://abs.twimg.com/sticky/default_profile_images/default_profile_4_normal.png","profile_sidebar_fill_color":"DDEEF6","entities":{"description":{"urls":[]}},"followers_count":2,"profile_sidebar_border_color":"C0DEED","id_str":"200424039","profile_background_color":"C0DEED","listed_count":0,"is_translation_enabled":false,"utc_offset":null,"statuses_count":4,"description":"","friends_count":16,"location":"Brisbane","profile_link_color":"0084B4","profile_image_url":"http://abs.twimg.com/sticky/default_profile_images/default_profile_4_normal.png","following":false,"geo_enabled":true,"profile_background_image_url":"http://abs.twimg.com/images/themes/theme1/bg.png","name":"Sam ","lang":"en","profile_background_tile":false,"favourites_count":1,"screen_name":"tavidisetty","notifications":false,"url":null,"created_at":"Sat Oct 09 07:47:41 +0000 2010","contributors_enabled":false,"time_zone":null,"protected":false,"default_profile":true,"is_translator":false},"geo":null,"in_reply_to_user_id_str":"5402612","lang":"en","created_at":"Mon Dec 15 02:00:09 +0000 2014","in_reply_to_status_id_str":"544310222547087361","place":null},
{"contributors":null,"truncated":false,"text":"@BBCBreaking Yeah that HUGE black Islamic flag is SUPER CONFLICTING on the motivations!!!!!","in_reply_to_status_id":544310222547087361,"id":544310941119422464,"favorite_count":2,"source":"<a href=\"http://twitter.com/download/android\" rel=\"nofollow\">Twitter for Android</a>","retweeted":false,"coordinates":null,"entities":{"symbols":[],"user_mentions":[{"id":5402612,"indices":[0,12],"id_str":"5402612","screen_name":"BBCBreaking","name":"BBC Breaking News"}],"hashtags":[],"urls":[]},"in_reply_to_screen_name":"BBCBreaking","id_str":"544310941119422464","retweet_count":0,"in_reply_to_user_id":5402612,"favorited":false,"user":{"follow_request_sent":false,"profile_use_background_image":true,"profile_text_color":"333333","default_profile_image":false,"id":1358502698,"profile_background_image_url_https":"https://abs.twimg.com/images/themes/theme14/bg.gif","verified":false,"profile_location":null,"profile_image_url_https":"https://pbs.twimg.com/profile_images/572922087293112320/-G5vZ7OH_normal.jpeg","profile_sidebar_fill_color":"DDEEF6","entities":{"description":{"urls":[]}},"followers_count":273,"profile_sidebar_border_color":"FFFFFF","id_str":"1358502698","profile_background_color":"FA0889","listed_count":0,"is_translation_enabled":false,"utc_offset":-28800,"statuses_count":2944,"description":"Proud sassy, synicaI, witty, and sarcastic INFIDEL! I am allergic to stupidity, so I break out in sarcasm! I like to make people laugh often times with sarcasm!","friends_count":410,"location":"Limbo","profile_link_color":"FA0891","profile_image_url":"http://pbs.twimg.com/profile_images/572922087293112320/-G5vZ7OH_normal.jpeg","following":false,"geo_enabled":false,"profile_banner_url":"https://pbs.twimg.com/profile_banners/1358502698/1385931472","profile_background_image_url":"http://abs.twimg.com/images/themes/theme14/bg.gif","name":"Heavens_Sarcasm","lang":"en","profile_background_tile":true,"favourites_count":2807,"screen_name":"heavens_sarcasm","notifications":false,"url":null,"created_at":"Wed Apr 17 03:54:07 +0000 2013","contributors_enabled":false,"time_zone":"Pacific Time (US & Canada)","protected":false,"default_profile":false,"is_translator":false},"geo":null,"in_reply_to_user_id_str":"5402612","lang":"en","created_at":"Mon Dec 15 02:00:15 +0000 2014","in_reply_to_status_id_str":"544310222547087361","place":null},
{"contributors":null,"truncated":false,"text":"@BBCBreaking It's called Islam","in_reply_to_status_id":544310222547087361,"id":544310959708176384,"favorite_count":1,"source":"<a href=\"http://twitter.com\" rel=\"nofollow\">Twitter Web Client</a>","retweeted":false,"coordinates":null,"entities":{"symbols":[],"user_mentions":[{"id":5402612,"indices":[0,12],"id_str":"5402612","screen_name":"BBCBreaking","name":"BBC Breaking News"}],"hashtags":[],"urls":[]},"in_reply_to_screen_name":"BBCBreaking","id_str":"544310959708176384","retweet_count":0,"in_reply_to_user_id":5402612,"favorited":false,"user":{"follow_request_sent":false,"profile_use_background_image":true,"profile_text_color":"333333","default_profile_image":false,"id":197351686,"profile_background_image_url_https":"https://pbs.twimg.com/profile_background_images/443995172410388481/fdXlTSrW.jpeg","verified":false,"profile_location":null,"profile_image_url_https":"https://pbs.twimg.com/profile_images/589924688169566208/CjfXpS8k_normal.jpg","profile_sidebar_fill_color":"DDEEF6","entities":{"description":{"urls":[]}},"followers_count":237,"profile_sidebar_border_color":"FFFFFF","id_str":"197351686","profile_background_color":"131516","listed_count":0,"is_translation_enabled":false,"utc_offset":-28800,"statuses_count":1242,"description":"Fan of MMA, Boxing, Hockey and Hip Hop.","friends_count":551,"location":"Burnaby, BC. Canada","profile_link_color":"009999","profile_image_url":"http://pbs.twimg.com/profile_images/589924688169566208/CjfXpS8k_normal.jpg","following":false,"geo_enabled":false,"profile_banner_url":"https://pbs.twimg.com/profile_banners/197351686/1413110790","profile_background_image_url":"http://pbs.twimg.com/profile_background_images/443995172410388481/fdXlTSrW.jpeg","name":"Cozmic K.","lang":"en","profile_background_tile":true,"favourites_count":259,"screen_name":"cozmickevin","notifications":false,"url":null,"created_at":"Fri Oct 01 08:06:04 +0000 2010","contributors_enabled":false,"time_zone":"Pacific Time (US & Canada)","protected":false,"default_profile":false,"is_translator":false},"geo":null,"in_reply_to_user_id_str":"5402612","lang":"en","created_at":"Mon Dec 15 02:00:20 +0000 2014","in_reply_to_status_id_str":"544310222547087361","place":null},
{"contributors":null,"truncated":false,"text":"@BBCBreaking oh fuck off i think its obvious its a fuckin fear tactic, the whole submit or die bit.","in_reply_to_status_id":544310222547087361,"id":544310978280960001,"favorite_count":1,"source":"<a href=\"http://twitter.com/download/android\" rel=\"nofollow\">Twitter for Android</a>","retweeted":false,"coordinates":null,"entities":{"symbols":[],"user_mentions":[{"id":5402612,"indices":[0,12],"id_str":"5402612","screen_name":"BBCBreaking","name":"BBC Breaking News"}],"hashtags":[],"urls":[]},"in_reply_to_screen_name":"BBCBreaking","id_str":"544310978280960001","retweet_count":0,"in_reply_to_user_id":5402612,"favorited":false,"user":{"follow_request_sent":false,"profile_use_background_image":false,"profile_text_color":"000000","default_profile_image":false,"id":2902374881,"profile_background_image_url_https":"https://abs.twimg.com/images/themes/theme1/bg.png","verified":false,"profile_location":null,"profile_image_url_https":"https://pbs.twimg.com/profile_images/539789767257239552/Qi5nEfFR_normal.jpeg","profile_sidebar_fill_color":"000000","entities":{"description":{"urls":[]}},"followers_count":12,"profile_sidebar_border_color":"000000","id_str":"2902374881","profile_background_color":"000000","listed_count":0,"is_translation_enabled":false,"utc_offset":null,"statuses_count":632,"description":"","friends_count":25,"location":"","profile_link_color":"ABB8C2","profile_image_url":"http://pbs.twimg.com/profile_images/539789767257239552/Qi5nEfFR_normal.jpeg","following":false,"geo_enabled":false,"profile_banner_url":"https://pbs.twimg.com/profile_banners/2902374881/1418810887","profile_background_image_url":"http://abs.twimg.com/images/themes/theme1/bg.png","name":"james hayes","lang":"en","profile_background_tile":false,"favourites_count":16,"screen_name":"HayesJh971929","notifications":false,"url":null,"created_at":"Tue Dec 02 14:32:51 +0000 2014","contributors_enabled":false,"time_zone":null,"protected":false,"default_profile":false,"is_translator":false},"geo":null,"in_reply_to_user_id_str":"5402612","lang":"en","created_at":"Mon Dec 15 02:00:24 +0000 2014","in_reply_to_status_id_str":"544310222547087361","place":null},
{"contributors":null,"truncated":false,"text":"whoever could it be RT @BBCBreaking We don't know motivation of #sydneysiege perpetrators yet\" - Australian leader Tony Abbott","in_reply_to_status_id":544310222547087361,"id":544311060673871873,"favorite_count":0,"source":"<a href=\"http://twitter.com\" rel=\"nofollow\">Twitter Web Client</a>","retweeted":false,"coordinates":null,"entities":{"symbols":[],"user_mentions":[{"id":5402612,"indices":[23,35],"id_str":"5402612","screen_name":"BBCBreaking","name":"BBC Breaking News"}],"hashtags":[{"indices":[64,76],"text":"sydneysiege"}],"urls":[]},"in_reply_to_screen_name":"BBCBreaking","id_str":"544311060673871873","retweet_count":0,"in_reply_to_user_id":5402612,"favorited":false,"user":{"follow_request_sent":false,"profile_use_background_image":true,"profile_text_color":"333333","default_profile_image":false,"id":1072677926,"profile_background_image_url_https":"https://pbs.twimg.com/profile_background_images/433388065764028416/d-BUG7t6.jpeg","verified":false,"profile_location":null,"profile_image_url_https":"https://pbs.twimg.com/profile_images/585907230723149824/1KYvL4rr_normal.jpg","profile_sidebar_fill_color":"DDEEF6","entities":{"description":{"urls":[]}},"followers_count":188,"profile_sidebar_border_color":"000000","id_str":"1072677926","profile_background_color":"C0DEED","listed_count":0,"is_translation_enabled":false,"utc_offset":-18000,"statuses_count":14241,"description":"I'm not interested in self-analysis | Stallion","friends_count":225,"location":"UK --- US --- UK","profile_link_color":"027806","profile_image_url":"http://pbs.twimg.com/profile_images/585907230723149824/1KYvL4rr_normal.jpg","following":false,"geo_enabled":true,"profile_banner_url":"https://pbs.twimg.com/profile_banners/1072677926/1417482474","profile_background_image_url":"http://pbs.twimg.com/profile_background_images/433388065764028416/d-BUG7t6.jpeg","name":"Ciaran","lang":"en","profile_background_tile":true,"favourites_count":4804,"screen_name":"ciaran_3000","notifications":false,"url":null,"created_at":"Wed Jan 09 03:06:19 +0000 2013","contributors_enabled":false,"time_zone":"Eastern Time (US & Canada)","protected":false,"default_profile":false,"is_translator":false},"geo":null,"in_reply_to_user_id_str":"5402612","lang":"en","created_at":"Mon Dec 15 02:00:44 +0000 2014","in_reply_to_status_id_str":"544310222547087361","place":null},
{"contributors":null,"truncated":false,"text":"@BBCBreaking 澳大利亚劫持人质事件，在Lindt巧克力店。人质被迫举起阿拉伯文的横幅。 http://t.co/3ElJNxS4lE","in_reply_to_status_id":544310222547087361,"id":544311397044482049,"favorite_count":0,"source":"<a href=\"http://twitter.com\" rel=\"nofollow\">Twitter Web Client</a>","retweeted":false,"coordinates":null,"entities":{"symbols":[],"user_mentions":[{"id":5402612,"indices":[0,12],"id_str":"5402612","screen_name":"BBCBreaking","name":"BBC Breaking News"}],"hashtags":[],"urls":[],"media":[{"expanded_url":"http://twitter.com/zixian/status/544311397044482049/photo/1","display_url":"pic.twitter.com/3ElJNxS4lE","url":"http://t.co/3ElJNxS4lE","media_url_https":"https://pbs.twimg.com/media/B43IVILCEAAl62r.jpg","id_str":"544311395278262272","sizes":{"small":{"h":226,"resize":"fit","w":340},"large":{"h":250,"resize":"fit","w":375},"medium":{"h":250,"resize":"fit","w":375},"thumb":{"h":150,"resize":"crop","w":150}},"indices":[50,72],"type":"photo","id":544311395278262272,"media_url":"http://pbs.twimg.com/media/B43IVILCEAAl62r.jpg"}]},"in_reply_to_screen_name":"BBCBreaking","id_str":"544311397044482049","retweet_count":0,"in_reply_to_user_id":5402612,"favorited":false,"user":{"follow_request_sent":false,"profile_use_background_image":false,"profile_text_color":"000000","default_profile_image":false,"id":21551156,"profile_background_image_url_https":"https://abs.twimg.com/images/themes/theme1/bg.png","verified":false,"profile_location":null,"profile_image_url_https":"https://pbs.twimg.com/profile_images/528945051745779712/usgUUhUw_normal.jpeg","profile_sidebar_fill_color":"000000","entities":{"description":{"urls":[]}},"followers_count":1692,"profile_sidebar_border_color":"000000","id_str":"21551156","profile_background_color":"000000","listed_count":10,"is_translation_enabled":false,"utc_offset":-14400,"statuses_count":1079,"description":"科学方法的学生","friends_count":686,"location":"费城 普林斯顿 纽约市","profile_link_color":"3B94D9","profile_image_url":"http://pbs.twimg.com/profile_images/528945051745779712/usgUUhUw_normal.jpeg","following":false,"geo_enabled":false,"profile_banner_url":"https://pbs.twimg.com/profile_banners/21551156/1414127200","profile_background_image_url":"http://abs.twimg.com/images/themes/theme1/bg.png","name":"自闲","lang":"en","profile_background_tile":false,"favourites_count":20,"screen_name":"zixian","notifications":false,"url":null,"created_at":"Sun Feb 22 06:47:20 +0000 2009","contributors_enabled":false,"time_zone":"Atlantic Time (Canada)","protected":false,"default_profile":false,"is_translator":false},"geo":null,"in_reply_to_user_id_str":"5402612","possibly_sensitive":false,"lang":"zh","created_at":"Mon Dec 15 02:02:04 +0000 2014","in_reply_to_status_id_str":"544310222547087361","place":null,"extended_entities":{"media":[{"expanded_url":"http://twitter.com/zixian/status/544311397044482049/photo/1","display_url":"pic.twitter.com/3ElJNxS4lE","url":"http://t.co/3ElJNxS4lE","media_url_https":"https://pbs.twimg.com/media/B43IVILCEAAl62r.jpg","id_str":"544311395278262272","sizes":{"small":{"h":226,"resize":"fit","w":340},"large":{"h":250,"resize":"fit","w":375},"medium":{"h":250,"resize":"fit","w":375},"thumb":{"h":150,"resize":"crop","w":150}},"indices":[50,72],"type":"photo","id":544311395278262272,"media_url":"http://pbs.twimg.com/media/B43IVILCEAAl62r.jpg"}]}},
{"contributors":null,"truncated":false,"text":"@BBCBreaking hmm, let's see, there's the flag of jihad &amp; jihad is the only way to guarantee entry to paradise...motivation is paradise.","in_reply_to_status_id":544310222547087361,"id":544311483128373248,"favorite_count":0,"source":"<a href=\"http://twitter.com\" rel=\"nofollow\">Twitter Web Client</a>","retweeted":false,"coordinates":null,"entities":{"symbols":[],"user_mentions":[{"id":5402612,"indices":[0,12],"id_str":"5402612","screen_name":"BBCBreaking","name":"BBC Breaking News"}],"hashtags":[],"urls":[]},"in_reply_to_screen_name":"BBCBreaking","id_str":"544311483128373248","retweet_count":2,"in_reply_to_user_id":5402612,"favorited":false,"user":{"follow_request_sent":false,"profile_use_background_image":true,"profile_text_color":"333333","default_profile_image":false,"id":2414809730,"profile_background_image_url_https":"https://abs.twimg.com/images/themes/theme1/bg.png","verified":false,"profile_location":null,"profile_image_url_https":"https://pbs.twimg.com/profile_images/449281538232840192/soLNrpKA_normal.jpeg","profile_sidebar_fill_color":"DDEEF6","entities":{"description":{"urls":[]}},"followers_count":2381,"profile_sidebar_border_color":"C0DEED","id_str":"2414809730","profile_background_color":"C0DEED","listed_count":30,"is_translation_enabled":false,"utc_offset":null,"statuses_count":48682,"description":"","friends_count":2506,"location":"","profile_link_color":"0084B4","profile_image_url":"http://pbs.twimg.com/profile_images/449281538232840192/soLNrpKA_normal.jpeg","following":false,"geo_enabled":false,"profile_background_image_url":"http://abs.twimg.com/images/themes/theme1/bg.png","name":"Fifi Borgia","lang":"en","profile_background_tile":false,"favourites_count":6423,"screen_name":"Fifi_Bergere","notifications":false,"url":null,"created_at":"Thu Mar 27 19:32:28 +0000 2014","contributors_enabled":false,"time_zone":null,"protected":false,"default_profile":true,"is_translator":false},"geo":null,"in_reply_to_user_id_str":"5402612","lang":"en","created_at":"Mon Dec 15 02:02:25 +0000 2014","in_reply_to_status_id_str":"544310222547087361","place":null},
{"contributors":null,"truncated":false,"text":"@BBCBreaking @BBCWorld Why???","in_reply_to_status_id":544310222547087361,"id":544311635561938944,"favorite_count":0,"source":"<a href=\"http://twitter.com/download/iphone\" rel=\"nofollow\">Twitter for iPhone</a>","retweeted":false,"coordinates":{"type":"Point","coordinates":[-75.15327792,39.94166403]},"entities":{"symbols":[],"user_mentions":[{"id":5402612,"indices":[0,12],"id_str":"5402612","screen_name":"BBCBreaking","name":"BBC Breaking News"},{"id":742143,"indices":[13,22],"id_str":"742143","screen_name":"BBCWorld","name":"BBC News (World)"}],"hashtags":[],"urls":[]},"in_reply_to_screen_name":"BBCBreaking","id_str":"544311635561938944","retweet_count":0,"in_reply_to_user_id":5402612,"favorited":false,"user":{"follow_request_sent":false,"profile_use_background_image":true,"profile_text_color":"333333","default_profile_image":false,"id":1621548380,"profile_background_image_url_https":"https://abs.twimg.com/images/themes/theme1/bg.png","verified":false,"profile_location":null,"profile_image_url_https":"https://pbs.twimg.com/profile_images/450283815584268288/2gEbExCt_normal.jpeg","profile_sidebar_fill_color":"DDEEF6","entities":{"description":{"urls":[]}},"followers_count":90,"profile_sidebar_border_color":"C0DEED","id_str":"1621548380","profile_background_color":"C0DEED","listed_count":1,"is_translation_enabled":false,"utc_offset":null,"statuses_count":558,"description":"Pharma Guy, FGG Board member, GLTA Philadelphia Open Tournament Director","friends_count":750,"location":"Philadelphia","profile_link_color":"0084B4","profile_image_url":"http://pbs.twimg.com/profile_images/450283815584268288/2gEbExCt_normal.jpeg","following":false,"geo_enabled":true,"profile_banner_url":"https://pbs.twimg.com/profile_banners/1621548380/1417565853","profile_background_image_url":"http://abs.twimg.com/images/themes/theme1/bg.png","name":"Dave Killian","lang":"en","profile_background_tile":false,"favourites_count":198,"screen_name":"killy0909","notifications":false,"url":null,"created_at":"Thu Jul 25 23:41:52 +0000 2013","contributors_enabled":false,"time_zone":null,"protected":false,"default_profile":true,"is_translator":false},"geo":{"type":"Point","coordinates":[39.94166403,-75.15327792]},"in_reply_to_user_id_str":"5402612","lang":"und","created_at":"Mon Dec 15 02:03:01 +0000 2014","in_reply_to_status_id_str":"544310222547087361","place":{"full_name":"Philadelphia, PA","url":"https://api.twitter.com/1.1/geo/id/e4a0d228eb6be76b.json","country":"United States","place_type":"city","bounding_box":{"type":"Polygon","coordinates":[[[-75.280284,39.871811],[-74.955712,39.871811],[-74.955712,40.13792],[-75.280284,40.13792]]]},"contained_within":[],"country_code":"US","attributes":{},"id":"e4a0d228eb6be76b","name":"Philadelphia"}},
{"contributors":null,"truncated":false,"text":"@ciaran_3000 @BBCBreaking maybe the Islamic flag flying in the window offers a hint","in_reply_to_status_id":544311060673871873,"id":544311679455363072,"favorite_count":3,"source":"<a href=\"http://twitter.com/download/android\" rel=\"nofollow\">Twitter for Android</a>","retweeted":false,"coordinates":null,"entities":{"symbols":[],"user_mentions":[{"id":1072677926,"indices":[0,12],"id_str":"1072677926","screen_name":"ciaran_3000","name":"Ciaran"},{"id":5402612,"indices":[13,25],"id_str":"5402612","screen_name":"BBCBreaking","name":"BBC Breaking News"}],"hashtags":[],"urls":[]},"in_reply_to_screen_name":"ciaran_3000","id_str":"544311679455363072","retweet_count":0,"in_reply_to_user_id":1072677926,"favorited":false,"user":{"follow_request_sent":false,"profile_use_background_image":true,"profile_text_color":"F5E9F5","default_profile_image":false,"id":302830929,"profile_background_image_url_https":"https://pbs.twimg.com/profile_background_images/378800000119964294/c63e29552da626f65f1fa526ad1473e3.jpeg","verified":false,"profile_location":null,"profile_image_url_https":"https://pbs.twimg.com/profile_images/555773101548785664/C-kWNjgP_normal.jpeg","profile_sidebar_fill_color":"0A0A09","entities":{"description":{"urls":[]}},"followers_count":1826,"profile_sidebar_border_color":"FFFFFF","id_str":"302830929","profile_background_color":"EDECE9","listed_count":12,"is_translation_enabled":false,"utc_offset":-18000,"statuses_count":42007,"description":"336","friends_count":578,"location":"","profile_link_color":"092180","profile_image_url":"http://pbs.twimg.com/profile_images/555773101548785664/C-kWNjgP_normal.jpeg","following":false,"geo_enabled":false,"profile_background_image_url":"http://pbs.twimg.com/profile_background_images/378800000119964294/c63e29552da626f65f1fa526ad1473e3.jpeg","name":"Michael Hrabosky","lang":"en","profile_background_tile":true,"favourites_count":16556,"screen_name":"hrabosky_","notifications":false,"url":null,"created_at":"Sat May 21 20:47:13 +0000 2011","contributors_enabled":false,"time_zone":"Eastern Time (US & Canada)","protected":false,"default_profile":false,"is_translator":false},"geo":null,"in_reply_to_user_id_str":"1072677926","lang":"en","created_at":"Mon Dec 15 02:03:11 +0000 2014","in_reply_to_status_id_str":"544311060673871873","place":null},
{"contributors":null,"truncated":false,"text":"@PeanutKD @BBCBreaking 5SOS","in_reply_to_status_id":544310829471248385,"id":544311838536921088,"favorite_count":0,"source":"<a href=\"http://twitter.com/download/iphone\" rel=\"nofollow\">Twitter for iPhone</a>","retweeted":false,"coordinates":null,"entities":{"symbols":[],"user_mentions":[{"id":253755891,"indices":[0,9],"id_str":"253755891","screen_name":"PeanutKD","name":"Keiran"},{"id":5402612,"indices":[10,22],"id_str":"5402612","screen_name":"BBCBreaking","name":"BBC Breaking News"}],"hashtags":[],"urls":[]},"in_reply_to_screen_name":"PeanutKD","id_str":"544311838536921088","retweet_count":0,"in_reply_to_user_id":253755891,"favorited":false,"user":{"follow_request_sent":false,"profile_use_background_image":true,"profile_text_color":"000000","default_profile_image":false,"id":197827014,"profile_background_image_url_https":"https://pbs.twimg.com/profile_background_images/437551261999562752/oASWgHjb.jpeg","verified":false,"profile_location":null,"profile_image_url_https":"https://pbs.twimg.com/profile_images/587573172410699776/siTcVyzE_normal.jpg","profile_sidebar_fill_color":"E1ECEF","entities":{"url":{"urls":[{"url":"http://t.co/eklDk6boqx","indices":[0,22],"expanded_url":"http://blinkclyro.tumblr.com/","display_url":"blinkclyro.tumblr.com"}]},"description":{"urls":[]}},"followers_count":2016,"profile_sidebar_border_color":"FFFFFF","id_str":"197827014","profile_background_color":"1A1B1F","listed_count":11,"is_translation_enabled":false,"utc_offset":3600,"statuses_count":46359,"description":"smiling wanker on the left/ biffy enthusiast / @justsentimental isnt too bad / music journalist","friends_count":2203,"location":"18, Maybole, Scotland","profile_link_color":"4A913C","profile_image_url":"http://pbs.twimg.com/profile_images/587573172410699776/siTcVyzE_normal.jpg","following":false,"geo_enabled":true,"profile_banner_url":"https://pbs.twimg.com/profile_banners/197827014/1417953231","profile_background_image_url":"http://pbs.twimg.com/profile_background_images/437551261999562752/oASWgHjb.jpeg","name":"kanye no","lang":"en","profile_background_tile":true,"favourites_count":8581,"screen_name":"blinkclyro","notifications":false,"url":"http://t.co/eklDk6boqx","created_at":"Sat Oct 02 15:34:12 +0000 2010","contributors_enabled":false,"time_zone":"Amsterdam","protected":false,"default_profile":false,"is_translator":false},"geo":null,"in_reply_to_user_id_str":"253755891","lang":"und","created_at":"Mon Dec 15 02:03:49 +0000 2014","in_reply_to_status_id_str":"544310829471248385","place":null},
{"contributors":null,"truncated":false,"text":"@blinkclyro He's cracked it. 5SOS or an ISIS sleeper cell? YOU be the judge","in_reply_to_status_id":544311838536921088,"id":544313165035872256,"favorite_count":0,"source":"<a href=\"http://twitter.com/download/iphone\" rel=\"nofollow\">Twitter for iPhone</a>","retweeted":false,"coordinates":null,"entities":{"symbols":[],"user_mentions":[{"id":197827014,"indices":[0,11],"id_str":"197827014","screen_name":"blinkclyro","name":"kanye no"}],"hashtags":[],"urls":[]},"in_reply_to_screen_name":"blinkclyro","id_str":"544313165035872256","retweet_count":0,"in_reply_to_user_id":197827014,"favorited":false,"user":{"follow_request_sent":false,"profile_use_background_image":true,"profile_text_color":"333333","default_profile_image":false,"id":253755891,"profile_background_image_url_https":"https://pbs.twimg.com/profile_background_images/539900274135932929/IWennAGP.jpeg","verified":false,"profile_location":null,"profile_image_url_https":"https://pbs.twimg.com/profile_images/513041177457614850/BDKPnMZI_normal.png","profile_sidebar_fill_color":"DDEEF6","entities":{"description":{"urls":[]}},"followers_count":239,"profile_sidebar_border_color":"C0DEED","id_str":"253755891","profile_background_color":"858585","listed_count":1,"is_translation_enabled":false,"utc_offset":3600,"statuses_count":13595,"description":"am the one on the left and also yer da","friends_count":422,"location":"Ayr, Scotland","profile_link_color":"0084B4","profile_image_url":"http://pbs.twimg.com/profile_images/513041177457614850/BDKPnMZI_normal.png","following":false,"geo_enabled":true,"profile_banner_url":"https://pbs.twimg.com/profile_banners/253755891/1411083975","profile_background_image_url":"http://pbs.twimg.com/profile_background_images/539900274135932929/IWennAGP.jpeg","name":"Keiran","lang":"en","profile_background_tile":true,"favourites_count":1055,"screen_name":"PeanutKD","notifications":false,"url":null,"created_at":"Thu Feb 17 22:22:29 +0000 2011","contributors_enabled":false,"time_zone":"Amsterdam","protected":false,"default_profile":false,"is_translator":false},"geo":null,"in_reply_to_user_id_str":"197827014","lang":"en","created_at":"Mon Dec 15 02:09:06 +0000 2014","in_reply_to_status_id_str":"544311838536921088","place":null}
]