[{"contributors":null,"truncated":false,"text":"@SkyWilliamsTho :(","in_reply_to_status_id":544340091615715329,"id":544340278069301248,"favorite_count":0,"source":"<a href=\"http://twitter.com/download/iphone\" rel=\"nofollow\">Twitter for iPhone</a>","retweeted":false,"coordinates":null,"entities":{"symbols":[],"user_mentions":[{"id":291859009,"indices":[0,15],"id_str":"291859009","screen_name":"SkyWilliamsTho","name":"Sky Williams"}],"hashtags":[],"urls":[]},"in_reply_to_screen_name":"SkyWilliamsTho","id_str":"544340278069301248","retweet_count":0,"in_reply_to_user_id":291859009,"favorited":false,"user":{"follow_request_sent":false,"profile_use_background_image":true,"profile_text_color":"333333","default_profile_image":false,"id":2229480392,"profile_background_image_url_https":"https://abs.twimg.com/images/themes/theme1/bg.png","verified":false,"profile_location":null,"profile_image_url_https":"https://pbs.twimg.com/profile_images/552805557615083522/4FEOeJyf_normal.jpeg","profile_sidebar_fill_color":"DDEEF6","entities":{"description":{"urls":[]}},"followers_count":830,"profile_sidebar_border_color":"C0DEED","id_str":"2229480392","profile_background_color":"C0DEED","listed_count":1,"is_translation_enabled":false,"utc_offset":-28800,"statuses_count":9338,"description":"unclassy , unruly","friends_count":80,"location":"los angeles","profile_link_color":"ABB8C2","profile_image_url":"http://pbs.twimg.com/profile_images/552805557615083522/4FEOeJyf_normal.jpeg","following":false,"geo_enabled":false,"profile_banner_url":"https://pbs.twimg.com/profile_banners/2229480392/1418726798","profile_background_image_url":"http://abs.twimg.com/images/themes/theme1/bg.png","name":"donna","lang":"en","profile_background_tile":false,"favourites_count":2514,"screen_name":"cumcth","notifications":false,"url":null,"created_at":"Wed Dec 04 07:39:15 +0000 2013","contributors_enabled":false,"time_zone":"Pacific Time (US & Canada)","protected":false,"default_profile":false,"is_translator":false},"geo":null,"in_reply_to_user_id_str":"291859009","lang":"und","created_at":"Mon Dec 15 03:56:50 +0000 2014","in_reply_to_status_id_str":"544340091615715329","place":null},
{"contributors":null,"truncated":false,"text":"@SkyWilliamsTho wtf is happening in this world like srsly","in_reply_to_status_id":544340091615715329,"id":544340311321759745,"favorite_count":0,"source":"<a href=\"http://twitter.com/#!/download/ipad\" rel=\"nofollow\">Twitter for iPad</a>","retweeted":false,"coordinates":null,"entities":{"symbols":[],"user_mentions":[{"id":291859009,"indices":[0,15],"id_str":"291859009","screen_name":"SkyWilliamsTho","name":"Sky Williams"}],"hashtags":[],"urls":[]},"in_reply_to_screen_name":"SkyWilliamsTho","id_str":"544340311321759745","retweet_count":0,"in_reply_to_user_id":291859009,"favorited":false,"user":{"follow_request_sent":false,"profile_use_background_image":false,"profile_text_color":"333333","default_profile_image":false,"id":2328565962,"profile_background_image_url_https":"https://pbs.twimg.com/profile_background_images/491180091376795648/W25l9W7t.png","verified":false,"profile_location":null,"profile_image_url_https":"https://pbs.twimg.com/profile_images/582753800382849026/Nug110bQ_normal.jpg","profile_sidebar_fill_color":"DDEEF6","entities":{"url":{"urls":[{"url":"http://t.co/OVPugU4DAl","indices":[0,22],"expanded_url":"http://Instagram.com/p/udpLQWvagD/","display_url":"Instagram.com/p/udpLQWvagD/"}]},"description":{"urls":[]}},"followers_count":500,"profile_sidebar_border_color":"000000","id_str":"2328565962","profile_background_color":"FFFFFF","listed_count":1,"is_translation_enabled":false,"utc_offset":28800,"statuses_count":11255,"description":"✨no tongue with butt -mgc✨","friends_count":243,"location":"","profile_link_color":"000000","profile_image_url":"http://pbs.twimg.com/profile_images/582753800382849026/Nug110bQ_normal.jpg","following":false,"geo_enabled":false,"profile_banner_url":"https://pbs.twimg.com/profile_banners/2328565962/1417619125","profile_background_image_url":"http://pbs.twimg.com/profile_background_images/491180091376795648/W25l9W7t.png","name":"✨luke's butt✨","lang":"en","profile_background_tile":false,"favourites_count":2778,"screen_name":"Pam5S0S","notifications":false,"url":"http://t.co/OVPugU4DAl","created_at":"Wed Feb 05 10:28:57 +0000 2014","contributors_enabled":false,"time_zone":"Beijing","protected":false,"default_profile":false,"is_translator":false},"geo":null,"in_reply_to_user_id_str":"291859009","lang":"en","created_at":"Mon Dec 15 03:56:58 +0000 2014","in_reply_to_status_id_str":"544340091615715329","place":null},
{"contributors":null,"truncated":false,"text":"@SkyWilliamsTho   Diversity, isn't it great?   Australia does not need these people at all !!","in_reply_to_status_id":544340091615715329,"id":544340561235542016,"favorite_count":0,"source":"<a href=\"http://twitter.com\" rel=\"nofollow\">Twitter Web Client</a>","retweeted":false,"coordinates":null,"entities":{"symbols":[],"user_mentions":[{"id":291859009,"indices":[0,15],"id_str":"291859009","screen_name":"SkyWilliamsTho","name":"Sky Williams"}],"hashtags":[],"urls":[]},"in_reply_to_screen_name":"SkyWilliamsTho","id_str":"544340561235542016","retweet_count":2,"in_reply_to_user_id":291859009,"favorited":false,"user":{"follow_request_sent":false,"profile_use_background_image":true,"profile_text_color":"333333","default_profile_image":false,"id":2820702651,"profile_background_image_url_https":"https://abs.twimg.com/images/themes/theme1/bg.png","verified":false,"profile_location":null,"profile_image_url_https":"https://pbs.twimg.com/profile_images/521115121167261696/QKr-d-cY_normal.jpeg","profile_sidebar_fill_color":"DDEEF6","entities":{"url":{"urls":[{"url":"http://t.co/6TYlHoZMfo","indices":[0,22],"expanded_url":"http://en.metapedia.org/wiki/Cultural_Marxism","display_url":"en.metapedia.org/wiki/Cultural_…"}]},"description":{"urls":[]}},"followers_count":109,"profile_sidebar_border_color":"C0DEED","id_str":"2820702651","profile_background_color":"C0DEED","listed_count":0,"is_translation_enabled":false,"utc_offset":null,"statuses_count":342,"description":"Love your race. 14 Words","friends_count":63,"location":"","profile_link_color":"0084B4","profile_image_url":"http://pbs.twimg.com/profile_images/521115121167261696/QKr-d-cY_normal.jpeg","following":false,"geo_enabled":false,"profile_banner_url":"https://pbs.twimg.com/profile_banners/2820702651/1414196237","profile_background_image_url":"http://abs.twimg.com/images/themes/theme1/bg.png","name":"Aoibheann","lang":"en","profile_background_tile":false,"favourites_count":241,"screen_name":"ruiner6","notifications":false,"url":"http://t.co/6TYlHoZMfo","created_at":"Thu Oct 09 22:28:47 +0000 2014","contributors_enabled":false,"time_zone":null,"protected":false,"default_profile":true,"is_translator":false},"geo":null,"in_reply_to_user_id_str":"291859009","lang":"en","created_at":"Mon Dec 15 03:57:57 +0000 2014","in_reply_to_status_id_str":"544340091615715329","place":null},
{"contributors":null,"truncated":false,"text":"@SkyWilliamsTho #PrayForSydney","in_reply_to_status_id":544340091615715329,"id":544340662892892160,"favorite_count":0,"source":"<a href=\"http://twitter.com/download/android\" rel=\"nofollow\">Twitter for Android</a>","retweeted":false,"coordinates":null,"entities":{"symbols":[],"user_mentions":[{"id":291859009,"indices":[0,15],"id_str":"291859009","screen_name":"SkyWilliamsTho","name":"Sky Williams"}],"hashtags":[{"indices":[16,30],"text":"PrayForSydney"}],"urls":[]},"in_reply_to_screen_name":"SkyWilliamsTho","id_str":"544340662892892160","retweet_count":0,"in_reply_to_user_id":291859009,"favorited":false,"user":{"follow_request_sent":false,"profile_use_background_image":true,"profile_text_color":"333333","default_profile_image":false,"id":2147986608,"profile_background_image_url_https":"https://pbs.twimg.com/profile_background_images/536599695808684032/4m2fn9-S.jpeg","verified":false,"profile_location":null,"profile_image_url_https":"https://pbs.twimg.com/profile_images/543814918932545537/HCNCnkY7_normal.jpeg","profile_sidebar_fill_color":"F6F6F6","entities":{"description":{"urls":[]}},"followers_count":4262,"profile_sidebar_border_color":"000000","id_str":"2147986608","profile_background_color":"8B542B","listed_count":54,"is_translation_enabled":false,"utc_offset":-25200,"statuses_count":54327,"description":"the good, the bad, and the ugly","friends_count":3142,"location":" 9.16.14 WWAT 11.13.14 ROWYSO","profile_link_color":"ABB8C2","profile_image_url":"http://pbs.twimg.com/profile_images/543814918932545537/HCNCnkY7_normal.jpeg","following":false,"geo_enabled":true,"profile_banner_url":"https://pbs.twimg.com/profile_banners/2147986608/1418490554","profile_background_image_url":"http://pbs.twimg.com/profile_background_images/536599695808684032/4m2fn9-S.jpeg","name":"18","lang":"en-gb","profile_background_tile":false,"favourites_count":13025,"screen_name":"ouijxhoran","notifications":false,"url":null,"created_at":"Mon Oct 21 23:22:27 +0000 2013","contributors_enabled":false,"time_zone":"Arizona","protected":false,"default_profile":false,"is_translator":false},"geo":null,"in_reply_to_user_id_str":"291859009","lang":"und","created_at":"Mon Dec 15 03:58:22 +0000 2014","in_reply_to_status_id_str":"544340091615715329","place":null},
{"contributors":null,"truncated":false,"text":"@SkyWilliamsTho #sidneysiege #violencedestroys please stop.","in_reply_to_status_id":544340091615715329,"id":544340829557751808,"favorite_count":1,"source":"<a href=\"http://twitter.com/download/android\" rel=\"nofollow\">Twitter for Android</a>","retweeted":false,"coordinates":null,"entities":{"symbols":[],"user_mentions":[{"id":291859009,"indices":[0,15],"id_str":"291859009","screen_name":"SkyWilliamsTho","name":"Sky Williams"}],"hashtags":[{"indices":[16,28],"text":"sidneysiege"},{"indices":[29,46],"text":"violencedestroys"}],"urls":[]},"in_reply_to_screen_name":"SkyWilliamsTho","id_str":"544340829557751808","retweet_count":0,"in_reply_to_user_id":291859009,"favorited":false,"user":{"follow_request_sent":false,"profile_use_background_image":true,"profile_text_color":"333333","default_profile_image":false,"id":2764248837,"profile_background_image_url_https":"https://abs.twimg.com/images/themes/theme1/bg.png","verified":false,"profile_location":null,"profile_image_url_https":"https://pbs.twimg.com/profile_images/532296259613515776/sPRcMWwI_normal.jpeg","profile_sidebar_fill_color":"DDEEF6","entities":{"description":{"urls":[]}},"followers_count":18,"profile_sidebar_border_color":"C0DEED","id_str":"2764248837","profile_background_color":"C0DEED","listed_count":0,"is_translation_enabled":false,"utc_offset":null,"statuses_count":204,"description":"shrewd, beautiful  and cool.","friends_count":19,"location":"United Kingdom","profile_link_color":"0084B4","profile_image_url":"http://pbs.twimg.com/profile_images/532296259613515776/sPRcMWwI_normal.jpeg","following":false,"geo_enabled":false,"profile_background_image_url":"http://abs.twimg.com/images/themes/theme1/bg.png","name":"Toni Lawrence","lang":"en","profile_background_tile":false,"favourites_count":269,"screen_name":"DivaT05","notifications":false,"url":null,"created_at":"Sun Sep 07 20:45:14 +0000 2014","contributors_enabled":false,"time_zone":null,"protected":false,"default_profile":true,"is_translator":false},"geo":null,"in_reply_to_user_id_str":"291859009","lang":"en","created_at":"Mon Dec 15 03:59:01 +0000 2014","in_reply_to_status_id_str":"544340091615715329","place":null},
{"contributors":null,"truncated":false,"text":"@SkyWilliamsTho oh wow even you know about it wtf","in_reply_to_status_id":544340091615715329,"id":544340914554929152,"favorite_count":0,"source":"<a href=\"http://twitter.com\" rel=\"nofollow\">Twitter Web Client</a>","retweeted":false,"coordinates":null,"entities":{"symbols":[],"user_mentions":[{"id":291859009,"indices":[0,15],"id_str":"291859009","screen_name":"SkyWilliamsTho","name":"Sky Williams"}],"hashtags":[],"urls":[]},"in_reply_to_screen_name":"SkyWilliamsTho","id_str":"544340914554929152","retweet_count":0,"in_reply_to_user_id":291859009,"favorited":false,"user":{"follow_request_sent":false,"profile_use_background_image":true,"profile_text_color":"333333","default_profile_image":false,"id":857613619,"profile_background_image_url_https":"https://pbs.twimg.com/profile_background_images/452964212340305920/bNXIiKw1.jpeg","verified":false,"profile_location":null,"profile_image_url_https":"https://pbs.twimg.com/profile_images/586145907571195904/Hjwe7eLU_normal.jpg","profile_sidebar_fill_color":"DDEEF6","entities":{"description":{"urls":[]}},"followers_count":42,"profile_sidebar_border_color":"FFFFFF","id_str":"857613619","profile_background_color":"C0DEED","listed_count":0,"is_translation_enabled":false,"utc_offset":null,"statuses_count":890,"description":"A self-pronounced genius (although my opinion is the only one that matters anyway). Feed my justified narcissism by paying attention to my boundless wit.","friends_count":65,"location":"","profile_link_color":"0084B4","profile_image_url":"http://pbs.twimg.com/profile_images/586145907571195904/Hjwe7eLU_normal.jpg","following":false,"geo_enabled":false,"profile_background_image_url":"http://pbs.twimg.com/profile_background_images/452964212340305920/bNXIiKw1.jpeg","name":"Calvin Yu","lang":"en","profile_background_tile":true,"favourites_count":2449,"screen_name":"CalvinYu4","notifications":false,"url":null,"created_at":"Tue Oct 02 06:57:18 +0000 2012","contributors_enabled":false,"time_zone":null,"protected":false,"default_profile":false,"is_translator":false},"geo":null,"in_reply_to_user_id_str":"291859009","lang":"en","created_at":"Mon Dec 15 03:59:22 +0000 2014","in_reply_to_status_id_str":"544340091615715329","place":null},
{"contributors":null,"truncated":false,"text":"@SkyWilliamsTho Tell me about it. We can only hope it can end peacefully.","in_reply_to_status_id":544340091615715329,"id":544341404676157440,"favorite_count":0,"source":"<a href=\"http://twitter.com\" rel=\"nofollow\">Twitter Web Client</a>","retweeted":false,"coordinates":null,"entities":{"symbols":[],"user_mentions":[{"id":291859009,"indices":[0,15],"id_str":"291859009","screen_name":"SkyWilliamsTho","name":"Sky Williams"}],"hashtags":[],"urls":[]},"in_reply_to_screen_name":"SkyWilliamsTho","id_str":"544341404676157440","retweet_count":0,"in_reply_to_user_id":291859009,"favorited":false,"user":{"follow_request_sent":false,"profile_use_background_image":true,"profile_text_color":"3B8686","default_profile_image":false,"id":585734022,"profile_background_image_url_https":"https://pbs.twimg.com/profile_background_images/556998099/x1db309f9942aad4aec353135079dcb5.jpg","verified":false,"profile_location":null,"profile_image_url_https":"https://pbs.twimg.com/profile_images/562938230707077121/2ikJFjEw_normal.jpeg","profile_sidebar_fill_color":"93CCB0","entities":{"description":{"urls":[]}},"followers_count":159,"profile_sidebar_border_color":"EBF3B0","id_str":"585734022","profile_background_color":"1F2347","listed_count":2,"is_translation_enabled":false,"utc_offset":null,"statuses_count":3938,"description":"BOM Storm Spotter, Storm Chaser, doting horse Mum.","friends_count":312,"location":"Toowoomba, QLD","profile_link_color":"6F00FF","profile_image_url":"http://pbs.twimg.com/profile_images/562938230707077121/2ikJFjEw_normal.jpeg","following":false,"geo_enabled":false,"profile_banner_url":"https://pbs.twimg.com/profile_banners/585734022/1415836950","profile_background_image_url":"http://pbs.twimg.com/profile_background_images/556998099/x1db309f9942aad4aec353135079dcb5.jpg","name":"Stacy Sollitt","lang":"en","profile_background_tile":true,"favourites_count":818,"screen_name":"StacySollitt84","notifications":false,"url":null,"created_at":"Sun May 20 13:04:36 +0000 2012","contributors_enabled":false,"time_zone":null,"protected":false,"default_profile":false,"is_translator":false},"geo":null,"in_reply_to_user_id_str":"291859009","lang":"en","created_at":"Mon Dec 15 04:01:18 +0000 2014","in_reply_to_status_id_str":"544340091615715329","place":null},
{"contributors":null,"truncated":false,"text":"@SkyWilliamsTho Thank you so much, im terrified out of my mind right now","in_reply_to_status_id":544340091615715329,"id":544341908110057472,"favorite_count":0,"source":"<a href=\"http://twitter.com\" rel=\"nofollow\">Twitter Web Client</a>","retweeted":false,"coordinates":null,"entities":{"symbols":[],"user_mentions":[{"id":291859009,"indices":[0,15],"id_str":"291859009","screen_name":"SkyWilliamsTho","name":"Sky Williams"}],"hashtags":[],"urls":[]},"in_reply_to_screen_name":"SkyWilliamsTho","id_str":"544341908110057472","retweet_count":0,"in_reply_to_user_id":291859009,"favorited":false,"user":{"follow_request_sent":false,"profile_use_background_image":true,"profile_text_color":"333333","default_profile_image":false,"id":585312714,"profile_background_image_url_https":"https://pbs.twimg.com/profile_background_images/500594567947636736/MKTFtA6s.jpeg","verified":false,"profile_location":null,"profile_image_url_https":"https://pbs.twimg.com/profile_images/500593904073207810/xhi8WFuM_normal.jpeg","profile_sidebar_fill_color":"DDEEF6","entities":{"description":{"urls":[]}},"followers_count":26,"profile_sidebar_border_color":"000000","id_str":"585312714","profile_background_color":"120F14","listed_count":0,"is_translation_enabled":false,"utc_offset":36000,"statuses_count":140,"description":"Mid Laner - Diamond - TSM","friends_count":593,"location":"NSW, Australia","profile_link_color":"A75DFC","profile_image_url":"http://pbs.twimg.com/profile_images/500593904073207810/xhi8WFuM_normal.jpeg","following":false,"geo_enabled":false,"profile_banner_url":"https://pbs.twimg.com/profile_banners/585312714/1408185846","profile_background_image_url":"http://pbs.twimg.com/profile_background_images/500594567947636736/MKTFtA6s.jpeg","name":"Y x","lang":"en","profile_background_tile":false,"favourites_count":99,"screen_name":"YxOceania","notifications":false,"url":null,"created_at":"Sun May 20 00:50:16 +0000 2012","contributors_enabled":false,"time_zone":"Brisbane","protected":false,"default_profile":false,"is_translator":false},"geo":null,"in_reply_to_user_id_str":"291859009","lang":"en","created_at":"Mon Dec 15 04:03:18 +0000 2014","in_reply_to_status_id_str":"544340091615715329","place":null},
{"contributors":null,"truncated":false,"text":"@YxOceania you're gonna be fine. =] I'm here for ya.","in_reply_to_status_id":544341908110057472,"id":544342606763659264,"favorite_count":2,"source":"<a href=\"http://twitter.com/download/iphone\" rel=\"nofollow\">Twitter for iPhone</a>","retweeted":false,"coordinates":null,"entities":{"symbols":[],"user_mentions":[{"id":585312714,"indices":[0,10],"id_str":"585312714","screen_name":"YxOceania","name":"Y x"}],"hashtags":[],"urls":[]},"in_reply_to_screen_name":"YxOceania","id_str":"544342606763659264","retweet_count":0,"in_reply_to_user_id":585312714,"favorited":false,"user":{"follow_request_sent":false,"profile_use_background_image":false,"profile_text_color":"000000","default_profile_image":false,"id":291859009,"profile_background_image_url_https":"https://abs.twimg.com/images/themes/theme1/bg.png","verified":false,"profile_location":null,"profile_image_url_https":"https://pbs.twimg.com/profile_images/500766535091105793/c-JgIVKY_normal.jpeg","profile_sidebar_fill_color":"000000","entities":{"url":{"urls":[{"url":"http://t.co/FciCNyQ35W","indices":[0,22],"expanded_url":"http://youtube.com/gregidot","display_url":"youtube.com/gregidot"}]},"description":{"urls":[]}},"followers_count":119485,"profile_sidebar_border_color":"000000","id_str":"291859009","profile_background_color":"000000","listed_count":308,"is_translation_enabled":false,"utc_offset":-28800,"statuses_count":11190,"description":"I am the stone that the builder refused, and I've got enough dreams to make the whole world wanna sleep. E-sports comedian. CEO of #THE.  5SOS mascot! Smile!","friends_count":433,"location":"Los Angeles CA","profile_link_color":"4A913C","profile_image_url":"http://pbs.twimg.com/profile_images/500766535091105793/c-JgIVKY_normal.jpeg","following":false,"geo_enabled":true,"profile_banner_url":"https://pbs.twimg.com/profile_banners/291859009/1414343164","profile_background_image_url":"http://abs.twimg.com/images/themes/theme1/bg.png","name":"Sky Williams","lang":"en","profile_background_tile":false,"favourites_count":4755,"screen_name":"SkyWilliamsTho","notifications":false,"url":"http://t.co/FciCNyQ35W","created_at":"Mon May 02 18:40:51 +0000 2011","contributors_enabled":false,"time_zone":"Pacific Time (US & Canada)","protected":false,"default_profile":false,"is_translator":false},"geo":null,"in_reply_to_user_id_str":"585312714","lang":"en","created_at":"Mon Dec 15 04:06:05 +0000 2014","in_reply_to_status_id_str":"544341908110057472","place":null},
{"contributors":null,"truncated":false,"text":"@SkyWilliamsTho Thank you. You don't know how much that means to me","in_reply_to_status_id":544342606763659264,"id":544343367518142464,"favorite_count":0,"source":"<a href=\"http://twitter.com\" rel=\"nofollow\">Twitter Web Client</a>","retweeted":false,"coordinates":null,"entities":{"symbols":[],"user_mentions":[{"id":291859009,"indices":[0,15],"id_str":"291859009","screen_name":"SkyWilliamsTho","name":"Sky Williams"}],"hashtags":[],"urls":[]},"in_reply_to_screen_name":"SkyWilliamsTho","id_str":"544343367518142464","retweet_count":0,"in_reply_to_user_id":291859009,"favorited":false,"user":{"follow_request_sent":false,"profile_use_background_image":true,"profile_text_color":"333333","default_profile_image":false,"id":585312714,"profile_background_image_url_https":"https://pbs.twimg.com/profile_background_images/500594567947636736/MKTFtA6s.jpeg","verified":false,"profile_location":null,"profile_image_url_https":"https://pbs.twimg.com/profile_images/500593904073207810/xhi8WFuM_normal.jpeg","profile_sidebar_fill_color":"DDEEF6","entities":{"description":{"urls":[]}},"followers_count":26,"profile_sidebar_border_color":"000000","id_str":"585312714","profile_background_color":"120F14","listed_count":0,"is_translation_enabled":false,"utc_offset":36000,"statuses_count":140,"description":"Mid Laner - Diamond - TSM","friends_count":593,"location":"NSW, Australia","profile_link_color":"A75DFC","profile_image_url":"http://pbs.twimg.com/profile_images/500593904073207810/xhi8WFuM_normal.jpeg","following":false,"geo_enabled":false,"profile_banner_url":"https://pbs.twimg.com/profile_banners/585312714/1408185846","profile_background_image_url":"http://pbs.twimg.com/profile_background_images/500594567947636736/MKTFtA6s.jpeg","name":"Y x","lang":"en","profile_background_tile":false,"favourites_count":99,"screen_name":"YxOceania","notifications":false,"url":null,"created_at":"Sun May 20 00:50:16 +0000 2012","contributors_enabled":false,"time_zone":"Brisbane","protected":false,"default_profile":false,"is_translator":false},"geo":null,"in_reply_to_user_id_str":"291859009","lang":"en","created_at":"Mon Dec 15 04:09:06 +0000 2014","in_reply_to_status_id_str":"544342606763659264","place":null},
{"contributors":null,"truncated":false,"text":"@SkyWilliamsTho Thanks, it never happens here so we hardly ever expect it :(","in_reply_to_status_id":544340091615715329,"id":544344113202483201,"favorite_count":0,"source":"<a href=\"http://twitter.com\" rel=\"nofollow\">Twitter Web Client</a>","retweeted":false,"coordinates":null,"entities":{"symbols":[],"user_mentions":[{"id":291859009,"indices":[0,15],"id_str":"291859009","screen_name":"SkyWilliamsTho","name":"Sky Williams"}],"hashtags":[],"urls":[]},"in_reply_to_screen_name":"SkyWilliamsTho","id_str":"544344113202483201","retweet_count":0,"in_reply_to_user_id":291859009,"favorited":false,"user":{"follow_request_sent":false,"profile_use_background_image":false,"profile_text_color":"000000","default_profile_image":false,"id":2716852483,"profile_background_image_url_https":"https://abs.twimg.com/images/themes/theme1/bg.png","verified":false,"profile_location":null,"profile_image_url_https":"https://pbs.twimg.com/profile_images/507036417776574464/_Zx_Q5bC_normal.png","profile_sidebar_fill_color":"000000","entities":{"description":{"urls":[]}},"followers_count":3,"profile_sidebar_border_color":"000000","id_str":"2716852483","profile_background_color":"000000","listed_count":0,"is_translation_enabled":false,"utc_offset":null,"statuses_count":46,"description":"aka kweekoo","friends_count":92,"location":"Melbourne","profile_link_color":"5400B3","profile_image_url":"http://pbs.twimg.com/profile_images/507036417776574464/_Zx_Q5bC_normal.png","following":false,"geo_enabled":false,"profile_banner_url":"https://pbs.twimg.com/profile_banners/2716852483/1407725762","profile_background_image_url":"http://abs.twimg.com/images/themes/theme1/bg.png","name":"Juanita K","lang":"en","profile_background_tile":false,"favourites_count":73,"screen_name":"NitaPlaysLoL","notifications":false,"url":null,"created_at":"Fri Aug 08 10:36:48 +0000 2014","contributors_enabled":false,"time_zone":null,"protected":false,"default_profile":false,"is_translator":false},"geo":null,"in_reply_to_user_id_str":"291859009","lang":"en","created_at":"Mon Dec 15 04:12:04 +0000 2014","in_reply_to_status_id_str":"544340091615715329","place":null},
{"contributors":null,"truncated":false,"text":"@SkyWilliamsTho the hostages have been in there for five and a half hours now :L","in_reply_to_status_id":544340091615715329,"id":544345897878831104,"favorite_count":0,"source":"<a href=\"https://about.twitter.com/products/tweetdeck\" rel=\"nofollow\">TweetDeck</a>","retweeted":false,"coordinates":null,"entities":{"symbols":[],"user_mentions":[{"id":291859009,"indices":[0,15],"id_str":"291859009","screen_name":"SkyWilliamsTho","name":"Sky Williams"}],"hashtags":[],"urls":[]},"in_reply_to_screen_name":"SkyWilliamsTho","id_str":"544345897878831104","retweet_count":0,"in_reply_to_user_id":291859009,"favorited":false,"user":{"follow_request_sent":false,"profile_use_background_image":false,"profile_text_color":"000000","default_profile_image":false,"id":2880456504,"profile_background_image_url_https":"https://abs.twimg.com/images/themes/theme1/bg.png","verified":false,"profile_location":null,"profile_image_url_https":"https://pbs.twimg.com/profile_images/527014676018634752/rmPITnEA_normal.jpeg","profile_sidebar_fill_color":"000000","entities":{"description":{"urls":[]}},"followers_count":13,"profile_sidebar_border_color":"000000","id_str":"2880456504","profile_background_color":"000000","listed_count":0,"is_translation_enabled":false,"utc_offset":null,"statuses_count":95,"description":"You just wasted 5 seconds of your life reading this, but don't worry I wasted 15 seconds typing this.","friends_count":88,"location":"Australia","profile_link_color":"3B94D9","profile_image_url":"http://pbs.twimg.com/profile_images/527014676018634752/rmPITnEA_normal.jpeg","following":false,"geo_enabled":false,"profile_banner_url":"https://pbs.twimg.com/profile_banners/2880456504/1414485113","profile_background_image_url":"http://abs.twimg.com/images/themes/theme1/bg.png","name":"Soulazure","lang":"en","profile_background_tile":false,"favourites_count":9,"screen_name":"soulazurelol","notifications":false,"url":null,"created_at":"Tue Oct 28 08:01:02 +0000 2014","contributors_enabled":false,"time_zone":null,"protected":false,"default_profile":false,"is_translator":false},"geo":null,"in_reply_to_user_id_str":"291859009","lang":"en","created_at":"Mon Dec 15 04:19:10 +0000 2014","in_reply_to_status_id_str":"544340091615715329","place":null},
{"contributors":null,"truncated":false,"text":"@SkyWilliamsTho please explain, I'm American and don't know what's happening","in_reply_to_status_id":544340091615715329,"id":544346967464501249,"favorite_count":0,"source":"<a href=\"http://twitter.com/download/iphone\" rel=\"nofollow\">Twitter for iPhone</a>","retweeted":false,"coordinates":null,"entities":{"symbols":[],"user_mentions":[{"id":291859009,"indices":[0,15],"id_str":"291859009","screen_name":"SkyWilliamsTho","name":"Sky Williams"}],"hashtags":[],"urls":[]},"in_reply_to_screen_name":"SkyWilliamsTho","id_str":"544346967464501249","retweet_count":0,"in_reply_to_user_id":291859009,"favorited":false,"user":{"follow_request_sent":false,"profile_use_background_image":true,"profile_text_color":"333333","default_profile_image":false,"id":2265556711,"profile_background_image_url_https":"https://abs.twimg.com/images/themes/theme1/bg.png","verified":false,"profile_location":null,"profile_image_url_https":"https://pbs.twimg.com/profile_images/554353876112269312/gCw8qMYl_normal.jpeg","profile_sidebar_fill_color":"DDEEF6","entities":{"description":{"urls":[]}},"followers_count":96,"profile_sidebar_border_color":"C0DEED","id_str":"2265556711","profile_background_color":"C0DEED","listed_count":3,"is_translation_enabled":false,"utc_offset":-21600,"statuses_count":762,"description":"9.21.14 ❤️ Your source for all things 5SOS and the occasional 1D","friends_count":83,"location":"","profile_link_color":"0084B4","profile_image_url":"http://pbs.twimg.com/profile_images/554353876112269312/gCw8qMYl_normal.jpeg","following":false,"geo_enabled":true,"profile_banner_url":"https://pbs.twimg.com/profile_banners/2265556711/1416105423","profile_background_image_url":"http://abs.twimg.com/images/themes/theme1/bg.png","name":"Derping Since 2011","lang":"en","profile_background_tile":false,"favourites_count":39,"screen_name":"cashton_idiot","notifications":false,"url":null,"created_at":"Sat Dec 28 07:48:31 +0000 2013","contributors_enabled":false,"time_zone":"Central Time (US & Canada)","protected":false,"default_profile":true,"is_translator":false},"geo":null,"in_reply_to_user_id_str":"291859009","lang":"en","created_at":"Mon Dec 15 04:23:25 +0000 2014","in_reply_to_status_id_str":"544340091615715329","place":null},
{"contributors":null,"truncated":false,"text":"@SkyWilliamsTho you are a literal angel sky http://t.co/J0IQC2krbh","in_reply_to_status_id":544340091615715329,"id":544347422202159104,"favorite_count":0,"source":"<a href=\"http://twitter.com/download/iphone\" rel=\"nofollow\">Twitter for iPhone</a>","retweeted":false,"coordinates":null,"entities":{"symbols":[],"user_mentions":[{"id":291859009,"indices":[0,15],"id_str":"291859009","screen_name":"SkyWilliamsTho","name":"Sky Williams"}],"hashtags":[],"urls":[],"media":[{"expanded_url":"http://twitter.com/velcromgc/status/544347422202159104/photo/1","display_url":"pic.twitter.com/J0IQC2krbh","url":"http://t.co/J0IQC2krbh","media_url_https":"https://pbs.twimg.com/media/B43pEDqCUAALEHt.jpg","id_str":"544347385892065280","sizes":{"small":{"h":510,"resize":"fit","w":340},"large":{"h":960,"resize":"fit","w":640},"medium":{"h":900,"resize":"fit","w":600},"thumb":{"h":150,"resize":"crop","w":150}},"indices":[44,66],"type":"photo","id":544347385892065280,"media_url":"http://pbs.twimg.com/media/B43pEDqCUAALEHt.jpg"}]},"in_reply_to_screen_name":"SkyWilliamsTho","id_str":"544347422202159104","retweet_count":0,"in_reply_to_user_id":291859009,"favorited":false,"user":{"follow_request_sent":false,"profile_use_background_image":true,"profile_text_color":"333333","default_profile_image":false,"id":2778349621,"profile_background_image_url_https":"https://abs.twimg.com/images/themes/theme1/bg.png","verified":false,"profile_location":null,"profile_image_url_https":"https://pbs.twimg.com/profile_images/543309278228905984/KlTRkl3D_normal.jpeg","profile_sidebar_fill_color":"DDEEF6","entities":{"description":{"urls":[]}},"followers_count":570,"profile_sidebar_border_color":"C0DEED","id_str":"2778349621","profile_background_color":"C0DEED","listed_count":2,"is_translation_enabled":false,"utc_offset":null,"statuses_count":7454,"description":"these four idiots ruined my life","friends_count":454,"location":"","profile_link_color":"0084B4","profile_image_url":"http://pbs.twimg.com/profile_images/543309278228905984/KlTRkl3D_normal.jpeg","following":false,"geo_enabled":false,"profile_banner_url":"https://pbs.twimg.com/profile_banners/2778349621/1417666718","profile_background_image_url":"http://abs.twimg.com/images/themes/theme1/bg.png","name":"claire","lang":"en","profile_background_tile":false,"favourites_count":5136,"screen_name":"velcromgc","notifications":false,"url":null,"created_at":"Fri Aug 29 11:41:45 +0000 2014","contributors_enabled":false,"time_zone":null,"protected":false,"default_profile":true,"is_translator":false},"geo":null,"in_reply_to_user_id_str":"291859009","possibly_sensitive":false,"lang":"en","created_at":"Mon Dec 15 04:25:13 +0000 2014","in_reply_to_status_id_str":"544340091615715329","place":null,"extended_entities":{"media":[{"expanded_url":"http://twitter.com/velcromgc/status/544347422202159104/photo/1","display_url":"pic.twitter.com/J0IQC2krbh","url":"http://t.co/J0IQC2krbh","media_url_https":"https://pbs.twimg.com/media/B43pEDqCUAALEHt.jpg","id_str":"544347385892065280","sizes":{"small":{"h":510,"resize":"fit","w":340},"large":{"h":960,"resize":"fit","w":640},"medium":{"h":900,"resize":"fit","w":600},"thumb":{"h":150,"resize":"crop","w":150}},"indices":[44,66],"type":"photo","id":544347385892065280,"media_url":"http://pbs.twimg.com/media/B43pEDqCUAALEHt.jpg"}]}},
{"contributors":null,"truncated":false,"text":"@SkyWilliamsTho Help my YouTube channel be known! Here's a video of me doing my GF's makeup ☺😃 http://t.co/hnJ2UaCeFk","in_reply_to_status_id":544340091615715329,"id":544347473981214720,"favorite_count":0,"source":"<a href=\"http://twitter.com/download/android\" rel=\"nofollow\">Twitter for Android</a>","retweeted":false,"coordinates":null,"entities":{"symbols":[],"user_mentions":[{"id":291859009,"indices":[0,15],"id_str":"291859009","screen_name":"SkyWilliamsTho","name":"Sky Williams"}],"hashtags":[],"urls":[{"url":"http://t.co/hnJ2UaCeFk","indices":[95,117],"expanded_url":"http://youtu.be/UyZJKULvC00","display_url":"youtu.be/UyZJKULvC00"}]},"in_reply_to_screen_name":"SkyWilliamsTho","id_str":"544347473981214720","retweet_count":0,"in_reply_to_user_id":291859009,"favorited":false,"user":{"follow_request_sent":false,"profile_use_background_image":false,"profile_text_color":"43D0A9","default_profile_image":false,"id":1229991798,"profile_background_image_url_https":"https://pbs.twimg.com/profile_background_images/436311941007409153/M04dr63F.png","verified":false,"profile_location":null,"profile_image_url_https":"https://pbs.twimg.com/profile_images/564089901210402817/MCFEAGyL_normal.jpeg","profile_sidebar_fill_color":"A5E22C","entities":{"description":{"urls":[{"url":"http://t.co/H1mojqgjXo","indices":[124,146],"expanded_url":"http://youtu.be/UyZJKULvC00","display_url":"youtu.be/UyZJKULvC00"}]}},"followers_count":13651,"profile_sidebar_border_color":"C9D67E","id_str":"1229991798","profile_background_color":"092832","listed_count":14,"is_translation_enabled":false,"utc_offset":null,"statuses_count":1627,"description":"Camera man, Musician, Hopeful Youtuber (with your help of course!!!) check out my latest video! I DO MY GIRLFRIENDS MAKEUP: http://t.co/H1mojqgjXo \nDont be","friends_count":10385,"location":"","profile_link_color":"1A5C5A","profile_image_url":"http://pbs.twimg.com/profile_images/564089901210402817/MCFEAGyL_normal.jpeg","following":false,"geo_enabled":true,"profile_banner_url":"https://pbs.twimg.com/profile_banners/1229991798/1418085457","profile_background_image_url":"http://pbs.twimg.com/profile_background_images/436311941007409153/M04dr63F.png","name":"SuperAMP","lang":"en","profile_background_tile":true,"favourites_count":382,"screen_name":"AlexanderPiatt","notifications":false,"url":null,"created_at":"Fri Mar 01 14:45:44 +0000 2013","contributors_enabled":false,"time_zone":null,"protected":false,"default_profile":false,"is_translator":false},"geo":null,"in_reply_to_user_id_str":"291859009","possibly_sensitive":false,"lang":"en","created_at":"Mon Dec 15 04:25:25 +0000 2014","in_reply_to_status_id_str":"544340091615715329","place":null},
{"contributors":null,"truncated":false,"text":"@SkyWilliamsTho amen, bruh.","in_reply_to_status_id":544340091615715329,"id":544348694372294656,"favorite_count":0,"source":"<a href=\"http://twitter.com\" rel=\"nofollow\">Twitter Web Client</a>","retweeted":false,"coordinates":null,"entities":{"symbols":[],"user_mentions":[{"id":291859009,"indices":[0,15],"id_str":"291859009","screen_name":"SkyWilliamsTho","name":"Sky Williams"}],"hashtags":[],"urls":[]},"in_reply_to_screen_name":"SkyWilliamsTho","id_str":"544348694372294656","retweet_count":0,"in_reply_to_user_id":291859009,"favorited":false,"user":{"follow_request_sent":false,"profile_use_background_image":true,"profile_text_color":"333333","default_profile_image":false,"id":2305078686,"profile_background_image_url_https":"https://abs.twimg.com/images/themes/theme1/bg.png","verified":false,"profile_location":null,"profile_image_url_https":"https://pbs.twimg.com/profile_images/456233782719180800/-5ojHsZ5_normal.jpeg","profile_sidebar_fill_color":"DDEEF6","entities":{"description":{"urls":[]}},"followers_count":19,"profile_sidebar_border_color":"C0DEED","id_str":"2305078686","profile_background_color":"C0DEED","listed_count":1,"is_translation_enabled":false,"utc_offset":null,"statuses_count":222,"description":"Gamer, activist, seeker of truthiness","friends_count":116,"location":"Somewhere, US","profile_link_color":"0084B4","profile_image_url":"http://pbs.twimg.com/profile_images/456233782719180800/-5ojHsZ5_normal.jpeg","following":false,"geo_enabled":false,"profile_banner_url":"https://pbs.twimg.com/profile_banners/2305078686/1397596851","profile_background_image_url":"http://abs.twimg.com/images/themes/theme1/bg.png","name":"Alan Bean","lang":"en","profile_background_tile":false,"favourites_count":674,"screen_name":"RyvnKesler","notifications":false,"url":null,"created_at":"Wed Jan 22 16:05:16 +0000 2014","contributors_enabled":false,"time_zone":null,"protected":false,"default_profile":true,"is_translator":false},"geo":null,"in_reply_to_user_id_str":"291859009","lang":"en","created_at":"Mon Dec 15 04:30:16 +0000 2014","in_reply_to_status_id_str":"544340091615715329","place":null},
{"contributors":null,"truncated":false,"text":"@SkyWilliamsTho could not agree more","in_reply_to_status_id":544340091615715329,"id":544350757810475010,"favorite_count":0,"source":"<a href=\"http://twitter.com/download/iphone\" rel=\"nofollow\">Twitter for iPhone</a>","retweeted":false,"coordinates":null,"entities":{"symbols":[],"user_mentions":[{"id":291859009,"indices":[0,15],"id_str":"291859009","screen_name":"SkyWilliamsTho","name":"Sky Williams"}],"hashtags":[],"urls":[]},"in_reply_to_screen_name":"SkyWilliamsTho","id_str":"544350757810475010","retweet_count":0,"in_reply_to_user_id":291859009,"favorited":false,"user":{"follow_request_sent":false,"profile_use_background_image":true,"profile_text_color":"333333","default_profile_image":false,"id":2755575295,"profile_background_image_url_https":"https://pbs.twimg.com/profile_background_images/532449078093684736/4Msqk7IY.png","verified":false,"profile_location":null,"profile_image_url_https":"https://pbs.twimg.com/profile_images/545224820359561217/o28rEhpb_normal.jpeg","profile_sidebar_fill_color":"DDEEF6","entities":{"url":{"urls":[{"url":"http://t.co/0vwFjaAxQ4","indices":[0,22],"expanded_url":"http://jayceeloml.com","display_url":"jayceeloml.com"}]},"description":{"urls":[]}},"followers_count":3078,"profile_sidebar_border_color":"FFFFFF","id_str":"2755575295","profile_background_color":"DBE9ED","listed_count":54,"is_translation_enabled":false,"utc_offset":39600,"statuses_count":24855,"description":"you never cared","friends_count":636,"location":"","profile_link_color":"89C9FA","profile_image_url":"http://pbs.twimg.com/profile_images/545224820359561217/o28rEhpb_normal.jpeg","following":false,"geo_enabled":false,"profile_banner_url":"https://pbs.twimg.com/profile_banners/2755575295/1418826604","profile_background_image_url":"http://pbs.twimg.com/profile_background_images/532449078093684736/4Msqk7IY.png","name":"tsy luvs em","lang":"en","profile_background_tile":true,"favourites_count":12777,"screen_name":"ecokidlrh","notifications":false,"url":"http://t.co/0vwFjaAxQ4","created_at":"Fri Aug 22 16:26:56 +0000 2014","contributors_enabled":false,"time_zone":"Solomon Is.","protected":false,"default_profile":false,"is_translator":false},"geo":null,"in_reply_to_user_id_str":"291859009","lang":"en","created_at":"Mon Dec 15 04:38:28 +0000 2014","in_reply_to_status_id_str":"544340091615715329","place":null},
{"contributors":null,"truncated":false,"text":"@SkyWilliamsTho can you wish me luck on my exams ?","in_reply_to_status_id":544342606763659264,"id":544361569459896320,"favorite_count":0,"source":"<a href=\"http://twitter.com/download/iphone\" rel=\"nofollow\">Twitter for iPhone</a>","retweeted":false,"coordinates":null,"entities":{"symbols":[],"user_mentions":[{"id":291859009,"indices":[0,15],"id_str":"291859009","screen_name":"SkyWilliamsTho","name":"Sky Williams"}],"hashtags":[],"urls":[]},"in_reply_to_screen_name":"SkyWilliamsTho","id_str":"544361569459896320","retweet_count":0,"in_reply_to_user_id":291859009,"favorited":false,"user":{"follow_request_sent":false,"profile_use_background_image":true,"profile_text_color":"333333","default_profile_image":false,"id":1106330780,"profile_background_image_url_https":"https://pbs.twimg.com/profile_background_images/378800000156991662/fecvA4y-.jpeg","verified":false,"profile_location":null,"profile_image_url_https":"https://pbs.twimg.com/profile_images/590134337078591488/AaAESzQu_normal.jpg","profile_sidebar_fill_color":"DDEEF6","entities":{"description":{"urls":[]}},"followers_count":4788,"profile_sidebar_border_color":"FFFFFF","id_str":"1106330780","profile_background_color":"C0DEED","listed_count":139,"is_translation_enabled":false,"utc_offset":-25200,"statuses_count":117763,"description":"believe me sweety i got enough to feed the needy","friends_count":96,"location":"","profile_link_color":"0084B4","profile_image_url":"http://pbs.twimg.com/profile_images/590134337078591488/AaAESzQu_normal.jpg","following":false,"geo_enabled":true,"profile_banner_url":"https://pbs.twimg.com/profile_banners/1106330780/1417930122","profile_background_image_url":"http://pbs.twimg.com/profile_background_images/378800000156991662/fecvA4y-.jpeg","name":"alisha ","lang":"en","profile_background_tile":true,"favourites_count":70886,"screen_name":"notoriousftlou","notifications":false,"url":null,"created_at":"Sun Jan 20 14:05:37 +0000 2013","contributors_enabled":false,"time_zone":"Arizona","protected":false,"default_profile":false,"is_translator":false},"geo":null,"in_reply_to_user_id_str":"291859009","lang":"en","created_at":"Mon Dec 15 05:21:26 +0000 2014","in_reply_to_status_id_str":"544342606763659264","place":null},
{"contributors":null,"truncated":false,"text":"@SkyWilliamsTho like they don't have enough troubles with spiders and nature trying to kill them, now this  :(","in_reply_to_status_id":544340091615715329,"id":544362982235729921,"favorite_count":0,"source":"<a href=\"http://twitter.com/download/android\" rel=\"nofollow\">Twitter for Android</a>","retweeted":false,"coordinates":null,"entities":{"symbols":[],"user_mentions":[{"id":291859009,"indices":[0,15],"id_str":"291859009","screen_name":"SkyWilliamsTho","name":"Sky Williams"}],"hashtags":[],"urls":[]},"in_reply_to_screen_name":"SkyWilliamsTho","id_str":"544362982235729921","retweet_count":0,"in_reply_to_user_id":291859009,"favorited":false,"user":{"follow_request_sent":false,"profile_use_background_image":true,"profile_text_color":"000000","default_profile_image":false,"id":2733070540,"profile_background_image_url_https":"https://pbs.twimg.com/profile_background_images/496754238211375104/q2nTKGEN.jpeg","verified":false,"profile_location":null,"profile_image_url_https":"https://pbs.twimg.com/profile_images/519717040173506560/pFh5pQ5G_normal.png","profile_sidebar_fill_color":"000000","entities":{"description":{"urls":[]}},"followers_count":12,"profile_sidebar_border_color":"000000","id_str":"2733070540","profile_background_color":"000000","listed_count":0,"is_translation_enabled":false,"utc_offset":-18000,"statuses_count":411,"description":"The banhammer seems to follow me to any game","friends_count":37,"location":"Gerudo Valley","profile_link_color":"12438C","profile_image_url":"http://pbs.twimg.com/profile_images/519717040173506560/pFh5pQ5G_normal.png","following":false,"geo_enabled":false,"profile_banner_url":"https://pbs.twimg.com/profile_banners/2733070540/1409866105","profile_background_image_url":"http://pbs.twimg.com/profile_background_images/496754238211375104/q2nTKGEN.jpeg","name":"MN Totoro","lang":"en","profile_background_tile":true,"favourites_count":69,"screen_name":"BasedMNTotoro","notifications":false,"url":null,"created_at":"Mon Aug 04 05:52:03 +0000 2014","contributors_enabled":false,"time_zone":"Eastern Time (US & Canada)","protected":false,"default_profile":false,"is_translator":false},"geo":null,"in_reply_to_user_id_str":"291859009","lang":"en","created_at":"Mon Dec 15 05:27:03 +0000 2014","in_reply_to_status_id_str":"544340091615715329","place":null}
]