[{"contributors":null,"truncated":false,"text":"🙏“@BBCNewsAus:WATCH:\"#SydneySiege a very disturbing incident\"-Australian leader @TonyAbbottMHR http://t.co/T6sOVIUzLx http://t.co/nxN5eQmhs4","in_reply_to_status_id":544319395619958784,"id":544320314688425985,"favorite_count":0,"source":"<a href=\"http://twitter.com/#!/download/ipad\" rel=\"nofollow\">Twitter for iPad</a>","retweeted":false,"coordinates":null,"entities":{"symbols":[],"user_mentions":[{"id":2799960092,"indices":[2,13],"id_str":"2799960092","screen_name":"BBCNewsAus","name":"BBC News Australia"},{"id":93766096,"indices":[80,94],"id_str":"93766096","screen_name":"TonyAbbottMHR","name":"Tony Abbott"}],"hashtags":[{"indices":[21,33],"text":"SydneySiege"}],"urls":[{"url":"http://t.co/T6sOVIUzLx","indices":[95,117],"expanded_url":"http://bbc.in/12QF83M","display_url":"bbc.in/12QF83M"},{"url":"http://t.co/nxN5eQmhs4","indices":[118,140],"expanded_url":"http://twitter.com/BBCNewsAus/status/544319395619958784/","display_url":"twitter.com/BBCNewsAus/sta…"}]},"in_reply_to_screen_name":"BBCNewsAus","id_str":"544320314688425985","retweet_count":0,"in_reply_to_user_id":2799960092,"favorited":false,"user":{"follow_request_sent":false,"profile_use_background_image":true,"profile_text_color":"333333","default_profile_image":false,"id":14682558,"profile_background_image_url_https":"https://pbs.twimg.com/profile_background_images/801982917/649d18f5ba012b23327c6c9ca0394be8.jpeg","verified":false,"profile_location":null,"profile_image_url_https":"https://pbs.twimg.com/profile_images/555736425572732929/gyDiT740_normal.jpeg","profile_sidebar_fill_color":"F6FFD1","entities":{"url":{"urls":[{"url":"http://t.co/U5lUlis4F1","indices":[0,22],"expanded_url":"http://www.Ladydewriter.com","display_url":"Ladydewriter.com"}]},"description":{"urls":[]}},"followers_count":444,"profile_sidebar_border_color":"FFFFFF","id_str":"14682558","profile_background_color":"FFF04D","listed_count":9,"is_translation_enabled":false,"utc_offset":-18000,"statuses_count":7733,"description":"A Leader & Entrepreneur in Creative Writing, Film & TV - with a focus on Educational and Inspirational Family Content- AP; @TravesteeFilms","friends_count":523,"location":"ÜT: 38.844302,-76.895349","profile_link_color":"0099CC","profile_image_url":"http://pbs.twimg.com/profile_images/555736425572732929/gyDiT740_normal.jpeg","following":false,"geo_enabled":true,"profile_banner_url":"https://pbs.twimg.com/profile_banners/14682558/1415833975","profile_background_image_url":"http://pbs.twimg.com/profile_background_images/801982917/649d18f5ba012b23327c6c9ca0394be8.jpeg","name":"Diane G. Robertson","lang":"en","profile_background_tile":true,"favourites_count":9936,"screen_name":"Ladydewriter","notifications":false,"url":"http://t.co/U5lUlis4F1","created_at":"Wed May 07 03:09:38 +0000 2008","contributors_enabled":false,"time_zone":"Quito","protected":false,"default_profile":false,"is_translator":false},"geo":null,"in_reply_to_user_id_str":"2799960092","possibly_sensitive":false,"lang":"en","created_at":"Mon Dec 15 02:37:30 +0000 2014","in_reply_to_status_id_str":"544319395619958784","place":null},
{"contributors":null,"truncated":false,"text":"“@BBCNewsAus: WATCH: \"#SydneySiege a very disturbing incident\" - Happening now!!! http://t.co/OD2cr4OyQL http://t.co/2irWTiUlZl”","in_reply_to_status_id":544319395619958784,"id":544320863265628160,"favorite_count":0,"source":"<a href=\"http://twitter.com/download/iphone\" rel=\"nofollow\">Twitter for iPhone</a>","retweeted":false,"coordinates":null,"entities":{"symbols":[],"user_mentions":[{"id":2799960092,"indices":[1,12],"id_str":"2799960092","screen_name":"BBCNewsAus","name":"BBC News Australia"}],"hashtags":[{"indices":[22,34],"text":"SydneySiege"}],"urls":[{"url":"http://t.co/OD2cr4OyQL","indices":[82,104],"expanded_url":"http://bbc.in/12QF83M","display_url":"bbc.in/12QF83M"}],"media":[{"source_user_id":2799960092,"source_status_id_str":"544319395619958784","expanded_url":"http://twitter.com/BBCNewsAus/status/544319395619958784/photo/1","display_url":"pic.twitter.com/2irWTiUlZl","url":"http://t.co/2irWTiUlZl","media_url_https":"https://pbs.twimg.com/media/B43PjhMCMAEHfBZ.jpg","source_user_id_str":"2799960092","source_status_id":544319395619958784,"id_str":"544319339092914177","sizes":{"small":{"h":194,"resize":"fit","w":340},"large":{"h":339,"resize":"fit","w":593},"medium":{"h":339,"resize":"fit","w":593},"thumb":{"h":150,"resize":"crop","w":150}},"indices":[105,127],"type":"photo","id":544319339092914177,"media_url":"http://pbs.twimg.com/media/B43PjhMCMAEHfBZ.jpg"}]},"in_reply_to_screen_name":"BBCNewsAus","id_str":"544320863265628160","retweet_count":0,"in_reply_to_user_id":2799960092,"favorited":false,"user":{"follow_request_sent":false,"profile_use_background_image":true,"profile_text_color":"333333","default_profile_image":false,"id":218729202,"profile_background_image_url_https":"https://pbs.twimg.com/profile_background_images/441774139/magschentwitter2.jpg","verified":false,"profile_location":null,"profile_image_url_https":"https://pbs.twimg.com/profile_images/1173527481/twittermagschen_normal.jpg","profile_sidebar_fill_color":"F6F6F6","entities":{"url":{"urls":[{"url":"http://t.co/HaV5yiEa4k","indices":[0,22],"expanded_url":"http://www.iCUBED.us/","display_url":"iCUBED.us"}]},"description":{"urls":[]}},"followers_count":263,"profile_sidebar_border_color":"EEEEEE","id_str":"218729202","profile_background_color":"F4F7F7","listed_count":13,"is_translation_enabled":false,"utc_offset":28800,"statuses_count":3660,"description":"Editor in Chief of iCUBED.us, an English-language webzine. Progressive, thought-provoking content addressing today's issues in context (Year-offline staycation)","friends_count":1034,"location":"Hong Kong","profile_link_color":"038543","profile_image_url":"http://pbs.twimg.com/profile_images/1173527481/twittermagschen_normal.jpg","following":false,"geo_enabled":true,"profile_background_image_url":"http://pbs.twimg.com/profile_background_images/441774139/magschentwitter2.jpg","name":"Margaret S Chen","lang":"en","profile_background_tile":true,"favourites_count":705,"screen_name":"Magschen","notifications":false,"url":"http://t.co/HaV5yiEa4k","created_at":"Tue Nov 23 03:21:50 +0000 2010","contributors_enabled":false,"time_zone":"Hong Kong","protected":false,"default_profile":false,"is_translator":false},"geo":null,"in_reply_to_user_id_str":"2799960092","possibly_sensitive":false,"lang":"en","created_at":"Mon Dec 15 02:39:41 +0000 2014","in_reply_to_status_id_str":"544319395619958784","place":null,"extended_entities":{"media":[{"source_user_id":2799960092,"source_status_id_str":"544319395619958784","expanded_url":"http://twitter.com/BBCNewsAus/status/544319395619958784/photo/1","display_url":"pic.twitter.com/2irWTiUlZl","url":"http://t.co/2irWTiUlZl","media_url_https":"https://pbs.twimg.com/media/B43PjhMCMAEHfBZ.jpg","source_user_id_str":"2799960092","source_status_id":544319395619958784,"id_str":"544319339092914177","sizes":{"small":{"h":194,"resize":"fit","w":340},"large":{"h":339,"resize":"fit","w":593},"medium":{"h":339,"resize":"fit","w":593},"thumb":{"h":150,"resize":"crop","w":150}},"indices":[105,127],"type":"photo","id":544319339092914177,"media_url":"http://pbs.twimg.com/media/B43PjhMCMAEHfBZ.jpg"}]}},
{"contributors":null,"truncated":false,"text":"@dimsimcalum @BBCNewsAus @TonyAbbottMHR Bots will conquest all the world.","in_reply_to_status_id":544319395619958784,"id":544347702591774720,"favorite_count":0,"source":"<a href=\"http://www.bbotmaker.com/\" rel=\"nofollow\">BBotMaker - Bot à mots-clés</a>","retweeted":false,"coordinates":null,"entities":{"symbols":[],"user_mentions":[{"id":468784943,"indices":[0,12],"id_str":"468784943","screen_name":"dimsimcalum","name":"rifda"},{"id":2799960092,"indices":[13,24],"id_str":"2799960092","screen_name":"BBCNewsAus","name":"BBC News Australia"},{"id":93766096,"indices":[25,39],"id_str":"93766096","screen_name":"TonyAbbottMHR","name":"Tony Abbott"}],"hashtags":[],"urls":[]},"in_reply_to_screen_name":"BBCNewsAus","id_str":"544347702591774720","retweet_count":0,"in_reply_to_user_id":2799960092,"favorited":false,"user":{"follow_request_sent":false,"profile_use_background_image":true,"profile_text_color":"333333","default_profile_image":false,"id":2856401319,"profile_background_image_url_https":"https://abs.twimg.com/images/themes/theme1/bg.png","verified":false,"profile_location":null,"profile_image_url_https":"https://pbs.twimg.com/profile_images/528838356109520896/wQTOlO5k_normal.jpeg","profile_sidebar_fill_color":"DDEEF6","entities":{"description":{"urls":[]}},"followers_count":343,"profile_sidebar_border_color":"C0DEED","id_str":"2856401319","profile_background_color":"C0DEED","listed_count":9,"is_translation_enabled":false,"utc_offset":null,"statuses_count":107656,"description":"","friends_count":3,"location":"","profile_link_color":"0084B4","profile_image_url":"http://pbs.twimg.com/profile_images/528838356109520896/wQTOlO5k_normal.jpeg","following":false,"geo_enabled":false,"profile_background_image_url":"http://abs.twimg.com/images/themes/theme1/bg.png","name":"BotMaster","lang":"fr","profile_background_tile":false,"favourites_count":0,"screen_name":"KingMasterbot","notifications":false,"url":null,"created_at":"Sun Nov 02 09:16:18 +0000 2014","contributors_enabled":false,"time_zone":null,"protected":false,"default_profile":true,"is_translator":false},"geo":null,"in_reply_to_user_id_str":"2799960092","lang":"en","created_at":"Mon Dec 15 04:26:20 +0000 2014","in_reply_to_status_id_str":"544319395619958784","place":null},
{"contributors":null,"truncated":false,"text":"@BBCNewsAus @BBCWorld @TonyAbbottMHR You may wish to send in the koalas?","in_reply_to_status_id":544319395619958784,"id":544357816606425088,"favorite_count":0,"source":"<a href=\"http://twitter.com\" rel=\"nofollow\">Twitter Web Client</a>","retweeted":false,"coordinates":null,"entities":{"symbols":[],"user_mentions":[{"id":2799960092,"indices":[0,11],"id_str":"2799960092","screen_name":"BBCNewsAus","name":"BBC News Australia"},{"id":742143,"indices":[12,21],"id_str":"742143","screen_name":"BBCWorld","name":"BBC News (World)"},{"id":93766096,"indices":[22,36],"id_str":"93766096","screen_name":"TonyAbbottMHR","name":"Tony Abbott"}],"hashtags":[],"urls":[]},"in_reply_to_screen_name":"BBCNewsAus","id_str":"544357816606425088","retweet_count":0,"in_reply_to_user_id":2799960092,"favorited":false,"user":{"follow_request_sent":false,"profile_use_background_image":false,"profile_text_color":"000000","default_profile_image":false,"id":200725558,"profile_background_image_url_https":"https://abs.twimg.com/images/themes/theme15/bg.png","verified":false,"profile_location":null,"profile_image_url_https":"https://pbs.twimg.com/profile_images/552923651532525569/srUMxlSI_normal.jpeg","profile_sidebar_fill_color":"000000","entities":{"description":{"urls":[]}},"followers_count":80,"profile_sidebar_border_color":"000000","id_str":"200725558","profile_background_color":"000000","listed_count":3,"is_translation_enabled":false,"utc_offset":0,"statuses_count":15309,"description":"Born the 30/9/58 in Leuven","friends_count":23,"location":"Now lives in France","profile_link_color":"0084B4","profile_image_url":"http://pbs.twimg.com/profile_images/552923651532525569/srUMxlSI_normal.jpeg","following":false,"geo_enabled":false,"profile_banner_url":"https://pbs.twimg.com/profile_banners/200725558/1418290641","profile_background_image_url":"http://abs.twimg.com/images/themes/theme15/bg.png","name":"Anne Durgueil","lang":"fr","profile_background_tile":false,"favourites_count":40,"screen_name":"Dilicorne","notifications":false,"url":null,"created_at":"Sun Oct 10 02:24:44 +0000 2010","contributors_enabled":false,"time_zone":"London","protected":false,"default_profile":false,"is_translator":false},"geo":null,"in_reply_to_user_id_str":"2799960092","lang":"en","created_at":"Mon Dec 15 05:06:31 +0000 2014","in_reply_to_status_id_str":"544319395619958784","place":null}
]