[{"contributors":null,"truncated":false,"text":"@TwitterAU @nswpolice @131500trains @131500buses @131500ferries \nMsg here doesn't really make sense @nswpolice Latest is a retweet?","in_reply_to_status_id":544306118273794048,"id":544311170015166465,"favorite_count":0,"source":"<a href=\"http://twitter.com\" rel=\"nofollow\">Twitter Web Client</a>","retweeted":false,"coordinates":null,"entities":{"symbols":[],"user_mentions":[{"id":818212956,"indices":[0,10],"id_str":"818212956","screen_name":"TwitterAU","name":"Twitter Australia"},{"id":23041630,"indices":[11,21],"id_str":"23041630","screen_name":"nswpolice","name":"NSW Police"},{"id":166438381,"indices":[22,35],"id_str":"166438381","screen_name":"131500trains","name":"131500 trains"},{"id":166439005,"indices":[36,48],"id_str":"166439005","screen_name":"131500buses","name":"131500 buses"},{"id":166439288,"indices":[49,63],"id_str":"166439288","screen_name":"131500ferries","name":"131500 ferries"},{"id":23041630,"indices":[100,110],"id_str":"23041630","screen_name":"nswpolice","name":"NSW Police"}],"hashtags":[],"urls":[]},"in_reply_to_screen_name":"TwitterAU","id_str":"544311170015166465","retweet_count":0,"in_reply_to_user_id":818212956,"favorited":false,"user":{"follow_request_sent":false,"profile_use_background_image":true,"profile_text_color":"333333","default_profile_image":false,"id":2519797904,"profile_background_image_url_https":"https://abs.twimg.com/images/themes/theme1/bg.png","verified":false,"profile_location":null,"profile_image_url_https":"https://pbs.twimg.com/profile_images/476030087968485377/_Z5bz95f_normal.png","profile_sidebar_fill_color":"DDEEF6","entities":{"url":{"urls":[{"url":"http://t.co/0tftNMU3Fe","indices":[0,22],"expanded_url":"http://www.bobharrodmissing.com","display_url":"bobharrodmissing.com"}]},"description":{"urls":[]}},"followers_count":330,"profile_sidebar_border_color":"C0DEED","id_str":"2519797904","profile_background_color":"C0DEED","listed_count":1,"is_translation_enabled":false,"utc_offset":7200,"statuses_count":6759,"description":"81 year old Bob Harrod disappeared from Placentia, CA, July 27 2009. Please help find him!","friends_count":1020,"location":"","profile_link_color":"0084B4","profile_image_url":"http://pbs.twimg.com/profile_images/476030087968485377/_Z5bz95f_normal.png","following":false,"geo_enabled":false,"profile_background_image_url":"http://abs.twimg.com/images/themes/theme1/bg.png","name":"Bob Harrod Missing","lang":"en-gb","profile_background_tile":false,"favourites_count":2040,"screen_name":"findbobharrod","notifications":false,"url":"http://t.co/0tftNMU3Fe","created_at":"Sat May 24 07:39:23 +0000 2014","contributors_enabled":false,"time_zone":"Athens","protected":false,"default_profile":true,"is_translator":false},"geo":null,"in_reply_to_user_id_str":"818212956","lang":"en","created_at":"Mon Dec 15 02:01:10 +0000 2014","in_reply_to_status_id_str":"544306118273794048","place":null},
{"contributors":null,"truncated":false,"text":"One of our best sources of reliable news is @acarvin He has sources everywhere and knows how to verify news @TwitterAU @nswpolice","in_reply_to_status_id":544306118273794048,"id":544312418667872257,"favorite_count":0,"source":"<a href=\"http://twitter.com\" rel=\"nofollow\">Twitter Web Client</a>","retweeted":false,"coordinates":null,"entities":{"symbols":[],"user_mentions":[{"id":778057,"indices":[44,52],"id_str":"778057","screen_name":"acarvin","name":"Andy Carvin"},{"id":818212956,"indices":[108,118],"id_str":"818212956","screen_name":"TwitterAU","name":"Twitter Australia"},{"id":23041630,"indices":[119,129],"id_str":"23041630","screen_name":"nswpolice","name":"NSW Police"}],"hashtags":[],"urls":[]},"in_reply_to_screen_name":"TwitterAU","id_str":"544312418667872257","retweet_count":0,"in_reply_to_user_id":818212956,"favorited":false,"user":{"follow_request_sent":false,"profile_use_background_image":true,"profile_text_color":"696969","default_profile_image":false,"id":379708097,"profile_background_image_url_https":"https://pbs.twimg.com/profile_background_images/803966777/0ea2234ef8a6ae5ee1df866b619cc55e.png","verified":false,"profile_location":null,"profile_image_url_https":"https://pbs.twimg.com/profile_images/426428779733327872/axbEBuFN_normal.jpeg","profile_sidebar_fill_color":"000000","entities":{"url":{"urls":[{"url":"http://t.co/sOMXwRWSjS","indices":[0,22],"expanded_url":"http://twitterpinay.com/about/","display_url":"twitterpinay.com/about/"}]},"description":{"urls":[{"url":"https://t.co/Hs6IA7I4jZ","indices":[101,124],"expanded_url":"https://medium.com/@su_","display_url":"medium.com/@su_"}]}},"followers_count":13865,"profile_sidebar_border_color":"696969","id_str":"379708097","profile_background_color":"FFFFFF","listed_count":17,"is_translation_enabled":false,"utc_offset":-21600,"statuses_count":3557,"description":"Filipinos, Philippines, Twitter, soc. media, technology #TTC_FIL | VOLUNTEER co-manager: @twitter_ph https://t.co/Hs6IA7I4jZ","friends_count":1341,"location":"USA/Philippines","profile_link_color":"6E0303","profile_image_url":"http://pbs.twimg.com/profile_images/426428779733327872/axbEBuFN_normal.jpeg","following":false,"geo_enabled":true,"profile_banner_url":"https://pbs.twimg.com/profile_banners/379708097/1398358218","profile_background_image_url":"http://pbs.twimg.com/profile_background_images/803966777/0ea2234ef8a6ae5ee1df866b619cc55e.png","name":"notme","lang":"en","profile_background_tile":true,"favourites_count":1235,"screen_name":"Tw1tterPinay","notifications":false,"url":"http://t.co/sOMXwRWSjS","created_at":"Sun Sep 25 12:30:25 +0000 2011","contributors_enabled":false,"time_zone":"Central Time (US & Canada)","protected":false,"default_profile":false,"is_translator":false},"geo":null,"in_reply_to_user_id_str":"818212956","lang":"en","created_at":"Mon Dec 15 02:06:08 +0000 2014","in_reply_to_status_id_str":"544306118273794048","place":null},
{"contributors":null,"truncated":false,"text":"Twitter promos cops for \"best\" updates over news orgs: \"@TwitterAU: The best source for the latest updates on #sydneysiege is @nswpolice...”","in_reply_to_status_id":544306118273794048,"id":544313192957374464,"favorite_count":0,"source":"<a href=\"http://twitter.com/#!/download/ipad\" rel=\"nofollow\">Twitter for iPad</a>","retweeted":false,"coordinates":null,"entities":{"symbols":[],"user_mentions":[{"id":818212956,"indices":[56,66],"id_str":"818212956","screen_name":"TwitterAU","name":"Twitter Australia"},{"id":23041630,"indices":[126,136],"id_str":"23041630","screen_name":"nswpolice","name":"NSW Police"}],"hashtags":[{"indices":[110,122],"text":"sydneysiege"}],"urls":[]},"in_reply_to_screen_name":"TwitterAU","id_str":"544313192957374464","retweet_count":0,"in_reply_to_user_id":818212956,"favorited":false,"user":{"follow_request_sent":false,"profile_use_background_image":true,"profile_text_color":"121517","default_profile_image":false,"id":14296327,"profile_background_image_url_https":"https://pbs.twimg.com/profile_background_images/15418656/00-star-space-hubble-tile-pleiades.jpg","verified":true,"profile_location":null,"profile_image_url_https":"https://pbs.twimg.com/profile_images/2895819181/df96a782f21bc6ddf5002409f4ecafaf_normal.jpeg","profile_sidebar_fill_color":"C5C3FE","entities":{"url":{"urls":[{"url":"http://t.co/AZmPkTHj5t","indices":[0,22],"expanded_url":"http://www.cineplex.com/","display_url":"cineplex.com"}]},"description":{"urls":[]}},"followers_count":1539,"profile_sidebar_border_color":"BDDCAD","id_str":"14296327","profile_background_color":"4E7C7E","listed_count":75,"is_translation_enabled":false,"utc_offset":-18000,"statuses_count":6787,"description":"Content Director @ Cineplex Ent. Ex-digital/social/TV news guy @ CBC, CTV, CityTV & National Post. Vancouverite turned Torontonian. My personal account.","friends_count":2180,"location":"Toronto","profile_link_color":"000000","profile_image_url":"http://pbs.twimg.com/profile_images/2895819181/df96a782f21bc6ddf5002409f4ecafaf_normal.jpeg","following":false,"geo_enabled":true,"profile_banner_url":"https://pbs.twimg.com/profile_banners/14296327/1398370785","profile_background_image_url":"http://pbs.twimg.com/profile_background_images/15418656/00-star-space-hubble-tile-pleiades.jpg","name":"Andrew Yates","lang":"en","profile_background_tile":true,"favourites_count":880,"screen_name":"yatesey","notifications":false,"url":"http://t.co/AZmPkTHj5t","created_at":"Thu Apr 03 20:00:32 +0000 2008","contributors_enabled":false,"time_zone":"Eastern Time (US & Canada)","protected":false,"default_profile":false,"is_translator":false},"geo":null,"in_reply_to_user_id_str":"818212956","lang":"en","created_at":"Mon Dec 15 02:09:12 +0000 2014","in_reply_to_status_id_str":"544306118273794048","place":null},
{"contributors":null,"truncated":false,"text":"@TwitterAU @nswpolice @131500trains @131500buses @131500ferries Islam is a gutter superstition that glorifies death and violence!","in_reply_to_status_id":544306118273794048,"id":544319363189202944,"favorite_count":0,"source":"<a href=\"https://dev.twitter.com/docs/tfw\" rel=\"nofollow\">Twitter for Websites</a>","retweeted":false,"coordinates":null,"entities":{"symbols":[],"user_mentions":[{"id":818212956,"indices":[0,10],"id_str":"818212956","screen_name":"TwitterAU","name":"Twitter Australia"},{"id":23041630,"indices":[11,21],"id_str":"23041630","screen_name":"nswpolice","name":"NSW Police"},{"id":166438381,"indices":[22,35],"id_str":"166438381","screen_name":"131500trains","name":"131500 trains"},{"id":166439005,"indices":[36,48],"id_str":"166439005","screen_name":"131500buses","name":"131500 buses"},{"id":166439288,"indices":[49,63],"id_str":"166439288","screen_name":"131500ferries","name":"131500 ferries"}],"hashtags":[],"urls":[]},"in_reply_to_screen_name":"TwitterAU","id_str":"544319363189202944","retweet_count":0,"in_reply_to_user_id":818212956,"favorited":false,"user":{"follow_request_sent":false,"profile_use_background_image":true,"profile_text_color":"333333","default_profile_image":false,"id":2750347930,"profile_background_image_url_https":"https://abs.twimg.com/images/themes/theme1/bg.png","verified":false,"profile_location":null,"profile_image_url_https":"https://pbs.twimg.com/profile_images/539517311460208640/k8K6YGIH_normal.jpeg","profile_sidebar_fill_color":"DDEEF6","entities":{"description":{"urls":[]}},"followers_count":3,"profile_sidebar_border_color":"C0DEED","id_str":"2750347930","profile_background_color":"C0DEED","listed_count":1,"is_translation_enabled":false,"utc_offset":-28800,"statuses_count":147,"description":"","friends_count":4,"location":"","profile_link_color":"0084B4","profile_image_url":"http://pbs.twimg.com/profile_images/539517311460208640/k8K6YGIH_normal.jpeg","following":false,"geo_enabled":false,"profile_banner_url":"https://pbs.twimg.com/profile_banners/2750347930/1417468898","profile_background_image_url":"http://abs.twimg.com/images/themes/theme1/bg.png","name":"joe truth","lang":"en","profile_background_tile":false,"favourites_count":17,"screen_name":"Truthman2010Joe","notifications":false,"url":null,"created_at":"Sat Aug 23 01:20:31 +0000 2014","contributors_enabled":false,"time_zone":"Tijuana","protected":false,"default_profile":true,"is_translator":false},"geo":null,"in_reply_to_user_id_str":"818212956","lang":"en","created_at":"Mon Dec 15 02:33:43 +0000 2014","in_reply_to_status_id_str":"544306118273794048","place":null},
{"contributors":null,"truncated":false,"text":"@TwitterAU @nswpolice @131500trains @131500buses @131500ferries #sydneysiege Shutdown all mobile network in the Area. Complete news blackout","in_reply_to_status_id":544306118273794048,"id":544320242709987329,"favorite_count":1,"source":"<a href=\"http://blackberry.com/twitter\" rel=\"nofollow\">Twitter for BlackBerry®</a>","retweeted":false,"coordinates":null,"entities":{"symbols":[],"user_mentions":[{"id":818212956,"indices":[0,10],"id_str":"818212956","screen_name":"TwitterAU","name":"Twitter Australia"},{"id":23041630,"indices":[11,21],"id_str":"23041630","screen_name":"nswpolice","name":"NSW Police"},{"id":166438381,"indices":[22,35],"id_str":"166438381","screen_name":"131500trains","name":"131500 trains"},{"id":166439005,"indices":[36,48],"id_str":"166439005","screen_name":"131500buses","name":"131500 buses"},{"id":166439288,"indices":[49,63],"id_str":"166439288","screen_name":"131500ferries","name":"131500 ferries"}],"hashtags":[{"indices":[64,76],"text":"sydneysiege"}],"urls":[]},"in_reply_to_screen_name":"TwitterAU","id_str":"544320242709987329","retweet_count":0,"in_reply_to_user_id":818212956,"favorited":false,"user":{"follow_request_sent":false,"profile_use_background_image":true,"profile_text_color":"333333","default_profile_image":false,"id":2404454630,"profile_background_image_url_https":"https://abs.twimg.com/images/themes/theme1/bg.png","verified":false,"profile_location":null,"profile_image_url_https":"https://pbs.twimg.com/profile_images/564475505903423488/JX9yNST4_normal.jpeg","profile_sidebar_fill_color":"DDEEF6","entities":{"description":{"urls":[]}},"followers_count":19,"profile_sidebar_border_color":"C0DEED","id_str":"2404454630","profile_background_color":"C0DEED","listed_count":0,"is_translation_enabled":false,"utc_offset":null,"statuses_count":1309,"description":"I am old but not old enough but still 18 at heart.","friends_count":112,"location":"Somewhere in India","profile_link_color":"0084B4","profile_image_url":"http://pbs.twimg.com/profile_images/564475505903423488/JX9yNST4_normal.jpeg","following":false,"geo_enabled":false,"profile_banner_url":"https://pbs.twimg.com/profile_banners/2404454630/1408671835","profile_background_image_url":"http://abs.twimg.com/images/themes/theme1/bg.png","name":"Sam Joseph","lang":"en","profile_background_tile":false,"favourites_count":33,"screen_name":"SamJoseph904","notifications":false,"url":null,"created_at":"Sat Mar 22 16:07:11 +0000 2014","contributors_enabled":false,"time_zone":null,"protected":false,"default_profile":true,"is_translator":false},"geo":null,"in_reply_to_user_id_str":"818212956","lang":"en","created_at":"Mon Dec 15 02:37:13 +0000 2014","in_reply_to_status_id_str":"544306118273794048","place":null},
{"contributors":null,"truncated":false,"text":"@TwitterAU @nswpolice #sydneysiege Complete news blackout. Shut down electricity supply to the cafe. Wear him down. Wait till night for ops.","in_reply_to_status_id":544306118273794048,"id":544320739391045632,"favorite_count":0,"source":"<a href=\"http://blackberry.com/twitter\" rel=\"nofollow\">Twitter for BlackBerry®</a>","retweeted":false,"coordinates":null,"entities":{"symbols":[],"user_mentions":[{"id":818212956,"indices":[0,10],"id_str":"818212956","screen_name":"TwitterAU","name":"Twitter Australia"},{"id":23041630,"indices":[11,21],"id_str":"23041630","screen_name":"nswpolice","name":"NSW Police"}],"hashtags":[{"indices":[22,34],"text":"sydneysiege"}],"urls":[]},"in_reply_to_screen_name":"TwitterAU","id_str":"544320739391045632","retweet_count":0,"in_reply_to_user_id":818212956,"favorited":false,"user":{"follow_request_sent":false,"profile_use_background_image":true,"profile_text_color":"333333","default_profile_image":false,"id":2404454630,"profile_background_image_url_https":"https://abs.twimg.com/images/themes/theme1/bg.png","verified":false,"profile_location":null,"profile_image_url_https":"https://pbs.twimg.com/profile_images/564475505903423488/JX9yNST4_normal.jpeg","profile_sidebar_fill_color":"DDEEF6","entities":{"description":{"urls":[]}},"followers_count":19,"profile_sidebar_border_color":"C0DEED","id_str":"2404454630","profile_background_color":"C0DEED","listed_count":0,"is_translation_enabled":false,"utc_offset":null,"statuses_count":1309,"description":"I am old but not old enough but still 18 at heart.","friends_count":112,"location":"Somewhere in India","profile_link_color":"0084B4","profile_image_url":"http://pbs.twimg.com/profile_images/564475505903423488/JX9yNST4_normal.jpeg","following":false,"geo_enabled":false,"profile_banner_url":"https://pbs.twimg.com/profile_banners/2404454630/1408671835","profile_background_image_url":"http://abs.twimg.com/images/themes/theme1/bg.png","name":"Sam Joseph","lang":"en","profile_background_tile":false,"favourites_count":33,"screen_name":"SamJoseph904","notifications":false,"url":null,"created_at":"Sat Mar 22 16:07:11 +0000 2014","contributors_enabled":false,"time_zone":null,"protected":false,"default_profile":true,"is_translator":false},"geo":null,"in_reply_to_user_id_str":"818212956","lang":"en","created_at":"Mon Dec 15 02:39:11 +0000 2014","in_reply_to_status_id_str":"544306118273794048","place":null},
{"contributors":null,"truncated":false,"text":"@TwitterAU @nswpolice #sydneysiege Cut all TV network inside the cafe. Complete news blackout.","in_reply_to_status_id":544320739391045632,"id":544321407325581312,"favorite_count":0,"source":"<a href=\"http://blackberry.com/twitter\" rel=\"nofollow\">Twitter for BlackBerry®</a>","retweeted":false,"coordinates":null,"entities":{"symbols":[],"user_mentions":[{"id":818212956,"indices":[0,10],"id_str":"818212956","screen_name":"TwitterAU","name":"Twitter Australia"},{"id":23041630,"indices":[11,21],"id_str":"23041630","screen_name":"nswpolice","name":"NSW Police"}],"hashtags":[{"indices":[22,34],"text":"sydneysiege"}],"urls":[]},"in_reply_to_screen_name":"SamJoseph904","id_str":"544321407325581312","retweet_count":0,"in_reply_to_user_id":2404454630,"favorited":false,"user":{"follow_request_sent":false,"profile_use_background_image":true,"profile_text_color":"333333","default_profile_image":false,"id":2404454630,"profile_background_image_url_https":"https://abs.twimg.com/images/themes/theme1/bg.png","verified":false,"profile_location":null,"profile_image_url_https":"https://pbs.twimg.com/profile_images/564475505903423488/JX9yNST4_normal.jpeg","profile_sidebar_fill_color":"DDEEF6","entities":{"description":{"urls":[]}},"followers_count":19,"profile_sidebar_border_color":"C0DEED","id_str":"2404454630","profile_background_color":"C0DEED","listed_count":0,"is_translation_enabled":false,"utc_offset":null,"statuses_count":1309,"description":"I am old but not old enough but still 18 at heart.","friends_count":112,"location":"Somewhere in India","profile_link_color":"0084B4","profile_image_url":"http://pbs.twimg.com/profile_images/564475505903423488/JX9yNST4_normal.jpeg","following":false,"geo_enabled":false,"profile_banner_url":"https://pbs.twimg.com/profile_banners/2404454630/1408671835","profile_background_image_url":"http://abs.twimg.com/images/themes/theme1/bg.png","name":"Sam Joseph","lang":"en","profile_background_tile":false,"favourites_count":33,"screen_name":"SamJoseph904","notifications":false,"url":null,"created_at":"Sat Mar 22 16:07:11 +0000 2014","contributors_enabled":false,"time_zone":null,"protected":false,"default_profile":true,"is_translator":false},"geo":null,"in_reply_to_user_id_str":"2404454630","lang":"en","created_at":"Mon Dec 15 02:41:51 +0000 2014","in_reply_to_status_id_str":"544320739391045632","place":null}
]