[{"contributors":null,"truncated":false,"text":"@2AFight One wouldn't want to offend any terrorists.","in_reply_to_status_id":544334394912014336,"id":544335023143272448,"favorite_count":10,"source":"<a href=\"http://twitter.com\" rel=\"nofollow\">Twitter Web Client</a>","retweeted":false,"coordinates":null,"entities":{"symbols":[],"user_mentions":[{"id":16992416,"indices":[0,8],"id_str":"16992416","screen_name":"2AFight","name":"2nd Amendment Fight"}],"hashtags":[],"urls":[]},"in_reply_to_screen_name":"2AFight","id_str":"544335023143272448","retweet_count":2,"in_reply_to_user_id":16992416,"favorited":false,"user":{"follow_request_sent":false,"profile_use_background_image":true,"profile_text_color":"333333","default_profile_image":false,"id":2758744286,"profile_background_image_url_https":"https://abs.twimg.com/images/themes/theme1/bg.png","verified":false,"profile_location":null,"profile_image_url_https":"https://pbs.twimg.com/profile_images/523682014491189249/56aU99xK_normal.jpeg","profile_sidebar_fill_color":"DDEEF6","entities":{"description":{"urls":[]}},"followers_count":50,"profile_sidebar_border_color":"C0DEED","id_str":"2758744286","profile_background_color":"C0DEED","listed_count":11,"is_translation_enabled":false,"utc_offset":null,"statuses_count":1144,"description":"","friends_count":82,"location":"Occupied Arizona","profile_link_color":"0084B4","profile_image_url":"http://pbs.twimg.com/profile_images/523682014491189249/56aU99xK_normal.jpeg","following":false,"geo_enabled":false,"profile_background_image_url":"http://abs.twimg.com/images/themes/theme1/bg.png","name":"Gross Prophet","lang":"en","profile_background_tile":false,"favourites_count":8,"screen_name":"ShariaDiarrhea","notifications":false,"url":null,"created_at":"Sat Aug 23 13:07:06 +0000 2014","contributors_enabled":false,"time_zone":null,"protected":false,"default_profile":true,"is_translator":false},"geo":null,"in_reply_to_user_id_str":"16992416","lang":"en","created_at":"Mon Dec 15 03:35:57 +0000 2014","in_reply_to_status_id_str":"544334394912014336","place":null},
{"contributors":null,"truncated":false,"text":"@2AFight does Obama give the AU their talking points too?","in_reply_to_status_id":544334394912014336,"id":544335377968795648,"favorite_count":2,"source":"<a href=\"http://twitter.com/download/android\" rel=\"nofollow\">Twitter for Android</a>","retweeted":false,"coordinates":null,"entities":{"symbols":[],"user_mentions":[{"id":16992416,"indices":[0,8],"id_str":"16992416","screen_name":"2AFight","name":"2nd Amendment Fight"}],"hashtags":[],"urls":[]},"in_reply_to_screen_name":"2AFight","id_str":"544335377968795648","retweet_count":0,"in_reply_to_user_id":16992416,"favorited":false,"user":{"follow_request_sent":false,"profile_use_background_image":true,"profile_text_color":"333333","default_profile_image":false,"id":1072596854,"profile_background_image_url_https":"https://abs.twimg.com/images/themes/theme14/bg.gif","verified":false,"profile_location":null,"profile_image_url_https":"https://pbs.twimg.com/profile_images/378800000495448998/a5c7e8a47808749e289e39e1bb3e2554_normal.jpeg","profile_sidebar_fill_color":"EFEFEF","entities":{"description":{"urls":[]}},"followers_count":2117,"profile_sidebar_border_color":"EEEEEE","id_str":"1072596854","profile_background_color":"131516","listed_count":35,"is_translation_enabled":false,"utc_offset":-21600,"statuses_count":11465,"description":"Christian, NRA Life Member, 2A & Constitution Lover, Pro-Israel, and Pro-Life.","friends_count":2270,"location":"","profile_link_color":"009999","profile_image_url":"http://pbs.twimg.com/profile_images/378800000495448998/a5c7e8a47808749e289e39e1bb3e2554_normal.jpeg","following":false,"geo_enabled":false,"profile_banner_url":"https://pbs.twimg.com/profile_banners/1072596854/1360209431","profile_background_image_url":"http://abs.twimg.com/images/themes/theme14/bg.gif","name":"3rd Party 2AFan","lang":"en","profile_background_tile":true,"favourites_count":3160,"screen_name":"2AFan","notifications":false,"url":null,"created_at":"Wed Jan 09 02:14:51 +0000 2013","contributors_enabled":false,"time_zone":"Central Time (US & Canada)","protected":false,"default_profile":false,"is_translator":false},"geo":null,"in_reply_to_user_id_str":"16992416","lang":"en","created_at":"Mon Dec 15 03:37:22 +0000 2014","in_reply_to_status_id_str":"544334394912014336","place":null},
{"contributors":null,"truncated":false,"text":"@2AFight you guys are retarded","in_reply_to_status_id":544334394912014336,"id":544335380485378048,"favorite_count":0,"source":"<a href=\"http://twitter.com/download/android\" rel=\"nofollow\">Twitter for Android</a>","retweeted":false,"coordinates":null,"entities":{"symbols":[],"user_mentions":[{"id":16992416,"indices":[0,8],"id_str":"16992416","screen_name":"2AFight","name":"2nd Amendment Fight"}],"hashtags":[],"urls":[]},"in_reply_to_screen_name":"2AFight","id_str":"544335380485378048","retweet_count":0,"in_reply_to_user_id":16992416,"favorited":false,"user":{"follow_request_sent":false,"profile_use_background_image":true,"profile_text_color":"333333","default_profile_image":false,"id":183278249,"profile_background_image_url_https":"https://abs.twimg.com/images/themes/theme1/bg.png","verified":false,"profile_location":null,"profile_image_url_https":"https://pbs.twimg.com/profile_images/448230550453489665/SXfHNTIJ_normal.png","profile_sidebar_fill_color":"DDEEF6","entities":{"url":{"urls":[{"url":"http://t.co/4huvW2GpNq","indices":[0,22],"expanded_url":"http://www.facebook.com/profile.php?id=100000623462497","display_url":"facebook.com/profile.php?id…"}]},"description":{"urls":[]}},"followers_count":77,"profile_sidebar_border_color":"C0DEED","id_str":"183278249","profile_background_color":"C0DEED","listed_count":4,"is_translation_enabled":false,"utc_offset":39600,"statuses_count":1564,"description":"Follow me on insta = i2thez\rLebanese from Sydney Australia. Lick it, sip it, skull it, guzzle it","friends_count":361,"location":"Sydney Australia","profile_link_color":"0084B4","profile_image_url":"http://pbs.twimg.com/profile_images/448230550453489665/SXfHNTIJ_normal.png","following":false,"geo_enabled":false,"profile_banner_url":"https://pbs.twimg.com/profile_banners/183278249/1386802020","profile_background_image_url":"http://abs.twimg.com/images/themes/theme1/bg.png","name":"I-2-The-Z","lang":"en","profile_background_tile":false,"favourites_count":3,"screen_name":"I2theZ","notifications":false,"url":"http://t.co/4huvW2GpNq","created_at":"Thu Aug 26 16:19:14 +0000 2010","contributors_enabled":false,"time_zone":"Sydney","protected":false,"default_profile":true,"is_translator":false},"geo":null,"in_reply_to_user_id_str":"16992416","lang":"en","created_at":"Mon Dec 15 03:37:22 +0000 2014","in_reply_to_status_id_str":"544334394912014336","place":null},
{"contributors":null,"truncated":false,"text":"@2AFight can you read what the flag says? Or are you just assuming it says \"death to all\"? Could be a sign for help, for all you know.","in_reply_to_status_id":544334394912014336,"id":544335687621689344,"favorite_count":2,"source":"<a href=\"http://twitter.com/download/android\" rel=\"nofollow\">Twitter for Android</a>","retweeted":false,"coordinates":null,"entities":{"symbols":[],"user_mentions":[{"id":16992416,"indices":[0,8],"id_str":"16992416","screen_name":"2AFight","name":"2nd Amendment Fight"}],"hashtags":[],"urls":[]},"in_reply_to_screen_name":"2AFight","id_str":"544335687621689344","retweet_count":0,"in_reply_to_user_id":16992416,"favorited":false,"user":{"follow_request_sent":false,"profile_use_background_image":true,"profile_text_color":"333333","default_profile_image":false,"id":846309955,"profile_background_image_url_https":"https://abs.twimg.com/images/themes/theme1/bg.png","verified":false,"profile_location":null,"profile_image_url_https":"https://pbs.twimg.com/profile_images/3098644457/c26e678b8dfc71f02d691cec646aae5e_normal.jpeg","profile_sidebar_fill_color":"DDEEF6","entities":{"description":{"urls":[]}},"followers_count":6,"profile_sidebar_border_color":"C0DEED","id_str":"846309955","profile_background_color":"C0DEED","listed_count":0,"is_translation_enabled":false,"utc_offset":36000,"statuses_count":164,"description":"You don't know me. Probably don't wanna know me either. And I'm fine with that.","friends_count":69,"location":"","profile_link_color":"0084B4","profile_image_url":"http://pbs.twimg.com/profile_images/3098644457/c26e678b8dfc71f02d691cec646aae5e_normal.jpeg","following":false,"geo_enabled":true,"profile_banner_url":"https://pbs.twimg.com/profile_banners/846309955/1359268563","profile_background_image_url":"http://abs.twimg.com/images/themes/theme1/bg.png","name":"Toolieo","lang":"en","profile_background_tile":false,"favourites_count":31,"screen_name":"Toolieo1","notifications":false,"url":null,"created_at":"Tue Sep 25 22:09:48 +0000 2012","contributors_enabled":false,"time_zone":"Brisbane","protected":false,"default_profile":true,"is_translator":false},"geo":null,"in_reply_to_user_id_str":"16992416","lang":"en","created_at":"Mon Dec 15 03:38:35 +0000 2014","in_reply_to_status_id_str":"544334394912014336","place":null},
{"contributors":null,"truncated":false,"text":"@2AFight just reposted that on my @RebelMouse http://t.co/4OdgXp6dcV","in_reply_to_status_id":544334394912014336,"id":544336057500983296,"favorite_count":0,"source":"<a href=\"http://www.rebelmouse.com\" rel=\"nofollow\">RebelMouse Application</a>","retweeted":false,"coordinates":null,"entities":{"symbols":[],"user_mentions":[{"id":16992416,"indices":[0,8],"id_str":"16992416","screen_name":"2AFight","name":"2nd Amendment Fight"},{"id":341251022,"indices":[34,45],"id_str":"341251022","screen_name":"RebelMouse","name":"RebelMouse"}],"hashtags":[],"urls":[{"url":"http://t.co/4OdgXp6dcV","indices":[46,68],"expanded_url":"http://rbl.ms/13oMts5","display_url":"rbl.ms/13oMts5"}]},"in_reply_to_screen_name":"2AFight","id_str":"544336057500983296","retweet_count":0,"in_reply_to_user_id":16992416,"favorited":false,"user":{"follow_request_sent":false,"profile_use_background_image":true,"profile_text_color":"333333","default_profile_image":false,"id":117213468,"profile_background_image_url_https":"https://pbs.twimg.com/profile_background_images/177018059/xf71b2fb76fad1f7b41b7dd9b61c77ae.jpg","verified":false,"profile_location":null,"profile_image_url_https":"https://pbs.twimg.com/profile_images/836579796/the_cat_normal.jpg","profile_sidebar_fill_color":"DDFFCC","entities":{"url":{"urls":[{"url":"http://t.co/HlLn1rhtGl","indices":[0,22],"expanded_url":"http://wwwc-300enrd.blogspot.com","display_url":"wwwc-300enrd.blogspot.com"}]},"description":{"urls":[{"url":"http://t.co/6edhMCoN2F","indices":[128,150],"expanded_url":"http://www.ustream.tv/channel/tainostreams1/","display_url":"ustream.tv/channel/tainos…"}]}},"followers_count":1064,"profile_sidebar_border_color":"BDDCAD","id_str":"117213468","profile_background_color":"96E7EB","listed_count":69,"is_translation_enabled":false,"utc_offset":-18000,"statuses_count":97762,"description":"#Imperialism's Nemesis/#Ayotzinapa/#Ferguson/#HumanRights/#polyarchy/ Streetwise Alleycat/#Jazz/News Curator/Former #videoninja/http://t.co/6edhMCoN2F","friends_count":1093,"location":"Caribbean Internationalist","profile_link_color":"0084B4","profile_image_url":"http://pbs.twimg.com/profile_images/836579796/the_cat_normal.jpg","following":false,"geo_enabled":true,"profile_banner_url":"https://pbs.twimg.com/profile_banners/117213468/1393555687","profile_background_image_url":"http://pbs.twimg.com/profile_background_images/177018059/xf71b2fb76fad1f7b41b7dd9b61c77ae.jpg","name":"  Arielius Fornarius","lang":"en","profile_background_tile":false,"favourites_count":12540,"screen_name":"ArielFornari","notifications":false,"url":"http://t.co/HlLn1rhtGl","created_at":"Wed Feb 24 22:25:16 +0000 2010","contributors_enabled":false,"time_zone":"Quito","protected":false,"default_profile":false,"is_translator":false},"geo":null,"in_reply_to_user_id_str":"16992416","possibly_sensitive":false,"lang":"en","created_at":"Mon Dec 15 03:40:04 +0000 2014","in_reply_to_status_id_str":"544334394912014336","place":null},
{"contributors":null,"truncated":false,"text":"@2AFight If these idiots were a couple of white high school drop outs protesting the ACA they'd be patriots","in_reply_to_status_id":544334394912014336,"id":544336385067728896,"favorite_count":0,"source":"<a href=\"http://twitter.com/download/android\" rel=\"nofollow\">Twitter for Android</a>","retweeted":false,"coordinates":null,"entities":{"symbols":[],"user_mentions":[{"id":16992416,"indices":[0,8],"id_str":"16992416","screen_name":"2AFight","name":"2nd Amendment Fight"}],"hashtags":[],"urls":[]},"in_reply_to_screen_name":"2AFight","id_str":"544336385067728896","retweet_count":0,"in_reply_to_user_id":16992416,"favorited":false,"user":{"follow_request_sent":false,"profile_use_background_image":true,"profile_text_color":"333333","default_profile_image":false,"id":45512762,"profile_background_image_url_https":"https://abs.twimg.com/images/themes/theme1/bg.png","verified":false,"profile_location":null,"profile_image_url_https":"https://pbs.twimg.com/profile_images/426403677302038529/qXRgMpAU_normal.jpeg","profile_sidebar_fill_color":"DDEEF6","entities":{"url":{"urls":[{"url":"http://t.co/YKdJjvGhe4","indices":[0,22],"expanded_url":"http://about.me/david.cederquist","display_url":"about.me/david.cederqui…"}]},"description":{"urls":[]}},"followers_count":155,"profile_sidebar_border_color":"C0DEED","id_str":"45512762","profile_background_color":"C0DEED","listed_count":2,"is_translation_enabled":false,"utc_offset":-28800,"statuses_count":1352,"description":"","friends_count":858,"location":"ÜT: 34.059764,-118.415431","profile_link_color":"0084B4","profile_image_url":"http://pbs.twimg.com/profile_images/426403677302038529/qXRgMpAU_normal.jpeg","following":false,"geo_enabled":true,"profile_background_image_url":"http://abs.twimg.com/images/themes/theme1/bg.png","name":"dvcdq","lang":"en","profile_background_tile":false,"favourites_count":95,"screen_name":"DaveWaia","notifications":false,"url":"http://t.co/YKdJjvGhe4","created_at":"Mon Jun 08 06:15:38 +0000 2009","contributors_enabled":false,"time_zone":"Pacific Time (US & Canada)","protected":false,"default_profile":true,"is_translator":false},"geo":null,"in_reply_to_user_id_str":"16992416","lang":"en","created_at":"Mon Dec 15 03:41:22 +0000 2014","in_reply_to_status_id_str":"544334394912014336","place":null},
{"contributors":null,"truncated":false,"text":"So in your world \"just a hostage situation WITH political motives\" does NOT equal terrorism? Joking or are you full retard? @RowanPetz","in_reply_to_status_id":544336052484182016,"id":544336597349453824,"favorite_count":6,"source":"<a href=\"http://twitter.com\" rel=\"nofollow\">Twitter Web Client</a>","retweeted":false,"coordinates":null,"entities":{"symbols":[],"user_mentions":[{"id":402041234,"indices":[124,134],"id_str":"402041234","screen_name":"RowanPetz","name":"Roan Petz"}],"hashtags":[],"urls":[]},"in_reply_to_screen_name":"RowanPetz","id_str":"544336597349453824","retweet_count":6,"in_reply_to_user_id":402041234,"favorited":false,"user":{"follow_request_sent":false,"profile_use_background_image":true,"profile_text_color":"333333","default_profile_image":false,"id":16992416,"profile_background_image_url_https":"https://pbs.twimg.com/profile_background_images/521367185562685440/aye6acuE.jpeg","verified":false,"profile_location":null,"profile_image_url_https":"https://pbs.twimg.com/profile_images/521367752687120384/kVvceKUg_normal.jpeg","profile_sidebar_fill_color":"DDEEF6","entities":{"url":{"urls":[{"url":"http://t.co/cvOE1GYKzJ","indices":[0,22],"expanded_url":"http://atomiktiger.blogspot.com/","display_url":"atomiktiger.blogspot.com"}]},"description":{"urls":[]}},"followers_count":38881,"profile_sidebar_border_color":"FFFFFF","id_str":"16992416","profile_background_color":"4D5052","listed_count":614,"is_translation_enabled":false,"utc_offset":-28800,"statuses_count":127231,"description":"Published #2A author. Christian, Patriot, Constitution. ΜΟΛΩΝ ΛΑΒΕ #NRA #tcot #PJNET #CCOT #ProLife #ProIsrael #NoSharia #Teaparty","friends_count":30760,"location":"Seattle, WA","profile_link_color":"0084B4","profile_image_url":"http://pbs.twimg.com/profile_images/521367752687120384/kVvceKUg_normal.jpeg","following":false,"geo_enabled":false,"profile_banner_url":"https://pbs.twimg.com/profile_banners/16992416/1413138824","profile_background_image_url":"http://pbs.twimg.com/profile_background_images/521367185562685440/aye6acuE.jpeg","name":"2nd Amendment Fight","lang":"en","profile_background_tile":true,"favourites_count":38397,"screen_name":"2AFight","notifications":false,"url":"http://t.co/cvOE1GYKzJ","created_at":"Mon Oct 27 03:41:19 +0000 2008","contributors_enabled":false,"time_zone":"Pacific Time (US & Canada)","protected":false,"default_profile":false,"is_translator":false},"geo":null,"in_reply_to_user_id_str":"402041234","lang":"en","created_at":"Mon Dec 15 03:42:12 +0000 2014","in_reply_to_status_id_str":"544336052484182016","place":null},
{"contributors":null,"truncated":false,"text":"Wow! That's a special kind of stupid. Yeah, I'm sure the sign is asking for tacos... #derp @Toolieo1","in_reply_to_status_id":544335687621689344,"id":544337007208439808,"favorite_count":2,"source":"<a href=\"http://twitter.com\" rel=\"nofollow\">Twitter Web Client</a>","retweeted":false,"coordinates":null,"entities":{"symbols":[],"user_mentions":[{"id":846309955,"indices":[91,100],"id_str":"846309955","screen_name":"Toolieo1","name":"Toolieo"}],"hashtags":[{"indices":[85,90],"text":"derp"}],"urls":[]},"in_reply_to_screen_name":"Toolieo1","id_str":"544337007208439808","retweet_count":3,"in_reply_to_user_id":846309955,"favorited":false,"user":{"follow_request_sent":false,"profile_use_background_image":true,"profile_text_color":"333333","default_profile_image":false,"id":16992416,"profile_background_image_url_https":"https://pbs.twimg.com/profile_background_images/521367185562685440/aye6acuE.jpeg","verified":false,"profile_location":null,"profile_image_url_https":"https://pbs.twimg.com/profile_images/521367752687120384/kVvceKUg_normal.jpeg","profile_sidebar_fill_color":"DDEEF6","entities":{"url":{"urls":[{"url":"http://t.co/cvOE1GYKzJ","indices":[0,22],"expanded_url":"http://atomiktiger.blogspot.com/","display_url":"atomiktiger.blogspot.com"}]},"description":{"urls":[]}},"followers_count":38881,"profile_sidebar_border_color":"FFFFFF","id_str":"16992416","profile_background_color":"4D5052","listed_count":614,"is_translation_enabled":false,"utc_offset":-28800,"statuses_count":127231,"description":"Published #2A author. Christian, Patriot, Constitution. ΜΟΛΩΝ ΛΑΒΕ #NRA #tcot #PJNET #CCOT #ProLife #ProIsrael #NoSharia #Teaparty","friends_count":30760,"location":"Seattle, WA","profile_link_color":"0084B4","profile_image_url":"http://pbs.twimg.com/profile_images/521367752687120384/kVvceKUg_normal.jpeg","following":false,"geo_enabled":false,"profile_banner_url":"https://pbs.twimg.com/profile_banners/16992416/1413138824","profile_background_image_url":"http://pbs.twimg.com/profile_background_images/521367185562685440/aye6acuE.jpeg","name":"2nd Amendment Fight","lang":"en","profile_background_tile":true,"favourites_count":38397,"screen_name":"2AFight","notifications":false,"url":"http://t.co/cvOE1GYKzJ","created_at":"Mon Oct 27 03:41:19 +0000 2008","contributors_enabled":false,"time_zone":"Pacific Time (US & Canada)","protected":false,"default_profile":false,"is_translator":false},"geo":null,"in_reply_to_user_id_str":"846309955","lang":"en","created_at":"Mon Dec 15 03:43:50 +0000 2014","in_reply_to_status_id_str":"544335687621689344","place":null},
{"contributors":null,"truncated":false,"text":"@2AFight @RowanPetz Who is calling it \"work place violence\"? Is this confirmed?","in_reply_to_status_id":544336597349453824,"id":544337041786671104,"favorite_count":0,"source":"<a href=\"http://www.twitter.com\" rel=\"nofollow\">Twitter for Windows Phone</a>","retweeted":false,"coordinates":null,"entities":{"symbols":[],"user_mentions":[{"id":16992416,"indices":[0,8],"id_str":"16992416","screen_name":"2AFight","name":"2nd Amendment Fight"},{"id":402041234,"indices":[9,19],"id_str":"402041234","screen_name":"RowanPetz","name":"Roan Petz"}],"hashtags":[],"urls":[]},"in_reply_to_screen_name":"2AFight","id_str":"544337041786671104","retweet_count":0,"in_reply_to_user_id":16992416,"favorited":false,"user":{"follow_request_sent":false,"profile_use_background_image":true,"profile_text_color":"333333","default_profile_image":false,"id":1138527853,"profile_background_image_url_https":"https://abs.twimg.com/images/themes/theme1/bg.png","verified":false,"profile_location":null,"profile_image_url_https":"https://pbs.twimg.com/profile_images/3304437022/83298ea3cf7021d9040cfbf74043213e_normal.jpeg","profile_sidebar_fill_color":"DDEEF6","entities":{"description":{"urls":[{"url":"http://t.co/DFO9dbhLyF","indices":[108,130],"expanded_url":"http://LowPriceFixtures.com","display_url":"LowPriceFixtures.com"}]}},"followers_count":179,"profile_sidebar_border_color":"C0DEED","id_str":"1138527853","profile_background_color":"C0DEED","listed_count":2,"is_translation_enabled":false,"utc_offset":-21600,"statuses_count":2628,"description":"Child of God, follower of Jesus Christ, husband to Laura, father to Scott and Ryan. Director of Operations, http://t.co/DFO9dbhLyF","friends_count":127,"location":"Dallas, Texas","profile_link_color":"0084B4","profile_image_url":"http://pbs.twimg.com/profile_images/3304437022/83298ea3cf7021d9040cfbf74043213e_normal.jpeg","following":false,"geo_enabled":false,"profile_banner_url":"https://pbs.twimg.com/profile_banners/1138527853/1361756696","profile_background_image_url":"http://abs.twimg.com/images/themes/theme1/bg.png","name":"Mark Wheatley","lang":"en","profile_background_tile":false,"favourites_count":1612,"screen_name":"mark81191","notifications":false,"url":null,"created_at":"Fri Feb 01 02:41:02 +0000 2013","contributors_enabled":false,"time_zone":"Central Time (US & Canada)","protected":false,"default_profile":true,"is_translator":false},"geo":null,"in_reply_to_user_id_str":"16992416","lang":"en","created_at":"Mon Dec 15 03:43:58 +0000 2014","in_reply_to_status_id_str":"544336597349453824","place":null},
{"contributors":null,"truncated":false,"text":"You're probably right. They're probably asking for milk to go with the chocolate at the shop. You've got #derp in your herp @I2theZ","in_reply_to_status_id":544335380485378048,"id":544337241074438144,"favorite_count":2,"source":"<a href=\"http://twitter.com\" rel=\"nofollow\">Twitter Web Client</a>","retweeted":false,"coordinates":null,"entities":{"symbols":[],"user_mentions":[{"id":183278249,"indices":[124,131],"id_str":"183278249","screen_name":"I2theZ","name":"I-2-The-Z"}],"hashtags":[{"indices":[105,110],"text":"derp"}],"urls":[]},"in_reply_to_screen_name":"I2theZ","id_str":"544337241074438144","retweet_count":1,"in_reply_to_user_id":183278249,"favorited":false,"user":{"follow_request_sent":false,"profile_use_background_image":true,"profile_text_color":"333333","default_profile_image":false,"id":16992416,"profile_background_image_url_https":"https://pbs.twimg.com/profile_background_images/521367185562685440/aye6acuE.jpeg","verified":false,"profile_location":null,"profile_image_url_https":"https://pbs.twimg.com/profile_images/521367752687120384/kVvceKUg_normal.jpeg","profile_sidebar_fill_color":"DDEEF6","entities":{"url":{"urls":[{"url":"http://t.co/cvOE1GYKzJ","indices":[0,22],"expanded_url":"http://atomiktiger.blogspot.com/","display_url":"atomiktiger.blogspot.com"}]},"description":{"urls":[]}},"followers_count":38881,"profile_sidebar_border_color":"FFFFFF","id_str":"16992416","profile_background_color":"4D5052","listed_count":614,"is_translation_enabled":false,"utc_offset":-28800,"statuses_count":127231,"description":"Published #2A author. Christian, Patriot, Constitution. ΜΟΛΩΝ ΛΑΒΕ #NRA #tcot #PJNET #CCOT #ProLife #ProIsrael #NoSharia #Teaparty","friends_count":30760,"location":"Seattle, WA","profile_link_color":"0084B4","profile_image_url":"http://pbs.twimg.com/profile_images/521367752687120384/kVvceKUg_normal.jpeg","following":false,"geo_enabled":false,"profile_banner_url":"https://pbs.twimg.com/profile_banners/16992416/1413138824","profile_background_image_url":"http://pbs.twimg.com/profile_background_images/521367185562685440/aye6acuE.jpeg","name":"2nd Amendment Fight","lang":"en","profile_background_tile":true,"favourites_count":38397,"screen_name":"2AFight","notifications":false,"url":"http://t.co/cvOE1GYKzJ","created_at":"Mon Oct 27 03:41:19 +0000 2008","contributors_enabled":false,"time_zone":"Pacific Time (US & Canada)","protected":false,"default_profile":false,"is_translator":false},"geo":null,"in_reply_to_user_id_str":"183278249","lang":"en","created_at":"Mon Dec 15 03:44:46 +0000 2014","in_reply_to_status_id_str":"544335380485378048","place":null},
{"contributors":null,"truncated":false,"text":"@mark81191 To my knowledge no one has actually called it WP violence; I was poking fun at PC cops who are afraid to call a spade a spade","in_reply_to_status_id":544337041786671104,"id":544337857742000128,"favorite_count":1,"source":"<a href=\"http://twitter.com\" rel=\"nofollow\">Twitter Web Client</a>","retweeted":false,"coordinates":null,"entities":{"symbols":[],"user_mentions":[{"id":1138527853,"indices":[0,10],"id_str":"1138527853","screen_name":"mark81191","name":"Mark Wheatley"}],"hashtags":[],"urls":[]},"in_reply_to_screen_name":"mark81191","id_str":"544337857742000128","retweet_count":0,"in_reply_to_user_id":1138527853,"favorited":false,"user":{"follow_request_sent":false,"profile_use_background_image":true,"profile_text_color":"333333","default_profile_image":false,"id":16992416,"profile_background_image_url_https":"https://pbs.twimg.com/profile_background_images/521367185562685440/aye6acuE.jpeg","verified":false,"profile_location":null,"profile_image_url_https":"https://pbs.twimg.com/profile_images/521367752687120384/kVvceKUg_normal.jpeg","profile_sidebar_fill_color":"DDEEF6","entities":{"url":{"urls":[{"url":"http://t.co/cvOE1GYKzJ","indices":[0,22],"expanded_url":"http://atomiktiger.blogspot.com/","display_url":"atomiktiger.blogspot.com"}]},"description":{"urls":[]}},"followers_count":38881,"profile_sidebar_border_color":"FFFFFF","id_str":"16992416","profile_background_color":"4D5052","listed_count":614,"is_translation_enabled":false,"utc_offset":-28800,"statuses_count":127231,"description":"Published #2A author. Christian, Patriot, Constitution. ΜΟΛΩΝ ΛΑΒΕ #NRA #tcot #PJNET #CCOT #ProLife #ProIsrael #NoSharia #Teaparty","friends_count":30760,"location":"Seattle, WA","profile_link_color":"0084B4","profile_image_url":"http://pbs.twimg.com/profile_images/521367752687120384/kVvceKUg_normal.jpeg","following":false,"geo_enabled":false,"profile_banner_url":"https://pbs.twimg.com/profile_banners/16992416/1413138824","profile_background_image_url":"http://pbs.twimg.com/profile_background_images/521367185562685440/aye6acuE.jpeg","name":"2nd Amendment Fight","lang":"en","profile_background_tile":true,"favourites_count":38397,"screen_name":"2AFight","notifications":false,"url":"http://t.co/cvOE1GYKzJ","created_at":"Mon Oct 27 03:41:19 +0000 2008","contributors_enabled":false,"time_zone":"Pacific Time (US & Canada)","protected":false,"default_profile":false,"is_translator":false},"geo":null,"in_reply_to_user_id_str":"1138527853","lang":"en","created_at":"Mon Dec 15 03:47:13 +0000 2014","in_reply_to_status_id_str":"544337041786671104","place":null},
{"contributors":null,"truncated":false,"text":"@2AFight There are little facts and all I was suggesting is that I wouldn't jump to conclusions. No one knows his motives.","in_reply_to_status_id":544336597349453824,"id":544338982448803840,"favorite_count":0,"source":"<a href=\"http://twitter.com\" rel=\"nofollow\">Twitter Web Client</a>","retweeted":false,"coordinates":null,"entities":{"symbols":[],"user_mentions":[{"id":16992416,"indices":[0,8],"id_str":"16992416","screen_name":"2AFight","name":"2nd Amendment Fight"}],"hashtags":[],"urls":[]},"in_reply_to_screen_name":"2AFight","id_str":"544338982448803840","retweet_count":0,"in_reply_to_user_id":16992416,"favorited":false,"user":{"follow_request_sent":false,"profile_use_background_image":true,"profile_text_color":"333333","default_profile_image":false,"id":402041234,"profile_background_image_url_https":"https://abs.twimg.com/images/themes/theme1/bg.png","verified":false,"profile_location":null,"profile_image_url_https":"https://pbs.twimg.com/profile_images/547065595800190976/uhBoLciU_normal.jpeg","profile_sidebar_fill_color":"DDEEF6","entities":{"description":{"urls":[]}},"followers_count":39,"profile_sidebar_border_color":"C0DEED","id_str":"402041234","profile_background_color":"C0DEED","listed_count":3,"is_translation_enabled":false,"utc_offset":null,"statuses_count":176,"description":"Specialising in International Relations and Politics. ---  Australian traveller, adventurer and hopeless blog writer.","friends_count":116,"location":"Seoul, South Korea.","profile_link_color":"0084B4","profile_image_url":"http://pbs.twimg.com/profile_images/547065595800190976/uhBoLciU_normal.jpeg","following":false,"geo_enabled":true,"profile_banner_url":"https://pbs.twimg.com/profile_banners/402041234/1418200126","profile_background_image_url":"http://abs.twimg.com/images/themes/theme1/bg.png","name":"Roan Petz","lang":"en","profile_background_tile":false,"favourites_count":4,"screen_name":"RowanPetz","notifications":false,"url":null,"created_at":"Mon Oct 31 13:20:55 +0000 2011","contributors_enabled":false,"time_zone":null,"protected":false,"default_profile":true,"is_translator":false},"geo":null,"in_reply_to_user_id_str":"16992416","lang":"en","created_at":"Mon Dec 15 03:51:41 +0000 2014","in_reply_to_status_id_str":"544336597349453824","place":{"full_name":"Seodaemun-gu, Seoul","url":"https://api.twitter.com/1.1/geo/id/01a241300ef51ff0.json","country":"대한민국","place_type":"city","bounding_box":{"type":"Polygon","coordinates":[[[126.90964785174,37.552598443371],[126.97021858343,37.552598443371],[126.97021858343,37.600879441397],[126.90964785174,37.600879441397]]]},"contained_within":[],"country_code":"KR","attributes":{},"id":"01a241300ef51ff0","name":"Seodaemun-gu"}},
{"contributors":null,"truncated":false,"text":"@RowanPetz Granted the whole detail is not know. However, If there are \"political motives\", that is terrorism","in_reply_to_status_id":544338982448803840,"id":544339865098153985,"favorite_count":0,"source":"<a href=\"http://twitter.com\" rel=\"nofollow\">Twitter Web Client</a>","retweeted":false,"coordinates":null,"entities":{"symbols":[],"user_mentions":[{"id":402041234,"indices":[0,10],"id_str":"402041234","screen_name":"RowanPetz","name":"Roan Petz"}],"hashtags":[],"urls":[]},"in_reply_to_screen_name":"RowanPetz","id_str":"544339865098153985","retweet_count":0,"in_reply_to_user_id":402041234,"favorited":false,"user":{"follow_request_sent":false,"profile_use_background_image":true,"profile_text_color":"333333","default_profile_image":false,"id":16992416,"profile_background_image_url_https":"https://pbs.twimg.com/profile_background_images/521367185562685440/aye6acuE.jpeg","verified":false,"profile_location":null,"profile_image_url_https":"https://pbs.twimg.com/profile_images/521367752687120384/kVvceKUg_normal.jpeg","profile_sidebar_fill_color":"DDEEF6","entities":{"url":{"urls":[{"url":"http://t.co/cvOE1GYKzJ","indices":[0,22],"expanded_url":"http://atomiktiger.blogspot.com/","display_url":"atomiktiger.blogspot.com"}]},"description":{"urls":[]}},"followers_count":38881,"profile_sidebar_border_color":"FFFFFF","id_str":"16992416","profile_background_color":"4D5052","listed_count":614,"is_translation_enabled":false,"utc_offset":-28800,"statuses_count":127231,"description":"Published #2A author. Christian, Patriot, Constitution. ΜΟΛΩΝ ΛΑΒΕ #NRA #tcot #PJNET #CCOT #ProLife #ProIsrael #NoSharia #Teaparty","friends_count":30760,"location":"Seattle, WA","profile_link_color":"0084B4","profile_image_url":"http://pbs.twimg.com/profile_images/521367752687120384/kVvceKUg_normal.jpeg","following":false,"geo_enabled":false,"profile_banner_url":"https://pbs.twimg.com/profile_banners/16992416/1413138824","profile_background_image_url":"http://pbs.twimg.com/profile_background_images/521367185562685440/aye6acuE.jpeg","name":"2nd Amendment Fight","lang":"en","profile_background_tile":true,"favourites_count":38397,"screen_name":"2AFight","notifications":false,"url":"http://t.co/cvOE1GYKzJ","created_at":"Mon Oct 27 03:41:19 +0000 2008","contributors_enabled":false,"time_zone":"Pacific Time (US & Canada)","protected":false,"default_profile":false,"is_translator":false},"geo":null,"in_reply_to_user_id_str":"402041234","lang":"en","created_at":"Mon Dec 15 03:55:11 +0000 2014","in_reply_to_status_id_str":"544338982448803840","place":null},
{"contributors":null,"truncated":false,"text":"@2AFight if it walks like a duck, and quacks like a duck...... \nITS A DUCK.....","in_reply_to_status_id":544334394912014336,"id":544339967041089536,"favorite_count":2,"source":"<a href=\"http://twitter.com/download/android\" rel=\"nofollow\">Twitter for Android</a>","retweeted":false,"coordinates":null,"entities":{"symbols":[],"user_mentions":[{"id":16992416,"indices":[0,8],"id_str":"16992416","screen_name":"2AFight","name":"2nd Amendment Fight"}],"hashtags":[],"urls":[]},"in_reply_to_screen_name":"2AFight","id_str":"544339967041089536","retweet_count":0,"in_reply_to_user_id":16992416,"favorited":false,"user":{"follow_request_sent":false,"profile_use_background_image":true,"profile_text_color":"333333","default_profile_image":false,"id":907057602,"profile_background_image_url_https":"https://abs.twimg.com/images/themes/theme14/bg.gif","verified":false,"profile_location":null,"profile_image_url_https":"https://pbs.twimg.com/profile_images/3309269540/1d51c5eb11cb28a7708b7a4cd18eea5e_normal.jpeg","profile_sidebar_fill_color":"EFEFEF","entities":{"description":{"urls":[]}},"followers_count":868,"profile_sidebar_border_color":"EEEEEE","id_str":"907057602","profile_background_color":"131516","listed_count":2,"is_translation_enabled":false,"utc_offset":-18000,"statuses_count":5389,"description":"","friends_count":1994,"location":"","profile_link_color":"009999","profile_image_url":"http://pbs.twimg.com/profile_images/3309269540/1d51c5eb11cb28a7708b7a4cd18eea5e_normal.jpeg","following":false,"geo_enabled":false,"profile_background_image_url":"http://abs.twimg.com/images/themes/theme14/bg.gif","name":"rod haynes","lang":"en","profile_background_tile":true,"favourites_count":2072,"screen_name":"canmn0226","notifications":false,"url":null,"created_at":"Sat Oct 27 00:37:05 +0000 2012","contributors_enabled":false,"time_zone":"Eastern Time (US & Canada)","protected":false,"default_profile":false,"is_translator":false},"geo":null,"in_reply_to_user_id_str":"16992416","lang":"en","created_at":"Mon Dec 15 03:55:36 +0000 2014","in_reply_to_status_id_str":"544334394912014336","place":null},
{"contributors":null,"truncated":false,"text":"@2AFight @RowanPetz I vote Full Retard!","in_reply_to_status_id":544336597349453824,"id":544340000469704704,"favorite_count":1,"source":"<a href=\"http://twitter.com/#!/download/ipad\" rel=\"nofollow\">Twitter for iPad</a>","retweeted":false,"coordinates":null,"entities":{"symbols":[],"user_mentions":[{"id":16992416,"indices":[0,8],"id_str":"16992416","screen_name":"2AFight","name":"2nd Amendment Fight"},{"id":402041234,"indices":[9,19],"id_str":"402041234","screen_name":"RowanPetz","name":"Roan Petz"}],"hashtags":[],"urls":[]},"in_reply_to_screen_name":"2AFight","id_str":"544340000469704704","retweet_count":0,"in_reply_to_user_id":16992416,"favorited":false,"user":{"follow_request_sent":false,"profile_use_background_image":true,"profile_text_color":"333333","default_profile_image":false,"id":632540961,"profile_background_image_url_https":"https://pbs.twimg.com/profile_background_images/378800000081265987/cff48ffebc27cad112123dab265e411c.jpeg","verified":false,"profile_location":null,"profile_image_url_https":"https://pbs.twimg.com/profile_images/560035937095540737/yyGiQDYL_normal.jpeg","profile_sidebar_fill_color":"DDEEF6","entities":{"description":{"urls":[]}},"followers_count":250,"profile_sidebar_border_color":"FFFFFF","id_str":"632540961","profile_background_color":"C0DEED","listed_count":5,"is_translation_enabled":false,"utc_offset":null,"statuses_count":5727,"description":"The world is a shitter, and it's full","friends_count":393,"location":"USA","profile_link_color":"0084B4","profile_image_url":"http://pbs.twimg.com/profile_images/560035937095540737/yyGiQDYL_normal.jpeg","following":false,"geo_enabled":false,"profile_banner_url":"https://pbs.twimg.com/profile_banners/632540961/1418698342","profile_background_image_url":"http://pbs.twimg.com/profile_background_images/378800000081265987/cff48ffebc27cad112123dab265e411c.jpeg","name":"CousinEddie","lang":"en","profile_background_tile":false,"favourites_count":1124,"screen_name":"GeneJarman","notifications":false,"url":null,"created_at":"Wed Jul 11 01:13:21 +0000 2012","contributors_enabled":false,"time_zone":null,"protected":false,"default_profile":false,"is_translator":false},"geo":null,"in_reply_to_user_id_str":"16992416","lang":"en","created_at":"Mon Dec 15 03:55:44 +0000 2014","in_reply_to_status_id_str":"544336597349453824","place":null},
{"contributors":null,"truncated":false,"text":"@2AFight Because it could be just a random person using the flag for attention, authorities are trying to keep an open mind of the situation","in_reply_to_status_id":544334394912014336,"id":544340072519061504,"favorite_count":0,"source":"<a href=\"http://twitter.com/download/android\" rel=\"nofollow\">Twitter for Android</a>","retweeted":false,"coordinates":null,"entities":{"symbols":[],"user_mentions":[{"id":16992416,"indices":[0,8],"id_str":"16992416","screen_name":"2AFight","name":"2nd Amendment Fight"}],"hashtags":[],"urls":[]},"in_reply_to_screen_name":"2AFight","id_str":"544340072519061504","retweet_count":0,"in_reply_to_user_id":16992416,"favorited":false,"user":{"follow_request_sent":false,"profile_use_background_image":true,"profile_text_color":"000000","default_profile_image":false,"id":189756616,"profile_background_image_url_https":"https://pbs.twimg.com/profile_background_images/518361379074367488/p7fsGhdt.png","verified":false,"profile_location":null,"profile_image_url_https":"https://pbs.twimg.com/profile_images/558049670413709312/3nXzNfng_normal.jpeg","profile_sidebar_fill_color":"FFFFFF","entities":{"description":{"urls":[]}},"followers_count":218,"profile_sidebar_border_color":"FFFFFF","id_str":"189756616","profile_background_color":"FFFFFF","listed_count":1,"is_translation_enabled":false,"utc_offset":39600,"statuses_count":2104,"description":"◊ Eighteen ◊ Gamer ◊ Dork ◊\r\nTeam follow back","friends_count":202,"location":"Vic, Australia","profile_link_color":"000000","profile_image_url":"http://pbs.twimg.com/profile_images/558049670413709312/3nXzNfng_normal.jpeg","following":false,"geo_enabled":false,"profile_banner_url":"https://pbs.twimg.com/profile_banners/189756616/1401012696","profile_background_image_url":"http://pbs.twimg.com/profile_background_images/518361379074367488/p7fsGhdt.png","name":"Savarna.W","lang":"en","profile_background_tile":false,"favourites_count":290,"screen_name":"Foolinqs","notifications":false,"url":null,"created_at":"Sun Sep 12 03:59:56 +0000 2010","contributors_enabled":false,"time_zone":"New Caledonia","protected":false,"default_profile":false,"is_translator":false},"geo":null,"in_reply_to_user_id_str":"16992416","lang":"en","created_at":"Mon Dec 15 03:56:01 +0000 2014","in_reply_to_status_id_str":"544334394912014336","place":null},
{"contributors":null,"truncated":false,"text":"@canmn0226 +1.  That's what cops say","in_reply_to_status_id":544339967041089536,"id":544340524681814016,"favorite_count":0,"source":"<a href=\"http://twitter.com\" rel=\"nofollow\">Twitter Web Client</a>","retweeted":false,"coordinates":null,"entities":{"symbols":[],"user_mentions":[{"id":907057602,"indices":[0,10],"id_str":"907057602","screen_name":"canmn0226","name":"rod haynes"}],"hashtags":[],"urls":[]},"in_reply_to_screen_name":"canmn0226","id_str":"544340524681814016","retweet_count":0,"in_reply_to_user_id":907057602,"favorited":false,"user":{"follow_request_sent":false,"profile_use_background_image":true,"profile_text_color":"333333","default_profile_image":false,"id":16992416,"profile_background_image_url_https":"https://pbs.twimg.com/profile_background_images/521367185562685440/aye6acuE.jpeg","verified":false,"profile_location":null,"profile_image_url_https":"https://pbs.twimg.com/profile_images/521367752687120384/kVvceKUg_normal.jpeg","profile_sidebar_fill_color":"DDEEF6","entities":{"url":{"urls":[{"url":"http://t.co/cvOE1GYKzJ","indices":[0,22],"expanded_url":"http://atomiktiger.blogspot.com/","display_url":"atomiktiger.blogspot.com"}]},"description":{"urls":[]}},"followers_count":38881,"profile_sidebar_border_color":"FFFFFF","id_str":"16992416","profile_background_color":"4D5052","listed_count":614,"is_translation_enabled":false,"utc_offset":-28800,"statuses_count":127231,"description":"Published #2A author. Christian, Patriot, Constitution. ΜΟΛΩΝ ΛΑΒΕ #NRA #tcot #PJNET #CCOT #ProLife #ProIsrael #NoSharia #Teaparty","friends_count":30760,"location":"Seattle, WA","profile_link_color":"0084B4","profile_image_url":"http://pbs.twimg.com/profile_images/521367752687120384/kVvceKUg_normal.jpeg","following":false,"geo_enabled":false,"profile_banner_url":"https://pbs.twimg.com/profile_banners/16992416/1413138824","profile_background_image_url":"http://pbs.twimg.com/profile_background_images/521367185562685440/aye6acuE.jpeg","name":"2nd Amendment Fight","lang":"en","profile_background_tile":true,"favourites_count":38397,"screen_name":"2AFight","notifications":false,"url":"http://t.co/cvOE1GYKzJ","created_at":"Mon Oct 27 03:41:19 +0000 2008","contributors_enabled":false,"time_zone":"Pacific Time (US & Canada)","protected":false,"default_profile":false,"is_translator":false},"geo":null,"in_reply_to_user_id_str":"907057602","lang":"en","created_at":"Mon Dec 15 03:57:49 +0000 2014","in_reply_to_status_id_str":"544339967041089536","place":null},
{"contributors":null,"truncated":false,"text":"@2AFight @Toolieo1 It says \"There is only one god, and Muhammad is his prophet- messenger.","in_reply_to_status_id":544337007208439808,"id":544341256105918464,"favorite_count":0,"source":"<a href=\"http://twitter.com/download/android\" rel=\"nofollow\">Twitter for Android</a>","retweeted":false,"coordinates":null,"entities":{"symbols":[],"user_mentions":[{"id":16992416,"indices":[0,8],"id_str":"16992416","screen_name":"2AFight","name":"2nd Amendment Fight"},{"id":846309955,"indices":[9,18],"id_str":"846309955","screen_name":"Toolieo1","name":"Toolieo"}],"hashtags":[],"urls":[]},"in_reply_to_screen_name":"2AFight","id_str":"544341256105918464","retweet_count":0,"in_reply_to_user_id":16992416,"favorited":false,"user":{"follow_request_sent":false,"profile_use_background_image":true,"profile_text_color":"333333","default_profile_image":false,"id":187959550,"profile_background_image_url_https":"https://abs.twimg.com/images/themes/theme1/bg.png","verified":false,"profile_location":null,"profile_image_url_https":"https://pbs.twimg.com/profile_images/445823496904396801/UAsXX2bo_normal.jpeg","profile_sidebar_fill_color":"DDEEF6","entities":{"description":{"urls":[]}},"followers_count":1819,"profile_sidebar_border_color":"C0DEED","id_str":"187959550","profile_background_color":"C0DEED","listed_count":24,"is_translation_enabled":false,"utc_offset":null,"statuses_count":14033,"description":"Motorcycle lover,custom gunsmith, motion picture tech advisor, former international bodyguard, Scarlett Johansson's dream guy, and a sarcastic ass.","friends_count":1869,"location":"Kennewick, WA","profile_link_color":"0084B4","profile_image_url":"http://pbs.twimg.com/profile_images/445823496904396801/UAsXX2bo_normal.jpeg","following":false,"geo_enabled":true,"profile_banner_url":"https://pbs.twimg.com/profile_banners/187959550/1391287446","profile_background_image_url":"http://abs.twimg.com/images/themes/theme1/bg.png","name":"Garry Å. Bergström","lang":"en","profile_background_tile":false,"favourites_count":6377,"screen_name":"GunsmithG","notifications":false,"url":null,"created_at":"Tue Sep 07 15:50:18 +0000 2010","contributors_enabled":false,"time_zone":null,"protected":false,"default_profile":true,"is_translator":false},"geo":null,"in_reply_to_user_id_str":"16992416","lang":"en","created_at":"Mon Dec 15 04:00:43 +0000 2014","in_reply_to_status_id_str":"544337007208439808","place":null},
{"contributors":null,"truncated":false,"text":"@2AFight and while there is evidence pointing towards the fact that it could be a political attack, there's a chance that it's just an-","in_reply_to_status_id":544340072519061504,"id":544341349579780096,"favorite_count":0,"source":"<a href=\"http://twitter.com/download/android\" rel=\"nofollow\">Twitter for Android</a>","retweeted":false,"coordinates":null,"entities":{"symbols":[],"user_mentions":[{"id":16992416,"indices":[0,8],"id_str":"16992416","screen_name":"2AFight","name":"2nd Amendment Fight"}],"hashtags":[],"urls":[]},"in_reply_to_screen_name":"Foolinqs","id_str":"544341349579780096","retweet_count":0,"in_reply_to_user_id":189756616,"favorited":false,"user":{"follow_request_sent":false,"profile_use_background_image":true,"profile_text_color":"000000","default_profile_image":false,"id":189756616,"profile_background_image_url_https":"https://pbs.twimg.com/profile_background_images/518361379074367488/p7fsGhdt.png","verified":false,"profile_location":null,"profile_image_url_https":"https://pbs.twimg.com/profile_images/558049670413709312/3nXzNfng_normal.jpeg","profile_sidebar_fill_color":"FFFFFF","entities":{"description":{"urls":[]}},"followers_count":218,"profile_sidebar_border_color":"FFFFFF","id_str":"189756616","profile_background_color":"FFFFFF","listed_count":1,"is_translation_enabled":false,"utc_offset":39600,"statuses_count":2104,"description":"◊ Eighteen ◊ Gamer ◊ Dork ◊\r\nTeam follow back","friends_count":202,"location":"Vic, Australia","profile_link_color":"000000","profile_image_url":"http://pbs.twimg.com/profile_images/558049670413709312/3nXzNfng_normal.jpeg","following":false,"geo_enabled":false,"profile_banner_url":"https://pbs.twimg.com/profile_banners/189756616/1401012696","profile_background_image_url":"http://pbs.twimg.com/profile_background_images/518361379074367488/p7fsGhdt.png","name":"Savarna.W","lang":"en","profile_background_tile":false,"favourites_count":290,"screen_name":"Foolinqs","notifications":false,"url":null,"created_at":"Sun Sep 12 03:59:56 +0000 2010","contributors_enabled":false,"time_zone":"New Caledonia","protected":false,"default_profile":false,"is_translator":false},"geo":null,"in_reply_to_user_id_str":"189756616","lang":"en","created_at":"Mon Dec 15 04:01:05 +0000 2014","in_reply_to_status_id_str":"544340072519061504","place":null},
{"contributors":null,"truncated":false,"text":"@2AFight - attack seeking attention as the building it's taking place in is directly across from a news office.","in_reply_to_status_id":544340072519061504,"id":544341527070126081,"favorite_count":0,"source":"<a href=\"http://twitter.com/download/android\" rel=\"nofollow\">Twitter for Android</a>","retweeted":false,"coordinates":null,"entities":{"symbols":[],"user_mentions":[{"id":16992416,"indices":[0,8],"id_str":"16992416","screen_name":"2AFight","name":"2nd Amendment Fight"}],"hashtags":[],"urls":[]},"in_reply_to_screen_name":"Foolinqs","id_str":"544341527070126081","retweet_count":0,"in_reply_to_user_id":189756616,"favorited":false,"user":{"follow_request_sent":false,"profile_use_background_image":true,"profile_text_color":"000000","default_profile_image":false,"id":189756616,"profile_background_image_url_https":"https://pbs.twimg.com/profile_background_images/518361379074367488/p7fsGhdt.png","verified":false,"profile_location":null,"profile_image_url_https":"https://pbs.twimg.com/profile_images/558049670413709312/3nXzNfng_normal.jpeg","profile_sidebar_fill_color":"FFFFFF","entities":{"description":{"urls":[]}},"followers_count":218,"profile_sidebar_border_color":"FFFFFF","id_str":"189756616","profile_background_color":"FFFFFF","listed_count":1,"is_translation_enabled":false,"utc_offset":39600,"statuses_count":2104,"description":"◊ Eighteen ◊ Gamer ◊ Dork ◊\r\nTeam follow back","friends_count":202,"location":"Vic, Australia","profile_link_color":"000000","profile_image_url":"http://pbs.twimg.com/profile_images/558049670413709312/3nXzNfng_normal.jpeg","following":false,"geo_enabled":false,"profile_banner_url":"https://pbs.twimg.com/profile_banners/189756616/1401012696","profile_background_image_url":"http://pbs.twimg.com/profile_background_images/518361379074367488/p7fsGhdt.png","name":"Savarna.W","lang":"en","profile_background_tile":false,"favourites_count":290,"screen_name":"Foolinqs","notifications":false,"url":null,"created_at":"Sun Sep 12 03:59:56 +0000 2010","contributors_enabled":false,"time_zone":"New Caledonia","protected":false,"default_profile":false,"is_translator":false},"geo":null,"in_reply_to_user_id_str":"189756616","lang":"en","created_at":"Mon Dec 15 04:01:48 +0000 2014","in_reply_to_status_id_str":"544340072519061504","place":null},
{"contributors":null,"truncated":false,"text":"@2AFight @Toolieo1 My language skilz are a lil rusty, but you see that written all over in the middle east.","in_reply_to_status_id":544337007208439808,"id":544341634801238016,"favorite_count":0,"source":"<a href=\"http://twitter.com/download/android\" rel=\"nofollow\">Twitter for Android</a>","retweeted":false,"coordinates":null,"entities":{"symbols":[],"user_mentions":[{"id":16992416,"indices":[0,8],"id_str":"16992416","screen_name":"2AFight","name":"2nd Amendment Fight"},{"id":846309955,"indices":[9,18],"id_str":"846309955","screen_name":"Toolieo1","name":"Toolieo"}],"hashtags":[],"urls":[]},"in_reply_to_screen_name":"2AFight","id_str":"544341634801238016","retweet_count":0,"in_reply_to_user_id":16992416,"favorited":false,"user":{"follow_request_sent":false,"profile_use_background_image":true,"profile_text_color":"333333","default_profile_image":false,"id":187959550,"profile_background_image_url_https":"https://abs.twimg.com/images/themes/theme1/bg.png","verified":false,"profile_location":null,"profile_image_url_https":"https://pbs.twimg.com/profile_images/445823496904396801/UAsXX2bo_normal.jpeg","profile_sidebar_fill_color":"DDEEF6","entities":{"description":{"urls":[]}},"followers_count":1823,"profile_sidebar_border_color":"C0DEED","id_str":"187959550","profile_background_color":"C0DEED","listed_count":24,"is_translation_enabled":false,"utc_offset":null,"statuses_count":14050,"description":"Motorcycle lover,custom gunsmith, motion picture tech advisor, former international bodyguard, Scarlett Johansson's dream guy, and a sarcastic ass.","friends_count":1870,"location":"Kennewick, WA","profile_link_color":"0084B4","profile_image_url":"http://pbs.twimg.com/profile_images/445823496904396801/UAsXX2bo_normal.jpeg","following":false,"geo_enabled":true,"profile_banner_url":"https://pbs.twimg.com/profile_banners/187959550/1391287446","profile_background_image_url":"http://abs.twimg.com/images/themes/theme1/bg.png","name":"Garry Å. Bergström","lang":"en","profile_background_tile":false,"favourites_count":6387,"screen_name":"GunsmithG","notifications":false,"url":null,"created_at":"Tue Sep 07 15:50:18 +0000 2010","contributors_enabled":false,"time_zone":null,"protected":false,"default_profile":true,"is_translator":false},"geo":null,"in_reply_to_user_id_str":"16992416","lang":"en","created_at":"Mon Dec 15 04:02:13 +0000 2014","in_reply_to_status_id_str":"544337007208439808","place":null},
{"contributors":null,"truncated":false,"text":"@Foolinqs Sure. There's a \"chance\". Maybe they are undercover NRA agents from the U.S. for all we \"know\". But, doesn't it seem just a","in_reply_to_status_id":544341527070126081,"id":544341878049476609,"favorite_count":0,"source":"<a href=\"http://twitter.com\" rel=\"nofollow\">Twitter Web Client</a>","retweeted":false,"coordinates":null,"entities":{"symbols":[],"user_mentions":[{"id":189756616,"indices":[0,9],"id_str":"189756616","screen_name":"Foolinqs","name":"Savarna.W"}],"hashtags":[],"urls":[]},"in_reply_to_screen_name":"Foolinqs","id_str":"544341878049476609","retweet_count":0,"in_reply_to_user_id":189756616,"favorited":false,"user":{"follow_request_sent":false,"profile_use_background_image":true,"profile_text_color":"333333","default_profile_image":false,"id":16992416,"profile_background_image_url_https":"https://pbs.twimg.com/profile_background_images/521367185562685440/aye6acuE.jpeg","verified":false,"profile_location":null,"profile_image_url_https":"https://pbs.twimg.com/profile_images/521367752687120384/kVvceKUg_normal.jpeg","profile_sidebar_fill_color":"DDEEF6","entities":{"url":{"urls":[{"url":"http://t.co/cvOE1GYKzJ","indices":[0,22],"expanded_url":"http://atomiktiger.blogspot.com/","display_url":"atomiktiger.blogspot.com"}]},"description":{"urls":[]}},"followers_count":38925,"profile_sidebar_border_color":"FFFFFF","id_str":"16992416","profile_background_color":"4D5052","listed_count":613,"is_translation_enabled":false,"utc_offset":-28800,"statuses_count":127329,"description":"Published #2A author. Christian, Patriot, Constitution. ΜΟΛΩΝ ΛΑΒΕ #NRA #tcot #PJNET #CCOT #ProLife #ProIsrael #NoSharia #Teaparty","friends_count":30647,"location":"Seattle, WA","profile_link_color":"0084B4","profile_image_url":"http://pbs.twimg.com/profile_images/521367752687120384/kVvceKUg_normal.jpeg","following":false,"geo_enabled":false,"profile_banner_url":"https://pbs.twimg.com/profile_banners/16992416/1413138824","profile_background_image_url":"http://pbs.twimg.com/profile_background_images/521367185562685440/aye6acuE.jpeg","name":"2nd Amendment Fight","lang":"en","profile_background_tile":true,"favourites_count":38413,"screen_name":"2AFight","notifications":false,"url":"http://t.co/cvOE1GYKzJ","created_at":"Mon Oct 27 03:41:19 +0000 2008","contributors_enabled":false,"time_zone":"Pacific Time (US & Canada)","protected":false,"default_profile":false,"is_translator":false},"geo":null,"in_reply_to_user_id_str":"189756616","lang":"en","created_at":"Mon Dec 15 04:03:11 +0000 2014","in_reply_to_status_id_str":"544341527070126081","place":null},
{"contributors":null,"truncated":false,"text":"@Foolinqs the teensiest bit odd that we're so politically correct &amp; paranoid to be call \"racist\" that we won't call a spade a spade?","in_reply_to_status_id":544341527070126081,"id":544342286088159232,"favorite_count":0,"source":"<a href=\"http://twitter.com\" rel=\"nofollow\">Twitter Web Client</a>","retweeted":false,"coordinates":null,"entities":{"symbols":[],"user_mentions":[{"id":189756616,"indices":[0,9],"id_str":"189756616","screen_name":"Foolinqs","name":"Savarna.W"}],"hashtags":[],"urls":[]},"in_reply_to_screen_name":"Foolinqs","id_str":"544342286088159232","retweet_count":0,"in_reply_to_user_id":189756616,"favorited":false,"user":{"follow_request_sent":false,"profile_use_background_image":true,"profile_text_color":"333333","default_profile_image":false,"id":16992416,"profile_background_image_url_https":"https://pbs.twimg.com/profile_background_images/521367185562685440/aye6acuE.jpeg","verified":false,"profile_location":null,"profile_image_url_https":"https://pbs.twimg.com/profile_images/521367752687120384/kVvceKUg_normal.jpeg","profile_sidebar_fill_color":"DDEEF6","entities":{"url":{"urls":[{"url":"http://t.co/cvOE1GYKzJ","indices":[0,22],"expanded_url":"http://atomiktiger.blogspot.com/","display_url":"atomiktiger.blogspot.com"}]},"description":{"urls":[]}},"followers_count":38925,"profile_sidebar_border_color":"FFFFFF","id_str":"16992416","profile_background_color":"4D5052","listed_count":613,"is_translation_enabled":false,"utc_offset":-28800,"statuses_count":127329,"description":"Published #2A author. Christian, Patriot, Constitution. ΜΟΛΩΝ ΛΑΒΕ #NRA #tcot #PJNET #CCOT #ProLife #ProIsrael #NoSharia #Teaparty","friends_count":30641,"location":"Seattle, WA","profile_link_color":"0084B4","profile_image_url":"http://pbs.twimg.com/profile_images/521367752687120384/kVvceKUg_normal.jpeg","following":false,"geo_enabled":false,"profile_banner_url":"https://pbs.twimg.com/profile_banners/16992416/1413138824","profile_background_image_url":"http://pbs.twimg.com/profile_background_images/521367185562685440/aye6acuE.jpeg","name":"2nd Amendment Fight","lang":"en","profile_background_tile":true,"favourites_count":38413,"screen_name":"2AFight","notifications":false,"url":"http://t.co/cvOE1GYKzJ","created_at":"Mon Oct 27 03:41:19 +0000 2008","contributors_enabled":false,"time_zone":"Pacific Time (US & Canada)","protected":false,"default_profile":false,"is_translator":false},"geo":null,"in_reply_to_user_id_str":"189756616","lang":"en","created_at":"Mon Dec 15 04:04:49 +0000 2014","in_reply_to_status_id_str":"544341527070126081","place":null},
{"contributors":null,"truncated":false,"text":"@2AFight In short, the authorities are in no state, especially with their limited knowledge at the moment, to make conclusions.","in_reply_to_status_id":544342286088159232,"id":544342590175191040,"favorite_count":0,"source":"<a href=\"http://twitter.com/download/android\" rel=\"nofollow\">Twitter for Android</a>","retweeted":false,"coordinates":null,"entities":{"symbols":[],"user_mentions":[{"id":16992416,"indices":[0,8],"id_str":"16992416","screen_name":"2AFight","name":"2nd Amendment Fight"}],"hashtags":[],"urls":[]},"in_reply_to_screen_name":"2AFight","id_str":"544342590175191040","retweet_count":0,"in_reply_to_user_id":16992416,"favorited":false,"user":{"follow_request_sent":false,"profile_use_background_image":true,"profile_text_color":"000000","default_profile_image":false,"id":189756616,"profile_background_image_url_https":"https://pbs.twimg.com/profile_background_images/518361379074367488/p7fsGhdt.png","verified":false,"profile_location":null,"profile_image_url_https":"https://pbs.twimg.com/profile_images/558049670413709312/3nXzNfng_normal.jpeg","profile_sidebar_fill_color":"FFFFFF","entities":{"description":{"urls":[]}},"followers_count":218,"profile_sidebar_border_color":"FFFFFF","id_str":"189756616","profile_background_color":"FFFFFF","listed_count":1,"is_translation_enabled":false,"utc_offset":39600,"statuses_count":2104,"description":"◊ Eighteen ◊ Gamer ◊ Dork ◊\r\nTeam follow back","friends_count":202,"location":"Vic, Australia","profile_link_color":"000000","profile_image_url":"http://pbs.twimg.com/profile_images/558049670413709312/3nXzNfng_normal.jpeg","following":false,"geo_enabled":false,"profile_banner_url":"https://pbs.twimg.com/profile_banners/189756616/1401012696","profile_background_image_url":"http://pbs.twimg.com/profile_background_images/518361379074367488/p7fsGhdt.png","name":"Savarna.W","lang":"en","profile_background_tile":false,"favourites_count":290,"screen_name":"Foolinqs","notifications":false,"url":null,"created_at":"Sun Sep 12 03:59:56 +0000 2010","contributors_enabled":false,"time_zone":"New Caledonia","protected":false,"default_profile":false,"is_translator":false},"geo":null,"in_reply_to_user_id_str":"16992416","lang":"en","created_at":"Mon Dec 15 04:06:01 +0000 2014","in_reply_to_status_id_str":"544342286088159232","place":null},
{"contributors":null,"truncated":false,"text":"@Foolinqs Like I said. http://t.co/SIXMm1gbGr","in_reply_to_status_id":544342590175191040,"id":544342858660978688,"favorite_count":3,"source":"<a href=\"http://twitter.com\" rel=\"nofollow\">Twitter Web Client</a>","retweeted":false,"coordinates":null,"entities":{"symbols":[],"user_mentions":[{"id":189756616,"indices":[0,9],"id_str":"189756616","screen_name":"Foolinqs","name":"Savarna.W"}],"hashtags":[],"urls":[],"media":[{"expanded_url":"http://twitter.com/2AFight/status/544342858660978688/photo/1","display_url":"pic.twitter.com/SIXMm1gbGr","url":"http://t.co/SIXMm1gbGr","media_url_https":"https://pbs.twimg.com/media/B43k8fhCIAE-HV6.jpg","id_str":"544342857885032449","sizes":{"large":{"h":398,"resize":"fit","w":720},"small":{"h":187,"resize":"fit","w":340},"medium":{"h":331,"resize":"fit","w":600},"thumb":{"h":150,"resize":"crop","w":150}},"indices":[23,45],"type":"photo","id":544342857885032449,"media_url":"http://pbs.twimg.com/media/B43k8fhCIAE-HV6.jpg"}]},"in_reply_to_screen_name":"Foolinqs","id_str":"544342858660978688","retweet_count":0,"in_reply_to_user_id":189756616,"favorited":false,"user":{"follow_request_sent":false,"profile_use_background_image":true,"profile_text_color":"333333","default_profile_image":false,"id":16992416,"profile_background_image_url_https":"https://pbs.twimg.com/profile_background_images/521367185562685440/aye6acuE.jpeg","verified":false,"profile_location":null,"profile_image_url_https":"https://pbs.twimg.com/profile_images/521367752687120384/kVvceKUg_normal.jpeg","profile_sidebar_fill_color":"DDEEF6","entities":{"url":{"urls":[{"url":"http://t.co/cvOE1GYKzJ","indices":[0,22],"expanded_url":"http://atomiktiger.blogspot.com/","display_url":"atomiktiger.blogspot.com"}]},"description":{"urls":[]}},"followers_count":38925,"profile_sidebar_border_color":"FFFFFF","id_str":"16992416","profile_background_color":"4D5052","listed_count":613,"is_translation_enabled":false,"utc_offset":-28800,"statuses_count":127329,"description":"Published #2A author. Christian, Patriot, Constitution. ΜΟΛΩΝ ΛΑΒΕ #NRA #tcot #PJNET #CCOT #ProLife #ProIsrael #NoSharia #Teaparty","friends_count":30640,"location":"Seattle, WA","profile_link_color":"0084B4","profile_image_url":"http://pbs.twimg.com/profile_images/521367752687120384/kVvceKUg_normal.jpeg","following":false,"geo_enabled":false,"profile_banner_url":"https://pbs.twimg.com/profile_banners/16992416/1413138824","profile_background_image_url":"http://pbs.twimg.com/profile_background_images/521367185562685440/aye6acuE.jpeg","name":"2nd Amendment Fight","lang":"en","profile_background_tile":true,"favourites_count":38413,"screen_name":"2AFight","notifications":false,"url":"http://t.co/cvOE1GYKzJ","created_at":"Mon Oct 27 03:41:19 +0000 2008","contributors_enabled":false,"time_zone":"Pacific Time (US & Canada)","protected":false,"default_profile":false,"is_translator":false},"geo":null,"in_reply_to_user_id_str":"189756616","possibly_sensitive":false,"lang":"en","created_at":"Mon Dec 15 04:07:05 +0000 2014","in_reply_to_status_id_str":"544342590175191040","place":null,"extended_entities":{"media":[{"expanded_url":"http://twitter.com/2AFight/status/544342858660978688/photo/1","display_url":"pic.twitter.com/SIXMm1gbGr","url":"http://t.co/SIXMm1gbGr","media_url_https":"https://pbs.twimg.com/media/B43k8fhCIAE-HV6.jpg","id_str":"544342857885032449","sizes":{"large":{"h":398,"resize":"fit","w":720},"small":{"h":187,"resize":"fit","w":340},"medium":{"h":331,"resize":"fit","w":600},"thumb":{"h":150,"resize":"crop","w":150}},"indices":[23,45],"type":"photo","id":544342857885032449,"media_url":"http://pbs.twimg.com/media/B43k8fhCIAE-HV6.jpg"}]}},
{"contributors":null,"truncated":false,"text":"@GunsmithG @2AFight thanks for clearing that up.","in_reply_to_status_id":544341256105918464,"id":544345303390748672,"favorite_count":0,"source":"<a href=\"http://twitter.com/download/android\" rel=\"nofollow\">Twitter for Android</a>","retweeted":false,"coordinates":null,"entities":{"symbols":[],"user_mentions":[{"id":187959550,"indices":[0,10],"id_str":"187959550","screen_name":"GunsmithG","name":"Garry Å. Bergström"},{"id":16992416,"indices":[11,19],"id_str":"16992416","screen_name":"2AFight","name":"2nd Amendment Fight"}],"hashtags":[],"urls":[]},"in_reply_to_screen_name":"GunsmithG","id_str":"544345303390748672","retweet_count":0,"in_reply_to_user_id":187959550,"favorited":false,"user":{"follow_request_sent":false,"profile_use_background_image":true,"profile_text_color":"333333","default_profile_image":false,"id":846309955,"profile_background_image_url_https":"https://abs.twimg.com/images/themes/theme1/bg.png","verified":false,"profile_location":null,"profile_image_url_https":"https://pbs.twimg.com/profile_images/3098644457/c26e678b8dfc71f02d691cec646aae5e_normal.jpeg","profile_sidebar_fill_color":"DDEEF6","entities":{"description":{"urls":[]}},"followers_count":6,"profile_sidebar_border_color":"C0DEED","id_str":"846309955","profile_background_color":"C0DEED","listed_count":0,"is_translation_enabled":false,"utc_offset":36000,"statuses_count":164,"description":"You don't know me. Probably don't wanna know me either. And I'm fine with that.","friends_count":69,"location":"","profile_link_color":"0084B4","profile_image_url":"http://pbs.twimg.com/profile_images/3098644457/c26e678b8dfc71f02d691cec646aae5e_normal.jpeg","following":false,"geo_enabled":true,"profile_banner_url":"https://pbs.twimg.com/profile_banners/846309955/1359268563","profile_background_image_url":"http://abs.twimg.com/images/themes/theme1/bg.png","name":"Toolieo","lang":"en","profile_background_tile":false,"favourites_count":31,"screen_name":"Toolieo1","notifications":false,"url":null,"created_at":"Tue Sep 25 22:09:48 +0000 2012","contributors_enabled":false,"time_zone":"Brisbane","protected":false,"default_profile":true,"is_translator":false},"geo":null,"in_reply_to_user_id_str":"187959550","lang":"en","created_at":"Mon Dec 15 04:16:48 +0000 2014","in_reply_to_status_id_str":"544341256105918464","place":null},
{"contributors":null,"truncated":false,"text":"@2AFight so if it WAS a sign for help, you'd shoot at them first because you couldn't read it.","in_reply_to_status_id":544335687621689344,"id":544345819537608704,"favorite_count":0,"source":"<a href=\"http://twitter.com/download/android\" rel=\"nofollow\">Twitter for Android</a>","retweeted":false,"coordinates":null,"entities":{"symbols":[],"user_mentions":[{"id":16992416,"indices":[0,8],"id_str":"16992416","screen_name":"2AFight","name":"2nd Amendment Fight"}],"hashtags":[],"urls":[]},"in_reply_to_screen_name":"Toolieo1","id_str":"544345819537608704","retweet_count":0,"in_reply_to_user_id":846309955,"favorited":false,"user":{"follow_request_sent":false,"profile_use_background_image":true,"profile_text_color":"333333","default_profile_image":false,"id":846309955,"profile_background_image_url_https":"https://abs.twimg.com/images/themes/theme1/bg.png","verified":false,"profile_location":null,"profile_image_url_https":"https://pbs.twimg.com/profile_images/3098644457/c26e678b8dfc71f02d691cec646aae5e_normal.jpeg","profile_sidebar_fill_color":"DDEEF6","entities":{"description":{"urls":[]}},"followers_count":6,"profile_sidebar_border_color":"C0DEED","id_str":"846309955","profile_background_color":"C0DEED","listed_count":0,"is_translation_enabled":false,"utc_offset":36000,"statuses_count":164,"description":"You don't know me. Probably don't wanna know me either. And I'm fine with that.","friends_count":69,"location":"","profile_link_color":"0084B4","profile_image_url":"http://pbs.twimg.com/profile_images/3098644457/c26e678b8dfc71f02d691cec646aae5e_normal.jpeg","following":false,"geo_enabled":true,"profile_banner_url":"https://pbs.twimg.com/profile_banners/846309955/1359268563","profile_background_image_url":"http://abs.twimg.com/images/themes/theme1/bg.png","name":"Toolieo","lang":"en","profile_background_tile":false,"favourites_count":31,"screen_name":"Toolieo1","notifications":false,"url":null,"created_at":"Tue Sep 25 22:09:48 +0000 2012","contributors_enabled":false,"time_zone":"Brisbane","protected":false,"default_profile":true,"is_translator":false},"geo":null,"in_reply_to_user_id_str":"846309955","lang":"en","created_at":"Mon Dec 15 04:18:51 +0000 2014","in_reply_to_status_id_str":"544335687621689344","place":null},
{"contributors":null,"truncated":false,"text":"@GunsmithG we're geting many reports on what it could say. As an Aussie, in Au, it's very confusing hearing diff news reports every 5 min.","in_reply_to_status_id":544341256105918464,"id":544347982213021696,"favorite_count":1,"source":"<a href=\"http://twitter.com/download/android\" rel=\"nofollow\">Twitter for Android</a>","retweeted":false,"coordinates":null,"entities":{"symbols":[],"user_mentions":[{"id":187959550,"indices":[0,10],"id_str":"187959550","screen_name":"GunsmithG","name":"Garry Å. Bergström"}],"hashtags":[],"urls":[]},"in_reply_to_screen_name":"GunsmithG","id_str":"544347982213021696","retweet_count":0,"in_reply_to_user_id":187959550,"favorited":false,"user":{"follow_request_sent":false,"profile_use_background_image":true,"profile_text_color":"333333","default_profile_image":false,"id":846309955,"profile_background_image_url_https":"https://abs.twimg.com/images/themes/theme1/bg.png","verified":false,"profile_location":null,"profile_image_url_https":"https://pbs.twimg.com/profile_images/3098644457/c26e678b8dfc71f02d691cec646aae5e_normal.jpeg","profile_sidebar_fill_color":"DDEEF6","entities":{"description":{"urls":[]}},"followers_count":6,"profile_sidebar_border_color":"C0DEED","id_str":"846309955","profile_background_color":"C0DEED","listed_count":0,"is_translation_enabled":false,"utc_offset":36000,"statuses_count":164,"description":"You don't know me. Probably don't wanna know me either. And I'm fine with that.","friends_count":69,"location":"","profile_link_color":"0084B4","profile_image_url":"http://pbs.twimg.com/profile_images/3098644457/c26e678b8dfc71f02d691cec646aae5e_normal.jpeg","following":false,"geo_enabled":true,"profile_banner_url":"https://pbs.twimg.com/profile_banners/846309955/1359268563","profile_background_image_url":"http://abs.twimg.com/images/themes/theme1/bg.png","name":"Toolieo","lang":"en","profile_background_tile":false,"favourites_count":31,"screen_name":"Toolieo1","notifications":false,"url":null,"created_at":"Tue Sep 25 22:09:48 +0000 2012","contributors_enabled":false,"time_zone":"Brisbane","protected":false,"default_profile":true,"is_translator":false},"geo":null,"in_reply_to_user_id_str":"187959550","lang":"en","created_at":"Mon Dec 15 04:27:27 +0000 2014","in_reply_to_status_id_str":"544341256105918464","place":null},
{"contributors":null,"truncated":false,"text":"@2AFight well then, I would have to say I agree with them!!!","in_reply_to_status_id":544340524681814016,"id":544356293969195008,"favorite_count":1,"source":"<a href=\"http://twitter.com/download/android\" rel=\"nofollow\">Twitter for Android</a>","retweeted":false,"coordinates":null,"entities":{"symbols":[],"user_mentions":[{"id":16992416,"indices":[0,8],"id_str":"16992416","screen_name":"2AFight","name":"2nd Amendment Fight"}],"hashtags":[],"urls":[]},"in_reply_to_screen_name":"2AFight","id_str":"544356293969195008","retweet_count":0,"in_reply_to_user_id":16992416,"favorited":false,"user":{"follow_request_sent":false,"profile_use_background_image":true,"profile_text_color":"333333","default_profile_image":false,"id":907057602,"profile_background_image_url_https":"https://abs.twimg.com/images/themes/theme14/bg.gif","verified":false,"profile_location":null,"profile_image_url_https":"https://pbs.twimg.com/profile_images/3309269540/1d51c5eb11cb28a7708b7a4cd18eea5e_normal.jpeg","profile_sidebar_fill_color":"EFEFEF","entities":{"description":{"urls":[]}},"followers_count":864,"profile_sidebar_border_color":"EEEEEE","id_str":"907057602","profile_background_color":"131516","listed_count":2,"is_translation_enabled":false,"utc_offset":-18000,"statuses_count":5389,"description":"","friends_count":1992,"location":"","profile_link_color":"009999","profile_image_url":"http://pbs.twimg.com/profile_images/3309269540/1d51c5eb11cb28a7708b7a4cd18eea5e_normal.jpeg","following":false,"geo_enabled":false,"profile_background_image_url":"http://abs.twimg.com/images/themes/theme14/bg.gif","name":"rod haynes","lang":"en","profile_background_tile":true,"favourites_count":2072,"screen_name":"canmn0226","notifications":false,"url":null,"created_at":"Sat Oct 27 00:37:05 +0000 2012","contributors_enabled":false,"time_zone":"Eastern Time (US & Canada)","protected":false,"default_profile":false,"is_translator":false},"geo":null,"in_reply_to_user_id_str":"16992416","lang":"en","created_at":"Mon Dec 15 05:00:28 +0000 2014","in_reply_to_status_id_str":"544340524681814016","place":null},
{"contributors":null,"truncated":false,"text":"Yes when I wave a flag for trouble it's always the flag of jihadist. I hope you were kidding. --&gt;@Toolieo1 @2AFight","in_reply_to_status_id":544335687621689344,"id":544357834096254976,"favorite_count":0,"source":"<a href=\"http://twitter.com\" rel=\"nofollow\">Twitter Web Client</a>","retweeted":false,"coordinates":null,"entities":{"symbols":[],"user_mentions":[{"id":846309955,"indices":[100,109],"id_str":"846309955","screen_name":"Toolieo1","name":"Toolieo"},{"id":16992416,"indices":[110,118],"id_str":"16992416","screen_name":"2AFight","name":"2nd Amendment Fight"}],"hashtags":[],"urls":[]},"in_reply_to_screen_name":"Toolieo1","id_str":"544357834096254976","retweet_count":0,"in_reply_to_user_id":846309955,"favorited":false,"user":{"follow_request_sent":false,"profile_use_background_image":true,"profile_text_color":"3C3940","default_profile_image":false,"id":562232794,"profile_background_image_url_https":"https://pbs.twimg.com/profile_background_images/860657996/ab8a6a6a6c6650d415ac54e67ca34e75.jpeg","verified":false,"profile_location":null,"profile_image_url_https":"https://pbs.twimg.com/profile_images/344513261573700414/e1ed4be7a9359535b96a5b890ae57472_normal.png","profile_sidebar_fill_color":"95E8EC","entities":{"url":{"urls":[{"url":"http://t.co/PcAHQkU1jZ","indices":[0,22],"expanded_url":"http://cofemale.wordpress.com/","display_url":"cofemale.wordpress.com"}]},"description":{"urls":[]}},"followers_count":3317,"profile_sidebar_border_color":"000000","id_str":"562232794","profile_background_color":"030C1A","listed_count":99,"is_translation_enabled":false,"utc_offset":-25200,"statuses_count":48625,"description":"Scorpio, Conservative Christian w/ attitude. Not one of those turn the other cheek Christians.Take back America from the Socialist. Some cursing at Liberals.","friends_count":2796,"location":"Conservative Colorado","profile_link_color":"5600B8","profile_image_url":"http://pbs.twimg.com/profile_images/344513261573700414/e1ed4be7a9359535b96a5b890ae57472_normal.png","following":false,"geo_enabled":false,"profile_banner_url":"https://pbs.twimg.com/profile_banners/562232794/1401375398","profile_background_image_url":"http://pbs.twimg.com/profile_background_images/860657996/ab8a6a6a6c6650d415ac54e67ca34e75.jpeg","name":"Christmas Grandma","lang":"en","profile_background_tile":false,"favourites_count":2903,"screen_name":"CoFemale","notifications":false,"url":"http://t.co/PcAHQkU1jZ","created_at":"Tue Apr 24 18:15:10 +0000 2012","contributors_enabled":false,"time_zone":"Mountain Time (US & Canada)","protected":false,"default_profile":false,"is_translator":false},"geo":null,"in_reply_to_user_id_str":"846309955","lang":"en","created_at":"Mon Dec 15 05:06:35 +0000 2014","in_reply_to_status_id_str":"544335687621689344","place":null},
{"contributors":null,"truncated":false,"text":"Just cuz they carry an Islamic flag doesn't mean they're all extremist but have a confederate flag they're all extremist @CoFemale @Toolieo1","in_reply_to_status_id":544357834096254976,"id":544359084179595264,"favorite_count":3,"source":"<a href=\"http://twitter.com/#!/download/ipad\" rel=\"nofollow\">Twitter for iPad</a>","retweeted":false,"coordinates":null,"entities":{"symbols":[],"user_mentions":[{"id":562232794,"indices":[121,130],"id_str":"562232794","screen_name":"CoFemale","name":"BS Intolerant"},{"id":846309955,"indices":[131,140],"id_str":"846309955","screen_name":"Toolieo1","name":"Toolieo"}],"hashtags":[],"urls":[]},"in_reply_to_screen_name":"CoFemale","id_str":"544359084179595264","retweet_count":5,"in_reply_to_user_id":562232794,"favorited":false,"user":{"follow_request_sent":false,"profile_use_background_image":true,"profile_text_color":"333333","default_profile_image":false,"id":342737639,"profile_background_image_url_https":"https://pbs.twimg.com/profile_background_images/444106566648598528/TrCO9l-w.jpeg","verified":false,"profile_location":null,"profile_image_url_https":"https://pbs.twimg.com/profile_images/586527164071161856/KVhrM86G_normal.png","profile_sidebar_fill_color":"DDEEF6","entities":{"description":{"urls":[]}},"followers_count":8857,"profile_sidebar_border_color":"FFFFFF","id_str":"342737639","profile_background_color":"C0DEED","listed_count":219,"is_translation_enabled":false,"utc_offset":-18000,"statuses_count":146966,"description":"A #Conservative fighting to take back the country. Support the military, the Constitution, and the #TeaParty Please Follow Backup @JenSand1332","friends_count":7777,"location":"Texas","profile_link_color":"0084B4","profile_image_url":"http://pbs.twimg.com/profile_images/586527164071161856/KVhrM86G_normal.png","following":false,"geo_enabled":true,"profile_banner_url":"https://pbs.twimg.com/profile_banners/342737639/1395085025","profile_background_image_url":"http://pbs.twimg.com/profile_background_images/444106566648598528/TrCO9l-w.jpeg","name":"WillNotVote4Jeb-Jen","lang":"en","profile_background_tile":true,"favourites_count":37936,"screen_name":"jensan1332","notifications":false,"url":null,"created_at":"Tue Jul 26 14:14:15 +0000 2011","contributors_enabled":false,"time_zone":"Eastern Time (US & Canada)","protected":false,"default_profile":false,"is_translator":false},"geo":null,"in_reply_to_user_id_str":"562232794","lang":"en","created_at":"Mon Dec 15 05:11:34 +0000 2014","in_reply_to_status_id_str":"544357834096254976","place":null},
{"contributors":null,"truncated":false,"text":"@CoFemale @2AFight at the time of writing that, it wasn't confirmed what it was. Just Islamic writing.  That's why I wrote what I did.","in_reply_to_status_id":544357834096254976,"id":544371227565891587,"favorite_count":0,"source":"<a href=\"http://twitter.com/download/android\" rel=\"nofollow\">Twitter for Android</a>","retweeted":false,"coordinates":null,"entities":{"symbols":[],"user_mentions":[{"id":562232794,"indices":[0,9],"id_str":"562232794","screen_name":"CoFemale","name":"Christmas Grandma"},{"id":16992416,"indices":[10,18],"id_str":"16992416","screen_name":"2AFight","name":"2nd Amendment Fight"}],"hashtags":[],"urls":[]},"in_reply_to_screen_name":"CoFemale","id_str":"544371227565891587","retweet_count":0,"in_reply_to_user_id":562232794,"favorited":false,"user":{"follow_request_sent":false,"profile_use_background_image":true,"profile_text_color":"333333","default_profile_image":false,"id":846309955,"profile_background_image_url_https":"https://abs.twimg.com/images/themes/theme1/bg.png","verified":false,"profile_location":null,"profile_image_url_https":"https://pbs.twimg.com/profile_images/3098644457/c26e678b8dfc71f02d691cec646aae5e_normal.jpeg","profile_sidebar_fill_color":"DDEEF6","entities":{"description":{"urls":[]}},"followers_count":6,"profile_sidebar_border_color":"C0DEED","id_str":"846309955","profile_background_color":"C0DEED","listed_count":0,"is_translation_enabled":false,"utc_offset":36000,"statuses_count":164,"description":"You don't know me. Probably don't wanna know me either. And I'm fine with that.","friends_count":69,"location":"","profile_link_color":"0084B4","profile_image_url":"http://pbs.twimg.com/profile_images/3098644457/c26e678b8dfc71f02d691cec646aae5e_normal.jpeg","following":false,"geo_enabled":true,"profile_banner_url":"https://pbs.twimg.com/profile_banners/846309955/1359268563","profile_background_image_url":"http://abs.twimg.com/images/themes/theme1/bg.png","name":"Toolieo","lang":"en","profile_background_tile":false,"favourites_count":31,"screen_name":"Toolieo1","notifications":false,"url":null,"created_at":"Tue Sep 25 22:09:48 +0000 2012","contributors_enabled":false,"time_zone":"Brisbane","protected":false,"default_profile":true,"is_translator":false},"geo":null,"in_reply_to_user_id_str":"562232794","lang":"en","created_at":"Mon Dec 15 05:59:49 +0000 2014","in_reply_to_status_id_str":"544357834096254976","place":null},
{"contributors":null,"truncated":false,"text":"@Toolieo1 \"Only 1 God, and Mohammed is his prophet.\" Don't need to know Arabic to recognize it from the Al Qaeda, Taliban, and Saudi flags.","in_reply_to_status_id":544335687621689344,"id":544380549545357312,"favorite_count":0,"source":"<a href=\"http://twitter.com/download/android\" rel=\"nofollow\">Twitter for Android</a>","retweeted":false,"coordinates":null,"entities":{"symbols":[],"user_mentions":[{"id":846309955,"indices":[0,9],"id_str":"846309955","screen_name":"Toolieo1","name":"Toolieo"}],"hashtags":[],"urls":[]},"in_reply_to_screen_name":"Toolieo1","id_str":"544380549545357312","retweet_count":0,"in_reply_to_user_id":846309955,"favorited":false,"user":{"follow_request_sent":false,"profile_use_background_image":true,"profile_text_color":"FF0000","default_profile_image":false,"id":404481715,"profile_background_image_url_https":"https://pbs.twimg.com/profile_background_images/536111430/x819de618e1985cdc735fffd49188a7f.png","verified":false,"profile_location":null,"profile_image_url_https":"https://pbs.twimg.com/profile_images/542552392596987904/_V29F7mW_normal.png","profile_sidebar_fill_color":"DDEEF6","entities":{"description":{"urls":[]}},"followers_count":321,"profile_sidebar_border_color":"C0DEED","id_str":"404481715","profile_background_color":"642D8B","listed_count":1,"is_translation_enabled":false,"utc_offset":null,"statuses_count":3960,"description":"Speak the truth, even if your voice shakes.","friends_count":43,"location":"","profile_link_color":"333333","profile_image_url":"http://pbs.twimg.com/profile_images/542552392596987904/_V29F7mW_normal.png","following":false,"geo_enabled":true,"profile_banner_url":"https://pbs.twimg.com/profile_banners/404481715/1406684300","profile_background_image_url":"http://pbs.twimg.com/profile_background_images/536111430/x819de618e1985cdc735fffd49188a7f.png","name":"Bella Silver","lang":"en","profile_background_tile":true,"favourites_count":6394,"screen_name":"BJRsilver","notifications":false,"url":null,"created_at":"Fri Nov 04 00:13:25 +0000 2011","contributors_enabled":false,"time_zone":null,"protected":false,"default_profile":false,"is_translator":false},"geo":null,"in_reply_to_user_id_str":"846309955","lang":"en","created_at":"Mon Dec 15 06:36:51 +0000 2014","in_reply_to_status_id_str":"544335687621689344","place":null},
{"contributors":null,"truncated":false,"text":"@BJRsilver sorry. Haven't spent much time looking at those types of flags. Only saw (part of) Arabic writing. At the time of that 1st post.","in_reply_to_status_id":544380549545357312,"id":544384064648511488,"favorite_count":0,"source":"<a href=\"http://twitter.com/download/android\" rel=\"nofollow\">Twitter for Android</a>","retweeted":false,"coordinates":null,"entities":{"symbols":[],"user_mentions":[{"id":404481715,"indices":[0,10],"id_str":"404481715","screen_name":"BJRsilver","name":"Bella Silver"}],"hashtags":[],"urls":[]},"in_reply_to_screen_name":"BJRsilver","id_str":"544384064648511488","retweet_count":0,"in_reply_to_user_id":404481715,"favorited":false,"user":{"follow_request_sent":false,"profile_use_background_image":true,"profile_text_color":"333333","default_profile_image":false,"id":846309955,"profile_background_image_url_https":"https://abs.twimg.com/images/themes/theme1/bg.png","verified":false,"profile_location":null,"profile_image_url_https":"https://pbs.twimg.com/profile_images/3098644457/c26e678b8dfc71f02d691cec646aae5e_normal.jpeg","profile_sidebar_fill_color":"DDEEF6","entities":{"description":{"urls":[]}},"followers_count":6,"profile_sidebar_border_color":"C0DEED","id_str":"846309955","profile_background_color":"C0DEED","listed_count":0,"is_translation_enabled":false,"utc_offset":36000,"statuses_count":164,"description":"You don't know me. Probably don't wanna know me either. And I'm fine with that.","friends_count":69,"location":"","profile_link_color":"0084B4","profile_image_url":"http://pbs.twimg.com/profile_images/3098644457/c26e678b8dfc71f02d691cec646aae5e_normal.jpeg","following":false,"geo_enabled":true,"profile_banner_url":"https://pbs.twimg.com/profile_banners/846309955/1359268563","profile_background_image_url":"http://abs.twimg.com/images/themes/theme1/bg.png","name":"Toolieo","lang":"en","profile_background_tile":false,"favourites_count":31,"screen_name":"Toolieo1","notifications":false,"url":null,"created_at":"Tue Sep 25 22:09:48 +0000 2012","contributors_enabled":false,"time_zone":"Brisbane","protected":false,"default_profile":true,"is_translator":false},"geo":null,"in_reply_to_user_id_str":"404481715","lang":"en","created_at":"Mon Dec 15 06:50:49 +0000 2014","in_reply_to_status_id_str":"544380549545357312","place":null},
{"contributors":null,"truncated":false,"text":"@Toolieo1 Wouldn't expect everyone to recognize it off the bat, but certainly counter-terrorism policemen have learned it in training.","in_reply_to_status_id":544384064648511488,"id":544384877232418816,"favorite_count":0,"source":"<a href=\"http://twitter.com/download/android\" rel=\"nofollow\">Twitter for Android</a>","retweeted":false,"coordinates":null,"entities":{"symbols":[],"user_mentions":[{"id":846309955,"indices":[0,9],"id_str":"846309955","screen_name":"Toolieo1","name":"Toolieo"}],"hashtags":[],"urls":[]},"in_reply_to_screen_name":"Toolieo1","id_str":"544384877232418816","retweet_count":0,"in_reply_to_user_id":846309955,"favorited":false,"user":{"follow_request_sent":false,"profile_use_background_image":true,"profile_text_color":"FF0000","default_profile_image":false,"id":404481715,"profile_background_image_url_https":"https://pbs.twimg.com/profile_background_images/536111430/x819de618e1985cdc735fffd49188a7f.png","verified":false,"profile_location":null,"profile_image_url_https":"https://pbs.twimg.com/profile_images/542552392596987904/_V29F7mW_normal.png","profile_sidebar_fill_color":"DDEEF6","entities":{"description":{"urls":[]}},"followers_count":321,"profile_sidebar_border_color":"C0DEED","id_str":"404481715","profile_background_color":"642D8B","listed_count":1,"is_translation_enabled":false,"utc_offset":null,"statuses_count":3960,"description":"Speak the truth, even if your voice shakes.","friends_count":43,"location":"","profile_link_color":"333333","profile_image_url":"http://pbs.twimg.com/profile_images/542552392596987904/_V29F7mW_normal.png","following":false,"geo_enabled":true,"profile_banner_url":"https://pbs.twimg.com/profile_banners/404481715/1406684300","profile_background_image_url":"http://pbs.twimg.com/profile_background_images/536111430/x819de618e1985cdc735fffd49188a7f.png","name":"Bella Silver","lang":"en","profile_background_tile":true,"favourites_count":6394,"screen_name":"BJRsilver","notifications":false,"url":null,"created_at":"Fri Nov 04 00:13:25 +0000 2011","contributors_enabled":false,"time_zone":null,"protected":false,"default_profile":false,"is_translator":false},"geo":null,"in_reply_to_user_id_str":"846309955","lang":"en","created_at":"Mon Dec 15 06:54:03 +0000 2014","in_reply_to_status_id_str":"544384064648511488","place":null},
{"contributors":null,"truncated":false,"text":"@Toolieo1 @2AFight no problem.","in_reply_to_status_id":544345303390748672,"id":544388190698999808,"favorite_count":0,"source":"<a href=\"http://twitter.com/download/android\" rel=\"nofollow\">Twitter for Android</a>","retweeted":false,"coordinates":null,"entities":{"symbols":[],"user_mentions":[{"id":846309955,"indices":[0,9],"id_str":"846309955","screen_name":"Toolieo1","name":"Toolieo"},{"id":16992416,"indices":[10,18],"id_str":"16992416","screen_name":"2AFight","name":"2nd Amendment Fight"}],"hashtags":[],"urls":[]},"in_reply_to_screen_name":"Toolieo1","id_str":"544388190698999808","retweet_count":0,"in_reply_to_user_id":846309955,"favorited":false,"user":{"follow_request_sent":false,"profile_use_background_image":true,"profile_text_color":"333333","default_profile_image":false,"id":187959550,"profile_background_image_url_https":"https://abs.twimg.com/images/themes/theme1/bg.png","verified":false,"profile_location":null,"profile_image_url_https":"https://pbs.twimg.com/profile_images/445823496904396801/UAsXX2bo_normal.jpeg","profile_sidebar_fill_color":"DDEEF6","entities":{"description":{"urls":[]}},"followers_count":1823,"profile_sidebar_border_color":"C0DEED","id_str":"187959550","profile_background_color":"C0DEED","listed_count":24,"is_translation_enabled":false,"utc_offset":null,"statuses_count":14050,"description":"Motorcycle lover,custom gunsmith, motion picture tech advisor, former international bodyguard, Scarlett Johansson's dream guy, and a sarcastic ass.","friends_count":1870,"location":"Kennewick, WA","profile_link_color":"0084B4","profile_image_url":"http://pbs.twimg.com/profile_images/445823496904396801/UAsXX2bo_normal.jpeg","following":false,"geo_enabled":true,"profile_banner_url":"https://pbs.twimg.com/profile_banners/187959550/1391287446","profile_background_image_url":"http://abs.twimg.com/images/themes/theme1/bg.png","name":"Garry Å. Bergström","lang":"en","profile_background_tile":false,"favourites_count":6387,"screen_name":"GunsmithG","notifications":false,"url":null,"created_at":"Tue Sep 07 15:50:18 +0000 2010","contributors_enabled":false,"time_zone":null,"protected":false,"default_profile":true,"is_translator":false},"geo":null,"in_reply_to_user_id_str":"846309955","lang":"en","created_at":"Mon Dec 15 07:07:13 +0000 2014","in_reply_to_status_id_str":"544345303390748672","place":null},
{"contributors":null,"truncated":false,"text":"@Toolieo1 I can only imagine.  I spent some time as a bodyguard in the middle east,  picked up a lil bit.","in_reply_to_status_id":544347982213021696,"id":544388708024467456,"favorite_count":0,"source":"<a href=\"http://twitter.com/download/android\" rel=\"nofollow\">Twitter for Android</a>","retweeted":false,"coordinates":null,"entities":{"symbols":[],"user_mentions":[{"id":846309955,"indices":[0,9],"id_str":"846309955","screen_name":"Toolieo1","name":"Toolieo"}],"hashtags":[],"urls":[]},"in_reply_to_screen_name":"Toolieo1","id_str":"544388708024467456","retweet_count":0,"in_reply_to_user_id":846309955,"favorited":false,"user":{"follow_request_sent":false,"profile_use_background_image":true,"profile_text_color":"333333","default_profile_image":false,"id":187959550,"profile_background_image_url_https":"https://abs.twimg.com/images/themes/theme1/bg.png","verified":false,"profile_location":null,"profile_image_url_https":"https://pbs.twimg.com/profile_images/445823496904396801/UAsXX2bo_normal.jpeg","profile_sidebar_fill_color":"DDEEF6","entities":{"description":{"urls":[]}},"followers_count":1823,"profile_sidebar_border_color":"C0DEED","id_str":"187959550","profile_background_color":"C0DEED","listed_count":24,"is_translation_enabled":false,"utc_offset":null,"statuses_count":14050,"description":"Motorcycle lover,custom gunsmith, motion picture tech advisor, former international bodyguard, Scarlett Johansson's dream guy, and a sarcastic ass.","friends_count":1870,"location":"Kennewick, WA","profile_link_color":"0084B4","profile_image_url":"http://pbs.twimg.com/profile_images/445823496904396801/UAsXX2bo_normal.jpeg","following":false,"geo_enabled":true,"profile_banner_url":"https://pbs.twimg.com/profile_banners/187959550/1391287446","profile_background_image_url":"http://abs.twimg.com/images/themes/theme1/bg.png","name":"Garry Å. Bergström","lang":"en","profile_background_tile":false,"favourites_count":6387,"screen_name":"GunsmithG","notifications":false,"url":null,"created_at":"Tue Sep 07 15:50:18 +0000 2010","contributors_enabled":false,"time_zone":null,"protected":false,"default_profile":true,"is_translator":false},"geo":null,"in_reply_to_user_id_str":"846309955","lang":"en","created_at":"Mon Dec 15 07:09:16 +0000 2014","in_reply_to_status_id_str":"544347982213021696","place":null},
{"contributors":null,"truncated":false,"text":"@Toolieo1 @2AFight The text on the flag said: \"There is no God but Allah and Muhammad is the messenger of God.\"","in_reply_to_status_id":544335687621689344,"id":544389610235625473,"favorite_count":0,"source":"<a href=\"http://twitter.com\" rel=\"nofollow\">Twitter Web Client</a>","retweeted":false,"coordinates":null,"entities":{"symbols":[],"user_mentions":[{"id":846309955,"indices":[0,9],"id_str":"846309955","screen_name":"Toolieo1","name":"Toolieo"},{"id":16992416,"indices":[10,18],"id_str":"16992416","screen_name":"2AFight","name":"2nd Amendment Fight"}],"hashtags":[],"urls":[]},"in_reply_to_screen_name":"Toolieo1","id_str":"544389610235625473","retweet_count":0,"in_reply_to_user_id":846309955,"favorited":false,"user":{"follow_request_sent":false,"profile_use_background_image":true,"profile_text_color":"362720","default_profile_image":false,"id":2827694780,"profile_background_image_url_https":"https://pbs.twimg.com/profile_background_images/544014365398036480/R5l_YYLw.jpeg","verified":false,"profile_location":null,"profile_image_url_https":"https://pbs.twimg.com/profile_images/572271542299574272/tNS-aVuc_normal.jpeg","profile_sidebar_fill_color":"E5507E","entities":{"description":{"urls":[]}},"followers_count":1647,"profile_sidebar_border_color":"CC3366","id_str":"2827694780","profile_background_color":"FF6699","listed_count":22,"is_translation_enabled":false,"utc_offset":null,"statuses_count":9501,"description":"I LOVE AMERICA, OUR MILITARY  AND FREEDOM..Let's do this and take our freedoms back !! Oh, and I'm an Infidel ♥   NO DM PLEASE, I don't check,  thank you ♥","friends_count":1899,"location":"here and there","profile_link_color":"B40B43","profile_image_url":"http://pbs.twimg.com/profile_images/572271542299574272/tNS-aVuc_normal.jpeg","following":false,"geo_enabled":false,"profile_banner_url":"https://pbs.twimg.com/profile_banners/2827694780/1418463370","profile_background_image_url":"http://pbs.twimg.com/profile_background_images/544014365398036480/R5l_YYLw.jpeg","name":"Victoria Coco","lang":"en","profile_background_tile":true,"favourites_count":2911,"screen_name":"sweet_vicky1","notifications":false,"url":null,"created_at":"Tue Sep 23 08:44:08 +0000 2014","contributors_enabled":false,"time_zone":null,"protected":false,"default_profile":false,"is_translator":false},"geo":null,"in_reply_to_user_id_str":"846309955","lang":"en","created_at":"Mon Dec 15 07:12:52 +0000 2014","in_reply_to_status_id_str":"544335687621689344","place":null}
]