[{"contributors":null,"truncated":false,"text":"@BuzzFeedNews @BuzzFeed @BuzzFeedOz I hope everyone gets out safely!!!","in_reply_to_status_id":544316500002484226,"id":544317888354869248,"favorite_count":0,"source":"<a href=\"http://twitter.com/download/iphone\" rel=\"nofollow\">Twitter for iPhone</a>","retweeted":false,"coordinates":null,"entities":{"symbols":[],"user_mentions":[{"id":1020058453,"indices":[0,13],"id_str":"1020058453","screen_name":"BuzzFeedNews","name":"BuzzFeed News"},{"id":5695632,"indices":[14,23],"id_str":"5695632","screen_name":"BuzzFeed","name":"BuzzFeed"},{"id":1855737487,"indices":[24,35],"id_str":"1855737487","screen_name":"BuzzFeedOz","name":"BuzzFeed Australia"}],"hashtags":[],"urls":[]},"in_reply_to_screen_name":"BuzzFeedNews","id_str":"544317888354869248","retweet_count":0,"in_reply_to_user_id":1020058453,"favorited":false,"user":{"follow_request_sent":false,"profile_use_background_image":true,"profile_text_color":"333333","default_profile_image":false,"id":241786512,"profile_background_image_url_https":"https://abs.twimg.com/images/themes/theme1/bg.png","verified":false,"profile_location":null,"profile_image_url_https":"https://pbs.twimg.com/profile_images/542161462400401408/aKv-AMpL_normal.jpeg","profile_sidebar_fill_color":"DDEEF6","entities":{"description":{"urls":[]}},"followers_count":25,"profile_sidebar_border_color":"C0DEED","id_str":"241786512","profile_background_color":"C0DEED","listed_count":0,"is_translation_enabled":false,"utc_offset":-18000,"statuses_count":66,"description":"I'm 27, and i think the flying spaghetti monster, scientology, and cthulu should get togeather to make a mecca religion!","friends_count":80,"location":"london intario","profile_link_color":"0084B4","profile_image_url":"http://pbs.twimg.com/profile_images/542161462400401408/aKv-AMpL_normal.jpeg","following":false,"geo_enabled":true,"profile_banner_url":"https://pbs.twimg.com/profile_banners/241786512/1418102784","profile_background_image_url":"http://abs.twimg.com/images/themes/theme1/bg.png","name":"shannon wilkin","lang":"en","profile_background_tile":false,"favourites_count":69,"screen_name":"shwilkin1","notifications":false,"url":null,"created_at":"Sun Jan 23 04:08:44 +0000 2011","contributors_enabled":false,"time_zone":"Eastern Time (US & Canada)","protected":false,"default_profile":true,"is_translator":false},"geo":null,"in_reply_to_user_id_str":"1020058453","lang":"en","created_at":"Mon Dec 15 02:27:52 +0000 2014","in_reply_to_status_id_str":"544316500002484226","place":null}
]