[{"contributors":null,"truncated":false,"text":"@MariamVeiszadeh Do you know him?","in_reply_to_status_id":544308188909027328,"id":544308536537120768,"favorite_count":0,"source":"<a href=\"http://twitter.com/download/android\" rel=\"nofollow\">Twitter for Android</a>","retweeted":false,"coordinates":null,"entities":{"symbols":[],"user_mentions":[{"id":153029181,"indices":[0,16],"id_str":"153029181","screen_name":"MariamVeiszadeh","name":"Mariam Veiszadeh"}],"hashtags":[],"urls":[]},"in_reply_to_screen_name":"MariamVeiszadeh","id_str":"544308536537120768","retweet_count":0,"in_reply_to_user_id":153029181,"favorited":false,"user":{"follow_request_sent":false,"profile_use_background_image":true,"profile_text_color":"333333","default_profile_image":false,"id":500537497,"profile_background_image_url_https":"https://abs.twimg.com/images/themes/theme1/bg.png","verified":false,"profile_location":null,"profile_image_url_https":"https://pbs.twimg.com/profile_images/378800000490717213/c7199f3ce55dc3e299e71efe5b0d57ed_normal.jpeg","profile_sidebar_fill_color":"DDEEF6","entities":{"description":{"urls":[]}},"followers_count":640,"profile_sidebar_border_color":"C0DEED","id_str":"500537497","profile_background_color":"C0DEED","listed_count":7,"is_translation_enabled":false,"utc_offset":39600,"statuses_count":1608,"description":"Vote 1 Labor","friends_count":28,"location":"Australia","profile_link_color":"0084B4","profile_image_url":"http://pbs.twimg.com/profile_images/378800000490717213/c7199f3ce55dc3e299e71efe5b0d57ed_normal.jpeg","following":false,"geo_enabled":false,"profile_background_image_url":"http://abs.twimg.com/images/themes/theme1/bg.png","name":"Vote1Labor","lang":"en","profile_background_tile":false,"favourites_count":843,"screen_name":"Vote1Labor","notifications":false,"url":null,"created_at":"Thu Feb 23 07:04:30 +0000 2012","contributors_enabled":false,"time_zone":"Sydney","protected":false,"default_profile":true,"is_translator":false},"geo":null,"in_reply_to_user_id_str":"153029181","lang":"en","created_at":"Mon Dec 15 01:50:42 +0000 2014","in_reply_to_status_id_str":"544308188909027328","place":null},
{"contributors":null,"truncated":false,"text":"@MariamVeiszadeh Where are all the Lakemba boys now? Still on their way in to town to help out?!?!   #sydneysiege","in_reply_to_status_id":544308188909027328,"id":544308880390385665,"favorite_count":0,"source":"<a href=\"http://twitter.com\" rel=\"nofollow\">Twitter Web Client</a>","retweeted":false,"coordinates":null,"entities":{"symbols":[],"user_mentions":[{"id":153029181,"indices":[0,16],"id_str":"153029181","screen_name":"MariamVeiszadeh","name":"Mariam Veiszadeh"}],"hashtags":[{"indices":[101,113],"text":"sydneysiege"}],"urls":[]},"in_reply_to_screen_name":"MariamVeiszadeh","id_str":"544308880390385665","retweet_count":0,"in_reply_to_user_id":153029181,"favorited":false,"user":{"follow_request_sent":false,"profile_use_background_image":true,"profile_text_color":"333333","default_profile_image":false,"id":2926217803,"profile_background_image_url_https":"https://abs.twimg.com/images/themes/theme1/bg.png","verified":false,"profile_location":null,"profile_image_url_https":"https://pbs.twimg.com/profile_images/554779435992240129/z6KyZ5xU_normal.jpeg","profile_sidebar_fill_color":"DDEEF6","entities":{"description":{"urls":[]}},"followers_count":10,"profile_sidebar_border_color":"C0DEED","id_str":"2926217803","profile_background_color":"C0DEED","listed_count":0,"is_translation_enabled":false,"utc_offset":36000,"statuses_count":353,"description":"","friends_count":80,"location":"","profile_link_color":"0084B4","profile_image_url":"http://pbs.twimg.com/profile_images/554779435992240129/z6KyZ5xU_normal.jpeg","following":false,"geo_enabled":false,"profile_banner_url":"https://pbs.twimg.com/profile_banners/2926217803/1418694605","profile_background_image_url":"http://abs.twimg.com/images/themes/theme1/bg.png","name":"Silent Majority","lang":"en","profile_background_tile":false,"favourites_count":0,"screen_name":"silent_no_longr","notifications":false,"url":null,"created_at":"Wed Dec 10 23:14:40 +0000 2014","contributors_enabled":false,"time_zone":"Brisbane","protected":false,"default_profile":true,"is_translator":false},"geo":null,"in_reply_to_user_id_str":"153029181","lang":"en","created_at":"Mon Dec 15 01:52:04 +0000 2014","in_reply_to_status_id_str":"544308188909027328","place":null},
{"contributors":null,"truncated":false,"text":"@MariamVeiszadeh @SusanCarland @moelleissy praying Aussie Muslims will not be subject to comments &amp;  actions of rednecks. #sydneysiege","in_reply_to_status_id":544308188909027328,"id":544309579341778944,"favorite_count":2,"source":"<a href=\"http://twitter.com/download/android\" rel=\"nofollow\">Twitter for Android</a>","retweeted":false,"coordinates":null,"entities":{"symbols":[],"user_mentions":[{"id":153029181,"indices":[0,16],"id_str":"153029181","screen_name":"MariamVeiszadeh","name":"Mariam Veiszadeh"},{"id":376679430,"indices":[17,30],"id_str":"376679430","screen_name":"SusanCarland","name":"Susan Carland"},{"id":20759568,"indices":[31,42],"id_str":"20759568","screen_name":"moelleissy","name":"Mo Elleissy"}],"hashtags":[{"indices":[126,138],"text":"sydneysiege"}],"urls":[]},"in_reply_to_screen_name":"MariamVeiszadeh","id_str":"544309579341778944","retweet_count":1,"in_reply_to_user_id":153029181,"favorited":false,"user":{"follow_request_sent":false,"profile_use_background_image":false,"profile_text_color":"000000","default_profile_image":false,"id":635315113,"profile_background_image_url_https":"https://abs.twimg.com/images/themes/theme1/bg.png","verified":false,"profile_location":null,"profile_image_url_https":"https://pbs.twimg.com/profile_images/590029755426078720/qvwz8z2E_normal.jpg","profile_sidebar_fill_color":"000000","entities":{"description":{"urls":[]}},"followers_count":919,"profile_sidebar_border_color":"000000","id_str":"635315113","profile_background_color":"000000","listed_count":23,"is_translation_enabled":false,"utc_offset":36000,"statuses_count":13207,"description":"Left leaning Christian.  NQ Cowboys Fan. Social justice advocate. Proud of my Irish heritage.","friends_count":1728,"location":"Ipswich","profile_link_color":"4A913C","profile_image_url":"http://pbs.twimg.com/profile_images/590029755426078720/qvwz8z2E_normal.jpg","following":false,"geo_enabled":true,"profile_banner_url":"https://pbs.twimg.com/profile_banners/635315113/1416660234","profile_background_image_url":"http://abs.twimg.com/images/themes/theme1/bg.png","name":"Peter Doyle","lang":"en","profile_background_tile":false,"favourites_count":271,"screen_name":"PeterDoyley","notifications":false,"url":null,"created_at":"Sat Jul 14 11:23:59 +0000 2012","contributors_enabled":false,"time_zone":"Brisbane","protected":false,"default_profile":false,"is_translator":false},"geo":null,"in_reply_to_user_id_str":"153029181","lang":"en","created_at":"Mon Dec 15 01:54:51 +0000 2014","in_reply_to_status_id_str":"544308188909027328","place":null},
{"contributors":null,"truncated":false,"text":"@MariamVeiszadeh take care M! Lunatics will want to attack Muslims","in_reply_to_status_id":544308188909027328,"id":544309892618530816,"favorite_count":0,"source":"<a href=\"http://www.echofon.com/\" rel=\"nofollow\">Echofon</a>","retweeted":false,"coordinates":null,"entities":{"symbols":[],"user_mentions":[{"id":153029181,"indices":[0,16],"id_str":"153029181","screen_name":"MariamVeiszadeh","name":"Mariam Veiszadeh"}],"hashtags":[],"urls":[]},"in_reply_to_screen_name":"MariamVeiszadeh","id_str":"544309892618530816","retweet_count":1,"in_reply_to_user_id":153029181,"favorited":false,"user":{"follow_request_sent":false,"profile_use_background_image":true,"profile_text_color":"452811","default_profile_image":false,"id":19749940,"profile_background_image_url_https":"https://pbs.twimg.com/profile_background_images/378800000083860482/68869d9058792e3b4e322d40540ae0c6.jpeg","verified":false,"profile_location":null,"profile_image_url_https":"https://pbs.twimg.com/profile_images/521618497860677632/Fp35gysb_normal.jpeg","profile_sidebar_fill_color":"F2D272","entities":{"url":{"urls":[{"url":"http://t.co/SGb9DDDsnt","indices":[0,22],"expanded_url":"http://dw-perspectives.blogspot.com","display_url":"dw-perspectives.blogspot.com"}]},"description":{"urls":[]}},"followers_count":385,"profile_sidebar_border_color":"FFFFFF","id_str":"19749940","profile_background_color":"6E9972","listed_count":18,"is_translation_enabled":false,"utc_offset":39600,"statuses_count":50507,"description":"I don't suffer fools gladly. Sport, Music, Politics, Trivia","friends_count":131,"location":"Sydney,  NSW, Australia","profile_link_color":"941010","profile_image_url":"http://pbs.twimg.com/profile_images/521618497860677632/Fp35gysb_normal.jpeg","following":false,"geo_enabled":false,"profile_banner_url":"https://pbs.twimg.com/profile_banners/19749940/1393055695","profile_background_image_url":"http://pbs.twimg.com/profile_background_images/378800000083860482/68869d9058792e3b4e322d40540ae0c6.jpeg","name":"AKA Joey Roos","lang":"en","profile_background_tile":true,"favourites_count":21,"screen_name":"main_man","notifications":false,"url":"http://t.co/SGb9DDDsnt","created_at":"Fri Jan 30 02:33:31 +0000 2009","contributors_enabled":false,"time_zone":"Sydney","protected":false,"default_profile":false,"is_translator":false},"geo":null,"in_reply_to_user_id_str":"153029181","lang":"en","created_at":"Mon Dec 15 01:56:05 +0000 2014","in_reply_to_status_id_str":"544308188909027328","place":null},
{"contributors":null,"truncated":false,"text":"@MariamVeiszadeh Don't just pray.  Speak out against Islamism!","in_reply_to_status_id":544308188909027328,"id":544309947689730049,"favorite_count":1,"source":"<a href=\"http://twitter.com\" rel=\"nofollow\">Twitter Web Client</a>","retweeted":false,"coordinates":null,"entities":{"symbols":[],"user_mentions":[{"id":153029181,"indices":[0,16],"id_str":"153029181","screen_name":"MariamVeiszadeh","name":"Mariam Veiszadeh"}],"hashtags":[],"urls":[]},"in_reply_to_screen_name":"MariamVeiszadeh","id_str":"544309947689730049","retweet_count":0,"in_reply_to_user_id":153029181,"favorited":false,"user":{"follow_request_sent":false,"profile_use_background_image":true,"profile_text_color":"E04A19","default_profile_image":false,"id":21059384,"profile_background_image_url_https":"https://pbs.twimg.com/profile_background_images/110361580/roger-twitter2.jpg","verified":false,"profile_location":null,"profile_image_url_https":"https://pbs.twimg.com/profile_images/79095123/rogersmall_normal.jpg","profile_sidebar_fill_color":"381301","entities":{"url":{"urls":[{"url":"http://t.co/J6FMQv2vQL","indices":[0,22],"expanded_url":"http://www.pjmedia.com/rogerlsimon","display_url":"pjmedia.com/rogerlsimon"}]},"description":{"urls":[]}},"followers_count":12892,"profile_sidebar_border_color":"FAF5F6","id_str":"21059384","profile_background_color":"642D8B","listed_count":628,"is_translation_enabled":false,"utc_offset":-28800,"statuses_count":11497,"description":"Novelist, Academy Award-nominated screenwriter and co-founder of PJ Media and PJTV, author of 'Blacklisting Myself'","friends_count":7580,"location":"Bainbridge & LA","profile_link_color":"D95023","profile_image_url":"http://pbs.twimg.com/profile_images/79095123/rogersmall_normal.jpg","following":false,"geo_enabled":true,"profile_background_image_url":"http://pbs.twimg.com/profile_background_images/110361580/roger-twitter2.jpg","name":"Roger Simon","lang":"en","profile_background_tile":true,"favourites_count":208,"screen_name":"rogerlsimon","notifications":false,"url":"http://t.co/J6FMQv2vQL","created_at":"Tue Feb 17 03:14:26 +0000 2009","contributors_enabled":false,"time_zone":"Pacific Time (US & Canada)","protected":false,"default_profile":false,"is_translator":false},"geo":null,"in_reply_to_user_id_str":"153029181","lang":"en","created_at":"Mon Dec 15 01:56:18 +0000 2014","in_reply_to_status_id_str":"544308188909027328","place":null},
{"contributors":null,"truncated":false,"text":"@MariamVeiszadeh then take off your hijab and join the 21st century instead of embracing a belief system from the dark ages","in_reply_to_status_id":544308188909027328,"id":544310403811909633,"favorite_count":3,"source":"<a href=\"http://twitter.com\" rel=\"nofollow\">Twitter Web Client</a>","retweeted":false,"coordinates":null,"entities":{"symbols":[],"user_mentions":[{"id":153029181,"indices":[0,16],"id_str":"153029181","screen_name":"MariamVeiszadeh","name":"Mariam Veiszadeh"}],"hashtags":[],"urls":[]},"in_reply_to_screen_name":"MariamVeiszadeh","id_str":"544310403811909633","retweet_count":1,"in_reply_to_user_id":153029181,"favorited":false,"user":{"follow_request_sent":false,"profile_use_background_image":true,"profile_text_color":"333333","default_profile_image":false,"id":1485225582,"profile_background_image_url_https":"https://pbs.twimg.com/profile_background_images/889872516/791292dd702d200abcbcf8e252c09747.jpeg","verified":false,"profile_location":null,"profile_image_url_https":"https://pbs.twimg.com/profile_images/461529254346244097/-c1q6mX-_normal.png","profile_sidebar_fill_color":"DDEEF6","entities":{"description":{"urls":[]}},"followers_count":1401,"profile_sidebar_border_color":"000000","id_str":"1485225582","profile_background_color":"642D8B","listed_count":10,"is_translation_enabled":false,"utc_offset":-25200,"statuses_count":1697,"description":"Getting big in New Mexico politics sure beats the alternative as night manager at Macaroni Grill. NM Attorney General Elect #singlemomfromwagonmoundPARODY","friends_count":1985,"location":"Future Governor of New Mexico ","profile_link_color":"FF0000","profile_image_url":"http://pbs.twimg.com/profile_images/461529254346244097/-c1q6mX-_normal.png","following":false,"geo_enabled":false,"profile_banner_url":"https://pbs.twimg.com/profile_banners/1485225582/1398915096","profile_background_image_url":"http://pbs.twimg.com/profile_background_images/889872516/791292dd702d200abcbcf8e252c09747.jpeg","name":"Hector Balderass AG","lang":"en","profile_background_tile":true,"favourites_count":1145,"screen_name":"hectorbalderass","notifications":false,"url":null,"created_at":"Wed Jun 05 15:03:55 +0000 2013","contributors_enabled":false,"time_zone":"Arizona","protected":false,"default_profile":false,"is_translator":false},"geo":null,"in_reply_to_user_id_str":"153029181","lang":"en","created_at":"Mon Dec 15 01:58:07 +0000 2014","in_reply_to_status_id_str":"544308188909027328","place":null},
{"contributors":null,"truncated":false,"text":"@MariamVeiszadeh much love to you and yours. It's a horrible act to undertake.","in_reply_to_status_id":544308188909027328,"id":544311443206598657,"favorite_count":1,"source":"<a href=\"http://twitter.com/download/android\" rel=\"nofollow\">Twitter for Android</a>","retweeted":false,"coordinates":null,"entities":{"symbols":[],"user_mentions":[{"id":153029181,"indices":[0,16],"id_str":"153029181","screen_name":"MariamVeiszadeh","name":"Mariam Veiszadeh"}],"hashtags":[],"urls":[]},"in_reply_to_screen_name":"MariamVeiszadeh","id_str":"544311443206598657","retweet_count":0,"in_reply_to_user_id":153029181,"favorited":false,"user":{"follow_request_sent":false,"profile_use_background_image":true,"profile_text_color":"333333","default_profile_image":false,"id":821108359,"profile_background_image_url_https":"https://abs.twimg.com/images/themes/theme14/bg.gif","verified":false,"profile_location":null,"profile_image_url_https":"https://pbs.twimg.com/profile_images/588307783545565184/xmSRO-bl_normal.jpg","profile_sidebar_fill_color":"EFEFEF","entities":{"description":{"urls":[]}},"followers_count":642,"profile_sidebar_border_color":"EEEEEE","id_str":"821108359","profile_background_color":"131516","listed_count":13,"is_translation_enabled":false,"utc_offset":39600,"statuses_count":21342,"description":"Chief of Nibbles at the Boozehags Association of Australia.","friends_count":873,"location":"","profile_link_color":"009999","profile_image_url":"http://pbs.twimg.com/profile_images/588307783545565184/xmSRO-bl_normal.jpg","following":false,"geo_enabled":true,"profile_background_image_url":"http://abs.twimg.com/images/themes/theme14/bg.gif","name":"Comrade M","lang":"en","profile_background_tile":true,"favourites_count":8872,"screen_name":"mm_ssssshh","notifications":false,"url":null,"created_at":"Thu Sep 13 08:11:58 +0000 2012","contributors_enabled":false,"time_zone":"Sydney","protected":false,"default_profile":false,"is_translator":false},"geo":null,"in_reply_to_user_id_str":"153029181","lang":"en","created_at":"Mon Dec 15 02:02:15 +0000 2014","in_reply_to_status_id_str":"544308188909027328","place":null},
{"contributors":null,"truncated":false,"text":"@MariamVeiszadeh I'm concerned for you and other Australian Muslims - hope you don't pay the price for the actions of these people :(","in_reply_to_status_id":544308188909027328,"id":544311989904748544,"favorite_count":1,"source":"<a href=\"http://twitter.com/download/iphone\" rel=\"nofollow\">Twitter for iPhone</a>","retweeted":false,"coordinates":null,"entities":{"symbols":[],"user_mentions":[{"id":153029181,"indices":[0,16],"id_str":"153029181","screen_name":"MariamVeiszadeh","name":"Mariam Veiszadeh"}],"hashtags":[],"urls":[]},"in_reply_to_screen_name":"MariamVeiszadeh","id_str":"544311989904748544","retweet_count":2,"in_reply_to_user_id":153029181,"favorited":false,"user":{"follow_request_sent":false,"profile_use_background_image":true,"profile_text_color":"4B468A","default_profile_image":false,"id":42601407,"profile_background_image_url_https":"https://abs.twimg.com/images/themes/theme13/bg.gif","verified":false,"profile_location":null,"profile_image_url_https":"https://pbs.twimg.com/profile_images/475456231121760256/Dw5Fi9BG_normal.jpeg","profile_sidebar_fill_color":"FFFFFF","entities":{"description":{"urls":[]}},"followers_count":1479,"profile_sidebar_border_color":"EEEEEE","id_str":"42601407","profile_background_color":"B2DFDA","listed_count":47,"is_translation_enabled":false,"utc_offset":-36000,"statuses_count":47914,"description":"Opinions very much my own. RTs not necessarily endorsement. Holmesian, Ricardian and history geek. That's pretty much it, really.","friends_count":1227,"location":"Australia","profile_link_color":"AD4287","profile_image_url":"http://pbs.twimg.com/profile_images/475456231121760256/Dw5Fi9BG_normal.jpeg","following":false,"geo_enabled":true,"profile_background_image_url":"http://abs.twimg.com/images/themes/theme13/bg.gif","name":"Emily","lang":"en","profile_background_tile":false,"favourites_count":635,"screen_name":"ThatEmilyLady","notifications":false,"url":null,"created_at":"Tue May 26 10:42:25 +0000 2009","contributors_enabled":false,"time_zone":"Hawaii","protected":false,"default_profile":false,"is_translator":false},"geo":null,"in_reply_to_user_id_str":"153029181","lang":"en","created_at":"Mon Dec 15 02:04:25 +0000 2014","in_reply_to_status_id_str":"544308188909027328","place":null},
{"contributors":null,"truncated":false,"text":"@hectorbalderass @MariamVeiszadeh http://t.co/U1vcX6182L","in_reply_to_status_id":544310403811909633,"id":544312499320143872,"favorite_count":0,"source":"<a href=\"http://twitter.com/download/iphone\" rel=\"nofollow\">Twitter for iPhone</a>","retweeted":false,"coordinates":null,"entities":{"symbols":[],"user_mentions":[{"id":1485225582,"indices":[0,16],"id_str":"1485225582","screen_name":"hectorbalderass","name":"Hector Balderass AG"},{"id":153029181,"indices":[17,33],"id_str":"153029181","screen_name":"MariamVeiszadeh","name":"Mariam Veiszadeh"}],"hashtags":[],"urls":[],"media":[{"expanded_url":"http://twitter.com/ThatDudeKyam/status/544312499320143872/photo/1","display_url":"pic.twitter.com/U1vcX6182L","url":"http://t.co/U1vcX6182L","media_url_https":"https://pbs.twimg.com/media/B43JVD4CMAAvqvY.jpg","id_str":"544312493636464640","sizes":{"small":{"h":272,"resize":"fit","w":340},"large":{"h":384,"resize":"fit","w":480},"medium":{"h":384,"resize":"fit","w":480},"thumb":{"h":150,"resize":"crop","w":150}},"indices":[34,56],"type":"photo","id":544312493636464640,"media_url":"http://pbs.twimg.com/media/B43JVD4CMAAvqvY.jpg"}]},"in_reply_to_screen_name":"hectorbalderass","id_str":"544312499320143872","retweet_count":0,"in_reply_to_user_id":1485225582,"favorited":false,"user":{"follow_request_sent":false,"profile_use_background_image":true,"profile_text_color":"333333","default_profile_image":false,"id":174802474,"profile_background_image_url_https":"https://pbs.twimg.com/profile_background_images/745776573/98517812830fd5fe6bca593ac4fa52ff.jpeg","verified":false,"profile_location":null,"profile_image_url_https":"https://pbs.twimg.com/profile_images/589227733596635136/670RtHCc_normal.jpg","profile_sidebar_fill_color":"DDEEF6","entities":{"description":{"urls":[]}},"followers_count":585,"profile_sidebar_border_color":"FFFFFF","id_str":"174802474","profile_background_color":"C0DEED","listed_count":11,"is_translation_enabled":false,"utc_offset":0,"statuses_count":75172,"description":"History student at Royal Holloway. \nRT doesnt mean I agree! #RedTour - 4/2/14. #1989Tour - 27/7/15.","friends_count":205,"location":"London #Awesomestow // Surrey","profile_link_color":"0084B4","profile_image_url":"http://pbs.twimg.com/profile_images/589227733596635136/670RtHCc_normal.jpg","following":false,"geo_enabled":true,"profile_banner_url":"https://pbs.twimg.com/profile_banners/174802474/1408693450","profile_background_image_url":"http://pbs.twimg.com/profile_background_images/745776573/98517812830fd5fe6bca593ac4fa52ff.jpeg","name":"Kyam","lang":"en","profile_background_tile":true,"favourites_count":4140,"screen_name":"ThatDudeKyam","notifications":false,"url":null,"created_at":"Wed Aug 04 21:30:38 +0000 2010","contributors_enabled":false,"time_zone":"London","protected":false,"default_profile":false,"is_translator":false},"geo":null,"in_reply_to_user_id_str":"1485225582","possibly_sensitive":false,"lang":"und","created_at":"Mon Dec 15 02:06:27 +0000 2014","in_reply_to_status_id_str":"544310403811909633","place":null,"extended_entities":{"media":[{"expanded_url":"http://twitter.com/ThatDudeKyam/status/544312499320143872/photo/1","display_url":"pic.twitter.com/U1vcX6182L","url":"http://t.co/U1vcX6182L","media_url_https":"https://pbs.twimg.com/media/B43JVD4CMAAvqvY.jpg","id_str":"544312493636464640","sizes":{"small":{"h":272,"resize":"fit","w":340},"large":{"h":384,"resize":"fit","w":480},"medium":{"h":384,"resize":"fit","w":480},"thumb":{"h":150,"resize":"crop","w":150}},"indices":[34,56],"type":"photo","id":544312493636464640,"media_url":"http://pbs.twimg.com/media/B43JVD4CMAAvqvY.jpg"}]}},
{"contributors":null,"truncated":false,"text":"@MariamVeiszadeh @DianneCostin yeah, I'm feeling pretty sick about this :( it's very sad.","in_reply_to_status_id":544308188909027328,"id":544313101156229121,"favorite_count":1,"source":"<a href=\"http://twitter.com/download/iphone\" rel=\"nofollow\">Twitter for iPhone</a>","retweeted":false,"coordinates":null,"entities":{"symbols":[],"user_mentions":[{"id":153029181,"indices":[0,16],"id_str":"153029181","screen_name":"MariamVeiszadeh","name":"Mariam Veiszadeh"},{"id":1739847991,"indices":[17,30],"id_str":"1739847991","screen_name":"DianneCostin","name":"La Contessa Costin"}],"hashtags":[],"urls":[]},"in_reply_to_screen_name":"MariamVeiszadeh","id_str":"544313101156229121","retweet_count":0,"in_reply_to_user_id":153029181,"favorited":false,"user":{"follow_request_sent":false,"profile_use_background_image":true,"profile_text_color":"333333","default_profile_image":false,"id":623706361,"profile_background_image_url_https":"https://abs.twimg.com/images/themes/theme1/bg.png","verified":false,"profile_location":null,"profile_image_url_https":"https://pbs.twimg.com/profile_images/445091827310284800/bWZU2x8c_normal.png","profile_sidebar_fill_color":"DDEEF6","entities":{"url":{"urls":[{"url":"http://t.co/7Bc8erhtGi","indices":[0,22],"expanded_url":"http://melissakaulfuss.com","display_url":"melissakaulfuss.com"}]},"description":{"urls":[]}},"followers_count":350,"profile_sidebar_border_color":"C0DEED","id_str":"623706361","profile_background_color":"C0DEED","listed_count":9,"is_translation_enabled":false,"utc_offset":39600,"statuses_count":2826,"description":"I love germany, skiing, internet and stuff. Aspiring dev, accomplished lifelong learner. Work @LookaheadSearch","friends_count":803,"location":"Melbourne","profile_link_color":"0084B4","profile_image_url":"http://pbs.twimg.com/profile_images/445091827310284800/bWZU2x8c_normal.png","following":false,"geo_enabled":false,"profile_banner_url":"https://pbs.twimg.com/profile_banners/623706361/1407361398","profile_background_image_url":"http://abs.twimg.com/images/themes/theme1/bg.png","name":"Melissa Kaulfuss","lang":"en","profile_background_tile":false,"favourites_count":1994,"screen_name":"MelissaKaulfuss","notifications":false,"url":"http://t.co/7Bc8erhtGi","created_at":"Sun Jul 01 12:28:39 +0000 2012","contributors_enabled":false,"time_zone":"Solomon Is.","protected":false,"default_profile":true,"is_translator":false},"geo":null,"in_reply_to_user_id_str":"153029181","lang":"en","created_at":"Mon Dec 15 02:08:50 +0000 2014","in_reply_to_status_id_str":"544308188909027328","place":null},
{"contributors":null,"truncated":false,"text":"@MariamVeiszadeh I think it's praying that gets your people into this mess.","in_reply_to_status_id":544308188909027328,"id":544314476812460032,"favorite_count":0,"source":"<a href=\"http://twitter.com/download/iphone\" rel=\"nofollow\">Twitter for iPhone</a>","retweeted":false,"coordinates":null,"entities":{"symbols":[],"user_mentions":[{"id":153029181,"indices":[0,16],"id_str":"153029181","screen_name":"MariamVeiszadeh","name":"Mariam Veiszadeh"}],"hashtags":[],"urls":[]},"in_reply_to_screen_name":"MariamVeiszadeh","id_str":"544314476812460032","retweet_count":0,"in_reply_to_user_id":153029181,"favorited":false,"user":{"follow_request_sent":false,"profile_use_background_image":true,"profile_text_color":"333333","default_profile_image":false,"id":192809732,"profile_background_image_url_https":"https://abs.twimg.com/images/themes/theme1/bg.png","verified":false,"profile_location":null,"profile_image_url_https":"https://pbs.twimg.com/profile_images/378800000121048186/1e815980baa1f835a1117cfbce499fbd_normal.jpeg","profile_sidebar_fill_color":"DDEEF6","entities":{"description":{"urls":[]}},"followers_count":29,"profile_sidebar_border_color":"C0DEED","id_str":"192809732","profile_background_color":"C0DEED","listed_count":0,"is_translation_enabled":false,"utc_offset":null,"statuses_count":211,"description":"Carlton, 76ers and 49ers Tragic.","friends_count":161,"location":"Nhill","profile_link_color":"0084B4","profile_image_url":"http://pbs.twimg.com/profile_images/378800000121048186/1e815980baa1f835a1117cfbce499fbd_normal.jpeg","following":false,"geo_enabled":true,"profile_background_image_url":"http://abs.twimg.com/images/themes/theme1/bg.png","name":"Matt Animal Fritsch","lang":"en","profile_background_tile":false,"favourites_count":26,"screen_name":"animalfritsch","notifications":false,"url":null,"created_at":"Mon Sep 20 06:12:17 +0000 2010","contributors_enabled":false,"time_zone":null,"protected":false,"default_profile":true,"is_translator":false},"geo":null,"in_reply_to_user_id_str":"153029181","lang":"en","created_at":"Mon Dec 15 02:14:18 +0000 2014","in_reply_to_status_id_str":"544308188909027328","place":null},
{"contributors":null,"truncated":false,"text":"@MariamVeiszadeh its nice to hear a Muslim say this. More need to speak out against extremest.","in_reply_to_status_id":544308188909027328,"id":544315077403222017,"favorite_count":0,"source":"<a href=\"https://mobile.twitter.com\" rel=\"nofollow\">Mobile Web (M5)</a>","retweeted":false,"coordinates":null,"entities":{"symbols":[],"user_mentions":[{"id":153029181,"indices":[0,16],"id_str":"153029181","screen_name":"MariamVeiszadeh","name":"Mariam Veiszadeh"}],"hashtags":[],"urls":[]},"in_reply_to_screen_name":"MariamVeiszadeh","id_str":"544315077403222017","retweet_count":0,"in_reply_to_user_id":153029181,"favorited":false,"user":{"follow_request_sent":false,"profile_use_background_image":true,"profile_text_color":"333333","default_profile_image":false,"id":18680823,"profile_background_image_url_https":"https://abs.twimg.com/images/themes/theme14/bg.gif","verified":false,"profile_location":null,"profile_image_url_https":"https://pbs.twimg.com/profile_images/546305973741039616/WLaPVNOb_normal.jpeg","profile_sidebar_fill_color":"EFEFEF","entities":{"description":{"urls":[]}},"followers_count":931,"profile_sidebar_border_color":"FFFFFF","id_str":"18680823","profile_background_color":"131516","listed_count":5,"is_translation_enabled":false,"utc_offset":-21600,"statuses_count":13156,"description":"Owner Operator truck driver. From the isle of man/uk now living in Canada","friends_count":1260,"location":"in the drivers seat","profile_link_color":"009999","profile_image_url":"http://pbs.twimg.com/profile_images/546305973741039616/WLaPVNOb_normal.jpeg","following":false,"geo_enabled":false,"profile_banner_url":"https://pbs.twimg.com/profile_banners/18680823/1407018481","profile_background_image_url":"http://abs.twimg.com/images/themes/theme14/bg.gif","name":"SK trucker","lang":"en","profile_background_tile":true,"favourites_count":2252,"screen_name":"markrobertson6","notifications":false,"url":null,"created_at":"Tue Jan 06 15:59:12 +0000 2009","contributors_enabled":false,"time_zone":"Saskatchewan","protected":false,"default_profile":false,"is_translator":false},"geo":null,"in_reply_to_user_id_str":"153029181","lang":"en","created_at":"Mon Dec 15 02:16:41 +0000 2014","in_reply_to_status_id_str":"544308188909027328","place":null},
{"contributors":null,"truncated":false,"text":"@markrobertson6 @MariamVeiszadeh actually many do speak out aganist it, I for one.","in_reply_to_status_id":544315077403222017,"id":544316654659055616,"favorite_count":1,"source":"<a href=\"http://twitter.com/download/android\" rel=\"nofollow\">Twitter for Android</a>","retweeted":false,"coordinates":null,"entities":{"symbols":[],"user_mentions":[{"id":18680823,"indices":[0,15],"id_str":"18680823","screen_name":"markrobertson6","name":"SK trucker"},{"id":153029181,"indices":[16,32],"id_str":"153029181","screen_name":"MariamVeiszadeh","name":"Mariam Veiszadeh"}],"hashtags":[],"urls":[]},"in_reply_to_screen_name":"markrobertson6","id_str":"544316654659055616","retweet_count":0,"in_reply_to_user_id":18680823,"favorited":false,"user":{"follow_request_sent":false,"profile_use_background_image":true,"profile_text_color":"333333","default_profile_image":false,"id":2394694361,"profile_background_image_url_https":"https://abs.twimg.com/images/themes/theme1/bg.png","verified":false,"profile_location":null,"profile_image_url_https":"https://pbs.twimg.com/profile_images/545204468112175104/vObxkSpI_normal.jpeg","profile_sidebar_fill_color":"DDEEF6","entities":{"description":{"urls":[]}},"followers_count":1732,"profile_sidebar_border_color":"C0DEED","id_str":"2394694361","profile_background_color":"C0DEED","listed_count":37,"is_translation_enabled":false,"utc_offset":null,"statuses_count":8381,"description":"˚   +    ˚   　　　　　\n ✦   　　\n  ✦ 　　  · 　　 \n　*  ✦   *\n .  　  ✦ \n.  ✧","friends_count":395,"location":"[5sos]","profile_link_color":"0084B4","profile_image_url":"http://pbs.twimg.com/profile_images/545204468112175104/vObxkSpI_normal.jpeg","following":false,"geo_enabled":false,"profile_banner_url":"https://pbs.twimg.com/profile_banners/2394694361/1415565368","profile_background_image_url":"http://abs.twimg.com/images/themes/theme1/bg.png","name":"carlton banks","lang":"en","profile_background_tile":false,"favourites_count":4265,"screen_name":"cabellojanos","notifications":false,"url":null,"created_at":"Sat Mar 08 19:37:34 +0000 2014","contributors_enabled":false,"time_zone":null,"protected":false,"default_profile":true,"is_translator":false},"geo":null,"in_reply_to_user_id_str":"18680823","lang":"en","created_at":"Mon Dec 15 02:22:58 +0000 2014","in_reply_to_status_id_str":"544315077403222017","place":null},
{"contributors":null,"truncated":false,"text":"@cabellojanos @MariamVeiszadeh right on. I'm in Canada, so far everything is fine. How it stays that way","in_reply_to_status_id":544316654659055616,"id":544317164212088832,"favorite_count":0,"source":"<a href=\"https://mobile.twitter.com\" rel=\"nofollow\">Mobile Web (M5)</a>","retweeted":false,"coordinates":null,"entities":{"symbols":[],"user_mentions":[{"id":2394694361,"indices":[0,13],"id_str":"2394694361","screen_name":"cabellojanos","name":"carlton banks"},{"id":153029181,"indices":[14,30],"id_str":"153029181","screen_name":"MariamVeiszadeh","name":"Mariam Veiszadeh"}],"hashtags":[],"urls":[]},"in_reply_to_screen_name":"cabellojanos","id_str":"544317164212088832","retweet_count":0,"in_reply_to_user_id":2394694361,"favorited":false,"user":{"follow_request_sent":false,"profile_use_background_image":true,"profile_text_color":"333333","default_profile_image":false,"id":18680823,"profile_background_image_url_https":"https://abs.twimg.com/images/themes/theme14/bg.gif","verified":false,"profile_location":null,"profile_image_url_https":"https://pbs.twimg.com/profile_images/546305973741039616/WLaPVNOb_normal.jpeg","profile_sidebar_fill_color":"EFEFEF","entities":{"description":{"urls":[]}},"followers_count":931,"profile_sidebar_border_color":"FFFFFF","id_str":"18680823","profile_background_color":"131516","listed_count":5,"is_translation_enabled":false,"utc_offset":-21600,"statuses_count":13156,"description":"Owner Operator truck driver. From the isle of man/uk now living in Canada","friends_count":1260,"location":"in the drivers seat","profile_link_color":"009999","profile_image_url":"http://pbs.twimg.com/profile_images/546305973741039616/WLaPVNOb_normal.jpeg","following":false,"geo_enabled":false,"profile_banner_url":"https://pbs.twimg.com/profile_banners/18680823/1407018481","profile_background_image_url":"http://abs.twimg.com/images/themes/theme14/bg.gif","name":"SK trucker","lang":"en","profile_background_tile":true,"favourites_count":2252,"screen_name":"markrobertson6","notifications":false,"url":null,"created_at":"Tue Jan 06 15:59:12 +0000 2009","contributors_enabled":false,"time_zone":"Saskatchewan","protected":false,"default_profile":false,"is_translator":false},"geo":null,"in_reply_to_user_id_str":"2394694361","lang":"en","created_at":"Mon Dec 15 02:24:59 +0000 2014","in_reply_to_status_id_str":"544316654659055616","place":null},
{"contributors":null,"truncated":false,"text":"@MariamVeiszadeh My reaction to #sydneysiege is feeling the pain and difficulty ahead for my Muslim friends. ALL Aussies are responsible.","in_reply_to_status_id":544308188909027328,"id":544317366817927168,"favorite_count":2,"source":"<a href=\"http://twitter.com/download/iphone\" rel=\"nofollow\">Twitter for iPhone</a>","retweeted":false,"coordinates":null,"entities":{"symbols":[],"user_mentions":[{"id":153029181,"indices":[0,16],"id_str":"153029181","screen_name":"MariamVeiszadeh","name":"Mariam Veiszadeh"}],"hashtags":[{"indices":[32,44],"text":"sydneysiege"}],"urls":[]},"in_reply_to_screen_name":"MariamVeiszadeh","id_str":"544317366817927168","retweet_count":0,"in_reply_to_user_id":153029181,"favorited":false,"user":{"follow_request_sent":false,"profile_use_background_image":false,"profile_text_color":"3E4415","default_profile_image":false,"id":48512272,"profile_background_image_url_https":"https://pbs.twimg.com/profile_background_images/689755929/834017b5446b818dd24142460ffae938.jpeg","verified":false,"profile_location":null,"profile_image_url_https":"https://pbs.twimg.com/profile_images/419597312852111360/bOC7YRGs_normal.jpeg","profile_sidebar_fill_color":"99CC33","entities":{"description":{"urls":[]}},"followers_count":3146,"profile_sidebar_border_color":"000000","id_str":"48512272","profile_background_color":"709397","listed_count":46,"is_translation_enabled":false,"utc_offset":39600,"statuses_count":33859,"description":"It is horrifying that we have to fight our own government to save the environment (Ansel Adams)  #auspol","friends_count":3069,"location":" Australia","profile_link_color":"0015FF","profile_image_url":"http://pbs.twimg.com/profile_images/419597312852111360/bOC7YRGs_normal.jpeg","following":false,"geo_enabled":false,"profile_banner_url":"https://pbs.twimg.com/profile_banners/48512272/1406033093","profile_background_image_url":"http://pbs.twimg.com/profile_background_images/689755929/834017b5446b818dd24142460ffae938.jpeg","name":"Ros","lang":"en","profile_background_tile":false,"favourites_count":9054,"screen_name":"roshart","notifications":false,"url":null,"created_at":"Thu Jun 18 22:20:17 +0000 2009","contributors_enabled":false,"time_zone":"Melbourne","protected":false,"default_profile":false,"is_translator":false},"geo":null,"in_reply_to_user_id_str":"153029181","lang":"en","created_at":"Mon Dec 15 02:25:47 +0000 2014","in_reply_to_status_id_str":"544308188909027328","place":null},
{"contributors":null,"truncated":false,"text":"@MariamVeiszadeh @KyleSSciencey We are with you Mariam. All the good people are with you :)","in_reply_to_status_id":544308188909027328,"id":544319569205022721,"favorite_count":0,"source":"<a href=\"http://twitter.com\" rel=\"nofollow\">Twitter Web Client</a>","retweeted":false,"coordinates":null,"entities":{"symbols":[],"user_mentions":[{"id":153029181,"indices":[0,16],"id_str":"153029181","screen_name":"MariamVeiszadeh","name":"Mariam Veiszadeh"},{"id":1748153713,"indices":[17,31],"id_str":"1748153713","screen_name":"KyleSSciencey","name":"Kyle Smith"}],"hashtags":[],"urls":[]},"in_reply_to_screen_name":"MariamVeiszadeh","id_str":"544319569205022721","retweet_count":0,"in_reply_to_user_id":153029181,"favorited":false,"user":{"follow_request_sent":false,"profile_use_background_image":true,"profile_text_color":"333333","default_profile_image":false,"id":501522646,"profile_background_image_url_https":"https://abs.twimg.com/images/themes/theme1/bg.png","verified":false,"profile_location":null,"profile_image_url_https":"https://pbs.twimg.com/profile_images/1866486945/Graeme_Bowman_normal.jpg","profile_sidebar_fill_color":"DDEEF6","entities":{"description":{"urls":[]}},"followers_count":473,"profile_sidebar_border_color":"C0DEED","id_str":"501522646","profile_background_color":"C0DEED","listed_count":5,"is_translation_enabled":false,"utc_offset":39600,"statuses_count":34712,"description":"Just a guy who cares about the  safety of the local community,  the kids, the aged and the disabled. Opinions are my own but so many agree with me :)","friends_count":106,"location":"Swansea 2281 NSW","profile_link_color":"0084B4","profile_image_url":"http://pbs.twimg.com/profile_images/1866486945/Graeme_Bowman_normal.jpg","following":false,"geo_enabled":false,"profile_background_image_url":"http://abs.twimg.com/images/themes/theme1/bg.png","name":"Graeme Bowman","lang":"en","profile_background_tile":false,"favourites_count":289,"screen_name":"Graeme_Bowman","notifications":false,"url":null,"created_at":"Fri Feb 24 06:45:58 +0000 2012","contributors_enabled":false,"time_zone":"Sydney","protected":false,"default_profile":true,"is_translator":false},"geo":null,"in_reply_to_user_id_str":"153029181","lang":"en","created_at":"Mon Dec 15 02:34:32 +0000 2014","in_reply_to_status_id_str":"544308188909027328","place":null},
{"contributors":null,"truncated":false,"text":"@MariamVeiszadeh @Zeinobia \n\nIf i'd ever be in such a desperate situation, please just help!\n\nBut please don't you dare to \"pray for me\"!","in_reply_to_status_id":544308188909027328,"id":544320683418062848,"favorite_count":0,"source":"<a href=\"http://twitter.com/download/android\" rel=\"nofollow\">Twitter for Android</a>","retweeted":false,"coordinates":null,"entities":{"symbols":[],"user_mentions":[{"id":153029181,"indices":[0,16],"id_str":"153029181","screen_name":"MariamVeiszadeh","name":"Mariam Veiszadeh"},{"id":608583,"indices":[17,26],"id_str":"608583","screen_name":"Zeinobia","name":"Zeinobia"}],"hashtags":[],"urls":[]},"in_reply_to_screen_name":"MariamVeiszadeh","id_str":"544320683418062848","retweet_count":0,"in_reply_to_user_id":153029181,"favorited":false,"user":{"follow_request_sent":false,"profile_use_background_image":false,"profile_text_color":"7DA8A8","default_profile_image":false,"id":250435493,"profile_background_image_url_https":"https://abs.twimg.com/images/themes/theme1/bg.png","verified":false,"profile_location":null,"profile_image_url_https":"https://pbs.twimg.com/profile_images/378800000723575668/814e29de26041c5a2733d4355bc8dbe5_normal.jpeg","profile_sidebar_fill_color":"E9F2F1","entities":{"description":{"urls":[]}},"followers_count":226,"profile_sidebar_border_color":"7DDBD0","id_str":"250435493","profile_background_color":"B3E4EB","listed_count":12,"is_translation_enabled":false,"utc_offset":3600,"statuses_count":12220,"description":"Individual player for a revolving better world: Physicist, Mathematician, Spouse, Father, Activist, Analyst, Dane, Swiss, Sceptic, Teacher","friends_count":248,"location":"Switzerland","profile_link_color":"267594","profile_image_url":"http://pbs.twimg.com/profile_images/378800000723575668/814e29de26041c5a2733d4355bc8dbe5_normal.jpeg","following":false,"geo_enabled":true,"profile_background_image_url":"http://abs.twimg.com/images/themes/theme1/bg.png","name":"Mic Rasmussen Meyer","lang":"de","profile_background_tile":false,"favourites_count":2722,"screen_name":"xanalysis","notifications":false,"url":null,"created_at":"Fri Feb 11 02:43:19 +0000 2011","contributors_enabled":false,"time_zone":"Bern","protected":false,"default_profile":false,"is_translator":false},"geo":null,"in_reply_to_user_id_str":"153029181","lang":"en","created_at":"Mon Dec 15 02:38:58 +0000 2014","in_reply_to_status_id_str":"544308188909027328","place":null},
{"contributors":null,"truncated":false,"text":"racist prick @Vote1Labor @MariamVeiszadeh","in_reply_to_status_id":544308536537120768,"id":544322182470303744,"favorite_count":10,"source":"<a href=\"http://twitter.com\" rel=\"nofollow\">Twitter Web Client</a>","retweeted":false,"coordinates":null,"entities":{"symbols":[],"user_mentions":[{"id":500537497,"indices":[13,24],"id_str":"500537497","screen_name":"Vote1Labor","name":"Vote1Labor"},{"id":153029181,"indices":[25,41],"id_str":"153029181","screen_name":"MariamVeiszadeh","name":"Mariam Veiszadeh"}],"hashtags":[],"urls":[]},"in_reply_to_screen_name":"Vote1Labor","id_str":"544322182470303744","retweet_count":0,"in_reply_to_user_id":500537497,"favorited":false,"user":{"follow_request_sent":false,"profile_use_background_image":true,"profile_text_color":"333333","default_profile_image":false,"id":1334459611,"profile_background_image_url_https":"https://pbs.twimg.com/profile_background_images/378800000000258689/837c09e98fd3437857202d766226e1eb.png","verified":false,"profile_location":null,"profile_image_url_https":"https://pbs.twimg.com/profile_images/539604378567446528/qvwachMR_normal.jpeg","profile_sidebar_fill_color":"DDEEF6","entities":{"url":{"urls":[{"url":"https://t.co/niMS69Z7Pa","indices":[0,23],"expanded_url":"https://soundcloud.com/jaidencharlie","display_url":"soundcloud.com/jaidencharlie"}]},"description":{"urls":[]}},"followers_count":775,"profile_sidebar_border_color":"FFFFFF","id_str":"1334459611","profile_background_color":"4A880C","listed_count":1,"is_translation_enabled":false,"utc_offset":36000,"statuses_count":12048,"description":"i'm a nice guy but a cunt sometimes | 20 | Competitive Player for @Dynamic_NX","friends_count":189,"location":"Sydney, Australia","profile_link_color":"4A880C","profile_image_url":"http://pbs.twimg.com/profile_images/539604378567446528/qvwachMR_normal.jpeg","following":false,"geo_enabled":false,"profile_banner_url":"https://pbs.twimg.com/profile_banners/1334459611/1417920452","profile_background_image_url":"http://pbs.twimg.com/profile_background_images/378800000000258689/837c09e98fd3437857202d766226e1eb.png","name":"Jaiden Charlie","lang":"en","profile_background_tile":false,"favourites_count":2539,"screen_name":"NX_Ridicule","notifications":false,"url":"https://t.co/niMS69Z7Pa","created_at":"Sun Apr 07 16:06:00 +0000 2013","contributors_enabled":false,"time_zone":"Brisbane","protected":false,"default_profile":false,"is_translator":false},"geo":null,"in_reply_to_user_id_str":"500537497","lang":"en","created_at":"Mon Dec 15 02:44:55 +0000 2014","in_reply_to_status_id_str":"544308536537120768","place":null},
{"contributors":null,"truncated":false,"text":"@NX_Ridicule @Vote1Labor @MariamVeiszadeh  love you ridi","in_reply_to_status_id":544322182470303744,"id":544330528917184512,"favorite_count":1,"source":"<a href=\"http://twitter.com/download/iphone\" rel=\"nofollow\">Twitter for iPhone</a>","retweeted":false,"coordinates":null,"entities":{"symbols":[],"user_mentions":[{"id":1334459611,"indices":[0,12],"id_str":"1334459611","screen_name":"NX_Ridicule","name":"Jaiden Charlie"},{"id":500537497,"indices":[13,24],"id_str":"500537497","screen_name":"Vote1Labor","name":"Vote1Labor"},{"id":153029181,"indices":[25,41],"id_str":"153029181","screen_name":"MariamVeiszadeh","name":"Mariam Veiszadeh"}],"hashtags":[],"urls":[]},"in_reply_to_screen_name":"NX_Ridicule","id_str":"544330528917184512","retweet_count":0,"in_reply_to_user_id":1334459611,"favorited":false,"user":{"follow_request_sent":false,"profile_use_background_image":true,"profile_text_color":"333333","default_profile_image":false,"id":159040671,"profile_background_image_url_https":"https://pbs.twimg.com/profile_background_images/645859618/2198cktzg5ex5u3000dv.jpeg","verified":false,"profile_location":null,"profile_image_url_https":"https://pbs.twimg.com/profile_images/582426635133046784/SSg5Y4SI_normal.jpg","profile_sidebar_fill_color":"DDEEF6","entities":{"url":{"urls":[{"url":"http://t.co/gSvXwhG9j6","indices":[0,22],"expanded_url":"http://www.facebook.com/ray.palms.9","display_url":"facebook.com/ray.palms.9"}]},"description":{"urls":[]}},"followers_count":489,"profile_sidebar_border_color":"C0DEED","id_str":"159040671","profile_background_color":"C0DEED","listed_count":1,"is_translation_enabled":false,"utc_offset":null,"statuses_count":14225,"description":"331 undeafeted street fighter come at me ... #1 lan winner #sponsored byPOrnhub","friends_count":47,"location":"sydney ","profile_link_color":"4A913C","profile_image_url":"http://pbs.twimg.com/profile_images/582426635133046784/SSg5Y4SI_normal.jpg","following":false,"geo_enabled":true,"profile_banner_url":"https://pbs.twimg.com/profile_banners/159040671/1418873090","profile_background_image_url":"http://pbs.twimg.com/profile_background_images/645859618/2198cktzg5ex5u3000dv.jpeg","name":"paradise nike","lang":"en","profile_background_tile":true,"favourites_count":7595,"screen_name":"nike2144","notifications":false,"url":"http://t.co/gSvXwhG9j6","created_at":"Thu Jun 24 08:39:11 +0000 2010","contributors_enabled":false,"time_zone":null,"protected":false,"default_profile":false,"is_translator":false},"geo":null,"in_reply_to_user_id_str":"1334459611","lang":"en","created_at":"Mon Dec 15 03:18:05 +0000 2014","in_reply_to_status_id_str":"544322182470303744","place":null},
{"contributors":null,"truncated":false,"text":"@ThatEmilyLady @MariamVeiszadeh My thoughts as well.","in_reply_to_status_id":544311989904748544,"id":544784483317084160,"favorite_count":0,"source":"<a href=\"http://twitter.com/#!/download/ipad\" rel=\"nofollow\">Twitter for iPad</a>","retweeted":false,"coordinates":null,"entities":{"symbols":[],"user_mentions":[{"id":42601407,"indices":[0,14],"id_str":"42601407","screen_name":"ThatEmilyLady","name":"Emily"},{"id":153029181,"indices":[15,31],"id_str":"153029181","screen_name":"MariamVeiszadeh","name":"Mariam Veiszadeh"}],"hashtags":[],"urls":[]},"in_reply_to_screen_name":"ThatEmilyLady","id_str":"544784483317084160","retweet_count":0,"in_reply_to_user_id":42601407,"favorited":false,"user":{"follow_request_sent":false,"profile_use_background_image":true,"profile_text_color":"333333","default_profile_image":false,"id":1739847991,"profile_background_image_url_https":"https://abs.twimg.com/images/themes/theme1/bg.png","verified":false,"profile_location":null,"profile_image_url_https":"https://pbs.twimg.com/profile_images/580688136084197376/WcD0AMQE_normal.jpg","profile_sidebar_fill_color":"DDEEF6","entities":{"description":{"urls":[]}},"followers_count":649,"profile_sidebar_border_color":"C0DEED","id_str":"1739847991","profile_background_color":"C0DEED","listed_count":13,"is_translation_enabled":false,"utc_offset":null,"statuses_count":8360,"description":"Reader, thinker & leftie, Atheist, hates Big L Liberals, Accountant, \n Lib Bots - don't bother","friends_count":1079,"location":"Northern NSW","profile_link_color":"0084B4","profile_image_url":"http://pbs.twimg.com/profile_images/580688136084197376/WcD0AMQE_normal.jpg","following":false,"geo_enabled":true,"profile_banner_url":"https://pbs.twimg.com/profile_banners/1739847991/1400155073","profile_background_image_url":"http://abs.twimg.com/images/themes/theme1/bg.png","name":"La Contessa Costin","lang":"en","profile_background_tile":false,"favourites_count":5574,"screen_name":"DianneCostin","notifications":false,"url":null,"created_at":"Sat Sep 07 02:57:12 +0000 2013","contributors_enabled":false,"time_zone":null,"protected":false,"default_profile":true,"is_translator":false},"geo":null,"in_reply_to_user_id_str":"42601407","lang":"en","created_at":"Tue Dec 16 09:21:57 +0000 2014","in_reply_to_status_id_str":"544311989904748544","place":null}
]