[{"contributors":null,"truncated":false,"text":"@NewsAustralia @sortius @andrewnikolic @Greens Is there nothing you foul creeps won't politicise  @andrewnikolic ? You are contemptible.","in_reply_to_status_id":544314020539289600,"id":544316351460823040,"favorite_count":2,"source":"<a href=\"http://twitter.com\" rel=\"nofollow\">Twitter Web Client</a>","retweeted":false,"coordinates":null,"entities":{"symbols":[],"user_mentions":[{"id":377163508,"indices":[0,14],"id_str":"377163508","screen_name":"NewsAustralia","name":"News Australia"},{"id":57524926,"indices":[15,23],"id_str":"57524926","screen_name":"sortius","name":"sortius"},{"id":379988545,"indices":[24,38],"id_str":"379988545","screen_name":"andrewnikolic","name":"Andrew Nikolic"},{"id":7900732,"indices":[39,46],"id_str":"7900732","screen_name":"Greens","name":"Greens"},{"id":379988545,"indices":[98,112],"id_str":"379988545","screen_name":"andrewnikolic","name":"Andrew Nikolic"}],"hashtags":[],"urls":[]},"in_reply_to_screen_name":"NewsAustralia","id_str":"544316351460823040","retweet_count":2,"in_reply_to_user_id":377163508,"favorited":false,"user":{"follow_request_sent":false,"profile_use_background_image":true,"profile_text_color":"333333","default_profile_image":false,"id":343304139,"profile_background_image_url_https":"https://abs.twimg.com/images/themes/theme1/bg.png","verified":false,"profile_location":null,"profile_image_url_https":"https://pbs.twimg.com/profile_images/378800000368055623/03df2752ed5adef0b2cabe9a909f13c9_normal.jpeg","profile_sidebar_fill_color":"DDEEF6","entities":{"description":{"urls":[]}},"followers_count":935,"profile_sidebar_border_color":"C0DEED","id_str":"343304139","profile_background_color":"C0DEED","listed_count":13,"is_translation_enabled":false,"utc_offset":-36000,"statuses_count":12884,"description":"Grandmother,animal lover, conservationist , leaning left and supporting Collingwood and proud to say I was #blockedbybishop","friends_count":1001,"location":"NSW","profile_link_color":"0084B4","profile_image_url":"http://pbs.twimg.com/profile_images/378800000368055623/03df2752ed5adef0b2cabe9a909f13c9_normal.jpeg","following":false,"geo_enabled":false,"profile_background_image_url":"http://abs.twimg.com/images/themes/theme1/bg.png","name":"Comrade Robynne","lang":"en","profile_background_tile":false,"favourites_count":3582,"screen_name":"mavsmum","notifications":false,"url":null,"created_at":"Wed Jul 27 10:56:45 +0000 2011","contributors_enabled":false,"time_zone":"Hawaii","protected":false,"default_profile":true,"is_translator":false},"geo":null,"in_reply_to_user_id_str":"377163508","lang":"en","created_at":"Mon Dec 15 02:21:45 +0000 2014","in_reply_to_status_id_str":"544314020539289600","place":null},
{"contributors":null,"truncated":false,"text":"@NewsAustralia @andrewnikolic @Greens he has deleted the tweet now","in_reply_to_status_id":544314020539289600,"id":544316386181279744,"favorite_count":0,"source":"<a href=\"http://twitter.com/download/iphone\" rel=\"nofollow\">Twitter for iPhone</a>","retweeted":false,"coordinates":null,"entities":{"symbols":[],"user_mentions":[{"id":377163508,"indices":[0,14],"id_str":"377163508","screen_name":"NewsAustralia","name":"News Australia"},{"id":379988545,"indices":[15,29],"id_str":"379988545","screen_name":"andrewnikolic","name":"Andrew Nikolic"},{"id":7900732,"indices":[30,37],"id_str":"7900732","screen_name":"Greens","name":"Greens"}],"hashtags":[],"urls":[]},"in_reply_to_screen_name":"NewsAustralia","id_str":"544316386181279744","retweet_count":1,"in_reply_to_user_id":377163508,"favorited":false,"user":{"follow_request_sent":false,"profile_use_background_image":true,"profile_text_color":"333333","default_profile_image":false,"id":23024061,"profile_background_image_url_https":"https://abs.twimg.com/images/themes/theme14/bg.gif","verified":false,"profile_location":null,"profile_image_url_https":"https://pbs.twimg.com/profile_images/549821421015158784/3gDsZk-T_normal.jpeg","profile_sidebar_fill_color":"EFEFEF","entities":{"url":{"urls":[{"url":"http://t.co/MebmO4t8nv","indices":[0,22],"expanded_url":"http://www.facebook.com/crchadgriffith","display_url":"facebook.com/crchadgriffith"}]},"description":{"urls":[]}},"followers_count":2203,"profile_sidebar_border_color":"EEEEEE","id_str":"23024061","profile_background_color":"131516","listed_count":53,"is_translation_enabled":false,"utc_offset":39600,"statuses_count":34696,"description":"Councillor @ Lake Mac Council married with 2 girls. Play rugby and soccer, Knights & Jets member. Views expressed are my own. Re-tweets are not an endorsement.","friends_count":2386,"location":"Lake Macquarie","profile_link_color":"009999","profile_image_url":"http://pbs.twimg.com/profile_images/549821421015158784/3gDsZk-T_normal.jpeg","following":false,"geo_enabled":true,"profile_banner_url":"https://pbs.twimg.com/profile_banners/23024061/1413808203","profile_background_image_url":"http://abs.twimg.com/images/themes/theme14/bg.gif","name":"Cr Chad Griffith","lang":"en","profile_background_tile":true,"favourites_count":66,"screen_name":"griffithchad","notifications":false,"url":"http://t.co/MebmO4t8nv","created_at":"Fri Mar 06 03:33:25 +0000 2009","contributors_enabled":false,"time_zone":"Sydney","protected":false,"default_profile":false,"is_translator":false},"geo":null,"in_reply_to_user_id_str":"377163508","lang":"en","created_at":"Mon Dec 15 02:21:54 +0000 2014","in_reply_to_status_id_str":"544314020539289600","place":null},
{"contributors":null,"truncated":false,"text":"@NewsAustralia\nLooks like he's deleted that tweet, just a little late... \n@zakmckrakken @andrewnikolic @Greens","in_reply_to_status_id":544314020539289600,"id":544317372819972096,"favorite_count":2,"source":"<a href=\"http://twitter.com/download/android\" rel=\"nofollow\">Twitter for Android</a>","retweeted":false,"coordinates":null,"entities":{"symbols":[],"user_mentions":[{"id":377163508,"indices":[0,14],"id_str":"377163508","screen_name":"NewsAustralia","name":"News Australia"},{"id":1870464230,"indices":[74,87],"id_str":"1870464230","screen_name":"zakmckrakken","name":"#ShipOfFools"},{"id":379988545,"indices":[88,102],"id_str":"379988545","screen_name":"andrewnikolic","name":"Andrew Nikolic"},{"id":7900732,"indices":[103,110],"id_str":"7900732","screen_name":"Greens","name":"Greens"}],"hashtags":[],"urls":[]},"in_reply_to_screen_name":"NewsAustralia","id_str":"544317372819972096","retweet_count":1,"in_reply_to_user_id":377163508,"favorited":false,"user":{"follow_request_sent":false,"profile_use_background_image":true,"profile_text_color":"333333","default_profile_image":false,"id":48919782,"profile_background_image_url_https":"https://pbs.twimg.com/profile_background_images/378800000105846613/863075f91a0dedd7647699dee86011d9.jpeg","verified":false,"profile_location":null,"profile_image_url_https":"https://pbs.twimg.com/profile_images/587269128647380992/iQwr-gPr_normal.jpg","profile_sidebar_fill_color":"DDEEF6","entities":{"description":{"urls":[]}},"followers_count":1030,"profile_sidebar_border_color":"FFFFFF","id_str":"48919782","profile_background_color":"C0DEED","listed_count":12,"is_translation_enabled":false,"utc_offset":28800,"statuses_count":30224,"description":"Winemaking in Margaret River - Bam is on the left, Tonkan on the right (talking about the cats). Views: Roos in the top paddock.","friends_count":1067,"location":"Margaret River WA","profile_link_color":"0084B4","profile_image_url":"http://pbs.twimg.com/profile_images/587269128647380992/iQwr-gPr_normal.jpg","following":false,"geo_enabled":true,"profile_banner_url":"https://pbs.twimg.com/profile_banners/48919782/1382925020","profile_background_image_url":"http://pbs.twimg.com/profile_background_images/378800000105846613/863075f91a0dedd7647699dee86011d9.jpeg","name":"Rick Hoyle - Mills","lang":"en","profile_background_tile":false,"favourites_count":22476,"screen_name":"RickHM","notifications":false,"url":null,"created_at":"Sat Jun 20 03:51:34 +0000 2009","contributors_enabled":false,"time_zone":"Perth","protected":false,"default_profile":false,"is_translator":false},"geo":null,"in_reply_to_user_id_str":"377163508","lang":"en","created_at":"Mon Dec 15 02:25:49 +0000 2014","in_reply_to_status_id_str":"544314020539289600","place":null},
{"contributors":null,"truncated":false,"text":"@NewsAustralia @andrewnikolic @greens fair question &amp; the child Senator should own her stupidity","in_reply_to_status_id":544314020539289600,"id":544318075026173952,"favorite_count":0,"source":"<a href=\"http://twitter.com/download/iphone\" rel=\"nofollow\">Twitter for iPhone</a>","retweeted":false,"coordinates":null,"entities":{"symbols":[],"user_mentions":[{"id":377163508,"indices":[0,14],"id_str":"377163508","screen_name":"NewsAustralia","name":"News Australia"},{"id":379988545,"indices":[15,29],"id_str":"379988545","screen_name":"andrewnikolic","name":"Andrew Nikolic"},{"id":7900732,"indices":[30,37],"id_str":"7900732","screen_name":"Greens","name":"Greens"}],"hashtags":[],"urls":[]},"in_reply_to_screen_name":"NewsAustralia","id_str":"544318075026173952","retweet_count":0,"in_reply_to_user_id":377163508,"favorited":false,"user":{"follow_request_sent":false,"profile_use_background_image":true,"profile_text_color":"333333","default_profile_image":false,"id":588177972,"profile_background_image_url_https":"https://abs.twimg.com/images/themes/theme1/bg.png","verified":false,"profile_location":null,"profile_image_url_https":"https://pbs.twimg.com/profile_images/378800000600039169/bd011de7f37dfed464e97e0437028c88_normal.jpeg","profile_sidebar_fill_color":"DDEEF6","entities":{"description":{"urls":[]}},"followers_count":225,"profile_sidebar_border_color":"C0DEED","id_str":"588177972","profile_background_color":"C0DEED","listed_count":2,"is_translation_enabled":false,"utc_offset":null,"statuses_count":14761,"description":"","friends_count":264,"location":"","profile_link_color":"0084B4","profile_image_url":"http://pbs.twimg.com/profile_images/378800000600039169/bd011de7f37dfed464e97e0437028c88_normal.jpeg","following":false,"geo_enabled":false,"profile_background_image_url":"http://abs.twimg.com/images/themes/theme1/bg.png","name":"Rich Gregory","lang":"en","profile_background_tile":false,"favourites_count":1412,"screen_name":"gegsy1","notifications":false,"url":null,"created_at":"Wed May 23 07:42:07 +0000 2012","contributors_enabled":false,"time_zone":null,"protected":false,"default_profile":true,"is_translator":false},"geo":null,"in_reply_to_user_id_str":"377163508","lang":"en","created_at":"Mon Dec 15 02:28:36 +0000 2014","in_reply_to_status_id_str":"544314020539289600","place":null},
{"contributors":null,"truncated":false,"text":"@NewsAustralia @andrewnikolic @Greens I am wondering if Andrew was told what to say by Peta Credlin and Murdoch?","in_reply_to_status_id":544314020539289600,"id":544333481698816000,"favorite_count":4,"source":"<a href=\"http://twitter.com/download/android\" rel=\"nofollow\">Twitter for Android</a>","retweeted":false,"coordinates":null,"entities":{"symbols":[],"user_mentions":[{"id":377163508,"indices":[0,14],"id_str":"377163508","screen_name":"NewsAustralia","name":"News Australia"},{"id":379988545,"indices":[15,29],"id_str":"379988545","screen_name":"andrewnikolic","name":"Andrew Nikolic"},{"id":7900732,"indices":[30,37],"id_str":"7900732","screen_name":"Greens","name":"Greens"}],"hashtags":[],"urls":[]},"in_reply_to_screen_name":"NewsAustralia","id_str":"544333481698816000","retweet_count":4,"in_reply_to_user_id":377163508,"favorited":false,"user":{"follow_request_sent":false,"profile_use_background_image":false,"profile_text_color":"000000","default_profile_image":false,"id":413624285,"profile_background_image_url_https":"https://abs.twimg.com/images/themes/theme16/bg.gif","verified":false,"profile_location":null,"profile_image_url_https":"https://pbs.twimg.com/profile_images/570579864436998144/j6ekDmcl_normal.jpeg","profile_sidebar_fill_color":"000000","entities":{"description":{"urls":[]}},"followers_count":144,"profile_sidebar_border_color":"000000","id_str":"413624285","profile_background_color":"000000","listed_count":6,"is_translation_enabled":false,"utc_offset":36000,"statuses_count":13274,"description":"In not calling an election and let the community if he is destroying Australia, I guess Abbott is an coward?","friends_count":133,"location":"","profile_link_color":"89C9FA","profile_image_url":"http://pbs.twimg.com/profile_images/570579864436998144/j6ekDmcl_normal.jpeg","following":false,"geo_enabled":false,"profile_banner_url":"https://pbs.twimg.com/profile_banners/413624285/1409668748","profile_background_image_url":"http://abs.twimg.com/images/themes/theme16/bg.gif","name":"ken","lang":"en","profile_background_tile":false,"favourites_count":1984,"screen_name":"vaughan_k","notifications":false,"url":null,"created_at":"Wed Nov 16 02:48:37 +0000 2011","contributors_enabled":false,"time_zone":"Brisbane","protected":false,"default_profile":false,"is_translator":false},"geo":null,"in_reply_to_user_id_str":"377163508","lang":"en","created_at":"Mon Dec 15 03:29:49 +0000 2014","in_reply_to_status_id_str":"544314020539289600","place":null},
{"contributors":null,"truncated":false,"text":"@NewsAustralia @gerriDarcey @andrewnikolic @Greens YES ALSO.@EmilyJane54","in_reply_to_status_id":544314020539289600,"id":544337021091602432,"favorite_count":0,"source":"<a href=\"http://twitter.com/download/android\" rel=\"nofollow\">Twitter for Android</a>","retweeted":false,"coordinates":null,"entities":{"symbols":[],"user_mentions":[{"id":377163508,"indices":[0,14],"id_str":"377163508","screen_name":"NewsAustralia","name":"News Australia"},{"id":136875812,"indices":[15,27],"id_str":"136875812","screen_name":"gerriDarcey","name":"NothinglikeaDame"},{"id":379988545,"indices":[28,42],"id_str":"379988545","screen_name":"andrewnikolic","name":"Andrew Nikolic"},{"id":7900732,"indices":[43,50],"id_str":"7900732","screen_name":"Greens","name":"Greens"},{"id":400691253,"indices":[60,72],"id_str":"400691253","screen_name":"EmilyJane54","name":"EJ-Team Aust."}],"hashtags":[],"urls":[]},"in_reply_to_screen_name":"NewsAustralia","id_str":"544337021091602432","retweet_count":0,"in_reply_to_user_id":377163508,"favorited":false,"user":{"follow_request_sent":false,"profile_use_background_image":true,"profile_text_color":"333333","default_profile_image":false,"id":735744668,"profile_background_image_url_https":"https://abs.twimg.com/images/themes/theme1/bg.png","verified":false,"profile_location":null,"profile_image_url_https":"https://pbs.twimg.com/profile_images/446886149244481536/dQufc1ja_normal.jpeg","profile_sidebar_fill_color":"DDEEF6","entities":{"description":{"urls":[]}},"followers_count":119,"profile_sidebar_border_color":"C0DEED","id_str":"735744668","profile_background_color":"C0DEED","listed_count":3,"is_translation_enabled":false,"utc_offset":null,"statuses_count":1233,"description":"Engineer, wooden boat builder and owner,","friends_count":369,"location":"Brisbane","profile_link_color":"0084B4","profile_image_url":"http://pbs.twimg.com/profile_images/446886149244481536/dQufc1ja_normal.jpeg","following":false,"geo_enabled":true,"profile_banner_url":"https://pbs.twimg.com/profile_banners/735744668/1395381080","profile_background_image_url":"http://abs.twimg.com/images/themes/theme1/bg.png","name":"Mike Anderson","lang":"en","profile_background_tile":false,"favourites_count":1008,"screen_name":"ferrarired103","notifications":false,"url":null,"created_at":"Fri Aug 03 23:51:58 +0000 2012","contributors_enabled":false,"time_zone":null,"protected":false,"default_profile":true,"is_translator":false},"geo":null,"in_reply_to_user_id_str":"377163508","lang":"en","created_at":"Mon Dec 15 03:43:53 +0000 2014","in_reply_to_status_id_str":"544314020539289600","place":null},
{"contributors":null,"truncated":false,"text":"I don't wonder if most people think @andrewnikolic is in idiot. He's made that very clear #auspol \n@Greens @NewsAustralia @gerriDarcey","in_reply_to_status_id":544314020539289600,"id":544337048878845952,"favorite_count":1,"source":"<a href=\"http://twitter.com\" rel=\"nofollow\">Twitter Web Client</a>","retweeted":false,"coordinates":null,"entities":{"symbols":[],"user_mentions":[{"id":379988545,"indices":[36,50],"id_str":"379988545","screen_name":"andrewnikolic","name":"Andrew Nikolic"},{"id":7900732,"indices":[99,106],"id_str":"7900732","screen_name":"Greens","name":"Greens"},{"id":377163508,"indices":[107,121],"id_str":"377163508","screen_name":"NewsAustralia","name":"News Australia"},{"id":136875812,"indices":[122,134],"id_str":"136875812","screen_name":"gerriDarcey","name":"NothinglikeaDame"}],"hashtags":[{"indices":[90,97],"text":"auspol"}],"urls":[]},"in_reply_to_screen_name":"NewsAustralia","id_str":"544337048878845952","retweet_count":2,"in_reply_to_user_id":377163508,"favorited":false,"user":{"follow_request_sent":false,"profile_use_background_image":true,"profile_text_color":"333333","default_profile_image":false,"id":1332825919,"profile_background_image_url_https":"https://abs.twimg.com/images/themes/theme1/bg.png","verified":false,"profile_location":null,"profile_image_url_https":"https://pbs.twimg.com/profile_images/505310907509907458/1xHDbmiA_normal.jpeg","profile_sidebar_fill_color":"DDEEF6","entities":{"description":{"urls":[]}},"followers_count":267,"profile_sidebar_border_color":"C0DEED","id_str":"1332825919","profile_background_color":"C0DEED","listed_count":7,"is_translation_enabled":false,"utc_offset":36000,"statuses_count":3102,"description":"Nearly all of us are from somewhere else.","friends_count":233,"location":"Earth","profile_link_color":"273B2A","profile_image_url":"http://pbs.twimg.com/profile_images/505310907509907458/1xHDbmiA_normal.jpeg","following":false,"geo_enabled":true,"profile_banner_url":"https://pbs.twimg.com/profile_banners/1332825919/1408954856","profile_background_image_url":"http://abs.twimg.com/images/themes/theme1/bg.png","name":"adyn","lang":"en","profile_background_tile":false,"favourites_count":2684,"screen_name":"a_klew","notifications":false,"url":null,"created_at":"Sun Apr 07 00:48:53 +0000 2013","contributors_enabled":false,"time_zone":"Brisbane","protected":false,"default_profile":false,"is_translator":false},"geo":null,"in_reply_to_user_id_str":"377163508","lang":"en","created_at":"Mon Dec 15 03:44:00 +0000 2014","in_reply_to_status_id_str":"544314020539289600","place":{"full_name":"Melbourne, Victoria","url":"https://api.twitter.com/1.1/geo/id/01864a8a64df9dc4.json","country":"Australia","place_type":"city","bounding_box":{"type":"Polygon","coordinates":[[[144.593741856,-38.433859306],[145.512528832,-38.433859306],[145.512528832,-37.5112737225],[144.593741856,-37.5112737225]]]},"contained_within":[],"country_code":"AU","attributes":{},"id":"01864a8a64df9dc4","name":"Melbourne"}},
{"contributors":null,"truncated":false,"text":"@NewsAustralia @andrewnikolic @Greens @MarkRDuckett Tweet has since been deleted... coward.","in_reply_to_status_id":544314020539289600,"id":544345788256501761,"favorite_count":0,"source":"<a href=\"https://about.twitter.com/products/tweetdeck\" rel=\"nofollow\">TweetDeck</a>","retweeted":false,"coordinates":null,"entities":{"symbols":[],"user_mentions":[{"id":377163508,"indices":[0,14],"id_str":"377163508","screen_name":"NewsAustralia","name":"News Australia"},{"id":379988545,"indices":[15,29],"id_str":"379988545","screen_name":"andrewnikolic","name":"Andrew Nikolic"},{"id":7900732,"indices":[30,37],"id_str":"7900732","screen_name":"Greens","name":"Greens"},{"id":258289977,"indices":[38,51],"id_str":"258289977","screen_name":"MarkRDuckett","name":"товарищ Mark"}],"hashtags":[],"urls":[]},"in_reply_to_screen_name":"NewsAustralia","id_str":"544345788256501761","retweet_count":0,"in_reply_to_user_id":377163508,"favorited":false,"user":{"follow_request_sent":false,"profile_use_background_image":true,"profile_text_color":"666666","default_profile_image":false,"id":358031192,"profile_background_image_url_https":"https://pbs.twimg.com/profile_background_images/704012826/13095c0f35236f6d9f3620940fb9d965.jpeg","verified":false,"profile_location":null,"profile_image_url_https":"https://pbs.twimg.com/profile_images/576131284608552960/NrZIN5XX_normal.jpeg","profile_sidebar_fill_color":"252429","entities":{"url":{"urls":[{"url":"http://t.co/ex0heCFyEm","indices":[0,22],"expanded_url":"http://wiki.lspace.org/wiki/St._Ungulant","display_url":"wiki.lspace.org/wiki/St._Ungul…"}]},"description":{"urls":[]}},"followers_count":218,"profile_sidebar_border_color":"000000","id_str":"358031192","profile_background_color":"1A1B1F","listed_count":5,"is_translation_enabled":false,"utc_offset":39600,"statuses_count":19515,"description":"An anchorite, best described as a hermit and one-way prophet. “A lunatic is just a minority of one.”","friends_count":447,"location":"On a Wheel in the Desert","profile_link_color":"2FC2EF","profile_image_url":"http://pbs.twimg.com/profile_images/576131284608552960/NrZIN5XX_normal.jpeg","following":false,"geo_enabled":true,"profile_banner_url":"https://pbs.twimg.com/profile_banners/358031192/1364443946","profile_background_image_url":"http://pbs.twimg.com/profile_background_images/704012826/13095c0f35236f6d9f3620940fb9d965.jpeg","name":"Chicken Hat Ungulant","lang":"en","profile_background_tile":true,"favourites_count":2743,"screen_name":"ST_Ungulant","notifications":false,"url":"http://t.co/ex0heCFyEm","created_at":"Fri Aug 19 08:01:22 +0000 2011","contributors_enabled":false,"time_zone":"Sydney","protected":false,"default_profile":false,"is_translator":false},"geo":null,"in_reply_to_user_id_str":"377163508","lang":"en","created_at":"Mon Dec 15 04:18:44 +0000 2014","in_reply_to_status_id_str":"544314020539289600","place":null},
{"contributors":null,"truncated":false,"text":".@ST_Ungulant @NewsAustralia @andrewnikolic @Greens you cant delete tweets really..they exist forever..","in_reply_to_status_id":544345788256501761,"id":544346443201265664,"favorite_count":1,"source":"<a href=\"https://about.twitter.com/products/tweetdeck\" rel=\"nofollow\">TweetDeck</a>","retweeted":false,"coordinates":null,"entities":{"symbols":[],"user_mentions":[{"id":358031192,"indices":[1,13],"id_str":"358031192","screen_name":"ST_Ungulant","name":"Chicken Hat Ungulant"},{"id":377163508,"indices":[14,28],"id_str":"377163508","screen_name":"NewsAustralia","name":"News Australia"},{"id":379988545,"indices":[29,43],"id_str":"379988545","screen_name":"andrewnikolic","name":"Andrew Nikolic"},{"id":7900732,"indices":[44,51],"id_str":"7900732","screen_name":"Greens","name":"Greens"}],"hashtags":[],"urls":[]},"in_reply_to_screen_name":"ST_Ungulant","id_str":"544346443201265664","retweet_count":0,"in_reply_to_user_id":358031192,"favorited":false,"user":{"follow_request_sent":false,"profile_use_background_image":true,"profile_text_color":"666666","default_profile_image":false,"id":258289977,"profile_background_image_url_https":"https://abs.twimg.com/images/themes/theme9/bg.gif","verified":false,"profile_location":null,"profile_image_url_https":"https://pbs.twimg.com/profile_images/574447339802206209/JMNm1hPw_normal.jpeg","profile_sidebar_fill_color":"252429","entities":{"description":{"urls":[]}},"followers_count":2197,"profile_sidebar_border_color":"181A1E","id_str":"258289977","profile_background_color":"1A1B1F","listed_count":33,"is_translation_enabled":false,"utc_offset":39600,"statuses_count":81572,"description":"'Follow your inner moonlight; don't hide the madness.'\n-Allen Ginsberg [] Complexification [] Political Economy [] Critical Theory [] Spectacle []","friends_count":888,"location":"Newcastle NSW Australia ","profile_link_color":"2FC2EF","profile_image_url":"http://pbs.twimg.com/profile_images/574447339802206209/JMNm1hPw_normal.jpeg","following":false,"geo_enabled":true,"profile_banner_url":"https://pbs.twimg.com/profile_banners/258289977/1417576370","profile_background_image_url":"http://abs.twimg.com/images/themes/theme9/bg.gif","name":"товарищ Mark","lang":"en","profile_background_tile":false,"favourites_count":6343,"screen_name":"MarkRDuckett","notifications":false,"url":null,"created_at":"Sun Feb 27 11:11:27 +0000 2011","contributors_enabled":false,"time_zone":"Sydney","protected":false,"default_profile":false,"is_translator":false},"geo":null,"in_reply_to_user_id_str":"358031192","lang":"en","created_at":"Mon Dec 15 04:21:20 +0000 2014","in_reply_to_status_id_str":"544345788256501761","place":null},
{"contributors":null,"truncated":false,"text":"@MarkRDuckett @NewsAustralia @andrewnikolic @Greens 'You cant stop the signal Mal . . '","in_reply_to_status_id":544346443201265664,"id":544346904323051520,"favorite_count":1,"source":"<a href=\"https://about.twitter.com/products/tweetdeck\" rel=\"nofollow\">TweetDeck</a>","retweeted":false,"coordinates":null,"entities":{"symbols":[],"user_mentions":[{"id":258289977,"indices":[0,13],"id_str":"258289977","screen_name":"MarkRDuckett","name":"товарищ Mark"},{"id":377163508,"indices":[14,28],"id_str":"377163508","screen_name":"NewsAustralia","name":"News Australia"},{"id":379988545,"indices":[29,43],"id_str":"379988545","screen_name":"andrewnikolic","name":"Andrew Nikolic"},{"id":7900732,"indices":[44,51],"id_str":"7900732","screen_name":"Greens","name":"Greens"}],"hashtags":[],"urls":[]},"in_reply_to_screen_name":"MarkRDuckett","id_str":"544346904323051520","retweet_count":0,"in_reply_to_user_id":258289977,"favorited":false,"user":{"follow_request_sent":false,"profile_use_background_image":true,"profile_text_color":"666666","default_profile_image":false,"id":358031192,"profile_background_image_url_https":"https://pbs.twimg.com/profile_background_images/704012826/13095c0f35236f6d9f3620940fb9d965.jpeg","verified":false,"profile_location":null,"profile_image_url_https":"https://pbs.twimg.com/profile_images/576131284608552960/NrZIN5XX_normal.jpeg","profile_sidebar_fill_color":"252429","entities":{"url":{"urls":[{"url":"http://t.co/ex0heCFyEm","indices":[0,22],"expanded_url":"http://wiki.lspace.org/wiki/St._Ungulant","display_url":"wiki.lspace.org/wiki/St._Ungul…"}]},"description":{"urls":[]}},"followers_count":218,"profile_sidebar_border_color":"000000","id_str":"358031192","profile_background_color":"1A1B1F","listed_count":5,"is_translation_enabled":false,"utc_offset":39600,"statuses_count":19515,"description":"An anchorite, best described as a hermit and one-way prophet. “A lunatic is just a minority of one.”","friends_count":447,"location":"On a Wheel in the Desert","profile_link_color":"2FC2EF","profile_image_url":"http://pbs.twimg.com/profile_images/576131284608552960/NrZIN5XX_normal.jpeg","following":false,"geo_enabled":true,"profile_banner_url":"https://pbs.twimg.com/profile_banners/358031192/1364443946","profile_background_image_url":"http://pbs.twimg.com/profile_background_images/704012826/13095c0f35236f6d9f3620940fb9d965.jpeg","name":"Chicken Hat Ungulant","lang":"en","profile_background_tile":true,"favourites_count":2743,"screen_name":"ST_Ungulant","notifications":false,"url":"http://t.co/ex0heCFyEm","created_at":"Fri Aug 19 08:01:22 +0000 2011","contributors_enabled":false,"time_zone":"Sydney","protected":false,"default_profile":false,"is_translator":false},"geo":null,"in_reply_to_user_id_str":"258289977","lang":"en","created_at":"Mon Dec 15 04:23:10 +0000 2014","in_reply_to_status_id_str":"544346443201265664","place":null},
{"contributors":null,"truncated":false,"text":"@NewsAustralia @MarkRDuckett @andrewnikolic @Greens I think he has removed the tweet, pity about the photo, they never think of that.","in_reply_to_status_id":544314020539289600,"id":544358058403446785,"favorite_count":0,"source":"<a href=\"http://twitter.com/#!/download/ipad\" rel=\"nofollow\">Twitter for iPad</a>","retweeted":false,"coordinates":null,"entities":{"symbols":[],"user_mentions":[{"id":377163508,"indices":[0,14],"id_str":"377163508","screen_name":"NewsAustralia","name":"News Australia"},{"id":258289977,"indices":[15,28],"id_str":"258289977","screen_name":"MarkRDuckett","name":"товарищ Mark"},{"id":379988545,"indices":[29,43],"id_str":"379988545","screen_name":"andrewnikolic","name":"Andrew Nikolic"},{"id":7900732,"indices":[44,51],"id_str":"7900732","screen_name":"Greens","name":"Greens"}],"hashtags":[],"urls":[]},"in_reply_to_screen_name":"NewsAustralia","id_str":"544358058403446785","retweet_count":0,"in_reply_to_user_id":377163508,"favorited":false,"user":{"follow_request_sent":false,"profile_use_background_image":true,"profile_text_color":"333333","default_profile_image":false,"id":938489083,"profile_background_image_url_https":"https://abs.twimg.com/images/themes/theme1/bg.png","verified":false,"profile_location":null,"profile_image_url_https":"https://pbs.twimg.com/profile_images/3493818051/6b7a109be6eea8dc905425326ad4650b_normal.jpeg","profile_sidebar_fill_color":"DDEEF6","entities":{"description":{"urls":[]}},"followers_count":1372,"profile_sidebar_border_color":"C0DEED","id_str":"938489083","profile_background_color":"C0DEED","listed_count":21,"is_translation_enabled":false,"utc_offset":null,"statuses_count":32469,"description":"","friends_count":1317,"location":"","profile_link_color":"0084B4","profile_image_url":"http://pbs.twimg.com/profile_images/3493818051/6b7a109be6eea8dc905425326ad4650b_normal.jpeg","following":false,"geo_enabled":false,"profile_background_image_url":"http://abs.twimg.com/images/themes/theme1/bg.png","name":"Elizabeth Marr","lang":"en","profile_background_tile":false,"favourites_count":9234,"screen_name":"JmarrMarr","notifications":false,"url":null,"created_at":"Sat Nov 10 06:13:05 +0000 2012","contributors_enabled":false,"time_zone":null,"protected":false,"default_profile":true,"is_translator":false},"geo":null,"in_reply_to_user_id_str":"377163508","lang":"en","created_at":"Mon Dec 15 05:07:29 +0000 2014","in_reply_to_status_id_str":"544314020539289600","place":null},
{"contributors":null,"truncated":false,"text":"@NewsAustralia #AskTony Are you going to sack @andrewnikolic or force him to resign? #LibFilth @Greens","in_reply_to_status_id":544314020539289600,"id":544371638683181057,"favorite_count":0,"source":"<a href=\"http://twitter.com/download/android\" rel=\"nofollow\">Twitter for Android</a>","retweeted":false,"coordinates":null,"entities":{"symbols":[],"user_mentions":[{"id":377163508,"indices":[0,14],"id_str":"377163508","screen_name":"NewsAustralia","name":"News Australia"},{"id":379988545,"indices":[46,60],"id_str":"379988545","screen_name":"andrewnikolic","name":"Andrew Nikolic"},{"id":7900732,"indices":[95,102],"id_str":"7900732","screen_name":"Greens","name":"Greens"}],"hashtags":[{"indices":[15,23],"text":"AskTony"},{"indices":[85,94],"text":"LibFilth"}],"urls":[]},"in_reply_to_screen_name":"NewsAustralia","id_str":"544371638683181057","retweet_count":0,"in_reply_to_user_id":377163508,"favorited":false,"user":{"follow_request_sent":false,"profile_use_background_image":true,"profile_text_color":"333333","default_profile_image":false,"id":499694976,"profile_background_image_url_https":"https://abs.twimg.com/images/themes/theme1/bg.png","verified":false,"profile_location":null,"profile_image_url_https":"https://pbs.twimg.com/profile_images/378800000058610377/31386c9d15e06e3f8cd9ed89a50cbfef_normal.jpeg","profile_sidebar_fill_color":"DDEEF6","entities":{"description":{"urls":[]}},"followers_count":961,"profile_sidebar_border_color":"C0DEED","id_str":"499694976","profile_background_color":"C0DEED","listed_count":11,"is_translation_enabled":false,"utc_offset":39600,"statuses_count":9749,"description":"Little bit Left, a little bit crazy, love people, love learning new things, I like the outdoors, my guitar & music.","friends_count":1550,"location":"","profile_link_color":"0084B4","profile_image_url":"http://pbs.twimg.com/profile_images/378800000058610377/31386c9d15e06e3f8cd9ed89a50cbfef_normal.jpeg","following":false,"geo_enabled":false,"profile_banner_url":"https://pbs.twimg.com/profile_banners/499694976/1417876385","profile_background_image_url":"http://abs.twimg.com/images/themes/theme1/bg.png","name":"Peasant Girl Friday ","lang":"en","profile_background_tile":false,"favourites_count":2699,"screen_name":"fridaygirl13","notifications":false,"url":null,"created_at":"Wed Feb 22 11:25:41 +0000 2012","contributors_enabled":false,"time_zone":"Melbourne","protected":false,"default_profile":true,"is_translator":false},"geo":null,"in_reply_to_user_id_str":"377163508","lang":"en","created_at":"Mon Dec 15 06:01:27 +0000 2014","in_reply_to_status_id_str":"544314020539289600","place":null},
{"contributors":null,"truncated":false,"text":"@NewsAustralia @andrewnikolic @Greens \nIf you thought Jacki was a little on the fringe\nAndrew does not ever have a civil word for opponents","in_reply_to_status_id":544314020539289600,"id":544379209536139264,"favorite_count":0,"source":"<a href=\"http://twitter.com/download/android\" rel=\"nofollow\">Twitter for Android</a>","retweeted":false,"coordinates":null,"entities":{"symbols":[],"user_mentions":[{"id":377163508,"indices":[0,14],"id_str":"377163508","screen_name":"NewsAustralia","name":"News Australia"},{"id":379988545,"indices":[15,29],"id_str":"379988545","screen_name":"andrewnikolic","name":"Andrew Nikolic"},{"id":7900732,"indices":[30,37],"id_str":"7900732","screen_name":"Greens","name":"Greens"}],"hashtags":[],"urls":[]},"in_reply_to_screen_name":"NewsAustralia","id_str":"544379209536139264","retweet_count":0,"in_reply_to_user_id":377163508,"favorited":false,"user":{"follow_request_sent":false,"profile_use_background_image":true,"profile_text_color":"333333","default_profile_image":false,"id":322375441,"profile_background_image_url_https":"https://abs.twimg.com/images/themes/theme1/bg.png","verified":false,"profile_location":null,"profile_image_url_https":"https://pbs.twimg.com/profile_images/421504103521320960/RUWmG28k_normal.png","profile_sidebar_fill_color":"DDEEF6","entities":{"description":{"urls":[]}},"followers_count":592,"profile_sidebar_border_color":"C0DEED","id_str":"322375441","profile_background_color":"C0DEED","listed_count":5,"is_translation_enabled":false,"utc_offset":null,"statuses_count":14178,"description":"Traveller and left thinker. Lover of technology. The world is one big irony. ex public servant.","friends_count":894,"location":"Australia","profile_link_color":"0084B4","profile_image_url":"http://pbs.twimg.com/profile_images/421504103521320960/RUWmG28k_normal.png","following":false,"geo_enabled":true,"profile_banner_url":"https://pbs.twimg.com/profile_banners/322375441/1389329445","profile_background_image_url":"http://abs.twimg.com/images/themes/theme1/bg.png","name":"Greg C","lang":"en","profile_background_tile":false,"favourites_count":2199,"screen_name":"TasGreg","notifications":false,"url":null,"created_at":"Thu Jun 23 02:27:36 +0000 2011","contributors_enabled":false,"time_zone":null,"protected":false,"default_profile":true,"is_translator":false},"geo":null,"in_reply_to_user_id_str":"377163508","lang":"en","created_at":"Mon Dec 15 06:31:32 +0000 2014","in_reply_to_status_id_str":"544314020539289600","place":null},
{"contributors":null,"truncated":false,"text":"@NewsAustralia @call_me_tomasso @Greens \n\nDrown in a vat of boiling shit with your racist Liberal party mates, @andrewnikolic.\n#sydneysiege","in_reply_to_status_id":544314020539289600,"id":544379799116865536,"favorite_count":3,"source":"<a href=\"http://twitter.com/download/iphone\" rel=\"nofollow\">Twitter for iPhone</a>","retweeted":false,"coordinates":null,"entities":{"symbols":[],"user_mentions":[{"id":377163508,"indices":[0,14],"id_str":"377163508","screen_name":"NewsAustralia","name":"News Australia"},{"id":15225512,"indices":[15,31],"id_str":"15225512","screen_name":"call_me_tomasso","name":"Komrade Tom Osborn"},{"id":7900732,"indices":[32,39],"id_str":"7900732","screen_name":"Greens","name":"Greens"},{"id":379988545,"indices":[111,125],"id_str":"379988545","screen_name":"andrewnikolic","name":"Andrew Nikolic"}],"hashtags":[{"indices":[127,139],"text":"sydneysiege"}],"urls":[]},"in_reply_to_screen_name":"NewsAustralia","id_str":"544379799116865536","retweet_count":2,"in_reply_to_user_id":377163508,"favorited":false,"user":{"follow_request_sent":false,"profile_use_background_image":true,"profile_text_color":"333333","default_profile_image":false,"id":1354084202,"profile_background_image_url_https":"https://pbs.twimg.com/profile_background_images/378800000068663119/880fa331c20a7955e7ac25069631c6e9.jpeg","verified":false,"profile_location":null,"profile_image_url_https":"https://pbs.twimg.com/profile_images/378800000422682563/cc677e73a9f47d3b71fd8dfb8d6a5aa3_normal.jpeg","profile_sidebar_fill_color":"EFEFEF","entities":{"description":{"urls":[]}},"followers_count":1116,"profile_sidebar_border_color":"FFFFFF","id_str":"1354084202","profile_background_color":"131516","listed_count":14,"is_translation_enabled":false,"utc_offset":36000,"statuses_count":23945,"description":"This is where I come to fake good cheer. Sometimes it helps. Unhealthy devotion to Nick Cave & Hunter S. Thompson. 'Stone deaf when asked to toe the line.'","friends_count":1211,"location":"Sydney","profile_link_color":"009999","profile_image_url":"http://pbs.twimg.com/profile_images/378800000422682563/cc677e73a9f47d3b71fd8dfb8d6a5aa3_normal.jpeg","following":false,"geo_enabled":false,"profile_banner_url":"https://pbs.twimg.com/profile_banners/1354084202/1411190147","profile_background_image_url":"http://pbs.twimg.com/profile_background_images/378800000068663119/880fa331c20a7955e7ac25069631c6e9.jpeg","name":"Ms Gonzo","lang":"en","profile_background_tile":true,"favourites_count":3568,"screen_name":"nobodysmuppet","notifications":false,"url":null,"created_at":"Mon Apr 15 11:01:15 +0000 2013","contributors_enabled":false,"time_zone":"Brisbane","protected":false,"default_profile":false,"is_translator":false},"geo":null,"in_reply_to_user_id_str":"377163508","lang":"en","created_at":"Mon Dec 15 06:33:52 +0000 2014","in_reply_to_status_id_str":"544314020539289600","place":null},
{"contributors":null,"truncated":false,"text":"@NewsAustralia @andrewnikolic @Greens \nSurely not even Andrew would say this\nMaybe his account has been hacked\nSuch a horrible tweet","in_reply_to_status_id":544379209536139264,"id":544379877793603586,"favorite_count":0,"source":"<a href=\"http://twitter.com/download/android\" rel=\"nofollow\">Twitter for Android</a>","retweeted":false,"coordinates":null,"entities":{"symbols":[],"user_mentions":[{"id":377163508,"indices":[0,14],"id_str":"377163508","screen_name":"NewsAustralia","name":"News Australia"},{"id":379988545,"indices":[15,29],"id_str":"379988545","screen_name":"andrewnikolic","name":"Andrew Nikolic"},{"id":7900732,"indices":[30,37],"id_str":"7900732","screen_name":"Greens","name":"Greens"}],"hashtags":[],"urls":[]},"in_reply_to_screen_name":"TasGreg","id_str":"544379877793603586","retweet_count":0,"in_reply_to_user_id":322375441,"favorited":false,"user":{"follow_request_sent":false,"profile_use_background_image":true,"profile_text_color":"333333","default_profile_image":false,"id":322375441,"profile_background_image_url_https":"https://abs.twimg.com/images/themes/theme1/bg.png","verified":false,"profile_location":null,"profile_image_url_https":"https://pbs.twimg.com/profile_images/421504103521320960/RUWmG28k_normal.png","profile_sidebar_fill_color":"DDEEF6","entities":{"description":{"urls":[]}},"followers_count":592,"profile_sidebar_border_color":"C0DEED","id_str":"322375441","profile_background_color":"C0DEED","listed_count":5,"is_translation_enabled":false,"utc_offset":null,"statuses_count":14178,"description":"Traveller and left thinker. Lover of technology. The world is one big irony. ex public servant.","friends_count":894,"location":"Australia","profile_link_color":"0084B4","profile_image_url":"http://pbs.twimg.com/profile_images/421504103521320960/RUWmG28k_normal.png","following":false,"geo_enabled":true,"profile_banner_url":"https://pbs.twimg.com/profile_banners/322375441/1389329445","profile_background_image_url":"http://abs.twimg.com/images/themes/theme1/bg.png","name":"Greg C","lang":"en","profile_background_tile":false,"favourites_count":2199,"screen_name":"TasGreg","notifications":false,"url":null,"created_at":"Thu Jun 23 02:27:36 +0000 2011","contributors_enabled":false,"time_zone":null,"protected":false,"default_profile":true,"is_translator":false},"geo":null,"in_reply_to_user_id_str":"322375441","lang":"en","created_at":"Mon Dec 15 06:34:11 +0000 2014","in_reply_to_status_id_str":"544379209536139264","place":null},
{"contributors":null,"truncated":false,"text":"@TasGreg @NewsAustralia @andrewnikolic @Greens Scum @2GB873 Hadley was blaming @sarahinthesen8 as well. Vile creature #sydcafeseige","in_reply_to_status_id":544379877793603586,"id":544380986587222017,"favorite_count":0,"source":"<a href=\"http://twitter.com/download/iphone\" rel=\"nofollow\">Twitter for iPhone</a>","retweeted":false,"coordinates":null,"entities":{"symbols":[],"user_mentions":[{"id":322375441,"indices":[0,8],"id_str":"322375441","screen_name":"TasGreg","name":"Greg C"},{"id":377163508,"indices":[9,23],"id_str":"377163508","screen_name":"NewsAustralia","name":"News Australia"},{"id":379988545,"indices":[24,38],"id_str":"379988545","screen_name":"andrewnikolic","name":"Andrew Nikolic"},{"id":7900732,"indices":[39,46],"id_str":"7900732","screen_name":"Greens","name":"Greens"},{"id":88593058,"indices":[52,59],"id_str":"88593058","screen_name":"2GB873","name":"2GB 873"},{"id":4553061,"indices":[79,94],"id_str":"4553061","screen_name":"sarahinthesen8","name":"sarah hanson-young"}],"hashtags":[{"indices":[118,131],"text":"sydcafeseige"}],"urls":[]},"in_reply_to_screen_name":"TasGreg","id_str":"544380986587222017","retweet_count":0,"in_reply_to_user_id":322375441,"favorited":false,"user":{"follow_request_sent":false,"profile_use_background_image":true,"profile_text_color":"333333","default_profile_image":false,"id":421403485,"profile_background_image_url_https":"https://abs.twimg.com/images/themes/theme1/bg.png","verified":false,"profile_location":null,"profile_image_url_https":"https://pbs.twimg.com/profile_images/581330809249890304/TqBV_lVX_normal.jpg","profile_sidebar_fill_color":"DDEEF6","entities":{"description":{"urls":[]}},"followers_count":783,"profile_sidebar_border_color":"C0DEED","id_str":"421403485","profile_background_color":"C0DEED","listed_count":7,"is_translation_enabled":false,"utc_offset":39600,"statuses_count":5030,"description":"Tiger fan all my life and  after growing up on Sydney's north side I have done a 180 degree turn and hate the Libs and what they stand for.","friends_count":1340,"location":"NSW","profile_link_color":"0084B4","profile_image_url":"http://pbs.twimg.com/profile_images/581330809249890304/TqBV_lVX_normal.jpg","following":false,"geo_enabled":false,"profile_banner_url":"https://pbs.twimg.com/profile_banners/421403485/1416236105","profile_background_image_url":"http://abs.twimg.com/images/themes/theme1/bg.png","name":"TG","lang":"en","profile_background_tile":false,"favourites_count":3103,"screen_name":"tg_greg","notifications":false,"url":null,"created_at":"Fri Nov 25 22:16:19 +0000 2011","contributors_enabled":false,"time_zone":"Sydney","protected":false,"default_profile":true,"is_translator":false},"geo":null,"in_reply_to_user_id_str":"322375441","lang":"en","created_at":"Mon Dec 15 06:38:35 +0000 2014","in_reply_to_status_id_str":"544379877793603586","place":null},
{"contributors":null,"truncated":false,"text":"@Greens @griffithchad @NewsAustralia Too late too too late @andrewnikolic we have seen it.What is going on @TonyAbbottMHR?Ur ppl r v sick.","in_reply_to_status_id":544316386181279744,"id":544382008130940928,"favorite_count":0,"source":"<a href=\"http://twitter.com/#!/download/ipad\" rel=\"nofollow\">Twitter for iPad</a>","retweeted":false,"coordinates":null,"entities":{"symbols":[],"user_mentions":[{"id":7900732,"indices":[0,7],"id_str":"7900732","screen_name":"Greens","name":"Greens"},{"id":23024061,"indices":[8,21],"id_str":"23024061","screen_name":"griffithchad","name":"Cr Chad Griffith"},{"id":377163508,"indices":[22,36],"id_str":"377163508","screen_name":"NewsAustralia","name":"News Australia"},{"id":379988545,"indices":[59,73],"id_str":"379988545","screen_name":"andrewnikolic","name":"Andrew Nikolic"},{"id":93766096,"indices":[107,121],"id_str":"93766096","screen_name":"TonyAbbottMHR","name":"Tony Abbott"}],"hashtags":[],"urls":[]},"in_reply_to_screen_name":"griffithchad","id_str":"544382008130940928","retweet_count":0,"in_reply_to_user_id":23024061,"favorited":false,"user":{"follow_request_sent":false,"profile_use_background_image":true,"profile_text_color":"333333","default_profile_image":false,"id":546725280,"profile_background_image_url_https":"https://abs.twimg.com/images/themes/theme1/bg.png","verified":false,"profile_location":null,"profile_image_url_https":"https://pbs.twimg.com/profile_images/565631110563258369/h4iDC4Ib_normal.jpeg","profile_sidebar_fill_color":"DDEEF6","entities":{"description":{"urls":[]}},"followers_count":863,"profile_sidebar_border_color":"C0DEED","id_str":"546725280","profile_background_color":"C0DEED","listed_count":15,"is_translation_enabled":false,"utc_offset":39600,"statuses_count":44241,"description":"Doesn't suffer fools gladly.Books Books surrounded by lots of Books. I didn't vote for HIM.It wasn't me!","friends_count":694,"location":"Melbourne, Australia","profile_link_color":"0084B4","profile_image_url":"http://pbs.twimg.com/profile_images/565631110563258369/h4iDC4Ib_normal.jpeg","following":false,"geo_enabled":false,"profile_background_image_url":"http://abs.twimg.com/images/themes/theme1/bg.png","name":"Insouciantly Yours","lang":"en","profile_background_tile":false,"favourites_count":12204,"screen_name":"Justpeachijo","notifications":false,"url":null,"created_at":"Fri Apr 06 08:37:55 +0000 2012","contributors_enabled":false,"time_zone":"Melbourne","protected":false,"default_profile":true,"is_translator":false},"geo":null,"in_reply_to_user_id_str":"23024061","lang":"en","created_at":"Mon Dec 15 06:42:39 +0000 2014","in_reply_to_status_id_str":"544316386181279744","place":null},
{"contributors":null,"truncated":false,"text":".@griffithchad @Justpeachijo @NewsAustralia idiots like @andrewnikolic will stoop to great depths for political expediency. @Greens","in_reply_to_status_id":544316386181279744,"id":544382113370214400,"favorite_count":0,"source":"<a href=\"http://twitter.com/download/android\" rel=\"nofollow\">Twitter for Android</a>","retweeted":false,"coordinates":null,"entities":{"symbols":[],"user_mentions":[{"id":23024061,"indices":[1,14],"id_str":"23024061","screen_name":"griffithchad","name":"Cr Chad Griffith"},{"id":546725280,"indices":[15,28],"id_str":"546725280","screen_name":"Justpeachijo","name":"Insouciantly Yours"},{"id":377163508,"indices":[29,43],"id_str":"377163508","screen_name":"NewsAustralia","name":"News Australia"},{"id":379988545,"indices":[56,70],"id_str":"379988545","screen_name":"andrewnikolic","name":"Andrew Nikolic"},{"id":7900732,"indices":[124,131],"id_str":"7900732","screen_name":"Greens","name":"Greens"}],"hashtags":[],"urls":[]},"in_reply_to_screen_name":"griffithchad","id_str":"544382113370214400","retweet_count":1,"in_reply_to_user_id":23024061,"favorited":false,"user":{"follow_request_sent":false,"profile_use_background_image":true,"profile_text_color":"333333","default_profile_image":false,"id":562581820,"profile_background_image_url_https":"https://abs.twimg.com/images/themes/theme1/bg.png","verified":false,"profile_location":null,"profile_image_url_https":"https://pbs.twimg.com/profile_images/559901568770654208/wK6alY6F_normal.jpeg","profile_sidebar_fill_color":"DDEEF6","entities":{"url":{"urls":[{"url":"http://t.co/Tio8e7ETAd","indices":[0,22],"expanded_url":"http://www.uknowispeaksense.wordpress.com","display_url":"uknowispeaksense.wordpress.com"}]},"description":{"urls":[]}},"followers_count":936,"profile_sidebar_border_color":"C0DEED","id_str":"562581820","profile_background_color":"C0DEED","listed_count":19,"is_translation_enabled":false,"utc_offset":39600,"statuses_count":10885,"description":"Research Scientist. Left leaning. Despise anti-science, pseudoscience and climate change deniers. Abbott is the worst PM in history.","friends_count":912,"location":"","profile_link_color":"ED120E","profile_image_url":"http://pbs.twimg.com/profile_images/559901568770654208/wK6alY6F_normal.jpeg","following":false,"geo_enabled":false,"profile_banner_url":"https://pbs.twimg.com/profile_banners/562581820/1399356728","profile_background_image_url":"http://abs.twimg.com/images/themes/theme1/bg.png","name":"SpeakSense","lang":"en","profile_background_tile":false,"favourites_count":681,"screen_name":"uknowiSS","notifications":false,"url":"http://t.co/Tio8e7ETAd","created_at":"Wed Apr 25 04:11:27 +0000 2012","contributors_enabled":false,"time_zone":"Melbourne","protected":false,"default_profile":false,"is_translator":false},"geo":null,"in_reply_to_user_id_str":"23024061","lang":"en","created_at":"Mon Dec 15 06:43:04 +0000 2014","in_reply_to_status_id_str":"544316386181279744","place":null},
{"contributors":null,"truncated":false,"text":"@Greens @uknowiSS @griffithchad @NewsAustralia just adding final nails of incompetence courtesy of @andrewnikolic.Check out polls.#vicvotes","in_reply_to_status_id":544382113370214400,"id":544382577256042496,"favorite_count":0,"source":"<a href=\"http://twitter.com/#!/download/ipad\" rel=\"nofollow\">Twitter for iPad</a>","retweeted":false,"coordinates":null,"entities":{"symbols":[],"user_mentions":[{"id":7900732,"indices":[0,7],"id_str":"7900732","screen_name":"Greens","name":"Greens"},{"id":562581820,"indices":[8,17],"id_str":"562581820","screen_name":"uknowiSS","name":"SpeakSense"},{"id":23024061,"indices":[18,31],"id_str":"23024061","screen_name":"griffithchad","name":"Cr Chad Griffith"},{"id":377163508,"indices":[32,46],"id_str":"377163508","screen_name":"NewsAustralia","name":"News Australia"},{"id":379988545,"indices":[99,113],"id_str":"379988545","screen_name":"andrewnikolic","name":"Andrew Nikolic"}],"hashtags":[{"indices":[130,139],"text":"vicvotes"}],"urls":[]},"in_reply_to_screen_name":"uknowiSS","id_str":"544382577256042496","retweet_count":0,"in_reply_to_user_id":562581820,"favorited":false,"user":{"follow_request_sent":false,"profile_use_background_image":true,"profile_text_color":"333333","default_profile_image":false,"id":546725280,"profile_background_image_url_https":"https://abs.twimg.com/images/themes/theme1/bg.png","verified":false,"profile_location":null,"profile_image_url_https":"https://pbs.twimg.com/profile_images/565631110563258369/h4iDC4Ib_normal.jpeg","profile_sidebar_fill_color":"DDEEF6","entities":{"description":{"urls":[]}},"followers_count":863,"profile_sidebar_border_color":"C0DEED","id_str":"546725280","profile_background_color":"C0DEED","listed_count":15,"is_translation_enabled":false,"utc_offset":39600,"statuses_count":44241,"description":"Doesn't suffer fools gladly.Books Books surrounded by lots of Books. I didn't vote for HIM.It wasn't me!","friends_count":694,"location":"Melbourne, Australia","profile_link_color":"0084B4","profile_image_url":"http://pbs.twimg.com/profile_images/565631110563258369/h4iDC4Ib_normal.jpeg","following":false,"geo_enabled":false,"profile_background_image_url":"http://abs.twimg.com/images/themes/theme1/bg.png","name":"Insouciantly Yours","lang":"en","profile_background_tile":false,"favourites_count":12204,"screen_name":"Justpeachijo","notifications":false,"url":null,"created_at":"Fri Apr 06 08:37:55 +0000 2012","contributors_enabled":false,"time_zone":"Melbourne","protected":false,"default_profile":true,"is_translator":false},"geo":null,"in_reply_to_user_id_str":"562581820","lang":"en","created_at":"Mon Dec 15 06:44:55 +0000 2014","in_reply_to_status_id_str":"544382113370214400","place":null}
]