[{"contributors":null,"truncated":false,"text":"@1DwwaupdatesWW what's going on in Sydney","in_reply_to_status_id":544312118497914880,"id":544312770825437185,"favorite_count":0,"source":"<a href=\"http://twitter.com/download/iphone\" rel=\"nofollow\">Twitter for iPhone</a>","retweeted":false,"coordinates":null,"entities":{"symbols":[],"user_mentions":[{"id":601862797,"indices":[0,15],"id_str":"601862797","screen_name":"1DwwaupdatesWW","name":"1DUpDates"}],"hashtags":[],"urls":[]},"in_reply_to_screen_name":"1DwwaupdatesWW","id_str":"544312770825437185","retweet_count":0,"in_reply_to_user_id":601862797,"favorited":false,"user":{"follow_request_sent":false,"profile_use_background_image":true,"profile_text_color":"362720","default_profile_image":false,"id":247551503,"profile_background_image_url_https":"https://pbs.twimg.com/profile_background_images/378800000124186974/015e3a650fc961348e870db323c3f46f.jpeg","verified":false,"profile_location":null,"profile_image_url_https":"https://pbs.twimg.com/profile_images/585271078215229442/Xg832A5G_normal.jpg","profile_sidebar_fill_color":"E5507E","entities":{"description":{"urls":[]}},"followers_count":673,"profile_sidebar_border_color":"FFFFFF","id_str":"247551503","profile_background_color":"FF6699","listed_count":9,"is_translation_enabled":false,"utc_offset":-25200,"statuses_count":13382,"description":"❤️ 1d/ 5sos/ whitesides stole my heart ❤️ wwa.9.13.14 otra.7.9.14 ✨guisell/jazmin/valerie✨","friends_count":360,"location":"","profile_link_color":"B40B43","profile_image_url":"http://pbs.twimg.com/profile_images/585271078215229442/Xg832A5G_normal.jpg","following":false,"geo_enabled":false,"profile_banner_url":"https://pbs.twimg.com/profile_banners/247551503/1417549145","profile_background_image_url":"http://pbs.twimg.com/profile_background_images/378800000124186974/015e3a650fc961348e870db323c3f46f.jpeg","name":"FANGIRL AF","lang":"en","profile_background_tile":true,"favourites_count":25639,"screen_name":"thisgirlcristal","notifications":false,"url":null,"created_at":"Sat Feb 05 01:35:29 +0000 2011","contributors_enabled":false,"time_zone":"Arizona","protected":false,"default_profile":false,"is_translator":false},"geo":null,"in_reply_to_user_id_str":"601862797","lang":"en","created_at":"Mon Dec 15 02:07:32 +0000 2014","in_reply_to_status_id_str":"544312118497914880","place":null},
{"contributors":null,"truncated":false,"text":"@1DwwaupdatesWW what's going on??","in_reply_to_status_id":544312118497914880,"id":544313072232726528,"favorite_count":0,"source":"<a href=\"http://twitter.com/download/android\" rel=\"nofollow\">Twitter for Android</a>","retweeted":false,"coordinates":null,"entities":{"symbols":[],"user_mentions":[{"id":601862797,"indices":[0,15],"id_str":"601862797","screen_name":"1DwwaupdatesWW","name":"1DUpDates"}],"hashtags":[],"urls":[]},"in_reply_to_screen_name":"1DwwaupdatesWW","id_str":"544313072232726528","retweet_count":0,"in_reply_to_user_id":601862797,"favorited":false,"user":{"follow_request_sent":false,"profile_use_background_image":true,"profile_text_color":"333333","default_profile_image":false,"id":906726030,"profile_background_image_url_https":"https://pbs.twimg.com/profile_background_images/505351482346979330/ZrqmE7P_.jpeg","verified":false,"profile_location":null,"profile_image_url_https":"https://pbs.twimg.com/profile_images/588532768889556992/001xu4Yu_normal.jpg","profile_sidebar_fill_color":"DDEEF6","entities":{"description":{"urls":[]}},"followers_count":274,"profile_sidebar_border_color":"FFFFFF","id_str":"906726030","profile_background_color":"EBC1E8","listed_count":0,"is_translation_enabled":false,"utc_offset":-14400,"statuses_count":1206,"description":"I'm a 13 year old YouTuber (well I was xD), so yea!!","friends_count":704,"location":"My mind","profile_link_color":"00B36B","profile_image_url":"http://pbs.twimg.com/profile_images/588532768889556992/001xu4Yu_normal.jpg","following":false,"geo_enabled":false,"profile_banner_url":"https://pbs.twimg.com/profile_banners/906726030/1409321153","profile_background_image_url":"http://pbs.twimg.com/profile_background_images/505351482346979330/ZrqmE7P_.jpeg","name":":::Tydel Waves:::","lang":"en","profile_background_tile":false,"favourites_count":1034,"screen_name":"Sole_IsSoCool","notifications":false,"url":null,"created_at":"Fri Oct 26 20:32:22 +0000 2012","contributors_enabled":false,"time_zone":"Atlantic Time (Canada)","protected":false,"default_profile":false,"is_translator":false},"geo":null,"in_reply_to_user_id_str":"601862797","lang":"en","created_at":"Mon Dec 15 02:08:43 +0000 2014","in_reply_to_status_id_str":"544312118497914880","place":null},
{"contributors":null,"truncated":false,"text":"@thisgirlcristal @1DwwaupdatesWW someone was/is holding hostages in a cafe","in_reply_to_status_id":544312770825437185,"id":544313997345185792,"favorite_count":4,"source":"<a href=\"http://twitter.com/download/iphone\" rel=\"nofollow\">Twitter for iPhone</a>","retweeted":false,"coordinates":null,"entities":{"symbols":[],"user_mentions":[{"id":247551503,"indices":[0,16],"id_str":"247551503","screen_name":"thisgirlcristal","name":"FANGIRL AF"},{"id":601862797,"indices":[17,32],"id_str":"601862797","screen_name":"1DwwaupdatesWW","name":"1DUpDates"}],"hashtags":[],"urls":[]},"in_reply_to_screen_name":"thisgirlcristal","id_str":"544313997345185792","retweet_count":0,"in_reply_to_user_id":247551503,"favorited":false,"user":{"follow_request_sent":false,"profile_use_background_image":true,"profile_text_color":"333333","default_profile_image":false,"id":595890025,"profile_background_image_url_https":"https://pbs.twimg.com/profile_background_images/524300831105880064/FByOc3Aq.jpeg","verified":false,"profile_location":null,"profile_image_url_https":"https://pbs.twimg.com/profile_images/529873118048030721/1XB9Gb_f_normal.jpeg","profile_sidebar_fill_color":"DDEEF6","entities":{"url":{"urls":[{"url":"https://t.co/zUtDKc8ojc","indices":[0,23],"expanded_url":"https://twitter.com/trishaross16/status/539126700853182464","display_url":"twitter.com/trishaross16/s…"}]},"description":{"urls":[]}},"followers_count":2441,"profile_sidebar_border_color":"FFFFFF","id_str":"595890025","profile_background_color":"C0DEED","listed_count":9,"is_translation_enabled":false,"utc_offset":-36000,"statuses_count":15395,"description":"Jamie scott 8•29•14 Mazi Maz 9•17•14 Dynasty Three 11•15•14 Alex 11•15•14","friends_count":2102,"location":"","profile_link_color":"0084B4","profile_image_url":"http://pbs.twimg.com/profile_images/529873118048030721/1XB9Gb_f_normal.jpeg","following":false,"geo_enabled":true,"profile_banner_url":"https://pbs.twimg.com/profile_banners/595890025/1413665614","profile_background_image_url":"http://pbs.twimg.com/profile_background_images/524300831105880064/FByOc3Aq.jpeg","name":"You Complete Me(ss)❌","lang":"en","profile_background_tile":true,"favourites_count":11278,"screen_name":"TrishaRoss16","notifications":false,"url":"https://t.co/zUtDKc8ojc","created_at":"Thu May 31 22:34:45 +0000 2012","contributors_enabled":false,"time_zone":"Hawaii","protected":false,"default_profile":false,"is_translator":false},"geo":null,"in_reply_to_user_id_str":"247551503","lang":"en","created_at":"Mon Dec 15 02:12:24 +0000 2014","in_reply_to_status_id_str":"544312770825437185","place":null},
{"contributors":null,"truncated":false,"text":"@1DwwaupdatesWW @5SOSWWReports exactly celebs aren't the only people in the world that matter this world is fucked up","in_reply_to_status_id":544312118497914880,"id":544314010104246273,"favorite_count":0,"source":"<a href=\"http://twitter.com/download/android\" rel=\"nofollow\">Twitter for Android</a>","retweeted":false,"coordinates":null,"entities":{"symbols":[],"user_mentions":[{"id":601862797,"indices":[0,15],"id_str":"601862797","screen_name":"1DwwaupdatesWW","name":"1DUpDates"},{"id":1659333062,"indices":[16,30],"id_str":"1659333062","screen_name":"5SOSWWReports","name":"Punk Rock Updates"}],"hashtags":[],"urls":[]},"in_reply_to_screen_name":"1DwwaupdatesWW","id_str":"544314010104246273","retweet_count":0,"in_reply_to_user_id":601862797,"favorited":false,"user":{"follow_request_sent":false,"profile_use_background_image":true,"profile_text_color":"B54E51","default_profile_image":false,"id":24334146,"profile_background_image_url_https":"https://pbs.twimg.com/profile_background_images/527341713862311936/ebHOUIka.jpeg","verified":false,"profile_location":null,"profile_image_url_https":"https://pbs.twimg.com/profile_images/536073073435639808/MhfTuXzl_normal.jpeg","profile_sidebar_fill_color":"851A2C","entities":{"description":{"urls":[]}},"followers_count":634,"profile_sidebar_border_color":"FFFFFF","id_str":"24334146","profile_background_color":"66B7B1","listed_count":1,"is_translation_enabled":false,"utc_offset":-12600,"statuses_count":7924,"description":"I'm Lachelle I'm 25 my life revolves around my love for music, my fiance, family and friends I'm filled with useless facts such as tech news celebrate news etc","friends_count":950,"location":"Deer Lake, Newfoundland,Canada","profile_link_color":"C7D9C1","profile_image_url":"http://pbs.twimg.com/profile_images/536073073435639808/MhfTuXzl_normal.jpeg","following":false,"geo_enabled":false,"profile_banner_url":"https://pbs.twimg.com/profile_banners/24334146/1416644754","profile_background_image_url":"http://pbs.twimg.com/profile_background_images/527341713862311936/ebHOUIka.jpeg","name":"Lachelle5SOS","lang":"en","profile_background_tile":true,"favourites_count":187,"screen_name":"LachelleTW1D_25","notifications":false,"url":null,"created_at":"Sat Mar 14 05:15:32 +0000 2009","contributors_enabled":false,"time_zone":"Newfoundland","protected":false,"default_profile":false,"is_translator":false},"geo":null,"in_reply_to_user_id_str":"601862797","lang":"en","created_at":"Mon Dec 15 02:12:27 +0000 2014","in_reply_to_status_id_str":"544312118497914880","place":null},
{"contributors":null,"truncated":false,"text":"@1DwwaupdatesWW @5SOSWWReports what happened??","in_reply_to_status_id":544312118497914880,"id":544314096888578048,"favorite_count":0,"source":"<a href=\"http://twitter.com/download/iphone\" rel=\"nofollow\">Twitter for iPhone</a>","retweeted":false,"coordinates":null,"entities":{"symbols":[],"user_mentions":[{"id":601862797,"indices":[0,15],"id_str":"601862797","screen_name":"1DwwaupdatesWW","name":"1DUpDates"},{"id":1659333062,"indices":[16,30],"id_str":"1659333062","screen_name":"5SOSWWReports","name":"Punk Rock Updates"}],"hashtags":[],"urls":[]},"in_reply_to_screen_name":"1DwwaupdatesWW","id_str":"544314096888578048","retweet_count":0,"in_reply_to_user_id":601862797,"favorited":false,"user":{"follow_request_sent":false,"profile_use_background_image":true,"profile_text_color":"333333","default_profile_image":false,"id":2740181278,"profile_background_image_url_https":"https://abs.twimg.com/images/themes/theme1/bg.png","verified":false,"profile_location":null,"profile_image_url_https":"https://pbs.twimg.com/profile_images/545336757336936448/dtzjB5H7_normal.jpeg","profile_sidebar_fill_color":"DDEEF6","entities":{"url":{"urls":[{"url":"https://t.co/0sRJIU1ROA","indices":[0,23],"expanded_url":"https://twitter.com/fxckablemxlum/status/500087269844606976","display_url":"twitter.com/fxckablemxlum/…"}]},"description":{"urls":[]}},"followers_count":1091,"profile_sidebar_border_color":"C0DEED","id_str":"2740181278","profile_background_color":"C0DEED","listed_count":5,"is_translation_enabled":false,"utc_offset":-21600,"statuses_count":6351,"description":"bands are my drug ||0/5||0/4||","friends_count":1515,"location":"somewhere in neverland","profile_link_color":"0084B4","profile_image_url":"http://pbs.twimg.com/profile_images/545336757336936448/dtzjB5H7_normal.jpeg","following":false,"geo_enabled":false,"profile_banner_url":"https://pbs.twimg.com/profile_banners/2740181278/1418442349","profile_background_image_url":"http://abs.twimg.com/images/themes/theme1/bg.png","name":"RT BIO?||MIKEY PLS??","lang":"en","profile_background_tile":false,"favourites_count":2724,"screen_name":"lightupmichael","notifications":false,"url":"https://t.co/0sRJIU1ROA","created_at":"Mon Aug 11 19:22:40 +0000 2014","contributors_enabled":false,"time_zone":"Central Time (US & Canada)","protected":false,"default_profile":true,"is_translator":false},"geo":null,"in_reply_to_user_id_str":"601862797","lang":"en","created_at":"Mon Dec 15 02:12:48 +0000 2014","in_reply_to_status_id_str":"544312118497914880","place":null},
{"contributors":null,"truncated":false,"text":"@thisgirlcristal @1DwwaupdatesWW  there is a terrorist siege. It's shit scary","in_reply_to_status_id":544312770825437185,"id":544314099908083714,"favorite_count":0,"source":"<a href=\"http://twitter.com/download/iphone\" rel=\"nofollow\">Twitter for iPhone</a>","retweeted":false,"coordinates":null,"entities":{"symbols":[],"user_mentions":[{"id":247551503,"indices":[0,16],"id_str":"247551503","screen_name":"thisgirlcristal","name":"FANGIRL AF"},{"id":601862797,"indices":[17,32],"id_str":"601862797","screen_name":"1DwwaupdatesWW","name":"1DUpDates"}],"hashtags":[],"urls":[]},"in_reply_to_screen_name":"thisgirlcristal","id_str":"544314099908083714","retweet_count":0,"in_reply_to_user_id":247551503,"favorited":false,"user":{"follow_request_sent":false,"profile_use_background_image":true,"profile_text_color":"333333","default_profile_image":false,"id":2242132856,"profile_background_image_url_https":"https://abs.twimg.com/images/themes/theme1/bg.png","verified":false,"profile_location":null,"profile_image_url_https":"https://pbs.twimg.com/profile_images/533811331678208000/iokvyd6J_normal.jpeg","profile_sidebar_fill_color":"DDEEF6","entities":{"description":{"urls":[]}},"followers_count":458,"profile_sidebar_border_color":"C0DEED","id_str":"2242132856","profile_background_color":"C0DEED","listed_count":1,"is_translation_enabled":false,"utc_offset":36000,"statuses_count":3154,"description":"So sad, Stay rad! *accedentally likes calum hood more than I should*","friends_count":797,"location":"planet earth.","profile_link_color":"0084B4","profile_image_url":"http://pbs.twimg.com/profile_images/533811331678208000/iokvyd6J_normal.jpeg","following":false,"geo_enabled":false,"profile_banner_url":"https://pbs.twimg.com/profile_banners/2242132856/1416127695","profile_background_image_url":"http://abs.twimg.com/images/themes/theme1/bg.png","name":"ishton arwin","lang":"en-gb","profile_background_tile":false,"favourites_count":1034,"screen_name":"hood_heart","notifications":false,"url":null,"created_at":"Thu Dec 12 10:04:18 +0000 2013","contributors_enabled":false,"time_zone":"Yakutsk","protected":false,"default_profile":true,"is_translator":false},"geo":null,"in_reply_to_user_id_str":"247551503","lang":"en","created_at":"Mon Dec 15 02:12:48 +0000 2014","in_reply_to_status_id_str":"544312770825437185","place":null},
{"contributors":null,"truncated":false,"text":"@TrishaRoss16 @1DwwaupdatesWW omg I hope everything works out fine , don't worry they're in my prayers","in_reply_to_status_id":544313997345185792,"id":544314250911436800,"favorite_count":1,"source":"<a href=\"http://twitter.com/download/iphone\" rel=\"nofollow\">Twitter for iPhone</a>","retweeted":false,"coordinates":null,"entities":{"symbols":[],"user_mentions":[{"id":595890025,"indices":[0,13],"id_str":"595890025","screen_name":"TrishaRoss16","name":"You Complete Me(ss)❌"},{"id":601862797,"indices":[14,29],"id_str":"601862797","screen_name":"1DwwaupdatesWW","name":"1DUpDates"}],"hashtags":[],"urls":[]},"in_reply_to_screen_name":"TrishaRoss16","id_str":"544314250911436800","retweet_count":0,"in_reply_to_user_id":595890025,"favorited":false,"user":{"follow_request_sent":false,"profile_use_background_image":true,"profile_text_color":"362720","default_profile_image":false,"id":247551503,"profile_background_image_url_https":"https://pbs.twimg.com/profile_background_images/378800000124186974/015e3a650fc961348e870db323c3f46f.jpeg","verified":false,"profile_location":null,"profile_image_url_https":"https://pbs.twimg.com/profile_images/585271078215229442/Xg832A5G_normal.jpg","profile_sidebar_fill_color":"E5507E","entities":{"description":{"urls":[]}},"followers_count":673,"profile_sidebar_border_color":"FFFFFF","id_str":"247551503","profile_background_color":"FF6699","listed_count":9,"is_translation_enabled":false,"utc_offset":-25200,"statuses_count":13382,"description":"❤️ 1d/ 5sos/ whitesides stole my heart ❤️ wwa.9.13.14 otra.7.9.14 ✨guisell/jazmin/valerie✨","friends_count":360,"location":"","profile_link_color":"B40B43","profile_image_url":"http://pbs.twimg.com/profile_images/585271078215229442/Xg832A5G_normal.jpg","following":false,"geo_enabled":false,"profile_banner_url":"https://pbs.twimg.com/profile_banners/247551503/1417549145","profile_background_image_url":"http://pbs.twimg.com/profile_background_images/378800000124186974/015e3a650fc961348e870db323c3f46f.jpeg","name":"FANGIRL AF","lang":"en","profile_background_tile":true,"favourites_count":25639,"screen_name":"thisgirlcristal","notifications":false,"url":null,"created_at":"Sat Feb 05 01:35:29 +0000 2011","contributors_enabled":false,"time_zone":"Arizona","protected":false,"default_profile":false,"is_translator":false},"geo":null,"in_reply_to_user_id_str":"595890025","lang":"en","created_at":"Mon Dec 15 02:13:24 +0000 2014","in_reply_to_status_id_str":"544313997345185792","place":null},
{"contributors":null,"truncated":false,"text":"@1DwwaupdatesWW @5SOSWWReports 1-2 gunmen are keeping about 13 people hostage in the Lindt cafe and one was holding up a Islamic flag","in_reply_to_status_id":544312118497914880,"id":544314272176947201,"favorite_count":0,"source":"<a href=\"http://twitter.com/download/iphone\" rel=\"nofollow\">Twitter for iPhone</a>","retweeted":false,"coordinates":null,"entities":{"symbols":[],"user_mentions":[{"id":601862797,"indices":[0,15],"id_str":"601862797","screen_name":"1DwwaupdatesWW","name":"1DUpDates"},{"id":1659333062,"indices":[16,30],"id_str":"1659333062","screen_name":"5SOSWWReports","name":"Punk Rock Updates"}],"hashtags":[],"urls":[]},"in_reply_to_screen_name":"1DwwaupdatesWW","id_str":"544314272176947201","retweet_count":0,"in_reply_to_user_id":601862797,"favorited":false,"user":{"follow_request_sent":false,"profile_use_background_image":false,"profile_text_color":"333333","default_profile_image":false,"id":2263750422,"profile_background_image_url_https":"https://abs.twimg.com/images/themes/theme1/bg.png","verified":false,"profile_location":null,"profile_image_url_https":"https://pbs.twimg.com/profile_images/579381411322466304/p11f_MZb_normal.jpg","profile_sidebar_fill_color":"DDEEF6","entities":{"description":{"urls":[]}},"followers_count":855,"profile_sidebar_border_color":"FFFFFF","id_str":"2263750422","profile_background_color":"C0DEED","listed_count":11,"is_translation_enabled":false,"utc_offset":-18000,"statuses_count":3195,"description":"hi mariah.","friends_count":1910,"location":"| trevor/6 | 0/4 |","profile_link_color":"0084B4","profile_image_url":"http://pbs.twimg.com/profile_images/579381411322466304/p11f_MZb_normal.jpg","following":false,"geo_enabled":false,"profile_banner_url":"https://pbs.twimg.com/profile_banners/2263750422/1418591488","profile_background_image_url":"http://abs.twimg.com/images/themes/theme1/bg.png","name":"5SOS NOTICE ME","lang":"en","profile_background_tile":false,"favourites_count":1379,"screen_name":"CahalanClaire","notifications":false,"url":null,"created_at":"Fri Dec 27 04:10:40 +0000 2013","contributors_enabled":false,"time_zone":"Eastern Time (US & Canada)","protected":false,"default_profile":false,"is_translator":false},"geo":null,"in_reply_to_user_id_str":"601862797","lang":"en","created_at":"Mon Dec 15 02:13:30 +0000 2014","in_reply_to_status_id_str":"544312118497914880","place":null},
{"contributors":null,"truncated":false,"text":"@1DwwaupdatesWW what's happend?","in_reply_to_status_id":544312118497914880,"id":544314317815156736,"favorite_count":0,"source":"<a href=\"http://twitter.com/download/android\" rel=\"nofollow\">Twitter for Android</a>","retweeted":false,"coordinates":null,"entities":{"symbols":[],"user_mentions":[{"id":601862797,"indices":[0,15],"id_str":"601862797","screen_name":"1DwwaupdatesWW","name":"1DUpDates"}],"hashtags":[],"urls":[]},"in_reply_to_screen_name":"1DwwaupdatesWW","id_str":"544314317815156736","retweet_count":0,"in_reply_to_user_id":601862797,"favorited":false,"user":{"follow_request_sent":false,"profile_use_background_image":true,"profile_text_color":"333333","default_profile_image":false,"id":2911171011,"profile_background_image_url_https":"https://pbs.twimg.com/profile_background_images/543077206386167808/hPOcc6go.jpeg","verified":false,"profile_location":null,"profile_image_url_https":"https://pbs.twimg.com/profile_images/564278136058441729/gAsa35IO_normal.jpeg","profile_sidebar_fill_color":"DDEEF6","entities":{"url":{"urls":[{"url":"http://t.co/1nzrW6H2ed","indices":[0,22],"expanded_url":"http://www.wattpad.com/user/petruskakucerova","display_url":"wattpad.com/user/petruskak…"}]},"description":{"urls":[]}},"followers_count":45,"profile_sidebar_border_color":"C0DEED","id_str":"2911171011","profile_background_color":"C0DEED","listed_count":0,"is_translation_enabled":false,"utc_offset":null,"statuses_count":1382,"description":"Just crazy in love with Harry and 1D.","friends_count":93,"location":"Czech Republic","profile_link_color":"3B94D9","profile_image_url":"http://pbs.twimg.com/profile_images/564278136058441729/gAsa35IO_normal.jpeg","following":false,"geo_enabled":false,"profile_banner_url":"https://pbs.twimg.com/profile_banners/2911171011/1418314741","profile_background_image_url":"http://pbs.twimg.com/profile_background_images/543077206386167808/hPOcc6go.jpeg","name":"ILOVEHARRY","lang":"cs","profile_background_tile":true,"favourites_count":755,"screen_name":"petruskakucerov","notifications":false,"url":"http://t.co/1nzrW6H2ed","created_at":"Mon Dec 08 16:53:52 +0000 2014","contributors_enabled":false,"time_zone":null,"protected":false,"default_profile":false,"is_translator":false},"geo":null,"in_reply_to_user_id_str":"601862797","lang":"en","created_at":"Mon Dec 15 02:13:40 +0000 2014","in_reply_to_status_id_str":"544312118497914880","place":null},
{"contributors":null,"truncated":false,"text":"@Sole_IsSoCool @1DwwaupdatesWW a terrorist has taken eleven people hostage in a restaurant. It's pretty scary","in_reply_to_status_id":544313072232726528,"id":544314397347168256,"favorite_count":0,"source":"<a href=\"http://twitter.com/download/iphone\" rel=\"nofollow\">Twitter for iPhone</a>","retweeted":false,"coordinates":null,"entities":{"symbols":[],"user_mentions":[{"id":906726030,"indices":[0,14],"id_str":"906726030","screen_name":"Sole_IsSoCool","name":":::Tydel Waves:::"},{"id":601862797,"indices":[15,30],"id_str":"601862797","screen_name":"1DwwaupdatesWW","name":"1DUpDates"}],"hashtags":[],"urls":[]},"in_reply_to_screen_name":"Sole_IsSoCool","id_str":"544314397347168256","retweet_count":0,"in_reply_to_user_id":906726030,"favorited":false,"user":{"follow_request_sent":false,"profile_use_background_image":true,"profile_text_color":"333333","default_profile_image":false,"id":2242132856,"profile_background_image_url_https":"https://abs.twimg.com/images/themes/theme1/bg.png","verified":false,"profile_location":null,"profile_image_url_https":"https://pbs.twimg.com/profile_images/533811331678208000/iokvyd6J_normal.jpeg","profile_sidebar_fill_color":"DDEEF6","entities":{"description":{"urls":[]}},"followers_count":458,"profile_sidebar_border_color":"C0DEED","id_str":"2242132856","profile_background_color":"C0DEED","listed_count":1,"is_translation_enabled":false,"utc_offset":36000,"statuses_count":3154,"description":"So sad, Stay rad! *accedentally likes calum hood more than I should*","friends_count":797,"location":"planet earth.","profile_link_color":"0084B4","profile_image_url":"http://pbs.twimg.com/profile_images/533811331678208000/iokvyd6J_normal.jpeg","following":false,"geo_enabled":false,"profile_banner_url":"https://pbs.twimg.com/profile_banners/2242132856/1416127695","profile_background_image_url":"http://abs.twimg.com/images/themes/theme1/bg.png","name":"ishton arwin","lang":"en-gb","profile_background_tile":false,"favourites_count":1034,"screen_name":"hood_heart","notifications":false,"url":null,"created_at":"Thu Dec 12 10:04:18 +0000 2013","contributors_enabled":false,"time_zone":"Yakutsk","protected":false,"default_profile":true,"is_translator":false},"geo":null,"in_reply_to_user_id_str":"906726030","lang":"en","created_at":"Mon Dec 15 02:13:59 +0000 2014","in_reply_to_status_id_str":"544313072232726528","place":null},
{"contributors":null,"truncated":false,"text":"@1DwwaupdatesWW @5SOSWWReports it is. People can be so rude","in_reply_to_status_id":544312118497914880,"id":544314484219604992,"favorite_count":0,"source":"<a href=\"http://twitter.com/download/iphone\" rel=\"nofollow\">Twitter for iPhone</a>","retweeted":false,"coordinates":null,"entities":{"symbols":[],"user_mentions":[{"id":601862797,"indices":[0,15],"id_str":"601862797","screen_name":"1DwwaupdatesWW","name":"1DUpDates"},{"id":1659333062,"indices":[16,30],"id_str":"1659333062","screen_name":"5SOSWWReports","name":"Punk Rock Updates"}],"hashtags":[],"urls":[]},"in_reply_to_screen_name":"1DwwaupdatesWW","id_str":"544314484219604992","retweet_count":0,"in_reply_to_user_id":601862797,"favorited":false,"user":{"follow_request_sent":false,"profile_use_background_image":true,"profile_text_color":"333333","default_profile_image":false,"id":2242132856,"profile_background_image_url_https":"https://abs.twimg.com/images/themes/theme1/bg.png","verified":false,"profile_location":null,"profile_image_url_https":"https://pbs.twimg.com/profile_images/533811331678208000/iokvyd6J_normal.jpeg","profile_sidebar_fill_color":"DDEEF6","entities":{"description":{"urls":[]}},"followers_count":458,"profile_sidebar_border_color":"C0DEED","id_str":"2242132856","profile_background_color":"C0DEED","listed_count":1,"is_translation_enabled":false,"utc_offset":36000,"statuses_count":3154,"description":"So sad, Stay rad! *accedentally likes calum hood more than I should*","friends_count":797,"location":"planet earth.","profile_link_color":"0084B4","profile_image_url":"http://pbs.twimg.com/profile_images/533811331678208000/iokvyd6J_normal.jpeg","following":false,"geo_enabled":false,"profile_banner_url":"https://pbs.twimg.com/profile_banners/2242132856/1416127695","profile_background_image_url":"http://abs.twimg.com/images/themes/theme1/bg.png","name":"ishton arwin","lang":"en-gb","profile_background_tile":false,"favourites_count":1034,"screen_name":"hood_heart","notifications":false,"url":null,"created_at":"Thu Dec 12 10:04:18 +0000 2013","contributors_enabled":false,"time_zone":"Yakutsk","protected":false,"default_profile":true,"is_translator":false},"geo":null,"in_reply_to_user_id_str":"601862797","lang":"en","created_at":"Mon Dec 15 02:14:20 +0000 2014","in_reply_to_status_id_str":"544312118497914880","place":null},
{"contributors":null,"truncated":false,"text":"@1DwwaupdatesWW @5SOSWWReports it's more like thank god 5sos and 1D aren't in la even tho I live in la .. To many groupies 😣😣","in_reply_to_status_id":544312118497914880,"id":544314497498759168,"favorite_count":0,"source":"<a href=\"http://twitter.com/download/iphone\" rel=\"nofollow\">Twitter for iPhone</a>","retweeted":false,"coordinates":null,"entities":{"symbols":[],"user_mentions":[{"id":601862797,"indices":[0,15],"id_str":"601862797","screen_name":"1DwwaupdatesWW","name":"1DUpDates"},{"id":1659333062,"indices":[16,30],"id_str":"1659333062","screen_name":"5SOSWWReports","name":"Punk Rock Updates"}],"hashtags":[],"urls":[]},"in_reply_to_screen_name":"1DwwaupdatesWW","id_str":"544314497498759168","retweet_count":0,"in_reply_to_user_id":601862797,"favorited":false,"user":{"follow_request_sent":false,"profile_use_background_image":true,"profile_text_color":"333333","default_profile_image":false,"id":2260648998,"profile_background_image_url_https":"https://pbs.twimg.com/profile_background_images/485212978719899648/tLYziHNR.jpeg","verified":false,"profile_location":null,"profile_image_url_https":"https://pbs.twimg.com/profile_images/587848388953014272/qGU2tLCd_normal.jpg","profile_sidebar_fill_color":"DDEEF6","entities":{"description":{"urls":[]}},"followers_count":979,"profile_sidebar_border_color":"000000","id_str":"2260648998","profile_background_color":"ACDED6","listed_count":2,"is_translation_enabled":false,"utc_offset":-28800,"statuses_count":11790,"description":"you dont like michael clifford, abigail? here eat a snicker, your not you when your hungry","friends_count":1998,"location":"LA//✖️","profile_link_color":"0F0F0F","profile_image_url":"http://pbs.twimg.com/profile_images/587848388953014272/qGU2tLCd_normal.jpg","following":false,"geo_enabled":false,"profile_banner_url":"https://pbs.twimg.com/profile_banners/2260648998/1417852735","profile_background_image_url":"http://pbs.twimg.com/profile_background_images/485212978719899648/tLYziHNR.jpeg","name":"always michael af ✌️","lang":"en","profile_background_tile":true,"favourites_count":14458,"screen_name":"ashtonirxin_","notifications":false,"url":null,"created_at":"Tue Dec 24 19:50:45 +0000 2013","contributors_enabled":false,"time_zone":"Pacific Time (US & Canada)","protected":false,"default_profile":false,"is_translator":false},"geo":null,"in_reply_to_user_id_str":"601862797","lang":"en","created_at":"Mon Dec 15 02:14:23 +0000 2014","in_reply_to_status_id_str":"544312118497914880","place":null},
{"contributors":null,"truncated":false,"text":"@petruskakucerov @1DwwaupdatesWW a terrorist took people hostage","in_reply_to_status_id":544314317815156736,"id":544314574065786880,"favorite_count":1,"source":"<a href=\"http://twitter.com/download/iphone\" rel=\"nofollow\">Twitter for iPhone</a>","retweeted":false,"coordinates":null,"entities":{"symbols":[],"user_mentions":[{"id":2911171011,"indices":[0,16],"id_str":"2911171011","screen_name":"petruskakucerov","name":"ILOVEHARRY"},{"id":601862797,"indices":[17,32],"id_str":"601862797","screen_name":"1DwwaupdatesWW","name":"1DUpDates"}],"hashtags":[],"urls":[]},"in_reply_to_screen_name":"petruskakucerov","id_str":"544314574065786880","retweet_count":1,"in_reply_to_user_id":2911171011,"favorited":false,"user":{"follow_request_sent":false,"profile_use_background_image":true,"profile_text_color":"333333","default_profile_image":false,"id":2242132856,"profile_background_image_url_https":"https://abs.twimg.com/images/themes/theme1/bg.png","verified":false,"profile_location":null,"profile_image_url_https":"https://pbs.twimg.com/profile_images/533811331678208000/iokvyd6J_normal.jpeg","profile_sidebar_fill_color":"DDEEF6","entities":{"description":{"urls":[]}},"followers_count":458,"profile_sidebar_border_color":"C0DEED","id_str":"2242132856","profile_background_color":"C0DEED","listed_count":1,"is_translation_enabled":false,"utc_offset":36000,"statuses_count":3154,"description":"So sad, Stay rad! *accedentally likes calum hood more than I should*","friends_count":797,"location":"planet earth.","profile_link_color":"0084B4","profile_image_url":"http://pbs.twimg.com/profile_images/533811331678208000/iokvyd6J_normal.jpeg","following":false,"geo_enabled":false,"profile_banner_url":"https://pbs.twimg.com/profile_banners/2242132856/1416127695","profile_background_image_url":"http://abs.twimg.com/images/themes/theme1/bg.png","name":"ishton arwin","lang":"en-gb","profile_background_tile":false,"favourites_count":1034,"screen_name":"hood_heart","notifications":false,"url":null,"created_at":"Thu Dec 12 10:04:18 +0000 2013","contributors_enabled":false,"time_zone":"Yakutsk","protected":false,"default_profile":true,"is_translator":false},"geo":null,"in_reply_to_user_id_str":"2911171011","lang":"en","created_at":"Mon Dec 15 02:14:41 +0000 2014","in_reply_to_status_id_str":"544314317815156736","place":null},
{"contributors":null,"truncated":false,"text":"@hood_heart @1DwwaupdatesWW OMG,i hope they're okay!!","in_reply_to_status_id":544314574065786880,"id":544314771617898496,"favorite_count":1,"source":"<a href=\"http://twitter.com/download/android\" rel=\"nofollow\">Twitter for Android</a>","retweeted":false,"coordinates":null,"entities":{"symbols":[],"user_mentions":[{"id":2242132856,"indices":[0,11],"id_str":"2242132856","screen_name":"hood_heart","name":"ishton arwin"},{"id":601862797,"indices":[12,27],"id_str":"601862797","screen_name":"1DwwaupdatesWW","name":"1DUpDates"}],"hashtags":[],"urls":[]},"in_reply_to_screen_name":"hood_heart","id_str":"544314771617898496","retweet_count":0,"in_reply_to_user_id":2242132856,"favorited":false,"user":{"follow_request_sent":false,"profile_use_background_image":true,"profile_text_color":"333333","default_profile_image":false,"id":2911171011,"profile_background_image_url_https":"https://pbs.twimg.com/profile_background_images/543077206386167808/hPOcc6go.jpeg","verified":false,"profile_location":null,"profile_image_url_https":"https://pbs.twimg.com/profile_images/564278136058441729/gAsa35IO_normal.jpeg","profile_sidebar_fill_color":"DDEEF6","entities":{"url":{"urls":[{"url":"http://t.co/1nzrW6H2ed","indices":[0,22],"expanded_url":"http://www.wattpad.com/user/petruskakucerova","display_url":"wattpad.com/user/petruskak…"}]},"description":{"urls":[]}},"followers_count":45,"profile_sidebar_border_color":"C0DEED","id_str":"2911171011","profile_background_color":"C0DEED","listed_count":0,"is_translation_enabled":false,"utc_offset":null,"statuses_count":1382,"description":"Just crazy in love with Harry and 1D.","friends_count":93,"location":"Czech Republic","profile_link_color":"3B94D9","profile_image_url":"http://pbs.twimg.com/profile_images/564278136058441729/gAsa35IO_normal.jpeg","following":false,"geo_enabled":false,"profile_banner_url":"https://pbs.twimg.com/profile_banners/2911171011/1418314741","profile_background_image_url":"http://pbs.twimg.com/profile_background_images/543077206386167808/hPOcc6go.jpeg","name":"ILOVEHARRY","lang":"cs","profile_background_tile":true,"favourites_count":755,"screen_name":"petruskakucerov","notifications":false,"url":"http://t.co/1nzrW6H2ed","created_at":"Mon Dec 08 16:53:52 +0000 2014","contributors_enabled":false,"time_zone":null,"protected":false,"default_profile":false,"is_translator":false},"geo":null,"in_reply_to_user_id_str":"2242132856","lang":"en","created_at":"Mon Dec 15 02:15:29 +0000 2014","in_reply_to_status_id_str":"544314574065786880","place":null},
{"contributors":null,"truncated":false,"text":"@petruskakucerov @1DwwaupdatesWW  it's pretty scary","in_reply_to_status_id":544314574065786880,"id":544314801074102272,"favorite_count":0,"source":"<a href=\"http://twitter.com/download/iphone\" rel=\"nofollow\">Twitter for iPhone</a>","retweeted":false,"coordinates":null,"entities":{"symbols":[],"user_mentions":[{"id":2911171011,"indices":[0,16],"id_str":"2911171011","screen_name":"petruskakucerov","name":"ILOVEHARRY"},{"id":601862797,"indices":[17,32],"id_str":"601862797","screen_name":"1DwwaupdatesWW","name":"1DUpDates"}],"hashtags":[],"urls":[]},"in_reply_to_screen_name":"hood_heart","id_str":"544314801074102272","retweet_count":0,"in_reply_to_user_id":2242132856,"favorited":false,"user":{"follow_request_sent":false,"profile_use_background_image":true,"profile_text_color":"333333","default_profile_image":false,"id":2242132856,"profile_background_image_url_https":"https://abs.twimg.com/images/themes/theme1/bg.png","verified":false,"profile_location":null,"profile_image_url_https":"https://pbs.twimg.com/profile_images/533811331678208000/iokvyd6J_normal.jpeg","profile_sidebar_fill_color":"DDEEF6","entities":{"description":{"urls":[]}},"followers_count":458,"profile_sidebar_border_color":"C0DEED","id_str":"2242132856","profile_background_color":"C0DEED","listed_count":1,"is_translation_enabled":false,"utc_offset":36000,"statuses_count":3154,"description":"So sad, Stay rad! *accedentally likes calum hood more than I should*","friends_count":797,"location":"planet earth.","profile_link_color":"0084B4","profile_image_url":"http://pbs.twimg.com/profile_images/533811331678208000/iokvyd6J_normal.jpeg","following":false,"geo_enabled":false,"profile_banner_url":"https://pbs.twimg.com/profile_banners/2242132856/1416127695","profile_background_image_url":"http://abs.twimg.com/images/themes/theme1/bg.png","name":"ishton arwin","lang":"en-gb","profile_background_tile":false,"favourites_count":1034,"screen_name":"hood_heart","notifications":false,"url":null,"created_at":"Thu Dec 12 10:04:18 +0000 2013","contributors_enabled":false,"time_zone":"Yakutsk","protected":false,"default_profile":true,"is_translator":false},"geo":null,"in_reply_to_user_id_str":"2242132856","lang":"en","created_at":"Mon Dec 15 02:15:36 +0000 2014","in_reply_to_status_id_str":"544314574065786880","place":null},
{"contributors":null,"truncated":false,"text":"@petruskakucerov @1DwwaupdatesWW  same. According to the news they're trying to get the hostages out now.","in_reply_to_status_id":544314771617898496,"id":544315042967982080,"favorite_count":1,"source":"<a href=\"http://twitter.com/download/iphone\" rel=\"nofollow\">Twitter for iPhone</a>","retweeted":false,"coordinates":null,"entities":{"symbols":[],"user_mentions":[{"id":2911171011,"indices":[0,16],"id_str":"2911171011","screen_name":"petruskakucerov","name":"ILOVEHARRY"},{"id":601862797,"indices":[17,32],"id_str":"601862797","screen_name":"1DwwaupdatesWW","name":"1DUpDates"}],"hashtags":[],"urls":[]},"in_reply_to_screen_name":"petruskakucerov","id_str":"544315042967982080","retweet_count":0,"in_reply_to_user_id":2911171011,"favorited":false,"user":{"follow_request_sent":false,"profile_use_background_image":true,"profile_text_color":"333333","default_profile_image":false,"id":2242132856,"profile_background_image_url_https":"https://abs.twimg.com/images/themes/theme1/bg.png","verified":false,"profile_location":null,"profile_image_url_https":"https://pbs.twimg.com/profile_images/533811331678208000/iokvyd6J_normal.jpeg","profile_sidebar_fill_color":"DDEEF6","entities":{"description":{"urls":[]}},"followers_count":458,"profile_sidebar_border_color":"C0DEED","id_str":"2242132856","profile_background_color":"C0DEED","listed_count":1,"is_translation_enabled":false,"utc_offset":36000,"statuses_count":3154,"description":"So sad, Stay rad! *accedentally likes calum hood more than I should*","friends_count":797,"location":"planet earth.","profile_link_color":"0084B4","profile_image_url":"http://pbs.twimg.com/profile_images/533811331678208000/iokvyd6J_normal.jpeg","following":false,"geo_enabled":false,"profile_banner_url":"https://pbs.twimg.com/profile_banners/2242132856/1416127695","profile_background_image_url":"http://abs.twimg.com/images/themes/theme1/bg.png","name":"ishton arwin","lang":"en-gb","profile_background_tile":false,"favourites_count":1034,"screen_name":"hood_heart","notifications":false,"url":null,"created_at":"Thu Dec 12 10:04:18 +0000 2013","contributors_enabled":false,"time_zone":"Yakutsk","protected":false,"default_profile":true,"is_translator":false},"geo":null,"in_reply_to_user_id_str":"2911171011","lang":"en","created_at":"Mon Dec 15 02:16:33 +0000 2014","in_reply_to_status_id_str":"544314771617898496","place":null},
{"contributors":null,"truncated":false,"text":"@1DwwaupdatesWW @5SOSWWReports I live in Sydney and I didn't know until now omfg","in_reply_to_status_id":544312118497914880,"id":544315134567407616,"favorite_count":0,"source":"<a href=\"http://twitter.com/download/iphone\" rel=\"nofollow\">Twitter for iPhone</a>","retweeted":false,"coordinates":null,"entities":{"symbols":[],"user_mentions":[{"id":601862797,"indices":[0,15],"id_str":"601862797","screen_name":"1DwwaupdatesWW","name":"1DUpDates"},{"id":1659333062,"indices":[16,30],"id_str":"1659333062","screen_name":"5SOSWWReports","name":"Punk Rock Updates"}],"hashtags":[],"urls":[]},"in_reply_to_screen_name":"1DwwaupdatesWW","id_str":"544315134567407616","retweet_count":0,"in_reply_to_user_id":601862797,"favorited":false,"user":{"follow_request_sent":false,"profile_use_background_image":true,"profile_text_color":"333333","default_profile_image":false,"id":2892106584,"profile_background_image_url_https":"https://abs.twimg.com/images/themes/theme1/bg.png","verified":false,"profile_location":null,"profile_image_url_https":"https://pbs.twimg.com/profile_images/546513596176269312/JtKaXkew_normal.jpeg","profile_sidebar_fill_color":"DDEEF6","entities":{"description":{"urls":[]}},"followers_count":45,"profile_sidebar_border_color":"C0DEED","id_str":"2892106584","profile_background_color":"C0DEED","listed_count":1,"is_translation_enabled":false,"utc_offset":39600,"statuses_count":2784,"description":"Syd,Aus fan/voting account","friends_count":93,"location":"","profile_link_color":"0084B4","profile_image_url":"http://pbs.twimg.com/profile_images/546513596176269312/JtKaXkew_normal.jpeg","following":false,"geo_enabled":false,"profile_banner_url":"https://pbs.twimg.com/profile_banners/2892106584/1415276783","profile_background_image_url":"http://abs.twimg.com/images/themes/theme1/bg.png","name":"ching my chong off","lang":"en","profile_background_tile":false,"favourites_count":52,"screen_name":"chingorchong","notifications":false,"url":null,"created_at":"Thu Nov 06 12:10:00 +0000 2014","contributors_enabled":false,"time_zone":"Solomon Is.","protected":false,"default_profile":true,"is_translator":false},"geo":null,"in_reply_to_user_id_str":"601862797","lang":"en","created_at":"Mon Dec 15 02:16:55 +0000 2014","in_reply_to_status_id_str":"544312118497914880","place":null},
{"contributors":null,"truncated":false,"text":"@hood_heart @1DwwaupdatesWW it's so scary omg.Why are people so bad? I can't got it.","in_reply_to_status_id":544315042967982080,"id":544315375362793474,"favorite_count":1,"source":"<a href=\"http://twitter.com/download/android\" rel=\"nofollow\">Twitter for Android</a>","retweeted":false,"coordinates":null,"entities":{"symbols":[],"user_mentions":[{"id":2242132856,"indices":[0,11],"id_str":"2242132856","screen_name":"hood_heart","name":"ishton arwin"},{"id":601862797,"indices":[12,27],"id_str":"601862797","screen_name":"1DwwaupdatesWW","name":"1DUpDates"}],"hashtags":[],"urls":[]},"in_reply_to_screen_name":"hood_heart","id_str":"544315375362793474","retweet_count":0,"in_reply_to_user_id":2242132856,"favorited":false,"user":{"follow_request_sent":false,"profile_use_background_image":true,"profile_text_color":"333333","default_profile_image":false,"id":2911171011,"profile_background_image_url_https":"https://pbs.twimg.com/profile_background_images/543077206386167808/hPOcc6go.jpeg","verified":false,"profile_location":null,"profile_image_url_https":"https://pbs.twimg.com/profile_images/564278136058441729/gAsa35IO_normal.jpeg","profile_sidebar_fill_color":"DDEEF6","entities":{"url":{"urls":[{"url":"http://t.co/1nzrW6H2ed","indices":[0,22],"expanded_url":"http://www.wattpad.com/user/petruskakucerova","display_url":"wattpad.com/user/petruskak…"}]},"description":{"urls":[]}},"followers_count":45,"profile_sidebar_border_color":"C0DEED","id_str":"2911171011","profile_background_color":"C0DEED","listed_count":0,"is_translation_enabled":false,"utc_offset":null,"statuses_count":1382,"description":"Just crazy in love with Harry and 1D.","friends_count":93,"location":"Czech Republic","profile_link_color":"3B94D9","profile_image_url":"http://pbs.twimg.com/profile_images/564278136058441729/gAsa35IO_normal.jpeg","following":false,"geo_enabled":false,"profile_banner_url":"https://pbs.twimg.com/profile_banners/2911171011/1418314741","profile_background_image_url":"http://pbs.twimg.com/profile_background_images/543077206386167808/hPOcc6go.jpeg","name":"ILOVEHARRY","lang":"cs","profile_background_tile":true,"favourites_count":755,"screen_name":"petruskakucerov","notifications":false,"url":"http://t.co/1nzrW6H2ed","created_at":"Mon Dec 08 16:53:52 +0000 2014","contributors_enabled":false,"time_zone":null,"protected":false,"default_profile":false,"is_translator":false},"geo":null,"in_reply_to_user_id_str":"2242132856","lang":"en","created_at":"Mon Dec 15 02:17:53 +0000 2014","in_reply_to_status_id_str":"544315042967982080","place":null},
{"contributors":null,"truncated":false,"text":"@hood_heart @1DwwaupdatesWW  AND PEOPLE ONLY CARE ABOUT THE FACT THAT 1D or 5SOS IS NOT THERE","in_reply_to_status_id":544314397347168256,"id":544315495508627456,"favorite_count":0,"source":"<a href=\"http://twitter.com/download/android\" rel=\"nofollow\">Twitter for Android</a>","retweeted":false,"coordinates":null,"entities":{"symbols":[],"user_mentions":[{"id":2242132856,"indices":[0,11],"id_str":"2242132856","screen_name":"hood_heart","name":"ishton arwin"},{"id":601862797,"indices":[12,27],"id_str":"601862797","screen_name":"1DwwaupdatesWW","name":"1DUpDates"}],"hashtags":[],"urls":[]},"in_reply_to_screen_name":"hood_heart","id_str":"544315495508627456","retweet_count":0,"in_reply_to_user_id":2242132856,"favorited":false,"user":{"follow_request_sent":false,"profile_use_background_image":true,"profile_text_color":"333333","default_profile_image":false,"id":906726030,"profile_background_image_url_https":"https://pbs.twimg.com/profile_background_images/505351482346979330/ZrqmE7P_.jpeg","verified":false,"profile_location":null,"profile_image_url_https":"https://pbs.twimg.com/profile_images/588532768889556992/001xu4Yu_normal.jpg","profile_sidebar_fill_color":"DDEEF6","entities":{"description":{"urls":[]}},"followers_count":274,"profile_sidebar_border_color":"FFFFFF","id_str":"906726030","profile_background_color":"EBC1E8","listed_count":0,"is_translation_enabled":false,"utc_offset":-14400,"statuses_count":1206,"description":"I'm a 13 year old YouTuber (well I was xD), so yea!!","friends_count":704,"location":"My mind","profile_link_color":"00B36B","profile_image_url":"http://pbs.twimg.com/profile_images/588532768889556992/001xu4Yu_normal.jpg","following":false,"geo_enabled":false,"profile_banner_url":"https://pbs.twimg.com/profile_banners/906726030/1409321153","profile_background_image_url":"http://pbs.twimg.com/profile_background_images/505351482346979330/ZrqmE7P_.jpeg","name":":::Tydel Waves:::","lang":"en","profile_background_tile":false,"favourites_count":1034,"screen_name":"Sole_IsSoCool","notifications":false,"url":null,"created_at":"Fri Oct 26 20:32:22 +0000 2012","contributors_enabled":false,"time_zone":"Atlantic Time (Canada)","protected":false,"default_profile":false,"is_translator":false},"geo":null,"in_reply_to_user_id_str":"2242132856","lang":"en","created_at":"Mon Dec 15 02:18:21 +0000 2014","in_reply_to_status_id_str":"544314397347168256","place":null},
{"contributors":null,"truncated":false,"text":"@hood_heart @1DwwaupdatesWW sorry ,i mean get it","in_reply_to_status_id":544315042967982080,"id":544315904868118528,"favorite_count":1,"source":"<a href=\"http://twitter.com/download/android\" rel=\"nofollow\">Twitter for Android</a>","retweeted":false,"coordinates":null,"entities":{"symbols":[],"user_mentions":[{"id":2242132856,"indices":[0,11],"id_str":"2242132856","screen_name":"hood_heart","name":"ishton arwin"},{"id":601862797,"indices":[12,27],"id_str":"601862797","screen_name":"1DwwaupdatesWW","name":"1DUpDates"}],"hashtags":[],"urls":[]},"in_reply_to_screen_name":"hood_heart","id_str":"544315904868118528","retweet_count":0,"in_reply_to_user_id":2242132856,"favorited":false,"user":{"follow_request_sent":false,"profile_use_background_image":true,"profile_text_color":"333333","default_profile_image":false,"id":2911171011,"profile_background_image_url_https":"https://pbs.twimg.com/profile_background_images/543077206386167808/hPOcc6go.jpeg","verified":false,"profile_location":null,"profile_image_url_https":"https://pbs.twimg.com/profile_images/564278136058441729/gAsa35IO_normal.jpeg","profile_sidebar_fill_color":"DDEEF6","entities":{"url":{"urls":[{"url":"http://t.co/1nzrW6H2ed","indices":[0,22],"expanded_url":"http://www.wattpad.com/user/petruskakucerova","display_url":"wattpad.com/user/petruskak…"}]},"description":{"urls":[]}},"followers_count":41,"profile_sidebar_border_color":"C0DEED","id_str":"2911171011","profile_background_color":"C0DEED","listed_count":0,"is_translation_enabled":false,"utc_offset":null,"statuses_count":1382,"description":"Just crazy in love with Harry and 1D.","friends_count":96,"location":"Czech Republic","profile_link_color":"3B94D9","profile_image_url":"http://pbs.twimg.com/profile_images/564278136058441729/gAsa35IO_normal.jpeg","following":false,"geo_enabled":false,"profile_banner_url":"https://pbs.twimg.com/profile_banners/2911171011/1418314741","profile_background_image_url":"http://pbs.twimg.com/profile_background_images/543077206386167808/hPOcc6go.jpeg","name":"ILOVEHARRY","lang":"cs","profile_background_tile":true,"favourites_count":764,"screen_name":"petruskakucerov","notifications":false,"url":"http://t.co/1nzrW6H2ed","created_at":"Mon Dec 08 16:53:52 +0000 2014","contributors_enabled":false,"time_zone":null,"protected":false,"default_profile":false,"is_translator":false},"geo":null,"in_reply_to_user_id_str":"2242132856","lang":"en","created_at":"Mon Dec 15 02:19:59 +0000 2014","in_reply_to_status_id_str":"544315042967982080","place":null},
{"contributors":null,"truncated":false,"text":"@Sole_IsSoCool @1DwwaupdatesWW  yeah. Some people have to sort out there priorities","in_reply_to_status_id":544315495508627456,"id":544319067666931714,"favorite_count":0,"source":"<a href=\"http://twitter.com/download/iphone\" rel=\"nofollow\">Twitter for iPhone</a>","retweeted":false,"coordinates":null,"entities":{"symbols":[],"user_mentions":[{"id":906726030,"indices":[0,14],"id_str":"906726030","screen_name":"Sole_IsSoCool","name":":::Tydel Waves:::"},{"id":601862797,"indices":[15,30],"id_str":"601862797","screen_name":"1DwwaupdatesWW","name":"1DUpDates"}],"hashtags":[],"urls":[]},"in_reply_to_screen_name":"Sole_IsSoCool","id_str":"544319067666931714","retweet_count":0,"in_reply_to_user_id":906726030,"favorited":false,"user":{"follow_request_sent":false,"profile_use_background_image":true,"profile_text_color":"333333","default_profile_image":false,"id":2242132856,"profile_background_image_url_https":"https://abs.twimg.com/images/themes/theme1/bg.png","verified":false,"profile_location":null,"profile_image_url_https":"https://pbs.twimg.com/profile_images/533811331678208000/iokvyd6J_normal.jpeg","profile_sidebar_fill_color":"DDEEF6","entities":{"description":{"urls":[]}},"followers_count":458,"profile_sidebar_border_color":"C0DEED","id_str":"2242132856","profile_background_color":"C0DEED","listed_count":1,"is_translation_enabled":false,"utc_offset":36000,"statuses_count":3154,"description":"So sad, Stay rad! *accedentally likes calum hood more than I should*","friends_count":797,"location":"planet earth.","profile_link_color":"0084B4","profile_image_url":"http://pbs.twimg.com/profile_images/533811331678208000/iokvyd6J_normal.jpeg","following":false,"geo_enabled":false,"profile_banner_url":"https://pbs.twimg.com/profile_banners/2242132856/1416127695","profile_background_image_url":"http://abs.twimg.com/images/themes/theme1/bg.png","name":"ishton arwin","lang":"en-gb","profile_background_tile":false,"favourites_count":1034,"screen_name":"hood_heart","notifications":false,"url":null,"created_at":"Thu Dec 12 10:04:18 +0000 2013","contributors_enabled":false,"time_zone":"Yakutsk","protected":false,"default_profile":true,"is_translator":false},"geo":null,"in_reply_to_user_id_str":"906726030","lang":"en","created_at":"Mon Dec 15 02:32:33 +0000 2014","in_reply_to_status_id_str":"544315495508627456","place":null},
{"contributors":null,"truncated":false,"text":"@petruskakucerov @1DwwaupdatesWW me Neither. It's frustrating that people do this","in_reply_to_status_id":544315375362793474,"id":544319462522908672,"favorite_count":1,"source":"<a href=\"http://twitter.com/download/iphone\" rel=\"nofollow\">Twitter for iPhone</a>","retweeted":false,"coordinates":null,"entities":{"symbols":[],"user_mentions":[{"id":2911171011,"indices":[0,16],"id_str":"2911171011","screen_name":"petruskakucerov","name":"ILOVEHARRY"},{"id":601862797,"indices":[17,32],"id_str":"601862797","screen_name":"1DwwaupdatesWW","name":"1DUpDates"}],"hashtags":[],"urls":[]},"in_reply_to_screen_name":"petruskakucerov","id_str":"544319462522908672","retweet_count":0,"in_reply_to_user_id":2911171011,"favorited":false,"user":{"follow_request_sent":false,"profile_use_background_image":true,"profile_text_color":"333333","default_profile_image":false,"id":2242132856,"profile_background_image_url_https":"https://abs.twimg.com/images/themes/theme1/bg.png","verified":false,"profile_location":null,"profile_image_url_https":"https://pbs.twimg.com/profile_images/533811331678208000/iokvyd6J_normal.jpeg","profile_sidebar_fill_color":"DDEEF6","entities":{"description":{"urls":[]}},"followers_count":458,"profile_sidebar_border_color":"C0DEED","id_str":"2242132856","profile_background_color":"C0DEED","listed_count":1,"is_translation_enabled":false,"utc_offset":36000,"statuses_count":3154,"description":"So sad, Stay rad! *accedentally likes calum hood more than I should*","friends_count":797,"location":"planet earth.","profile_link_color":"0084B4","profile_image_url":"http://pbs.twimg.com/profile_images/533811331678208000/iokvyd6J_normal.jpeg","following":false,"geo_enabled":false,"profile_banner_url":"https://pbs.twimg.com/profile_banners/2242132856/1416127695","profile_background_image_url":"http://abs.twimg.com/images/themes/theme1/bg.png","name":"ishton arwin","lang":"en-gb","profile_background_tile":false,"favourites_count":1034,"screen_name":"hood_heart","notifications":false,"url":null,"created_at":"Thu Dec 12 10:04:18 +0000 2013","contributors_enabled":false,"time_zone":"Yakutsk","protected":false,"default_profile":true,"is_translator":false},"geo":null,"in_reply_to_user_id_str":"2911171011","lang":"en","created_at":"Mon Dec 15 02:34:07 +0000 2014","in_reply_to_status_id_str":"544315375362793474","place":null},
{"contributors":null,"truncated":false,"text":"@hood_heart @1DwwaupdatesWW it is.I hope that will be everything okay without dead people or something.OMG praying for them.","in_reply_to_status_id":544319462522908672,"id":544320990134956032,"favorite_count":1,"source":"<a href=\"http://twitter.com/download/android\" rel=\"nofollow\">Twitter for Android</a>","retweeted":false,"coordinates":null,"entities":{"symbols":[],"user_mentions":[{"id":2242132856,"indices":[0,11],"id_str":"2242132856","screen_name":"hood_heart","name":"ishton arwin"},{"id":601862797,"indices":[12,27],"id_str":"601862797","screen_name":"1DwwaupdatesWW","name":"1DUpDates"}],"hashtags":[],"urls":[]},"in_reply_to_screen_name":"hood_heart","id_str":"544320990134956032","retweet_count":0,"in_reply_to_user_id":2242132856,"favorited":false,"user":{"follow_request_sent":false,"profile_use_background_image":true,"profile_text_color":"333333","default_profile_image":false,"id":2911171011,"profile_background_image_url_https":"https://pbs.twimg.com/profile_background_images/543077206386167808/hPOcc6go.jpeg","verified":false,"profile_location":null,"profile_image_url_https":"https://pbs.twimg.com/profile_images/564278136058441729/gAsa35IO_normal.jpeg","profile_sidebar_fill_color":"DDEEF6","entities":{"url":{"urls":[{"url":"http://t.co/1nzrW6H2ed","indices":[0,22],"expanded_url":"http://www.wattpad.com/user/petruskakucerova","display_url":"wattpad.com/user/petruskak…"}]},"description":{"urls":[]}},"followers_count":41,"profile_sidebar_border_color":"C0DEED","id_str":"2911171011","profile_background_color":"C0DEED","listed_count":0,"is_translation_enabled":false,"utc_offset":null,"statuses_count":1382,"description":"Just crazy in love with Harry and 1D.","friends_count":96,"location":"Czech Republic","profile_link_color":"3B94D9","profile_image_url":"http://pbs.twimg.com/profile_images/564278136058441729/gAsa35IO_normal.jpeg","following":false,"geo_enabled":false,"profile_banner_url":"https://pbs.twimg.com/profile_banners/2911171011/1418314741","profile_background_image_url":"http://pbs.twimg.com/profile_background_images/543077206386167808/hPOcc6go.jpeg","name":"ILOVEHARRY","lang":"cs","profile_background_tile":true,"favourites_count":764,"screen_name":"petruskakucerov","notifications":false,"url":"http://t.co/1nzrW6H2ed","created_at":"Mon Dec 08 16:53:52 +0000 2014","contributors_enabled":false,"time_zone":null,"protected":false,"default_profile":false,"is_translator":false},"geo":null,"in_reply_to_user_id_str":"2242132856","lang":"en","created_at":"Mon Dec 15 02:40:11 +0000 2014","in_reply_to_status_id_str":"544319462522908672","place":null},
{"contributors":null,"truncated":false,"text":"@hood_heart @1DwwaupdatesWW they really do.","in_reply_to_status_id":544319067666931714,"id":544325745510998019,"favorite_count":1,"source":"<a href=\"http://twitter.com/download/android\" rel=\"nofollow\">Twitter for Android</a>","retweeted":false,"coordinates":null,"entities":{"symbols":[],"user_mentions":[{"id":2242132856,"indices":[0,11],"id_str":"2242132856","screen_name":"hood_heart","name":"ishton arwin"},{"id":601862797,"indices":[12,27],"id_str":"601862797","screen_name":"1DwwaupdatesWW","name":"1DUpDates"}],"hashtags":[],"urls":[]},"in_reply_to_screen_name":"hood_heart","id_str":"544325745510998019","retweet_count":0,"in_reply_to_user_id":2242132856,"favorited":false,"user":{"follow_request_sent":false,"profile_use_background_image":true,"profile_text_color":"333333","default_profile_image":false,"id":906726030,"profile_background_image_url_https":"https://pbs.twimg.com/profile_background_images/505351482346979330/ZrqmE7P_.jpeg","verified":false,"profile_location":null,"profile_image_url_https":"https://pbs.twimg.com/profile_images/588532768889556992/001xu4Yu_normal.jpg","profile_sidebar_fill_color":"DDEEF6","entities":{"description":{"urls":[]}},"followers_count":274,"profile_sidebar_border_color":"FFFFFF","id_str":"906726030","profile_background_color":"EBC1E8","listed_count":0,"is_translation_enabled":false,"utc_offset":-14400,"statuses_count":1206,"description":"I'm a 13 year old YouTuber (well I was xD), so yea!!","friends_count":704,"location":"My mind","profile_link_color":"00B36B","profile_image_url":"http://pbs.twimg.com/profile_images/588532768889556992/001xu4Yu_normal.jpg","following":false,"geo_enabled":false,"profile_banner_url":"https://pbs.twimg.com/profile_banners/906726030/1409321153","profile_background_image_url":"http://pbs.twimg.com/profile_background_images/505351482346979330/ZrqmE7P_.jpeg","name":":::Tydel Waves:::","lang":"en","profile_background_tile":false,"favourites_count":1034,"screen_name":"Sole_IsSoCool","notifications":false,"url":null,"created_at":"Fri Oct 26 20:32:22 +0000 2012","contributors_enabled":false,"time_zone":"Atlantic Time (Canada)","protected":false,"default_profile":false,"is_translator":false},"geo":null,"in_reply_to_user_id_str":"2242132856","lang":"en","created_at":"Mon Dec 15 02:59:05 +0000 2014","in_reply_to_status_id_str":"544319067666931714","place":null}
]