[{"contributors":null,"truncated":false,"text":"@danielle_jenni me too.","in_reply_to_status_id":544357899783655424,"id":544358426189373440,"favorite_count":1,"source":"<a href=\"http://twitter.com/download/android\" rel=\"nofollow\">Twitter for Android</a>","retweeted":false,"coordinates":null,"entities":{"symbols":[],"user_mentions":[{"id":951837780,"indices":[0,15],"id_str":"951837780","screen_name":"danielle_jenni","name":"Danielle Moylan"}],"hashtags":[],"urls":[]},"in_reply_to_screen_name":"danielle_jenni","id_str":"544358426189373440","retweet_count":0,"in_reply_to_user_id":951837780,"favorited":false,"user":{"follow_request_sent":false,"profile_use_background_image":true,"profile_text_color":"333333","default_profile_image":false,"id":2378853522,"profile_background_image_url_https":"https://abs.twimg.com/images/themes/theme1/bg.png","verified":false,"profile_location":null,"profile_image_url_https":"https://pbs.twimg.com/profile_images/442316108297551872/EwsXus54_normal.jpeg","profile_sidebar_fill_color":"DDEEF6","entities":{"description":{"urls":[]}},"followers_count":25,"profile_sidebar_border_color":"C0DEED","id_str":"2378853522","profile_background_color":"C0DEED","listed_count":0,"is_translation_enabled":false,"utc_offset":null,"statuses_count":94,"description":"Chiro Assistant, 19 and proud god mother of 1 beautiful little angel. Love reading, knitting, Bull Terriers, Cats, exploring Sydney and life itself","friends_count":51,"location":"Sydney","profile_link_color":"0084B4","profile_image_url":"http://pbs.twimg.com/profile_images/442316108297551872/EwsXus54_normal.jpeg","following":false,"geo_enabled":false,"profile_banner_url":"https://pbs.twimg.com/profile_banners/2378853522/1395532820","profile_background_image_url":"http://abs.twimg.com/images/themes/theme1/bg.png","name":"Che","lang":"en","profile_background_tile":false,"favourites_count":62,"screen_name":"chichtweets","notifications":false,"url":null,"created_at":"Sat Mar 08 15:03:57 +0000 2014","contributors_enabled":false,"time_zone":null,"protected":false,"default_profile":true,"is_translator":false},"geo":null,"in_reply_to_user_id_str":"951837780","lang":"en","created_at":"Mon Dec 15 05:08:57 +0000 2014","in_reply_to_status_id_str":"544357899783655424","place":null},
{"contributors":null,"truncated":false,"text":"@danielle_jenni show me a Muslim and I will show a violence and terror around thr world #sydneysiege","in_reply_to_status_id":544357899783655424,"id":544358772681211904,"favorite_count":4,"source":"<a href=\"http://twitter.com/download/android\" rel=\"nofollow\">Twitter for Android</a>","retweeted":false,"coordinates":null,"entities":{"symbols":[],"user_mentions":[{"id":951837780,"indices":[0,15],"id_str":"951837780","screen_name":"danielle_jenni","name":"Danielle Moylan"}],"hashtags":[{"indices":[88,100],"text":"sydneysiege"}],"urls":[]},"in_reply_to_screen_name":"danielle_jenni","id_str":"544358772681211904","retweet_count":2,"in_reply_to_user_id":951837780,"favorited":false,"user":{"follow_request_sent":false,"profile_use_background_image":true,"profile_text_color":"333333","default_profile_image":false,"id":34393808,"profile_background_image_url_https":"https://pbs.twimg.com/profile_background_images/304334309/m7.jpg","verified":false,"profile_location":null,"profile_image_url_https":"https://pbs.twimg.com/profile_images/378800000177789597/50dd07821d9d7684b002838ab8112057_normal.jpeg","profile_sidebar_fill_color":"E6F6F9","entities":{"description":{"urls":[]}},"followers_count":1572,"profile_sidebar_border_color":"DBE9ED","id_str":"34393808","profile_background_color":"DBE9ED","listed_count":34,"is_translation_enabled":false,"utc_offset":null,"statuses_count":14742,"description":"Tea Party,Mason, LEnforcement -Military.Extremism in the defense of liberty is no vice. And moderation in the pursuit of justice is no virtue. \r\nBarry Goldwater","friends_count":2001,"location":"USA","profile_link_color":"CC3366","profile_image_url":"http://pbs.twimg.com/profile_images/378800000177789597/50dd07821d9d7684b002838ab8112057_normal.jpeg","following":false,"geo_enabled":true,"profile_banner_url":"https://pbs.twimg.com/profile_banners/34393808/1402671436","profile_background_image_url":"http://pbs.twimg.com/profile_background_images/304334309/m7.jpg","name":"The Great One","lang":"en","profile_background_tile":false,"favourites_count":119,"screen_name":"TheGreatOne2012","notifications":false,"url":null,"created_at":"Wed Apr 22 20:51:52 +0000 2009","contributors_enabled":false,"time_zone":null,"protected":false,"default_profile":false,"is_translator":false},"geo":null,"in_reply_to_user_id_str":"951837780","lang":"en","created_at":"Mon Dec 15 05:10:19 +0000 2014","in_reply_to_status_id_str":"544357899783655424","place":null},
{"contributors":null,"truncated":false,"text":"@danielle_jenni I hate to break it to you, but a decent human being would sympathize with the hostages, not their captors.#muslimsarescum","in_reply_to_status_id":544357899783655424,"id":544358867463700480,"favorite_count":2,"source":"<a href=\"http://twitter.com\" rel=\"nofollow\">Twitter Web Client</a>","retweeted":false,"coordinates":null,"entities":{"symbols":[],"user_mentions":[{"id":951837780,"indices":[0,15],"id_str":"951837780","screen_name":"danielle_jenni","name":"Danielle Moylan"}],"hashtags":[{"indices":[122,137],"text":"muslimsarescum"}],"urls":[]},"in_reply_to_screen_name":"danielle_jenni","id_str":"544358867463700480","retweet_count":3,"in_reply_to_user_id":951837780,"favorited":false,"user":{"follow_request_sent":false,"profile_use_background_image":true,"profile_text_color":"333333","default_profile_image":false,"id":2410116193,"profile_background_image_url_https":"https://abs.twimg.com/images/themes/theme1/bg.png","verified":false,"profile_location":null,"profile_image_url_https":"https://pbs.twimg.com/profile_images/479423777495728129/JMrL4TzB_normal.jpeg","profile_sidebar_fill_color":"DDEEF6","entities":{"description":{"urls":[]}},"followers_count":18,"profile_sidebar_border_color":"C0DEED","id_str":"2410116193","profile_background_color":"C0DEED","listed_count":7,"is_translation_enabled":false,"utc_offset":null,"statuses_count":1294,"description":"Conservative Blue collar American with traditional values trying to preserve our nation","friends_count":10,"location":"","profile_link_color":"0084B4","profile_image_url":"http://pbs.twimg.com/profile_images/479423777495728129/JMrL4TzB_normal.jpeg","following":false,"geo_enabled":false,"profile_banner_url":"https://pbs.twimg.com/profile_banners/2410116193/1396309762","profile_background_image_url":"http://abs.twimg.com/images/themes/theme1/bg.png","name":"steven sweeney","lang":"en","profile_background_tile":false,"favourites_count":97,"screen_name":"steveshark25","notifications":false,"url":null,"created_at":"Tue Mar 25 05:04:06 +0000 2014","contributors_enabled":false,"time_zone":null,"protected":false,"default_profile":true,"is_translator":false},"geo":null,"in_reply_to_user_id_str":"951837780","lang":"en","created_at":"Mon Dec 15 05:10:42 +0000 2014","in_reply_to_status_id_str":"544357899783655424","place":null},
{"contributors":null,"truncated":false,"text":"@danielle_jenni I guess this is how you repay back if you love your country and community #sydneysiege","in_reply_to_status_id":544357899783655424,"id":544358941753606144,"favorite_count":0,"source":"<a href=\"http://twitter.com/download/android\" rel=\"nofollow\">Twitter for Android</a>","retweeted":false,"coordinates":null,"entities":{"symbols":[],"user_mentions":[{"id":951837780,"indices":[0,15],"id_str":"951837780","screen_name":"danielle_jenni","name":"Danielle Moylan"}],"hashtags":[{"indices":[90,102],"text":"sydneysiege"}],"urls":[]},"in_reply_to_screen_name":"danielle_jenni","id_str":"544358941753606144","retweet_count":0,"in_reply_to_user_id":951837780,"favorited":false,"user":{"follow_request_sent":false,"profile_use_background_image":true,"profile_text_color":"333333","default_profile_image":false,"id":34393808,"profile_background_image_url_https":"https://pbs.twimg.com/profile_background_images/304334309/m7.jpg","verified":false,"profile_location":null,"profile_image_url_https":"https://pbs.twimg.com/profile_images/378800000177789597/50dd07821d9d7684b002838ab8112057_normal.jpeg","profile_sidebar_fill_color":"E6F6F9","entities":{"description":{"urls":[]}},"followers_count":1572,"profile_sidebar_border_color":"DBE9ED","id_str":"34393808","profile_background_color":"DBE9ED","listed_count":34,"is_translation_enabled":false,"utc_offset":null,"statuses_count":14742,"description":"Tea Party,Mason, LEnforcement -Military.Extremism in the defense of liberty is no vice. And moderation in the pursuit of justice is no virtue. \r\nBarry Goldwater","friends_count":2001,"location":"USA","profile_link_color":"CC3366","profile_image_url":"http://pbs.twimg.com/profile_images/378800000177789597/50dd07821d9d7684b002838ab8112057_normal.jpeg","following":false,"geo_enabled":true,"profile_banner_url":"https://pbs.twimg.com/profile_banners/34393808/1402671436","profile_background_image_url":"http://pbs.twimg.com/profile_background_images/304334309/m7.jpg","name":"The Great One","lang":"en","profile_background_tile":false,"favourites_count":119,"screen_name":"TheGreatOne2012","notifications":false,"url":null,"created_at":"Wed Apr 22 20:51:52 +0000 2009","contributors_enabled":false,"time_zone":null,"protected":false,"default_profile":false,"is_translator":false},"geo":null,"in_reply_to_user_id_str":"951837780","lang":"en","created_at":"Mon Dec 15 05:11:00 +0000 2014","in_reply_to_status_id_str":"544357899783655424","place":null},
{"contributors":null,"truncated":false,"text":"@danielle_jenni  Myth? LOL.. Deport them all.","in_reply_to_status_id":544357899783655424,"id":544359046275694593,"favorite_count":3,"source":"<a href=\"http://twitter.com\" rel=\"nofollow\">Twitter Web Client</a>","retweeted":false,"coordinates":null,"entities":{"symbols":[],"user_mentions":[{"id":951837780,"indices":[0,15],"id_str":"951837780","screen_name":"danielle_jenni","name":"Danielle Moylan"}],"hashtags":[],"urls":[]},"in_reply_to_screen_name":"danielle_jenni","id_str":"544359046275694593","retweet_count":3,"in_reply_to_user_id":951837780,"favorited":false,"user":{"follow_request_sent":false,"profile_use_background_image":true,"profile_text_color":"333333","default_profile_image":false,"id":2820702651,"profile_background_image_url_https":"https://abs.twimg.com/images/themes/theme1/bg.png","verified":false,"profile_location":null,"profile_image_url_https":"https://pbs.twimg.com/profile_images/521115121167261696/QKr-d-cY_normal.jpeg","profile_sidebar_fill_color":"DDEEF6","entities":{"url":{"urls":[{"url":"http://t.co/6TYlHoZMfo","indices":[0,22],"expanded_url":"http://en.metapedia.org/wiki/Cultural_Marxism","display_url":"en.metapedia.org/wiki/Cultural_…"}]},"description":{"urls":[]}},"followers_count":117,"profile_sidebar_border_color":"C0DEED","id_str":"2820702651","profile_background_color":"C0DEED","listed_count":0,"is_translation_enabled":false,"utc_offset":null,"statuses_count":353,"description":"Love your race. 14 Words","friends_count":63,"location":"","profile_link_color":"0084B4","profile_image_url":"http://pbs.twimg.com/profile_images/521115121167261696/QKr-d-cY_normal.jpeg","following":false,"geo_enabled":false,"profile_banner_url":"https://pbs.twimg.com/profile_banners/2820702651/1414196237","profile_background_image_url":"http://abs.twimg.com/images/themes/theme1/bg.png","name":"Aoibheann","lang":"en","profile_background_tile":false,"favourites_count":262,"screen_name":"ruiner6","notifications":false,"url":"http://t.co/6TYlHoZMfo","created_at":"Thu Oct 09 22:28:47 +0000 2014","contributors_enabled":false,"time_zone":null,"protected":false,"default_profile":true,"is_translator":false},"geo":null,"in_reply_to_user_id_str":"951837780","lang":"en","created_at":"Mon Dec 15 05:11:24 +0000 2014","in_reply_to_status_id_str":"544357899783655424","place":null},
{"contributors":null,"truncated":false,"text":"@danielle_jenni I am not Australian but thank you for a cooler head. Be safe and be strong.","in_reply_to_status_id":544357899783655424,"id":544359159706025985,"favorite_count":1,"source":"<a href=\"http://twitter.com\" rel=\"nofollow\">Twitter Web Client</a>","retweeted":false,"coordinates":null,"entities":{"symbols":[],"user_mentions":[{"id":951837780,"indices":[0,15],"id_str":"951837780","screen_name":"danielle_jenni","name":"Danielle Moylan"}],"hashtags":[],"urls":[]},"in_reply_to_screen_name":"danielle_jenni","id_str":"544359159706025985","retweet_count":0,"in_reply_to_user_id":951837780,"favorited":false,"user":{"follow_request_sent":false,"profile_use_background_image":true,"profile_text_color":"333333","default_profile_image":false,"id":237839836,"profile_background_image_url_https":"https://abs.twimg.com/images/themes/theme1/bg.png","verified":false,"profile_location":null,"profile_image_url_https":"https://pbs.twimg.com/profile_images/554247265666097153/pDCVpnWn_normal.jpeg","profile_sidebar_fill_color":"DDEEF6","entities":{"description":{"urls":[]}},"followers_count":8,"profile_sidebar_border_color":"C0DEED","id_str":"237839836","profile_background_color":"C0DEED","listed_count":0,"is_translation_enabled":false,"utc_offset":null,"statuses_count":207,"description":"","friends_count":54,"location":"Houston, TX","profile_link_color":"0084B4","profile_image_url":"http://pbs.twimg.com/profile_images/554247265666097153/pDCVpnWn_normal.jpeg","following":false,"geo_enabled":false,"profile_background_image_url":"http://abs.twimg.com/images/themes/theme1/bg.png","name":"Ahmad Khan","lang":"en","profile_background_tile":false,"favourites_count":24,"screen_name":"cricketfan1990","notifications":false,"url":null,"created_at":"Thu Jan 13 19:17:07 +0000 2011","contributors_enabled":false,"time_zone":null,"protected":false,"default_profile":true,"is_translator":false},"geo":null,"in_reply_to_user_id_str":"951837780","lang":"en","created_at":"Mon Dec 15 05:11:52 +0000 2014","in_reply_to_status_id_str":"544357899783655424","place":null},
{"contributors":null,"truncated":false,"text":"@TheGreatOne2012 @danielle_jenni Hello ... calm down. We are under attack too by these terrorists. My sympathies are with you and Aussies.","in_reply_to_status_id":544358772681211904,"id":544359453454131200,"favorite_count":0,"source":"<a href=\"http://twitter.com\" rel=\"nofollow\">Twitter Web Client</a>","retweeted":false,"coordinates":null,"entities":{"symbols":[],"user_mentions":[{"id":34393808,"indices":[0,16],"id_str":"34393808","screen_name":"TheGreatOne2012","name":"The Great One"},{"id":951837780,"indices":[17,32],"id_str":"951837780","screen_name":"danielle_jenni","name":"Danielle Moylan"}],"hashtags":[],"urls":[]},"in_reply_to_screen_name":"TheGreatOne2012","id_str":"544359453454131200","retweet_count":0,"in_reply_to_user_id":34393808,"favorited":false,"user":{"follow_request_sent":false,"profile_use_background_image":true,"profile_text_color":"333333","default_profile_image":false,"id":237839836,"profile_background_image_url_https":"https://abs.twimg.com/images/themes/theme1/bg.png","verified":false,"profile_location":null,"profile_image_url_https":"https://pbs.twimg.com/profile_images/554247265666097153/pDCVpnWn_normal.jpeg","profile_sidebar_fill_color":"DDEEF6","entities":{"description":{"urls":[]}},"followers_count":8,"profile_sidebar_border_color":"C0DEED","id_str":"237839836","profile_background_color":"C0DEED","listed_count":0,"is_translation_enabled":false,"utc_offset":null,"statuses_count":207,"description":"","friends_count":54,"location":"Houston, TX","profile_link_color":"0084B4","profile_image_url":"http://pbs.twimg.com/profile_images/554247265666097153/pDCVpnWn_normal.jpeg","following":false,"geo_enabled":false,"profile_background_image_url":"http://abs.twimg.com/images/themes/theme1/bg.png","name":"Ahmad Khan","lang":"en","profile_background_tile":false,"favourites_count":24,"screen_name":"cricketfan1990","notifications":false,"url":null,"created_at":"Thu Jan 13 19:17:07 +0000 2011","contributors_enabled":false,"time_zone":null,"protected":false,"default_profile":true,"is_translator":false},"geo":null,"in_reply_to_user_id_str":"34393808","lang":"en","created_at":"Mon Dec 15 05:13:02 +0000 2014","in_reply_to_status_id_str":"544358772681211904","place":null},
{"contributors":null,"truncated":false,"text":"@TheGreatOne2012 @danielle_jenni How about this Muslim, dickhead? http://t.co/zPH54TOS37","in_reply_to_status_id":544358772681211904,"id":544359471594487808,"favorite_count":1,"source":"<a href=\"http://twitter.com\" rel=\"nofollow\">Twitter Web Client</a>","retweeted":false,"coordinates":null,"entities":{"symbols":[],"user_mentions":[{"id":34393808,"indices":[0,16],"id_str":"34393808","screen_name":"TheGreatOne2012","name":"The Great One"},{"id":951837780,"indices":[17,32],"id_str":"951837780","screen_name":"danielle_jenni","name":"Danielle Moylan"}],"hashtags":[],"urls":[],"media":[{"expanded_url":"http://twitter.com/BatMannerisms/status/544359471594487808/photo/1","display_url":"pic.twitter.com/zPH54TOS37","url":"http://t.co/zPH54TOS37","media_url_https":"https://pbs.twimg.com/media/B430DdPCEAAtzhS.jpg","id_str":"544359470206160896","sizes":{"small":{"h":206,"resize":"fit","w":340},"large":{"h":390,"resize":"fit","w":642},"medium":{"h":364,"resize":"fit","w":600},"thumb":{"h":150,"resize":"crop","w":150}},"indices":[66,88],"type":"photo","id":544359470206160896,"media_url":"http://pbs.twimg.com/media/B430DdPCEAAtzhS.jpg"}]},"in_reply_to_screen_name":"TheGreatOne2012","id_str":"544359471594487808","retweet_count":0,"in_reply_to_user_id":34393808,"favorited":false,"user":{"follow_request_sent":false,"profile_use_background_image":true,"profile_text_color":"000000","default_profile_image":false,"id":2393793530,"profile_background_image_url_https":"https://pbs.twimg.com/profile_background_images/491833766461976576/qhMHwOw5.jpeg","verified":false,"profile_location":null,"profile_image_url_https":"https://pbs.twimg.com/profile_images/463943972352585728/r8jACb9I_normal.jpeg","profile_sidebar_fill_color":"FFFFFF","entities":{"description":{"urls":[]}},"followers_count":47,"profile_sidebar_border_color":"FFFFFF","id_str":"2393793530","profile_background_color":"FFFFFF","listed_count":1,"is_translation_enabled":true,"utc_offset":28800,"statuses_count":235,"description":"A space rock tastes different to an earth rock because a space rock is a little meteor.","friends_count":107,"location":"Cruel, cruel space.","profile_link_color":"1269FF","profile_image_url":"http://pbs.twimg.com/profile_images/463943972352585728/r8jACb9I_normal.jpeg","following":false,"geo_enabled":false,"profile_banner_url":"https://pbs.twimg.com/profile_banners/2393793530/1399440534","profile_background_image_url":"http://pbs.twimg.com/profile_background_images/491833766461976576/qhMHwOw5.jpeg","name":"Woodrow Wood","lang":"en","profile_background_tile":true,"favourites_count":92,"screen_name":"BatMannerisms","notifications":false,"url":null,"created_at":"Mon Mar 17 04:55:03 +0000 2014","contributors_enabled":false,"time_zone":"Beijing","protected":false,"default_profile":false,"is_translator":false},"geo":null,"in_reply_to_user_id_str":"34393808","possibly_sensitive":false,"lang":"en","created_at":"Mon Dec 15 05:13:06 +0000 2014","in_reply_to_status_id_str":"544358772681211904","place":null,"extended_entities":{"media":[{"expanded_url":"http://twitter.com/BatMannerisms/status/544359471594487808/photo/1","display_url":"pic.twitter.com/zPH54TOS37","url":"http://t.co/zPH54TOS37","media_url_https":"https://pbs.twimg.com/media/B430DdPCEAAtzhS.jpg","id_str":"544359470206160896","sizes":{"small":{"h":206,"resize":"fit","w":340},"large":{"h":390,"resize":"fit","w":642},"medium":{"h":364,"resize":"fit","w":600},"thumb":{"h":150,"resize":"crop","w":150}},"indices":[66,88],"type":"photo","id":544359470206160896,"media_url":"http://pbs.twimg.com/media/B430DdPCEAAtzhS.jpg"}]}},
{"contributors":null,"truncated":false,"text":"@danielle_jenni thanks danielle, lets not forget true victims here aren't the hostages but muslims &amp; islam #sydneysiege","in_reply_to_status_id":544357899783655424,"id":544359648107577344,"favorite_count":0,"source":"<a href=\"http://twitter.com\" rel=\"nofollow\">Twitter Web Client</a>","retweeted":false,"coordinates":null,"entities":{"symbols":[],"user_mentions":[{"id":951837780,"indices":[0,15],"id_str":"951837780","screen_name":"danielle_jenni","name":"Danielle Moylan"}],"hashtags":[{"indices":[111,123],"text":"sydneysiege"}],"urls":[]},"in_reply_to_screen_name":"danielle_jenni","id_str":"544359648107577344","retweet_count":0,"in_reply_to_user_id":951837780,"favorited":false,"user":{"follow_request_sent":false,"profile_use_background_image":true,"profile_text_color":"333333","default_profile_image":false,"id":1485225582,"profile_background_image_url_https":"https://pbs.twimg.com/profile_background_images/889872516/791292dd702d200abcbcf8e252c09747.jpeg","verified":false,"profile_location":null,"profile_image_url_https":"https://pbs.twimg.com/profile_images/461529254346244097/-c1q6mX-_normal.png","profile_sidebar_fill_color":"DDEEF6","entities":{"description":{"urls":[]}},"followers_count":1402,"profile_sidebar_border_color":"000000","id_str":"1485225582","profile_background_color":"642D8B","listed_count":10,"is_translation_enabled":false,"utc_offset":-25200,"statuses_count":1697,"description":"Getting big in New Mexico politics sure beats the alternative as night manager at Macaroni Grill. NM Attorney General Elect #singlemomfromwagonmoundPARODY","friends_count":1986,"location":"Future Governor of New Mexico ","profile_link_color":"FF0000","profile_image_url":"http://pbs.twimg.com/profile_images/461529254346244097/-c1q6mX-_normal.png","following":false,"geo_enabled":false,"profile_banner_url":"https://pbs.twimg.com/profile_banners/1485225582/1398915096","profile_background_image_url":"http://pbs.twimg.com/profile_background_images/889872516/791292dd702d200abcbcf8e252c09747.jpeg","name":"Hector Balderass AG","lang":"en","profile_background_tile":true,"favourites_count":1145,"screen_name":"hectorbalderass","notifications":false,"url":null,"created_at":"Wed Jun 05 15:03:55 +0000 2013","contributors_enabled":false,"time_zone":"Arizona","protected":false,"default_profile":false,"is_translator":false},"geo":null,"in_reply_to_user_id_str":"951837780","lang":"en","created_at":"Mon Dec 15 05:13:48 +0000 2014","in_reply_to_status_id_str":"544357899783655424","place":null},
{"contributors":null,"truncated":false,"text":"@danielle_jenni I just hope every body knows who created isis and help them is middle east to kill arabians #usa #qatar #israel #sydneysiege","in_reply_to_status_id":544357899783655424,"id":544359851166810113,"favorite_count":0,"source":"<a href=\"https://mobile.twitter.com\" rel=\"nofollow\">Mobile Web (M2)</a>","retweeted":false,"coordinates":null,"entities":{"symbols":[],"user_mentions":[{"id":951837780,"indices":[0,15],"id_str":"951837780","screen_name":"danielle_jenni","name":"Danielle Moylan"}],"hashtags":[{"indices":[108,112],"text":"usa"},{"indices":[113,119],"text":"qatar"},{"indices":[120,127],"text":"israel"},{"indices":[128,140],"text":"sydneysiege"}],"urls":[]},"in_reply_to_screen_name":"danielle_jenni","id_str":"544359851166810113","retweet_count":0,"in_reply_to_user_id":951837780,"favorited":false,"user":{"follow_request_sent":false,"profile_use_background_image":true,"profile_text_color":"333333","default_profile_image":false,"id":203374779,"profile_background_image_url_https":"https://abs.twimg.com/images/themes/theme1/bg.png","verified":false,"profile_location":null,"profile_image_url_https":"https://pbs.twimg.com/profile_images/574558092395839488/IPSXs-MX_normal.jpeg","profile_sidebar_fill_color":"DDEEF6","entities":{"url":{"urls":[{"url":"http://t.co/T4VHilYTfN","indices":[0,22],"expanded_url":"http://www.remal-foundation.org/index.php/ar/","display_url":"remal-foundation.org/index.php/ar/"}]},"description":{"urls":[]}},"followers_count":1214,"profile_sidebar_border_color":"C0DEED","id_str":"203374779","profile_background_color":"C0DEED","listed_count":4,"is_translation_enabled":false,"utc_offset":7200,"statuses_count":50257,"description":"المتحدث باسم مؤسسه رمال للتنميه العمرانيه الشامله \r و عضو مجلس امناء مؤسسه رمال","friends_count":2001,"location":"every  inch of egypt","profile_link_color":"0084B4","profile_image_url":"http://pbs.twimg.com/profile_images/574558092395839488/IPSXs-MX_normal.jpeg","following":false,"geo_enabled":true,"profile_banner_url":"https://pbs.twimg.com/profile_banners/203374779/1378943354","profile_background_image_url":"http://abs.twimg.com/images/themes/theme1/bg.png","name":"وائل ال جابري","lang":"en","profile_background_tile":false,"favourites_count":1428,"screen_name":"elgabry7","notifications":false,"url":"http://t.co/T4VHilYTfN","created_at":"Sat Oct 16 03:39:18 +0000 2010","contributors_enabled":false,"time_zone":"Athens","protected":false,"default_profile":true,"is_translator":false},"geo":null,"in_reply_to_user_id_str":"951837780","lang":"en","created_at":"Mon Dec 15 05:14:36 +0000 2014","in_reply_to_status_id_str":"544357899783655424","place":null},
{"contributors":null,"truncated":false,"text":"@danielle_jenni one bad apple spoils the bunch... and makes it hard for http://t.co/qNoSky95C0 of yhe.wprld to feel safe around muslims","in_reply_to_status_id":544357899783655424,"id":544360478898941952,"favorite_count":1,"source":"<a href=\"http://twitter.com/download/android\" rel=\"nofollow\">Twitter for Android</a>","retweeted":false,"coordinates":null,"entities":{"symbols":[],"user_mentions":[{"id":951837780,"indices":[0,15],"id_str":"951837780","screen_name":"danielle_jenni","name":"Danielle Moylan"}],"hashtags":[],"urls":[{"url":"http://t.co/qNoSky95C0","indices":[72,94],"expanded_url":"http://the.rest","display_url":"the.rest"}]},"in_reply_to_screen_name":"danielle_jenni","id_str":"544360478898941952","retweet_count":0,"in_reply_to_user_id":951837780,"favorited":false,"user":{"follow_request_sent":false,"profile_use_background_image":true,"profile_text_color":"3C3940","default_profile_image":false,"id":1058735552,"profile_background_image_url_https":"https://abs.twimg.com/images/themes/theme4/bg.gif","verified":false,"profile_location":null,"profile_image_url_https":"https://pbs.twimg.com/profile_images/553601517987831808/khHqWRCx_normal.jpeg","profile_sidebar_fill_color":"95E8EC","entities":{"description":{"urls":[]}},"followers_count":75,"profile_sidebar_border_color":"5ED4DC","id_str":"1058735552","profile_background_color":"0099B9","listed_count":0,"is_translation_enabled":false,"utc_offset":-18000,"statuses_count":268,"description":"Social worker,MSW","friends_count":114,"location":"Jamaica","profile_link_color":"0099B9","profile_image_url":"http://pbs.twimg.com/profile_images/553601517987831808/khHqWRCx_normal.jpeg","following":false,"geo_enabled":false,"profile_background_image_url":"http://abs.twimg.com/images/themes/theme4/bg.gif","name":"Dana MSW Stewart","lang":"en","profile_background_tile":false,"favourites_count":6,"screen_name":"deechic_","notifications":false,"url":null,"created_at":"Thu Jan 03 20:38:43 +0000 2013","contributors_enabled":false,"time_zone":"Eastern Time (US & Canada)","protected":false,"default_profile":false,"is_translator":false},"geo":null,"in_reply_to_user_id_str":"951837780","possibly_sensitive":false,"lang":"en","created_at":"Mon Dec 15 05:17:06 +0000 2014","in_reply_to_status_id_str":"544357899783655424","place":null},
{"contributors":null,"truncated":false,"text":"-@danielle_jenni can we worry about the folks with actual guns to their heads first? #sydneysiege http://t.co/hiXdIAsuk8","in_reply_to_status_id":544357899783655424,"id":544361019251130369,"favorite_count":7,"source":"<a href=\"http://twitter.com/download/iphone\" rel=\"nofollow\">Twitter for iPhone</a>","retweeted":false,"coordinates":null,"entities":{"symbols":[],"user_mentions":[{"id":951837780,"indices":[1,16],"id_str":"951837780","screen_name":"danielle_jenni","name":"Danielle Moylan"}],"hashtags":[{"indices":[85,97],"text":"sydneysiege"}],"urls":[],"media":[{"expanded_url":"http://twitter.com/jszehr/status/544361019251130369/photo/1","display_url":"pic.twitter.com/hiXdIAsuk8","url":"http://t.co/hiXdIAsuk8","media_url_https":"https://pbs.twimg.com/media/B431dWVIcAEigEq.jpg","id_str":"544361014540922881","sizes":{"small":{"h":381,"resize":"fit","w":340},"large":{"h":719,"resize":"fit","w":640},"medium":{"h":674,"resize":"fit","w":600},"thumb":{"h":150,"resize":"crop","w":150}},"indices":[98,120],"type":"photo","id":544361014540922881,"media_url":"http://pbs.twimg.com/media/B431dWVIcAEigEq.jpg"}]},"in_reply_to_screen_name":"danielle_jenni","id_str":"544361019251130369","retweet_count":0,"in_reply_to_user_id":951837780,"favorited":false,"user":{"follow_request_sent":false,"profile_use_background_image":true,"profile_text_color":"666666","default_profile_image":false,"id":7199552,"profile_background_image_url_https":"https://abs.twimg.com/images/themes/theme9/bg.gif","verified":false,"profile_location":null,"profile_image_url_https":"https://pbs.twimg.com/profile_images/435890018373345282/zWBTWUAk_normal.jpeg","profile_sidebar_fill_color":"252429","entities":{"url":{"urls":[{"url":"http://t.co/0ERLvGCwz9","indices":[0,22],"expanded_url":"http://blog.jeremyszehr.com","display_url":"blog.jeremyszehr.com"}]},"description":{"urls":[]}},"followers_count":245,"profile_sidebar_border_color":"181A1E","id_str":"7199552","profile_background_color":"1A1B1F","listed_count":20,"is_translation_enabled":false,"utc_offset":-18000,"statuses_count":9122,"description":"Husband, Dad, Graphic Designer, wrestling radio personality, pop culture podcaster and all around smart alec\n\n#TeamDDPYoga","friends_count":270,"location":"Caledonia NY","profile_link_color":"2FC2EF","profile_image_url":"http://pbs.twimg.com/profile_images/435890018373345282/zWBTWUAk_normal.jpeg","following":false,"geo_enabled":true,"profile_banner_url":"https://pbs.twimg.com/profile_banners/7199552/1399166986","profile_background_image_url":"http://abs.twimg.com/images/themes/theme9/bg.gif","name":"Jeremy S. Zehr","lang":"en","profile_background_tile":false,"favourites_count":185,"screen_name":"jszehr","notifications":false,"url":"http://t.co/0ERLvGCwz9","created_at":"Mon Jul 02 07:49:58 +0000 2007","contributors_enabled":false,"time_zone":"Eastern Time (US & Canada)","protected":false,"default_profile":false,"is_translator":false},"geo":null,"in_reply_to_user_id_str":"951837780","possibly_sensitive":false,"lang":"en","created_at":"Mon Dec 15 05:19:15 +0000 2014","in_reply_to_status_id_str":"544357899783655424","place":null,"extended_entities":{"media":[{"expanded_url":"http://twitter.com/jszehr/status/544361019251130369/photo/1","display_url":"pic.twitter.com/hiXdIAsuk8","url":"http://t.co/hiXdIAsuk8","media_url_https":"https://pbs.twimg.com/media/B431dWVIcAEigEq.jpg","id_str":"544361014540922881","sizes":{"small":{"h":381,"resize":"fit","w":340},"large":{"h":719,"resize":"fit","w":640},"medium":{"h":674,"resize":"fit","w":600},"thumb":{"h":150,"resize":"crop","w":150}},"indices":[98,120],"type":"photo","id":544361014540922881,"media_url":"http://pbs.twimg.com/media/B431dWVIcAEigEq.jpg"}]}},
{"contributors":null,"truncated":false,"text":"@danielle_jenni http://t.co/x0z0iLLwPB STOP THE VIOLENCE ! Author Avail 24 hrs 1-778-908-2811 http://t.co/F556gWoOct","in_reply_to_status_id":544357899783655424,"id":544364434299576321,"favorite_count":0,"source":"<a href=\"http://twitter.com\" rel=\"nofollow\">Twitter Web Client</a>","retweeted":false,"coordinates":null,"entities":{"symbols":[],"user_mentions":[{"id":951837780,"indices":[0,15],"id_str":"951837780","screen_name":"danielle_jenni","name":"Danielle Moylan"}],"hashtags":[],"urls":[{"url":"http://t.co/x0z0iLLwPB","indices":[16,38],"expanded_url":"http://www.amazon.com.au/Youth-Violence-International-Crisis-Cousineau-ebook/dp/B00GP3456Q/ref=sr_1_1?ie=UTF8&qid=1418618795&sr=8-1&keywords=youth+violence+an+international+crisis","display_url":"amazon.com.au/Youth-Violence…"}],"media":[{"expanded_url":"http://twitter.com/canadainfonow/status/544364434299576321/photo/1","display_url":"pic.twitter.com/F556gWoOct","url":"http://t.co/F556gWoOct","media_url_https":"https://pbs.twimg.com/media/B434kXuCAAAij9I.jpg","id_str":"544364433707761664","sizes":{"small":{"h":280,"resize":"fit","w":280},"large":{"h":280,"resize":"fit","w":280},"medium":{"h":280,"resize":"fit","w":280},"thumb":{"h":150,"resize":"crop","w":150}},"indices":[94,116],"type":"photo","id":544364433707761664,"media_url":"http://pbs.twimg.com/media/B434kXuCAAAij9I.jpg"}]},"in_reply_to_screen_name":"danielle_jenni","id_str":"544364434299576321","retweet_count":0,"in_reply_to_user_id":951837780,"favorited":false,"user":{"follow_request_sent":false,"profile_use_background_image":true,"profile_text_color":"333333","default_profile_image":false,"id":2734020596,"profile_background_image_url_https":"https://abs.twimg.com/images/themes/theme1/bg.png","verified":false,"profile_location":null,"profile_image_url_https":"https://pbs.twimg.com/profile_images/500206452145782788/5-vWudEf_normal.jpeg","profile_sidebar_fill_color":"DDEEF6","entities":{"description":{"urls":[]}},"followers_count":60,"profile_sidebar_border_color":"C0DEED","id_str":"2734020596","profile_background_color":"C0DEED","listed_count":0,"is_translation_enabled":false,"utc_offset":null,"statuses_count":992,"description":"When you stop learning, you stop living.","friends_count":843,"location":"","profile_link_color":"0084B4","profile_image_url":"http://pbs.twimg.com/profile_images/500206452145782788/5-vWudEf_normal.jpeg","following":false,"geo_enabled":false,"profile_background_image_url":"http://abs.twimg.com/images/themes/theme1/bg.png","name":"JW Cousineau","lang":"en","profile_background_tile":false,"favourites_count":27,"screen_name":"canadainfonow","notifications":false,"url":null,"created_at":"Fri Aug 15 08:45:33 +0000 2014","contributors_enabled":false,"time_zone":null,"protected":false,"default_profile":true,"is_translator":false},"geo":null,"in_reply_to_user_id_str":"951837780","possibly_sensitive":false,"lang":"en","created_at":"Mon Dec 15 05:32:49 +0000 2014","in_reply_to_status_id_str":"544357899783655424","place":null,"extended_entities":{"media":[{"expanded_url":"http://twitter.com/canadainfonow/status/544364434299576321/photo/1","display_url":"pic.twitter.com/F556gWoOct","url":"http://t.co/F556gWoOct","media_url_https":"https://pbs.twimg.com/media/B434kXuCAAAij9I.jpg","id_str":"544364433707761664","sizes":{"small":{"h":280,"resize":"fit","w":280},"large":{"h":280,"resize":"fit","w":280},"medium":{"h":280,"resize":"fit","w":280},"thumb":{"h":150,"resize":"crop","w":150}},"indices":[94,116],"type":"photo","id":544364433707761664,"media_url":"http://pbs.twimg.com/media/B434kXuCAAAij9I.jpg"}]}},
{"contributors":null,"truncated":false,"text":"@TheGreatOne2012 @danielle_jenni http://t.co/QmgulquObV STOP THE VIOLENCE ! Author Avail 24 hrs 1-778-908-2811 http://t.co/Sq4mSkQhpE","in_reply_to_status_id":544358941753606144,"id":544364537105768448,"favorite_count":0,"source":"<a href=\"http://twitter.com\" rel=\"nofollow\">Twitter Web Client</a>","retweeted":false,"coordinates":null,"entities":{"symbols":[],"user_mentions":[{"id":34393808,"indices":[0,16],"id_str":"34393808","screen_name":"TheGreatOne2012","name":"The Great One"},{"id":951837780,"indices":[17,32],"id_str":"951837780","screen_name":"danielle_jenni","name":"Danielle Moylan"}],"hashtags":[],"urls":[{"url":"http://t.co/QmgulquObV","indices":[33,55],"expanded_url":"http://www.amazon.com.au/Youth-Violence-International-Crisis-Cousineau-ebook/dp/B00GP3456Q/ref=sr_1_1?ie=UTF8&qid=1418618795&sr=8-1&keywords=youth+violence+an+international+crisis","display_url":"amazon.com.au/Youth-Violence…"}],"media":[{"expanded_url":"http://twitter.com/canadainfonow/status/544364537105768448/photo/1","display_url":"pic.twitter.com/Sq4mSkQhpE","url":"http://t.co/Sq4mSkQhpE","media_url_https":"https://pbs.twimg.com/media/B434qRTCYAAJQgY.jpg","id_str":"544364535063142400","sizes":{"small":{"h":280,"resize":"fit","w":280},"large":{"h":280,"resize":"fit","w":280},"medium":{"h":280,"resize":"fit","w":280},"thumb":{"h":150,"resize":"crop","w":150}},"indices":[111,133],"type":"photo","id":544364535063142400,"media_url":"http://pbs.twimg.com/media/B434qRTCYAAJQgY.jpg"}]},"in_reply_to_screen_name":"TheGreatOne2012","id_str":"544364537105768448","retweet_count":0,"in_reply_to_user_id":34393808,"favorited":false,"user":{"follow_request_sent":false,"profile_use_background_image":true,"profile_text_color":"333333","default_profile_image":false,"id":2734020596,"profile_background_image_url_https":"https://abs.twimg.com/images/themes/theme1/bg.png","verified":false,"profile_location":null,"profile_image_url_https":"https://pbs.twimg.com/profile_images/500206452145782788/5-vWudEf_normal.jpeg","profile_sidebar_fill_color":"DDEEF6","entities":{"description":{"urls":[]}},"followers_count":60,"profile_sidebar_border_color":"C0DEED","id_str":"2734020596","profile_background_color":"C0DEED","listed_count":0,"is_translation_enabled":false,"utc_offset":null,"statuses_count":992,"description":"When you stop learning, you stop living.","friends_count":843,"location":"","profile_link_color":"0084B4","profile_image_url":"http://pbs.twimg.com/profile_images/500206452145782788/5-vWudEf_normal.jpeg","following":false,"geo_enabled":false,"profile_background_image_url":"http://abs.twimg.com/images/themes/theme1/bg.png","name":"JW Cousineau","lang":"en","profile_background_tile":false,"favourites_count":27,"screen_name":"canadainfonow","notifications":false,"url":null,"created_at":"Fri Aug 15 08:45:33 +0000 2014","contributors_enabled":false,"time_zone":null,"protected":false,"default_profile":true,"is_translator":false},"geo":null,"in_reply_to_user_id_str":"34393808","possibly_sensitive":false,"lang":"en","created_at":"Mon Dec 15 05:33:14 +0000 2014","in_reply_to_status_id_str":"544358941753606144","place":null,"extended_entities":{"media":[{"expanded_url":"http://twitter.com/canadainfonow/status/544364537105768448/photo/1","display_url":"pic.twitter.com/Sq4mSkQhpE","url":"http://t.co/Sq4mSkQhpE","media_url_https":"https://pbs.twimg.com/media/B434qRTCYAAJQgY.jpg","id_str":"544364535063142400","sizes":{"small":{"h":280,"resize":"fit","w":280},"large":{"h":280,"resize":"fit","w":280},"medium":{"h":280,"resize":"fit","w":280},"thumb":{"h":150,"resize":"crop","w":150}},"indices":[111,133],"type":"photo","id":544364535063142400,"media_url":"http://pbs.twimg.com/media/B434qRTCYAAJQgY.jpg"}]}},
{"contributors":null,"truncated":false,"text":"@canadainfonow @danielle_jenni what difference does it make","in_reply_to_status_id":544364537105768448,"id":544364835874799616,"favorite_count":0,"source":"<a href=\"http://twitter.com/download/android\" rel=\"nofollow\">Twitter for Android</a>","retweeted":false,"coordinates":null,"entities":{"symbols":[],"user_mentions":[{"id":2734020596,"indices":[0,14],"id_str":"2734020596","screen_name":"canadainfonow","name":"JW Cousineau"},{"id":951837780,"indices":[15,30],"id_str":"951837780","screen_name":"danielle_jenni","name":"Danielle Moylan"}],"hashtags":[],"urls":[]},"in_reply_to_screen_name":"canadainfonow","id_str":"544364835874799616","retweet_count":0,"in_reply_to_user_id":2734020596,"favorited":false,"user":{"follow_request_sent":false,"profile_use_background_image":true,"profile_text_color":"333333","default_profile_image":false,"id":34393808,"profile_background_image_url_https":"https://pbs.twimg.com/profile_background_images/304334309/m7.jpg","verified":false,"profile_location":null,"profile_image_url_https":"https://pbs.twimg.com/profile_images/378800000177789597/50dd07821d9d7684b002838ab8112057_normal.jpeg","profile_sidebar_fill_color":"E6F6F9","entities":{"description":{"urls":[]}},"followers_count":1572,"profile_sidebar_border_color":"DBE9ED","id_str":"34393808","profile_background_color":"DBE9ED","listed_count":34,"is_translation_enabled":false,"utc_offset":null,"statuses_count":14742,"description":"Tea Party,Mason, LEnforcement -Military.Extremism in the defense of liberty is no vice. And moderation in the pursuit of justice is no virtue. \r\nBarry Goldwater","friends_count":2001,"location":"USA","profile_link_color":"CC3366","profile_image_url":"http://pbs.twimg.com/profile_images/378800000177789597/50dd07821d9d7684b002838ab8112057_normal.jpeg","following":false,"geo_enabled":true,"profile_banner_url":"https://pbs.twimg.com/profile_banners/34393808/1402671436","profile_background_image_url":"http://pbs.twimg.com/profile_background_images/304334309/m7.jpg","name":"The Great One","lang":"en","profile_background_tile":false,"favourites_count":119,"screen_name":"TheGreatOne2012","notifications":false,"url":null,"created_at":"Wed Apr 22 20:51:52 +0000 2009","contributors_enabled":false,"time_zone":null,"protected":false,"default_profile":false,"is_translator":false},"geo":null,"in_reply_to_user_id_str":"2734020596","lang":"en","created_at":"Mon Dec 15 05:34:25 +0000 2014","in_reply_to_status_id_str":"544364537105768448","place":null},
{"contributors":null,"truncated":false,"text":"@danielle_jenni How about hoping that the innocent hostages do not suffer? They are the ones in real danger. #sydneysiege","in_reply_to_status_id":544357899783655424,"id":544365993800523776,"favorite_count":0,"source":"<a href=\"http://twitter.com/download/iphone\" rel=\"nofollow\">Twitter for iPhone</a>","retweeted":false,"coordinates":null,"entities":{"symbols":[],"user_mentions":[{"id":951837780,"indices":[0,15],"id_str":"951837780","screen_name":"danielle_jenni","name":"Danielle Moylan"}],"hashtags":[{"indices":[109,121],"text":"sydneysiege"}],"urls":[]},"in_reply_to_screen_name":"danielle_jenni","id_str":"544365993800523776","retweet_count":0,"in_reply_to_user_id":951837780,"favorited":false,"user":{"follow_request_sent":false,"profile_use_background_image":true,"profile_text_color":"333333","default_profile_image":false,"id":189279445,"profile_background_image_url_https":"https://abs.twimg.com/images/themes/theme1/bg.png","verified":false,"profile_location":null,"profile_image_url_https":"https://pbs.twimg.com/profile_images/585428442251976705/3hN-pScv_normal.jpg","profile_sidebar_fill_color":"DDEEF6","entities":{"description":{"urls":[]}},"followers_count":116,"profile_sidebar_border_color":"C0DEED","id_str":"189279445","profile_background_color":"C0DEED","listed_count":11,"is_translation_enabled":false,"utc_offset":-18000,"statuses_count":10906,"description":"Canadian man of Hispanic descent. Into languages (Fluent Spanish/Portuguese speaker & learning Swedish), fitness, fashion, & travel. My opinions are my own.","friends_count":74,"location":"Kitchener, Ontario, Canada","profile_link_color":"0084B4","profile_image_url":"http://pbs.twimg.com/profile_images/585428442251976705/3hN-pScv_normal.jpg","following":false,"geo_enabled":true,"profile_banner_url":"https://pbs.twimg.com/profile_banners/189279445/1401412736","profile_background_image_url":"http://abs.twimg.com/images/themes/theme1/bg.png","name":"Néstor","lang":"en","profile_background_tile":false,"favourites_count":163,"screen_name":"Nestor076","notifications":false,"url":null,"created_at":"Fri Sep 10 21:19:06 +0000 2010","contributors_enabled":false,"time_zone":"Eastern Time (US & Canada)","protected":false,"default_profile":true,"is_translator":false},"geo":null,"in_reply_to_user_id_str":"951837780","lang":"en","created_at":"Mon Dec 15 05:39:01 +0000 2014","in_reply_to_status_id_str":"544357899783655424","place":null},
{"contributors":null,"truncated":false,"text":"@danielle_jenni @instapundit Let's hope, but it's up to the Muslim community to condemn terrorist acts, not just the reactions to them.","in_reply_to_status_id":544357899783655424,"id":544366336265048064,"favorite_count":0,"source":"<a href=\"http://twitter.com\" rel=\"nofollow\">Twitter Web Client</a>","retweeted":false,"coordinates":null,"entities":{"symbols":[],"user_mentions":[{"id":951837780,"indices":[0,15],"id_str":"951837780","screen_name":"danielle_jenni","name":"Danielle Moylan"},{"id":727472528,"indices":[16,28],"id_str":"727472528","screen_name":"instapundit","name":"Instapundit.com"}],"hashtags":[],"urls":[]},"in_reply_to_screen_name":"danielle_jenni","id_str":"544366336265048064","retweet_count":0,"in_reply_to_user_id":951837780,"favorited":false,"user":{"follow_request_sent":false,"profile_use_background_image":true,"profile_text_color":"333333","default_profile_image":false,"id":1026953953,"profile_background_image_url_https":"https://abs.twimg.com/images/themes/theme1/bg.png","verified":false,"profile_location":null,"profile_image_url_https":"https://pbs.twimg.com/profile_images/378800000071355201/9673419c76d20228d3a17ea273f1f7f7_normal.jpeg","profile_sidebar_fill_color":"DDEEF6","entities":{"description":{"urls":[]}},"followers_count":52,"profile_sidebar_border_color":"C0DEED","id_str":"1026953953","profile_background_color":"C0DEED","listed_count":0,"is_translation_enabled":false,"utc_offset":-28800,"statuses_count":1116,"description":"Garden Designer, Singer, Wife and Mom","friends_count":213,"location":"","profile_link_color":"0084B4","profile_image_url":"http://pbs.twimg.com/profile_images/378800000071355201/9673419c76d20228d3a17ea273f1f7f7_normal.jpeg","following":false,"geo_enabled":false,"profile_background_image_url":"http://abs.twimg.com/images/themes/theme1/bg.png","name":"Marilee Goodwin","lang":"en","profile_background_tile":false,"favourites_count":112,"screen_name":"ManzanitaLN","notifications":false,"url":null,"created_at":"Fri Dec 21 18:51:45 +0000 2012","contributors_enabled":false,"time_zone":"Pacific Time (US & Canada)","protected":false,"default_profile":true,"is_translator":false},"geo":null,"in_reply_to_user_id_str":"951837780","lang":"en","created_at":"Mon Dec 15 05:40:23 +0000 2014","in_reply_to_status_id_str":"544357899783655424","place":null},
{"contributors":null,"truncated":false,"text":"@danielle_jenni Never believe  a muslim. We did and are suffering for 1000 years in India.They are same world over.","in_reply_to_status_id":544357899783655424,"id":544369266946879490,"favorite_count":0,"source":"<a href=\"http://twitter.com\" rel=\"nofollow\">Twitter Web Client</a>","retweeted":false,"coordinates":null,"entities":{"symbols":[],"user_mentions":[{"id":951837780,"indices":[0,15],"id_str":"951837780","screen_name":"danielle_jenni","name":"Danielle Moylan"}],"hashtags":[],"urls":[]},"in_reply_to_screen_name":"danielle_jenni","id_str":"544369266946879490","retweet_count":0,"in_reply_to_user_id":951837780,"favorited":false,"user":{"follow_request_sent":false,"profile_use_background_image":true,"profile_text_color":"333333","default_profile_image":false,"id":636890434,"profile_background_image_url_https":"https://abs.twimg.com/images/themes/theme1/bg.png","verified":false,"profile_location":null,"profile_image_url_https":"https://pbs.twimg.com/profile_images/512867186973503488/9bxZorXz_normal.jpeg","profile_sidebar_fill_color":"DDEEF6","entities":{"description":{"urls":[]}},"followers_count":11,"profile_sidebar_border_color":"C0DEED","id_str":"636890434","profile_background_color":"C0DEED","listed_count":0,"is_translation_enabled":false,"utc_offset":null,"statuses_count":7,"description":"","friends_count":4,"location":"","profile_link_color":"0084B4","profile_image_url":"http://pbs.twimg.com/profile_images/512867186973503488/9bxZorXz_normal.jpeg","following":false,"geo_enabled":false,"profile_background_image_url":"http://abs.twimg.com/images/themes/theme1/bg.png","name":"PARAG","lang":"en","profile_background_tile":false,"favourites_count":0,"screen_name":"Goradada","notifications":false,"url":null,"created_at":"Mon Jul 16 11:09:53 +0000 2012","contributors_enabled":false,"time_zone":null,"protected":false,"default_profile":true,"is_translator":false},"geo":null,"in_reply_to_user_id_str":"951837780","lang":"en","created_at":"Mon Dec 15 05:52:01 +0000 2014","in_reply_to_status_id_str":"544357899783655424","place":null},
{"contributors":null,"truncated":false,"text":"@ruiner6 @ArizonaCowboy46 @danielle_jenni worked hard? Why have none of the spoken against the hostage taker it's called taqiyya","in_reply_to_status_id":544359046275694593,"id":544478198172770304,"favorite_count":0,"source":"<a href=\"http://twitter.com/download/iphone\" rel=\"nofollow\">Twitter for iPhone</a>","retweeted":false,"coordinates":null,"entities":{"symbols":[],"user_mentions":[{"id":2820702651,"indices":[0,8],"id_str":"2820702651","screen_name":"ruiner6","name":"Aoibheann"},{"id":1290006391,"indices":[9,25],"id_str":"1290006391","screen_name":"ArizonaCowboy46","name":"Old Cowboy"},{"id":951837780,"indices":[26,41],"id_str":"951837780","screen_name":"danielle_jenni","name":"Danielle Moylan"}],"hashtags":[],"urls":[]},"in_reply_to_screen_name":"ruiner6","id_str":"544478198172770304","retweet_count":0,"in_reply_to_user_id":2820702651,"favorited":false,"user":{"follow_request_sent":false,"profile_use_background_image":true,"profile_text_color":"333333","default_profile_image":false,"id":58377855,"profile_background_image_url_https":"https://abs.twimg.com/images/themes/theme1/bg.png","verified":false,"profile_location":null,"profile_image_url_https":"https://pbs.twimg.com/profile_images/465116753643597825/B4mpvY_f_normal.jpeg","profile_sidebar_fill_color":"DDEEF6","entities":{"description":{"urls":[]}},"followers_count":1102,"profile_sidebar_border_color":"C0DEED","id_str":"58377855","profile_background_color":"C0DEED","listed_count":12,"is_translation_enabled":false,"utc_offset":-18000,"statuses_count":7203,"description":"I am a Soldier, Batman an inspiration. i have been in uniform now 30 years. These are my opinions only debate without hate","friends_count":1090,"location":"","profile_link_color":"0084B4","profile_image_url":"http://pbs.twimg.com/profile_images/465116753643597825/B4mpvY_f_normal.jpeg","following":false,"geo_enabled":false,"profile_banner_url":"https://pbs.twimg.com/profile_banners/58377855/1399727384","profile_background_image_url":"http://abs.twimg.com/images/themes/theme1/bg.png","name":"Batman","lang":"en","profile_background_tile":false,"favourites_count":1001,"screen_name":"MSGDWC","notifications":false,"url":null,"created_at":"Mon Jul 20 03:31:34 +0000 2009","contributors_enabled":false,"time_zone":"Eastern Time (US & Canada)","protected":false,"default_profile":true,"is_translator":false},"geo":null,"in_reply_to_user_id_str":"2820702651","lang":"en","created_at":"Mon Dec 15 13:04:53 +0000 2014","in_reply_to_status_id_str":"544359046275694593","place":null},
{"contributors":null,"truncated":false,"text":"@MSGDWC @ruiner6 @ArizonaCowboy46 actually the Grand Mufti and Australian National Imams Council have released a statement condemning him.","in_reply_to_status_id":544478198172770304,"id":544496118386929664,"favorite_count":0,"source":"<a href=\"http://twitter.com\" rel=\"nofollow\">Twitter Web Client</a>","retweeted":false,"coordinates":null,"entities":{"symbols":[],"user_mentions":[{"id":58377855,"indices":[0,7],"id_str":"58377855","screen_name":"MSGDWC","name":"Batman"},{"id":2820702651,"indices":[8,16],"id_str":"2820702651","screen_name":"ruiner6","name":"Aoibheann"},{"id":1290006391,"indices":[17,33],"id_str":"1290006391","screen_name":"ArizonaCowboy46","name":"Old Cowboy"}],"hashtags":[],"urls":[]},"in_reply_to_screen_name":"MSGDWC","id_str":"544496118386929664","retweet_count":0,"in_reply_to_user_id":58377855,"favorited":false,"user":{"follow_request_sent":false,"profile_use_background_image":true,"profile_text_color":"333333","default_profile_image":false,"id":951837780,"profile_background_image_url_https":"https://abs.twimg.com/images/themes/theme1/bg.png","verified":false,"profile_location":null,"profile_image_url_https":"https://pbs.twimg.com/profile_images/467998480888107008/aAerL1Bk_normal.jpeg","profile_sidebar_fill_color":"DDEEF6","entities":{"description":{"urls":[]}},"followers_count":614,"profile_sidebar_border_color":"C0DEED","id_str":"951837780","profile_background_color":"C0DEED","listed_count":12,"is_translation_enabled":false,"utc_offset":-18000,"statuses_count":1035,"description":"Former Australian diplomat in #Iran, now with Norwegian Refugee Council @NRC_Norway in #Kabul, #Afghanistan.  Don't blame NRC, views my own.","friends_count":711,"location":"Kabul, Afghanistan","profile_link_color":"0074B3","profile_image_url":"http://pbs.twimg.com/profile_images/467998480888107008/aAerL1Bk_normal.jpeg","following":false,"geo_enabled":false,"profile_banner_url":"https://pbs.twimg.com/profile_banners/951837780/1400414710","profile_background_image_url":"http://abs.twimg.com/images/themes/theme1/bg.png","name":"Danielle Moylan","lang":"en","profile_background_tile":false,"favourites_count":711,"screen_name":"danielle_jenni","notifications":false,"url":null,"created_at":"Fri Nov 16 15:06:25 +0000 2012","contributors_enabled":false,"time_zone":"Eastern Time (US & Canada)","protected":false,"default_profile":false,"is_translator":false},"geo":null,"in_reply_to_user_id_str":"58377855","lang":"en","created_at":"Mon Dec 15 14:16:05 +0000 2014","in_reply_to_status_id_str":"544478198172770304","place":null},
{"contributors":null,"truncated":false,"text":"@danielle_jenni @MSGDWC @ruiner6 yup just heard that reported on @FoxNews ... But it seems , World Wide, those R Hollow words W/O Action","in_reply_to_status_id":544496118386929664,"id":544497085366546432,"favorite_count":0,"source":"<a href=\"http://twitter.com/#!/download/ipad\" rel=\"nofollow\">Twitter for iPad</a>","retweeted":false,"coordinates":null,"entities":{"symbols":[],"user_mentions":[{"id":951837780,"indices":[0,15],"id_str":"951837780","screen_name":"danielle_jenni","name":"Danielle Moylan"},{"id":58377855,"indices":[16,23],"id_str":"58377855","screen_name":"MSGDWC","name":"Batman"},{"id":2820702651,"indices":[24,32],"id_str":"2820702651","screen_name":"ruiner6","name":"Aoibheann"},{"id":1367531,"indices":[65,73],"id_str":"1367531","screen_name":"FoxNews","name":"Fox News"}],"hashtags":[],"urls":[]},"in_reply_to_screen_name":"danielle_jenni","id_str":"544497085366546432","retweet_count":0,"in_reply_to_user_id":951837780,"favorited":false,"user":{"follow_request_sent":false,"profile_use_background_image":true,"profile_text_color":"333333","default_profile_image":false,"id":1290006391,"profile_background_image_url_https":"https://abs.twimg.com/images/themes/theme1/bg.png","verified":false,"profile_location":null,"profile_image_url_https":"https://pbs.twimg.com/profile_images/502974800860426240/HfxgfMPO_normal.jpeg","profile_sidebar_fill_color":"DDEEF6","entities":{"description":{"urls":[]}},"followers_count":3368,"profile_sidebar_border_color":"C0DEED","id_str":"1290006391","profile_background_color":"C0DEED","listed_count":49,"is_translation_enabled":false,"utc_offset":-25200,"statuses_count":6416,"description":"Vietnam Vet,67-69,USAF,DaNang,20thTASS/TET68,Conservitive,FSU,Catholic,2A,NRA,Cattleman,Retired Restauranteur.Chef,Hunter,Fly Fisherman,Southerner,God Bless USA","friends_count":3591,"location":"SouthWest Sonoran Desert ","profile_link_color":"0084B4","profile_image_url":"http://pbs.twimg.com/profile_images/502974800860426240/HfxgfMPO_normal.jpeg","following":false,"geo_enabled":false,"profile_banner_url":"https://pbs.twimg.com/profile_banners/1290006391/1418254514","profile_background_image_url":"http://abs.twimg.com/images/themes/theme1/bg.png","name":"Old Cowboy","lang":"en","profile_background_tile":false,"favourites_count":682,"screen_name":"ArizonaCowboy46","notifications":false,"url":null,"created_at":"Sat Mar 23 00:20:25 +0000 2013","contributors_enabled":false,"time_zone":"Mountain Time (US & Canada)","protected":false,"default_profile":true,"is_translator":false},"geo":null,"in_reply_to_user_id_str":"951837780","lang":"en","created_at":"Mon Dec 15 14:19:56 +0000 2014","in_reply_to_status_id_str":"544496118386929664","place":null},
{"contributors":null,"truncated":false,"text":"@danielle_jenni @ruiner6 @ArizonaCowboy46 wow they made a \"harsh\" statement oh my","in_reply_to_status_id":544496118386929664,"id":544498371093090304,"favorite_count":0,"source":"<a href=\"http://twitter.com/download/iphone\" rel=\"nofollow\">Twitter for iPhone</a>","retweeted":false,"coordinates":null,"entities":{"symbols":[],"user_mentions":[{"id":951837780,"indices":[0,15],"id_str":"951837780","screen_name":"danielle_jenni","name":"Danielle Moylan"},{"id":2820702651,"indices":[16,24],"id_str":"2820702651","screen_name":"ruiner6","name":"Aoibheann"},{"id":1290006391,"indices":[25,41],"id_str":"1290006391","screen_name":"ArizonaCowboy46","name":"Old Cowboy"}],"hashtags":[],"urls":[]},"in_reply_to_screen_name":"danielle_jenni","id_str":"544498371093090304","retweet_count":0,"in_reply_to_user_id":951837780,"favorited":false,"user":{"follow_request_sent":false,"profile_use_background_image":true,"profile_text_color":"333333","default_profile_image":false,"id":58377855,"profile_background_image_url_https":"https://abs.twimg.com/images/themes/theme1/bg.png","verified":false,"profile_location":null,"profile_image_url_https":"https://pbs.twimg.com/profile_images/465116753643597825/B4mpvY_f_normal.jpeg","profile_sidebar_fill_color":"DDEEF6","entities":{"description":{"urls":[]}},"followers_count":1102,"profile_sidebar_border_color":"C0DEED","id_str":"58377855","profile_background_color":"C0DEED","listed_count":12,"is_translation_enabled":false,"utc_offset":-18000,"statuses_count":7203,"description":"I am a Soldier, Batman an inspiration. i have been in uniform now 30 years. These are my opinions only debate without hate","friends_count":1090,"location":"","profile_link_color":"0084B4","profile_image_url":"http://pbs.twimg.com/profile_images/465116753643597825/B4mpvY_f_normal.jpeg","following":false,"geo_enabled":false,"profile_banner_url":"https://pbs.twimg.com/profile_banners/58377855/1399727384","profile_background_image_url":"http://abs.twimg.com/images/themes/theme1/bg.png","name":"Batman","lang":"en","profile_background_tile":false,"favourites_count":1001,"screen_name":"MSGDWC","notifications":false,"url":null,"created_at":"Mon Jul 20 03:31:34 +0000 2009","contributors_enabled":false,"time_zone":"Eastern Time (US & Canada)","protected":false,"default_profile":true,"is_translator":false},"geo":null,"in_reply_to_user_id_str":"951837780","lang":"en","created_at":"Mon Dec 15 14:25:02 +0000 2014","in_reply_to_status_id_str":"544496118386929664","place":null},
{"contributors":null,"truncated":false,"text":"@MSGDWC we \"condemn this criminal act unequivocally and reiterate that such actions are denounced in part and in whole in Islam\". Very clear","in_reply_to_status_id":544498371093090304,"id":544499525235527680,"favorite_count":2,"source":"<a href=\"http://twitter.com\" rel=\"nofollow\">Twitter Web Client</a>","retweeted":false,"coordinates":null,"entities":{"symbols":[],"user_mentions":[{"id":58377855,"indices":[0,7],"id_str":"58377855","screen_name":"MSGDWC","name":"Batman"}],"hashtags":[],"urls":[]},"in_reply_to_screen_name":"MSGDWC","id_str":"544499525235527680","retweet_count":0,"in_reply_to_user_id":58377855,"favorited":false,"user":{"follow_request_sent":false,"profile_use_background_image":true,"profile_text_color":"333333","default_profile_image":false,"id":951837780,"profile_background_image_url_https":"https://abs.twimg.com/images/themes/theme1/bg.png","verified":false,"profile_location":null,"profile_image_url_https":"https://pbs.twimg.com/profile_images/467998480888107008/aAerL1Bk_normal.jpeg","profile_sidebar_fill_color":"DDEEF6","entities":{"description":{"urls":[]}},"followers_count":614,"profile_sidebar_border_color":"C0DEED","id_str":"951837780","profile_background_color":"C0DEED","listed_count":12,"is_translation_enabled":false,"utc_offset":-18000,"statuses_count":1035,"description":"Former Australian diplomat in #Iran, now with Norwegian Refugee Council @NRC_Norway in #Kabul, #Afghanistan.  Don't blame NRC, views my own.","friends_count":711,"location":"Kabul, Afghanistan","profile_link_color":"0074B3","profile_image_url":"http://pbs.twimg.com/profile_images/467998480888107008/aAerL1Bk_normal.jpeg","following":false,"geo_enabled":false,"profile_banner_url":"https://pbs.twimg.com/profile_banners/951837780/1400414710","profile_background_image_url":"http://abs.twimg.com/images/themes/theme1/bg.png","name":"Danielle Moylan","lang":"en","profile_background_tile":false,"favourites_count":711,"screen_name":"danielle_jenni","notifications":false,"url":null,"created_at":"Fri Nov 16 15:06:25 +0000 2012","contributors_enabled":false,"time_zone":"Eastern Time (US & Canada)","protected":false,"default_profile":false,"is_translator":false},"geo":null,"in_reply_to_user_id_str":"58377855","lang":"en","created_at":"Mon Dec 15 14:29:37 +0000 2014","in_reply_to_status_id_str":"544498371093090304","place":null},
{"contributors":null,"truncated":false,"text":"@danielle_jenni wow how about a fatwa that would prove it!","in_reply_to_status_id":544499525235527680,"id":544499931680362496,"favorite_count":0,"source":"<a href=\"http://twitter.com/download/iphone\" rel=\"nofollow\">Twitter for iPhone</a>","retweeted":false,"coordinates":null,"entities":{"symbols":[],"user_mentions":[{"id":951837780,"indices":[0,15],"id_str":"951837780","screen_name":"danielle_jenni","name":"Danielle Moylan"}],"hashtags":[],"urls":[]},"in_reply_to_screen_name":"danielle_jenni","id_str":"544499931680362496","retweet_count":0,"in_reply_to_user_id":951837780,"favorited":false,"user":{"follow_request_sent":false,"profile_use_background_image":true,"profile_text_color":"333333","default_profile_image":false,"id":58377855,"profile_background_image_url_https":"https://abs.twimg.com/images/themes/theme1/bg.png","verified":false,"profile_location":null,"profile_image_url_https":"https://pbs.twimg.com/profile_images/465116753643597825/B4mpvY_f_normal.jpeg","profile_sidebar_fill_color":"DDEEF6","entities":{"description":{"urls":[]}},"followers_count":1102,"profile_sidebar_border_color":"C0DEED","id_str":"58377855","profile_background_color":"C0DEED","listed_count":12,"is_translation_enabled":false,"utc_offset":-18000,"statuses_count":7203,"description":"I am a Soldier, Batman an inspiration. i have been in uniform now 30 years. These are my opinions only debate without hate","friends_count":1090,"location":"","profile_link_color":"0084B4","profile_image_url":"http://pbs.twimg.com/profile_images/465116753643597825/B4mpvY_f_normal.jpeg","following":false,"geo_enabled":false,"profile_banner_url":"https://pbs.twimg.com/profile_banners/58377855/1399727384","profile_background_image_url":"http://abs.twimg.com/images/themes/theme1/bg.png","name":"Batman","lang":"en","profile_background_tile":false,"favourites_count":1001,"screen_name":"MSGDWC","notifications":false,"url":null,"created_at":"Mon Jul 20 03:31:34 +0000 2009","contributors_enabled":false,"time_zone":"Eastern Time (US & Canada)","protected":false,"default_profile":true,"is_translator":false},"geo":null,"in_reply_to_user_id_str":"951837780","lang":"en","created_at":"Mon Dec 15 14:31:14 +0000 2014","in_reply_to_status_id_str":"544499525235527680","place":null},
{"contributors":null,"truncated":false,"text":"@danielle_jenni you do notice they don't say which \"act\" this is called taqiyya they seem to be condemning but don't give specifics","in_reply_to_status_id":544499525235527680,"id":544500443586789377,"favorite_count":0,"source":"<a href=\"http://twitter.com/download/iphone\" rel=\"nofollow\">Twitter for iPhone</a>","retweeted":false,"coordinates":null,"entities":{"symbols":[],"user_mentions":[{"id":951837780,"indices":[0,15],"id_str":"951837780","screen_name":"danielle_jenni","name":"Danielle Moylan"}],"hashtags":[],"urls":[]},"in_reply_to_screen_name":"danielle_jenni","id_str":"544500443586789377","retweet_count":1,"in_reply_to_user_id":951837780,"favorited":false,"user":{"follow_request_sent":false,"profile_use_background_image":true,"profile_text_color":"333333","default_profile_image":false,"id":58377855,"profile_background_image_url_https":"https://abs.twimg.com/images/themes/theme1/bg.png","verified":false,"profile_location":null,"profile_image_url_https":"https://pbs.twimg.com/profile_images/465116753643597825/B4mpvY_f_normal.jpeg","profile_sidebar_fill_color":"DDEEF6","entities":{"description":{"urls":[]}},"followers_count":1102,"profile_sidebar_border_color":"C0DEED","id_str":"58377855","profile_background_color":"C0DEED","listed_count":12,"is_translation_enabled":false,"utc_offset":-18000,"statuses_count":7203,"description":"I am a Soldier, Batman an inspiration. i have been in uniform now 30 years. These are my opinions only debate without hate","friends_count":1090,"location":"","profile_link_color":"0084B4","profile_image_url":"http://pbs.twimg.com/profile_images/465116753643597825/B4mpvY_f_normal.jpeg","following":false,"geo_enabled":false,"profile_banner_url":"https://pbs.twimg.com/profile_banners/58377855/1399727384","profile_background_image_url":"http://abs.twimg.com/images/themes/theme1/bg.png","name":"Batman","lang":"en","profile_background_tile":false,"favourites_count":1001,"screen_name":"MSGDWC","notifications":false,"url":null,"created_at":"Mon Jul 20 03:31:34 +0000 2009","contributors_enabled":false,"time_zone":"Eastern Time (US & Canada)","protected":false,"default_profile":true,"is_translator":false},"geo":null,"in_reply_to_user_id_str":"951837780","lang":"en","created_at":"Mon Dec 15 14:33:16 +0000 2014","in_reply_to_status_id_str":"544499525235527680","place":null}
]