[{"contributors":null,"truncated":false,"text":"@BBCBreaking That's strange","in_reply_to_status_id":544316814856306688,"id":544317037133463552,"favorite_count":0,"source":"<a href=\"http://twitter.com\" rel=\"nofollow\">Twitter Web Client</a>","retweeted":false,"coordinates":null,"entities":{"symbols":[],"user_mentions":[{"id":5402612,"indices":[0,12],"id_str":"5402612","screen_name":"BBCBreaking","name":"BBC Breaking News"}],"hashtags":[],"urls":[]},"in_reply_to_screen_name":"BBCBreaking","id_str":"544317037133463552","retweet_count":1,"in_reply_to_user_id":5402612,"favorited":false,"user":{"follow_request_sent":false,"profile_use_background_image":true,"profile_text_color":"333333","default_profile_image":false,"id":1018575726,"profile_background_image_url_https":"https://pbs.twimg.com/profile_background_images/378800000151895149/-uAiVO02.jpeg","verified":false,"profile_location":null,"profile_image_url_https":"https://pbs.twimg.com/profile_images/543318191532163072/kaxdjDKn_normal.jpeg","profile_sidebar_fill_color":"DDEEF6","entities":{"description":{"urls":[]}},"followers_count":117,"profile_sidebar_border_color":"000000","id_str":"1018575726","profile_background_color":"000000","listed_count":1,"is_translation_enabled":false,"utc_offset":0,"statuses_count":2102,"description":"We are all ghosts driving meat coated skeletons made from stardust, feeling amazing yet? Liberal-Ethical socialism... quite revolutionary if you ask me.","friends_count":321,"location":"","profile_link_color":"FF0000","profile_image_url":"http://pbs.twimg.com/profile_images/543318191532163072/kaxdjDKn_normal.jpeg","following":false,"geo_enabled":false,"profile_banner_url":"https://pbs.twimg.com/profile_banners/1018575726/1409198256","profile_background_image_url":"http://pbs.twimg.com/profile_background_images/378800000151895149/-uAiVO02.jpeg","name":"AndyPurdz","lang":"en","profile_background_tile":true,"favourites_count":888,"screen_name":"andypurdz","notifications":false,"url":null,"created_at":"Mon Dec 17 23:49:06 +0000 2012","contributors_enabled":false,"time_zone":"London","protected":false,"default_profile":false,"is_translator":false},"geo":null,"in_reply_to_user_id_str":"5402612","lang":"en","created_at":"Mon Dec 15 02:24:29 +0000 2014","in_reply_to_status_id_str":"544316814856306688","place":null},
{"contributors":null,"truncated":false,"text":"@andypurdz https://t.co/hPPjF2zLoA","in_reply_to_status_id":544317037133463552,"id":544317172877508608,"favorite_count":0,"source":"<a href=\"http://twitter.com\" rel=\"nofollow\">Twitter Web Client</a>","retweeted":false,"coordinates":null,"entities":{"symbols":[],"user_mentions":[{"id":1018575726,"indices":[0,10],"id_str":"1018575726","screen_name":"andypurdz","name":"AndyPurdz"}],"hashtags":[],"urls":[{"url":"https://t.co/hPPjF2zLoA","indices":[11,34],"expanded_url":"https://www.youtube.com/watch?v=ZeStV7EH_NI","display_url":"youtube.com/watch?v=ZeStV7…"}]},"in_reply_to_screen_name":"andypurdz","id_str":"544317172877508608","retweet_count":1,"in_reply_to_user_id":1018575726,"favorited":false,"user":{"follow_request_sent":false,"profile_use_background_image":true,"profile_text_color":"333333","default_profile_image":true,"id":283393209,"profile_background_image_url_https":"https://abs.twimg.com/images/themes/theme1/bg.png","verified":false,"profile_location":null,"profile_image_url_https":"https://abs.twimg.com/sticky/default_profile_images/default_profile_1_normal.png","profile_sidebar_fill_color":"DDEEF6","entities":{"url":{"urls":[{"url":"http://t.co/fWJkmldRtL","indices":[0,22],"expanded_url":"http://nepchord.blogspot.com","display_url":"nepchord.blogspot.com"}]},"description":{"urls":[]}},"followers_count":24,"profile_sidebar_border_color":"C0DEED","id_str":"283393209","profile_background_color":"C0DEED","listed_count":1,"is_translation_enabled":false,"utc_offset":null,"statuses_count":1208,"description":"","friends_count":151,"location":"","profile_link_color":"0084B4","profile_image_url":"http://abs.twimg.com/sticky/default_profile_images/default_profile_1_normal.png","following":false,"geo_enabled":false,"profile_background_image_url":"http://abs.twimg.com/images/themes/theme1/bg.png","name":"ASif Shah","lang":"en","profile_background_tile":false,"favourites_count":10,"screen_name":"sabin033","notifications":false,"url":"http://t.co/fWJkmldRtL","created_at":"Sun Apr 17 06:08:57 +0000 2011","contributors_enabled":false,"time_zone":null,"protected":false,"default_profile":true,"is_translator":false},"geo":null,"in_reply_to_user_id_str":"1018575726","possibly_sensitive":false,"lang":"und","created_at":"Mon Dec 15 02:25:01 +0000 2014","in_reply_to_status_id_str":"544317037133463552","place":null},
{"contributors":null,"truncated":false,"text":"@BBCBreaking I would be horrified. But, if I was a Jihad general I'd never do that. Think, men.","in_reply_to_status_id":544316814856306688,"id":544317331590365185,"favorite_count":0,"source":"<a href=\"http://twitter.com\" rel=\"nofollow\">Twitter Web Client</a>","retweeted":false,"coordinates":null,"entities":{"symbols":[],"user_mentions":[{"id":5402612,"indices":[0,12],"id_str":"5402612","screen_name":"BBCBreaking","name":"BBC Breaking News"}],"hashtags":[],"urls":[]},"in_reply_to_screen_name":"BBCBreaking","id_str":"544317331590365185","retweet_count":0,"in_reply_to_user_id":5402612,"favorited":false,"user":{"follow_request_sent":false,"profile_use_background_image":true,"profile_text_color":"333333","default_profile_image":false,"id":493152117,"profile_background_image_url_https":"https://abs.twimg.com/images/themes/theme1/bg.png","verified":false,"profile_location":null,"profile_image_url_https":"https://pbs.twimg.com/profile_images/2173820066/12341-200222_normal.jpg","profile_sidebar_fill_color":"DDEEF6","entities":{"url":{"urls":[{"url":"http://t.co/rMlWVL1fAL","indices":[0,22],"expanded_url":"http://en.wikipedia.org/wiki/Joel_Fleischman","display_url":"en.wikipedia.org/wiki/Joel_Flei…"}]},"description":{"urls":[]}},"followers_count":546,"profile_sidebar_border_color":"C0DEED","id_str":"493152117","profile_background_color":"C0DEED","listed_count":8,"is_translation_enabled":false,"utc_offset":3600,"statuses_count":19302,"description":"Cicely is Galilee, Maggie is Mary Magdalene, Holling is st. Peter, owns The Brick (rock), Chris is Christ, claims he will die at 33, Marilyn is virgin Mary ...","friends_count":1937,"location":"Cicely, Alaska, USA","profile_link_color":"0084B4","profile_image_url":"http://pbs.twimg.com/profile_images/2173820066/12341-200222_normal.jpg","following":false,"geo_enabled":false,"profile_banner_url":"https://pbs.twimg.com/profile_banners/493152117/1359113900","profile_background_image_url":"http://abs.twimg.com/images/themes/theme1/bg.png","name":"Dr. Joel ⁂","lang":"en","profile_background_tile":false,"favourites_count":1739,"screen_name":"Flajschman","notifications":false,"url":"http://t.co/rMlWVL1fAL","created_at":"Wed Feb 15 14:02:51 +0000 2012","contributors_enabled":false,"time_zone":"Amsterdam","protected":false,"default_profile":true,"is_translator":false},"geo":null,"in_reply_to_user_id_str":"5402612","lang":"en","created_at":"Mon Dec 15 02:25:39 +0000 2014","in_reply_to_status_id_str":"544316814856306688","place":null},
{"contributors":null,"truncated":false,"text":"La famosa ópera evacuada \"@BBCBreaking:  #Sydney Opera House after evacuation: http://t.co/RLqO1UiwG0 #sydneysiege http://t.co/RQoVCgtdy0”","in_reply_to_status_id":544316814856306688,"id":544317570132627456,"favorite_count":0,"source":"<a href=\"http://twitter.com/#!/download/ipad\" rel=\"nofollow\">Twitter for iPad</a>","retweeted":false,"coordinates":null,"entities":{"symbols":[],"user_mentions":[{"id":5402612,"indices":[26,38],"id_str":"5402612","screen_name":"BBCBreaking","name":"BBC Breaking News"}],"hashtags":[{"indices":[41,48],"text":"Sydney"},{"indices":[102,114],"text":"sydneysiege"}],"urls":[{"url":"http://t.co/RLqO1UiwG0","indices":[79,101],"expanded_url":"http://bbc.in/1vPDuWA","display_url":"bbc.in/1vPDuWA"}],"media":[{"source_user_id":5402612,"source_status_id_str":"544316814856306688","expanded_url":"http://twitter.com/BBCBreaking/status/544316814856306688/photo/1","display_url":"pic.twitter.com/RQoVCgtdy0","url":"http://t.co/RQoVCgtdy0","media_url_https":"https://pbs.twimg.com/media/B43NPoICMAA-Srg.jpg","source_user_id_str":"5402612","source_status_id":544316814856306688,"id_str":"544316798334545920","sizes":{"large":{"h":351,"resize":"fit","w":624},"small":{"h":191,"resize":"fit","w":340},"medium":{"h":337,"resize":"fit","w":600},"thumb":{"h":150,"resize":"crop","w":150}},"indices":[115,137],"type":"photo","id":544316798334545920,"media_url":"http://pbs.twimg.com/media/B43NPoICMAA-Srg.jpg"}]},"in_reply_to_screen_name":"BBCBreaking","id_str":"544317570132627456","retweet_count":0,"in_reply_to_user_id":5402612,"favorited":false,"user":{"follow_request_sent":false,"profile_use_background_image":true,"profile_text_color":"333333","default_profile_image":false,"id":235199409,"profile_background_image_url_https":"https://abs.twimg.com/images/themes/theme1/bg.png","verified":false,"profile_location":null,"profile_image_url_https":"https://pbs.twimg.com/profile_images/560524193285308416/FC9NXPWt_normal.jpeg","profile_sidebar_fill_color":"DDEEF6","entities":{"description":{"urls":[{"url":"http://t.co/b26tZPO8","indices":[110,130],"expanded_url":"http://www.cnn.com/OPINION/ghitis.commentaries/archive/","display_url":"cnn.com/OPINION/ghitis…"}]}},"followers_count":3712,"profile_sidebar_border_color":"C0DEED","id_str":"235199409","profile_background_color":"C0DEED","listed_count":121,"is_translation_enabled":false,"utc_offset":-21600,"statuses_count":24164,"description":"World affairs columnist, author, CNN, World Politics Review, Miami Herald, McClatchy Newsp --- Public Speaker http://t.co/b26tZPO8","friends_count":784,"location":"","profile_link_color":"0084B4","profile_image_url":"http://pbs.twimg.com/profile_images/560524193285308416/FC9NXPWt_normal.jpeg","following":false,"geo_enabled":false,"profile_banner_url":"https://pbs.twimg.com/profile_banners/235199409/1398291394","profile_background_image_url":"http://abs.twimg.com/images/themes/theme1/bg.png","name":"Frida Ghitis","lang":"en","profile_background_tile":false,"favourites_count":2081,"screen_name":"FridaGhitis","notifications":false,"url":null,"created_at":"Fri Jan 07 16:11:29 +0000 2011","contributors_enabled":false,"time_zone":"Central Time (US & Canada)","protected":false,"default_profile":true,"is_translator":false},"geo":null,"in_reply_to_user_id_str":"5402612","possibly_sensitive":false,"lang":"es","created_at":"Mon Dec 15 02:26:36 +0000 2014","in_reply_to_status_id_str":"544316814856306688","place":null,"extended_entities":{"media":[{"source_user_id":5402612,"source_status_id_str":"544316814856306688","expanded_url":"http://twitter.com/BBCBreaking/status/544316814856306688/photo/1","display_url":"pic.twitter.com/RQoVCgtdy0","url":"http://t.co/RQoVCgtdy0","media_url_https":"https://pbs.twimg.com/media/B43NPoICMAA-Srg.jpg","source_user_id_str":"5402612","source_status_id":544316814856306688,"id_str":"544316798334545920","sizes":{"large":{"h":351,"resize":"fit","w":624},"small":{"h":191,"resize":"fit","w":340},"medium":{"h":337,"resize":"fit","w":600},"thumb":{"h":150,"resize":"crop","w":150}},"indices":[115,137],"type":"photo","id":544316798334545920,"media_url":"http://pbs.twimg.com/media/B43NPoICMAA-Srg.jpg"}]}},
{"contributors":null,"truncated":false,"text":"@BBCBreaking 50 ways to help the planet and care the water http://t.co/y9QxWnmtEX","in_reply_to_status_id":544316814856306688,"id":544317738777583617,"favorite_count":0,"source":"<a href=\"http://twitter.com\" rel=\"nofollow\">Twitter Web Client</a>","retweeted":false,"coordinates":null,"entities":{"symbols":[],"user_mentions":[{"id":5402612,"indices":[0,12],"id_str":"5402612","screen_name":"BBCBreaking","name":"BBC Breaking News"}],"hashtags":[],"urls":[{"url":"http://t.co/y9QxWnmtEX","indices":[59,81],"expanded_url":"http://50waystohelp.com","display_url":"50waystohelp.com"}]},"in_reply_to_screen_name":"BBCBreaking","id_str":"544317738777583617","retweet_count":0,"in_reply_to_user_id":5402612,"favorited":false,"user":{"follow_request_sent":false,"profile_use_background_image":true,"profile_text_color":"0C3E53","default_profile_image":false,"id":126456202,"profile_background_image_url_https":"https://pbs.twimg.com/profile_background_images/470430576571207680/8HqozELa.jpeg","verified":false,"profile_location":null,"profile_image_url_https":"https://pbs.twimg.com/profile_images/578738119798759425/do4e42vy_normal.jpeg","profile_sidebar_fill_color":"FFF7CC","entities":{"url":{"urls":[{"url":"http://t.co/kNZ83WhbC9","indices":[0,22],"expanded_url":"http://instagram.com/edmanronaldo","display_url":"instagram.com/edmanronaldo"}]},"description":{"urls":[]}},"followers_count":13232,"profile_sidebar_border_color":"FFFFFF","id_str":"126456202","profile_background_color":"F0F5F5","listed_count":26,"is_translation_enabled":false,"utc_offset":-21600,"statuses_count":23634,"description":"#CristianoRonaldo the best player in world football! The best #LagartoLisboeta The best #RedDevil The best #Madridista The best footballer of the history #CR7","friends_count":98,"location":"","profile_link_color":"FF0000","profile_image_url":"http://pbs.twimg.com/profile_images/578738119798759425/do4e42vy_normal.jpeg","following":false,"geo_enabled":true,"profile_banner_url":"https://pbs.twimg.com/profile_banners/126456202/1414186270","profile_background_image_url":"http://pbs.twimg.com/profile_background_images/470430576571207680/8HqozELa.jpeg","name":"★Edman Ronaldo★","lang":"es","profile_background_tile":true,"favourites_count":1828,"screen_name":"EdmanRonaldo","notifications":false,"url":"http://t.co/kNZ83WhbC9","created_at":"Thu Mar 25 23:08:41 +0000 2010","contributors_enabled":false,"time_zone":"Mexico City","protected":false,"default_profile":false,"is_translator":false},"geo":null,"in_reply_to_user_id_str":"5402612","possibly_sensitive":false,"lang":"en","created_at":"Mon Dec 15 02:27:16 +0000 2014","in_reply_to_status_id_str":"544316814856306688","place":null},
{"contributors":null,"truncated":false,"text":"@BBCBreaking Stdney Police have requested NO Tweets. Lives are in Danger; don't want to give gunmen info they don't have c","in_reply_to_status_id":544316814856306688,"id":544318719011201024,"favorite_count":0,"source":"<a href=\"http://twitter.com/download/iphone\" rel=\"nofollow\">Twitter for iPhone</a>","retweeted":false,"coordinates":null,"entities":{"symbols":[],"user_mentions":[{"id":5402612,"indices":[0,12],"id_str":"5402612","screen_name":"BBCBreaking","name":"BBC Breaking News"}],"hashtags":[],"urls":[]},"in_reply_to_screen_name":"BBCBreaking","id_str":"544318719011201024","retweet_count":0,"in_reply_to_user_id":5402612,"favorited":false,"user":{"follow_request_sent":false,"profile_use_background_image":true,"profile_text_color":"333333","default_profile_image":false,"id":2856927247,"profile_background_image_url_https":"https://abs.twimg.com/images/themes/theme1/bg.png","verified":false,"profile_location":null,"profile_image_url_https":"https://pbs.twimg.com/profile_images/544361342438633472/aNQWOkdM_normal.jpeg","profile_sidebar_fill_color":"DDEEF6","entities":{"description":{"urls":[]}},"followers_count":90,"profile_sidebar_border_color":"C0DEED","id_str":"2856927247","profile_background_color":"C0DEED","listed_count":4,"is_translation_enabled":false,"utc_offset":null,"statuses_count":2378,"description":"Recently moved; new start. Lots of questions/comments; want to interact! Marketing, writing, small businesses and an odd fascination with the trucking industry.","friends_count":195,"location":"Utah, Indiana & San Diego","profile_link_color":"0084B4","profile_image_url":"http://pbs.twimg.com/profile_images/544361342438633472/aNQWOkdM_normal.jpeg","following":false,"geo_enabled":false,"profile_background_image_url":"http://abs.twimg.com/images/themes/theme1/bg.png","name":"Sydney","lang":"en","profile_background_tile":false,"favourites_count":1080,"screen_name":"Sydney843","notifications":false,"url":null,"created_at":"Wed Oct 15 15:53:05 +0000 2014","contributors_enabled":false,"time_zone":null,"protected":false,"default_profile":true,"is_translator":false},"geo":null,"in_reply_to_user_id_str":"5402612","lang":"en","created_at":"Mon Dec 15 02:31:10 +0000 2014","in_reply_to_status_id_str":"544316814856306688","place":null},
{"contributors":null,"truncated":false,"text":"#sydneysiege\n@BBCBreaking: Construction workers gather at #Sydney #OperaHouse aft evacuation\nhttp://t.co/H3OrOyACE0\nhttp://t.co/nR3ZebMbV9","in_reply_to_status_id":544316814856306688,"id":544319057429012481,"favorite_count":0,"source":"<a href=\"http://twitter.com/download/iphone\" rel=\"nofollow\">Twitter for iPhone</a>","retweeted":false,"coordinates":null,"entities":{"symbols":[],"user_mentions":[{"id":5402612,"indices":[13,25],"id_str":"5402612","screen_name":"BBCBreaking","name":"BBC Breaking News"}],"hashtags":[{"indices":[0,12],"text":"sydneysiege"},{"indices":[58,65],"text":"Sydney"},{"indices":[66,77],"text":"OperaHouse"}],"urls":[{"url":"http://t.co/H3OrOyACE0","indices":[93,115],"expanded_url":"http://bbc.in/1vPDuWA","display_url":"bbc.in/1vPDuWA"}],"media":[{"source_user_id":5402612,"source_status_id_str":"544316814856306688","expanded_url":"http://twitter.com/BBCBreaking/status/544316814856306688/photo/1","display_url":"pic.twitter.com/nR3ZebMbV9","url":"http://t.co/nR3ZebMbV9","media_url_https":"https://pbs.twimg.com/media/B43NPoICMAA-Srg.jpg","source_user_id_str":"5402612","source_status_id":544316814856306688,"id_str":"544316798334545920","sizes":{"large":{"h":351,"resize":"fit","w":624},"small":{"h":191,"resize":"fit","w":340},"medium":{"h":337,"resize":"fit","w":600},"thumb":{"h":150,"resize":"crop","w":150}},"indices":[116,138],"type":"photo","id":544316798334545920,"media_url":"http://pbs.twimg.com/media/B43NPoICMAA-Srg.jpg"}]},"in_reply_to_screen_name":"BBCBreaking","id_str":"544319057429012481","retweet_count":0,"in_reply_to_user_id":5402612,"favorited":false,"user":{"follow_request_sent":false,"profile_use_background_image":true,"profile_text_color":"333333","default_profile_image":false,"id":999907196,"profile_background_image_url_https":"https://abs.twimg.com/images/themes/theme1/bg.png","verified":false,"profile_location":null,"profile_image_url_https":"https://pbs.twimg.com/profile_images/2954714522/25e1298f6339017afbc26fbcb2854770_normal.jpeg","profile_sidebar_fill_color":"DDEEF6","entities":{"url":{"urls":[{"url":"http://t.co/PBGyW7s34Y","indices":[0,22],"expanded_url":"http://ottawafamilytree.net","display_url":"ottawafamilytree.net"}]},"description":{"urls":[]}},"followers_count":869,"profile_sidebar_border_color":"C0DEED","id_str":"999907196","profile_background_color":"C0DEED","listed_count":29,"is_translation_enabled":false,"utc_offset":null,"statuses_count":12188,"description":"McEwan, Wilson, Cadieux, Frood, O'Connor, Doyle, Dolan, Killeen,  descendants & ancestors from Scotland, Ireland & France","friends_count":1548,"location":"Ottawa, Canada","profile_link_color":"0084B4","profile_image_url":"http://pbs.twimg.com/profile_images/2954714522/25e1298f6339017afbc26fbcb2854770_normal.jpeg","following":false,"geo_enabled":false,"profile_banner_url":"https://pbs.twimg.com/profile_banners/999907196/1355692571","profile_background_image_url":"http://abs.twimg.com/images/themes/theme1/bg.png","name":"Ottawa Family Tree","lang":"en","profile_background_tile":false,"favourites_count":208,"screen_name":"ottawafamtree","notifications":false,"url":"http://t.co/PBGyW7s34Y","created_at":"Sun Dec 09 18:50:46 +0000 2012","contributors_enabled":false,"time_zone":null,"protected":false,"default_profile":true,"is_translator":false},"geo":null,"in_reply_to_user_id_str":"5402612","possibly_sensitive":false,"lang":"en","created_at":"Mon Dec 15 02:32:30 +0000 2014","in_reply_to_status_id_str":"544316814856306688","place":null,"extended_entities":{"media":[{"source_user_id":5402612,"source_status_id_str":"544316814856306688","expanded_url":"http://twitter.com/BBCBreaking/status/544316814856306688/photo/1","display_url":"pic.twitter.com/nR3ZebMbV9","url":"http://t.co/nR3ZebMbV9","media_url_https":"https://pbs.twimg.com/media/B43NPoICMAA-Srg.jpg","source_user_id_str":"5402612","source_status_id":544316814856306688,"id_str":"544316798334545920","sizes":{"large":{"h":351,"resize":"fit","w":624},"small":{"h":191,"resize":"fit","w":340},"medium":{"h":337,"resize":"fit","w":600},"thumb":{"h":150,"resize":"crop","w":150}},"indices":[116,138],"type":"photo","id":544316798334545920,"media_url":"http://pbs.twimg.com/media/B43NPoICMAA-Srg.jpg"}]}},
{"contributors":null,"truncated":false,"text":"@BBCBreaking  برنامج مخصص لأجهزة أندرويد يستطيع تحديد موقع سيارتك  http://t.co/YfBHqUDvlL ز - ط393","in_reply_to_status_id":544316814856306688,"id":544319088109953025,"favorite_count":0,"source":"<a href=\"http://www.thisisatest.com\" rel=\"nofollow\">Disabled people hashtag support</a>","retweeted":false,"coordinates":null,"entities":{"symbols":[],"user_mentions":[{"id":5402612,"indices":[0,12],"id_str":"5402612","screen_name":"BBCBreaking","name":"BBC Breaking News"}],"hashtags":[],"urls":[{"url":"http://t.co/YfBHqUDvlL","indices":[67,89],"expanded_url":"http://goo.gl/J7Nc8a","display_url":"goo.gl/J7Nc8a"}]},"in_reply_to_screen_name":"BBCBreaking","id_str":"544319088109953025","retweet_count":0,"in_reply_to_user_id":5402612,"favorited":false,"user":{"follow_request_sent":false,"profile_use_background_image":true,"profile_text_color":"333333","default_profile_image":false,"id":578550086,"profile_background_image_url_https":"https://abs.twimg.com/images/themes/theme1/bg.png","verified":false,"profile_location":null,"profile_image_url_https":"https://pbs.twimg.com/profile_images/543700423878537216/GGWV0bWo_normal.jpeg","profile_sidebar_fill_color":"DDEEF6","entities":{"description":{"urls":[]}},"followers_count":399,"profile_sidebar_border_color":"C0DEED","id_str":"578550086","profile_background_color":"C0DEED","listed_count":2,"is_translation_enabled":false,"utc_offset":-25200,"statuses_count":3311,"description":"","friends_count":161,"location":"","profile_link_color":"0084B4","profile_image_url":"http://pbs.twimg.com/profile_images/543700423878537216/GGWV0bWo_normal.jpeg","following":false,"geo_enabled":true,"profile_background_image_url":"http://abs.twimg.com/images/themes/theme1/bg.png","name":"I code X","lang":"en","profile_background_tile":false,"favourites_count":0,"screen_name":"hd_aldeggs","notifications":false,"url":null,"created_at":"Sun May 13 01:41:19 +0000 2012","contributors_enabled":false,"time_zone":"Arizona","protected":false,"default_profile":true,"is_translator":false},"geo":null,"in_reply_to_user_id_str":"5402612","possibly_sensitive":false,"lang":"ar","created_at":"Mon Dec 15 02:32:38 +0000 2014","in_reply_to_status_id_str":"544316814856306688","place":null},
{"contributors":null,"truncated":false,"text":"@BBCBreaking Added your tweet to my @RebelMouse http://t.co/MBbxVgGMEX","in_reply_to_status_id":544316814856306688,"id":544319447574773760,"favorite_count":0,"source":"<a href=\"http://www.rebelmouse.com\" rel=\"nofollow\">RebelMouse Application</a>","retweeted":false,"coordinates":null,"entities":{"symbols":[],"user_mentions":[{"id":5402612,"indices":[0,12],"id_str":"5402612","screen_name":"BBCBreaking","name":"BBC Breaking News"},{"id":341251022,"indices":[36,47],"id_str":"341251022","screen_name":"RebelMouse","name":"RebelMouse"}],"hashtags":[],"urls":[{"url":"http://t.co/MBbxVgGMEX","indices":[48,70],"expanded_url":"http://rbl.ms/13oDnvD","display_url":"rbl.ms/13oDnvD"}]},"in_reply_to_screen_name":"BBCBreaking","id_str":"544319447574773760","retweet_count":0,"in_reply_to_user_id":5402612,"favorited":false,"user":{"follow_request_sent":false,"profile_use_background_image":true,"profile_text_color":"648A64","default_profile_image":false,"id":281912753,"profile_background_image_url_https":"https://pbs.twimg.com/profile_background_images/480384346985988096/uBol5NDR.png","verified":false,"profile_location":null,"profile_image_url_https":"https://pbs.twimg.com/profile_images/3290678964/38042360866a250227e097341f368dff_normal.jpeg","profile_sidebar_fill_color":"1F4E53","entities":{"url":{"urls":[{"url":"http://t.co/V5O0P0uYoc","indices":[0,22],"expanded_url":"http://about.me/khaili.allen","display_url":"about.me/khaili.allen"}]},"description":{"urls":[{"url":"https://t.co/09us81dFNX","indices":[136,159],"expanded_url":"https://www.rebelmouse.com/webernet_sharables/","display_url":"rebelmouse.com/webernet_shara…"}]}},"followers_count":755,"profile_sidebar_border_color":"000000","id_str":"281912753","profile_background_color":"0A000A","listed_count":12,"is_translation_enabled":false,"utc_offset":-18000,"statuses_count":10293,"description":"Proud Father & Dad, Social Webernaut, Research Artist, Educational Technologist and one of few remaining renaissance-men | #UniteBlue | https://t.co/09us81dFNX","friends_count":913,"location":"My Frontal Lobe & Cerebellum  ","profile_link_color":"0C1685","profile_image_url":"http://pbs.twimg.com/profile_images/3290678964/38042360866a250227e097341f368dff_normal.jpeg","following":false,"geo_enabled":false,"profile_banner_url":"https://pbs.twimg.com/profile_banners/281912753/1398221192","profile_background_image_url":"http://pbs.twimg.com/profile_background_images/480384346985988096/uBol5NDR.png","name":"Khaili Allen","lang":"en","profile_background_tile":true,"favourites_count":1303,"screen_name":"AllKhaili","notifications":false,"url":"http://t.co/V5O0P0uYoc","created_at":"Thu Apr 14 06:36:46 +0000 2011","contributors_enabled":false,"time_zone":"Eastern Time (US & Canada)","protected":false,"default_profile":false,"is_translator":false},"geo":null,"in_reply_to_user_id_str":"5402612","possibly_sensitive":false,"lang":"en","created_at":"Mon Dec 15 02:34:03 +0000 2014","in_reply_to_status_id_str":"544316814856306688","place":null},
{"contributors":null,"truncated":false,"text":"@BBCBreaking @jojoaruba52 thots and prayers to Australian hostages. 13-30 held by Islamists. 🆘❤️🆘","in_reply_to_status_id":544316814856306688,"id":544320656113147904,"favorite_count":0,"source":"<a href=\"http://twitter.com/download/iphone\" rel=\"nofollow\">Twitter for iPhone</a>","retweeted":false,"coordinates":null,"entities":{"symbols":[],"user_mentions":[{"id":5402612,"indices":[0,12],"id_str":"5402612","screen_name":"BBCBreaking","name":"BBC Breaking News"},{"id":893046055,"indices":[13,25],"id_str":"893046055","screen_name":"jojoaruba52","name":"Joe the Potter"}],"hashtags":[],"urls":[]},"in_reply_to_screen_name":"BBCBreaking","id_str":"544320656113147904","retweet_count":0,"in_reply_to_user_id":5402612,"favorited":false,"user":{"follow_request_sent":false,"profile_use_background_image":true,"profile_text_color":"333333","default_profile_image":false,"id":237488620,"profile_background_image_url_https":"https://abs.twimg.com/images/themes/theme1/bg.png","verified":false,"profile_location":null,"profile_image_url_https":"https://pbs.twimg.com/profile_images/582962438473003008/Czym3gBt_normal.jpg","profile_sidebar_fill_color":"DDEEF6","entities":{"description":{"urls":[]}},"followers_count":4601,"profile_sidebar_border_color":"C0DEED","id_str":"237488620","profile_background_color":"C0DEED","listed_count":46,"is_translation_enabled":false,"utc_offset":-32400,"statuses_count":14235,"description":"iDiamond! tweet w/sort of CDN FLAG:married,Conservative :love Israel;addict USA politics:Cdns needed!","friends_count":3958,"location":"Canada","profile_link_color":"0084B4","profile_image_url":"http://pbs.twimg.com/profile_images/582962438473003008/Czym3gBt_normal.jpg","following":false,"geo_enabled":false,"profile_banner_url":"https://pbs.twimg.com/profile_banners/237488620/1417648934","profile_background_image_url":"http://abs.twimg.com/images/themes/theme1/bg.png","name":"Duane Roset","lang":"en","profile_background_tile":false,"favourites_count":2541,"screen_name":"DuaneRoset","notifications":false,"url":null,"created_at":"Wed Jan 12 23:38:04 +0000 2011","contributors_enabled":false,"time_zone":"Alaska","protected":false,"default_profile":true,"is_translator":false},"geo":null,"in_reply_to_user_id_str":"5402612","lang":"en","created_at":"Mon Dec 15 02:38:52 +0000 2014","in_reply_to_status_id_str":"544316814856306688","place":null},
{"contributors":null,"truncated":false,"text":"@BBCBreaking that's what happens when you confiscate guns from lawful citizens","in_reply_to_status_id":544316814856306688,"id":544327838695170048,"favorite_count":0,"source":"<a href=\"http://www.twitter.com\" rel=\"nofollow\">Twitter for Windows Phone</a>","retweeted":false,"coordinates":null,"entities":{"symbols":[],"user_mentions":[{"id":5402612,"indices":[0,12],"id_str":"5402612","screen_name":"BBCBreaking","name":"BBC Breaking News"}],"hashtags":[],"urls":[]},"in_reply_to_screen_name":"BBCBreaking","id_str":"544327838695170048","retweet_count":0,"in_reply_to_user_id":5402612,"favorited":false,"user":{"follow_request_sent":false,"profile_use_background_image":true,"profile_text_color":"333333","default_profile_image":false,"id":55743289,"profile_background_image_url_https":"https://abs.twimg.com/images/themes/theme1/bg.png","verified":false,"profile_location":null,"profile_image_url_https":"https://pbs.twimg.com/profile_images/555238504691924992/am0MSXgT_normal.jpeg","profile_sidebar_fill_color":"DDEEF6","entities":{"description":{"urls":[]}},"followers_count":26,"profile_sidebar_border_color":"C0DEED","id_str":"55743289","profile_background_color":"C0DEED","listed_count":1,"is_translation_enabled":false,"utc_offset":-18000,"statuses_count":276,"description":"","friends_count":301,"location":"New Jersey","profile_link_color":"0084B4","profile_image_url":"http://pbs.twimg.com/profile_images/555238504691924992/am0MSXgT_normal.jpeg","following":false,"geo_enabled":true,"profile_background_image_url":"http://abs.twimg.com/images/themes/theme1/bg.png","name":"Chris Keenan","lang":"en","profile_background_tile":false,"favourites_count":237,"screen_name":"ozonekiss","notifications":false,"url":null,"created_at":"Sat Jul 11 03:12:40 +0000 2009","contributors_enabled":false,"time_zone":"Quito","protected":false,"default_profile":true,"is_translator":false},"geo":null,"in_reply_to_user_id_str":"5402612","lang":"en","created_at":"Mon Dec 15 03:07:24 +0000 2014","in_reply_to_status_id_str":"544316814856306688","place":null},
{"contributors":null,"truncated":false,"text":"@BBCBreaking","in_reply_to_status_id":544316814856306688,"id":544331012545589248,"favorite_count":0,"source":"<a href=\"http://twitter.com/download/iphone\" rel=\"nofollow\">Twitter for iPhone</a>","retweeted":false,"coordinates":null,"entities":{"symbols":[],"user_mentions":[{"id":5402612,"indices":[0,12],"id_str":"5402612","screen_name":"BBCBreaking","name":"BBC Breaking News"}],"hashtags":[],"urls":[]},"in_reply_to_screen_name":"BBCBreaking","id_str":"544331012545589248","retweet_count":0,"in_reply_to_user_id":5402612,"favorited":false,"user":{"follow_request_sent":false,"profile_use_background_image":true,"profile_text_color":"333333","default_profile_image":false,"id":718460834,"profile_background_image_url_https":"https://abs.twimg.com/images/themes/theme1/bg.png","verified":false,"profile_location":null,"profile_image_url_https":"https://pbs.twimg.com/profile_images/542000408793595904/EiUGxRgW_normal.jpeg","profile_sidebar_fill_color":"DDEEF6","entities":{"description":{"urls":[]}},"followers_count":12,"profile_sidebar_border_color":"C0DEED","id_str":"718460834","profile_background_color":"C0DEED","listed_count":0,"is_translation_enabled":false,"utc_offset":null,"statuses_count":1,"description":"","friends_count":81,"location":"","profile_link_color":"0084B4","profile_image_url":"http://pbs.twimg.com/profile_images/542000408793595904/EiUGxRgW_normal.jpeg","following":false,"geo_enabled":false,"profile_banner_url":"https://pbs.twimg.com/profile_banners/718460834/1418057944","profile_background_image_url":"http://abs.twimg.com/images/themes/theme1/bg.png","name":"muna khadka","lang":"en","profile_background_tile":false,"favourites_count":3,"screen_name":"muna_khdk","notifications":false,"url":null,"created_at":"Thu Jul 26 18:02:45 +0000 2012","contributors_enabled":false,"time_zone":null,"protected":false,"default_profile":true,"is_translator":false},"geo":null,"in_reply_to_user_id_str":"5402612","lang":"und","created_at":"Mon Dec 15 03:20:01 +0000 2014","in_reply_to_status_id_str":"544316814856306688","place":null},
{"contributors":null,"truncated":false,"text":"@BBCBreaking I so hope my cousin is in this picture and not the cafe!!","in_reply_to_status_id":544316814856306688,"id":544393601208578048,"favorite_count":0,"source":"<a href=\"http://twitter.com/download/iphone\" rel=\"nofollow\">Twitter for iPhone</a>","retweeted":false,"coordinates":null,"entities":{"symbols":[],"user_mentions":[{"id":5402612,"indices":[0,12],"id_str":"5402612","screen_name":"BBCBreaking","name":"BBC Breaking News"}],"hashtags":[],"urls":[]},"in_reply_to_screen_name":"BBCBreaking","id_str":"544393601208578048","retweet_count":0,"in_reply_to_user_id":5402612,"favorited":false,"user":{"follow_request_sent":false,"profile_use_background_image":true,"profile_text_color":"333333","default_profile_image":false,"id":1205878502,"profile_background_image_url_https":"https://abs.twimg.com/images/themes/theme1/bg.png","verified":false,"profile_location":null,"profile_image_url_https":"https://pbs.twimg.com/profile_images/590226533274517504/HsG6Eduj_normal.jpg","profile_sidebar_fill_color":"DDEEF6","entities":{"description":{"urls":[]}},"followers_count":55,"profile_sidebar_border_color":"C0DEED","id_str":"1205878502","profile_background_color":"C0DEED","listed_count":0,"is_translation_enabled":false,"utc_offset":null,"statuses_count":848,"description":"I Know What I Want Out Of Life Just Not How To Get It! X","friends_count":172,"location":"","profile_link_color":"0084B4","profile_image_url":"http://pbs.twimg.com/profile_images/590226533274517504/HsG6Eduj_normal.jpg","following":false,"geo_enabled":false,"profile_banner_url":"https://pbs.twimg.com/profile_banners/1205878502/1379443667","profile_background_image_url":"http://abs.twimg.com/images/themes/theme1/bg.png","name":"Chrissie x","lang":"en","profile_background_tile":false,"favourites_count":164,"screen_name":"chrissiemcgook","notifications":false,"url":null,"created_at":"Thu Feb 21 20:01:37 +0000 2013","contributors_enabled":false,"time_zone":null,"protected":false,"default_profile":true,"is_translator":false},"geo":null,"in_reply_to_user_id_str":"5402612","lang":"en","created_at":"Mon Dec 15 07:28:43 +0000 2014","in_reply_to_status_id_str":"544316814856306688","place":null},
{"contributors":null,"truncated":false,"text":"@BBCBreaking @MarissaAnita Opera House","in_reply_to_status_id":544316814856306688,"id":544400045726904320,"favorite_count":0,"source":"<a href=\"http://twitter.com\" rel=\"nofollow\">Twitter Web Client</a>","retweeted":false,"coordinates":null,"entities":{"symbols":[],"user_mentions":[{"id":5402612,"indices":[0,12],"id_str":"5402612","screen_name":"BBCBreaking","name":"BBC Breaking News"},{"id":33900336,"indices":[13,26],"id_str":"33900336","screen_name":"MarissaAnita","name":"Marissa Anita"}],"hashtags":[],"urls":[]},"in_reply_to_screen_name":"BBCBreaking","id_str":"544400045726904320","retweet_count":0,"in_reply_to_user_id":5402612,"favorited":false,"user":{"follow_request_sent":false,"profile_use_background_image":true,"profile_text_color":"333333","default_profile_image":true,"id":390678047,"profile_background_image_url_https":"https://abs.twimg.com/images/themes/theme1/bg.png","verified":false,"profile_location":null,"profile_image_url_https":"https://abs.twimg.com/sticky/default_profile_images/default_profile_4_normal.png","profile_sidebar_fill_color":"DDEEF6","entities":{"description":{"urls":[]}},"followers_count":8,"profile_sidebar_border_color":"C0DEED","id_str":"390678047","profile_background_color":"C0DEED","listed_count":1,"is_translation_enabled":false,"utc_offset":null,"statuses_count":1719,"description":"I am is Professor of Physic,I am is Jew from Levi culturale.","friends_count":58,"location":"","profile_link_color":"0084B4","profile_image_url":"http://abs.twimg.com/sticky/default_profile_images/default_profile_4_normal.png","following":false,"geo_enabled":false,"profile_banner_url":"https://pbs.twimg.com/profile_banners/390678047/1406429096","profile_background_image_url":"http://abs.twimg.com/images/themes/theme1/bg.png","name":"Teguh Budi Waluyo","lang":"en","profile_background_tile":false,"favourites_count":5,"screen_name":"queryjackquess","notifications":false,"url":null,"created_at":"Fri Oct 14 10:53:08 +0000 2011","contributors_enabled":false,"time_zone":null,"protected":false,"default_profile":true,"is_translator":false},"geo":null,"in_reply_to_user_id_str":"5402612","lang":"en","created_at":"Mon Dec 15 07:54:20 +0000 2014","in_reply_to_status_id_str":"544316814856306688","place":null},
{"contributors":null,"truncated":false,"text":"@BBCBreaking I wonder what Rolf Harris thinks.","in_reply_to_status_id":544316814856306688,"id":544441172538974208,"favorite_count":0,"source":"<a href=\"http://twitter.com\" rel=\"nofollow\">Twitter Web Client</a>","retweeted":false,"coordinates":null,"entities":{"symbols":[],"user_mentions":[{"id":5402612,"indices":[0,12],"id_str":"5402612","screen_name":"BBCBreaking","name":"BBC Breaking News"}],"hashtags":[],"urls":[]},"in_reply_to_screen_name":"BBCBreaking","id_str":"544441172538974208","retweet_count":0,"in_reply_to_user_id":5402612,"favorited":false,"user":{"follow_request_sent":false,"profile_use_background_image":true,"profile_text_color":"333333","default_profile_image":true,"id":1963156207,"profile_background_image_url_https":"https://abs.twimg.com/images/themes/theme1/bg.png","verified":false,"profile_location":null,"profile_image_url_https":"https://abs.twimg.com/sticky/default_profile_images/default_profile_5_normal.png","profile_sidebar_fill_color":"DDEEF6","entities":{"description":{"urls":[]}},"followers_count":0,"profile_sidebar_border_color":"C0DEED","id_str":"1963156207","profile_background_color":"C0DEED","listed_count":0,"is_translation_enabled":false,"utc_offset":null,"statuses_count":99,"description":"","friends_count":15,"location":"","profile_link_color":"0084B4","profile_image_url":"http://abs.twimg.com/sticky/default_profile_images/default_profile_5_normal.png","following":false,"geo_enabled":true,"profile_background_image_url":"http://abs.twimg.com/images/themes/theme1/bg.png","name":"clive ","lang":"en","profile_background_tile":false,"favourites_count":3,"screen_name":"cliveric1","notifications":false,"url":null,"created_at":"Tue Oct 15 18:05:37 +0000 2013","contributors_enabled":false,"time_zone":null,"protected":false,"default_profile":true,"is_translator":false},"geo":null,"in_reply_to_user_id_str":"5402612","lang":"en","created_at":"Mon Dec 15 10:37:45 +0000 2014","in_reply_to_status_id_str":"544316814856306688","place":{"full_name":"South East, England","url":"https://api.twitter.com/1.1/geo/id/06168d1feda43857.json","country":"United Kingdom","place_type":"admin","bounding_box":{"type":"Polygon","coordinates":[[[-1.95729593780907,50.5746064789388],[1.45178800018019,50.5746064789388],[1.45178800018019,52.1962850088601],[-1.95729593780907,52.1962850088601]]]},"contained_within":[],"country_code":"GB","attributes":{},"id":"06168d1feda43857","name":"South East"}},
{"contributors":null,"truncated":false,"text":"@BBCBreaking","in_reply_to_status_id":544316814856306688,"id":544511357681664000,"favorite_count":0,"source":"<a href=\"http://twitter.com/download/iphone\" rel=\"nofollow\">Twitter for iPhone</a>","retweeted":false,"coordinates":null,"entities":{"symbols":[],"user_mentions":[{"id":5402612,"indices":[0,12],"id_str":"5402612","screen_name":"BBCBreaking","name":"BBC Breaking News"}],"hashtags":[],"urls":[]},"in_reply_to_screen_name":"BBCBreaking","id_str":"544511357681664000","retweet_count":0,"in_reply_to_user_id":5402612,"favorited":false,"user":{"follow_request_sent":false,"profile_use_background_image":true,"profile_text_color":"362720","default_profile_image":true,"id":69082293,"profile_background_image_url_https":"https://abs.twimg.com/images/themes/theme11/bg.gif","verified":false,"profile_location":null,"profile_image_url_https":"https://abs.twimg.com/sticky/default_profile_images/default_profile_0_normal.png","profile_sidebar_fill_color":"E5507E","entities":{"description":{"urls":[]}},"followers_count":5,"profile_sidebar_border_color":"CC3366","id_str":"69082293","profile_background_color":"FF6699","listed_count":0,"is_translation_enabled":false,"utc_offset":-21600,"statuses_count":22,"description":"","friends_count":120,"location":"","profile_link_color":"B40B43","profile_image_url":"http://abs.twimg.com/sticky/default_profile_images/default_profile_0_normal.png","following":false,"geo_enabled":false,"profile_background_image_url":"http://abs.twimg.com/images/themes/theme11/bg.gif","name":"Janice Jones","lang":"en","profile_background_tile":true,"favourites_count":19,"screen_name":"Janicehc","notifications":false,"url":null,"created_at":"Wed Aug 26 20:13:52 +0000 2009","contributors_enabled":false,"time_zone":"Central Time (US & Canada)","protected":false,"default_profile":false,"is_translator":false},"geo":null,"in_reply_to_user_id_str":"5402612","lang":"und","created_at":"Mon Dec 15 15:16:38 +0000 2014","in_reply_to_status_id_str":"544316814856306688","place":null}
]