[{"contributors":null,"truncated":false,"text":"@missc_73 Thank you","in_reply_to_status_id":544317139323473920,"id":544317896260734976,"favorite_count":1,"source":"<a href=\"https://mobile.twitter.com\" rel=\"nofollow\">Mobile Web (M5)</a>","retweeted":false,"coordinates":null,"entities":{"symbols":[],"user_mentions":[{"id":79238144,"indices":[0,9],"id_str":"79238144","screen_name":"missc_73","name":"Mellissa"}],"hashtags":[],"urls":[]},"in_reply_to_screen_name":"missc_73","id_str":"544317896260734976","retweet_count":0,"in_reply_to_user_id":79238144,"favorited":false,"user":{"follow_request_sent":false,"profile_use_background_image":true,"profile_text_color":"634047","default_profile_image":false,"id":277368916,"profile_background_image_url_https":"https://pbs.twimg.com/profile_background_images/531684096909385728/2JmBWG32.jpeg","verified":false,"profile_location":null,"profile_image_url_https":"https://pbs.twimg.com/profile_images/584087356082225152/LCkeE9gU_normal.jpg","profile_sidebar_fill_color":"E3E2DE","entities":{"url":{"urls":[{"url":"http://t.co/Vue7tFVBjd","indices":[0,22],"expanded_url":"http://www.vidgen8or.com","display_url":"vidgen8or.com"}]},"description":{"urls":[]}},"followers_count":653,"profile_sidebar_border_color":"FFFFFF","id_str":"277368916","profile_background_color":"EDECE9","listed_count":22,"is_translation_enabled":false,"utc_offset":37800,"statuses_count":97113,"description":"Writer, poet, lyricist, smart-ass","friends_count":596,"location":"Australia","profile_link_color":"088253","profile_image_url":"http://pbs.twimg.com/profile_images/584087356082225152/LCkeE9gU_normal.jpg","following":false,"geo_enabled":false,"profile_banner_url":"https://pbs.twimg.com/profile_banners/277368916/1418469191","profile_background_image_url":"http://pbs.twimg.com/profile_background_images/531684096909385728/2JmBWG32.jpeg","name":"lez","lang":"en","profile_background_tile":true,"favourites_count":8770,"screen_name":"saycheezpleez","notifications":false,"url":"http://t.co/Vue7tFVBjd","created_at":"Tue Apr 05 06:49:04 +0000 2011","contributors_enabled":false,"time_zone":"Adelaide","protected":false,"default_profile":false,"is_translator":false},"geo":null,"in_reply_to_user_id_str":"79238144","lang":"en","created_at":"Mon Dec 15 02:27:54 +0000 2014","in_reply_to_status_id_str":"544317139323473920","place":null},
{"contributors":null,"truncated":false,"text":"@saycheezpleez yw","in_reply_to_status_id":544317896260734976,"id":544318414710661120,"favorite_count":0,"source":"<a href=\"http://twitter.com\" rel=\"nofollow\">Twitter Web Client</a>","retweeted":false,"coordinates":null,"entities":{"symbols":[],"user_mentions":[{"id":277368916,"indices":[0,14],"id_str":"277368916","screen_name":"saycheezpleez","name":"lez"}],"hashtags":[],"urls":[]},"in_reply_to_screen_name":"saycheezpleez","id_str":"544318414710661120","retweet_count":0,"in_reply_to_user_id":277368916,"favorited":false,"user":{"follow_request_sent":false,"profile_use_background_image":true,"profile_text_color":"0C155E","default_profile_image":false,"id":79238144,"profile_background_image_url_https":"https://pbs.twimg.com/profile_background_images/434899376805117953/aDAw2ncb.jpeg","verified":false,"profile_location":null,"profile_image_url_https":"https://pbs.twimg.com/profile_images/525060556189745152/zFFvu1dX_normal.jpeg","profile_sidebar_fill_color":"D4E0F2","entities":{"description":{"urls":[]}},"followers_count":193,"profile_sidebar_border_color":"FFFFFF","id_str":"79238144","profile_background_color":"ABB8C2","listed_count":2,"is_translation_enabled":false,"utc_offset":-21600,"statuses_count":4824,"description":"Live Well *** Laugh Often *** Love Much","friends_count":134,"location":"Ontario, Canada","profile_link_color":"4099E6","profile_image_url":"http://pbs.twimg.com/profile_images/525060556189745152/zFFvu1dX_normal.jpeg","following":false,"geo_enabled":false,"profile_banner_url":"https://pbs.twimg.com/profile_banners/79238144/1416803464","profile_background_image_url":"http://pbs.twimg.com/profile_background_images/434899376805117953/aDAw2ncb.jpeg","name":"Mellissa","lang":"en","profile_background_tile":true,"favourites_count":3189,"screen_name":"missc_73","notifications":false,"url":null,"created_at":"Fri Oct 02 17:36:27 +0000 2009","contributors_enabled":false,"time_zone":"Central Time (US & Canada)","protected":false,"default_profile":false,"is_translator":false},"geo":null,"in_reply_to_user_id_str":"277368916","lang":"und","created_at":"Mon Dec 15 02:29:57 +0000 2014","in_reply_to_status_id_str":"544317896260734976","place":null},
{"contributors":null,"truncated":false,"text":"“@missc_73: #AustraliaStrong #sydneysiege Canadians praying for a fast and peaceful outcome http://t.co/2jbZMTCrqG” @LaureM28502649","in_reply_to_status_id":544317139323473920,"id":544318538240901122,"favorite_count":2,"source":"<a href=\"http://twitter.com/#!/download/ipad\" rel=\"nofollow\">Twitter for iPad</a>","retweeted":false,"coordinates":null,"entities":{"symbols":[],"user_mentions":[{"id":79238144,"indices":[1,10],"id_str":"79238144","screen_name":"missc_73","name":"Mellissa"},{"id":795336133,"indices":[116,131],"id_str":"795336133","screen_name":"LaureM28502649","name":"Laure-Vaimiti M."}],"hashtags":[{"indices":[12,28],"text":"AustraliaStrong"},{"indices":[29,41],"text":"sydneysiege"}],"urls":[],"media":[{"source_user_id":79238144,"source_status_id_str":"544317139323473920","expanded_url":"http://twitter.com/missc_73/status/544317139323473920/photo/1","display_url":"pic.twitter.com/2jbZMTCrqG","url":"http://t.co/2jbZMTCrqG","media_url_https":"https://pbs.twimg.com/media/B43NjZxIQAA88zT.jpg","source_user_id_str":"79238144","source_status_id":544317139323473920,"id_str":"544317138077761536","sizes":{"large":{"h":481,"resize":"fit","w":998},"small":{"h":163,"resize":"fit","w":340},"medium":{"h":289,"resize":"fit","w":600},"thumb":{"h":150,"resize":"crop","w":150}},"indices":[92,114],"type":"photo","id":544317138077761536,"media_url":"http://pbs.twimg.com/media/B43NjZxIQAA88zT.jpg"}]},"in_reply_to_screen_name":"missc_73","id_str":"544318538240901122","retweet_count":1,"in_reply_to_user_id":79238144,"favorited":false,"user":{"follow_request_sent":false,"profile_use_background_image":true,"profile_text_color":"333333","default_profile_image":false,"id":2371126004,"profile_background_image_url_https":"https://abs.twimg.com/images/themes/theme1/bg.png","verified":false,"profile_location":null,"profile_image_url_https":"https://pbs.twimg.com/profile_images/473303873260486657/3-tN8VvA_normal.jpeg","profile_sidebar_fill_color":"DDEEF6","entities":{"description":{"urls":[]}},"followers_count":63,"profile_sidebar_border_color":"C0DEED","id_str":"2371126004","profile_background_color":"C0DEED","listed_count":2,"is_translation_enabled":false,"utc_offset":null,"statuses_count":3043,"description":"South Pacific islander","friends_count":134,"location":"","profile_link_color":"0084B4","profile_image_url":"http://pbs.twimg.com/profile_images/473303873260486657/3-tN8VvA_normal.jpeg","following":false,"geo_enabled":false,"profile_banner_url":"https://pbs.twimg.com/profile_banners/2371126004/1401680797","profile_background_image_url":"http://abs.twimg.com/images/themes/theme1/bg.png","name":"C danie","lang":"fr","profile_background_tile":false,"favourites_count":30,"screen_name":"CdanielaDaniela","notifications":false,"url":null,"created_at":"Tue Mar 04 00:26:25 +0000 2014","contributors_enabled":false,"time_zone":null,"protected":false,"default_profile":true,"is_translator":false},"geo":null,"in_reply_to_user_id_str":"79238144","possibly_sensitive":false,"lang":"en","created_at":"Mon Dec 15 02:30:27 +0000 2014","in_reply_to_status_id_str":"544317139323473920","place":null,"extended_entities":{"media":[{"source_user_id":79238144,"source_status_id_str":"544317139323473920","expanded_url":"http://twitter.com/missc_73/status/544317139323473920/photo/1","display_url":"pic.twitter.com/2jbZMTCrqG","url":"http://t.co/2jbZMTCrqG","media_url_https":"https://pbs.twimg.com/media/B43NjZxIQAA88zT.jpg","source_user_id_str":"79238144","source_status_id":544317139323473920,"id_str":"544317138077761536","sizes":{"large":{"h":481,"resize":"fit","w":998},"small":{"h":163,"resize":"fit","w":340},"medium":{"h":289,"resize":"fit","w":600},"thumb":{"h":150,"resize":"crop","w":150}},"indices":[92,114],"type":"photo","id":544317138077761536,"media_url":"http://pbs.twimg.com/media/B43NjZxIQAA88zT.jpg"}]}},
{"contributors":null,"truncated":false,"text":"@missc_73 &lt;3","in_reply_to_status_id":544317139323473920,"id":544318576123854848,"favorite_count":1,"source":"<a href=\"http://twitter.com\" rel=\"nofollow\">Twitter Web Client</a>","retweeted":false,"coordinates":null,"entities":{"symbols":[],"user_mentions":[{"id":79238144,"indices":[0,9],"id_str":"79238144","screen_name":"missc_73","name":"Mellissa"}],"hashtags":[],"urls":[]},"in_reply_to_screen_name":"missc_73","id_str":"544318576123854848","retweet_count":0,"in_reply_to_user_id":79238144,"favorited":false,"user":{"follow_request_sent":false,"profile_use_background_image":true,"profile_text_color":"333333","default_profile_image":false,"id":235911907,"profile_background_image_url_https":"https://abs.twimg.com/images/themes/theme15/bg.png","verified":false,"profile_location":null,"profile_image_url_https":"https://pbs.twimg.com/profile_images/583801896365731840/RKVmWgnQ_normal.png","profile_sidebar_fill_color":"C0DFEC","entities":{"url":{"urls":[{"url":"http://t.co/rK5Hs2YqVI","indices":[0,22],"expanded_url":"http://invisibleelvis.tumblr.com","display_url":"invisibleelvis.tumblr.com"}]},"description":{"urls":[]}},"followers_count":263,"profile_sidebar_border_color":"A8C7F7","id_str":"235911907","profile_background_color":"022330","listed_count":8,"is_translation_enabled":false,"utc_offset":39600,"statuses_count":1668,"description":"Hobbyist Programmer and Photographer | Big loveable Husky. ❤","friends_count":342,"location":"Sydney","profile_link_color":"0084B4","profile_image_url":"http://pbs.twimg.com/profile_images/583801896365731840/RKVmWgnQ_normal.png","following":false,"geo_enabled":true,"profile_banner_url":"https://pbs.twimg.com/profile_banners/235911907/1417947726","profile_background_image_url":"http://abs.twimg.com/images/themes/theme15/bg.png","name":"Husky Thing","lang":"en","profile_background_tile":false,"favourites_count":1559,"screen_name":"Electro_Husky","notifications":false,"url":"http://t.co/rK5Hs2YqVI","created_at":"Sun Jan 09 10:50:00 +0000 2011","contributors_enabled":false,"time_zone":"Sydney","protected":false,"default_profile":false,"is_translator":false},"geo":null,"in_reply_to_user_id_str":"79238144","lang":"und","created_at":"Mon Dec 15 02:30:36 +0000 2014","in_reply_to_status_id_str":"544317139323473920","place":null},
{"contributors":null,"truncated":false,"text":"@missc_73 cheers.","in_reply_to_status_id":544317139323473920,"id":544318998087614465,"favorite_count":1,"source":"<a href=\"http://twitter.com/download/iphone\" rel=\"nofollow\">Twitter for iPhone</a>","retweeted":false,"coordinates":null,"entities":{"symbols":[],"user_mentions":[{"id":79238144,"indices":[0,9],"id_str":"79238144","screen_name":"missc_73","name":"Mellissa"}],"hashtags":[],"urls":[]},"in_reply_to_screen_name":"missc_73","id_str":"544318998087614465","retweet_count":0,"in_reply_to_user_id":79238144,"favorited":false,"user":{"follow_request_sent":false,"profile_use_background_image":true,"profile_text_color":"333333","default_profile_image":false,"id":73875747,"profile_background_image_url_https":"https://abs.twimg.com/images/themes/theme1/bg.png","verified":false,"profile_location":null,"profile_image_url_https":"https://pbs.twimg.com/profile_images/582153791199322112/oZhcfYuM_normal.jpg","profile_sidebar_fill_color":"DDEEF6","entities":{"description":{"urls":[]}},"followers_count":333,"profile_sidebar_border_color":"C0DEED","id_str":"73875747","profile_background_color":"C0DEED","listed_count":4,"is_translation_enabled":false,"utc_offset":39600,"statuses_count":3028,"description":"sports - pubs - cars - shielas - camping - fishing- wanderersssss- panthers- Songwriter - corrective services NSWDCS -","friends_count":555,"location":"Sydney Straya. ","profile_link_color":"0084B4","profile_image_url":"http://pbs.twimg.com/profile_images/582153791199322112/oZhcfYuM_normal.jpg","following":false,"geo_enabled":true,"profile_banner_url":"https://pbs.twimg.com/profile_banners/73875747/1381299089","profile_background_image_url":"http://abs.twimg.com/images/themes/theme1/bg.png","name":"Antony Mott","lang":"en","profile_background_tile":false,"favourites_count":16,"screen_name":"am2685","notifications":false,"url":null,"created_at":"Sun Sep 13 12:44:25 +0000 2009","contributors_enabled":false,"time_zone":"Sydney","protected":false,"default_profile":true,"is_translator":false},"geo":null,"in_reply_to_user_id_str":"79238144","lang":"en","created_at":"Mon Dec 15 02:32:16 +0000 2014","in_reply_to_status_id_str":"544317139323473920","place":null},
{"contributors":null,"truncated":false,"text":"@missc_73 Thanks","in_reply_to_status_id":544317139323473920,"id":544319541505839105,"favorite_count":1,"source":"<a href=\"http://twitter.com/download/iphone\" rel=\"nofollow\">Twitter for iPhone</a>","retweeted":false,"coordinates":null,"entities":{"symbols":[],"user_mentions":[{"id":79238144,"indices":[0,9],"id_str":"79238144","screen_name":"missc_73","name":"Mellissa"}],"hashtags":[],"urls":[]},"in_reply_to_screen_name":"missc_73","id_str":"544319541505839105","retweet_count":0,"in_reply_to_user_id":79238144,"favorited":false,"user":{"follow_request_sent":false,"profile_use_background_image":true,"profile_text_color":"333333","default_profile_image":false,"id":2347705387,"profile_background_image_url_https":"https://pbs.twimg.com/profile_background_images/543269139779837952/PBcrGVC7.png","verified":false,"profile_location":null,"profile_image_url_https":"https://pbs.twimg.com/profile_images/584665124608303104/OR6RryuB_normal.jpg","profile_sidebar_fill_color":"DDEEF6","entities":{"description":{"urls":[]}},"followers_count":3342,"profile_sidebar_border_color":"FFFFFF","id_str":"2347705387","profile_background_color":"FF6699","listed_count":12,"is_translation_enabled":false,"utc_offset":28800,"statuses_count":13302,"description":"I'm April ❤️Wife❤️Mummy ❤️Simmer❤Playing Sims 3 and Sims 2 #FollowBack❤️ ❤#teamfollowback❤️ #RealTeamFollowBack❤️ I allways follow back ❤️","friends_count":3358,"location":"Perth, Western Australia","profile_link_color":"F243AF","profile_image_url":"http://pbs.twimg.com/profile_images/584665124608303104/OR6RryuB_normal.jpg","following":false,"geo_enabled":true,"profile_banner_url":"https://pbs.twimg.com/profile_banners/2347705387/1417618176","profile_background_image_url":"http://pbs.twimg.com/profile_background_images/543269139779837952/PBcrGVC7.png","name":"A͙p͙r͙i͙l͙ ♡☆♡☆","lang":"en","profile_background_tile":true,"favourites_count":12419,"screen_name":"April23sparkles","notifications":false,"url":null,"created_at":"Mon Feb 17 01:23:51 +0000 2014","contributors_enabled":false,"time_zone":"Perth","protected":false,"default_profile":false,"is_translator":false},"geo":null,"in_reply_to_user_id_str":"79238144","lang":"en","created_at":"Mon Dec 15 02:34:26 +0000 2014","in_reply_to_status_id_str":"544317139323473920","place":null},
{"contributors":null,"truncated":false,"text":"@missc_73 thank you.","in_reply_to_status_id":544317139323473920,"id":544319663753011201,"favorite_count":1,"source":"<a href=\"http://twitter.com\" rel=\"nofollow\">Twitter Web Client</a>","retweeted":false,"coordinates":null,"entities":{"symbols":[],"user_mentions":[{"id":79238144,"indices":[0,9],"id_str":"79238144","screen_name":"missc_73","name":"Mellissa"}],"hashtags":[],"urls":[]},"in_reply_to_screen_name":"missc_73","id_str":"544319663753011201","retweet_count":0,"in_reply_to_user_id":79238144,"favorited":false,"user":{"follow_request_sent":false,"profile_use_background_image":true,"profile_text_color":"333333","default_profile_image":false,"id":267989050,"profile_background_image_url_https":"https://pbs.twimg.com/profile_background_images/392526580/Mum_htc_smartphone_nov11_003.jpg","verified":false,"profile_location":null,"profile_image_url_https":"https://pbs.twimg.com/profile_images/544568022862540800/SCEFOP9j_normal.jpeg","profile_sidebar_fill_color":"DDEEF6","entities":{"url":{"urls":[{"url":"https://t.co/0WoOLCdrKO","indices":[0,23],"expanded_url":"https://www.facebook.com/AjaxandStamp","display_url":"facebook.com/AjaxandStamp"}]},"description":{"urls":[]}},"followers_count":761,"profile_sidebar_border_color":"C0DEED","id_str":"267989050","profile_background_color":"C0DEED","listed_count":9,"is_translation_enabled":false,"utc_offset":37800,"statuses_count":26644,"description":"Looking for my two lost dogs, Ajax & Stamp in Adelaide. SA, Australia. Missing since 19 July 2011. I admire Julia Gillard. (& RTs do not = endorsement.)","friends_count":1196,"location":"Adelaide SA Australia","profile_link_color":"9266CC","profile_image_url":"http://pbs.twimg.com/profile_images/544568022862540800/SCEFOP9j_normal.jpeg","following":false,"geo_enabled":true,"profile_banner_url":"https://pbs.twimg.com/profile_banners/267989050/1353390467","profile_background_image_url":"http://pbs.twimg.com/profile_background_images/392526580/Mum_htc_smartphone_nov11_003.jpg","name":"RideWithYou PuffyTMD","lang":"en","profile_background_tile":false,"favourites_count":183,"screen_name":"PuffyTMD","notifications":false,"url":"https://t.co/0WoOLCdrKO","created_at":"Thu Mar 17 23:18:40 +0000 2011","contributors_enabled":false,"time_zone":"Adelaide","protected":false,"default_profile":false,"is_translator":false},"geo":null,"in_reply_to_user_id_str":"79238144","lang":"en","created_at":"Mon Dec 15 02:34:55 +0000 2014","in_reply_to_status_id_str":"544317139323473920","place":{"full_name":"Adelaide, South Australia","url":"https://api.twitter.com/1.1/geo/id/01e8a1a140ccdc5c.json","country":"Australia","place_type":"city","bounding_box":{"type":"Polygon","coordinates":[[[138.44212992,-35.348970061],[138.780189824,-35.348970061],[138.780189824,-34.652564053],[138.44212992,-34.652564053]]]},"contained_within":[],"country_code":"AU","attributes":{},"id":"01e8a1a140ccdc5c","name":"Adelaide"}},
{"contributors":null,"truncated":false,"text":"@April23sparkles yw","in_reply_to_status_id":544319541505839105,"id":544320597183201282,"favorite_count":1,"source":"<a href=\"http://twitter.com\" rel=\"nofollow\">Twitter Web Client</a>","retweeted":false,"coordinates":null,"entities":{"symbols":[],"user_mentions":[{"id":2347705387,"indices":[0,16],"id_str":"2347705387","screen_name":"April23sparkles","name":"A͙p͙r͙i͙l͙ ♡☆♡☆"}],"hashtags":[],"urls":[]},"in_reply_to_screen_name":"April23sparkles","id_str":"544320597183201282","retweet_count":0,"in_reply_to_user_id":2347705387,"favorited":false,"user":{"follow_request_sent":false,"profile_use_background_image":true,"profile_text_color":"0C155E","default_profile_image":false,"id":79238144,"profile_background_image_url_https":"https://pbs.twimg.com/profile_background_images/434899376805117953/aDAw2ncb.jpeg","verified":false,"profile_location":null,"profile_image_url_https":"https://pbs.twimg.com/profile_images/525060556189745152/zFFvu1dX_normal.jpeg","profile_sidebar_fill_color":"D4E0F2","entities":{"description":{"urls":[]}},"followers_count":193,"profile_sidebar_border_color":"FFFFFF","id_str":"79238144","profile_background_color":"ABB8C2","listed_count":2,"is_translation_enabled":false,"utc_offset":-21600,"statuses_count":4824,"description":"Live Well *** Laugh Often *** Love Much","friends_count":134,"location":"Ontario, Canada","profile_link_color":"4099E6","profile_image_url":"http://pbs.twimg.com/profile_images/525060556189745152/zFFvu1dX_normal.jpeg","following":false,"geo_enabled":false,"profile_banner_url":"https://pbs.twimg.com/profile_banners/79238144/1416803464","profile_background_image_url":"http://pbs.twimg.com/profile_background_images/434899376805117953/aDAw2ncb.jpeg","name":"Mellissa","lang":"en","profile_background_tile":true,"favourites_count":3189,"screen_name":"missc_73","notifications":false,"url":null,"created_at":"Fri Oct 02 17:36:27 +0000 2009","contributors_enabled":false,"time_zone":"Central Time (US & Canada)","protected":false,"default_profile":false,"is_translator":false},"geo":null,"in_reply_to_user_id_str":"2347705387","lang":"und","created_at":"Mon Dec 15 02:38:38 +0000 2014","in_reply_to_status_id_str":"544319541505839105","place":null},
{"contributors":null,"truncated":false,"text":"@am2685 yw","in_reply_to_status_id":544318998087614465,"id":544320667848810497,"favorite_count":0,"source":"<a href=\"http://twitter.com\" rel=\"nofollow\">Twitter Web Client</a>","retweeted":false,"coordinates":null,"entities":{"symbols":[],"user_mentions":[{"id":73875747,"indices":[0,7],"id_str":"73875747","screen_name":"am2685","name":"Antony Mott"}],"hashtags":[],"urls":[]},"in_reply_to_screen_name":"am2685","id_str":"544320667848810497","retweet_count":0,"in_reply_to_user_id":73875747,"favorited":false,"user":{"follow_request_sent":false,"profile_use_background_image":true,"profile_text_color":"0C155E","default_profile_image":false,"id":79238144,"profile_background_image_url_https":"https://pbs.twimg.com/profile_background_images/434899376805117953/aDAw2ncb.jpeg","verified":false,"profile_location":null,"profile_image_url_https":"https://pbs.twimg.com/profile_images/525060556189745152/zFFvu1dX_normal.jpeg","profile_sidebar_fill_color":"D4E0F2","entities":{"description":{"urls":[]}},"followers_count":193,"profile_sidebar_border_color":"FFFFFF","id_str":"79238144","profile_background_color":"ABB8C2","listed_count":2,"is_translation_enabled":false,"utc_offset":-21600,"statuses_count":4824,"description":"Live Well *** Laugh Often *** Love Much","friends_count":134,"location":"Ontario, Canada","profile_link_color":"4099E6","profile_image_url":"http://pbs.twimg.com/profile_images/525060556189745152/zFFvu1dX_normal.jpeg","following":false,"geo_enabled":false,"profile_banner_url":"https://pbs.twimg.com/profile_banners/79238144/1416803464","profile_background_image_url":"http://pbs.twimg.com/profile_background_images/434899376805117953/aDAw2ncb.jpeg","name":"Mellissa","lang":"en","profile_background_tile":true,"favourites_count":3189,"screen_name":"missc_73","notifications":false,"url":null,"created_at":"Fri Oct 02 17:36:27 +0000 2009","contributors_enabled":false,"time_zone":"Central Time (US & Canada)","protected":false,"default_profile":false,"is_translator":false},"geo":null,"in_reply_to_user_id_str":"73875747","lang":"und","created_at":"Mon Dec 15 02:38:54 +0000 2014","in_reply_to_status_id_str":"544318998087614465","place":null},
{"contributors":null,"truncated":false,"text":"@Electro_Husky yw","in_reply_to_status_id":544318576123854848,"id":544320732852146176,"favorite_count":0,"source":"<a href=\"http://twitter.com\" rel=\"nofollow\">Twitter Web Client</a>","retweeted":false,"coordinates":null,"entities":{"symbols":[],"user_mentions":[{"id":235911907,"indices":[0,14],"id_str":"235911907","screen_name":"Electro_Husky","name":"Husky Thing"}],"hashtags":[],"urls":[]},"in_reply_to_screen_name":"Electro_Husky","id_str":"544320732852146176","retweet_count":0,"in_reply_to_user_id":235911907,"favorited":false,"user":{"follow_request_sent":false,"profile_use_background_image":true,"profile_text_color":"0C155E","default_profile_image":false,"id":79238144,"profile_background_image_url_https":"https://pbs.twimg.com/profile_background_images/434899376805117953/aDAw2ncb.jpeg","verified":false,"profile_location":null,"profile_image_url_https":"https://pbs.twimg.com/profile_images/525060556189745152/zFFvu1dX_normal.jpeg","profile_sidebar_fill_color":"D4E0F2","entities":{"description":{"urls":[]}},"followers_count":193,"profile_sidebar_border_color":"FFFFFF","id_str":"79238144","profile_background_color":"ABB8C2","listed_count":2,"is_translation_enabled":false,"utc_offset":-21600,"statuses_count":4824,"description":"Live Well *** Laugh Often *** Love Much","friends_count":134,"location":"Ontario, Canada","profile_link_color":"4099E6","profile_image_url":"http://pbs.twimg.com/profile_images/525060556189745152/zFFvu1dX_normal.jpeg","following":false,"geo_enabled":false,"profile_banner_url":"https://pbs.twimg.com/profile_banners/79238144/1416803464","profile_background_image_url":"http://pbs.twimg.com/profile_background_images/434899376805117953/aDAw2ncb.jpeg","name":"Mellissa","lang":"en","profile_background_tile":true,"favourites_count":3189,"screen_name":"missc_73","notifications":false,"url":null,"created_at":"Fri Oct 02 17:36:27 +0000 2009","contributors_enabled":false,"time_zone":"Central Time (US & Canada)","protected":false,"default_profile":false,"is_translator":false},"geo":null,"in_reply_to_user_id_str":"235911907","lang":"und","created_at":"Mon Dec 15 02:39:10 +0000 2014","in_reply_to_status_id_str":"544318576123854848","place":null},
{"contributors":null,"truncated":false,"text":"@PuffyTMD yw","in_reply_to_status_id":544319663753011201,"id":544320835314790400,"favorite_count":0,"source":"<a href=\"http://twitter.com\" rel=\"nofollow\">Twitter Web Client</a>","retweeted":false,"coordinates":null,"entities":{"symbols":[],"user_mentions":[{"id":267989050,"indices":[0,9],"id_str":"267989050","screen_name":"PuffyTMD","name":"RideWithYou PuffyTMD"}],"hashtags":[],"urls":[]},"in_reply_to_screen_name":"PuffyTMD","id_str":"544320835314790400","retweet_count":0,"in_reply_to_user_id":267989050,"favorited":false,"user":{"follow_request_sent":false,"profile_use_background_image":true,"profile_text_color":"0C155E","default_profile_image":false,"id":79238144,"profile_background_image_url_https":"https://pbs.twimg.com/profile_background_images/434899376805117953/aDAw2ncb.jpeg","verified":false,"profile_location":null,"profile_image_url_https":"https://pbs.twimg.com/profile_images/525060556189745152/zFFvu1dX_normal.jpeg","profile_sidebar_fill_color":"D4E0F2","entities":{"description":{"urls":[]}},"followers_count":193,"profile_sidebar_border_color":"FFFFFF","id_str":"79238144","profile_background_color":"ABB8C2","listed_count":2,"is_translation_enabled":false,"utc_offset":-21600,"statuses_count":4824,"description":"Live Well *** Laugh Often *** Love Much","friends_count":134,"location":"Ontario, Canada","profile_link_color":"4099E6","profile_image_url":"http://pbs.twimg.com/profile_images/525060556189745152/zFFvu1dX_normal.jpeg","following":false,"geo_enabled":false,"profile_banner_url":"https://pbs.twimg.com/profile_banners/79238144/1416803464","profile_background_image_url":"http://pbs.twimg.com/profile_background_images/434899376805117953/aDAw2ncb.jpeg","name":"Mellissa","lang":"en","profile_background_tile":true,"favourites_count":3189,"screen_name":"missc_73","notifications":false,"url":null,"created_at":"Fri Oct 02 17:36:27 +0000 2009","contributors_enabled":false,"time_zone":"Central Time (US & Canada)","protected":false,"default_profile":false,"is_translator":false},"geo":null,"in_reply_to_user_id_str":"267989050","lang":"und","created_at":"Mon Dec 15 02:39:34 +0000 2014","in_reply_to_status_id_str":"544319663753011201","place":null},
{"contributors":null,"truncated":false,"text":"@missc_73 Thank you Canada","in_reply_to_status_id":544317139323473920,"id":544331358810943488,"favorite_count":1,"source":"<a href=\"http://twitter.com\" rel=\"nofollow\">Twitter Web Client</a>","retweeted":false,"coordinates":null,"entities":{"symbols":[],"user_mentions":[{"id":79238144,"indices":[0,9],"id_str":"79238144","screen_name":"missc_73","name":"Mellissa"}],"hashtags":[],"urls":[]},"in_reply_to_screen_name":"missc_73","id_str":"544331358810943488","retweet_count":0,"in_reply_to_user_id":79238144,"favorited":false,"user":{"follow_request_sent":false,"profile_use_background_image":false,"profile_text_color":"6D09F0","default_profile_image":false,"id":18864841,"profile_background_image_url_https":"https://pbs.twimg.com/profile_background_images/454484700115898368/oTTFLji1.jpeg","verified":false,"profile_location":null,"profile_image_url_https":"https://pbs.twimg.com/profile_images/542547796276944896/GpnhMQ5f_normal.jpeg","profile_sidebar_fill_color":"000000","entities":{"description":{"urls":[]}},"followers_count":305,"profile_sidebar_border_color":"000000","id_str":"18864841","profile_background_color":"080808","listed_count":2,"is_translation_enabled":false,"utc_offset":39600,"statuses_count":14651,"description":"Welcome to the trip, man.","friends_count":370,"location":"Australia","profile_link_color":"20E3BF","profile_image_url":"http://pbs.twimg.com/profile_images/542547796276944896/GpnhMQ5f_normal.jpeg","following":false,"geo_enabled":true,"profile_banner_url":"https://pbs.twimg.com/profile_banners/18864841/1406796892","profile_background_image_url":"http://pbs.twimg.com/profile_background_images/454484700115898368/oTTFLji1.jpeg","name":"324B21","lang":"en","profile_background_tile":true,"favourites_count":1728,"screen_name":"Ashwee_","notifications":false,"url":null,"created_at":"Sun Jan 11 12:03:52 +0000 2009","contributors_enabled":false,"time_zone":"Sydney","protected":false,"default_profile":false,"is_translator":false},"geo":null,"in_reply_to_user_id_str":"79238144","lang":"en","created_at":"Mon Dec 15 03:21:23 +0000 2014","in_reply_to_status_id_str":"544317139323473920","place":null},
{"contributors":null,"truncated":false,"text":"@Ashwee_ yw","in_reply_to_status_id":544331358810943488,"id":544332420175364097,"favorite_count":0,"source":"<a href=\"http://twitter.com\" rel=\"nofollow\">Twitter Web Client</a>","retweeted":false,"coordinates":null,"entities":{"symbols":[],"user_mentions":[{"id":18864841,"indices":[0,8],"id_str":"18864841","screen_name":"Ashwee_","name":"324B21"}],"hashtags":[],"urls":[]},"in_reply_to_screen_name":"Ashwee_","id_str":"544332420175364097","retweet_count":0,"in_reply_to_user_id":18864841,"favorited":false,"user":{"follow_request_sent":false,"profile_use_background_image":true,"profile_text_color":"0C155E","default_profile_image":false,"id":79238144,"profile_background_image_url_https":"https://pbs.twimg.com/profile_background_images/434899376805117953/aDAw2ncb.jpeg","verified":false,"profile_location":null,"profile_image_url_https":"https://pbs.twimg.com/profile_images/525060556189745152/zFFvu1dX_normal.jpeg","profile_sidebar_fill_color":"D4E0F2","entities":{"description":{"urls":[]}},"followers_count":193,"profile_sidebar_border_color":"FFFFFF","id_str":"79238144","profile_background_color":"ABB8C2","listed_count":2,"is_translation_enabled":false,"utc_offset":-21600,"statuses_count":4824,"description":"Live Well *** Laugh Often *** Love Much","friends_count":134,"location":"Ontario, Canada","profile_link_color":"4099E6","profile_image_url":"http://pbs.twimg.com/profile_images/525060556189745152/zFFvu1dX_normal.jpeg","following":false,"geo_enabled":false,"profile_banner_url":"https://pbs.twimg.com/profile_banners/79238144/1416803464","profile_background_image_url":"http://pbs.twimg.com/profile_background_images/434899376805117953/aDAw2ncb.jpeg","name":"Mellissa","lang":"en","profile_background_tile":true,"favourites_count":3189,"screen_name":"missc_73","notifications":false,"url":null,"created_at":"Fri Oct 02 17:36:27 +0000 2009","contributors_enabled":false,"time_zone":"Central Time (US & Canada)","protected":false,"default_profile":false,"is_translator":false},"geo":null,"in_reply_to_user_id_str":"18864841","lang":"und","created_at":"Mon Dec 15 03:25:36 +0000 2014","in_reply_to_status_id_str":"544331358810943488","place":null},
{"contributors":null,"truncated":false,"text":"@missc_73 Thankyou. But were not affraid of this loser ot losers. Take care","in_reply_to_status_id":544317139323473920,"id":544344846433931264,"favorite_count":0,"source":"<a href=\"https://mobile.twitter.com\" rel=\"nofollow\">Mobile Web (M5)</a>","retweeted":false,"coordinates":null,"entities":{"symbols":[],"user_mentions":[{"id":79238144,"indices":[0,9],"id_str":"79238144","screen_name":"missc_73","name":"Mellissa"}],"hashtags":[],"urls":[]},"in_reply_to_screen_name":"missc_73","id_str":"544344846433931264","retweet_count":0,"in_reply_to_user_id":79238144,"favorited":false,"user":{"follow_request_sent":false,"profile_use_background_image":true,"profile_text_color":"333333","default_profile_image":true,"id":2415809562,"profile_background_image_url_https":"https://abs.twimg.com/images/themes/theme1/bg.png","verified":false,"profile_location":null,"profile_image_url_https":"https://abs.twimg.com/sticky/default_profile_images/default_profile_5_normal.png","profile_sidebar_fill_color":"DDEEF6","entities":{"description":{"urls":[]}},"followers_count":10,"profile_sidebar_border_color":"C0DEED","id_str":"2415809562","profile_background_color":"C0DEED","listed_count":0,"is_translation_enabled":false,"utc_offset":null,"statuses_count":93,"description":"","friends_count":65,"location":"Melbourne Australia","profile_link_color":"0084B4","profile_image_url":"http://abs.twimg.com/sticky/default_profile_images/default_profile_5_normal.png","following":false,"geo_enabled":false,"profile_background_image_url":"http://abs.twimg.com/images/themes/theme1/bg.png","name":"Helen Nikolioudakis","lang":"en","profile_background_tile":false,"favourites_count":26,"screen_name":"hellenihn","notifications":false,"url":null,"created_at":"Fri Mar 28 12:06:37 +0000 2014","contributors_enabled":false,"time_zone":null,"protected":false,"default_profile":true,"is_translator":false},"geo":null,"in_reply_to_user_id_str":"79238144","lang":"en","created_at":"Mon Dec 15 04:14:59 +0000 2014","in_reply_to_status_id_str":"544317139323473920","place":null},
{"contributors":null,"truncated":false,"text":"“@missc_73: #AustraliaStrong #sydneysiege Canadians praying for a fast and peaceful outcome http://t.co/ECsM4iC6Ob” @vid_e =^.^=","in_reply_to_status_id":544317139323473920,"id":544345663530491904,"favorite_count":5,"source":"<a href=\"http://twitter.com/#!/download/ipad\" rel=\"nofollow\">Twitter for iPad</a>","retweeted":false,"coordinates":null,"entities":{"symbols":[],"user_mentions":[{"id":79238144,"indices":[1,10],"id_str":"79238144","screen_name":"missc_73","name":"Mellissa"},{"id":525195450,"indices":[116,122],"id_str":"525195450","screen_name":"vid_e","name":"Vid E"}],"hashtags":[{"indices":[12,28],"text":"AustraliaStrong"},{"indices":[29,41],"text":"sydneysiege"}],"urls":[],"media":[{"source_user_id":79238144,"source_status_id_str":"544317139323473920","expanded_url":"http://twitter.com/missc_73/status/544317139323473920/photo/1","display_url":"pic.twitter.com/ECsM4iC6Ob","url":"http://t.co/ECsM4iC6Ob","media_url_https":"https://pbs.twimg.com/media/B43NjZxIQAA88zT.jpg","source_user_id_str":"79238144","source_status_id":544317139323473920,"id_str":"544317138077761536","sizes":{"large":{"h":481,"resize":"fit","w":998},"small":{"h":163,"resize":"fit","w":340},"medium":{"h":289,"resize":"fit","w":600},"thumb":{"h":150,"resize":"crop","w":150}},"indices":[92,114],"type":"photo","id":544317138077761536,"media_url":"http://pbs.twimg.com/media/B43NjZxIQAA88zT.jpg"}]},"in_reply_to_screen_name":"missc_73","id_str":"544345663530491904","retweet_count":4,"in_reply_to_user_id":79238144,"favorited":false,"user":{"follow_request_sent":false,"profile_use_background_image":true,"profile_text_color":"0F0E0F","default_profile_image":false,"id":217159658,"profile_background_image_url_https":"https://pbs.twimg.com/profile_background_images/258711057/Sunny4328.JPG","verified":false,"profile_location":null,"profile_image_url_https":"https://pbs.twimg.com/profile_images/3348373478/c25782309ebe73629c15bfe5362f716c_normal.jpeg","profile_sidebar_fill_color":"F2CFA4","entities":{"description":{"urls":[]}},"followers_count":812,"profile_sidebar_border_color":"FAD0AA","id_str":"217159658","profile_background_color":"CF6C5B","listed_count":45,"is_translation_enabled":false,"utc_offset":-28800,"statuses_count":38084,"description":"Successful magazine publisher now FT stock trader. Conservative. MY PASSIONS: Kitties~Photography~RVing~Big Brother Ron~Vietnam Vets~Spiritual Studies. =^.^=","friends_count":509,"location":"Rocklin, CA","profile_link_color":"108F78","profile_image_url":"http://pbs.twimg.com/profile_images/3348373478/c25782309ebe73629c15bfe5362f716c_normal.jpeg","following":false,"geo_enabled":true,"profile_banner_url":"https://pbs.twimg.com/profile_banners/217159658/1356991959","profile_background_image_url":"http://pbs.twimg.com/profile_background_images/258711057/Sunny4328.JPG","name":"DEBRA LEE","lang":"en","profile_background_tile":false,"favourites_count":5580,"screen_name":"Catwoman2011","notifications":false,"url":null,"created_at":"Thu Nov 18 19:05:32 +0000 2010","contributors_enabled":false,"time_zone":"Pacific Time (US & Canada)","protected":false,"default_profile":false,"is_translator":false},"geo":null,"in_reply_to_user_id_str":"79238144","possibly_sensitive":false,"lang":"en","created_at":"Mon Dec 15 04:18:14 +0000 2014","in_reply_to_status_id_str":"544317139323473920","place":null,"extended_entities":{"media":[{"source_user_id":79238144,"source_status_id_str":"544317139323473920","expanded_url":"http://twitter.com/missc_73/status/544317139323473920/photo/1","display_url":"pic.twitter.com/ECsM4iC6Ob","url":"http://t.co/ECsM4iC6Ob","media_url_https":"https://pbs.twimg.com/media/B43NjZxIQAA88zT.jpg","source_user_id_str":"79238144","source_status_id":544317139323473920,"id_str":"544317138077761536","sizes":{"large":{"h":481,"resize":"fit","w":998},"small":{"h":163,"resize":"fit","w":340},"medium":{"h":289,"resize":"fit","w":600},"thumb":{"h":150,"resize":"crop","w":150}},"indices":[92,114],"type":"photo","id":544317138077761536,"media_url":"http://pbs.twimg.com/media/B43NjZxIQAA88zT.jpg"}]}},
{"contributors":null,"truncated":false,"text":"And dead terrorists. “@missc_73: #AustraliaStrong #sydneysiege Canadians praying for a fast and peaceful outcome http://t.co/iNmy2mdvBl”","in_reply_to_status_id":544317139323473920,"id":544349671410642945,"favorite_count":1,"source":"<a href=\"http://twitter.com/download/iphone\" rel=\"nofollow\">Twitter for iPhone</a>","retweeted":false,"coordinates":null,"entities":{"symbols":[],"user_mentions":[{"id":79238144,"indices":[22,31],"id_str":"79238144","screen_name":"missc_73","name":"Mellissa"}],"hashtags":[{"indices":[33,49],"text":"AustraliaStrong"},{"indices":[50,62],"text":"sydneysiege"}],"urls":[],"media":[{"source_user_id":79238144,"source_status_id_str":"544317139323473920","expanded_url":"http://twitter.com/missc_73/status/544317139323473920/photo/1","display_url":"pic.twitter.com/iNmy2mdvBl","url":"http://t.co/iNmy2mdvBl","media_url_https":"https://pbs.twimg.com/media/B43NjZxIQAA88zT.jpg","source_user_id_str":"79238144","source_status_id":544317139323473920,"id_str":"544317138077761536","sizes":{"large":{"h":481,"resize":"fit","w":998},"small":{"h":163,"resize":"fit","w":340},"medium":{"h":289,"resize":"fit","w":600},"thumb":{"h":150,"resize":"crop","w":150}},"indices":[113,135],"type":"photo","id":544317138077761536,"media_url":"http://pbs.twimg.com/media/B43NjZxIQAA88zT.jpg"}]},"in_reply_to_screen_name":"missc_73","id_str":"544349671410642945","retweet_count":0,"in_reply_to_user_id":79238144,"favorited":false,"user":{"follow_request_sent":false,"profile_use_background_image":true,"profile_text_color":"333333","default_profile_image":false,"id":274599737,"profile_background_image_url_https":"https://abs.twimg.com/images/themes/theme1/bg.png","verified":false,"profile_location":null,"profile_image_url_https":"https://pbs.twimg.com/profile_images/542941725547708416/oTr-XJ9w_normal.png","profile_sidebar_fill_color":"DDEEF6","entities":{"description":{"urls":[]}},"followers_count":221,"profile_sidebar_border_color":"C0DEED","id_str":"274599737","profile_background_color":"C0DEED","listed_count":2,"is_translation_enabled":false,"utc_offset":-18000,"statuses_count":2671,"description":"Accent grave over the E. Pro-life. Tea Party. Never give a sucker an even break.","friends_count":385,"location":"Better here than Philadelphia","profile_link_color":"0084B4","profile_image_url":"http://pbs.twimg.com/profile_images/542941725547708416/oTr-XJ9w_normal.png","following":false,"geo_enabled":false,"profile_banner_url":"https://pbs.twimg.com/profile_banners/274599737/1414082463","profile_background_image_url":"http://abs.twimg.com/images/themes/theme1/bg.png","name":"Egbert Sousé","lang":"en","profile_background_tile":false,"favourites_count":88,"screen_name":"Criblecobble","notifications":false,"url":null,"created_at":"Wed Mar 30 16:17:28 +0000 2011","contributors_enabled":false,"time_zone":"Eastern Time (US & Canada)","protected":false,"default_profile":true,"is_translator":false},"geo":null,"in_reply_to_user_id_str":"79238144","possibly_sensitive":false,"lang":"en","created_at":"Mon Dec 15 04:34:09 +0000 2014","in_reply_to_status_id_str":"544317139323473920","place":null,"extended_entities":{"media":[{"source_user_id":79238144,"source_status_id_str":"544317139323473920","expanded_url":"http://twitter.com/missc_73/status/544317139323473920/photo/1","display_url":"pic.twitter.com/iNmy2mdvBl","url":"http://t.co/iNmy2mdvBl","media_url_https":"https://pbs.twimg.com/media/B43NjZxIQAA88zT.jpg","source_user_id_str":"79238144","source_status_id":544317139323473920,"id_str":"544317138077761536","sizes":{"large":{"h":481,"resize":"fit","w":998},"small":{"h":163,"resize":"fit","w":340},"medium":{"h":289,"resize":"fit","w":600},"thumb":{"h":150,"resize":"crop","w":150}},"indices":[113,135],"type":"photo","id":544317138077761536,"media_url":"http://pbs.twimg.com/media/B43NjZxIQAA88zT.jpg"}]}},
{"contributors":null,"truncated":false,"text":"@missc_73 Thank you x","in_reply_to_status_id":544317139323473920,"id":544382907075141633,"favorite_count":0,"source":"<a href=\"http://twitter.com/download/iphone\" rel=\"nofollow\">Twitter for iPhone</a>","retweeted":false,"coordinates":null,"entities":{"symbols":[],"user_mentions":[{"id":79238144,"indices":[0,9],"id_str":"79238144","screen_name":"missc_73","name":"Mellissa"}],"hashtags":[],"urls":[]},"in_reply_to_screen_name":"missc_73","id_str":"544382907075141633","retweet_count":0,"in_reply_to_user_id":79238144,"favorited":false,"user":{"follow_request_sent":false,"profile_use_background_image":true,"profile_text_color":"333333","default_profile_image":false,"id":591097853,"profile_background_image_url_https":"https://abs.twimg.com/images/themes/theme14/bg.gif","verified":false,"profile_location":null,"profile_image_url_https":"https://pbs.twimg.com/profile_images/581624209715007488/Izy6jwHG_normal.jpg","profile_sidebar_fill_color":"EFEFEF","entities":{"description":{"urls":[]}},"followers_count":555,"profile_sidebar_border_color":"EEEEEE","id_str":"591097853","profile_background_color":"131516","listed_count":5,"is_translation_enabled":false,"utc_offset":null,"statuses_count":12229,"description":"Little bit of this...little bit of that. I like red wine & im a crap cook. Danny Wood's Marshmallow Lady #nkotbcruise2014. Just bloody get onto it!","friends_count":573,"location":"Oz ","profile_link_color":"009999","profile_image_url":"http://pbs.twimg.com/profile_images/581624209715007488/Izy6jwHG_normal.jpg","following":false,"geo_enabled":true,"profile_banner_url":"https://pbs.twimg.com/profile_banners/591097853/1406344508","profile_background_image_url":"http://abs.twimg.com/images/themes/theme14/bg.gif","name":"J.a.n.e ","lang":"en","profile_background_tile":true,"favourites_count":1121,"screen_name":"aussie_gal27","notifications":false,"url":null,"created_at":"Sat May 26 17:25:59 +0000 2012","contributors_enabled":false,"time_zone":null,"protected":false,"default_profile":false,"is_translator":false},"geo":null,"in_reply_to_user_id_str":"79238144","lang":"en","created_at":"Mon Dec 15 06:46:13 +0000 2014","in_reply_to_status_id_str":"544317139323473920","place":null}
]