[{"contributors":null,"truncated":false,"text":"@5SOS_Updates what happens","in_reply_to_status_id":544337283801829376,"id":544337399396835329,"favorite_count":0,"source":"<a href=\"http://twitter.com/download/iphone\" rel=\"nofollow\">Twitter for iPhone</a>","retweeted":false,"coordinates":null,"entities":{"symbols":[],"user_mentions":[{"id":1156344793,"indices":[0,13],"id_str":"1156344793","screen_name":"5SOS_Updates","name":"5SOS Updates"}],"hashtags":[],"urls":[]},"in_reply_to_screen_name":"5SOS_Updates","id_str":"544337399396835329","retweet_count":0,"in_reply_to_user_id":1156344793,"favorited":false,"user":{"follow_request_sent":false,"profile_use_background_image":true,"profile_text_color":"634047","default_profile_image":false,"id":1163367590,"profile_background_image_url_https":"https://pbs.twimg.com/profile_background_images/437691760412606464/ld3MzSFl.jpeg","verified":false,"profile_location":null,"profile_image_url_https":"https://pbs.twimg.com/profile_images/575103652882440192/b8cYPCS__normal.jpeg","profile_sidebar_fill_color":"E3E2DE","entities":{"url":{"urls":[{"url":"http://t.co/NmUDdRER9Q","indices":[0,22],"expanded_url":"http://tumblr.com","display_url":"tumblr.com"}]},"description":{"urls":[]}},"followers_count":500,"profile_sidebar_border_color":"FFFFFF","id_str":"1163367590","profile_background_color":"EDECE9","listed_count":5,"is_translation_enabled":false,"utc_offset":-14400,"statuses_count":15091,"description":"i like to sing a lot","friends_count":694,"location":"NYC dream  ","profile_link_color":"088253","profile_image_url":"http://pbs.twimg.com/profile_images/575103652882440192/b8cYPCS__normal.jpeg","following":false,"geo_enabled":false,"profile_banner_url":"https://pbs.twimg.com/profile_banners/1163367590/1418590985","profile_background_image_url":"http://pbs.twimg.com/profile_background_images/437691760412606464/ld3MzSFl.jpeg","name":"Emily ","lang":"en","profile_background_tile":true,"favourites_count":2449,"screen_name":"Emmjohnsonn","notifications":false,"url":"http://t.co/NmUDdRER9Q","created_at":"Sat Feb 09 16:17:02 +0000 2013","contributors_enabled":false,"time_zone":"Atlantic Time (Canada)","protected":false,"default_profile":false,"is_translator":false},"geo":null,"in_reply_to_user_id_str":"1156344793","lang":"en","created_at":"Mon Dec 15 03:45:23 +0000 2014","in_reply_to_status_id_str":"544337283801829376","place":null},
{"contributors":null,"truncated":false,"text":"@5SOS_Updates People are being help hostage in a Sydney Cafe @Emmjohnsonn","in_reply_to_status_id":544337283801829376,"id":544337994556403712,"favorite_count":0,"source":"<a href=\"http://twitter.com/download/iphone\" rel=\"nofollow\">Twitter for iPhone</a>","retweeted":false,"coordinates":null,"entities":{"symbols":[],"user_mentions":[{"id":1156344793,"indices":[0,13],"id_str":"1156344793","screen_name":"5SOS_Updates","name":"5SOS Updates"},{"id":1163367590,"indices":[61,73],"id_str":"1163367590","screen_name":"Emmjohnsonn","name":"Emily "}],"hashtags":[],"urls":[]},"in_reply_to_screen_name":"5SOS_Updates","id_str":"544337994556403712","retweet_count":0,"in_reply_to_user_id":1156344793,"favorited":false,"user":{"follow_request_sent":false,"profile_use_background_image":true,"profile_text_color":"333333","default_profile_image":false,"id":2577270356,"profile_background_image_url_https":"https://abs.twimg.com/images/themes/theme1/bg.png","verified":false,"profile_location":null,"profile_image_url_https":"https://pbs.twimg.com/profile_images/541798884859973632/czsu4h1a_normal.jpeg","profile_sidebar_fill_color":"DDEEF6","entities":{"url":{"urls":[{"url":"http://t.co/AfhQR1i8pT","indices":[0,22],"expanded_url":"http://Instagram.com/fetus.clifford","display_url":"Instagram.com/fetus.clifford"}]},"description":{"urls":[]}},"followers_count":136,"profile_sidebar_border_color":"C0DEED","id_str":"2577270356","profile_background_color":"C0DEED","listed_count":0,"is_translation_enabled":false,"utc_offset":null,"statuses_count":1998,"description":"They took over my life, my walls and emptied out my wallet and pockets.","friends_count":152,"location":"","profile_link_color":"55EFFA","profile_image_url":"http://pbs.twimg.com/profile_images/541798884859973632/czsu4h1a_normal.jpeg","following":false,"geo_enabled":false,"profile_banner_url":"https://pbs.twimg.com/profile_banners/2577270356/1417227102","profile_background_image_url":"http://abs.twimg.com/images/themes/theme1/bg.png","name":"Im michaels passport","lang":"en","profile_background_tile":false,"favourites_count":2513,"screen_name":"_Mxry__","notifications":false,"url":"http://t.co/AfhQR1i8pT","created_at":"Thu Jun 19 18:18:12 +0000 2014","contributors_enabled":false,"time_zone":null,"protected":false,"default_profile":false,"is_translator":false},"geo":null,"in_reply_to_user_id_str":"1156344793","lang":"en","created_at":"Mon Dec 15 03:47:45 +0000 2014","in_reply_to_status_id_str":"544337283801829376","place":null},
{"contributors":null,"truncated":false,"text":"@5SOS_Updates what happened? ???","in_reply_to_status_id":544337283801829376,"id":544338883366748160,"favorite_count":0,"source":"<a href=\"http://twitter.com/download/android\" rel=\"nofollow\">Twitter for Android</a>","retweeted":false,"coordinates":null,"entities":{"symbols":[],"user_mentions":[{"id":1156344793,"indices":[0,13],"id_str":"1156344793","screen_name":"5SOS_Updates","name":"5SOS Updates"}],"hashtags":[],"urls":[]},"in_reply_to_screen_name":"5SOS_Updates","id_str":"544338883366748160","retweet_count":0,"in_reply_to_user_id":1156344793,"favorited":false,"user":{"follow_request_sent":false,"profile_use_background_image":true,"profile_text_color":"333333","default_profile_image":false,"id":2599255890,"profile_background_image_url_https":"https://pbs.twimg.com/profile_background_images/516490683754885120/CmSXC3gc.png","verified":false,"profile_location":null,"profile_image_url_https":"https://pbs.twimg.com/profile_images/588388745855959041/y37iE5vX_normal.jpg","profile_sidebar_fill_color":"DDEEF6","entities":{"description":{"urls":[]}},"followers_count":222,"profile_sidebar_border_color":"FFFFFF","id_str":"2599255890","profile_background_color":"C0DEED","listed_count":1,"is_translation_enabled":false,"utc_offset":28800,"statuses_count":7239,"description":"","friends_count":511,"location":"","profile_link_color":"CC3366","profile_image_url":"http://pbs.twimg.com/profile_images/588388745855959041/y37iE5vX_normal.jpg","following":false,"geo_enabled":true,"profile_banner_url":"https://pbs.twimg.com/profile_banners/2599255890/1415468842","profile_background_image_url":"http://pbs.twimg.com/profile_background_images/516490683754885120/CmSXC3gc.png","name":"Hallie Fi Harold","lang":"en","profile_background_tile":true,"favourites_count":3156,"screen_name":"haylieharold","notifications":false,"url":null,"created_at":"Wed Jul 02 06:37:55 +0000 2014","contributors_enabled":false,"time_zone":"Beijing","protected":false,"default_profile":false,"is_translator":false},"geo":null,"in_reply_to_user_id_str":"1156344793","lang":"en","created_at":"Mon Dec 15 03:51:17 +0000 2014","in_reply_to_status_id_str":"544337283801829376","place":null},
{"contributors":null,"truncated":false,"text":"@5SOS_Updates wait what happened?","in_reply_to_status_id":544337283801829376,"id":544338958759784449,"favorite_count":0,"source":"<a href=\"http://twitter.com/download/iphone\" rel=\"nofollow\">Twitter for iPhone</a>","retweeted":false,"coordinates":null,"entities":{"symbols":[],"user_mentions":[{"id":1156344793,"indices":[0,13],"id_str":"1156344793","screen_name":"5SOS_Updates","name":"5SOS Updates"}],"hashtags":[],"urls":[]},"in_reply_to_screen_name":"5SOS_Updates","id_str":"544338958759784449","retweet_count":0,"in_reply_to_user_id":1156344793,"favorited":false,"user":{"follow_request_sent":false,"profile_use_background_image":true,"profile_text_color":"333333","default_profile_image":false,"id":1561466330,"profile_background_image_url_https":"https://abs.twimg.com/images/themes/theme1/bg.png","verified":false,"profile_location":null,"profile_image_url_https":"https://pbs.twimg.com/profile_images/541766081405530112/RL_B5QWV_normal.jpeg","profile_sidebar_fill_color":"DDEEF6","entities":{"description":{"urls":[]}},"followers_count":581,"profile_sidebar_border_color":"C0DEED","id_str":"1561466330","profile_background_color":"C0DEED","listed_count":1,"is_translation_enabled":false,"utc_offset":-25200,"statuses_count":8424,"description":"we did it lads!!!!","friends_count":894,"location":"8/17/14","profile_link_color":"0084B4","profile_image_url":"http://pbs.twimg.com/profile_images/541766081405530112/RL_B5QWV_normal.jpeg","following":false,"geo_enabled":false,"profile_banner_url":"https://pbs.twimg.com/profile_banners/1561466330/1417047522","profile_background_image_url":"http://abs.twimg.com/images/themes/theme1/bg.png","name":"hella bree","lang":"en","profile_background_tile":false,"favourites_count":7876,"screen_name":"irwinasylxm","notifications":false,"url":null,"created_at":"Mon Jul 01 20:58:13 +0000 2013","contributors_enabled":false,"time_zone":"Arizona","protected":false,"default_profile":true,"is_translator":false},"geo":null,"in_reply_to_user_id_str":"1156344793","lang":"en","created_at":"Mon Dec 15 03:51:35 +0000 2014","in_reply_to_status_id_str":"544337283801829376","place":null},
{"contributors":null,"truncated":false,"text":"@_Mxry__ @5SOS_Updates does anyone know why ? And whose doing it","in_reply_to_status_id":544337994556403712,"id":544339042297724930,"favorite_count":0,"source":"<a href=\"http://twitter.com/download/iphone\" rel=\"nofollow\">Twitter for iPhone</a>","retweeted":false,"coordinates":null,"entities":{"symbols":[],"user_mentions":[{"id":2577270356,"indices":[0,8],"id_str":"2577270356","screen_name":"_Mxry__","name":"Im michaels passport"},{"id":1156344793,"indices":[9,22],"id_str":"1156344793","screen_name":"5SOS_Updates","name":"5SOS Updates"}],"hashtags":[],"urls":[]},"in_reply_to_screen_name":"_Mxry__","id_str":"544339042297724930","retweet_count":0,"in_reply_to_user_id":2577270356,"favorited":false,"user":{"follow_request_sent":false,"profile_use_background_image":true,"profile_text_color":"634047","default_profile_image":false,"id":1163367590,"profile_background_image_url_https":"https://pbs.twimg.com/profile_background_images/437691760412606464/ld3MzSFl.jpeg","verified":false,"profile_location":null,"profile_image_url_https":"https://pbs.twimg.com/profile_images/575103652882440192/b8cYPCS__normal.jpeg","profile_sidebar_fill_color":"E3E2DE","entities":{"url":{"urls":[{"url":"http://t.co/NmUDdRER9Q","indices":[0,22],"expanded_url":"http://tumblr.com","display_url":"tumblr.com"}]},"description":{"urls":[]}},"followers_count":500,"profile_sidebar_border_color":"FFFFFF","id_str":"1163367590","profile_background_color":"EDECE9","listed_count":5,"is_translation_enabled":false,"utc_offset":-14400,"statuses_count":15091,"description":"i like to sing a lot","friends_count":694,"location":"NYC dream  ","profile_link_color":"088253","profile_image_url":"http://pbs.twimg.com/profile_images/575103652882440192/b8cYPCS__normal.jpeg","following":false,"geo_enabled":false,"profile_banner_url":"https://pbs.twimg.com/profile_banners/1163367590/1418590985","profile_background_image_url":"http://pbs.twimg.com/profile_background_images/437691760412606464/ld3MzSFl.jpeg","name":"Emily ","lang":"en","profile_background_tile":true,"favourites_count":2449,"screen_name":"Emmjohnsonn","notifications":false,"url":"http://t.co/NmUDdRER9Q","created_at":"Sat Feb 09 16:17:02 +0000 2013","contributors_enabled":false,"time_zone":"Atlantic Time (Canada)","protected":false,"default_profile":false,"is_translator":false},"geo":null,"in_reply_to_user_id_str":"2577270356","lang":"en","created_at":"Mon Dec 15 03:51:55 +0000 2014","in_reply_to_status_id_str":"544337994556403712","place":null},
{"contributors":null,"truncated":false,"text":"@Emmjohnsonn @5SOS_Updates I don't believe we know why. And I think it's terrorists but I'm not sure, they haven't released but information","in_reply_to_status_id":544339042297724930,"id":544339224091443200,"favorite_count":0,"source":"<a href=\"http://twitter.com/download/iphone\" rel=\"nofollow\">Twitter for iPhone</a>","retweeted":false,"coordinates":null,"entities":{"symbols":[],"user_mentions":[{"id":1163367590,"indices":[0,12],"id_str":"1163367590","screen_name":"Emmjohnsonn","name":"Emily "},{"id":1156344793,"indices":[13,26],"id_str":"1156344793","screen_name":"5SOS_Updates","name":"5SOS Updates"}],"hashtags":[],"urls":[]},"in_reply_to_screen_name":"Emmjohnsonn","id_str":"544339224091443200","retweet_count":0,"in_reply_to_user_id":1163367590,"favorited":false,"user":{"follow_request_sent":false,"profile_use_background_image":true,"profile_text_color":"333333","default_profile_image":false,"id":2577270356,"profile_background_image_url_https":"https://abs.twimg.com/images/themes/theme1/bg.png","verified":false,"profile_location":null,"profile_image_url_https":"https://pbs.twimg.com/profile_images/541798884859973632/czsu4h1a_normal.jpeg","profile_sidebar_fill_color":"DDEEF6","entities":{"url":{"urls":[{"url":"http://t.co/AfhQR1i8pT","indices":[0,22],"expanded_url":"http://Instagram.com/fetus.clifford","display_url":"Instagram.com/fetus.clifford"}]},"description":{"urls":[]}},"followers_count":136,"profile_sidebar_border_color":"C0DEED","id_str":"2577270356","profile_background_color":"C0DEED","listed_count":0,"is_translation_enabled":false,"utc_offset":null,"statuses_count":1998,"description":"They took over my life, my walls and emptied out my wallet and pockets.","friends_count":152,"location":"","profile_link_color":"55EFFA","profile_image_url":"http://pbs.twimg.com/profile_images/541798884859973632/czsu4h1a_normal.jpeg","following":false,"geo_enabled":false,"profile_banner_url":"https://pbs.twimg.com/profile_banners/2577270356/1417227102","profile_background_image_url":"http://abs.twimg.com/images/themes/theme1/bg.png","name":"Im michaels passport","lang":"en","profile_background_tile":false,"favourites_count":2513,"screen_name":"_Mxry__","notifications":false,"url":"http://t.co/AfhQR1i8pT","created_at":"Thu Jun 19 18:18:12 +0000 2014","contributors_enabled":false,"time_zone":null,"protected":false,"default_profile":false,"is_translator":false},"geo":null,"in_reply_to_user_id_str":"1163367590","lang":"en","created_at":"Mon Dec 15 03:52:39 +0000 2014","in_reply_to_status_id_str":"544339042297724930","place":null},
{"contributors":null,"truncated":false,"text":"@_Mxry__ ugh that's awful","in_reply_to_status_id":544339224091443200,"id":544339997055541248,"favorite_count":0,"source":"<a href=\"http://twitter.com/download/iphone\" rel=\"nofollow\">Twitter for iPhone</a>","retweeted":false,"coordinates":null,"entities":{"symbols":[],"user_mentions":[{"id":2577270356,"indices":[0,8],"id_str":"2577270356","screen_name":"_Mxry__","name":"Im michaels passport"}],"hashtags":[],"urls":[]},"in_reply_to_screen_name":"_Mxry__","id_str":"544339997055541248","retweet_count":0,"in_reply_to_user_id":2577270356,"favorited":false,"user":{"follow_request_sent":false,"profile_use_background_image":true,"profile_text_color":"634047","default_profile_image":false,"id":1163367590,"profile_background_image_url_https":"https://pbs.twimg.com/profile_background_images/437691760412606464/ld3MzSFl.jpeg","verified":false,"profile_location":null,"profile_image_url_https":"https://pbs.twimg.com/profile_images/575103652882440192/b8cYPCS__normal.jpeg","profile_sidebar_fill_color":"E3E2DE","entities":{"url":{"urls":[{"url":"http://t.co/NmUDdRER9Q","indices":[0,22],"expanded_url":"http://tumblr.com","display_url":"tumblr.com"}]},"description":{"urls":[]}},"followers_count":500,"profile_sidebar_border_color":"FFFFFF","id_str":"1163367590","profile_background_color":"EDECE9","listed_count":5,"is_translation_enabled":false,"utc_offset":-14400,"statuses_count":15091,"description":"i like to sing a lot","friends_count":694,"location":"NYC dream  ","profile_link_color":"088253","profile_image_url":"http://pbs.twimg.com/profile_images/575103652882440192/b8cYPCS__normal.jpeg","following":false,"geo_enabled":false,"profile_banner_url":"https://pbs.twimg.com/profile_banners/1163367590/1418590985","profile_background_image_url":"http://pbs.twimg.com/profile_background_images/437691760412606464/ld3MzSFl.jpeg","name":"Emily ","lang":"en","profile_background_tile":true,"favourites_count":2449,"screen_name":"Emmjohnsonn","notifications":false,"url":"http://t.co/NmUDdRER9Q","created_at":"Sat Feb 09 16:17:02 +0000 2013","contributors_enabled":false,"time_zone":"Atlantic Time (Canada)","protected":false,"default_profile":false,"is_translator":false},"geo":null,"in_reply_to_user_id_str":"2577270356","lang":"en","created_at":"Mon Dec 15 03:55:43 +0000 2014","in_reply_to_status_id_str":"544339224091443200","place":null},
{"contributors":null,"truncated":false,"text":"@5SOS_Updates what happened","in_reply_to_status_id":544337283801829376,"id":544344225693704192,"favorite_count":0,"source":"<a href=\"http://twitter.com\" rel=\"nofollow\">Twitter Web Client</a>","retweeted":false,"coordinates":null,"entities":{"symbols":[],"user_mentions":[{"id":1156344793,"indices":[0,13],"id_str":"1156344793","screen_name":"5SOS_Updates","name":"5SOS Updates"}],"hashtags":[],"urls":[]},"in_reply_to_screen_name":"5SOS_Updates","id_str":"544344225693704192","retweet_count":0,"in_reply_to_user_id":1156344793,"favorited":false,"user":{"follow_request_sent":false,"profile_use_background_image":true,"profile_text_color":"333333","default_profile_image":false,"id":555587401,"profile_background_image_url_https":"https://pbs.twimg.com/profile_background_images/602588971/h5159g2zziccei2hqvc3.jpeg","verified":false,"profile_location":null,"profile_image_url_https":"https://pbs.twimg.com/profile_images/545337899890118656/gzaLCCiG_normal.jpeg","profile_sidebar_fill_color":"DDEEF6","entities":{"description":{"urls":[]}},"followers_count":89,"profile_sidebar_border_color":"000000","id_str":"555587401","profile_background_color":"FCF7F7","listed_count":0,"is_translation_enabled":false,"utc_offset":25200,"statuses_count":3538,"description":"FOUR FOUR FOUR","friends_count":81,"location":"Harry's bedroom","profile_link_color":"2019FA","profile_image_url":"http://pbs.twimg.com/profile_images/545337899890118656/gzaLCCiG_normal.jpeg","following":false,"geo_enabled":false,"profile_banner_url":"https://pbs.twimg.com/profile_banners/555587401/1416299719","profile_background_image_url":"http://pbs.twimg.com/profile_background_images/602588971/h5159g2zziccei2hqvc3.jpeg","name":"CARPENTER","lang":"en","profile_background_tile":true,"favourites_count":4,"screen_name":"jessazalea","notifications":false,"url":null,"created_at":"Tue Apr 17 01:54:24 +0000 2012","contributors_enabled":false,"time_zone":"Bangkok","protected":false,"default_profile":false,"is_translator":false},"geo":null,"in_reply_to_user_id_str":"1156344793","lang":"en","created_at":"Mon Dec 15 04:12:31 +0000 2014","in_reply_to_status_id_str":"544337283801829376","place":null}
]