[{"contributors":null,"truncated":false,"text":"“@laurelirving7: RT NSW Transport Management has just told Seven News everyone in CBD of Sydney should now leave if they're able.”","in_reply_to_status_id":544319450569134081,"id":544320598332014592,"favorite_count":0,"source":"<a href=\"http://twitter.com/download/iphone\" rel=\"nofollow\">Twitter for iPhone</a>","retweeted":false,"coordinates":{"type":"Point","coordinates":[151.20321131,-33.94486171]},"entities":{"symbols":[],"user_mentions":[{"id":195160252,"indices":[1,15],"id_str":"195160252","screen_name":"laurelirving7","name":"Laurel Irving"}],"hashtags":[],"urls":[]},"in_reply_to_screen_name":"laurelirving7","id_str":"544320598332014592","retweet_count":0,"in_reply_to_user_id":195160252,"favorited":false,"user":{"follow_request_sent":false,"profile_use_background_image":true,"profile_text_color":"333333","default_profile_image":false,"id":49808343,"profile_background_image_url_https":"https://pbs.twimg.com/profile_background_images/534537055561216000/IhFOB7TW.jpeg","verified":false,"profile_location":null,"profile_image_url_https":"https://pbs.twimg.com/profile_images/277350559/10_normal.jpg","profile_sidebar_fill_color":"DDFFCC","entities":{"description":{"urls":[]}},"followers_count":484,"profile_sidebar_border_color":"FFFFFF","id_str":"49808343","profile_background_color":"9AE4E8","listed_count":6,"is_translation_enabled":false,"utc_offset":39600,"statuses_count":10556,"description":"Sport Fanatic,Punter,Horse Racing,AFL (Carlton),NFL (Giants),CollegeFootball (Hawaii,Oregon),College Basketbll (Arizona),NHL(Kings),NBA(Lakers),Surfing,\nGolf,","friends_count":2001,"location":"Sydney, Australia","profile_link_color":"0C00B3","profile_image_url":"http://pbs.twimg.com/profile_images/277350559/10_normal.jpg","following":false,"geo_enabled":true,"profile_banner_url":"https://pbs.twimg.com/profile_banners/49808343/1416277501","profile_background_image_url":"http://pbs.twimg.com/profile_background_images/534537055561216000/IhFOB7TW.jpeg","name":"Andrew Price","lang":"en","profile_background_tile":true,"favourites_count":1595,"screen_name":"pricey43","notifications":false,"url":null,"created_at":"Mon Jun 22 23:29:28 +0000 2009","contributors_enabled":false,"time_zone":"Sydney","protected":false,"default_profile":false,"is_translator":false},"geo":{"type":"Point","coordinates":[-33.94486171,151.20321131]},"in_reply_to_user_id_str":"195160252","lang":"en","created_at":"Mon Dec 15 02:38:38 +0000 2014","in_reply_to_status_id_str":"544319450569134081","place":{"full_name":"Sydney, New South Wales","url":"https://api.twitter.com/1.1/geo/id/0073b76548e5984f.json","country":"Australia","place_type":"city","bounding_box":{"type":"Polygon","coordinates":[[[150.520928608,-34.1183470085],[151.343020992,-34.1183470085],[151.343020992,-33.578140996],[150.520928608,-33.578140996]]]},"contained_within":[],"country_code":"AU","attributes":{},"id":"0073b76548e5984f","name":"Sydney"}},
{"contributors":null,"truncated":false,"text":"@laurelirving7 @Y7News","in_reply_to_status_id":544319450569134081,"id":544321152538013696,"favorite_count":0,"source":"<a href=\"http://twitter.com/download/android\" rel=\"nofollow\">Twitter for Android</a>","retweeted":false,"coordinates":null,"entities":{"symbols":[],"user_mentions":[{"id":195160252,"indices":[0,14],"id_str":"195160252","screen_name":"laurelirving7","name":"Laurel Irving"},{"id":63362429,"indices":[15,22],"id_str":"63362429","screen_name":"Y7News","name":"7News Yahoo!7 "}],"hashtags":[],"urls":[]},"in_reply_to_screen_name":"laurelirving7","id_str":"544321152538013696","retweet_count":0,"in_reply_to_user_id":195160252,"favorited":false,"user":{"follow_request_sent":false,"profile_use_background_image":true,"profile_text_color":"333333","default_profile_image":false,"id":2903157546,"profile_background_image_url_https":"https://abs.twimg.com/images/themes/theme1/bg.png","verified":false,"profile_location":null,"profile_image_url_https":"https://pbs.twimg.com/profile_images/534533371053871104/WXLaOTzM_normal.jpeg","profile_sidebar_fill_color":"DDEEF6","entities":{"description":{"urls":[]}},"followers_count":11,"profile_sidebar_border_color":"C0DEED","id_str":"2903157546","profile_background_color":"C0DEED","listed_count":0,"is_translation_enabled":false,"utc_offset":null,"statuses_count":8,"description":"","friends_count":59,"location":"","profile_link_color":"0084B4","profile_image_url":"http://pbs.twimg.com/profile_images/534533371053871104/WXLaOTzM_normal.jpeg","following":false,"geo_enabled":false,"profile_background_image_url":"http://abs.twimg.com/images/themes/theme1/bg.png","name":"Amrit Dhakal","lang":"en","profile_background_tile":false,"favourites_count":0,"screen_name":"AamritAdhakal","notifications":false,"url":null,"created_at":"Tue Nov 18 02:24:32 +0000 2014","contributors_enabled":false,"time_zone":null,"protected":false,"default_profile":true,"is_translator":false},"geo":null,"in_reply_to_user_id_str":"195160252","lang":"und","created_at":"Mon Dec 15 02:40:50 +0000 2014","in_reply_to_status_id_str":"544319450569134081","place":null},
{"contributors":null,"truncated":false,"text":"@laurelirving7 @7NewsSydney it would be wise to Marshall law the streets at this point of time.","in_reply_to_status_id":544319450569134081,"id":544321790990774272,"favorite_count":0,"source":"<a href=\"http://twitter.com/download/iphone\" rel=\"nofollow\">Twitter for iPhone</a>","retweeted":false,"coordinates":null,"entities":{"symbols":[],"user_mentions":[{"id":195160252,"indices":[0,14],"id_str":"195160252","screen_name":"laurelirving7","name":"Laurel Irving"},{"id":156464691,"indices":[15,27],"id_str":"156464691","screen_name":"7NewsSydney","name":"7 News Sydney"}],"hashtags":[],"urls":[]},"in_reply_to_screen_name":"laurelirving7","id_str":"544321790990774272","retweet_count":0,"in_reply_to_user_id":195160252,"favorited":false,"user":{"follow_request_sent":false,"profile_use_background_image":true,"profile_text_color":"333333","default_profile_image":false,"id":2795504520,"profile_background_image_url_https":"https://pbs.twimg.com/profile_background_images/530545593366495234/-viAl0Jd.jpeg","verified":false,"profile_location":null,"profile_image_url_https":"https://pbs.twimg.com/profile_images/551153512986320898/1sle3-nM_normal.jpeg","profile_sidebar_fill_color":"DDEEF6","entities":{"description":{"urls":[]}},"followers_count":174,"profile_sidebar_border_color":"FFFFFF","id_str":"2795504520","profile_background_color":"9AE4E8","listed_count":1,"is_translation_enabled":false,"utc_offset":null,"statuses_count":933,"description":"✎ Fashion Promoter, Jewelry Enthusiast, Socialite ✎ Aficionado of Music, Connoisseur of Sleep...","friends_count":677,"location":"Australia, New South Whales.","profile_link_color":"0084B4","profile_image_url":"http://pbs.twimg.com/profile_images/551153512986320898/1sle3-nM_normal.jpeg","following":false,"geo_enabled":false,"profile_banner_url":"https://pbs.twimg.com/profile_banners/2795504520/1418265792","profile_background_image_url":"http://pbs.twimg.com/profile_background_images/530545593366495234/-viAl0Jd.jpeg","name":"ℳᎧaStylic","lang":"en-gb","profile_background_tile":false,"favourites_count":21,"screen_name":"MoaStylic","notifications":false,"url":null,"created_at":"Sun Sep 07 07:55:20 +0000 2014","contributors_enabled":false,"time_zone":null,"protected":false,"default_profile":false,"is_translator":false},"geo":null,"in_reply_to_user_id_str":"195160252","lang":"en","created_at":"Mon Dec 15 02:43:22 +0000 2014","in_reply_to_status_id_str":"544319450569134081","place":null},
{"contributors":null,"truncated":false,"text":"RT “@laurelirving7: NSW Transport Management has just told Seven News everyone in CBD of Sydney should now leave if they're able.”","in_reply_to_status_id":544319450569134081,"id":544321934658244608,"favorite_count":1,"source":"<a href=\"http://twitter.com/download/iphone\" rel=\"nofollow\">Twitter for iPhone</a>","retweeted":false,"coordinates":null,"entities":{"symbols":[],"user_mentions":[{"id":195160252,"indices":[4,18],"id_str":"195160252","screen_name":"laurelirving7","name":"Laurel Irving"}],"hashtags":[],"urls":[]},"in_reply_to_screen_name":"laurelirving7","id_str":"544321934658244608","retweet_count":5,"in_reply_to_user_id":195160252,"favorited":false,"user":{"follow_request_sent":false,"profile_use_background_image":true,"profile_text_color":"333333","default_profile_image":false,"id":2502895924,"profile_background_image_url_https":"https://abs.twimg.com/images/themes/theme1/bg.png","verified":false,"profile_location":null,"profile_image_url_https":"https://pbs.twimg.com/profile_images/533800853769957376/HZBHZ2k0_normal.jpeg","profile_sidebar_fill_color":"DDEEF6","entities":{"description":{"urls":[]}},"followers_count":9826,"profile_sidebar_border_color":"C0DEED","id_str":"2502895924","profile_background_color":"C0DEED","listed_count":145,"is_translation_enabled":false,"utc_offset":null,"statuses_count":49761,"description":"Politics. Wine. Animals. TEXAS. Backup is @blastedchrome. Conservative, vegan, concealed carrier. #2A #IStandWithIsrael #Kurds #Peshmerga #Yezidi ن Anti-Daesh","friends_count":8894,"location":"","profile_link_color":"0084B4","profile_image_url":"http://pbs.twimg.com/profile_images/533800853769957376/HZBHZ2k0_normal.jpeg","following":false,"geo_enabled":false,"profile_banner_url":"https://pbs.twimg.com/profile_banners/2502895924/1408043461","profile_background_image_url":"http://abs.twimg.com/images/themes/theme1/bg.png","name":"JewishJihadi™","lang":"en","profile_background_tile":false,"favourites_count":30109,"screen_name":"blastedsilver","notifications":false,"url":null,"created_at":"Wed Apr 23 00:33:48 +0000 2014","contributors_enabled":false,"time_zone":null,"protected":false,"default_profile":true,"is_translator":false},"geo":null,"in_reply_to_user_id_str":"195160252","lang":"en","created_at":"Mon Dec 15 02:43:56 +0000 2014","in_reply_to_status_id_str":"544319450569134081","place":null},
{"contributors":null,"truncated":false,"text":"@laurelirving7 @hapryson","in_reply_to_status_id":544319450569134081,"id":544324147711463424,"favorite_count":0,"source":"<a href=\"http://twitter.com/download/iphone\" rel=\"nofollow\">Twitter for iPhone</a>","retweeted":false,"coordinates":null,"entities":{"symbols":[],"user_mentions":[{"id":195160252,"indices":[0,14],"id_str":"195160252","screen_name":"laurelirving7","name":"Laurel Irving"},{"id":468316344,"indices":[15,24],"id_str":"468316344","screen_name":"hapryson","name":"gabriella"}],"hashtags":[],"urls":[]},"in_reply_to_screen_name":"laurelirving7","id_str":"544324147711463424","retweet_count":0,"in_reply_to_user_id":195160252,"favorited":false,"user":{"follow_request_sent":false,"profile_use_background_image":false,"profile_text_color":"333333","default_profile_image":false,"id":337469563,"profile_background_image_url_https":"https://pbs.twimg.com/profile_background_images/656471760/0omdbsty4zo33pfyluh2.jpeg","verified":false,"profile_location":null,"profile_image_url_https":"https://pbs.twimg.com/profile_images/583137820186939392/hQCVosP__normal.jpg","profile_sidebar_fill_color":"DDEEF6","entities":{"description":{"urls":[]}},"followers_count":342,"profile_sidebar_border_color":"FFFFFF","id_str":"337469563","profile_background_color":"C0DEED","listed_count":4,"is_translation_enabled":false,"utc_offset":39600,"statuses_count":26838,"description":"progressive nordic social democrat. youth leadership advocate. polyglot. beer and football fanatic. julie bishop tweeted me once.","friends_count":453,"location":"sydney ","profile_link_color":"043ADB","profile_image_url":"http://pbs.twimg.com/profile_images/583137820186939392/hQCVosP__normal.jpg","following":false,"geo_enabled":false,"profile_banner_url":"https://pbs.twimg.com/profile_banners/337469563/1409455668","profile_background_image_url":"http://pbs.twimg.com/profile_background_images/656471760/0omdbsty4zo33pfyluh2.jpeg","name":"#bandsixzone","lang":"en","profile_background_tile":false,"favourites_count":7148,"screen_name":"kimjongeuan","notifications":false,"url":null,"created_at":"Mon Jul 18 02:37:11 +0000 2011","contributors_enabled":false,"time_zone":"Sydney","protected":false,"default_profile":false,"is_translator":false},"geo":null,"in_reply_to_user_id_str":"195160252","lang":"und","created_at":"Mon Dec 15 02:52:44 +0000 2014","in_reply_to_status_id_str":"544319450569134081","place":null},
{"contributors":null,"truncated":false,"text":"@laurelirving7 @NextThere link us to the source of this?","in_reply_to_status_id":544319450569134081,"id":544325672584220672,"favorite_count":0,"source":"<a href=\"http://twitter.com\" rel=\"nofollow\">Twitter Web Client</a>","retweeted":false,"coordinates":null,"entities":{"symbols":[],"user_mentions":[{"id":195160252,"indices":[0,14],"id_str":"195160252","screen_name":"laurelirving7","name":"Laurel Irving"},{"id":2399133078,"indices":[15,25],"id_str":"2399133078","screen_name":"NextThere","name":"NextThere"}],"hashtags":[],"urls":[]},"in_reply_to_screen_name":"laurelirving7","id_str":"544325672584220672","retweet_count":0,"in_reply_to_user_id":195160252,"favorited":false,"user":{"follow_request_sent":false,"profile_use_background_image":true,"profile_text_color":"333333","default_profile_image":false,"id":14448996,"profile_background_image_url_https":"https://abs.twimg.com/images/themes/theme1/bg.png","verified":false,"profile_location":null,"profile_image_url_https":"https://pbs.twimg.com/profile_images/551094332464185344/ahsZmGDT_normal.jpeg","profile_sidebar_fill_color":"DDEEF6","entities":{"description":{"urls":[]}},"followers_count":56,"profile_sidebar_border_color":"C0DEED","id_str":"14448996","profile_background_color":"C0DEED","listed_count":2,"is_translation_enabled":false,"utc_offset":39600,"statuses_count":4257,"description":"","friends_count":65,"location":"Sydney, Australia","profile_link_color":"0084B4","profile_image_url":"http://pbs.twimg.com/profile_images/551094332464185344/ahsZmGDT_normal.jpeg","following":false,"geo_enabled":false,"profile_background_image_url":"http://abs.twimg.com/images/themes/theme1/bg.png","name":"Michael Fox","lang":"en","profile_background_tile":false,"favourites_count":556,"screen_name":"purana","notifications":false,"url":null,"created_at":"Sun Apr 20 04:05:58 +0000 2008","contributors_enabled":false,"time_zone":"Sydney","protected":false,"default_profile":false,"is_translator":false},"geo":null,"in_reply_to_user_id_str":"195160252","lang":"en","created_at":"Mon Dec 15 02:58:48 +0000 2014","in_reply_to_status_id_str":"544319450569134081","place":null},
{"contributors":null,"truncated":false,"text":"@laurelirving7 @NextThere if you must claim such statements about leaving Sydney CBD, link to the true article source.","in_reply_to_status_id":544319450569134081,"id":544325997462429697,"favorite_count":0,"source":"<a href=\"http://twitter.com\" rel=\"nofollow\">Twitter Web Client</a>","retweeted":false,"coordinates":null,"entities":{"symbols":[],"user_mentions":[{"id":195160252,"indices":[0,14],"id_str":"195160252","screen_name":"laurelirving7","name":"Laurel Irving"},{"id":2399133078,"indices":[15,25],"id_str":"2399133078","screen_name":"NextThere","name":"NextThere"}],"hashtags":[],"urls":[]},"in_reply_to_screen_name":"laurelirving7","id_str":"544325997462429697","retweet_count":0,"in_reply_to_user_id":195160252,"favorited":false,"user":{"follow_request_sent":false,"profile_use_background_image":true,"profile_text_color":"333333","default_profile_image":false,"id":14448996,"profile_background_image_url_https":"https://abs.twimg.com/images/themes/theme1/bg.png","verified":false,"profile_location":null,"profile_image_url_https":"https://pbs.twimg.com/profile_images/551094332464185344/ahsZmGDT_normal.jpeg","profile_sidebar_fill_color":"DDEEF6","entities":{"description":{"urls":[]}},"followers_count":56,"profile_sidebar_border_color":"C0DEED","id_str":"14448996","profile_background_color":"C0DEED","listed_count":2,"is_translation_enabled":false,"utc_offset":39600,"statuses_count":4257,"description":"","friends_count":65,"location":"Sydney, Australia","profile_link_color":"0084B4","profile_image_url":"http://pbs.twimg.com/profile_images/551094332464185344/ahsZmGDT_normal.jpeg","following":false,"geo_enabled":false,"profile_background_image_url":"http://abs.twimg.com/images/themes/theme1/bg.png","name":"Michael Fox","lang":"en","profile_background_tile":false,"favourites_count":556,"screen_name":"purana","notifications":false,"url":null,"created_at":"Sun Apr 20 04:05:58 +0000 2008","contributors_enabled":false,"time_zone":"Sydney","protected":false,"default_profile":false,"is_translator":false},"geo":null,"in_reply_to_user_id_str":"195160252","lang":"en","created_at":"Mon Dec 15 03:00:05 +0000 2014","in_reply_to_status_id_str":"544319450569134081","place":null},
{"contributors":null,"truncated":false,"text":"@purana @laurelirving7 @NextThere There is no source because she's making it up.","in_reply_to_status_id":544325997462429697,"id":544326625358118912,"favorite_count":0,"source":"<a href=\"http://twitter.com\" rel=\"nofollow\">Twitter Web Client</a>","retweeted":false,"coordinates":null,"entities":{"symbols":[],"user_mentions":[{"id":14448996,"indices":[0,7],"id_str":"14448996","screen_name":"purana","name":"Michael Fox"},{"id":195160252,"indices":[8,22],"id_str":"195160252","screen_name":"laurelirving7","name":"Laurel Irving"},{"id":2399133078,"indices":[23,33],"id_str":"2399133078","screen_name":"NextThere","name":"NextThere"}],"hashtags":[],"urls":[]},"in_reply_to_screen_name":"purana","id_str":"544326625358118912","retweet_count":0,"in_reply_to_user_id":14448996,"favorited":false,"user":{"follow_request_sent":false,"profile_use_background_image":true,"profile_text_color":"666666","default_profile_image":false,"id":18317751,"profile_background_image_url_https":"https://pbs.twimg.com/profile_background_images/6756306/title.gif","verified":false,"profile_location":null,"profile_image_url_https":"https://pbs.twimg.com/profile_images/68307002/i94barman_normal.jpg","profile_sidebar_fill_color":"252429","entities":{"url":{"urls":[{"url":"http://t.co/9jhyHnU8dL","indices":[0,22],"expanded_url":"http://www.i94bar.com","display_url":"i94bar.com"}]},"description":{"urls":[]}},"followers_count":823,"profile_sidebar_border_color":"181A1E","id_str":"18317751","profile_background_color":"1A1B1F","listed_count":22,"is_translation_enabled":false,"utc_offset":39600,"statuses_count":1738,"description":"Bartender at the virtual pub, the I-94 Bar","friends_count":607,"location":"Sydney, Australia","profile_link_color":"2FC2EF","profile_image_url":"http://pbs.twimg.com/profile_images/68307002/i94barman_normal.jpg","following":false,"geo_enabled":true,"profile_banner_url":"https://pbs.twimg.com/profile_banners/18317751/1406284895","profile_background_image_url":"http://pbs.twimg.com/profile_background_images/6756306/title.gif","name":"i94bar","lang":"en","profile_background_tile":true,"favourites_count":22,"screen_name":"i94bar","notifications":false,"url":"http://t.co/9jhyHnU8dL","created_at":"Mon Dec 22 21:31:10 +0000 2008","contributors_enabled":false,"time_zone":"Sydney","protected":false,"default_profile":false,"is_translator":false},"geo":null,"in_reply_to_user_id_str":"14448996","lang":"en","created_at":"Mon Dec 15 03:02:35 +0000 2014","in_reply_to_status_id_str":"544325997462429697","place":null},
{"contributors":null,"truncated":false,"text":"@i94bar @laurelirving7 @NextThere clearly, hence I requested source. Another person who is full of shit.","in_reply_to_status_id":544326625358118912,"id":544326783470813184,"favorite_count":0,"source":"<a href=\"http://twitter.com\" rel=\"nofollow\">Twitter Web Client</a>","retweeted":false,"coordinates":null,"entities":{"symbols":[],"user_mentions":[{"id":18317751,"indices":[0,7],"id_str":"18317751","screen_name":"i94bar","name":"i94bar"},{"id":195160252,"indices":[8,22],"id_str":"195160252","screen_name":"laurelirving7","name":"Laurel Irving"},{"id":2399133078,"indices":[23,33],"id_str":"2399133078","screen_name":"NextThere","name":"NextThere"}],"hashtags":[],"urls":[]},"in_reply_to_screen_name":"i94bar","id_str":"544326783470813184","retweet_count":0,"in_reply_to_user_id":18317751,"favorited":false,"user":{"follow_request_sent":false,"profile_use_background_image":true,"profile_text_color":"333333","default_profile_image":false,"id":14448996,"profile_background_image_url_https":"https://abs.twimg.com/images/themes/theme1/bg.png","verified":false,"profile_location":null,"profile_image_url_https":"https://pbs.twimg.com/profile_images/551094332464185344/ahsZmGDT_normal.jpeg","profile_sidebar_fill_color":"DDEEF6","entities":{"description":{"urls":[]}},"followers_count":56,"profile_sidebar_border_color":"C0DEED","id_str":"14448996","profile_background_color":"C0DEED","listed_count":2,"is_translation_enabled":false,"utc_offset":39600,"statuses_count":4257,"description":"","friends_count":65,"location":"Sydney, Australia","profile_link_color":"0084B4","profile_image_url":"http://pbs.twimg.com/profile_images/551094332464185344/ahsZmGDT_normal.jpeg","following":false,"geo_enabled":false,"profile_background_image_url":"http://abs.twimg.com/images/themes/theme1/bg.png","name":"Michael Fox","lang":"en","profile_background_tile":false,"favourites_count":556,"screen_name":"purana","notifications":false,"url":null,"created_at":"Sun Apr 20 04:05:58 +0000 2008","contributors_enabled":false,"time_zone":"Sydney","protected":false,"default_profile":false,"is_translator":false},"geo":null,"in_reply_to_user_id_str":"18317751","lang":"en","created_at":"Mon Dec 15 03:03:12 +0000 2014","in_reply_to_status_id_str":"544326625358118912","place":null},
{"contributors":null,"truncated":false,"text":"@laurelirving7 @nswincidents Would strongly suggest following official advice. Listen to official news outlets directly. Not 2nd hand info.","in_reply_to_status_id":544319450569134081,"id":544326900835831808,"favorite_count":0,"source":"<a href=\"http://twitter.com/download/iphone\" rel=\"nofollow\">Twitter for iPhone</a>","retweeted":false,"coordinates":null,"entities":{"symbols":[],"user_mentions":[{"id":195160252,"indices":[0,14],"id_str":"195160252","screen_name":"laurelirving7","name":"Laurel Irving"},{"id":48626190,"indices":[15,28],"id_str":"48626190","screen_name":"nswincidents","name":"NSW Incident Alerts"}],"hashtags":[],"urls":[]},"in_reply_to_screen_name":"laurelirving7","id_str":"544326900835831808","retweet_count":0,"in_reply_to_user_id":195160252,"favorited":false,"user":{"follow_request_sent":false,"profile_use_background_image":true,"profile_text_color":"333333","default_profile_image":false,"id":1228903394,"profile_background_image_url_https":"https://abs.twimg.com/images/themes/theme1/bg.png","verified":false,"profile_location":null,"profile_image_url_https":"https://pbs.twimg.com/profile_images/378800000659726434/775cbc8830a892f47216b8fd9cb6a965_normal.jpeg","profile_sidebar_fill_color":"DDEEF6","entities":{"description":{"urls":[]}},"followers_count":28,"profile_sidebar_border_color":"C0DEED","id_str":"1228903394","profile_background_color":"C0DEED","listed_count":3,"is_translation_enabled":false,"utc_offset":null,"statuses_count":167,"description":"Emergency Management Officer","friends_count":45,"location":"Sydney, Australia","profile_link_color":"0084B4","profile_image_url":"http://pbs.twimg.com/profile_images/378800000659726434/775cbc8830a892f47216b8fd9cb6a965_normal.jpeg","following":false,"geo_enabled":false,"profile_banner_url":"https://pbs.twimg.com/profile_banners/1228903394/1365840230","profile_background_image_url":"http://abs.twimg.com/images/themes/theme1/bg.png","name":"Danny Fraticelli","lang":"en","profile_background_tile":false,"favourites_count":3,"screen_name":"frat1dan","notifications":false,"url":null,"created_at":"Fri Mar 01 03:13:17 +0000 2013","contributors_enabled":false,"time_zone":null,"protected":false,"default_profile":true,"is_translator":false},"geo":null,"in_reply_to_user_id_str":"195160252","lang":"en","created_at":"Mon Dec 15 03:03:40 +0000 2014","in_reply_to_status_id_str":"544319450569134081","place":null},
{"contributors":null,"truncated":false,"text":"@laurelirving7 @tyroga Well that’s interesting, Premier Baird &amp; Police Chief moments ago said “go about your business”…","in_reply_to_status_id":544319450569134081,"id":544327182013562880,"favorite_count":1,"source":"<a href=\"http://tapbots.com/software/tweetbot/mac\" rel=\"nofollow\">Tweetbot for Mac</a>","retweeted":false,"coordinates":null,"entities":{"symbols":[],"user_mentions":[{"id":195160252,"indices":[0,14],"id_str":"195160252","screen_name":"laurelirving7","name":"Laurel Irving"},{"id":771528,"indices":[15,22],"id_str":"771528","screen_name":"tyroga","name":"Tyroga"}],"hashtags":[],"urls":[]},"in_reply_to_screen_name":"laurelirving7","id_str":"544327182013562880","retweet_count":0,"in_reply_to_user_id":195160252,"favorited":false,"user":{"follow_request_sent":false,"profile_use_background_image":true,"profile_text_color":"333333","default_profile_image":false,"id":1947671,"profile_background_image_url_https":"https://pbs.twimg.com/profile_background_images/733961143/6d95edc8c8bf12dace8c80f89b3d05f1.png","verified":false,"profile_location":null,"profile_image_url_https":"https://pbs.twimg.com/profile_images/566179085148102656/AwpcO8Mx_normal.jpeg","profile_sidebar_fill_color":"C0DFEC","entities":{"url":{"urls":[{"url":"http://t.co/zHeT4NmygK","indices":[0,22],"expanded_url":"http://www.techydude.com.au","display_url":"techydude.com.au"}]},"description":{"urls":[]}},"followers_count":459,"profile_sidebar_border_color":"FFFFFF","id_str":"1947671","profile_background_color":"022330","listed_count":31,"is_translation_enabled":false,"utc_offset":39600,"statuses_count":12986,"description":"I coax itty-bitty microcontrollers to leap through hoops on demand. A prickly, non-denominational skeptic/atheist, mostly harmless, cat-patter.","friends_count":460,"location":"Sydney Australia","profile_link_color":"0084B4","profile_image_url":"http://pbs.twimg.com/profile_images/566179085148102656/AwpcO8Mx_normal.jpeg","following":false,"geo_enabled":false,"profile_banner_url":"https://pbs.twimg.com/profile_banners/1947671/1392956839","profile_background_image_url":"http://pbs.twimg.com/profile_background_images/733961143/6d95edc8c8bf12dace8c80f89b3d05f1.png","name":"Amfony May","lang":"en","profile_background_tile":true,"favourites_count":31,"screen_name":"techydude","notifications":false,"url":"http://t.co/zHeT4NmygK","created_at":"Thu Mar 22 22:38:25 +0000 2007","contributors_enabled":false,"time_zone":"Sydney","protected":false,"default_profile":false,"is_translator":false},"geo":null,"in_reply_to_user_id_str":"195160252","lang":"en","created_at":"Mon Dec 15 03:04:47 +0000 2014","in_reply_to_status_id_str":"544319450569134081","place":null},
{"contributors":null,"truncated":false,"text":"@techydude I don’t think I’d be staying… oh look Joe Hockey talking about our budget today! It’s bury the lead day!","in_reply_to_status_id":544327182013562880,"id":544327636084723713,"favorite_count":0,"source":"<a href=\"http://tapbots.com/software/tweetbot/mac\" rel=\"nofollow\">Tweetbot for Mac</a>","retweeted":false,"coordinates":null,"entities":{"symbols":[],"user_mentions":[{"id":1947671,"indices":[0,10],"id_str":"1947671","screen_name":"techydude","name":"Amfony May"}],"hashtags":[],"urls":[]},"in_reply_to_screen_name":"techydude","id_str":"544327636084723713","retweet_count":0,"in_reply_to_user_id":1947671,"favorited":false,"user":{"follow_request_sent":false,"profile_use_background_image":true,"profile_text_color":"333333","default_profile_image":false,"id":771528,"profile_background_image_url_https":"https://pbs.twimg.com/profile_background_images/325230767/werribee_river_cliffs_65.jpg","verified":false,"profile_location":null,"profile_image_url_https":"https://pbs.twimg.com/profile_images/561739181894819842/JEU969Ba_normal.jpeg","profile_sidebar_fill_color":"DDEEF6","entities":{"description":{"urls":[]}},"followers_count":422,"profile_sidebar_border_color":"C0DEED","id_str":"771528","profile_background_color":"C0DEED","listed_count":17,"is_translation_enabled":false,"utc_offset":39600,"statuses_count":21760,"description":"Melbourne-based techno eater, wannabe photographer and partial human.","friends_count":416,"location":"Melbourne Australia","profile_link_color":"0084B4","profile_image_url":"http://pbs.twimg.com/profile_images/561739181894819842/JEU969Ba_normal.jpeg","following":false,"geo_enabled":true,"profile_banner_url":"https://pbs.twimg.com/profile_banners/771528/1383780986","profile_background_image_url":"http://pbs.twimg.com/profile_background_images/325230767/werribee_river_cliffs_65.jpg","name":"Tyroga","lang":"en","profile_background_tile":false,"favourites_count":864,"screen_name":"tyroga","notifications":false,"url":null,"created_at":"Wed Feb 14 03:54:30 +0000 2007","contributors_enabled":false,"time_zone":"Melbourne","protected":false,"default_profile":false,"is_translator":false},"geo":null,"in_reply_to_user_id_str":"1947671","lang":"en","created_at":"Mon Dec 15 03:06:36 +0000 2014","in_reply_to_status_id_str":"544327182013562880","place":{"full_name":"Cremorne, Melbourne","url":"https://api.twitter.com/1.1/geo/id/6d29a8ac233c5fff.json","country":"Australia","place_type":"neighborhood","bounding_box":{"type":"Polygon","coordinates":[[[144.98792892,-37.83432798],[144.99792684,-37.83432798],[144.99792684,-37.82462202],[144.98792892,-37.82462202]]]},"contained_within":[],"country_code":"AU","attributes":{},"id":"6d29a8ac233c5fff","name":"Cremorne"}},
{"contributors":null,"truncated":false,"text":"@tyroga yep","in_reply_to_status_id":544327636084723713,"id":544327728875311104,"favorite_count":0,"source":"<a href=\"http://tapbots.com/software/tweetbot/mac\" rel=\"nofollow\">Tweetbot for Mac</a>","retweeted":false,"coordinates":null,"entities":{"symbols":[],"user_mentions":[{"id":771528,"indices":[0,7],"id_str":"771528","screen_name":"tyroga","name":"Tyroga"}],"hashtags":[],"urls":[]},"in_reply_to_screen_name":"tyroga","id_str":"544327728875311104","retweet_count":0,"in_reply_to_user_id":771528,"favorited":false,"user":{"follow_request_sent":false,"profile_use_background_image":true,"profile_text_color":"333333","default_profile_image":false,"id":1947671,"profile_background_image_url_https":"https://pbs.twimg.com/profile_background_images/733961143/6d95edc8c8bf12dace8c80f89b3d05f1.png","verified":false,"profile_location":null,"profile_image_url_https":"https://pbs.twimg.com/profile_images/566179085148102656/AwpcO8Mx_normal.jpeg","profile_sidebar_fill_color":"C0DFEC","entities":{"url":{"urls":[{"url":"http://t.co/zHeT4NmygK","indices":[0,22],"expanded_url":"http://www.techydude.com.au","display_url":"techydude.com.au"}]},"description":{"urls":[]}},"followers_count":459,"profile_sidebar_border_color":"FFFFFF","id_str":"1947671","profile_background_color":"022330","listed_count":31,"is_translation_enabled":false,"utc_offset":39600,"statuses_count":12986,"description":"I coax itty-bitty microcontrollers to leap through hoops on demand. A prickly, non-denominational skeptic/atheist, mostly harmless, cat-patter.","friends_count":460,"location":"Sydney Australia","profile_link_color":"0084B4","profile_image_url":"http://pbs.twimg.com/profile_images/566179085148102656/AwpcO8Mx_normal.jpeg","following":false,"geo_enabled":false,"profile_banner_url":"https://pbs.twimg.com/profile_banners/1947671/1392956839","profile_background_image_url":"http://pbs.twimg.com/profile_background_images/733961143/6d95edc8c8bf12dace8c80f89b3d05f1.png","name":"Amfony May","lang":"en","profile_background_tile":true,"favourites_count":31,"screen_name":"techydude","notifications":false,"url":"http://t.co/zHeT4NmygK","created_at":"Thu Mar 22 22:38:25 +0000 2007","contributors_enabled":false,"time_zone":"Sydney","protected":false,"default_profile":false,"is_translator":false},"geo":null,"in_reply_to_user_id_str":"771528","lang":"und","created_at":"Mon Dec 15 03:06:58 +0000 2014","in_reply_to_status_id_str":"544327636084723713","place":null},
{"contributors":null,"truncated":false,"text":"@laurelirving7 NSW Transport Management has just told Seven News everyone in CBD Sydney should now leave if they're able.” @Roger_Rogering","in_reply_to_status_id":544319450569134081,"id":544335670664126464,"favorite_count":1,"source":"<a href=\"http://twitter.com/download/iphone\" rel=\"nofollow\">Twitter for iPhone</a>","retweeted":false,"coordinates":null,"entities":{"symbols":[],"user_mentions":[{"id":195160252,"indices":[0,14],"id_str":"195160252","screen_name":"laurelirving7","name":"Laurel Irving"},{"id":297638443,"indices":[123,138],"id_str":"297638443","screen_name":"Roger_Rogering","name":"Richmond Millier"}],"hashtags":[],"urls":[]},"in_reply_to_screen_name":"laurelirving7","id_str":"544335670664126464","retweet_count":1,"in_reply_to_user_id":195160252,"favorited":false,"user":{"follow_request_sent":false,"profile_use_background_image":true,"profile_text_color":"333333","default_profile_image":false,"id":41771226,"profile_background_image_url_https":"https://abs.twimg.com/images/themes/theme1/bg.png","verified":false,"profile_location":null,"profile_image_url_https":"https://pbs.twimg.com/profile_images/1370544757/Picture_20001_1__normal","profile_sidebar_fill_color":"DDEEF6","entities":{"description":{"urls":[]}},"followers_count":17,"profile_sidebar_border_color":"C0DEED","id_str":"41771226","profile_background_color":"C0DEED","listed_count":0,"is_translation_enabled":false,"utc_offset":39600,"statuses_count":63,"description":"","friends_count":41,"location":"Sydney Australia","profile_link_color":"0084B4","profile_image_url":"http://pbs.twimg.com/profile_images/1370544757/Picture_20001_1__normal","following":false,"geo_enabled":false,"profile_background_image_url":"http://abs.twimg.com/images/themes/theme1/bg.png","name":"Sarah Millier","lang":"en","profile_background_tile":false,"favourites_count":9,"screen_name":"ladybeetle80","notifications":false,"url":null,"created_at":"Fri May 22 07:16:12 +0000 2009","contributors_enabled":false,"time_zone":"Sydney","protected":false,"default_profile":true,"is_translator":false},"geo":null,"in_reply_to_user_id_str":"195160252","lang":"en","created_at":"Mon Dec 15 03:38:31 +0000 2014","in_reply_to_status_id_str":"544319450569134081","place":null}
]