[{"contributors":null,"truncated":false,"text":"@HarrietBaldwin Pretty obviously so at this point.","in_reply_to_status_id":544317474498703360,"id":544317760847622145,"favorite_count":0,"source":"<a href=\"http://twitter.com\" rel=\"nofollow\">Twitter Web Client</a>","retweeted":false,"coordinates":null,"entities":{"symbols":[],"user_mentions":[{"id":230859523,"indices":[0,15],"id_str":"230859523","screen_name":"HarrietBaldwin","name":"★♥ Harriet Baldwin "}],"hashtags":[],"urls":[]},"in_reply_to_screen_name":"HarrietBaldwin","id_str":"544317760847622145","retweet_count":0,"in_reply_to_user_id":230859523,"favorited":false,"user":{"follow_request_sent":false,"profile_use_background_image":true,"profile_text_color":"333333","default_profile_image":false,"id":347913941,"profile_background_image_url_https":"https://pbs.twimg.com/profile_background_images/565828997/dragon.jpg","verified":false,"profile_location":null,"profile_image_url_https":"https://pbs.twimg.com/profile_images/571911585392627712/XKq98DDu_normal.png","profile_sidebar_fill_color":"DDEEF6","entities":{"description":{"urls":[]}},"followers_count":1280,"profile_sidebar_border_color":"C0DEED","id_str":"347913941","profile_background_color":"C0DEED","listed_count":37,"is_translation_enabled":false,"utc_offset":-21600,"statuses_count":44130,"description":"Alter Ego @stevenswenson5 for gulag stints #WAR       *ΜΟΛΩΝ ΛΑΒE* NRA * TSRA * GOA USAF VET * TEXAS","friends_count":1446,"location":"","profile_link_color":"0084B4","profile_image_url":"http://pbs.twimg.com/profile_images/571911585392627712/XKq98DDu_normal.png","following":false,"geo_enabled":false,"profile_banner_url":"https://pbs.twimg.com/profile_banners/347913941/1355976947","profile_background_image_url":"http://pbs.twimg.com/profile_background_images/565828997/dragon.jpg","name":" Steven Swenson (RC)","lang":"en","profile_background_tile":false,"favourites_count":815,"screen_name":"Steven_Swenson","notifications":false,"url":null,"created_at":"Wed Aug 03 15:34:26 +0000 2011","contributors_enabled":false,"time_zone":"Central Time (US & Canada)","protected":false,"default_profile":false,"is_translator":false},"geo":null,"in_reply_to_user_id_str":"230859523","lang":"en","created_at":"Mon Dec 15 02:27:21 +0000 2014","in_reply_to_status_id_str":"544317474498703360","place":null},
{"contributors":null,"truncated":false,"text":"@HarrietBaldwin It's the diseased Liberal minds that are defending these barbarians.","in_reply_to_status_id":544317474498703360,"id":544318583325868034,"favorite_count":0,"source":"<a href=\"http://twitter.com\" rel=\"nofollow\">Twitter Web Client</a>","retweeted":false,"coordinates":null,"entities":{"symbols":[],"user_mentions":[{"id":230859523,"indices":[0,15],"id_str":"230859523","screen_name":"HarrietBaldwin","name":"★♥ Harriet Baldwin "}],"hashtags":[],"urls":[]},"in_reply_to_screen_name":"HarrietBaldwin","id_str":"544318583325868034","retweet_count":1,"in_reply_to_user_id":230859523,"favorited":false,"user":{"follow_request_sent":false,"profile_use_background_image":false,"profile_text_color":"000000","default_profile_image":false,"id":398073907,"profile_background_image_url_https":"https://abs.twimg.com/images/themes/theme10/bg.gif","verified":false,"profile_location":null,"profile_image_url_https":"https://pbs.twimg.com/profile_images/552899875805732864/aDH8Dme__normal.jpeg","profile_sidebar_fill_color":"000000","entities":{"description":{"urls":[]}},"followers_count":1755,"profile_sidebar_border_color":"000000","id_str":"398073907","profile_background_color":"000000","listed_count":30,"is_translation_enabled":false,"utc_offset":null,"statuses_count":14636,"description":"Frederick Douglass Republican. Save and restore our Constitutional Republic from the Commies. #IStandWithIsrael  #2A  #TeaParty Honor our VETS and Troops. #tcot","friends_count":1915,"location":"SARAH PALIN 2016 ","profile_link_color":"9266CC","profile_image_url":"http://pbs.twimg.com/profile_images/552899875805732864/aDH8Dme__normal.jpeg","following":false,"geo_enabled":false,"profile_banner_url":"https://pbs.twimg.com/profile_banners/398073907/1398715748","profile_background_image_url":"http://abs.twimg.com/images/themes/theme10/bg.gif","name":"JudgeMbro","lang":"en","profile_background_tile":false,"favourites_count":11710,"screen_name":"JudgeMbro","notifications":false,"url":null,"created_at":"Tue Oct 25 14:58:07 +0000 2011","contributors_enabled":false,"time_zone":null,"protected":false,"default_profile":false,"is_translator":false},"geo":null,"in_reply_to_user_id_str":"230859523","lang":"en","created_at":"Mon Dec 15 02:30:37 +0000 2014","in_reply_to_status_id_str":"544317474498703360","place":null},
{"contributors":null,"truncated":false,"text":"Might be, might not be. I am keeping calm and letting the police do their bit. I am not worried about labels right now. @HarrietBaldwin","in_reply_to_status_id":544317474498703360,"id":544319191310815232,"favorite_count":0,"source":"<a href=\"http://twitter.com\" rel=\"nofollow\">Twitter Web Client</a>","retweeted":false,"coordinates":null,"entities":{"symbols":[],"user_mentions":[{"id":230859523,"indices":[120,135],"id_str":"230859523","screen_name":"HarrietBaldwin","name":"★♥ Harriet Baldwin "}],"hashtags":[],"urls":[]},"in_reply_to_screen_name":"HarrietBaldwin","id_str":"544319191310815232","retweet_count":1,"in_reply_to_user_id":230859523,"favorited":false,"user":{"follow_request_sent":false,"profile_use_background_image":true,"profile_text_color":"333333","default_profile_image":false,"id":267989050,"profile_background_image_url_https":"https://pbs.twimg.com/profile_background_images/392526580/Mum_htc_smartphone_nov11_003.jpg","verified":false,"profile_location":null,"profile_image_url_https":"https://pbs.twimg.com/profile_images/544568022862540800/SCEFOP9j_normal.jpeg","profile_sidebar_fill_color":"DDEEF6","entities":{"url":{"urls":[{"url":"https://t.co/0WoOLCdrKO","indices":[0,23],"expanded_url":"https://www.facebook.com/AjaxandStamp","display_url":"facebook.com/AjaxandStamp"}]},"description":{"urls":[]}},"followers_count":757,"profile_sidebar_border_color":"C0DEED","id_str":"267989050","profile_background_color":"C0DEED","listed_count":9,"is_translation_enabled":false,"utc_offset":37800,"statuses_count":26603,"description":"Looking for my two lost dogs, Ajax & Stamp in Adelaide. SA, Australia. Missing since 19 July 2011. I admire Julia Gillard. (& RTs do not = endorsement.)","friends_count":1194,"location":"Adelaide SA Australia","profile_link_color":"9266CC","profile_image_url":"http://pbs.twimg.com/profile_images/544568022862540800/SCEFOP9j_normal.jpeg","following":false,"geo_enabled":true,"profile_banner_url":"https://pbs.twimg.com/profile_banners/267989050/1353390467","profile_background_image_url":"http://pbs.twimg.com/profile_background_images/392526580/Mum_htc_smartphone_nov11_003.jpg","name":"RideWithYou PuffyTMD","lang":"en","profile_background_tile":false,"favourites_count":182,"screen_name":"PuffyTMD","notifications":false,"url":"https://t.co/0WoOLCdrKO","created_at":"Thu Mar 17 23:18:40 +0000 2011","contributors_enabled":false,"time_zone":"Adelaide","protected":false,"default_profile":false,"is_translator":false},"geo":null,"in_reply_to_user_id_str":"230859523","lang":"en","created_at":"Mon Dec 15 02:33:02 +0000 2014","in_reply_to_status_id_str":"544317474498703360","place":{"full_name":"Adelaide, South Australia","url":"https://api.twitter.com/1.1/geo/id/01e8a1a140ccdc5c.json","country":"Australia","place_type":"city","bounding_box":{"type":"Polygon","coordinates":[[[138.44212992,-35.348970061],[138.780189824,-35.348970061],[138.780189824,-34.652564053],[138.44212992,-34.652564053]]]},"contained_within":[],"country_code":"AU","attributes":{},"id":"01e8a1a140ccdc5c","name":"Adelaide"}},
{"contributors":null,"truncated":false,"text":"I am no  supporter of Abbott but it is bit early to blame the Coalition gov't don't you think? @JudgeMbro @HarrietBaldwin","in_reply_to_status_id":544318583325868034,"id":544319513752121344,"favorite_count":1,"source":"<a href=\"http://twitter.com\" rel=\"nofollow\">Twitter Web Client</a>","retweeted":false,"coordinates":null,"entities":{"symbols":[],"user_mentions":[{"id":398073907,"indices":[95,105],"id_str":"398073907","screen_name":"JudgeMbro","name":"JudgeMbro"},{"id":230859523,"indices":[106,121],"id_str":"230859523","screen_name":"HarrietBaldwin","name":"★♥ Harriet Baldwin "}],"hashtags":[],"urls":[]},"in_reply_to_screen_name":"JudgeMbro","id_str":"544319513752121344","retweet_count":1,"in_reply_to_user_id":398073907,"favorited":false,"user":{"follow_request_sent":false,"profile_use_background_image":true,"profile_text_color":"333333","default_profile_image":false,"id":267989050,"profile_background_image_url_https":"https://pbs.twimg.com/profile_background_images/392526580/Mum_htc_smartphone_nov11_003.jpg","verified":false,"profile_location":null,"profile_image_url_https":"https://pbs.twimg.com/profile_images/544568022862540800/SCEFOP9j_normal.jpeg","profile_sidebar_fill_color":"DDEEF6","entities":{"url":{"urls":[{"url":"https://t.co/0WoOLCdrKO","indices":[0,23],"expanded_url":"https://www.facebook.com/AjaxandStamp","display_url":"facebook.com/AjaxandStamp"}]},"description":{"urls":[]}},"followers_count":757,"profile_sidebar_border_color":"C0DEED","id_str":"267989050","profile_background_color":"C0DEED","listed_count":9,"is_translation_enabled":false,"utc_offset":37800,"statuses_count":26603,"description":"Looking for my two lost dogs, Ajax & Stamp in Adelaide. SA, Australia. Missing since 19 July 2011. I admire Julia Gillard. (& RTs do not = endorsement.)","friends_count":1194,"location":"Adelaide SA Australia","profile_link_color":"9266CC","profile_image_url":"http://pbs.twimg.com/profile_images/544568022862540800/SCEFOP9j_normal.jpeg","following":false,"geo_enabled":true,"profile_banner_url":"https://pbs.twimg.com/profile_banners/267989050/1353390467","profile_background_image_url":"http://pbs.twimg.com/profile_background_images/392526580/Mum_htc_smartphone_nov11_003.jpg","name":"RideWithYou PuffyTMD","lang":"en","profile_background_tile":false,"favourites_count":182,"screen_name":"PuffyTMD","notifications":false,"url":"https://t.co/0WoOLCdrKO","created_at":"Thu Mar 17 23:18:40 +0000 2011","contributors_enabled":false,"time_zone":"Adelaide","protected":false,"default_profile":false,"is_translator":false},"geo":null,"in_reply_to_user_id_str":"398073907","lang":"en","created_at":"Mon Dec 15 02:34:19 +0000 2014","in_reply_to_status_id_str":"544318583325868034","place":{"full_name":"Adelaide, South Australia","url":"https://api.twitter.com/1.1/geo/id/01e8a1a140ccdc5c.json","country":"Australia","place_type":"city","bounding_box":{"type":"Polygon","coordinates":[[[138.44212992,-35.348970061],[138.780189824,-35.348970061],[138.780189824,-34.652564053],[138.44212992,-34.652564053]]]},"contained_within":[],"country_code":"AU","attributes":{},"id":"01e8a1a140ccdc5c","name":"Adelaide"}},
{"contributors":null,"truncated":false,"text":"@PuffyTMD @JudgeMbro @HarrietBaldwin   they are confusing \"Liberal\" with left wing politics don't realise Liberal - Conservative here in Oz","in_reply_to_status_id":544319513752121344,"id":544320172426022912,"favorite_count":0,"source":"<a href=\"https://about.twitter.com/products/tweetdeck\" rel=\"nofollow\">TweetDeck</a>","retweeted":false,"coordinates":null,"entities":{"symbols":[],"user_mentions":[{"id":267989050,"indices":[0,9],"id_str":"267989050","screen_name":"PuffyTMD","name":"No $7 GPTax PuffyTMD"},{"id":398073907,"indices":[10,20],"id_str":"398073907","screen_name":"JudgeMbro","name":"JudgeMbro"},{"id":230859523,"indices":[21,36],"id_str":"230859523","screen_name":"HarrietBaldwin","name":"★♥ Harriet Baldwin "}],"hashtags":[],"urls":[]},"in_reply_to_screen_name":"PuffyTMD","id_str":"544320172426022912","retweet_count":0,"in_reply_to_user_id":267989050,"favorited":false,"user":{"follow_request_sent":false,"profile_use_background_image":true,"profile_text_color":"333333","default_profile_image":false,"id":28080447,"profile_background_image_url_https":"https://abs.twimg.com/images/themes/theme1/bg.png","verified":false,"profile_location":null,"profile_image_url_https":"https://pbs.twimg.com/profile_images/524505960874655744/3oPh-Mtp_normal.jpeg","profile_sidebar_fill_color":"DDEEF6","entities":{"description":{"urls":[]}},"followers_count":1120,"profile_sidebar_border_color":"C0DEED","id_str":"28080447","profile_background_color":"C0DEED","listed_count":27,"is_translation_enabled":false,"utc_offset":28800,"statuses_count":138299,"description":"Passionate ALP Member I Swear at Idiots of all political flavours and Genders  Despise Tories and Greens who attack ALP Views my own Deal With It","friends_count":2000,"location":"WA","profile_link_color":"0084B4","profile_image_url":"http://pbs.twimg.com/profile_images/524505960874655744/3oPh-Mtp_normal.jpeg","following":false,"geo_enabled":false,"profile_banner_url":"https://pbs.twimg.com/profile_banners/28080447/1413907121","profile_background_image_url":"http://abs.twimg.com/images/themes/theme1/bg.png","name":"Frank Calabrese ","lang":"en","profile_background_tile":false,"favourites_count":80,"screen_name":"frankscan65","notifications":false,"url":null,"created_at":"Wed Apr 01 09:58:10 +0000 2009","contributors_enabled":false,"time_zone":"Perth","protected":false,"default_profile":true,"is_translator":false},"geo":null,"in_reply_to_user_id_str":"267989050","lang":"en","created_at":"Mon Dec 15 02:36:56 +0000 2014","in_reply_to_status_id_str":"544319513752121344","place":null},
{"contributors":null,"truncated":false,"text":"@PuffyTMD @HarrietBaldwin Liberals,there and here in the US are all to blame for the horrors we are witnessing now in Sydney and in the ME.","in_reply_to_status_id":544319513752121344,"id":544321570064568321,"favorite_count":0,"source":"<a href=\"http://twitter.com\" rel=\"nofollow\">Twitter Web Client</a>","retweeted":false,"coordinates":null,"entities":{"symbols":[],"user_mentions":[{"id":267989050,"indices":[0,9],"id_str":"267989050","screen_name":"PuffyTMD","name":"RideWithYou PuffyTMD"},{"id":230859523,"indices":[10,25],"id_str":"230859523","screen_name":"HarrietBaldwin","name":"★♥ Harriet Baldwin "}],"hashtags":[],"urls":[]},"in_reply_to_screen_name":"PuffyTMD","id_str":"544321570064568321","retweet_count":0,"in_reply_to_user_id":267989050,"favorited":false,"user":{"follow_request_sent":false,"profile_use_background_image":false,"profile_text_color":"000000","default_profile_image":false,"id":398073907,"profile_background_image_url_https":"https://abs.twimg.com/images/themes/theme10/bg.gif","verified":false,"profile_location":null,"profile_image_url_https":"https://pbs.twimg.com/profile_images/552899875805732864/aDH8Dme__normal.jpeg","profile_sidebar_fill_color":"000000","entities":{"description":{"urls":[]}},"followers_count":1755,"profile_sidebar_border_color":"000000","id_str":"398073907","profile_background_color":"000000","listed_count":30,"is_translation_enabled":false,"utc_offset":null,"statuses_count":14636,"description":"Frederick Douglass Republican. Save and restore our Constitutional Republic from the Commies. #IStandWithIsrael  #2A  #TeaParty Honor our VETS and Troops. #tcot","friends_count":1915,"location":"SARAH PALIN 2016 ","profile_link_color":"9266CC","profile_image_url":"http://pbs.twimg.com/profile_images/552899875805732864/aDH8Dme__normal.jpeg","following":false,"geo_enabled":false,"profile_banner_url":"https://pbs.twimg.com/profile_banners/398073907/1398715748","profile_background_image_url":"http://abs.twimg.com/images/themes/theme10/bg.gif","name":"JudgeMbro","lang":"en","profile_background_tile":false,"favourites_count":11710,"screen_name":"JudgeMbro","notifications":false,"url":null,"created_at":"Tue Oct 25 14:58:07 +0000 2011","contributors_enabled":false,"time_zone":null,"protected":false,"default_profile":false,"is_translator":false},"geo":null,"in_reply_to_user_id_str":"267989050","lang":"en","created_at":"Mon Dec 15 02:42:29 +0000 2014","in_reply_to_status_id_str":"544319513752121344","place":null},
{"contributors":null,"truncated":false,"text":"@frankscan65 @JudgeMbro @HarrietBaldwin I know. And they are very easily confused. comes from rigid brain pathways, like vinyl record groove","in_reply_to_status_id":544320172426022912,"id":544321892157370368,"favorite_count":0,"source":"<a href=\"http://twitter.com\" rel=\"nofollow\">Twitter Web Client</a>","retweeted":false,"coordinates":null,"entities":{"symbols":[],"user_mentions":[{"id":28080447,"indices":[0,12],"id_str":"28080447","screen_name":"frankscan65","name":"Frank Calabrese "},{"id":398073907,"indices":[13,23],"id_str":"398073907","screen_name":"JudgeMbro","name":"JudgeMbro"},{"id":230859523,"indices":[24,39],"id_str":"230859523","screen_name":"HarrietBaldwin","name":"★♥ Harriet Baldwin "}],"hashtags":[],"urls":[]},"in_reply_to_screen_name":"frankscan65","id_str":"544321892157370368","retweet_count":2,"in_reply_to_user_id":28080447,"favorited":false,"user":{"follow_request_sent":false,"profile_use_background_image":true,"profile_text_color":"333333","default_profile_image":false,"id":267989050,"profile_background_image_url_https":"https://pbs.twimg.com/profile_background_images/392526580/Mum_htc_smartphone_nov11_003.jpg","verified":false,"profile_location":null,"profile_image_url_https":"https://pbs.twimg.com/profile_images/544568022862540800/SCEFOP9j_normal.jpeg","profile_sidebar_fill_color":"DDEEF6","entities":{"url":{"urls":[{"url":"https://t.co/0WoOLCdrKO","indices":[0,23],"expanded_url":"https://www.facebook.com/AjaxandStamp","display_url":"facebook.com/AjaxandStamp"}]},"description":{"urls":[]}},"followers_count":757,"profile_sidebar_border_color":"C0DEED","id_str":"267989050","profile_background_color":"C0DEED","listed_count":9,"is_translation_enabled":false,"utc_offset":37800,"statuses_count":26603,"description":"Looking for my two lost dogs, Ajax & Stamp in Adelaide. SA, Australia. Missing since 19 July 2011. I admire Julia Gillard. (& RTs do not = endorsement.)","friends_count":1194,"location":"Adelaide SA Australia","profile_link_color":"9266CC","profile_image_url":"http://pbs.twimg.com/profile_images/544568022862540800/SCEFOP9j_normal.jpeg","following":false,"geo_enabled":true,"profile_banner_url":"https://pbs.twimg.com/profile_banners/267989050/1353390467","profile_background_image_url":"http://pbs.twimg.com/profile_background_images/392526580/Mum_htc_smartphone_nov11_003.jpg","name":"RideWithYou PuffyTMD","lang":"en","profile_background_tile":false,"favourites_count":182,"screen_name":"PuffyTMD","notifications":false,"url":"https://t.co/0WoOLCdrKO","created_at":"Thu Mar 17 23:18:40 +0000 2011","contributors_enabled":false,"time_zone":"Adelaide","protected":false,"default_profile":false,"is_translator":false},"geo":null,"in_reply_to_user_id_str":"28080447","lang":"en","created_at":"Mon Dec 15 02:43:46 +0000 2014","in_reply_to_status_id_str":"544320172426022912","place":{"full_name":"Adelaide, South Australia","url":"https://api.twitter.com/1.1/geo/id/01e8a1a140ccdc5c.json","country":"Australia","place_type":"city","bounding_box":{"type":"Polygon","coordinates":[[[138.44212992,-35.348970061],[138.780189824,-35.348970061],[138.780189824,-34.652564053],[138.44212992,-34.652564053]]]},"contained_within":[],"country_code":"AU","attributes":{},"id":"01e8a1a140ccdc5c","name":"Adelaide"}},
{"contributors":null,"truncated":false,"text":"Piss Off. stop using our siege for your own political purposes. keep to yr own side of the ocean. #notwantedhere @JudgeMbro @HarrietBaldwin","in_reply_to_status_id":544321570064568321,"id":544322391216623616,"favorite_count":3,"source":"<a href=\"http://twitter.com\" rel=\"nofollow\">Twitter Web Client</a>","retweeted":false,"coordinates":null,"entities":{"symbols":[],"user_mentions":[{"id":398073907,"indices":[113,123],"id_str":"398073907","screen_name":"JudgeMbro","name":"JudgeMbro"},{"id":230859523,"indices":[124,139],"id_str":"230859523","screen_name":"HarrietBaldwin","name":"★♥ Harriet Baldwin "}],"hashtags":[{"indices":[98,112],"text":"notwantedhere"}],"urls":[]},"in_reply_to_screen_name":"JudgeMbro","id_str":"544322391216623616","retweet_count":1,"in_reply_to_user_id":398073907,"favorited":false,"user":{"follow_request_sent":false,"profile_use_background_image":true,"profile_text_color":"333333","default_profile_image":false,"id":267989050,"profile_background_image_url_https":"https://pbs.twimg.com/profile_background_images/392526580/Mum_htc_smartphone_nov11_003.jpg","verified":false,"profile_location":null,"profile_image_url_https":"https://pbs.twimg.com/profile_images/544568022862540800/SCEFOP9j_normal.jpeg","profile_sidebar_fill_color":"DDEEF6","entities":{"url":{"urls":[{"url":"https://t.co/0WoOLCdrKO","indices":[0,23],"expanded_url":"https://www.facebook.com/AjaxandStamp","display_url":"facebook.com/AjaxandStamp"}]},"description":{"urls":[]}},"followers_count":757,"profile_sidebar_border_color":"C0DEED","id_str":"267989050","profile_background_color":"C0DEED","listed_count":9,"is_translation_enabled":false,"utc_offset":37800,"statuses_count":26603,"description":"Looking for my two lost dogs, Ajax & Stamp in Adelaide. SA, Australia. Missing since 19 July 2011. I admire Julia Gillard. (& RTs do not = endorsement.)","friends_count":1194,"location":"Adelaide SA Australia","profile_link_color":"9266CC","profile_image_url":"http://pbs.twimg.com/profile_images/544568022862540800/SCEFOP9j_normal.jpeg","following":false,"geo_enabled":true,"profile_banner_url":"https://pbs.twimg.com/profile_banners/267989050/1353390467","profile_background_image_url":"http://pbs.twimg.com/profile_background_images/392526580/Mum_htc_smartphone_nov11_003.jpg","name":"RideWithYou PuffyTMD","lang":"en","profile_background_tile":false,"favourites_count":182,"screen_name":"PuffyTMD","notifications":false,"url":"https://t.co/0WoOLCdrKO","created_at":"Thu Mar 17 23:18:40 +0000 2011","contributors_enabled":false,"time_zone":"Adelaide","protected":false,"default_profile":false,"is_translator":false},"geo":null,"in_reply_to_user_id_str":"398073907","lang":"en","created_at":"Mon Dec 15 02:45:45 +0000 2014","in_reply_to_status_id_str":"544321570064568321","place":{"full_name":"Adelaide, South Australia","url":"https://api.twitter.com/1.1/geo/id/01e8a1a140ccdc5c.json","country":"Australia","place_type":"city","bounding_box":{"type":"Polygon","coordinates":[[[138.44212992,-35.348970061],[138.780189824,-35.348970061],[138.780189824,-34.652564053],[138.44212992,-34.652564053]]]},"contained_within":[],"country_code":"AU","attributes":{},"id":"01e8a1a140ccdc5c","name":"Adelaide"}},
{"contributors":null,"truncated":false,"text":"U are EXACTLY same as perp in cafe. A fundametnalist religous/poltical ideologue with a gun &amp; no brains. #getlost @JudgeMbro @HarrietBaldwin","in_reply_to_status_id":544321570064568321,"id":544323116877377536,"favorite_count":1,"source":"<a href=\"http://twitter.com\" rel=\"nofollow\">Twitter Web Client</a>","retweeted":false,"coordinates":null,"entities":{"symbols":[],"user_mentions":[{"id":398073907,"indices":[118,128],"id_str":"398073907","screen_name":"JudgeMbro","name":"JudgeMbro"},{"id":230859523,"indices":[129,144],"id_str":"230859523","screen_name":"HarrietBaldwin","name":"★♥ Harriet Baldwin "}],"hashtags":[{"indices":[109,117],"text":"getlost"}],"urls":[]},"in_reply_to_screen_name":"JudgeMbro","id_str":"544323116877377536","retweet_count":1,"in_reply_to_user_id":398073907,"favorited":false,"user":{"follow_request_sent":false,"profile_use_background_image":true,"profile_text_color":"333333","default_profile_image":false,"id":267989050,"profile_background_image_url_https":"https://pbs.twimg.com/profile_background_images/392526580/Mum_htc_smartphone_nov11_003.jpg","verified":false,"profile_location":null,"profile_image_url_https":"https://pbs.twimg.com/profile_images/544568022862540800/SCEFOP9j_normal.jpeg","profile_sidebar_fill_color":"DDEEF6","entities":{"url":{"urls":[{"url":"https://t.co/0WoOLCdrKO","indices":[0,23],"expanded_url":"https://www.facebook.com/AjaxandStamp","display_url":"facebook.com/AjaxandStamp"}]},"description":{"urls":[]}},"followers_count":757,"profile_sidebar_border_color":"C0DEED","id_str":"267989050","profile_background_color":"C0DEED","listed_count":9,"is_translation_enabled":false,"utc_offset":37800,"statuses_count":26603,"description":"Looking for my two lost dogs, Ajax & Stamp in Adelaide. SA, Australia. Missing since 19 July 2011. I admire Julia Gillard. (& RTs do not = endorsement.)","friends_count":1194,"location":"Adelaide SA Australia","profile_link_color":"9266CC","profile_image_url":"http://pbs.twimg.com/profile_images/544568022862540800/SCEFOP9j_normal.jpeg","following":false,"geo_enabled":true,"profile_banner_url":"https://pbs.twimg.com/profile_banners/267989050/1353390467","profile_background_image_url":"http://pbs.twimg.com/profile_background_images/392526580/Mum_htc_smartphone_nov11_003.jpg","name":"RideWithYou PuffyTMD","lang":"en","profile_background_tile":false,"favourites_count":182,"screen_name":"PuffyTMD","notifications":false,"url":"https://t.co/0WoOLCdrKO","created_at":"Thu Mar 17 23:18:40 +0000 2011","contributors_enabled":false,"time_zone":"Adelaide","protected":false,"default_profile":false,"is_translator":false},"geo":null,"in_reply_to_user_id_str":"398073907","lang":"en","created_at":"Mon Dec 15 02:48:38 +0000 2014","in_reply_to_status_id_str":"544321570064568321","place":{"full_name":"Adelaide, South Australia","url":"https://api.twitter.com/1.1/geo/id/01e8a1a140ccdc5c.json","country":"Australia","place_type":"city","bounding_box":{"type":"Polygon","coordinates":[[[138.44212992,-35.348970061],[138.780189824,-35.348970061],[138.780189824,-34.652564053],[138.44212992,-34.652564053]]]},"contained_within":[],"country_code":"AU","attributes":{},"id":"01e8a1a140ccdc5c","name":"Adelaide"}},
{"contributors":null,"truncated":false,"text":"@HarrietBaldwin Send Hillary to Sydney to #empathize with them. Send Feinstein too !!","in_reply_to_status_id":544317474498703360,"id":544323418657914882,"favorite_count":2,"source":"<a href=\"http://twitter.com\" rel=\"nofollow\">Twitter Web Client</a>","retweeted":false,"coordinates":null,"entities":{"symbols":[],"user_mentions":[{"id":230859523,"indices":[0,15],"id_str":"230859523","screen_name":"HarrietBaldwin","name":"★♥ Harriet Baldwin "}],"hashtags":[{"indices":[42,52],"text":"empathize"}],"urls":[]},"in_reply_to_screen_name":"HarrietBaldwin","id_str":"544323418657914882","retweet_count":5,"in_reply_to_user_id":230859523,"favorited":false,"user":{"follow_request_sent":false,"profile_use_background_image":true,"profile_text_color":"333333","default_profile_image":false,"id":341087665,"profile_background_image_url_https":"https://abs.twimg.com/images/themes/theme1/bg.png","verified":false,"profile_location":null,"profile_image_url_https":"https://pbs.twimg.com/profile_images/1458902986/flag_normal.jpg","profile_sidebar_fill_color":"DDEEF6","entities":{"description":{"urls":[]}},"followers_count":3339,"profile_sidebar_border_color":"C0DEED","id_str":"341087665","profile_background_color":"C0DEED","listed_count":81,"is_translation_enabled":false,"utc_offset":-18000,"statuses_count":68587,"description":"Obama is for socialist  govt that spends more than can be afforded by taxpayers. All govt run programs waste money. It's a fact.Followed by Ted Cruz.","friends_count":3265,"location":"Albany NY","profile_link_color":"0084B4","profile_image_url":"http://pbs.twimg.com/profile_images/1458902986/flag_normal.jpg","following":false,"geo_enabled":true,"profile_background_image_url":"http://abs.twimg.com/images/themes/theme1/bg.png","name":"tom nichols","lang":"en","profile_background_tile":false,"favourites_count":4546,"screen_name":"mrtom2360","notifications":false,"url":null,"created_at":"Sat Jul 23 19:46:20 +0000 2011","contributors_enabled":false,"time_zone":"Eastern Time (US & Canada)","protected":false,"default_profile":true,"is_translator":false},"geo":null,"in_reply_to_user_id_str":"230859523","lang":"en","created_at":"Mon Dec 15 02:49:50 +0000 2014","in_reply_to_status_id_str":"544317474498703360","place":{"full_name":"Saratoga Springs, NY","url":"https://api.twitter.com/1.1/geo/id/d606af411edd5297.json","country":"United States","place_type":"city","bounding_box":{"type":"Polygon","coordinates":[[[-73.848875,43.020588],[-73.684637,43.020588],[-73.684637,43.11327],[-73.848875,43.11327]]]},"contained_within":[],"country_code":"US","attributes":{},"id":"d606af411edd5297","name":"Saratoga Springs"}},
{"contributors":null,"truncated":false,"text":"@PuffyTMD @JudgeMbro @HarrietBaldwin  Block the idiots like I did","in_reply_to_status_id":544323116877377536,"id":544323607074066432,"favorite_count":0,"source":"<a href=\"https://about.twitter.com/products/tweetdeck\" rel=\"nofollow\">TweetDeck</a>","retweeted":false,"coordinates":null,"entities":{"symbols":[],"user_mentions":[{"id":267989050,"indices":[0,9],"id_str":"267989050","screen_name":"PuffyTMD","name":"RideWithYou PuffyTMD"},{"id":398073907,"indices":[10,20],"id_str":"398073907","screen_name":"JudgeMbro","name":"JudgeMbro"},{"id":230859523,"indices":[21,36],"id_str":"230859523","screen_name":"HarrietBaldwin","name":"★♥ Harriet Baldwin "}],"hashtags":[],"urls":[]},"in_reply_to_screen_name":"PuffyTMD","id_str":"544323607074066432","retweet_count":0,"in_reply_to_user_id":267989050,"favorited":false,"user":{"follow_request_sent":false,"profile_use_background_image":true,"profile_text_color":"333333","default_profile_image":false,"id":28080447,"profile_background_image_url_https":"https://abs.twimg.com/images/themes/theme1/bg.png","verified":false,"profile_location":null,"profile_image_url_https":"https://pbs.twimg.com/profile_images/524505960874655744/3oPh-Mtp_normal.jpeg","profile_sidebar_fill_color":"DDEEF6","entities":{"description":{"urls":[]}},"followers_count":1120,"profile_sidebar_border_color":"C0DEED","id_str":"28080447","profile_background_color":"C0DEED","listed_count":27,"is_translation_enabled":false,"utc_offset":28800,"statuses_count":138301,"description":"Passionate ALP Member I Swear at Idiots of all political flavours and Genders  Despise Tories and Greens who attack ALP Views my own Deal With It","friends_count":2000,"location":"WA","profile_link_color":"0084B4","profile_image_url":"http://pbs.twimg.com/profile_images/524505960874655744/3oPh-Mtp_normal.jpeg","following":false,"geo_enabled":false,"profile_banner_url":"https://pbs.twimg.com/profile_banners/28080447/1413907121","profile_background_image_url":"http://abs.twimg.com/images/themes/theme1/bg.png","name":"Frank Calabrese ","lang":"en","profile_background_tile":false,"favourites_count":80,"screen_name":"frankscan65","notifications":false,"url":null,"created_at":"Wed Apr 01 09:58:10 +0000 2009","contributors_enabled":false,"time_zone":"Perth","protected":false,"default_profile":true,"is_translator":false},"geo":null,"in_reply_to_user_id_str":"267989050","lang":"en","created_at":"Mon Dec 15 02:50:35 +0000 2014","in_reply_to_status_id_str":"544323116877377536","place":null},
{"contributors":null,"truncated":false,"text":"@HarrietBaldwin @msbizz73 \n\nMeh.\n\n#WorkplaceViolence","in_reply_to_status_id":544317474498703360,"id":544324663925821440,"favorite_count":0,"source":"<a href=\"https://twitter.com/download/android\" rel=\"nofollow\">Twitter for Android Tablets</a>","retweeted":false,"coordinates":null,"entities":{"symbols":[],"user_mentions":[{"id":230859523,"indices":[0,15],"id_str":"230859523","screen_name":"HarrietBaldwin","name":"★♥ Harriet Baldwin "},{"id":862831734,"indices":[16,25],"id_str":"862831734","screen_name":"msbizz73","name":"Kelly"}],"hashtags":[{"indices":[34,52],"text":"WorkplaceViolence"}],"urls":[]},"in_reply_to_screen_name":"HarrietBaldwin","id_str":"544324663925821440","retweet_count":2,"in_reply_to_user_id":230859523,"favorited":false,"user":{"follow_request_sent":false,"profile_use_background_image":true,"profile_text_color":"663B12","default_profile_image":false,"id":615570587,"profile_background_image_url_https":"https://abs.twimg.com/images/themes/theme2/bg.gif","verified":false,"profile_location":null,"profile_image_url_https":"https://pbs.twimg.com/profile_images/3769072000/5744c67dd97a047ca17efa6e369748e8_normal.jpeg","profile_sidebar_fill_color":"DAECF4","entities":{"description":{"urls":[]}},"followers_count":2620,"profile_sidebar_border_color":"C6E2EE","id_str":"615570587","profile_background_color":"C6E2EE","listed_count":63,"is_translation_enabled":false,"utc_offset":-14400,"statuses_count":73631,"description":"RAH-RAH American! Refugee from Godless Communism and dedicated to Truth, Justice, and the American Way. Proudly Right Wing Extremist since 1968.","friends_count":1698,"location":"I was a teenaged Reaganite.","profile_link_color":"1F98C7","profile_image_url":"http://pbs.twimg.com/profile_images/3769072000/5744c67dd97a047ca17efa6e369748e8_normal.jpeg","following":false,"geo_enabled":true,"profile_banner_url":"https://pbs.twimg.com/profile_banners/615570587/1362280676","profile_background_image_url":"http://abs.twimg.com/images/themes/theme2/bg.gif","name":"CoolCzech","lang":"en","profile_background_tile":false,"favourites_count":25010,"screen_name":"CoolCzech1","notifications":false,"url":null,"created_at":"Fri Jun 22 22:12:43 +0000 2012","contributors_enabled":false,"time_zone":"Atlantic Time (Canada)","protected":false,"default_profile":false,"is_translator":false},"geo":null,"in_reply_to_user_id_str":"230859523","lang":"und","created_at":"Mon Dec 15 02:54:47 +0000 2014","in_reply_to_status_id_str":"544317474498703360","place":null},
{"contributors":null,"truncated":false,"text":"@HarrietBaldwin Islamic Terroism committed by Muslims...","in_reply_to_status_id":544317474498703360,"id":544324792208609280,"favorite_count":0,"source":"<a href=\"http://twitter.com/download/android\" rel=\"nofollow\">Twitter for Android</a>","retweeted":false,"coordinates":null,"entities":{"symbols":[],"user_mentions":[{"id":230859523,"indices":[0,15],"id_str":"230859523","screen_name":"HarrietBaldwin","name":"★♥ Harriet Baldwin "}],"hashtags":[],"urls":[]},"in_reply_to_screen_name":"HarrietBaldwin","id_str":"544324792208609280","retweet_count":0,"in_reply_to_user_id":230859523,"favorited":false,"user":{"follow_request_sent":false,"profile_use_background_image":true,"profile_text_color":"333333","default_profile_image":false,"id":186867756,"profile_background_image_url_https":"https://abs.twimg.com/images/themes/theme14/bg.gif","verified":false,"profile_location":null,"profile_image_url_https":"https://pbs.twimg.com/profile_images/1117233593/Old_English_D_normal.jpg","profile_sidebar_fill_color":"EFEFEF","entities":{"description":{"urls":[]}},"followers_count":1491,"profile_sidebar_border_color":"EEEEEE","id_str":"186867756","profile_background_color":"131516","listed_count":25,"is_translation_enabled":false,"utc_offset":-18000,"statuses_count":19802,"description":"Christian, Catholic, Conservative. Detroit Tigers & Detroit Lions fan.","friends_count":1804,"location":"Detroit Suburb","profile_link_color":"009999","profile_image_url":"http://pbs.twimg.com/profile_images/1117233593/Old_English_D_normal.jpg","following":false,"geo_enabled":true,"profile_background_image_url":"http://abs.twimg.com/images/themes/theme14/bg.gif","name":"John Tyler","lang":"en","profile_background_tile":true,"favourites_count":5596,"screen_name":"EintheD1","notifications":false,"url":null,"created_at":"Sat Sep 04 16:34:16 +0000 2010","contributors_enabled":false,"time_zone":"Eastern Time (US & Canada)","protected":false,"default_profile":false,"is_translator":false},"geo":null,"in_reply_to_user_id_str":"230859523","lang":"en","created_at":"Mon Dec 15 02:55:18 +0000 2014","in_reply_to_status_id_str":"544317474498703360","place":null},
{"contributors":null,"truncated":false,"text":"@PuffyTMD @frankscan65 @JudgeMbro @HarrietBaldwin too busy dropping bombs from drones, cause that's ok! Not terror!","in_reply_to_status_id":544321892157370368,"id":544325113894547457,"favorite_count":1,"source":"<a href=\"http://twitter.com/download/iphone\" rel=\"nofollow\">Twitter for iPhone</a>","retweeted":false,"coordinates":null,"entities":{"symbols":[],"user_mentions":[{"id":267989050,"indices":[0,9],"id_str":"267989050","screen_name":"PuffyTMD","name":"RideWithYou PuffyTMD"},{"id":28080447,"indices":[10,22],"id_str":"28080447","screen_name":"frankscan65","name":"Frank Calabrese "},{"id":398073907,"indices":[23,33],"id_str":"398073907","screen_name":"JudgeMbro","name":"JudgeMbro"},{"id":230859523,"indices":[34,49],"id_str":"230859523","screen_name":"HarrietBaldwin","name":"★♥ Harriet Baldwin "}],"hashtags":[],"urls":[]},"in_reply_to_screen_name":"PuffyTMD","id_str":"544325113894547457","retweet_count":1,"in_reply_to_user_id":267989050,"favorited":false,"user":{"follow_request_sent":false,"profile_use_background_image":true,"profile_text_color":"333333","default_profile_image":false,"id":187088245,"profile_background_image_url_https":"https://abs.twimg.com/images/themes/theme1/bg.png","verified":false,"profile_location":null,"profile_image_url_https":"https://pbs.twimg.com/profile_images/378800000229286992/1881917053991ac93a4b3e8c18e3d474_normal.jpeg","profile_sidebar_fill_color":"DDEEF6","entities":{"description":{"urls":[]}},"followers_count":241,"profile_sidebar_border_color":"C0DEED","id_str":"187088245","profile_background_color":"C0DEED","listed_count":3,"is_translation_enabled":false,"utc_offset":28800,"statuses_count":5259,"description":"My eye's have been opened to the duplicity of the neoliberal agenda.","friends_count":637,"location":"","profile_link_color":"0084B4","profile_image_url":"http://pbs.twimg.com/profile_images/378800000229286992/1881917053991ac93a4b3e8c18e3d474_normal.jpeg","following":false,"geo_enabled":false,"profile_banner_url":"https://pbs.twimg.com/profile_banners/187088245/1362883726","profile_background_image_url":"http://abs.twimg.com/images/themes/theme1/bg.png","name":"Oxymoron","lang":"en","profile_background_tile":false,"favourites_count":329,"screen_name":"liberalfacist","notifications":false,"url":null,"created_at":"Sun Sep 05 06:26:33 +0000 2010","contributors_enabled":false,"time_zone":"Perth","protected":false,"default_profile":true,"is_translator":false},"geo":null,"in_reply_to_user_id_str":"267989050","lang":"en","created_at":"Mon Dec 15 02:56:34 +0000 2014","in_reply_to_status_id_str":"544321892157370368","place":null},
{"contributors":null,"truncated":false,"text":"@HarrietBaldwin You're exactly right. I can't believe people are saying to not be calling it what it obviously is.. Terrorism!","in_reply_to_status_id":544317474498703360,"id":544325540199804928,"favorite_count":0,"source":"<a href=\"http://twitter.com/download/android\" rel=\"nofollow\">Twitter for Android</a>","retweeted":false,"coordinates":null,"entities":{"symbols":[],"user_mentions":[{"id":230859523,"indices":[0,15],"id_str":"230859523","screen_name":"HarrietBaldwin","name":"★♥ Harriet Baldwin "}],"hashtags":[],"urls":[]},"in_reply_to_screen_name":"HarrietBaldwin","id_str":"544325540199804928","retweet_count":0,"in_reply_to_user_id":230859523,"favorited":false,"user":{"follow_request_sent":false,"profile_use_background_image":true,"profile_text_color":"333333","default_profile_image":false,"id":1957499384,"profile_background_image_url_https":"https://abs.twimg.com/images/themes/theme1/bg.png","verified":false,"profile_location":null,"profile_image_url_https":"https://pbs.twimg.com/profile_images/512318521813258240/3H_S2A-m_normal.jpeg","profile_sidebar_fill_color":"DDEEF6","entities":{"description":{"urls":[]}},"followers_count":3208,"profile_sidebar_border_color":"C0DEED","id_str":"1957499384","profile_background_color":"C0DEED","listed_count":76,"is_translation_enabled":false,"utc_offset":null,"statuses_count":39169,"description":"I Love My Country ❤I Follow Lots Of Good People Who Make A Difference In This World: My Dad Was A Korean War Veteran #PJNET #America","friends_count":3210,"location":"","profile_link_color":"0084B4","profile_image_url":"http://pbs.twimg.com/profile_images/512318521813258240/3H_S2A-m_normal.jpeg","following":false,"geo_enabled":false,"profile_banner_url":"https://pbs.twimg.com/profile_banners/1957499384/1410981227","profile_background_image_url":"http://abs.twimg.com/images/themes/theme1/bg.png","name":"jean ( ˘ ³˘)♥","lang":"en","profile_background_tile":false,"favourites_count":3465,"screen_name":"jeanlaurienti1","notifications":false,"url":null,"created_at":"Sat Oct 12 21:02:53 +0000 2013","contributors_enabled":false,"time_zone":null,"protected":false,"default_profile":true,"is_translator":false},"geo":null,"in_reply_to_user_id_str":"230859523","lang":"en","created_at":"Mon Dec 15 02:58:16 +0000 2014","in_reply_to_status_id_str":"544317474498703360","place":null},
{"contributors":null,"truncated":false,"text":"@jeanlaurienti1 islamo-nazi terrorism.","in_reply_to_status_id":544325540199804928,"id":544325796534693888,"favorite_count":0,"source":"<a href=\"http://twitter.com\" rel=\"nofollow\">Twitter Web Client</a>","retweeted":false,"coordinates":null,"entities":{"symbols":[],"user_mentions":[{"id":1957499384,"indices":[0,15],"id_str":"1957499384","screen_name":"jeanlaurienti1","name":"jean ( ˘ ³˘)♥"}],"hashtags":[],"urls":[]},"in_reply_to_screen_name":"jeanlaurienti1","id_str":"544325796534693888","retweet_count":1,"in_reply_to_user_id":1957499384,"favorited":false,"user":{"follow_request_sent":false,"profile_use_background_image":true,"profile_text_color":"3C3940","default_profile_image":false,"id":230859523,"profile_background_image_url_https":"https://pbs.twimg.com/profile_background_images/539967234362183680/xGjXp86l.jpeg","verified":false,"profile_location":null,"profile_image_url_https":"https://pbs.twimg.com/profile_images/566093966953574400/3vGpte1d_normal.jpeg","profile_sidebar_fill_color":"95E8EC","entities":{"description":{"urls":[]}},"followers_count":16013,"profile_sidebar_border_color":"FFFFFF","id_str":"230859523","profile_background_color":"0099B9","listed_count":673,"is_translation_enabled":false,"utc_offset":-18000,"statuses_count":251013,"description":"Constitutional Conservative Commentator \r\nJournalist Activist -Troublemaker For Liberty","friends_count":2653,"location":"♥ USA ♥","profile_link_color":"0099B9","profile_image_url":"http://pbs.twimg.com/profile_images/566093966953574400/3vGpte1d_normal.jpeg","following":false,"geo_enabled":false,"profile_banner_url":"https://pbs.twimg.com/profile_banners/230859523/1402175679","profile_background_image_url":"http://pbs.twimg.com/profile_background_images/539967234362183680/xGjXp86l.jpeg","name":"★♥ Harriet Baldwin ","lang":"en","profile_background_tile":true,"favourites_count":84255,"screen_name":"HarrietBaldwin","notifications":false,"url":null,"created_at":"Sun Dec 26 22:37:20 +0000 2010","contributors_enabled":false,"time_zone":"Eastern Time (US & Canada)","protected":false,"default_profile":false,"is_translator":false},"geo":null,"in_reply_to_user_id_str":"1957499384","lang":"it","created_at":"Mon Dec 15 02:59:17 +0000 2014","in_reply_to_status_id_str":"544325540199804928","place":null},
{"contributors":null,"truncated":false,"text":"@JudgeMbro @PuffyTMD @HarrietBaldwin Wow; that's one of the most ignorant, idiotic statements I've read in a while. Well done!","in_reply_to_status_id":544321570064568321,"id":544325918018527232,"favorite_count":0,"source":"<a href=\"http://twitter.com/download/iphone\" rel=\"nofollow\">Twitter for iPhone</a>","retweeted":false,"coordinates":null,"entities":{"symbols":[],"user_mentions":[{"id":398073907,"indices":[0,10],"id_str":"398073907","screen_name":"JudgeMbro","name":"JudgeMbro"},{"id":267989050,"indices":[11,20],"id_str":"267989050","screen_name":"PuffyTMD","name":"RideWithYou PuffyTMD"},{"id":230859523,"indices":[21,36],"id_str":"230859523","screen_name":"HarrietBaldwin","name":"★♥ Harriet Baldwin "}],"hashtags":[],"urls":[]},"in_reply_to_screen_name":"JudgeMbro","id_str":"544325918018527232","retweet_count":0,"in_reply_to_user_id":398073907,"favorited":false,"user":{"follow_request_sent":false,"profile_use_background_image":true,"profile_text_color":"333333","default_profile_image":false,"id":19122063,"profile_background_image_url_https":"https://abs.twimg.com/images/themes/theme1/bg.png","verified":false,"profile_location":null,"profile_image_url_https":"https://pbs.twimg.com/profile_images/543871987626422272/RUE1o0dH_normal.jpeg","profile_sidebar_fill_color":"DDEEF6","entities":{"url":{"urls":[{"url":"http://t.co/kVCMu7Y6Do","indices":[0,22],"expanded_url":"http://random-blather.com","display_url":"random-blather.com"}]},"description":{"urls":[]}},"followers_count":230,"profile_sidebar_border_color":"C0DEED","id_str":"19122063","profile_background_color":"C0DEED","listed_count":4,"is_translation_enabled":false,"utc_offset":null,"statuses_count":15036,"description":"Dad, computer nerd, technical writer, unpublished author, fire-breathing leftist, sex worker supporter, & purveyor of random, opinionated blather.","friends_count":85,"location":"30.27427,-97.778898","profile_link_color":"0084B4","profile_image_url":"http://pbs.twimg.com/profile_images/543871987626422272/RUE1o0dH_normal.jpeg","following":false,"geo_enabled":false,"profile_background_image_url":"http://abs.twimg.com/images/themes/theme1/bg.png","name":"Douglas Moran","lang":"en","profile_background_tile":false,"favourites_count":117,"screen_name":"dougom","notifications":false,"url":"http://t.co/kVCMu7Y6Do","created_at":"Sat Jan 17 20:12:21 +0000 2009","contributors_enabled":false,"time_zone":null,"protected":false,"default_profile":true,"is_translator":false},"geo":null,"in_reply_to_user_id_str":"398073907","lang":"en","created_at":"Mon Dec 15 02:59:46 +0000 2014","in_reply_to_status_id_str":"544321570064568321","place":null},
{"contributors":null,"truncated":false,"text":"@HarrietBaldwin It all evens out in the end; lots of people are profoundly sick of the current crop of so-called \"conservatives\".","in_reply_to_status_id":544317474498703360,"id":544326329139597314,"favorite_count":0,"source":"<a href=\"http://twitter.com/download/iphone\" rel=\"nofollow\">Twitter for iPhone</a>","retweeted":false,"coordinates":null,"entities":{"symbols":[],"user_mentions":[{"id":230859523,"indices":[0,15],"id_str":"230859523","screen_name":"HarrietBaldwin","name":"★♥ Harriet Baldwin "}],"hashtags":[],"urls":[]},"in_reply_to_screen_name":"HarrietBaldwin","id_str":"544326329139597314","retweet_count":0,"in_reply_to_user_id":230859523,"favorited":false,"user":{"follow_request_sent":false,"profile_use_background_image":true,"profile_text_color":"333333","default_profile_image":false,"id":19122063,"profile_background_image_url_https":"https://abs.twimg.com/images/themes/theme1/bg.png","verified":false,"profile_location":null,"profile_image_url_https":"https://pbs.twimg.com/profile_images/543871987626422272/RUE1o0dH_normal.jpeg","profile_sidebar_fill_color":"DDEEF6","entities":{"url":{"urls":[{"url":"http://t.co/kVCMu7Y6Do","indices":[0,22],"expanded_url":"http://random-blather.com","display_url":"random-blather.com"}]},"description":{"urls":[]}},"followers_count":230,"profile_sidebar_border_color":"C0DEED","id_str":"19122063","profile_background_color":"C0DEED","listed_count":4,"is_translation_enabled":false,"utc_offset":null,"statuses_count":15036,"description":"Dad, computer nerd, technical writer, unpublished author, fire-breathing leftist, sex worker supporter, & purveyor of random, opinionated blather.","friends_count":85,"location":"30.27427,-97.778898","profile_link_color":"0084B4","profile_image_url":"http://pbs.twimg.com/profile_images/543871987626422272/RUE1o0dH_normal.jpeg","following":false,"geo_enabled":false,"profile_background_image_url":"http://abs.twimg.com/images/themes/theme1/bg.png","name":"Douglas Moran","lang":"en","profile_background_tile":false,"favourites_count":117,"screen_name":"dougom","notifications":false,"url":"http://t.co/kVCMu7Y6Do","created_at":"Sat Jan 17 20:12:21 +0000 2009","contributors_enabled":false,"time_zone":null,"protected":false,"default_profile":true,"is_translator":false},"geo":null,"in_reply_to_user_id_str":"230859523","lang":"en","created_at":"Mon Dec 15 03:01:24 +0000 2014","in_reply_to_status_id_str":"544317474498703360","place":null},
{"contributors":null,"truncated":false,"text":"@janeelot We have live feeds and the internet here, Puddin. Praying for the hostages.","in_reply_to_status_id":544324465769713664,"id":544326370579718144,"favorite_count":1,"source":"<a href=\"http://twitter.com\" rel=\"nofollow\">Twitter Web Client</a>","retweeted":false,"coordinates":null,"entities":{"symbols":[],"user_mentions":[{"id":88621420,"indices":[0,9],"id_str":"88621420","screen_name":"janeelot","name":"Comrade Canoe"}],"hashtags":[],"urls":[]},"in_reply_to_screen_name":"janeelot","id_str":"544326370579718144","retweet_count":0,"in_reply_to_user_id":88621420,"favorited":false,"user":{"follow_request_sent":false,"profile_use_background_image":true,"profile_text_color":"3C3940","default_profile_image":false,"id":230859523,"profile_background_image_url_https":"https://pbs.twimg.com/profile_background_images/539967234362183680/xGjXp86l.jpeg","verified":false,"profile_location":null,"profile_image_url_https":"https://pbs.twimg.com/profile_images/566093966953574400/3vGpte1d_normal.jpeg","profile_sidebar_fill_color":"95E8EC","entities":{"description":{"urls":[]}},"followers_count":16013,"profile_sidebar_border_color":"FFFFFF","id_str":"230859523","profile_background_color":"0099B9","listed_count":673,"is_translation_enabled":false,"utc_offset":-18000,"statuses_count":251013,"description":"Constitutional Conservative Commentator \r\nJournalist Activist -Troublemaker For Liberty","friends_count":2653,"location":"♥ USA ♥","profile_link_color":"0099B9","profile_image_url":"http://pbs.twimg.com/profile_images/566093966953574400/3vGpte1d_normal.jpeg","following":false,"geo_enabled":false,"profile_banner_url":"https://pbs.twimg.com/profile_banners/230859523/1402175679","profile_background_image_url":"http://pbs.twimg.com/profile_background_images/539967234362183680/xGjXp86l.jpeg","name":"★♥ Harriet Baldwin ","lang":"en","profile_background_tile":true,"favourites_count":84255,"screen_name":"HarrietBaldwin","notifications":false,"url":null,"created_at":"Sun Dec 26 22:37:20 +0000 2010","contributors_enabled":false,"time_zone":"Eastern Time (US & Canada)","protected":false,"default_profile":false,"is_translator":false},"geo":null,"in_reply_to_user_id_str":"88621420","lang":"en","created_at":"Mon Dec 15 03:01:34 +0000 2014","in_reply_to_status_id_str":"544324465769713664","place":null},
{"contributors":null,"truncated":false,"text":"@dougom @PuffyTMD @HarrietBaldwin Seems to hurt you more than others doesn't it?","in_reply_to_status_id":544325918018527232,"id":544326678529712128,"favorite_count":0,"source":"<a href=\"http://twitter.com\" rel=\"nofollow\">Twitter Web Client</a>","retweeted":false,"coordinates":null,"entities":{"symbols":[],"user_mentions":[{"id":19122063,"indices":[0,7],"id_str":"19122063","screen_name":"dougom","name":"Douglas Moran"},{"id":267989050,"indices":[8,17],"id_str":"267989050","screen_name":"PuffyTMD","name":"RideWithYou PuffyTMD"},{"id":230859523,"indices":[18,33],"id_str":"230859523","screen_name":"HarrietBaldwin","name":"★♥ Harriet Baldwin "}],"hashtags":[],"urls":[]},"in_reply_to_screen_name":"dougom","id_str":"544326678529712128","retweet_count":0,"in_reply_to_user_id":19122063,"favorited":false,"user":{"follow_request_sent":false,"profile_use_background_image":false,"profile_text_color":"000000","default_profile_image":false,"id":398073907,"profile_background_image_url_https":"https://abs.twimg.com/images/themes/theme10/bg.gif","verified":false,"profile_location":null,"profile_image_url_https":"https://pbs.twimg.com/profile_images/552899875805732864/aDH8Dme__normal.jpeg","profile_sidebar_fill_color":"000000","entities":{"description":{"urls":[]}},"followers_count":1755,"profile_sidebar_border_color":"000000","id_str":"398073907","profile_background_color":"000000","listed_count":30,"is_translation_enabled":false,"utc_offset":null,"statuses_count":14639,"description":"Frederick Douglass Republican. Save and restore our Constitutional Republic from the Commies. #IStandWithIsrael  #2A  #TeaParty Honor our VETS and Troops. #tcot","friends_count":1916,"location":"SARAH PALIN 2016 ","profile_link_color":"9266CC","profile_image_url":"http://pbs.twimg.com/profile_images/552899875805732864/aDH8Dme__normal.jpeg","following":false,"geo_enabled":false,"profile_banner_url":"https://pbs.twimg.com/profile_banners/398073907/1398715748","profile_background_image_url":"http://abs.twimg.com/images/themes/theme10/bg.gif","name":"JudgeMbro","lang":"en","profile_background_tile":false,"favourites_count":11713,"screen_name":"JudgeMbro","notifications":false,"url":null,"created_at":"Tue Oct 25 14:58:07 +0000 2011","contributors_enabled":false,"time_zone":null,"protected":false,"default_profile":false,"is_translator":false},"geo":null,"in_reply_to_user_id_str":"19122063","lang":"en","created_at":"Mon Dec 15 03:02:47 +0000 2014","in_reply_to_status_id_str":"544325918018527232","place":null},
{"contributors":null,"truncated":false,"text":"@dougom Conservatives are profoundly sick of Republicans as well as liberals.","in_reply_to_status_id":544326329139597314,"id":544327237718511616,"favorite_count":0,"source":"<a href=\"http://twitter.com\" rel=\"nofollow\">Twitter Web Client</a>","retweeted":false,"coordinates":null,"entities":{"symbols":[],"user_mentions":[{"id":19122063,"indices":[0,7],"id_str":"19122063","screen_name":"dougom","name":"Douglas Moran"}],"hashtags":[],"urls":[]},"in_reply_to_screen_name":"dougom","id_str":"544327237718511616","retweet_count":0,"in_reply_to_user_id":19122063,"favorited":false,"user":{"follow_request_sent":false,"profile_use_background_image":true,"profile_text_color":"3C3940","default_profile_image":false,"id":230859523,"profile_background_image_url_https":"https://pbs.twimg.com/profile_background_images/539967234362183680/xGjXp86l.jpeg","verified":false,"profile_location":null,"profile_image_url_https":"https://pbs.twimg.com/profile_images/566093966953574400/3vGpte1d_normal.jpeg","profile_sidebar_fill_color":"95E8EC","entities":{"description":{"urls":[]}},"followers_count":16019,"profile_sidebar_border_color":"FFFFFF","id_str":"230859523","profile_background_color":"0099B9","listed_count":672,"is_translation_enabled":false,"utc_offset":-18000,"statuses_count":251219,"description":"Constitutional Conservative Commentator \r\nJournalist Activist -Troublemaker For Liberty","friends_count":2656,"location":"♥ USA ♥","profile_link_color":"0099B9","profile_image_url":"http://pbs.twimg.com/profile_images/566093966953574400/3vGpte1d_normal.jpeg","following":false,"geo_enabled":false,"profile_banner_url":"https://pbs.twimg.com/profile_banners/230859523/1402175679","profile_background_image_url":"http://pbs.twimg.com/profile_background_images/539967234362183680/xGjXp86l.jpeg","name":"★♥ Harriet Baldwin ","lang":"en","profile_background_tile":true,"favourites_count":84337,"screen_name":"HarrietBaldwin","notifications":false,"url":null,"created_at":"Sun Dec 26 22:37:20 +0000 2010","contributors_enabled":false,"time_zone":"Eastern Time (US & Canada)","protected":false,"default_profile":false,"is_translator":false},"geo":null,"in_reply_to_user_id_str":"19122063","lang":"en","created_at":"Mon Dec 15 03:05:01 +0000 2014","in_reply_to_status_id_str":"544326329139597314","place":null},
{"contributors":null,"truncated":false,"text":"@JudgeMbro @PuffyTMD @HarrietBaldwin And projection, too! Wow; you're quite amazing.","in_reply_to_status_id":544326678529712128,"id":544327770298658816,"favorite_count":0,"source":"<a href=\"http://twitter.com/download/iphone\" rel=\"nofollow\">Twitter for iPhone</a>","retweeted":false,"coordinates":null,"entities":{"symbols":[],"user_mentions":[{"id":398073907,"indices":[0,10],"id_str":"398073907","screen_name":"JudgeMbro","name":"JudgeMbro"},{"id":267989050,"indices":[11,20],"id_str":"267989050","screen_name":"PuffyTMD","name":"RideWithYou PuffyTMD"},{"id":230859523,"indices":[21,36],"id_str":"230859523","screen_name":"HarrietBaldwin","name":"★♥ Harriet Baldwin "}],"hashtags":[],"urls":[]},"in_reply_to_screen_name":"JudgeMbro","id_str":"544327770298658816","retweet_count":0,"in_reply_to_user_id":398073907,"favorited":false,"user":{"follow_request_sent":false,"profile_use_background_image":true,"profile_text_color":"333333","default_profile_image":false,"id":19122063,"profile_background_image_url_https":"https://abs.twimg.com/images/themes/theme1/bg.png","verified":false,"profile_location":null,"profile_image_url_https":"https://pbs.twimg.com/profile_images/543871987626422272/RUE1o0dH_normal.jpeg","profile_sidebar_fill_color":"DDEEF6","entities":{"url":{"urls":[{"url":"http://t.co/kVCMu7Y6Do","indices":[0,22],"expanded_url":"http://random-blather.com","display_url":"random-blather.com"}]},"description":{"urls":[]}},"followers_count":230,"profile_sidebar_border_color":"C0DEED","id_str":"19122063","profile_background_color":"C0DEED","listed_count":4,"is_translation_enabled":false,"utc_offset":null,"statuses_count":15038,"description":"Dad, computer nerd, technical writer, unpublished author, fire-breathing leftist, sex worker supporter, & purveyor of random, opinionated blather.","friends_count":85,"location":"30.27427,-97.778898","profile_link_color":"0084B4","profile_image_url":"http://pbs.twimg.com/profile_images/543871987626422272/RUE1o0dH_normal.jpeg","following":false,"geo_enabled":false,"profile_background_image_url":"http://abs.twimg.com/images/themes/theme1/bg.png","name":"Douglas Moran","lang":"en","profile_background_tile":false,"favourites_count":117,"screen_name":"dougom","notifications":false,"url":"http://t.co/kVCMu7Y6Do","created_at":"Sat Jan 17 20:12:21 +0000 2009","contributors_enabled":false,"time_zone":null,"protected":false,"default_profile":true,"is_translator":false},"geo":null,"in_reply_to_user_id_str":"398073907","lang":"en","created_at":"Mon Dec 15 03:07:08 +0000 2014","in_reply_to_status_id_str":"544326678529712128","place":null},
{"contributors":null,"truncated":false,"text":"@HarrietBaldwin I didn't say a word about Republicans.","in_reply_to_status_id":544327237718511616,"id":544327923805986816,"favorite_count":0,"source":"<a href=\"http://twitter.com/download/iphone\" rel=\"nofollow\">Twitter for iPhone</a>","retweeted":false,"coordinates":null,"entities":{"symbols":[],"user_mentions":[{"id":230859523,"indices":[0,15],"id_str":"230859523","screen_name":"HarrietBaldwin","name":"★♥ Harriet Baldwin "}],"hashtags":[],"urls":[]},"in_reply_to_screen_name":"HarrietBaldwin","id_str":"544327923805986816","retweet_count":0,"in_reply_to_user_id":230859523,"favorited":false,"user":{"follow_request_sent":false,"profile_use_background_image":true,"profile_text_color":"333333","default_profile_image":false,"id":19122063,"profile_background_image_url_https":"https://abs.twimg.com/images/themes/theme1/bg.png","verified":false,"profile_location":null,"profile_image_url_https":"https://pbs.twimg.com/profile_images/543871987626422272/RUE1o0dH_normal.jpeg","profile_sidebar_fill_color":"DDEEF6","entities":{"url":{"urls":[{"url":"http://t.co/kVCMu7Y6Do","indices":[0,22],"expanded_url":"http://random-blather.com","display_url":"random-blather.com"}]},"description":{"urls":[]}},"followers_count":230,"profile_sidebar_border_color":"C0DEED","id_str":"19122063","profile_background_color":"C0DEED","listed_count":4,"is_translation_enabled":false,"utc_offset":null,"statuses_count":15038,"description":"Dad, computer nerd, technical writer, unpublished author, fire-breathing leftist, sex worker supporter, & purveyor of random, opinionated blather.","friends_count":85,"location":"30.27427,-97.778898","profile_link_color":"0084B4","profile_image_url":"http://pbs.twimg.com/profile_images/543871987626422272/RUE1o0dH_normal.jpeg","following":false,"geo_enabled":false,"profile_background_image_url":"http://abs.twimg.com/images/themes/theme1/bg.png","name":"Douglas Moran","lang":"en","profile_background_tile":false,"favourites_count":117,"screen_name":"dougom","notifications":false,"url":"http://t.co/kVCMu7Y6Do","created_at":"Sat Jan 17 20:12:21 +0000 2009","contributors_enabled":false,"time_zone":null,"protected":false,"default_profile":true,"is_translator":false},"geo":null,"in_reply_to_user_id_str":"230859523","lang":"en","created_at":"Mon Dec 15 03:07:44 +0000 2014","in_reply_to_status_id_str":"544327237718511616","place":null},
{"contributors":null,"truncated":false,"text":"@dougom What's your problem with Conservatism? What do you know about it?","in_reply_to_status_id":544327923805986816,"id":544329130750529536,"favorite_count":0,"source":"<a href=\"http://twitter.com\" rel=\"nofollow\">Twitter Web Client</a>","retweeted":false,"coordinates":null,"entities":{"symbols":[],"user_mentions":[{"id":19122063,"indices":[0,7],"id_str":"19122063","screen_name":"dougom","name":"Douglas Moran"}],"hashtags":[],"urls":[]},"in_reply_to_screen_name":"dougom","id_str":"544329130750529536","retweet_count":0,"in_reply_to_user_id":19122063,"favorited":false,"user":{"follow_request_sent":false,"profile_use_background_image":true,"profile_text_color":"3C3940","default_profile_image":false,"id":230859523,"profile_background_image_url_https":"https://pbs.twimg.com/profile_background_images/539967234362183680/xGjXp86l.jpeg","verified":false,"profile_location":null,"profile_image_url_https":"https://pbs.twimg.com/profile_images/566093966953574400/3vGpte1d_normal.jpeg","profile_sidebar_fill_color":"95E8EC","entities":{"description":{"urls":[]}},"followers_count":16019,"profile_sidebar_border_color":"FFFFFF","id_str":"230859523","profile_background_color":"0099B9","listed_count":672,"is_translation_enabled":false,"utc_offset":-18000,"statuses_count":251219,"description":"Constitutional Conservative Commentator \r\nJournalist Activist -Troublemaker For Liberty","friends_count":2656,"location":"♥ USA ♥","profile_link_color":"0099B9","profile_image_url":"http://pbs.twimg.com/profile_images/566093966953574400/3vGpte1d_normal.jpeg","following":false,"geo_enabled":false,"profile_banner_url":"https://pbs.twimg.com/profile_banners/230859523/1402175679","profile_background_image_url":"http://pbs.twimg.com/profile_background_images/539967234362183680/xGjXp86l.jpeg","name":"★♥ Harriet Baldwin ","lang":"en","profile_background_tile":true,"favourites_count":84337,"screen_name":"HarrietBaldwin","notifications":false,"url":null,"created_at":"Sun Dec 26 22:37:20 +0000 2010","contributors_enabled":false,"time_zone":"Eastern Time (US & Canada)","protected":false,"default_profile":false,"is_translator":false},"geo":null,"in_reply_to_user_id_str":"19122063","lang":"en","created_at":"Mon Dec 15 03:12:32 +0000 2014","in_reply_to_status_id_str":"544327923805986816","place":null},
{"contributors":null,"truncated":false,"text":"@EintheD1 @HarrietBaldwin if a Muslim kills an innocent person then they r not a Muslim, they will be classed as an atheist. Pls rephrase 😊","in_reply_to_status_id":544324792208609280,"id":544329721954443264,"favorite_count":0,"source":"<a href=\"http://twitter.com/download/android\" rel=\"nofollow\">Twitter for Android</a>","retweeted":false,"coordinates":null,"entities":{"symbols":[],"user_mentions":[{"id":186867756,"indices":[0,9],"id_str":"186867756","screen_name":"EintheD1","name":"John Tyler"},{"id":230859523,"indices":[10,25],"id_str":"230859523","screen_name":"HarrietBaldwin","name":"★♥ Harriet Baldwin "}],"hashtags":[],"urls":[]},"in_reply_to_screen_name":"EintheD1","id_str":"544329721954443264","retweet_count":0,"in_reply_to_user_id":186867756,"favorited":false,"user":{"follow_request_sent":false,"profile_use_background_image":true,"profile_text_color":"333333","default_profile_image":false,"id":59285561,"profile_background_image_url_https":"https://abs.twimg.com/images/themes/theme1/bg.png","verified":false,"profile_location":null,"profile_image_url_https":"https://pbs.twimg.com/profile_images/583796583575244800/cLlsodk0_normal.jpg","profile_sidebar_fill_color":"DDFFCC","entities":{"description":{"urls":[]}},"followers_count":142,"profile_sidebar_border_color":"BDDCAD","id_str":"59285561","profile_background_color":"9AE4E8","listed_count":5,"is_translation_enabled":false,"utc_offset":0,"statuses_count":8085,"description":"When you’re right, no one remembers. When you’re wrong, no one forgets.","friends_count":690,"location":"","profile_link_color":"0084B4","profile_image_url":"http://pbs.twimg.com/profile_images/583796583575244800/cLlsodk0_normal.jpg","following":false,"geo_enabled":false,"profile_banner_url":"https://pbs.twimg.com/profile_banners/59285561/1408056538","profile_background_image_url":"http://abs.twimg.com/images/themes/theme1/bg.png","name":"Šhüáīb ","lang":"en","profile_background_tile":false,"favourites_count":4197,"screen_name":"stothab","notifications":false,"url":null,"created_at":"Wed Jul 22 23:18:35 +0000 2009","contributors_enabled":false,"time_zone":"Edinburgh","protected":false,"default_profile":false,"is_translator":false},"geo":null,"in_reply_to_user_id_str":"186867756","lang":"en","created_at":"Mon Dec 15 03:14:53 +0000 2014","in_reply_to_status_id_str":"544324792208609280","place":null},
{"contributors":null,"truncated":false,"text":"@HarrietBaldwin Neither did I say I have a problem with conservatism. \"The current crop of 'conservatives'\" is what I have a problem with.","in_reply_to_status_id":544329130750529536,"id":544330531627085824,"favorite_count":0,"source":"<a href=\"http://twitter.com/download/iphone\" rel=\"nofollow\">Twitter for iPhone</a>","retweeted":false,"coordinates":null,"entities":{"symbols":[],"user_mentions":[{"id":230859523,"indices":[0,15],"id_str":"230859523","screen_name":"HarrietBaldwin","name":"★♥ Harriet Baldwin "}],"hashtags":[],"urls":[]},"in_reply_to_screen_name":"HarrietBaldwin","id_str":"544330531627085824","retweet_count":0,"in_reply_to_user_id":230859523,"favorited":false,"user":{"follow_request_sent":false,"profile_use_background_image":true,"profile_text_color":"333333","default_profile_image":false,"id":19122063,"profile_background_image_url_https":"https://abs.twimg.com/images/themes/theme1/bg.png","verified":false,"profile_location":null,"profile_image_url_https":"https://pbs.twimg.com/profile_images/543871987626422272/RUE1o0dH_normal.jpeg","profile_sidebar_fill_color":"DDEEF6","entities":{"url":{"urls":[{"url":"http://t.co/kVCMu7Y6Do","indices":[0,22],"expanded_url":"http://random-blather.com","display_url":"random-blather.com"}]},"description":{"urls":[]}},"followers_count":230,"profile_sidebar_border_color":"C0DEED","id_str":"19122063","profile_background_color":"C0DEED","listed_count":4,"is_translation_enabled":false,"utc_offset":null,"statuses_count":15038,"description":"Dad, computer nerd, technical writer, unpublished author, fire-breathing leftist, sex worker supporter, & purveyor of random, opinionated blather.","friends_count":85,"location":"30.27427,-97.778898","profile_link_color":"0084B4","profile_image_url":"http://pbs.twimg.com/profile_images/543871987626422272/RUE1o0dH_normal.jpeg","following":false,"geo_enabled":false,"profile_background_image_url":"http://abs.twimg.com/images/themes/theme1/bg.png","name":"Douglas Moran","lang":"en","profile_background_tile":false,"favourites_count":117,"screen_name":"dougom","notifications":false,"url":"http://t.co/kVCMu7Y6Do","created_at":"Sat Jan 17 20:12:21 +0000 2009","contributors_enabled":false,"time_zone":null,"protected":false,"default_profile":true,"is_translator":false},"geo":null,"in_reply_to_user_id_str":"230859523","lang":"en","created_at":"Mon Dec 15 03:18:06 +0000 2014","in_reply_to_status_id_str":"544329130750529536","place":null},
{"contributors":null,"truncated":false,"text":"@stothab @HarrietBaldwin Really? You're practicing Taqiyya...","in_reply_to_status_id":544329721954443264,"id":544455448561467392,"favorite_count":0,"source":"<a href=\"http://twitter.com/download/android\" rel=\"nofollow\">Twitter for Android</a>","retweeted":false,"coordinates":null,"entities":{"symbols":[],"user_mentions":[{"id":59285561,"indices":[0,8],"id_str":"59285561","screen_name":"stothab","name":"Šhüáīb "},{"id":230859523,"indices":[9,24],"id_str":"230859523","screen_name":"HarrietBaldwin","name":"★♥ Harriet Baldwin "}],"hashtags":[],"urls":[]},"in_reply_to_screen_name":"stothab","id_str":"544455448561467392","retweet_count":0,"in_reply_to_user_id":59285561,"favorited":false,"user":{"follow_request_sent":false,"profile_use_background_image":true,"profile_text_color":"333333","default_profile_image":false,"id":186867756,"profile_background_image_url_https":"https://abs.twimg.com/images/themes/theme14/bg.gif","verified":false,"profile_location":null,"profile_image_url_https":"https://pbs.twimg.com/profile_images/1117233593/Old_English_D_normal.jpg","profile_sidebar_fill_color":"EFEFEF","entities":{"description":{"urls":[]}},"followers_count":1491,"profile_sidebar_border_color":"EEEEEE","id_str":"186867756","profile_background_color":"131516","listed_count":25,"is_translation_enabled":false,"utc_offset":-18000,"statuses_count":19805,"description":"Christian, Catholic, Conservative. Detroit Tigers & Detroit Lions fan.","friends_count":1803,"location":"Detroit Suburb","profile_link_color":"009999","profile_image_url":"http://pbs.twimg.com/profile_images/1117233593/Old_English_D_normal.jpg","following":false,"geo_enabled":true,"profile_background_image_url":"http://abs.twimg.com/images/themes/theme14/bg.gif","name":"John Tyler","lang":"en","profile_background_tile":true,"favourites_count":5600,"screen_name":"EintheD1","notifications":false,"url":null,"created_at":"Sat Sep 04 16:34:16 +0000 2010","contributors_enabled":false,"time_zone":"Eastern Time (US & Canada)","protected":false,"default_profile":false,"is_translator":false},"geo":null,"in_reply_to_user_id_str":"59285561","lang":"in","created_at":"Mon Dec 15 11:34:29 +0000 2014","in_reply_to_status_id_str":"544329721954443264","place":null}
]