[{"contributors":null,"truncated":false,"text":"@ABC no comment on the visible flag??","in_reply_to_status_id":544315187608973312,"id":544315377862205441,"favorite_count":0,"source":"<a href=\"http://twitter.com/download/android\" rel=\"nofollow\">Twitter for Android</a>","retweeted":false,"coordinates":null,"entities":{"symbols":[],"user_mentions":[{"id":28785486,"indices":[0,4],"id_str":"28785486","screen_name":"ABC","name":"ABC News"}],"hashtags":[],"urls":[]},"in_reply_to_screen_name":"ABC","id_str":"544315377862205441","retweet_count":0,"in_reply_to_user_id":28785486,"favorited":false,"user":{"follow_request_sent":false,"profile_use_background_image":true,"profile_text_color":"333333","default_profile_image":false,"id":37685181,"profile_background_image_url_https":"https://abs.twimg.com/images/themes/theme18/bg.gif","verified":false,"profile_location":null,"profile_image_url_https":"https://pbs.twimg.com/profile_images/378800000386387540/88f770c4b99fedba07f925831bd056ef_normal.png","profile_sidebar_fill_color":"F6F6F6","entities":{"description":{"urls":[]}},"followers_count":650,"profile_sidebar_border_color":"EEEEEE","id_str":"37685181","profile_background_color":"ACDED6","listed_count":13,"is_translation_enabled":false,"utc_offset":-21600,"statuses_count":29361,"description":"Va born; Tx transplant","friends_count":734,"location":"Houston,Texas","profile_link_color":"038543","profile_image_url":"http://pbs.twimg.com/profile_images/378800000386387540/88f770c4b99fedba07f925831bd056ef_normal.png","following":false,"geo_enabled":true,"profile_background_image_url":"http://abs.twimg.com/images/themes/theme18/bg.gif","name":"S D","lang":"en","profile_background_tile":false,"favourites_count":24409,"screen_name":"SHARHAIR","notifications":false,"url":null,"created_at":"Mon May 04 15:39:13 +0000 2009","contributors_enabled":false,"time_zone":"Central Time (US & Canada)","protected":false,"default_profile":false,"is_translator":false},"geo":null,"in_reply_to_user_id_str":"28785486","lang":"en","created_at":"Mon Dec 15 02:17:53 +0000 2014","in_reply_to_status_id_str":"544315187608973312","place":null},
{"contributors":null,"truncated":false,"text":"@ABC @simon02341 Un lien, parmi tant d'autres...","in_reply_to_status_id":544315187608973312,"id":544315400096579584,"favorite_count":0,"source":"<a href=\"http://twitter.com\" rel=\"nofollow\">Twitter Web Client</a>","retweeted":false,"coordinates":null,"entities":{"symbols":[],"user_mentions":[{"id":28785486,"indices":[0,4],"id_str":"28785486","screen_name":"ABC","name":"ABC News"},{"id":2788131814,"indices":[5,16],"id_str":"2788131814","screen_name":"simon02341","name":"Simon Limoges"}],"hashtags":[],"urls":[]},"in_reply_to_screen_name":"ABC","id_str":"544315400096579584","retweet_count":0,"in_reply_to_user_id":28785486,"favorited":false,"user":{"follow_request_sent":false,"profile_use_background_image":true,"profile_text_color":"333333","default_profile_image":false,"id":78898625,"profile_background_image_url_https":"https://pbs.twimg.com/profile_background_images/664018715/twilk_background_505a397516501.jpg","verified":false,"profile_location":null,"profile_image_url_https":"https://pbs.twimg.com/profile_images/436903198209486848/mbnhG95q_normal.jpeg","profile_sidebar_fill_color":"F3F3F3","entities":{"description":{"urls":[]}},"followers_count":3063,"profile_sidebar_border_color":"DFDFDF","id_str":"78898625","profile_background_color":"EBEBEB","listed_count":76,"is_translation_enabled":false,"utc_offset":-18000,"statuses_count":411416,"description":"Deux choses sont infinies:l'univers & la bêtise humaine quoique je me questionne encore sur la première.\r\n(Trad. libre d'une pensée de)\r\nAlbert Einstein","friends_count":3001,"location":"Saint-Lambert, Québec (Canada)","profile_link_color":"990000","profile_image_url":"http://pbs.twimg.com/profile_images/436903198209486848/mbnhG95q_normal.jpeg","following":false,"geo_enabled":false,"profile_banner_url":"https://pbs.twimg.com/profile_banners/78898625/1387166360","profile_background_image_url":"http://pbs.twimg.com/profile_background_images/664018715/twilk_background_505a397516501.jpg","name":"DevilinDisguise","lang":"fr","profile_background_tile":true,"favourites_count":10,"screen_name":"7PinkPanther7","notifications":false,"url":null,"created_at":"Thu Oct 01 13:07:54 +0000 2009","contributors_enabled":false,"time_zone":"Quito","protected":false,"default_profile":false,"is_translator":false},"geo":null,"in_reply_to_user_id_str":"28785486","lang":"fr","created_at":"Mon Dec 15 02:17:58 +0000 2014","in_reply_to_status_id_str":"544315187608973312","place":null},
{"contributors":null,"truncated":false,"text":"Well it's about damn time. \n\n@ABC Sydney hostage situation.\n\nLIVE VIDEO: http://t.co/E8DSkowBwy \nUPDATES: http://t.co/fl3f1eifTu","in_reply_to_status_id":544315187608973312,"id":544315605394808833,"favorite_count":0,"source":"<a href=\"http://twitter.com\" rel=\"nofollow\">Twitter Web Client</a>","retweeted":false,"coordinates":null,"entities":{"symbols":[],"user_mentions":[{"id":28785486,"indices":[29,33],"id_str":"28785486","screen_name":"ABC","name":"ABC News"}],"hashtags":[],"urls":[{"url":"http://t.co/E8DSkowBwy","indices":[73,95],"expanded_url":"http://ABCNews.com/LIVE","display_url":"ABCNews.com/LIVE"},{"url":"http://t.co/fl3f1eifTu","indices":[106,128],"expanded_url":"http://abcn.ws/1zmseGk","display_url":"abcn.ws/1zmseGk"}]},"in_reply_to_screen_name":"ABC","id_str":"544315605394808833","retweet_count":3,"in_reply_to_user_id":28785486,"favorited":false,"user":{"follow_request_sent":false,"profile_use_background_image":true,"profile_text_color":"362720","default_profile_image":false,"id":19806962,"profile_background_image_url_https":"https://abs.twimg.com/images/themes/theme11/bg.gif","verified":false,"profile_location":null,"profile_image_url_https":"https://pbs.twimg.com/profile_images/584541405353127936/gbIVcQYG_normal.jpg","profile_sidebar_fill_color":"E5507E","entities":{"description":{"urls":[]}},"followers_count":19484,"profile_sidebar_border_color":"CC3366","id_str":"19806962","profile_background_color":"FF6699","listed_count":446,"is_translation_enabled":false,"utc_offset":-21600,"statuses_count":86168,"description":"It rubs the lotion on its skin or else it gets the hose again.","friends_count":1227,"location":"No DMs","profile_link_color":"B40B43","profile_image_url":"http://pbs.twimg.com/profile_images/584541405353127936/gbIVcQYG_normal.jpg","following":false,"geo_enabled":false,"profile_banner_url":"https://pbs.twimg.com/profile_banners/19806962/1405976590","profile_background_image_url":"http://abs.twimg.com/images/themes/theme11/bg.gif","name":"NinnyMuggin","lang":"en","profile_background_tile":true,"favourites_count":31186,"screen_name":"GOPMommy","notifications":false,"url":null,"created_at":"Sat Jan 31 05:55:21 +0000 2009","contributors_enabled":false,"time_zone":"Central Time (US & Canada)","protected":false,"default_profile":false,"is_translator":false},"geo":null,"in_reply_to_user_id_str":"28785486","possibly_sensitive":false,"lang":"en","created_at":"Mon Dec 15 02:18:47 +0000 2014","in_reply_to_status_id_str":"544315187608973312","place":null},
{"contributors":null,"truncated":false,"text":"Greetings, @ABC!\n#BreakingNews?","in_reply_to_status_id":544315187608973312,"id":544315625402028032,"favorite_count":0,"source":"<a href=\"http://twitter.com\" rel=\"nofollow\">Twitter Web Client</a>","retweeted":false,"coordinates":null,"entities":{"symbols":[],"user_mentions":[{"id":28785486,"indices":[11,15],"id_str":"28785486","screen_name":"ABC","name":"ABC News"}],"hashtags":[{"indices":[17,30],"text":"BreakingNews"}],"urls":[]},"in_reply_to_screen_name":"ABC","id_str":"544315625402028032","retweet_count":0,"in_reply_to_user_id":28785486,"favorited":false,"user":{"follow_request_sent":false,"profile_use_background_image":false,"profile_text_color":"000000","default_profile_image":false,"id":1137979866,"profile_background_image_url_https":"https://abs.twimg.com/images/themes/theme18/bg.gif","verified":false,"profile_location":null,"profile_image_url_https":"https://pbs.twimg.com/profile_images/589220659995275265/oKbrJS0x_normal.jpg","profile_sidebar_fill_color":"000000","entities":{"url":{"urls":[{"url":"http://t.co/PSmZDhTzsW","indices":[0,22],"expanded_url":"http://youtu.be/BhxmKqXrBSU","display_url":"youtu.be/BhxmKqXrBSU"}]},"description":{"urls":[]}},"followers_count":596,"profile_sidebar_border_color":"000000","id_str":"1137979866","profile_background_color":"000000","listed_count":5,"is_translation_enabled":false,"utc_offset":-7200,"statuses_count":26724,"description":"Via @Youtube, @CIA #FBI","friends_count":2001,"location":" I am a responsible hacker!","profile_link_color":"89C9FA","profile_image_url":"http://pbs.twimg.com/profile_images/589220659995275265/oKbrJS0x_normal.jpg","following":false,"geo_enabled":true,"profile_banner_url":"https://pbs.twimg.com/profile_banners/1137979866/1417999110","profile_background_image_url":"http://abs.twimg.com/images/themes/theme18/bg.gif","name":"Brazilian Student...","lang":"pt","profile_background_tile":false,"favourites_count":4965,"screen_name":"EstudantedoBras","notifications":false,"url":"http://t.co/PSmZDhTzsW","created_at":"Thu Jan 31 21:41:45 +0000 2013","contributors_enabled":false,"time_zone":"Mid-Atlantic","protected":false,"default_profile":false,"is_translator":false},"geo":null,"in_reply_to_user_id_str":"28785486","lang":"en","created_at":"Mon Dec 15 02:18:52 +0000 2014","in_reply_to_status_id_str":"544315187608973312","place":null},
{"contributors":null,"truncated":false,"text":"Praying for a safe outcome RT @ABC: Sydney hostage situation.\nVIDEO: http://t.co/PR9sHHUIpa, http://t.co/DE16TJgZQE http://t.co/GwJ211C7ur","in_reply_to_status_id":544315187608973312,"id":544315719857344512,"favorite_count":1,"source":"<a href=\"http://twitter.com/download/iphone\" rel=\"nofollow\">Twitter for iPhone</a>","retweeted":false,"coordinates":null,"entities":{"symbols":[],"user_mentions":[{"id":28785486,"indices":[30,34],"id_str":"28785486","screen_name":"ABC","name":"ABC News"}],"hashtags":[],"urls":[{"url":"http://t.co/PR9sHHUIpa","indices":[69,91],"expanded_url":"http://ABCNews.com/LIVE","display_url":"ABCNews.com/LIVE"},{"url":"http://t.co/DE16TJgZQE","indices":[93,115],"expanded_url":"http://abcn.ws/1zmseGk","display_url":"abcn.ws/1zmseGk"}],"media":[{"source_user_id":28785486,"source_status_id_str":"544315187608973312","expanded_url":"http://twitter.com/ABC/status/544315187608973312/photo/1","display_url":"pic.twitter.com/GwJ211C7ur","url":"http://t.co/GwJ211C7ur","media_url_https":"https://pbs.twimg.com/media/B43LbeYCMAEMNCx.jpg","source_user_id_str":"28785486","source_status_id":544315187608973312,"id_str":"544314802852474881","sizes":{"large":{"h":558,"resize":"fit","w":992},"small":{"h":191,"resize":"fit","w":340},"medium":{"h":337,"resize":"fit","w":600},"thumb":{"h":150,"resize":"crop","w":150}},"indices":[116,138],"type":"photo","id":544314802852474881,"media_url":"http://pbs.twimg.com/media/B43LbeYCMAEMNCx.jpg"}]},"in_reply_to_screen_name":"ABC","id_str":"544315719857344512","retweet_count":0,"in_reply_to_user_id":28785486,"favorited":false,"user":{"follow_request_sent":false,"profile_use_background_image":false,"profile_text_color":"666666","default_profile_image":false,"id":40148667,"profile_background_image_url_https":"https://abs.twimg.com/images/themes/theme9/bg.gif","verified":false,"profile_location":null,"profile_image_url_https":"https://pbs.twimg.com/profile_images/566089632194895874/PgfqsJRU_normal.jpeg","profile_sidebar_fill_color":"252429","entities":{"url":{"urls":[{"url":"http://t.co/hSGCpYjdHC","indices":[0,22],"expanded_url":"http://www.linkedin.com/in/ashvillanueva","display_url":"linkedin.com/in/ashvillanue…"}]},"description":{"urls":[]}},"followers_count":585,"profile_sidebar_border_color":"000000","id_str":"40148667","profile_background_color":"1A1B1F","listed_count":16,"is_translation_enabled":false,"utc_offset":-28800,"statuses_count":6178,"description":"Web and Graphics Manager for @TangCenterCal and @UCBerkeley Division of Real Estate. I like find opportunities where other people see none.","friends_count":490,"location":"Berkeley - Oxnard","profile_link_color":"2FCDED","profile_image_url":"http://pbs.twimg.com/profile_images/566089632194895874/PgfqsJRU_normal.jpeg","following":false,"geo_enabled":true,"profile_banner_url":"https://pbs.twimg.com/profile_banners/40148667/1406151841","profile_background_image_url":"http://abs.twimg.com/images/themes/theme9/bg.gif","name":"Ashley Villanueva","lang":"en","profile_background_tile":false,"favourites_count":3956,"screen_name":"APVillanueva","notifications":false,"url":"http://t.co/hSGCpYjdHC","created_at":"Fri May 15 02:02:06 +0000 2009","contributors_enabled":false,"time_zone":"Pacific Time (US & Canada)","protected":false,"default_profile":false,"is_translator":false},"geo":null,"in_reply_to_user_id_str":"28785486","possibly_sensitive":false,"lang":"en","created_at":"Mon Dec 15 02:19:15 +0000 2014","in_reply_to_status_id_str":"544315187608973312","place":null,"extended_entities":{"media":[{"source_user_id":28785486,"source_status_id_str":"544315187608973312","expanded_url":"http://twitter.com/ABC/status/544315187608973312/photo/1","display_url":"pic.twitter.com/GwJ211C7ur","url":"http://t.co/GwJ211C7ur","media_url_https":"https://pbs.twimg.com/media/B43LbeYCMAEMNCx.jpg","source_user_id_str":"28785486","source_status_id":544315187608973312,"id_str":"544314802852474881","sizes":{"large":{"h":558,"resize":"fit","w":992},"small":{"h":191,"resize":"fit","w":340},"medium":{"h":337,"resize":"fit","w":600},"thumb":{"h":150,"resize":"crop","w":150}},"indices":[116,138],"type":"photo","id":544314802852474881,"media_url":"http://pbs.twimg.com/media/B43LbeYCMAEMNCx.jpg"}]}},
{"contributors":null,"truncated":false,"text":"@GOPMommy @ABC I guess they have no twitter watchers. Its amazing individuals can scoop national news networks.","in_reply_to_status_id":544315605394808833,"id":544316006621917184,"favorite_count":0,"source":"<a href=\"http://twitter.com\" rel=\"nofollow\">Twitter Web Client</a>","retweeted":false,"coordinates":null,"entities":{"symbols":[],"user_mentions":[{"id":19806962,"indices":[0,9],"id_str":"19806962","screen_name":"GOPMommy","name":"NinnyMuggin"},{"id":28785486,"indices":[10,14],"id_str":"28785486","screen_name":"ABC","name":"ABC News"}],"hashtags":[],"urls":[]},"in_reply_to_screen_name":"GOPMommy","id_str":"544316006621917184","retweet_count":0,"in_reply_to_user_id":19806962,"favorited":false,"user":{"follow_request_sent":false,"profile_use_background_image":true,"profile_text_color":"333333","default_profile_image":false,"id":347913941,"profile_background_image_url_https":"https://pbs.twimg.com/profile_background_images/565828997/dragon.jpg","verified":false,"profile_location":null,"profile_image_url_https":"https://pbs.twimg.com/profile_images/571911585392627712/XKq98DDu_normal.png","profile_sidebar_fill_color":"DDEEF6","entities":{"description":{"urls":[]}},"followers_count":1282,"profile_sidebar_border_color":"C0DEED","id_str":"347913941","profile_background_color":"C0DEED","listed_count":37,"is_translation_enabled":false,"utc_offset":-21600,"statuses_count":44216,"description":"Alter Ego @stevenswenson5 for gulag stints #WAR       *ΜΟΛΩΝ ΛΑΒE* NRA * TSRA * GOA USAF VET * TEXAS","friends_count":1448,"location":"","profile_link_color":"0084B4","profile_image_url":"http://pbs.twimg.com/profile_images/571911585392627712/XKq98DDu_normal.png","following":false,"geo_enabled":false,"profile_banner_url":"https://pbs.twimg.com/profile_banners/347913941/1355976947","profile_background_image_url":"http://pbs.twimg.com/profile_background_images/565828997/dragon.jpg","name":" Steven Swenson (RC)","lang":"en","profile_background_tile":false,"favourites_count":815,"screen_name":"Steven_Swenson","notifications":false,"url":null,"created_at":"Wed Aug 03 15:34:26 +0000 2011","contributors_enabled":false,"time_zone":"Central Time (US & Canada)","protected":false,"default_profile":false,"is_translator":false},"geo":null,"in_reply_to_user_id_str":"19806962","lang":"en","created_at":"Mon Dec 15 02:20:23 +0000 2014","in_reply_to_status_id_str":"544315605394808833","place":null},
{"contributors":null,"truncated":false,"text":"@ABC you calling it Muslim terrorism or dancing around it per usual?","in_reply_to_status_id":544315187608973312,"id":544316113518350336,"favorite_count":0,"source":"<a href=\"http://twitter.com/download/android\" rel=\"nofollow\">Twitter for Android</a>","retweeted":false,"coordinates":null,"entities":{"symbols":[],"user_mentions":[{"id":28785486,"indices":[0,4],"id_str":"28785486","screen_name":"ABC","name":"ABC News"}],"hashtags":[],"urls":[]},"in_reply_to_screen_name":"ABC","id_str":"544316113518350336","retweet_count":0,"in_reply_to_user_id":28785486,"favorited":false,"user":{"follow_request_sent":false,"profile_use_background_image":true,"profile_text_color":"A79E13","default_profile_image":false,"id":118214601,"profile_background_image_url_https":"https://pbs.twimg.com/profile_background_images/843904301/c9ef07460623b3acc7993ec3f09fc0db.png","verified":false,"profile_location":null,"profile_image_url_https":"https://pbs.twimg.com/profile_images/528184635327401985/isJiwqWW_normal.png","profile_sidebar_fill_color":"B29837","entities":{"url":{"urls":[{"url":"http://t.co/BmH9LClcFx","indices":[0,22],"expanded_url":"http://genestrother.com","display_url":"genestrother.com"}]},"description":{"urls":[]}},"followers_count":1407,"profile_sidebar_border_color":"FFFFFF","id_str":"118214601","profile_background_color":"190B07","listed_count":28,"is_translation_enabled":false,"utc_offset":-21600,"statuses_count":14035,"description":"Restoring sanity. Righting wrongs. Raining truth. Annoying football fans w politics and political fans w football #cowboys #tcot #tgdn","friends_count":1830,"location":"Big D","profile_link_color":"8E7D11","profile_image_url":"http://pbs.twimg.com/profile_images/528184635327401985/isJiwqWW_normal.png","following":false,"geo_enabled":true,"profile_banner_url":"https://pbs.twimg.com/profile_banners/118214601/1414763966","profile_background_image_url":"http://pbs.twimg.com/profile_background_images/843904301/c9ef07460623b3acc7993ec3f09fc0db.png","name":"DDaddy","lang":"en","profile_background_tile":false,"favourites_count":100,"screen_name":"DoomsDaddy","notifications":false,"url":"http://t.co/BmH9LClcFx","created_at":"Sat Feb 27 23:39:34 +0000 2010","contributors_enabled":false,"time_zone":"Central Time (US & Canada)","protected":false,"default_profile":false,"is_translator":false},"geo":null,"in_reply_to_user_id_str":"28785486","lang":"en","created_at":"Mon Dec 15 02:20:49 +0000 2014","in_reply_to_status_id_str":"544315187608973312","place":null},
{"contributors":null,"truncated":false,"text":"@ABC so what precisely would Elizabeth warren do?  Better to have her as a self-righteousness, smug, holier-than-thou Senator.","in_reply_to_status_id":544315187608973312,"id":544316291553980416,"favorite_count":1,"source":"<a href=\"http://twitter.com/#!/download/ipad\" rel=\"nofollow\">Twitter for iPad</a>","retweeted":false,"coordinates":null,"entities":{"symbols":[],"user_mentions":[{"id":28785486,"indices":[0,4],"id_str":"28785486","screen_name":"ABC","name":"ABC News"}],"hashtags":[],"urls":[]},"in_reply_to_screen_name":"ABC","id_str":"544316291553980416","retweet_count":0,"in_reply_to_user_id":28785486,"favorited":false,"user":{"follow_request_sent":false,"profile_use_background_image":true,"profile_text_color":"333333","default_profile_image":true,"id":2803849820,"profile_background_image_url_https":"https://abs.twimg.com/images/themes/theme1/bg.png","verified":false,"profile_location":null,"profile_image_url_https":"https://abs.twimg.com/sticky/default_profile_images/default_profile_2_normal.png","profile_sidebar_fill_color":"DDEEF6","entities":{"description":{"urls":[]}},"followers_count":3,"profile_sidebar_border_color":"C0DEED","id_str":"2803849820","profile_background_color":"C0DEED","listed_count":0,"is_translation_enabled":false,"utc_offset":null,"statuses_count":4,"description":"","friends_count":121,"location":"","profile_link_color":"0084B4","profile_image_url":"http://abs.twimg.com/sticky/default_profile_images/default_profile_2_normal.png","following":false,"geo_enabled":false,"profile_background_image_url":"http://abs.twimg.com/images/themes/theme1/bg.png","name":"ruru","lang":"en","profile_background_tile":false,"favourites_count":7,"screen_name":"rurudude","notifications":false,"url":null,"created_at":"Thu Sep 11 15:15:58 +0000 2014","contributors_enabled":false,"time_zone":null,"protected":false,"default_profile":true,"is_translator":false},"geo":null,"in_reply_to_user_id_str":"28785486","lang":"en","created_at":"Mon Dec 15 02:21:31 +0000 2014","in_reply_to_status_id_str":"544315187608973312","place":null},
{"contributors":null,"truncated":false,"text":"@ABC president Obama has been briefed - wow I feel so much safer now!  Really is that news.","in_reply_to_status_id":544316291553980416,"id":544316972042043394,"favorite_count":1,"source":"<a href=\"http://twitter.com/#!/download/ipad\" rel=\"nofollow\">Twitter for iPad</a>","retweeted":false,"coordinates":null,"entities":{"symbols":[],"user_mentions":[{"id":28785486,"indices":[0,4],"id_str":"28785486","screen_name":"ABC","name":"ABC News"}],"hashtags":[],"urls":[]},"in_reply_to_screen_name":"rurudude","id_str":"544316972042043394","retweet_count":0,"in_reply_to_user_id":2803849820,"favorited":false,"user":{"follow_request_sent":false,"profile_use_background_image":true,"profile_text_color":"333333","default_profile_image":true,"id":2803849820,"profile_background_image_url_https":"https://abs.twimg.com/images/themes/theme1/bg.png","verified":false,"profile_location":null,"profile_image_url_https":"https://abs.twimg.com/sticky/default_profile_images/default_profile_2_normal.png","profile_sidebar_fill_color":"DDEEF6","entities":{"description":{"urls":[]}},"followers_count":3,"profile_sidebar_border_color":"C0DEED","id_str":"2803849820","profile_background_color":"C0DEED","listed_count":0,"is_translation_enabled":false,"utc_offset":null,"statuses_count":4,"description":"","friends_count":121,"location":"","profile_link_color":"0084B4","profile_image_url":"http://abs.twimg.com/sticky/default_profile_images/default_profile_2_normal.png","following":false,"geo_enabled":false,"profile_background_image_url":"http://abs.twimg.com/images/themes/theme1/bg.png","name":"ruru","lang":"en","profile_background_tile":false,"favourites_count":7,"screen_name":"rurudude","notifications":false,"url":null,"created_at":"Thu Sep 11 15:15:58 +0000 2014","contributors_enabled":false,"time_zone":null,"protected":false,"default_profile":true,"is_translator":false},"geo":null,"in_reply_to_user_id_str":"2803849820","lang":"en","created_at":"Mon Dec 15 02:24:13 +0000 2014","in_reply_to_status_id_str":"544316291553980416","place":null},
{"contributors":null,"truncated":false,"text":"“@ABC: Sydney hostage situation.\n\nLIVE VIDEO: http://t.co/0zWopfz1nQ\nUPDATES: http://t.co/skyLuAadkU http://t.co/uRLvsCZ9s5” @News10_CA","in_reply_to_status_id":544315187608973312,"id":544317137615994880,"favorite_count":0,"source":"<a href=\"http://twitter.com/download/iphone\" rel=\"nofollow\">Twitter for iPhone</a>","retweeted":false,"coordinates":null,"entities":{"symbols":[],"user_mentions":[{"id":28785486,"indices":[1,5],"id_str":"28785486","screen_name":"ABC","name":"ABC News"},{"id":18655359,"indices":[125,135],"id_str":"18655359","screen_name":"News10_CA","name":"News10 - California"}],"hashtags":[],"urls":[{"url":"http://t.co/0zWopfz1nQ","indices":[46,68],"expanded_url":"http://ABCNews.com/LIVE","display_url":"ABCNews.com/LIVE"},{"url":"http://t.co/skyLuAadkU","indices":[78,100],"expanded_url":"http://abcn.ws/1zmseGk","display_url":"abcn.ws/1zmseGk"}],"media":[{"source_user_id":28785486,"source_status_id_str":"544315187608973312","expanded_url":"http://twitter.com/ABC/status/544315187608973312/photo/1","display_url":"pic.twitter.com/uRLvsCZ9s5","url":"http://t.co/uRLvsCZ9s5","media_url_https":"https://pbs.twimg.com/media/B43LbeYCMAEMNCx.jpg","source_user_id_str":"28785486","source_status_id":544315187608973312,"id_str":"544314802852474881","sizes":{"large":{"h":558,"resize":"fit","w":992},"small":{"h":191,"resize":"fit","w":340},"medium":{"h":337,"resize":"fit","w":600},"thumb":{"h":150,"resize":"crop","w":150}},"indices":[101,123],"type":"photo","id":544314802852474881,"media_url":"http://pbs.twimg.com/media/B43LbeYCMAEMNCx.jpg"}]},"in_reply_to_screen_name":"ABC","id_str":"544317137615994880","retweet_count":0,"in_reply_to_user_id":28785486,"favorited":false,"user":{"follow_request_sent":false,"profile_use_background_image":true,"profile_text_color":"3E4415","default_profile_image":false,"id":433787314,"profile_background_image_url_https":"https://pbs.twimg.com/profile_background_images/822788708/a8ceda1bc3b13ad7c22349ccc6e0cb94.jpeg","verified":false,"profile_location":null,"profile_image_url_https":"https://pbs.twimg.com/profile_images/553976167116464129/fT5Fjj-i_normal.jpeg","profile_sidebar_fill_color":"99CC33","entities":{"description":{"urls":[]}},"followers_count":88,"profile_sidebar_border_color":"FFFFFF","id_str":"433787314","profile_background_color":"352726","listed_count":3,"is_translation_enabled":false,"utc_offset":-28800,"statuses_count":7100,"description":"","friends_count":300,"location":"sad and lonely wolf.","profile_link_color":"0CF51C","profile_image_url":"http://pbs.twimg.com/profile_images/553976167116464129/fT5Fjj-i_normal.jpeg","following":false,"geo_enabled":true,"profile_banner_url":"https://pbs.twimg.com/profile_banners/433787314/1417985757","profile_background_image_url":"http://pbs.twimg.com/profile_background_images/822788708/a8ceda1bc3b13ad7c22349ccc6e0cb94.jpeg","name":"o_o","lang":"en","profile_background_tile":true,"favourites_count":5546,"screen_name":"life_ofChip","notifications":false,"url":null,"created_at":"Sun Dec 11 01:06:45 +0000 2011","contributors_enabled":false,"time_zone":"Pacific Time (US & Canada)","protected":false,"default_profile":false,"is_translator":false},"geo":null,"in_reply_to_user_id_str":"28785486","possibly_sensitive":false,"lang":"en","created_at":"Mon Dec 15 02:24:53 +0000 2014","in_reply_to_status_id_str":"544315187608973312","place":null,"extended_entities":{"media":[{"source_user_id":28785486,"source_status_id_str":"544315187608973312","expanded_url":"http://twitter.com/ABC/status/544315187608973312/photo/1","display_url":"pic.twitter.com/uRLvsCZ9s5","url":"http://t.co/uRLvsCZ9s5","media_url_https":"https://pbs.twimg.com/media/B43LbeYCMAEMNCx.jpg","source_user_id_str":"28785486","source_status_id":544315187608973312,"id_str":"544314802852474881","sizes":{"large":{"h":558,"resize":"fit","w":992},"small":{"h":191,"resize":"fit","w":340},"medium":{"h":337,"resize":"fit","w":600},"thumb":{"h":150,"resize":"crop","w":150}},"indices":[101,123],"type":"photo","id":544314802852474881,"media_url":"http://pbs.twimg.com/media/B43LbeYCMAEMNCx.jpg"}]}},
{"contributors":null,"truncated":false,"text":"@ABC @DenverChannel  Make sure they have pigs feet in jar on hand , force feed them with hammer.. can rough up these types.no doubt of guilt","in_reply_to_status_id":544315187608973312,"id":544317163528810496,"favorite_count":0,"source":"<a href=\"http://twitter.com\" rel=\"nofollow\">Twitter Web Client</a>","retweeted":false,"coordinates":null,"entities":{"symbols":[],"user_mentions":[{"id":28785486,"indices":[0,4],"id_str":"28785486","screen_name":"ABC","name":"ABC News"},{"id":8731312,"indices":[5,19],"id_str":"8731312","screen_name":"DenverChannel","name":"7NEWS Denver Channel"}],"hashtags":[],"urls":[]},"in_reply_to_screen_name":"ABC","id_str":"544317163528810496","retweet_count":0,"in_reply_to_user_id":28785486,"favorited":false,"user":{"follow_request_sent":false,"profile_use_background_image":true,"profile_text_color":"0A010A","default_profile_image":false,"id":188869825,"profile_background_image_url_https":"https://pbs.twimg.com/profile_background_images/434884060356149248/YBVpBhyG.jpeg","verified":false,"profile_location":null,"profile_image_url_https":"https://pbs.twimg.com/profile_images/537380387383554048/wO796Lx3_normal.jpeg","profile_sidebar_fill_color":"C2C7AD","entities":{"description":{"urls":[]}},"followers_count":668,"profile_sidebar_border_color":"000000","id_str":"188869825","profile_background_color":"0E0C0F","listed_count":24,"is_translation_enabled":false,"utc_offset":-18000,"statuses_count":62444,"description":"Official Tweetpad Michael Bench for #USprez45 ,& FoederoCivis-Witch Party. \r\nAuthor of  The Narcissocracy v2.Retweet isnt  endorsement for (less usual) sources","friends_count":1691,"location":"Pennsylvania.East Syyyyyyyyde","profile_link_color":"0C3312","profile_image_url":"http://pbs.twimg.com/profile_images/537380387383554048/wO796Lx3_normal.jpeg","following":false,"geo_enabled":false,"profile_banner_url":"https://pbs.twimg.com/profile_banners/188869825/1411756065","profile_background_image_url":"http://pbs.twimg.com/profile_background_images/434884060356149248/YBVpBhyG.jpeg","name":"NexisHexus","lang":"en","profile_background_tile":true,"favourites_count":6850,"screen_name":"FC_WitchParty","notifications":false,"url":null,"created_at":"Thu Sep 09 19:57:12 +0000 2010","contributors_enabled":false,"time_zone":"Eastern Time (US & Canada)","protected":false,"default_profile":false,"is_translator":false},"geo":null,"in_reply_to_user_id_str":"28785486","lang":"en","created_at":"Mon Dec 15 02:24:59 +0000 2014","in_reply_to_status_id_str":"544315187608973312","place":null},
{"contributors":null,"truncated":false,"text":"@7PinkPanther7 @ABC un autre bon lien https://t.co/nqlbjLJz1b","in_reply_to_status_id":544315400096579584,"id":544317881836896256,"favorite_count":0,"source":"<a href=\"http://twitter.com\" rel=\"nofollow\">Twitter Web Client</a>","retweeted":false,"coordinates":null,"entities":{"symbols":[],"user_mentions":[{"id":78898625,"indices":[0,14],"id_str":"78898625","screen_name":"7PinkPanther7","name":"DevilinDisguise"},{"id":28785486,"indices":[15,19],"id_str":"28785486","screen_name":"ABC","name":"ABC News"}],"hashtags":[],"urls":[{"url":"https://t.co/nqlbjLJz1b","indices":[38,61],"expanded_url":"https://www.youtube.com/watch?v=nvzpSvyyZis","display_url":"youtube.com/watch?v=nvzpSv…"}]},"in_reply_to_screen_name":"7PinkPanther7","id_str":"544317881836896256","retweet_count":0,"in_reply_to_user_id":78898625,"favorited":false,"user":{"follow_request_sent":false,"profile_use_background_image":true,"profile_text_color":"333333","default_profile_image":false,"id":2788131814,"profile_background_image_url_https":"https://abs.twimg.com/images/themes/theme1/bg.png","verified":false,"profile_location":null,"profile_image_url_https":"https://pbs.twimg.com/profile_images/554852553662267392/uvVQ1jiC_normal.png","profile_sidebar_fill_color":"DDEEF6","entities":{"description":{"urls":[]}},"followers_count":94,"profile_sidebar_border_color":"C0DEED","id_str":"2788131814","profile_background_color":"C0DEED","listed_count":0,"is_translation_enabled":false,"utc_offset":null,"statuses_count":2435,"description":"","friends_count":111,"location":"","profile_link_color":"0084B4","profile_image_url":"http://pbs.twimg.com/profile_images/554852553662267392/uvVQ1jiC_normal.png","following":false,"geo_enabled":false,"profile_background_image_url":"http://abs.twimg.com/images/themes/theme1/bg.png","name":"Simon Limoges","lang":"en","profile_background_tile":false,"favourites_count":23,"screen_name":"simon02341","notifications":false,"url":null,"created_at":"Sat Sep 27 22:30:53 +0000 2014","contributors_enabled":false,"time_zone":null,"protected":false,"default_profile":true,"is_translator":false},"geo":null,"in_reply_to_user_id_str":"78898625","possibly_sensitive":false,"lang":"fr","created_at":"Mon Dec 15 02:27:50 +0000 2014","in_reply_to_status_id_str":"544315400096579584","place":null},
{"contributors":null,"truncated":false,"text":"@simon02341 @ABC Oui, merci bien!  :)  C'est l'un des \"feeds\" que j'ai ouverts plus tôt.","in_reply_to_status_id":544317881836896256,"id":544318196111917059,"favorite_count":0,"source":"<a href=\"http://twitter.com\" rel=\"nofollow\">Twitter Web Client</a>","retweeted":false,"coordinates":null,"entities":{"symbols":[],"user_mentions":[{"id":2788131814,"indices":[0,11],"id_str":"2788131814","screen_name":"simon02341","name":"Simon Limoges"},{"id":28785486,"indices":[12,16],"id_str":"28785486","screen_name":"ABC","name":"ABC News"}],"hashtags":[],"urls":[]},"in_reply_to_screen_name":"simon02341","id_str":"544318196111917059","retweet_count":0,"in_reply_to_user_id":2788131814,"favorited":false,"user":{"follow_request_sent":false,"profile_use_background_image":true,"profile_text_color":"333333","default_profile_image":false,"id":78898625,"profile_background_image_url_https":"https://pbs.twimg.com/profile_background_images/664018715/twilk_background_505a397516501.jpg","verified":false,"profile_location":null,"profile_image_url_https":"https://pbs.twimg.com/profile_images/436903198209486848/mbnhG95q_normal.jpeg","profile_sidebar_fill_color":"F3F3F3","entities":{"description":{"urls":[]}},"followers_count":3063,"profile_sidebar_border_color":"DFDFDF","id_str":"78898625","profile_background_color":"EBEBEB","listed_count":76,"is_translation_enabled":false,"utc_offset":-18000,"statuses_count":411416,"description":"Deux choses sont infinies:l'univers & la bêtise humaine quoique je me questionne encore sur la première.\r\n(Trad. libre d'une pensée de)\r\nAlbert Einstein","friends_count":3001,"location":"Saint-Lambert, Québec (Canada)","profile_link_color":"990000","profile_image_url":"http://pbs.twimg.com/profile_images/436903198209486848/mbnhG95q_normal.jpeg","following":false,"geo_enabled":false,"profile_banner_url":"https://pbs.twimg.com/profile_banners/78898625/1387166360","profile_background_image_url":"http://pbs.twimg.com/profile_background_images/664018715/twilk_background_505a397516501.jpg","name":"DevilinDisguise","lang":"fr","profile_background_tile":true,"favourites_count":10,"screen_name":"7PinkPanther7","notifications":false,"url":null,"created_at":"Thu Oct 01 13:07:54 +0000 2009","contributors_enabled":false,"time_zone":"Quito","protected":false,"default_profile":false,"is_translator":false},"geo":null,"in_reply_to_user_id_str":"2788131814","lang":"fr","created_at":"Mon Dec 15 02:29:05 +0000 2014","in_reply_to_status_id_str":"544317881836896256","place":null},
{"contributors":null,"truncated":false,"text":"@7PinkPanther7 @ABC c'est correct on vous suit","in_reply_to_status_id":544318196111917059,"id":544318501507563520,"favorite_count":0,"source":"<a href=\"http://twitter.com\" rel=\"nofollow\">Twitter Web Client</a>","retweeted":false,"coordinates":null,"entities":{"symbols":[],"user_mentions":[{"id":78898625,"indices":[0,14],"id_str":"78898625","screen_name":"7PinkPanther7","name":"DevilinDisguise"},{"id":28785486,"indices":[15,19],"id_str":"28785486","screen_name":"ABC","name":"ABC News"}],"hashtags":[],"urls":[]},"in_reply_to_screen_name":"7PinkPanther7","id_str":"544318501507563520","retweet_count":0,"in_reply_to_user_id":78898625,"favorited":false,"user":{"follow_request_sent":false,"profile_use_background_image":true,"profile_text_color":"333333","default_profile_image":false,"id":2788131814,"profile_background_image_url_https":"https://abs.twimg.com/images/themes/theme1/bg.png","verified":false,"profile_location":null,"profile_image_url_https":"https://pbs.twimg.com/profile_images/554852553662267392/uvVQ1jiC_normal.png","profile_sidebar_fill_color":"DDEEF6","entities":{"description":{"urls":[]}},"followers_count":94,"profile_sidebar_border_color":"C0DEED","id_str":"2788131814","profile_background_color":"C0DEED","listed_count":0,"is_translation_enabled":false,"utc_offset":null,"statuses_count":2435,"description":"","friends_count":111,"location":"","profile_link_color":"0084B4","profile_image_url":"http://pbs.twimg.com/profile_images/554852553662267392/uvVQ1jiC_normal.png","following":false,"geo_enabled":false,"profile_background_image_url":"http://abs.twimg.com/images/themes/theme1/bg.png","name":"Simon Limoges","lang":"en","profile_background_tile":false,"favourites_count":23,"screen_name":"simon02341","notifications":false,"url":null,"created_at":"Sat Sep 27 22:30:53 +0000 2014","contributors_enabled":false,"time_zone":null,"protected":false,"default_profile":true,"is_translator":false},"geo":null,"in_reply_to_user_id_str":"78898625","lang":"fr","created_at":"Mon Dec 15 02:30:18 +0000 2014","in_reply_to_status_id_str":"544318196111917059","place":null},
{"contributors":null,"truncated":false,"text":"@ABC Tratan de Ocultar la Marcha de Victimas,FFAA y Guerreros de la Libertad https://t.co/9B2mqNnRkZ ILUSOS @SenRandPaul @UEenColombia RT","in_reply_to_status_id":544315187608973312,"id":544318558667571200,"favorite_count":0,"source":"<a href=\"http://twitter.com\" rel=\"nofollow\">Twitter Web Client</a>","retweeted":false,"coordinates":null,"entities":{"symbols":[],"user_mentions":[{"id":28785486,"indices":[0,4],"id_str":"28785486","screen_name":"ABC","name":"ABC News"},{"id":216881337,"indices":[108,120],"id_str":"216881337","screen_name":"SenRandPaul","name":"Senator Rand Paul"},{"id":987723554,"indices":[121,134],"id_str":"987723554","screen_name":"UEenColombia","name":"UE en Colombia"}],"hashtags":[],"urls":[{"url":"https://t.co/9B2mqNnRkZ","indices":[77,100],"expanded_url":"https://www.youtube.com/watch?v=FfrLOD_TSsU","display_url":"youtube.com/watch?v=FfrLOD…"}]},"in_reply_to_screen_name":"ABC","id_str":"544318558667571200","retweet_count":0,"in_reply_to_user_id":28785486,"favorited":false,"user":{"follow_request_sent":false,"profile_use_background_image":true,"profile_text_color":"333333","default_profile_image":false,"id":268031972,"profile_background_image_url_https":"https://abs.twimg.com/images/themes/theme1/bg.png","verified":false,"profile_location":null,"profile_image_url_https":"https://pbs.twimg.com/profile_images/590091908329922560/8LNi10tM_normal.jpg","profile_sidebar_fill_color":"DDEEF6","entities":{"description":{"urls":[{"url":"https://t.co/SMymwdnsWQ","indices":[0,23],"expanded_url":"https://www.youtube.com/watch?v=LCoQ7EsSD_A","display_url":"youtube.com/watch?v=LCoQ7E…"}]}},"followers_count":4368,"profile_sidebar_border_color":"C0DEED","id_str":"268031972","profile_background_color":"C0DEED","listed_count":16,"is_translation_enabled":false,"utc_offset":-21600,"statuses_count":93041,"description":"https://t.co/SMymwdnsWQ L  SOCIALISMO DEL SIGLO XXI debe acabarse. Cuando entenderán q el Jefe de PCC-FARC es SATANÁS","friends_count":4564,"location":"","profile_link_color":"2A00B3","profile_image_url":"http://pbs.twimg.com/profile_images/590091908329922560/8LNi10tM_normal.jpg","following":false,"geo_enabled":true,"profile_banner_url":"https://pbs.twimg.com/profile_banners/268031972/1417968534","profile_background_image_url":"http://abs.twimg.com/images/themes/theme1/bg.png","name":"MANOS UNIDAS (RAC)","lang":"es","profile_background_tile":false,"favourites_count":1547,"screen_name":"FONSEKALIMAN","notifications":false,"url":null,"created_at":"Fri Mar 18 01:08:41 +0000 2011","contributors_enabled":false,"time_zone":"Central Time (US & Canada)","protected":false,"default_profile":false,"is_translator":false},"geo":null,"in_reply_to_user_id_str":"28785486","possibly_sensitive":false,"lang":"es","created_at":"Mon Dec 15 02:30:31 +0000 2014","in_reply_to_status_id_str":"544315187608973312","place":{"full_name":"Bogotá","url":"https://api.twitter.com/1.1/geo/id/0161be1b3f98d6c3.json","country":"Colombia","place_type":"city","bounding_box":{"type":"Polygon","coordinates":[[[-74.483288999243,3.717432001753],[-74.004052997915,3.717432001753],[-74.004052997915,4.8071350038713],[-74.483288999243,4.8071350038713]]]},"contained_within":[],"country_code":"CO","attributes":{},"id":"0161be1b3f98d6c3","name":"Bogotá"}},
{"contributors":null,"truncated":false,"text":"@ABC","in_reply_to_status_id":544315187608973312,"id":544322114237763584,"favorite_count":0,"source":"<a href=\"http://twitter.com/download/iphone\" rel=\"nofollow\">Twitter for iPhone</a>","retweeted":false,"coordinates":null,"entities":{"symbols":[],"user_mentions":[{"id":28785486,"indices":[0,4],"id_str":"28785486","screen_name":"ABC","name":"ABC News"}],"hashtags":[],"urls":[]},"in_reply_to_screen_name":"ABC","id_str":"544322114237763584","retweet_count":0,"in_reply_to_user_id":28785486,"favorited":false,"user":{"follow_request_sent":false,"profile_use_background_image":true,"profile_text_color":"333333","default_profile_image":true,"id":27663582,"profile_background_image_url_https":"https://abs.twimg.com/images/themes/theme1/bg.png","verified":false,"profile_location":null,"profile_image_url_https":"https://abs.twimg.com/sticky/default_profile_images/default_profile_2_normal.png","profile_sidebar_fill_color":"DDEEF6","entities":{"description":{"urls":[]}},"followers_count":5,"profile_sidebar_border_color":"C0DEED","id_str":"27663582","profile_background_color":"C0DEED","listed_count":0,"is_translation_enabled":false,"utc_offset":null,"statuses_count":1089,"description":"","friends_count":157,"location":"","profile_link_color":"0084B4","profile_image_url":"http://abs.twimg.com/sticky/default_profile_images/default_profile_2_normal.png","following":false,"geo_enabled":true,"profile_background_image_url":"http://abs.twimg.com/images/themes/theme1/bg.png","name":"Ervennia Stanfield","lang":"en","profile_background_tile":false,"favourites_count":90,"screen_name":"Ervennia","notifications":false,"url":null,"created_at":"Mon Mar 30 15:48:54 +0000 2009","contributors_enabled":false,"time_zone":null,"protected":false,"default_profile":true,"is_translator":false},"geo":null,"in_reply_to_user_id_str":"28785486","lang":"und","created_at":"Mon Dec 15 02:44:39 +0000 2014","in_reply_to_status_id_str":"544315187608973312","place":null},
{"contributors":null,"truncated":false,"text":"@dw98k81fm5sm @Donate_Info where to send money","in_reply_to_status_id":544316411603329025,"id":544325482989514756,"favorite_count":0,"source":"<a href=\"http://twitter.com/#!/download/ipad\" rel=\"nofollow\">Twitter for iPad</a>","retweeted":false,"coordinates":null,"entities":{"symbols":[],"user_mentions":[{"id":2846333456,"indices":[0,13],"id_str":"2846333456","screen_name":"dw98k81fm5sm","name":"Sandra Wakeman"},{"id":2525195757,"indices":[14,26],"id_str":"2525195757","screen_name":"Donate_Info","name":"Fundraiser Link Page"}],"hashtags":[],"urls":[]},"in_reply_to_screen_name":"dw98k81fm5sm","id_str":"544325482989514756","retweet_count":0,"in_reply_to_user_id":2846333456,"favorited":false,"user":{"follow_request_sent":false,"profile_use_background_image":true,"profile_text_color":"333333","default_profile_image":true,"id":2803849820,"profile_background_image_url_https":"https://abs.twimg.com/images/themes/theme1/bg.png","verified":false,"profile_location":null,"profile_image_url_https":"https://abs.twimg.com/sticky/default_profile_images/default_profile_2_normal.png","profile_sidebar_fill_color":"DDEEF6","entities":{"description":{"urls":[]}},"followers_count":3,"profile_sidebar_border_color":"C0DEED","id_str":"2803849820","profile_background_color":"C0DEED","listed_count":0,"is_translation_enabled":false,"utc_offset":null,"statuses_count":4,"description":"","friends_count":121,"location":"","profile_link_color":"0084B4","profile_image_url":"http://abs.twimg.com/sticky/default_profile_images/default_profile_2_normal.png","following":false,"geo_enabled":false,"profile_background_image_url":"http://abs.twimg.com/images/themes/theme1/bg.png","name":"ruru","lang":"en","profile_background_tile":false,"favourites_count":7,"screen_name":"rurudude","notifications":false,"url":null,"created_at":"Thu Sep 11 15:15:58 +0000 2014","contributors_enabled":false,"time_zone":null,"protected":false,"default_profile":true,"is_translator":false},"geo":null,"in_reply_to_user_id_str":"2846333456","lang":"en","created_at":"Mon Dec 15 02:58:02 +0000 2014","in_reply_to_status_id_str":"544316411603329025","place":null},
{"contributors":null,"truncated":false,"text":"@ABC Sydney can take care of their own.","in_reply_to_status_id":544315187608973312,"id":544352493962948609,"favorite_count":0,"source":"<a href=\"http://twitter.com/download/android\" rel=\"nofollow\">Twitter for Android</a>","retweeted":false,"coordinates":null,"entities":{"symbols":[],"user_mentions":[{"id":28785486,"indices":[0,4],"id_str":"28785486","screen_name":"ABC","name":"ABC News"}],"hashtags":[],"urls":[]},"in_reply_to_screen_name":"ABC","id_str":"544352493962948609","retweet_count":0,"in_reply_to_user_id":28785486,"favorited":false,"user":{"follow_request_sent":false,"profile_use_background_image":true,"profile_text_color":"333333","default_profile_image":true,"id":28441643,"profile_background_image_url_https":"https://abs.twimg.com/images/themes/theme1/bg.png","verified":false,"profile_location":null,"profile_image_url_https":"https://abs.twimg.com/sticky/default_profile_images/default_profile_6_normal.png","profile_sidebar_fill_color":"DDEEF6","entities":{"description":{"urls":[]}},"followers_count":26,"profile_sidebar_border_color":"C0DEED","id_str":"28441643","profile_background_color":"C0DEED","listed_count":1,"is_translation_enabled":false,"utc_offset":-21600,"statuses_count":138,"description":"","friends_count":60,"location":"","profile_link_color":"0084B4","profile_image_url":"http://abs.twimg.com/sticky/default_profile_images/default_profile_6_normal.png","following":false,"geo_enabled":true,"profile_background_image_url":"http://abs.twimg.com/images/themes/theme1/bg.png","name":"John McMinn","lang":"en","profile_background_tile":false,"favourites_count":3,"screen_name":"gecojohn","notifications":false,"url":null,"created_at":"Thu Apr 02 22:59:55 +0000 2009","contributors_enabled":false,"time_zone":"Central Time (US & Canada)","protected":false,"default_profile":true,"is_translator":false},"geo":null,"in_reply_to_user_id_str":"28785486","lang":"en","created_at":"Mon Dec 15 04:45:22 +0000 2014","in_reply_to_status_id_str":"544315187608973312","place":null}
]