[{"contributors":null,"truncated":false,"text":"@AFPmedia @Asher_Wolf But, Ray said it was so!","in_reply_to_status_id":544308531684335617,"id":544309030135418880,"favorite_count":0,"source":"<a href=\"https://about.twitter.com/products/tweetdeck\" rel=\"nofollow\">TweetDeck</a>","retweeted":false,"coordinates":null,"entities":{"symbols":[],"user_mentions":[{"id":1532402708,"indices":[0,9],"id_str":"1532402708","screen_name":"AFPmedia","name":"AFP National Media"},{"id":15486485,"indices":[10,21],"id_str":"15486485","screen_name":"Asher_Wolf","name":"Asher Wolf "}],"hashtags":[],"urls":[]},"in_reply_to_screen_name":"AFPmedia","id_str":"544309030135418880","retweet_count":0,"in_reply_to_user_id":1532402708,"favorited":false,"user":{"follow_request_sent":false,"profile_use_background_image":true,"profile_text_color":"0D2F6B","default_profile_image":false,"id":20008874,"profile_background_image_url_https":"https://pbs.twimg.com/profile_background_images/92958425/kev_martin.jpg","verified":false,"profile_location":null,"profile_image_url_https":"https://pbs.twimg.com/profile_images/564394332879192064/KZVM_IIf_normal.jpeg","profile_sidebar_fill_color":"99BACF","entities":{"url":{"urls":[{"url":"http://t.co/XcV879Ubwm","indices":[0,22],"expanded_url":"http://about.me/kevmartin","display_url":"about.me/kevmartin"}]},"description":{"urls":[]}},"followers_count":1205,"profile_sidebar_border_color":"FFFFFF","id_str":"20008874","profile_background_color":"1A1B1F","listed_count":12,"is_translation_enabled":false,"utc_offset":39600,"statuses_count":19237,"description":"I am he as you are he as you are me and we are all together (Goo goo g'joob). #IAmTheEggman","friends_count":942,"location":"Australia","profile_link_color":"095DDB","profile_image_url":"http://pbs.twimg.com/profile_images/564394332879192064/KZVM_IIf_normal.jpeg","following":false,"geo_enabled":true,"profile_banner_url":"https://pbs.twimg.com/profile_banners/20008874/1401157649","profile_background_image_url":"http://pbs.twimg.com/profile_background_images/92958425/kev_martin.jpg","name":"⚫Kev⚫Martin⚫","lang":"en","profile_background_tile":true,"favourites_count":3730,"screen_name":"kev_martin","notifications":false,"url":"http://t.co/XcV879Ubwm","created_at":"Tue Feb 03 22:14:47 +0000 2009","contributors_enabled":false,"time_zone":"Sydney","protected":false,"default_profile":false,"is_translator":false},"geo":null,"in_reply_to_user_id_str":"1532402708","lang":"en","created_at":"Mon Dec 15 01:52:40 +0000 2014","in_reply_to_status_id_str":"544308531684335617","place":null},
{"contributors":null,"truncated":false,"text":"@AFPmedia @nswpolice any way Hadley can be charged with inciting racism out of this? Deliberately misleading his listeners","in_reply_to_status_id":544308531684335617,"id":544309760011423745,"favorite_count":7,"source":"<a href=\"http://twitter.com/download/iphone\" rel=\"nofollow\">Twitter for iPhone</a>","retweeted":false,"coordinates":null,"entities":{"symbols":[],"user_mentions":[{"id":1532402708,"indices":[0,9],"id_str":"1532402708","screen_name":"AFPmedia","name":"AFP National Media"},{"id":23041630,"indices":[10,20],"id_str":"23041630","screen_name":"nswpolice","name":"NSW Police"}],"hashtags":[],"urls":[]},"in_reply_to_screen_name":"AFPmedia","id_str":"544309760011423745","retweet_count":1,"in_reply_to_user_id":1532402708,"favorited":false,"user":{"follow_request_sent":false,"profile_use_background_image":true,"profile_text_color":"3D1957","default_profile_image":false,"id":273874035,"profile_background_image_url_https":"https://abs.twimg.com/images/themes/theme10/bg.gif","verified":false,"profile_location":null,"profile_image_url_https":"https://pbs.twimg.com/profile_images/564911716551499776/sU5rObKv_normal.jpeg","profile_sidebar_fill_color":"7AC3EE","entities":{"description":{"urls":[]}},"followers_count":170,"profile_sidebar_border_color":"65B0DA","id_str":"273874035","profile_background_color":"642D8B","listed_count":4,"is_translation_enabled":false,"utc_offset":39600,"statuses_count":1733,"description":"wife/mum and overworked welfare worker. Easily excitable about random things and lover of sports. I also often yell at Current Affairs TV, is that normal?","friends_count":501,"location":"Illawarra, NSW Australia","profile_link_color":"FF0000","profile_image_url":"http://pbs.twimg.com/profile_images/564911716551499776/sU5rObKv_normal.jpeg","following":false,"geo_enabled":true,"profile_banner_url":"https://pbs.twimg.com/profile_banners/273874035/1418298203","profile_background_image_url":"http://abs.twimg.com/images/themes/theme10/bg.gif","name":"Cranky Sairs","lang":"en","profile_background_tile":true,"favourites_count":459,"screen_name":"saraham77","notifications":false,"url":null,"created_at":"Tue Mar 29 09:21:48 +0000 2011","contributors_enabled":false,"time_zone":"Sydney","protected":false,"default_profile":false,"is_translator":false},"geo":null,"in_reply_to_user_id_str":"1532402708","lang":"en","created_at":"Mon Dec 15 01:55:34 +0000 2014","in_reply_to_status_id_str":"544308531684335617","place":null},
{"contributors":null,"truncated":false,"text":"RT @AFPmedia Reports that the AFP is conducting search warrants in the Sydney suburb of Lakemba are incorrect. #Siege #HadleyFail","in_reply_to_status_id":544308531684335617,"id":544310226619338753,"favorite_count":1,"source":"<a href=\"http://twitter.com\" rel=\"nofollow\">Twitter Web Client</a>","retweeted":false,"coordinates":null,"entities":{"symbols":[],"user_mentions":[{"id":1532402708,"indices":[3,12],"id_str":"1532402708","screen_name":"AFPmedia","name":"AFP National Media"}],"hashtags":[{"indices":[111,117],"text":"Siege"},{"indices":[118,129],"text":"HadleyFail"}],"urls":[]},"in_reply_to_screen_name":"AFPmedia","id_str":"544310226619338753","retweet_count":2,"in_reply_to_user_id":1532402708,"favorited":false,"user":{"follow_request_sent":false,"profile_use_background_image":true,"profile_text_color":"140D01","default_profile_image":false,"id":93102507,"profile_background_image_url_https":"https://pbs.twimg.com/profile_background_images/156579930/twitter_free5.br.jpg","verified":false,"profile_location":null,"profile_image_url_https":"https://pbs.twimg.com/profile_images/462234276130349056/FAhoTHH__normal.jpeg","profile_sidebar_fill_color":"D95F72","entities":{"description":{"urls":[]}},"followers_count":1420,"profile_sidebar_border_color":"FFFFFF","id_str":"93102507","profile_background_color":"FFFFFF","listed_count":69,"is_translation_enabled":false,"utc_offset":39600,"statuses_count":30764,"description":"big fan of disrespectful political commentary, call it as I see it, social justice armchair warrior, 60+.love family, life,ocean, mountains etc.","friends_count":2000,"location":"country Victoria","profile_link_color":"2222B5","profile_image_url":"http://pbs.twimg.com/profile_images/462234276130349056/FAhoTHH__normal.jpeg","following":false,"geo_enabled":false,"profile_banner_url":"https://pbs.twimg.com/profile_banners/93102507/1401188507","profile_background_image_url":"http://pbs.twimg.com/profile_background_images/156579930/twitter_free5.br.jpg","name":"eithne","lang":"en","profile_background_tile":true,"favourites_count":3361,"screen_name":"eithne52","notifications":false,"url":null,"created_at":"Sat Nov 28 02:34:51 +0000 2009","contributors_enabled":false,"time_zone":"Melbourne","protected":false,"default_profile":false,"is_translator":false},"geo":null,"in_reply_to_user_id_str":"1532402708","lang":"en","created_at":"Mon Dec 15 01:57:25 +0000 2014","in_reply_to_status_id_str":"544308531684335617","place":null},
{"contributors":null,"truncated":false,"text":"RT @AFPmedia: \"Reports that the AFP is conducting search warrants in the Sydney suburb of Lakemba are incorrect.”","in_reply_to_status_id":544308531684335617,"id":544310857362989057,"favorite_count":0,"source":"<a href=\"http://twitter.com/download/iphone\" rel=\"nofollow\">Twitter for iPhone</a>","retweeted":false,"coordinates":null,"entities":{"symbols":[],"user_mentions":[{"id":1532402708,"indices":[3,12],"id_str":"1532402708","screen_name":"AFPmedia","name":"AFP National Media"}],"hashtags":[],"urls":[]},"in_reply_to_screen_name":"AFPmedia","id_str":"544310857362989057","retweet_count":1,"in_reply_to_user_id":1532402708,"favorited":false,"user":{"follow_request_sent":false,"profile_use_background_image":true,"profile_text_color":"752916","default_profile_image":false,"id":297106603,"profile_background_image_url_https":"https://pbs.twimg.com/profile_background_images/378800000109360802/54e7a32da8a67453eeaa72f5b07693c7.jpeg","verified":false,"profile_location":null,"profile_image_url_https":"https://pbs.twimg.com/profile_images/583982847498690560/BFW2PZV5_normal.jpg","profile_sidebar_fill_color":"24140A","entities":{"description":{"urls":[]}},"followers_count":7029,"profile_sidebar_border_color":"000000","id_str":"297106603","profile_background_color":"080708","listed_count":227,"is_translation_enabled":false,"utc_offset":-21600,"statuses_count":81864,"description":"Not left nor right, just straight ahead #LegalizeWeed ~ I tweet everything ~ #OpAccountable~ Activist ~ Haters I thank you ~Beautiful & Blunt~Bipolar~","friends_count":2236,"location":"Catch me if you can..","profile_link_color":"CC3366","profile_image_url":"http://pbs.twimg.com/profile_images/583982847498690560/BFW2PZV5_normal.jpg","following":false,"geo_enabled":false,"profile_banner_url":"https://pbs.twimg.com/profile_banners/297106603/1397090373","profile_background_image_url":"http://pbs.twimg.com/profile_background_images/378800000109360802/54e7a32da8a67453eeaa72f5b07693c7.jpeg","name":"Dulce","lang":"en","profile_background_tile":true,"favourites_count":10942,"screen_name":"HeavenLeeOps","notifications":false,"url":null,"created_at":"Wed May 11 23:17:29 +0000 2011","contributors_enabled":false,"time_zone":"Central Time (US & Canada)","protected":false,"default_profile":false,"is_translator":false},"geo":null,"in_reply_to_user_id_str":"1532402708","lang":"en","created_at":"Mon Dec 15 01:59:55 +0000 2014","in_reply_to_status_id_str":"544308531684335617","place":null},
{"contributors":null,"truncated":false,"text":"Rumors abound. #SydneySiege RT @AFPmedia Reports that the AFP is conducting search warrants in the Sydney suburb of Lakemba are incorrect.","in_reply_to_status_id":544308531684335617,"id":544311275594186752,"favorite_count":3,"source":"<a href=\"http://janetter.net/\" rel=\"nofollow\">Janetter for Mac</a>","retweeted":false,"coordinates":null,"entities":{"symbols":[],"user_mentions":[{"id":1532402708,"indices":[31,40],"id_str":"1532402708","screen_name":"AFPmedia","name":"AFP National Media"}],"hashtags":[{"indices":[15,27],"text":"SydneySiege"}],"urls":[]},"in_reply_to_screen_name":"AFPmedia","id_str":"544311275594186752","retweet_count":7,"in_reply_to_user_id":1532402708,"favorited":false,"user":{"follow_request_sent":false,"profile_use_background_image":true,"profile_text_color":"000000","default_profile_image":false,"id":778057,"profile_background_image_url_https":"https://abs.twimg.com/images/themes/theme1/bg.png","verified":true,"profile_location":null,"profile_image_url_https":"https://pbs.twimg.com/profile_images/555380281494884356/B1_Vb4Ti_normal.png","profile_sidebar_fill_color":"E0FF92","entities":{"url":{"urls":[{"url":"http://t.co/vulwSrpV0y","indices":[0,22],"expanded_url":"http://bit.ly/distantwitness","display_url":"bit.ly/distantwitness"}]},"description":{"urls":[]}},"followers_count":105392,"profile_sidebar_border_color":"87BC44","id_str":"778057","profile_background_color":"9AE4E8","listed_count":8784,"is_translation_enabled":false,"utc_offset":-18000,"statuses_count":192340,"description":"Real-time news DJ & occasional journalist, but *not* a social media guru. Author of the book Distant Witness. NPR alum, now at First Look Media.","friends_count":2047,"location":"Washington, DC","profile_link_color":"0000FF","profile_image_url":"http://pbs.twimg.com/profile_images/555380281494884356/B1_Vb4Ti_normal.png","following":false,"geo_enabled":true,"profile_banner_url":"https://pbs.twimg.com/profile_banners/778057/1398260196","profile_background_image_url":"http://abs.twimg.com/images/themes/theme1/bg.png","name":"Andy Carvin","lang":"en","profile_background_tile":false,"favourites_count":904,"screen_name":"acarvin","notifications":false,"url":"http://t.co/vulwSrpV0y","created_at":"Sat Feb 17 22:53:33 +0000 2007","contributors_enabled":false,"time_zone":"Eastern Time (US & Canada)","protected":false,"default_profile":false,"is_translator":false},"geo":null,"in_reply_to_user_id_str":"1532402708","lang":"en","created_at":"Mon Dec 15 02:01:35 +0000 2014","in_reply_to_status_id_str":"544308531684335617","place":null},
{"contributors":null,"truncated":false,"text":"@AFPmedia @theprojecttv make Hadley accountable for misinformation","in_reply_to_status_id":544308531684335617,"id":544312144863313920,"favorite_count":0,"source":"<a href=\"http://twitter.com/download/iphone\" rel=\"nofollow\">Twitter for iPhone</a>","retweeted":false,"coordinates":null,"entities":{"symbols":[],"user_mentions":[{"id":1532402708,"indices":[0,9],"id_str":"1532402708","screen_name":"AFPmedia","name":"AFP National Media"},{"id":44835347,"indices":[10,23],"id_str":"44835347","screen_name":"theprojecttv","name":"The Project"}],"hashtags":[],"urls":[]},"in_reply_to_screen_name":"AFPmedia","id_str":"544312144863313920","retweet_count":0,"in_reply_to_user_id":1532402708,"favorited":false,"user":{"follow_request_sent":false,"profile_use_background_image":true,"profile_text_color":"333333","default_profile_image":false,"id":269254103,"profile_background_image_url_https":"https://abs.twimg.com/images/themes/theme1/bg.png","verified":false,"profile_location":null,"profile_image_url_https":"https://pbs.twimg.com/profile_images/466741369990443008/jPxwpS5M_normal.jpeg","profile_sidebar_fill_color":"DDEEF6","entities":{"description":{"urls":[]}},"followers_count":230,"profile_sidebar_border_color":"C0DEED","id_str":"269254103","profile_background_color":"C0DEED","listed_count":5,"is_translation_enabled":false,"utc_offset":28800,"statuses_count":5598,"description":"I am who you want on your quiz night team,","friends_count":542,"location":"WA","profile_link_color":"0084B4","profile_image_url":"http://pbs.twimg.com/profile_images/466741369990443008/jPxwpS5M_normal.jpeg","following":false,"geo_enabled":false,"profile_banner_url":"https://pbs.twimg.com/profile_banners/269254103/1351857876","profile_background_image_url":"http://abs.twimg.com/images/themes/theme1/bg.png","name":"LJ_in_WA","lang":"en","profile_background_tile":false,"favourites_count":333,"screen_name":"LJ_in_WA","notifications":false,"url":null,"created_at":"Sun Mar 20 11:47:37 +0000 2011","contributors_enabled":false,"time_zone":"Perth","protected":false,"default_profile":true,"is_translator":false},"geo":null,"in_reply_to_user_id_str":"1532402708","lang":"en","created_at":"Mon Dec 15 02:05:02 +0000 2014","in_reply_to_status_id_str":"544308531684335617","place":null},
{"contributors":null,"truncated":false,"text":"@AFPmedia @nswpolice A Shiite Muslim taxi driver tells me: \"lakemba mosque is the problem\" why do our politicians go brown nosing there?","in_reply_to_status_id":544308531684335617,"id":544312458685337600,"favorite_count":3,"source":"<a href=\"http://twitter.com/download/iphone\" rel=\"nofollow\">Twitter for iPhone</a>","retweeted":false,"coordinates":null,"entities":{"symbols":[],"user_mentions":[{"id":1532402708,"indices":[0,9],"id_str":"1532402708","screen_name":"AFPmedia","name":"AFP National Media"},{"id":23041630,"indices":[10,20],"id_str":"23041630","screen_name":"nswpolice","name":"NSW Police"}],"hashtags":[],"urls":[]},"in_reply_to_screen_name":"AFPmedia","id_str":"544312458685337600","retweet_count":3,"in_reply_to_user_id":1532402708,"favorited":false,"user":{"follow_request_sent":false,"profile_use_background_image":true,"profile_text_color":"333333","default_profile_image":false,"id":225970425,"profile_background_image_url_https":"https://abs.twimg.com/images/themes/theme18/bg.gif","verified":false,"profile_location":null,"profile_image_url_https":"https://pbs.twimg.com/profile_images/378800000332898717/885080f322ccdd7f3f3b74783133ae44_normal.png","profile_sidebar_fill_color":"F6F6F6","entities":{"url":{"urls":[{"url":"http://t.co/twnKpLaS12","indices":[0,22],"expanded_url":"http://littlenotesfromparis.blogspot.com.au/","display_url":"littlenotesfromparis.blogspot.com.au"}]},"description":{"urls":[]}},"followers_count":372,"profile_sidebar_border_color":"EEEEEE","id_str":"225970425","profile_background_color":"ACDED6","listed_count":8,"is_translation_enabled":false,"utc_offset":-36000,"statuses_count":12334,"description":"S’allier ce n’est pas s’aligner and  I dont necessarily approve of everything I say or even do.","friends_count":439,"location":"Sydney/Paris","profile_link_color":"058574","profile_image_url":"http://pbs.twimg.com/profile_images/378800000332898717/885080f322ccdd7f3f3b74783133ae44_normal.png","following":false,"geo_enabled":false,"profile_background_image_url":"http://abs.twimg.com/images/themes/theme18/bg.gif","name":"Rita","lang":"en","profile_background_tile":false,"favourites_count":489,"screen_name":"MissOginy","notifications":false,"url":"http://t.co/twnKpLaS12","created_at":"Sun Dec 12 23:46:18 +0000 2010","contributors_enabled":false,"time_zone":"Hawaii","protected":false,"default_profile":false,"is_translator":false},"geo":null,"in_reply_to_user_id_str":"1532402708","lang":"en","created_at":"Mon Dec 15 02:06:17 +0000 2014","in_reply_to_status_id_str":"544308531684335617","place":null},
{"contributors":null,"truncated":false,"text":"@AFPmedia @smh another reason not to believe anyone until confirmed...","in_reply_to_status_id":544308531684335617,"id":544313389044879360,"favorite_count":0,"source":"<a href=\"http://twitter.com\" rel=\"nofollow\">Twitter Web Client</a>","retweeted":false,"coordinates":null,"entities":{"symbols":[],"user_mentions":[{"id":1532402708,"indices":[0,9],"id_str":"1532402708","screen_name":"AFPmedia","name":"AFP National Media"},{"id":16675569,"indices":[10,14],"id_str":"16675569","screen_name":"smh","name":"smh.com.au"}],"hashtags":[],"urls":[]},"in_reply_to_screen_name":"AFPmedia","id_str":"544313389044879360","retweet_count":0,"in_reply_to_user_id":1532402708,"favorited":false,"user":{"follow_request_sent":false,"profile_use_background_image":true,"profile_text_color":"333333","default_profile_image":false,"id":589906379,"profile_background_image_url_https":"https://abs.twimg.com/images/themes/theme15/bg.png","verified":false,"profile_location":null,"profile_image_url_https":"https://pbs.twimg.com/profile_images/564931326315220992/niVT6d9L_normal.jpeg","profile_sidebar_fill_color":"C0DFEC","entities":{"url":{"urls":[{"url":"http://t.co/6s6MeECljR","indices":[0,22],"expanded_url":"http://about.me/timothy.connell","display_url":"about.me/timothy.connell"}]},"description":{"urls":[]}},"followers_count":57,"profile_sidebar_border_color":"FFFFFF","id_str":"589906379","profile_background_color":"022330","listed_count":3,"is_translation_enabled":false,"utc_offset":39600,"statuses_count":1919,"description":"Writer...Food addict...Sexuality Fascinator...Unconventional...Sitcom lover...Cynical...Comedy at its finest...I know everything.","friends_count":149,"location":"Sydney, Australia","profile_link_color":"0084B4","profile_image_url":"http://pbs.twimg.com/profile_images/564931326315220992/niVT6d9L_normal.jpeg","following":false,"geo_enabled":false,"profile_banner_url":"https://pbs.twimg.com/profile_banners/589906379/1370062743","profile_background_image_url":"http://abs.twimg.com/images/themes/theme15/bg.png","name":"Timothy Connell","lang":"en","profile_background_tile":false,"favourites_count":706,"screen_name":"timothyjconnell","notifications":false,"url":"http://t.co/6s6MeECljR","created_at":"Fri May 25 11:19:48 +0000 2012","contributors_enabled":false,"time_zone":"Sydney","protected":false,"default_profile":false,"is_translator":false},"geo":null,"in_reply_to_user_id_str":"1532402708","lang":"en","created_at":"Mon Dec 15 02:09:59 +0000 2014","in_reply_to_status_id_str":"544308531684335617","place":null},
{"contributors":null,"truncated":false,"text":"@AFPmedia @smh The new criminal mind movie perhaps","in_reply_to_status_id":544308531684335617,"id":544313467478343680,"favorite_count":0,"source":"<a href=\"http://twitter.com\" rel=\"nofollow\">Twitter Web Client</a>","retweeted":false,"coordinates":null,"entities":{"symbols":[],"user_mentions":[{"id":1532402708,"indices":[0,9],"id_str":"1532402708","screen_name":"AFPmedia","name":"AFP National Media"},{"id":16675569,"indices":[10,14],"id_str":"16675569","screen_name":"smh","name":"smh.com.au"}],"hashtags":[],"urls":[]},"in_reply_to_screen_name":"AFPmedia","id_str":"544313467478343680","retweet_count":0,"in_reply_to_user_id":1532402708,"favorited":false,"user":{"follow_request_sent":false,"profile_use_background_image":false,"profile_text_color":"000000","default_profile_image":false,"id":100858563,"profile_background_image_url_https":"https://abs.twimg.com/images/themes/theme1/bg.png","verified":false,"profile_location":null,"profile_image_url_https":"https://pbs.twimg.com/profile_images/602939051/me_normal.jpg","profile_sidebar_fill_color":"000000","entities":{"description":{"urls":[]}},"followers_count":98,"profile_sidebar_border_color":"000000","id_str":"100858563","profile_background_color":"000000","listed_count":1,"is_translation_enabled":false,"utc_offset":37800,"statuses_count":5135,"description":"","friends_count":70,"location":"south australia","profile_link_color":"DD2E44","profile_image_url":"http://pbs.twimg.com/profile_images/602939051/me_normal.jpg","following":false,"geo_enabled":true,"profile_background_image_url":"http://abs.twimg.com/images/themes/theme1/bg.png","name":"cornelis HARM","lang":"en","profile_background_tile":false,"favourites_count":2436,"screen_name":"casey1939","notifications":false,"url":null,"created_at":"Thu Dec 31 22:51:10 +0000 2009","contributors_enabled":false,"time_zone":"Adelaide","protected":false,"default_profile":false,"is_translator":false},"geo":null,"in_reply_to_user_id_str":"1532402708","lang":"en","created_at":"Mon Dec 15 02:10:18 +0000 2014","in_reply_to_status_id_str":"544308531684335617","place":null},
{"contributors":null,"truncated":false,"text":"RT “@AFPmedia: Reports that the AFP is conducting search warrants in the Sydney suburb of Lakemba are incorrect.”","in_reply_to_status_id":544308531684335617,"id":544313717018484736,"favorite_count":1,"source":"<a href=\"http://twitter.com/download/iphone\" rel=\"nofollow\">Twitter for iPhone</a>","retweeted":false,"coordinates":null,"entities":{"symbols":[],"user_mentions":[{"id":1532402708,"indices":[4,13],"id_str":"1532402708","screen_name":"AFPmedia","name":"AFP National Media"}],"hashtags":[],"urls":[]},"in_reply_to_screen_name":"AFPmedia","id_str":"544313717018484736","retweet_count":2,"in_reply_to_user_id":1532402708,"favorited":false,"user":{"follow_request_sent":false,"profile_use_background_image":true,"profile_text_color":"333333","default_profile_image":false,"id":2502895924,"profile_background_image_url_https":"https://abs.twimg.com/images/themes/theme1/bg.png","verified":false,"profile_location":null,"profile_image_url_https":"https://pbs.twimg.com/profile_images/533800853769957376/HZBHZ2k0_normal.jpeg","profile_sidebar_fill_color":"DDEEF6","entities":{"description":{"urls":[]}},"followers_count":9828,"profile_sidebar_border_color":"C0DEED","id_str":"2502895924","profile_background_color":"C0DEED","listed_count":145,"is_translation_enabled":false,"utc_offset":null,"statuses_count":49761,"description":"Politics. Wine. Animals. TEXAS. Backup is @blastedchrome. Conservative, vegan, concealed carrier. #2A #IStandWithIsrael #Kurds #Peshmerga #Yezidi ن Anti-Daesh","friends_count":8894,"location":"","profile_link_color":"0084B4","profile_image_url":"http://pbs.twimg.com/profile_images/533800853769957376/HZBHZ2k0_normal.jpeg","following":false,"geo_enabled":false,"profile_banner_url":"https://pbs.twimg.com/profile_banners/2502895924/1408043461","profile_background_image_url":"http://abs.twimg.com/images/themes/theme1/bg.png","name":"JewishJihadi™","lang":"en","profile_background_tile":false,"favourites_count":30109,"screen_name":"blastedsilver","notifications":false,"url":null,"created_at":"Wed Apr 23 00:33:48 +0000 2014","contributors_enabled":false,"time_zone":null,"protected":false,"default_profile":true,"is_translator":false},"geo":null,"in_reply_to_user_id_str":"1532402708","lang":"en","created_at":"Mon Dec 15 02:11:17 +0000 2014","in_reply_to_status_id_str":"544308531684335617","place":null},
{"contributors":null,"truncated":false,"text":"Good call @safimichael @AFPmedia @smh","in_reply_to_status_id":544308531684335617,"id":544313781250052096,"favorite_count":1,"source":"<a href=\"http://twitter.com/download/iphone\" rel=\"nofollow\">Twitter for iPhone</a>","retweeted":false,"coordinates":null,"entities":{"symbols":[],"user_mentions":[{"id":581726235,"indices":[10,22],"id_str":"581726235","screen_name":"safimichael","name":"Michael Safi"},{"id":1532402708,"indices":[23,32],"id_str":"1532402708","screen_name":"AFPmedia","name":"AFP National Media"},{"id":16675569,"indices":[33,37],"id_str":"16675569","screen_name":"smh","name":"smh.com.au"}],"hashtags":[],"urls":[]},"in_reply_to_screen_name":"AFPmedia","id_str":"544313781250052096","retweet_count":1,"in_reply_to_user_id":1532402708,"favorited":false,"user":{"follow_request_sent":false,"profile_use_background_image":true,"profile_text_color":"0084B4","default_profile_image":false,"id":571488084,"profile_background_image_url_https":"https://pbs.twimg.com/profile_background_images/751267811/2dfd6dd04614d298accae02f9367e3a6.jpeg","verified":false,"profile_location":null,"profile_image_url_https":"https://pbs.twimg.com/profile_images/477440526510063616/AeGqQtXI_normal.jpeg","profile_sidebar_fill_color":"DDEEF6","entities":{"url":{"urls":[{"url":"http://t.co/7sQvhosX93","indices":[0,22],"expanded_url":"http://nofibs.com.au/","display_url":"nofibs.com.au"}]},"description":{"urls":[]}},"followers_count":18405,"profile_sidebar_border_color":"C0DEED","id_str":"571488084","profile_background_color":"C0DEED","listed_count":337,"is_translation_enabled":false,"utc_offset":36000,"statuses_count":45461,"description":"Recovered journalist uncovered in 2013. #frightbat Queen in 2014.","friends_count":10198,"location":"","profile_link_color":"333333","profile_image_url":"http://pbs.twimg.com/profile_images/477440526510063616/AeGqQtXI_normal.jpeg","following":false,"geo_enabled":true,"profile_banner_url":"https://pbs.twimg.com/profile_banners/571488084/1402666076","profile_background_image_url":"http://pbs.twimg.com/profile_background_images/751267811/2dfd6dd04614d298accae02f9367e3a6.jpeg","name":"Margo Kingston","lang":"en","profile_background_tile":false,"favourites_count":3167,"screen_name":"margokingston1","notifications":false,"url":"http://t.co/7sQvhosX93","created_at":"Sat May 05 03:38:28 +0000 2012","contributors_enabled":false,"time_zone":"Brisbane","protected":false,"default_profile":false,"is_translator":false},"geo":null,"in_reply_to_user_id_str":"1532402708","lang":"en","created_at":"Mon Dec 15 02:11:32 +0000 2014","in_reply_to_status_id_str":"544308531684335617","place":null},
{"contributors":null,"truncated":false,"text":"@AFPmedia @smh and that's why Ray Hadley is a footy commentator and not a journalist","in_reply_to_status_id":544308531684335617,"id":544313963865849856,"favorite_count":0,"source":"<a href=\"http://twitter.com/download/iphone\" rel=\"nofollow\">Twitter for iPhone</a>","retweeted":false,"coordinates":null,"entities":{"symbols":[],"user_mentions":[{"id":1532402708,"indices":[0,9],"id_str":"1532402708","screen_name":"AFPmedia","name":"AFP National Media"},{"id":16675569,"indices":[10,14],"id_str":"16675569","screen_name":"smh","name":"smh.com.au"}],"hashtags":[],"urls":[]},"in_reply_to_screen_name":"AFPmedia","id_str":"544313963865849856","retweet_count":0,"in_reply_to_user_id":1532402708,"favorited":false,"user":{"follow_request_sent":false,"profile_use_background_image":true,"profile_text_color":"333333","default_profile_image":false,"id":235050267,"profile_background_image_url_https":"https://abs.twimg.com/images/themes/theme1/bg.png","verified":false,"profile_location":null,"profile_image_url_https":"https://pbs.twimg.com/profile_images/378800000436663387/1817e46e75d7d618147c2026fbf99183_normal.jpeg","profile_sidebar_fill_color":"DDEEF6","entities":{"description":{"urls":[]}},"followers_count":53,"profile_sidebar_border_color":"C0DEED","id_str":"235050267","profile_background_color":"C0DEED","listed_count":0,"is_translation_enabled":false,"utc_offset":39600,"statuses_count":1695,"description":"Toongabbie Demons will one day dominate the world....you heard it here first","friends_count":440,"location":"Sydney, Australia","profile_link_color":"0084B4","profile_image_url":"http://pbs.twimg.com/profile_images/378800000436663387/1817e46e75d7d618147c2026fbf99183_normal.jpeg","following":false,"geo_enabled":true,"profile_banner_url":"https://pbs.twimg.com/profile_banners/235050267/1378777013","profile_background_image_url":"http://abs.twimg.com/images/themes/theme1/bg.png","name":"Billy Frendo","lang":"en","profile_background_tile":false,"favourites_count":73,"screen_name":"little_ted74","notifications":false,"url":null,"created_at":"Fri Jan 07 06:29:45 +0000 2011","contributors_enabled":false,"time_zone":"Sydney","protected":false,"default_profile":true,"is_translator":false},"geo":null,"in_reply_to_user_id_str":"1532402708","lang":"en","created_at":"Mon Dec 15 02:12:16 +0000 2014","in_reply_to_status_id_str":"544308531684335617","place":null},
{"contributors":null,"truncated":false,"text":"So much BS in these situations @AFPmedia: Reports that the AFP is conducting search warrants in the Sydney suburb of Lakemba are incorrect.","in_reply_to_status_id":544308531684335617,"id":544315757543165952,"favorite_count":0,"source":"<a href=\"http://twitter.com/#!/download/ipad\" rel=\"nofollow\">Twitter for iPad</a>","retweeted":false,"coordinates":null,"entities":{"symbols":[],"user_mentions":[{"id":1532402708,"indices":[31,40],"id_str":"1532402708","screen_name":"AFPmedia","name":"AFP National Media"}],"hashtags":[],"urls":[]},"in_reply_to_screen_name":"AFPmedia","id_str":"544315757543165952","retweet_count":0,"in_reply_to_user_id":1532402708,"favorited":false,"user":{"follow_request_sent":false,"profile_use_background_image":true,"profile_text_color":"333333","default_profile_image":false,"id":289787164,"profile_background_image_url_https":"https://pbs.twimg.com/profile_background_images/797155480/e3dd65e514e08ff210e8bde7bc8a1aac.jpeg","verified":false,"profile_location":null,"profile_image_url_https":"https://pbs.twimg.com/profile_images/523278105800998912/mLV0uEUt_normal.jpeg","profile_sidebar_fill_color":"DDFFCC","entities":{"description":{"urls":[]}},"followers_count":198,"profile_sidebar_border_color":"FFFFFF","id_str":"289787164","profile_background_color":"9AE4E8","listed_count":8,"is_translation_enabled":false,"utc_offset":39600,"statuses_count":8724,"description":"Football lover, Bailliestonian and blocker of all promoted tweeters. Opinions r my own. Retweet does not mean endorsement and may mean I think you're a dick.","friends_count":226,"location":"Sydney, Australia","profile_link_color":"B36200","profile_image_url":"http://pbs.twimg.com/profile_images/523278105800998912/mLV0uEUt_normal.jpeg","following":false,"geo_enabled":false,"profile_background_image_url":"http://pbs.twimg.com/profile_background_images/797155480/e3dd65e514e08ff210e8bde7bc8a1aac.jpeg","name":"Dumb (Shirt) Frunt","lang":"en","profile_background_tile":true,"favourites_count":1139,"screen_name":"willie1foot","notifications":false,"url":null,"created_at":"Fri Apr 29 06:28:23 +0000 2011","contributors_enabled":false,"time_zone":"Sydney","protected":false,"default_profile":false,"is_translator":false},"geo":null,"in_reply_to_user_id_str":"1532402708","lang":"en","created_at":"Mon Dec 15 02:19:24 +0000 2014","in_reply_to_status_id_str":"544308531684335617","place":null},
{"contributors":null,"truncated":false,"text":"@AFPmedia @nswpolice","in_reply_to_status_id":544308531684335617,"id":544316005363613696,"favorite_count":0,"source":"<a href=\"http://twitter.com/download/android\" rel=\"nofollow\">Twitter for Android</a>","retweeted":false,"coordinates":null,"entities":{"symbols":[],"user_mentions":[{"id":1532402708,"indices":[0,9],"id_str":"1532402708","screen_name":"AFPmedia","name":"AFP National Media"},{"id":23041630,"indices":[10,20],"id_str":"23041630","screen_name":"nswpolice","name":"NSW Police"}],"hashtags":[],"urls":[]},"in_reply_to_screen_name":"AFPmedia","id_str":"544316005363613696","retweet_count":0,"in_reply_to_user_id":1532402708,"favorited":false,"user":{"follow_request_sent":false,"profile_use_background_image":true,"profile_text_color":"333333","default_profile_image":false,"id":1236652363,"profile_background_image_url_https":"https://abs.twimg.com/images/themes/theme1/bg.png","verified":false,"profile_location":null,"profile_image_url_https":"https://pbs.twimg.com/profile_images/538440916751495168/q73a7jMO_normal.jpeg","profile_sidebar_fill_color":"DDEEF6","entities":{"description":{"urls":[]}},"followers_count":44,"profile_sidebar_border_color":"C0DEED","id_str":"1236652363","profile_background_color":"C0DEED","listed_count":0,"is_translation_enabled":false,"utc_offset":null,"statuses_count":43,"description":"","friends_count":375,"location":"","profile_link_color":"0084B4","profile_image_url":"http://pbs.twimg.com/profile_images/538440916751495168/q73a7jMO_normal.jpeg","following":false,"geo_enabled":false,"profile_background_image_url":"http://abs.twimg.com/images/themes/theme1/bg.png","name":"Shane Mac","lang":"en","profile_background_tile":false,"favourites_count":18,"screen_name":"shaneamac72","notifications":false,"url":null,"created_at":"Sat Mar 02 22:00:41 +0000 2013","contributors_enabled":false,"time_zone":null,"protected":false,"default_profile":true,"is_translator":false},"geo":null,"in_reply_to_user_id_str":"1532402708","lang":"und","created_at":"Mon Dec 15 02:20:23 +0000 2014","in_reply_to_status_id_str":"544308531684335617","place":null},
{"contributors":null,"truncated":false,"text":"@AFPmedia @PhoenixUtters @ABCNews24 @9NewsAUS via @AFPmedia","in_reply_to_status_id":544308531684335617,"id":544316401444352000,"favorite_count":0,"source":"<a href=\"http://twitter.com\" rel=\"nofollow\">Twitter Web Client</a>","retweeted":false,"coordinates":null,"entities":{"symbols":[],"user_mentions":[{"id":1532402708,"indices":[0,9],"id_str":"1532402708","screen_name":"AFPmedia","name":"AFP National Media"},{"id":853932678,"indices":[10,24],"id_str":"853932678","screen_name":"PhoenixUtters","name":"Phoenix Utters"},{"id":129673790,"indices":[25,35],"id_str":"129673790","screen_name":"ABCNews24","name":"ABC News 24"},{"id":22993014,"indices":[36,45],"id_str":"22993014","screen_name":"9NewsAUS","name":"Nine News Australia"},{"id":1532402708,"indices":[50,59],"id_str":"1532402708","screen_name":"AFPmedia","name":"AFP National Media"}],"hashtags":[],"urls":[]},"in_reply_to_screen_name":"AFPmedia","id_str":"544316401444352000","retweet_count":0,"in_reply_to_user_id":1532402708,"favorited":false,"user":{"follow_request_sent":false,"profile_use_background_image":true,"profile_text_color":"333333","default_profile_image":false,"id":282854342,"profile_background_image_url_https":"https://pbs.twimg.com/profile_background_images/378800000062045053/aa3093abc6a613b0fe0e0d9056c6df82.jpeg","verified":false,"profile_location":null,"profile_image_url_https":"https://pbs.twimg.com/profile_images/378800000378442673/a8b84772a585983da83b5632daa0a222_normal.jpeg","profile_sidebar_fill_color":"DDEEF6","entities":{"description":{"urls":[]}},"followers_count":1439,"profile_sidebar_border_color":"FFFFFF","id_str":"282854342","profile_background_color":"C0DEED","listed_count":34,"is_translation_enabled":false,"utc_offset":39600,"statuses_count":81802,"description":"Taking on Salvation Army re historic/ current abuses on humanity. Profiteering must stop,people care must begin. Many projects on go. Politicians must step up.","friends_count":1979,"location":"Sydney, Australia","profile_link_color":"B3007A","profile_image_url":"http://pbs.twimg.com/profile_images/378800000378442673/a8b84772a585983da83b5632daa0a222_normal.jpeg","following":false,"geo_enabled":false,"profile_banner_url":"https://pbs.twimg.com/profile_banners/282854342/1377759332","profile_background_image_url":"http://pbs.twimg.com/profile_background_images/378800000062045053/aa3093abc6a613b0fe0e0d9056c6df82.jpeg","name":"stephanie calabornes","lang":"en","profile_background_tile":true,"favourites_count":6510,"screen_name":"outandabout12","notifications":false,"url":null,"created_at":"Sat Apr 16 02:27:03 +0000 2011","contributors_enabled":false,"time_zone":"Sydney","protected":false,"default_profile":false,"is_translator":false},"geo":null,"in_reply_to_user_id_str":"1532402708","lang":"und","created_at":"Mon Dec 15 02:21:57 +0000 2014","in_reply_to_status_id_str":"544308531684335617","place":null},
{"contributors":null,"truncated":false,"text":"On the matter of rumours, rubbish &amp; the media needing to fill airtime @acarvin http://t.co/D0CcMLLWAm","in_reply_to_status_id":544311275594186752,"id":544316472093208576,"favorite_count":2,"source":"<a href=\"http://twitter.com\" rel=\"nofollow\">Twitter Web Client</a>","retweeted":false,"coordinates":null,"entities":{"symbols":[],"user_mentions":[{"id":778057,"indices":[74,82],"id_str":"778057","screen_name":"acarvin","name":"Andy Carvin"}],"hashtags":[],"urls":[{"url":"http://t.co/D0CcMLLWAm","indices":[83,105],"expanded_url":"http://mumbrella.com.au/pedestrians-siege-picture-lindt-chocolate-bunny-isnt-looks-like-267793","display_url":"mumbrella.com.au/pedestrians-si…"}]},"in_reply_to_screen_name":"acarvin","id_str":"544316472093208576","retweet_count":2,"in_reply_to_user_id":778057,"favorited":false,"user":{"follow_request_sent":false,"profile_use_background_image":true,"profile_text_color":"333333","default_profile_image":false,"id":152802784,"profile_background_image_url_https":"https://pbs.twimg.com/profile_background_images/487847177771679745/br6t7ttk.jpeg","verified":false,"profile_location":null,"profile_image_url_https":"https://pbs.twimg.com/profile_images/378800000522175560/0eabc35ceab99918ec41ef34f45a115e_normal.jpeg","profile_sidebar_fill_color":"F6F6F6","entities":{"url":{"urls":[{"url":"http://t.co/pY6QtqiyA3","indices":[0,22],"expanded_url":"http://socialsciences.arts.unsw.edu.au/staff/mark-rolfe-92.html","display_url":"socialsciences.arts.unsw.edu.au/staff/mark-rol…"}]},"description":{"urls":[]}},"followers_count":145,"profile_sidebar_border_color":"FFFFFF","id_str":"152802784","profile_background_color":"C0DEED","listed_count":3,"is_translation_enabled":false,"utc_offset":36000,"statuses_count":2051,"description":"A UNSW Politics academic without a ukelele and a non sequitur","friends_count":271,"location":"","profile_link_color":"0084B4","profile_image_url":"http://pbs.twimg.com/profile_images/378800000522175560/0eabc35ceab99918ec41ef34f45a115e_normal.jpeg","following":false,"geo_enabled":false,"profile_background_image_url":"http://pbs.twimg.com/profile_background_images/487847177771679745/br6t7ttk.jpeg","name":"Mark Rolfe","lang":"en","profile_background_tile":true,"favourites_count":541,"screen_name":"Marcjohnr","notifications":false,"url":"http://t.co/pY6QtqiyA3","created_at":"Sun Jun 06 22:50:35 +0000 2010","contributors_enabled":false,"time_zone":"Brisbane","protected":false,"default_profile":false,"is_translator":false},"geo":null,"in_reply_to_user_id_str":"778057","possibly_sensitive":false,"lang":"en","created_at":"Mon Dec 15 02:22:14 +0000 2014","in_reply_to_status_id_str":"544311275594186752","place":null},
{"contributors":null,"truncated":false,"text":"@AFPmedia @PhoenixUtters @2GB873 Ray Hadley must stop the incorrect reporting","in_reply_to_status_id":544308531684335617,"id":544316604004052992,"favorite_count":1,"source":"<a href=\"http://twitter.com\" rel=\"nofollow\">Twitter Web Client</a>","retweeted":false,"coordinates":null,"entities":{"symbols":[],"user_mentions":[{"id":1532402708,"indices":[0,9],"id_str":"1532402708","screen_name":"AFPmedia","name":"AFP National Media"},{"id":853932678,"indices":[10,24],"id_str":"853932678","screen_name":"PhoenixUtters","name":"Phoenix Utters"},{"id":88593058,"indices":[25,32],"id_str":"88593058","screen_name":"2GB873","name":"2GB 873"}],"hashtags":[],"urls":[]},"in_reply_to_screen_name":"AFPmedia","id_str":"544316604004052992","retweet_count":0,"in_reply_to_user_id":1532402708,"favorited":false,"user":{"follow_request_sent":false,"profile_use_background_image":true,"profile_text_color":"333333","default_profile_image":false,"id":282854342,"profile_background_image_url_https":"https://pbs.twimg.com/profile_background_images/378800000062045053/aa3093abc6a613b0fe0e0d9056c6df82.jpeg","verified":false,"profile_location":null,"profile_image_url_https":"https://pbs.twimg.com/profile_images/378800000378442673/a8b84772a585983da83b5632daa0a222_normal.jpeg","profile_sidebar_fill_color":"DDEEF6","entities":{"description":{"urls":[]}},"followers_count":1439,"profile_sidebar_border_color":"FFFFFF","id_str":"282854342","profile_background_color":"C0DEED","listed_count":34,"is_translation_enabled":false,"utc_offset":39600,"statuses_count":81802,"description":"Taking on Salvation Army re historic/ current abuses on humanity. Profiteering must stop,people care must begin. Many projects on go. Politicians must step up.","friends_count":1979,"location":"Sydney, Australia","profile_link_color":"B3007A","profile_image_url":"http://pbs.twimg.com/profile_images/378800000378442673/a8b84772a585983da83b5632daa0a222_normal.jpeg","following":false,"geo_enabled":false,"profile_banner_url":"https://pbs.twimg.com/profile_banners/282854342/1377759332","profile_background_image_url":"http://pbs.twimg.com/profile_background_images/378800000062045053/aa3093abc6a613b0fe0e0d9056c6df82.jpeg","name":"stephanie calabornes","lang":"en","profile_background_tile":true,"favourites_count":6510,"screen_name":"outandabout12","notifications":false,"url":null,"created_at":"Sat Apr 16 02:27:03 +0000 2011","contributors_enabled":false,"time_zone":"Sydney","protected":false,"default_profile":false,"is_translator":false},"geo":null,"in_reply_to_user_id_str":"1532402708","lang":"en","created_at":"Mon Dec 15 02:22:45 +0000 2014","in_reply_to_status_id_str":"544308531684335617","place":null},
{"contributors":null,"truncated":false,"text":"@AFPmedia @PhoenixUtters @ljayes incorrect re search warrants lakemba","in_reply_to_status_id":544308531684335617,"id":544316887438737410,"favorite_count":0,"source":"<a href=\"http://twitter.com\" rel=\"nofollow\">Twitter Web Client</a>","retweeted":false,"coordinates":null,"entities":{"symbols":[],"user_mentions":[{"id":1532402708,"indices":[0,9],"id_str":"1532402708","screen_name":"AFPmedia","name":"AFP National Media"},{"id":853932678,"indices":[10,24],"id_str":"853932678","screen_name":"PhoenixUtters","name":"Phoenix Utters"},{"id":17831767,"indices":[25,32],"id_str":"17831767","screen_name":"ljayes","name":"Laura Jayes"}],"hashtags":[],"urls":[]},"in_reply_to_screen_name":"AFPmedia","id_str":"544316887438737410","retweet_count":1,"in_reply_to_user_id":1532402708,"favorited":false,"user":{"follow_request_sent":false,"profile_use_background_image":true,"profile_text_color":"333333","default_profile_image":false,"id":282854342,"profile_background_image_url_https":"https://pbs.twimg.com/profile_background_images/378800000062045053/aa3093abc6a613b0fe0e0d9056c6df82.jpeg","verified":false,"profile_location":null,"profile_image_url_https":"https://pbs.twimg.com/profile_images/378800000378442673/a8b84772a585983da83b5632daa0a222_normal.jpeg","profile_sidebar_fill_color":"DDEEF6","entities":{"description":{"urls":[]}},"followers_count":1439,"profile_sidebar_border_color":"FFFFFF","id_str":"282854342","profile_background_color":"C0DEED","listed_count":34,"is_translation_enabled":false,"utc_offset":39600,"statuses_count":81802,"description":"Taking on Salvation Army re historic/ current abuses on humanity. Profiteering must stop,people care must begin. Many projects on go. Politicians must step up.","friends_count":1979,"location":"Sydney, Australia","profile_link_color":"B3007A","profile_image_url":"http://pbs.twimg.com/profile_images/378800000378442673/a8b84772a585983da83b5632daa0a222_normal.jpeg","following":false,"geo_enabled":false,"profile_banner_url":"https://pbs.twimg.com/profile_banners/282854342/1377759332","profile_background_image_url":"http://pbs.twimg.com/profile_background_images/378800000062045053/aa3093abc6a613b0fe0e0d9056c6df82.jpeg","name":"stephanie calabornes","lang":"en","profile_background_tile":true,"favourites_count":6510,"screen_name":"outandabout12","notifications":false,"url":null,"created_at":"Sat Apr 16 02:27:03 +0000 2011","contributors_enabled":false,"time_zone":"Sydney","protected":false,"default_profile":false,"is_translator":false},"geo":null,"in_reply_to_user_id_str":"1532402708","lang":"en","created_at":"Mon Dec 15 02:23:53 +0000 2014","in_reply_to_status_id_str":"544308531684335617","place":null},
{"contributors":null,"truncated":false,"text":"@saraham77 @AFPmedia @nswpolice it's not Lakemba - it's Punchbowl","in_reply_to_status_id":544309760011423745,"id":544327564362125312,"favorite_count":0,"source":"<a href=\"http://twitter.com\" rel=\"nofollow\">Twitter Web Client</a>","retweeted":false,"coordinates":null,"entities":{"symbols":[],"user_mentions":[{"id":273874035,"indices":[0,10],"id_str":"273874035","screen_name":"saraham77","name":"Cranky Sairs"},{"id":1532402708,"indices":[11,20],"id_str":"1532402708","screen_name":"AFPmedia","name":"AFP National Media"},{"id":23041630,"indices":[21,31],"id_str":"23041630","screen_name":"nswpolice","name":"NSW Police"}],"hashtags":[],"urls":[]},"in_reply_to_screen_name":"saraham77","id_str":"544327564362125312","retweet_count":0,"in_reply_to_user_id":273874035,"favorited":false,"user":{"follow_request_sent":false,"profile_use_background_image":true,"profile_text_color":"333333","default_profile_image":false,"id":455699956,"profile_background_image_url_https":"https://abs.twimg.com/images/themes/theme1/bg.png","verified":false,"profile_location":null,"profile_image_url_https":"https://pbs.twimg.com/profile_images/579827074258444288/iGwU4V-d_normal.jpg","profile_sidebar_fill_color":"DDEEF6","entities":{"description":{"urls":[]}},"followers_count":868,"profile_sidebar_border_color":"C0DEED","id_str":"455699956","profile_background_color":"C0DEED","listed_count":14,"is_translation_enabled":false,"utc_offset":-36000,"statuses_count":10292,"description":"Journalist - lives in Surry Hills Sydney\r\nInterests : global and local politics, Music \r\nDiving, driving ,  tennis , soccer","friends_count":2000,"location":"Sydney AUS.","profile_link_color":"0084B4","profile_image_url":"http://pbs.twimg.com/profile_images/579827074258444288/iGwU4V-d_normal.jpg","following":false,"geo_enabled":false,"profile_banner_url":"https://pbs.twimg.com/profile_banners/455699956/1418697261","profile_background_image_url":"http://abs.twimg.com/images/themes/theme1/bg.png","name":"Micky Mantell","lang":"en","profile_background_tile":false,"favourites_count":1144,"screen_name":"mickymantell","notifications":false,"url":null,"created_at":"Thu Jan 05 12:09:48 +0000 2012","contributors_enabled":false,"time_zone":"Hawaii","protected":false,"default_profile":true,"is_translator":false},"geo":null,"in_reply_to_user_id_str":"273874035","lang":"en","created_at":"Mon Dec 15 03:06:19 +0000 2014","in_reply_to_status_id_str":"544309760011423745","place":null}
]