[{"contributors":null,"truncated":false,"text":"@MarkDiStef staying always classy","in_reply_to_status_id":544343625069379584,"id":544343840413335552,"favorite_count":3,"source":"<a href=\"http://twitter.com/download/android\" rel=\"nofollow\">Twitter for Android</a>","retweeted":false,"coordinates":{"type":"Point","coordinates":[149.0658993,-35.2403886]},"entities":{"symbols":[],"user_mentions":[{"id":37881687,"indices":[0,11],"id_str":"37881687","screen_name":"MarkDiStef","name":"Mark Di Stefano"}],"hashtags":[],"urls":[]},"in_reply_to_screen_name":"MarkDiStef","id_str":"544343840413335552","retweet_count":1,"in_reply_to_user_id":37881687,"favorited":false,"user":{"follow_request_sent":false,"profile_use_background_image":true,"profile_text_color":"333333","default_profile_image":false,"id":107620159,"profile_background_image_url_https":"https://abs.twimg.com/images/themes/theme1/bg.png","verified":false,"profile_location":null,"profile_image_url_https":"https://pbs.twimg.com/profile_images/511830243678490626/E5P2iT8__normal.jpeg","profile_sidebar_fill_color":"DDEEF6","entities":{"url":{"urls":[{"url":"http://t.co/L9Tm0ilQHI","indices":[0,22],"expanded_url":"http://jitterry.tumblr.com","display_url":"jitterry.tumblr.com"}]},"description":{"urls":[]}},"followers_count":516,"profile_sidebar_border_color":"C0DEED","id_str":"107620159","profile_background_color":"C0DEED","listed_count":28,"is_translation_enabled":false,"utc_offset":39600,"statuses_count":26179,"description":"Love my sport and love nothing more than a good discussion. keen #safc, #brumbies, #wallabies, #brisbanelions fan Proud Canberran, born and raised","friends_count":964,"location":"Canberra, Australia","profile_link_color":"0084B4","profile_image_url":"http://pbs.twimg.com/profile_images/511830243678490626/E5P2iT8__normal.jpeg","following":false,"geo_enabled":true,"profile_banner_url":"https://pbs.twimg.com/profile_banners/107620159/1379777388","profile_background_image_url":"http://abs.twimg.com/images/themes/theme1/bg.png","name":"Buggy","lang":"en","profile_background_tile":false,"favourites_count":202,"screen_name":"Jitterry","notifications":false,"url":"http://t.co/L9Tm0ilQHI","created_at":"Sat Jan 23 04:44:26 +0000 2010","contributors_enabled":false,"time_zone":"Canberra","protected":false,"default_profile":true,"is_translator":false},"geo":{"type":"Point","coordinates":[-35.2403886,149.0658993]},"in_reply_to_user_id_str":"37881687","lang":"en","created_at":"Mon Dec 15 04:10:59 +0000 2014","in_reply_to_status_id_str":"544343625069379584","place":{"full_name":"Canberra, Australian Capital Territory","url":"https://api.twitter.com/1.1/geo/id/01e4b0c84959d430.json","country":"Australia","place_type":"city","bounding_box":{"type":"Polygon","coordinates":[[[148.9959216,-35.480260417],[149.263643456,-35.480260417],[149.263643456,-35.147699163],[148.9959216,-35.147699163]]]},"contained_within":[],"country_code":"AU","attributes":{},"id":"01e4b0c84959d430","name":"Canberra"}},
{"contributors":null,"truncated":false,"text":"@MarkDiStef @GeorgeBludger Cronulla riots ?","in_reply_to_status_id":544343625069379584,"id":544343964241768448,"favorite_count":2,"source":"<a href=\"http://twitter.com/download/iphone\" rel=\"nofollow\">Twitter for iPhone</a>","retweeted":false,"coordinates":null,"entities":{"symbols":[],"user_mentions":[{"id":37881687,"indices":[0,11],"id_str":"37881687","screen_name":"MarkDiStef","name":"Mark Di Stefano"},{"id":317532503,"indices":[12,26],"id_str":"317532503","screen_name":"GeorgeBludger","name":"Schadenfreude George"}],"hashtags":[],"urls":[]},"in_reply_to_screen_name":"MarkDiStef","id_str":"544343964241768448","retweet_count":1,"in_reply_to_user_id":37881687,"favorited":false,"user":{"follow_request_sent":false,"profile_use_background_image":true,"profile_text_color":"333333","default_profile_image":false,"id":1038235795,"profile_background_image_url_https":"https://abs.twimg.com/images/themes/theme1/bg.png","verified":false,"profile_location":null,"profile_image_url_https":"https://pbs.twimg.com/profile_images/506319314769551360/xPu7jvg5_normal.jpeg","profile_sidebar_fill_color":"DDEEF6","entities":{"description":{"urls":[]}},"followers_count":1941,"profile_sidebar_border_color":"C0DEED","id_str":"1038235795","profile_background_color":"C0DEED","listed_count":47,"is_translation_enabled":false,"utc_offset":null,"statuses_count":289358,"description":"Mother of three, destroying the joint, frightbat, i dont suffer RWNJ","friends_count":272,"location":"","profile_link_color":"0084B4","profile_image_url":"http://pbs.twimg.com/profile_images/506319314769551360/xPu7jvg5_normal.jpeg","following":false,"geo_enabled":true,"profile_background_image_url":"http://abs.twimg.com/images/themes/theme1/bg.png","name":"Susan Mackay","lang":"en","profile_background_tile":false,"favourites_count":66931,"screen_name":"mackaysuzie","notifications":false,"url":null,"created_at":"Wed Dec 26 22:32:33 +0000 2012","contributors_enabled":false,"time_zone":null,"protected":false,"default_profile":true,"is_translator":false},"geo":null,"in_reply_to_user_id_str":"37881687","lang":"fr","created_at":"Mon Dec 15 04:11:29 +0000 2014","in_reply_to_status_id_str":"544343625069379584","place":null},
{"contributors":null,"truncated":false,"text":"good lord MT @MarkDiStef: Two young guys have arrived and are swigging from bottles of white wine. http://t.co/eBEkfsRbdT","in_reply_to_status_id":544343625069379584,"id":544344058085142528,"favorite_count":5,"source":"<a href=\"http://twitter.com/download/iphone\" rel=\"nofollow\">Twitter for iPhone</a>","retweeted":false,"coordinates":null,"entities":{"symbols":[],"user_mentions":[{"id":37881687,"indices":[13,24],"id_str":"37881687","screen_name":"MarkDiStef","name":"Mark Di Stefano"}],"hashtags":[],"urls":[],"media":[{"source_user_id":37881687,"source_status_id_str":"544343625069379584","expanded_url":"http://twitter.com/MarkDiStef/status/544343625069379584/photo/1","display_url":"pic.twitter.com/eBEkfsRbdT","url":"http://t.co/eBEkfsRbdT","media_url_https":"https://pbs.twimg.com/media/B43lnuOCMAAD142.jpg","source_user_id_str":"37881687","source_status_id":544343625069379584,"id_str":"544343600566251520","sizes":{"small":{"h":604,"resize":"fit","w":340},"large":{"h":1024,"resize":"fit","w":576},"medium":{"h":1024,"resize":"fit","w":576},"thumb":{"h":150,"resize":"crop","w":150}},"indices":[99,121],"type":"photo","id":544343600566251520,"media_url":"http://pbs.twimg.com/media/B43lnuOCMAAD142.jpg"}]},"in_reply_to_screen_name":"MarkDiStef","id_str":"544344058085142528","retweet_count":3,"in_reply_to_user_id":37881687,"favorited":false,"user":{"follow_request_sent":false,"profile_use_background_image":true,"profile_text_color":"333333","default_profile_image":false,"id":23174259,"profile_background_image_url_https":"https://abs.twimg.com/images/themes/theme1/bg.png","verified":false,"profile_location":null,"profile_image_url_https":"https://pbs.twimg.com/profile_images/3501125903/6f735b2a2c52a69f39a23b20626d7579_normal.jpeg","profile_sidebar_fill_color":"DDEEF6","entities":{"description":{"urls":[]}},"followers_count":1810,"profile_sidebar_border_color":"C0DEED","id_str":"23174259","profile_background_color":"C0DEED","listed_count":25,"is_translation_enabled":false,"utc_offset":-36000,"statuses_count":9230,"description":"casual titoist on vacay","friends_count":849,"location":"sydney, australia","profile_link_color":"0084B4","profile_image_url":"http://pbs.twimg.com/profile_images/3501125903/6f735b2a2c52a69f39a23b20626d7579_normal.jpeg","following":false,"geo_enabled":false,"profile_banner_url":"https://pbs.twimg.com/profile_banners/23174259/1413371312","profile_background_image_url":"http://abs.twimg.com/images/themes/theme1/bg.png","name":"Sabina Husic","lang":"en","profile_background_tile":false,"favourites_count":1324,"screen_name":"sabinahusic","notifications":false,"url":null,"created_at":"Sat Mar 07 07:06:55 +0000 2009","contributors_enabled":false,"time_zone":"Hawaii","protected":false,"default_profile":true,"is_translator":false},"geo":null,"in_reply_to_user_id_str":"37881687","possibly_sensitive":false,"lang":"en","created_at":"Mon Dec 15 04:11:51 +0000 2014","in_reply_to_status_id_str":"544343625069379584","place":null,"extended_entities":{"media":[{"source_user_id":37881687,"source_status_id_str":"544343625069379584","expanded_url":"http://twitter.com/MarkDiStef/status/544343625069379584/photo/1","display_url":"pic.twitter.com/eBEkfsRbdT","url":"http://t.co/eBEkfsRbdT","media_url_https":"https://pbs.twimg.com/media/B43lnuOCMAAD142.jpg","source_user_id_str":"37881687","source_status_id":544343625069379584,"id_str":"544343600566251520","sizes":{"small":{"h":604,"resize":"fit","w":340},"large":{"h":1024,"resize":"fit","w":576},"medium":{"h":1024,"resize":"fit","w":576},"thumb":{"h":150,"resize":"crop","w":150}},"indices":[99,121],"type":"photo","id":544343600566251520,"media_url":"http://pbs.twimg.com/media/B43lnuOCMAAD142.jpg"}]}},
{"contributors":null,"truncated":false,"text":"@MarkDiStef Oh my!","in_reply_to_status_id":544343625069379584,"id":544344218672443393,"favorite_count":0,"source":"<a href=\"http://twitter.com\" rel=\"nofollow\">Twitter Web Client</a>","retweeted":false,"coordinates":null,"entities":{"symbols":[],"user_mentions":[{"id":37881687,"indices":[0,11],"id_str":"37881687","screen_name":"MarkDiStef","name":"Mark Di Stefano"}],"hashtags":[],"urls":[]},"in_reply_to_screen_name":"MarkDiStef","id_str":"544344218672443393","retweet_count":0,"in_reply_to_user_id":37881687,"favorited":false,"user":{"follow_request_sent":false,"profile_use_background_image":true,"profile_text_color":"0C3E53","default_profile_image":false,"id":47013822,"profile_background_image_url_https":"https://pbs.twimg.com/profile_background_images/377974457/FFG_Cover.JPG","verified":false,"profile_location":null,"profile_image_url_https":"https://pbs.twimg.com/profile_images/463126859815743488/8RhlRTrm_normal.jpeg","profile_sidebar_fill_color":"FFF7CC","entities":{"description":{"urls":[]}},"followers_count":2139,"profile_sidebar_border_color":"FFFFFF","id_str":"47013822","profile_background_color":"BADFCD","listed_count":22,"is_translation_enabled":false,"utc_offset":25200,"statuses_count":6028,"description":"Author of Falling from Grace, Child Protection Specialist, Life Coach, International Aid & Development, World News, Writer, Public Speaker, Trainer, Mother","friends_count":848,"location":"Melbourne, Australia","profile_link_color":"FF0000","profile_image_url":"http://pbs.twimg.com/profile_images/463126859815743488/8RhlRTrm_normal.jpeg","following":false,"geo_enabled":true,"profile_banner_url":"https://pbs.twimg.com/profile_banners/47013822/1399252990","profile_background_image_url":"http://pbs.twimg.com/profile_background_images/377974457/FFG_Cover.JPG","name":"Natalie-Ann McCauley","lang":"en","profile_background_tile":true,"favourites_count":96,"screen_name":"nmccauley","notifications":false,"url":null,"created_at":"Sun Jun 14 02:25:13 +0000 2009","contributors_enabled":false,"time_zone":"Bangkok","protected":false,"default_profile":false,"is_translator":false},"geo":null,"in_reply_to_user_id_str":"37881687","lang":"en","created_at":"Mon Dec 15 04:12:29 +0000 2014","in_reply_to_status_id_str":"544343625069379584","place":null},
{"contributors":null,"truncated":false,"text":"@MarkDiStef Surprised they haven't started chanting Aussie Aussie Aussie #straylia","in_reply_to_status_id":544343625069379584,"id":544344328928100352,"favorite_count":6,"source":"<a href=\"http://twitter.com\" rel=\"nofollow\">Twitter Web Client</a>","retweeted":false,"coordinates":null,"entities":{"symbols":[],"user_mentions":[{"id":37881687,"indices":[0,11],"id_str":"37881687","screen_name":"MarkDiStef","name":"Mark Di Stefano"}],"hashtags":[{"indices":[73,82],"text":"straylia"}],"urls":[]},"in_reply_to_screen_name":"MarkDiStef","id_str":"544344328928100352","retweet_count":0,"in_reply_to_user_id":37881687,"favorited":false,"user":{"follow_request_sent":false,"profile_use_background_image":false,"profile_text_color":"000000","default_profile_image":false,"id":110399904,"profile_background_image_url_https":"https://abs.twimg.com/images/themes/theme19/bg.gif","verified":false,"profile_location":null,"profile_image_url_https":"https://pbs.twimg.com/profile_images/3634915070/0f8a5c18724e00512dbf56af0e5028d0_normal.jpeg","profile_sidebar_fill_color":"000000","entities":{"description":{"urls":[]}},"followers_count":170,"profile_sidebar_border_color":"000000","id_str":"110399904","profile_background_color":"000000","listed_count":2,"is_translation_enabled":false,"utc_offset":36000,"statuses_count":1863,"description":"Media and comms, news junky. Sometimes dabble in #nswpol or #qldpol Opinions expressed are my own.","friends_count":868,"location":"Sydney","profile_link_color":"3B94D9","profile_image_url":"http://pbs.twimg.com/profile_images/3634915070/0f8a5c18724e00512dbf56af0e5028d0_normal.jpeg","following":false,"geo_enabled":false,"profile_background_image_url":"http://abs.twimg.com/images/themes/theme19/bg.gif","name":"Dom Costello","lang":"en","profile_background_tile":false,"favourites_count":121,"screen_name":"El_Dominus","notifications":false,"url":null,"created_at":"Mon Feb 01 12:10:12 +0000 2010","contributors_enabled":false,"time_zone":"Brisbane","protected":false,"default_profile":false,"is_translator":false},"geo":null,"in_reply_to_user_id_str":"37881687","lang":"en","created_at":"Mon Dec 15 04:12:56 +0000 2014","in_reply_to_status_id_str":"544343625069379584","place":null},
{"contributors":null,"truncated":false,"text":"@MarkDiStef \"report\" some news you \"reporter\"....","in_reply_to_status_id":544343625069379584,"id":544344343138828288,"favorite_count":2,"source":"<a href=\"http://twitter.com/download/iphone\" rel=\"nofollow\">Twitter for iPhone</a>","retweeted":false,"coordinates":null,"entities":{"symbols":[],"user_mentions":[{"id":37881687,"indices":[0,11],"id_str":"37881687","screen_name":"MarkDiStef","name":"Mark Di Stefano"}],"hashtags":[],"urls":[]},"in_reply_to_screen_name":"MarkDiStef","id_str":"544344343138828288","retweet_count":0,"in_reply_to_user_id":37881687,"favorited":false,"user":{"follow_request_sent":false,"profile_use_background_image":true,"profile_text_color":"333333","default_profile_image":false,"id":2515451348,"profile_background_image_url_https":"https://abs.twimg.com/images/themes/theme1/bg.png","verified":false,"profile_location":null,"profile_image_url_https":"https://pbs.twimg.com/profile_images/469482190359642112/2Kbq5M7m_normal.jpeg","profile_sidebar_fill_color":"DDEEF6","entities":{"description":{"urls":[]}},"followers_count":38,"profile_sidebar_border_color":"C0DEED","id_str":"2515451348","profile_background_color":"C0DEED","listed_count":0,"is_translation_enabled":false,"utc_offset":null,"statuses_count":207,"description":"Music Tech Travel Food Hockey Style.","friends_count":282,"location":"","profile_link_color":"5946EB","profile_image_url":"http://pbs.twimg.com/profile_images/469482190359642112/2Kbq5M7m_normal.jpeg","following":false,"geo_enabled":false,"profile_background_image_url":"http://abs.twimg.com/images/themes/theme1/bg.png","name":"KT","lang":"en","profile_background_tile":false,"favourites_count":40,"screen_name":"TKTappy","notifications":false,"url":null,"created_at":"Thu May 22 13:33:04 +0000 2014","contributors_enabled":false,"time_zone":null,"protected":false,"default_profile":false,"is_translator":false},"geo":null,"in_reply_to_user_id_str":"37881687","lang":"en","created_at":"Mon Dec 15 04:12:59 +0000 2014","in_reply_to_status_id_str":"544343625069379584","place":null},
{"contributors":null,"truncated":false,"text":"@mackaysuzie @MarkDiStef @GeorgeBludger 95% probability they are from the shire.","in_reply_to_status_id":544343964241768448,"id":544344407273512960,"favorite_count":0,"source":"<a href=\"http://twitter.com\" rel=\"nofollow\">Twitter Web Client</a>","retweeted":false,"coordinates":null,"entities":{"symbols":[],"user_mentions":[{"id":1038235795,"indices":[0,12],"id_str":"1038235795","screen_name":"mackaysuzie","name":"Susan Mackay"},{"id":37881687,"indices":[13,24],"id_str":"37881687","screen_name":"MarkDiStef","name":"Mark Di Stefano"},{"id":317532503,"indices":[25,39],"id_str":"317532503","screen_name":"GeorgeBludger","name":"Schadenfreude George"}],"hashtags":[],"urls":[]},"in_reply_to_screen_name":"mackaysuzie","id_str":"544344407273512960","retweet_count":0,"in_reply_to_user_id":1038235795,"favorited":false,"user":{"follow_request_sent":false,"profile_use_background_image":true,"profile_text_color":"333333","default_profile_image":false,"id":2350935702,"profile_background_image_url_https":"https://abs.twimg.com/images/themes/theme1/bg.png","verified":false,"profile_location":null,"profile_image_url_https":"https://pbs.twimg.com/profile_images/435977683382452224/vO5if-K7_normal.jpeg","profile_sidebar_fill_color":"DDEEF6","entities":{"description":{"urls":[]}},"followers_count":124,"profile_sidebar_border_color":"C0DEED","id_str":"2350935702","profile_background_color":"C0DEED","listed_count":3,"is_translation_enabled":false,"utc_offset":null,"statuses_count":484,"description":"Liberal Party hack to ALP members. ALP hack to Liberal Party members. Blind party politics is anathema to engaged democracy.","friends_count":217,"location":"Newcastle, NSW, Australia","profile_link_color":"0084B4","profile_image_url":"http://pbs.twimg.com/profile_images/435977683382452224/vO5if-K7_normal.jpeg","following":false,"geo_enabled":false,"profile_background_image_url":"http://abs.twimg.com/images/themes/theme1/bg.png","name":"Guesty McGuest-Guest","lang":"en","profile_background_tile":false,"favourites_count":37,"screen_name":"GuestyMcGuest","notifications":false,"url":null,"created_at":"Wed Feb 19 01:36:47 +0000 2014","contributors_enabled":false,"time_zone":null,"protected":false,"default_profile":true,"is_translator":false},"geo":null,"in_reply_to_user_id_str":"1038235795","lang":"en","created_at":"Mon Dec 15 04:13:14 +0000 2014","in_reply_to_status_id_str":"544343964241768448","place":null},
{"contributors":null,"truncated":false,"text":"@markdistef I've heard of strange attractors before but yob attractors are new","in_reply_to_status_id":544343625069379584,"id":544344461434568706,"favorite_count":0,"source":"<a href=\"http://itunes.apple.com/us/app/twitter/id409789998?mt=12\" rel=\"nofollow\">Twitter for Mac</a>","retweeted":false,"coordinates":null,"entities":{"symbols":[],"user_mentions":[{"id":37881687,"indices":[0,11],"id_str":"37881687","screen_name":"MarkDiStef","name":"Let it Di Stefasnow"}],"hashtags":[],"urls":[]},"in_reply_to_screen_name":"MarkDiStef","id_str":"544344461434568706","retweet_count":0,"in_reply_to_user_id":37881687,"favorited":false,"user":{"follow_request_sent":false,"profile_use_background_image":true,"profile_text_color":"000000","default_profile_image":false,"id":7058852,"profile_background_image_url_https":"https://pbs.twimg.com/profile_background_images/3096358/total_failure.png","verified":false,"profile_location":null,"profile_image_url_https":"https://pbs.twimg.com/profile_images/3445180875/eebfcf45346e548fdde6c1fdd480b32b_normal.png","profile_sidebar_fill_color":"F1DCA2","entities":{"url":{"urls":[{"url":"http://t.co/AHkJ6bDgKv","indices":[0,22],"expanded_url":"http://www.blackicemedia.com/","display_url":"blackicemedia.com"}]},"description":{"urls":[]}},"followers_count":409,"profile_sidebar_border_color":"95731D","id_str":"7058852","profile_background_color":"FFFFFF","listed_count":12,"is_translation_enabled":false,"utc_offset":39600,"statuses_count":15734,"description":"b.k.a. Backup Michael","friends_count":853,"location":"Sydney, AU","profile_link_color":"AE3709","profile_image_url":"http://pbs.twimg.com/profile_images/3445180875/eebfcf45346e548fdde6c1fdd480b32b_normal.png","following":false,"geo_enabled":true,"profile_banner_url":"https://pbs.twimg.com/profile_banners/7058852/1364523771","profile_background_image_url":"http://pbs.twimg.com/profile_background_images/3096358/total_failure.png","name":"レトロヴァーティゴ","lang":"en","profile_background_tile":false,"favourites_count":9985,"screen_name":"Retrovertigo","notifications":false,"url":"http://t.co/AHkJ6bDgKv","created_at":"Mon Jun 25 00:30:35 +0000 2007","contributors_enabled":false,"time_zone":"Sydney","protected":false,"default_profile":false,"is_translator":false},"geo":null,"in_reply_to_user_id_str":"37881687","lang":"en","created_at":"Mon Dec 15 04:13:27 +0000 2014","in_reply_to_status_id_str":"544343625069379584","place":null},
{"contributors":null,"truncated":false,"text":"@MarkDiStef @erinscafe http://t.co/Jrew9a5o1y","in_reply_to_status_id":544343625069379584,"id":544344512781643776,"favorite_count":1,"source":"<a href=\"http://twitter.com/download/iphone\" rel=\"nofollow\">Twitter for iPhone</a>","retweeted":false,"coordinates":null,"entities":{"symbols":[],"user_mentions":[{"id":37881687,"indices":[0,11],"id_str":"37881687","screen_name":"MarkDiStef","name":"Mark Di Stefano"},{"id":19683903,"indices":[12,22],"id_str":"19683903","screen_name":"erinscafe","name":"Erin Fa La La La La"}],"hashtags":[],"urls":[],"media":[{"expanded_url":"http://twitter.com/nataliyanyc/status/544344512781643776/photo/1","display_url":"pic.twitter.com/Jrew9a5o1y","url":"http://t.co/Jrew9a5o1y","media_url_https":"https://pbs.twimg.com/media/B43mcJYIIAAqIVg.jpg","id_str":"544344501209538560","sizes":{"large":{"h":1024,"resize":"fit","w":577},"small":{"h":603,"resize":"fit","w":340},"medium":{"h":1024,"resize":"fit","w":577},"thumb":{"h":150,"resize":"crop","w":150}},"indices":[23,45],"type":"photo","id":544344501209538560,"media_url":"http://pbs.twimg.com/media/B43mcJYIIAAqIVg.jpg"}]},"in_reply_to_screen_name":"MarkDiStef","id_str":"544344512781643776","retweet_count":0,"in_reply_to_user_id":37881687,"favorited":false,"user":{"follow_request_sent":false,"profile_use_background_image":true,"profile_text_color":"333333","default_profile_image":false,"id":199550052,"profile_background_image_url_https":"https://pbs.twimg.com/profile_background_images/378800000156104221/QgPGbfxl.jpeg","verified":false,"profile_location":null,"profile_image_url_https":"https://pbs.twimg.com/profile_images/562975974577688577/uznttzDM_normal.jpeg","profile_sidebar_fill_color":"EFEFEF","entities":{"url":{"urls":[{"url":"https://t.co/HuaEhiBVxO","indices":[0,23],"expanded_url":"https://m.youtube.com/watch?feature=youtu.be&v=KnS9-aXpQig","display_url":"m.youtube.com/watch?feature=…"}]},"description":{"urls":[]}},"followers_count":437,"profile_sidebar_border_color":"000000","id_str":"199550052","profile_background_color":"131516","listed_count":17,"is_translation_enabled":false,"utc_offset":-21600,"statuses_count":10802,"description":"Thanks for my Santa hat, @darth!","friends_count":98,"location":"","profile_link_color":"ABB8C2","profile_image_url":"http://pbs.twimg.com/profile_images/562975974577688577/uznttzDM_normal.jpeg","following":false,"geo_enabled":false,"profile_banner_url":"https://pbs.twimg.com/profile_banners/199550052/1418593431","profile_background_image_url":"http://pbs.twimg.com/profile_background_images/378800000156104221/QgPGbfxl.jpeg","name":"Nataliya","lang":"en","profile_background_tile":true,"favourites_count":14138,"screen_name":"nataliyanyc","notifications":false,"url":"https://t.co/HuaEhiBVxO","created_at":"Thu Oct 07 04:13:19 +0000 2010","contributors_enabled":false,"time_zone":"Central Time (US & Canada)","protected":false,"default_profile":false,"is_translator":false},"geo":null,"in_reply_to_user_id_str":"37881687","possibly_sensitive":false,"lang":"und","created_at":"Mon Dec 15 04:13:39 +0000 2014","in_reply_to_status_id_str":"544343625069379584","place":null,"extended_entities":{"media":[{"expanded_url":"http://twitter.com/nataliyanyc/status/544344512781643776/photo/1","display_url":"pic.twitter.com/Jrew9a5o1y","url":"http://t.co/Jrew9a5o1y","media_url_https":"https://pbs.twimg.com/media/B43mcJYIIAAqIVg.jpg","id_str":"544344501209538560","sizes":{"large":{"h":1024,"resize":"fit","w":577},"small":{"h":603,"resize":"fit","w":340},"medium":{"h":1024,"resize":"fit","w":577},"thumb":{"h":150,"resize":"crop","w":150}},"indices":[23,45],"type":"photo","id":544344501209538560,"media_url":"http://pbs.twimg.com/media/B43mcJYIIAAqIVg.jpg"}]}},
{"contributors":null,"truncated":false,"text":"@GuestyMcGuest @MarkDiStef @GeorgeBludger I'm from the shire and nothing like it","in_reply_to_status_id":544344407273512960,"id":544344774036049920,"favorite_count":1,"source":"<a href=\"http://twitter.com/download/iphone\" rel=\"nofollow\">Twitter for iPhone</a>","retweeted":false,"coordinates":null,"entities":{"symbols":[],"user_mentions":[{"id":2350935702,"indices":[0,14],"id_str":"2350935702","screen_name":"GuestyMcGuest","name":"Guesty McGuest-Guest"},{"id":37881687,"indices":[15,26],"id_str":"37881687","screen_name":"MarkDiStef","name":"Mark Di Stefano"},{"id":317532503,"indices":[27,41],"id_str":"317532503","screen_name":"GeorgeBludger","name":"Schadenfreude George"}],"hashtags":[],"urls":[]},"in_reply_to_screen_name":"GuestyMcGuest","id_str":"544344774036049920","retweet_count":0,"in_reply_to_user_id":2350935702,"favorited":false,"user":{"follow_request_sent":false,"profile_use_background_image":true,"profile_text_color":"333333","default_profile_image":false,"id":1038235795,"profile_background_image_url_https":"https://abs.twimg.com/images/themes/theme1/bg.png","verified":false,"profile_location":null,"profile_image_url_https":"https://pbs.twimg.com/profile_images/506319314769551360/xPu7jvg5_normal.jpeg","profile_sidebar_fill_color":"DDEEF6","entities":{"description":{"urls":[]}},"followers_count":1941,"profile_sidebar_border_color":"C0DEED","id_str":"1038235795","profile_background_color":"C0DEED","listed_count":47,"is_translation_enabled":false,"utc_offset":null,"statuses_count":289358,"description":"Mother of three, destroying the joint, frightbat, i dont suffer RWNJ","friends_count":272,"location":"","profile_link_color":"0084B4","profile_image_url":"http://pbs.twimg.com/profile_images/506319314769551360/xPu7jvg5_normal.jpeg","following":false,"geo_enabled":true,"profile_background_image_url":"http://abs.twimg.com/images/themes/theme1/bg.png","name":"Susan Mackay","lang":"en","profile_background_tile":false,"favourites_count":66931,"screen_name":"mackaysuzie","notifications":false,"url":null,"created_at":"Wed Dec 26 22:32:33 +0000 2012","contributors_enabled":false,"time_zone":null,"protected":false,"default_profile":true,"is_translator":false},"geo":null,"in_reply_to_user_id_str":"2350935702","lang":"en","created_at":"Mon Dec 15 04:14:42 +0000 2014","in_reply_to_status_id_str":"544344407273512960","place":null},
{"contributors":null,"truncated":false,"text":"@MarkDiStef what the hell?? Ppl's lives are on the line and ppl are drinking and having fun watching it?? This is where we've come to😑👎","in_reply_to_status_id":544343625069379584,"id":544344903216820224,"favorite_count":1,"source":"<a href=\"http://twitter.com/download/iphone\" rel=\"nofollow\">Twitter for iPhone</a>","retweeted":false,"coordinates":null,"entities":{"symbols":[],"user_mentions":[{"id":37881687,"indices":[0,11],"id_str":"37881687","screen_name":"MarkDiStef","name":"Mark Di Stefano"}],"hashtags":[],"urls":[]},"in_reply_to_screen_name":"MarkDiStef","id_str":"544344903216820224","retweet_count":0,"in_reply_to_user_id":37881687,"favorited":false,"user":{"follow_request_sent":false,"profile_use_background_image":true,"profile_text_color":"333333","default_profile_image":false,"id":588631255,"profile_background_image_url_https":"https://pbs.twimg.com/profile_background_images/378800000105437101/3c7995882bd8725ae02a35006738301e.jpeg","verified":false,"profile_location":null,"profile_image_url_https":"https://pbs.twimg.com/profile_images/581918587515965440/796Lmp2M_normal.jpg","profile_sidebar_fill_color":"DDEEF6","entities":{"description":{"urls":[]}},"followers_count":210,"profile_sidebar_border_color":"FFFFFF","id_str":"588631255","profile_background_color":"C0DEED","listed_count":1,"is_translation_enabled":false,"utc_offset":null,"statuses_count":13602,"description":"going to WKU for Film, #WKU17 i wnt to be a better prsn, i wnt to know the master plan, cast your stones, cast your judgements, you don't make me who I am- ADR","friends_count":297,"location":"","profile_link_color":"0084B4","profile_image_url":"http://pbs.twimg.com/profile_images/581918587515965440/796Lmp2M_normal.jpg","following":false,"geo_enabled":true,"profile_banner_url":"https://pbs.twimg.com/profile_banners/588631255/1418831556","profile_background_image_url":"http://pbs.twimg.com/profile_background_images/378800000105437101/3c7995882bd8725ae02a35006738301e.jpeg","name":"TC","lang":"en","profile_background_tile":true,"favourites_count":1527,"screen_name":"TylerCobaugh","notifications":false,"url":null,"created_at":"Wed May 23 22:30:18 +0000 2012","contributors_enabled":false,"time_zone":null,"protected":false,"default_profile":false,"is_translator":false},"geo":null,"in_reply_to_user_id_str":"37881687","lang":"en","created_at":"Mon Dec 15 04:15:13 +0000 2014","in_reply_to_status_id_str":"544343625069379584","place":null},
{"contributors":null,"truncated":false,"text":"@mackaysuzie @MarkDiStef @GeorgeBludger I'm from Newcastle. I understand your pain.","in_reply_to_status_id":544344774036049920,"id":544344903610691584,"favorite_count":1,"source":"<a href=\"http://twitter.com\" rel=\"nofollow\">Twitter Web Client</a>","retweeted":false,"coordinates":null,"entities":{"symbols":[],"user_mentions":[{"id":1038235795,"indices":[0,12],"id_str":"1038235795","screen_name":"mackaysuzie","name":"Susan Mackay"},{"id":37881687,"indices":[13,24],"id_str":"37881687","screen_name":"MarkDiStef","name":"Let it Di Stefasnow"},{"id":317532503,"indices":[25,39],"id_str":"317532503","screen_name":"GeorgeBludger","name":"Schadenfreude George"}],"hashtags":[],"urls":[]},"in_reply_to_screen_name":"mackaysuzie","id_str":"544344903610691584","retweet_count":0,"in_reply_to_user_id":1038235795,"favorited":false,"user":{"follow_request_sent":false,"profile_use_background_image":true,"profile_text_color":"333333","default_profile_image":false,"id":2350935702,"profile_background_image_url_https":"https://abs.twimg.com/images/themes/theme1/bg.png","verified":false,"profile_location":null,"profile_image_url_https":"https://pbs.twimg.com/profile_images/435977683382452224/vO5if-K7_normal.jpeg","profile_sidebar_fill_color":"DDEEF6","entities":{"description":{"urls":[]}},"followers_count":124,"profile_sidebar_border_color":"C0DEED","id_str":"2350935702","profile_background_color":"C0DEED","listed_count":3,"is_translation_enabled":false,"utc_offset":null,"statuses_count":484,"description":"Liberal Party hack to ALP members. ALP hack to Liberal Party members. Blind party politics is anathema to engaged democracy.","friends_count":217,"location":"Newcastle, NSW, Australia","profile_link_color":"0084B4","profile_image_url":"http://pbs.twimg.com/profile_images/435977683382452224/vO5if-K7_normal.jpeg","following":false,"geo_enabled":false,"profile_background_image_url":"http://abs.twimg.com/images/themes/theme1/bg.png","name":"Guesty McGuest-Guest","lang":"en","profile_background_tile":false,"favourites_count":37,"screen_name":"GuestyMcGuest","notifications":false,"url":null,"created_at":"Wed Feb 19 01:36:47 +0000 2014","contributors_enabled":false,"time_zone":null,"protected":false,"default_profile":true,"is_translator":false},"geo":null,"in_reply_to_user_id_str":"1038235795","lang":"en","created_at":"Mon Dec 15 04:15:13 +0000 2014","in_reply_to_status_id_str":"544344774036049920","place":null},
{"contributors":null,"truncated":false,"text":"@MarkDiStef I’d say do a “most idiotic gawkers at Martin Place” piece but I think making them internet famous will only make them happy.","in_reply_to_status_id":544343625069379584,"id":544345035848695808,"favorite_count":0,"source":"<a href=\"http://tapbots.com/tweetbot\" rel=\"nofollow\">Tweetbot for iΟS</a>","retweeted":false,"coordinates":null,"entities":{"symbols":[],"user_mentions":[{"id":37881687,"indices":[0,11],"id_str":"37881687","screen_name":"MarkDiStef","name":"Mark Di Stefano"}],"hashtags":[],"urls":[]},"in_reply_to_screen_name":"MarkDiStef","id_str":"544345035848695808","retweet_count":0,"in_reply_to_user_id":37881687,"favorited":false,"user":{"follow_request_sent":false,"profile_use_background_image":false,"profile_text_color":"000000","default_profile_image":false,"id":15374831,"profile_background_image_url_https":"https://abs.twimg.com/images/themes/theme6/bg.gif","verified":true,"profile_location":null,"profile_image_url_https":"https://pbs.twimg.com/profile_images/3052020466/cf719bc177086ad2cf78bfbdbd5f4e99_normal.jpeg","profile_sidebar_fill_color":"000000","entities":{"description":{"urls":[]}},"followers_count":6580,"profile_sidebar_border_color":"000000","id_str":"15374831","profile_background_color":"000000","listed_count":174,"is_translation_enabled":false,"utc_offset":39600,"statuses_count":27368,"description":"Formerly of The Australian Financial Review. Wanderers fan, writer, muso, struggling parent.","friends_count":1995,"location":"Sydney, Australia","profile_link_color":"3B94D9","profile_image_url":"http://pbs.twimg.com/profile_images/3052020466/cf719bc177086ad2cf78bfbdbd5f4e99_normal.jpeg","following":false,"geo_enabled":true,"profile_banner_url":"https://pbs.twimg.com/profile_banners/15374831/1357080624","profile_background_image_url":"http://abs.twimg.com/images/themes/theme6/bg.gif","name":"James Hutchinson","lang":"en","profile_background_tile":false,"favourites_count":1481,"screen_name":"j_hutch","notifications":false,"url":null,"created_at":"Thu Jul 10 06:43:32 +0000 2008","contributors_enabled":false,"time_zone":"Sydney","protected":false,"default_profile":false,"is_translator":false},"geo":null,"in_reply_to_user_id_str":"37881687","lang":"en","created_at":"Mon Dec 15 04:15:44 +0000 2014","in_reply_to_status_id_str":"544343625069379584","place":null},
{"contributors":null,"truncated":false,"text":"@MarkDiStef it's also Australia.","in_reply_to_status_id":544343625069379584,"id":544345052034920448,"favorite_count":0,"source":"<a href=\"http://twitter.com/download/iphone\" rel=\"nofollow\">Twitter for iPhone</a>","retweeted":false,"coordinates":null,"entities":{"symbols":[],"user_mentions":[{"id":37881687,"indices":[0,11],"id_str":"37881687","screen_name":"MarkDiStef","name":"Let it Di Stefasnow"}],"hashtags":[],"urls":[]},"in_reply_to_screen_name":"MarkDiStef","id_str":"544345052034920448","retweet_count":0,"in_reply_to_user_id":37881687,"favorited":false,"user":{"follow_request_sent":false,"profile_use_background_image":true,"profile_text_color":"65C4AE","default_profile_image":false,"id":94125725,"profile_background_image_url_https":"https://pbs.twimg.com/profile_background_images/378800000106198312/e338f87c46fe6562b3a09f399d3d0ebc.png","verified":false,"profile_location":null,"profile_image_url_https":"https://pbs.twimg.com/profile_images/587051401085345792/oXRTXAtO_normal.jpg","profile_sidebar_fill_color":"F58987","entities":{"description":{"urls":[]}},"followers_count":618,"profile_sidebar_border_color":"000000","id_str":"94125725","profile_background_color":"573146","listed_count":17,"is_translation_enabled":false,"utc_offset":-18000,"statuses_count":22399,"description":"sex, love and rock in roll","friends_count":1317,"location":"Toronto, Ontario ","profile_link_color":"1F1B09","profile_image_url":"http://pbs.twimg.com/profile_images/587051401085345792/oXRTXAtO_normal.jpg","following":false,"geo_enabled":true,"profile_banner_url":"https://pbs.twimg.com/profile_banners/94125725/1414802984","profile_background_image_url":"http://pbs.twimg.com/profile_background_images/378800000106198312/e338f87c46fe6562b3a09f399d3d0ebc.png","name":"Kelly Patrick","lang":"en","profile_background_tile":true,"favourites_count":124,"screen_name":"kellypatrickxox","notifications":false,"url":null,"created_at":"Wed Dec 02 16:48:45 +0000 2009","contributors_enabled":false,"time_zone":"Quito","protected":false,"default_profile":false,"is_translator":false},"geo":null,"in_reply_to_user_id_str":"37881687","lang":"en","created_at":"Mon Dec 15 04:15:48 +0000 2014","in_reply_to_status_id_str":"544343625069379584","place":null},
{"contributors":null,"truncated":false,"text":"@GuestyMcGuest @mackaysuzie @MarkDiStef @GeorgeBludger its a bogan epidemic. Def not localised","in_reply_to_status_id":544344407273512960,"id":544345167545630721,"favorite_count":1,"source":"<a href=\"http://twitter.com/download/iphone\" rel=\"nofollow\">Twitter for iPhone</a>","retweeted":false,"coordinates":null,"entities":{"symbols":[],"user_mentions":[{"id":2350935702,"indices":[0,14],"id_str":"2350935702","screen_name":"GuestyMcGuest","name":"Guesty McGuest-Guest"},{"id":1038235795,"indices":[15,27],"id_str":"1038235795","screen_name":"mackaysuzie","name":"Susan Mackay"},{"id":37881687,"indices":[28,39],"id_str":"37881687","screen_name":"MarkDiStef","name":"Mark Di Stefano"},{"id":317532503,"indices":[40,54],"id_str":"317532503","screen_name":"GeorgeBludger","name":"Schadenfreude George"}],"hashtags":[],"urls":[]},"in_reply_to_screen_name":"GuestyMcGuest","id_str":"544345167545630721","retweet_count":0,"in_reply_to_user_id":2350935702,"favorited":false,"user":{"follow_request_sent":false,"profile_use_background_image":true,"profile_text_color":"333333","default_profile_image":false,"id":347883924,"profile_background_image_url_https":"https://abs.twimg.com/images/themes/theme1/bg.png","verified":false,"profile_location":null,"profile_image_url_https":"https://pbs.twimg.com/profile_images/589208290065690624/iLwAkI0H_normal.jpg","profile_sidebar_fill_color":"DDEEF6","entities":{"description":{"urls":[]}},"followers_count":170,"profile_sidebar_border_color":"C0DEED","id_str":"347883924","profile_background_color":"C0DEED","listed_count":1,"is_translation_enabled":false,"utc_offset":null,"statuses_count":7084,"description":"rude sarcastic","friends_count":70,"location":"Sydney","profile_link_color":"0084B4","profile_image_url":"http://pbs.twimg.com/profile_images/589208290065690624/iLwAkI0H_normal.jpg","following":false,"geo_enabled":false,"profile_banner_url":"https://pbs.twimg.com/profile_banners/347883924/1410677612","profile_background_image_url":"http://abs.twimg.com/images/themes/theme1/bg.png","name":"Julz","lang":"en","profile_background_tile":false,"favourites_count":13161,"screen_name":"julia_goo_lia","notifications":false,"url":null,"created_at":"Wed Aug 03 14:35:44 +0000 2011","contributors_enabled":false,"time_zone":null,"protected":false,"default_profile":true,"is_translator":false},"geo":null,"in_reply_to_user_id_str":"2350935702","lang":"en","created_at":"Mon Dec 15 04:16:16 +0000 2014","in_reply_to_status_id_str":"544344407273512960","place":null},
{"contributors":null,"truncated":false,"text":"@j_hutch @MarkDiStef 13 morons who should be up against the wall when the revolution comes","in_reply_to_status_id":544345035848695808,"id":544345281811079168,"favorite_count":1,"source":"<a href=\"https://about.twitter.com/products/tweetdeck\" rel=\"nofollow\">TweetDeck</a>","retweeted":false,"coordinates":null,"entities":{"symbols":[],"user_mentions":[{"id":15374831,"indices":[0,8],"id_str":"15374831","screen_name":"j_hutch","name":"James Hutchinson"},{"id":37881687,"indices":[9,20],"id_str":"37881687","screen_name":"MarkDiStef","name":"Let it Di Stefasnow"}],"hashtags":[],"urls":[]},"in_reply_to_screen_name":"j_hutch","id_str":"544345281811079168","retweet_count":0,"in_reply_to_user_id":15374831,"favorited":false,"user":{"follow_request_sent":false,"profile_use_background_image":true,"profile_text_color":"333333","default_profile_image":false,"id":14949685,"profile_background_image_url_https":"https://abs.twimg.com/images/themes/theme1/bg.png","verified":false,"profile_location":null,"profile_image_url_https":"https://pbs.twimg.com/profile_images/576179530810859520/o6TOf4H6_normal.png","profile_sidebar_fill_color":"DDEEF6","entities":{"url":{"urls":[{"url":"http://t.co/uqIyxSXSRQ","indices":[0,22],"expanded_url":"http://angrybeanie.com","display_url":"angrybeanie.com"}]},"description":{"urls":[]}},"followers_count":1217,"profile_sidebar_border_color":"C0DEED","id_str":"14949685","profile_background_color":"C0DEED","listed_count":91,"is_translation_enabled":false,"utc_offset":39600,"statuses_count":59074,"description":"father, husband, geek, producer, presenter and more","friends_count":784,"location":"Australia","profile_link_color":"0084B4","profile_image_url":"http://pbs.twimg.com/profile_images/576179530810859520/o6TOf4H6_normal.png","following":false,"geo_enabled":false,"profile_background_image_url":"http://abs.twimg.com/images/themes/theme1/bg.png","name":"purserj","lang":"en","profile_background_tile":false,"favourites_count":32,"screen_name":"purserj","notifications":false,"url":"http://t.co/uqIyxSXSRQ","created_at":"Fri May 30 00:02:57 +0000 2008","contributors_enabled":false,"time_zone":"Sydney","protected":false,"default_profile":true,"is_translator":false},"geo":null,"in_reply_to_user_id_str":"15374831","lang":"en","created_at":"Mon Dec 15 04:16:43 +0000 2014","in_reply_to_status_id_str":"544345035848695808","place":null},
{"contributors":null,"truncated":false,"text":"@markdistef Where is that hashtag? Oh wait, here it is… #straya","in_reply_to_status_id":544343625069379584,"id":544345306838478848,"favorite_count":0,"source":"<a href=\"http://itunes.apple.com/us/app/twitter/id409789998?mt=12\" rel=\"nofollow\">Twitter for Mac</a>","retweeted":false,"coordinates":null,"entities":{"symbols":[],"user_mentions":[{"id":37881687,"indices":[0,11],"id_str":"37881687","screen_name":"MarkDiStef","name":"Mark Di Stefano"}],"hashtags":[{"indices":[56,63],"text":"straya"}],"urls":[]},"in_reply_to_screen_name":"MarkDiStef","id_str":"544345306838478848","retweet_count":0,"in_reply_to_user_id":37881687,"favorited":false,"user":{"follow_request_sent":false,"profile_use_background_image":true,"profile_text_color":"333333","default_profile_image":false,"id":82564169,"profile_background_image_url_https":"https://pbs.twimg.com/profile_background_images/378800000120323895/b472469d51fed45aa321a0920c071406.jpeg","verified":false,"profile_location":null,"profile_image_url_https":"https://pbs.twimg.com/profile_images/554800101554544641/I3FxPzRa_normal.jpeg","profile_sidebar_fill_color":"DDEEF6","entities":{"url":{"urls":[{"url":"http://t.co/NS3cZEsLbf","indices":[0,22],"expanded_url":"http://www.tinyletter.com/theseidlist","display_url":"tinyletter.com/theseidlist"}]},"description":{"urls":[]}},"followers_count":772,"profile_sidebar_border_color":"FFFFFF","id_str":"82564169","profile_background_color":"C0DEED","listed_count":9,"is_translation_enabled":false,"utc_offset":39600,"statuses_count":17101,"description":"Copywriter at Leo Burnett, Founding Editor at One A Day, Writer at SMH, Broadsheet, Monocle & Rolling Stone, Proud Dad some time in the future, probably.","friends_count":669,"location":"DONDA HQ","profile_link_color":"0084B4","profile_image_url":"http://pbs.twimg.com/profile_images/554800101554544641/I3FxPzRa_normal.jpeg","following":false,"geo_enabled":false,"profile_banner_url":"https://pbs.twimg.com/profile_banners/82564169/1408886261","profile_background_image_url":"http://pbs.twimg.com/profile_background_images/378800000120323895/b472469d51fed45aa321a0920c071406.jpeg","name":"Secret Seidler","lang":"en","profile_background_tile":true,"favourites_count":580,"screen_name":"jonnoseidler","notifications":false,"url":"http://t.co/NS3cZEsLbf","created_at":"Thu Oct 15 07:39:33 +0000 2009","contributors_enabled":false,"time_zone":"Sydney","protected":false,"default_profile":false,"is_translator":false},"geo":null,"in_reply_to_user_id_str":"37881687","lang":"en","created_at":"Mon Dec 15 04:16:49 +0000 2014","in_reply_to_status_id_str":"544343625069379584","place":null},
{"contributors":null,"truncated":false,"text":"@nataliyanyc @MarkDiStef @erinscafe http://t.co/n3MvnDkRI2","in_reply_to_status_id":544344512781643776,"id":544345412539146240,"favorite_count":1,"source":"<a href=\"http://twitter.com/download/iphone\" rel=\"nofollow\">Twitter for iPhone</a>","retweeted":false,"coordinates":null,"entities":{"symbols":[],"user_mentions":[{"id":199550052,"indices":[0,12],"id_str":"199550052","screen_name":"nataliyanyc","name":"Nataliya"},{"id":37881687,"indices":[13,24],"id_str":"37881687","screen_name":"MarkDiStef","name":"Mark Di Stefano"},{"id":19683903,"indices":[25,35],"id_str":"19683903","screen_name":"erinscafe","name":"Erin Fa La La La La"}],"hashtags":[],"urls":[],"media":[{"expanded_url":"http://twitter.com/julia_goo_lia/status/544345412539146240/photo/1","display_url":"pic.twitter.com/n3MvnDkRI2","url":"http://t.co/n3MvnDkRI2","media_url_https":"https://pbs.twimg.com/media/B43nRGZCYAA4gd1.jpg","id_str":"544345410941116416","sizes":{"large":{"h":277,"resize":"fit","w":306},"small":{"h":277,"resize":"fit","w":306},"medium":{"h":277,"resize":"fit","w":306},"thumb":{"h":150,"resize":"crop","w":150}},"indices":[36,58],"type":"photo","id":544345410941116416,"media_url":"http://pbs.twimg.com/media/B43nRGZCYAA4gd1.jpg"}]},"in_reply_to_screen_name":"nataliyanyc","id_str":"544345412539146240","retweet_count":0,"in_reply_to_user_id":199550052,"favorited":false,"user":{"follow_request_sent":false,"profile_use_background_image":true,"profile_text_color":"333333","default_profile_image":false,"id":347883924,"profile_background_image_url_https":"https://abs.twimg.com/images/themes/theme1/bg.png","verified":false,"profile_location":null,"profile_image_url_https":"https://pbs.twimg.com/profile_images/589208290065690624/iLwAkI0H_normal.jpg","profile_sidebar_fill_color":"DDEEF6","entities":{"description":{"urls":[]}},"followers_count":170,"profile_sidebar_border_color":"C0DEED","id_str":"347883924","profile_background_color":"C0DEED","listed_count":1,"is_translation_enabled":false,"utc_offset":null,"statuses_count":7084,"description":"rude sarcastic","friends_count":70,"location":"Sydney","profile_link_color":"0084B4","profile_image_url":"http://pbs.twimg.com/profile_images/589208290065690624/iLwAkI0H_normal.jpg","following":false,"geo_enabled":false,"profile_banner_url":"https://pbs.twimg.com/profile_banners/347883924/1410677612","profile_background_image_url":"http://abs.twimg.com/images/themes/theme1/bg.png","name":"Julz","lang":"en","profile_background_tile":false,"favourites_count":13161,"screen_name":"julia_goo_lia","notifications":false,"url":null,"created_at":"Wed Aug 03 14:35:44 +0000 2011","contributors_enabled":false,"time_zone":null,"protected":false,"default_profile":true,"is_translator":false},"geo":null,"in_reply_to_user_id_str":"199550052","possibly_sensitive":false,"lang":"und","created_at":"Mon Dec 15 04:17:14 +0000 2014","in_reply_to_status_id_str":"544344512781643776","place":null,"extended_entities":{"media":[{"expanded_url":"http://twitter.com/julia_goo_lia/status/544345412539146240/photo/1","display_url":"pic.twitter.com/n3MvnDkRI2","url":"http://t.co/n3MvnDkRI2","media_url_https":"https://pbs.twimg.com/media/B43nRGZCYAA4gd1.jpg","id_str":"544345410941116416","sizes":{"large":{"h":277,"resize":"fit","w":306},"small":{"h":277,"resize":"fit","w":306},"medium":{"h":277,"resize":"fit","w":306},"thumb":{"h":150,"resize":"crop","w":150}},"indices":[36,58],"type":"photo","id":544345410941116416,"media_url":"http://pbs.twimg.com/media/B43nRGZCYAA4gd1.jpg"}]}},
{"contributors":null,"truncated":false,"text":"@MarkDiStef #straya","in_reply_to_status_id":544343625069379584,"id":544345432311070720,"favorite_count":0,"source":"<a href=\"http://twitter.com\" rel=\"nofollow\">Twitter Web Client</a>","retweeted":false,"coordinates":null,"entities":{"symbols":[],"user_mentions":[{"id":37881687,"indices":[0,11],"id_str":"37881687","screen_name":"MarkDiStef","name":"Mark Di Stefano"}],"hashtags":[{"indices":[12,19],"text":"straya"}],"urls":[]},"in_reply_to_screen_name":"MarkDiStef","id_str":"544345432311070720","retweet_count":0,"in_reply_to_user_id":37881687,"favorited":false,"user":{"follow_request_sent":false,"profile_use_background_image":true,"profile_text_color":"3E4415","default_profile_image":false,"id":20962311,"profile_background_image_url_https":"https://abs.twimg.com/images/themes/theme5/bg.gif","verified":false,"profile_location":null,"profile_image_url_https":"https://pbs.twimg.com/profile_images/78705022/twitter_head_normal.jpg","profile_sidebar_fill_color":"99CC33","entities":{"description":{"urls":[]}},"followers_count":395,"profile_sidebar_border_color":"829D5E","id_str":"20962311","profile_background_color":"352726","listed_count":16,"is_translation_enabled":false,"utc_offset":39600,"statuses_count":3504,"description":"Truth is Cubis, Cubis truth","friends_count":275,"location":"Sydney, Australia","profile_link_color":"D02B55","profile_image_url":"http://pbs.twimg.com/profile_images/78705022/twitter_head_normal.jpg","following":false,"geo_enabled":true,"profile_background_image_url":"http://abs.twimg.com/images/themes/theme5/bg.gif","name":"Shane Cubis","lang":"en","profile_background_tile":false,"favourites_count":408,"screen_name":"cubisia","notifications":false,"url":null,"created_at":"Mon Feb 16 04:25:02 +0000 2009","contributors_enabled":false,"time_zone":"Sydney","protected":false,"default_profile":false,"is_translator":false},"geo":null,"in_reply_to_user_id_str":"37881687","lang":"und","created_at":"Mon Dec 15 04:17:19 +0000 2014","in_reply_to_status_id_str":"544343625069379584","place":null}
]