[{"contributors":null,"truncated":false,"text":"@RT_com omg hes bald #awkward","in_reply_to_status_id":544301624814870530,"id":544301922153672704,"favorite_count":0,"source":"<a href=\"http://twitter.com/download/iphone\" rel=\"nofollow\">Twitter for iPhone</a>","retweeted":false,"coordinates":null,"entities":{"symbols":[],"user_mentions":[{"id":64643056,"indices":[0,7],"id_str":"64643056","screen_name":"RT_com","name":"RT"}],"hashtags":[{"indices":[21,29],"text":"awkward"}],"urls":[]},"in_reply_to_screen_name":"RT_com","id_str":"544301922153672704","retweet_count":0,"in_reply_to_user_id":64643056,"favorited":false,"user":{"follow_request_sent":false,"profile_use_background_image":true,"profile_text_color":"333333","default_profile_image":false,"id":497771286,"profile_background_image_url_https":"https://abs.twimg.com/images/themes/theme14/bg.gif","verified":false,"profile_location":null,"profile_image_url_https":"https://pbs.twimg.com/profile_images/540599430278561792/4FQp-Iuj_normal.jpeg","profile_sidebar_fill_color":"EFEFEF","entities":{"description":{"urls":[]}},"followers_count":221,"profile_sidebar_border_color":"EEEEEE","id_str":"497771286","profile_background_color":"131516","listed_count":0,"is_translation_enabled":false,"utc_offset":0,"statuses_count":3223,"description":"Courtship","friends_count":293,"location":"","profile_link_color":"009999","profile_image_url":"http://pbs.twimg.com/profile_images/540599430278561792/4FQp-Iuj_normal.jpeg","following":false,"geo_enabled":false,"profile_banner_url":"https://pbs.twimg.com/profile_banners/497771286/1417724599","profile_background_image_url":"http://abs.twimg.com/images/themes/theme14/bg.gif","name":"Baron Von Schwartz V","lang":"en","profile_background_tile":true,"favourites_count":686,"screen_name":"BaronVonBauerts","notifications":false,"url":null,"created_at":"Mon Feb 20 10:28:11 +0000 2012","contributors_enabled":false,"time_zone":"London","protected":false,"default_profile":false,"is_translator":false},"geo":null,"in_reply_to_user_id_str":"64643056","lang":"en","created_at":"Mon Dec 15 01:24:25 +0000 2014","in_reply_to_status_id_str":"544301624814870530","place":null},
{"contributors":null,"truncated":false,"text":"“@RT_com: A closer still caption of #Sydneysiege gunman http://t.co/pJB5cXaf8H http://t.co/rUrd6GR9w0”","in_reply_to_status_id":544301624814870530,"id":544302078970327040,"favorite_count":1,"source":"<a href=\"http://twitter.com/download/iphone\" rel=\"nofollow\">Twitter for iPhone</a>","retweeted":false,"coordinates":null,"entities":{"symbols":[],"user_mentions":[{"id":64643056,"indices":[1,8],"id_str":"64643056","screen_name":"RT_com","name":"RT"}],"hashtags":[{"indices":[36,48],"text":"Sydneysiege"}],"urls":[{"url":"http://t.co/pJB5cXaf8H","indices":[56,78],"expanded_url":"http://on.rt.com/7r03cn","display_url":"on.rt.com/7r03cn"}],"media":[{"source_user_id":64643056,"source_status_id_str":"544301624814870530","expanded_url":"http://twitter.com/RT_com/status/544301624814870530/photo/1","display_url":"pic.twitter.com/rUrd6GR9w0","url":"http://t.co/rUrd6GR9w0","media_url_https":"https://pbs.twimg.com/media/B42-ihsCUAAovcT.png","source_user_id_str":"64643056","source_status_id":544301624814870530,"id_str":"544300630349598720","sizes":{"small":{"h":156,"resize":"fit","w":340},"large":{"h":277,"resize":"fit","w":601},"medium":{"h":276,"resize":"fit","w":600},"thumb":{"h":150,"resize":"crop","w":150}},"indices":[79,101],"type":"photo","id":544300630349598720,"media_url":"http://pbs.twimg.com/media/B42-ihsCUAAovcT.png"}]},"in_reply_to_screen_name":"RT_com","id_str":"544302078970327040","retweet_count":1,"in_reply_to_user_id":64643056,"favorited":false,"user":{"follow_request_sent":false,"profile_use_background_image":true,"profile_text_color":"333333","default_profile_image":false,"id":504655640,"profile_background_image_url_https":"https://abs.twimg.com/images/themes/theme13/bg.gif","verified":false,"profile_location":null,"profile_image_url_https":"https://pbs.twimg.com/profile_images/561733498495451136/wzkv9hTI_normal.jpeg","profile_sidebar_fill_color":"FFFFFF","entities":{"description":{"urls":[]}},"followers_count":150,"profile_sidebar_border_color":"FFFFFF","id_str":"504655640","profile_background_color":"B2DFDA","listed_count":2,"is_translation_enabled":false,"utc_offset":-18000,"statuses_count":2382,"description":"Social work student. Peruvian but living in Miami Beach. Loving every single day of my life. Travelicious. Se habla español jaja","friends_count":379,"location":"Miami Beach, FL","profile_link_color":"93A644","profile_image_url":"http://pbs.twimg.com/profile_images/561733498495451136/wzkv9hTI_normal.jpeg","following":false,"geo_enabled":true,"profile_banner_url":"https://pbs.twimg.com/profile_banners/504655640/1415939112","profile_background_image_url":"http://abs.twimg.com/images/themes/theme13/bg.gif","name":"Vanessa","lang":"es","profile_background_tile":false,"favourites_count":2231,"screen_name":"LaMiss305","notifications":false,"url":null,"created_at":"Sun Feb 26 15:42:20 +0000 2012","contributors_enabled":false,"time_zone":"Eastern Time (US & Canada)","protected":false,"default_profile":false,"is_translator":false},"geo":null,"in_reply_to_user_id_str":"64643056","possibly_sensitive":false,"lang":"en","created_at":"Mon Dec 15 01:25:02 +0000 2014","in_reply_to_status_id_str":"544301624814870530","place":null,"extended_entities":{"media":[{"source_user_id":64643056,"source_status_id_str":"544301624814870530","expanded_url":"http://twitter.com/RT_com/status/544301624814870530/photo/1","display_url":"pic.twitter.com/rUrd6GR9w0","url":"http://t.co/rUrd6GR9w0","media_url_https":"https://pbs.twimg.com/media/B42-ihsCUAAovcT.png","source_user_id_str":"64643056","source_status_id":544301624814870530,"id_str":"544300630349598720","sizes":{"small":{"h":156,"resize":"fit","w":340},"large":{"h":277,"resize":"fit","w":601},"medium":{"h":276,"resize":"fit","w":600},"thumb":{"h":150,"resize":"crop","w":150}},"indices":[79,101],"type":"photo","id":544300630349598720,"media_url":"http://pbs.twimg.com/media/B42-ihsCUAAovcT.png"}]}},
{"contributors":null,"truncated":false,"text":"@RT_com  Didn't Police specifically ask us NOT to post photos of hostages or gunmen until hostages released? #sydneysiege #auspol.","in_reply_to_status_id":544301624814870530,"id":544302242757496832,"favorite_count":6,"source":"<a href=\"http://twitter.com/#!/download/ipad\" rel=\"nofollow\">Twitter for iPad</a>","retweeted":false,"coordinates":null,"entities":{"symbols":[],"user_mentions":[{"id":64643056,"indices":[0,7],"id_str":"64643056","screen_name":"RT_com","name":"RT"}],"hashtags":[{"indices":[109,121],"text":"sydneysiege"},{"indices":[122,129],"text":"auspol"}],"urls":[]},"in_reply_to_screen_name":"RT_com","id_str":"544302242757496832","retweet_count":2,"in_reply_to_user_id":64643056,"favorited":false,"user":{"follow_request_sent":false,"profile_use_background_image":true,"profile_text_color":"333333","default_profile_image":false,"id":1100048125,"profile_background_image_url_https":"https://abs.twimg.com/images/themes/theme1/bg.png","verified":false,"profile_location":null,"profile_image_url_https":"https://pbs.twimg.com/profile_images/3451211446/2f1a571e4267ddfb6e7b28a8fa88d4a9_normal.jpeg","profile_sidebar_fill_color":"DDEEF6","entities":{"description":{"urls":[]}},"followers_count":212,"profile_sidebar_border_color":"C0DEED","id_str":"1100048125","profile_background_color":"C0DEED","listed_count":4,"is_translation_enabled":false,"utc_offset":null,"statuses_count":2421,"description":"Events co-ordinator, Wife, and Mother to 3 spoilt pussies! \n\n \n \nAustralia","friends_count":565,"location":"","profile_link_color":"0084B4","profile_image_url":"http://pbs.twimg.com/profile_images/3451211446/2f1a571e4267ddfb6e7b28a8fa88d4a9_normal.jpeg","following":false,"geo_enabled":false,"profile_banner_url":"https://pbs.twimg.com/profile_banners/1100048125/1364717800","profile_background_image_url":"http://abs.twimg.com/images/themes/theme1/bg.png","name":"Julie M","lang":"en","profile_background_tile":false,"favourites_count":1368,"screen_name":"JulieOMarshall","notifications":false,"url":null,"created_at":"Fri Jan 18 04:48:26 +0000 2013","contributors_enabled":false,"time_zone":null,"protected":false,"default_profile":true,"is_translator":false},"geo":null,"in_reply_to_user_id_str":"64643056","lang":"en","created_at":"Mon Dec 15 01:25:41 +0000 2014","in_reply_to_status_id_str":"544301624814870530","place":null},
{"contributors":null,"truncated":false,"text":"@JulieOMarshall @RT_com Shame on channel 7 :/","in_reply_to_status_id":544302242757496832,"id":544302531925393408,"favorite_count":0,"source":"<a href=\"http://twitter.com\" rel=\"nofollow\">Twitter Web Client</a>","retweeted":false,"coordinates":null,"entities":{"symbols":[],"user_mentions":[{"id":1100048125,"indices":[0,15],"id_str":"1100048125","screen_name":"JulieOMarshall","name":"Julie M"},{"id":64643056,"indices":[16,23],"id_str":"64643056","screen_name":"RT_com","name":"RT"}],"hashtags":[],"urls":[]},"in_reply_to_screen_name":"JulieOMarshall","id_str":"544302531925393408","retweet_count":0,"in_reply_to_user_id":1100048125,"favorited":false,"user":{"follow_request_sent":false,"profile_use_background_image":true,"profile_text_color":"333333","default_profile_image":false,"id":2779390794,"profile_background_image_url_https":"https://abs.twimg.com/images/themes/theme7/bg.gif","verified":false,"profile_location":null,"profile_image_url_https":"https://pbs.twimg.com/profile_images/505498156025405440/V55L7kUu_normal.png","profile_sidebar_fill_color":"F3F3F3","entities":{"url":{"urls":[{"url":"http://t.co/s2ljTlf8gx","indices":[0,22],"expanded_url":"http://raidenii.net","display_url":"raidenii.net"}]},"description":{"urls":[]}},"followers_count":63,"profile_sidebar_border_color":"DFDFDF","id_str":"2779390794","profile_background_color":"EBEBEB","listed_count":5,"is_translation_enabled":false,"utc_offset":null,"statuses_count":1309,"description":"Vertically integrated, beyond good and evil. Opinions, technical content, development. RT/Follow is not an endorsement. BSc. (Hon) BE (Hon) PhD candidate.","friends_count":152,"location":"Australia/Finland","profile_link_color":"990000","profile_image_url":"http://pbs.twimg.com/profile_images/505498156025405440/V55L7kUu_normal.png","following":false,"geo_enabled":false,"profile_banner_url":"https://pbs.twimg.com/profile_banners/2779390794/1416505549","profile_background_image_url":"http://abs.twimg.com/images/themes/theme7/bg.gif","name":"austere","lang":"en","profile_background_tile":false,"favourites_count":338,"screen_name":"ozstere","notifications":false,"url":"http://t.co/s2ljTlf8gx","created_at":"Fri Aug 29 23:24:35 +0000 2014","contributors_enabled":false,"time_zone":null,"protected":false,"default_profile":false,"is_translator":false},"geo":null,"in_reply_to_user_id_str":"1100048125","lang":"en","created_at":"Mon Dec 15 01:26:50 +0000 2014","in_reply_to_status_id_str":"544302242757496832","place":null},
{"contributors":null,"truncated":false,"text":"@JulieOMarshall @RT_com I don't see any problems with showing that picture of one of the Monsters inside.","in_reply_to_status_id":544302242757496832,"id":544302872104824833,"favorite_count":0,"source":"<a href=\"http://twitter.com\" rel=\"nofollow\">Twitter Web Client</a>","retweeted":false,"coordinates":null,"entities":{"symbols":[],"user_mentions":[{"id":1100048125,"indices":[0,15],"id_str":"1100048125","screen_name":"JulieOMarshall","name":"Julie M"},{"id":64643056,"indices":[16,23],"id_str":"64643056","screen_name":"RT_com","name":"RT"}],"hashtags":[],"urls":[]},"in_reply_to_screen_name":"JulieOMarshall","id_str":"544302872104824833","retweet_count":0,"in_reply_to_user_id":1100048125,"favorited":false,"user":{"follow_request_sent":false,"profile_use_background_image":true,"profile_text_color":"333333","default_profile_image":false,"id":78898625,"profile_background_image_url_https":"https://pbs.twimg.com/profile_background_images/664018715/twilk_background_505a397516501.jpg","verified":false,"profile_location":null,"profile_image_url_https":"https://pbs.twimg.com/profile_images/436903198209486848/mbnhG95q_normal.jpeg","profile_sidebar_fill_color":"F3F3F3","entities":{"description":{"urls":[]}},"followers_count":3064,"profile_sidebar_border_color":"DFDFDF","id_str":"78898625","profile_background_color":"EBEBEB","listed_count":76,"is_translation_enabled":false,"utc_offset":-18000,"statuses_count":411416,"description":"Deux choses sont infinies:l'univers & la bêtise humaine quoique je me questionne encore sur la première.\r\n(Trad. libre d'une pensée de)\r\nAlbert Einstein","friends_count":3001,"location":"Saint-Lambert, Québec (Canada)","profile_link_color":"990000","profile_image_url":"http://pbs.twimg.com/profile_images/436903198209486848/mbnhG95q_normal.jpeg","following":false,"geo_enabled":false,"profile_banner_url":"https://pbs.twimg.com/profile_banners/78898625/1387166360","profile_background_image_url":"http://pbs.twimg.com/profile_background_images/664018715/twilk_background_505a397516501.jpg","name":"DevilinDisguise","lang":"fr","profile_background_tile":true,"favourites_count":10,"screen_name":"7PinkPanther7","notifications":false,"url":null,"created_at":"Thu Oct 01 13:07:54 +0000 2009","contributors_enabled":false,"time_zone":"Quito","protected":false,"default_profile":false,"is_translator":false},"geo":null,"in_reply_to_user_id_str":"1100048125","lang":"en","created_at":"Mon Dec 15 01:28:12 +0000 2014","in_reply_to_status_id_str":"544302242757496832","place":null},
{"contributors":null,"truncated":false,"text":"@RT_com il n'y a jamais de fumée sans feu Guerre d'Irak http://t.co/J62wwxOzc2","in_reply_to_status_id":544301624814870530,"id":544303533521391617,"favorite_count":0,"source":"<a href=\"http://www.twitter.com\" rel=\"nofollow\">Twitter for Windows Phone</a>","retweeted":false,"coordinates":null,"entities":{"symbols":[],"user_mentions":[{"id":64643056,"indices":[0,7],"id_str":"64643056","screen_name":"RT_com","name":"RT"}],"hashtags":[],"urls":[{"url":"http://t.co/J62wwxOzc2","indices":[56,78],"expanded_url":"http://fr.m.wikipedia.org/wiki/Guerre_d%27Irak","display_url":"fr.m.wikipedia.org/wiki/Guerre_d%…"}]},"in_reply_to_screen_name":"RT_com","id_str":"544303533521391617","retweet_count":0,"in_reply_to_user_id":64643056,"favorited":false,"user":{"follow_request_sent":false,"profile_use_background_image":true,"profile_text_color":"333333","default_profile_image":false,"id":1648253690,"profile_background_image_url_https":"https://pbs.twimg.com/profile_background_images/535609976941580290/0Rmxn_go.jpeg","verified":false,"profile_location":null,"profile_image_url_https":"https://pbs.twimg.com/profile_images/545290168702631936/PhcJ4ZOt_normal.jpeg","profile_sidebar_fill_color":"DDEEF6","entities":{"url":{"urls":[{"url":"http://t.co/VTvFXVA87N","indices":[0,22],"expanded_url":"http://lusile17.l.u.pic.centerblog.net/o/31a64c69.jpg","display_url":"lusile17.l.u.pic.centerblog.net/o/31a64c69.jpg"}]},"description":{"urls":[]}},"followers_count":8,"profile_sidebar_border_color":"000000","id_str":"1648253690","profile_background_color":"C0DEED","listed_count":0,"is_translation_enabled":false,"utc_offset":7200,"statuses_count":4954,"description":"Un esprit cosmopolite , apolitique , sans nation , pour une vrai justice.   Do not subscribe; only subscriptions can subscribe","friends_count":151,"location":"                .            .","profile_link_color":"DB9225","profile_image_url":"http://pbs.twimg.com/profile_images/545290168702631936/PhcJ4ZOt_normal.jpeg","following":false,"geo_enabled":false,"profile_banner_url":"https://pbs.twimg.com/profile_banners/1648253690/1416534613","profile_background_image_url":"http://pbs.twimg.com/profile_background_images/535609976941580290/0Rmxn_go.jpeg","name":"venice mage","lang":"fr","profile_background_tile":false,"favourites_count":130,"screen_name":"venicemage","notifications":false,"url":"http://t.co/VTvFXVA87N","created_at":"Mon Aug 05 17:13:10 +0000 2013","contributors_enabled":false,"time_zone":"Athens","protected":false,"default_profile":false,"is_translator":false},"geo":null,"in_reply_to_user_id_str":"64643056","possibly_sensitive":false,"lang":"fr","created_at":"Mon Dec 15 01:30:49 +0000 2014","in_reply_to_status_id_str":"544301624814870530","place":null},
{"contributors":null,"truncated":false,"text":"#Lindt RT @RT_com A closer still caption of #Sydneysiege gunman http://t.co/DYkQchwXiH  http://t.co/dIy7bQSu2g","in_reply_to_status_id":544301624814870530,"id":544303577418588162,"favorite_count":1,"source":"<a href=\"http://twitter.com\" rel=\"nofollow\">Twitter Web Client</a>","retweeted":false,"coordinates":null,"entities":{"symbols":[],"user_mentions":[{"id":64643056,"indices":[10,17],"id_str":"64643056","screen_name":"RT_com","name":"RT"}],"hashtags":[{"indices":[0,6],"text":"Lindt"},{"indices":[44,56],"text":"Sydneysiege"}],"urls":[{"url":"http://t.co/DYkQchwXiH","indices":[64,86],"expanded_url":"http://on.rt.com/7r03cn","display_url":"on.rt.com/7r03cn"}],"media":[{"source_user_id":64643056,"source_status_id_str":"544301624814870530","expanded_url":"http://twitter.com/RT_com/status/544301624814870530/photo/1","display_url":"pic.twitter.com/dIy7bQSu2g","url":"http://t.co/dIy7bQSu2g","media_url_https":"https://pbs.twimg.com/media/B42-ihsCUAAovcT.png","source_user_id_str":"64643056","source_status_id":544301624814870530,"id_str":"544300630349598720","sizes":{"small":{"h":156,"resize":"fit","w":340},"large":{"h":277,"resize":"fit","w":601},"medium":{"h":276,"resize":"fit","w":600},"thumb":{"h":150,"resize":"crop","w":150}},"indices":[88,110],"type":"photo","id":544300630349598720,"media_url":"http://pbs.twimg.com/media/B42-ihsCUAAovcT.png"}]},"in_reply_to_screen_name":"RT_com","id_str":"544303577418588162","retweet_count":2,"in_reply_to_user_id":64643056,"favorited":false,"user":{"follow_request_sent":false,"profile_use_background_image":true,"profile_text_color":"333333","default_profile_image":false,"id":114115853,"profile_background_image_url_https":"https://pbs.twimg.com/profile_background_images/472180263229743104/s8KV6oO5.jpeg","verified":false,"profile_location":null,"profile_image_url_https":"https://pbs.twimg.com/profile_images/546925660040462336/0KjyMs8g_normal.jpeg","profile_sidebar_fill_color":"FFFDD1","entities":{"description":{"urls":[]}},"followers_count":2305,"profile_sidebar_border_color":"FFFFFF","id_str":"114115853","profile_background_color":"352726","listed_count":103,"is_translation_enabled":false,"utc_offset":-21600,"statuses_count":38038,"description":"Equal Rights, Human Rights, Liberal Bias  #AntiApartheid #FactsMatter","friends_count":2267,"location":"planet earth, save it, save us","profile_link_color":"184712","profile_image_url":"http://pbs.twimg.com/profile_images/546925660040462336/0KjyMs8g_normal.jpeg","following":false,"geo_enabled":false,"profile_banner_url":"https://pbs.twimg.com/profile_banners/114115853/1417711245","profile_background_image_url":"http://pbs.twimg.com/profile_background_images/472180263229743104/s8KV6oO5.jpeg","name":"kaza","lang":"en","profile_background_tile":true,"favourites_count":9163,"screen_name":"greenmitera","notifications":false,"url":null,"created_at":"Sun Feb 14 05:41:32 +0000 2010","contributors_enabled":false,"time_zone":"Central Time (US & Canada)","protected":false,"default_profile":false,"is_translator":false},"geo":null,"in_reply_to_user_id_str":"64643056","possibly_sensitive":false,"lang":"en","created_at":"Mon Dec 15 01:31:00 +0000 2014","in_reply_to_status_id_str":"544301624814870530","place":null,"extended_entities":{"media":[{"source_user_id":64643056,"source_status_id_str":"544301624814870530","expanded_url":"http://twitter.com/RT_com/status/544301624814870530/photo/1","display_url":"pic.twitter.com/dIy7bQSu2g","url":"http://t.co/dIy7bQSu2g","media_url_https":"https://pbs.twimg.com/media/B42-ihsCUAAovcT.png","source_user_id_str":"64643056","source_status_id":544301624814870530,"id_str":"544300630349598720","sizes":{"small":{"h":156,"resize":"fit","w":340},"large":{"h":277,"resize":"fit","w":601},"medium":{"h":276,"resize":"fit","w":600},"thumb":{"h":150,"resize":"crop","w":150}},"indices":[88,110],"type":"photo","id":544300630349598720,"media_url":"http://pbs.twimg.com/media/B42-ihsCUAAovcT.png"}]}},
{"contributors":null,"truncated":false,"text":"@RT_com Yup that's religion folks staring u in the face. CRUSH IT!","in_reply_to_status_id":544301624814870530,"id":544304239955443712,"favorite_count":1,"source":"<a href=\"http://twitter.com/download/android\" rel=\"nofollow\">Twitter for Android</a>","retweeted":false,"coordinates":null,"entities":{"symbols":[],"user_mentions":[{"id":64643056,"indices":[0,7],"id_str":"64643056","screen_name":"RT_com","name":"RT"}],"hashtags":[],"urls":[]},"in_reply_to_screen_name":"RT_com","id_str":"544304239955443712","retweet_count":1,"in_reply_to_user_id":64643056,"favorited":false,"user":{"follow_request_sent":false,"profile_use_background_image":true,"profile_text_color":"333333","default_profile_image":false,"id":48152193,"profile_background_image_url_https":"https://abs.twimg.com/images/themes/theme1/bg.png","verified":false,"profile_location":null,"profile_image_url_https":"https://pbs.twimg.com/profile_images/588160173459505152/azabjeEQ_normal.jpg","profile_sidebar_fill_color":"DDEEF6","entities":{"url":{"urls":[{"url":"http://t.co/y9TQPeQJ4H","indices":[0,22],"expanded_url":"http://anewpoliticalthinking.blogspot.com","display_url":"anewpoliticalthinking.blogspot.com"}]},"description":{"urls":[]}},"followers_count":55,"profile_sidebar_border_color":"C0DEED","id_str":"48152193","profile_background_color":"C0DEED","listed_count":0,"is_translation_enabled":false,"utc_offset":-18000,"statuses_count":4730,"description":"","friends_count":32,"location":"","profile_link_color":"0084B4","profile_image_url":"http://pbs.twimg.com/profile_images/588160173459505152/azabjeEQ_normal.jpg","following":false,"geo_enabled":true,"profile_banner_url":"https://pbs.twimg.com/profile_banners/48152193/1413402375","profile_background_image_url":"http://abs.twimg.com/images/themes/theme1/bg.png","name":"Scorpio","lang":"en","profile_background_tile":false,"favourites_count":207,"screen_name":"MZOTA","notifications":false,"url":"http://t.co/y9TQPeQJ4H","created_at":"Wed Jun 17 22:59:11 +0000 2009","contributors_enabled":false,"time_zone":"Quito","protected":false,"default_profile":true,"is_translator":false},"geo":null,"in_reply_to_user_id_str":"64643056","lang":"en","created_at":"Mon Dec 15 01:33:38 +0000 2014","in_reply_to_status_id_str":"544301624814870530","place":null},
{"contributors":null,"truncated":false,"text":"@RT_com أنا خايف الشرطه الاسترالية تفض القهوه المختطفين بيصلوا","in_reply_to_status_id":544301624814870530,"id":544304802432565248,"favorite_count":0,"source":"<a href=\"https://twitter.com/download/android\" rel=\"nofollow\">Twitter for Android Tablets</a>","retweeted":false,"coordinates":null,"entities":{"symbols":[],"user_mentions":[{"id":64643056,"indices":[0,7],"id_str":"64643056","screen_name":"RT_com","name":"RT"}],"hashtags":[],"urls":[]},"in_reply_to_screen_name":"RT_com","id_str":"544304802432565248","retweet_count":0,"in_reply_to_user_id":64643056,"favorited":false,"user":{"follow_request_sent":false,"profile_use_background_image":true,"profile_text_color":"333333","default_profile_image":false,"id":754335954,"profile_background_image_url_https":"https://abs.twimg.com/images/themes/theme1/bg.png","verified":false,"profile_location":null,"profile_image_url_https":"https://pbs.twimg.com/profile_images/532223073542365184/iQvobHNp_normal.jpeg","profile_sidebar_fill_color":"DDEEF6","entities":{"description":{"urls":[]}},"followers_count":603,"profile_sidebar_border_color":"C0DEED","id_str":"754335954","profile_background_color":"C0DEED","listed_count":1,"is_translation_enabled":false,"utc_offset":null,"statuses_count":4828,"description":"","friends_count":1952,"location":"","profile_link_color":"0084B4","profile_image_url":"http://pbs.twimg.com/profile_images/532223073542365184/iQvobHNp_normal.jpeg","following":false,"geo_enabled":false,"profile_background_image_url":"http://abs.twimg.com/images/themes/theme1/bg.png","name":"ahmed amara","lang":"en","profile_background_tile":false,"favourites_count":10980,"screen_name":"ahmedamara37","notifications":false,"url":null,"created_at":"Mon Aug 13 03:33:28 +0000 2012","contributors_enabled":false,"time_zone":null,"protected":false,"default_profile":true,"is_translator":false},"geo":null,"in_reply_to_user_id_str":"64643056","lang":"ar","created_at":"Mon Dec 15 01:35:52 +0000 2014","in_reply_to_status_id_str":"544301624814870530","place":null},
{"contributors":null,"truncated":false,"text":"@RT_com- appears to smoking a cigarette. Allah gonna be SOOOOO pissed.","in_reply_to_status_id":544301624814870530,"id":544305675661082624,"favorite_count":0,"source":"<a href=\"http://twitter.com/download/iphone\" rel=\"nofollow\">Twitter for iPhone</a>","retweeted":false,"coordinates":null,"entities":{"symbols":[],"user_mentions":[{"id":64643056,"indices":[0,7],"id_str":"64643056","screen_name":"RT_com","name":"RT"}],"hashtags":[],"urls":[]},"in_reply_to_screen_name":"RT_com","id_str":"544305675661082624","retweet_count":3,"in_reply_to_user_id":64643056,"favorited":false,"user":{"follow_request_sent":false,"profile_use_background_image":true,"profile_text_color":"333333","default_profile_image":false,"id":329454031,"profile_background_image_url_https":"https://abs.twimg.com/images/themes/theme1/bg.png","verified":false,"profile_location":null,"profile_image_url_https":"https://pbs.twimg.com/profile_images/3368410295/3f1e274ba5fc66d7672da753c7a6dc96_normal.jpeg","profile_sidebar_fill_color":"DDEEF6","entities":{"description":{"urls":[]}},"followers_count":88,"profile_sidebar_border_color":"C0DEED","id_str":"329454031","profile_background_color":"C0DEED","listed_count":0,"is_translation_enabled":false,"utc_offset":null,"statuses_count":2401,"description":"","friends_count":711,"location":"","profile_link_color":"0084B4","profile_image_url":"http://pbs.twimg.com/profile_images/3368410295/3f1e274ba5fc66d7672da753c7a6dc96_normal.jpeg","following":false,"geo_enabled":true,"profile_banner_url":"https://pbs.twimg.com/profile_banners/329454031/1362969720","profile_background_image_url":"http://abs.twimg.com/images/themes/theme1/bg.png","name":" bigcliner69er","lang":"en","profile_background_tile":false,"favourites_count":484,"screen_name":"bigcliner69er","notifications":false,"url":null,"created_at":"Tue Jul 05 03:15:24 +0000 2011","contributors_enabled":false,"time_zone":null,"protected":false,"default_profile":true,"is_translator":false},"geo":null,"in_reply_to_user_id_str":"64643056","lang":"en","created_at":"Mon Dec 15 01:39:20 +0000 2014","in_reply_to_status_id_str":"544301624814870530","place":null},
{"contributors":null,"truncated":false,"text":"@RT_com @ThaLittleMaster","in_reply_to_status_id":544301624814870530,"id":544306051152355328,"favorite_count":0,"source":"<a href=\"http://twitter.com/download/iphone\" rel=\"nofollow\">Twitter for iPhone</a>","retweeted":false,"coordinates":null,"entities":{"symbols":[],"user_mentions":[{"id":64643056,"indices":[0,7],"id_str":"64643056","screen_name":"RT_com","name":"RT"},{"id":548597573,"indices":[8,24],"id_str":"548597573","screen_name":"ThaLittleMaster","name":"Scott O'Brien"}],"hashtags":[],"urls":[]},"in_reply_to_screen_name":"RT_com","id_str":"544306051152355328","retweet_count":0,"in_reply_to_user_id":64643056,"favorited":false,"user":{"follow_request_sent":false,"profile_use_background_image":true,"profile_text_color":"333333","default_profile_image":false,"id":301599956,"profile_background_image_url_https":"https://abs.twimg.com/images/themes/theme15/bg.png","verified":false,"profile_location":null,"profile_image_url_https":"https://pbs.twimg.com/profile_images/568551228779794432/vbkRwX7q_normal.jpeg","profile_sidebar_fill_color":"C0DFEC","entities":{"description":{"urls":[]}},"followers_count":136,"profile_sidebar_border_color":"A8C7F7","id_str":"301599956","profile_background_color":"022330","listed_count":0,"is_translation_enabled":false,"utc_offset":3600,"statuses_count":16188,"description":"","friends_count":387,"location":"","profile_link_color":"0084B4","profile_image_url":"http://pbs.twimg.com/profile_images/568551228779794432/vbkRwX7q_normal.jpeg","following":false,"geo_enabled":false,"profile_banner_url":"https://pbs.twimg.com/profile_banners/301599956/1390317541","profile_background_image_url":"http://abs.twimg.com/images/themes/theme15/bg.png","name":"ali akyel","lang":"tr","profile_background_tile":false,"favourites_count":450,"screen_name":"aaliakyel","notifications":false,"url":null,"created_at":"Thu May 19 18:53:19 +0000 2011","contributors_enabled":false,"time_zone":"Stockholm","protected":false,"default_profile":false,"is_translator":false},"geo":null,"in_reply_to_user_id_str":"64643056","lang":"und","created_at":"Mon Dec 15 01:40:49 +0000 2014","in_reply_to_status_id_str":"544301624814870530","place":null},
{"contributors":null,"truncated":false,"text":"@RT_com Seems like a clear shot to me.","in_reply_to_status_id":544301624814870530,"id":544306717131956224,"favorite_count":0,"source":"<a href=\"http://twitter.com\" rel=\"nofollow\">Twitter Web Client</a>","retweeted":false,"coordinates":null,"entities":{"symbols":[],"user_mentions":[{"id":64643056,"indices":[0,7],"id_str":"64643056","screen_name":"RT_com","name":"RT"}],"hashtags":[],"urls":[]},"in_reply_to_screen_name":"RT_com","id_str":"544306717131956224","retweet_count":1,"in_reply_to_user_id":64643056,"favorited":false,"user":{"follow_request_sent":false,"profile_use_background_image":true,"profile_text_color":"3D1957","default_profile_image":false,"id":622969430,"profile_background_image_url_https":"https://pbs.twimg.com/profile_background_images/542719623649439745/FGB4sFS2.jpeg","verified":false,"profile_location":null,"profile_image_url_https":"https://pbs.twimg.com/profile_images/588052317573947392/bz6kyTzI_normal.jpg","profile_sidebar_fill_color":"7AC3EE","entities":{"description":{"urls":[]}},"followers_count":13020,"profile_sidebar_border_color":"FFFFFF","id_str":"622969430","profile_background_color":"2D678A","listed_count":215,"is_translation_enabled":false,"utc_offset":-25200,"statuses_count":114479,"description":"Love my children, love animals, wildlife. Former Air Force brat/wife. Irish Catholic. Love our troops. This is my damn country!        ΜΟΛΩΝΛΑΒΕ","friends_count":12896,"location":" Co.","profile_link_color":"009DFF","profile_image_url":"http://pbs.twimg.com/profile_images/588052317573947392/bz6kyTzI_normal.jpg","following":false,"geo_enabled":true,"profile_banner_url":"https://pbs.twimg.com/profile_banners/622969430/1417799051","profile_background_image_url":"http://pbs.twimg.com/profile_background_images/542719623649439745/FGB4sFS2.jpeg","name":"Teresa ","lang":"en","profile_background_tile":true,"favourites_count":6957,"screen_name":"BlackIrishI","notifications":false,"url":null,"created_at":"Sat Jun 30 17:03:14 +0000 2012","contributors_enabled":false,"time_zone":"Mountain Time (US & Canada)","protected":false,"default_profile":false,"is_translator":false},"geo":null,"in_reply_to_user_id_str":"64643056","lang":"en","created_at":"Mon Dec 15 01:43:28 +0000 2014","in_reply_to_status_id_str":"544301624814870530","place":null},
{"contributors":null,"truncated":false,"text":"@RT_com allah snackbar!","in_reply_to_status_id":544301624814870530,"id":544306879959404545,"favorite_count":0,"source":"<a href=\"http://twitter.com\" rel=\"nofollow\">Twitter Web Client</a>","retweeted":false,"coordinates":null,"entities":{"symbols":[],"user_mentions":[{"id":64643056,"indices":[0,7],"id_str":"64643056","screen_name":"RT_com","name":"RT"}],"hashtags":[],"urls":[]},"in_reply_to_screen_name":"RT_com","id_str":"544306879959404545","retweet_count":0,"in_reply_to_user_id":64643056,"favorited":false,"user":{"follow_request_sent":false,"profile_use_background_image":true,"profile_text_color":"333333","default_profile_image":true,"id":136536267,"profile_background_image_url_https":"https://abs.twimg.com/images/themes/theme1/bg.png","verified":false,"profile_location":null,"profile_image_url_https":"https://abs.twimg.com/sticky/default_profile_images/default_profile_0_normal.png","profile_sidebar_fill_color":"DDEEF6","entities":{"description":{"urls":[]}},"followers_count":64,"profile_sidebar_border_color":"C0DEED","id_str":"136536267","profile_background_color":"C0DEED","listed_count":0,"is_translation_enabled":false,"utc_offset":-28800,"statuses_count":844,"description":"","friends_count":371,"location":"Israel","profile_link_color":"0084B4","profile_image_url":"http://abs.twimg.com/sticky/default_profile_images/default_profile_0_normal.png","following":false,"geo_enabled":false,"profile_banner_url":"https://pbs.twimg.com/profile_banners/136536267/1402702322","profile_background_image_url":"http://abs.twimg.com/images/themes/theme1/bg.png","name":"bob saget","lang":"en","profile_background_tile":false,"favourites_count":465,"screen_name":"joemurohyasd","notifications":false,"url":null,"created_at":"Sat Apr 24 06:21:42 +0000 2010","contributors_enabled":false,"time_zone":"Pacific Time (US & Canada)","protected":false,"default_profile":true,"is_translator":false},"geo":null,"in_reply_to_user_id_str":"64643056","lang":"in","created_at":"Mon Dec 15 01:44:07 +0000 2014","in_reply_to_status_id_str":"544301624814870530","place":null},
{"contributors":null,"truncated":false,"text":"@RT_com Ready, aim, fire.","in_reply_to_status_id":544301624814870530,"id":544307584573116416,"favorite_count":0,"source":"<a href=\"https://twitter.com/download/android\" rel=\"nofollow\">Twitter for Android Tablets</a>","retweeted":false,"coordinates":null,"entities":{"symbols":[],"user_mentions":[{"id":64643056,"indices":[0,7],"id_str":"64643056","screen_name":"RT_com","name":"RT"}],"hashtags":[],"urls":[]},"in_reply_to_screen_name":"RT_com","id_str":"544307584573116416","retweet_count":1,"in_reply_to_user_id":64643056,"favorited":false,"user":{"follow_request_sent":false,"profile_use_background_image":true,"profile_text_color":"3D1957","default_profile_image":false,"id":107796984,"profile_background_image_url_https":"https://abs.twimg.com/images/themes/theme10/bg.gif","verified":false,"profile_location":null,"profile_image_url_https":"https://pbs.twimg.com/profile_images/551310842688311296/eppU13S8_normal.jpeg","profile_sidebar_fill_color":"7AC3EE","entities":{"url":{"urls":[{"url":"http://t.co/qJWgXBDUus","indices":[0,22],"expanded_url":"http://sites.google.com/site/worldfactsinc/home","display_url":"sites.google.com/site/worldfact…"}]},"description":{"urls":[]}},"followers_count":1213,"profile_sidebar_border_color":"65B0DA","id_str":"107796984","profile_background_color":"642D8B","listed_count":16,"is_translation_enabled":false,"utc_offset":0,"statuses_count":49750,"description":"Live on the Wirral Peninsula and love geography, travel and taking road trips. If you can find the time do check out my geography website.","friends_count":1349,"location":"United Kingdom.","profile_link_color":"FF0000","profile_image_url":"http://pbs.twimg.com/profile_images/551310842688311296/eppU13S8_normal.jpeg","following":false,"geo_enabled":true,"profile_banner_url":"https://pbs.twimg.com/profile_banners/107796984/1399538692","profile_background_image_url":"http://abs.twimg.com/images/themes/theme10/bg.gif","name":"Dee Bee","lang":"en","profile_background_tile":true,"favourites_count":176,"screen_name":"Wirralo","notifications":false,"url":"http://t.co/qJWgXBDUus","created_at":"Sat Jan 23 19:34:08 +0000 2010","contributors_enabled":false,"time_zone":"London","protected":false,"default_profile":false,"is_translator":false},"geo":null,"in_reply_to_user_id_str":"64643056","lang":"en","created_at":"Mon Dec 15 01:46:55 +0000 2014","in_reply_to_status_id_str":"544301624814870530","place":null},
{"contributors":null,"truncated":false,"text":"@ozstere @RT_com  Retweeting it doesn't make it right or safe for the hostages regardless of who took the photo.","in_reply_to_status_id":544302531925393408,"id":544307719872598017,"favorite_count":0,"source":"<a href=\"http://twitter.com/#!/download/ipad\" rel=\"nofollow\">Twitter for iPad</a>","retweeted":false,"coordinates":null,"entities":{"symbols":[],"user_mentions":[{"id":2779390794,"indices":[0,8],"id_str":"2779390794","screen_name":"ozstere","name":"austere"},{"id":64643056,"indices":[9,16],"id_str":"64643056","screen_name":"RT_com","name":"RT"}],"hashtags":[],"urls":[]},"in_reply_to_screen_name":"ozstere","id_str":"544307719872598017","retweet_count":0,"in_reply_to_user_id":2779390794,"favorited":false,"user":{"follow_request_sent":false,"profile_use_background_image":true,"profile_text_color":"333333","default_profile_image":false,"id":1100048125,"profile_background_image_url_https":"https://abs.twimg.com/images/themes/theme1/bg.png","verified":false,"profile_location":null,"profile_image_url_https":"https://pbs.twimg.com/profile_images/3451211446/2f1a571e4267ddfb6e7b28a8fa88d4a9_normal.jpeg","profile_sidebar_fill_color":"DDEEF6","entities":{"description":{"urls":[]}},"followers_count":212,"profile_sidebar_border_color":"C0DEED","id_str":"1100048125","profile_background_color":"C0DEED","listed_count":4,"is_translation_enabled":false,"utc_offset":null,"statuses_count":2421,"description":"Events co-ordinator, Wife, and Mother to 3 spoilt pussies! \n\n \n \nAustralia","friends_count":565,"location":"","profile_link_color":"0084B4","profile_image_url":"http://pbs.twimg.com/profile_images/3451211446/2f1a571e4267ddfb6e7b28a8fa88d4a9_normal.jpeg","following":false,"geo_enabled":false,"profile_banner_url":"https://pbs.twimg.com/profile_banners/1100048125/1364717800","profile_background_image_url":"http://abs.twimg.com/images/themes/theme1/bg.png","name":"Julie M","lang":"en","profile_background_tile":false,"favourites_count":1368,"screen_name":"JulieOMarshall","notifications":false,"url":null,"created_at":"Fri Jan 18 04:48:26 +0000 2013","contributors_enabled":false,"time_zone":null,"protected":false,"default_profile":true,"is_translator":false},"geo":null,"in_reply_to_user_id_str":"2779390794","lang":"en","created_at":"Mon Dec 15 01:47:27 +0000 2014","in_reply_to_status_id_str":"544302531925393408","place":null},
{"contributors":null,"truncated":false,"text":"@JulieOMarshall @RT_com I agree the media is putting lives at risk","in_reply_to_status_id":544307719872598017,"id":544308269896851456,"favorite_count":1,"source":"<a href=\"http://twitter.com\" rel=\"nofollow\">Twitter Web Client</a>","retweeted":false,"coordinates":null,"entities":{"symbols":[],"user_mentions":[{"id":1100048125,"indices":[0,15],"id_str":"1100048125","screen_name":"JulieOMarshall","name":"Julie M"},{"id":64643056,"indices":[16,23],"id_str":"64643056","screen_name":"RT_com","name":"RT"}],"hashtags":[],"urls":[]},"in_reply_to_screen_name":"JulieOMarshall","id_str":"544308269896851456","retweet_count":0,"in_reply_to_user_id":1100048125,"favorited":false,"user":{"follow_request_sent":false,"profile_use_background_image":true,"profile_text_color":"333333","default_profile_image":false,"id":2779390794,"profile_background_image_url_https":"https://abs.twimg.com/images/themes/theme7/bg.gif","verified":false,"profile_location":null,"profile_image_url_https":"https://pbs.twimg.com/profile_images/505498156025405440/V55L7kUu_normal.png","profile_sidebar_fill_color":"F3F3F3","entities":{"url":{"urls":[{"url":"http://t.co/s2ljTlf8gx","indices":[0,22],"expanded_url":"http://raidenii.net","display_url":"raidenii.net"}]},"description":{"urls":[]}},"followers_count":63,"profile_sidebar_border_color":"DFDFDF","id_str":"2779390794","profile_background_color":"EBEBEB","listed_count":5,"is_translation_enabled":false,"utc_offset":null,"statuses_count":1309,"description":"Vertically integrated, beyond good and evil. Opinions, technical content, development. RT/Follow is not an endorsement. BSc. (Hon) BE (Hon) PhD candidate.","friends_count":152,"location":"Australia/Finland","profile_link_color":"990000","profile_image_url":"http://pbs.twimg.com/profile_images/505498156025405440/V55L7kUu_normal.png","following":false,"geo_enabled":false,"profile_banner_url":"https://pbs.twimg.com/profile_banners/2779390794/1416505549","profile_background_image_url":"http://abs.twimg.com/images/themes/theme7/bg.gif","name":"austere","lang":"en","profile_background_tile":false,"favourites_count":338,"screen_name":"ozstere","notifications":false,"url":"http://t.co/s2ljTlf8gx","created_at":"Fri Aug 29 23:24:35 +0000 2014","contributors_enabled":false,"time_zone":null,"protected":false,"default_profile":false,"is_translator":false},"geo":null,"in_reply_to_user_id_str":"1100048125","lang":"en","created_at":"Mon Dec 15 01:49:38 +0000 2014","in_reply_to_status_id_str":"544307719872598017","place":null},
{"contributors":null,"truncated":false,"text":"@BlackIrishI @RT_com reports of a backpack on hostage taker. Talking first never hurts","in_reply_to_status_id":544306717131956224,"id":544308524562784256,"favorite_count":0,"source":"<a href=\"http://twitter.com/download/iphone\" rel=\"nofollow\">Twitter for iPhone</a>","retweeted":false,"coordinates":null,"entities":{"symbols":[],"user_mentions":[{"id":622969430,"indices":[0,12],"id_str":"622969430","screen_name":"BlackIrishI","name":"Teresa "},{"id":64643056,"indices":[13,20],"id_str":"64643056","screen_name":"RT_com","name":"RT"}],"hashtags":[],"urls":[]},"in_reply_to_screen_name":"BlackIrishI","id_str":"544308524562784256","retweet_count":0,"in_reply_to_user_id":622969430,"favorited":false,"user":{"follow_request_sent":false,"profile_use_background_image":true,"profile_text_color":"0C3E53","default_profile_image":false,"id":17581602,"profile_background_image_url_https":"https://abs.twimg.com/images/themes/theme12/bg.gif","verified":false,"profile_location":null,"profile_image_url_https":"https://pbs.twimg.com/profile_images/65272898/Baruch2_normal.jpg","profile_sidebar_fill_color":"FFF7CC","entities":{"description":{"urls":[]}},"followers_count":1563,"profile_sidebar_border_color":"F2E195","id_str":"17581602","profile_background_color":"BADFCD","listed_count":28,"is_translation_enabled":false,"utc_offset":-21600,"statuses_count":25654,"description":"Born Again Christian. Love America, but love Jesus more. 1M1W=marriage Will fight for the right to worship the Lord God. Conservative-","friends_count":1551,"location":"Middle America","profile_link_color":"FF0000","profile_image_url":"http://pbs.twimg.com/profile_images/65272898/Baruch2_normal.jpg","following":false,"geo_enabled":false,"profile_background_image_url":"http://abs.twimg.com/images/themes/theme12/bg.gif","name":"Shinyvelvetgarb","lang":"en","profile_background_tile":false,"favourites_count":1114,"screen_name":"Shinyvelvetgarb","notifications":false,"url":null,"created_at":"Mon Nov 24 00:35:32 +0000 2008","contributors_enabled":false,"time_zone":"Central Time (US & Canada)","protected":false,"default_profile":false,"is_translator":false},"geo":null,"in_reply_to_user_id_str":"622969430","lang":"en","created_at":"Mon Dec 15 01:50:39 +0000 2014","in_reply_to_status_id_str":"544306717131956224","place":null}
]