[{"contributors":null,"truncated":false,"text":"@BBCWorld Didn't he see the flag????????????!!!","in_reply_to_status_id":544314464569675776,"id":544314537592520705,"favorite_count":3,"source":"<a href=\"http://twitter.com\" rel=\"nofollow\">Twitter Web Client</a>","retweeted":false,"coordinates":null,"entities":{"symbols":[],"user_mentions":[{"id":742143,"indices":[0,9],"id_str":"742143","screen_name":"BBCWorld","name":"BBC News (World)"}],"hashtags":[],"urls":[]},"in_reply_to_screen_name":"BBCWorld","id_str":"544314537592520705","retweet_count":1,"in_reply_to_user_id":742143,"favorited":false,"user":{"follow_request_sent":false,"profile_use_background_image":true,"profile_text_color":"333333","default_profile_image":false,"id":78898625,"profile_background_image_url_https":"https://pbs.twimg.com/profile_background_images/664018715/twilk_background_505a397516501.jpg","verified":false,"profile_location":null,"profile_image_url_https":"https://pbs.twimg.com/profile_images/436903198209486848/mbnhG95q_normal.jpeg","profile_sidebar_fill_color":"F3F3F3","entities":{"description":{"urls":[]}},"followers_count":3069,"profile_sidebar_border_color":"DFDFDF","id_str":"78898625","profile_background_color":"EBEBEB","listed_count":76,"is_translation_enabled":false,"utc_offset":-18000,"statuses_count":411417,"description":"Deux choses sont infinies:l'univers & la bêtise humaine quoique je me questionne encore sur la première.\r\n(Trad. libre d'une pensée de)\r\nAlbert Einstein","friends_count":3001,"location":"Saint-Lambert, Québec (Canada)","profile_link_color":"990000","profile_image_url":"http://pbs.twimg.com/profile_images/436903198209486848/mbnhG95q_normal.jpeg","following":false,"geo_enabled":false,"profile_banner_url":"https://pbs.twimg.com/profile_banners/78898625/1387166360","profile_background_image_url":"http://pbs.twimg.com/profile_background_images/664018715/twilk_background_505a397516501.jpg","name":"DevilinDisguise","lang":"fr","profile_background_tile":true,"favourites_count":10,"screen_name":"7PinkPanther7","notifications":false,"url":null,"created_at":"Thu Oct 01 13:07:54 +0000 2009","contributors_enabled":false,"time_zone":"Quito","protected":false,"default_profile":false,"is_translator":false},"geo":null,"in_reply_to_user_id_str":"742143","lang":"en","created_at":"Mon Dec 15 02:14:33 +0000 2014","in_reply_to_status_id_str":"544314464569675776","place":null},
{"contributors":null,"truncated":false,"text":"@BBCWorld \"There are indications it could be.\"","in_reply_to_status_id":544314464569675776,"id":544314598783188992,"favorite_count":0,"source":"<a href=\"http://twitter.com\" rel=\"nofollow\">Twitter Web Client</a>","retweeted":false,"coordinates":null,"entities":{"symbols":[],"user_mentions":[{"id":742143,"indices":[0,9],"id_str":"742143","screen_name":"BBCWorld","name":"BBC News (World)"}],"hashtags":[],"urls":[]},"in_reply_to_screen_name":"BBCWorld","id_str":"544314598783188992","retweet_count":0,"in_reply_to_user_id":742143,"favorited":false,"user":{"follow_request_sent":false,"profile_use_background_image":true,"profile_text_color":"333333","default_profile_image":false,"id":2573619805,"profile_background_image_url_https":"https://abs.twimg.com/images/themes/theme14/bg.gif","verified":false,"profile_location":null,"profile_image_url_https":"https://pbs.twimg.com/profile_images/534919011377479682/L7AymliW_normal.jpeg","profile_sidebar_fill_color":"EFEFEF","entities":{"description":{"urls":[]}},"followers_count":68,"profile_sidebar_border_color":"EEEEEE","id_str":"2573619805","profile_background_color":"131516","listed_count":3,"is_translation_enabled":false,"utc_offset":-14400,"statuses_count":2779,"description":"Animalia, Chordata, Mammalia, Primates, Hominidae, Hominini, Homo, H. sapiens, Homo sapiens sapiens, Oved.","friends_count":297,"location":"","profile_link_color":"009999","profile_image_url":"http://pbs.twimg.com/profile_images/534919011377479682/L7AymliW_normal.jpeg","following":false,"geo_enabled":false,"profile_banner_url":"https://pbs.twimg.com/profile_banners/2573619805/1404250260","profile_background_image_url":"http://abs.twimg.com/images/themes/theme14/bg.gif","name":"CasualtiesOfTheDay","lang":"en","profile_background_tile":true,"favourites_count":2066,"screen_name":"Ayei_Eloheichem","notifications":false,"url":null,"created_at":"Tue Jun 17 21:35:06 +0000 2014","contributors_enabled":false,"time_zone":"Atlantic Time (Canada)","protected":false,"default_profile":false,"is_translator":false},"geo":null,"in_reply_to_user_id_str":"742143","lang":"en","created_at":"Mon Dec 15 02:14:47 +0000 2014","in_reply_to_status_id_str":"544314464569675776","place":null},
{"contributors":null,"truncated":false,"text":"@BBCWorld Yeah, he basically confirmed that after 3 hours, he has no idea on what's going on","in_reply_to_status_id":544314464569675776,"id":544315040547868672,"favorite_count":0,"source":"<a href=\"http://twitter.com/download/iphone\" rel=\"nofollow\">Twitter for iPhone</a>","retweeted":false,"coordinates":null,"entities":{"symbols":[],"user_mentions":[{"id":742143,"indices":[0,9],"id_str":"742143","screen_name":"BBCWorld","name":"BBC News (World)"}],"hashtags":[],"urls":[]},"in_reply_to_screen_name":"BBCWorld","id_str":"544315040547868672","retweet_count":1,"in_reply_to_user_id":742143,"favorited":false,"user":{"follow_request_sent":false,"profile_use_background_image":true,"profile_text_color":"333333","default_profile_image":false,"id":1596987152,"profile_background_image_url_https":"https://pbs.twimg.com/profile_background_images/484128798032396288/IXWoEDkI.jpeg","verified":false,"profile_location":null,"profile_image_url_https":"https://pbs.twimg.com/profile_images/588852534959214592/2ij30YeL_normal.jpg","profile_sidebar_fill_color":"EFEFEF","entities":{"description":{"urls":[]}},"followers_count":1365,"profile_sidebar_border_color":"FFFFFF","id_str":"1596987152","profile_background_color":"131516","listed_count":17,"is_translation_enabled":false,"utc_offset":36000,"statuses_count":16621,"description":"Nerd, Sci fi geek,Tele addict,Atheist. Misanthrope. Proud lefty. Animal lover, vegetarian","friends_count":1994,"location":"Sydney","profile_link_color":"1062C7","profile_image_url":"http://pbs.twimg.com/profile_images/588852534959214592/2ij30YeL_normal.jpg","following":false,"geo_enabled":true,"profile_banner_url":"https://pbs.twimg.com/profile_banners/1596987152/1418761029","profile_background_image_url":"http://pbs.twimg.com/profile_background_images/484128798032396288/IXWoEDkI.jpeg","name":"Anusha","lang":"en","profile_background_tile":false,"favourites_count":6742,"screen_name":"anusha_srini","notifications":false,"url":null,"created_at":"Mon Jul 15 23:16:23 +0000 2013","contributors_enabled":false,"time_zone":"Brisbane","protected":false,"default_profile":false,"is_translator":false},"geo":null,"in_reply_to_user_id_str":"742143","lang":"en","created_at":"Mon Dec 15 02:16:33 +0000 2014","in_reply_to_status_id_str":"544314464569675776","place":null},
{"contributors":null,"truncated":false,"text":".@BBCWorld probably because he's an idiot.","in_reply_to_status_id":544314464569675776,"id":544315140196159488,"favorite_count":1,"source":"<a href=\"http://twitter.com\" rel=\"nofollow\">Twitter Web Client</a>","retweeted":false,"coordinates":null,"entities":{"symbols":[],"user_mentions":[{"id":742143,"indices":[1,10],"id_str":"742143","screen_name":"BBCWorld","name":"BBC News (World)"}],"hashtags":[],"urls":[]},"in_reply_to_screen_name":"BBCWorld","id_str":"544315140196159488","retweet_count":0,"in_reply_to_user_id":742143,"favorited":false,"user":{"follow_request_sent":false,"profile_use_background_image":true,"profile_text_color":"333333","default_profile_image":false,"id":963562537,"profile_background_image_url_https":"https://abs.twimg.com/images/themes/theme1/bg.png","verified":false,"profile_location":null,"profile_image_url_https":"https://pbs.twimg.com/profile_images/2880325013/574fc3bf30ee17e8956ff32d8104332b_normal.jpeg","profile_sidebar_fill_color":"DDEEF6","entities":{"description":{"urls":[]}},"followers_count":76,"profile_sidebar_border_color":"C0DEED","id_str":"963562537","profile_background_color":"C0DEED","listed_count":1,"is_translation_enabled":false,"utc_offset":-36000,"statuses_count":638,"description":"","friends_count":1175,"location":"","profile_link_color":"0084B4","profile_image_url":"http://pbs.twimg.com/profile_images/2880325013/574fc3bf30ee17e8956ff32d8104332b_normal.jpeg","following":false,"geo_enabled":false,"profile_background_image_url":"http://abs.twimg.com/images/themes/theme1/bg.png","name":"Jack Hammer","lang":"en","profile_background_tile":false,"favourites_count":707,"screen_name":"JackHam38216180","notifications":false,"url":null,"created_at":"Thu Nov 22 03:35:11 +0000 2012","contributors_enabled":false,"time_zone":"Hawaii","protected":false,"default_profile":true,"is_translator":false},"geo":null,"in_reply_to_user_id_str":"742143","lang":"en","created_at":"Mon Dec 15 02:16:56 +0000 2014","in_reply_to_status_id_str":"544314464569675776","place":null},
{"contributors":null,"truncated":false,"text":"@BBCWorld well idk, there is a huge isis flag so pretty sure it is terrorism and politically motivated.","in_reply_to_status_id":544314464569675776,"id":544315144768323584,"favorite_count":1,"source":"<a href=\"https://twitter.com/download/android\" rel=\"nofollow\">Twitter for Android Tablets</a>","retweeted":false,"coordinates":null,"entities":{"symbols":[],"user_mentions":[{"id":742143,"indices":[0,9],"id_str":"742143","screen_name":"BBCWorld","name":"BBC News (World)"}],"hashtags":[],"urls":[]},"in_reply_to_screen_name":"BBCWorld","id_str":"544315144768323584","retweet_count":0,"in_reply_to_user_id":742143,"favorited":false,"user":{"follow_request_sent":false,"profile_use_background_image":true,"profile_text_color":"362720","default_profile_image":false,"id":813682537,"profile_background_image_url_https":"https://abs.twimg.com/images/themes/theme11/bg.gif","verified":false,"profile_location":null,"profile_image_url_https":"https://pbs.twimg.com/profile_images/485597689870950400/Jx_WrTHw_normal.jpeg","profile_sidebar_fill_color":"E5507E","entities":{"description":{"urls":[]}},"followers_count":81,"profile_sidebar_border_color":"CC3366","id_str":"813682537","profile_background_color":"FF6699","listed_count":1,"is_translation_enabled":false,"utc_offset":null,"statuses_count":644,"description":"hi","friends_count":216,"location":"","profile_link_color":"B40B43","profile_image_url":"http://pbs.twimg.com/profile_images/485597689870950400/Jx_WrTHw_normal.jpeg","following":false,"geo_enabled":false,"profile_banner_url":"https://pbs.twimg.com/profile_banners/813682537/1397705260","profile_background_image_url":"http://abs.twimg.com/images/themes/theme11/bg.gif","name":"Ilgar","lang":"en","profile_background_tile":true,"favourites_count":459,"screen_name":"rshappy89","notifications":false,"url":null,"created_at":"Sun Sep 09 18:50:52 +0000 2012","contributors_enabled":false,"time_zone":null,"protected":false,"default_profile":false,"is_translator":false},"geo":null,"in_reply_to_user_id_str":"742143","lang":"en","created_at":"Mon Dec 15 02:16:58 +0000 2014","in_reply_to_status_id_str":"544314464569675776","place":null},
{"contributors":null,"truncated":false,"text":"@BBCWorld Yes that flag was very unclear...","in_reply_to_status_id":544314464569675776,"id":544315182844243968,"favorite_count":1,"source":"<a href=\"http://twitter.com\" rel=\"nofollow\">Twitter Web Client</a>","retweeted":false,"coordinates":null,"entities":{"symbols":[],"user_mentions":[{"id":742143,"indices":[0,9],"id_str":"742143","screen_name":"BBCWorld","name":"BBC News (World)"}],"hashtags":[],"urls":[]},"in_reply_to_screen_name":"BBCWorld","id_str":"544315182844243968","retweet_count":0,"in_reply_to_user_id":742143,"favorited":false,"user":{"follow_request_sent":false,"profile_use_background_image":false,"profile_text_color":"000000","default_profile_image":false,"id":2861795873,"profile_background_image_url_https":"https://abs.twimg.com/images/themes/theme1/bg.png","verified":false,"profile_location":null,"profile_image_url_https":"https://pbs.twimg.com/profile_images/529827278906064896/Rqf7KeAx_normal.png","profile_sidebar_fill_color":"000000","entities":{"url":{"urls":[{"url":"http://t.co/ZIsqCo2Pcp","indices":[0,22],"expanded_url":"http://www.kommandoradio.com/","display_url":"kommandoradio.com"}]},"description":{"urls":[]}},"followers_count":62,"profile_sidebar_border_color":"000000","id_str":"2861795873","profile_background_color":"000000","listed_count":1,"is_translation_enabled":false,"utc_offset":-21600,"statuses_count":1693,"description":"The official online radio station of 4chan's /k/ board, which plays community chosen, board related music. We also publish a news bulletin every Monday.","friends_count":46,"location":"Somewhere innawoods","profile_link_color":"ABB8C2","profile_image_url":"http://pbs.twimg.com/profile_images/529827278906064896/Rqf7KeAx_normal.png","following":false,"geo_enabled":false,"profile_banner_url":"https://pbs.twimg.com/profile_banners/2861795873/1415157418","profile_background_image_url":"http://abs.twimg.com/images/themes/theme1/bg.png","name":"/k/ Radio","lang":"en","profile_background_tile":false,"favourites_count":0,"screen_name":"kommandoradio","notifications":false,"url":"http://t.co/ZIsqCo2Pcp","created_at":"Wed Nov 05 02:35:20 +0000 2014","contributors_enabled":false,"time_zone":"Central Time (US & Canada)","protected":false,"default_profile":false,"is_translator":false},"geo":null,"in_reply_to_user_id_str":"742143","lang":"en","created_at":"Mon Dec 15 02:17:07 +0000 2014","in_reply_to_status_id_str":"544314464569675776","place":null},
{"contributors":null,"truncated":false,"text":"@BBCWorld - Why is it we want to hear something from leadership even if its nothing? Substance, please!","in_reply_to_status_id":544314464569675776,"id":544315416462753792,"favorite_count":0,"source":"<a href=\"http://twitter.com\" rel=\"nofollow\">Twitter Web Client</a>","retweeted":false,"coordinates":null,"entities":{"symbols":[],"user_mentions":[{"id":742143,"indices":[0,9],"id_str":"742143","screen_name":"BBCWorld","name":"BBC News (World)"}],"hashtags":[],"urls":[]},"in_reply_to_screen_name":"BBCWorld","id_str":"544315416462753792","retweet_count":0,"in_reply_to_user_id":742143,"favorited":false,"user":{"follow_request_sent":false,"profile_use_background_image":true,"profile_text_color":"333333","default_profile_image":false,"id":2857893113,"profile_background_image_url_https":"https://abs.twimg.com/images/themes/theme14/bg.gif","verified":false,"profile_location":null,"profile_image_url_https":"https://pbs.twimg.com/profile_images/560616310569054208/bTKqM7r3_normal.jpeg","profile_sidebar_fill_color":"EFEFEF","entities":{"description":{"urls":[]}},"followers_count":3,"profile_sidebar_border_color":"EEEEEE","id_str":"2857893113","profile_background_color":"131516","listed_count":0,"is_translation_enabled":false,"utc_offset":null,"statuses_count":88,"description":"Why do you need to know about me, Internet? Read my tweets and you'll get a better idea.","friends_count":16,"location":"","profile_link_color":"ABB8C2","profile_image_url":"http://pbs.twimg.com/profile_images/560616310569054208/bTKqM7r3_normal.jpeg","following":false,"geo_enabled":false,"profile_banner_url":"https://pbs.twimg.com/profile_banners/2857893113/1417497686","profile_background_image_url":"http://abs.twimg.com/images/themes/theme14/bg.gif","name":"the_antidote","lang":"en","profile_background_tile":true,"favourites_count":7,"screen_name":"DRMspec","notifications":false,"url":null,"created_at":"Sun Nov 02 23:31:01 +0000 2014","contributors_enabled":false,"time_zone":null,"protected":false,"default_profile":false,"is_translator":false},"geo":null,"in_reply_to_user_id_str":"742143","lang":"en","created_at":"Mon Dec 15 02:18:02 +0000 2014","in_reply_to_status_id_str":"544314464569675776","place":null},
{"contributors":null,"truncated":false,"text":"@7PinkPanther7 @BBCWorld are you crazy?dont you know it?! you are not supposed to speak anything in the negative shade about Islam. Never.","in_reply_to_status_id":544314537592520705,"id":544315543063625730,"favorite_count":0,"source":"<a href=\"http://twitter.com\" rel=\"nofollow\">Twitter Web Client</a>","retweeted":false,"coordinates":null,"entities":{"symbols":[],"user_mentions":[{"id":78898625,"indices":[0,14],"id_str":"78898625","screen_name":"7PinkPanther7","name":"DevilinDisguise"},{"id":742143,"indices":[15,24],"id_str":"742143","screen_name":"BBCWorld","name":"BBC News (World)"}],"hashtags":[],"urls":[]},"in_reply_to_screen_name":"7PinkPanther7","id_str":"544315543063625730","retweet_count":1,"in_reply_to_user_id":78898625,"favorited":false,"user":{"follow_request_sent":false,"profile_use_background_image":true,"profile_text_color":"394E71","default_profile_image":false,"id":33178654,"profile_background_image_url_https":"https://pbs.twimg.com/profile_background_images/467932821487501313/3EIXQExG.jpeg","verified":false,"profile_location":null,"profile_image_url_https":"https://pbs.twimg.com/profile_images/567148708358152194/w9NRwnOB_normal.png","profile_sidebar_fill_color":"6DA4A0","entities":{"description":{"urls":[]}},"followers_count":34,"profile_sidebar_border_color":"FFFFFF","id_str":"33178654","profile_background_color":"291B39","listed_count":0,"is_translation_enabled":false,"utc_offset":19800,"statuses_count":706,"description":"","friends_count":43,"location":"Boston, MA","profile_link_color":"ABB8C2","profile_image_url":"http://pbs.twimg.com/profile_images/567148708358152194/w9NRwnOB_normal.png","following":false,"geo_enabled":true,"profile_banner_url":"https://pbs.twimg.com/profile_banners/33178654/1397406223","profile_background_image_url":"http://pbs.twimg.com/profile_background_images/467932821487501313/3EIXQExG.jpeg","name":"Saurabh Matey","lang":"en","profile_background_tile":true,"favourites_count":73,"screen_name":"hash_pragma","notifications":false,"url":null,"created_at":"Sun Apr 19 11:09:32 +0000 2009","contributors_enabled":false,"time_zone":"Asia/Calcutta","protected":false,"default_profile":false,"is_translator":false},"geo":null,"in_reply_to_user_id_str":"78898625","lang":"en","created_at":"Mon Dec 15 02:18:33 +0000 2014","in_reply_to_status_id_str":"544314537592520705","place":null},
{"contributors":null,"truncated":false,"text":"@BBCWorld \nIt's time we banned this backwards religion.","in_reply_to_status_id":544314464569675776,"id":544315657936855040,"favorite_count":0,"source":"<a href=\"https://twitter.com/download/android\" rel=\"nofollow\">Twitter for Android Tablets</a>","retweeted":false,"coordinates":null,"entities":{"symbols":[],"user_mentions":[{"id":742143,"indices":[0,9],"id_str":"742143","screen_name":"BBCWorld","name":"BBC News (World)"}],"hashtags":[],"urls":[]},"in_reply_to_screen_name":"BBCWorld","id_str":"544315657936855040","retweet_count":0,"in_reply_to_user_id":742143,"favorited":false,"user":{"follow_request_sent":false,"profile_use_background_image":true,"profile_text_color":"333333","default_profile_image":false,"id":351263372,"profile_background_image_url_https":"https://abs.twimg.com/images/themes/theme1/bg.png","verified":false,"profile_location":null,"profile_image_url_https":"https://pbs.twimg.com/profile_images/583081345347387393/w-mgh63A_normal.jpg","profile_sidebar_fill_color":"DDEEF6","entities":{"description":{"urls":[]}},"followers_count":64,"profile_sidebar_border_color":"C0DEED","id_str":"351263372","profile_background_color":"C0DEED","listed_count":0,"is_translation_enabled":false,"utc_offset":null,"statuses_count":774,"description":"","friends_count":140,"location":"","profile_link_color":"0084B4","profile_image_url":"http://pbs.twimg.com/profile_images/583081345347387393/w-mgh63A_normal.jpg","following":false,"geo_enabled":true,"profile_background_image_url":"http://abs.twimg.com/images/themes/theme1/bg.png","name":"stuart mclaren","lang":"en","profile_background_tile":false,"favourites_count":260,"screen_name":"MclarenStuart","notifications":false,"url":null,"created_at":"Tue Aug 09 00:48:38 +0000 2011","contributors_enabled":false,"time_zone":null,"protected":false,"default_profile":true,"is_translator":false},"geo":null,"in_reply_to_user_id_str":"742143","lang":"en","created_at":"Mon Dec 15 02:19:00 +0000 2014","in_reply_to_status_id_str":"544314464569675776","place":null},
{"contributors":null,"truncated":false,"text":"@anusha_srini @BBCWorld why should today be any different","in_reply_to_status_id":544315040547868672,"id":544315875986137089,"favorite_count":1,"source":"<a href=\"http://twitter.com/download/iphone\" rel=\"nofollow\">Twitter for iPhone</a>","retweeted":false,"coordinates":null,"entities":{"symbols":[],"user_mentions":[{"id":1596987152,"indices":[0,13],"id_str":"1596987152","screen_name":"anusha_srini","name":"Anusha"},{"id":742143,"indices":[14,23],"id_str":"742143","screen_name":"BBCWorld","name":"BBC News (World)"}],"hashtags":[],"urls":[]},"in_reply_to_screen_name":"anusha_srini","id_str":"544315875986137089","retweet_count":0,"in_reply_to_user_id":1596987152,"favorited":false,"user":{"follow_request_sent":false,"profile_use_background_image":true,"profile_text_color":"333333","default_profile_image":false,"id":889829281,"profile_background_image_url_https":"https://abs.twimg.com/images/themes/theme1/bg.png","verified":false,"profile_location":null,"profile_image_url_https":"https://pbs.twimg.com/profile_images/2743839479/2cb95117d9dc072590a7845cc6937d1b_normal.jpeg","profile_sidebar_fill_color":"DDEEF6","entities":{"description":{"urls":[]}},"followers_count":110,"profile_sidebar_border_color":"C0DEED","id_str":"889829281","profile_background_color":"C0DEED","listed_count":0,"is_translation_enabled":false,"utc_offset":null,"statuses_count":1105,"description":"","friends_count":297,"location":"","profile_link_color":"0084B4","profile_image_url":"http://pbs.twimg.com/profile_images/2743839479/2cb95117d9dc072590a7845cc6937d1b_normal.jpeg","following":false,"geo_enabled":true,"profile_banner_url":"https://pbs.twimg.com/profile_banners/889829281/1350787563","profile_background_image_url":"http://abs.twimg.com/images/themes/theme1/bg.png","name":"Malcolm Grant","lang":"en","profile_background_tile":false,"favourites_count":229,"screen_name":"MGRANT65","notifications":false,"url":null,"created_at":"Thu Oct 18 22:03:29 +0000 2012","contributors_enabled":false,"time_zone":null,"protected":false,"default_profile":true,"is_translator":false},"geo":null,"in_reply_to_user_id_str":"1596987152","lang":"en","created_at":"Mon Dec 15 02:19:52 +0000 2014","in_reply_to_status_id_str":"544315040547868672","place":null},
{"contributors":null,"truncated":false,"text":"@BBCWorld  you just kill all terrorist people who have been attract there .","in_reply_to_status_id":544314464569675776,"id":544316633812979713,"favorite_count":0,"source":"<a href=\"http://www.twitter.com\" rel=\"nofollow\">Twitter for Windows</a>","retweeted":false,"coordinates":null,"entities":{"symbols":[],"user_mentions":[{"id":742143,"indices":[0,9],"id_str":"742143","screen_name":"BBCWorld","name":"BBC News (World)"}],"hashtags":[],"urls":[]},"in_reply_to_screen_name":"BBCWorld","id_str":"544316633812979713","retweet_count":0,"in_reply_to_user_id":742143,"favorited":false,"user":{"follow_request_sent":false,"profile_use_background_image":false,"profile_text_color":"000000","default_profile_image":false,"id":2204126059,"profile_background_image_url_https":"https://abs.twimg.com/images/themes/theme1/bg.png","verified":false,"profile_location":null,"profile_image_url_https":"https://pbs.twimg.com/profile_images/542632365739085824/tL5sIfp0_normal.jpeg","profile_sidebar_fill_color":"000000","entities":{"url":{"urls":[{"url":"http://t.co/lBq91OC9fZ","indices":[0,22],"expanded_url":"http://aspnetjyotish.blogspot.in","display_url":"aspnetjyotish.blogspot.in"}]},"description":{"urls":[]}},"followers_count":20,"profile_sidebar_border_color":"000000","id_str":"2204126059","profile_background_color":"000000","listed_count":1,"is_translation_enabled":false,"utc_offset":19800,"statuses_count":15,"description":"BCA (Pursuing)","friends_count":189,"location":"Calcutta","profile_link_color":"3B94D9","profile_image_url":"http://pbs.twimg.com/profile_images/542632365739085824/tL5sIfp0_normal.jpeg","following":false,"geo_enabled":true,"profile_banner_url":"https://pbs.twimg.com/profile_banners/2204126059/1398946310","profile_background_image_url":"http://abs.twimg.com/images/themes/theme1/bg.png","name":"JYOTISH SAMANTA","lang":"en","profile_background_tile":false,"favourites_count":3,"screen_name":"jyotish199","notifications":false,"url":"http://t.co/lBq91OC9fZ","created_at":"Wed Nov 20 02:40:23 +0000 2013","contributors_enabled":false,"time_zone":"Chennai","protected":false,"default_profile":false,"is_translator":false},"geo":null,"in_reply_to_user_id_str":"742143","lang":"en","created_at":"Mon Dec 15 02:22:53 +0000 2014","in_reply_to_status_id_str":"544314464569675776","place":null},
{"contributors":null,"truncated":false,"text":"I hope he has heard word religiously motivated @BBCWorld: Aus PM Tony Abbott says it is unclear if #sydneysiege is politically motivated","in_reply_to_status_id":544314464569675776,"id":544316758891302912,"favorite_count":0,"source":"<a href=\"http://twitter.com/download/iphone\" rel=\"nofollow\">Twitter for iPhone</a>","retweeted":false,"coordinates":null,"entities":{"symbols":[],"user_mentions":[{"id":742143,"indices":[47,56],"id_str":"742143","screen_name":"BBCWorld","name":"BBC News (World)"}],"hashtags":[{"indices":[99,111],"text":"sydneysiege"}],"urls":[]},"in_reply_to_screen_name":"BBCWorld","id_str":"544316758891302912","retweet_count":0,"in_reply_to_user_id":742143,"favorited":false,"user":{"follow_request_sent":false,"profile_use_background_image":true,"profile_text_color":"3D1957","default_profile_image":false,"id":59843216,"profile_background_image_url_https":"https://abs.twimg.com/images/themes/theme10/bg.gif","verified":false,"profile_location":null,"profile_image_url_https":"https://pbs.twimg.com/profile_images/378800000702216669/f6f37a75d8c55fe2c8d81c2e2350f498_normal.png","profile_sidebar_fill_color":"7AC3EE","entities":{"description":{"urls":[]}},"followers_count":897,"profile_sidebar_border_color":"65B0DA","id_str":"59843216","profile_background_color":"642D8B","listed_count":29,"is_translation_enabled":false,"utc_offset":19800,"statuses_count":30978,"description":"","friends_count":1982,"location":"India","profile_link_color":"FF0000","profile_image_url":"http://pbs.twimg.com/profile_images/378800000702216669/f6f37a75d8c55fe2c8d81c2e2350f498_normal.png","following":false,"geo_enabled":true,"profile_background_image_url":"http://abs.twimg.com/images/themes/theme10/bg.gif","name":"django unchained","lang":"en","profile_background_tile":true,"favourites_count":59,"screen_name":"pliersnwires","notifications":false,"url":null,"created_at":"Fri Jul 24 17:47:16 +0000 2009","contributors_enabled":false,"time_zone":"Mumbai","protected":false,"default_profile":false,"is_translator":false},"geo":null,"in_reply_to_user_id_str":"742143","lang":"en","created_at":"Mon Dec 15 02:23:22 +0000 2014","in_reply_to_status_id_str":"544314464569675776","place":null},
{"contributors":null,"truncated":false,"text":"@BBCWorld Did U identify the religion of the flag at the sport coz some of Media Outlets informed that?@ndtv @globeandmail @AustralianPM","in_reply_to_status_id":544314464569675776,"id":544316789182955520,"favorite_count":0,"source":"<a href=\"http://twitter.com/download/android\" rel=\"nofollow\">Twitter for Android</a>","retweeted":false,"coordinates":{"type":"Point","coordinates":[-79.6828082,43.445611]},"entities":{"symbols":[],"user_mentions":[{"id":742143,"indices":[0,9],"id_str":"742143","screen_name":"BBCWorld","name":"BBC News (World)"},{"id":37034483,"indices":[103,108],"id_str":"37034483","screen_name":"ndtv","name":"NDTV"},{"id":8736882,"indices":[109,122],"id_str":"8736882","screen_name":"globeandmail","name":"The Globe and Mail"},{"id":111130006,"indices":[123,136],"id_str":"111130006","screen_name":"AustralianPM","name":"Prime Minister"}],"hashtags":[],"urls":[]},"in_reply_to_screen_name":"BBCWorld","id_str":"544316789182955520","retweet_count":0,"in_reply_to_user_id":742143,"favorited":false,"user":{"follow_request_sent":false,"profile_use_background_image":true,"profile_text_color":"333333","default_profile_image":false,"id":31618419,"profile_background_image_url_https":"https://abs.twimg.com/images/themes/theme1/bg.png","verified":false,"profile_location":null,"profile_image_url_https":"https://pbs.twimg.com/profile_images/378800000496256490/e673de0f3fbdeaab408d46f512923b9a_normal.jpeg","profile_sidebar_fill_color":"DDEEF6","entities":{"description":{"urls":[]}},"followers_count":124,"profile_sidebar_border_color":"C0DEED","id_str":"31618419","profile_background_color":"C0DEED","listed_count":1,"is_translation_enabled":false,"utc_offset":-14400,"statuses_count":2364,"description":"","friends_count":1215,"location":"","profile_link_color":"0084B4","profile_image_url":"http://pbs.twimg.com/profile_images/378800000496256490/e673de0f3fbdeaab408d46f512923b9a_normal.jpeg","following":false,"geo_enabled":true,"profile_background_image_url":"http://abs.twimg.com/images/themes/theme1/bg.png","name":"Sajid Anjum","lang":"en","profile_background_tile":false,"favourites_count":1080,"screen_name":"SajidCKP","notifications":false,"url":null,"created_at":"Thu Apr 16 03:00:23 +0000 2009","contributors_enabled":false,"time_zone":"Atlantic Time (Canada)","protected":false,"default_profile":true,"is_translator":false},"geo":{"type":"Point","coordinates":[43.445611,-79.6828082]},"in_reply_to_user_id_str":"742143","lang":"en","created_at":"Mon Dec 15 02:23:30 +0000 2014","in_reply_to_status_id_str":"544314464569675776","place":{"full_name":"Oakville, Ontario","url":"https://api.twitter.com/1.1/geo/id/61ecf520fef6ce72.json","country":"Canada","place_type":"city","bounding_box":{"type":"Polygon","coordinates":[[[-79.810961,43.309929],[-79.479201,43.309929],[-79.479201,43.5264522],[-79.810961,43.5264522]]]},"contained_within":[],"country_code":"CA","attributes":{},"id":"61ecf520fef6ce72","name":"Oakville"}},
{"contributors":null,"truncated":false,"text":"@BBCWorld And that is why it happened, Mr. Abbott! Wise up for cryin' out loud!","in_reply_to_status_id":544314464569675776,"id":544316814344204288,"favorite_count":1,"source":"<a href=\"http://twitter.com\" rel=\"nofollow\">Twitter Web Client</a>","retweeted":false,"coordinates":null,"entities":{"symbols":[],"user_mentions":[{"id":742143,"indices":[0,9],"id_str":"742143","screen_name":"BBCWorld","name":"BBC News (World)"}],"hashtags":[],"urls":[]},"in_reply_to_screen_name":"BBCWorld","id_str":"544316814344204288","retweet_count":0,"in_reply_to_user_id":742143,"favorited":false,"user":{"follow_request_sent":false,"profile_use_background_image":true,"profile_text_color":"3C3940","default_profile_image":false,"id":464841735,"profile_background_image_url_https":"https://pbs.twimg.com/profile_background_images/749211315/a6e4df1c37512948da837e6761b904e5.jpeg","verified":false,"profile_location":null,"profile_image_url_https":"https://pbs.twimg.com/profile_images/3030883998/f28be65d199309d832ba8d74b4d3eb24_normal.jpeg","profile_sidebar_fill_color":"9C96EB","entities":{"description":{"urls":[]}},"followers_count":25,"profile_sidebar_border_color":"FFFFFF","id_str":"464841735","profile_background_color":"0099B9","listed_count":2,"is_translation_enabled":false,"utc_offset":-18000,"statuses_count":1174,"description":"Chronic reader,  mom of five, horse lover, nurse, daughter, auntie, and, of course, addicted to commas.","friends_count":105,"location":"Somewhere in the  South","profile_link_color":"004AB8","profile_image_url":"http://pbs.twimg.com/profile_images/3030883998/f28be65d199309d832ba8d74b4d3eb24_normal.jpeg","following":false,"geo_enabled":false,"profile_banner_url":"https://pbs.twimg.com/profile_banners/464841735/1356661138","profile_background_image_url":"http://pbs.twimg.com/profile_background_images/749211315/a6e4df1c37512948da837e6761b904e5.jpeg","name":"M Winterbottom","lang":"en","profile_background_tile":true,"favourites_count":10,"screen_name":"tillytu","notifications":false,"url":null,"created_at":"Sun Jan 15 17:51:12 +0000 2012","contributors_enabled":false,"time_zone":"Eastern Time (US & Canada)","protected":false,"default_profile":false,"is_translator":false},"geo":null,"in_reply_to_user_id_str":"742143","lang":"en","created_at":"Mon Dec 15 02:23:36 +0000 2014","in_reply_to_status_id_str":"544314464569675776","place":null},
{"contributors":null,"truncated":false,"text":"@BBCWorld \n\nWhen will people admit there is a Muslim problem","in_reply_to_status_id":544314464569675776,"id":544317104326180864,"favorite_count":1,"source":"<a href=\"https://twitter.com/download/android\" rel=\"nofollow\">Twitter for Android Tablets</a>","retweeted":false,"coordinates":null,"entities":{"symbols":[],"user_mentions":[{"id":742143,"indices":[0,9],"id_str":"742143","screen_name":"BBCWorld","name":"BBC News (World)"}],"hashtags":[],"urls":[]},"in_reply_to_screen_name":"BBCWorld","id_str":"544317104326180864","retweet_count":0,"in_reply_to_user_id":742143,"favorited":false,"user":{"follow_request_sent":false,"profile_use_background_image":true,"profile_text_color":"333333","default_profile_image":false,"id":351263372,"profile_background_image_url_https":"https://abs.twimg.com/images/themes/theme1/bg.png","verified":false,"profile_location":null,"profile_image_url_https":"https://pbs.twimg.com/profile_images/583081345347387393/w-mgh63A_normal.jpg","profile_sidebar_fill_color":"DDEEF6","entities":{"description":{"urls":[]}},"followers_count":64,"profile_sidebar_border_color":"C0DEED","id_str":"351263372","profile_background_color":"C0DEED","listed_count":0,"is_translation_enabled":false,"utc_offset":null,"statuses_count":774,"description":"","friends_count":140,"location":"","profile_link_color":"0084B4","profile_image_url":"http://pbs.twimg.com/profile_images/583081345347387393/w-mgh63A_normal.jpg","following":false,"geo_enabled":true,"profile_background_image_url":"http://abs.twimg.com/images/themes/theme1/bg.png","name":"stuart mclaren","lang":"en","profile_background_tile":false,"favourites_count":260,"screen_name":"MclarenStuart","notifications":false,"url":null,"created_at":"Tue Aug 09 00:48:38 +0000 2011","contributors_enabled":false,"time_zone":null,"protected":false,"default_profile":true,"is_translator":false},"geo":null,"in_reply_to_user_id_str":"742143","lang":"en","created_at":"Mon Dec 15 02:24:45 +0000 2014","in_reply_to_status_id_str":"544314464569675776","place":null},
{"contributors":null,"truncated":false,"text":"@hash_pragma @BBCWorld They won't ever have any success with me, on that issue. :P","in_reply_to_status_id":544315543063625730,"id":544317326720778244,"favorite_count":0,"source":"<a href=\"http://twitter.com\" rel=\"nofollow\">Twitter Web Client</a>","retweeted":false,"coordinates":null,"entities":{"symbols":[],"user_mentions":[{"id":33178654,"indices":[0,12],"id_str":"33178654","screen_name":"hash_pragma","name":"Saurabh Matey"},{"id":742143,"indices":[13,22],"id_str":"742143","screen_name":"BBCWorld","name":"BBC News (World)"}],"hashtags":[],"urls":[]},"in_reply_to_screen_name":"hash_pragma","id_str":"544317326720778244","retweet_count":0,"in_reply_to_user_id":33178654,"favorited":false,"user":{"follow_request_sent":false,"profile_use_background_image":true,"profile_text_color":"333333","default_profile_image":false,"id":78898625,"profile_background_image_url_https":"https://pbs.twimg.com/profile_background_images/664018715/twilk_background_505a397516501.jpg","verified":false,"profile_location":null,"profile_image_url_https":"https://pbs.twimg.com/profile_images/436903198209486848/mbnhG95q_normal.jpeg","profile_sidebar_fill_color":"F3F3F3","entities":{"description":{"urls":[]}},"followers_count":3069,"profile_sidebar_border_color":"DFDFDF","id_str":"78898625","profile_background_color":"EBEBEB","listed_count":76,"is_translation_enabled":false,"utc_offset":-18000,"statuses_count":411417,"description":"Deux choses sont infinies:l'univers & la bêtise humaine quoique je me questionne encore sur la première.\r\n(Trad. libre d'une pensée de)\r\nAlbert Einstein","friends_count":3001,"location":"Saint-Lambert, Québec (Canada)","profile_link_color":"990000","profile_image_url":"http://pbs.twimg.com/profile_images/436903198209486848/mbnhG95q_normal.jpeg","following":false,"geo_enabled":false,"profile_banner_url":"https://pbs.twimg.com/profile_banners/78898625/1387166360","profile_background_image_url":"http://pbs.twimg.com/profile_background_images/664018715/twilk_background_505a397516501.jpg","name":"DevilinDisguise","lang":"fr","profile_background_tile":true,"favourites_count":10,"screen_name":"7PinkPanther7","notifications":false,"url":null,"created_at":"Thu Oct 01 13:07:54 +0000 2009","contributors_enabled":false,"time_zone":"Quito","protected":false,"default_profile":false,"is_translator":false},"geo":null,"in_reply_to_user_id_str":"33178654","lang":"en","created_at":"Mon Dec 15 02:25:38 +0000 2014","in_reply_to_status_id_str":"544315543063625730","place":null},
{"contributors":null,"truncated":false,"text":"@7PinkPanther7 @hash_pragma @BBCWorld Technically that flag appears to suggest it's religious, not political.","in_reply_to_status_id":544317326720778244,"id":544317516173283328,"favorite_count":0,"source":"<a href=\"http://twitter.com/download/iphone\" rel=\"nofollow\">Twitter for iPhone</a>","retweeted":false,"coordinates":null,"entities":{"symbols":[],"user_mentions":[{"id":78898625,"indices":[0,14],"id_str":"78898625","screen_name":"7PinkPanther7","name":"DevilinDisguise"},{"id":33178654,"indices":[15,27],"id_str":"33178654","screen_name":"hash_pragma","name":"Saurabh Matey"},{"id":742143,"indices":[28,37],"id_str":"742143","screen_name":"BBCWorld","name":"BBC News (World)"}],"hashtags":[],"urls":[]},"in_reply_to_screen_name":"7PinkPanther7","id_str":"544317516173283328","retweet_count":0,"in_reply_to_user_id":78898625,"favorited":false,"user":{"follow_request_sent":false,"profile_use_background_image":true,"profile_text_color":"333333","default_profile_image":false,"id":314325527,"profile_background_image_url_https":"https://abs.twimg.com/images/themes/theme1/bg.png","verified":false,"profile_location":null,"profile_image_url_https":"https://pbs.twimg.com/profile_images/569528054947774464/gSAQG005_normal.jpeg","profile_sidebar_fill_color":"DDEEF6","entities":{"description":{"urls":[]}},"followers_count":538,"profile_sidebar_border_color":"C0DEED","id_str":"314325527","profile_background_color":"C0DEED","listed_count":8,"is_translation_enabled":false,"utc_offset":null,"statuses_count":34850,"description":"“I am not young enough to know everything.” — Oscar Wilde","friends_count":779,"location":"Liverpool","profile_link_color":"0084B4","profile_image_url":"http://pbs.twimg.com/profile_images/569528054947774464/gSAQG005_normal.jpeg","following":false,"geo_enabled":false,"profile_banner_url":"https://pbs.twimg.com/profile_banners/314325527/1411090270","profile_background_image_url":"http://abs.twimg.com/images/themes/theme1/bg.png","name":"Mike","lang":"en","profile_background_tile":false,"favourites_count":11921,"screen_name":"TheMikeKehoe","notifications":false,"url":null,"created_at":"Fri Jun 10 02:24:12 +0000 2011","contributors_enabled":false,"time_zone":null,"protected":false,"default_profile":true,"is_translator":false},"geo":null,"in_reply_to_user_id_str":"78898625","lang":"en","created_at":"Mon Dec 15 02:26:23 +0000 2014","in_reply_to_status_id_str":"544317326720778244","place":null},
{"contributors":null,"truncated":false,"text":"\"@BBCWorld: Abbott: unclear #sydneysiege politically motiva http://t.co/M77lC2IZ3N http://t.co/wkeIJODdJd\" Was Homer Simpson made Aussie PM?","in_reply_to_status_id":544314464569675776,"id":544317936895131648,"favorite_count":0,"source":"<a href=\"http://www.twitter.com\" rel=\"nofollow\">Twitter for Windows Phone</a>","retweeted":false,"coordinates":null,"entities":{"symbols":[],"user_mentions":[{"id":742143,"indices":[1,10],"id_str":"742143","screen_name":"BBCWorld","name":"BBC News (World)"}],"hashtags":[{"indices":[28,40],"text":"sydneysiege"}],"urls":[{"url":"http://t.co/M77lC2IZ3N","indices":[60,82],"expanded_url":"http://bbc.in/1wxyhGW","display_url":"bbc.in/1wxyhGW"}],"media":[{"source_user_id":742143,"source_status_id_str":"544314464569675776","expanded_url":"http://twitter.com/BBCWorld/status/544314464569675776/photo/1","display_url":"pic.twitter.com/wkeIJODdJd","url":"http://t.co/wkeIJODdJd","media_url_https":"https://pbs.twimg.com/media/B43LHx2IcAEMK8I.png","source_user_id_str":"742143","source_status_id":544314464569675776,"id_str":"544314464481603585","sizes":{"small":{"h":155,"resize":"fit","w":340},"large":{"h":294,"resize":"fit","w":642},"medium":{"h":274,"resize":"fit","w":600},"thumb":{"h":150,"resize":"crop","w":150}},"indices":[83,105],"type":"photo","id":544314464481603585,"media_url":"http://pbs.twimg.com/media/B43LHx2IcAEMK8I.png"}]},"in_reply_to_screen_name":"BBCWorld","id_str":"544317936895131648","retweet_count":0,"in_reply_to_user_id":742143,"favorited":false,"user":{"follow_request_sent":false,"profile_use_background_image":true,"profile_text_color":"333333","default_profile_image":false,"id":56312505,"profile_background_image_url_https":"https://pbs.twimg.com/profile_background_images/435898463/618484main_earth1600_1024-768.jpg","verified":false,"profile_location":null,"profile_image_url_https":"https://pbs.twimg.com/profile_images/568951222720155648/q1S1D2ap_normal.jpeg","profile_sidebar_fill_color":"DDEEF6","entities":{"url":{"urls":[{"url":"http://t.co/twXydUpJyo","indices":[0,22],"expanded_url":"http://xtrabiggg.blogspot.com/","display_url":"xtrabiggg.blogspot.com"}]},"description":{"urls":[]}},"followers_count":134,"profile_sidebar_border_color":"C0DEED","id_str":"56312505","profile_background_color":"0D2430","listed_count":1,"is_translation_enabled":false,"utc_offset":-18000,"statuses_count":1873,"description":"I am a pragmatic INDIVIDUAL that resists Collectivist labels.  Only Individual rights exist. 'GroupThink' collective 'rights' are illusory and destructive.","friends_count":210,"location":"Detroit","profile_link_color":"0084B4","profile_image_url":"http://pbs.twimg.com/profile_images/568951222720155648/q1S1D2ap_normal.jpeg","following":false,"geo_enabled":true,"profile_banner_url":"https://pbs.twimg.com/profile_banners/56312505/1414725107","profile_background_image_url":"http://pbs.twimg.com/profile_background_images/435898463/618484main_earth1600_1024-768.jpg","name":"Thaddeus Kaczor","lang":"en","profile_background_tile":false,"favourites_count":271,"screen_name":"xtrabiggg","notifications":false,"url":"http://t.co/twXydUpJyo","created_at":"Mon Jul 13 07:10:53 +0000 2009","contributors_enabled":false,"time_zone":"Eastern Time (US & Canada)","protected":false,"default_profile":false,"is_translator":false},"geo":null,"in_reply_to_user_id_str":"742143","possibly_sensitive":false,"lang":"en","created_at":"Mon Dec 15 02:28:03 +0000 2014","in_reply_to_status_id_str":"544314464569675776","place":null,"extended_entities":{"media":[{"source_user_id":742143,"source_status_id_str":"544314464569675776","expanded_url":"http://twitter.com/BBCWorld/status/544314464569675776/photo/1","display_url":"pic.twitter.com/wkeIJODdJd","url":"http://t.co/wkeIJODdJd","media_url_https":"https://pbs.twimg.com/media/B43LHx2IcAEMK8I.png","source_user_id_str":"742143","source_status_id":544314464569675776,"id_str":"544314464481603585","sizes":{"small":{"h":155,"resize":"fit","w":340},"large":{"h":294,"resize":"fit","w":642},"medium":{"h":274,"resize":"fit","w":600},"thumb":{"h":150,"resize":"crop","w":150}},"indices":[83,105],"type":"photo","id":544314464481603585,"media_url":"http://pbs.twimg.com/media/B43LHx2IcAEMK8I.png"}]}},
{"contributors":null,"truncated":false,"text":"@TheMikeKehoe @hash_pragma @BBCWorld With these terrorists, it's like a mix...","in_reply_to_status_id":544317516173283328,"id":544318276588015616,"favorite_count":0,"source":"<a href=\"http://twitter.com\" rel=\"nofollow\">Twitter Web Client</a>","retweeted":false,"coordinates":null,"entities":{"symbols":[],"user_mentions":[{"id":314325527,"indices":[0,13],"id_str":"314325527","screen_name":"TheMikeKehoe","name":"Mike"},{"id":33178654,"indices":[14,26],"id_str":"33178654","screen_name":"hash_pragma","name":"Saurabh Matey"},{"id":742143,"indices":[27,36],"id_str":"742143","screen_name":"BBCWorld","name":"BBC News (World)"}],"hashtags":[],"urls":[]},"in_reply_to_screen_name":"TheMikeKehoe","id_str":"544318276588015616","retweet_count":0,"in_reply_to_user_id":314325527,"favorited":false,"user":{"follow_request_sent":false,"profile_use_background_image":true,"profile_text_color":"333333","default_profile_image":false,"id":78898625,"profile_background_image_url_https":"https://pbs.twimg.com/profile_background_images/664018715/twilk_background_505a397516501.jpg","verified":false,"profile_location":null,"profile_image_url_https":"https://pbs.twimg.com/profile_images/436903198209486848/mbnhG95q_normal.jpeg","profile_sidebar_fill_color":"F3F3F3","entities":{"description":{"urls":[]}},"followers_count":3064,"profile_sidebar_border_color":"DFDFDF","id_str":"78898625","profile_background_color":"EBEBEB","listed_count":76,"is_translation_enabled":false,"utc_offset":-18000,"statuses_count":411416,"description":"Deux choses sont infinies:l'univers & la bêtise humaine quoique je me questionne encore sur la première.\r\n(Trad. libre d'une pensée de)\r\nAlbert Einstein","friends_count":3002,"location":"Saint-Lambert, Québec (Canada)","profile_link_color":"990000","profile_image_url":"http://pbs.twimg.com/profile_images/436903198209486848/mbnhG95q_normal.jpeg","following":false,"geo_enabled":false,"profile_banner_url":"https://pbs.twimg.com/profile_banners/78898625/1387166360","profile_background_image_url":"http://pbs.twimg.com/profile_background_images/664018715/twilk_background_505a397516501.jpg","name":"DevilinDisguise","lang":"fr","profile_background_tile":true,"favourites_count":10,"screen_name":"7PinkPanther7","notifications":false,"url":null,"created_at":"Thu Oct 01 13:07:54 +0000 2009","contributors_enabled":false,"time_zone":"Quito","protected":false,"default_profile":false,"is_translator":false},"geo":null,"in_reply_to_user_id_str":"314325527","lang":"en","created_at":"Mon Dec 15 02:29:24 +0000 2014","in_reply_to_status_id_str":"544317516173283328","place":null},
{"contributors":null,"truncated":false,"text":"@7PinkPanther7 @BBCWorld then brace yourself for the cries of #Islamophobia.","in_reply_to_status_id":544317326720778244,"id":544318333068517376,"favorite_count":0,"source":"<a href=\"http://twitter.com\" rel=\"nofollow\">Twitter Web Client</a>","retweeted":false,"coordinates":null,"entities":{"symbols":[],"user_mentions":[{"id":78898625,"indices":[0,14],"id_str":"78898625","screen_name":"7PinkPanther7","name":"DevilinDisguise"},{"id":742143,"indices":[15,24],"id_str":"742143","screen_name":"BBCWorld","name":"BBC News (World)"}],"hashtags":[{"indices":[62,75],"text":"Islamophobia"}],"urls":[]},"in_reply_to_screen_name":"7PinkPanther7","id_str":"544318333068517376","retweet_count":1,"in_reply_to_user_id":78898625,"favorited":false,"user":{"follow_request_sent":false,"profile_use_background_image":true,"profile_text_color":"394E71","default_profile_image":false,"id":33178654,"profile_background_image_url_https":"https://pbs.twimg.com/profile_background_images/467932821487501313/3EIXQExG.jpeg","verified":false,"profile_location":null,"profile_image_url_https":"https://pbs.twimg.com/profile_images/567148708358152194/w9NRwnOB_normal.png","profile_sidebar_fill_color":"6DA4A0","entities":{"description":{"urls":[]}},"followers_count":34,"profile_sidebar_border_color":"FFFFFF","id_str":"33178654","profile_background_color":"291B39","listed_count":0,"is_translation_enabled":false,"utc_offset":19800,"statuses_count":713,"description":"","friends_count":41,"location":"Boston, MA","profile_link_color":"ABB8C2","profile_image_url":"http://pbs.twimg.com/profile_images/567148708358152194/w9NRwnOB_normal.png","following":false,"geo_enabled":true,"profile_banner_url":"https://pbs.twimg.com/profile_banners/33178654/1397406223","profile_background_image_url":"http://pbs.twimg.com/profile_background_images/467932821487501313/3EIXQExG.jpeg","name":"Saurabh Matey","lang":"en","profile_background_tile":true,"favourites_count":75,"screen_name":"hash_pragma","notifications":false,"url":null,"created_at":"Sun Apr 19 11:09:32 +0000 2009","contributors_enabled":false,"time_zone":"Asia/Calcutta","protected":false,"default_profile":false,"is_translator":false},"geo":null,"in_reply_to_user_id_str":"78898625","lang":"en","created_at":"Mon Dec 15 02:29:38 +0000 2014","in_reply_to_status_id_str":"544317326720778244","place":null},
{"contributors":null,"truncated":false,"text":"@7PinkPanther7 @TheMikeKehoe @BBCWorld With this religion, it is a mix indeed. There. I said it.","in_reply_to_status_id":544318276588015616,"id":544318547665899522,"favorite_count":0,"source":"<a href=\"http://twitter.com\" rel=\"nofollow\">Twitter Web Client</a>","retweeted":false,"coordinates":null,"entities":{"symbols":[],"user_mentions":[{"id":78898625,"indices":[0,14],"id_str":"78898625","screen_name":"7PinkPanther7","name":"DevilinDisguise"},{"id":314325527,"indices":[15,28],"id_str":"314325527","screen_name":"TheMikeKehoe","name":"Mike"},{"id":742143,"indices":[29,38],"id_str":"742143","screen_name":"BBCWorld","name":"BBC News (World)"}],"hashtags":[],"urls":[]},"in_reply_to_screen_name":"7PinkPanther7","id_str":"544318547665899522","retweet_count":1,"in_reply_to_user_id":78898625,"favorited":false,"user":{"follow_request_sent":false,"profile_use_background_image":true,"profile_text_color":"394E71","default_profile_image":false,"id":33178654,"profile_background_image_url_https":"https://pbs.twimg.com/profile_background_images/467932821487501313/3EIXQExG.jpeg","verified":false,"profile_location":null,"profile_image_url_https":"https://pbs.twimg.com/profile_images/567148708358152194/w9NRwnOB_normal.png","profile_sidebar_fill_color":"6DA4A0","entities":{"description":{"urls":[]}},"followers_count":34,"profile_sidebar_border_color":"FFFFFF","id_str":"33178654","profile_background_color":"291B39","listed_count":0,"is_translation_enabled":false,"utc_offset":19800,"statuses_count":713,"description":"","friends_count":41,"location":"Boston, MA","profile_link_color":"ABB8C2","profile_image_url":"http://pbs.twimg.com/profile_images/567148708358152194/w9NRwnOB_normal.png","following":false,"geo_enabled":true,"profile_banner_url":"https://pbs.twimg.com/profile_banners/33178654/1397406223","profile_background_image_url":"http://pbs.twimg.com/profile_background_images/467932821487501313/3EIXQExG.jpeg","name":"Saurabh Matey","lang":"en","profile_background_tile":true,"favourites_count":75,"screen_name":"hash_pragma","notifications":false,"url":null,"created_at":"Sun Apr 19 11:09:32 +0000 2009","contributors_enabled":false,"time_zone":"Asia/Calcutta","protected":false,"default_profile":false,"is_translator":false},"geo":null,"in_reply_to_user_id_str":"78898625","lang":"en","created_at":"Mon Dec 15 02:30:29 +0000 2014","in_reply_to_status_id_str":"544318276588015616","place":null},
{"contributors":null,"truncated":false,"text":"@hash_pragma @BBCWorld #FranklyMyDearIDontGiveADamn  LOL  :)","in_reply_to_status_id":544318333068517376,"id":544319102337441794,"favorite_count":0,"source":"<a href=\"http://twitter.com\" rel=\"nofollow\">Twitter Web Client</a>","retweeted":false,"coordinates":null,"entities":{"symbols":[],"user_mentions":[{"id":33178654,"indices":[0,12],"id_str":"33178654","screen_name":"hash_pragma","name":"Saurabh Matey"},{"id":742143,"indices":[13,22],"id_str":"742143","screen_name":"BBCWorld","name":"BBC News (World)"}],"hashtags":[{"indices":[23,51],"text":"FranklyMyDearIDontGiveADamn"}],"urls":[]},"in_reply_to_screen_name":"hash_pragma","id_str":"544319102337441794","retweet_count":0,"in_reply_to_user_id":33178654,"favorited":false,"user":{"follow_request_sent":false,"profile_use_background_image":true,"profile_text_color":"333333","default_profile_image":false,"id":78898625,"profile_background_image_url_https":"https://pbs.twimg.com/profile_background_images/664018715/twilk_background_505a397516501.jpg","verified":false,"profile_location":null,"profile_image_url_https":"https://pbs.twimg.com/profile_images/436903198209486848/mbnhG95q_normal.jpeg","profile_sidebar_fill_color":"F3F3F3","entities":{"description":{"urls":[]}},"followers_count":3064,"profile_sidebar_border_color":"DFDFDF","id_str":"78898625","profile_background_color":"EBEBEB","listed_count":76,"is_translation_enabled":false,"utc_offset":-18000,"statuses_count":411416,"description":"Deux choses sont infinies:l'univers & la bêtise humaine quoique je me questionne encore sur la première.\r\n(Trad. libre d'une pensée de)\r\nAlbert Einstein","friends_count":3002,"location":"Saint-Lambert, Québec (Canada)","profile_link_color":"990000","profile_image_url":"http://pbs.twimg.com/profile_images/436903198209486848/mbnhG95q_normal.jpeg","following":false,"geo_enabled":false,"profile_banner_url":"https://pbs.twimg.com/profile_banners/78898625/1387166360","profile_background_image_url":"http://pbs.twimg.com/profile_background_images/664018715/twilk_background_505a397516501.jpg","name":"DevilinDisguise","lang":"fr","profile_background_tile":true,"favourites_count":10,"screen_name":"7PinkPanther7","notifications":false,"url":null,"created_at":"Thu Oct 01 13:07:54 +0000 2009","contributors_enabled":false,"time_zone":"Quito","protected":false,"default_profile":false,"is_translator":false},"geo":null,"in_reply_to_user_id_str":"33178654","lang":"und","created_at":"Mon Dec 15 02:32:41 +0000 2014","in_reply_to_status_id_str":"544318333068517376","place":null}
]