[{"contributors":null,"truncated":false,"text":"@abcnews oi","in_reply_to_status_id":544301338935312384,"id":544301416861286400,"favorite_count":0,"source":"<a href=\"http://www.echofon.com/\" rel=\"nofollow\">Echofon</a>","retweeted":false,"coordinates":null,"entities":{"symbols":[],"user_mentions":[{"id":2768501,"indices":[0,8],"id_str":"2768501","screen_name":"abcnews","name":"ABC News"}],"hashtags":[],"urls":[]},"in_reply_to_screen_name":"abcnews","id_str":"544301416861286400","retweet_count":0,"in_reply_to_user_id":2768501,"favorited":false,"user":{"follow_request_sent":false,"profile_use_background_image":true,"profile_text_color":"446B8A","default_profile_image":false,"id":16127005,"profile_background_image_url_https":"https://pbs.twimg.com/profile_background_images/505758545703215104/rDePFWDa.jpeg","verified":false,"profile_location":null,"profile_image_url_https":"https://pbs.twimg.com/profile_images/588719678140194816/KL5QKeb7_normal.jpg","profile_sidebar_fill_color":"8CB4BC","entities":{"url":{"urls":[{"url":"http://t.co/zoXD1pdrgg","indices":[0,22],"expanded_url":"http://silverscreenbeautyqueens.tumblr.com/","display_url":"silverscreenbeautyqueens.tumblr.com"}]},"description":{"urls":[]}},"followers_count":1188,"profile_sidebar_border_color":"FFFFFF","id_str":"16127005","profile_background_color":"87B2BB","listed_count":16,"is_translation_enabled":false,"utc_offset":39600,"statuses_count":59174,"description":"21 year old Greek Australian, American Studies major (@USSC), beauty blogger (@ssbq_blog), photographer, cat lady, feminist, fat bitch, TV enthusiast.","friends_count":360,"location":"Sydney","profile_link_color":"2D5475","profile_image_url":"http://pbs.twimg.com/profile_images/588719678140194816/KL5QKeb7_normal.jpg","following":false,"geo_enabled":false,"profile_banner_url":"https://pbs.twimg.com/profile_banners/16127005/1417881969","profile_background_image_url":"http://pbs.twimg.com/profile_background_images/505758545703215104/rDePFWDa.jpeg","name":"A Christmas Cathy","lang":"en-gb","profile_background_tile":true,"favourites_count":3942,"screen_name":"morlonbrondo","notifications":false,"url":"http://t.co/zoXD1pdrgg","created_at":"Thu Sep 04 09:20:38 +0000 2008","contributors_enabled":false,"time_zone":"Sydney","protected":false,"default_profile":false,"is_translator":false},"geo":null,"in_reply_to_user_id_str":"2768501","lang":"und","created_at":"Mon Dec 15 01:22:25 +0000 2014","in_reply_to_status_id_str":"544301338935312384","place":null},
{"contributors":null,"truncated":false,"text":"@abcnews Stop. Tweeting. Photos. Of. Police.","in_reply_to_status_id":544301338935312384,"id":544301452420595712,"favorite_count":4,"source":"<a href=\"http://twitter.com/download/android\" rel=\"nofollow\">Twitter for Android</a>","retweeted":false,"coordinates":null,"entities":{"symbols":[],"user_mentions":[{"id":2768501,"indices":[0,8],"id_str":"2768501","screen_name":"abcnews","name":"ABC News"}],"hashtags":[],"urls":[]},"in_reply_to_screen_name":"abcnews","id_str":"544301452420595712","retweet_count":0,"in_reply_to_user_id":2768501,"favorited":false,"user":{"follow_request_sent":false,"profile_use_background_image":true,"profile_text_color":"333333","default_profile_image":false,"id":1964673422,"profile_background_image_url_https":"https://pbs.twimg.com/profile_background_images/458927346536288258/40vG88ZO.jpeg","verified":false,"profile_location":null,"profile_image_url_https":"https://pbs.twimg.com/profile_images/525451117715410944/jJCzQ5tC_normal.jpeg","profile_sidebar_fill_color":"DDEEF6","entities":{"description":{"urls":[]}},"followers_count":207,"profile_sidebar_border_color":"FFFFFF","id_str":"1964673422","profile_background_color":"C0DEED","listed_count":1,"is_translation_enabled":false,"utc_offset":39600,"statuses_count":6970,"description":"History & IR graduate of @Sydney_Uni. Member of @AustralianLabor, @AusRepublic, and the mighty @NRLKnights. evans.jsa@gmail.com","friends_count":526,"location":"","profile_link_color":"53A7A9","profile_image_url":"http://pbs.twimg.com/profile_images/525451117715410944/jJCzQ5tC_normal.jpeg","following":false,"geo_enabled":true,"profile_banner_url":"https://pbs.twimg.com/profile_banners/1964673422/1401266103","profile_background_image_url":"http://pbs.twimg.com/profile_background_images/458927346536288258/40vG88ZO.jpeg","name":"James Evans","lang":"en","profile_background_tile":true,"favourites_count":4361,"screen_name":"j_evns","notifications":false,"url":null,"created_at":"Wed Oct 16 12:21:40 +0000 2013","contributors_enabled":false,"time_zone":"Sydney","protected":false,"default_profile":false,"is_translator":false},"geo":null,"in_reply_to_user_id_str":"2768501","lang":"en","created_at":"Mon Dec 15 01:22:33 +0000 2014","in_reply_to_status_id_str":"544301338935312384","place":null},
{"contributors":null,"truncated":false,"text":"PROBABLY DON'T BROADCAST THE VISION THO... @abcnews","in_reply_to_status_id":544301338935312384,"id":544301525237899264,"favorite_count":0,"source":"<a href=\"http://twitter.com\" rel=\"nofollow\">Twitter Web Client</a>","retweeted":false,"coordinates":null,"entities":{"symbols":[],"user_mentions":[{"id":2768501,"indices":[43,51],"id_str":"2768501","screen_name":"abcnews","name":"ABC News"}],"hashtags":[],"urls":[]},"in_reply_to_screen_name":"abcnews","id_str":"544301525237899264","retweet_count":1,"in_reply_to_user_id":2768501,"favorited":false,"user":{"follow_request_sent":false,"profile_use_background_image":true,"profile_text_color":"0C3E53","default_profile_image":false,"id":21060568,"profile_background_image_url_https":"https://pbs.twimg.com/profile_background_images/790540622/b39372668a3333d4b43223e523b72770.png","verified":false,"profile_location":null,"profile_image_url_https":"https://pbs.twimg.com/profile_images/579165036976812032/km45AgSX_normal.jpg","profile_sidebar_fill_color":"FFF7CC","entities":{"description":{"urls":[]}},"followers_count":436,"profile_sidebar_border_color":"FFFFFF","id_str":"21060568","profile_background_color":"BADFCD","listed_count":1,"is_translation_enabled":false,"utc_offset":39600,"statuses_count":8972,"description":"","friends_count":922,"location":"Melbourne","profile_link_color":"FF0000","profile_image_url":"http://pbs.twimg.com/profile_images/579165036976812032/km45AgSX_normal.jpg","following":false,"geo_enabled":false,"profile_banner_url":"https://pbs.twimg.com/profile_banners/21060568/1360842412","profile_background_image_url":"http://pbs.twimg.com/profile_background_images/790540622/b39372668a3333d4b43223e523b72770.png","name":"Madeleine Ulbrick","lang":"en","profile_background_tile":true,"favourites_count":4782,"screen_name":"maddygrace","notifications":false,"url":null,"created_at":"Tue Feb 17 03:32:59 +0000 2009","contributors_enabled":false,"time_zone":"Melbourne","protected":false,"default_profile":false,"is_translator":false},"geo":null,"in_reply_to_user_id_str":"2768501","lang":"en","created_at":"Mon Dec 15 01:22:50 +0000 2014","in_reply_to_status_id_str":"544301338935312384","place":null},
{"contributors":null,"truncated":false,"text":"@abcnews Shouldn't the faces of armed police be blurred?","in_reply_to_status_id":544301338935312384,"id":544301571291353089,"favorite_count":0,"source":"<a href=\"http://twitter.com/#!/download/ipad\" rel=\"nofollow\">Twitter for iPad</a>","retweeted":false,"coordinates":null,"entities":{"symbols":[],"user_mentions":[{"id":2768501,"indices":[0,8],"id_str":"2768501","screen_name":"abcnews","name":"ABC News"}],"hashtags":[],"urls":[]},"in_reply_to_screen_name":"abcnews","id_str":"544301571291353089","retweet_count":0,"in_reply_to_user_id":2768501,"favorited":false,"user":{"follow_request_sent":false,"profile_use_background_image":false,"profile_text_color":"333333","default_profile_image":false,"id":437162481,"profile_background_image_url_https":"https://pbs.twimg.com/profile_background_images/761935953/7acad86032773c28cff88c3b615d207a.jpeg","verified":false,"profile_location":null,"profile_image_url_https":"https://pbs.twimg.com/profile_images/3627255866/552afa849c041c3bcbfeec382e5fa906_normal.jpeg","profile_sidebar_fill_color":"DDEEF6","entities":{"url":{"urls":[{"url":"http://t.co/uRjVKb9JNk","indices":[0,22],"expanded_url":"http://girtby.blogspot.com.au/","display_url":"girtby.blogspot.com.au"}]},"description":{"urls":[]}},"followers_count":228,"profile_sidebar_border_color":"FFFFFF","id_str":"437162481","profile_background_color":"757575","listed_count":6,"is_translation_enabled":false,"utc_offset":39600,"statuses_count":18803,"description":"Writer, wanderer, cautious adventurer","friends_count":449,"location":"Melbourne, Victoria","profile_link_color":"0084B4","profile_image_url":"http://pbs.twimg.com/profile_images/3627255866/552afa849c041c3bcbfeec382e5fa906_normal.jpeg","following":false,"geo_enabled":true,"profile_banner_url":"https://pbs.twimg.com/profile_banners/437162481/1366209130","profile_background_image_url":"http://pbs.twimg.com/profile_background_images/761935953/7acad86032773c28cff88c3b615d207a.jpeg","name":"Gareth M","lang":"en","profile_background_tile":false,"favourites_count":562,"screen_name":"liquidparanoia","notifications":false,"url":"http://t.co/uRjVKb9JNk","created_at":"Thu Dec 15 02:39:39 +0000 2011","contributors_enabled":false,"time_zone":"Melbourne","protected":false,"default_profile":false,"is_translator":false},"geo":null,"in_reply_to_user_id_str":"2768501","lang":"en","created_at":"Mon Dec 15 01:23:01 +0000 2014","in_reply_to_status_id_str":"544301338935312384","place":null},
{"contributors":null,"truncated":false,"text":"@abcnews your viewers don't want to see these pictures when the hostage takers can also! #sydneysiege","in_reply_to_status_id":544301338935312384,"id":544301683983921152,"favorite_count":2,"source":"<a href=\"http://twitter.com/download/android\" rel=\"nofollow\">Twitter for Android</a>","retweeted":false,"coordinates":null,"entities":{"symbols":[],"user_mentions":[{"id":2768501,"indices":[0,8],"id_str":"2768501","screen_name":"abcnews","name":"ABC News"}],"hashtags":[{"indices":[89,101],"text":"sydneysiege"}],"urls":[]},"in_reply_to_screen_name":"abcnews","id_str":"544301683983921152","retweet_count":0,"in_reply_to_user_id":2768501,"favorited":false,"user":{"follow_request_sent":false,"profile_use_background_image":true,"profile_text_color":"333333","default_profile_image":false,"id":24484977,"profile_background_image_url_https":"https://abs.twimg.com/images/themes/theme1/bg.png","verified":false,"profile_location":null,"profile_image_url_https":"https://pbs.twimg.com/profile_images/378800000702771080/d7e09853ed3069cbc71e2f541fc86971_normal.jpeg","profile_sidebar_fill_color":"DDEEF6","entities":{"description":{"urls":[]}},"followers_count":60,"profile_sidebar_border_color":"C0DEED","id_str":"24484977","profile_background_color":"C0DEED","listed_count":0,"is_translation_enabled":false,"utc_offset":39600,"statuses_count":1808,"description":"I speak the truth not so much as I would, but as much as I dare, and I dare a little more as I grow older. \r\nMichel de Montaigne","friends_count":151,"location":"ÜT: -33.79823,150.68898","profile_link_color":"0084B4","profile_image_url":"http://pbs.twimg.com/profile_images/378800000702771080/d7e09853ed3069cbc71e2f541fc86971_normal.jpeg","following":false,"geo_enabled":true,"profile_banner_url":"https://pbs.twimg.com/profile_banners/24484977/1414230398","profile_background_image_url":"http://abs.twimg.com/images/themes/theme1/bg.png","name":"Deborah Scheuer","lang":"en","profile_background_tile":false,"favourites_count":47,"screen_name":"kandiss_kane","notifications":false,"url":null,"created_at":"Sun Mar 15 04:13:46 +0000 2009","contributors_enabled":false,"time_zone":"Sydney","protected":false,"default_profile":true,"is_translator":false},"geo":null,"in_reply_to_user_id_str":"2768501","lang":"en","created_at":"Mon Dec 15 01:23:28 +0000 2014","in_reply_to_status_id_str":"544301338935312384","place":null},
{"contributors":null,"truncated":false,"text":"Oh this is definitely helping the authorities, @abcnews. #sydneysiege","in_reply_to_status_id":544301338935312384,"id":544301685917487105,"favorite_count":1,"source":"<a href=\"http://twitter.com\" rel=\"nofollow\">Twitter Web Client</a>","retweeted":false,"coordinates":null,"entities":{"symbols":[],"user_mentions":[{"id":2768501,"indices":[47,55],"id_str":"2768501","screen_name":"abcnews","name":"ABC News"}],"hashtags":[{"indices":[57,69],"text":"sydneysiege"}],"urls":[]},"in_reply_to_screen_name":"abcnews","id_str":"544301685917487105","retweet_count":0,"in_reply_to_user_id":2768501,"favorited":false,"user":{"follow_request_sent":false,"profile_use_background_image":true,"profile_text_color":"333333","default_profile_image":false,"id":23875241,"profile_background_image_url_https":"https://pbs.twimg.com/profile_background_images/632624778/6ji9vvyg4ef2ogyzidai.jpeg","verified":false,"profile_location":null,"profile_image_url_https":"https://pbs.twimg.com/profile_images/445740630447120384/-qYOAofW_normal.jpeg","profile_sidebar_fill_color":"DDFFCC","entities":{"url":{"urls":[{"url":"http://t.co/BBveeMU1mb","indices":[0,22],"expanded_url":"http://www.linkedin.com/in/mrherbert","display_url":"linkedin.com/in/mrherbert"}]},"description":{"urls":[]}},"followers_count":461,"profile_sidebar_border_color":"BDDCAD","id_str":"23875241","profile_background_color":"9AE4E8","listed_count":8,"is_translation_enabled":false,"utc_offset":-36000,"statuses_count":1929,"description":"Melbourne man with a progressive view. Heading up the RPEng program at @ProfsAustralia. Tweets are my own.","friends_count":1114,"location":"Melbourne Victoria","profile_link_color":"0084B4","profile_image_url":"http://pbs.twimg.com/profile_images/445740630447120384/-qYOAofW_normal.jpeg","following":false,"geo_enabled":true,"profile_banner_url":"https://pbs.twimg.com/profile_banners/23875241/1401320765","profile_background_image_url":"http://pbs.twimg.com/profile_background_images/632624778/6ji9vvyg4ef2ogyzidai.jpeg","name":"Herbert, Jack ","lang":"en","profile_background_tile":false,"favourites_count":24,"screen_name":"TweetsofJack","notifications":false,"url":"http://t.co/BBveeMU1mb","created_at":"Thu Mar 12 02:08:19 +0000 2009","contributors_enabled":false,"time_zone":"Hawaii","protected":false,"default_profile":false,"is_translator":false},"geo":null,"in_reply_to_user_id_str":"2768501","lang":"en","created_at":"Mon Dec 15 01:23:29 +0000 2014","in_reply_to_status_id_str":"544301338935312384","place":null},
{"contributors":null,"truncated":false,"text":"@abcnews hey maybe don't broadcast this to the GUY INSIDE THE BUILDING WITH THE GUN","in_reply_to_status_id":544301338935312384,"id":544301703357399040,"favorite_count":25,"source":"<a href=\"http://tapbots.com/software/tweetbot/mac\" rel=\"nofollow\">Tweetbot for Mac</a>","retweeted":false,"coordinates":null,"entities":{"symbols":[],"user_mentions":[{"id":2768501,"indices":[0,8],"id_str":"2768501","screen_name":"abcnews","name":"ABC News"}],"hashtags":[],"urls":[]},"in_reply_to_screen_name":"abcnews","id_str":"544301703357399040","retweet_count":17,"in_reply_to_user_id":2768501,"favorited":false,"user":{"follow_request_sent":false,"profile_use_background_image":true,"profile_text_color":"3D1957","default_profile_image":false,"id":971761,"profile_background_image_url_https":"https://abs.twimg.com/images/themes/theme10/bg.gif","verified":false,"profile_location":null,"profile_image_url_https":"https://pbs.twimg.com/profile_images/585817825593266176/ZwP5G9Fv_normal.jpg","profile_sidebar_fill_color":"7AC3EE","entities":{"url":{"urls":[{"url":"http://t.co/iaUmPu0MNj","indices":[0,22],"expanded_url":"http://phetdreams.tumblr.com","display_url":"phetdreams.tumblr.com"}]},"description":{"urls":[{"url":"http://t.co/wqq1twPPTL","indices":[52,74],"expanded_url":"http://ask.fm/danbydanby","display_url":"ask.fm/danbydanby"}]}},"followers_count":10534,"profile_sidebar_border_color":"65B0DA","id_str":"971761","profile_background_color":"642D8B","listed_count":225,"is_translation_enabled":false,"utc_offset":39600,"statuses_count":226082,"description":"Enterprising young wag.\n\npls direct all question to http://t.co/wqq1twPPTL","friends_count":1812,"location":"Sydney","profile_link_color":"FF0000","profile_image_url":"http://pbs.twimg.com/profile_images/585817825593266176/ZwP5G9Fv_normal.jpg","following":false,"geo_enabled":true,"profile_banner_url":"https://pbs.twimg.com/profile_banners/971761/1415408587","profile_background_image_url":"http://abs.twimg.com/images/themes/theme10/bg.gif","name":"danyuletide nolan","lang":"en","profile_background_tile":true,"favourites_count":8421,"screen_name":"dannolan","notifications":false,"url":"http://t.co/iaUmPu0MNj","created_at":"Mon Mar 12 01:14:36 +0000 2007","contributors_enabled":false,"time_zone":"Sydney","protected":false,"default_profile":false,"is_translator":false},"geo":null,"in_reply_to_user_id_str":"2768501","lang":"en","created_at":"Mon Dec 15 01:23:33 +0000 2014","in_reply_to_status_id_str":"544301338935312384","place":null},
{"contributors":null,"truncated":false,"text":"“@abcnews:Dozens of heavily armed police have surrounded cafe in  Martin Place. http://t.co/3HrOYAJb6R http://t.co/SDuDC2W7eY”@SarahHarris","in_reply_to_status_id":544301338935312384,"id":544301729320161280,"favorite_count":0,"source":"<a href=\"http://twitter.com/download/iphone\" rel=\"nofollow\">Twitter for iPhone</a>","retweeted":false,"coordinates":null,"entities":{"symbols":[],"user_mentions":[{"id":2768501,"indices":[1,9],"id_str":"2768501","screen_name":"abcnews","name":"ABC News"},{"id":138674100,"indices":[126,138],"id_str":"138674100","screen_name":"SarahHarris","name":"Sarah Harris"}],"hashtags":[],"urls":[{"url":"http://t.co/3HrOYAJb6R","indices":[80,102],"expanded_url":"http://ab.co/1zmdiru","display_url":"ab.co/1zmdiru"}],"media":[{"source_user_id":2768501,"source_status_id_str":"544301338935312384","expanded_url":"http://twitter.com/abcnews/status/544301338935312384/photo/1","display_url":"pic.twitter.com/SDuDC2W7eY","url":"http://t.co/SDuDC2W7eY","media_url_https":"https://pbs.twimg.com/media/B42_GOkCAAAvmIW.jpg","source_user_id_str":"2768501","source_status_id":544301338935312384,"id_str":"544301243691040768","sizes":{"large":{"h":357,"resize":"fit","w":500},"small":{"h":242,"resize":"fit","w":340},"medium":{"h":357,"resize":"fit","w":500},"thumb":{"h":150,"resize":"crop","w":150}},"indices":[103,125],"type":"photo","id":544301243691040768,"media_url":"http://pbs.twimg.com/media/B42_GOkCAAAvmIW.jpg"}]},"in_reply_to_screen_name":"abcnews","id_str":"544301729320161280","retweet_count":0,"in_reply_to_user_id":2768501,"favorited":false,"user":{"follow_request_sent":false,"profile_use_background_image":true,"profile_text_color":"3E4415","default_profile_image":false,"id":17227586,"profile_background_image_url_https":"https://abs.twimg.com/images/themes/theme5/bg.gif","verified":false,"profile_location":null,"profile_image_url_https":"https://pbs.twimg.com/profile_images/63953463/warratah_normal.jpg","profile_sidebar_fill_color":"99CC33","entities":{"description":{"urls":[]}},"followers_count":1359,"profile_sidebar_border_color":"829D5E","id_str":"17227586","profile_background_color":"352726","listed_count":42,"is_translation_enabled":false,"utc_offset":39600,"statuses_count":54096,"description":"I am a PA with a passion for food, organic produce, technology, art, classical music, fine wine. \r\nA blogger by night, My blog is  5 years old","friends_count":2001,"location":"Sydney, Australia","profile_link_color":"D02B55","profile_image_url":"http://pbs.twimg.com/profile_images/63953463/warratah_normal.jpg","following":false,"geo_enabled":false,"profile_banner_url":"https://pbs.twimg.com/profile_banners/17227586/1353401680","profile_background_image_url":"http://abs.twimg.com/images/themes/theme5/bg.gif","name":"Anna_63","lang":"en","profile_background_tile":false,"favourites_count":997,"screen_name":"Anna_63","notifications":false,"url":null,"created_at":"Fri Nov 07 06:25:36 +0000 2008","contributors_enabled":false,"time_zone":"Sydney","protected":false,"default_profile":false,"is_translator":false},"geo":null,"in_reply_to_user_id_str":"2768501","possibly_sensitive":false,"lang":"en","created_at":"Mon Dec 15 01:23:39 +0000 2014","in_reply_to_status_id_str":"544301338935312384","place":null,"extended_entities":{"media":[{"source_user_id":2768501,"source_status_id_str":"544301338935312384","expanded_url":"http://twitter.com/abcnews/status/544301338935312384/photo/1","display_url":"pic.twitter.com/SDuDC2W7eY","url":"http://t.co/SDuDC2W7eY","media_url_https":"https://pbs.twimg.com/media/B42_GOkCAAAvmIW.jpg","source_user_id_str":"2768501","source_status_id":544301338935312384,"id_str":"544301243691040768","sizes":{"large":{"h":357,"resize":"fit","w":500},"small":{"h":242,"resize":"fit","w":340},"medium":{"h":357,"resize":"fit","w":500},"thumb":{"h":150,"resize":"crop","w":150}},"indices":[103,125],"type":"photo","id":544301243691040768,"media_url":"http://pbs.twimg.com/media/B42_GOkCAAAvmIW.jpg"}]}},
{"contributors":null,"truncated":false,"text":"@abcnews what part of not posting photos of police didn't you understand?...","in_reply_to_status_id":544301338935312384,"id":544301747984801793,"favorite_count":0,"source":"<a href=\"http://twitter.com\" rel=\"nofollow\">Twitter Web Client</a>","retweeted":false,"coordinates":null,"entities":{"symbols":[],"user_mentions":[{"id":2768501,"indices":[0,8],"id_str":"2768501","screen_name":"abcnews","name":"ABC News"}],"hashtags":[],"urls":[]},"in_reply_to_screen_name":"abcnews","id_str":"544301747984801793","retweet_count":0,"in_reply_to_user_id":2768501,"favorited":false,"user":{"follow_request_sent":false,"profile_use_background_image":true,"profile_text_color":"333333","default_profile_image":false,"id":867201332,"profile_background_image_url_https":"https://abs.twimg.com/images/themes/theme15/bg.png","verified":false,"profile_location":null,"profile_image_url_https":"https://pbs.twimg.com/profile_images/534344292358053891/nxexi0v8_normal.jpeg","profile_sidebar_fill_color":"C0DFEC","entities":{"description":{"urls":[]}},"followers_count":181,"profile_sidebar_border_color":"A8C7F7","id_str":"867201332","profile_background_color":"022330","listed_count":2,"is_translation_enabled":false,"utc_offset":28800,"statuses_count":5428,"description":"Professional enthusiast. Strategic partner. Proven track record holder. I own a lot of hats.","friends_count":195,"location":"Perth, Western Australia","profile_link_color":"0084B4","profile_image_url":"http://pbs.twimg.com/profile_images/534344292358053891/nxexi0v8_normal.jpeg","following":false,"geo_enabled":false,"profile_banner_url":"https://pbs.twimg.com/profile_banners/867201332/1395812177","profile_background_image_url":"http://abs.twimg.com/images/themes/theme15/bg.png","name":"Luke Snadden","lang":"en","profile_background_tile":false,"favourites_count":3814,"screen_name":"_machiep","notifications":false,"url":null,"created_at":"Mon Oct 08 00:57:49 +0000 2012","contributors_enabled":false,"time_zone":"Perth","protected":false,"default_profile":false,"is_translator":false},"geo":null,"in_reply_to_user_id_str":"2768501","lang":"en","created_at":"Mon Dec 15 01:23:44 +0000 2014","in_reply_to_status_id_str":"544301338935312384","place":null},
{"contributors":null,"truncated":false,"text":"@liquidparanoia @abcnews Should these images even be posted online at all?","in_reply_to_status_id":544301571291353089,"id":544301779773452288,"favorite_count":0,"source":"<a href=\"http://twitter.com\" rel=\"nofollow\">Twitter Web Client</a>","retweeted":false,"coordinates":null,"entities":{"symbols":[],"user_mentions":[{"id":437162481,"indices":[0,15],"id_str":"437162481","screen_name":"liquidparanoia","name":"Gareth M"},{"id":2768501,"indices":[16,24],"id_str":"2768501","screen_name":"abcnews","name":"ABC News"}],"hashtags":[],"urls":[]},"in_reply_to_screen_name":"liquidparanoia","id_str":"544301779773452288","retweet_count":0,"in_reply_to_user_id":437162481,"favorited":false,"user":{"follow_request_sent":false,"profile_use_background_image":true,"profile_text_color":"333333","default_profile_image":false,"id":826852273,"profile_background_image_url_https":"https://pbs.twimg.com/profile_background_images/861745523/77d30f21d31866b3af1c6d5619cd6f6a.jpeg","verified":false,"profile_location":null,"profile_image_url_https":"https://pbs.twimg.com/profile_images/575916131002683392/JTCVPzz7_normal.jpeg","profile_sidebar_fill_color":"DDEEF6","entities":{"url":{"urls":[{"url":"http://t.co/oKffzD9Dbo","indices":[0,22],"expanded_url":"http://www.whitey.com.au","display_url":"whitey.com.au"}]},"description":{"urls":[]}},"followers_count":205,"profile_sidebar_border_color":"FFFFFF","id_str":"826852273","profile_background_color":"EEEEEE","listed_count":4,"is_translation_enabled":false,"utc_offset":36000,"statuses_count":1283,"description":"I am a DJ and also a gamer","friends_count":1130,"location":"Melbourne, Australia","profile_link_color":"000000","profile_image_url":"http://pbs.twimg.com/profile_images/575916131002683392/JTCVPzz7_normal.jpeg","following":false,"geo_enabled":false,"profile_banner_url":"https://pbs.twimg.com/profile_banners/826852273/1414976537","profile_background_image_url":"http://pbs.twimg.com/profile_background_images/861745523/77d30f21d31866b3af1c6d5619cd6f6a.jpeg","name":"Whitey","lang":"en","profile_background_tile":false,"favourites_count":41,"screen_name":"WhiteyAUS","notifications":false,"url":"http://t.co/oKffzD9Dbo","created_at":"Sun Sep 16 10:01:17 +0000 2012","contributors_enabled":false,"time_zone":"Guam","protected":false,"default_profile":false,"is_translator":false},"geo":null,"in_reply_to_user_id_str":"437162481","lang":"en","created_at":"Mon Dec 15 01:23:51 +0000 2014","in_reply_to_status_id_str":"544301571291353089","place":null},
{"contributors":null,"truncated":false,"text":"@abcnews what good does it do to broadcast images like this?","in_reply_to_status_id":544301338935312384,"id":544301796936536064,"favorite_count":8,"source":"<a href=\"http://twitter.com\" rel=\"nofollow\">Twitter Web Client</a>","retweeted":false,"coordinates":null,"entities":{"symbols":[],"user_mentions":[{"id":2768501,"indices":[0,8],"id_str":"2768501","screen_name":"abcnews","name":"ABC News"}],"hashtags":[],"urls":[]},"in_reply_to_screen_name":"abcnews","id_str":"544301796936536064","retweet_count":4,"in_reply_to_user_id":2768501,"favorited":false,"user":{"follow_request_sent":false,"profile_use_background_image":true,"profile_text_color":"999999","default_profile_image":false,"id":17668544,"profile_background_image_url_https":"https://pbs.twimg.com/profile_background_images/79694842/x4a32436ee3d73406cfd9cc2597f037a.png","verified":false,"profile_location":null,"profile_image_url_https":"https://pbs.twimg.com/profile_images/2867741433/9d3b640fad9662c0fd41a193498bca6e_normal.jpeg","profile_sidebar_fill_color":"333333","entities":{"url":{"urls":[{"url":"http://t.co/6UApEeml9t","indices":[0,22],"expanded_url":"http://www.lowyinstitute.org/people/rory-medcalf","display_url":"lowyinstitute.org/people/rory-me…"}]},"description":{"urls":[]}},"followers_count":13457,"profile_sidebar_border_color":"000000","id_str":"17668544","profile_background_color":"CCCCCC","listed_count":564,"is_translation_enabled":false,"utc_offset":39600,"statuses_count":20183,"description":"Watching Indo-Pacific strategy. Lowy Institute Program Director, Brookings Nonresident Senior Fellow. Head of ANU National Security College from January 2015.","friends_count":5548,"location":"Sydney","profile_link_color":"666666","profile_image_url":"http://pbs.twimg.com/profile_images/2867741433/9d3b640fad9662c0fd41a193498bca6e_normal.jpeg","following":false,"geo_enabled":true,"profile_background_image_url":"http://pbs.twimg.com/profile_background_images/79694842/x4a32436ee3d73406cfd9cc2597f037a.png","name":"Rory Medcalf","lang":"en","profile_background_tile":true,"favourites_count":64,"screen_name":"Rory_Medcalf","notifications":false,"url":"http://t.co/6UApEeml9t","created_at":"Thu Nov 27 03:35:58 +0000 2008","contributors_enabled":false,"time_zone":"Canberra","protected":false,"default_profile":false,"is_translator":false},"geo":null,"in_reply_to_user_id_str":"2768501","lang":"en","created_at":"Mon Dec 15 01:23:55 +0000 2014","in_reply_to_status_id_str":"544301338935312384","place":null},
{"contributors":null,"truncated":false,"text":"@abcnews STOP IT! STOP SHOWING WHAT THE POLICE ARE DOING DONT YOU UNDERSTAND YOU ARE PUTTING PEOPLE IN DANGER YOU IDIOTS","in_reply_to_status_id":544301338935312384,"id":544301798610067457,"favorite_count":1,"source":"<a href=\"http://twitter.com\" rel=\"nofollow\">Twitter Web Client</a>","retweeted":false,"coordinates":null,"entities":{"symbols":[],"user_mentions":[{"id":2768501,"indices":[0,8],"id_str":"2768501","screen_name":"abcnews","name":"ABC News"}],"hashtags":[],"urls":[]},"in_reply_to_screen_name":"abcnews","id_str":"544301798610067457","retweet_count":0,"in_reply_to_user_id":2768501,"favorited":false,"user":{"follow_request_sent":false,"profile_use_background_image":true,"profile_text_color":"333333","default_profile_image":false,"id":18864531,"profile_background_image_url_https":"https://abs.twimg.com/images/themes/theme9/bg.gif","verified":false,"profile_location":null,"profile_image_url_https":"https://pbs.twimg.com/profile_images/544613871772659712/fWASyP03_normal.jpeg","profile_sidebar_fill_color":"F6F6F6","entities":{"url":{"urls":[{"url":"http://t.co/6AT0WQNXLe","indices":[0,22],"expanded_url":"http://jessruns21.wordpress.com/","display_url":"jessruns21.wordpress.com"}]},"description":{"urls":[]}},"followers_count":405,"profile_sidebar_border_color":"FFFFFF","id_str":"18864531","profile_background_color":"1A1B1F","listed_count":8,"is_translation_enabled":false,"utc_offset":39600,"statuses_count":49616,"description":"Though she be but little, she is fierce. ✌ #63notout","friends_count":721,"location":"Sydney","profile_link_color":"C88BE0","profile_image_url":"http://pbs.twimg.com/profile_images/544613871772659712/fWASyP03_normal.jpeg","following":false,"geo_enabled":true,"profile_banner_url":"https://pbs.twimg.com/profile_banners/18864531/1400501645","profile_background_image_url":"http://abs.twimg.com/images/themes/theme9/bg.gif","name":"Cherry","lang":"en","profile_background_tile":false,"favourites_count":6647,"screen_name":"cherrybob_omb","notifications":false,"url":"http://t.co/6AT0WQNXLe","created_at":"Sun Jan 11 11:44:22 +0000 2009","contributors_enabled":false,"time_zone":"Sydney","protected":false,"default_profile":false,"is_translator":false},"geo":null,"in_reply_to_user_id_str":"2768501","lang":"en","created_at":"Mon Dec 15 01:23:56 +0000 2014","in_reply_to_status_id_str":"544301338935312384","place":null},
{"contributors":null,"truncated":false,"text":"@abcnews STOP IT! you are not helping by tweeting or broadcasting this..","in_reply_to_status_id":544301338935312384,"id":544301876305350657,"favorite_count":0,"source":"<a href=\"http://tapbots.com/tweetbot\" rel=\"nofollow\">Tweetbot for iΟS</a>","retweeted":false,"coordinates":null,"entities":{"symbols":[],"user_mentions":[{"id":2768501,"indices":[0,8],"id_str":"2768501","screen_name":"abcnews","name":"ABC News"}],"hashtags":[],"urls":[]},"in_reply_to_screen_name":"abcnews","id_str":"544301876305350657","retweet_count":0,"in_reply_to_user_id":2768501,"favorited":false,"user":{"follow_request_sent":false,"profile_use_background_image":true,"profile_text_color":"333333","default_profile_image":false,"id":150947037,"profile_background_image_url_https":"https://abs.twimg.com/images/themes/theme1/bg.png","verified":false,"profile_location":null,"profile_image_url_https":"https://pbs.twimg.com/profile_images/563579820886335489/uMRDN205_normal.jpeg","profile_sidebar_fill_color":"DDEEF6","entities":{"description":{"urls":[]}},"followers_count":179,"profile_sidebar_border_color":"C0DEED","id_str":"150947037","profile_background_color":"C0DEED","listed_count":2,"is_translation_enabled":false,"utc_offset":-36000,"statuses_count":1679,"description":"Grumpy ol bastard..\nFollowing doesn't mean I agree with you\nRetweets aren't always an endorsement\n\nYes I am a member of the ALP","friends_count":893,"location":"Brisneyland","profile_link_color":"0084B4","profile_image_url":"http://pbs.twimg.com/profile_images/563579820886335489/uMRDN205_normal.jpeg","following":false,"geo_enabled":true,"profile_background_image_url":"http://abs.twimg.com/images/themes/theme1/bg.png","name":"Grand Poobah Robbo","lang":"en","profile_background_tile":false,"favourites_count":74,"screen_name":"armac152","notifications":false,"url":null,"created_at":"Wed Jun 02 06:30:47 +0000 2010","contributors_enabled":false,"time_zone":"Hawaii","protected":false,"default_profile":true,"is_translator":false},"geo":null,"in_reply_to_user_id_str":"2768501","lang":"en","created_at":"Mon Dec 15 01:24:14 +0000 2014","in_reply_to_status_id_str":"544301338935312384","place":null},
{"contributors":null,"truncated":false,"text":"@abcnews It's reported in Korean media that one of the hostage is a Korean Australian Miss Bae.","in_reply_to_status_id":544301338935312384,"id":544301981469519873,"favorite_count":0,"source":"<a href=\"http://twitter.com/download/iphone\" rel=\"nofollow\">Twitter for iPhone</a>","retweeted":false,"coordinates":null,"entities":{"symbols":[],"user_mentions":[{"id":2768501,"indices":[0,8],"id_str":"2768501","screen_name":"abcnews","name":"ABC News"}],"hashtags":[],"urls":[]},"in_reply_to_screen_name":"abcnews","id_str":"544301981469519873","retweet_count":2,"in_reply_to_user_id":2768501,"favorited":false,"user":{"follow_request_sent":false,"profile_use_background_image":true,"profile_text_color":"0C3E53","default_profile_image":false,"id":64182241,"profile_background_image_url_https":"https://abs.twimg.com/images/themes/theme12/bg.gif","verified":false,"profile_location":null,"profile_image_url_https":"https://pbs.twimg.com/profile_images/2944103539/47bd6478e4cc641f468b3b303f8bc9a3_normal.jpeg","profile_sidebar_fill_color":"FFF7CC","entities":{"description":{"urls":[]}},"followers_count":64,"profile_sidebar_border_color":"F2E195","id_str":"64182241","profile_background_color":"BADFCD","listed_count":0,"is_translation_enabled":false,"utc_offset":-18000,"statuses_count":151,"description":"","friends_count":56,"location":"CLIFFSIDE PARK, NJ, USA","profile_link_color":"000000","profile_image_url":"http://pbs.twimg.com/profile_images/2944103539/47bd6478e4cc641f468b3b303f8bc9a3_normal.jpeg","following":false,"geo_enabled":true,"profile_background_image_url":"http://abs.twimg.com/images/themes/theme12/bg.gif","name":"HOJIN LEE","lang":"en","profile_background_tile":false,"favourites_count":6,"screen_name":"hojinl","notifications":false,"url":null,"created_at":"Sun Aug 09 14:27:59 +0000 2009","contributors_enabled":false,"time_zone":"Eastern Time (US & Canada)","protected":false,"default_profile":false,"is_translator":false},"geo":null,"in_reply_to_user_id_str":"2768501","lang":"en","created_at":"Mon Dec 15 01:24:39 +0000 2014","in_reply_to_status_id_str":"544301338935312384","place":null},
{"contributors":null,"truncated":false,"text":"@abcnews please stop tweeting images, numbers, gear and movements of police!","in_reply_to_status_id":544301338935312384,"id":544301988758843392,"favorite_count":2,"source":"<a href=\"http://twitter.com/download/android\" rel=\"nofollow\">Twitter for Android</a>","retweeted":false,"coordinates":null,"entities":{"symbols":[],"user_mentions":[{"id":2768501,"indices":[0,8],"id_str":"2768501","screen_name":"abcnews","name":"ABC News"}],"hashtags":[],"urls":[]},"in_reply_to_screen_name":"abcnews","id_str":"544301988758843392","retweet_count":0,"in_reply_to_user_id":2768501,"favorited":false,"user":{"follow_request_sent":false,"profile_use_background_image":true,"profile_text_color":"333333","default_profile_image":false,"id":175282160,"profile_background_image_url_https":"https://abs.twimg.com/images/themes/theme13/bg.gif","verified":false,"profile_location":null,"profile_image_url_https":"https://pbs.twimg.com/profile_images/2913213596/1eac13ffd84299c5382307ca5012dba0_normal.jpeg","profile_sidebar_fill_color":"FFFFFF","entities":{"description":{"urls":[]}},"followers_count":343,"profile_sidebar_border_color":"76F771","id_str":"175282160","profile_background_color":"175887","listed_count":13,"is_translation_enabled":false,"utc_offset":39600,"statuses_count":2582,"description":"I work in campaigns & projects. I love food/gardens/homey things. I'm a passionate progressive. Views are always my own.","friends_count":586,"location":"Sydney","profile_link_color":"0A591B","profile_image_url":"http://pbs.twimg.com/profile_images/2913213596/1eac13ffd84299c5382307ca5012dba0_normal.jpeg","following":false,"geo_enabled":false,"profile_banner_url":"https://pbs.twimg.com/profile_banners/175282160/1396054214","profile_background_image_url":"http://abs.twimg.com/images/themes/theme13/bg.gif","name":"Justine","lang":"en","profile_background_tile":false,"favourites_count":103,"screen_name":"justinegdh","notifications":false,"url":null,"created_at":"Fri Aug 06 04:56:12 +0000 2010","contributors_enabled":false,"time_zone":"New Caledonia","protected":false,"default_profile":false,"is_translator":false},"geo":null,"in_reply_to_user_id_str":"2768501","lang":"en","created_at":"Mon Dec 15 01:24:41 +0000 2014","in_reply_to_status_id_str":"544301338935312384","place":null},
{"contributors":null,"truncated":false,"text":"Jesus Christ @abcnews Get your priorities straight. Don't tweet this shit. @dannolan","in_reply_to_status_id":544301703357399040,"id":544302022258749440,"favorite_count":0,"source":"<a href=\"http://twitter.com\" rel=\"nofollow\">Twitter Web Client</a>","retweeted":false,"coordinates":null,"entities":{"symbols":[],"user_mentions":[{"id":2768501,"indices":[13,21],"id_str":"2768501","screen_name":"abcnews","name":"ABC News"},{"id":971761,"indices":[75,84],"id_str":"971761","screen_name":"dannolan","name":"danyuletide nolan"}],"hashtags":[],"urls":[]},"in_reply_to_screen_name":"dannolan","id_str":"544302022258749440","retweet_count":0,"in_reply_to_user_id":971761,"favorited":false,"user":{"follow_request_sent":false,"profile_use_background_image":true,"profile_text_color":"333333","default_profile_image":false,"id":832990914,"profile_background_image_url_https":"https://abs.twimg.com/images/themes/theme14/bg.gif","verified":false,"profile_location":null,"profile_image_url_https":"https://pbs.twimg.com/profile_images/491535133988491265/BCtOUDQ0_normal.jpeg","profile_sidebar_fill_color":"EFEFEF","entities":{"description":{"urls":[]}},"followers_count":508,"profile_sidebar_border_color":"FFFFFF","id_str":"832990914","profile_background_color":"131516","listed_count":8,"is_translation_enabled":false,"utc_offset":null,"statuses_count":17607,"description":"Sometimes I wonder...","friends_count":1165,"location":"Sydney","profile_link_color":"009999","profile_image_url":"http://pbs.twimg.com/profile_images/491535133988491265/BCtOUDQ0_normal.jpeg","following":false,"geo_enabled":false,"profile_banner_url":"https://pbs.twimg.com/profile_banners/832990914/1409809274","profile_background_image_url":"http://abs.twimg.com/images/themes/theme14/bg.gif","name":"Sam","lang":"en","profile_background_tile":true,"favourites_count":4910,"screen_name":"samthewarden","notifications":false,"url":null,"created_at":"Wed Sep 19 10:05:52 +0000 2012","contributors_enabled":false,"time_zone":null,"protected":false,"default_profile":false,"is_translator":false},"geo":null,"in_reply_to_user_id_str":"971761","lang":"en","created_at":"Mon Dec 15 01:24:49 +0000 2014","in_reply_to_status_id_str":"544301703357399040","place":null},
{"contributors":null,"truncated":false,"text":"#sydneyseige @abcnews: Dozens of heavily armed police  surround cafe in Sydney's Martin Place. http://t.co/nih0IA5Q42 http://t.co/rcq9IsVTIZ","in_reply_to_status_id":544301338935312384,"id":544302065380777984,"favorite_count":2,"source":"<a href=\"http://twitter.com/download/iphone\" rel=\"nofollow\">Twitter for iPhone</a>","retweeted":false,"coordinates":{"type":"Point","coordinates":[-121.33118297,38.65622104]},"entities":{"symbols":[],"user_mentions":[{"id":2768501,"indices":[13,21],"id_str":"2768501","screen_name":"abcnews","name":"ABC News"}],"hashtags":[{"indices":[0,12],"text":"sydneyseige"}],"urls":[{"url":"http://t.co/nih0IA5Q42","indices":[95,117],"expanded_url":"http://ab.co/1zmdiru","display_url":"ab.co/1zmdiru"}],"media":[{"expanded_url":"http://twitter.com/EdJoyce/status/544302065380777984/photo/1","display_url":"pic.twitter.com/rcq9IsVTIZ","url":"http://t.co/rcq9IsVTIZ","media_url_https":"https://pbs.twimg.com/media/B42_124CYAA1_iP.jpg","id_str":"544302061966221312","sizes":{"large":{"h":422,"resize":"fit","w":592},"small":{"h":242,"resize":"fit","w":340},"medium":{"h":422,"resize":"fit","w":592},"thumb":{"h":150,"resize":"crop","w":150}},"indices":[118,140],"type":"photo","id":544302061966221312,"media_url":"http://pbs.twimg.com/media/B42_124CYAA1_iP.jpg"}]},"in_reply_to_screen_name":"abcnews","id_str":"544302065380777984","retweet_count":2,"in_reply_to_user_id":2768501,"favorited":false,"user":{"follow_request_sent":false,"profile_use_background_image":true,"profile_text_color":"333333","default_profile_image":false,"id":73452506,"profile_background_image_url_https":"https://pbs.twimg.com/profile_background_images/42852867/Colorful-sunset-for-Twitter.jpg","verified":false,"profile_location":null,"profile_image_url_https":"https://pbs.twimg.com/profile_images/1388716599/image_normal.jpg","profile_sidebar_fill_color":"DDEEF6","entities":{"url":{"urls":[{"url":"http://t.co/18vHuGt6Ks","indices":[0,22],"expanded_url":"http://www.capradio.org/","display_url":"capradio.org"}]},"description":{"urls":[]}},"followers_count":9950,"profile_sidebar_border_color":"C0DEED","id_str":"73452506","profile_background_color":"C0DEED","listed_count":538,"is_translation_enabled":false,"utc_offset":-28800,"statuses_count":47400,"description":"Multimedia News Anchor/Reporter @CapRadioNews. Oceans, mountains, islands, lakes, rivers and trees. Tweets are mine. RTs not endorsements.","friends_count":10011,"location":"California, USA","profile_link_color":"0084B4","profile_image_url":"http://pbs.twimg.com/profile_images/1388716599/image_normal.jpg","following":false,"geo_enabled":true,"profile_banner_url":"https://pbs.twimg.com/profile_banners/73452506/1416677941","profile_background_image_url":"http://pbs.twimg.com/profile_background_images/42852867/Colorful-sunset-for-Twitter.jpg","name":"Ed Joyce","lang":"en","profile_background_tile":false,"favourites_count":13546,"screen_name":"EdJoyce","notifications":false,"url":"http://t.co/18vHuGt6Ks","created_at":"Fri Sep 11 18:44:16 +0000 2009","contributors_enabled":false,"time_zone":"Pacific Time (US & Canada)","protected":false,"default_profile":false,"is_translator":false},"geo":{"type":"Point","coordinates":[38.65622104,-121.33118297]},"in_reply_to_user_id_str":"2768501","possibly_sensitive":false,"lang":"en","created_at":"Mon Dec 15 01:24:59 +0000 2014","in_reply_to_status_id_str":"544301338935312384","place":{"full_name":"California, US","url":"https://api.twitter.com/1.1/geo/id/fbd6d2f5a4e4a15e.json","country":"United States","place_type":"admin","bounding_box":{"type":"Polygon","coordinates":[[[-124.482003,32.528832],[-114.131212,32.528832],[-114.131212,42.009519],[-124.482003,42.009519]]]},"contained_within":[],"country_code":"US","attributes":{},"id":"fbd6d2f5a4e4a15e","name":"California"},"extended_entities":{"media":[{"expanded_url":"http://twitter.com/EdJoyce/status/544302065380777984/photo/1","display_url":"pic.twitter.com/rcq9IsVTIZ","url":"http://t.co/rcq9IsVTIZ","media_url_https":"https://pbs.twimg.com/media/B42_124CYAA1_iP.jpg","id_str":"544302061966221312","sizes":{"large":{"h":422,"resize":"fit","w":592},"small":{"h":242,"resize":"fit","w":340},"medium":{"h":422,"resize":"fit","w":592},"thumb":{"h":150,"resize":"crop","w":150}},"indices":[118,140],"type":"photo","id":544302061966221312,"media_url":"http://pbs.twimg.com/media/B42_124CYAA1_iP.jpg"}]}},
{"contributors":null,"truncated":false,"text":"@Rory_Medcalf @abcnews or the footage currently being screened?!","in_reply_to_status_id":544301796936536064,"id":544302093868089344,"favorite_count":0,"source":"<a href=\"http://twitter.com/download/iphone\" rel=\"nofollow\">Twitter for iPhone</a>","retweeted":false,"coordinates":null,"entities":{"symbols":[],"user_mentions":[{"id":17668544,"indices":[0,13],"id_str":"17668544","screen_name":"Rory_Medcalf","name":"Rory Medcalf"},{"id":2768501,"indices":[14,22],"id_str":"2768501","screen_name":"abcnews","name":"ABC News"}],"hashtags":[],"urls":[]},"in_reply_to_screen_name":"Rory_Medcalf","id_str":"544302093868089344","retweet_count":0,"in_reply_to_user_id":17668544,"favorited":false,"user":{"follow_request_sent":false,"profile_use_background_image":true,"profile_text_color":"333333","default_profile_image":false,"id":52027904,"profile_background_image_url_https":"https://abs.twimg.com/images/themes/theme1/bg.png","verified":false,"profile_location":null,"profile_image_url_https":"https://pbs.twimg.com/profile_images/547275302099886081/12iVI6be_normal.jpeg","profile_sidebar_fill_color":"DDEEF6","entities":{"description":{"urls":[]}},"followers_count":40,"profile_sidebar_border_color":"C0DEED","id_str":"52027904","profile_background_color":"C0DEED","listed_count":0,"is_translation_enabled":false,"utc_offset":39600,"statuses_count":91,"description":"Tweets and associated spelling mistakes are my own.","friends_count":420,"location":"Australia","profile_link_color":"0084B4","profile_image_url":"http://pbs.twimg.com/profile_images/547275302099886081/12iVI6be_normal.jpeg","following":false,"geo_enabled":true,"profile_banner_url":"https://pbs.twimg.com/profile_banners/52027904/1401014826","profile_background_image_url":"http://abs.twimg.com/images/themes/theme1/bg.png","name":"Rachel Martin","lang":"en","profile_background_tile":false,"favourites_count":46,"screen_name":"rlmartin_","notifications":false,"url":null,"created_at":"Mon Jun 29 11:22:08 +0000 2009","contributors_enabled":false,"time_zone":"Sydney","protected":false,"default_profile":true,"is_translator":false},"geo":null,"in_reply_to_user_id_str":"17668544","lang":"en","created_at":"Mon Dec 15 01:25:06 +0000 2014","in_reply_to_status_id_str":"544301796936536064","place":null},
{"contributors":null,"truncated":false,"text":"@j_evns @abcnews Why?","in_reply_to_status_id":544301452420595712,"id":544302125183160320,"favorite_count":0,"source":"<a href=\"http://twitter.com\" rel=\"nofollow\">Twitter Web Client</a>","retweeted":false,"coordinates":null,"entities":{"symbols":[],"user_mentions":[{"id":1964673422,"indices":[0,7],"id_str":"1964673422","screen_name":"j_evns","name":"James Evans"},{"id":2768501,"indices":[8,16],"id_str":"2768501","screen_name":"abcnews","name":"ABC News"}],"hashtags":[],"urls":[]},"in_reply_to_screen_name":"j_evns","id_str":"544302125183160320","retweet_count":0,"in_reply_to_user_id":1964673422,"favorited":false,"user":{"follow_request_sent":false,"profile_use_background_image":false,"profile_text_color":"333333","default_profile_image":false,"id":2317241800,"profile_background_image_url_https":"https://abs.twimg.com/images/themes/theme18/bg.gif","verified":false,"profile_location":null,"profile_image_url_https":"https://pbs.twimg.com/profile_images/572196434579070976/hFRt0F4f_normal.jpeg","profile_sidebar_fill_color":"F6F6F6","entities":{"description":{"urls":[]}},"followers_count":49,"profile_sidebar_border_color":"EEEEEE","id_str":"2317241800","profile_background_color":"000080","listed_count":3,"is_translation_enabled":false,"utc_offset":null,"statuses_count":1796,"description":"Human","friends_count":432,"location":"Newyawka","profile_link_color":"000080","profile_image_url":"http://pbs.twimg.com/profile_images/572196434579070976/hFRt0F4f_normal.jpeg","following":false,"geo_enabled":true,"profile_banner_url":"https://pbs.twimg.com/profile_banners/2317241800/1417406427","profile_background_image_url":"http://abs.twimg.com/images/themes/theme18/bg.gif","name":"Joshy Pootron","lang":"en","profile_background_tile":false,"favourites_count":742,"screen_name":"darthhomme","notifications":false,"url":null,"created_at":"Sat Feb 01 01:46:59 +0000 2014","contributors_enabled":false,"time_zone":null,"protected":false,"default_profile":false,"is_translator":false},"geo":null,"in_reply_to_user_id_str":"1964673422","lang":"und","created_at":"Mon Dec 15 01:25:13 +0000 2014","in_reply_to_status_id_str":"544301452420595712","place":null},
{"contributors":null,"truncated":false,"text":"@WhiteyAUS @abcnews They'll want to post something. I'm thinking towards damage control.","in_reply_to_status_id":544301779773452288,"id":544302146812796928,"favorite_count":0,"source":"<a href=\"http://twitter.com/#!/download/ipad\" rel=\"nofollow\">Twitter for iPad</a>","retweeted":false,"coordinates":null,"entities":{"symbols":[],"user_mentions":[{"id":826852273,"indices":[0,10],"id_str":"826852273","screen_name":"WhiteyAUS","name":"Whitey"},{"id":2768501,"indices":[11,19],"id_str":"2768501","screen_name":"abcnews","name":"ABC News"}],"hashtags":[],"urls":[]},"in_reply_to_screen_name":"WhiteyAUS","id_str":"544302146812796928","retweet_count":0,"in_reply_to_user_id":826852273,"favorited":false,"user":{"follow_request_sent":false,"profile_use_background_image":false,"profile_text_color":"333333","default_profile_image":false,"id":437162481,"profile_background_image_url_https":"https://pbs.twimg.com/profile_background_images/761935953/7acad86032773c28cff88c3b615d207a.jpeg","verified":false,"profile_location":null,"profile_image_url_https":"https://pbs.twimg.com/profile_images/3627255866/552afa849c041c3bcbfeec382e5fa906_normal.jpeg","profile_sidebar_fill_color":"DDEEF6","entities":{"url":{"urls":[{"url":"http://t.co/uRjVKb9JNk","indices":[0,22],"expanded_url":"http://girtby.blogspot.com.au/","display_url":"girtby.blogspot.com.au"}]},"description":{"urls":[]}},"followers_count":228,"profile_sidebar_border_color":"FFFFFF","id_str":"437162481","profile_background_color":"757575","listed_count":6,"is_translation_enabled":false,"utc_offset":39600,"statuses_count":18810,"description":"Writer, wanderer, cautious adventurer","friends_count":449,"location":"Melbourne, Victoria","profile_link_color":"0084B4","profile_image_url":"http://pbs.twimg.com/profile_images/3627255866/552afa849c041c3bcbfeec382e5fa906_normal.jpeg","following":false,"geo_enabled":true,"profile_banner_url":"https://pbs.twimg.com/profile_banners/437162481/1366209130","profile_background_image_url":"http://pbs.twimg.com/profile_background_images/761935953/7acad86032773c28cff88c3b615d207a.jpeg","name":"Gareth M","lang":"en","profile_background_tile":false,"favourites_count":562,"screen_name":"liquidparanoia","notifications":false,"url":"http://t.co/uRjVKb9JNk","created_at":"Thu Dec 15 02:39:39 +0000 2011","contributors_enabled":false,"time_zone":"Melbourne","protected":false,"default_profile":false,"is_translator":false},"geo":null,"in_reply_to_user_id_str":"826852273","lang":"en","created_at":"Mon Dec 15 01:25:19 +0000 2014","in_reply_to_status_id_str":"544301779773452288","place":null},
{"contributors":null,"truncated":false,"text":"@Rory_Medcalf @abcnews so we know they are doing something..","in_reply_to_status_id":544301796936536064,"id":544302187011399680,"favorite_count":1,"source":"<a href=\"http://twitter.com/download/iphone\" rel=\"nofollow\">Twitter for iPhone</a>","retweeted":false,"coordinates":null,"entities":{"symbols":[],"user_mentions":[{"id":17668544,"indices":[0,13],"id_str":"17668544","screen_name":"Rory_Medcalf","name":"Rory Medcalf"},{"id":2768501,"indices":[14,22],"id_str":"2768501","screen_name":"abcnews","name":"ABC News"}],"hashtags":[],"urls":[]},"in_reply_to_screen_name":"Rory_Medcalf","id_str":"544302187011399680","retweet_count":0,"in_reply_to_user_id":17668544,"favorited":false,"user":{"follow_request_sent":false,"profile_use_background_image":true,"profile_text_color":"333333","default_profile_image":false,"id":2728857555,"profile_background_image_url_https":"https://abs.twimg.com/images/themes/theme1/bg.png","verified":false,"profile_location":null,"profile_image_url_https":"https://pbs.twimg.com/profile_images/574043710272499714/722CCwn0_normal.jpeg","profile_sidebar_fill_color":"DDEEF6","entities":{"description":{"urls":[]}},"followers_count":138,"profile_sidebar_border_color":"C0DEED","id_str":"2728857555","profile_background_color":"C0DEED","listed_count":2,"is_translation_enabled":false,"utc_offset":null,"statuses_count":2631,"description":"I think the world will be a much better & safer place if ISIS & their supporters will be eliminated :)","friends_count":241,"location":"japan","profile_link_color":"0084B4","profile_image_url":"http://pbs.twimg.com/profile_images/574043710272499714/722CCwn0_normal.jpeg","following":false,"geo_enabled":true,"profile_banner_url":"https://pbs.twimg.com/profile_banners/2728857555/1416096771","profile_background_image_url":"http://abs.twimg.com/images/themes/theme1/bg.png","name":"S N","lang":"da","profile_background_tile":false,"favourites_count":2815,"screen_name":"svnielsen21","notifications":false,"url":null,"created_at":"Wed Jul 30 08:44:02 +0000 2014","contributors_enabled":false,"time_zone":null,"protected":false,"default_profile":true,"is_translator":false},"geo":null,"in_reply_to_user_id_str":"17668544","lang":"en","created_at":"Mon Dec 15 01:25:28 +0000 2014","in_reply_to_status_id_str":"544301796936536064","place":null},
{"contributors":null,"truncated":false,"text":"@EdJoyce  please don't tweet this..giving comfort to the hostage-takers.\nPlease RT &amp; pray for a safe end to this crisis","in_reply_to_status_id":544302065380777984,"id":544303165139460096,"favorite_count":1,"source":"<a href=\"http://twitter.com/download/iphone\" rel=\"nofollow\">Twitter for iPhone</a>","retweeted":false,"coordinates":null,"entities":{"symbols":[],"user_mentions":[{"id":73452506,"indices":[0,8],"id_str":"73452506","screen_name":"EdJoyce","name":"Ed Joyce"}],"hashtags":[],"urls":[]},"in_reply_to_screen_name":"EdJoyce","id_str":"544303165139460096","retweet_count":0,"in_reply_to_user_id":73452506,"favorited":false,"user":{"follow_request_sent":false,"profile_use_background_image":true,"profile_text_color":"333333","default_profile_image":false,"id":228857007,"profile_background_image_url_https":"https://abs.twimg.com/images/themes/theme6/bg.gif","verified":false,"profile_location":null,"profile_image_url_https":"https://pbs.twimg.com/profile_images/450036621459480576/V5wQMKKW_normal.jpeg","profile_sidebar_fill_color":"A0C5C7","entities":{"description":{"urls":[]}},"followers_count":1644,"profile_sidebar_border_color":"86A4A6","id_str":"228857007","profile_background_color":"709397","listed_count":42,"is_translation_enabled":false,"utc_offset":36000,"statuses_count":59379,"description":"We've entered the next Mayan cycle of time. We are aware that this is an unequal world. Another World is Possible....start here & now with tolerance & good will","friends_count":2002,"location":"Far Canal, Brisbane","profile_link_color":"FF3300","profile_image_url":"http://pbs.twimg.com/profile_images/450036621459480576/V5wQMKKW_normal.jpeg","following":false,"geo_enabled":true,"profile_banner_url":"https://pbs.twimg.com/profile_banners/228857007/1388542195","profile_background_image_url":"http://abs.twimg.com/images/themes/theme6/bg.gif","name":"Insouciant Samuel","lang":"en","profile_background_tile":false,"favourites_count":1623,"screen_name":"belungerer","notifications":false,"url":null,"created_at":"Mon Dec 20 21:38:17 +0000 2010","contributors_enabled":false,"time_zone":"Brisbane","protected":false,"default_profile":false,"is_translator":false},"geo":null,"in_reply_to_user_id_str":"73452506","lang":"en","created_at":"Mon Dec 15 01:29:21 +0000 2014","in_reply_to_status_id_str":"544302065380777984","place":null}
]