[{"contributors":null,"truncated":false,"text":"@taygogo @Quickieleaks don't try to correct a wrong with a wrong","in_reply_to_status_id":544357935439417345,"id":544362406256721920,"favorite_count":0,"source":"<a href=\"http://twitter.com/download/android\" rel=\"nofollow\">Twitter for Android</a>","retweeted":false,"coordinates":null,"entities":{"symbols":[],"user_mentions":[{"id":20295264,"indices":[0,8],"id_str":"20295264","screen_name":"taygogo","name":"TayGo"},{"id":263981499,"indices":[9,22],"id_str":"263981499","screen_name":"Quickieleaks","name":"Carol Anne Grayson"}],"hashtags":[],"urls":[]},"in_reply_to_screen_name":"taygogo","id_str":"544362406256721920","retweet_count":0,"in_reply_to_user_id":20295264,"favorited":false,"user":{"follow_request_sent":false,"profile_use_background_image":true,"profile_text_color":"3C3940","default_profile_image":false,"id":224124438,"profile_background_image_url_https":"https://abs.twimg.com/images/themes/theme4/bg.gif","verified":false,"profile_location":null,"profile_image_url_https":"https://pbs.twimg.com/profile_images/550486573955825664/5zp6AJUk_normal.jpeg","profile_sidebar_fill_color":"95E8EC","entities":{"url":{"urls":[{"url":"http://t.co/OcfCjg0USX","indices":[0,22],"expanded_url":"http://mist-worldthroughmyeyes.blogspot.com/","display_url":"mist-worldthroughmyeyes.blogspot.com"}]},"description":{"urls":[]}},"followers_count":33,"profile_sidebar_border_color":"5ED4DC","id_str":"224124438","profile_background_color":"0099B9","listed_count":0,"is_translation_enabled":false,"utc_offset":19800,"statuses_count":1575,"description":"Working in CONCOR (Container Corporation of India), a Multimodal Logistics Company.","friends_count":132,"location":"New Delhi, India","profile_link_color":"0099B9","profile_image_url":"http://pbs.twimg.com/profile_images/550486573955825664/5zp6AJUk_normal.jpeg","following":false,"geo_enabled":false,"profile_banner_url":"https://pbs.twimg.com/profile_banners/224124438/1398652982","profile_background_image_url":"http://abs.twimg.com/images/themes/theme4/bg.gif","name":"Sujith V","lang":"en","profile_background_tile":false,"favourites_count":71,"screen_name":"sujith_","notifications":false,"url":"http://t.co/OcfCjg0USX","created_at":"Wed Dec 08 06:01:14 +0000 2010","contributors_enabled":false,"time_zone":"Kolkata","protected":false,"default_profile":false,"is_translator":false},"geo":null,"in_reply_to_user_id_str":"20295264","lang":"en","created_at":"Mon Dec 15 05:24:46 +0000 2014","in_reply_to_status_id_str":"544357935439417345","place":null},
{"contributors":null,"truncated":false,"text":"@sujith_ @Quickieleaks Nonsensical response.","in_reply_to_status_id":544362406256721920,"id":544362586515722240,"favorite_count":0,"source":"<a href=\"http://twitter.com\" rel=\"nofollow\">Twitter Web Client</a>","retweeted":false,"coordinates":null,"entities":{"symbols":[],"user_mentions":[{"id":224124438,"indices":[0,8],"id_str":"224124438","screen_name":"sujith_","name":"Sujith V"},{"id":263981499,"indices":[9,22],"id_str":"263981499","screen_name":"Quickieleaks","name":"Carol Anne Grayson"}],"hashtags":[],"urls":[]},"in_reply_to_screen_name":"sujith_","id_str":"544362586515722240","retweet_count":0,"in_reply_to_user_id":224124438,"favorited":false,"user":{"follow_request_sent":false,"profile_use_background_image":true,"profile_text_color":"333333","default_profile_image":false,"id":20295264,"profile_background_image_url_https":"https://pbs.twimg.com/profile_background_images/513790940092186624/fVS37g7v.jpeg","verified":false,"profile_location":null,"profile_image_url_https":"https://pbs.twimg.com/profile_images/496030037070856194/4LoSI_AB_normal.jpeg","profile_sidebar_fill_color":"EFEFEF","entities":{"url":{"urls":[{"url":"http://t.co/VbbjKlQxmu","indices":[0,22],"expanded_url":"http://SouthCentralLosAngeles.edu","display_url":"SouthCentralLosAngeles.edu"}]},"description":{"urls":[]}},"followers_count":10387,"profile_sidebar_border_color":"000000","id_str":"20295264","profile_background_color":"131516","listed_count":80,"is_translation_enabled":false,"utc_offset":-28800,"statuses_count":65436,"description":"My favorite teacher, Ms. Robin Stewart, told me once: Tay, your demeanor is calm, your heart is loving and your mind is open...but your ideas are ferocious.","friends_count":999,"location":"Vivan los soñadores!","profile_link_color":"0D3FA3","profile_image_url":"http://pbs.twimg.com/profile_images/496030037070856194/4LoSI_AB_normal.jpeg","following":false,"geo_enabled":true,"profile_banner_url":"https://pbs.twimg.com/profile_banners/20295264/1409469093","profile_background_image_url":"http://pbs.twimg.com/profile_background_images/513790940092186624/fVS37g7v.jpeg","name":"TayGo","lang":"en","profile_background_tile":true,"favourites_count":54471,"screen_name":"taygogo","notifications":false,"url":"http://t.co/VbbjKlQxmu","created_at":"Sat Feb 07 05:18:11 +0000 2009","contributors_enabled":false,"time_zone":"Pacific Time (US & Canada)","protected":false,"default_profile":false,"is_translator":false},"geo":null,"in_reply_to_user_id_str":"224124438","lang":"en","created_at":"Mon Dec 15 05:25:29 +0000 2014","in_reply_to_status_id_str":"544362406256721920","place":null},
{"contributors":null,"truncated":false,"text":"@taygogo @JRyzhkova как раньше так и тетерь англо саксы колонизируют страны кровавыми методами Ирак Ливия Югославия Украина вся Африка","in_reply_to_status_id":544357935439417345,"id":544376361620897792,"favorite_count":0,"source":"<a href=\"http://twitter.com\" rel=\"nofollow\">Twitter Web Client</a>","retweeted":false,"coordinates":null,"entities":{"symbols":[],"user_mentions":[{"id":20295264,"indices":[0,8],"id_str":"20295264","screen_name":"taygogo","name":"TayGo"},{"id":2349387031,"indices":[9,19],"id_str":"2349387031","screen_name":"JRyzhkova","name":"Юлия"}],"hashtags":[],"urls":[]},"in_reply_to_screen_name":"taygogo","id_str":"544376361620897792","retweet_count":0,"in_reply_to_user_id":20295264,"favorited":false,"user":{"follow_request_sent":false,"profile_use_background_image":true,"profile_text_color":"333333","default_profile_image":false,"id":2545706498,"profile_background_image_url_https":"https://abs.twimg.com/images/themes/theme1/bg.png","verified":false,"profile_location":null,"profile_image_url_https":"https://pbs.twimg.com/profile_images/581385486935146496/YqXqdvzZ_normal.jpg","profile_sidebar_fill_color":"DDEEF6","entities":{"description":{"urls":[]}},"followers_count":342,"profile_sidebar_border_color":"C0DEED","id_str":"2545706498","profile_background_color":"C0DEED","listed_count":6,"is_translation_enabled":false,"utc_offset":14400,"statuses_count":3282,"description":"рыбак","friends_count":976,"location":"краснодар","profile_link_color":"0084B4","profile_image_url":"http://pbs.twimg.com/profile_images/581385486935146496/YqXqdvzZ_normal.jpg","following":false,"geo_enabled":false,"profile_banner_url":"https://pbs.twimg.com/profile_banners/2545706498/1412344558","profile_background_image_url":"http://abs.twimg.com/images/themes/theme1/bg.png","name":"роман тютиков","lang":"ru","profile_background_tile":false,"favourites_count":332,"screen_name":"masterr695","notifications":false,"url":null,"created_at":"Wed Jun 04 10:10:41 +0000 2014","contributors_enabled":false,"time_zone":"Yerevan","protected":false,"default_profile":true,"is_translator":false},"geo":null,"in_reply_to_user_id_str":"20295264","lang":"ru","created_at":"Mon Dec 15 06:20:13 +0000 2014","in_reply_to_status_id_str":"544357935439417345","place":null},
{"contributors":null,"truncated":false,"text":"@masterr695 @taygogo Это капитализм - он всегда будет только угнетать и порабощать, меняются только формы.","in_reply_to_status_id":544376361620897792,"id":544378046795771904,"favorite_count":0,"source":"<a href=\"http://twitter.com\" rel=\"nofollow\">Twitter Web Client</a>","retweeted":false,"coordinates":null,"entities":{"symbols":[],"user_mentions":[{"id":2545706498,"indices":[0,11],"id_str":"2545706498","screen_name":"masterr695","name":"роман тютиков"},{"id":20295264,"indices":[12,20],"id_str":"20295264","screen_name":"taygogo","name":"TayGo"}],"hashtags":[],"urls":[]},"in_reply_to_screen_name":"masterr695","id_str":"544378046795771904","retweet_count":0,"in_reply_to_user_id":2545706498,"favorited":false,"user":{"follow_request_sent":false,"profile_use_background_image":false,"profile_text_color":"000000","default_profile_image":false,"id":2349387031,"profile_background_image_url_https":"https://abs.twimg.com/images/themes/theme1/bg.png","verified":false,"profile_location":null,"profile_image_url_https":"https://pbs.twimg.com/profile_images/584315855909089281/NPFz21zl_normal.png","profile_sidebar_fill_color":"000000","entities":{"description":{"urls":[]}},"followers_count":484,"profile_sidebar_border_color":"000000","id_str":"2349387031","profile_background_color":"000000","listed_count":13,"is_translation_enabled":false,"utc_offset":null,"statuses_count":14164,"description":"","friends_count":29,"location":"","profile_link_color":"DD2E44","profile_image_url":"http://pbs.twimg.com/profile_images/584315855909089281/NPFz21zl_normal.png","following":false,"geo_enabled":false,"profile_banner_url":"https://pbs.twimg.com/profile_banners/2349387031/1399561438","profile_background_image_url":"http://abs.twimg.com/images/themes/theme1/bg.png","name":"Юлия","lang":"ru","profile_background_tile":false,"favourites_count":157,"screen_name":"JRyzhkova","notifications":false,"url":null,"created_at":"Tue Feb 18 02:05:42 +0000 2014","contributors_enabled":false,"time_zone":null,"protected":false,"default_profile":false,"is_translator":false},"geo":null,"in_reply_to_user_id_str":"2545706498","lang":"ru","created_at":"Mon Dec 15 06:26:55 +0000 2014","in_reply_to_status_id_str":"544376361620897792","place":null},
{"contributors":null,"truncated":false,"text":"@taygogo still doesn't make it right, even if it is reversed.","in_reply_to_status_id":544357935439417345,"id":544379466512740352,"favorite_count":0,"source":"<a href=\"http://twitter.com/download/iphone\" rel=\"nofollow\">Twitter for iPhone</a>","retweeted":false,"coordinates":null,"entities":{"symbols":[],"user_mentions":[{"id":20295264,"indices":[0,8],"id_str":"20295264","screen_name":"taygogo","name":"TayGo"}],"hashtags":[],"urls":[]},"in_reply_to_screen_name":"taygogo","id_str":"544379466512740352","retweet_count":0,"in_reply_to_user_id":20295264,"favorited":false,"user":{"follow_request_sent":false,"profile_use_background_image":false,"profile_text_color":"333333","default_profile_image":false,"id":551551609,"profile_background_image_url_https":"https://pbs.twimg.com/profile_background_images/464722325326155776/h40FYl47.png","verified":false,"profile_location":null,"profile_image_url_https":"https://pbs.twimg.com/profile_images/545200763077537792/SjOXM1cu_normal.jpeg","profile_sidebar_fill_color":"DDEEF6","entities":{"url":{"urls":[{"url":"http://t.co/gNUdLMeCXC","indices":[0,22],"expanded_url":"http://instagram.com/wxlfella","display_url":"instagram.com/wxlfella"}]},"description":{"urls":[]}},"followers_count":1903,"profile_sidebar_border_color":"000000","id_str":"551551609","profile_background_color":"000000","listed_count":16,"is_translation_enabled":false,"utc_offset":39600,"statuses_count":31933,"description":"part of the #wolfmovement and proud of it.","friends_count":379,"location":"straya","profile_link_color":"000000","profile_image_url":"http://pbs.twimg.com/profile_images/545200763077537792/SjOXM1cu_normal.jpeg","following":false,"geo_enabled":false,"profile_banner_url":"https://pbs.twimg.com/profile_banners/551551609/1418820966","profile_background_image_url":"http://pbs.twimg.com/profile_background_images/464722325326155776/h40FYl47.png","name":"ella","lang":"en","profile_background_tile":false,"favourites_count":2997,"screen_name":"wxlfella","notifications":false,"url":"http://t.co/gNUdLMeCXC","created_at":"Thu Apr 12 03:59:37 +0000 2012","contributors_enabled":false,"time_zone":"Melbourne","protected":false,"default_profile":false,"is_translator":false},"geo":null,"in_reply_to_user_id_str":"20295264","lang":"en","created_at":"Mon Dec 15 06:32:33 +0000 2014","in_reply_to_status_id_str":"544357935439417345","place":null},
{"contributors":null,"truncated":false,"text":"@JRyzhkova @taygogo это верно но вот колониальная политика все же присуща только западным странам других примеров не припомню ну Япония еще","in_reply_to_status_id":544378046795771904,"id":544379732381667329,"favorite_count":0,"source":"<a href=\"http://twitter.com\" rel=\"nofollow\">Twitter Web Client</a>","retweeted":false,"coordinates":null,"entities":{"symbols":[],"user_mentions":[{"id":2349387031,"indices":[0,10],"id_str":"2349387031","screen_name":"JRyzhkova","name":"Юлия"},{"id":20295264,"indices":[11,19],"id_str":"20295264","screen_name":"taygogo","name":"TayGo"}],"hashtags":[],"urls":[]},"in_reply_to_screen_name":"JRyzhkova","id_str":"544379732381667329","retweet_count":0,"in_reply_to_user_id":2349387031,"favorited":false,"user":{"follow_request_sent":false,"profile_use_background_image":true,"profile_text_color":"333333","default_profile_image":false,"id":2545706498,"profile_background_image_url_https":"https://abs.twimg.com/images/themes/theme1/bg.png","verified":false,"profile_location":null,"profile_image_url_https":"https://pbs.twimg.com/profile_images/581385486935146496/YqXqdvzZ_normal.jpg","profile_sidebar_fill_color":"DDEEF6","entities":{"description":{"urls":[]}},"followers_count":342,"profile_sidebar_border_color":"C0DEED","id_str":"2545706498","profile_background_color":"C0DEED","listed_count":6,"is_translation_enabled":false,"utc_offset":14400,"statuses_count":3283,"description":"рыбак","friends_count":976,"location":"краснодар","profile_link_color":"0084B4","profile_image_url":"http://pbs.twimg.com/profile_images/581385486935146496/YqXqdvzZ_normal.jpg","following":false,"geo_enabled":false,"profile_banner_url":"https://pbs.twimg.com/profile_banners/2545706498/1412344558","profile_background_image_url":"http://abs.twimg.com/images/themes/theme1/bg.png","name":"роман тютиков","lang":"ru","profile_background_tile":false,"favourites_count":332,"screen_name":"masterr695","notifications":false,"url":null,"created_at":"Wed Jun 04 10:10:41 +0000 2014","contributors_enabled":false,"time_zone":"Yerevan","protected":false,"default_profile":true,"is_translator":false},"geo":null,"in_reply_to_user_id_str":"2349387031","lang":"ru","created_at":"Mon Dec 15 06:33:36 +0000 2014","in_reply_to_status_id_str":"544378046795771904","place":null},
{"contributors":null,"truncated":false,"text":"@taygogo just pointing it out..","in_reply_to_status_id":544379677188841472,"id":544379826191085568,"favorite_count":0,"source":"<a href=\"http://twitter.com/download/iphone\" rel=\"nofollow\">Twitter for iPhone</a>","retweeted":false,"coordinates":null,"entities":{"symbols":[],"user_mentions":[{"id":20295264,"indices":[0,8],"id_str":"20295264","screen_name":"taygogo","name":"TayGo"}],"hashtags":[],"urls":[]},"in_reply_to_screen_name":"taygogo","id_str":"544379826191085568","retweet_count":0,"in_reply_to_user_id":20295264,"favorited":false,"user":{"follow_request_sent":false,"profile_use_background_image":false,"profile_text_color":"333333","default_profile_image":false,"id":551551609,"profile_background_image_url_https":"https://pbs.twimg.com/profile_background_images/464722325326155776/h40FYl47.png","verified":false,"profile_location":null,"profile_image_url_https":"https://pbs.twimg.com/profile_images/545200763077537792/SjOXM1cu_normal.jpeg","profile_sidebar_fill_color":"DDEEF6","entities":{"url":{"urls":[{"url":"http://t.co/gNUdLMeCXC","indices":[0,22],"expanded_url":"http://instagram.com/wxlfella","display_url":"instagram.com/wxlfella"}]},"description":{"urls":[]}},"followers_count":1903,"profile_sidebar_border_color":"000000","id_str":"551551609","profile_background_color":"000000","listed_count":16,"is_translation_enabled":false,"utc_offset":39600,"statuses_count":31933,"description":"part of the #wolfmovement and proud of it.","friends_count":379,"location":"straya","profile_link_color":"000000","profile_image_url":"http://pbs.twimg.com/profile_images/545200763077537792/SjOXM1cu_normal.jpeg","following":false,"geo_enabled":false,"profile_banner_url":"https://pbs.twimg.com/profile_banners/551551609/1418820966","profile_background_image_url":"http://pbs.twimg.com/profile_background_images/464722325326155776/h40FYl47.png","name":"ella","lang":"en","profile_background_tile":false,"favourites_count":2997,"screen_name":"wxlfella","notifications":false,"url":"http://t.co/gNUdLMeCXC","created_at":"Thu Apr 12 03:59:37 +0000 2012","contributors_enabled":false,"time_zone":"Melbourne","protected":false,"default_profile":false,"is_translator":false},"geo":null,"in_reply_to_user_id_str":"20295264","lang":"en","created_at":"Mon Dec 15 06:33:59 +0000 2014","in_reply_to_status_id_str":"544379677188841472","place":null},
{"contributors":null,"truncated":false,"text":"@masterr695 @taygogo В РФ периферийный\r (колониально-зависимый) капитализм, он грабит своё население, ведь именно оно его\r колония.","in_reply_to_status_id":544379732381667329,"id":544380784099209216,"favorite_count":0,"source":"<a href=\"http://twitter.com\" rel=\"nofollow\">Twitter Web Client</a>","retweeted":false,"coordinates":null,"entities":{"symbols":[],"user_mentions":[{"id":2545706498,"indices":[0,11],"id_str":"2545706498","screen_name":"masterr695","name":"роман тютиков"},{"id":20295264,"indices":[12,20],"id_str":"20295264","screen_name":"taygogo","name":"TayGo"}],"hashtags":[],"urls":[]},"in_reply_to_screen_name":"masterr695","id_str":"544380784099209216","retweet_count":0,"in_reply_to_user_id":2545706498,"favorited":false,"user":{"follow_request_sent":false,"profile_use_background_image":false,"profile_text_color":"000000","default_profile_image":false,"id":2349387031,"profile_background_image_url_https":"https://abs.twimg.com/images/themes/theme1/bg.png","verified":false,"profile_location":null,"profile_image_url_https":"https://pbs.twimg.com/profile_images/584315855909089281/NPFz21zl_normal.png","profile_sidebar_fill_color":"000000","entities":{"description":{"urls":[]}},"followers_count":484,"profile_sidebar_border_color":"000000","id_str":"2349387031","profile_background_color":"000000","listed_count":13,"is_translation_enabled":false,"utc_offset":null,"statuses_count":14164,"description":"","friends_count":29,"location":"","profile_link_color":"DD2E44","profile_image_url":"http://pbs.twimg.com/profile_images/584315855909089281/NPFz21zl_normal.png","following":false,"geo_enabled":false,"profile_banner_url":"https://pbs.twimg.com/profile_banners/2349387031/1399561438","profile_background_image_url":"http://abs.twimg.com/images/themes/theme1/bg.png","name":"Юлия","lang":"ru","profile_background_tile":false,"favourites_count":157,"screen_name":"JRyzhkova","notifications":false,"url":null,"created_at":"Tue Feb 18 02:05:42 +0000 2014","contributors_enabled":false,"time_zone":null,"protected":false,"default_profile":false,"is_translator":false},"geo":null,"in_reply_to_user_id_str":"2545706498","lang":"ru","created_at":"Mon Dec 15 06:37:47 +0000 2014","in_reply_to_status_id_str":"544379732381667329","place":null},
{"contributors":null,"truncated":false,"text":"@taygogo it was to provoke a discussion, not for you to be a sarcastic cock.","in_reply_to_status_id":544380701022633985,"id":544380862410653696,"favorite_count":0,"source":"<a href=\"http://twitter.com/download/iphone\" rel=\"nofollow\">Twitter for iPhone</a>","retweeted":false,"coordinates":null,"entities":{"symbols":[],"user_mentions":[{"id":20295264,"indices":[0,8],"id_str":"20295264","screen_name":"taygogo","name":"TayGo"}],"hashtags":[],"urls":[]},"in_reply_to_screen_name":"taygogo","id_str":"544380862410653696","retweet_count":0,"in_reply_to_user_id":20295264,"favorited":false,"user":{"follow_request_sent":false,"profile_use_background_image":false,"profile_text_color":"333333","default_profile_image":false,"id":551551609,"profile_background_image_url_https":"https://pbs.twimg.com/profile_background_images/464722325326155776/h40FYl47.png","verified":false,"profile_location":null,"profile_image_url_https":"https://pbs.twimg.com/profile_images/545200763077537792/SjOXM1cu_normal.jpeg","profile_sidebar_fill_color":"DDEEF6","entities":{"url":{"urls":[{"url":"http://t.co/gNUdLMeCXC","indices":[0,22],"expanded_url":"http://instagram.com/wxlfella","display_url":"instagram.com/wxlfella"}]},"description":{"urls":[]}},"followers_count":1903,"profile_sidebar_border_color":"000000","id_str":"551551609","profile_background_color":"000000","listed_count":16,"is_translation_enabled":false,"utc_offset":39600,"statuses_count":31934,"description":"part of the #wolfmovement and proud of it.","friends_count":379,"location":"straya","profile_link_color":"000000","profile_image_url":"http://pbs.twimg.com/profile_images/545200763077537792/SjOXM1cu_normal.jpeg","following":false,"geo_enabled":false,"profile_banner_url":"https://pbs.twimg.com/profile_banners/551551609/1418820966","profile_background_image_url":"http://pbs.twimg.com/profile_background_images/464722325326155776/h40FYl47.png","name":"ella","lang":"en","profile_background_tile":false,"favourites_count":2997,"screen_name":"wxlfella","notifications":false,"url":"http://t.co/gNUdLMeCXC","created_at":"Thu Apr 12 03:59:37 +0000 2012","contributors_enabled":false,"time_zone":"Melbourne","protected":false,"default_profile":false,"is_translator":false},"geo":null,"in_reply_to_user_id_str":"20295264","lang":"en","created_at":"Mon Dec 15 06:38:06 +0000 2014","in_reply_to_status_id_str":"544380701022633985","place":null},
{"contributors":null,"truncated":false,"text":"@JRyzhkova @taygogo относительно социалистического развития да но от соц. отошли значит нет, все \"ровны\"  перекосы есть но колонизации нет","in_reply_to_status_id":544380784099209216,"id":544383414275944448,"favorite_count":0,"source":"<a href=\"http://twitter.com\" rel=\"nofollow\">Twitter Web Client</a>","retweeted":false,"coordinates":null,"entities":{"symbols":[],"user_mentions":[{"id":2349387031,"indices":[0,10],"id_str":"2349387031","screen_name":"JRyzhkova","name":"Юлия"},{"id":20295264,"indices":[11,19],"id_str":"20295264","screen_name":"taygogo","name":"TayGo"}],"hashtags":[],"urls":[]},"in_reply_to_screen_name":"JRyzhkova","id_str":"544383414275944448","retweet_count":0,"in_reply_to_user_id":2349387031,"favorited":false,"user":{"follow_request_sent":false,"profile_use_background_image":true,"profile_text_color":"333333","default_profile_image":false,"id":2545706498,"profile_background_image_url_https":"https://abs.twimg.com/images/themes/theme1/bg.png","verified":false,"profile_location":null,"profile_image_url_https":"https://pbs.twimg.com/profile_images/581385486935146496/YqXqdvzZ_normal.jpg","profile_sidebar_fill_color":"DDEEF6","entities":{"description":{"urls":[]}},"followers_count":342,"profile_sidebar_border_color":"C0DEED","id_str":"2545706498","profile_background_color":"C0DEED","listed_count":6,"is_translation_enabled":false,"utc_offset":14400,"statuses_count":3283,"description":"рыбак","friends_count":976,"location":"краснодар","profile_link_color":"0084B4","profile_image_url":"http://pbs.twimg.com/profile_images/581385486935146496/YqXqdvzZ_normal.jpg","following":false,"geo_enabled":false,"profile_banner_url":"https://pbs.twimg.com/profile_banners/2545706498/1412344558","profile_background_image_url":"http://abs.twimg.com/images/themes/theme1/bg.png","name":"роман тютиков","lang":"ru","profile_background_tile":false,"favourites_count":332,"screen_name":"masterr695","notifications":false,"url":null,"created_at":"Wed Jun 04 10:10:41 +0000 2014","contributors_enabled":false,"time_zone":"Yerevan","protected":false,"default_profile":true,"is_translator":false},"geo":null,"in_reply_to_user_id_str":"2349387031","lang":"ru","created_at":"Mon Dec 15 06:48:14 +0000 2014","in_reply_to_status_id_str":"544380784099209216","place":null},
{"contributors":null,"truncated":false,"text":"Как делали \"#Австралия\".. @taygogo #Australia has a long history of #terrorism.. http://t.co/OSIIavr43n #genocide","in_reply_to_status_id":544357935439417345,"id":544388379811782657,"favorite_count":0,"source":"<a href=\"http://twitter.com\" rel=\"nofollow\">Twitter Web Client</a>","retweeted":false,"coordinates":null,"entities":{"symbols":[],"user_mentions":[{"id":20295264,"indices":[26,34],"id_str":"20295264","screen_name":"taygogo","name":"TayGo"}],"hashtags":[{"indices":[12,22],"text":"Австралия"},{"indices":[35,45],"text":"Australia"},{"indices":[68,78],"text":"terrorism"},{"indices":[104,113],"text":"genocide"}],"urls":[],"media":[{"source_user_id":20295264,"source_status_id_str":"544357935439417345","expanded_url":"http://twitter.com/taygogo/status/544357935439417345/photo/1","display_url":"pic.twitter.com/OSIIavr43n","url":"http://t.co/OSIIavr43n","media_url_https":"https://pbs.twimg.com/media/B43yqClIMAEJuiS.jpg","source_user_id_str":"20295264","source_status_id":544357935439417345,"id_str":"544357934042722305","sizes":{"small":{"h":231,"resize":"fit","w":340},"large":{"h":374,"resize":"fit","w":550},"medium":{"h":374,"resize":"fit","w":550},"thumb":{"h":150,"resize":"crop","w":150}},"indices":[81,103],"type":"photo","id":544357934042722305,"media_url":"http://pbs.twimg.com/media/B43yqClIMAEJuiS.jpg"}]},"in_reply_to_screen_name":"taygogo","id_str":"544388379811782657","retweet_count":0,"in_reply_to_user_id":20295264,"favorited":false,"user":{"follow_request_sent":false,"profile_use_background_image":true,"profile_text_color":"666666","default_profile_image":false,"id":1588157431,"profile_background_image_url_https":"https://abs.twimg.com/images/themes/theme9/bg.gif","verified":false,"profile_location":null,"profile_image_url_https":"https://pbs.twimg.com/profile_images/466915580696489984/uETxVeq1_normal.png","profile_sidebar_fill_color":"252429","entities":{"url":{"urls":[{"url":"http://t.co/BEwkbxrHiY","indices":[0,22],"expanded_url":"http://fanisovich.livejournal.com/","display_url":"fanisovich.livejournal.com"}]},"description":{"urls":[]}},"followers_count":860,"profile_sidebar_border_color":"000000","id_str":"1588157431","profile_background_color":"1A1B1F","listed_count":18,"is_translation_enabled":false,"utc_offset":14400,"statuses_count":29851,"description":"Грамотно сформулированный #вопрос пробуждает #разум и принуждает к принятию правильных решений;)","friends_count":932,"location":"The Great #Russian Empire","profile_link_color":"5B00C4","profile_image_url":"http://pbs.twimg.com/profile_images/466915580696489984/uETxVeq1_normal.png","following":false,"geo_enabled":false,"profile_banner_url":"https://pbs.twimg.com/profile_banners/1588157431/1400155251","profile_background_image_url":"http://abs.twimg.com/images/themes/theme9/bg.gif","name":"Russian Question","lang":"ru","profile_background_tile":false,"favourites_count":87,"screen_name":"Ru_Fed","notifications":false,"url":"http://t.co/BEwkbxrHiY","created_at":"Fri Jul 12 10:12:41 +0000 2013","contributors_enabled":false,"time_zone":"Abu Dhabi","protected":false,"default_profile":false,"is_translator":false},"geo":null,"in_reply_to_user_id_str":"20295264","possibly_sensitive":false,"lang":"ru","created_at":"Mon Dec 15 07:07:58 +0000 2014","in_reply_to_status_id_str":"544357935439417345","place":null,"extended_entities":{"media":[{"source_user_id":20295264,"source_status_id_str":"544357935439417345","expanded_url":"http://twitter.com/taygogo/status/544357935439417345/photo/1","display_url":"pic.twitter.com/OSIIavr43n","url":"http://t.co/OSIIavr43n","media_url_https":"https://pbs.twimg.com/media/B43yqClIMAEJuiS.jpg","source_user_id_str":"20295264","source_status_id":544357935439417345,"id_str":"544357934042722305","sizes":{"small":{"h":231,"resize":"fit","w":340},"large":{"h":374,"resize":"fit","w":550},"medium":{"h":374,"resize":"fit","w":550},"thumb":{"h":150,"resize":"crop","w":150}},"indices":[81,103],"type":"photo","id":544357934042722305,"media_url":"http://pbs.twimg.com/media/B43yqClIMAEJuiS.jpg"},{"source_user_id":20295264,"source_status_id_str":"544357935439417345","expanded_url":"http://twitter.com/taygogo/status/544357935439417345/photo/1","display_url":"pic.twitter.com/OSIIavr43n","url":"http://t.co/OSIIavr43n","media_url_https":"https://pbs.twimg.com/media/B43yqAmIAAEkjHG.jpg","source_user_id_str":"20295264","source_status_id":544357935439417345,"id_str":"544357933510033409","sizes":{"large":{"h":381,"resize":"fit","w":480},"small":{"h":269,"resize":"fit","w":340},"medium":{"h":381,"resize":"fit","w":480},"thumb":{"h":150,"resize":"crop","w":150}},"indices":[81,103],"type":"photo","id":544357933510033409,"media_url":"http://pbs.twimg.com/media/B43yqAmIAAEkjHG.jpg"},{"source_user_id":20295264,"source_status_id_str":"544357935439417345","expanded_url":"http://twitter.com/taygogo/status/544357935439417345/photo/1","display_url":"pic.twitter.com/OSIIavr43n","url":"http://t.co/OSIIavr43n","media_url_https":"https://pbs.twimg.com/media/B43yqAhIMAAP0IF.jpg","source_user_id_str":"20295264","source_status_id":544357935439417345,"id_str":"544357933489074176","sizes":{"small":{"h":210,"resize":"fit","w":338},"large":{"h":210,"resize":"fit","w":338},"medium":{"h":210,"resize":"fit","w":338},"thumb":{"h":150,"resize":"crop","w":150}},"indices":[81,103],"type":"photo","id":544357933489074176,"media_url":"http://pbs.twimg.com/media/B43yqAhIMAAP0IF.jpg"},{"source_user_id":20295264,"source_status_id_str":"544357935439417345","expanded_url":"http://twitter.com/taygogo/status/544357935439417345/photo/1","display_url":"pic.twitter.com/OSIIavr43n","url":"http://t.co/OSIIavr43n","media_url_https":"https://pbs.twimg.com/media/B43yqD-IQAAbxSu.jpg","source_user_id_str":"20295264","source_status_id":544357935439417345,"id_str":"544357934416019456","sizes":{"large":{"h":500,"resize":"fit","w":315},"small":{"h":500,"resize":"fit","w":315},"medium":{"h":500,"resize":"fit","w":315},"thumb":{"h":150,"resize":"crop","w":150}},"indices":[81,103],"type":"photo","id":544357934416019456,"media_url":"http://pbs.twimg.com/media/B43yqD-IQAAbxSu.jpg"}]}},
{"contributors":null,"truncated":false,"text":"@wxlfella @taygogo State terrorism ignored, while individual terrorism deplored. #EndOzApartheid #FuckISIS","in_reply_to_status_id":544379826191085568,"id":544393416634015744,"favorite_count":0,"source":"<a href=\"http://twitter.com/download/android\" rel=\"nofollow\">Twitter for Android</a>","retweeted":false,"coordinates":null,"entities":{"symbols":[],"user_mentions":[{"id":551551609,"indices":[0,9],"id_str":"551551609","screen_name":"wxlfella","name":"ella"},{"id":20295264,"indices":[10,18],"id_str":"20295264","screen_name":"taygogo","name":"TayGo"}],"hashtags":[{"indices":[81,96],"text":"EndOzApartheid"},{"indices":[97,106],"text":"FuckISIS"}],"urls":[]},"in_reply_to_screen_name":"wxlfella","id_str":"544393416634015744","retweet_count":0,"in_reply_to_user_id":551551609,"favorited":false,"user":{"follow_request_sent":false,"profile_use_background_image":true,"profile_text_color":"333333","default_profile_image":false,"id":137634222,"profile_background_image_url_https":"https://pbs.twimg.com/profile_background_images/517056098281345024/-xbrYc-W.png","verified":false,"profile_location":null,"profile_image_url_https":"https://pbs.twimg.com/profile_images/3382957398/ecf9af90e7bf0bbd5b6e62b08cc1c5e2_normal.jpeg","profile_sidebar_fill_color":"F3F3F3","entities":{"url":{"urls":[{"url":"http://t.co/BHzk1Xv1hT","indices":[0,22],"expanded_url":"http://herefordheckler.co.uk","display_url":"herefordheckler.co.uk"}]},"description":{"urls":[]}},"followers_count":934,"profile_sidebar_border_color":"000000","id_str":"137634222","profile_background_color":"1A1B1F","listed_count":36,"is_translation_enabled":false,"utc_offset":null,"statuses_count":1024,"description":"Hereford's favourite muck-spreading, anarchist newspaper.","friends_count":229,"location":"Herefordshire","profile_link_color":"DD2E44","profile_image_url":"http://pbs.twimg.com/profile_images/3382957398/ecf9af90e7bf0bbd5b6e62b08cc1c5e2_normal.jpeg","following":false,"geo_enabled":false,"profile_banner_url":"https://pbs.twimg.com/profile_banners/137634222/1364831835","profile_background_image_url":"http://pbs.twimg.com/profile_background_images/517056098281345024/-xbrYc-W.png","name":"Hereford Heckler","lang":"en","profile_background_tile":true,"favourites_count":31,"screen_name":"herefordheckler","notifications":false,"url":"http://t.co/BHzk1Xv1hT","created_at":"Tue Apr 27 08:52:37 +0000 2010","contributors_enabled":false,"time_zone":null,"protected":false,"default_profile":false,"is_translator":false},"geo":null,"in_reply_to_user_id_str":"551551609","lang":"en","created_at":"Mon Dec 15 07:27:59 +0000 2014","in_reply_to_status_id_str":"544379826191085568","place":null},
{"contributors":null,"truncated":false,"text":"@taygogo yes, because what happened hundreds of years ago definitely is relevant to whats happened today, fuck off please","in_reply_to_status_id":544357935439417345,"id":544441787734323200,"favorite_count":0,"source":"<a href=\"http://twitter.com/download/iphone\" rel=\"nofollow\">Twitter for iPhone</a>","retweeted":false,"coordinates":null,"entities":{"symbols":[],"user_mentions":[{"id":20295264,"indices":[0,8],"id_str":"20295264","screen_name":"taygogo","name":"TayGo"}],"hashtags":[],"urls":[]},"in_reply_to_screen_name":"taygogo","id_str":"544441787734323200","retweet_count":0,"in_reply_to_user_id":20295264,"favorited":false,"user":{"follow_request_sent":false,"profile_use_background_image":true,"profile_text_color":"333333","default_profile_image":false,"id":153822513,"profile_background_image_url_https":"https://pbs.twimg.com/profile_background_images/580948961/09s02uhtmis4zp9lrofz.jpeg","verified":false,"profile_location":null,"profile_image_url_https":"https://pbs.twimg.com/profile_images/501403816978165762/ATN73SBD_normal.jpeg","profile_sidebar_fill_color":"DDEEF6","entities":{"description":{"urls":[]}},"followers_count":95,"profile_sidebar_border_color":"C0DEED","id_str":"153822513","profile_background_color":"C0DEED","listed_count":0,"is_translation_enabled":false,"utc_offset":0,"statuses_count":7378,"description":"Hate the lad bible tbqh","friends_count":163,"location":"","profile_link_color":"0084B4","profile_image_url":"http://pbs.twimg.com/profile_images/501403816978165762/ATN73SBD_normal.jpeg","following":false,"geo_enabled":false,"profile_banner_url":"https://pbs.twimg.com/profile_banners/153822513/1405719419","profile_background_image_url":"http://pbs.twimg.com/profile_background_images/580948961/09s02uhtmis4zp9lrofz.jpeg","name":"Ben Harry","lang":"en","profile_background_tile":true,"favourites_count":516,"screen_name":"Ben_Harry","notifications":false,"url":null,"created_at":"Wed Jun 09 16:13:23 +0000 2010","contributors_enabled":false,"time_zone":"London","protected":false,"default_profile":false,"is_translator":false},"geo":null,"in_reply_to_user_id_str":"20295264","lang":"en","created_at":"Mon Dec 15 10:40:12 +0000 2014","in_reply_to_status_id_str":"544357935439417345","place":null},
{"contributors":null,"truncated":false,"text":"@taygogo @Crusey4k","in_reply_to_status_id":544357935439417345,"id":544492001513586690,"favorite_count":1,"source":"<a href=\"http://twitter.com/download/android\" rel=\"nofollow\">Twitter for Android</a>","retweeted":false,"coordinates":null,"entities":{"symbols":[],"user_mentions":[{"id":20295264,"indices":[0,8],"id_str":"20295264","screen_name":"taygogo","name":"TayGo"},{"id":162918919,"indices":[9,18],"id_str":"162918919","screen_name":"Crusey4k","name":"lallanaconda"}],"hashtags":[],"urls":[]},"in_reply_to_screen_name":"taygogo","id_str":"544492001513586690","retweet_count":0,"in_reply_to_user_id":20295264,"favorited":false,"user":{"follow_request_sent":false,"profile_use_background_image":true,"profile_text_color":"333333","default_profile_image":false,"id":2311530001,"profile_background_image_url_https":"https://abs.twimg.com/images/themes/theme1/bg.png","verified":false,"profile_location":null,"profile_image_url_https":"https://pbs.twimg.com/profile_images/587298825565421568/NPy4POQh_normal.jpg","profile_sidebar_fill_color":"DDEEF6","entities":{"description":{"urls":[]}},"followers_count":58,"profile_sidebar_border_color":"C0DEED","id_str":"2311530001","profile_background_color":"C0DEED","listed_count":1,"is_translation_enabled":false,"utc_offset":null,"statuses_count":12546,"description":"","friends_count":195,"location":"","profile_link_color":"0084B4","profile_image_url":"http://pbs.twimg.com/profile_images/587298825565421568/NPy4POQh_normal.jpg","following":false,"geo_enabled":false,"profile_banner_url":"https://pbs.twimg.com/profile_banners/2311530001/1414368070","profile_background_image_url":"http://abs.twimg.com/images/themes/theme1/bg.png","name":"Simba Emonde","lang":"en","profile_background_tile":false,"favourites_count":1457,"screen_name":"EmondeSimba","notifications":false,"url":null,"created_at":"Sun Jan 26 08:59:45 +0000 2014","contributors_enabled":false,"time_zone":null,"protected":false,"default_profile":true,"is_translator":false},"geo":null,"in_reply_to_user_id_str":"20295264","lang":"und","created_at":"Mon Dec 15 13:59:43 +0000 2014","in_reply_to_status_id_str":"544357935439417345","place":null},
{"contributors":null,"truncated":false,"text":"@taygogo @SinghLions ,wow those r masterpieces","in_reply_to_status_id":544357935439417345,"id":544505501367541760,"favorite_count":0,"source":"<a href=\"http://twitter.com/download/iphone\" rel=\"nofollow\">Twitter for iPhone</a>","retweeted":false,"coordinates":null,"entities":{"symbols":[],"user_mentions":[{"id":20295264,"indices":[0,8],"id_str":"20295264","screen_name":"taygogo","name":"TayGo"},{"id":15210670,"indices":[9,20],"id_str":"15210670","screen_name":"SinghLions","name":"Harjinder S Kukreja"}],"hashtags":[],"urls":[]},"in_reply_to_screen_name":"taygogo","id_str":"544505501367541760","retweet_count":0,"in_reply_to_user_id":20295264,"favorited":false,"user":{"follow_request_sent":false,"profile_use_background_image":true,"profile_text_color":"333333","default_profile_image":false,"id":721583172,"profile_background_image_url_https":"https://abs.twimg.com/images/themes/theme1/bg.png","verified":false,"profile_location":null,"profile_image_url_https":"https://pbs.twimg.com/profile_images/555367426502569986/Q8cDjnei_normal.jpeg","profile_sidebar_fill_color":"DDEEF6","entities":{"description":{"urls":[]}},"followers_count":775,"profile_sidebar_border_color":"C0DEED","id_str":"721583172","profile_background_color":"C0DEED","listed_count":8,"is_translation_enabled":false,"utc_offset":19800,"statuses_count":14836,"description":"Deh Shiva Bar Mohey Ehay, Shubh Karman Te Kabhun Na Taraun- Na Daraun Ari Saun Jab Jaay Laraun, Nischey Kar Apni Jeet Karaun !!!","friends_count":1684,"location":"hanumannagar Jaipur-21,INDIA","profile_link_color":"0084B4","profile_image_url":"http://pbs.twimg.com/profile_images/555367426502569986/Q8cDjnei_normal.jpeg","following":false,"geo_enabled":true,"profile_banner_url":"https://pbs.twimg.com/profile_banners/721583172/1408363451","profile_background_image_url":"http://abs.twimg.com/images/themes/theme1/bg.png","name":"mahinder singh sidhu","lang":"en","profile_background_tile":false,"favourites_count":578,"screen_name":"mahinder_sidhu","notifications":false,"url":null,"created_at":"Sat Jul 28 05:42:33 +0000 2012","contributors_enabled":false,"time_zone":"Chennai","protected":false,"default_profile":true,"is_translator":false},"geo":null,"in_reply_to_user_id_str":"20295264","lang":"en","created_at":"Mon Dec 15 14:53:22 +0000 2014","in_reply_to_status_id_str":"544357935439417345","place":null},
{"contributors":null,"truncated":false,"text":"@taygogo @ejaz_moghal Isn't history strange..so little knowledge\nIs absorbed!","in_reply_to_status_id":544357935439417345,"id":544634331713777664,"favorite_count":1,"source":"<a href=\"http://twitter.com/#!/download/ipad\" rel=\"nofollow\">Twitter for iPad</a>","retweeted":false,"coordinates":null,"entities":{"symbols":[],"user_mentions":[{"id":20295264,"indices":[0,8],"id_str":"20295264","screen_name":"taygogo","name":"TayGo"},{"id":2854020520,"indices":[9,21],"id_str":"2854020520","screen_name":"ejaz_moghal","name":"Freedom"}],"hashtags":[],"urls":[]},"in_reply_to_screen_name":"taygogo","id_str":"544634331713777664","retweet_count":0,"in_reply_to_user_id":20295264,"favorited":false,"user":{"follow_request_sent":false,"profile_use_background_image":true,"profile_text_color":"333333","default_profile_image":false,"id":1447429249,"profile_background_image_url_https":"https://abs.twimg.com/images/themes/theme1/bg.png","verified":false,"profile_location":null,"profile_image_url_https":"https://pbs.twimg.com/profile_images/576905018386882561/H8ipYzeG_normal.jpeg","profile_sidebar_fill_color":"DDEEF6","entities":{"description":{"urls":[]}},"followers_count":190,"profile_sidebar_border_color":"C0DEED","id_str":"1447429249","profile_background_color":"C0DEED","listed_count":2,"is_translation_enabled":false,"utc_offset":null,"statuses_count":3168,"description":"","friends_count":217,"location":"Fredericton NB","profile_link_color":"0084B4","profile_image_url":"http://pbs.twimg.com/profile_images/576905018386882561/H8ipYzeG_normal.jpeg","following":false,"geo_enabled":false,"profile_background_image_url":"http://abs.twimg.com/images/themes/theme1/bg.png","name":"Bonnie Wood","lang":"en","profile_background_tile":false,"favourites_count":7077,"screen_name":"wood_brwood333","notifications":false,"url":null,"created_at":"Tue May 21 22:30:59 +0000 2013","contributors_enabled":false,"time_zone":null,"protected":false,"default_profile":true,"is_translator":false},"geo":null,"in_reply_to_user_id_str":"20295264","lang":"en","created_at":"Mon Dec 15 23:25:18 +0000 2014","in_reply_to_status_id_str":"544357935439417345","place":null}
]