[{"contributors":null,"truncated":false,"text":"@ABC @9NewsAUS http://t.co/G4sIjPfCFF","in_reply_to_status_id":544325896661114881,"id":544326621897842688,"favorite_count":0,"source":"<a href=\"http://twitter.com\" rel=\"nofollow\">Twitter Web Client</a>","retweeted":false,"coordinates":null,"entities":{"symbols":[],"user_mentions":[{"id":28785486,"indices":[0,4],"id_str":"28785486","screen_name":"ABC","name":"ABC News"},{"id":22993014,"indices":[5,14],"id_str":"22993014","screen_name":"9NewsAUS","name":"Nine News Australia"}],"hashtags":[],"urls":[{"url":"http://t.co/G4sIjPfCFF","indices":[15,37],"expanded_url":"http://twitter.com/lifesmandarin/status/544326621897842688/photo/1","display_url":"pic.twitter.com/G4sIjPfCFF"}]},"in_reply_to_screen_name":"ABC","id_str":"544326621897842688","retweet_count":0,"in_reply_to_user_id":28785486,"favorited":false,"user":{"follow_request_sent":false,"profile_use_background_image":true,"profile_text_color":"333333","default_profile_image":false,"id":40651462,"profile_background_image_url_https":"https://pbs.twimg.com/profile_background_images/378800000004900494/54c77b230ce5c94bc8c2bf7e4049b87c.jpeg","verified":false,"profile_location":null,"profile_image_url_https":"https://pbs.twimg.com/profile_images/344513261580682855/f02b77f986e86e50474f0df657b331c8_normal.jpeg","profile_sidebar_fill_color":"DDEEF6","entities":{"description":{"urls":[]}},"followers_count":40,"profile_sidebar_border_color":"FFFFFF","id_str":"40651462","profile_background_color":"1AEBEB","listed_count":0,"is_translation_enabled":false,"utc_offset":28800,"statuses_count":3559,"description":"Are you gonna go my way or fall forever?","friends_count":836,"location":"","profile_link_color":"0084B4","profile_image_url":"http://pbs.twimg.com/profile_images/344513261580682855/f02b77f986e86e50474f0df657b331c8_normal.jpeg","following":false,"geo_enabled":false,"profile_banner_url":"https://pbs.twimg.com/profile_banners/40651462/1371277944","profile_background_image_url":"http://pbs.twimg.com/profile_background_images/378800000004900494/54c77b230ce5c94bc8c2bf7e4049b87c.jpeg","name":"yiyic","lang":"en","profile_background_tile":false,"favourites_count":18,"screen_name":"lifesmandarin","notifications":false,"url":null,"created_at":"Sun May 17 12:29:07 +0000 2009","contributors_enabled":false,"time_zone":"Beijing","protected":false,"default_profile":false,"is_translator":false},"geo":null,"in_reply_to_user_id_str":"28785486","possibly_sensitive":false,"lang":"und","created_at":"Mon Dec 15 03:02:34 +0000 2014","in_reply_to_status_id_str":"544325896661114881","place":null},
{"contributors":null,"truncated":false,"text":"@ABC @9NewsAUS honestly, am not buying the Isis flag thing !! Am not that stupid to believe this nonsense","in_reply_to_status_id":544325896661114881,"id":544326847010729984,"favorite_count":0,"source":"<a href=\"http://twitter.com/download/iphone\" rel=\"nofollow\">Twitter for iPhone</a>","retweeted":false,"coordinates":null,"entities":{"symbols":[],"user_mentions":[{"id":28785486,"indices":[0,4],"id_str":"28785486","screen_name":"ABC","name":"ABC News"},{"id":22993014,"indices":[5,14],"id_str":"22993014","screen_name":"9NewsAUS","name":"Nine News Australia"}],"hashtags":[],"urls":[]},"in_reply_to_screen_name":"ABC","id_str":"544326847010729984","retweet_count":0,"in_reply_to_user_id":28785486,"favorited":false,"user":{"follow_request_sent":false,"profile_use_background_image":true,"profile_text_color":"333333","default_profile_image":false,"id":272321542,"profile_background_image_url_https":"https://abs.twimg.com/images/themes/theme1/bg.png","verified":false,"profile_location":null,"profile_image_url_https":"https://pbs.twimg.com/profile_images/558902793864769536/x-HDLSKI_normal.jpeg","profile_sidebar_fill_color":"DDEEF6","entities":{"description":{"urls":[]}},"followers_count":1649,"profile_sidebar_border_color":"C0DEED","id_str":"272321542","profile_background_color":"C0DEED","listed_count":10,"is_translation_enabled":false,"utc_offset":null,"statuses_count":22110,"description":"الحق ، العدل ، الخير 28/12","friends_count":1992,"location":"Utopia ","profile_link_color":"0084B4","profile_image_url":"http://pbs.twimg.com/profile_images/558902793864769536/x-HDLSKI_normal.jpeg","following":false,"geo_enabled":false,"profile_banner_url":"https://pbs.twimg.com/profile_banners/272321542/1395680500","profile_background_image_url":"http://abs.twimg.com/images/themes/theme1/bg.png","name":"almost xmas 28/12 :)","lang":"en","profile_background_tile":false,"favourites_count":16515,"screen_name":"misso60","notifications":false,"url":null,"created_at":"Sat Mar 26 08:10:35 +0000 2011","contributors_enabled":false,"time_zone":null,"protected":false,"default_profile":true,"is_translator":false},"geo":null,"in_reply_to_user_id_str":"28785486","lang":"en","created_at":"Mon Dec 15 03:03:28 +0000 2014","in_reply_to_status_id_str":"544325896661114881","place":null},
{"contributors":null,"truncated":false,"text":"@ABC @9NewsAUS\nAre there still hostages? then the 'situation' is NOT contained.","in_reply_to_status_id":544325896661114881,"id":544330283177488384,"favorite_count":0,"source":"<a href=\"http://twitter.com\" rel=\"nofollow\">Twitter Web Client</a>","retweeted":false,"coordinates":null,"entities":{"symbols":[],"user_mentions":[{"id":28785486,"indices":[0,4],"id_str":"28785486","screen_name":"ABC","name":"ABC News"},{"id":22993014,"indices":[5,14],"id_str":"22993014","screen_name":"9NewsAUS","name":"Nine News Australia"}],"hashtags":[],"urls":[]},"in_reply_to_screen_name":"ABC","id_str":"544330283177488384","retweet_count":0,"in_reply_to_user_id":28785486,"favorited":false,"user":{"follow_request_sent":false,"profile_use_background_image":true,"profile_text_color":"333333","default_profile_image":false,"id":465790247,"profile_background_image_url_https":"https://abs.twimg.com/images/themes/theme1/bg.png","verified":false,"profile_location":null,"profile_image_url_https":"https://pbs.twimg.com/profile_images/554457287444533248/ajMhMUb__normal.png","profile_sidebar_fill_color":"DDEEF6","entities":{"description":{"urls":[]}},"followers_count":2056,"profile_sidebar_border_color":"C0DEED","id_str":"465790247","profile_background_color":"C0DEED","listed_count":19,"is_translation_enabled":false,"utc_offset":null,"statuses_count":19237,"description":"Constitutional conservative -\nNavy brat - former Navy line officer. Pro-Life - Pro-Israel - NRA Member -  Saved by the Blood of the Lamb","friends_count":1835,"location":"","profile_link_color":"0084B4","profile_image_url":"http://pbs.twimg.com/profile_images/554457287444533248/ajMhMUb__normal.png","following":false,"geo_enabled":false,"profile_banner_url":"https://pbs.twimg.com/profile_banners/465790247/1408242576","profile_background_image_url":"http://abs.twimg.com/images/themes/theme1/bg.png","name":"Black_Raven135","lang":"en","profile_background_tile":false,"favourites_count":2192,"screen_name":"RosaleeAdams","notifications":false,"url":null,"created_at":"Mon Jan 16 18:54:51 +0000 2012","contributors_enabled":false,"time_zone":null,"protected":false,"default_profile":true,"is_translator":false},"geo":null,"in_reply_to_user_id_str":"28785486","lang":"en","created_at":"Mon Dec 15 03:17:07 +0000 2014","in_reply_to_status_id_str":"544325896661114881","place":null},
{"contributors":null,"truncated":false,"text":"@ABC @9NewsAUS \"Situation contained.\"😨 What the heck does that mean?!  They can't get out? Neither can the \"undisclosed number\" hostages.","in_reply_to_status_id":544325896661114881,"id":544331816824348674,"favorite_count":0,"source":"<a href=\"http://twitter.com/#!/download/ipad\" rel=\"nofollow\">Twitter for iPad</a>","retweeted":false,"coordinates":null,"entities":{"symbols":[],"user_mentions":[{"id":28785486,"indices":[0,4],"id_str":"28785486","screen_name":"ABC","name":"ABC News"},{"id":22993014,"indices":[5,14],"id_str":"22993014","screen_name":"9NewsAUS","name":"Nine News Australia"}],"hashtags":[],"urls":[]},"in_reply_to_screen_name":"ABC","id_str":"544331816824348674","retweet_count":0,"in_reply_to_user_id":28785486,"favorited":false,"user":{"follow_request_sent":false,"profile_use_background_image":true,"profile_text_color":"333333","default_profile_image":false,"id":874824648,"profile_background_image_url_https":"https://abs.twimg.com/images/themes/theme1/bg.png","verified":false,"profile_location":null,"profile_image_url_https":"https://pbs.twimg.com/profile_images/531294972625317888/cwO0MFks_normal.jpeg","profile_sidebar_fill_color":"DDEEF6","entities":{"description":{"urls":[]}},"followers_count":611,"profile_sidebar_border_color":"C0DEED","id_str":"874824648","profile_background_color":"C0DEED","listed_count":10,"is_translation_enabled":false,"utc_offset":null,"statuses_count":13403,"description":"Push off! And sitting well in order, Smite the sounding furrows! For our Purpose Holds...","friends_count":642,"location":"","profile_link_color":"0084B4","profile_image_url":"http://pbs.twimg.com/profile_images/531294972625317888/cwO0MFks_normal.jpeg","following":false,"geo_enabled":false,"profile_banner_url":"https://pbs.twimg.com/profile_banners/874824648/1397662082","profile_background_image_url":"http://abs.twimg.com/images/themes/theme1/bg.png","name":"Ann Padgett","lang":"en","profile_background_tile":false,"favourites_count":19114,"screen_name":"dnapadg","notifications":false,"url":null,"created_at":"Fri Oct 12 03:08:08 +0000 2012","contributors_enabled":false,"time_zone":null,"protected":false,"default_profile":true,"is_translator":false},"geo":null,"in_reply_to_user_id_str":"28785486","lang":"en","created_at":"Mon Dec 15 03:23:12 +0000 2014","in_reply_to_status_id_str":"544325896661114881","place":null},
{"contributors":null,"truncated":false,"text":"@ABC @9NewsAUS lmao this guy looks like the Cryptkeeper 😂","in_reply_to_status_id":544325896661114881,"id":544371318544539649,"favorite_count":0,"source":"<a href=\"http://twitter.com/download/iphone\" rel=\"nofollow\">Twitter for iPhone</a>","retweeted":false,"coordinates":null,"entities":{"symbols":[],"user_mentions":[{"id":28785486,"indices":[0,4],"id_str":"28785486","screen_name":"ABC","name":"ABC News"},{"id":22993014,"indices":[5,14],"id_str":"22993014","screen_name":"9NewsAUS","name":"Nine News Australia"}],"hashtags":[],"urls":[]},"in_reply_to_screen_name":"ABC","id_str":"544371318544539649","retweet_count":0,"in_reply_to_user_id":28785486,"favorited":false,"user":{"follow_request_sent":false,"profile_use_background_image":true,"profile_text_color":"333333","default_profile_image":false,"id":724596810,"profile_background_image_url_https":"https://abs.twimg.com/images/themes/theme1/bg.png","verified":false,"profile_location":null,"profile_image_url_https":"https://pbs.twimg.com/profile_images/533665736355356672/JIU8duNF_normal.jpeg","profile_sidebar_fill_color":"DDEEF6","entities":{"description":{"urls":[]}},"followers_count":197,"profile_sidebar_border_color":"C0DEED","id_str":"724596810","profile_background_color":"C0DEED","listed_count":1,"is_translation_enabled":false,"utc_offset":-21600,"statuses_count":4359,"description":"","friends_count":188,"location":"Fargo","profile_link_color":"0084B4","profile_image_url":"http://pbs.twimg.com/profile_images/533665736355356672/JIU8duNF_normal.jpeg","following":false,"geo_enabled":true,"profile_banner_url":"https://pbs.twimg.com/profile_banners/724596810/1384595886","profile_background_image_url":"http://abs.twimg.com/images/themes/theme1/bg.png","name":"Nick Williams","lang":"en","profile_background_tile":false,"favourites_count":2053,"screen_name":"NickyWilly322","notifications":false,"url":null,"created_at":"Sun Jul 29 20:36:38 +0000 2012","contributors_enabled":false,"time_zone":"Central Time (US & Canada)","protected":false,"default_profile":true,"is_translator":false},"geo":null,"in_reply_to_user_id_str":"28785486","lang":"en","created_at":"Mon Dec 15 06:00:10 +0000 2014","in_reply_to_status_id_str":"544325896661114881","place":null}
]