[{"contributors":null,"truncated":false,"text":"@newscomauHQ I hope this is true","in_reply_to_status_id":544350480780914688,"id":544350720535699456,"favorite_count":1,"source":"<a href=\"http://twitter.com\" rel=\"nofollow\">Twitter Web Client</a>","retweeted":false,"coordinates":null,"entities":{"symbols":[],"user_mentions":[{"id":15250661,"indices":[0,12],"id_str":"15250661","screen_name":"newscomauHQ","name":"news.com.au"}],"hashtags":[],"urls":[]},"in_reply_to_screen_name":"newscomauHQ","id_str":"544350720535699456","retweet_count":0,"in_reply_to_user_id":15250661,"favorited":false,"user":{"follow_request_sent":false,"profile_use_background_image":true,"profile_text_color":"333333","default_profile_image":false,"id":20954511,"profile_background_image_url_https":"https://pbs.twimg.com/profile_background_images/8258970/LSRM_Community_Day_20081.jpg","verified":false,"profile_location":null,"profile_image_url_https":"https://pbs.twimg.com/profile_images/94303673/zaniescampics_195_normal.jpg","profile_sidebar_fill_color":"DDFFCC","entities":{"description":{"urls":[]}},"followers_count":726,"profile_sidebar_border_color":"BDDCAD","id_str":"20954511","profile_background_color":"9AE4E8","listed_count":12,"is_translation_enabled":false,"utc_offset":39600,"statuses_count":11966,"description":"Island girl +love God + love people....all views expressed are my own...","friends_count":1176,"location":"Sydney, Australia","profile_link_color":"0084B4","profile_image_url":"http://pbs.twimg.com/profile_images/94303673/zaniescampics_195_normal.jpg","following":false,"geo_enabled":true,"profile_background_image_url":"http://pbs.twimg.com/profile_background_images/8258970/LSRM_Community_Day_20081.jpg","name":"LBKV","lang":"en","profile_background_tile":true,"favourites_count":22,"screen_name":"LizannV","notifications":false,"url":null,"created_at":"Mon Feb 16 01:51:16 +0000 2009","contributors_enabled":false,"time_zone":"Sydney","protected":false,"default_profile":false,"is_translator":false},"geo":null,"in_reply_to_user_id_str":"15250661","lang":"en","created_at":"Mon Dec 15 04:38:19 +0000 2014","in_reply_to_status_id_str":"544350480780914688","place":null},
{"contributors":null,"truncated":false,"text":"@newscomauHQ lets hope they are ok.","in_reply_to_status_id":544350480780914688,"id":544350728697806848,"favorite_count":0,"source":"<a href=\"http://twitter.com/download/android\" rel=\"nofollow\">Twitter for Android</a>","retweeted":false,"coordinates":null,"entities":{"symbols":[],"user_mentions":[{"id":15250661,"indices":[0,12],"id_str":"15250661","screen_name":"newscomauHQ","name":"news.com.au"}],"hashtags":[],"urls":[]},"in_reply_to_screen_name":"newscomauHQ","id_str":"544350728697806848","retweet_count":0,"in_reply_to_user_id":15250661,"favorited":false,"user":{"follow_request_sent":false,"profile_use_background_image":true,"profile_text_color":"333333","default_profile_image":false,"id":226748027,"profile_background_image_url_https":"https://abs.twimg.com/images/themes/theme1/bg.png","verified":false,"profile_location":null,"profile_image_url_https":"https://pbs.twimg.com/profile_images/510737858588442624/Gtr0B3mt_normal.jpeg","profile_sidebar_fill_color":"DDEEF6","entities":{"description":{"urls":[]}},"followers_count":49,"profile_sidebar_border_color":"C0DEED","id_str":"226748027","profile_background_color":"C0DEED","listed_count":0,"is_translation_enabled":false,"utc_offset":null,"statuses_count":2102,"description":"long suffering bunnies supporter, lover of fast food, cricket.","friends_count":238,"location":"Newcastle","profile_link_color":"0084B4","profile_image_url":"http://pbs.twimg.com/profile_images/510737858588442624/Gtr0B3mt_normal.jpeg","following":false,"geo_enabled":false,"profile_banner_url":"https://pbs.twimg.com/profile_banners/226748027/1410604344","profile_background_image_url":"http://abs.twimg.com/images/themes/theme1/bg.png","name":"hbg1968","lang":"en","profile_background_tile":false,"favourites_count":1132,"screen_name":"hbgmobile","notifications":false,"url":null,"created_at":"Tue Dec 14 23:55:00 +0000 2010","contributors_enabled":false,"time_zone":null,"protected":false,"default_profile":true,"is_translator":false},"geo":null,"in_reply_to_user_id_str":"15250661","lang":"en","created_at":"Mon Dec 15 04:38:21 +0000 2014","in_reply_to_status_id_str":"544350480780914688","place":null},
{"contributors":null,"truncated":false,"text":"@newscomauHQ hope they are safe","in_reply_to_status_id":544350480780914688,"id":544350865914466304,"favorite_count":0,"source":"<a href=\"http://twitter.com/download/iphone\" rel=\"nofollow\">Twitter for iPhone</a>","retweeted":false,"coordinates":null,"entities":{"symbols":[],"user_mentions":[{"id":15250661,"indices":[0,12],"id_str":"15250661","screen_name":"newscomauHQ","name":"news.com.au"}],"hashtags":[],"urls":[]},"in_reply_to_screen_name":"newscomauHQ","id_str":"544350865914466304","retweet_count":0,"in_reply_to_user_id":15250661,"favorited":false,"user":{"follow_request_sent":false,"profile_use_background_image":true,"profile_text_color":"333333","default_profile_image":false,"id":2381599033,"profile_background_image_url_https":"https://abs.twimg.com/images/themes/theme1/bg.png","verified":false,"profile_location":null,"profile_image_url_https":"https://pbs.twimg.com/profile_images/442898244306083840/pNGAMXCp_normal.jpeg","profile_sidebar_fill_color":"DDEEF6","entities":{"description":{"urls":[]}},"followers_count":51,"profile_sidebar_border_color":"C0DEED","id_str":"2381599033","profile_background_color":"C0DEED","listed_count":0,"is_translation_enabled":false,"utc_offset":null,"statuses_count":95,"description":"","friends_count":242,"location":"","profile_link_color":"0084B4","profile_image_url":"http://pbs.twimg.com/profile_images/442898244306083840/pNGAMXCp_normal.jpeg","following":false,"geo_enabled":false,"profile_background_image_url":"http://abs.twimg.com/images/themes/theme1/bg.png","name":"Hossam Ibrahim ","lang":"en","profile_background_tile":false,"favourites_count":42,"screen_name":"HossamIbrahimau","notifications":false,"url":null,"created_at":"Mon Mar 10 05:41:03 +0000 2014","contributors_enabled":false,"time_zone":null,"protected":false,"default_profile":true,"is_translator":false},"geo":null,"in_reply_to_user_id_str":"15250661","lang":"en","created_at":"Mon Dec 15 04:38:54 +0000 2014","in_reply_to_status_id_str":"544350480780914688","place":null},
{"contributors":null,"truncated":false,"text":"BREAKING: Hostages are running out of the cafe #sydneysiege v @newscomauHQ","in_reply_to_status_id":544350480780914688,"id":544350868556877824,"favorite_count":0,"source":"<a href=\"http://twitter.com/download/iphone\" rel=\"nofollow\">Twitter for iPhone</a>","retweeted":false,"coordinates":null,"entities":{"symbols":[],"user_mentions":[{"id":15250661,"indices":[62,74],"id_str":"15250661","screen_name":"newscomauHQ","name":"news.com.au"}],"hashtags":[{"indices":[47,59],"text":"sydneysiege"}],"urls":[]},"in_reply_to_screen_name":"newscomauHQ","id_str":"544350868556877824","retweet_count":0,"in_reply_to_user_id":15250661,"favorited":false,"user":{"follow_request_sent":false,"profile_use_background_image":true,"profile_text_color":"666666","default_profile_image":false,"id":282977213,"profile_background_image_url_https":"https://abs.twimg.com/images/themes/theme9/bg.gif","verified":false,"profile_location":null,"profile_image_url_https":"https://pbs.twimg.com/profile_images/2997633383/52784c0d183c26270f58c7aea437fe49_normal.jpeg","profile_sidebar_fill_color":"252429","entities":{"url":{"urls":[{"url":"http://t.co/UteVTr91q8","indices":[0,22],"expanded_url":"http://www.amroali.com","display_url":"amroali.com"}]},"description":{"urls":[{"url":"http://t.co/BYJyXz5iJm","indices":[124,146],"expanded_url":"http://on.fb.me/T5C1vn","display_url":"on.fb.me/T5C1vn"}]}},"followers_count":4633,"profile_sidebar_border_color":"000000","id_str":"282977213","profile_background_color":"1A1B1F","listed_count":236,"is_translation_enabled":false,"utc_offset":39600,"statuses_count":21328,"description":"PhD scholar at Dept. of Gov't & IR - Sydney University | #Egypt & #MiddleEast analyst | Admin of #Alexandria Scholars (URL: http://t.co/BYJyXz5iJm) #HumanRights","friends_count":751,"location":"Alex (Egypt) & Sydney (Aus)","profile_link_color":"2FC2EF","profile_image_url":"http://pbs.twimg.com/profile_images/2997633383/52784c0d183c26270f58c7aea437fe49_normal.jpeg","following":false,"geo_enabled":true,"profile_banner_url":"https://pbs.twimg.com/profile_banners/282977213/1400322724","profile_background_image_url":"http://abs.twimg.com/images/themes/theme9/bg.gif","name":"Amro Ali","lang":"en","profile_background_tile":false,"favourites_count":3270,"screen_name":"_amroali","notifications":false,"url":"http://t.co/UteVTr91q8","created_at":"Sat Apr 16 09:48:12 +0000 2011","contributors_enabled":false,"time_zone":"Sydney","protected":false,"default_profile":false,"is_translator":false},"geo":null,"in_reply_to_user_id_str":"15250661","lang":"en","created_at":"Mon Dec 15 04:38:55 +0000 2014","in_reply_to_status_id_str":"544350480780914688","place":null},
{"contributors":null,"truncated":false,"text":"OMG is this true “@newscomauHQ: BREAKING: Hostages are running out of the cafe #sydneysiege”","in_reply_to_status_id":544350480780914688,"id":544350927960809472,"favorite_count":0,"source":"<a href=\"http://twitter.com/download/iphone\" rel=\"nofollow\">Twitter for iPhone</a>","retweeted":false,"coordinates":null,"entities":{"symbols":[],"user_mentions":[{"id":15250661,"indices":[18,30],"id_str":"15250661","screen_name":"newscomauHQ","name":"news.com.au"}],"hashtags":[{"indices":[79,91],"text":"sydneysiege"}],"urls":[]},"in_reply_to_screen_name":"newscomauHQ","id_str":"544350927960809472","retweet_count":0,"in_reply_to_user_id":15250661,"favorited":false,"user":{"follow_request_sent":false,"profile_use_background_image":false,"profile_text_color":"000000","default_profile_image":false,"id":22328593,"profile_background_image_url_https":"https://pbs.twimg.com/profile_background_images/717338438/5651ddb278923e0e50dfab443a83ab16.jpeg","verified":false,"profile_location":null,"profile_image_url_https":"https://pbs.twimg.com/profile_images/543669685070200834/l9A3_CrF_normal.jpeg","profile_sidebar_fill_color":"6FC1F6","entities":{"description":{"urls":[]}},"followers_count":939,"profile_sidebar_border_color":"FFFFFF","id_str":"22328593","profile_background_color":"000000","listed_count":24,"is_translation_enabled":false,"utc_offset":39600,"statuses_count":80297,"description":"Gleek.StarKid.Baking.Gym.Holidays.Enjoying Life.CronullaSharks. #bitcham @DarrenCriss and @CurtMega are my boys","friends_count":1911,"location":"Sydney","profile_link_color":"0099FD","profile_image_url":"http://pbs.twimg.com/profile_images/543669685070200834/l9A3_CrF_normal.jpeg","following":false,"geo_enabled":true,"profile_banner_url":"https://pbs.twimg.com/profile_banners/22328593/1397041236","profile_background_image_url":"http://pbs.twimg.com/profile_background_images/717338438/5651ddb278923e0e50dfab443a83ab16.jpeg","name":"Camilla","lang":"en","profile_background_tile":false,"favourites_count":2806,"screen_name":"BlartieLove","notifications":false,"url":null,"created_at":"Sun Mar 01 03:44:34 +0000 2009","contributors_enabled":false,"time_zone":"Sydney","protected":false,"default_profile":false,"is_translator":false},"geo":null,"in_reply_to_user_id_str":"15250661","lang":"en","created_at":"Mon Dec 15 04:39:09 +0000 2014","in_reply_to_status_id_str":"544350480780914688","place":null},
{"contributors":null,"truncated":false,"text":"@newscomauHQ If this is true, what great news.  Is incident over?","in_reply_to_status_id":544350480780914688,"id":544351061561970688,"favorite_count":0,"source":"<a href=\"http://twitter.com/download/iphone\" rel=\"nofollow\">Twitter for iPhone</a>","retweeted":false,"coordinates":null,"entities":{"symbols":[],"user_mentions":[{"id":15250661,"indices":[0,12],"id_str":"15250661","screen_name":"newscomauHQ","name":"news.com.au"}],"hashtags":[],"urls":[]},"in_reply_to_screen_name":"newscomauHQ","id_str":"544351061561970688","retweet_count":0,"in_reply_to_user_id":15250661,"favorited":false,"user":{"follow_request_sent":false,"profile_use_background_image":true,"profile_text_color":"333333","default_profile_image":false,"id":2777989441,"profile_background_image_url_https":"https://abs.twimg.com/images/themes/theme1/bg.png","verified":false,"profile_location":null,"profile_image_url_https":"https://pbs.twimg.com/profile_images/547542790771453953/65pq5qrD_normal.jpeg","profile_sidebar_fill_color":"DDEEF6","entities":{"description":{"urls":[]}},"followers_count":9,"profile_sidebar_border_color":"C0DEED","id_str":"2777989441","profile_background_color":"C0DEED","listed_count":1,"is_translation_enabled":false,"utc_offset":null,"statuses_count":208,"description":"Ex pat from England now living in San Francisco.  Interests: music, writer (Compass Bear) and poet, mahjong,  current affairs. Collects playing cards.","friends_count":26,"location":"","profile_link_color":"0084B4","profile_image_url":"http://pbs.twimg.com/profile_images/547542790771453953/65pq5qrD_normal.jpeg","following":false,"geo_enabled":false,"profile_background_image_url":"http://abs.twimg.com/images/themes/theme1/bg.png","name":"mary french","lang":"en","profile_background_tile":false,"favourites_count":5,"screen_name":"ukgirlinsf","notifications":false,"url":null,"created_at":"Fri Aug 29 07:01:20 +0000 2014","contributors_enabled":false,"time_zone":null,"protected":false,"default_profile":true,"is_translator":false},"geo":null,"in_reply_to_user_id_str":"15250661","lang":"en","created_at":"Mon Dec 15 04:39:41 +0000 2014","in_reply_to_status_id_str":"544350480780914688","place":null},
{"contributors":null,"truncated":false,"text":"“@newscomauHQ: BREAKING: Hostages are running out of the cafe #sydneysiege” please let this be true","in_reply_to_status_id":544350480780914688,"id":544351270153121792,"favorite_count":1,"source":"<a href=\"http://twitter.com/download/iphone\" rel=\"nofollow\">Twitter for iPhone</a>","retweeted":false,"coordinates":null,"entities":{"symbols":[],"user_mentions":[{"id":15250661,"indices":[1,13],"id_str":"15250661","screen_name":"newscomauHQ","name":"news.com.au"}],"hashtags":[{"indices":[62,74],"text":"sydneysiege"}],"urls":[]},"in_reply_to_screen_name":"newscomauHQ","id_str":"544351270153121792","retweet_count":0,"in_reply_to_user_id":15250661,"favorited":false,"user":{"follow_request_sent":false,"profile_use_background_image":true,"profile_text_color":"333333","default_profile_image":false,"id":392592725,"profile_background_image_url_https":"https://pbs.twimg.com/profile_background_images/378800000010723354/b184644d4789826e5ca234caab7309ea.jpeg","verified":false,"profile_location":null,"profile_image_url_https":"https://pbs.twimg.com/profile_images/583239713508626432/NJP5evVI_normal.jpg","profile_sidebar_fill_color":"DDEEF6","entities":{"url":{"urls":[{"url":"http://t.co/5D4DXr4QYr","indices":[0,22],"expanded_url":"http://Instagram.com/p/oLe04Dooyq/","display_url":"Instagram.com/p/oLe04Dooyq/"}]},"description":{"urls":[]}},"followers_count":7909,"profile_sidebar_border_color":"FFFFFF","id_str":"392592725","profile_background_color":"C0DEED","listed_count":49,"is_translation_enabled":false,"utc_offset":39600,"statuses_count":53232,"description":"~I will always love you Cory Monteith~ Cory messaged me on 27 November 2011; @msleamichele tweeted me on 6/7/12 & 30/4/14! Katherine, 18, LM & CM, Glee","friends_count":1639,"location":"Australia","profile_link_color":"0084B4","profile_image_url":"http://pbs.twimg.com/profile_images/583239713508626432/NJP5evVI_normal.jpg","following":false,"geo_enabled":false,"profile_banner_url":"https://pbs.twimg.com/profile_banners/392592725/1405276363","profile_background_image_url":"http://pbs.twimg.com/profile_background_images/378800000010723354/b184644d4789826e5ca234caab7309ea.jpeg","name":"Katherine","lang":"en","profile_background_tile":true,"favourites_count":9642,"screen_name":"gleek","notifications":false,"url":"http://t.co/5D4DXr4QYr","created_at":"Mon Oct 17 08:44:02 +0000 2011","contributors_enabled":false,"time_zone":"Melbourne","protected":false,"default_profile":false,"is_translator":false},"geo":null,"in_reply_to_user_id_str":"15250661","lang":"en","created_at":"Mon Dec 15 04:40:31 +0000 2014","in_reply_to_status_id_str":"544350480780914688","place":null},
{"contributors":null,"truncated":false,"text":"“@newscomauHQ: BREAKING: Hostages are running out of the cafe #sydneysiege” I hope this is true","in_reply_to_status_id":544350480780914688,"id":544351354936782848,"favorite_count":0,"source":"<a href=\"http://twitter.com/download/iphone\" rel=\"nofollow\">Twitter for iPhone</a>","retweeted":false,"coordinates":null,"entities":{"symbols":[],"user_mentions":[{"id":15250661,"indices":[1,13],"id_str":"15250661","screen_name":"newscomauHQ","name":"news.com.au"}],"hashtags":[{"indices":[62,74],"text":"sydneysiege"}],"urls":[]},"in_reply_to_screen_name":"newscomauHQ","id_str":"544351354936782848","retweet_count":0,"in_reply_to_user_id":15250661,"favorited":false,"user":{"follow_request_sent":false,"profile_use_background_image":true,"profile_text_color":"333333","default_profile_image":false,"id":1964231101,"profile_background_image_url_https":"https://abs.twimg.com/images/themes/theme1/bg.png","verified":false,"profile_location":null,"profile_image_url_https":"https://pbs.twimg.com/profile_images/533885710952968193/3cEoEp0F_normal.jpeg","profile_sidebar_fill_color":"DDEEF6","entities":{"description":{"urls":[]}},"followers_count":51,"profile_sidebar_border_color":"C0DEED","id_str":"1964231101","profile_background_color":"C0DEED","listed_count":1,"is_translation_enabled":false,"utc_offset":null,"statuses_count":197,"description":"luke jai and james kissed me\njai luke james skip and beau hugged me\n\nLUKE SAID HE LOVED ME \nJAI LIKES MY SQUISHY CHEEKS","friends_count":244,"location":"","profile_link_color":"0084B4","profile_image_url":"http://pbs.twimg.com/profile_images/533885710952968193/3cEoEp0F_normal.jpeg","following":false,"geo_enabled":false,"profile_banner_url":"https://pbs.twimg.com/profile_banners/1964231101/1416123248","profile_background_image_url":"http://abs.twimg.com/images/themes/theme1/bg.png","name":"janoskians❤️","lang":"en","profile_background_tile":false,"favourites_count":451,"screen_name":"louisa_macafee","notifications":false,"url":null,"created_at":"Wed Oct 16 07:09:10 +0000 2013","contributors_enabled":false,"time_zone":null,"protected":false,"default_profile":true,"is_translator":false},"geo":null,"in_reply_to_user_id_str":"15250661","lang":"en","created_at":"Mon Dec 15 04:40:51 +0000 2014","in_reply_to_status_id_str":"544350480780914688","place":null},
{"contributors":null,"truncated":false,"text":"@newscomauHQ Please let this be true!","in_reply_to_status_id":544350480780914688,"id":544351417365176320,"favorite_count":0,"source":"<a href=\"http://twitter.com\" rel=\"nofollow\">Twitter Web Client</a>","retweeted":false,"coordinates":null,"entities":{"symbols":[],"user_mentions":[{"id":15250661,"indices":[0,12],"id_str":"15250661","screen_name":"newscomauHQ","name":"news.com.au"}],"hashtags":[],"urls":[]},"in_reply_to_screen_name":"newscomauHQ","id_str":"544351417365176320","retweet_count":0,"in_reply_to_user_id":15250661,"favorited":false,"user":{"follow_request_sent":false,"profile_use_background_image":true,"profile_text_color":"333333","default_profile_image":false,"id":504472821,"profile_background_image_url_https":"https://abs.twimg.com/images/themes/theme18/bg.gif","verified":false,"profile_location":null,"profile_image_url_https":"https://pbs.twimg.com/profile_images/555583098314715136/cFcFxPZf_normal.jpeg","profile_sidebar_fill_color":"F6F6F6","entities":{"description":{"urls":[]}},"followers_count":90,"profile_sidebar_border_color":"EEEEEE","id_str":"504472821","profile_background_color":"ACDED6","listed_count":3,"is_translation_enabled":false,"utc_offset":36000,"statuses_count":217,"description":"Television, Radio and Film student @NewhouseSU, casual gamer, and unofficial Ryan Gosling look-a-like.","friends_count":451,"location":"Australia","profile_link_color":"000000","profile_image_url":"http://pbs.twimg.com/profile_images/555583098314715136/cFcFxPZf_normal.jpeg","following":false,"geo_enabled":false,"profile_banner_url":"https://pbs.twimg.com/profile_banners/504472821/1405203290","profile_background_image_url":"http://abs.twimg.com/images/themes/theme18/bg.gif","name":"Nicole Clarke","lang":"en","profile_background_tile":false,"favourites_count":130,"screen_name":"thenicoleclarke","notifications":false,"url":null,"created_at":"Sun Feb 26 12:57:56 +0000 2012","contributors_enabled":false,"time_zone":"Brisbane","protected":false,"default_profile":false,"is_translator":false},"geo":null,"in_reply_to_user_id_str":"15250661","lang":"en","created_at":"Mon Dec 15 04:41:06 +0000 2014","in_reply_to_status_id_str":"544350480780914688","place":null},
{"contributors":null,"truncated":false,"text":"@BlartieLove @newscomauHQ Watching channel 9 and they have not said a word about people running out, they also have camera on the entrance","in_reply_to_status_id":544350927960809472,"id":544351520461160448,"favorite_count":0,"source":"<a href=\"https://about.twitter.com/products/tweetdeck\" rel=\"nofollow\">TweetDeck</a>","retweeted":false,"coordinates":null,"entities":{"symbols":[],"user_mentions":[{"id":22328593,"indices":[0,12],"id_str":"22328593","screen_name":"BlartieLove","name":"Camilla"},{"id":15250661,"indices":[13,25],"id_str":"15250661","screen_name":"newscomauHQ","name":"news.com.au"}],"hashtags":[],"urls":[]},"in_reply_to_screen_name":"BlartieLove","id_str":"544351520461160448","retweet_count":0,"in_reply_to_user_id":22328593,"favorited":false,"user":{"follow_request_sent":false,"profile_use_background_image":true,"profile_text_color":"333333","default_profile_image":false,"id":14568586,"profile_background_image_url_https":"https://abs.twimg.com/images/themes/theme6/bg.gif","verified":false,"profile_location":null,"profile_image_url_https":"https://pbs.twimg.com/profile_images/573668729516523521/EQE_rEud_normal.jpeg","profile_sidebar_fill_color":"A0C5C7","entities":{"description":{"urls":[]}},"followers_count":153,"profile_sidebar_border_color":"000000","id_str":"14568586","profile_background_color":"709397","listed_count":6,"is_translation_enabled":false,"utc_offset":39600,"statuses_count":11131,"description":"Supporter of The Parramatta Eels","friends_count":408,"location":"","profile_link_color":"0015FF","profile_image_url":"http://pbs.twimg.com/profile_images/573668729516523521/EQE_rEud_normal.jpeg","following":false,"geo_enabled":false,"profile_banner_url":"https://pbs.twimg.com/profile_banners/14568586/1360490921","profile_background_image_url":"http://abs.twimg.com/images/themes/theme6/bg.gif","name":"Paul Corlson","lang":"en","profile_background_tile":false,"favourites_count":175,"screen_name":"pauljc26","notifications":false,"url":null,"created_at":"Mon Apr 28 12:37:10 +0000 2008","contributors_enabled":false,"time_zone":"Sydney","protected":false,"default_profile":false,"is_translator":false},"geo":null,"in_reply_to_user_id_str":"22328593","lang":"en","created_at":"Mon Dec 15 04:41:30 +0000 2014","in_reply_to_status_id_str":"544350927960809472","place":null},
{"contributors":null,"truncated":false,"text":"@newscomauHQ @mirandadevine if this is true, I fear this could turn very nasty very quickly as the remaining ones may be abused by terrorist","in_reply_to_status_id":544350480780914688,"id":544351759796150272,"favorite_count":1,"source":"<a href=\"http://twitter.com\" rel=\"nofollow\">Twitter Web Client</a>","retweeted":false,"coordinates":null,"entities":{"symbols":[],"user_mentions":[{"id":15250661,"indices":[0,12],"id_str":"15250661","screen_name":"newscomauHQ","name":"news.com.au"},{"id":32201297,"indices":[13,27],"id_str":"32201297","screen_name":"mirandadevine","name":"Miranda Devine"}],"hashtags":[],"urls":[]},"in_reply_to_screen_name":"newscomauHQ","id_str":"544351759796150272","retweet_count":0,"in_reply_to_user_id":15250661,"favorited":false,"user":{"follow_request_sent":false,"profile_use_background_image":true,"profile_text_color":"333333","default_profile_image":false,"id":1724568876,"profile_background_image_url_https":"https://abs.twimg.com/images/themes/theme1/bg.png","verified":false,"profile_location":null,"profile_image_url_https":"https://pbs.twimg.com/profile_images/378800000404051376/f5dacc3ab43b54032b7097f076d5cf23_normal.jpeg","profile_sidebar_fill_color":"DDEEF6","entities":{"description":{"urls":[]}},"followers_count":938,"profile_sidebar_border_color":"FFFFFF","id_str":"1724568876","profile_background_color":"C0DEED","listed_count":2,"is_translation_enabled":false,"utc_offset":0,"statuses_count":40423,"description":"A little left & a lot more right. In the real world there's not much difference. A  proud Nationalist Socialist who despises Communists","friends_count":509,"location":"","profile_link_color":"0084B4","profile_image_url":"http://pbs.twimg.com/profile_images/378800000404051376/f5dacc3ab43b54032b7097f076d5cf23_normal.jpeg","following":false,"geo_enabled":false,"profile_banner_url":"https://pbs.twimg.com/profile_banners/1724568876/1378190498","profile_background_image_url":"http://abs.twimg.com/images/themes/theme1/bg.png","name":"The Angry Socialist","lang":"en","profile_background_tile":false,"favourites_count":21509,"screen_name":"angrysocialst","notifications":false,"url":null,"created_at":"Tue Sep 03 06:36:01 +0000 2013","contributors_enabled":false,"time_zone":"London","protected":false,"default_profile":false,"is_translator":false},"geo":null,"in_reply_to_user_id_str":"15250661","lang":"en","created_at":"Mon Dec 15 04:42:27 +0000 2014","in_reply_to_status_id_str":"544350480780914688","place":null},
{"contributors":null,"truncated":false,"text":"@pauljc26 @newscomauHQ stupid media","in_reply_to_status_id":544351520461160448,"id":544351835809513472,"favorite_count":0,"source":"<a href=\"http://twitter.com/download/iphone\" rel=\"nofollow\">Twitter for iPhone</a>","retweeted":false,"coordinates":null,"entities":{"symbols":[],"user_mentions":[{"id":14568586,"indices":[0,9],"id_str":"14568586","screen_name":"pauljc26","name":"Paul Corlson"},{"id":15250661,"indices":[10,22],"id_str":"15250661","screen_name":"newscomauHQ","name":"news.com.au"}],"hashtags":[],"urls":[]},"in_reply_to_screen_name":"pauljc26","id_str":"544351835809513472","retweet_count":0,"in_reply_to_user_id":14568586,"favorited":false,"user":{"follow_request_sent":false,"profile_use_background_image":false,"profile_text_color":"000000","default_profile_image":false,"id":22328593,"profile_background_image_url_https":"https://pbs.twimg.com/profile_background_images/717338438/5651ddb278923e0e50dfab443a83ab16.jpeg","verified":false,"profile_location":null,"profile_image_url_https":"https://pbs.twimg.com/profile_images/543669685070200834/l9A3_CrF_normal.jpeg","profile_sidebar_fill_color":"6FC1F6","entities":{"description":{"urls":[]}},"followers_count":939,"profile_sidebar_border_color":"FFFFFF","id_str":"22328593","profile_background_color":"000000","listed_count":24,"is_translation_enabled":false,"utc_offset":39600,"statuses_count":80297,"description":"Gleek.StarKid.Baking.Gym.Holidays.Enjoying Life.CronullaSharks. #bitcham @DarrenCriss and @CurtMega are my boys","friends_count":1911,"location":"Sydney","profile_link_color":"0099FD","profile_image_url":"http://pbs.twimg.com/profile_images/543669685070200834/l9A3_CrF_normal.jpeg","following":false,"geo_enabled":true,"profile_banner_url":"https://pbs.twimg.com/profile_banners/22328593/1397041236","profile_background_image_url":"http://pbs.twimg.com/profile_background_images/717338438/5651ddb278923e0e50dfab443a83ab16.jpeg","name":"Camilla","lang":"en","profile_background_tile":false,"favourites_count":2806,"screen_name":"BlartieLove","notifications":false,"url":null,"created_at":"Sun Mar 01 03:44:34 +0000 2009","contributors_enabled":false,"time_zone":"Sydney","protected":false,"default_profile":false,"is_translator":false},"geo":null,"in_reply_to_user_id_str":"14568586","lang":"en","created_at":"Mon Dec 15 04:42:45 +0000 2014","in_reply_to_status_id_str":"544351520461160448","place":null},
{"contributors":null,"truncated":false,"text":"@gleek @newscomauHQ apparently 3 have got out","in_reply_to_status_id":544351270153121792,"id":544352038591557632,"favorite_count":0,"source":"<a href=\"http://twitter.com\" rel=\"nofollow\">Twitter Web Client</a>","retweeted":false,"coordinates":null,"entities":{"symbols":[],"user_mentions":[{"id":392592725,"indices":[0,6],"id_str":"392592725","screen_name":"gleek","name":"Katherine"},{"id":15250661,"indices":[7,19],"id_str":"15250661","screen_name":"newscomauHQ","name":"news.com.au"}],"hashtags":[],"urls":[]},"in_reply_to_screen_name":"gleek","id_str":"544352038591557632","retweet_count":0,"in_reply_to_user_id":392592725,"favorited":false,"user":{"follow_request_sent":false,"profile_use_background_image":false,"profile_text_color":"000000","default_profile_image":false,"id":1955321664,"profile_background_image_url_https":"https://abs.twimg.com/images/themes/theme1/bg.png","verified":false,"profile_location":null,"profile_image_url_https":"https://pbs.twimg.com/profile_images/545444977405202433/Chhxokqc_normal.png","profile_sidebar_fill_color":"000000","entities":{"description":{"urls":[]}},"followers_count":115,"profile_sidebar_border_color":"000000","id_str":"1955321664","profile_background_color":"000000","listed_count":2,"is_translation_enabled":false,"utc_offset":39600,"statuses_count":973,"description":"I like YouTube a bit too much, oops...                           Craving a hug from Nolan. I gave up on finding a twitter header so that'll have to do for now.","friends_count":263,"location":"Sydney, Australia.","profile_link_color":"CA95E4","profile_image_url":"http://pbs.twimg.com/profile_images/545444977405202433/Chhxokqc_normal.png","following":false,"geo_enabled":false,"profile_banner_url":"https://pbs.twimg.com/profile_banners/1955321664/1418879373","profile_background_image_url":"http://abs.twimg.com/images/themes/theme1/bg.png","name":"SDK OR FLOP","lang":"en","profile_background_tile":false,"favourites_count":588,"screen_name":"myhartoistaken","notifications":false,"url":null,"created_at":"Sat Oct 12 00:21:35 +0000 2013","contributors_enabled":false,"time_zone":"New Caledonia","protected":false,"default_profile":false,"is_translator":false},"geo":null,"in_reply_to_user_id_str":"392592725","lang":"en","created_at":"Mon Dec 15 04:43:34 +0000 2014","in_reply_to_status_id_str":"544351270153121792","place":null},
{"contributors":null,"truncated":false,"text":"@BlartieLove it is confirmed Camilla","in_reply_to_status_id":544350927960809472,"id":544352048615944192,"favorite_count":0,"source":"<a href=\"https://about.twitter.com/products/tweetdeck\" rel=\"nofollow\">TweetDeck</a>","retweeted":false,"coordinates":null,"entities":{"symbols":[],"user_mentions":[{"id":22328593,"indices":[0,12],"id_str":"22328593","screen_name":"BlartieLove","name":"Camilla"}],"hashtags":[],"urls":[]},"in_reply_to_screen_name":"BlartieLove","id_str":"544352048615944192","retweet_count":0,"in_reply_to_user_id":22328593,"favorited":false,"user":{"follow_request_sent":false,"profile_use_background_image":true,"profile_text_color":"000000","default_profile_image":false,"id":15250661,"profile_background_image_url_https":"https://pbs.twimg.com/profile_background_images/324056025/twitter_background-news.jpg","verified":true,"profile_location":null,"profile_image_url_https":"https://pbs.twimg.com/profile_images/552230406930432000/xBIGVtYz_normal.jpeg","profile_sidebar_fill_color":"EDEDED","entities":{"url":{"urls":[{"url":"http://t.co/2imUDH2wDK","indices":[0,22],"expanded_url":"http://www.news.com.au","display_url":"news.com.au"}]},"description":{"urls":[]}},"followers_count":172667,"profile_sidebar_border_color":"FFFFFF","id_str":"15250661","profile_background_color":"FFFFFF","listed_count":2232,"is_translation_enabled":false,"utc_offset":39600,"statuses_count":104571,"description":"Australia's most popular news site. Bringing you the latest breaking news from Australia and around the world.","friends_count":4179,"location":"Australia","profile_link_color":"0A6395","profile_image_url":"http://pbs.twimg.com/profile_images/552230406930432000/xBIGVtYz_normal.jpeg","following":false,"geo_enabled":true,"profile_banner_url":"https://pbs.twimg.com/profile_banners/15250661/1418690664","profile_background_image_url":"http://pbs.twimg.com/profile_background_images/324056025/twitter_background-news.jpg","name":"news.com.au","lang":"en","profile_background_tile":false,"favourites_count":865,"screen_name":"newscomauHQ","notifications":false,"url":"http://t.co/2imUDH2wDK","created_at":"Fri Jun 27 02:03:07 +0000 2008","contributors_enabled":false,"time_zone":"Sydney","protected":false,"default_profile":false,"is_translator":false},"geo":null,"in_reply_to_user_id_str":"22328593","lang":"en","created_at":"Mon Dec 15 04:43:36 +0000 2014","in_reply_to_status_id_str":"544350927960809472","place":null},
{"contributors":null,"truncated":false,"text":"@newscomauHQ @mirandadevine the terrorist may become even more desperate, thats happened in so many times in similar situations","in_reply_to_status_id":544351759796150272,"id":544352088658935808,"favorite_count":1,"source":"<a href=\"http://twitter.com\" rel=\"nofollow\">Twitter Web Client</a>","retweeted":false,"coordinates":null,"entities":{"symbols":[],"user_mentions":[{"id":15250661,"indices":[0,12],"id_str":"15250661","screen_name":"newscomauHQ","name":"news.com.au"},{"id":32201297,"indices":[13,27],"id_str":"32201297","screen_name":"mirandadevine","name":"Miranda Devine"}],"hashtags":[],"urls":[]},"in_reply_to_screen_name":"angrysocialst","id_str":"544352088658935808","retweet_count":0,"in_reply_to_user_id":1724568876,"favorited":false,"user":{"follow_request_sent":false,"profile_use_background_image":true,"profile_text_color":"333333","default_profile_image":false,"id":1724568876,"profile_background_image_url_https":"https://abs.twimg.com/images/themes/theme1/bg.png","verified":false,"profile_location":null,"profile_image_url_https":"https://pbs.twimg.com/profile_images/378800000404051376/f5dacc3ab43b54032b7097f076d5cf23_normal.jpeg","profile_sidebar_fill_color":"DDEEF6","entities":{"description":{"urls":[]}},"followers_count":938,"profile_sidebar_border_color":"FFFFFF","id_str":"1724568876","profile_background_color":"C0DEED","listed_count":2,"is_translation_enabled":false,"utc_offset":0,"statuses_count":40423,"description":"A little left & a lot more right. In the real world there's not much difference. A  proud Nationalist Socialist who despises Communists","friends_count":509,"location":"","profile_link_color":"0084B4","profile_image_url":"http://pbs.twimg.com/profile_images/378800000404051376/f5dacc3ab43b54032b7097f076d5cf23_normal.jpeg","following":false,"geo_enabled":false,"profile_banner_url":"https://pbs.twimg.com/profile_banners/1724568876/1378190498","profile_background_image_url":"http://abs.twimg.com/images/themes/theme1/bg.png","name":"The Angry Socialist","lang":"en","profile_background_tile":false,"favourites_count":21509,"screen_name":"angrysocialst","notifications":false,"url":null,"created_at":"Tue Sep 03 06:36:01 +0000 2013","contributors_enabled":false,"time_zone":"London","protected":false,"default_profile":false,"is_translator":false},"geo":null,"in_reply_to_user_id_str":"1724568876","lang":"en","created_at":"Mon Dec 15 04:43:46 +0000 2014","in_reply_to_status_id_str":"544351759796150272","place":null},
{"contributors":null,"truncated":false,"text":"@BlartieLove 2GB have confirmed 3 people have come out","in_reply_to_status_id":544351835809513472,"id":544352189267714051,"favorite_count":0,"source":"<a href=\"https://about.twitter.com/products/tweetdeck\" rel=\"nofollow\">TweetDeck</a>","retweeted":false,"coordinates":null,"entities":{"symbols":[],"user_mentions":[{"id":22328593,"indices":[0,12],"id_str":"22328593","screen_name":"BlartieLove","name":"Camilla"}],"hashtags":[],"urls":[]},"in_reply_to_screen_name":"BlartieLove","id_str":"544352189267714051","retweet_count":0,"in_reply_to_user_id":22328593,"favorited":false,"user":{"follow_request_sent":false,"profile_use_background_image":true,"profile_text_color":"333333","default_profile_image":false,"id":14568586,"profile_background_image_url_https":"https://abs.twimg.com/images/themes/theme6/bg.gif","verified":false,"profile_location":null,"profile_image_url_https":"https://pbs.twimg.com/profile_images/573668729516523521/EQE_rEud_normal.jpeg","profile_sidebar_fill_color":"A0C5C7","entities":{"description":{"urls":[]}},"followers_count":153,"profile_sidebar_border_color":"000000","id_str":"14568586","profile_background_color":"709397","listed_count":6,"is_translation_enabled":false,"utc_offset":39600,"statuses_count":11131,"description":"Supporter of The Parramatta Eels","friends_count":408,"location":"","profile_link_color":"0015FF","profile_image_url":"http://pbs.twimg.com/profile_images/573668729516523521/EQE_rEud_normal.jpeg","following":false,"geo_enabled":false,"profile_banner_url":"https://pbs.twimg.com/profile_banners/14568586/1360490921","profile_background_image_url":"http://abs.twimg.com/images/themes/theme6/bg.gif","name":"Paul Corlson","lang":"en","profile_background_tile":false,"favourites_count":175,"screen_name":"pauljc26","notifications":false,"url":null,"created_at":"Mon Apr 28 12:37:10 +0000 2008","contributors_enabled":false,"time_zone":"Sydney","protected":false,"default_profile":false,"is_translator":false},"geo":null,"in_reply_to_user_id_str":"22328593","lang":"en","created_at":"Mon Dec 15 04:44:10 +0000 2014","in_reply_to_status_id_str":"544351835809513472","place":null},
{"contributors":null,"truncated":false,"text":"@newscomauHQ how bout keeping that quiet @neontaster","in_reply_to_status_id":544350480780914688,"id":544352375579099136,"favorite_count":0,"source":"<a href=\"http://twitter.com/download/iphone\" rel=\"nofollow\">Twitter for iPhone</a>","retweeted":false,"coordinates":null,"entities":{"symbols":[],"user_mentions":[{"id":15250661,"indices":[0,12],"id_str":"15250661","screen_name":"newscomauHQ","name":"news.com.au"},{"id":19217369,"indices":[41,52],"id_str":"19217369","screen_name":"neontaster","name":"neontaster"}],"hashtags":[],"urls":[]},"in_reply_to_screen_name":"newscomauHQ","id_str":"544352375579099136","retweet_count":0,"in_reply_to_user_id":15250661,"favorited":false,"user":{"follow_request_sent":false,"profile_use_background_image":true,"profile_text_color":"333333","default_profile_image":false,"id":557329975,"profile_background_image_url_https":"https://abs.twimg.com/images/themes/theme1/bg.png","verified":false,"profile_location":null,"profile_image_url_https":"https://pbs.twimg.com/profile_images/3543319497/7a4e0df02c7c51b19fc015eeb6ddbdfb_normal.jpeg","profile_sidebar_fill_color":"DDEEF6","entities":{"description":{"urls":[]}},"followers_count":222,"profile_sidebar_border_color":"C0DEED","id_str":"557329975","profile_background_color":"C0DEED","listed_count":2,"is_translation_enabled":false,"utc_offset":null,"statuses_count":13428,"description":"....repulsive creep according to Piers Morgan, if that tells you anything.","friends_count":299,"location":"","profile_link_color":"0084B4","profile_image_url":"http://pbs.twimg.com/profile_images/3543319497/7a4e0df02c7c51b19fc015eeb6ddbdfb_normal.jpeg","following":false,"geo_enabled":false,"profile_banner_url":"https://pbs.twimg.com/profile_banners/557329975/1417658662","profile_background_image_url":"http://abs.twimg.com/images/themes/theme1/bg.png","name":"M Gardner","lang":"en","profile_background_tile":false,"favourites_count":3211,"screen_name":"Engerlandm8","notifications":false,"url":null,"created_at":"Thu Apr 19 00:09:49 +0000 2012","contributors_enabled":false,"time_zone":null,"protected":false,"default_profile":true,"is_translator":false},"geo":null,"in_reply_to_user_id_str":"15250661","lang":"en","created_at":"Mon Dec 15 04:44:54 +0000 2014","in_reply_to_status_id_str":"544350480780914688","place":null},
{"contributors":null,"truncated":false,"text":"@kristi_in_heels that's a start","in_reply_to_status_id":544353083921154048,"id":544353295645433857,"favorite_count":0,"source":"<a href=\"http://twitter.com/#!/download/ipad\" rel=\"nofollow\">Twitter for iPad</a>","retweeted":false,"coordinates":null,"entities":{"symbols":[],"user_mentions":[{"id":117048519,"indices":[0,16],"id_str":"117048519","screen_name":"kristi_in_heels","name":"Kristi"}],"hashtags":[],"urls":[]},"in_reply_to_screen_name":"kristi_in_heels","id_str":"544353295645433857","retweet_count":0,"in_reply_to_user_id":117048519,"favorited":false,"user":{"follow_request_sent":false,"profile_use_background_image":false,"profile_text_color":"000000","default_profile_image":false,"id":22328593,"profile_background_image_url_https":"https://pbs.twimg.com/profile_background_images/717338438/5651ddb278923e0e50dfab443a83ab16.jpeg","verified":false,"profile_location":null,"profile_image_url_https":"https://pbs.twimg.com/profile_images/543669685070200834/l9A3_CrF_normal.jpeg","profile_sidebar_fill_color":"6FC1F6","entities":{"description":{"urls":[]}},"followers_count":939,"profile_sidebar_border_color":"FFFFFF","id_str":"22328593","profile_background_color":"000000","listed_count":24,"is_translation_enabled":false,"utc_offset":39600,"statuses_count":80298,"description":"Gleek.StarKid.Baking.Gym.Holidays.Enjoying Life.CronullaSharks. #bitcham @DarrenCriss and @CurtMega are my boys","friends_count":1912,"location":"Sydney","profile_link_color":"0099FD","profile_image_url":"http://pbs.twimg.com/profile_images/543669685070200834/l9A3_CrF_normal.jpeg","following":false,"geo_enabled":true,"profile_banner_url":"https://pbs.twimg.com/profile_banners/22328593/1397041236","profile_background_image_url":"http://pbs.twimg.com/profile_background_images/717338438/5651ddb278923e0e50dfab443a83ab16.jpeg","name":"Camilla","lang":"en","profile_background_tile":false,"favourites_count":2806,"screen_name":"BlartieLove","notifications":false,"url":null,"created_at":"Sun Mar 01 03:44:34 +0000 2009","contributors_enabled":false,"time_zone":"Sydney","protected":false,"default_profile":false,"is_translator":false},"geo":null,"in_reply_to_user_id_str":"117048519","lang":"en","created_at":"Mon Dec 15 04:48:33 +0000 2014","in_reply_to_status_id_str":"544353083921154048","place":null},
{"contributors":null,"truncated":false,"text":"@BlartieLove 2 came out the front door and 1 out the back/side. Don't know if they were released or escaped.","in_reply_to_status_id":544350927960809472,"id":544353388612165632,"favorite_count":0,"source":"<a href=\"http://twitter.com/download/iphone\" rel=\"nofollow\">Twitter for iPhone</a>","retweeted":false,"coordinates":null,"entities":{"symbols":[],"user_mentions":[{"id":22328593,"indices":[0,12],"id_str":"22328593","screen_name":"BlartieLove","name":"Camilla"}],"hashtags":[],"urls":[]},"in_reply_to_screen_name":"BlartieLove","id_str":"544353388612165632","retweet_count":0,"in_reply_to_user_id":22328593,"favorited":false,"user":{"follow_request_sent":false,"profile_use_background_image":true,"profile_text_color":"000000","default_profile_image":false,"id":22193713,"profile_background_image_url_https":"https://pbs.twimg.com/profile_background_images/378800000110927418/50f35543c6a77645bc6c947822dc8cec.jpeg","verified":false,"profile_location":null,"profile_image_url_https":"https://pbs.twimg.com/profile_images/541352731789627392/Z7NJ4UUX_normal.jpeg","profile_sidebar_fill_color":"FFFFFF","entities":{"url":{"urls":[{"url":"http://t.co/IjDGARynfD","indices":[0,22],"expanded_url":"http://www.4ye.co.uk","display_url":"4ye.co.uk"}]},"description":{"urls":[]}},"followers_count":418,"profile_sidebar_border_color":"FFFFFF","id_str":"22193713","profile_background_color":"FFFFFF","listed_count":8,"is_translation_enabled":false,"utc_offset":39600,"statuses_count":28181,"description":"Managing Editor at 4 Your Excitement (@4_Y_E) Welcome to my particular brand of crazy. I'm addicted to @DarrenCriss, @joelmchale, Glee, Community & StarKid.","friends_count":445,"location":".Pigfarts. .Australia. ","profile_link_color":"000000","profile_image_url":"http://pbs.twimg.com/profile_images/541352731789627392/Z7NJ4UUX_normal.jpeg","following":false,"geo_enabled":true,"profile_banner_url":"https://pbs.twimg.com/profile_banners/22193713/1397021767","profile_background_image_url":"http://pbs.twimg.com/profile_background_images/378800000110927418/50f35543c6a77645bc6c947822dc8cec.jpeg","name":"Sarah","lang":"en","profile_background_tile":true,"favourites_count":761,"screen_name":"MsPhenom","notifications":false,"url":"http://t.co/IjDGARynfD","created_at":"Fri Feb 27 21:36:18 +0000 2009","contributors_enabled":false,"time_zone":"Sydney","protected":false,"default_profile":false,"is_translator":false},"geo":null,"in_reply_to_user_id_str":"22328593","lang":"en","created_at":"Mon Dec 15 04:48:56 +0000 2014","in_reply_to_status_id_str":"544350927960809472","place":null},
{"contributors":null,"truncated":false,"text":"@MsPhenom @BlartieLove yep we're hearing the same","in_reply_to_status_id":544353388612165632,"id":544353900044632064,"favorite_count":0,"source":"<a href=\"http://twitter.com/download/iphone\" rel=\"nofollow\">Twitter for iPhone</a>","retweeted":false,"coordinates":null,"entities":{"symbols":[],"user_mentions":[{"id":22193713,"indices":[0,9],"id_str":"22193713","screen_name":"MsPhenom","name":"Sarah"},{"id":22328593,"indices":[10,22],"id_str":"22328593","screen_name":"BlartieLove","name":"Camilla"}],"hashtags":[],"urls":[]},"in_reply_to_screen_name":"MsPhenom","id_str":"544353900044632064","retweet_count":0,"in_reply_to_user_id":22193713,"favorited":false,"user":{"follow_request_sent":false,"profile_use_background_image":true,"profile_text_color":"3D1957","default_profile_image":false,"id":357834420,"profile_background_image_url_https":"https://pbs.twimg.com/profile_background_images/643504868/h7l5ykbbemvetl10qf96.jpeg","verified":false,"profile_location":null,"profile_image_url_https":"https://pbs.twimg.com/profile_images/1595601824/IMGP5789_normal.JPG","profile_sidebar_fill_color":"7AC3EE","entities":{"description":{"urls":[]}},"followers_count":227,"profile_sidebar_border_color":"65B0DA","id_str":"357834420","profile_background_color":"642D8B","listed_count":11,"is_translation_enabled":false,"utc_offset":39600,"statuses_count":11633,"description":"Lover of the crazy, extraordinary and bizarre. Actor, human rights activist, 4YE Executive Senior Editor","friends_count":194,"location":"Canberra","profile_link_color":"FF0000","profile_image_url":"http://pbs.twimg.com/profile_images/1595601824/IMGP5789_normal.JPG","following":false,"geo_enabled":false,"profile_banner_url":"https://pbs.twimg.com/profile_banners/357834420/1348082632","profile_background_image_url":"http://pbs.twimg.com/profile_background_images/643504868/h7l5ykbbemvetl10qf96.jpeg","name":"Clare Sidoti","lang":"en","profile_background_tile":true,"favourites_count":7359,"screen_name":"ClareSidoti","notifications":false,"url":null,"created_at":"Thu Aug 18 23:59:17 +0000 2011","contributors_enabled":false,"time_zone":"Canberra","protected":false,"default_profile":false,"is_translator":false},"geo":null,"in_reply_to_user_id_str":"22193713","lang":"en","created_at":"Mon Dec 15 04:50:58 +0000 2014","in_reply_to_status_id_str":"544353388612165632","place":null},
{"contributors":null,"truncated":false,"text":"@kristi_in_heels I know, I have no idea. I just hope they weren't people hiding and they see the footage of people escaping","in_reply_to_status_id":544353521005375488,"id":544354084271058944,"favorite_count":0,"source":"<a href=\"http://twitter.com/#!/download/ipad\" rel=\"nofollow\">Twitter for iPad</a>","retweeted":false,"coordinates":null,"entities":{"symbols":[],"user_mentions":[{"id":117048519,"indices":[0,16],"id_str":"117048519","screen_name":"kristi_in_heels","name":"Kristi"}],"hashtags":[],"urls":[]},"in_reply_to_screen_name":"kristi_in_heels","id_str":"544354084271058944","retweet_count":0,"in_reply_to_user_id":117048519,"favorited":false,"user":{"follow_request_sent":false,"profile_use_background_image":false,"profile_text_color":"000000","default_profile_image":false,"id":22328593,"profile_background_image_url_https":"https://pbs.twimg.com/profile_background_images/717338438/5651ddb278923e0e50dfab443a83ab16.jpeg","verified":false,"profile_location":null,"profile_image_url_https":"https://pbs.twimg.com/profile_images/543669685070200834/l9A3_CrF_normal.jpeg","profile_sidebar_fill_color":"6FC1F6","entities":{"description":{"urls":[]}},"followers_count":939,"profile_sidebar_border_color":"FFFFFF","id_str":"22328593","profile_background_color":"000000","listed_count":24,"is_translation_enabled":false,"utc_offset":39600,"statuses_count":80298,"description":"Gleek.StarKid.Baking.Gym.Holidays.Enjoying Life.CronullaSharks. #bitcham @DarrenCriss and @CurtMega are my boys","friends_count":1912,"location":"Sydney","profile_link_color":"0099FD","profile_image_url":"http://pbs.twimg.com/profile_images/543669685070200834/l9A3_CrF_normal.jpeg","following":false,"geo_enabled":true,"profile_banner_url":"https://pbs.twimg.com/profile_banners/22328593/1397041236","profile_background_image_url":"http://pbs.twimg.com/profile_background_images/717338438/5651ddb278923e0e50dfab443a83ab16.jpeg","name":"Camilla","lang":"en","profile_background_tile":false,"favourites_count":2806,"screen_name":"BlartieLove","notifications":false,"url":null,"created_at":"Sun Mar 01 03:44:34 +0000 2009","contributors_enabled":false,"time_zone":"Sydney","protected":false,"default_profile":false,"is_translator":false},"geo":null,"in_reply_to_user_id_str":"117048519","lang":"en","created_at":"Mon Dec 15 04:51:41 +0000 2014","in_reply_to_status_id_str":"544353521005375488","place":null}
]