[{"contributors":null,"truncated":false,"text":"MT @debkhk: Sydney's central business district is under lockdwn as gunman takes hostages at a cafe\nLive: http://t.co/m2WnjRCj0S\n#sydneyseige","in_reply_to_status_id":544320992361721856,"id":544323047453257729,"favorite_count":0,"source":"<a href=\"http://twitter.com/#!/download/ipad\" rel=\"nofollow\">Twitter for iPad</a>","retweeted":false,"coordinates":null,"entities":{"symbols":[],"user_mentions":[{"id":57945416,"indices":[3,10],"id_str":"57945416","screen_name":"debkhk","name":"Deborah Kan"}],"hashtags":[{"indices":[128,140],"text":"sydneyseige"}],"urls":[{"url":"http://t.co/m2WnjRCj0S","indices":[105,127],"expanded_url":"http://online.wsj.com/public/page/asia-today-video.html","display_url":"online.wsj.com/public/page/as…"}]},"in_reply_to_screen_name":"debkhk","id_str":"544323047453257729","retweet_count":0,"in_reply_to_user_id":57945416,"favorited":false,"user":{"follow_request_sent":false,"profile_use_background_image":true,"profile_text_color":"333333","default_profile_image":false,"id":183296836,"profile_background_image_url_https":"https://pbs.twimg.com/profile_background_images/867946052/10accd95fbf50e34bc4e4bb507e9a3c6.jpeg","verified":false,"profile_location":null,"profile_image_url_https":"https://pbs.twimg.com/profile_images/562999957557608450/AOoWM8c-_normal.jpeg","profile_sidebar_fill_color":"DDEEF6","entities":{"url":{"urls":[{"url":"http://t.co/p2FcaaIUIr","indices":[0,22],"expanded_url":"http://smabdullah.wordpress.com","display_url":"smabdullah.wordpress.com"}]},"description":{"urls":[]}},"followers_count":187,"profile_sidebar_border_color":"000000","id_str":"183296836","profile_background_color":"C0DEED","listed_count":2,"is_translation_enabled":false,"utc_offset":18000,"statuses_count":3549,"description":"President @NPAS1 | Youth Minister for Law, Justice & Human Rights | #NUSTIAN","friends_count":200,"location":"Islamabad - Peshawar, Pakistan","profile_link_color":"0057B3","profile_image_url":"http://pbs.twimg.com/profile_images/562999957557608450/AOoWM8c-_normal.jpeg","following":false,"geo_enabled":true,"profile_banner_url":"https://pbs.twimg.com/profile_banners/183296836/1402105323","profile_background_image_url":"http://pbs.twimg.com/profile_background_images/867946052/10accd95fbf50e34bc4e4bb507e9a3c6.jpeg","name":"Abdullah","lang":"en","profile_background_tile":false,"favourites_count":3159,"screen_name":"syedabdullah100","notifications":false,"url":"http://t.co/p2FcaaIUIr","created_at":"Thu Aug 26 17:15:14 +0000 2010","contributors_enabled":false,"time_zone":"Islamabad","protected":false,"default_profile":false,"is_translator":false},"geo":null,"in_reply_to_user_id_str":"57945416","possibly_sensitive":false,"lang":"en","created_at":"Mon Dec 15 02:48:22 +0000 2014","in_reply_to_status_id_str":"544320992361721856","place":null},
{"contributors":null,"truncated":false,"text":"@debkhk @WSJ It has already unfolded. http://t.co/rNjy1FMdws PM of Aus has held his first press conference","in_reply_to_status_id":544320992361721856,"id":544323261723463680,"favorite_count":0,"source":"<a href=\"http://twitter.com\" rel=\"nofollow\">Twitter Web Client</a>","retweeted":false,"coordinates":null,"entities":{"symbols":[],"user_mentions":[{"id":57945416,"indices":[0,7],"id_str":"57945416","screen_name":"debkhk","name":"Deborah Kan"},{"id":3108351,"indices":[8,12],"id_str":"3108351","screen_name":"WSJ","name":"Wall Street Journal"}],"hashtags":[],"urls":[{"url":"http://t.co/rNjy1FMdws","indices":[38,60],"expanded_url":"http://www.abc.net.au/news/abcnews24/","display_url":"abc.net.au/news/abcnews24/"}]},"in_reply_to_screen_name":"debkhk","id_str":"544323261723463680","retweet_count":0,"in_reply_to_user_id":57945416,"favorited":false,"user":{"follow_request_sent":false,"profile_use_background_image":true,"profile_text_color":"333333","default_profile_image":false,"id":1925160571,"profile_background_image_url_https":"https://abs.twimg.com/images/themes/theme1/bg.png","verified":false,"profile_location":null,"profile_image_url_https":"https://pbs.twimg.com/profile_images/464246086320660483/bIPcHQSi_normal.jpeg","profile_sidebar_fill_color":"DDEEF6","entities":{"url":{"urls":[{"url":"http://t.co/1YTPerJGNi","indices":[0,22],"expanded_url":"http://www.lmdigitalmedia.wordpress.com","display_url":"lmdigitalmedia.wordpress.com"}]},"description":{"urls":[]}},"followers_count":23,"profile_sidebar_border_color":"C0DEED","id_str":"1925160571","profile_background_color":"C0DEED","listed_count":2,"is_translation_enabled":false,"utc_offset":39600,"statuses_count":97,"description":"Writer (freelance) with one rule to live by; 'CaRpE DiEm' Addicted to chocolate & coffee. CSU alum. Tweets are my own.","friends_count":105,"location":"Aus","profile_link_color":"0084B4","profile_image_url":"http://pbs.twimg.com/profile_images/464246086320660483/bIPcHQSi_normal.jpeg","following":false,"geo_enabled":false,"profile_banner_url":"https://pbs.twimg.com/profile_banners/1925160571/1408454106","profile_background_image_url":"http://abs.twimg.com/images/themes/theme1/bg.png","name":"Loz McD","lang":"en","profile_background_tile":false,"favourites_count":53,"screen_name":"LMcD10","notifications":false,"url":"http://t.co/1YTPerJGNi","created_at":"Wed Oct 02 00:43:16 +0000 2013","contributors_enabled":false,"time_zone":"Sydney","protected":false,"default_profile":true,"is_translator":false},"geo":null,"in_reply_to_user_id_str":"57945416","possibly_sensitive":false,"lang":"en","created_at":"Mon Dec 15 02:49:13 +0000 2014","in_reply_to_status_id_str":"544320992361721856","place":null},
{"contributors":null,"truncated":false,"text":"@debkhk @WSJ Okay, if it's \"one gunman\" wandering around in plain sight, likely time for \"one shot, one kill, no luck, pure skill, etc.\"","in_reply_to_status_id":544320992361721856,"id":544323525956599809,"favorite_count":1,"source":"<a href=\"http://twitter.com/download/iphone\" rel=\"nofollow\">Twitter for iPhone</a>","retweeted":false,"coordinates":null,"entities":{"symbols":[],"user_mentions":[{"id":57945416,"indices":[0,7],"id_str":"57945416","screen_name":"debkhk","name":"Deborah Kan"},{"id":3108351,"indices":[8,12],"id_str":"3108351","screen_name":"WSJ","name":"Wall Street Journal"}],"hashtags":[],"urls":[]},"in_reply_to_screen_name":"debkhk","id_str":"544323525956599809","retweet_count":0,"in_reply_to_user_id":57945416,"favorited":false,"user":{"follow_request_sent":false,"profile_use_background_image":true,"profile_text_color":"663B12","default_profile_image":false,"id":96233882,"profile_background_image_url_https":"https://abs.twimg.com/images/themes/theme2/bg.gif","verified":false,"profile_location":null,"profile_image_url_https":"https://pbs.twimg.com/profile_images/431578544431693825/hhIHlPJW_normal.jpeg","profile_sidebar_fill_color":"DAECF4","entities":{"url":{"urls":[{"url":"http://t.co/Po0yiiDIKU","indices":[0,22],"expanded_url":"http://www.greymagus.com","display_url":"greymagus.com"}]},"description":{"urls":[]}},"followers_count":346,"profile_sidebar_border_color":"C6E2EE","id_str":"96233882","profile_background_color":"C6E2EE","listed_count":19,"is_translation_enabled":false,"utc_offset":null,"statuses_count":22699,"description":"Artist, Buddhist, English, Musician. Retired journalist, sci-tech-engineering writer, editor and marketing guy.","friends_count":301,"location":"Maine","profile_link_color":"1F98C7","profile_image_url":"http://pbs.twimg.com/profile_images/431578544431693825/hhIHlPJW_normal.jpeg","following":false,"geo_enabled":true,"profile_banner_url":"https://pbs.twimg.com/profile_banners/96233882/1418829547","profile_background_image_url":"http://abs.twimg.com/images/themes/theme2/bg.gif","name":"Ray Savage","lang":"en","profile_background_tile":false,"favourites_count":2512,"screen_name":"greymagus","notifications":false,"url":"http://t.co/Po0yiiDIKU","created_at":"Fri Dec 11 23:50:35 +0000 2009","contributors_enabled":false,"time_zone":null,"protected":false,"default_profile":false,"is_translator":false},"geo":null,"in_reply_to_user_id_str":"57945416","lang":"en","created_at":"Mon Dec 15 02:50:16 +0000 2014","in_reply_to_status_id_str":"544320992361721856","place":null},
{"contributors":null,"truncated":false,"text":"@debkhk @Rezhasan UK Australia  us Europe  has to wake up and stop muslim  immigration  to their  country","in_reply_to_status_id":544320992361721856,"id":544334626487955457,"favorite_count":0,"source":"<a href=\"http://twitter.com/download/android\" rel=\"nofollow\">Twitter for Android</a>","retweeted":false,"coordinates":null,"entities":{"symbols":[],"user_mentions":[{"id":57945416,"indices":[0,7],"id_str":"57945416","screen_name":"debkhk","name":"Deborah Kan"},{"id":113415132,"indices":[8,17],"id_str":"113415132","screen_name":"Rezhasan","name":"Rezaul Hasan Laskar"}],"hashtags":[],"urls":[]},"in_reply_to_screen_name":"debkhk","id_str":"544334626487955457","retweet_count":0,"in_reply_to_user_id":57945416,"favorited":false,"user":{"follow_request_sent":false,"profile_use_background_image":true,"profile_text_color":"333333","default_profile_image":false,"id":393332376,"profile_background_image_url_https":"https://abs.twimg.com/images/themes/theme1/bg.png","verified":false,"profile_location":null,"profile_image_url_https":"https://pbs.twimg.com/profile_images/512904339887632384/jPldrpWZ_normal.jpeg","profile_sidebar_fill_color":"DDEEF6","entities":{"description":{"urls":[]}},"followers_count":123,"profile_sidebar_border_color":"C0DEED","id_str":"393332376","profile_background_color":"C0DEED","listed_count":9,"is_translation_enabled":false,"utc_offset":null,"statuses_count":5784,"description":"pro Hindu pro modi","friends_count":205,"location":"pl","profile_link_color":"0084B4","profile_image_url":"http://pbs.twimg.com/profile_images/512904339887632384/jPldrpWZ_normal.jpeg","following":false,"geo_enabled":false,"profile_banner_url":"https://pbs.twimg.com/profile_banners/393332376/1412250161","profile_background_image_url":"http://abs.twimg.com/images/themes/theme1/bg.png","name":"Dharma","lang":"en","profile_background_tile":false,"favourites_count":55,"screen_name":"dharmesh982","notifications":false,"url":null,"created_at":"Tue Oct 18 11:25:51 +0000 2011","contributors_enabled":false,"time_zone":null,"protected":false,"default_profile":true,"is_translator":false},"geo":null,"in_reply_to_user_id_str":"57945416","lang":"en","created_at":"Mon Dec 15 03:34:22 +0000 2014","in_reply_to_status_id_str":"544320992361721856","place":null},
{"contributors":null,"truncated":false,"text":"@debkhk @husainhaqqani Entire Lahore has been locked down by their counterpart. Much bigger achievement.","in_reply_to_status_id":544320992361721856,"id":544344538014167041,"favorite_count":0,"source":"<a href=\"http://twitter.com\" rel=\"nofollow\">Twitter Web Client</a>","retweeted":false,"coordinates":null,"entities":{"symbols":[],"user_mentions":[{"id":57945416,"indices":[0,7],"id_str":"57945416","screen_name":"debkhk","name":"Deborah Kan"},{"id":80330381,"indices":[8,22],"id_str":"80330381","screen_name":"husainhaqqani","name":"Husain Haqqani"}],"hashtags":[],"urls":[]},"in_reply_to_screen_name":"debkhk","id_str":"544344538014167041","retweet_count":0,"in_reply_to_user_id":57945416,"favorited":false,"user":{"follow_request_sent":false,"profile_use_background_image":true,"profile_text_color":"333333","default_profile_image":false,"id":2754645151,"profile_background_image_url_https":"https://abs.twimg.com/images/themes/theme1/bg.png","verified":false,"profile_location":null,"profile_image_url_https":"https://pbs.twimg.com/profile_images/518655888588939264/rpNIyvET_normal.png","profile_sidebar_fill_color":"DDEEF6","entities":{"description":{"urls":[]}},"followers_count":171,"profile_sidebar_border_color":"C0DEED","id_str":"2754645151","profile_background_color":"C0DEED","listed_count":1,"is_translation_enabled":false,"utc_offset":null,"statuses_count":4214,"description":"Retired civil servant interested in social causes.","friends_count":81,"location":"Pakistan","profile_link_color":"0084B4","profile_image_url":"http://pbs.twimg.com/profile_images/518655888588939264/rpNIyvET_normal.png","following":false,"geo_enabled":false,"profile_background_image_url":"http://abs.twimg.com/images/themes/theme1/bg.png","name":"M. Sadiq Swati","lang":"en","profile_background_tile":false,"favourites_count":0,"screen_name":"SwatiSadiq","notifications":false,"url":null,"created_at":"Fri Aug 22 11:01:27 +0000 2014","contributors_enabled":false,"time_zone":null,"protected":false,"default_profile":true,"is_translator":false},"geo":null,"in_reply_to_user_id_str":"57945416","lang":"en","created_at":"Mon Dec 15 04:13:45 +0000 2014","in_reply_to_status_id_str":"544320992361721856","place":null}
]