[{"contributors":null,"truncated":false,"text":"@TheDudeInSF do you judge Christianity by the KU KLux Klan?","in_reply_to_status_id":544330861680664576,"id":544331997359767552,"favorite_count":7,"source":"<a href=\"http://twitter.com/download/iphone\" rel=\"nofollow\">Twitter for iPhone</a>","retweeted":false,"coordinates":{"type":"Point","coordinates":[151.28065795,-33.88987668]},"entities":{"symbols":[],"user_mentions":[{"id":175452918,"indices":[0,12],"id_str":"175452918","screen_name":"TheDudeInSF","name":"Dean  "}],"hashtags":[],"urls":[]},"in_reply_to_screen_name":"TheDudeInSF","id_str":"544331997359767552","retweet_count":1,"in_reply_to_user_id":175452918,"favorited":false,"user":{"follow_request_sent":false,"profile_use_background_image":true,"profile_text_color":"333333","default_profile_image":false,"id":292309759,"profile_background_image_url_https":"https://abs.twimg.com/images/themes/theme1/bg.png","verified":false,"profile_location":null,"profile_image_url_https":"https://pbs.twimg.com/profile_images/2155305714/MAN_IN_A_SUIT_logo2_square2_normal.jpg","profile_sidebar_fill_color":"DDEEF6","entities":{"url":{"urls":[{"url":"http://t.co/khsqe7PBA6","indices":[0,22],"expanded_url":"http://themaninasuit.wordpress.com","display_url":"themaninasuit.wordpress.com"}]},"description":{"urls":[]}},"followers_count":455,"profile_sidebar_border_color":"C0DEED","id_str":"292309759","profile_background_color":"C0DEED","listed_count":5,"is_translation_enabled":false,"utc_offset":null,"statuses_count":544,"description":"Perpetually in a suit, altering suits, making suits, selling suits, writing blogs on suits. Also a heavy hoops fan","friends_count":497,"location":"sydney","profile_link_color":"0084B4","profile_image_url":"http://pbs.twimg.com/profile_images/2155305714/MAN_IN_A_SUIT_logo2_square2_normal.jpg","following":false,"geo_enabled":true,"profile_background_image_url":"http://abs.twimg.com/images/themes/theme1/bg.png","name":"Andrew Wilkins","lang":"en","profile_background_tile":false,"favourites_count":185,"screen_name":"Themaninasuit","notifications":false,"url":"http://t.co/khsqe7PBA6","created_at":"Tue May 03 13:02:13 +0000 2011","contributors_enabled":false,"time_zone":null,"protected":false,"default_profile":true,"is_translator":false},"geo":{"type":"Point","coordinates":[-33.88987668,151.28065795]},"in_reply_to_user_id_str":"175452918","lang":"en","created_at":"Mon Dec 15 03:23:56 +0000 2014","in_reply_to_status_id_str":"544330861680664576","place":{"full_name":"Sydney, New South Wales","url":"https://api.twitter.com/1.1/geo/id/0073b76548e5984f.json","country":"Australia","place_type":"city","bounding_box":{"type":"Polygon","coordinates":[[[150.520928608,-34.1183470085],[151.343020992,-34.1183470085],[151.343020992,-33.578140996],[150.520928608,-33.578140996]]]},"contained_within":[],"country_code":"AU","attributes":{},"id":"0073b76548e5984f","name":"Sydney"}},
{"contributors":null,"truncated":false,"text":"@TheDudeInSF Does it matter anymore? Bullshit is bullshit, somebody will justify violence somehow. Sad but true.","in_reply_to_status_id":544330861680664576,"id":544332167925334016,"favorite_count":1,"source":"<a href=\"http://twitter.com/download/iphone\" rel=\"nofollow\">Twitter for iPhone</a>","retweeted":false,"coordinates":null,"entities":{"symbols":[],"user_mentions":[{"id":175452918,"indices":[0,12],"id_str":"175452918","screen_name":"TheDudeInSF","name":"Dean  "}],"hashtags":[],"urls":[]},"in_reply_to_screen_name":"TheDudeInSF","id_str":"544332167925334016","retweet_count":0,"in_reply_to_user_id":175452918,"favorited":false,"user":{"follow_request_sent":false,"profile_use_background_image":true,"profile_text_color":"333333","default_profile_image":false,"id":87311002,"profile_background_image_url_https":"https://pbs.twimg.com/profile_background_images/665089409/8e71d5b522f266d436d216b60becb38a.jpeg","verified":false,"profile_location":null,"profile_image_url_https":"https://pbs.twimg.com/profile_images/583779532525580288/1jWACI-c_normal.jpg","profile_sidebar_fill_color":"DDEEF6","entities":{"description":{"urls":[]}},"followers_count":445,"profile_sidebar_border_color":"FFFFFF","id_str":"87311002","profile_background_color":"C0DEED","listed_count":26,"is_translation_enabled":false,"utc_offset":-21600,"statuses_count":16500,"description":"Former U.S. Marine. Current 3rd generation farmer. Proud atheist.","friends_count":386,"location":"","profile_link_color":"0084B4","profile_image_url":"http://pbs.twimg.com/profile_images/583779532525580288/1jWACI-c_normal.jpg","following":false,"geo_enabled":true,"profile_banner_url":"https://pbs.twimg.com/profile_banners/87311002/1417817844","profile_background_image_url":"http://pbs.twimg.com/profile_background_images/665089409/8e71d5b522f266d436d216b60becb38a.jpeg","name":"Eric Johnson","lang":"en","profile_background_tile":false,"favourites_count":14072,"screen_name":"jarhead311","notifications":false,"url":null,"created_at":"Tue Nov 03 23:23:57 +0000 2009","contributors_enabled":false,"time_zone":"Central Time (US & Canada)","protected":false,"default_profile":false,"is_translator":false},"geo":null,"in_reply_to_user_id_str":"175452918","lang":"en","created_at":"Mon Dec 15 03:24:36 +0000 2014","in_reply_to_status_id_str":"544330861680664576","place":null},
{"contributors":null,"truncated":false,"text":"@TheDudeInSF Jesus refused &amp; condemned violence: some Christians invented the Inquisition &amp; Crusades, some were/are pacifists.  #sydneysiege","in_reply_to_status_id":544330861680664576,"id":544332556439535616,"favorite_count":0,"source":"<a href=\"http://twitter.com\" rel=\"nofollow\">Twitter Web Client</a>","retweeted":false,"coordinates":null,"entities":{"symbols":[],"user_mentions":[{"id":175452918,"indices":[0,12],"id_str":"175452918","screen_name":"TheDudeInSF","name":"Dean  "}],"hashtags":[{"indices":[136,148],"text":"sydneysiege"}],"urls":[]},"in_reply_to_screen_name":"TheDudeInSF","id_str":"544332556439535616","retweet_count":0,"in_reply_to_user_id":175452918,"favorited":false,"user":{"follow_request_sent":false,"profile_use_background_image":true,"profile_text_color":"333333","default_profile_image":false,"id":2163778842,"profile_background_image_url_https":"https://abs.twimg.com/images/themes/theme1/bg.png","verified":false,"profile_location":null,"profile_image_url_https":"https://pbs.twimg.com/profile_images/430157142096482304/y4qeEvdt_normal.jpeg","profile_sidebar_fill_color":"DDEEF6","entities":{"description":{"urls":[]}},"followers_count":9,"profile_sidebar_border_color":"C0DEED","id_str":"2163778842","profile_background_color":"C0DEED","listed_count":1,"is_translation_enabled":false,"utc_offset":null,"statuses_count":106,"description":"Writer in training, abuse survivor, Joan of Arc fangirl, friend of a small black  cat.","friends_count":41,"location":"Oregon, USA","profile_link_color":"0084B4","profile_image_url":"http://pbs.twimg.com/profile_images/430157142096482304/y4qeEvdt_normal.jpeg","following":false,"geo_enabled":false,"profile_background_image_url":"http://abs.twimg.com/images/themes/theme1/bg.png","name":"gracietalking","lang":"en","profile_background_tile":false,"favourites_count":7,"screen_name":"gracietalking","notifications":false,"url":null,"created_at":"Wed Oct 30 00:16:15 +0000 2013","contributors_enabled":false,"time_zone":null,"protected":false,"default_profile":true,"is_translator":false},"geo":null,"in_reply_to_user_id_str":"175452918","lang":"en","created_at":"Mon Dec 15 03:26:09 +0000 2014","in_reply_to_status_id_str":"544330861680664576","place":null},
{"contributors":null,"truncated":false,"text":"@TheDudeInSF @haridasdr every such incident only establishes the fact that Islam is not a religion","in_reply_to_status_id":544330861680664576,"id":544332914691801088,"favorite_count":1,"source":"<a href=\"http://twitter.com/#!/download/ipad\" rel=\"nofollow\">Twitter for iPad</a>","retweeted":false,"coordinates":null,"entities":{"symbols":[],"user_mentions":[{"id":175452918,"indices":[0,12],"id_str":"175452918","screen_name":"TheDudeInSF","name":"Dean  "},{"id":324266450,"indices":[13,23],"id_str":"324266450","screen_name":"haridasdr","name":"Dr. Haridas K.C. "}],"hashtags":[],"urls":[]},"in_reply_to_screen_name":"TheDudeInSF","id_str":"544332914691801088","retweet_count":1,"in_reply_to_user_id":175452918,"favorited":false,"user":{"follow_request_sent":false,"profile_use_background_image":true,"profile_text_color":"333333","default_profile_image":false,"id":353160963,"profile_background_image_url_https":"https://abs.twimg.com/images/themes/theme1/bg.png","verified":false,"profile_location":null,"profile_image_url_https":"https://pbs.twimg.com/profile_images/581777234098155520/ems1hbrI_normal.jpg","profile_sidebar_fill_color":"DDEEF6","entities":{"description":{"urls":[]}},"followers_count":840,"profile_sidebar_border_color":"C0DEED","id_str":"353160963","profile_background_color":"C0DEED","listed_count":12,"is_translation_enabled":false,"utc_offset":19800,"statuses_count":63527,"description":"Proud Citizen of Resurgent India.","friends_count":1471,"location":"","profile_link_color":"0084B4","profile_image_url":"http://pbs.twimg.com/profile_images/581777234098155520/ems1hbrI_normal.jpg","following":false,"geo_enabled":false,"profile_banner_url":"https://pbs.twimg.com/profile_banners/353160963/1404453095","profile_background_image_url":"http://abs.twimg.com/images/themes/theme1/bg.png","name":"Masterji","lang":"en","profile_background_tile":false,"favourites_count":4615,"screen_name":"Maasterjee","notifications":false,"url":null,"created_at":"Thu Aug 11 16:57:32 +0000 2011","contributors_enabled":false,"time_zone":"Chennai","protected":false,"default_profile":true,"is_translator":false},"geo":null,"in_reply_to_user_id_str":"175452918","lang":"en","created_at":"Mon Dec 15 03:27:34 +0000 2014","in_reply_to_status_id_str":"544330861680664576","place":null},
{"contributors":null,"truncated":false,"text":"@TheDudeInSF Because every religion has people who misunderstand their religion.","in_reply_to_status_id":544330861680664576,"id":544333269983330304,"favorite_count":0,"source":"<a href=\"http://twitter.com/download/android\" rel=\"nofollow\">Twitter for Android</a>","retweeted":false,"coordinates":null,"entities":{"symbols":[],"user_mentions":[{"id":175452918,"indices":[0,12],"id_str":"175452918","screen_name":"TheDudeInSF","name":"Dean  "}],"hashtags":[],"urls":[]},"in_reply_to_screen_name":"TheDudeInSF","id_str":"544333269983330304","retweet_count":0,"in_reply_to_user_id":175452918,"favorited":false,"user":{"follow_request_sent":false,"profile_use_background_image":true,"profile_text_color":"333333","default_profile_image":false,"id":2275095902,"profile_background_image_url_https":"https://abs.twimg.com/images/themes/theme1/bg.png","verified":false,"profile_location":null,"profile_image_url_https":"https://pbs.twimg.com/profile_images/528051457262882817/IOY9JxQU_normal.jpeg","profile_sidebar_fill_color":"DDEEF6","entities":{"description":{"urls":[]}},"followers_count":16,"profile_sidebar_border_color":"C0DEED","id_str":"2275095902","profile_background_color":"C0DEED","listed_count":0,"is_translation_enabled":false,"utc_offset":null,"statuses_count":19,"description":"Mom and a Software Professional.","friends_count":68,"location":"","profile_link_color":"0084B4","profile_image_url":"http://pbs.twimg.com/profile_images/528051457262882817/IOY9JxQU_normal.jpeg","following":false,"geo_enabled":false,"profile_background_image_url":"http://abs.twimg.com/images/themes/theme1/bg.png","name":"Tejashree Kulkarni","lang":"en","profile_background_tile":false,"favourites_count":5,"screen_name":"tejashreekr","notifications":false,"url":null,"created_at":"Fri Jan 03 21:06:15 +0000 2014","contributors_enabled":false,"time_zone":null,"protected":false,"default_profile":true,"is_translator":false},"geo":null,"in_reply_to_user_id_str":"175452918","lang":"en","created_at":"Mon Dec 15 03:28:59 +0000 2014","in_reply_to_status_id_str":"544330861680664576","place":null},
{"contributors":null,"truncated":false,"text":"@TheDudeInSF Islam means voluntary “Submission”to the Will of God (not peace) Force has to be used to maintan peace e.g #CIA #TortureReport","in_reply_to_status_id":544330861680664576,"id":544335560374906880,"favorite_count":0,"source":"<a href=\"http://twitter.com/download/iphone\" rel=\"nofollow\">Twitter for iPhone</a>","retweeted":false,"coordinates":null,"entities":{"symbols":[],"user_mentions":[{"id":175452918,"indices":[0,12],"id_str":"175452918","screen_name":"TheDudeInSF","name":"Dean  "}],"hashtags":[{"indices":[120,124],"text":"CIA"},{"indices":[125,139],"text":"TortureReport"}],"urls":[]},"in_reply_to_screen_name":"TheDudeInSF","id_str":"544335560374906880","retweet_count":0,"in_reply_to_user_id":175452918,"favorited":false,"user":{"follow_request_sent":false,"profile_use_background_image":true,"profile_text_color":"333333","default_profile_image":false,"id":2727198870,"profile_background_image_url_https":"https://abs.twimg.com/images/themes/theme1/bg.png","verified":false,"profile_location":null,"profile_image_url_https":"https://pbs.twimg.com/profile_images/561367385915920385/EiM0aLQj_normal.jpeg","profile_sidebar_fill_color":"DDEEF6","entities":{"description":{"urls":[]}},"followers_count":65,"profile_sidebar_border_color":"C0DEED","id_str":"2727198870","profile_background_color":"C0DEED","listed_count":0,"is_translation_enabled":false,"utc_offset":null,"statuses_count":1134,"description":"Reach high, for stars lie hidden in your soul. Dream deep, for every dream preceds the goal","friends_count":126,"location":"Saudi Arabia, Riyadh","profile_link_color":"0084B4","profile_image_url":"http://pbs.twimg.com/profile_images/561367385915920385/EiM0aLQj_normal.jpeg","following":false,"geo_enabled":false,"profile_banner_url":"https://pbs.twimg.com/profile_banners/2727198870/1407875374","profile_background_image_url":"http://abs.twimg.com/images/themes/theme1/bg.png","name":"Bander Albander","lang":"en","profile_background_tile":false,"favourites_count":104,"screen_name":"deepdream11","notifications":false,"url":null,"created_at":"Tue Aug 12 20:20:55 +0000 2014","contributors_enabled":false,"time_zone":null,"protected":false,"default_profile":true,"is_translator":false},"geo":null,"in_reply_to_user_id_str":"175452918","lang":"en","created_at":"Mon Dec 15 03:38:05 +0000 2014","in_reply_to_status_id_str":"544330861680664576","place":null},
{"contributors":null,"truncated":false,"text":"@TheDudeInSF @dawnjerrene Islam is a religion of peace like Chocolate cake is healthy because it has eggs in it","in_reply_to_status_id":544330861680664576,"id":544335663407972352,"favorite_count":2,"source":"<a href=\"http://twitter.com/download/android\" rel=\"nofollow\">Twitter for Android</a>","retweeted":false,"coordinates":null,"entities":{"symbols":[],"user_mentions":[{"id":175452918,"indices":[0,12],"id_str":"175452918","screen_name":"TheDudeInSF","name":"Dean  "},{"id":54336446,"indices":[13,25],"id_str":"54336446","screen_name":"dawnjerrene","name":"Allah is Satan"}],"hashtags":[],"urls":[]},"in_reply_to_screen_name":"TheDudeInSF","id_str":"544335663407972352","retweet_count":2,"in_reply_to_user_id":175452918,"favorited":false,"user":{"follow_request_sent":false,"profile_use_background_image":true,"profile_text_color":"3C3940","default_profile_image":false,"id":27437651,"profile_background_image_url_https":"https://abs.twimg.com/images/themes/theme4/bg.gif","verified":false,"profile_location":null,"profile_image_url_https":"https://pbs.twimg.com/profile_images/571322991163748352/LbRU27u4_normal.jpeg","profile_sidebar_fill_color":"95E8EC","entities":{"url":{"urls":[{"url":"http://t.co/H4o65X5Cvn","indices":[0,22],"expanded_url":"http://www.preacherjames.com","display_url":"preacherjames.com"}]},"description":{"urls":[]}},"followers_count":32,"profile_sidebar_border_color":"5ED4DC","id_str":"27437651","profile_background_color":"0099B9","listed_count":1,"is_translation_enabled":false,"utc_offset":null,"statuses_count":2029,"description":"Defender of traditional marriage, hope to start a new ministry/non-profit so I can engage this issue full-time.  I'm also a pro wrestling fan.","friends_count":174,"location":"Stillwater, OK","profile_link_color":"0099B9","profile_image_url":"http://pbs.twimg.com/profile_images/571322991163748352/LbRU27u4_normal.jpeg","following":false,"geo_enabled":true,"profile_banner_url":"https://pbs.twimg.com/profile_banners/27437651/1398378159","profile_background_image_url":"http://abs.twimg.com/images/themes/theme4/bg.gif","name":"James P. White","lang":"en","profile_background_tile":false,"favourites_count":5,"screen_name":"jamespwhite","notifications":false,"url":"http://t.co/H4o65X5Cvn","created_at":"Sun Mar 29 14:59:37 +0000 2009","contributors_enabled":false,"time_zone":null,"protected":false,"default_profile":false,"is_translator":false},"geo":null,"in_reply_to_user_id_str":"175452918","lang":"en","created_at":"Mon Dec 15 03:38:30 +0000 2014","in_reply_to_status_id_str":"544330861680664576","place":null},
{"contributors":null,"truncated":false,"text":"@TheDudeInSF Which religions extremists are peaceful?","in_reply_to_status_id":544330861680664576,"id":544336157689905153,"favorite_count":0,"source":"<a href=\"http://twitter.com\" rel=\"nofollow\">Twitter Web Client</a>","retweeted":false,"coordinates":null,"entities":{"symbols":[],"user_mentions":[{"id":175452918,"indices":[0,12],"id_str":"175452918","screen_name":"TheDudeInSF","name":"Dean  "}],"hashtags":[],"urls":[]},"in_reply_to_screen_name":"TheDudeInSF","id_str":"544336157689905153","retweet_count":0,"in_reply_to_user_id":175452918,"favorited":false,"user":{"follow_request_sent":false,"profile_use_background_image":true,"profile_text_color":"333333","default_profile_image":false,"id":2329734883,"profile_background_image_url_https":"https://abs.twimg.com/images/themes/theme1/bg.png","verified":false,"profile_location":null,"profile_image_url_https":"https://pbs.twimg.com/profile_images/521081356386721792/7nIf8KoH_normal.jpeg","profile_sidebar_fill_color":"DDEEF6","entities":{"url":{"urls":[{"url":"http://t.co/htmKN4PxcQ","indices":[0,22],"expanded_url":"http://www.jambi-jambi.com","display_url":"jambi-jambi.com"}]},"description":{"urls":[{"url":"http://t.co/dsSLIrqClt","indices":[121,143],"expanded_url":"http://jambi-jambi.com","display_url":"jambi-jambi.com"}]}},"followers_count":48,"profile_sidebar_border_color":"C0DEED","id_str":"2329734883","profile_background_color":"C0DEED","listed_count":0,"is_translation_enabled":false,"utc_offset":null,"statuses_count":109,"description":"Courier website by Sydney Couriers - Jorja Creighton + Daniel Fuller. Cycling around the world starting June 2015, using http://t.co/dsSLIrqClt to document it.","friends_count":397,"location":"Sydney","profile_link_color":"0084B4","profile_image_url":"http://pbs.twimg.com/profile_images/521081356386721792/7nIf8KoH_normal.jpeg","following":false,"geo_enabled":false,"profile_background_image_url":"http://abs.twimg.com/images/themes/theme1/bg.png","name":"jambi jambi","lang":"en","profile_background_tile":false,"favourites_count":9,"screen_name":"jambijambijambi","notifications":false,"url":"http://t.co/htmKN4PxcQ","created_at":"Thu Feb 06 04:08:36 +0000 2014","contributors_enabled":false,"time_zone":null,"protected":false,"default_profile":true,"is_translator":false},"geo":null,"in_reply_to_user_id_str":"175452918","lang":"en","created_at":"Mon Dec 15 03:40:27 +0000 2014","in_reply_to_status_id_str":"544330861680664576","place":null},
{"contributors":null,"truncated":false,"text":"@Themaninasuit you mean like the crusades, gangs in Africa killing Muslims &amp; inquisition? @TheDudeInSF","in_reply_to_status_id":544331997359767552,"id":544355746520248320,"favorite_count":1,"source":"<a href=\"http://twitter.com/download/android\" rel=\"nofollow\">Twitter for Android</a>","retweeted":false,"coordinates":null,"entities":{"symbols":[],"user_mentions":[{"id":292309759,"indices":[0,14],"id_str":"292309759","screen_name":"Themaninasuit","name":"Andrew Wilkins"},{"id":175452918,"indices":[94,106],"id_str":"175452918","screen_name":"TheDudeInSF","name":"Dean  "}],"hashtags":[],"urls":[]},"in_reply_to_screen_name":"Themaninasuit","id_str":"544355746520248320","retweet_count":0,"in_reply_to_user_id":292309759,"favorited":false,"user":{"follow_request_sent":false,"profile_use_background_image":true,"profile_text_color":"333333","default_profile_image":false,"id":198553539,"profile_background_image_url_https":"https://abs.twimg.com/images/themes/theme14/bg.gif","verified":false,"profile_location":null,"profile_image_url_https":"https://pbs.twimg.com/profile_images/589195838087364608/WWyucn2-_normal.jpg","profile_sidebar_fill_color":"EFEFEF","entities":{"description":{"urls":[]}},"followers_count":949,"profile_sidebar_border_color":"EEEEEE","id_str":"198553539","profile_background_color":"131516","listed_count":34,"is_translation_enabled":false,"utc_offset":0,"statuses_count":55928,"description":"Inquisitive, Humanist, Secularist, Gamer, Skeptical science proponent","friends_count":221,"location":"","profile_link_color":"009999","profile_image_url":"http://pbs.twimg.com/profile_images/589195838087364608/WWyucn2-_normal.jpg","following":false,"geo_enabled":false,"profile_background_image_url":"http://abs.twimg.com/images/themes/theme14/bg.gif","name":"Frankly antitheist","lang":"en","profile_background_tile":true,"favourites_count":23748,"screen_name":"soulesssniper","notifications":false,"url":null,"created_at":"Mon Oct 04 16:32:09 +0000 2010","contributors_enabled":false,"time_zone":"Edinburgh","protected":false,"default_profile":false,"is_translator":false},"geo":null,"in_reply_to_user_id_str":"292309759","lang":"en","created_at":"Mon Dec 15 04:58:18 +0000 2014","in_reply_to_status_id_str":"544331997359767552","place":null},
{"contributors":null,"truncated":false,"text":"@TheDudeInSF Because religion and peace are mutually exclusive concepts","in_reply_to_status_id":544330861680664576,"id":544358306186158081,"favorite_count":0,"source":"<a href=\"http://twitter.com/download/android\" rel=\"nofollow\">Twitter for Android</a>","retweeted":false,"coordinates":null,"entities":{"symbols":[],"user_mentions":[{"id":175452918,"indices":[0,12],"id_str":"175452918","screen_name":"TheDudeInSF","name":"Dean  "}],"hashtags":[],"urls":[]},"in_reply_to_screen_name":"TheDudeInSF","id_str":"544358306186158081","retweet_count":0,"in_reply_to_user_id":175452918,"favorited":false,"user":{"follow_request_sent":false,"profile_use_background_image":true,"profile_text_color":"333333","default_profile_image":false,"id":150544924,"profile_background_image_url_https":"https://abs.twimg.com/images/themes/theme14/bg.gif","verified":false,"profile_location":null,"profile_image_url_https":"https://pbs.twimg.com/profile_images/517027917365133312/Ret6ta6v_normal.jpeg","profile_sidebar_fill_color":"EFEFEF","entities":{"description":{"urls":[]}},"followers_count":972,"profile_sidebar_border_color":"EEEEEE","id_str":"150544924","profile_background_color":"131516","listed_count":33,"is_translation_enabled":false,"utc_offset":-28800,"statuses_count":5130,"description":"Just a big, bubbly bundle of sarcasm and snark","friends_count":981,"location":"Los Angeles","profile_link_color":"009999","profile_image_url":"http://pbs.twimg.com/profile_images/517027917365133312/Ret6ta6v_normal.jpeg","following":false,"geo_enabled":true,"profile_banner_url":"https://pbs.twimg.com/profile_banners/150544924/1360032592","profile_background_image_url":"http://abs.twimg.com/images/themes/theme14/bg.gif","name":"Lady Cat","lang":"en","profile_background_tile":true,"favourites_count":4016,"screen_name":"AtheistCatwoman","notifications":false,"url":null,"created_at":"Tue Jun 01 05:51:17 +0000 2010","contributors_enabled":false,"time_zone":"Pacific Time (US & Canada)","protected":false,"default_profile":false,"is_translator":false},"geo":null,"in_reply_to_user_id_str":"175452918","lang":"en","created_at":"Mon Dec 15 05:08:28 +0000 2014","in_reply_to_status_id_str":"544330861680664576","place":null},
{"contributors":null,"truncated":false,"text":"@soulesssniper @TheDudeInSF something like that!!!","in_reply_to_status_id":544355746520248320,"id":544379490466414593,"favorite_count":0,"source":"<a href=\"http://twitter.com/download/iphone\" rel=\"nofollow\">Twitter for iPhone</a>","retweeted":false,"coordinates":{"type":"Point","coordinates":[151.17868389,-33.86832569]},"entities":{"symbols":[],"user_mentions":[{"id":198553539,"indices":[0,14],"id_str":"198553539","screen_name":"soulesssniper","name":"Frankly antitheist"},{"id":175452918,"indices":[15,27],"id_str":"175452918","screen_name":"TheDudeInSF","name":"Dean  "}],"hashtags":[],"urls":[]},"in_reply_to_screen_name":"soulesssniper","id_str":"544379490466414593","retweet_count":0,"in_reply_to_user_id":198553539,"favorited":false,"user":{"follow_request_sent":false,"profile_use_background_image":true,"profile_text_color":"333333","default_profile_image":false,"id":292309759,"profile_background_image_url_https":"https://abs.twimg.com/images/themes/theme1/bg.png","verified":false,"profile_location":null,"profile_image_url_https":"https://pbs.twimg.com/profile_images/2155305714/MAN_IN_A_SUIT_logo2_square2_normal.jpg","profile_sidebar_fill_color":"DDEEF6","entities":{"url":{"urls":[{"url":"http://t.co/khsqe7PBA6","indices":[0,22],"expanded_url":"http://themaninasuit.wordpress.com","display_url":"themaninasuit.wordpress.com"}]},"description":{"urls":[]}},"followers_count":455,"profile_sidebar_border_color":"C0DEED","id_str":"292309759","profile_background_color":"C0DEED","listed_count":5,"is_translation_enabled":false,"utc_offset":null,"statuses_count":544,"description":"Perpetually in a suit, altering suits, making suits, selling suits, writing blogs on suits. Also a heavy hoops fan","friends_count":497,"location":"sydney","profile_link_color":"0084B4","profile_image_url":"http://pbs.twimg.com/profile_images/2155305714/MAN_IN_A_SUIT_logo2_square2_normal.jpg","following":false,"geo_enabled":true,"profile_background_image_url":"http://abs.twimg.com/images/themes/theme1/bg.png","name":"Andrew Wilkins","lang":"en","profile_background_tile":false,"favourites_count":185,"screen_name":"Themaninasuit","notifications":false,"url":"http://t.co/khsqe7PBA6","created_at":"Tue May 03 13:02:13 +0000 2011","contributors_enabled":false,"time_zone":null,"protected":false,"default_profile":true,"is_translator":false},"geo":{"type":"Point","coordinates":[-33.86832569,151.17868389]},"in_reply_to_user_id_str":"198553539","lang":"en","created_at":"Mon Dec 15 06:32:39 +0000 2014","in_reply_to_status_id_str":"544355746520248320","place":{"full_name":"Sydney, New South Wales","url":"https://api.twitter.com/1.1/geo/id/0073b76548e5984f.json","country":"Australia","place_type":"city","bounding_box":{"type":"Polygon","coordinates":[[[150.520928608,-34.1183470085],[151.343020992,-34.1183470085],[151.343020992,-33.578140996],[150.520928608,-33.578140996]]]},"contained_within":[],"country_code":"AU","attributes":{},"id":"0073b76548e5984f","name":"Sydney"}},
{"contributors":null,"truncated":false,"text":"@Themaninasuit the problem is that then the KKK is a good representative of Christianity but not of all Christians @TheDudeInSF","in_reply_to_status_id":544379490466414593,"id":544380927968030721,"favorite_count":0,"source":"<a href=\"http://twitter.com/download/android\" rel=\"nofollow\">Twitter for Android</a>","retweeted":false,"coordinates":null,"entities":{"symbols":[],"user_mentions":[{"id":292309759,"indices":[0,14],"id_str":"292309759","screen_name":"Themaninasuit","name":"Andrew Wilkins"},{"id":175452918,"indices":[115,127],"id_str":"175452918","screen_name":"TheDudeInSF","name":"Dean  "}],"hashtags":[],"urls":[]},"in_reply_to_screen_name":"Themaninasuit","id_str":"544380927968030721","retweet_count":0,"in_reply_to_user_id":292309759,"favorited":false,"user":{"follow_request_sent":false,"profile_use_background_image":true,"profile_text_color":"333333","default_profile_image":false,"id":198553539,"profile_background_image_url_https":"https://abs.twimg.com/images/themes/theme14/bg.gif","verified":false,"profile_location":null,"profile_image_url_https":"https://pbs.twimg.com/profile_images/589195838087364608/WWyucn2-_normal.jpg","profile_sidebar_fill_color":"EFEFEF","entities":{"description":{"urls":[]}},"followers_count":949,"profile_sidebar_border_color":"EEEEEE","id_str":"198553539","profile_background_color":"131516","listed_count":34,"is_translation_enabled":false,"utc_offset":0,"statuses_count":55928,"description":"Inquisitive, Humanist, Secularist, Gamer, Skeptical science proponent","friends_count":221,"location":"","profile_link_color":"009999","profile_image_url":"http://pbs.twimg.com/profile_images/589195838087364608/WWyucn2-_normal.jpg","following":false,"geo_enabled":false,"profile_background_image_url":"http://abs.twimg.com/images/themes/theme14/bg.gif","name":"Frankly antitheist","lang":"en","profile_background_tile":true,"favourites_count":23748,"screen_name":"soulesssniper","notifications":false,"url":null,"created_at":"Mon Oct 04 16:32:09 +0000 2010","contributors_enabled":false,"time_zone":"Edinburgh","protected":false,"default_profile":false,"is_translator":false},"geo":null,"in_reply_to_user_id_str":"292309759","lang":"en","created_at":"Mon Dec 15 06:38:21 +0000 2014","in_reply_to_status_id_str":"544379490466414593","place":null},
{"contributors":null,"truncated":false,"text":"@TheDudeInSF you'd have to be psychotic to begin with to believe there's an invisible man in the sky @Bidenshairplugs","in_reply_to_status_id":544330861680664576,"id":544402810092404736,"favorite_count":0,"source":"<a href=\"http://twitter.com\" rel=\"nofollow\">Twitter Web Client</a>","retweeted":false,"coordinates":null,"entities":{"symbols":[],"user_mentions":[{"id":175452918,"indices":[0,12],"id_str":"175452918","screen_name":"TheDudeInSF","name":"Dean  "},{"id":373783051,"indices":[101,117],"id_str":"373783051","screen_name":"Bidenshairplugs","name":"AdolfJoeBiden™"}],"hashtags":[],"urls":[]},"in_reply_to_screen_name":"TheDudeInSF","id_str":"544402810092404736","retweet_count":1,"in_reply_to_user_id":175452918,"favorited":false,"user":{"follow_request_sent":false,"profile_use_background_image":true,"profile_text_color":"333333","default_profile_image":false,"id":2252820434,"profile_background_image_url_https":"https://abs.twimg.com/images/themes/theme1/bg.png","verified":false,"profile_location":null,"profile_image_url_https":"https://pbs.twimg.com/profile_images/548012614723198976/IwNdC3Aa_normal.png","profile_sidebar_fill_color":"DDEEF6","entities":{"description":{"urls":[]}},"followers_count":43,"profile_sidebar_border_color":"C0DEED","id_str":"2252820434","profile_background_color":"C0DEED","listed_count":0,"is_translation_enabled":false,"utc_offset":null,"statuses_count":670,"description":"Noorjehan - light of the world","friends_count":175,"location":"","profile_link_color":"0084B4","profile_image_url":"http://pbs.twimg.com/profile_images/548012614723198976/IwNdC3Aa_normal.png","following":false,"geo_enabled":false,"profile_background_image_url":"http://abs.twimg.com/images/themes/theme1/bg.png","name":"Ambika Padmalochana","lang":"en","profile_background_tile":false,"favourites_count":377,"screen_name":"AmbikaPadmaloch","notifications":false,"url":null,"created_at":"Thu Dec 19 02:03:51 +0000 2013","contributors_enabled":false,"time_zone":null,"protected":false,"default_profile":true,"is_translator":false},"geo":null,"in_reply_to_user_id_str":"175452918","lang":"en","created_at":"Mon Dec 15 08:05:19 +0000 2014","in_reply_to_status_id_str":"544330861680664576","place":null},
{"contributors":null,"truncated":false,"text":"@TheDudeInSF @Bidenshairplugs \n\nAsk Al Sharpton and occupy wall st to protest peacefully in Iraq and Syria. We will raise the funds for it !","in_reply_to_status_id":544330861680664576,"id":544403840926507008,"favorite_count":0,"source":"<a href=\"http://twitter.com/download/iphone\" rel=\"nofollow\">Twitter for iPhone</a>","retweeted":false,"coordinates":null,"entities":{"symbols":[],"user_mentions":[{"id":175452918,"indices":[0,12],"id_str":"175452918","screen_name":"TheDudeInSF","name":"Dean  "},{"id":373783051,"indices":[13,29],"id_str":"373783051","screen_name":"Bidenshairplugs","name":"AdolfJoeBiden™"}],"hashtags":[],"urls":[]},"in_reply_to_screen_name":"TheDudeInSF","id_str":"544403840926507008","retweet_count":0,"in_reply_to_user_id":175452918,"favorited":false,"user":{"follow_request_sent":false,"profile_use_background_image":false,"profile_text_color":"000000","default_profile_image":false,"id":1656966026,"profile_background_image_url_https":"https://abs.twimg.com/images/themes/theme1/bg.png","verified":false,"profile_location":null,"profile_image_url_https":"https://pbs.twimg.com/profile_images/549820827710275585/N_kMJu9s_normal.jpeg","profile_sidebar_fill_color":"000000","entities":{"description":{"urls":[]}},"followers_count":3147,"profile_sidebar_border_color":"000000","id_str":"1656966026","profile_background_color":"000000","listed_count":27,"is_translation_enabled":false,"utc_offset":null,"statuses_count":12941,"description":"I love being underestimated as much as being underestimated... Woods, J. Rosen, D'Souza, Dupree - Walker/West/Gowdy '16\nBorn A Rebel = SHAKE IT OFF","friends_count":3039,"location":"LibLamLooneyLand NYC","profile_link_color":"3B94D9","profile_image_url":"http://pbs.twimg.com/profile_images/549820827710275585/N_kMJu9s_normal.jpeg","following":false,"geo_enabled":true,"profile_banner_url":"https://pbs.twimg.com/profile_banners/1656966026/1417916272","profile_background_image_url":"http://abs.twimg.com/images/themes/theme1/bg.png","name":"TootsiePop","lang":"en","profile_background_tile":false,"favourites_count":1008,"screen_name":"suzanneblueblue","notifications":false,"url":null,"created_at":"Fri Aug 09 05:19:39 +0000 2013","contributors_enabled":false,"time_zone":null,"protected":false,"default_profile":false,"is_translator":false},"geo":null,"in_reply_to_user_id_str":"175452918","lang":"en","created_at":"Mon Dec 15 08:09:24 +0000 2014","in_reply_to_status_id_str":"544330861680664576","place":null},
{"contributors":null,"truncated":false,"text":"@TheDudeInSF @AngieDrue http://t.co/H1YwdN8YTx","in_reply_to_status_id":544330861680664576,"id":544414317853282305,"favorite_count":0,"source":"<a href=\"http://twitter.com\" rel=\"nofollow\">Twitter Web Client</a>","retweeted":false,"coordinates":null,"entities":{"symbols":[],"user_mentions":[{"id":175452918,"indices":[0,12],"id_str":"175452918","screen_name":"TheDudeInSF","name":"Dean  "},{"id":29510334,"indices":[13,23],"id_str":"29510334","screen_name":"AngieDrue","name":"Angie for Liberty"}],"hashtags":[],"urls":[],"media":[{"expanded_url":"http://twitter.com/YMikarov/status/544414317853282305/photo/1","display_url":"pic.twitter.com/H1YwdN8YTx","url":"http://t.co/H1YwdN8YTx","media_url_https":"https://pbs.twimg.com/media/B44l78TCIAAGTxN.jpg","id_str":"544414316686876672","sizes":{"large":{"h":590,"resize":"fit","w":484},"small":{"h":414,"resize":"fit","w":340},"medium":{"h":590,"resize":"fit","w":484},"thumb":{"h":150,"resize":"crop","w":150}},"indices":[24,46],"type":"photo","id":544414316686876672,"media_url":"http://pbs.twimg.com/media/B44l78TCIAAGTxN.jpg"}]},"in_reply_to_screen_name":"TheDudeInSF","id_str":"544414317853282305","retweet_count":0,"in_reply_to_user_id":175452918,"favorited":false,"user":{"follow_request_sent":false,"profile_use_background_image":false,"profile_text_color":"333333","default_profile_image":false,"id":2740521853,"profile_background_image_url_https":"https://pbs.twimg.com/profile_background_images/534821778065874945/MHpDUtiX.jpeg","verified":false,"profile_location":null,"profile_image_url_https":"https://pbs.twimg.com/profile_images/542314772541095937/fHRxdsMF_normal.jpeg","profile_sidebar_fill_color":"DDEEF6","entities":{"description":{"urls":[]}},"followers_count":822,"profile_sidebar_border_color":"FFFFFF","id_str":"2740521853","profile_background_color":"C0DEED","listed_count":37,"is_translation_enabled":false,"utc_offset":null,"statuses_count":7675,"description":"Tolerance has its limits - Don't Push Us!","friends_count":1297,"location":"","profile_link_color":"0084B4","profile_image_url":"http://pbs.twimg.com/profile_images/542314772541095937/fHRxdsMF_normal.jpeg","following":false,"geo_enabled":false,"profile_banner_url":"https://pbs.twimg.com/profile_banners/2740521853/1416758056","profile_background_image_url":"http://pbs.twimg.com/profile_background_images/534821778065874945/MHpDUtiX.jpeg","name":"Mikarov","lang":"en","profile_background_tile":true,"favourites_count":321,"screen_name":"YMikarov","notifications":false,"url":null,"created_at":"Sun Aug 17 20:55:51 +0000 2014","contributors_enabled":false,"time_zone":null,"protected":false,"default_profile":false,"is_translator":false},"geo":null,"in_reply_to_user_id_str":"175452918","possibly_sensitive":false,"lang":"und","created_at":"Mon Dec 15 08:51:02 +0000 2014","in_reply_to_status_id_str":"544330861680664576","place":null,"extended_entities":{"media":[{"expanded_url":"http://twitter.com/YMikarov/status/544414317853282305/photo/1","display_url":"pic.twitter.com/H1YwdN8YTx","url":"http://t.co/H1YwdN8YTx","media_url_https":"https://pbs.twimg.com/media/B44l78TCIAAGTxN.jpg","id_str":"544414316686876672","sizes":{"large":{"h":590,"resize":"fit","w":484},"small":{"h":414,"resize":"fit","w":340},"medium":{"h":590,"resize":"fit","w":484},"thumb":{"h":150,"resize":"crop","w":150}},"indices":[24,46],"type":"photo","id":544414316686876672,"media_url":"http://pbs.twimg.com/media/B44l78TCIAAGTxN.jpg"}]}},
{"contributors":null,"truncated":false,"text":"“@TheDudeInSF: If Islam is a religion of peace why aren't their extremist extremely peaceful?” because no religious extremist is.","in_reply_to_status_id":544330861680664576,"id":544448872542924801,"favorite_count":25,"source":"<a href=\"http://twitter.com/download/iphone\" rel=\"nofollow\">Twitter for iPhone</a>","retweeted":false,"coordinates":null,"entities":{"symbols":[],"user_mentions":[{"id":175452918,"indices":[1,13],"id_str":"175452918","screen_name":"TheDudeInSF","name":"Dean  "}],"hashtags":[],"urls":[]},"in_reply_to_screen_name":"TheDudeInSF","id_str":"544448872542924801","retweet_count":8,"in_reply_to_user_id":175452918,"favorited":false,"user":{"follow_request_sent":false,"profile_use_background_image":true,"profile_text_color":"634047","default_profile_image":false,"id":21370504,"profile_background_image_url_https":"https://pbs.twimg.com/profile_background_images/777629504/542a98a926fb2c5d7840aeaa97570f44.jpeg","verified":false,"profile_location":null,"profile_image_url_https":"https://pbs.twimg.com/profile_images/583864639601029121/aoZVCSrd_normal.jpg","profile_sidebar_fill_color":"E3E2DE","entities":{"url":{"urls":[{"url":"https://t.co/aQXVKW57U4","indices":[0,23],"expanded_url":"https://www.youtube.com/watch?v=YyydhJLsnoQ&feature=gp-n-y&google_comment_id=z13gyv0wmlmxtxag204cgxo","display_url":"youtube.com/watch?v=YyydhJ…"}]},"description":{"urls":[]}},"followers_count":9431,"profile_sidebar_border_color":"FFFFFF","id_str":"21370504","profile_background_color":"CAF7F0","listed_count":28,"is_translation_enabled":false,"utc_offset":-18000,"statuses_count":42584,"description":"Singer-Songwriter, Libra, People Person. New single available for pre-order January 5th! | Business Inquiries: madisonlawrenceofficial@gmail.com","friends_count":981,"location":"Nashville","profile_link_color":"10B392","profile_image_url":"http://pbs.twimg.com/profile_images/583864639601029121/aoZVCSrd_normal.jpg","following":false,"geo_enabled":false,"profile_banner_url":"https://pbs.twimg.com/profile_banners/21370504/1418758402","profile_background_image_url":"http://pbs.twimg.com/profile_background_images/777629504/542a98a926fb2c5d7840aeaa97570f44.jpeg","name":"Madison Lawrence","lang":"en","profile_background_tile":true,"favourites_count":61180,"screen_name":"madisonlawrence","notifications":false,"url":"https://t.co/aQXVKW57U4","created_at":"Fri Feb 20 03:39:26 +0000 2009","contributors_enabled":false,"time_zone":"Quito","protected":false,"default_profile":false,"is_translator":false},"geo":null,"in_reply_to_user_id_str":"175452918","lang":"en","created_at":"Mon Dec 15 11:08:21 +0000 2014","in_reply_to_status_id_str":"544330861680664576","place":null},
{"contributors":null,"truncated":false,"text":"@madisonlawrence you're secure and great for defending Islam. Ppl need to know every religion has extremists with false beliefs","in_reply_to_status_id":544448872542924801,"id":544452961296859136,"favorite_count":1,"source":"<a href=\"http://twitter.com/download/iphone\" rel=\"nofollow\">Twitter for iPhone</a>","retweeted":false,"coordinates":null,"entities":{"symbols":[],"user_mentions":[{"id":21370504,"indices":[0,16],"id_str":"21370504","screen_name":"madisonlawrence","name":"Madison Lawrence"}],"hashtags":[],"urls":[]},"in_reply_to_screen_name":"madisonlawrence","id_str":"544452961296859136","retweet_count":0,"in_reply_to_user_id":21370504,"favorited":false,"user":{"follow_request_sent":false,"profile_use_background_image":true,"profile_text_color":"333333","default_profile_image":false,"id":1435205448,"profile_background_image_url_https":"https://pbs.twimg.com/profile_background_images/378800000024425636/1444cfbdd9be00f83c0abc5739db7428.jpeg","verified":false,"profile_location":null,"profile_image_url_https":"https://pbs.twimg.com/profile_images/549296152600793091/FiV7dPz1_normal.jpeg","profile_sidebar_fill_color":"DDEEF6","entities":{"description":{"urls":[]}},"followers_count":226,"profile_sidebar_border_color":"000000","id_str":"1435205448","profile_background_color":"C0DEED","listed_count":0,"is_translation_enabled":false,"utc_offset":10800,"statuses_count":4185,"description":"","friends_count":207,"location":"","profile_link_color":"0084B4","profile_image_url":"http://pbs.twimg.com/profile_images/549296152600793091/FiV7dPz1_normal.jpeg","following":false,"geo_enabled":false,"profile_banner_url":"https://pbs.twimg.com/profile_banners/1435205448/1415080595","profile_background_image_url":"http://pbs.twimg.com/profile_background_images/378800000024425636/1444cfbdd9be00f83c0abc5739db7428.jpeg","name":".","lang":"en","profile_background_tile":true,"favourites_count":327,"screen_name":"_alya96_","notifications":false,"url":null,"created_at":"Fri May 17 09:57:39 +0000 2013","contributors_enabled":false,"time_zone":"Baghdad","protected":false,"default_profile":false,"is_translator":false},"geo":null,"in_reply_to_user_id_str":"21370504","lang":"en","created_at":"Mon Dec 15 11:24:36 +0000 2014","in_reply_to_status_id_str":"544448872542924801","place":null},
{"contributors":null,"truncated":false,"text":"@_alya96_ absolutely. I took a class called Extremes of Religion that studied just that. It's insane how ignorant people are.","in_reply_to_status_id":544452961296859136,"id":544453110412750848,"favorite_count":0,"source":"<a href=\"http://twitter.com/download/iphone\" rel=\"nofollow\">Twitter for iPhone</a>","retweeted":false,"coordinates":null,"entities":{"symbols":[],"user_mentions":[{"id":1435205448,"indices":[0,9],"id_str":"1435205448","screen_name":"_alya96_","name":"."}],"hashtags":[],"urls":[]},"in_reply_to_screen_name":"_alya96_","id_str":"544453110412750848","retweet_count":0,"in_reply_to_user_id":1435205448,"favorited":false,"user":{"follow_request_sent":false,"profile_use_background_image":true,"profile_text_color":"634047","default_profile_image":false,"id":21370504,"profile_background_image_url_https":"https://pbs.twimg.com/profile_background_images/777629504/542a98a926fb2c5d7840aeaa97570f44.jpeg","verified":false,"profile_location":null,"profile_image_url_https":"https://pbs.twimg.com/profile_images/583864639601029121/aoZVCSrd_normal.jpg","profile_sidebar_fill_color":"E3E2DE","entities":{"url":{"urls":[{"url":"https://t.co/aQXVKW57U4","indices":[0,23],"expanded_url":"https://www.youtube.com/watch?v=YyydhJLsnoQ&feature=gp-n-y&google_comment_id=z13gyv0wmlmxtxag204cgxo","display_url":"youtube.com/watch?v=YyydhJ…"}]},"description":{"urls":[]}},"followers_count":9431,"profile_sidebar_border_color":"FFFFFF","id_str":"21370504","profile_background_color":"CAF7F0","listed_count":28,"is_translation_enabled":false,"utc_offset":-18000,"statuses_count":42584,"description":"Singer-Songwriter, Libra, People Person. New single available for pre-order January 5th! | Business Inquiries: madisonlawrenceofficial@gmail.com","friends_count":981,"location":"Nashville","profile_link_color":"10B392","profile_image_url":"http://pbs.twimg.com/profile_images/583864639601029121/aoZVCSrd_normal.jpg","following":false,"geo_enabled":false,"profile_banner_url":"https://pbs.twimg.com/profile_banners/21370504/1418758402","profile_background_image_url":"http://pbs.twimg.com/profile_background_images/777629504/542a98a926fb2c5d7840aeaa97570f44.jpeg","name":"Madison Lawrence","lang":"en","profile_background_tile":true,"favourites_count":61180,"screen_name":"madisonlawrence","notifications":false,"url":"https://t.co/aQXVKW57U4","created_at":"Fri Feb 20 03:39:26 +0000 2009","contributors_enabled":false,"time_zone":"Quito","protected":false,"default_profile":false,"is_translator":false},"geo":null,"in_reply_to_user_id_str":"1435205448","lang":"en","created_at":"Mon Dec 15 11:25:11 +0000 2014","in_reply_to_status_id_str":"544452961296859136","place":null},
{"contributors":null,"truncated":false,"text":"@madisonlawrence I honestly love the fact that there are Americans and ppl like u I'm general.","in_reply_to_status_id":544453110412750848,"id":544455133845659648,"favorite_count":1,"source":"<a href=\"http://twitter.com/download/iphone\" rel=\"nofollow\">Twitter for iPhone</a>","retweeted":false,"coordinates":null,"entities":{"symbols":[],"user_mentions":[{"id":21370504,"indices":[0,16],"id_str":"21370504","screen_name":"madisonlawrence","name":"Madison Lawrence"}],"hashtags":[],"urls":[]},"in_reply_to_screen_name":"madisonlawrence","id_str":"544455133845659648","retweet_count":0,"in_reply_to_user_id":21370504,"favorited":false,"user":{"follow_request_sent":false,"profile_use_background_image":true,"profile_text_color":"333333","default_profile_image":false,"id":1435205448,"profile_background_image_url_https":"https://pbs.twimg.com/profile_background_images/378800000024425636/1444cfbdd9be00f83c0abc5739db7428.jpeg","verified":false,"profile_location":null,"profile_image_url_https":"https://pbs.twimg.com/profile_images/549296152600793091/FiV7dPz1_normal.jpeg","profile_sidebar_fill_color":"DDEEF6","entities":{"description":{"urls":[]}},"followers_count":226,"profile_sidebar_border_color":"000000","id_str":"1435205448","profile_background_color":"C0DEED","listed_count":0,"is_translation_enabled":false,"utc_offset":10800,"statuses_count":4185,"description":"","friends_count":207,"location":"","profile_link_color":"0084B4","profile_image_url":"http://pbs.twimg.com/profile_images/549296152600793091/FiV7dPz1_normal.jpeg","following":false,"geo_enabled":false,"profile_banner_url":"https://pbs.twimg.com/profile_banners/1435205448/1415080595","profile_background_image_url":"http://pbs.twimg.com/profile_background_images/378800000024425636/1444cfbdd9be00f83c0abc5739db7428.jpeg","name":".","lang":"en","profile_background_tile":true,"favourites_count":327,"screen_name":"_alya96_","notifications":false,"url":null,"created_at":"Fri May 17 09:57:39 +0000 2013","contributors_enabled":false,"time_zone":"Baghdad","protected":false,"default_profile":false,"is_translator":false},"geo":null,"in_reply_to_user_id_str":"21370504","lang":"en","created_at":"Mon Dec 15 11:33:14 +0000 2014","in_reply_to_status_id_str":"544453110412750848","place":null},
{"contributors":null,"truncated":false,"text":"@_alya96_ ❤️❤️❤️","in_reply_to_status_id":544455133845659648,"id":544455165768896512,"favorite_count":0,"source":"<a href=\"http://twitter.com/download/iphone\" rel=\"nofollow\">Twitter for iPhone</a>","retweeted":false,"coordinates":null,"entities":{"symbols":[],"user_mentions":[{"id":1435205448,"indices":[0,9],"id_str":"1435205448","screen_name":"_alya96_","name":"."}],"hashtags":[],"urls":[]},"in_reply_to_screen_name":"_alya96_","id_str":"544455165768896512","retweet_count":0,"in_reply_to_user_id":1435205448,"favorited":false,"user":{"follow_request_sent":false,"profile_use_background_image":true,"profile_text_color":"634047","default_profile_image":false,"id":21370504,"profile_background_image_url_https":"https://pbs.twimg.com/profile_background_images/777629504/542a98a926fb2c5d7840aeaa97570f44.jpeg","verified":false,"profile_location":null,"profile_image_url_https":"https://pbs.twimg.com/profile_images/583864639601029121/aoZVCSrd_normal.jpg","profile_sidebar_fill_color":"E3E2DE","entities":{"url":{"urls":[{"url":"https://t.co/aQXVKW57U4","indices":[0,23],"expanded_url":"https://www.youtube.com/watch?v=YyydhJLsnoQ&feature=gp-n-y&google_comment_id=z13gyv0wmlmxtxag204cgxo","display_url":"youtube.com/watch?v=YyydhJ…"}]},"description":{"urls":[]}},"followers_count":9455,"profile_sidebar_border_color":"FFFFFF","id_str":"21370504","profile_background_color":"CAF7F0","listed_count":28,"is_translation_enabled":false,"utc_offset":-18000,"statuses_count":42603,"description":"Singer-Songwriter, Libra, People Person. New single available for pre-order January 5th! | Business Inquiries: madisonlawrenceofficial@gmail.com","friends_count":981,"location":"Nashville","profile_link_color":"10B392","profile_image_url":"http://pbs.twimg.com/profile_images/583864639601029121/aoZVCSrd_normal.jpg","following":false,"geo_enabled":false,"profile_banner_url":"https://pbs.twimg.com/profile_banners/21370504/1418758402","profile_background_image_url":"http://pbs.twimg.com/profile_background_images/777629504/542a98a926fb2c5d7840aeaa97570f44.jpeg","name":"Madison Lawrence","lang":"en","profile_background_tile":true,"favourites_count":61198,"screen_name":"madisonlawrence","notifications":false,"url":"https://t.co/aQXVKW57U4","created_at":"Fri Feb 20 03:39:26 +0000 2009","contributors_enabled":false,"time_zone":"Quito","protected":false,"default_profile":false,"is_translator":false},"geo":null,"in_reply_to_user_id_str":"1435205448","lang":"und","created_at":"Mon Dec 15 11:33:21 +0000 2014","in_reply_to_status_id_str":"544455133845659648","place":null},
{"contributors":null,"truncated":false,"text":"@madisonlawrence @TheDudeInSF they are too, someone who strives to be like Christ can have peace on earth. none to God except through Christ","in_reply_to_status_id":544448872542924801,"id":544553794252455937,"favorite_count":0,"source":"<a href=\"http://twitter.com/download/iphone\" rel=\"nofollow\">Twitter for iPhone</a>","retweeted":false,"coordinates":{"type":"Point","coordinates":[-122.94219769,44.88272883]},"entities":{"symbols":[],"user_mentions":[{"id":21370504,"indices":[0,16],"id_str":"21370504","screen_name":"madisonlawrence","name":"Madison Lawrence"},{"id":175452918,"indices":[17,29],"id_str":"175452918","screen_name":"TheDudeInSF","name":"Dean  "}],"hashtags":[],"urls":[]},"in_reply_to_screen_name":"madisonlawrence","id_str":"544553794252455937","retweet_count":0,"in_reply_to_user_id":21370504,"favorited":false,"user":{"follow_request_sent":false,"profile_use_background_image":true,"profile_text_color":"333333","default_profile_image":false,"id":444388589,"profile_background_image_url_https":"https://abs.twimg.com/images/themes/theme1/bg.png","verified":false,"profile_location":null,"profile_image_url_https":"https://pbs.twimg.com/profile_images/587732786900905985/kYzvF7Mf_normal.jpg","profile_sidebar_fill_color":"DDEEF6","entities":{"description":{"urls":[]}},"followers_count":296,"profile_sidebar_border_color":"C0DEED","id_str":"444388589","profile_background_color":"C0DEED","listed_count":0,"is_translation_enabled":false,"utc_offset":-25200,"statuses_count":4717,"description":"For the word of God is living and active. ... it penetrates even to dividing soul and spirit, ... it judges the thoughts and attitudes if the heart. Hebrews 4:8","friends_count":269,"location":"brains","profile_link_color":"0084B4","profile_image_url":"http://pbs.twimg.com/profile_images/587732786900905985/kYzvF7Mf_normal.jpg","following":false,"geo_enabled":true,"profile_banner_url":"https://pbs.twimg.com/profile_banners/444388589/1418069877","profile_background_image_url":"http://abs.twimg.com/images/themes/theme1/bg.png","name":"caden","lang":"en","profile_background_tile":false,"favourites_count":12237,"screen_name":"caden_molan","notifications":false,"url":null,"created_at":"Fri Dec 23 06:18:13 +0000 2011","contributors_enabled":false,"time_zone":"Arizona","protected":false,"default_profile":true,"is_translator":false},"geo":{"type":"Point","coordinates":[44.88272883,-122.94219769]},"in_reply_to_user_id_str":"21370504","lang":"en","created_at":"Mon Dec 15 18:05:16 +0000 2014","in_reply_to_status_id_str":"544448872542924801","place":{"full_name":"Oregon, US","url":"https://api.twitter.com/1.1/geo/id/df7fd3a3b9eff7ee.json","country":"United States","place_type":"admin","bounding_box":{"type":"Polygon","coordinates":[[[-124.703541,41.991795],[-116.463262,41.991795],[-116.463262,46.2991],[-124.703541,46.2991]]]},"contained_within":[],"country_code":"US","attributes":{},"id":"df7fd3a3b9eff7ee","name":"Oregon"}},
{"contributors":null,"truncated":false,"text":"@madisonlawrence @TheDudeInSF Christ has paid for our sins in blood for that even when we do slip up we can have forgiveness in His love!","in_reply_to_status_id":544448872542924801,"id":544554117478105088,"favorite_count":0,"source":"<a href=\"http://twitter.com/download/iphone\" rel=\"nofollow\">Twitter for iPhone</a>","retweeted":false,"coordinates":{"type":"Point","coordinates":[-122.94225253,44.88276677]},"entities":{"symbols":[],"user_mentions":[{"id":21370504,"indices":[0,16],"id_str":"21370504","screen_name":"madisonlawrence","name":"Madison Lawrence"},{"id":175452918,"indices":[17,29],"id_str":"175452918","screen_name":"TheDudeInSF","name":"Dean  "}],"hashtags":[],"urls":[]},"in_reply_to_screen_name":"madisonlawrence","id_str":"544554117478105088","retweet_count":0,"in_reply_to_user_id":21370504,"favorited":false,"user":{"follow_request_sent":false,"profile_use_background_image":true,"profile_text_color":"333333","default_profile_image":false,"id":444388589,"profile_background_image_url_https":"https://abs.twimg.com/images/themes/theme1/bg.png","verified":false,"profile_location":null,"profile_image_url_https":"https://pbs.twimg.com/profile_images/587732786900905985/kYzvF7Mf_normal.jpg","profile_sidebar_fill_color":"DDEEF6","entities":{"description":{"urls":[]}},"followers_count":296,"profile_sidebar_border_color":"C0DEED","id_str":"444388589","profile_background_color":"C0DEED","listed_count":0,"is_translation_enabled":false,"utc_offset":-25200,"statuses_count":4717,"description":"For the word of God is living and active. ... it penetrates even to dividing soul and spirit, ... it judges the thoughts and attitudes if the heart. Hebrews 4:8","friends_count":269,"location":"brains","profile_link_color":"0084B4","profile_image_url":"http://pbs.twimg.com/profile_images/587732786900905985/kYzvF7Mf_normal.jpg","following":false,"geo_enabled":true,"profile_banner_url":"https://pbs.twimg.com/profile_banners/444388589/1418069877","profile_background_image_url":"http://abs.twimg.com/images/themes/theme1/bg.png","name":"caden","lang":"en","profile_background_tile":false,"favourites_count":12237,"screen_name":"caden_molan","notifications":false,"url":null,"created_at":"Fri Dec 23 06:18:13 +0000 2011","contributors_enabled":false,"time_zone":"Arizona","protected":false,"default_profile":true,"is_translator":false},"geo":{"type":"Point","coordinates":[44.88276677,-122.94225253]},"in_reply_to_user_id_str":"21370504","lang":"en","created_at":"Mon Dec 15 18:06:33 +0000 2014","in_reply_to_status_id_str":"544448872542924801","place":{"full_name":"Oregon, US","url":"https://api.twitter.com/1.1/geo/id/df7fd3a3b9eff7ee.json","country":"United States","place_type":"admin","bounding_box":{"type":"Polygon","coordinates":[[[-124.703541,41.991795],[-116.463262,41.991795],[-116.463262,46.2991],[-124.703541,46.2991]]]},"contained_within":[],"country_code":"US","attributes":{},"id":"df7fd3a3b9eff7ee","name":"Oregon"}},
{"contributors":null,"truncated":false,"text":"@jamespwhite @ruiner6 no religion is peaceful when it's constantly protecting itself &amp; people. How long do u tolerate insults &amp; blasphemes","in_reply_to_status_id":544335663407972352,"id":545044671106269184,"favorite_count":0,"source":"<a href=\"http://twitter.com/download/iphone\" rel=\"nofollow\">Twitter for iPhone</a>","retweeted":false,"coordinates":null,"entities":{"symbols":[],"user_mentions":[{"id":27437651,"indices":[0,12],"id_str":"27437651","screen_name":"jamespwhite","name":"James P. White"},{"id":2820702651,"indices":[13,21],"id_str":"2820702651","screen_name":"ruiner6","name":"Aoibheann"}],"hashtags":[],"urls":[]},"in_reply_to_screen_name":"jamespwhite","id_str":"545044671106269184","retweet_count":0,"in_reply_to_user_id":27437651,"favorited":false,"user":{"follow_request_sent":false,"profile_use_background_image":true,"profile_text_color":"333333","default_profile_image":false,"id":451656800,"profile_background_image_url_https":"https://abs.twimg.com/images/themes/theme1/bg.png","verified":false,"profile_location":null,"profile_image_url_https":"https://pbs.twimg.com/profile_images/506256465183514625/ThPLZ3xA_normal.jpeg","profile_sidebar_fill_color":"DDEEF6","entities":{"url":{"urls":[{"url":"https://t.co/3sI7kUnUJh","indices":[0,23],"expanded_url":"https://www.facebook.com/princessbutterflyn","display_url":"facebook.com/princessbutter…"}]},"description":{"urls":[]}},"followers_count":92,"profile_sidebar_border_color":"FFFFFF","id_str":"451656800","profile_background_color":"C0DEED","listed_count":1,"is_translation_enabled":false,"utc_offset":39600,"statuses_count":1246,"description":"Destination is Jannah. InshaAllaah","friends_count":180,"location":" Sydney, NSW","profile_link_color":"0084B4","profile_image_url":"http://pbs.twimg.com/profile_images/506256465183514625/ThPLZ3xA_normal.jpeg","following":false,"geo_enabled":true,"profile_banner_url":"https://pbs.twimg.com/profile_banners/451656800/1409403706","profile_background_image_url":"http://abs.twimg.com/images/themes/theme1/bg.png","name":"Sam","lang":"en","profile_background_tile":false,"favourites_count":428,"screen_name":"samanthalearne","notifications":false,"url":"https://t.co/3sI7kUnUJh","created_at":"Sat Dec 31 20:35:19 +0000 2011","contributors_enabled":false,"time_zone":"Sydney","protected":false,"default_profile":false,"is_translator":false},"geo":null,"in_reply_to_user_id_str":"27437651","lang":"en","created_at":"Wed Dec 17 02:35:50 +0000 2014","in_reply_to_status_id_str":"544335663407972352","place":null}
]