[{"contributors":null,"truncated":false,"text":"@abcnews oh...no....please save those hostages ....","in_reply_to_status_id":544334939374641152,"id":544335545464127488,"favorite_count":0,"source":"<a href=\"http://twitter.com/#!/download/ipad\" rel=\"nofollow\">Twitter for iPad</a>","retweeted":false,"coordinates":null,"entities":{"symbols":[],"user_mentions":[{"id":2768501,"indices":[0,8],"id_str":"2768501","screen_name":"abcnews","name":"ABC News"}],"hashtags":[],"urls":[]},"in_reply_to_screen_name":"abcnews","id_str":"544335545464127488","retweet_count":0,"in_reply_to_user_id":2768501,"favorited":false,"user":{"follow_request_sent":false,"profile_use_background_image":true,"profile_text_color":"333333","default_profile_image":false,"id":2234329771,"profile_background_image_url_https":"https://abs.twimg.com/images/themes/theme1/bg.png","verified":false,"profile_location":null,"profile_image_url_https":"https://pbs.twimg.com/profile_images/529971406839099392/GFuH8RqI_normal.jpeg","profile_sidebar_fill_color":"DDEEF6","entities":{"description":{"urls":[]}},"followers_count":5,"profile_sidebar_border_color":"C0DEED","id_str":"2234329771","profile_background_color":"C0DEED","listed_count":0,"is_translation_enabled":false,"utc_offset":null,"statuses_count":109,"description":"","friends_count":37,"location":"sydney","profile_link_color":"0084B4","profile_image_url":"http://pbs.twimg.com/profile_images/529971406839099392/GFuH8RqI_normal.jpeg","following":false,"geo_enabled":false,"profile_banner_url":"https://pbs.twimg.com/profile_banners/2234329771/1415190006","profile_background_image_url":"http://abs.twimg.com/images/themes/theme1/bg.png","name":"kit siew","lang":"en-gb","profile_background_tile":false,"favourites_count":99,"screen_name":"pengkitsiew","notifications":false,"url":null,"created_at":"Sat Dec 07 10:52:49 +0000 2013","contributors_enabled":false,"time_zone":null,"protected":false,"default_profile":true,"is_translator":false},"geo":null,"in_reply_to_user_id_str":"2768501","lang":"en","created_at":"Mon Dec 15 03:38:01 +0000 2014","in_reply_to_status_id_str":"544334939374641152","place":null},
{"contributors":null,"truncated":false,"text":"@abcnews this person has a message but what to do this kind of act!","in_reply_to_status_id":544334939374641152,"id":544335560471769088,"favorite_count":0,"source":"<a href=\"http://twitter.com/download/iphone\" rel=\"nofollow\">Twitter for iPhone</a>","retweeted":false,"coordinates":null,"entities":{"symbols":[],"user_mentions":[{"id":2768501,"indices":[0,8],"id_str":"2768501","screen_name":"abcnews","name":"ABC News"}],"hashtags":[],"urls":[]},"in_reply_to_screen_name":"abcnews","id_str":"544335560471769088","retweet_count":0,"in_reply_to_user_id":2768501,"favorited":false,"user":{"follow_request_sent":false,"profile_use_background_image":true,"profile_text_color":"333333","default_profile_image":false,"id":864927037,"profile_background_image_url_https":"https://abs.twimg.com/images/themes/theme1/bg.png","verified":false,"profile_location":null,"profile_image_url_https":"https://pbs.twimg.com/profile_images/584456303738753025/CODOZee-_normal.jpg","profile_sidebar_fill_color":"DDEEF6","entities":{"description":{"urls":[]}},"followers_count":556,"profile_sidebar_border_color":"C0DEED","id_str":"864927037","profile_background_color":"C0DEED","listed_count":1,"is_translation_enabled":false,"utc_offset":-21600,"statuses_count":9343,"description":"","friends_count":787,"location":"","profile_link_color":"0084B4","profile_image_url":"http://pbs.twimg.com/profile_images/584456303738753025/CODOZee-_normal.jpg","following":false,"geo_enabled":true,"profile_banner_url":"https://pbs.twimg.com/profile_banners/864927037/1418523946","profile_background_image_url":"http://abs.twimg.com/images/themes/theme1/bg.png","name":"paris","lang":"en","profile_background_tile":false,"favourites_count":3529,"screen_name":"Destinbeach22","notifications":false,"url":null,"created_at":"Sat Oct 06 16:13:57 +0000 2012","contributors_enabled":false,"time_zone":"Central Time (US & Canada)","protected":false,"default_profile":true,"is_translator":false},"geo":null,"in_reply_to_user_id_str":"2768501","lang":"en","created_at":"Mon Dec 15 03:38:05 +0000 2014","in_reply_to_status_id_str":"544334939374641152","place":null},
{"contributors":null,"truncated":false,"text":"@abcnews this is my opinion he wants to convey a msg","in_reply_to_status_id":544334939374641152,"id":544335671637594112,"favorite_count":0,"source":"<a href=\"http://twitter.com/download/iphone\" rel=\"nofollow\">Twitter for iPhone</a>","retweeted":false,"coordinates":null,"entities":{"symbols":[],"user_mentions":[{"id":2768501,"indices":[0,8],"id_str":"2768501","screen_name":"abcnews","name":"ABC News"}],"hashtags":[],"urls":[]},"in_reply_to_screen_name":"abcnews","id_str":"544335671637594112","retweet_count":0,"in_reply_to_user_id":2768501,"favorited":false,"user":{"follow_request_sent":false,"profile_use_background_image":true,"profile_text_color":"333333","default_profile_image":false,"id":864927037,"profile_background_image_url_https":"https://abs.twimg.com/images/themes/theme1/bg.png","verified":false,"profile_location":null,"profile_image_url_https":"https://pbs.twimg.com/profile_images/584456303738753025/CODOZee-_normal.jpg","profile_sidebar_fill_color":"DDEEF6","entities":{"description":{"urls":[]}},"followers_count":556,"profile_sidebar_border_color":"C0DEED","id_str":"864927037","profile_background_color":"C0DEED","listed_count":1,"is_translation_enabled":false,"utc_offset":-21600,"statuses_count":9343,"description":"","friends_count":787,"location":"","profile_link_color":"0084B4","profile_image_url":"http://pbs.twimg.com/profile_images/584456303738753025/CODOZee-_normal.jpg","following":false,"geo_enabled":true,"profile_banner_url":"https://pbs.twimg.com/profile_banners/864927037/1418523946","profile_background_image_url":"http://abs.twimg.com/images/themes/theme1/bg.png","name":"paris","lang":"en","profile_background_tile":false,"favourites_count":3529,"screen_name":"Destinbeach22","notifications":false,"url":null,"created_at":"Sat Oct 06 16:13:57 +0000 2012","contributors_enabled":false,"time_zone":"Central Time (US & Canada)","protected":false,"default_profile":true,"is_translator":false},"geo":null,"in_reply_to_user_id_str":"2768501","lang":"en","created_at":"Mon Dec 15 03:38:32 +0000 2014","in_reply_to_status_id_str":"544334939374641152","place":null},
{"contributors":null,"truncated":false,"text":"@abcnews look at the Vultures, how about leaving the police to do their job and stop giving that moron his \"Fame\" #MoveAlongFools","in_reply_to_status_id":544334939374641152,"id":544337908182695936,"favorite_count":1,"source":"<a href=\"http://twitter.com/download/iphone\" rel=\"nofollow\">Twitter for iPhone</a>","retweeted":false,"coordinates":null,"entities":{"symbols":[],"user_mentions":[{"id":2768501,"indices":[0,8],"id_str":"2768501","screen_name":"abcnews","name":"ABC News"}],"hashtags":[{"indices":[114,129],"text":"MoveAlongFools"}],"urls":[]},"in_reply_to_screen_name":"abcnews","id_str":"544337908182695936","retweet_count":0,"in_reply_to_user_id":2768501,"favorited":false,"user":{"follow_request_sent":false,"profile_use_background_image":true,"profile_text_color":"666666","default_profile_image":false,"id":25478590,"profile_background_image_url_https":"https://abs.twimg.com/images/themes/theme9/bg.gif","verified":false,"profile_location":null,"profile_image_url_https":"https://pbs.twimg.com/profile_images/480277441680654336/PJppTfpW_normal.jpeg","profile_sidebar_fill_color":"252429","entities":{"description":{"urls":[]}},"followers_count":128,"profile_sidebar_border_color":"181A1E","id_str":"25478590","profile_background_color":"1A1B1F","listed_count":0,"is_translation_enabled":false,"utc_offset":39600,"statuses_count":1660,"description":"Living on the darkside with plenty of laughs. #Sithlife.#Unbeleiver  if you need to label me. In reality I'm Just Matthew.","friends_count":520,"location":"Van Diemens Land / Tasmania","profile_link_color":"2FC2EF","profile_image_url":"http://pbs.twimg.com/profile_images/480277441680654336/PJppTfpW_normal.jpeg","following":false,"geo_enabled":true,"profile_banner_url":"https://pbs.twimg.com/profile_banners/25478590/1403341979","profile_background_image_url":"http://abs.twimg.com/images/themes/theme9/bg.gif","name":"The Official Matthew","lang":"en","profile_background_tile":false,"favourites_count":1339,"screen_name":"garagepanda","notifications":false,"url":null,"created_at":"Fri Mar 20 08:21:23 +0000 2009","contributors_enabled":false,"time_zone":"Hobart","protected":false,"default_profile":false,"is_translator":false},"geo":null,"in_reply_to_user_id_str":"2768501","lang":"en","created_at":"Mon Dec 15 03:47:25 +0000 2014","in_reply_to_status_id_str":"544334939374641152","place":null},
{"contributors":null,"truncated":false,"text":"@kathyrice15 @abcnews See https://t.co/MFOsuu6Hox - they using a hostage to get that message to the media and bypassing the police?","in_reply_to_status_id":544335671637594112,"id":544338116362768384,"favorite_count":0,"source":"<a href=\"http://twitter.com\" rel=\"nofollow\">Twitter Web Client</a>","retweeted":false,"coordinates":null,"entities":{"symbols":[],"user_mentions":[{"id":2768501,"indices":[13,21],"id_str":"2768501","screen_name":"abcnews","name":"ABC News"}],"hashtags":[],"urls":[{"url":"https://t.co/MFOsuu6Hox","indices":[26,49],"expanded_url":"https://twitter.com/2GB873","display_url":"twitter.com/2GB873"}]},"in_reply_to_screen_name":"Destinbeach22","id_str":"544338116362768384","retweet_count":0,"in_reply_to_user_id":864927037,"favorited":false,"user":{"follow_request_sent":false,"profile_use_background_image":true,"profile_text_color":"333333","default_profile_image":false,"id":407350333,"profile_background_image_url_https":"https://abs.twimg.com/images/themes/theme1/bg.png","verified":false,"profile_location":null,"profile_image_url_https":"https://pbs.twimg.com/profile_images/580527663242194948/BkxEHDAp_normal.jpg","profile_sidebar_fill_color":"DDEEF6","entities":{"description":{"urls":[]}},"followers_count":88,"profile_sidebar_border_color":"C0DEED","id_str":"407350333","profile_background_color":"C0DEED","listed_count":2,"is_translation_enabled":false,"utc_offset":39600,"statuses_count":3534,"description":"Fixed Income Portfolio Manager at Australian Ethical.  Also: Husband, Father, Gamer, disillusioned former Australian Democrat.  All views expressed are my own.","friends_count":246,"location":"Gungahlin, Australia","profile_link_color":"0084B4","profile_image_url":"http://pbs.twimg.com/profile_images/580527663242194948/BkxEHDAp_normal.jpg","following":false,"geo_enabled":true,"profile_banner_url":"https://pbs.twimg.com/profile_banners/407350333/1418167600","profile_background_image_url":"http://abs.twimg.com/images/themes/theme1/bg.png","name":"Tim Kelly","lang":"en","profile_background_tile":false,"favourites_count":1074,"screen_name":"TimKofCanberra","notifications":false,"url":null,"created_at":"Mon Nov 07 23:46:13 +0000 2011","contributors_enabled":false,"time_zone":"New Caledonia","protected":false,"default_profile":true,"is_translator":false},"geo":null,"in_reply_to_user_id_str":"864927037","possibly_sensitive":false,"lang":"en","created_at":"Mon Dec 15 03:48:14 +0000 2014","in_reply_to_status_id_str":"544335671637594112","place":null},
{"contributors":null,"truncated":false,"text":"MT @abcnews: Martin Place, Sydney Opera House &amp; State Library evacuated due to #sydneysiege \nhttp://t.co/05aFiwRE9v http://t.co/fyfKtWS7jq","in_reply_to_status_id":544334939374641152,"id":544338414397440002,"favorite_count":0,"source":"<a href=\"http://twitter.com/#!/download/ipad\" rel=\"nofollow\">Twitter for iPad</a>","retweeted":false,"coordinates":null,"entities":{"symbols":[],"user_mentions":[{"id":2768501,"indices":[3,11],"id_str":"2768501","screen_name":"abcnews","name":"ABC News"}],"hashtags":[{"indices":[83,95],"text":"sydneysiege"}],"urls":[{"url":"http://t.co/05aFiwRE9v","indices":[97,119],"expanded_url":"http://ab.co/1DyBfBa","display_url":"ab.co/1DyBfBa"}],"media":[{"source_user_id":2768501,"source_status_id_str":"544334939374641152","expanded_url":"http://twitter.com/abcnews/status/544334939374641152/photo/1","display_url":"pic.twitter.com/fyfKtWS7jq","url":"http://t.co/fyfKtWS7jq","media_url_https":"https://pbs.twimg.com/media/B43diffCIAAR27O.jpg","source_user_id_str":"2768501","source_status_id":544334939374641152,"id_str":"544334714618650624","sizes":{"small":{"h":226,"resize":"fit","w":340},"large":{"h":682,"resize":"fit","w":1023},"medium":{"h":400,"resize":"fit","w":600},"thumb":{"h":150,"resize":"crop","w":150}},"indices":[120,142],"type":"photo","id":544334714618650624,"media_url":"http://pbs.twimg.com/media/B43diffCIAAR27O.jpg"}]},"in_reply_to_screen_name":"abcnews","id_str":"544338414397440002","retweet_count":1,"in_reply_to_user_id":2768501,"favorited":false,"user":{"follow_request_sent":false,"profile_use_background_image":true,"profile_text_color":"333333","default_profile_image":false,"id":194758773,"profile_background_image_url_https":"https://pbs.twimg.com/profile_background_images/378800000115746959/70745dc742d893c675e658b1cdcf4b75.jpeg","verified":false,"profile_location":null,"profile_image_url_https":"https://pbs.twimg.com/profile_images/551190282515931136/rTB64w8j_normal.jpeg","profile_sidebar_fill_color":"C0DFEC","entities":{"description":{"urls":[]}},"followers_count":1216,"profile_sidebar_border_color":"FFFFFF","id_str":"194758773","profile_background_color":"022330","listed_count":55,"is_translation_enabled":false,"utc_offset":39600,"statuses_count":12506,"description":"Asia, books, music - sempre coloratura. Journalist, ABC alumnus. Layered like kueh lapis, and just as moreish.","friends_count":842,"location":"Melbourne","profile_link_color":"0084B4","profile_image_url":"http://pbs.twimg.com/profile_images/551190282515931136/rTB64w8j_normal.jpeg","following":false,"geo_enabled":false,"profile_banner_url":"https://pbs.twimg.com/profile_banners/194758773/1417409792","profile_background_image_url":"http://pbs.twimg.com/profile_background_images/378800000115746959/70745dc742d893c675e658b1cdcf4b75.jpeg","name":"S","lang":"en","profile_background_tile":true,"favourites_count":105,"screen_name":"SLamEsq","notifications":false,"url":null,"created_at":"Fri Sep 24 23:00:33 +0000 2010","contributors_enabled":false,"time_zone":"Melbourne","protected":false,"default_profile":false,"is_translator":false},"geo":null,"in_reply_to_user_id_str":"2768501","possibly_sensitive":false,"lang":"en","created_at":"Mon Dec 15 03:49:25 +0000 2014","in_reply_to_status_id_str":"544334939374641152","place":null,"extended_entities":{"media":[{"source_user_id":2768501,"source_status_id_str":"544334939374641152","expanded_url":"http://twitter.com/abcnews/status/544334939374641152/photo/1","display_url":"pic.twitter.com/fyfKtWS7jq","url":"http://t.co/fyfKtWS7jq","media_url_https":"https://pbs.twimg.com/media/B43diffCIAAR27O.jpg","source_user_id_str":"2768501","source_status_id":544334939374641152,"id_str":"544334714618650624","sizes":{"small":{"h":226,"resize":"fit","w":340},"large":{"h":682,"resize":"fit","w":1023},"medium":{"h":400,"resize":"fit","w":600},"thumb":{"h":150,"resize":"crop","w":150}},"indices":[120,142],"type":"photo","id":544334714618650624,"media_url":"http://pbs.twimg.com/media/B43diffCIAAR27O.jpg"}]}},
{"contributors":null,"truncated":false,"text":"@abcnews Me, I would not be standing around in a crowd in Sydney right now. #sydneysiege","in_reply_to_status_id":544334939374641152,"id":544338810574618625,"favorite_count":1,"source":"<a href=\"http://twitter.com\" rel=\"nofollow\">Twitter Web Client</a>","retweeted":false,"coordinates":null,"entities":{"symbols":[],"user_mentions":[{"id":2768501,"indices":[0,8],"id_str":"2768501","screen_name":"abcnews","name":"ABC News"}],"hashtags":[{"indices":[76,88],"text":"sydneysiege"}],"urls":[]},"in_reply_to_screen_name":"abcnews","id_str":"544338810574618625","retweet_count":1,"in_reply_to_user_id":2768501,"favorited":false,"user":{"follow_request_sent":false,"profile_use_background_image":true,"profile_text_color":"333333","default_profile_image":false,"id":423994870,"profile_background_image_url_https":"https://abs.twimg.com/images/themes/theme1/bg.png","verified":false,"profile_location":null,"profile_image_url_https":"https://pbs.twimg.com/profile_images/427611039610314752/kmGZ2LlT_normal.jpeg","profile_sidebar_fill_color":"DDEEF6","entities":{"description":{"urls":[]}},"followers_count":26,"profile_sidebar_border_color":"C0DEED","id_str":"423994870","profile_background_color":"C0DEED","listed_count":0,"is_translation_enabled":false,"utc_offset":-36000,"statuses_count":2053,"description":"Some time humanitarian aid worker, tango dancer, proud and loving grand father.","friends_count":76,"location":"Melbourne via Juba Sth Sudan ","profile_link_color":"0084B4","profile_image_url":"http://pbs.twimg.com/profile_images/427611039610314752/kmGZ2LlT_normal.jpeg","following":false,"geo_enabled":true,"profile_background_image_url":"http://abs.twimg.com/images/themes/theme1/bg.png","name":"terry lancashire","lang":"en","profile_background_tile":false,"favourites_count":124,"screen_name":"terrylancashire","notifications":false,"url":null,"created_at":"Tue Nov 29 05:43:48 +0000 2011","contributors_enabled":false,"time_zone":"Hawaii","protected":false,"default_profile":true,"is_translator":false},"geo":null,"in_reply_to_user_id_str":"2768501","lang":"en","created_at":"Mon Dec 15 03:51:00 +0000 2014","in_reply_to_status_id_str":"544334939374641152","place":null},
{"contributors":null,"truncated":false,"text":"@TimKofCanberra @abcnews what are they saying?","in_reply_to_status_id":544338116362768384,"id":544339315002990592,"favorite_count":0,"source":"<a href=\"http://twitter.com/download/iphone\" rel=\"nofollow\">Twitter for iPhone</a>","retweeted":false,"coordinates":null,"entities":{"symbols":[],"user_mentions":[{"id":407350333,"indices":[0,15],"id_str":"407350333","screen_name":"TimKofCanberra","name":"Tim Kelly"},{"id":2768501,"indices":[16,24],"id_str":"2768501","screen_name":"abcnews","name":"ABC News"}],"hashtags":[],"urls":[]},"in_reply_to_screen_name":"TimKofCanberra","id_str":"544339315002990592","retweet_count":0,"in_reply_to_user_id":407350333,"favorited":false,"user":{"follow_request_sent":false,"profile_use_background_image":true,"profile_text_color":"333333","default_profile_image":false,"id":864927037,"profile_background_image_url_https":"https://abs.twimg.com/images/themes/theme1/bg.png","verified":false,"profile_location":null,"profile_image_url_https":"https://pbs.twimg.com/profile_images/584456303738753025/CODOZee-_normal.jpg","profile_sidebar_fill_color":"DDEEF6","entities":{"description":{"urls":[]}},"followers_count":556,"profile_sidebar_border_color":"C0DEED","id_str":"864927037","profile_background_color":"C0DEED","listed_count":1,"is_translation_enabled":false,"utc_offset":-21600,"statuses_count":9343,"description":"","friends_count":787,"location":"","profile_link_color":"0084B4","profile_image_url":"http://pbs.twimg.com/profile_images/584456303738753025/CODOZee-_normal.jpg","following":false,"geo_enabled":true,"profile_banner_url":"https://pbs.twimg.com/profile_banners/864927037/1418523946","profile_background_image_url":"http://abs.twimg.com/images/themes/theme1/bg.png","name":"paris","lang":"en","profile_background_tile":false,"favourites_count":3529,"screen_name":"Destinbeach22","notifications":false,"url":null,"created_at":"Sat Oct 06 16:13:57 +0000 2012","contributors_enabled":false,"time_zone":"Central Time (US & Canada)","protected":false,"default_profile":true,"is_translator":false},"geo":null,"in_reply_to_user_id_str":"407350333","lang":"en","created_at":"Mon Dec 15 03:53:00 +0000 2014","in_reply_to_status_id_str":"544338116362768384","place":null},
{"contributors":null,"truncated":false,"text":"@abcnews @abcnewsSydney Seriously people follow directions and evacuate the area. That include dumbass spectators. Give the authorities room","in_reply_to_status_id":544334939374641152,"id":544339518959009792,"favorite_count":0,"source":"<a href=\"http://twitter.com/download/iphone\" rel=\"nofollow\">Twitter for iPhone</a>","retweeted":false,"coordinates":null,"entities":{"symbols":[],"user_mentions":[{"id":2768501,"indices":[0,8],"id_str":"2768501","screen_name":"abcnews","name":"ABC News"},{"id":16215478,"indices":[9,23],"id_str":"16215478","screen_name":"abcnewsSydney","name":"ABC News Sydney"}],"hashtags":[],"urls":[]},"in_reply_to_screen_name":"abcnews","id_str":"544339518959009792","retweet_count":0,"in_reply_to_user_id":2768501,"favorited":false,"user":{"follow_request_sent":false,"profile_use_background_image":true,"profile_text_color":"333333","default_profile_image":false,"id":1616213659,"profile_background_image_url_https":"https://abs.twimg.com/images/themes/theme1/bg.png","verified":false,"profile_location":null,"profile_image_url_https":"https://pbs.twimg.com/profile_images/378800000177774361/e6e09e5d811d5a31d5f684cd713206d5_normal.jpeg","profile_sidebar_fill_color":"DDEEF6","entities":{"description":{"urls":[]}},"followers_count":109,"profile_sidebar_border_color":"C0DEED","id_str":"1616213659","profile_background_color":"C0DEED","listed_count":6,"is_translation_enabled":false,"utc_offset":39600,"statuses_count":798,"description":"Husband, Father of three boys, Son of a Veteran, Business Manager at McCarthy Catholic College, Emu Plains, Team Leader - NSW SES Blacktown Unit.","friends_count":547,"location":"Sydney, Australia","profile_link_color":"0084B4","profile_image_url":"http://pbs.twimg.com/profile_images/378800000177774361/e6e09e5d811d5a31d5f684cd713206d5_normal.jpeg","following":false,"geo_enabled":false,"profile_banner_url":"https://pbs.twimg.com/profile_banners/1616213659/1378461517","profile_background_image_url":"http://abs.twimg.com/images/themes/theme1/bg.png","name":"Sean McNally","lang":"en","profile_background_tile":false,"favourites_count":1215,"screen_name":"SeanMcNally12","notifications":false,"url":null,"created_at":"Tue Jul 23 21:56:00 +0000 2013","contributors_enabled":false,"time_zone":"Sydney","protected":false,"default_profile":true,"is_translator":false},"geo":null,"in_reply_to_user_id_str":"2768501","lang":"en","created_at":"Mon Dec 15 03:53:49 +0000 2014","in_reply_to_status_id_str":"544334939374641152","place":null},
{"contributors":null,"truncated":false,"text":"Thanks @abcnews for pic of Martin place. It shows how #sydneysiege is crowded with onlookers. In real war places like Syria crowds scatter..","in_reply_to_status_id":544334939374641152,"id":544339989295665152,"favorite_count":0,"source":"<a href=\"http://twitter.com\" rel=\"nofollow\">Twitter Web Client</a>","retweeted":false,"coordinates":null,"entities":{"symbols":[],"user_mentions":[{"id":2768501,"indices":[7,15],"id_str":"2768501","screen_name":"abcnews","name":"ABC News"}],"hashtags":[{"indices":[54,66],"text":"sydneysiege"}],"urls":[]},"in_reply_to_screen_name":"abcnews","id_str":"544339989295665152","retweet_count":0,"in_reply_to_user_id":2768501,"favorited":false,"user":{"follow_request_sent":false,"profile_use_background_image":true,"profile_text_color":"333333","default_profile_image":false,"id":18328908,"profile_background_image_url_https":"https://pbs.twimg.com/profile_background_images/378800000175197961/XwAurlnb.jpeg","verified":false,"profile_location":null,"profile_image_url_https":"https://pbs.twimg.com/profile_images/83813860/WebLogoSquare_normal.jpg","profile_sidebar_fill_color":"DDEEF6","entities":{"url":{"urls":[{"url":"http://t.co/xRFLabhbMB","indices":[0,22],"expanded_url":"http://about.me/lubosh","display_url":"about.me/lubosh"}]},"description":{"urls":[]}},"followers_count":52,"profile_sidebar_border_color":"FFFFFF","id_str":"18328908","profile_background_color":"DBE9ED","listed_count":2,"is_translation_enabled":false,"utc_offset":39600,"statuses_count":2391,"description":"Need a new business partner... ever wanted to have a job you love ?","friends_count":77,"location":"528 Guinea St Albury NSW 2640","profile_link_color":"C93868","profile_image_url":"http://pbs.twimg.com/profile_images/83813860/WebLogoSquare_normal.jpg","following":false,"geo_enabled":true,"profile_banner_url":"https://pbs.twimg.com/profile_banners/18328908/1390638212","profile_background_image_url":"http://pbs.twimg.com/profile_background_images/378800000175197961/XwAurlnb.jpeg","name":"icecreamguru","lang":"en","profile_background_tile":false,"favourites_count":1,"screen_name":"icecreamguru","notifications":false,"url":"http://t.co/xRFLabhbMB","created_at":"Tue Dec 23 07:24:53 +0000 2008","contributors_enabled":false,"time_zone":"Melbourne","protected":false,"default_profile":false,"is_translator":false},"geo":null,"in_reply_to_user_id_str":"2768501","lang":"en","created_at":"Mon Dec 15 03:55:41 +0000 2014","in_reply_to_status_id_str":"544334939374641152","place":null},
{"contributors":null,"truncated":false,"text":"@kathyrice15 @abcnews No idea.  Not a listener.","in_reply_to_status_id":544339315002990592,"id":544342181893246976,"favorite_count":1,"source":"<a href=\"http://twitter.com\" rel=\"nofollow\">Twitter Web Client</a>","retweeted":false,"coordinates":null,"entities":{"symbols":[],"user_mentions":[{"id":2768501,"indices":[13,21],"id_str":"2768501","screen_name":"abcnews","name":"ABC News"}],"hashtags":[],"urls":[]},"in_reply_to_screen_name":"Destinbeach22","id_str":"544342181893246976","retweet_count":0,"in_reply_to_user_id":864927037,"favorited":false,"user":{"follow_request_sent":false,"profile_use_background_image":true,"profile_text_color":"333333","default_profile_image":false,"id":407350333,"profile_background_image_url_https":"https://abs.twimg.com/images/themes/theme1/bg.png","verified":false,"profile_location":null,"profile_image_url_https":"https://pbs.twimg.com/profile_images/580527663242194948/BkxEHDAp_normal.jpg","profile_sidebar_fill_color":"DDEEF6","entities":{"description":{"urls":[]}},"followers_count":88,"profile_sidebar_border_color":"C0DEED","id_str":"407350333","profile_background_color":"C0DEED","listed_count":2,"is_translation_enabled":false,"utc_offset":39600,"statuses_count":3534,"description":"Fixed Income Portfolio Manager at Australian Ethical.  Also: Husband, Father, Gamer, disillusioned former Australian Democrat.  All views expressed are my own.","friends_count":246,"location":"Gungahlin, Australia","profile_link_color":"0084B4","profile_image_url":"http://pbs.twimg.com/profile_images/580527663242194948/BkxEHDAp_normal.jpg","following":false,"geo_enabled":true,"profile_banner_url":"https://pbs.twimg.com/profile_banners/407350333/1418167600","profile_background_image_url":"http://abs.twimg.com/images/themes/theme1/bg.png","name":"Tim Kelly","lang":"en","profile_background_tile":false,"favourites_count":1074,"screen_name":"TimKofCanberra","notifications":false,"url":null,"created_at":"Mon Nov 07 23:46:13 +0000 2011","contributors_enabled":false,"time_zone":"New Caledonia","protected":false,"default_profile":true,"is_translator":false},"geo":null,"in_reply_to_user_id_str":"864927037","lang":"en","created_at":"Mon Dec 15 04:04:24 +0000 2014","in_reply_to_status_id_str":"544339315002990592","place":null},
{"contributors":null,"truncated":false,"text":"“@abcnews: Martin Place, Sydney Opera House &amp; State Library evacuated due to  @LJCambria \nhttp://t.co/DxeH92kVRE http://t.co/LGIgdZVYQm”","in_reply_to_status_id":544334939374641152,"id":544345381992005633,"favorite_count":0,"source":"<a href=\"http://twitter.com/download/iphone\" rel=\"nofollow\">Twitter for iPhone</a>","retweeted":false,"coordinates":null,"entities":{"symbols":[],"user_mentions":[{"id":2768501,"indices":[1,9],"id_str":"2768501","screen_name":"abcnews","name":"ABC News"},{"id":529555835,"indices":[82,92],"id_str":"529555835","screen_name":"LJCambria","name":" #Just LJ"}],"hashtags":[],"urls":[{"url":"http://t.co/DxeH92kVRE","indices":[94,116],"expanded_url":"http://ab.co/1DyBfBa","display_url":"ab.co/1DyBfBa"}],"media":[{"source_user_id":2768501,"source_status_id_str":"544334939374641152","expanded_url":"http://twitter.com/abcnews/status/544334939374641152/photo/1","display_url":"pic.twitter.com/LGIgdZVYQm","url":"http://t.co/LGIgdZVYQm","media_url_https":"https://pbs.twimg.com/media/B43diffCIAAR27O.jpg","source_user_id_str":"2768501","source_status_id":544334939374641152,"id_str":"544334714618650624","sizes":{"small":{"h":226,"resize":"fit","w":340},"large":{"h":682,"resize":"fit","w":1023},"medium":{"h":400,"resize":"fit","w":600},"thumb":{"h":150,"resize":"crop","w":150}},"indices":[117,139],"type":"photo","id":544334714618650624,"media_url":"http://pbs.twimg.com/media/B43diffCIAAR27O.jpg"}]},"in_reply_to_screen_name":"abcnews","id_str":"544345381992005633","retweet_count":1,"in_reply_to_user_id":2768501,"favorited":false,"user":{"follow_request_sent":false,"profile_use_background_image":true,"profile_text_color":"7AC3EE","default_profile_image":false,"id":23712477,"profile_background_image_url_https":"https://pbs.twimg.com/profile_background_images/378800000036980444/32b9e526201076b6449446cab91fc409.jpeg","verified":false,"profile_location":null,"profile_image_url_https":"https://pbs.twimg.com/profile_images/555382385194172416/2e7-I2lL_normal.jpeg","profile_sidebar_fill_color":"C880FA","entities":{"url":{"urls":[{"url":"http://t.co/C8gVQISarh","indices":[0,22],"expanded_url":"http://alilyartist.com","display_url":"alilyartist.com"}]},"description":{"urls":[]}},"followers_count":819,"profile_sidebar_border_color":"FFFFFF","id_str":"23712477","profile_background_color":"C1C4D1","listed_count":20,"is_translation_enabled":false,"utc_offset":28800,"statuses_count":22312,"description":"Mother of 4, grandmother of 1, works in Pathology, conservative politics, Artist, photography - Am Yisrael Chai","friends_count":2000,"location":"Perth Western Australia","profile_link_color":"284536","profile_image_url":"http://pbs.twimg.com/profile_images/555382385194172416/2e7-I2lL_normal.jpeg","following":false,"geo_enabled":false,"profile_banner_url":"https://pbs.twimg.com/profile_banners/23712477/1406981861","profile_background_image_url":"http://pbs.twimg.com/profile_background_images/378800000036980444/32b9e526201076b6449446cab91fc409.jpeg","name":"Alixandria Key ✡","lang":"en","profile_background_tile":true,"favourites_count":16293,"screen_name":"alixsk28","notifications":false,"url":"http://t.co/C8gVQISarh","created_at":"Wed Mar 11 03:04:59 +0000 2009","contributors_enabled":false,"time_zone":"Perth","protected":false,"default_profile":false,"is_translator":false},"geo":null,"in_reply_to_user_id_str":"2768501","possibly_sensitive":false,"lang":"en","created_at":"Mon Dec 15 04:17:07 +0000 2014","in_reply_to_status_id_str":"544334939374641152","place":null,"extended_entities":{"media":[{"source_user_id":2768501,"source_status_id_str":"544334939374641152","expanded_url":"http://twitter.com/abcnews/status/544334939374641152/photo/1","display_url":"pic.twitter.com/LGIgdZVYQm","url":"http://t.co/LGIgdZVYQm","media_url_https":"https://pbs.twimg.com/media/B43diffCIAAR27O.jpg","source_user_id_str":"2768501","source_status_id":544334939374641152,"id_str":"544334714618650624","sizes":{"small":{"h":226,"resize":"fit","w":340},"large":{"h":682,"resize":"fit","w":1023},"medium":{"h":400,"resize":"fit","w":600},"thumb":{"h":150,"resize":"crop","w":150}},"indices":[117,139],"type":"photo","id":544334714618650624,"media_url":"http://pbs.twimg.com/media/B43diffCIAAR27O.jpg"}]}},
{"contributors":null,"truncated":false,"text":"@abcnews should all people give hand to Kurdish Peshmarga to finish of ISIS \nLong live Australia &amp; long live Kurdistan free","in_reply_to_status_id":544334939374641152,"id":544345485733920768,"favorite_count":0,"source":"<a href=\"http://twitter.com/download/iphone\" rel=\"nofollow\">Twitter for iPhone</a>","retweeted":false,"coordinates":null,"entities":{"symbols":[],"user_mentions":[{"id":2768501,"indices":[0,8],"id_str":"2768501","screen_name":"abcnews","name":"ABC News"}],"hashtags":[],"urls":[]},"in_reply_to_screen_name":"abcnews","id_str":"544345485733920768","retweet_count":0,"in_reply_to_user_id":2768501,"favorited":false,"user":{"follow_request_sent":false,"profile_use_background_image":true,"profile_text_color":"333333","default_profile_image":false,"id":2177982396,"profile_background_image_url_https":"https://abs.twimg.com/images/themes/theme1/bg.png","verified":false,"profile_location":null,"profile_image_url_https":"https://pbs.twimg.com/profile_images/584703401750966272/YXV9IM25_normal.jpg","profile_sidebar_fill_color":"DDEEF6","entities":{"description":{"urls":[]}},"followers_count":43,"profile_sidebar_border_color":"C0DEED","id_str":"2177982396","profile_background_color":"C0DEED","listed_count":0,"is_translation_enabled":false,"utc_offset":null,"statuses_count":1025,"description":"","friends_count":101,"location":"Australia ","profile_link_color":"0084B4","profile_image_url":"http://pbs.twimg.com/profile_images/584703401750966272/YXV9IM25_normal.jpg","following":false,"geo_enabled":true,"profile_banner_url":"https://pbs.twimg.com/profile_banners/2177982396/1417935235","profile_background_image_url":"http://abs.twimg.com/images/themes/theme1/bg.png","name":"كاوار برواري ","lang":"ar","profile_background_tile":false,"favourites_count":76,"screen_name":"kawarsadeeq","notifications":false,"url":null,"created_at":"Wed Nov 06 12:32:57 +0000 2013","contributors_enabled":false,"time_zone":null,"protected":false,"default_profile":true,"is_translator":false},"geo":null,"in_reply_to_user_id_str":"2768501","lang":"en","created_at":"Mon Dec 15 04:17:31 +0000 2014","in_reply_to_status_id_str":"544334939374641152","place":null},
{"contributors":null,"truncated":false,"text":"@alixsk28 @abcnews and expect more of this now that Ozero has given the green light.","in_reply_to_status_id":544345381992005633,"id":544448130012676096,"favorite_count":0,"source":"<a href=\"http://twitter.com\" rel=\"nofollow\">Twitter Web Client</a>","retweeted":false,"coordinates":null,"entities":{"symbols":[],"user_mentions":[{"id":23712477,"indices":[0,9],"id_str":"23712477","screen_name":"alixsk28","name":"Alixandria Key ✡"},{"id":2768501,"indices":[10,18],"id_str":"2768501","screen_name":"abcnews","name":"ABC News"}],"hashtags":[],"urls":[]},"in_reply_to_screen_name":"alixsk28","id_str":"544448130012676096","retweet_count":0,"in_reply_to_user_id":23712477,"favorited":false,"user":{"follow_request_sent":false,"profile_use_background_image":true,"profile_text_color":"666666","default_profile_image":false,"id":529555835,"profile_background_image_url_https":"https://pbs.twimg.com/profile_background_images/448828893042982913/keID8-r_.jpeg","verified":false,"profile_location":null,"profile_image_url_https":"https://pbs.twimg.com/profile_images/569631323052990464/CZiINLVm_normal.jpeg","profile_sidebar_fill_color":"252429","entities":{"url":{"urls":[{"url":"https://t.co/Kzlt4nBUBy","indices":[0,23],"expanded_url":"https://www.youtube.com/watch?v=P-dkKoJ3kT8","display_url":"youtube.com/watch?v=P-dkKo…"}]},"description":{"urls":[]}},"followers_count":6068,"profile_sidebar_border_color":"000000","id_str":"529555835","profile_background_color":"FF6699","listed_count":119,"is_translation_enabled":false,"utc_offset":-14400,"statuses_count":51127,"description":"Jesus is THE reason 4 The Season & ALL ELSE! Restore America! #ProLIFE,  +Military, +ISRAEL. #PJNET I Block ALL Smut!  GOD BLESS AMERICA! Pic is me 275 yrs ago.","friends_count":5774,"location":"Location: AskTheNSA","profile_link_color":"B40B43","profile_image_url":"http://pbs.twimg.com/profile_images/569631323052990464/CZiINLVm_normal.jpeg","following":false,"geo_enabled":false,"profile_banner_url":"https://pbs.twimg.com/profile_banners/529555835/1398203447","profile_background_image_url":"http://pbs.twimg.com/profile_background_images/448828893042982913/keID8-r_.jpeg","name":" #Just LJ","lang":"en","profile_background_tile":false,"favourites_count":10030,"screen_name":"LJCambria","notifications":false,"url":"https://t.co/Kzlt4nBUBy","created_at":"Mon Mar 19 17:26:46 +0000 2012","contributors_enabled":false,"time_zone":"Atlantic Time (Canada)","protected":false,"default_profile":false,"is_translator":false},"geo":null,"in_reply_to_user_id_str":"23712477","lang":"en","created_at":"Mon Dec 15 11:05:24 +0000 2014","in_reply_to_status_id_str":"544345381992005633","place":null}
]