[{"contributors":null,"truncated":false,"text":"@DavidAHood you forgot to blame the civil society","in_reply_to_status_id":544359670480379905,"id":544361320972574721,"favorite_count":0,"source":"<a href=\"http://twitter.com/download/iphone\" rel=\"nofollow\">Twitter for iPhone</a>","retweeted":false,"coordinates":null,"entities":{"symbols":[],"user_mentions":[{"id":25960136,"indices":[0,11],"id_str":"25960136","screen_name":"DavidAHood","name":"David Hood"}],"hashtags":[],"urls":[]},"in_reply_to_screen_name":"DavidAHood","id_str":"544361320972574721","retweet_count":0,"in_reply_to_user_id":25960136,"favorited":false,"user":{"follow_request_sent":false,"profile_use_background_image":true,"profile_text_color":"ABB8C2","default_profile_image":false,"id":2446013412,"profile_background_image_url_https":"https://pbs.twimg.com/profile_background_images/517105687189393408/eDwBriVZ.jpeg","verified":false,"profile_location":null,"profile_image_url_https":"https://pbs.twimg.com/profile_images/583824908276244482/I7oh7zvz_normal.jpg","profile_sidebar_fill_color":"DDEEF6","entities":{"description":{"urls":[]}},"followers_count":536,"profile_sidebar_border_color":"000000","id_str":"2446013412","profile_background_color":"3B94D9","listed_count":12,"is_translation_enabled":false,"utc_offset":null,"statuses_count":6651,"description":"Big fan of #science and #civilization. If your cause smashes windows, loots, beheads I am  not joining","friends_count":758,"location":"","profile_link_color":"333333","profile_image_url":"http://pbs.twimg.com/profile_images/583824908276244482/I7oh7zvz_normal.jpg","following":false,"geo_enabled":false,"profile_banner_url":"https://pbs.twimg.com/profile_banners/2446013412/1415421758","profile_background_image_url":"http://pbs.twimg.com/profile_background_images/517105687189393408/eDwBriVZ.jpeg","name":"Super King","lang":"en","profile_background_tile":true,"favourites_count":1548,"screen_name":"SuperKng","notifications":false,"url":null,"created_at":"Tue Apr 15 20:24:04 +0000 2014","contributors_enabled":false,"time_zone":null,"protected":false,"default_profile":false,"is_translator":false},"geo":null,"in_reply_to_user_id_str":"25960136","lang":"en","created_at":"Mon Dec 15 05:20:27 +0000 2014","in_reply_to_status_id_str":"544359670480379905","place":null},
{"contributors":null,"truncated":false,"text":"@SuperKng @DavidAHood Keep Calm and Eat Chocolate","in_reply_to_status_id":544361320972574721,"id":544363439187959808,"favorite_count":0,"source":"<a href=\"http://twitter.com\" rel=\"nofollow\">Twitter Web Client</a>","retweeted":false,"coordinates":null,"entities":{"symbols":[],"user_mentions":[{"id":2446013412,"indices":[0,9],"id_str":"2446013412","screen_name":"SuperKng","name":"Super King"},{"id":25960136,"indices":[10,21],"id_str":"25960136","screen_name":"DavidAHood","name":"David Hood"}],"hashtags":[],"urls":[]},"in_reply_to_screen_name":"SuperKng","id_str":"544363439187959808","retweet_count":0,"in_reply_to_user_id":2446013412,"favorited":false,"user":{"follow_request_sent":false,"profile_use_background_image":false,"profile_text_color":"333333","default_profile_image":false,"id":2731349107,"profile_background_image_url_https":"https://pbs.twimg.com/profile_background_images/499865629734600705/7gwuunnE.png","verified":false,"profile_location":null,"profile_image_url_https":"https://pbs.twimg.com/profile_images/543011543273598978/naIVSWoj_normal.png","profile_sidebar_fill_color":"DDEEF6","entities":{"description":{"urls":[]}},"followers_count":302,"profile_sidebar_border_color":"000000","id_str":"2731349107","profile_background_color":"4A913C","listed_count":3,"is_translation_enabled":false,"utc_offset":39600,"statuses_count":5408,"description":"the space between holes in a brick is not very much. Ahh, but it's not a space I hear you mutter. Whaaaat?","friends_count":636,"location":"Various locations","profile_link_color":"3B94D9","profile_image_url":"http://pbs.twimg.com/profile_images/543011543273598978/naIVSWoj_normal.png","following":false,"geo_enabled":false,"profile_banner_url":"https://pbs.twimg.com/profile_banners/2731349107/1418468265","profile_background_image_url":"http://pbs.twimg.com/profile_background_images/499865629734600705/7gwuunnE.png","name":"Hinged","lang":"en","profile_background_tile":false,"favourites_count":93,"screen_name":"Hinged3223","notifications":false,"url":null,"created_at":"Thu Aug 14 09:40:11 +0000 2014","contributors_enabled":false,"time_zone":"Melbourne","protected":false,"default_profile":false,"is_translator":false},"geo":null,"in_reply_to_user_id_str":"2446013412","lang":"en","created_at":"Mon Dec 15 05:28:52 +0000 2014","in_reply_to_status_id_str":"544361320972574721","place":null},
{"contributors":null,"truncated":false,"text":"@DavidAHood expert advice. Thank you.","in_reply_to_status_id":544359670480379905,"id":544366885903429632,"favorite_count":0,"source":"<a href=\"http://www.twitter.com\" rel=\"nofollow\">Twitter for Windows Phone</a>","retweeted":false,"coordinates":null,"entities":{"symbols":[],"user_mentions":[{"id":25960136,"indices":[0,11],"id_str":"25960136","screen_name":"DavidAHood","name":"David Hood"}],"hashtags":[],"urls":[]},"in_reply_to_screen_name":"DavidAHood","id_str":"544366885903429632","retweet_count":0,"in_reply_to_user_id":25960136,"favorited":false,"user":{"follow_request_sent":false,"profile_use_background_image":true,"profile_text_color":"666666","default_profile_image":false,"id":322566039,"profile_background_image_url_https":"https://abs.twimg.com/images/themes/theme9/bg.gif","verified":false,"profile_location":null,"profile_image_url_https":"https://pbs.twimg.com/profile_images/519332675308384257/zn_YGw6R_normal.jpeg","profile_sidebar_fill_color":"252429","entities":{"url":{"urls":[{"url":"http://t.co/BEVfAiIMmQ","indices":[0,22],"expanded_url":"http://cmn.unitingcare.org.au/","display_url":"cmn.unitingcare.org.au"}]},"description":{"urls":[]}},"followers_count":707,"profile_sidebar_border_color":"181A1E","id_str":"322566039","profile_background_color":"1A1B1F","listed_count":16,"is_translation_enabled":false,"utc_offset":39600,"statuses_count":3723,"description":"ن #npau CEO CMN @UCVT RT/follow ≠ endorse. Views fallible. #actlocal + #socentau #coopsau + #dignityatwork #creativityatwork for #solidarityeconomy #commongood","friends_count":1074,"location":"Melbourne, Victoria, Australia","profile_link_color":"000000","profile_image_url":"http://pbs.twimg.com/profile_images/519332675308384257/zn_YGw6R_normal.jpeg","following":false,"geo_enabled":false,"profile_banner_url":"https://pbs.twimg.com/profile_banners/322566039/1405243598","profile_background_image_url":"http://abs.twimg.com/images/themes/theme9/bg.gif","name":"Antony McMullen","lang":"en","profile_background_tile":false,"favourites_count":1900,"screen_name":"antonymcmullen","notifications":false,"url":"http://t.co/BEVfAiIMmQ","created_at":"Thu Jun 23 11:32:02 +0000 2011","contributors_enabled":false,"time_zone":"Melbourne","protected":false,"default_profile":false,"is_translator":false},"geo":null,"in_reply_to_user_id_str":"25960136","lang":"en","created_at":"Mon Dec 15 05:42:34 +0000 2014","in_reply_to_status_id_str":"544359670480379905","place":null},
{"contributors":null,"truncated":false,"text":"@DavidAHood @nareenyoung possibly the most helpful retweet I can do today.","in_reply_to_status_id":544359670480379905,"id":544380163090153472,"favorite_count":0,"source":"<a href=\"http://twitter.com/download/iphone\" rel=\"nofollow\">Twitter for iPhone</a>","retweeted":false,"coordinates":null,"entities":{"symbols":[],"user_mentions":[{"id":25960136,"indices":[0,11],"id_str":"25960136","screen_name":"DavidAHood","name":"David Hood"},{"id":195989179,"indices":[12,24],"id_str":"195989179","screen_name":"nareenyoung","name":"Nareen Young"}],"hashtags":[],"urls":[]},"in_reply_to_screen_name":"DavidAHood","id_str":"544380163090153472","retweet_count":0,"in_reply_to_user_id":25960136,"favorited":false,"user":{"follow_request_sent":false,"profile_use_background_image":true,"profile_text_color":"333333","default_profile_image":false,"id":47275244,"profile_background_image_url_https":"https://abs.twimg.com/images/themes/theme1/bg.png","verified":false,"profile_location":null,"profile_image_url_https":"https://pbs.twimg.com/profile_images/1966219965/426201_10150498296891269_631496268_9017544_983670197_n_normal.jpg","profile_sidebar_fill_color":"DDEEF6","entities":{"description":{"urls":[]}},"followers_count":113,"profile_sidebar_border_color":"C0DEED","id_str":"47275244","profile_background_color":"C0DEED","listed_count":0,"is_translation_enabled":false,"utc_offset":37800,"statuses_count":752,"description":"Feminist. Greenie. Social Worker. So basically a Stupid Lefty. Apparently.","friends_count":308,"location":"Adelaide","profile_link_color":"0084B4","profile_image_url":"http://pbs.twimg.com/profile_images/1966219965/426201_10150498296891269_631496268_9017544_983670197_n_normal.jpg","following":false,"geo_enabled":true,"profile_banner_url":"https://pbs.twimg.com/profile_banners/47275244/1404655971","profile_background_image_url":"http://abs.twimg.com/images/themes/theme1/bg.png","name":"Jemma Taylor","lang":"en","profile_background_tile":false,"favourites_count":611,"screen_name":"jemjem05","notifications":false,"url":null,"created_at":"Mon Jun 15 06:18:17 +0000 2009","contributors_enabled":false,"time_zone":"Adelaide","protected":false,"default_profile":true,"is_translator":false},"geo":null,"in_reply_to_user_id_str":"25960136","lang":"en","created_at":"Mon Dec 15 06:35:19 +0000 2014","in_reply_to_status_id_str":"544359670480379905","place":null}
]