[{"contributors":null,"truncated":false,"text":"@abcnewsSydney What's on the headband he is wearing.","in_reply_to_status_id":544308156625481728,"id":544308395847585792,"favorite_count":0,"source":"<a href=\"http://twitter.com\" rel=\"nofollow\">Twitter Web Client</a>","retweeted":false,"coordinates":null,"entities":{"symbols":[],"user_mentions":[{"id":16215478,"indices":[0,14],"id_str":"16215478","screen_name":"abcnewsSydney","name":"ABC News Sydney"}],"hashtags":[],"urls":[]},"in_reply_to_screen_name":"abcnewsSydney","id_str":"544308395847585792","retweet_count":0,"in_reply_to_user_id":16215478,"favorited":false,"user":{"follow_request_sent":false,"profile_use_background_image":true,"profile_text_color":"333333","default_profile_image":false,"id":1474118539,"profile_background_image_url_https":"https://abs.twimg.com/images/themes/theme1/bg.png","verified":false,"profile_location":null,"profile_image_url_https":"https://pbs.twimg.com/profile_images/483192063526051840/a-BHjkEx_normal.jpeg","profile_sidebar_fill_color":"DDEEF6","entities":{"description":{"urls":[]}},"followers_count":533,"profile_sidebar_border_color":"C0DEED","id_str":"1474118539","profile_background_color":"C0DEED","listed_count":5,"is_translation_enabled":false,"utc_offset":36000,"statuses_count":16600,"description":"Milton was my hero and is very much respected in my mind. That's not to say I agree with everything he said. Sorry if you were looking for that","friends_count":453,"location":"","profile_link_color":"0084B4","profile_image_url":"http://pbs.twimg.com/profile_images/483192063526051840/a-BHjkEx_normal.jpeg","following":false,"geo_enabled":false,"profile_background_image_url":"http://abs.twimg.com/images/themes/theme1/bg.png","name":".","lang":"en","profile_background_tile":false,"favourites_count":78,"screen_name":"MiltonFriedmanS","notifications":false,"url":null,"created_at":"Sat Jun 01 07:53:43 +0000 2013","contributors_enabled":false,"time_zone":"Brisbane","protected":false,"default_profile":true,"is_translator":false},"geo":null,"in_reply_to_user_id_str":"16215478","lang":"en","created_at":"Mon Dec 15 01:50:08 +0000 2014","in_reply_to_status_id_str":"544308156625481728","place":null},
{"contributors":null,"truncated":false,"text":"@abcnewsSydney eek that's a huge backpack ....scary","in_reply_to_status_id":544308156625481728,"id":544308510876385280,"favorite_count":0,"source":"<a href=\"http://twitter.com/#!/download/ipad\" rel=\"nofollow\">Twitter for iPad</a>","retweeted":false,"coordinates":null,"entities":{"symbols":[],"user_mentions":[{"id":16215478,"indices":[0,14],"id_str":"16215478","screen_name":"abcnewsSydney","name":"ABC News Sydney"}],"hashtags":[],"urls":[]},"in_reply_to_screen_name":"abcnewsSydney","id_str":"544308510876385280","retweet_count":0,"in_reply_to_user_id":16215478,"favorited":false,"user":{"follow_request_sent":false,"profile_use_background_image":true,"profile_text_color":"3D1957","default_profile_image":false,"id":25806273,"profile_background_image_url_https":"https://abs.twimg.com/images/themes/theme10/bg.gif","verified":false,"profile_location":null,"profile_image_url_https":"https://pbs.twimg.com/profile_images/2369536129/image_normal.jpg","profile_sidebar_fill_color":"7AC3EE","entities":{"description":{"urls":[]}},"followers_count":50,"profile_sidebar_border_color":"65B0DA","id_str":"25806273","profile_background_color":"642D8B","listed_count":1,"is_translation_enabled":false,"utc_offset":39600,"statuses_count":501,"description":"business owner. artist, chef, dancer & comedian IMHO and i have been cloned by someone","friends_count":257,"location":"Australia Sydney","profile_link_color":"FF0000","profile_image_url":"http://pbs.twimg.com/profile_images/2369536129/image_normal.jpg","following":false,"geo_enabled":false,"profile_background_image_url":"http://abs.twimg.com/images/themes/theme10/bg.gif","name":"Jacqui Baker","lang":"en","profile_background_tile":true,"favourites_count":29,"screen_name":"Jacbazz","notifications":false,"url":null,"created_at":"Sun Mar 22 11:04:16 +0000 2009","contributors_enabled":false,"time_zone":"Sydney","protected":false,"default_profile":false,"is_translator":false},"geo":null,"in_reply_to_user_id_str":"16215478","lang":"en","created_at":"Mon Dec 15 01:50:36 +0000 2014","in_reply_to_status_id_str":"544308156625481728","place":null},
{"contributors":null,"truncated":false,"text":"@abcnewsSydney @abcnews you need to stop","in_reply_to_status_id":544308156625481728,"id":544309237556338689,"favorite_count":0,"source":"<a href=\"http://www.echofon.com/\" rel=\"nofollow\">Echofon</a>","retweeted":false,"coordinates":null,"entities":{"symbols":[],"user_mentions":[{"id":16215478,"indices":[0,14],"id_str":"16215478","screen_name":"abcnewsSydney","name":"ABC News Sydney"},{"id":2768501,"indices":[15,23],"id_str":"2768501","screen_name":"abcnews","name":"ABC News"}],"hashtags":[],"urls":[]},"in_reply_to_screen_name":"abcnewsSydney","id_str":"544309237556338689","retweet_count":0,"in_reply_to_user_id":16215478,"favorited":false,"user":{"follow_request_sent":false,"profile_use_background_image":true,"profile_text_color":"446B8A","default_profile_image":false,"id":16127005,"profile_background_image_url_https":"https://pbs.twimg.com/profile_background_images/505758545703215104/rDePFWDa.jpeg","verified":false,"profile_location":null,"profile_image_url_https":"https://pbs.twimg.com/profile_images/588719678140194816/KL5QKeb7_normal.jpg","profile_sidebar_fill_color":"8CB4BC","entities":{"url":{"urls":[{"url":"http://t.co/zoXD1pdrgg","indices":[0,22],"expanded_url":"http://silverscreenbeautyqueens.tumblr.com/","display_url":"silverscreenbeautyqueens.tumblr.com"}]},"description":{"urls":[]}},"followers_count":1188,"profile_sidebar_border_color":"FFFFFF","id_str":"16127005","profile_background_color":"87B2BB","listed_count":16,"is_translation_enabled":false,"utc_offset":39600,"statuses_count":59196,"description":"21 year old Greek Australian, American Studies major (@USSC), beauty blogger (@ssbq_blog), photographer, cat lady, feminist, fat bitch, TV enthusiast.","friends_count":360,"location":"Sydney","profile_link_color":"2D5475","profile_image_url":"http://pbs.twimg.com/profile_images/588719678140194816/KL5QKeb7_normal.jpg","following":false,"geo_enabled":false,"profile_banner_url":"https://pbs.twimg.com/profile_banners/16127005/1417881969","profile_background_image_url":"http://pbs.twimg.com/profile_background_images/505758545703215104/rDePFWDa.jpeg","name":"A Christmas Cathy","lang":"en-gb","profile_background_tile":true,"favourites_count":3955,"screen_name":"morlonbrondo","notifications":false,"url":"http://t.co/zoXD1pdrgg","created_at":"Thu Sep 04 09:20:38 +0000 2008","contributors_enabled":false,"time_zone":"Sydney","protected":false,"default_profile":false,"is_translator":false},"geo":null,"in_reply_to_user_id_str":"16215478","lang":"en","created_at":"Mon Dec 15 01:53:29 +0000 2014","in_reply_to_status_id_str":"544308156625481728","place":null},
{"contributors":null,"truncated":false,"text":"@abcnewsSydney @abcnews your man looks ancient, you could get him out with the promise of slippers and a nice brew.","in_reply_to_status_id":544308156625481728,"id":544309380930207744,"favorite_count":0,"source":"<a href=\"http://twitter.com\" rel=\"nofollow\">Twitter Web Client</a>","retweeted":false,"coordinates":null,"entities":{"symbols":[],"user_mentions":[{"id":16215478,"indices":[0,14],"id_str":"16215478","screen_name":"abcnewsSydney","name":"ABC News Sydney"},{"id":2768501,"indices":[15,23],"id_str":"2768501","screen_name":"abcnews","name":"ABC News"}],"hashtags":[],"urls":[]},"in_reply_to_screen_name":"abcnewsSydney","id_str":"544309380930207744","retweet_count":0,"in_reply_to_user_id":16215478,"favorited":false,"user":{"follow_request_sent":false,"profile_use_background_image":true,"profile_text_color":"030861","default_profile_image":false,"id":21919632,"profile_background_image_url_https":"https://pbs.twimg.com/profile_background_images/450775647237840896/Tp32zDvH.jpeg","verified":false,"profile_location":null,"profile_image_url_https":"https://pbs.twimg.com/profile_images/540001786350669825/vNnP3ALl_normal.jpeg","profile_sidebar_fill_color":"DBBE00","entities":{"url":{"urls":[{"url":"http://t.co/s2KloPZzwa","indices":[0,22],"expanded_url":"http://www.trackies.co.uk","display_url":"trackies.co.uk"}]},"description":{"urls":[]}},"followers_count":811,"profile_sidebar_border_color":"FFFFFF","id_str":"21919632","profile_background_color":"FFFFFF","listed_count":39,"is_translation_enabled":false,"utc_offset":37800,"statuses_count":48535,"description":"Just another fool with radical views. For the love of Leeds United.","friends_count":1048,"location":"Adelaide, West Yorkshire","profile_link_color":"0071FC","profile_image_url":"http://pbs.twimg.com/profile_images/540001786350669825/vNnP3ALl_normal.jpeg","following":false,"geo_enabled":true,"profile_banner_url":"https://pbs.twimg.com/profile_banners/21919632/1403843902","profile_background_image_url":"http://pbs.twimg.com/profile_background_images/450775647237840896/Tp32zDvH.jpeg","name":"Gordon Bennett","lang":"en","profile_background_tile":true,"favourites_count":825,"screen_name":"thekingofswing","notifications":false,"url":"http://t.co/s2KloPZzwa","created_at":"Wed Feb 25 21:13:20 +0000 2009","contributors_enabled":false,"time_zone":"Adelaide","protected":false,"default_profile":false,"is_translator":false},"geo":null,"in_reply_to_user_id_str":"16215478","lang":"en","created_at":"Mon Dec 15 01:54:03 +0000 2014","in_reply_to_status_id_str":"544308156625481728","place":null},
{"contributors":null,"truncated":false,"text":"@abcnewsSydney please make more pictures.","in_reply_to_status_id":544308156625481728,"id":544311489226883072,"favorite_count":0,"source":"<a href=\"http://twitter.com\" rel=\"nofollow\">Twitter Web Client</a>","retweeted":false,"coordinates":null,"entities":{"symbols":[],"user_mentions":[{"id":16215478,"indices":[0,14],"id_str":"16215478","screen_name":"abcnewsSydney","name":"ABC News Sydney"}],"hashtags":[],"urls":[]},"in_reply_to_screen_name":"abcnewsSydney","id_str":"544311489226883072","retweet_count":0,"in_reply_to_user_id":16215478,"favorited":false,"user":{"follow_request_sent":false,"profile_use_background_image":true,"profile_text_color":"3C3940","default_profile_image":false,"id":1337058415,"profile_background_image_url_https":"https://abs.twimg.com/images/themes/theme4/bg.gif","verified":false,"profile_location":null,"profile_image_url_https":"https://pbs.twimg.com/profile_images/421639071299944450/6Lcth3Zu_normal.jpeg","profile_sidebar_fill_color":"95E8EC","entities":{"url":{"urls":[{"url":"http://t.co/gsKSGCFEdF","indices":[0,22],"expanded_url":"http://elianisa25.wix.com/ellyalves","display_url":"elianisa25.wix.com/ellyalves"}]},"description":{"urls":[]}},"followers_count":72,"profile_sidebar_border_color":"5ED4DC","id_str":"1337058415","profile_background_color":"0099B9","listed_count":0,"is_translation_enabled":false,"utc_offset":null,"statuses_count":379,"description":"Tudo o que é necessário para o triunfo do mal, é que os homens de Bem não façam nada! (filósofo)","friends_count":426,"location":"Rio de Janeiro e São Paulo","profile_link_color":"9F00B8","profile_image_url":"http://pbs.twimg.com/profile_images/421639071299944450/6Lcth3Zu_normal.jpeg","following":false,"geo_enabled":false,"profile_banner_url":"https://pbs.twimg.com/profile_banners/1337058415/1405383058","profile_background_image_url":"http://abs.twimg.com/images/themes/theme4/bg.gif","name":"Elly Alves","lang":"pt","profile_background_tile":false,"favourites_count":478,"screen_name":"ElianiDesigner","notifications":false,"url":"http://t.co/gsKSGCFEdF","created_at":"Mon Apr 08 16:24:47 +0000 2013","contributors_enabled":false,"time_zone":null,"protected":false,"default_profile":false,"is_translator":false},"geo":null,"in_reply_to_user_id_str":"16215478","lang":"en","created_at":"Mon Dec 15 02:02:26 +0000 2014","in_reply_to_status_id_str":"544308156625481728","place":null},
{"contributors":null,"truncated":false,"text":"@abcnewsSydney I think that's a hostage. He's in his 50s and has a Stalin mustache. @Wayforward99","in_reply_to_status_id":544308156625481728,"id":544311831020314624,"favorite_count":1,"source":"<a href=\"http://twitter.com/download/iphone\" rel=\"nofollow\">Twitter for iPhone</a>","retweeted":false,"coordinates":null,"entities":{"symbols":[],"user_mentions":[{"id":16215478,"indices":[0,14],"id_str":"16215478","screen_name":"abcnewsSydney","name":"ABC News Sydney"},{"id":439585397,"indices":[84,97],"id_str":"439585397","screen_name":"Wayforward99","name":"Rizwan Mohammad"}],"hashtags":[],"urls":[]},"in_reply_to_screen_name":"abcnewsSydney","id_str":"544311831020314624","retweet_count":0,"in_reply_to_user_id":16215478,"favorited":false,"user":{"follow_request_sent":false,"profile_use_background_image":true,"profile_text_color":"333333","default_profile_image":false,"id":18978131,"profile_background_image_url_https":"https://abs.twimg.com/images/themes/theme1/bg.png","verified":false,"profile_location":null,"profile_image_url_https":"https://pbs.twimg.com/profile_images/567132002118139904/2kM64wI4_normal.jpeg","profile_sidebar_fill_color":"DDEEF6","entities":{"description":{"urls":[]}},"followers_count":977,"profile_sidebar_border_color":"C0DEED","id_str":"18978131","profile_background_color":"C0DEED","listed_count":15,"is_translation_enabled":false,"utc_offset":-18000,"statuses_count":29336,"description":"Amateur historian, writer, and loud mouth. Not everyone's cup of tea. Supporter of Kurdish rights and a Free Kurdistan. #OpKurdistan","friends_count":1913,"location":"","profile_link_color":"0084B4","profile_image_url":"http://pbs.twimg.com/profile_images/567132002118139904/2kM64wI4_normal.jpeg","following":false,"geo_enabled":false,"profile_banner_url":"https://pbs.twimg.com/profile_banners/18978131/1418816124","profile_background_image_url":"http://abs.twimg.com/images/themes/theme1/bg.png","name":"Vipsania","lang":"en","profile_background_tile":false,"favourites_count":15339,"screen_name":"Vipsania","notifications":false,"url":null,"created_at":"Wed Jan 14 14:42:00 +0000 2009","contributors_enabled":false,"time_zone":"Eastern Time (US & Canada)","protected":false,"default_profile":true,"is_translator":false},"geo":null,"in_reply_to_user_id_str":"16215478","lang":"en","created_at":"Mon Dec 15 02:03:47 +0000 2014","in_reply_to_status_id_str":"544308156625481728","place":null},
{"contributors":null,"truncated":false,"text":"@abcnewsSydney @abcnews Im sure they want the world looking, this isnt going to end well.\nI feel sorry for Muslims in Australia after today","in_reply_to_status_id":544308156625481728,"id":544312782405914624,"favorite_count":0,"source":"<a href=\"http://twitter.com\" rel=\"nofollow\">Twitter Web Client</a>","retweeted":false,"coordinates":null,"entities":{"symbols":[],"user_mentions":[{"id":16215478,"indices":[0,14],"id_str":"16215478","screen_name":"abcnewsSydney","name":"ABC News Sydney"},{"id":2768501,"indices":[15,23],"id_str":"2768501","screen_name":"abcnews","name":"ABC News"}],"hashtags":[],"urls":[]},"in_reply_to_screen_name":"abcnewsSydney","id_str":"544312782405914624","retweet_count":0,"in_reply_to_user_id":16215478,"favorited":false,"user":{"follow_request_sent":false,"profile_use_background_image":true,"profile_text_color":"333333","default_profile_image":false,"id":783923648,"profile_background_image_url_https":"https://abs.twimg.com/images/themes/theme1/bg.png","verified":false,"profile_location":null,"profile_image_url_https":"https://pbs.twimg.com/profile_images/461146407613632512/xhj_ypbg_normal.jpeg","profile_sidebar_fill_color":"DDEEF6","entities":{"description":{"urls":[]}},"followers_count":9,"profile_sidebar_border_color":"C0DEED","id_str":"783923648","profile_background_color":"C0DEED","listed_count":0,"is_translation_enabled":false,"utc_offset":null,"statuses_count":1194,"description":"I might actually have to start taking twitter seriously","friends_count":128,"location":"Perth","profile_link_color":"0084B4","profile_image_url":"http://pbs.twimg.com/profile_images/461146407613632512/xhj_ypbg_normal.jpeg","following":false,"geo_enabled":false,"profile_banner_url":"https://pbs.twimg.com/profile_banners/783923648/1398912018","profile_background_image_url":"http://abs.twimg.com/images/themes/theme1/bg.png","name":"Martin Sosus","lang":"en","profile_background_tile":false,"favourites_count":45,"screen_name":"MartinSosus","notifications":false,"url":null,"created_at":"Mon Aug 27 05:52:11 +0000 2012","contributors_enabled":false,"time_zone":null,"protected":false,"default_profile":true,"is_translator":false},"geo":null,"in_reply_to_user_id_str":"16215478","lang":"en","created_at":"Mon Dec 15 02:07:34 +0000 2014","in_reply_to_status_id_str":"544308156625481728","place":null},
{"contributors":null,"truncated":false,"text":"@abcnewsSydney @abcnews Stay strong Lindt hostages. Australia is with you.","in_reply_to_status_id":544308156625481728,"id":544353284589240320,"favorite_count":0,"source":"<a href=\"http://twitter.com\" rel=\"nofollow\">Twitter Web Client</a>","retweeted":false,"coordinates":null,"entities":{"symbols":[],"user_mentions":[{"id":16215478,"indices":[0,14],"id_str":"16215478","screen_name":"abcnewsSydney","name":"ABC News Sydney"},{"id":2768501,"indices":[15,23],"id_str":"2768501","screen_name":"abcnews","name":"ABC News"}],"hashtags":[],"urls":[]},"in_reply_to_screen_name":"abcnewsSydney","id_str":"544353284589240320","retweet_count":0,"in_reply_to_user_id":16215478,"favorited":false,"user":{"follow_request_sent":false,"profile_use_background_image":false,"profile_text_color":"000000","default_profile_image":false,"id":2683599853,"profile_background_image_url_https":"https://abs.twimg.com/images/themes/theme1/bg.png","verified":false,"profile_location":null,"profile_image_url_https":"https://pbs.twimg.com/profile_images/493179100073189376/n4UsVEOc_normal.jpeg","profile_sidebar_fill_color":"000000","entities":{"description":{"urls":[]}},"followers_count":7,"profile_sidebar_border_color":"000000","id_str":"2683599853","profile_background_color":"000000","listed_count":0,"is_translation_enabled":false,"utc_offset":39600,"statuses_count":998,"description":"Nice young girl","friends_count":11,"location":"Sydney - Australia","profile_link_color":"5100B3","profile_image_url":"http://pbs.twimg.com/profile_images/493179100073189376/n4UsVEOc_normal.jpeg","following":false,"geo_enabled":true,"profile_banner_url":"https://pbs.twimg.com/profile_banners/2683599853/1406418204","profile_background_image_url":"http://abs.twimg.com/images/themes/theme1/bg.png","name":"Mary Brendabelle ","lang":"en","profile_background_tile":false,"favourites_count":1,"screen_name":"Marybrendabelle","notifications":false,"url":null,"created_at":"Sat Jul 26 23:29:09 +0000 2014","contributors_enabled":false,"time_zone":"Sydney","protected":false,"default_profile":false,"is_translator":false},"geo":null,"in_reply_to_user_id_str":"16215478","lang":"en","created_at":"Mon Dec 15 04:48:31 +0000 2014","in_reply_to_status_id_str":"544308156625481728","place":null},
{"contributors":null,"truncated":false,"text":"@abcnewsSydney Why haven't the Police asked Islamic Leaders to \"Negotiate\" where are there Community Leaders NOW? #auspol","in_reply_to_status_id":544308156625481728,"id":544364350580854784,"favorite_count":0,"source":"<a href=\"https://twitter.com/download/android\" rel=\"nofollow\">Twitter for Android Tablets</a>","retweeted":false,"coordinates":null,"entities":{"symbols":[],"user_mentions":[{"id":16215478,"indices":[0,14],"id_str":"16215478","screen_name":"abcnewsSydney","name":"ABC News Sydney"}],"hashtags":[{"indices":[114,121],"text":"auspol"}],"urls":[]},"in_reply_to_screen_name":"abcnewsSydney","id_str":"544364350580854784","retweet_count":0,"in_reply_to_user_id":16215478,"favorited":false,"user":{"follow_request_sent":false,"profile_use_background_image":true,"profile_text_color":"333333","default_profile_image":false,"id":2857990550,"profile_background_image_url_https":"https://abs.twimg.com/images/themes/theme1/bg.png","verified":false,"profile_location":null,"profile_image_url_https":"https://pbs.twimg.com/profile_images/550103813160308736/4RYwiK_T_normal.jpeg","profile_sidebar_fill_color":"DDEEF6","entities":{"description":{"urls":[]}},"followers_count":11,"profile_sidebar_border_color":"C0DEED","id_str":"2857990550","profile_background_color":"C0DEED","listed_count":0,"is_translation_enabled":false,"utc_offset":null,"statuses_count":180,"description":"","friends_count":20,"location":"","profile_link_color":"0084B4","profile_image_url":"http://pbs.twimg.com/profile_images/550103813160308736/4RYwiK_T_normal.jpeg","following":false,"geo_enabled":false,"profile_banner_url":"https://pbs.twimg.com/profile_banners/2857990550/1413953441","profile_background_image_url":"http://abs.twimg.com/images/themes/theme1/bg.png","name":"Bonnie N Clyde","lang":"en","profile_background_tile":false,"favourites_count":310,"screen_name":"bonnieclyde960","notifications":false,"url":null,"created_at":"Thu Oct 16 12:00:09 +0000 2014","contributors_enabled":false,"time_zone":null,"protected":false,"default_profile":true,"is_translator":false},"geo":null,"in_reply_to_user_id_str":"16215478","lang":"en","created_at":"Mon Dec 15 05:32:29 +0000 2014","in_reply_to_status_id_str":"544308156625481728","place":null},
{"contributors":null,"truncated":false,"text":"@abcnewsSydney  Journalism at its basest. Great opportunity to serve public with responsible reporting missed.","in_reply_to_status_id":544308156625481728,"id":544405952066117633,"favorite_count":0,"source":"<a href=\"http://twitter.com/download/iphone\" rel=\"nofollow\">Twitter for iPhone</a>","retweeted":false,"coordinates":null,"entities":{"symbols":[],"user_mentions":[{"id":16215478,"indices":[0,14],"id_str":"16215478","screen_name":"abcnewsSydney","name":"ABC News Sydney"}],"hashtags":[],"urls":[]},"in_reply_to_screen_name":"abcnewsSydney","id_str":"544405952066117633","retweet_count":0,"in_reply_to_user_id":16215478,"favorited":false,"user":{"follow_request_sent":false,"profile_use_background_image":true,"profile_text_color":"333333","default_profile_image":false,"id":263149358,"profile_background_image_url_https":"https://abs.twimg.com/images/themes/theme1/bg.png","verified":false,"profile_location":null,"profile_image_url_https":"https://pbs.twimg.com/profile_images/1280681297/image_normal.jpg","profile_sidebar_fill_color":"DDEEF6","entities":{"description":{"urls":[]}},"followers_count":9,"profile_sidebar_border_color":"C0DEED","id_str":"263149358","profile_background_color":"C0DEED","listed_count":0,"is_translation_enabled":false,"utc_offset":39600,"statuses_count":168,"description":"","friends_count":6,"location":"","profile_link_color":"0084B4","profile_image_url":"http://pbs.twimg.com/profile_images/1280681297/image_normal.jpg","following":false,"geo_enabled":false,"profile_background_image_url":"http://abs.twimg.com/images/themes/theme1/bg.png","name":"Jane Rays","lang":"en","profile_background_tile":false,"favourites_count":0,"screen_name":"JaneRays","notifications":false,"url":null,"created_at":"Wed Mar 09 13:49:02 +0000 2011","contributors_enabled":false,"time_zone":"Sydney","protected":false,"default_profile":true,"is_translator":false},"geo":null,"in_reply_to_user_id_str":"16215478","lang":"en","created_at":"Mon Dec 15 08:17:48 +0000 2014","in_reply_to_status_id_str":"544308156625481728","place":null}
]