[{"contributors":null,"truncated":false,"text":"@KhaledBeydoun I do not think it is an issue ,right now The hostages are in ALL my thoughts. #sydneysiege","in_reply_to_status_id":544337383215226880,"id":544338194926292992,"favorite_count":3,"source":"<a href=\"http://twitter.com\" rel=\"nofollow\">Twitter Web Client</a>","retweeted":false,"coordinates":null,"entities":{"symbols":[],"user_mentions":[{"id":2163076560,"indices":[0,14],"id_str":"2163076560","screen_name":"KhaledBeydoun","name":"Khaled Bey"}],"hashtags":[{"indices":[93,105],"text":"sydneysiege"}],"urls":[]},"in_reply_to_screen_name":"KhaledBeydoun","id_str":"544338194926292992","retweet_count":0,"in_reply_to_user_id":2163076560,"favorited":false,"user":{"follow_request_sent":false,"profile_use_background_image":true,"profile_text_color":"634047","default_profile_image":false,"id":2806710940,"profile_background_image_url_https":"https://abs.twimg.com/images/themes/theme3/bg.gif","verified":false,"profile_location":null,"profile_image_url_https":"https://pbs.twimg.com/profile_images/545395280217010177/7Y37HTd2_normal.jpeg","profile_sidebar_fill_color":"E3E2DE","entities":{"description":{"urls":[]}},"followers_count":57,"profile_sidebar_border_color":"D3D2CF","id_str":"2806710940","profile_background_color":"EDECE9","listed_count":0,"is_translation_enabled":false,"utc_offset":-21600,"statuses_count":1384,"description":"Human . Brother .Son . Uncle . Hockey.  Golf. Music . Electrician . Fisherman.","friends_count":108,"location":"Gimli Manitoba Canada ","profile_link_color":"088253","profile_image_url":"http://pbs.twimg.com/profile_images/545395280217010177/7Y37HTd2_normal.jpeg","following":false,"geo_enabled":false,"profile_banner_url":"https://pbs.twimg.com/profile_banners/2806710940/1418495476","profile_background_image_url":"http://abs.twimg.com/images/themes/theme3/bg.gif","name":"DS","lang":"en","profile_background_tile":false,"favourites_count":1131,"screen_name":"Carlsen_78","notifications":false,"url":null,"created_at":"Sun Oct 05 04:12:04 +0000 2014","contributors_enabled":false,"time_zone":"Central Time (US & Canada)","protected":false,"default_profile":false,"is_translator":false},"geo":null,"in_reply_to_user_id_str":"2163076560","lang":"en","created_at":"Mon Dec 15 03:48:33 +0000 2014","in_reply_to_status_id_str":"544337383215226880","place":null},
{"contributors":null,"truncated":false,"text":"@KhaledBeydoun Download a hilarious FREE Koran parody for infidels of all ages – https://t.co/hXbeZHdguj","in_reply_to_status_id":544337383215226880,"id":544338546782646272,"favorite_count":0,"source":"<a href=\"http://twitter.com\" rel=\"nofollow\">Twitter Web Client</a>","retweeted":false,"coordinates":null,"entities":{"symbols":[],"user_mentions":[{"id":2163076560,"indices":[0,14],"id_str":"2163076560","screen_name":"KhaledBeydoun","name":"Khaled Bey"}],"hashtags":[],"urls":[{"url":"https://t.co/hXbeZHdguj","indices":[81,104],"expanded_url":"https://www.smashwords.com/books/view/492112","display_url":"smashwords.com/books/view/492…"}]},"in_reply_to_screen_name":"KhaledBeydoun","id_str":"544338546782646272","retweet_count":0,"in_reply_to_user_id":2163076560,"favorited":false,"user":{"follow_request_sent":false,"profile_use_background_image":false,"profile_text_color":"000000","default_profile_image":false,"id":2886586060,"profile_background_image_url_https":"https://abs.twimg.com/images/themes/theme1/bg.png","verified":false,"profile_location":null,"profile_image_url_https":"https://pbs.twimg.com/profile_images/535672613998051328/iXMMDwF-_normal.jpeg","profile_sidebar_fill_color":"000000","entities":{"description":{"urls":[{"url":"https://t.co/WrT11g65vd","indices":[102,125],"expanded_url":"https://www.smashwords.com/books/view/492112","display_url":"smashwords.com/books/view/492…"}]}},"followers_count":811,"profile_sidebar_border_color":"000000","id_str":"2886586060","profile_background_color":"000000","listed_count":15,"is_translation_enabled":false,"utc_offset":null,"statuses_count":9550,"description":"I am the writer of the Lost Verses of the Koran - a FREE Koran parody for infidels of all ages.       https://t.co/WrT11g65vd","friends_count":1071,"location":"Earth","profile_link_color":"3B94D9","profile_image_url":"http://pbs.twimg.com/profile_images/535672613998051328/iXMMDwF-_normal.jpeg","following":false,"geo_enabled":false,"profile_banner_url":"https://pbs.twimg.com/profile_banners/2886586060/1418276334","profile_background_image_url":"http://abs.twimg.com/images/themes/theme1/bg.png","name":"Lemnoc","lang":"en","profile_background_tile":false,"favourites_count":2717,"screen_name":"Lemnoc55","notifications":false,"url":null,"created_at":"Fri Nov 21 05:53:09 +0000 2014","contributors_enabled":false,"time_zone":null,"protected":false,"default_profile":false,"is_translator":false},"geo":null,"in_reply_to_user_id_str":"2163076560","possibly_sensitive":false,"lang":"en","created_at":"Mon Dec 15 03:49:57 +0000 2014","in_reply_to_status_id_str":"544337383215226880","place":null},
{"contributors":null,"truncated":false,"text":"@KhaledBeydoun They do this to show that, \"They are here to be a thorn to all civilized western infidel world\". http://t.co/unQSqPPscr","in_reply_to_status_id":544337383215226880,"id":544339786149146624,"favorite_count":2,"source":"<a href=\"http://twitter.com\" rel=\"nofollow\">Twitter Web Client</a>","retweeted":false,"coordinates":null,"entities":{"symbols":[],"user_mentions":[{"id":2163076560,"indices":[0,14],"id_str":"2163076560","screen_name":"KhaledBeydoun","name":"Khaled Bey"}],"hashtags":[],"urls":[],"media":[{"expanded_url":"http://twitter.com/BooBooBear4U2/status/544339786149146624/photo/1","display_url":"pic.twitter.com/unQSqPPscr","url":"http://t.co/unQSqPPscr","media_url_https":"https://pbs.twimg.com/media/B43iJp3CMAA3Vd7.jpg","id_str":"544339785465081856","sizes":{"small":{"h":175,"resize":"fit","w":340},"large":{"h":309,"resize":"fit","w":600},"medium":{"h":309,"resize":"fit","w":600},"thumb":{"h":150,"resize":"crop","w":150}},"indices":[112,134],"type":"photo","id":544339785465081856,"media_url":"http://pbs.twimg.com/media/B43iJp3CMAA3Vd7.jpg"}]},"in_reply_to_screen_name":"KhaledBeydoun","id_str":"544339786149146624","retweet_count":5,"in_reply_to_user_id":2163076560,"favorited":false,"user":{"follow_request_sent":false,"profile_use_background_image":true,"profile_text_color":"FA8459","default_profile_image":false,"id":131582916,"profile_background_image_url_https":"https://pbs.twimg.com/profile_background_images/509433133993705473/bTfL7MuX.jpeg","verified":false,"profile_location":null,"profile_image_url_https":"https://pbs.twimg.com/profile_images/587139442474745856/v20WGw9P_normal.jpg","profile_sidebar_fill_color":"000000","entities":{"url":{"urls":[{"url":"http://t.co/rICZs7OMXZ","indices":[0,22],"expanded_url":"http://www.randpaul2016.com/","display_url":"randpaul2016.com"}]},"description":{"urls":[]}},"followers_count":1475,"profile_sidebar_border_color":"000000","id_str":"131582916","profile_background_color":"ACDED6","listed_count":35,"is_translation_enabled":false,"utc_offset":-18000,"statuses_count":8306,"description":"#PJNET | Let's save the Republic. | I'm a social fiscal conservative. | #JiYoon | #Purfles | #Badkiz | #KPOP | #KCON | #TCOT | #TLOT | #ArticleV | #TGDN |","friends_count":2001,"location":"USA","profile_link_color":"09769E","profile_image_url":"http://pbs.twimg.com/profile_images/587139442474745856/v20WGw9P_normal.jpg","following":false,"geo_enabled":true,"profile_banner_url":"https://pbs.twimg.com/profile_banners/131582916/1417668064","profile_background_image_url":"http://pbs.twimg.com/profile_background_images/509433133993705473/bTfL7MuX.jpeg","name":"Blue Eyed Cowboy","lang":"en","profile_background_tile":true,"favourites_count":2026,"screen_name":"BooBooBear4U2","notifications":false,"url":"http://t.co/rICZs7OMXZ","created_at":"Sat Apr 10 18:18:28 +0000 2010","contributors_enabled":false,"time_zone":"Indiana (East)","protected":false,"default_profile":false,"is_translator":false},"geo":null,"in_reply_to_user_id_str":"2163076560","possibly_sensitive":false,"lang":"en","created_at":"Mon Dec 15 03:54:53 +0000 2014","in_reply_to_status_id_str":"544337383215226880","place":null,"extended_entities":{"media":[{"expanded_url":"http://twitter.com/BooBooBear4U2/status/544339786149146624/photo/1","display_url":"pic.twitter.com/unQSqPPscr","url":"http://t.co/unQSqPPscr","media_url_https":"https://pbs.twimg.com/media/B43iJp3CMAA3Vd7.jpg","id_str":"544339785465081856","sizes":{"small":{"h":175,"resize":"fit","w":340},"large":{"h":309,"resize":"fit","w":600},"medium":{"h":309,"resize":"fit","w":600},"thumb":{"h":150,"resize":"crop","w":150}},"indices":[112,134],"type":"photo","id":544339785465081856,"media_url":"http://pbs.twimg.com/media/B43iJp3CMAA3Vd7.jpg"}]}},
{"contributors":null,"truncated":false,"text":"@KhaledBeydoun Sandniggers do not belong in Australia.","in_reply_to_status_id":544337383215226880,"id":544341933557317633,"favorite_count":0,"source":"<a href=\"http://twitter.com\" rel=\"nofollow\">Twitter Web Client</a>","retweeted":false,"coordinates":null,"entities":{"symbols":[],"user_mentions":[{"id":2163076560,"indices":[0,14],"id_str":"2163076560","screen_name":"KhaledBeydoun","name":"Khaled Bey"}],"hashtags":[],"urls":[]},"in_reply_to_screen_name":"KhaledBeydoun","id_str":"544341933557317633","retweet_count":1,"in_reply_to_user_id":2163076560,"favorited":false,"user":{"follow_request_sent":false,"profile_use_background_image":false,"profile_text_color":"000000","default_profile_image":false,"id":2886586060,"profile_background_image_url_https":"https://abs.twimg.com/images/themes/theme1/bg.png","verified":false,"profile_location":null,"profile_image_url_https":"https://pbs.twimg.com/profile_images/535672613998051328/iXMMDwF-_normal.jpeg","profile_sidebar_fill_color":"000000","entities":{"description":{"urls":[{"url":"https://t.co/WrT11g65vd","indices":[102,125],"expanded_url":"https://www.smashwords.com/books/view/492112","display_url":"smashwords.com/books/view/492…"}]}},"followers_count":811,"profile_sidebar_border_color":"000000","id_str":"2886586060","profile_background_color":"000000","listed_count":15,"is_translation_enabled":false,"utc_offset":null,"statuses_count":9550,"description":"I am the writer of the Lost Verses of the Koran - a FREE Koran parody for infidels of all ages.       https://t.co/WrT11g65vd","friends_count":1071,"location":"Earth","profile_link_color":"3B94D9","profile_image_url":"http://pbs.twimg.com/profile_images/535672613998051328/iXMMDwF-_normal.jpeg","following":false,"geo_enabled":false,"profile_banner_url":"https://pbs.twimg.com/profile_banners/2886586060/1418276334","profile_background_image_url":"http://abs.twimg.com/images/themes/theme1/bg.png","name":"Lemnoc","lang":"en","profile_background_tile":false,"favourites_count":2717,"screen_name":"Lemnoc55","notifications":false,"url":null,"created_at":"Fri Nov 21 05:53:09 +0000 2014","contributors_enabled":false,"time_zone":null,"protected":false,"default_profile":false,"is_translator":false},"geo":null,"in_reply_to_user_id_str":"2163076560","lang":"en","created_at":"Mon Dec 15 04:03:25 +0000 2014","in_reply_to_status_id_str":"544337383215226880","place":null},
{"contributors":null,"truncated":false,"text":"And people wonder why Arabs feel alienated “@Lemnoc55: @KhaledBeydoun Sandniggers do not belong in Australia.”","in_reply_to_status_id":544341933557317633,"id":544343197850148864,"favorite_count":2,"source":"<a href=\"http://twitter.com/download/iphone\" rel=\"nofollow\">Twitter for iPhone</a>","retweeted":false,"coordinates":null,"entities":{"symbols":[],"user_mentions":[{"id":2886586060,"indices":[44,53],"id_str":"2886586060","screen_name":"Lemnoc55","name":"Lemnoc"},{"id":2163076560,"indices":[55,69],"id_str":"2163076560","screen_name":"KhaledBeydoun","name":"Khaled Bey"}],"hashtags":[],"urls":[]},"in_reply_to_screen_name":"Lemnoc55","id_str":"544343197850148864","retweet_count":1,"in_reply_to_user_id":2886586060,"favorited":false,"user":{"follow_request_sent":false,"profile_use_background_image":true,"profile_text_color":"666666","default_profile_image":false,"id":82312427,"profile_background_image_url_https":"https://abs.twimg.com/images/themes/theme9/bg.gif","verified":false,"profile_location":null,"profile_image_url_https":"https://pbs.twimg.com/profile_images/586497476900753408/6fZJg53J_normal.jpg","profile_sidebar_fill_color":"252429","entities":{"description":{"urls":[]}},"followers_count":627,"profile_sidebar_border_color":"181A1E","id_str":"82312427","profile_background_color":"1A1B1F","listed_count":3,"is_translation_enabled":false,"utc_offset":-21600,"statuses_count":13350,"description":"Muslim-Let that be what defines me.","friends_count":239,"location":"kingdom of khalifornia","profile_link_color":"2FC2EF","profile_image_url":"http://pbs.twimg.com/profile_images/586497476900753408/6fZJg53J_normal.jpg","following":false,"geo_enabled":false,"profile_banner_url":"https://pbs.twimg.com/profile_banners/82312427/1414461418","profile_background_image_url":"http://abs.twimg.com/images/themes/theme9/bg.gif","name":"خالد","lang":"en","profile_background_tile":false,"favourites_count":251,"screen_name":"Abu_ghraib2004","notifications":false,"url":null,"created_at":"Wed Oct 14 08:41:37 +0000 2009","contributors_enabled":false,"time_zone":"Central Time (US & Canada)","protected":false,"default_profile":false,"is_translator":false},"geo":null,"in_reply_to_user_id_str":"2886586060","lang":"en","created_at":"Mon Dec 15 04:08:26 +0000 2014","in_reply_to_status_id_str":"544341933557317633","place":null},
{"contributors":null,"truncated":false,"text":"@Abu_ghraib2004 @KhaledBeydoun Then get the fuck out and GO HOME to the other sandnoggers.","in_reply_to_status_id":544343197850148864,"id":544343585949499393,"favorite_count":0,"source":"<a href=\"http://twitter.com\" rel=\"nofollow\">Twitter Web Client</a>","retweeted":false,"coordinates":null,"entities":{"symbols":[],"user_mentions":[{"id":82312427,"indices":[0,15],"id_str":"82312427","screen_name":"Abu_ghraib2004","name":"خالد"},{"id":2163076560,"indices":[16,30],"id_str":"2163076560","screen_name":"KhaledBeydoun","name":"Khaled Bey"}],"hashtags":[],"urls":[]},"in_reply_to_screen_name":"Abu_ghraib2004","id_str":"544343585949499393","retweet_count":0,"in_reply_to_user_id":82312427,"favorited":false,"user":{"follow_request_sent":false,"profile_use_background_image":false,"profile_text_color":"000000","default_profile_image":false,"id":2886586060,"profile_background_image_url_https":"https://abs.twimg.com/images/themes/theme1/bg.png","verified":false,"profile_location":null,"profile_image_url_https":"https://pbs.twimg.com/profile_images/535672613998051328/iXMMDwF-_normal.jpeg","profile_sidebar_fill_color":"000000","entities":{"description":{"urls":[{"url":"https://t.co/WrT11g65vd","indices":[102,125],"expanded_url":"https://www.smashwords.com/books/view/492112","display_url":"smashwords.com/books/view/492…"}]}},"followers_count":811,"profile_sidebar_border_color":"000000","id_str":"2886586060","profile_background_color":"000000","listed_count":15,"is_translation_enabled":false,"utc_offset":null,"statuses_count":9550,"description":"I am the writer of the Lost Verses of the Koran - a FREE Koran parody for infidels of all ages.       https://t.co/WrT11g65vd","friends_count":1071,"location":"Earth","profile_link_color":"3B94D9","profile_image_url":"http://pbs.twimg.com/profile_images/535672613998051328/iXMMDwF-_normal.jpeg","following":false,"geo_enabled":false,"profile_banner_url":"https://pbs.twimg.com/profile_banners/2886586060/1418276334","profile_background_image_url":"http://abs.twimg.com/images/themes/theme1/bg.png","name":"Lemnoc","lang":"en","profile_background_tile":false,"favourites_count":2717,"screen_name":"Lemnoc55","notifications":false,"url":null,"created_at":"Fri Nov 21 05:53:09 +0000 2014","contributors_enabled":false,"time_zone":null,"protected":false,"default_profile":false,"is_translator":false},"geo":null,"in_reply_to_user_id_str":"82312427","lang":"en","created_at":"Mon Dec 15 04:09:58 +0000 2014","in_reply_to_status_id_str":"544343197850148864","place":null},
{"contributors":null,"truncated":false,"text":"@Lemnoc55 @KhaledBeydoun Ignorant superior ideology. What makes u think u get to decide who \"belongs\" in Australia. Sit down somewhere!!!","in_reply_to_status_id":544341933557317633,"id":544343933271433217,"favorite_count":1,"source":"<a href=\"http://twitter.com/#!/download/ipad\" rel=\"nofollow\">Twitter for iPad</a>","retweeted":false,"coordinates":null,"entities":{"symbols":[],"user_mentions":[{"id":2886586060,"indices":[0,9],"id_str":"2886586060","screen_name":"Lemnoc55","name":"Lemnoc"},{"id":2163076560,"indices":[10,24],"id_str":"2163076560","screen_name":"KhaledBeydoun","name":"Khaled Bey"}],"hashtags":[],"urls":[]},"in_reply_to_screen_name":"Lemnoc55","id_str":"544343933271433217","retweet_count":0,"in_reply_to_user_id":2886586060,"favorited":false,"user":{"follow_request_sent":false,"profile_use_background_image":true,"profile_text_color":"333333","default_profile_image":false,"id":2423754139,"profile_background_image_url_https":"https://pbs.twimg.com/profile_background_images/453194546831032320/uyhEAKfR.jpeg","verified":false,"profile_location":null,"profile_image_url_https":"https://pbs.twimg.com/profile_images/451345779555180544/U0zYq446_normal.jpeg","profile_sidebar_fill_color":"DDEEF6","entities":{"description":{"urls":[]}},"followers_count":56,"profile_sidebar_border_color":"FFFFFF","id_str":"2423754139","profile_background_color":"022330","listed_count":1,"is_translation_enabled":false,"utc_offset":null,"statuses_count":2633,"description":"When you let fear control you it takes root very quickly and feeds upon itself until all you are is afraid.","friends_count":127,"location":"Maryland, United States","profile_link_color":"0084B4","profile_image_url":"http://pbs.twimg.com/profile_images/451345779555180544/U0zYq446_normal.jpeg","following":false,"geo_enabled":false,"profile_background_image_url":"http://pbs.twimg.com/profile_background_images/453194546831032320/uyhEAKfR.jpeg","name":"Reginald Reaves Jr","lang":"en","profile_background_tile":true,"favourites_count":981,"screen_name":"RonReavesJr","notifications":false,"url":null,"created_at":"Wed Apr 02 12:41:47 +0000 2014","contributors_enabled":false,"time_zone":null,"protected":false,"default_profile":false,"is_translator":false},"geo":null,"in_reply_to_user_id_str":"2886586060","lang":"en","created_at":"Mon Dec 15 04:11:21 +0000 2014","in_reply_to_status_id_str":"544341933557317633","place":null},
{"contributors":null,"truncated":false,"text":"@RonReavesJr @KhaledBeydoun I don't give a fuck what you think of me wanker. Download a hilarious FREE Koran parody https://t.co/hXbeZHdguj","in_reply_to_status_id":544343933271433217,"id":544344331227004930,"favorite_count":0,"source":"<a href=\"http://twitter.com\" rel=\"nofollow\">Twitter Web Client</a>","retweeted":false,"coordinates":null,"entities":{"symbols":[],"user_mentions":[{"id":2423754139,"indices":[0,12],"id_str":"2423754139","screen_name":"RonReavesJr","name":"Reginald Reaves Jr"},{"id":2163076560,"indices":[13,27],"id_str":"2163076560","screen_name":"KhaledBeydoun","name":"Khaled Bey"}],"hashtags":[],"urls":[{"url":"https://t.co/hXbeZHdguj","indices":[116,139],"expanded_url":"https://www.smashwords.com/books/view/492112","display_url":"smashwords.com/books/view/492…"}]},"in_reply_to_screen_name":"RonReavesJr","id_str":"544344331227004930","retweet_count":0,"in_reply_to_user_id":2423754139,"favorited":false,"user":{"follow_request_sent":false,"profile_use_background_image":false,"profile_text_color":"000000","default_profile_image":false,"id":2886586060,"profile_background_image_url_https":"https://abs.twimg.com/images/themes/theme1/bg.png","verified":false,"profile_location":null,"profile_image_url_https":"https://pbs.twimg.com/profile_images/535672613998051328/iXMMDwF-_normal.jpeg","profile_sidebar_fill_color":"000000","entities":{"description":{"urls":[{"url":"https://t.co/WrT11g65vd","indices":[102,125],"expanded_url":"https://www.smashwords.com/books/view/492112","display_url":"smashwords.com/books/view/492…"}]}},"followers_count":811,"profile_sidebar_border_color":"000000","id_str":"2886586060","profile_background_color":"000000","listed_count":15,"is_translation_enabled":false,"utc_offset":null,"statuses_count":9550,"description":"I am the writer of the Lost Verses of the Koran - a FREE Koran parody for infidels of all ages.       https://t.co/WrT11g65vd","friends_count":1071,"location":"Earth","profile_link_color":"3B94D9","profile_image_url":"http://pbs.twimg.com/profile_images/535672613998051328/iXMMDwF-_normal.jpeg","following":false,"geo_enabled":false,"profile_banner_url":"https://pbs.twimg.com/profile_banners/2886586060/1418276334","profile_background_image_url":"http://abs.twimg.com/images/themes/theme1/bg.png","name":"Lemnoc","lang":"en","profile_background_tile":false,"favourites_count":2717,"screen_name":"Lemnoc55","notifications":false,"url":null,"created_at":"Fri Nov 21 05:53:09 +0000 2014","contributors_enabled":false,"time_zone":null,"protected":false,"default_profile":false,"is_translator":false},"geo":null,"in_reply_to_user_id_str":"2423754139","possibly_sensitive":false,"lang":"en","created_at":"Mon Dec 15 04:12:56 +0000 2014","in_reply_to_status_id_str":"544343933271433217","place":null},
{"contributors":null,"truncated":false,"text":"@Lemnoc55 @KhaledBeydoun Oh but the rest of us are supposed to \"give a fuck\" about who u think belongs in Australia??!!","in_reply_to_status_id":544344331227004930,"id":544345469594636288,"favorite_count":0,"source":"<a href=\"http://twitter.com/#!/download/ipad\" rel=\"nofollow\">Twitter for iPad</a>","retweeted":false,"coordinates":null,"entities":{"symbols":[],"user_mentions":[{"id":2886586060,"indices":[0,9],"id_str":"2886586060","screen_name":"Lemnoc55","name":"Lemnoc"},{"id":2163076560,"indices":[10,24],"id_str":"2163076560","screen_name":"KhaledBeydoun","name":"Khaled Bey"}],"hashtags":[],"urls":[]},"in_reply_to_screen_name":"Lemnoc55","id_str":"544345469594636288","retweet_count":0,"in_reply_to_user_id":2886586060,"favorited":false,"user":{"follow_request_sent":false,"profile_use_background_image":true,"profile_text_color":"333333","default_profile_image":false,"id":2423754139,"profile_background_image_url_https":"https://pbs.twimg.com/profile_background_images/453194546831032320/uyhEAKfR.jpeg","verified":false,"profile_location":null,"profile_image_url_https":"https://pbs.twimg.com/profile_images/451345779555180544/U0zYq446_normal.jpeg","profile_sidebar_fill_color":"DDEEF6","entities":{"description":{"urls":[]}},"followers_count":56,"profile_sidebar_border_color":"FFFFFF","id_str":"2423754139","profile_background_color":"022330","listed_count":1,"is_translation_enabled":false,"utc_offset":null,"statuses_count":2633,"description":"When you let fear control you it takes root very quickly and feeds upon itself until all you are is afraid.","friends_count":127,"location":"Maryland, United States","profile_link_color":"0084B4","profile_image_url":"http://pbs.twimg.com/profile_images/451345779555180544/U0zYq446_normal.jpeg","following":false,"geo_enabled":false,"profile_background_image_url":"http://pbs.twimg.com/profile_background_images/453194546831032320/uyhEAKfR.jpeg","name":"Reginald Reaves Jr","lang":"en","profile_background_tile":true,"favourites_count":981,"screen_name":"RonReavesJr","notifications":false,"url":null,"created_at":"Wed Apr 02 12:41:47 +0000 2014","contributors_enabled":false,"time_zone":null,"protected":false,"default_profile":false,"is_translator":false},"geo":null,"in_reply_to_user_id_str":"2886586060","lang":"en","created_at":"Mon Dec 15 04:17:28 +0000 2014","in_reply_to_status_id_str":"544344331227004930","place":null},
{"contributors":null,"truncated":false,"text":"@RonReavesJr @KhaledBeydoun Kiss off muslim apologist. Download a hilarious FREE Koran parody https://t.co/hXbeZHdguj","in_reply_to_status_id":544345469594636288,"id":544345726554505216,"favorite_count":0,"source":"<a href=\"http://twitter.com\" rel=\"nofollow\">Twitter Web Client</a>","retweeted":false,"coordinates":null,"entities":{"symbols":[],"user_mentions":[{"id":2423754139,"indices":[0,12],"id_str":"2423754139","screen_name":"RonReavesJr","name":"Reginald Reaves Jr"},{"id":2163076560,"indices":[13,27],"id_str":"2163076560","screen_name":"KhaledBeydoun","name":"Khaled Bey"}],"hashtags":[],"urls":[{"url":"https://t.co/hXbeZHdguj","indices":[94,117],"expanded_url":"https://www.smashwords.com/books/view/492112","display_url":"smashwords.com/books/view/492…"}]},"in_reply_to_screen_name":"RonReavesJr","id_str":"544345726554505216","retweet_count":0,"in_reply_to_user_id":2423754139,"favorited":false,"user":{"follow_request_sent":false,"profile_use_background_image":false,"profile_text_color":"000000","default_profile_image":false,"id":2886586060,"profile_background_image_url_https":"https://abs.twimg.com/images/themes/theme1/bg.png","verified":false,"profile_location":null,"profile_image_url_https":"https://pbs.twimg.com/profile_images/535672613998051328/iXMMDwF-_normal.jpeg","profile_sidebar_fill_color":"000000","entities":{"description":{"urls":[{"url":"https://t.co/WrT11g65vd","indices":[102,125],"expanded_url":"https://www.smashwords.com/books/view/492112","display_url":"smashwords.com/books/view/492…"}]}},"followers_count":811,"profile_sidebar_border_color":"000000","id_str":"2886586060","profile_background_color":"000000","listed_count":15,"is_translation_enabled":false,"utc_offset":null,"statuses_count":9550,"description":"I am the writer of the Lost Verses of the Koran - a FREE Koran parody for infidels of all ages.       https://t.co/WrT11g65vd","friends_count":1071,"location":"Earth","profile_link_color":"3B94D9","profile_image_url":"http://pbs.twimg.com/profile_images/535672613998051328/iXMMDwF-_normal.jpeg","following":false,"geo_enabled":false,"profile_banner_url":"https://pbs.twimg.com/profile_banners/2886586060/1418276334","profile_background_image_url":"http://abs.twimg.com/images/themes/theme1/bg.png","name":"Lemnoc","lang":"en","profile_background_tile":false,"favourites_count":2717,"screen_name":"Lemnoc55","notifications":false,"url":null,"created_at":"Fri Nov 21 05:53:09 +0000 2014","contributors_enabled":false,"time_zone":null,"protected":false,"default_profile":false,"is_translator":false},"geo":null,"in_reply_to_user_id_str":"2423754139","possibly_sensitive":false,"lang":"en","created_at":"Mon Dec 15 04:18:29 +0000 2014","in_reply_to_status_id_str":"544345469594636288","place":null},
{"contributors":null,"truncated":false,"text":"@Lemnoc55 @KhaledBeydoun Awww look! Another racist moron too chicken shit to use their ugly face on their profile.","in_reply_to_status_id":544341933557317633,"id":544346316579827712,"favorite_count":2,"source":"<a href=\"http://twitter.com/download/iphone\" rel=\"nofollow\">Twitter for iPhone</a>","retweeted":false,"coordinates":null,"entities":{"symbols":[],"user_mentions":[{"id":2886586060,"indices":[0,9],"id_str":"2886586060","screen_name":"Lemnoc55","name":"Lemnoc"},{"id":2163076560,"indices":[10,24],"id_str":"2163076560","screen_name":"KhaledBeydoun","name":"Khaled Bey"}],"hashtags":[],"urls":[]},"in_reply_to_screen_name":"Lemnoc55","id_str":"544346316579827712","retweet_count":0,"in_reply_to_user_id":2886586060,"favorited":false,"user":{"follow_request_sent":false,"profile_use_background_image":true,"profile_text_color":"333333","default_profile_image":false,"id":414374264,"profile_background_image_url_https":"https://pbs.twimg.com/profile_background_images/691013425/ba3f0933107dd02131d1f1b39e834a81.jpeg","verified":false,"profile_location":null,"profile_image_url_https":"https://pbs.twimg.com/profile_images/3329612428/737c40bc9194fb2eb6dcc2edb0f01d36_normal.jpeg","profile_sidebar_fill_color":"DDEEF6","entities":{"description":{"urls":[]}},"followers_count":718,"profile_sidebar_border_color":"FFFFFF","id_str":"414374264","profile_background_color":"18191A","listed_count":18,"is_translation_enabled":false,"utc_offset":null,"statuses_count":15334,"description":"Being a Muslim, Afghan woman wasn't marginalizing enough so I became a vegetarian.","friends_count":297,"location":"Washington D.C.","profile_link_color":"0084B4","profile_image_url":"http://pbs.twimg.com/profile_images/3329612428/737c40bc9194fb2eb6dcc2edb0f01d36_normal.jpeg","following":false,"geo_enabled":false,"profile_banner_url":"https://pbs.twimg.com/profile_banners/414374264/1350931649","profile_background_image_url":"http://pbs.twimg.com/profile_background_images/691013425/ba3f0933107dd02131d1f1b39e834a81.jpeg","name":"Alina Atash","lang":"en","profile_background_tile":false,"favourites_count":9515,"screen_name":"Firegal_01","notifications":false,"url":null,"created_at":"Thu Nov 17 00:01:46 +0000 2011","contributors_enabled":false,"time_zone":null,"protected":false,"default_profile":false,"is_translator":false},"geo":null,"in_reply_to_user_id_str":"2886586060","lang":"en","created_at":"Mon Dec 15 04:20:49 +0000 2014","in_reply_to_status_id_str":"544341933557317633","place":null},
{"contributors":null,"truncated":false,"text":"@Firegal_01 @KhaledBeydoun I am impervious to insults. Download a hilarious FREE Koran parody https://t.co/hXbeZHdguj","in_reply_to_status_id":544346316579827712,"id":544346543776870400,"favorite_count":1,"source":"<a href=\"http://twitter.com\" rel=\"nofollow\">Twitter Web Client</a>","retweeted":false,"coordinates":null,"entities":{"symbols":[],"user_mentions":[{"id":414374264,"indices":[0,11],"id_str":"414374264","screen_name":"Firegal_01","name":"Alina Atash"},{"id":2163076560,"indices":[12,26],"id_str":"2163076560","screen_name":"KhaledBeydoun","name":"Khaled Bey"}],"hashtags":[],"urls":[{"url":"https://t.co/hXbeZHdguj","indices":[94,117],"expanded_url":"https://www.smashwords.com/books/view/492112","display_url":"smashwords.com/books/view/492…"}]},"in_reply_to_screen_name":"Firegal_01","id_str":"544346543776870400","retweet_count":0,"in_reply_to_user_id":414374264,"favorited":false,"user":{"follow_request_sent":false,"profile_use_background_image":false,"profile_text_color":"000000","default_profile_image":false,"id":2886586060,"profile_background_image_url_https":"https://abs.twimg.com/images/themes/theme1/bg.png","verified":false,"profile_location":null,"profile_image_url_https":"https://pbs.twimg.com/profile_images/535672613998051328/iXMMDwF-_normal.jpeg","profile_sidebar_fill_color":"000000","entities":{"description":{"urls":[{"url":"https://t.co/WrT11g65vd","indices":[102,125],"expanded_url":"https://www.smashwords.com/books/view/492112","display_url":"smashwords.com/books/view/492…"}]}},"followers_count":811,"profile_sidebar_border_color":"000000","id_str":"2886586060","profile_background_color":"000000","listed_count":15,"is_translation_enabled":false,"utc_offset":null,"statuses_count":9550,"description":"I am the writer of the Lost Verses of the Koran - a FREE Koran parody for infidels of all ages.       https://t.co/WrT11g65vd","friends_count":1071,"location":"Earth","profile_link_color":"3B94D9","profile_image_url":"http://pbs.twimg.com/profile_images/535672613998051328/iXMMDwF-_normal.jpeg","following":false,"geo_enabled":false,"profile_banner_url":"https://pbs.twimg.com/profile_banners/2886586060/1418276334","profile_background_image_url":"http://abs.twimg.com/images/themes/theme1/bg.png","name":"Lemnoc","lang":"en","profile_background_tile":false,"favourites_count":2717,"screen_name":"Lemnoc55","notifications":false,"url":null,"created_at":"Fri Nov 21 05:53:09 +0000 2014","contributors_enabled":false,"time_zone":null,"protected":false,"default_profile":false,"is_translator":false},"geo":null,"in_reply_to_user_id_str":"414374264","possibly_sensitive":false,"lang":"en","created_at":"Mon Dec 15 04:21:44 +0000 2014","in_reply_to_status_id_str":"544346316579827712","place":null},
{"contributors":null,"truncated":false,"text":"This guy -----&gt;@Lemnoc55 is missing a chromosome\n @Abu_ghraib2004 @KhaledBeydoun","in_reply_to_status_id":544343585949499393,"id":544348560930512897,"favorite_count":1,"source":"<a href=\"http://twitter.com/download/android\" rel=\"nofollow\">Twitter for Android</a>","retweeted":false,"coordinates":{"type":"Point","coordinates":[150.9977458,-33.8532924]},"entities":{"symbols":[],"user_mentions":[{"id":2886586060,"indices":[18,27],"id_str":"2886586060","screen_name":"Lemnoc55","name":"Lemnoc"},{"id":82312427,"indices":[53,68],"id_str":"82312427","screen_name":"Abu_ghraib2004","name":"خالد"},{"id":2163076560,"indices":[69,83],"id_str":"2163076560","screen_name":"KhaledBeydoun","name":"Khaled Bey"}],"hashtags":[],"urls":[]},"in_reply_to_screen_name":"Lemnoc55","id_str":"544348560930512897","retweet_count":1,"in_reply_to_user_id":2886586060,"favorited":false,"user":{"follow_request_sent":false,"profile_use_background_image":true,"profile_text_color":"333333","default_profile_image":false,"id":805901052,"profile_background_image_url_https":"https://abs.twimg.com/images/themes/theme1/bg.png","verified":false,"profile_location":null,"profile_image_url_https":"https://pbs.twimg.com/profile_images/378800000423584502/1cc49c75b40d10f95b61db9f45449ce4_normal.jpeg","profile_sidebar_fill_color":"DDEEF6","entities":{"description":{"urls":[]}},"followers_count":809,"profile_sidebar_border_color":"FFFFFF","id_str":"805901052","profile_background_color":"C0DEED","listed_count":4,"is_translation_enabled":false,"utc_offset":39600,"statuses_count":2938,"description":"","friends_count":698,"location":"Western Sydney","profile_link_color":"0084B4","profile_image_url":"http://pbs.twimg.com/profile_images/378800000423584502/1cc49c75b40d10f95b61db9f45449ce4_normal.jpeg","following":false,"geo_enabled":true,"profile_banner_url":"https://pbs.twimg.com/profile_banners/805901052/1412269067","profile_background_image_url":"http://abs.twimg.com/images/themes/theme1/bg.png","name":"MOH","lang":"en","profile_background_tile":false,"favourites_count":772,"screen_name":"__MOH4","notifications":false,"url":null,"created_at":"Thu Sep 06 02:50:51 +0000 2012","contributors_enabled":false,"time_zone":"Sydney","protected":false,"default_profile":false,"is_translator":false},"geo":{"type":"Point","coordinates":[-33.8532924,150.9977458]},"in_reply_to_user_id_str":"2886586060","lang":"en","created_at":"Mon Dec 15 04:29:45 +0000 2014","in_reply_to_status_id_str":"544343585949499393","place":{"full_name":"Sydney, New South Wales","url":"https://api.twitter.com/1.1/geo/id/0073b76548e5984f.json","country":"Australia","place_type":"city","bounding_box":{"type":"Polygon","coordinates":[[[150.520928608,-34.1183470085],[151.343020992,-34.1183470085],[151.343020992,-33.578140996],[150.520928608,-33.578140996]]]},"contained_within":[],"country_code":"AU","attributes":{},"id":"0073b76548e5984f","name":"Sydney"}},
{"contributors":null,"truncated":false,"text":"@KhaledBeydoun can you say you don't agree with the terrorist acts of an extremist without being called an islamaphobe?","in_reply_to_status_id":544337383215226880,"id":544348838824120320,"favorite_count":1,"source":"<a href=\"http://twitter.com\" rel=\"nofollow\">Twitter Web Client</a>","retweeted":false,"coordinates":null,"entities":{"symbols":[],"user_mentions":[{"id":2163076560,"indices":[0,14],"id_str":"2163076560","screen_name":"KhaledBeydoun","name":"Khaled Bey"}],"hashtags":[],"urls":[]},"in_reply_to_screen_name":"KhaledBeydoun","id_str":"544348838824120320","retweet_count":0,"in_reply_to_user_id":2163076560,"favorited":false,"user":{"follow_request_sent":false,"profile_use_background_image":true,"profile_text_color":"856755","default_profile_image":false,"id":18367743,"profile_background_image_url_https":"https://pbs.twimg.com/profile_background_images/880761460/ce48083181b9886a65c552fa8c991993.jpeg","verified":false,"profile_location":null,"profile_image_url_https":"https://pbs.twimg.com/profile_images/548840116379058177/u_zWzXpc_normal.jpeg","profile_sidebar_fill_color":"C1D9D0","entities":{"url":{"urls":[{"url":"http://t.co/6n9cKyewI3","indices":[0,22],"expanded_url":"http://thriftymaven.com","display_url":"thriftymaven.com"}]},"description":{"urls":[]}},"followers_count":2858,"profile_sidebar_border_color":"97B8AB","id_str":"18367743","profile_background_color":"D7E7E6","listed_count":67,"is_translation_enabled":false,"utc_offset":-18000,"statuses_count":34456,"description":"","friends_count":2441,"location":"","profile_link_color":"C28C77","profile_image_url":"http://pbs.twimg.com/profile_images/548840116379058177/u_zWzXpc_normal.jpeg","following":false,"geo_enabled":true,"profile_banner_url":"https://pbs.twimg.com/profile_banners/18367743/1369842644","profile_background_image_url":"http://pbs.twimg.com/profile_background_images/880761460/ce48083181b9886a65c552fa8c991993.jpeg","name":"thriftymaven","lang":"en","profile_background_tile":false,"favourites_count":5,"screen_name":"thriftymaven","notifications":false,"url":"http://t.co/6n9cKyewI3","created_at":"Thu Dec 25 00:39:02 +0000 2008","contributors_enabled":false,"time_zone":"Eastern Time (US & Canada)","protected":false,"default_profile":false,"is_translator":false},"geo":null,"in_reply_to_user_id_str":"2163076560","lang":"en","created_at":"Mon Dec 15 04:30:51 +0000 2014","in_reply_to_status_id_str":"544337383215226880","place":null},
{"contributors":null,"truncated":false,"text":"@__MOH4 @Abu_ghraib2004 @KhaledBeydoun I don't care what you say. Download a hilarious FREE Koran parody https://t.co/hXbeZHdguj","in_reply_to_status_id":544348560930512897,"id":544348877034622977,"favorite_count":0,"source":"<a href=\"http://twitter.com\" rel=\"nofollow\">Twitter Web Client</a>","retweeted":false,"coordinates":null,"entities":{"symbols":[],"user_mentions":[{"id":805901052,"indices":[0,7],"id_str":"805901052","screen_name":"__MOH4","name":"MOH"},{"id":82312427,"indices":[8,23],"id_str":"82312427","screen_name":"Abu_ghraib2004","name":"خالد"},{"id":2163076560,"indices":[24,38],"id_str":"2163076560","screen_name":"KhaledBeydoun","name":"Khaled Bey"}],"hashtags":[],"urls":[{"url":"https://t.co/hXbeZHdguj","indices":[105,128],"expanded_url":"https://www.smashwords.com/books/view/492112","display_url":"smashwords.com/books/view/492…"}]},"in_reply_to_screen_name":"__MOH4","id_str":"544348877034622977","retweet_count":0,"in_reply_to_user_id":805901052,"favorited":false,"user":{"follow_request_sent":false,"profile_use_background_image":false,"profile_text_color":"000000","default_profile_image":false,"id":2886586060,"profile_background_image_url_https":"https://abs.twimg.com/images/themes/theme1/bg.png","verified":false,"profile_location":null,"profile_image_url_https":"https://pbs.twimg.com/profile_images/535672613998051328/iXMMDwF-_normal.jpeg","profile_sidebar_fill_color":"000000","entities":{"description":{"urls":[{"url":"https://t.co/WrT11g65vd","indices":[102,125],"expanded_url":"https://www.smashwords.com/books/view/492112","display_url":"smashwords.com/books/view/492…"}]}},"followers_count":811,"profile_sidebar_border_color":"000000","id_str":"2886586060","profile_background_color":"000000","listed_count":15,"is_translation_enabled":false,"utc_offset":null,"statuses_count":9550,"description":"I am the writer of the Lost Verses of the Koran - a FREE Koran parody for infidels of all ages.       https://t.co/WrT11g65vd","friends_count":1071,"location":"Earth","profile_link_color":"3B94D9","profile_image_url":"http://pbs.twimg.com/profile_images/535672613998051328/iXMMDwF-_normal.jpeg","following":false,"geo_enabled":false,"profile_banner_url":"https://pbs.twimg.com/profile_banners/2886586060/1418276334","profile_background_image_url":"http://abs.twimg.com/images/themes/theme1/bg.png","name":"Lemnoc","lang":"en","profile_background_tile":false,"favourites_count":2717,"screen_name":"Lemnoc55","notifications":false,"url":null,"created_at":"Fri Nov 21 05:53:09 +0000 2014","contributors_enabled":false,"time_zone":null,"protected":false,"default_profile":false,"is_translator":false},"geo":null,"in_reply_to_user_id_str":"805901052","possibly_sensitive":false,"lang":"en","created_at":"Mon Dec 15 04:31:00 +0000 2014","in_reply_to_status_id_str":"544348560930512897","place":null},
{"contributors":null,"truncated":false,"text":"@Lemnoc55 @KhaledBeydoun\nNevermind they taught Europeans to bathe and use cutlery, because you know God &amp; customs differently let's berate.","in_reply_to_status_id":544341933557317633,"id":544357045093560320,"favorite_count":0,"source":"<a href=\"http://twitter.com/download/iphone\" rel=\"nofollow\">Twitter for iPhone</a>","retweeted":false,"coordinates":null,"entities":{"symbols":[],"user_mentions":[{"id":2886586060,"indices":[0,9],"id_str":"2886586060","screen_name":"Lemnoc55","name":"Lemnoc"},{"id":2163076560,"indices":[10,24],"id_str":"2163076560","screen_name":"KhaledBeydoun","name":"Khaled Bey"}],"hashtags":[],"urls":[]},"in_reply_to_screen_name":"Lemnoc55","id_str":"544357045093560320","retweet_count":0,"in_reply_to_user_id":2886586060,"favorited":false,"user":{"follow_request_sent":false,"profile_use_background_image":true,"profile_text_color":"333333","default_profile_image":false,"id":290070138,"profile_background_image_url_https":"https://abs.twimg.com/images/themes/theme8/bg.gif","verified":false,"profile_location":null,"profile_image_url_https":"https://pbs.twimg.com/profile_images/534556255243603968/3PccFRnU_normal.png","profile_sidebar_fill_color":"EADEAA","entities":{"description":{"urls":[]}},"followers_count":56,"profile_sidebar_border_color":"FFFFFF","id_str":"290070138","profile_background_color":"8B542B","listed_count":4,"is_translation_enabled":false,"utc_offset":-28800,"statuses_count":1521,"description":"Choice & Freedom advocate. Father. Supporter of compassion. Educator & philosopher. Gun enthusiast. Veteran. Seeker of Truths. Yoga & self-defense practitioner.","friends_count":84,"location":"San Diego, California USA","profile_link_color":"9D582E","profile_image_url":"http://pbs.twimg.com/profile_images/534556255243603968/3PccFRnU_normal.png","following":false,"geo_enabled":false,"profile_banner_url":"https://pbs.twimg.com/profile_banners/290070138/1412489992","profile_background_image_url":"http://abs.twimg.com/images/themes/theme8/bg.gif","name":"Trevor","lang":"en","profile_background_tile":true,"favourites_count":427,"screen_name":"BeliefinFreedom","notifications":false,"url":null,"created_at":"Fri Apr 29 17:52:43 +0000 2011","contributors_enabled":false,"time_zone":"Pacific Time (US & Canada)","protected":false,"default_profile":false,"is_translator":false},"geo":null,"in_reply_to_user_id_str":"2886586060","lang":"en","created_at":"Mon Dec 15 05:03:27 +0000 2014","in_reply_to_status_id_str":"544341933557317633","place":null},
{"contributors":null,"truncated":false,"text":"You're blaming non-Muslims for consequences of jihad. @KhaledBeydoun @alvarez_caren","in_reply_to_status_id":544337383215226880,"id":544360110521196544,"favorite_count":4,"source":"<a href=\"https://twitter.com/download/android\" rel=\"nofollow\">Twitter for Android Tablets</a>","retweeted":false,"coordinates":null,"entities":{"symbols":[],"user_mentions":[{"id":2163076560,"indices":[54,68],"id_str":"2163076560","screen_name":"KhaledBeydoun","name":"Khaled Bey"},{"id":1268908482,"indices":[69,83],"id_str":"1268908482","screen_name":"alvarez_caren","name":"raw"}],"hashtags":[],"urls":[]},"in_reply_to_screen_name":"KhaledBeydoun","id_str":"544360110521196544","retweet_count":2,"in_reply_to_user_id":2163076560,"favorited":false,"user":{"follow_request_sent":false,"profile_use_background_image":true,"profile_text_color":"333333","default_profile_image":false,"id":1359226843,"profile_background_image_url_https":"https://pbs.twimg.com/profile_background_images/378800000181875682/QAsNZdKc.jpeg","verified":false,"profile_location":null,"profile_image_url_https":"https://pbs.twimg.com/profile_images/503812538492932097/bZRQG3W2_normal.png","profile_sidebar_fill_color":"DDEEF6","entities":{"url":{"urls":[{"url":"https://t.co/coLtLUUbWJ","indices":[0,23],"expanded_url":"https://twitter.com/BasimaFaysal","display_url":"twitter.com/BasimaFaysal"}]},"description":{"urls":[]}},"followers_count":4771,"profile_sidebar_border_color":"FFFFFF","id_str":"1359226843","profile_background_color":"C0DEED","listed_count":63,"is_translation_enabled":false,"utc_offset":null,"statuses_count":33633,"description":"Making life easier, simpler, sooner and more, 140 characters at a time.","friends_count":5106,"location":"Human Rights & Sharia: Pick 1","profile_link_color":"0084B4","profile_image_url":"http://pbs.twimg.com/profile_images/503812538492932097/bZRQG3W2_normal.png","following":false,"geo_enabled":false,"profile_banner_url":"https://pbs.twimg.com/profile_banners/1359226843/1391585950","profile_background_image_url":"http://pbs.twimg.com/profile_background_images/378800000181875682/QAsNZdKc.jpeg","name":"Basima Faysal","lang":"en","profile_background_tile":true,"favourites_count":17446,"screen_name":"BasimaFaysal","notifications":false,"url":"https://t.co/coLtLUUbWJ","created_at":"Wed Apr 17 11:40:11 +0000 2013","contributors_enabled":false,"time_zone":null,"protected":false,"default_profile":false,"is_translator":false},"geo":null,"in_reply_to_user_id_str":"2163076560","lang":"en","created_at":"Mon Dec 15 05:15:38 +0000 2014","in_reply_to_status_id_str":"544337383215226880","place":null},
{"contributors":null,"truncated":false,"text":"@BasimaFaysal @KhaledBeydoun @alvarez_caren What is \"Muslim Australian\"? A person trying to conquer Australia through stealth jihad?","in_reply_to_status_id":544360110521196544,"id":544360606099206144,"favorite_count":2,"source":"<a href=\"http://twitter.com/#!/download/ipad\" rel=\"nofollow\">Twitter for iPad</a>","retweeted":false,"coordinates":null,"entities":{"symbols":[],"user_mentions":[{"id":1359226843,"indices":[0,13],"id_str":"1359226843","screen_name":"BasimaFaysal","name":"Basima Faysal"},{"id":2163076560,"indices":[14,28],"id_str":"2163076560","screen_name":"KhaledBeydoun","name":"Khaled Bey"},{"id":1268908482,"indices":[29,43],"id_str":"1268908482","screen_name":"alvarez_caren","name":"raw"}],"hashtags":[],"urls":[]},"in_reply_to_screen_name":"BasimaFaysal","id_str":"544360606099206144","retweet_count":2,"in_reply_to_user_id":1359226843,"favorited":false,"user":{"follow_request_sent":false,"profile_use_background_image":true,"profile_text_color":"333333","default_profile_image":false,"id":226299669,"profile_background_image_url_https":"https://abs.twimg.com/images/themes/theme1/bg.png","verified":false,"profile_location":null,"profile_image_url_https":"https://pbs.twimg.com/profile_images/491672630676955137/28iRQeKW_normal.jpeg","profile_sidebar_fill_color":"DDEEF6","entities":{"description":{"urls":[]}},"followers_count":524,"profile_sidebar_border_color":"C0DEED","id_str":"226299669","profile_background_color":"C0DEED","listed_count":7,"is_translation_enabled":false,"utc_offset":null,"statuses_count":13469,"description":"I am Egyptian and I stand in Solidarity with Iraqi Chistians","friends_count":726,"location":"#WeAreN","profile_link_color":"0084B4","profile_image_url":"http://pbs.twimg.com/profile_images/491672630676955137/28iRQeKW_normal.jpeg","following":false,"geo_enabled":false,"profile_banner_url":"https://pbs.twimg.com/profile_banners/226299669/1406059336","profile_background_image_url":"http://abs.twimg.com/images/themes/theme1/bg.png","name":"Freedom in Truth","lang":"en","profile_background_tile":false,"favourites_count":4068,"screen_name":"battout54","notifications":false,"url":null,"created_at":"Mon Dec 13 20:49:13 +0000 2010","contributors_enabled":false,"time_zone":null,"protected":false,"default_profile":true,"is_translator":false},"geo":null,"in_reply_to_user_id_str":"1359226843","lang":"en","created_at":"Mon Dec 15 05:17:36 +0000 2014","in_reply_to_status_id_str":"544360110521196544","place":null},
{"contributors":null,"truncated":false,"text":"@BasimaFaysal @KhaledBeydoun @alvarez_caren Long time tactic of Nazis, Bolsheviks and Arab terrorism","in_reply_to_status_id":544360110521196544,"id":544362920587452416,"favorite_count":1,"source":"<a href=\"http://twitter.com\" rel=\"nofollow\">Twitter Web Client</a>","retweeted":false,"coordinates":null,"entities":{"symbols":[],"user_mentions":[{"id":1359226843,"indices":[0,13],"id_str":"1359226843","screen_name":"BasimaFaysal","name":"Basima Faysal"},{"id":2163076560,"indices":[14,28],"id_str":"2163076560","screen_name":"KhaledBeydoun","name":"Khaled Bey"},{"id":1268908482,"indices":[29,43],"id_str":"1268908482","screen_name":"alvarez_caren","name":"raw"}],"hashtags":[],"urls":[]},"in_reply_to_screen_name":"BasimaFaysal","id_str":"544362920587452416","retweet_count":1,"in_reply_to_user_id":1359226843,"favorited":false,"user":{"follow_request_sent":false,"profile_use_background_image":true,"profile_text_color":"333333","default_profile_image":false,"id":37919483,"profile_background_image_url_https":"https://abs.twimg.com/images/themes/theme1/bg.png","verified":false,"profile_location":null,"profile_image_url_https":"https://pbs.twimg.com/profile_images/585696977788215296/m8BJfeAJ_normal.jpg","profile_sidebar_fill_color":"DDEEF6","entities":{"url":{"urls":[{"url":"http://t.co/SZzGKJOqDT","indices":[0,22],"expanded_url":"http://www.connect.co.il","display_url":"connect.co.il"}]},"description":{"urls":[]}},"followers_count":3306,"profile_sidebar_border_color":"C0DEED","id_str":"37919483","profile_background_color":"C0DEED","listed_count":103,"is_translation_enabled":false,"utc_offset":7200,"statuses_count":37939,"description":"All lovers of Liberty will either meet for drinks in a much better world - or die fighting for it!","friends_count":2287,"location":"Jerusalem, Israel","profile_link_color":"0084B4","profile_image_url":"http://pbs.twimg.com/profile_images/585696977788215296/m8BJfeAJ_normal.jpg","following":false,"geo_enabled":false,"profile_background_image_url":"http://abs.twimg.com/images/themes/theme1/bg.png","name":"Zvi Lando","lang":"en","profile_background_tile":false,"favourites_count":638,"screen_name":"zlando","notifications":false,"url":"http://t.co/SZzGKJOqDT","created_at":"Tue May 05 13:10:03 +0000 2009","contributors_enabled":false,"time_zone":"Jerusalem","protected":false,"default_profile":true,"is_translator":false},"geo":null,"in_reply_to_user_id_str":"1359226843","lang":"en","created_at":"Mon Dec 15 05:26:48 +0000 2014","in_reply_to_status_id_str":"544360110521196544","place":null},
{"contributors":null,"truncated":false,"text":"@BeliefinFreedom @KhaledBeydoun I'm an atheist, fool, and the Romans used cutlery LONG before islam. Try actually studying history.","in_reply_to_status_id":544357045093560320,"id":544363656579121152,"favorite_count":1,"source":"<a href=\"http://twitter.com\" rel=\"nofollow\">Twitter Web Client</a>","retweeted":false,"coordinates":null,"entities":{"symbols":[],"user_mentions":[{"id":290070138,"indices":[0,16],"id_str":"290070138","screen_name":"BeliefinFreedom","name":"Trevor"},{"id":2163076560,"indices":[17,31],"id_str":"2163076560","screen_name":"KhaledBeydoun","name":"Khaled Bey"}],"hashtags":[],"urls":[]},"in_reply_to_screen_name":"BeliefinFreedom","id_str":"544363656579121152","retweet_count":1,"in_reply_to_user_id":290070138,"favorited":false,"user":{"follow_request_sent":false,"profile_use_background_image":false,"profile_text_color":"000000","default_profile_image":false,"id":2886586060,"profile_background_image_url_https":"https://abs.twimg.com/images/themes/theme1/bg.png","verified":false,"profile_location":null,"profile_image_url_https":"https://pbs.twimg.com/profile_images/535672613998051328/iXMMDwF-_normal.jpeg","profile_sidebar_fill_color":"000000","entities":{"description":{"urls":[{"url":"https://t.co/WrT11g65vd","indices":[102,125],"expanded_url":"https://www.smashwords.com/books/view/492112","display_url":"smashwords.com/books/view/492…"}]}},"followers_count":821,"profile_sidebar_border_color":"000000","id_str":"2886586060","profile_background_color":"000000","listed_count":15,"is_translation_enabled":false,"utc_offset":null,"statuses_count":9549,"description":"I am the writer of the Lost Verses of the Koran - a FREE Koran parody for infidels of all ages.       https://t.co/WrT11g65vd","friends_count":1070,"location":"Earth","profile_link_color":"3B94D9","profile_image_url":"http://pbs.twimg.com/profile_images/535672613998051328/iXMMDwF-_normal.jpeg","following":false,"geo_enabled":false,"profile_banner_url":"https://pbs.twimg.com/profile_banners/2886586060/1418276334","profile_background_image_url":"http://abs.twimg.com/images/themes/theme1/bg.png","name":"Lemnoc","lang":"en","profile_background_tile":false,"favourites_count":2717,"screen_name":"Lemnoc55","notifications":false,"url":null,"created_at":"Fri Nov 21 05:53:09 +0000 2014","contributors_enabled":false,"time_zone":null,"protected":false,"default_profile":false,"is_translator":false},"geo":null,"in_reply_to_user_id_str":"290070138","lang":"en","created_at":"Mon Dec 15 05:29:44 +0000 2014","in_reply_to_status_id_str":"544357045093560320","place":null},
{"contributors":null,"truncated":false,"text":"@BooBooBear4U2 @lyingpollies @KhaledBeydoun DISRESPECTING OUR FLAG - NICE! ITS A FLAG - NOT A WINDBREAKER","in_reply_to_status_id":544339786149146624,"id":544365407407046656,"favorite_count":1,"source":"<a href=\"http://twitter.com\" rel=\"nofollow\">Twitter Web Client</a>","retweeted":false,"coordinates":null,"entities":{"symbols":[],"user_mentions":[{"id":131582916,"indices":[0,14],"id_str":"131582916","screen_name":"BooBooBear4U2","name":"Blue Eyed Cowboy"},{"id":2413885729,"indices":[15,28],"id_str":"2413885729","screen_name":"lyingpollies","name":"Politicians Lie "},{"id":2163076560,"indices":[29,43],"id_str":"2163076560","screen_name":"KhaledBeydoun","name":"Khaled Bey"}],"hashtags":[],"urls":[]},"in_reply_to_screen_name":"BooBooBear4U2","id_str":"544365407407046656","retweet_count":2,"in_reply_to_user_id":131582916,"favorited":false,"user":{"follow_request_sent":false,"profile_use_background_image":true,"profile_text_color":"333333","default_profile_image":false,"id":1388148914,"profile_background_image_url_https":"https://abs.twimg.com/images/themes/theme1/bg.png","verified":false,"profile_location":null,"profile_image_url_https":"https://pbs.twimg.com/profile_images/578757783249510400/f7s8F-Ro_normal.png","profile_sidebar_fill_color":"DDEEF6","entities":{"description":{"urls":[]}},"followers_count":464,"profile_sidebar_border_color":"C0DEED","id_str":"1388148914","profile_background_color":"C0DEED","listed_count":11,"is_translation_enabled":false,"utc_offset":null,"statuses_count":21212,"description":"Knight of the Order of Sanity and Realism","friends_count":404,"location":"Here","profile_link_color":"0084B4","profile_image_url":"http://pbs.twimg.com/profile_images/578757783249510400/f7s8F-Ro_normal.png","following":false,"geo_enabled":false,"profile_background_image_url":"http://abs.twimg.com/images/themes/theme1/bg.png","name":"Sir Cumference","lang":"en","profile_background_tile":false,"favourites_count":0,"screen_name":"OMGTheMess","notifications":false,"url":null,"created_at":"Sun Apr 28 23:16:26 +0000 2013","contributors_enabled":false,"time_zone":null,"protected":false,"default_profile":true,"is_translator":false},"geo":null,"in_reply_to_user_id_str":"131582916","lang":"en","created_at":"Mon Dec 15 05:36:41 +0000 2014","in_reply_to_status_id_str":"544339786149146624","place":null},
{"contributors":null,"truncated":false,"text":"“@Lemnoc55: @Abu_ghraib2004 @KhaledBeydoun Then get the fuck out and GO HOME to the other sandnoggers.” It's amazing that ppl still say this","in_reply_to_status_id":544343585949499393,"id":544392358587301888,"favorite_count":0,"source":"<a href=\"http://twitter.com/download/iphone\" rel=\"nofollow\">Twitter for iPhone</a>","retweeted":false,"coordinates":null,"entities":{"symbols":[],"user_mentions":[{"id":2886586060,"indices":[1,10],"id_str":"2886586060","screen_name":"Lemnoc55","name":"Lemnoc"},{"id":82312427,"indices":[12,27],"id_str":"82312427","screen_name":"Abu_ghraib2004","name":"خالد"},{"id":2163076560,"indices":[28,42],"id_str":"2163076560","screen_name":"KhaledBeydoun","name":"Khaled Bey"}],"hashtags":[],"urls":[]},"in_reply_to_screen_name":"Lemnoc55","id_str":"544392358587301888","retweet_count":2,"in_reply_to_user_id":2886586060,"favorited":false,"user":{"follow_request_sent":false,"profile_use_background_image":true,"profile_text_color":"333333","default_profile_image":false,"id":1077275318,"profile_background_image_url_https":"https://pbs.twimg.com/profile_background_images/454722774225805312/eP4mv_O0.png","verified":false,"profile_location":null,"profile_image_url_https":"https://pbs.twimg.com/profile_images/587221818861342721/D66MzcrE_normal.jpg","profile_sidebar_fill_color":"DDEEF6","entities":{"description":{"urls":[]}},"followers_count":819,"profile_sidebar_border_color":"FFFFFF","id_str":"1077275318","profile_background_color":"FFFFFF","listed_count":18,"is_translation_enabled":false,"utc_offset":0,"statuses_count":22089,"description":"too much evil in this world.","friends_count":87,"location":"","profile_link_color":"756480","profile_image_url":"http://pbs.twimg.com/profile_images/587221818861342721/D66MzcrE_normal.jpg","following":false,"geo_enabled":false,"profile_banner_url":"https://pbs.twimg.com/profile_banners/1077275318/1418425035","profile_background_image_url":"http://pbs.twimg.com/profile_background_images/454722774225805312/eP4mv_O0.png","name":":/","lang":"en","profile_background_tile":false,"favourites_count":1220,"screen_name":"shittythursdays","notifications":false,"url":null,"created_at":"Thu Jan 10 18:04:26 +0000 2013","contributors_enabled":false,"time_zone":"Casablanca","protected":false,"default_profile":false,"is_translator":false},"geo":null,"in_reply_to_user_id_str":"2886586060","lang":"en","created_at":"Mon Dec 15 07:23:47 +0000 2014","in_reply_to_status_id_str":"544343585949499393","place":null},
{"contributors":null,"truncated":false,"text":"@shittythursdays @Abu_ghraib2004 @KhaledBeydoun I say it - I despise muslims.Download a hilarious FREE Koran parody https://t.co/hXbeZHdguj","in_reply_to_status_id":544392358587301888,"id":544395447969021952,"favorite_count":0,"source":"<a href=\"http://twitter.com\" rel=\"nofollow\">Twitter Web Client</a>","retweeted":false,"coordinates":null,"entities":{"symbols":[],"user_mentions":[{"id":1077275318,"indices":[0,16],"id_str":"1077275318","screen_name":"shittythursdays","name":":/"},{"id":82312427,"indices":[17,32],"id_str":"82312427","screen_name":"Abu_ghraib2004","name":"خالد"},{"id":2163076560,"indices":[33,47],"id_str":"2163076560","screen_name":"KhaledBeydoun","name":"Khaled Bey"}],"hashtags":[],"urls":[{"url":"https://t.co/hXbeZHdguj","indices":[116,139],"expanded_url":"https://www.smashwords.com/books/view/492112","display_url":"smashwords.com/books/view/492…"}]},"in_reply_to_screen_name":"shittythursdays","id_str":"544395447969021952","retweet_count":0,"in_reply_to_user_id":1077275318,"favorited":false,"user":{"follow_request_sent":false,"profile_use_background_image":false,"profile_text_color":"000000","default_profile_image":false,"id":2886586060,"profile_background_image_url_https":"https://abs.twimg.com/images/themes/theme1/bg.png","verified":false,"profile_location":null,"profile_image_url_https":"https://pbs.twimg.com/profile_images/535672613998051328/iXMMDwF-_normal.jpeg","profile_sidebar_fill_color":"000000","entities":{"description":{"urls":[{"url":"https://t.co/WrT11g65vd","indices":[102,125],"expanded_url":"https://www.smashwords.com/books/view/492112","display_url":"smashwords.com/books/view/492…"}]}},"followers_count":821,"profile_sidebar_border_color":"000000","id_str":"2886586060","profile_background_color":"000000","listed_count":15,"is_translation_enabled":false,"utc_offset":null,"statuses_count":9549,"description":"I am the writer of the Lost Verses of the Koran - a FREE Koran parody for infidels of all ages.       https://t.co/WrT11g65vd","friends_count":1070,"location":"Earth","profile_link_color":"3B94D9","profile_image_url":"http://pbs.twimg.com/profile_images/535672613998051328/iXMMDwF-_normal.jpeg","following":false,"geo_enabled":false,"profile_banner_url":"https://pbs.twimg.com/profile_banners/2886586060/1418276334","profile_background_image_url":"http://abs.twimg.com/images/themes/theme1/bg.png","name":"Lemnoc","lang":"en","profile_background_tile":false,"favourites_count":2717,"screen_name":"Lemnoc55","notifications":false,"url":null,"created_at":"Fri Nov 21 05:53:09 +0000 2014","contributors_enabled":false,"time_zone":null,"protected":false,"default_profile":false,"is_translator":false},"geo":null,"in_reply_to_user_id_str":"1077275318","possibly_sensitive":false,"lang":"en","created_at":"Mon Dec 15 07:36:03 +0000 2014","in_reply_to_status_id_str":"544392358587301888","place":null},
{"contributors":null,"truncated":false,"text":"@Lemnoc55 No, ta. Your idea of hilarity seems to differ from others. May I ask why you despise them?","in_reply_to_status_id":544395447969021952,"id":544397500619440128,"favorite_count":0,"source":"<a href=\"http://twitter.com/download/iphone\" rel=\"nofollow\">Twitter for iPhone</a>","retweeted":false,"coordinates":null,"entities":{"symbols":[],"user_mentions":[{"id":2886586060,"indices":[0,9],"id_str":"2886586060","screen_name":"Lemnoc55","name":"Lemnoc"}],"hashtags":[],"urls":[]},"in_reply_to_screen_name":"Lemnoc55","id_str":"544397500619440128","retweet_count":0,"in_reply_to_user_id":2886586060,"favorited":false,"user":{"follow_request_sent":false,"profile_use_background_image":true,"profile_text_color":"333333","default_profile_image":false,"id":1077275318,"profile_background_image_url_https":"https://pbs.twimg.com/profile_background_images/454722774225805312/eP4mv_O0.png","verified":false,"profile_location":null,"profile_image_url_https":"https://pbs.twimg.com/profile_images/587221818861342721/D66MzcrE_normal.jpg","profile_sidebar_fill_color":"DDEEF6","entities":{"description":{"urls":[]}},"followers_count":819,"profile_sidebar_border_color":"FFFFFF","id_str":"1077275318","profile_background_color":"FFFFFF","listed_count":18,"is_translation_enabled":false,"utc_offset":0,"statuses_count":22089,"description":"too much evil in this world.","friends_count":87,"location":"","profile_link_color":"756480","profile_image_url":"http://pbs.twimg.com/profile_images/587221818861342721/D66MzcrE_normal.jpg","following":false,"geo_enabled":false,"profile_banner_url":"https://pbs.twimg.com/profile_banners/1077275318/1418425035","profile_background_image_url":"http://pbs.twimg.com/profile_background_images/454722774225805312/eP4mv_O0.png","name":":/","lang":"en","profile_background_tile":false,"favourites_count":1220,"screen_name":"shittythursdays","notifications":false,"url":null,"created_at":"Thu Jan 10 18:04:26 +0000 2013","contributors_enabled":false,"time_zone":"Casablanca","protected":false,"default_profile":false,"is_translator":false},"geo":null,"in_reply_to_user_id_str":"2886586060","lang":"en","created_at":"Mon Dec 15 07:44:13 +0000 2014","in_reply_to_status_id_str":"544395447969021952","place":null},
{"contributors":null,"truncated":false,"text":"@shittythursdays Your choice, IDC. Why? I've read the koran, and I've watched the news. muslim dogma is repugnant - read it for yourself.","in_reply_to_status_id":544397500619440128,"id":544398460829827072,"favorite_count":0,"source":"<a href=\"http://twitter.com\" rel=\"nofollow\">Twitter Web Client</a>","retweeted":false,"coordinates":null,"entities":{"symbols":[],"user_mentions":[{"id":1077275318,"indices":[0,16],"id_str":"1077275318","screen_name":"shittythursdays","name":"shittythursdays"}],"hashtags":[],"urls":[]},"in_reply_to_screen_name":"shittythursdays","id_str":"544398460829827072","retweet_count":0,"in_reply_to_user_id":1077275318,"favorited":false,"user":{"follow_request_sent":false,"profile_use_background_image":false,"profile_text_color":"000000","default_profile_image":false,"id":2886586060,"profile_background_image_url_https":"https://abs.twimg.com/images/themes/theme1/bg.png","verified":false,"profile_location":null,"profile_image_url_https":"https://pbs.twimg.com/profile_images/535672613998051328/iXMMDwF-_normal.jpeg","profile_sidebar_fill_color":"000000","entities":{"description":{"urls":[{"url":"https://t.co/WrT11g65vd","indices":[102,125],"expanded_url":"https://www.smashwords.com/books/view/492112","display_url":"smashwords.com/books/view/492…"}]}},"followers_count":821,"profile_sidebar_border_color":"000000","id_str":"2886586060","profile_background_color":"000000","listed_count":15,"is_translation_enabled":false,"utc_offset":null,"statuses_count":9549,"description":"I am the writer of the Lost Verses of the Koran - a FREE Koran parody for infidels of all ages.       https://t.co/WrT11g65vd","friends_count":1070,"location":"Earth","profile_link_color":"3B94D9","profile_image_url":"http://pbs.twimg.com/profile_images/535672613998051328/iXMMDwF-_normal.jpeg","following":false,"geo_enabled":false,"profile_banner_url":"https://pbs.twimg.com/profile_banners/2886586060/1418276334","profile_background_image_url":"http://abs.twimg.com/images/themes/theme1/bg.png","name":"Lemnoc","lang":"en","profile_background_tile":false,"favourites_count":2717,"screen_name":"Lemnoc55","notifications":false,"url":null,"created_at":"Fri Nov 21 05:53:09 +0000 2014","contributors_enabled":false,"time_zone":null,"protected":false,"default_profile":false,"is_translator":false},"geo":null,"in_reply_to_user_id_str":"1077275318","lang":"en","created_at":"Mon Dec 15 07:48:02 +0000 2014","in_reply_to_status_id_str":"544397500619440128","place":null}
]