[{"contributors":null,"truncated":false,"text":"“@denhamsadler: \"Police urge the media to be responsible\", so the Daily Tele produced this. #SydneySiege http://t.co/W4MgJJL9MS”","in_reply_to_status_id":544345465311879170,"id":544345960302653440,"favorite_count":0,"source":"<a href=\"http://twitter.com/download/iphone\" rel=\"nofollow\">Twitter for iPhone</a>","retweeted":false,"coordinates":null,"entities":{"symbols":[],"user_mentions":[{"id":489336004,"indices":[1,14],"id_str":"489336004","screen_name":"denhamsadler","name":"Denham Sadler"}],"hashtags":[{"indices":[92,104],"text":"SydneySiege"}],"urls":[],"media":[{"source_user_id":489336004,"source_status_id_str":"544345465311879170","expanded_url":"http://twitter.com/denhamsadler/status/544345465311879170/photo/1","display_url":"pic.twitter.com/W4MgJJL9MS","url":"http://t.co/W4MgJJL9MS","media_url_https":"https://pbs.twimg.com/media/B43nUJjCcAEIfJn.jpg","source_user_id_str":"489336004","source_status_id":544345465311879170,"id_str":"544345463327977473","sizes":{"large":{"h":469,"resize":"fit","w":599},"small":{"h":266,"resize":"fit","w":340},"medium":{"h":469,"resize":"fit","w":599},"thumb":{"h":150,"resize":"crop","w":150}},"indices":[105,127],"type":"photo","id":544345463327977473,"media_url":"http://pbs.twimg.com/media/B43nUJjCcAEIfJn.jpg"}]},"in_reply_to_screen_name":"denhamsadler","id_str":"544345960302653440","retweet_count":1,"in_reply_to_user_id":489336004,"favorited":false,"user":{"follow_request_sent":false,"profile_use_background_image":true,"profile_text_color":"333333","default_profile_image":false,"id":147128397,"profile_background_image_url_https":"https://pbs.twimg.com/profile_background_images/344918034408405156/70023551d1485a6541aa9aa1e529ac90.jpeg","verified":false,"profile_location":null,"profile_image_url_https":"https://pbs.twimg.com/profile_images/344513261572904844/07262b4d7973f29aeb7528a418635849_normal.jpeg","profile_sidebar_fill_color":"EFEFEF","entities":{"description":{"urls":[]}},"followers_count":272,"profile_sidebar_border_color":"FFFFFF","id_str":"147128397","profile_background_color":"131516","listed_count":2,"is_translation_enabled":false,"utc_offset":null,"statuses_count":5622,"description":"Devil's Advocate. Curious. Giant.","friends_count":385,"location":"Dubai","profile_link_color":"009999","profile_image_url":"http://pbs.twimg.com/profile_images/344513261572904844/07262b4d7973f29aeb7528a418635849_normal.jpeg","following":false,"geo_enabled":false,"profile_banner_url":"https://pbs.twimg.com/profile_banners/147128397/1371127668","profile_background_image_url":"http://pbs.twimg.com/profile_background_images/344918034408405156/70023551d1485a6541aa9aa1e529ac90.jpeg","name":"Samm M","lang":"en","profile_background_tile":false,"favourites_count":623,"screen_name":"SammMedina","notifications":false,"url":null,"created_at":"Sun May 23 08:21:59 +0000 2010","contributors_enabled":false,"time_zone":null,"protected":false,"default_profile":false,"is_translator":false},"geo":null,"in_reply_to_user_id_str":"489336004","possibly_sensitive":false,"lang":"en","created_at":"Mon Dec 15 04:19:25 +0000 2014","in_reply_to_status_id_str":"544345465311879170","place":null,"extended_entities":{"media":[{"source_user_id":489336004,"source_status_id_str":"544345465311879170","expanded_url":"http://twitter.com/denhamsadler/status/544345465311879170/photo/1","display_url":"pic.twitter.com/W4MgJJL9MS","url":"http://t.co/W4MgJJL9MS","media_url_https":"https://pbs.twimg.com/media/B43nUJjCcAEIfJn.jpg","source_user_id_str":"489336004","source_status_id":544345465311879170,"id_str":"544345463327977473","sizes":{"large":{"h":469,"resize":"fit","w":599},"small":{"h":266,"resize":"fit","w":340},"medium":{"h":469,"resize":"fit","w":599},"thumb":{"h":150,"resize":"crop","w":150}},"indices":[105,127],"type":"photo","id":544345463327977473,"media_url":"http://pbs.twimg.com/media/B43nUJjCcAEIfJn.jpg"},{"source_user_id":489336004,"source_status_id_str":"544345465311879170","expanded_url":"http://twitter.com/denhamsadler/status/544345465311879170/photo/1","display_url":"pic.twitter.com/W4MgJJL9MS","url":"http://t.co/W4MgJJL9MS","media_url_https":"https://pbs.twimg.com/media/B43nUMOCIAAJ8Zv.jpg","source_user_id_str":"489336004","source_status_id":544345465311879170,"id_str":"544345464045182976","sizes":{"small":{"h":453,"resize":"fit","w":340},"large":{"h":557,"resize":"fit","w":418},"medium":{"h":557,"resize":"fit","w":418},"thumb":{"h":150,"resize":"crop","w":150}},"indices":[105,127],"type":"photo","id":544345464045182976,"media_url":"http://pbs.twimg.com/media/B43nUMOCIAAJ8Zv.jpg"}]}},
{"contributors":null,"truncated":false,"text":"@denhamsadler here's to the hostages getting safe passage on this day @ChangeTip #SydneySeige","in_reply_to_status_id":544345465311879170,"id":544346068037959680,"favorite_count":0,"source":"<a href=\"http://twitter.com\" rel=\"nofollow\">Twitter Web Client</a>","retweeted":false,"coordinates":null,"entities":{"symbols":[],"user_mentions":[{"id":489336004,"indices":[0,13],"id_str":"489336004","screen_name":"denhamsadler","name":"Denham Sadler"},{"id":2238411649,"indices":[70,80],"id_str":"2238411649","screen_name":"ChangeTip","name":"ChangeTip"}],"hashtags":[{"indices":[81,93],"text":"SydneySeige"}],"urls":[]},"in_reply_to_screen_name":"denhamsadler","id_str":"544346068037959680","retweet_count":0,"in_reply_to_user_id":489336004,"favorited":false,"user":{"follow_request_sent":false,"profile_use_background_image":true,"profile_text_color":"333333","default_profile_image":false,"id":2371415304,"profile_background_image_url_https":"https://abs.twimg.com/images/themes/theme1/bg.png","verified":false,"profile_location":null,"profile_image_url_https":"https://pbs.twimg.com/profile_images/552930631546458112/hMmMbsfI_normal.jpeg","profile_sidebar_fill_color":"DDEEF6","entities":{"url":{"urls":[{"url":"http://t.co/aMbk8sopw5","indices":[0,22],"expanded_url":"http://www.linkedin.com/pub/leslie-john-dilley-ii/69/883/79a/","display_url":"linkedin.com/pub/leslie-joh…"}]},"description":{"urls":[]}},"followers_count":1739,"profile_sidebar_border_color":"C0DEED","id_str":"2371415304","profile_background_color":"C0DEED","listed_count":42,"is_translation_enabled":false,"utc_offset":null,"statuses_count":1050,"description":"Teach not the children to dream of toys and sweets; teach them instead to dream of building infrastructure.","friends_count":312,"location":"","profile_link_color":"0084B4","profile_image_url":"http://pbs.twimg.com/profile_images/552930631546458112/hMmMbsfI_normal.jpeg","following":false,"geo_enabled":false,"profile_banner_url":"https://pbs.twimg.com/profile_banners/2371415304/1401331895","profile_background_image_url":"http://abs.twimg.com/images/themes/theme1/bg.png","name":"JD","lang":"en","profile_background_tile":false,"favourites_count":6,"screen_name":"AdmiralLeviathn","notifications":false,"url":"http://t.co/aMbk8sopw5","created_at":"Tue Mar 04 05:13:48 +0000 2014","contributors_enabled":false,"time_zone":null,"protected":false,"default_profile":true,"is_translator":false},"geo":null,"in_reply_to_user_id_str":"489336004","lang":"en","created_at":"Mon Dec 15 04:19:50 +0000 2014","in_reply_to_status_id_str":"544345465311879170","place":null},
{"contributors":null,"truncated":false,"text":"@denhamsadler, @AdmiralLeviathn wants to send you 1 safe passage (5,719 bits/$2.00) Collect➔http://t.co/y3hkbYWcDy","in_reply_to_status_id":544346068037959680,"id":544346074408701953,"favorite_count":0,"source":"<a href=\"https://www.changetip.com\" rel=\"nofollow\">Internal Bot for ChangeTip</a>","retweeted":false,"coordinates":null,"entities":{"symbols":[],"user_mentions":[{"id":489336004,"indices":[0,13],"id_str":"489336004","screen_name":"denhamsadler","name":"Denham Sadler"},{"id":2371415304,"indices":[15,31],"id_str":"2371415304","screen_name":"AdmiralLeviathn","name":"JD"}],"hashtags":[],"urls":[{"url":"http://t.co/y3hkbYWcDy","indices":[92,114],"expanded_url":"http://changetip.com/c/JEVB?m=0","display_url":"changetip.com/c/JEVB?m=0"}]},"in_reply_to_screen_name":"AdmiralLeviathn","id_str":"544346074408701953","retweet_count":0,"in_reply_to_user_id":2371415304,"favorited":false,"user":{"follow_request_sent":false,"profile_use_background_image":true,"profile_text_color":"333333","default_profile_image":false,"id":2238411649,"profile_background_image_url_https":"https://abs.twimg.com/images/themes/theme1/bg.png","verified":false,"profile_location":null,"profile_image_url_https":"https://pbs.twimg.com/profile_images/569920124413415424/cLZZ3Juz_normal.png","profile_sidebar_fill_color":"DDEEF6","entities":{"url":{"urls":[{"url":"https://t.co/3L6yCVn5oH","indices":[0,23],"expanded_url":"https://www.changetip.com","display_url":"changetip.com"}]},"description":{"urls":[]}},"followers_count":4821,"profile_sidebar_border_color":"FFFFFF","id_str":"2238411649","profile_background_color":"C0DEED","listed_count":121,"is_translation_enabled":false,"utc_offset":-28800,"statuses_count":48286,"description":"The official account for ChangeTip.  When a 'like' isn't enough, use the 'love' button for the Internet!","friends_count":827,"location":"San Francisco, CA","profile_link_color":"005197","profile_image_url":"http://pbs.twimg.com/profile_images/569920124413415424/cLZZ3Juz_normal.png","following":false,"geo_enabled":false,"profile_banner_url":"https://pbs.twimg.com/profile_banners/2238411649/1415689686","profile_background_image_url":"http://abs.twimg.com/images/themes/theme1/bg.png","name":"ChangeTip","lang":"en","profile_background_tile":false,"favourites_count":1091,"screen_name":"ChangeTip","notifications":false,"url":"https://t.co/3L6yCVn5oH","created_at":"Tue Dec 10 01:30:53 +0000 2013","contributors_enabled":false,"time_zone":"Pacific Time (US & Canada)","protected":false,"default_profile":false,"is_translator":false},"geo":null,"in_reply_to_user_id_str":"2371415304","possibly_sensitive":false,"lang":"en","created_at":"Mon Dec 15 04:19:52 +0000 2014","in_reply_to_status_id_str":"544346068037959680","place":null},
{"contributors":null,"truncated":false,"text":"@denhamsadler @JimmyH_03 And then showing police in tactical positions. Real smart.","in_reply_to_status_id":544345465311879170,"id":544348017977856000,"favorite_count":0,"source":"<a href=\"http://twitter.com\" rel=\"nofollow\">Twitter Web Client</a>","retweeted":false,"coordinates":null,"entities":{"symbols":[],"user_mentions":[{"id":489336004,"indices":[0,13],"id_str":"489336004","screen_name":"denhamsadler","name":"Denham Sadler"},{"id":216645941,"indices":[14,24],"id_str":"216645941","screen_name":"JimmyH_03","name":"James Halcrow"}],"hashtags":[],"urls":[]},"in_reply_to_screen_name":"denhamsadler","id_str":"544348017977856000","retweet_count":0,"in_reply_to_user_id":489336004,"favorited":false,"user":{"follow_request_sent":false,"profile_use_background_image":false,"profile_text_color":"333333","default_profile_image":false,"id":2316303914,"profile_background_image_url_https":"https://pbs.twimg.com/profile_background_images/378800000178027624/IDLYdmMa.jpeg","verified":false,"profile_location":null,"profile_image_url_https":"https://pbs.twimg.com/profile_images/583722625471361024/cNLnAUrB_normal.jpg","profile_sidebar_fill_color":"DDEEF6","entities":{"url":{"urls":[{"url":"http://t.co/gVK8yaMkyW","indices":[0,22],"expanded_url":"http://www.facebook.com/jonathan.hampton.3304","display_url":"facebook.com/jonathan.hampt…"}]},"description":{"urls":[]}},"followers_count":172,"profile_sidebar_border_color":"FFFFFF","id_str":"2316303914","profile_background_color":"59B59E","listed_count":0,"is_translation_enabled":false,"utc_offset":46800,"statuses_count":814,"description":"19, 2nd year scarfie, BA in Politics, keep up with sports, politics and more. Views are all my own.","friends_count":818,"location":"Dunedin, New Zealand","profile_link_color":"00B3A4","profile_image_url":"http://pbs.twimg.com/profile_images/583722625471361024/cNLnAUrB_normal.jpg","following":false,"geo_enabled":false,"profile_banner_url":"https://pbs.twimg.com/profile_banners/2316303914/1391044857","profile_background_image_url":"http://pbs.twimg.com/profile_background_images/378800000178027624/IDLYdmMa.jpeg","name":"Jonathan Hampton","lang":"en","profile_background_tile":true,"favourites_count":732,"screen_name":"j_hampton14","notifications":false,"url":"http://t.co/gVK8yaMkyW","created_at":"Wed Jan 29 01:19:22 +0000 2014","contributors_enabled":false,"time_zone":"Wellington","protected":false,"default_profile":false,"is_translator":false},"geo":null,"in_reply_to_user_id_str":"489336004","lang":"en","created_at":"Mon Dec 15 04:27:35 +0000 2014","in_reply_to_status_id_str":"544345465311879170","place":null},
{"contributors":null,"truncated":false,"text":"@j_hampton14 @denhamsadler it's pure sensationalism","in_reply_to_status_id":544348017977856000,"id":544348425546776576,"favorite_count":1,"source":"<a href=\"http://twitter.com/download/android\" rel=\"nofollow\">Twitter for Android</a>","retweeted":false,"coordinates":null,"entities":{"symbols":[],"user_mentions":[{"id":2316303914,"indices":[0,12],"id_str":"2316303914","screen_name":"j_hampton14","name":"Jonathan Hampton"},{"id":489336004,"indices":[13,26],"id_str":"489336004","screen_name":"denhamsadler","name":"Denham Sadler"}],"hashtags":[],"urls":[]},"in_reply_to_screen_name":"j_hampton14","id_str":"544348425546776576","retweet_count":0,"in_reply_to_user_id":2316303914,"favorited":false,"user":{"follow_request_sent":false,"profile_use_background_image":false,"profile_text_color":"843AA9","default_profile_image":false,"id":216645941,"profile_background_image_url_https":"https://pbs.twimg.com/profile_background_images/496994645692276736/FImQlggu.jpeg","verified":false,"profile_location":null,"profile_image_url_https":"https://pbs.twimg.com/profile_images/542993233802842112/uhufpr1p_normal.jpeg","profile_sidebar_fill_color":"E32820","entities":{"description":{"urls":[]}},"followers_count":182,"profile_sidebar_border_color":"FFFFFF","id_str":"216645941","profile_background_color":"FFFFFF","listed_count":2,"is_translation_enabled":false,"utc_offset":46800,"statuses_count":2112,"description":"Living vicariously through myself. At Auckland Uni studying history. Speaker of Mandarin. National Party member and proud!","friends_count":285,"location":"Auckland, NZ","profile_link_color":"0E629E","profile_image_url":"http://pbs.twimg.com/profile_images/542993233802842112/uhufpr1p_normal.jpeg","following":false,"geo_enabled":true,"profile_banner_url":"https://pbs.twimg.com/profile_banners/216645941/1413440079","profile_background_image_url":"http://pbs.twimg.com/profile_background_images/496994645692276736/FImQlggu.jpeg","name":"James Halcrow","lang":"en","profile_background_tile":true,"favourites_count":888,"screen_name":"JimmyH_03","notifications":false,"url":null,"created_at":"Wed Nov 17 10:18:01 +0000 2010","contributors_enabled":false,"time_zone":"Auckland","protected":false,"default_profile":false,"is_translator":false},"geo":null,"in_reply_to_user_id_str":"2316303914","lang":"en","created_at":"Mon Dec 15 04:29:12 +0000 2014","in_reply_to_status_id_str":"544348017977856000","place":null},
{"contributors":null,"truncated":false,"text":"@denhamsadler @aprilritchey they don't want speculation ! They call the truth speculation ?","in_reply_to_status_id":544345465311879170,"id":544348930494853120,"favorite_count":1,"source":"<a href=\"http://twitter.com/download/iphone\" rel=\"nofollow\">Twitter for iPhone</a>","retweeted":false,"coordinates":null,"entities":{"symbols":[],"user_mentions":[{"id":489336004,"indices":[0,13],"id_str":"489336004","screen_name":"denhamsadler","name":"Denham Sadler"},{"id":17436585,"indices":[14,27],"id_str":"17436585","screen_name":"aprilritchey","name":" April Ritchey Yoga"}],"hashtags":[],"urls":[]},"in_reply_to_screen_name":"denhamsadler","id_str":"544348930494853120","retweet_count":1,"in_reply_to_user_id":489336004,"favorited":false,"user":{"follow_request_sent":false,"profile_use_background_image":true,"profile_text_color":"333333","default_profile_image":false,"id":1953257431,"profile_background_image_url_https":"https://abs.twimg.com/images/themes/theme1/bg.png","verified":false,"profile_location":null,"profile_image_url_https":"https://pbs.twimg.com/profile_images/510950456026079232/GWeewGW__normal.jpeg","profile_sidebar_fill_color":"DDEEF6","entities":{"description":{"urls":[]}},"followers_count":258,"profile_sidebar_border_color":"C0DEED","id_str":"1953257431","profile_background_color":"C0DEED","listed_count":3,"is_translation_enabled":false,"utc_offset":-25200,"statuses_count":4612,"description":"Positive changes are coming that will change our reality for the better of all of us.","friends_count":191,"location":"","profile_link_color":"0084B4","profile_image_url":"http://pbs.twimg.com/profile_images/510950456026079232/GWeewGW__normal.jpeg","following":false,"geo_enabled":false,"profile_banner_url":"https://pbs.twimg.com/profile_banners/1953257431/1410655483","profile_background_image_url":"http://abs.twimg.com/images/themes/theme1/bg.png","name":"Lightworker2014","lang":"en","profile_background_tile":false,"favourites_count":2772,"screen_name":"Starseed2014","notifications":false,"url":null,"created_at":"Fri Oct 11 03:43:58 +0000 2013","contributors_enabled":false,"time_zone":"Arizona","protected":false,"default_profile":true,"is_translator":false},"geo":null,"in_reply_to_user_id_str":"489336004","lang":"en","created_at":"Mon Dec 15 04:31:13 +0000 2014","in_reply_to_status_id_str":"544345465311879170","place":null},
{"contributors":null,"truncated":false,"text":"@denhamsadler @WeAreAustralia from a foreigner here, what is CBD?","in_reply_to_status_id":544345465311879170,"id":544350102127902721,"favorite_count":0,"source":"<a href=\"http://tapbots.com/tweetbot\" rel=\"nofollow\">Tweetbot for iΟS</a>","retweeted":false,"coordinates":null,"entities":{"symbols":[],"user_mentions":[{"id":489336004,"indices":[0,13],"id_str":"489336004","screen_name":"denhamsadler","name":"Denham Sadler"},{"id":467004431,"indices":[14,29],"id_str":"467004431","screen_name":"WeAreAustralia","name":"Mel/Australia"}],"hashtags":[],"urls":[]},"in_reply_to_screen_name":"denhamsadler","id_str":"544350102127902721","retweet_count":0,"in_reply_to_user_id":489336004,"favorited":false,"user":{"follow_request_sent":false,"profile_use_background_image":true,"profile_text_color":"000000","default_profile_image":false,"id":44696944,"profile_background_image_url_https":"https://pbs.twimg.com/profile_background_images/405850154/splash.jpg","verified":false,"profile_location":null,"profile_image_url_https":"https://pbs.twimg.com/profile_images/589946110447382528/3cxrgBmr_normal.jpg","profile_sidebar_fill_color":"D4A2EB","entities":{"description":{"urls":[]}},"followers_count":748,"profile_sidebar_border_color":"5308A3","id_str":"44696944","profile_background_color":"DBE9ED","listed_count":24,"is_translation_enabled":false,"utc_offset":0,"statuses_count":77536,"description":"Too short to be a stormtrooper. Videogames, iOS, grizzly/black/polar bear, chocolate, cheese. Family Guy. Interested in UFOs but doesn't believe in aliens","friends_count":973,"location":"North Pole under a slab of ice","profile_link_color":"CC1616","profile_image_url":"http://pbs.twimg.com/profile_images/589946110447382528/3cxrgBmr_normal.jpg","following":false,"geo_enabled":false,"profile_background_image_url":"http://pbs.twimg.com/profile_background_images/405850154/splash.jpg","name":"Becky","lang":"en","profile_background_tile":false,"favourites_count":103,"screen_name":"spritesbites","notifications":false,"url":null,"created_at":"Thu Jun 04 19:30:28 +0000 2009","contributors_enabled":false,"time_zone":"London","protected":false,"default_profile":false,"is_translator":false},"geo":null,"in_reply_to_user_id_str":"489336004","lang":"en","created_at":"Mon Dec 15 04:35:52 +0000 2014","in_reply_to_status_id_str":"544345465311879170","place":null},
{"contributors":null,"truncated":false,"text":"@Starseed2014 @denhamsadler THEY CALL FOR MAKE SURE YOU FOLLOW THE SCRIPT! #FALSEFLAG #SYDNEYSIEGE","in_reply_to_status_id":544348930494853120,"id":544350123010969600,"favorite_count":0,"source":"<a href=\"http://twitter.com\" rel=\"nofollow\">Twitter Web Client</a>","retweeted":false,"coordinates":null,"entities":{"symbols":[],"user_mentions":[{"id":1953257431,"indices":[0,13],"id_str":"1953257431","screen_name":"Starseed2014","name":"Lightworker2014"},{"id":489336004,"indices":[14,27],"id_str":"489336004","screen_name":"denhamsadler","name":"Denham Sadler"}],"hashtags":[{"indices":[75,85],"text":"FALSEFLAG"},{"indices":[86,98],"text":"SYDNEYSIEGE"}],"urls":[]},"in_reply_to_screen_name":"Starseed2014","id_str":"544350123010969600","retweet_count":1,"in_reply_to_user_id":1953257431,"favorited":false,"user":{"follow_request_sent":false,"profile_use_background_image":true,"profile_text_color":"3C3940","default_profile_image":false,"id":17436585,"profile_background_image_url_https":"https://pbs.twimg.com/profile_background_images/713468741/a64544cd2cb77f731b79ccf4e0318f1c.jpeg","verified":false,"profile_location":null,"profile_image_url_https":"https://pbs.twimg.com/profile_images/430140806301626368/BMhxJcmQ_normal.jpeg","profile_sidebar_fill_color":"95E8EC","entities":{"url":{"urls":[{"url":"http://t.co/vxROGYfDGr","indices":[0,22],"expanded_url":"http://www.youtube.com/user/aprilritchey1?feature=mhee","display_url":"youtube.com/user/aprilritc…"}]},"description":{"urls":[]}},"followers_count":3741,"profile_sidebar_border_color":"FFFFFF","id_str":"17436585","profile_background_color":"00A3B8","listed_count":123,"is_translation_enabled":false,"utc_offset":-28800,"statuses_count":65867,"description":"Awakening Assistant for Humanity's Higher Self & Gaia's Rebirth :0 )\r\n\r\nLove the World and Be Free","friends_count":3332,"location":"Santa Monica","profile_link_color":"0087B8","profile_image_url":"http://pbs.twimg.com/profile_images/430140806301626368/BMhxJcmQ_normal.jpeg","following":false,"geo_enabled":true,"profile_banner_url":"https://pbs.twimg.com/profile_banners/17436585/1375480852","profile_background_image_url":"http://pbs.twimg.com/profile_background_images/713468741/a64544cd2cb77f731b79ccf4e0318f1c.jpeg","name":" April Ritchey Yoga","lang":"en","profile_background_tile":false,"favourites_count":9986,"screen_name":"aprilritchey","notifications":false,"url":"http://t.co/vxROGYfDGr","created_at":"Mon Nov 17 06:51:39 +0000 2008","contributors_enabled":false,"time_zone":"Pacific Time (US & Canada)","protected":false,"default_profile":false,"is_translator":false},"geo":null,"in_reply_to_user_id_str":"1953257431","lang":"en","created_at":"Mon Dec 15 04:35:57 +0000 2014","in_reply_to_status_id_str":"544348930494853120","place":null},
{"contributors":null,"truncated":false,"text":"@Starseed2014 @denhamsadler WHAT'S THE LINDT CONNECTION WHO OWNS THEM???THERE'S A NARRATIVE HERE THAT'S CONNECTED","in_reply_to_status_id":544348930494853120,"id":544350266393255936,"favorite_count":0,"source":"<a href=\"http://twitter.com\" rel=\"nofollow\">Twitter Web Client</a>","retweeted":false,"coordinates":null,"entities":{"symbols":[],"user_mentions":[{"id":1953257431,"indices":[0,13],"id_str":"1953257431","screen_name":"Starseed2014","name":"Lightworker2014"},{"id":489336004,"indices":[14,27],"id_str":"489336004","screen_name":"denhamsadler","name":"Denham Sadler"}],"hashtags":[],"urls":[]},"in_reply_to_screen_name":"Starseed2014","id_str":"544350266393255936","retweet_count":1,"in_reply_to_user_id":1953257431,"favorited":false,"user":{"follow_request_sent":false,"profile_use_background_image":true,"profile_text_color":"3C3940","default_profile_image":false,"id":17436585,"profile_background_image_url_https":"https://pbs.twimg.com/profile_background_images/713468741/a64544cd2cb77f731b79ccf4e0318f1c.jpeg","verified":false,"profile_location":null,"profile_image_url_https":"https://pbs.twimg.com/profile_images/430140806301626368/BMhxJcmQ_normal.jpeg","profile_sidebar_fill_color":"95E8EC","entities":{"url":{"urls":[{"url":"http://t.co/vxROGYfDGr","indices":[0,22],"expanded_url":"http://www.youtube.com/user/aprilritchey1?feature=mhee","display_url":"youtube.com/user/aprilritc…"}]},"description":{"urls":[]}},"followers_count":3741,"profile_sidebar_border_color":"FFFFFF","id_str":"17436585","profile_background_color":"00A3B8","listed_count":123,"is_translation_enabled":false,"utc_offset":-28800,"statuses_count":65867,"description":"Awakening Assistant for Humanity's Higher Self & Gaia's Rebirth :0 )\r\n\r\nLove the World and Be Free","friends_count":3332,"location":"Santa Monica","profile_link_color":"0087B8","profile_image_url":"http://pbs.twimg.com/profile_images/430140806301626368/BMhxJcmQ_normal.jpeg","following":false,"geo_enabled":true,"profile_banner_url":"https://pbs.twimg.com/profile_banners/17436585/1375480852","profile_background_image_url":"http://pbs.twimg.com/profile_background_images/713468741/a64544cd2cb77f731b79ccf4e0318f1c.jpeg","name":" April Ritchey Yoga","lang":"en","profile_background_tile":false,"favourites_count":9986,"screen_name":"aprilritchey","notifications":false,"url":"http://t.co/vxROGYfDGr","created_at":"Mon Nov 17 06:51:39 +0000 2008","contributors_enabled":false,"time_zone":"Pacific Time (US & Canada)","protected":false,"default_profile":false,"is_translator":false},"geo":null,"in_reply_to_user_id_str":"1953257431","lang":"en","created_at":"Mon Dec 15 04:36:31 +0000 2014","in_reply_to_status_id_str":"544348930494853120","place":null},
{"contributors":null,"truncated":false,"text":"@spritesbites @denhamsadler @WeAreAustralia central business district","in_reply_to_status_id":544350102127902721,"id":544350304146161664,"favorite_count":0,"source":"<a href=\"http://twitter.com/download/iphone\" rel=\"nofollow\">Twitter for iPhone</a>","retweeted":false,"coordinates":null,"entities":{"symbols":[],"user_mentions":[{"id":44696944,"indices":[0,13],"id_str":"44696944","screen_name":"spritesbites","name":"Becky"},{"id":489336004,"indices":[14,27],"id_str":"489336004","screen_name":"denhamsadler","name":"Denham Sadler"},{"id":467004431,"indices":[28,43],"id_str":"467004431","screen_name":"WeAreAustralia","name":"Mel/Australia"}],"hashtags":[],"urls":[]},"in_reply_to_screen_name":"spritesbites","id_str":"544350304146161664","retweet_count":0,"in_reply_to_user_id":44696944,"favorited":false,"user":{"follow_request_sent":false,"profile_use_background_image":false,"profile_text_color":"333333","default_profile_image":false,"id":1108533062,"profile_background_image_url_https":"https://pbs.twimg.com/profile_background_images/515730546454827008/C8N6XL6b.jpeg","verified":false,"profile_location":null,"profile_image_url_https":"https://pbs.twimg.com/profile_images/590127450148835328/M8a1pL6x_normal.png","profile_sidebar_fill_color":"EFEFEF","entities":{"url":{"urls":[{"url":"https://t.co/sKHdbLz2dg","indices":[0,23],"expanded_url":"https://twitter.com/bumpshow/status/364334790574485504","display_url":"twitter.com/bumpshow/statu…"}]},"description":{"urls":[]}},"followers_count":15068,"profile_sidebar_border_color":"FFFFFF","id_str":"1108533062","profile_background_color":"FFFFFF","listed_count":225,"is_translation_enabled":false,"utc_offset":39600,"statuses_count":86551,"description":"selena gomez taylor swift ariana grande","friends_count":2860,"location":"","profile_link_color":"DD2E44","profile_image_url":"http://pbs.twimg.com/profile_images/590127450148835328/M8a1pL6x_normal.png","following":false,"geo_enabled":true,"profile_banner_url":"https://pbs.twimg.com/profile_banners/1108533062/1418458095","profile_background_image_url":"http://pbs.twimg.com/profile_background_images/515730546454827008/C8N6XL6b.jpeg","name":"️","lang":"en","profile_background_tile":true,"favourites_count":10404,"screen_name":"gomezquality","notifications":false,"url":"https://t.co/sKHdbLz2dg","created_at":"Mon Jan 21 09:12:04 +0000 2013","contributors_enabled":false,"time_zone":"Sydney","protected":false,"default_profile":false,"is_translator":false},"geo":null,"in_reply_to_user_id_str":"44696944","lang":"en","created_at":"Mon Dec 15 04:36:40 +0000 2014","in_reply_to_status_id_str":"544350102127902721","place":null},
{"contributors":null,"truncated":false,"text":"@gomezquality thanks","in_reply_to_status_id":544350304146161664,"id":544350395481743360,"favorite_count":0,"source":"<a href=\"http://tapbots.com/tweetbot\" rel=\"nofollow\">Tweetbot for iΟS</a>","retweeted":false,"coordinates":null,"entities":{"symbols":[],"user_mentions":[{"id":1108533062,"indices":[0,13],"id_str":"1108533062","screen_name":"gomezquality","name":"️"}],"hashtags":[],"urls":[]},"in_reply_to_screen_name":"gomezquality","id_str":"544350395481743360","retweet_count":0,"in_reply_to_user_id":1108533062,"favorited":false,"user":{"follow_request_sent":false,"profile_use_background_image":true,"profile_text_color":"000000","default_profile_image":false,"id":44696944,"profile_background_image_url_https":"https://pbs.twimg.com/profile_background_images/405850154/splash.jpg","verified":false,"profile_location":null,"profile_image_url_https":"https://pbs.twimg.com/profile_images/589946110447382528/3cxrgBmr_normal.jpg","profile_sidebar_fill_color":"D4A2EB","entities":{"description":{"urls":[]}},"followers_count":748,"profile_sidebar_border_color":"5308A3","id_str":"44696944","profile_background_color":"DBE9ED","listed_count":24,"is_translation_enabled":false,"utc_offset":0,"statuses_count":77536,"description":"Too short to be a stormtrooper. Videogames, iOS, grizzly/black/polar bear, chocolate, cheese. Family Guy. Interested in UFOs but doesn't believe in aliens","friends_count":973,"location":"North Pole under a slab of ice","profile_link_color":"CC1616","profile_image_url":"http://pbs.twimg.com/profile_images/589946110447382528/3cxrgBmr_normal.jpg","following":false,"geo_enabled":false,"profile_background_image_url":"http://pbs.twimg.com/profile_background_images/405850154/splash.jpg","name":"Becky","lang":"en","profile_background_tile":false,"favourites_count":103,"screen_name":"spritesbites","notifications":false,"url":null,"created_at":"Thu Jun 04 19:30:28 +0000 2009","contributors_enabled":false,"time_zone":"London","protected":false,"default_profile":false,"is_translator":false},"geo":null,"in_reply_to_user_id_str":"1108533062","lang":"en","created_at":"Mon Dec 15 04:37:02 +0000 2014","in_reply_to_status_id_str":"544350304146161664","place":null},
{"contributors":null,"truncated":false,"text":"#SydneySiege 77 http://t.co/HjjpJcIIe5 http://t.co/igklobkjn3 GG http://t.co/mbitCb5jRj http://t.co/AoA4RybZyR @aprilritchey @Starseed2014","in_reply_to_status_id":544350123010969600,"id":544357947845791744,"favorite_count":1,"source":"<a href=\"http://twitter.com\" rel=\"nofollow\">Twitter Web Client</a>","retweeted":false,"coordinates":null,"entities":{"symbols":[],"user_mentions":[{"id":17436585,"indices":[111,124],"id_str":"17436585","screen_name":"aprilritchey","name":" April Ritchey Yoga"},{"id":1953257431,"indices":[125,138],"id_str":"1953257431","screen_name":"Starseed2014","name":"Lightworker2014"}],"hashtags":[{"indices":[0,12],"text":"SydneySiege"}],"urls":[{"url":"http://t.co/HjjpJcIIe5","indices":[16,38],"expanded_url":"http://www.crowdactivism.com/search?q=77","display_url":"crowdactivism.com/search?q=77"},{"url":"http://t.co/igklobkjn3","indices":[39,61],"expanded_url":"http://occupythebanks.com/search?q=77","display_url":"occupythebanks.com/search?q=77"},{"url":"http://t.co/mbitCb5jRj","indices":[65,87],"expanded_url":"http://occupythebanks.com/search?q=GG","display_url":"occupythebanks.com/search?q=GG"}],"media":[{"source_user_id":250365695,"source_status_id_str":"544353860366520320","expanded_url":"http://twitter.com/censorednewsnow/status/544353860366520320/photo/1","display_url":"pic.twitter.com/AoA4RybZyR","url":"http://t.co/AoA4RybZyR","media_url_https":"https://pbs.twimg.com/media/B43u8mKIUAIhYfy.jpg","source_user_id_str":"250365695","source_status_id":544353860366520320,"id_str":"544353854784294914","sizes":{"large":{"h":337,"resize":"fit","w":599},"small":{"h":191,"resize":"fit","w":340},"medium":{"h":337,"resize":"fit","w":599},"thumb":{"h":150,"resize":"crop","w":150}},"indices":[88,110],"type":"photo","id":544353854784294914,"media_url":"http://pbs.twimg.com/media/B43u8mKIUAIhYfy.jpg"}]},"in_reply_to_screen_name":"aprilritchey","id_str":"544357947845791744","retweet_count":1,"in_reply_to_user_id":17436585,"favorited":false,"user":{"follow_request_sent":false,"profile_use_background_image":true,"profile_text_color":"FFFFFF","default_profile_image":false,"id":250365695,"profile_background_image_url_https":"https://pbs.twimg.com/profile_background_images/204204148/cnn.twitter.tsnebulosas.004.v.1.jpg","verified":false,"profile_location":null,"profile_image_url_https":"https://pbs.twimg.com/profile_images/535828113737777152/A8-aN5wM_normal.jpeg","profile_sidebar_fill_color":"03010A","entities":{"url":{"urls":[{"url":"http://t.co/LHZFKUkrqs","indices":[0,22],"expanded_url":"http://censorednewsnow.com","display_url":"censorednewsnow.com"}]},"description":{"urls":[]}},"followers_count":16025,"profile_sidebar_border_color":"FFFFFF","id_str":"250365695","profile_background_color":"1A1B1F","listed_count":438,"is_translation_enabled":false,"utc_offset":0,"statuses_count":606213,"description":"URGENT paypal 2  donations@occupythebanks.com BTC; 1KH1c8F1frwPZKKy14XtJ5eFBkKp6bHR5J Censored News, Views, Documentaries, Lectures, Talks & Mor! #IAmStillHere","friends_count":13655,"location":"use #CENSOREDNEWSNOW","profile_link_color":"0D21A6","profile_image_url":"http://pbs.twimg.com/profile_images/535828113737777152/A8-aN5wM_normal.jpeg","following":false,"geo_enabled":false,"profile_banner_url":"https://pbs.twimg.com/profile_banners/250365695/1354350530","profile_background_image_url":"http://pbs.twimg.com/profile_background_images/204204148/cnn.twitter.tsnebulosas.004.v.1.jpg","name":"censorednewsnow.com","lang":"en","profile_background_tile":true,"favourites_count":45473,"screen_name":"censorednewsnow","notifications":false,"url":"http://t.co/LHZFKUkrqs","created_at":"Thu Feb 10 23:26:18 +0000 2011","contributors_enabled":false,"time_zone":"London","protected":false,"default_profile":false,"is_translator":false},"geo":null,"in_reply_to_user_id_str":"17436585","possibly_sensitive":true,"lang":"und","created_at":"Mon Dec 15 05:07:03 +0000 2014","in_reply_to_status_id_str":"544350123010969600","place":null,"extended_entities":{"media":[{"source_user_id":250365695,"source_status_id_str":"544353860366520320","expanded_url":"http://twitter.com/censorednewsnow/status/544353860366520320/photo/1","display_url":"pic.twitter.com/AoA4RybZyR","url":"http://t.co/AoA4RybZyR","media_url_https":"https://pbs.twimg.com/media/B43u8mKIUAIhYfy.jpg","source_user_id_str":"250365695","source_status_id":544353860366520320,"id_str":"544353854784294914","sizes":{"large":{"h":337,"resize":"fit","w":599},"small":{"h":191,"resize":"fit","w":340},"medium":{"h":337,"resize":"fit","w":599},"thumb":{"h":150,"resize":"crop","w":150}},"indices":[88,110],"type":"photo","id":544353854784294914,"media_url":"http://pbs.twimg.com/media/B43u8mKIUAIhYfy.jpg"},{"source_user_id":250365695,"source_status_id_str":"544353860366520320","expanded_url":"http://twitter.com/censorednewsnow/status/544353860366520320/photo/1","display_url":"pic.twitter.com/AoA4RybZyR","url":"http://t.co/AoA4RybZyR","media_url_https":"https://pbs.twimg.com/media/B43u83wIEAANd26.png","source_user_id_str":"250365695","source_status_id":544353860366520320,"id_str":"544353859507064832","sizes":{"large":{"h":560,"resize":"fit","w":427},"small":{"h":445,"resize":"fit","w":340},"medium":{"h":560,"resize":"fit","w":427},"thumb":{"h":150,"resize":"crop","w":150}},"indices":[88,110],"type":"photo","id":544353859507064832,"media_url":"http://pbs.twimg.com/media/B43u83wIEAANd26.png"}]}},
{"contributors":null,"truncated":false,"text":"@censorednewsnow @Starseed2014 #sydneysiege announce #nesara !!!!","in_reply_to_status_id":544357947845791744,"id":544358223445106690,"favorite_count":0,"source":"<a href=\"http://twitter.com/download/iphone\" rel=\"nofollow\">Twitter for iPhone</a>","retweeted":false,"coordinates":null,"entities":{"symbols":[],"user_mentions":[{"id":250365695,"indices":[0,16],"id_str":"250365695","screen_name":"censorednewsnow","name":"censorednewsnow.com"},{"id":1953257431,"indices":[17,30],"id_str":"1953257431","screen_name":"Starseed2014","name":"Lightworker2014"}],"hashtags":[{"indices":[31,43],"text":"sydneysiege"},{"indices":[53,60],"text":"nesara"}],"urls":[]},"in_reply_to_screen_name":"censorednewsnow","id_str":"544358223445106690","retweet_count":0,"in_reply_to_user_id":250365695,"favorited":false,"user":{"follow_request_sent":false,"profile_use_background_image":true,"profile_text_color":"3C3940","default_profile_image":false,"id":17436585,"profile_background_image_url_https":"https://pbs.twimg.com/profile_background_images/713468741/a64544cd2cb77f731b79ccf4e0318f1c.jpeg","verified":false,"profile_location":null,"profile_image_url_https":"https://pbs.twimg.com/profile_images/430140806301626368/BMhxJcmQ_normal.jpeg","profile_sidebar_fill_color":"95E8EC","entities":{"url":{"urls":[{"url":"http://t.co/vxROGYfDGr","indices":[0,22],"expanded_url":"http://www.youtube.com/user/aprilritchey1?feature=mhee","display_url":"youtube.com/user/aprilritc…"}]},"description":{"urls":[]}},"followers_count":3741,"profile_sidebar_border_color":"FFFFFF","id_str":"17436585","profile_background_color":"00A3B8","listed_count":123,"is_translation_enabled":false,"utc_offset":-28800,"statuses_count":65867,"description":"Awakening Assistant for Humanity's Higher Self & Gaia's Rebirth :0 )\r\n\r\nLove the World and Be Free","friends_count":3332,"location":"Santa Monica","profile_link_color":"0087B8","profile_image_url":"http://pbs.twimg.com/profile_images/430140806301626368/BMhxJcmQ_normal.jpeg","following":false,"geo_enabled":true,"profile_banner_url":"https://pbs.twimg.com/profile_banners/17436585/1375480852","profile_background_image_url":"http://pbs.twimg.com/profile_background_images/713468741/a64544cd2cb77f731b79ccf4e0318f1c.jpeg","name":" April Ritchey Yoga","lang":"en","profile_background_tile":false,"favourites_count":9986,"screen_name":"aprilritchey","notifications":false,"url":"http://t.co/vxROGYfDGr","created_at":"Mon Nov 17 06:51:39 +0000 2008","contributors_enabled":false,"time_zone":"Pacific Time (US & Canada)","protected":false,"default_profile":false,"is_translator":false},"geo":null,"in_reply_to_user_id_str":"250365695","lang":"en","created_at":"Mon Dec 15 05:08:08 +0000 2014","in_reply_to_status_id_str":"544357947845791744","place":null},
{"contributors":null,"truncated":false,"text":"@aprilritchey @censorednewsnow yes ! now !","in_reply_to_status_id":544358223445106690,"id":544358548868587520,"favorite_count":1,"source":"<a href=\"http://twitter.com/download/iphone\" rel=\"nofollow\">Twitter for iPhone</a>","retweeted":false,"coordinates":null,"entities":{"symbols":[],"user_mentions":[{"id":17436585,"indices":[0,13],"id_str":"17436585","screen_name":"aprilritchey","name":" April Ritchey Yoga"},{"id":250365695,"indices":[14,30],"id_str":"250365695","screen_name":"censorednewsnow","name":"censorednewsnow.com"}],"hashtags":[],"urls":[]},"in_reply_to_screen_name":"aprilritchey","id_str":"544358548868587520","retweet_count":1,"in_reply_to_user_id":17436585,"favorited":false,"user":{"follow_request_sent":false,"profile_use_background_image":true,"profile_text_color":"333333","default_profile_image":false,"id":1953257431,"profile_background_image_url_https":"https://abs.twimg.com/images/themes/theme1/bg.png","verified":false,"profile_location":null,"profile_image_url_https":"https://pbs.twimg.com/profile_images/510950456026079232/GWeewGW__normal.jpeg","profile_sidebar_fill_color":"DDEEF6","entities":{"description":{"urls":[]}},"followers_count":257,"profile_sidebar_border_color":"C0DEED","id_str":"1953257431","profile_background_color":"C0DEED","listed_count":3,"is_translation_enabled":false,"utc_offset":-25200,"statuses_count":4612,"description":"Positive changes are coming that will change our reality for the better of all of us.","friends_count":191,"location":"","profile_link_color":"0084B4","profile_image_url":"http://pbs.twimg.com/profile_images/510950456026079232/GWeewGW__normal.jpeg","following":false,"geo_enabled":false,"profile_banner_url":"https://pbs.twimg.com/profile_banners/1953257431/1410655483","profile_background_image_url":"http://abs.twimg.com/images/themes/theme1/bg.png","name":"Lightworker2014","lang":"en","profile_background_tile":false,"favourites_count":2772,"screen_name":"Starseed2014","notifications":false,"url":null,"created_at":"Fri Oct 11 03:43:58 +0000 2013","contributors_enabled":false,"time_zone":"Arizona","protected":false,"default_profile":true,"is_translator":false},"geo":null,"in_reply_to_user_id_str":"17436585","lang":"en","created_at":"Mon Dec 15 05:09:26 +0000 2014","in_reply_to_status_id_str":"544358223445106690","place":null},
{"contributors":null,"truncated":false,"text":"@censorednewsnow @Starseed2014 REPTILIANS!!!!","in_reply_to_status_id":544357947845791744,"id":544360226665689088,"favorite_count":2,"source":"<a href=\"http://twitter.com\" rel=\"nofollow\">Twitter Web Client</a>","retweeted":false,"coordinates":null,"entities":{"symbols":[],"user_mentions":[{"id":250365695,"indices":[0,16],"id_str":"250365695","screen_name":"censorednewsnow","name":"censorednewsnow.com"},{"id":1953257431,"indices":[17,30],"id_str":"1953257431","screen_name":"Starseed2014","name":"Lightworker2014"}],"hashtags":[],"urls":[]},"in_reply_to_screen_name":"censorednewsnow","id_str":"544360226665689088","retweet_count":1,"in_reply_to_user_id":250365695,"favorited":false,"user":{"follow_request_sent":false,"profile_use_background_image":true,"profile_text_color":"3C3940","default_profile_image":false,"id":17436585,"profile_background_image_url_https":"https://pbs.twimg.com/profile_background_images/713468741/a64544cd2cb77f731b79ccf4e0318f1c.jpeg","verified":false,"profile_location":null,"profile_image_url_https":"https://pbs.twimg.com/profile_images/430140806301626368/BMhxJcmQ_normal.jpeg","profile_sidebar_fill_color":"95E8EC","entities":{"url":{"urls":[{"url":"http://t.co/vxROGYfDGr","indices":[0,22],"expanded_url":"http://www.youtube.com/user/aprilritchey1?feature=mhee","display_url":"youtube.com/user/aprilritc…"}]},"description":{"urls":[]}},"followers_count":3741,"profile_sidebar_border_color":"FFFFFF","id_str":"17436585","profile_background_color":"00A3B8","listed_count":123,"is_translation_enabled":false,"utc_offset":-28800,"statuses_count":65867,"description":"Awakening Assistant for Humanity's Higher Self & Gaia's Rebirth :0 )\r\n\r\nLove the World and Be Free","friends_count":3332,"location":"Santa Monica","profile_link_color":"0087B8","profile_image_url":"http://pbs.twimg.com/profile_images/430140806301626368/BMhxJcmQ_normal.jpeg","following":false,"geo_enabled":true,"profile_banner_url":"https://pbs.twimg.com/profile_banners/17436585/1375480852","profile_background_image_url":"http://pbs.twimg.com/profile_background_images/713468741/a64544cd2cb77f731b79ccf4e0318f1c.jpeg","name":" April Ritchey Yoga","lang":"en","profile_background_tile":false,"favourites_count":9986,"screen_name":"aprilritchey","notifications":false,"url":"http://t.co/vxROGYfDGr","created_at":"Mon Nov 17 06:51:39 +0000 2008","contributors_enabled":false,"time_zone":"Pacific Time (US & Canada)","protected":false,"default_profile":false,"is_translator":false},"geo":null,"in_reply_to_user_id_str":"250365695","lang":"en","created_at":"Mon Dec 15 05:16:06 +0000 2014","in_reply_to_status_id_str":"544357947845791744","place":null},
{"contributors":null,"truncated":false,"text":"@denhamsadler \"special 2pm edition\"","in_reply_to_status_id":544345465311879170,"id":544361401964191744,"favorite_count":0,"source":"<a href=\"http://twitter.com\" rel=\"nofollow\">Twitter Web Client</a>","retweeted":false,"coordinates":null,"entities":{"symbols":[],"user_mentions":[{"id":489336004,"indices":[0,13],"id_str":"489336004","screen_name":"denhamsadler","name":"Denham Sadler"}],"hashtags":[],"urls":[]},"in_reply_to_screen_name":"denhamsadler","id_str":"544361401964191744","retweet_count":0,"in_reply_to_user_id":489336004,"favorited":false,"user":{"follow_request_sent":false,"profile_use_background_image":true,"profile_text_color":"333333","default_profile_image":false,"id":2897439499,"profile_background_image_url_https":"https://abs.twimg.com/images/themes/theme1/bg.png","verified":false,"profile_location":null,"profile_image_url_https":"https://pbs.twimg.com/profile_images/532478803386200064/viBQZ-2v_normal.jpeg","profile_sidebar_fill_color":"DDEEF6","entities":{"description":{"urls":[]}},"followers_count":24,"profile_sidebar_border_color":"C0DEED","id_str":"2897439499","profile_background_color":"C0DEED","listed_count":0,"is_translation_enabled":false,"utc_offset":39600,"statuses_count":235,"description":"Detective, model minority, moderately inebriated","friends_count":213,"location":"Sydney","profile_link_color":"0084B4","profile_image_url":"http://pbs.twimg.com/profile_images/532478803386200064/viBQZ-2v_normal.jpeg","following":false,"geo_enabled":false,"profile_background_image_url":"http://abs.twimg.com/images/themes/theme1/bg.png","name":"Amazing Chan","lang":"en","profile_background_tile":false,"favourites_count":16,"screen_name":"DetectiveCChan","notifications":false,"url":null,"created_at":"Wed Nov 12 10:21:58 +0000 2014","contributors_enabled":false,"time_zone":"Solomon Is.","protected":false,"default_profile":true,"is_translator":false},"geo":null,"in_reply_to_user_id_str":"489336004","lang":"en","created_at":"Mon Dec 15 05:20:46 +0000 2014","in_reply_to_status_id_str":"544345465311879170","place":null},
{"contributors":null,"truncated":false,"text":"((BREAKING)) #SYDNEYSIEGE 13 HOSTAGES 13 http://t.co/OU6X9dWqgw #AUSSIE ASCENSION 77 #OpMASON GG #THEWHITERABBIT @aprilritchey @Starseed2014","in_reply_to_status_id":544358223445106690,"id":544364020220719104,"favorite_count":1,"source":"<a href=\"http://twitter.com\" rel=\"nofollow\">Twitter Web Client</a>","retweeted":false,"coordinates":null,"entities":{"symbols":[],"user_mentions":[{"id":17436585,"indices":[113,126],"id_str":"17436585","screen_name":"aprilritchey","name":" April Ritchey Yoga"},{"id":1953257431,"indices":[127,140],"id_str":"1953257431","screen_name":"Starseed2014","name":"Lightworker2014"}],"hashtags":[{"indices":[13,25],"text":"SYDNEYSIEGE"},{"indices":[64,71],"text":"AUSSIE"},{"indices":[85,93],"text":"OpMASON"},{"indices":[97,112],"text":"THEWHITERABBIT"}],"urls":[{"url":"http://t.co/OU6X9dWqgw","indices":[41,63],"expanded_url":"http://cur.lv/gm60l","display_url":"cur.lv/gm60l"}]},"in_reply_to_screen_name":"aprilritchey","id_str":"544364020220719104","retweet_count":2,"in_reply_to_user_id":17436585,"favorited":false,"user":{"follow_request_sent":false,"profile_use_background_image":true,"profile_text_color":"FFFFFF","default_profile_image":false,"id":250365695,"profile_background_image_url_https":"https://pbs.twimg.com/profile_background_images/204204148/cnn.twitter.tsnebulosas.004.v.1.jpg","verified":false,"profile_location":null,"profile_image_url_https":"https://pbs.twimg.com/profile_images/535828113737777152/A8-aN5wM_normal.jpeg","profile_sidebar_fill_color":"03010A","entities":{"url":{"urls":[{"url":"http://t.co/LHZFKUkrqs","indices":[0,22],"expanded_url":"http://censorednewsnow.com","display_url":"censorednewsnow.com"}]},"description":{"urls":[]}},"followers_count":16025,"profile_sidebar_border_color":"FFFFFF","id_str":"250365695","profile_background_color":"1A1B1F","listed_count":438,"is_translation_enabled":false,"utc_offset":0,"statuses_count":606214,"description":"URGENT paypal 2  donations@occupythebanks.com BTC; 1KH1c8F1frwPZKKy14XtJ5eFBkKp6bHR5J Censored News, Views, Documentaries, Lectures, Talks & Mor! #IAmStillHere","friends_count":13655,"location":"use #CENSOREDNEWSNOW","profile_link_color":"0D21A6","profile_image_url":"http://pbs.twimg.com/profile_images/535828113737777152/A8-aN5wM_normal.jpeg","following":false,"geo_enabled":false,"profile_banner_url":"https://pbs.twimg.com/profile_banners/250365695/1354350530","profile_background_image_url":"http://pbs.twimg.com/profile_background_images/204204148/cnn.twitter.tsnebulosas.004.v.1.jpg","name":"censorednewsnow.com","lang":"en","profile_background_tile":true,"favourites_count":45473,"screen_name":"censorednewsnow","notifications":false,"url":"http://t.co/LHZFKUkrqs","created_at":"Thu Feb 10 23:26:18 +0000 2011","contributors_enabled":false,"time_zone":"London","protected":false,"default_profile":false,"is_translator":false},"geo":null,"in_reply_to_user_id_str":"17436585","possibly_sensitive":true,"lang":"en","created_at":"Mon Dec 15 05:31:10 +0000 2014","in_reply_to_status_id_str":"544358223445106690","place":null},
{"contributors":null,"truncated":false,"text":"@censorednewsnow @Starseed2014 they said 50 what happen to the rest???","in_reply_to_status_id":544364020220719104,"id":544364429278576640,"favorite_count":0,"source":"<a href=\"http://twitter.com/download/iphone\" rel=\"nofollow\">Twitter for iPhone</a>","retweeted":false,"coordinates":null,"entities":{"symbols":[],"user_mentions":[{"id":250365695,"indices":[0,16],"id_str":"250365695","screen_name":"censorednewsnow","name":"censorednewsnow.com"},{"id":1953257431,"indices":[17,30],"id_str":"1953257431","screen_name":"Starseed2014","name":"Lightworker2014"}],"hashtags":[],"urls":[]},"in_reply_to_screen_name":"censorednewsnow","id_str":"544364429278576640","retweet_count":0,"in_reply_to_user_id":250365695,"favorited":false,"user":{"follow_request_sent":false,"profile_use_background_image":true,"profile_text_color":"3C3940","default_profile_image":false,"id":17436585,"profile_background_image_url_https":"https://pbs.twimg.com/profile_background_images/713468741/a64544cd2cb77f731b79ccf4e0318f1c.jpeg","verified":false,"profile_location":null,"profile_image_url_https":"https://pbs.twimg.com/profile_images/430140806301626368/BMhxJcmQ_normal.jpeg","profile_sidebar_fill_color":"95E8EC","entities":{"url":{"urls":[{"url":"http://t.co/vxROGYfDGr","indices":[0,22],"expanded_url":"http://www.youtube.com/user/aprilritchey1?feature=mhee","display_url":"youtube.com/user/aprilritc…"}]},"description":{"urls":[]}},"followers_count":3741,"profile_sidebar_border_color":"FFFFFF","id_str":"17436585","profile_background_color":"00A3B8","listed_count":123,"is_translation_enabled":false,"utc_offset":-28800,"statuses_count":65867,"description":"Awakening Assistant for Humanity's Higher Self & Gaia's Rebirth :0 )\r\n\r\nLove the World and Be Free","friends_count":3332,"location":"Santa Monica","profile_link_color":"0087B8","profile_image_url":"http://pbs.twimg.com/profile_images/430140806301626368/BMhxJcmQ_normal.jpeg","following":false,"geo_enabled":true,"profile_banner_url":"https://pbs.twimg.com/profile_banners/17436585/1375480852","profile_background_image_url":"http://pbs.twimg.com/profile_background_images/713468741/a64544cd2cb77f731b79ccf4e0318f1c.jpeg","name":" April Ritchey Yoga","lang":"en","profile_background_tile":false,"favourites_count":9986,"screen_name":"aprilritchey","notifications":false,"url":"http://t.co/vxROGYfDGr","created_at":"Mon Nov 17 06:51:39 +0000 2008","contributors_enabled":false,"time_zone":"Pacific Time (US & Canada)","protected":false,"default_profile":false,"is_translator":false},"geo":null,"in_reply_to_user_id_str":"250365695","lang":"en","created_at":"Mon Dec 15 05:32:48 +0000 2014","in_reply_to_status_id_str":"544364020220719104","place":null},
{"contributors":null,"truncated":false,"text":"UPDATED #SYDNEYSIEGE 13 http://t.co/OU6X9dWqgw  #ASCENSION 77 #OpMASON GG #THEWHITERABBIT MASON http://t.co/A1RP2ms2mm @aprilritchey","in_reply_to_status_id":544364429278576640,"id":544368963283451905,"favorite_count":0,"source":"<a href=\"http://twitter.com\" rel=\"nofollow\">Twitter Web Client</a>","retweeted":false,"coordinates":null,"entities":{"symbols":[],"user_mentions":[{"id":17436585,"indices":[119,132],"id_str":"17436585","screen_name":"aprilritchey","name":" April Ritchey Yoga"}],"hashtags":[{"indices":[8,20],"text":"SYDNEYSIEGE"},{"indices":[48,58],"text":"ASCENSION"},{"indices":[62,70],"text":"OpMASON"},{"indices":[74,89],"text":"THEWHITERABBIT"}],"urls":[{"url":"http://t.co/OU6X9dWqgw","indices":[24,46],"expanded_url":"http://cur.lv/gm60l","display_url":"cur.lv/gm60l"}],"media":[{"source_user_id":250365695,"source_status_id_str":"544365373890387968","expanded_url":"http://twitter.com/censorednewsnow/status/544365373890387968/photo/1","display_url":"pic.twitter.com/A1RP2ms2mm","url":"http://t.co/A1RP2ms2mm","media_url_https":"https://pbs.twimg.com/media/B435alUCAAA77E3.jpg","source_user_id_str":"250365695","source_status_id":544365373890387968,"id_str":"544365365069742080","sizes":{"large":{"h":337,"resize":"fit","w":599},"small":{"h":191,"resize":"fit","w":340},"medium":{"h":337,"resize":"fit","w":599},"thumb":{"h":150,"resize":"crop","w":150}},"indices":[96,118],"type":"photo","id":544365365069742080,"media_url":"http://pbs.twimg.com/media/B435alUCAAA77E3.jpg"}]},"in_reply_to_screen_name":"aprilritchey","id_str":"544368963283451905","retweet_count":1,"in_reply_to_user_id":17436585,"favorited":false,"user":{"follow_request_sent":false,"profile_use_background_image":true,"profile_text_color":"FFFFFF","default_profile_image":false,"id":250365695,"profile_background_image_url_https":"https://pbs.twimg.com/profile_background_images/204204148/cnn.twitter.tsnebulosas.004.v.1.jpg","verified":false,"profile_location":null,"profile_image_url_https":"https://pbs.twimg.com/profile_images/535828113737777152/A8-aN5wM_normal.jpeg","profile_sidebar_fill_color":"03010A","entities":{"url":{"urls":[{"url":"http://t.co/LHZFKUkrqs","indices":[0,22],"expanded_url":"http://censorednewsnow.com","display_url":"censorednewsnow.com"}]},"description":{"urls":[]}},"followers_count":16027,"profile_sidebar_border_color":"FFFFFF","id_str":"250365695","profile_background_color":"1A1B1F","listed_count":438,"is_translation_enabled":false,"utc_offset":0,"statuses_count":606961,"description":"URGENT paypal 2  donations@occupythebanks.com BTC; 1KH1c8F1frwPZKKy14XtJ5eFBkKp6bHR5J Censored News, Views, Documentaries, Lectures, Talks & Mor! #IAmStillHere","friends_count":13656,"location":"use #CENSOREDNEWSNOW","profile_link_color":"0D21A6","profile_image_url":"http://pbs.twimg.com/profile_images/535828113737777152/A8-aN5wM_normal.jpeg","following":false,"geo_enabled":false,"profile_banner_url":"https://pbs.twimg.com/profile_banners/250365695/1354350530","profile_background_image_url":"http://pbs.twimg.com/profile_background_images/204204148/cnn.twitter.tsnebulosas.004.v.1.jpg","name":"censorednewsnow.com","lang":"en","profile_background_tile":true,"favourites_count":45485,"screen_name":"censorednewsnow","notifications":false,"url":"http://t.co/LHZFKUkrqs","created_at":"Thu Feb 10 23:26:18 +0000 2011","contributors_enabled":false,"time_zone":"London","protected":false,"default_profile":false,"is_translator":false},"geo":null,"in_reply_to_user_id_str":"17436585","possibly_sensitive":true,"lang":"en","created_at":"Mon Dec 15 05:50:49 +0000 2014","in_reply_to_status_id_str":"544364429278576640","place":null,"extended_entities":{"media":[{"source_user_id":250365695,"source_status_id_str":"544365373890387968","expanded_url":"http://twitter.com/censorednewsnow/status/544365373890387968/photo/1","display_url":"pic.twitter.com/A1RP2ms2mm","url":"http://t.co/A1RP2ms2mm","media_url_https":"https://pbs.twimg.com/media/B435alUCAAA77E3.jpg","source_user_id_str":"250365695","source_status_id":544365373890387968,"id_str":"544365365069742080","sizes":{"large":{"h":337,"resize":"fit","w":599},"small":{"h":191,"resize":"fit","w":340},"medium":{"h":337,"resize":"fit","w":599},"thumb":{"h":150,"resize":"crop","w":150}},"indices":[96,118],"type":"photo","id":544365365069742080,"media_url":"http://pbs.twimg.com/media/B435alUCAAA77E3.jpg"},{"source_user_id":250365695,"source_status_id_str":"544365373890387968","expanded_url":"http://twitter.com/censorednewsnow/status/544365373890387968/photo/1","display_url":"pic.twitter.com/A1RP2ms2mm","url":"http://t.co/A1RP2ms2mm","media_url_https":"https://pbs.twimg.com/media/B435bCoCcAAL-3v.png","source_user_id_str":"250365695","source_status_id":544365373890387968,"id_str":"544365372938285056","sizes":{"large":{"h":560,"resize":"fit","w":427},"small":{"h":445,"resize":"fit","w":340},"medium":{"h":560,"resize":"fit","w":427},"thumb":{"h":150,"resize":"crop","w":150}},"indices":[96,118],"type":"photo","id":544365372938285056,"media_url":"http://pbs.twimg.com/media/B435bCoCcAAL-3v.png"}]}},
{"contributors":null,"truncated":false,"text":"All Time Page Views\n\n4,005,579\n @aprilritchey Soon have 'em dealt with :) @Starseed2014","in_reply_to_status_id":544360226665689088,"id":544371378124627968,"favorite_count":0,"source":"<a href=\"http://twitter.com\" rel=\"nofollow\">Twitter Web Client</a>","retweeted":false,"coordinates":null,"entities":{"symbols":[],"user_mentions":[{"id":17436585,"indices":[32,45],"id_str":"17436585","screen_name":"aprilritchey","name":" April Ritchey Yoga"},{"id":1953257431,"indices":[74,87],"id_str":"1953257431","screen_name":"Starseed2014","name":"Lightworker2014"}],"hashtags":[],"urls":[]},"in_reply_to_screen_name":"aprilritchey","id_str":"544371378124627968","retweet_count":1,"in_reply_to_user_id":17436585,"favorited":false,"user":{"follow_request_sent":false,"profile_use_background_image":true,"profile_text_color":"FFFFFF","default_profile_image":false,"id":250365695,"profile_background_image_url_https":"https://pbs.twimg.com/profile_background_images/204204148/cnn.twitter.tsnebulosas.004.v.1.jpg","verified":false,"profile_location":null,"profile_image_url_https":"https://pbs.twimg.com/profile_images/535828113737777152/A8-aN5wM_normal.jpeg","profile_sidebar_fill_color":"03010A","entities":{"url":{"urls":[{"url":"http://t.co/LHZFKUkrqs","indices":[0,22],"expanded_url":"http://censorednewsnow.com","display_url":"censorednewsnow.com"}]},"description":{"urls":[]}},"followers_count":16027,"profile_sidebar_border_color":"FFFFFF","id_str":"250365695","profile_background_color":"1A1B1F","listed_count":438,"is_translation_enabled":false,"utc_offset":0,"statuses_count":606961,"description":"URGENT paypal 2  donations@occupythebanks.com BTC; 1KH1c8F1frwPZKKy14XtJ5eFBkKp6bHR5J Censored News, Views, Documentaries, Lectures, Talks & Mor! #IAmStillHere","friends_count":13656,"location":"use #CENSOREDNEWSNOW","profile_link_color":"0D21A6","profile_image_url":"http://pbs.twimg.com/profile_images/535828113737777152/A8-aN5wM_normal.jpeg","following":false,"geo_enabled":false,"profile_banner_url":"https://pbs.twimg.com/profile_banners/250365695/1354350530","profile_background_image_url":"http://pbs.twimg.com/profile_background_images/204204148/cnn.twitter.tsnebulosas.004.v.1.jpg","name":"censorednewsnow.com","lang":"en","profile_background_tile":true,"favourites_count":45485,"screen_name":"censorednewsnow","notifications":false,"url":"http://t.co/LHZFKUkrqs","created_at":"Thu Feb 10 23:26:18 +0000 2011","contributors_enabled":false,"time_zone":"London","protected":false,"default_profile":false,"is_translator":false},"geo":null,"in_reply_to_user_id_str":"17436585","lang":"en","created_at":"Mon Dec 15 06:00:25 +0000 2014","in_reply_to_status_id_str":"544360226665689088","place":null},
{"contributors":null,"truncated":false,"text":"mor VVVVVVVVVVVVRRRRRRRRRRRRRROOOOOOOOOOOOOOOOOOOOOOOOOOOOOM @aprilritchey :) :) V @Starseed2014","in_reply_to_status_id":544360226665689088,"id":544371503060361216,"favorite_count":0,"source":"<a href=\"http://twitter.com\" rel=\"nofollow\">Twitter Web Client</a>","retweeted":false,"coordinates":null,"entities":{"symbols":[],"user_mentions":[{"id":17436585,"indices":[61,74],"id_str":"17436585","screen_name":"aprilritchey","name":" April Ritchey Yoga"},{"id":1953257431,"indices":[83,96],"id_str":"1953257431","screen_name":"Starseed2014","name":"Lightworker2014"}],"hashtags":[],"urls":[]},"in_reply_to_screen_name":"aprilritchey","id_str":"544371503060361216","retweet_count":1,"in_reply_to_user_id":17436585,"favorited":false,"user":{"follow_request_sent":false,"profile_use_background_image":true,"profile_text_color":"FFFFFF","default_profile_image":false,"id":250365695,"profile_background_image_url_https":"https://pbs.twimg.com/profile_background_images/204204148/cnn.twitter.tsnebulosas.004.v.1.jpg","verified":false,"profile_location":null,"profile_image_url_https":"https://pbs.twimg.com/profile_images/535828113737777152/A8-aN5wM_normal.jpeg","profile_sidebar_fill_color":"03010A","entities":{"url":{"urls":[{"url":"http://t.co/LHZFKUkrqs","indices":[0,22],"expanded_url":"http://censorednewsnow.com","display_url":"censorednewsnow.com"}]},"description":{"urls":[]}},"followers_count":16027,"profile_sidebar_border_color":"FFFFFF","id_str":"250365695","profile_background_color":"1A1B1F","listed_count":438,"is_translation_enabled":false,"utc_offset":0,"statuses_count":606961,"description":"URGENT paypal 2  donations@occupythebanks.com BTC; 1KH1c8F1frwPZKKy14XtJ5eFBkKp6bHR5J Censored News, Views, Documentaries, Lectures, Talks & Mor! #IAmStillHere","friends_count":13656,"location":"use #CENSOREDNEWSNOW","profile_link_color":"0D21A6","profile_image_url":"http://pbs.twimg.com/profile_images/535828113737777152/A8-aN5wM_normal.jpeg","following":false,"geo_enabled":false,"profile_banner_url":"https://pbs.twimg.com/profile_banners/250365695/1354350530","profile_background_image_url":"http://pbs.twimg.com/profile_background_images/204204148/cnn.twitter.tsnebulosas.004.v.1.jpg","name":"censorednewsnow.com","lang":"en","profile_background_tile":true,"favourites_count":45485,"screen_name":"censorednewsnow","notifications":false,"url":"http://t.co/LHZFKUkrqs","created_at":"Thu Feb 10 23:26:18 +0000 2011","contributors_enabled":false,"time_zone":"London","protected":false,"default_profile":false,"is_translator":false},"geo":null,"in_reply_to_user_id_str":"17436585","lang":"nl","created_at":"Mon Dec 15 06:00:54 +0000 2014","in_reply_to_status_id_str":"544360226665689088","place":null},
{"contributors":null,"truncated":false,"text":"#OccupyTheBanks Let's Roll!: USA  HUGE #XMAS USA Let's ROLL!! #SAVINGS http://t.co/CSiiSxkVYp #ad  @aprilritchey @Starseed2014","in_reply_to_status_id":544360226665689088,"id":544371853234417665,"favorite_count":0,"source":"<a href=\"http://twitter.com\" rel=\"nofollow\">Twitter Web Client</a>","retweeted":false,"coordinates":null,"entities":{"symbols":[],"user_mentions":[{"id":17436585,"indices":[99,112],"id_str":"17436585","screen_name":"aprilritchey","name":" April Ritchey Yoga"},{"id":1953257431,"indices":[113,126],"id_str":"1953257431","screen_name":"Starseed2014","name":"Lightworker2014"}],"hashtags":[{"indices":[0,15],"text":"OccupyTheBanks"},{"indices":[39,44],"text":"XMAS"},{"indices":[62,70],"text":"SAVINGS"},{"indices":[94,97],"text":"ad"}],"urls":[{"url":"http://t.co/CSiiSxkVYp","indices":[71,93],"expanded_url":"http://www.occupythebanks.com/2014/11/biggest-page-of-black-friday-huge.html","display_url":"occupythebanks.com/2014/11/bigges…"}]},"in_reply_to_screen_name":"aprilritchey","id_str":"544371853234417665","retweet_count":1,"in_reply_to_user_id":17436585,"favorited":false,"user":{"follow_request_sent":false,"profile_use_background_image":true,"profile_text_color":"FFFFFF","default_profile_image":false,"id":250365695,"profile_background_image_url_https":"https://pbs.twimg.com/profile_background_images/204204148/cnn.twitter.tsnebulosas.004.v.1.jpg","verified":false,"profile_location":null,"profile_image_url_https":"https://pbs.twimg.com/profile_images/535828113737777152/A8-aN5wM_normal.jpeg","profile_sidebar_fill_color":"03010A","entities":{"url":{"urls":[{"url":"http://t.co/LHZFKUkrqs","indices":[0,22],"expanded_url":"http://censorednewsnow.com","display_url":"censorednewsnow.com"}]},"description":{"urls":[]}},"followers_count":16027,"profile_sidebar_border_color":"FFFFFF","id_str":"250365695","profile_background_color":"1A1B1F","listed_count":438,"is_translation_enabled":false,"utc_offset":0,"statuses_count":606961,"description":"URGENT paypal 2  donations@occupythebanks.com BTC; 1KH1c8F1frwPZKKy14XtJ5eFBkKp6bHR5J Censored News, Views, Documentaries, Lectures, Talks & Mor! #IAmStillHere","friends_count":13656,"location":"use #CENSOREDNEWSNOW","profile_link_color":"0D21A6","profile_image_url":"http://pbs.twimg.com/profile_images/535828113737777152/A8-aN5wM_normal.jpeg","following":false,"geo_enabled":false,"profile_banner_url":"https://pbs.twimg.com/profile_banners/250365695/1354350530","profile_background_image_url":"http://pbs.twimg.com/profile_background_images/204204148/cnn.twitter.tsnebulosas.004.v.1.jpg","name":"censorednewsnow.com","lang":"en","profile_background_tile":true,"favourites_count":45485,"screen_name":"censorednewsnow","notifications":false,"url":"http://t.co/LHZFKUkrqs","created_at":"Thu Feb 10 23:26:18 +0000 2011","contributors_enabled":false,"time_zone":"London","protected":false,"default_profile":false,"is_translator":false},"geo":null,"in_reply_to_user_id_str":"17436585","possibly_sensitive":true,"lang":"en","created_at":"Mon Dec 15 06:02:18 +0000 2014","in_reply_to_status_id_str":"544360226665689088","place":null},
{"contributors":null,"truncated":false,"text":"time 4 fun here on earth again @aprilritchey @Starseed2014","in_reply_to_status_id":544360226665689088,"id":544371911807873024,"favorite_count":0,"source":"<a href=\"http://twitter.com\" rel=\"nofollow\">Twitter Web Client</a>","retweeted":false,"coordinates":null,"entities":{"symbols":[],"user_mentions":[{"id":17436585,"indices":[31,44],"id_str":"17436585","screen_name":"aprilritchey","name":" April Ritchey Yoga"},{"id":1953257431,"indices":[45,58],"id_str":"1953257431","screen_name":"Starseed2014","name":"Lightworker2014"}],"hashtags":[],"urls":[]},"in_reply_to_screen_name":"aprilritchey","id_str":"544371911807873024","retweet_count":1,"in_reply_to_user_id":17436585,"favorited":false,"user":{"follow_request_sent":false,"profile_use_background_image":true,"profile_text_color":"FFFFFF","default_profile_image":false,"id":250365695,"profile_background_image_url_https":"https://pbs.twimg.com/profile_background_images/204204148/cnn.twitter.tsnebulosas.004.v.1.jpg","verified":false,"profile_location":null,"profile_image_url_https":"https://pbs.twimg.com/profile_images/535828113737777152/A8-aN5wM_normal.jpeg","profile_sidebar_fill_color":"03010A","entities":{"url":{"urls":[{"url":"http://t.co/LHZFKUkrqs","indices":[0,22],"expanded_url":"http://censorednewsnow.com","display_url":"censorednewsnow.com"}]},"description":{"urls":[]}},"followers_count":16027,"profile_sidebar_border_color":"FFFFFF","id_str":"250365695","profile_background_color":"1A1B1F","listed_count":438,"is_translation_enabled":false,"utc_offset":0,"statuses_count":606961,"description":"URGENT paypal 2  donations@occupythebanks.com BTC; 1KH1c8F1frwPZKKy14XtJ5eFBkKp6bHR5J Censored News, Views, Documentaries, Lectures, Talks & Mor! #IAmStillHere","friends_count":13656,"location":"use #CENSOREDNEWSNOW","profile_link_color":"0D21A6","profile_image_url":"http://pbs.twimg.com/profile_images/535828113737777152/A8-aN5wM_normal.jpeg","following":false,"geo_enabled":false,"profile_banner_url":"https://pbs.twimg.com/profile_banners/250365695/1354350530","profile_background_image_url":"http://pbs.twimg.com/profile_background_images/204204148/cnn.twitter.tsnebulosas.004.v.1.jpg","name":"censorednewsnow.com","lang":"en","profile_background_tile":true,"favourites_count":45485,"screen_name":"censorednewsnow","notifications":false,"url":"http://t.co/LHZFKUkrqs","created_at":"Thu Feb 10 23:26:18 +0000 2011","contributors_enabled":false,"time_zone":"London","protected":false,"default_profile":false,"is_translator":false},"geo":null,"in_reply_to_user_id_str":"17436585","lang":"en","created_at":"Mon Dec 15 06:02:32 +0000 2014","in_reply_to_status_id_str":"544360226665689088","place":null},
{"contributors":null,"truncated":false,"text":"@censorednewsnow @Starseed2014 expose the lizards!!!!","in_reply_to_status_id":544371911807873024,"id":544372057471844352,"favorite_count":0,"source":"<a href=\"http://twitter.com/download/iphone\" rel=\"nofollow\">Twitter for iPhone</a>","retweeted":false,"coordinates":null,"entities":{"symbols":[],"user_mentions":[{"id":250365695,"indices":[0,16],"id_str":"250365695","screen_name":"censorednewsnow","name":"censorednewsnow.com"},{"id":1953257431,"indices":[17,30],"id_str":"1953257431","screen_name":"Starseed2014","name":"Lightworker2014"}],"hashtags":[],"urls":[]},"in_reply_to_screen_name":"censorednewsnow","id_str":"544372057471844352","retweet_count":1,"in_reply_to_user_id":250365695,"favorited":false,"user":{"follow_request_sent":false,"profile_use_background_image":true,"profile_text_color":"3C3940","default_profile_image":false,"id":17436585,"profile_background_image_url_https":"https://pbs.twimg.com/profile_background_images/713468741/a64544cd2cb77f731b79ccf4e0318f1c.jpeg","verified":false,"profile_location":null,"profile_image_url_https":"https://pbs.twimg.com/profile_images/430140806301626368/BMhxJcmQ_normal.jpeg","profile_sidebar_fill_color":"95E8EC","entities":{"url":{"urls":[{"url":"http://t.co/vxROGYfDGr","indices":[0,22],"expanded_url":"http://www.youtube.com/user/aprilritchey1?feature=mhee","display_url":"youtube.com/user/aprilritc…"}]},"description":{"urls":[]}},"followers_count":3742,"profile_sidebar_border_color":"FFFFFF","id_str":"17436585","profile_background_color":"00A3B8","listed_count":123,"is_translation_enabled":false,"utc_offset":-28800,"statuses_count":66052,"description":"Awakening Assistant for Humanity's Higher Self & Gaia's Rebirth :0 )\r\n\r\nLove the World and Be Free","friends_count":3331,"location":"Santa Monica","profile_link_color":"0087B8","profile_image_url":"http://pbs.twimg.com/profile_images/430140806301626368/BMhxJcmQ_normal.jpeg","following":false,"geo_enabled":true,"profile_banner_url":"https://pbs.twimg.com/profile_banners/17436585/1375480852","profile_background_image_url":"http://pbs.twimg.com/profile_background_images/713468741/a64544cd2cb77f731b79ccf4e0318f1c.jpeg","name":" April Ritchey Yoga","lang":"en","profile_background_tile":false,"favourites_count":10045,"screen_name":"aprilritchey","notifications":false,"url":"http://t.co/vxROGYfDGr","created_at":"Mon Nov 17 06:51:39 +0000 2008","contributors_enabled":false,"time_zone":"Pacific Time (US & Canada)","protected":false,"default_profile":false,"is_translator":false},"geo":null,"in_reply_to_user_id_str":"250365695","lang":"en","created_at":"Mon Dec 15 06:03:07 +0000 2014","in_reply_to_status_id_str":"544371911807873024","place":null},
{"contributors":null,"truncated":false,"text":"@aprilritchey @censorednewsnow http://t.co/SoILA27biC","in_reply_to_status_id":544372057471844352,"id":544374557990064130,"favorite_count":1,"source":"<a href=\"http://twitter.com/download/iphone\" rel=\"nofollow\">Twitter for iPhone</a>","retweeted":false,"coordinates":null,"entities":{"symbols":[],"user_mentions":[{"id":17436585,"indices":[0,13],"id_str":"17436585","screen_name":"aprilritchey","name":" April Ritchey Yoga"},{"id":250365695,"indices":[14,30],"id_str":"250365695","screen_name":"censorednewsnow","name":"censorednewsnow.com"}],"hashtags":[],"urls":[{"url":"http://t.co/SoILA27biC","indices":[31,53],"expanded_url":"http://m.youtube.com/watch?v=Jx8GJHz30e4","display_url":"m.youtube.com/watch?v=Jx8GJH…"}]},"in_reply_to_screen_name":"aprilritchey","id_str":"544374557990064130","retweet_count":1,"in_reply_to_user_id":17436585,"favorited":false,"user":{"follow_request_sent":false,"profile_use_background_image":true,"profile_text_color":"333333","default_profile_image":false,"id":1953257431,"profile_background_image_url_https":"https://abs.twimg.com/images/themes/theme1/bg.png","verified":false,"profile_location":null,"profile_image_url_https":"https://pbs.twimg.com/profile_images/510950456026079232/GWeewGW__normal.jpeg","profile_sidebar_fill_color":"DDEEF6","entities":{"description":{"urls":[]}},"followers_count":259,"profile_sidebar_border_color":"C0DEED","id_str":"1953257431","profile_background_color":"C0DEED","listed_count":3,"is_translation_enabled":false,"utc_offset":-25200,"statuses_count":4695,"description":"Positive changes are coming that will change our reality for the better of all of us.","friends_count":192,"location":"","profile_link_color":"0084B4","profile_image_url":"http://pbs.twimg.com/profile_images/510950456026079232/GWeewGW__normal.jpeg","following":false,"geo_enabled":false,"profile_banner_url":"https://pbs.twimg.com/profile_banners/1953257431/1410655483","profile_background_image_url":"http://abs.twimg.com/images/themes/theme1/bg.png","name":"Lightworker2014","lang":"en","profile_background_tile":false,"favourites_count":2814,"screen_name":"Starseed2014","notifications":false,"url":null,"created_at":"Fri Oct 11 03:43:58 +0000 2013","contributors_enabled":false,"time_zone":"Arizona","protected":false,"default_profile":true,"is_translator":false},"geo":null,"in_reply_to_user_id_str":"17436585","possibly_sensitive":false,"lang":"und","created_at":"Mon Dec 15 06:13:03 +0000 2014","in_reply_to_status_id_str":"544372057471844352","place":null},
{"contributors":null,"truncated":false,"text":"@aprilritchey @censorednewsnow http://t.co/02dPY3HxLw","in_reply_to_status_id":544374557990064130,"id":544374843521511425,"favorite_count":1,"source":"<a href=\"http://twitter.com/download/iphone\" rel=\"nofollow\">Twitter for iPhone</a>","retweeted":false,"coordinates":null,"entities":{"symbols":[],"user_mentions":[{"id":17436585,"indices":[0,13],"id_str":"17436585","screen_name":"aprilritchey","name":" April Ritchey Yoga"},{"id":250365695,"indices":[14,30],"id_str":"250365695","screen_name":"censorednewsnow","name":"censorednewsnow.com"}],"hashtags":[],"urls":[{"url":"http://t.co/02dPY3HxLw","indices":[31,53],"expanded_url":"http://m.youtube.com/watch?v=NOiacxndwfM","display_url":"m.youtube.com/watch?v=NOiacx…"}]},"in_reply_to_screen_name":"Starseed2014","id_str":"544374843521511425","retweet_count":1,"in_reply_to_user_id":1953257431,"favorited":false,"user":{"follow_request_sent":false,"profile_use_background_image":true,"profile_text_color":"333333","default_profile_image":false,"id":1953257431,"profile_background_image_url_https":"https://abs.twimg.com/images/themes/theme1/bg.png","verified":false,"profile_location":null,"profile_image_url_https":"https://pbs.twimg.com/profile_images/510950456026079232/GWeewGW__normal.jpeg","profile_sidebar_fill_color":"DDEEF6","entities":{"description":{"urls":[]}},"followers_count":259,"profile_sidebar_border_color":"C0DEED","id_str":"1953257431","profile_background_color":"C0DEED","listed_count":3,"is_translation_enabled":false,"utc_offset":-25200,"statuses_count":4695,"description":"Positive changes are coming that will change our reality for the better of all of us.","friends_count":192,"location":"","profile_link_color":"0084B4","profile_image_url":"http://pbs.twimg.com/profile_images/510950456026079232/GWeewGW__normal.jpeg","following":false,"geo_enabled":false,"profile_banner_url":"https://pbs.twimg.com/profile_banners/1953257431/1410655483","profile_background_image_url":"http://abs.twimg.com/images/themes/theme1/bg.png","name":"Lightworker2014","lang":"en","profile_background_tile":false,"favourites_count":2814,"screen_name":"Starseed2014","notifications":false,"url":null,"created_at":"Fri Oct 11 03:43:58 +0000 2013","contributors_enabled":false,"time_zone":"Arizona","protected":false,"default_profile":true,"is_translator":false},"geo":null,"in_reply_to_user_id_str":"1953257431","possibly_sensitive":false,"lang":"und","created_at":"Mon Dec 15 06:14:11 +0000 2014","in_reply_to_status_id_str":"544374557990064130","place":null},
{"contributors":null,"truncated":false,"text":"@aprilritchey @censorednewsnow http://t.co/Vr3ytjREHl","in_reply_to_status_id":544374843521511425,"id":544375818873368576,"favorite_count":1,"source":"<a href=\"http://twitter.com/download/iphone\" rel=\"nofollow\">Twitter for iPhone</a>","retweeted":false,"coordinates":null,"entities":{"symbols":[],"user_mentions":[{"id":17436585,"indices":[0,13],"id_str":"17436585","screen_name":"aprilritchey","name":" April Ritchey Yoga"},{"id":250365695,"indices":[14,30],"id_str":"250365695","screen_name":"censorednewsnow","name":"censorednewsnow.com"}],"hashtags":[],"urls":[{"url":"http://t.co/Vr3ytjREHl","indices":[31,53],"expanded_url":"http://m.youtube.com/watch?v=nh9MM969NCA","display_url":"m.youtube.com/watch?v=nh9MM9…"}]},"in_reply_to_screen_name":"Starseed2014","id_str":"544375818873368576","retweet_count":2,"in_reply_to_user_id":1953257431,"favorited":false,"user":{"follow_request_sent":false,"profile_use_background_image":true,"profile_text_color":"333333","default_profile_image":false,"id":1953257431,"profile_background_image_url_https":"https://abs.twimg.com/images/themes/theme1/bg.png","verified":false,"profile_location":null,"profile_image_url_https":"https://pbs.twimg.com/profile_images/510950456026079232/GWeewGW__normal.jpeg","profile_sidebar_fill_color":"DDEEF6","entities":{"description":{"urls":[]}},"followers_count":259,"profile_sidebar_border_color":"C0DEED","id_str":"1953257431","profile_background_color":"C0DEED","listed_count":3,"is_translation_enabled":false,"utc_offset":-25200,"statuses_count":4695,"description":"Positive changes are coming that will change our reality for the better of all of us.","friends_count":192,"location":"","profile_link_color":"0084B4","profile_image_url":"http://pbs.twimg.com/profile_images/510950456026079232/GWeewGW__normal.jpeg","following":false,"geo_enabled":false,"profile_banner_url":"https://pbs.twimg.com/profile_banners/1953257431/1410655483","profile_background_image_url":"http://abs.twimg.com/images/themes/theme1/bg.png","name":"Lightworker2014","lang":"en","profile_background_tile":false,"favourites_count":2814,"screen_name":"Starseed2014","notifications":false,"url":null,"created_at":"Fri Oct 11 03:43:58 +0000 2013","contributors_enabled":false,"time_zone":"Arizona","protected":false,"default_profile":true,"is_translator":false},"geo":null,"in_reply_to_user_id_str":"1953257431","possibly_sensitive":false,"lang":"und","created_at":"Mon Dec 15 06:18:03 +0000 2014","in_reply_to_status_id_str":"544374843521511425","place":null}
]