[{"contributors":null,"truncated":false,"text":"@abcnewsSydney Great coverage by the ABC. keep up the good work. Im staying tuned in to ABC 24","in_reply_to_status_id":544300361360498688,"id":544300794866970624,"favorite_count":1,"source":"<a href=\"http://twitter.com\" rel=\"nofollow\">Twitter Web Client</a>","retweeted":false,"coordinates":null,"entities":{"symbols":[],"user_mentions":[{"id":16215478,"indices":[0,14],"id_str":"16215478","screen_name":"abcnewsSydney","name":"ABC News Sydney"}],"hashtags":[],"urls":[]},"in_reply_to_screen_name":"abcnewsSydney","id_str":"544300794866970624","retweet_count":2,"in_reply_to_user_id":16215478,"favorited":false,"user":{"follow_request_sent":false,"profile_use_background_image":true,"profile_text_color":"333333","default_profile_image":false,"id":2315166895,"profile_background_image_url_https":"https://abs.twimg.com/images/themes/theme1/bg.png","verified":false,"profile_location":null,"profile_image_url_https":"https://pbs.twimg.com/profile_images/487148508017741825/lb6uIrC5_normal.jpeg","profile_sidebar_fill_color":"DDEEF6","entities":{"description":{"urls":[]}},"followers_count":21,"profile_sidebar_border_color":"C0DEED","id_str":"2315166895","profile_background_color":"C0DEED","listed_count":0,"is_translation_enabled":false,"utc_offset":null,"statuses_count":107,"description":"Leftie (Both politically and athletically)   Pro renewables, environment, truth seeker. Worshipper of Science.","friends_count":130,"location":"Sydney","profile_link_color":"0084B4","profile_image_url":"http://pbs.twimg.com/profile_images/487148508017741825/lb6uIrC5_normal.jpeg","following":false,"geo_enabled":false,"profile_banner_url":"https://pbs.twimg.com/profile_banners/2315166895/1398582228","profile_background_image_url":"http://abs.twimg.com/images/themes/theme1/bg.png","name":"Jacob Butler","lang":"en","profile_background_tile":false,"favourites_count":17,"screen_name":"YakovSyd","notifications":false,"url":null,"created_at":"Tue Jan 28 08:59:21 +0000 2014","contributors_enabled":false,"time_zone":null,"protected":false,"default_profile":true,"is_translator":false},"geo":null,"in_reply_to_user_id_str":"16215478","lang":"en","created_at":"Mon Dec 15 01:19:56 +0000 2014","in_reply_to_status_id_str":"544300361360498688","place":null},
{"contributors":null,"truncated":false,"text":"MT @abcnewsSydney: Scene of #Sydneysiege at Lindt Chocolate Cafe in #MartinPlace | Live blog: http://t.co/WPF1XDEzNj http://t.co/zHCgqUPWpS","in_reply_to_status_id":544300361360498688,"id":544301374645620736,"favorite_count":8,"source":"<a href=\"http://twitter.com/download/iphone\" rel=\"nofollow\">Twitter for iPhone</a>","retweeted":false,"coordinates":null,"entities":{"symbols":[],"user_mentions":[{"id":16215478,"indices":[3,17],"id_str":"16215478","screen_name":"abcnewsSydney","name":"ABC News Sydney"}],"hashtags":[{"indices":[28,40],"text":"Sydneysiege"},{"indices":[68,80],"text":"MartinPlace"}],"urls":[{"url":"http://t.co/WPF1XDEzNj","indices":[94,116],"expanded_url":"http://ab.co/1zmdiru","display_url":"ab.co/1zmdiru"}],"media":[{"source_user_id":16215478,"source_status_id_str":"544300361360498688","expanded_url":"http://twitter.com/abcnewsSydney/status/544300361360498688/photo/1","display_url":"pic.twitter.com/zHCgqUPWpS","url":"http://t.co/zHCgqUPWpS","media_url_https":"https://pbs.twimg.com/media/B429026CMAESe9i.jpg","source_user_id_str":"16215478","source_status_id":544300361360498688,"id_str":"544299845771472897","sizes":{"large":{"h":529,"resize":"fit","w":940},"small":{"h":191,"resize":"fit","w":340},"medium":{"h":337,"resize":"fit","w":600},"thumb":{"h":150,"resize":"crop","w":150}},"indices":[117,139],"type":"photo","id":544299845771472897,"media_url":"http://pbs.twimg.com/media/B429026CMAESe9i.jpg"}]},"in_reply_to_screen_name":"abcnewsSydney","id_str":"544301374645620736","retweet_count":35,"in_reply_to_user_id":16215478,"favorited":false,"user":{"follow_request_sent":false,"profile_use_background_image":true,"profile_text_color":"993B00","default_profile_image":false,"id":17919393,"profile_background_image_url_https":"https://pbs.twimg.com/profile_background_images/378800000065298179/401fb7906ef7620ef0d9902bc261f524.jpeg","verified":false,"profile_location":null,"profile_image_url_https":"https://pbs.twimg.com/profile_images/577785061526769665/oC4ifGmk_normal.jpeg","profile_sidebar_fill_color":"191622","entities":{"url":{"urls":[{"url":"http://t.co/RgOH9InNEv","indices":[0,22],"expanded_url":"http://stevenherman.tv","display_url":"stevenherman.tv"}]},"description":{"urls":[]}},"followers_count":35155,"profile_sidebar_border_color":"000000","id_str":"17919393","profile_background_color":"002147","listed_count":2574,"is_translation_enabled":false,"utc_offset":25200,"statuses_count":31976,"description":"Voice of America correspondent in Asia, where I've lived for 25 years. Disce quasi semper victurus vive quasi cras moriturus.","friends_count":2173,"location":"Bangkok","profile_link_color":"BB133E","profile_image_url":"http://pbs.twimg.com/profile_images/577785061526769665/oC4ifGmk_normal.jpeg","following":false,"geo_enabled":true,"profile_banner_url":"https://pbs.twimg.com/profile_banners/17919393/1398229730","profile_background_image_url":"http://pbs.twimg.com/profile_background_images/378800000065298179/401fb7906ef7620ef0d9902bc261f524.jpeg","name":"Steve Herman","lang":"en","profile_background_tile":true,"favourites_count":871,"screen_name":"W7VOA","notifications":false,"url":"http://t.co/RgOH9InNEv","created_at":"Sat Dec 06 08:56:45 +0000 2008","contributors_enabled":false,"time_zone":"Bangkok","protected":false,"default_profile":false,"is_translator":false},"geo":null,"in_reply_to_user_id_str":"16215478","possibly_sensitive":false,"lang":"en","created_at":"Mon Dec 15 01:22:15 +0000 2014","in_reply_to_status_id_str":"544300361360498688","place":null,"extended_entities":{"media":[{"source_user_id":16215478,"source_status_id_str":"544300361360498688","expanded_url":"http://twitter.com/abcnewsSydney/status/544300361360498688/photo/1","display_url":"pic.twitter.com/zHCgqUPWpS","url":"http://t.co/zHCgqUPWpS","media_url_https":"https://pbs.twimg.com/media/B429026CMAESe9i.jpg","source_user_id_str":"16215478","source_status_id":544300361360498688,"id_str":"544299845771472897","sizes":{"large":{"h":529,"resize":"fit","w":940},"small":{"h":191,"resize":"fit","w":340},"medium":{"h":337,"resize":"fit","w":600},"thumb":{"h":150,"resize":"crop","w":150}},"indices":[117,139],"type":"photo","id":544299845771472897,"media_url":"http://pbs.twimg.com/media/B429026CMAESe9i.jpg"}]}},
{"contributors":null,"truncated":false,"text":"@abcnewsSydney @_archristiansen This is awful news! Please let this end peacefully!","in_reply_to_status_id":544300361360498688,"id":544316866340986881,"favorite_count":0,"source":"<a href=\"http://twitter.com/download/android\" rel=\"nofollow\">Twitter for Android</a>","retweeted":false,"coordinates":null,"entities":{"symbols":[],"user_mentions":[{"id":16215478,"indices":[0,14],"id_str":"16215478","screen_name":"abcnewsSydney","name":"ABC News Sydney"},{"id":309365680,"indices":[15,31],"id_str":"309365680","screen_name":"_archristiansen","name":"Andrew Christiansen"}],"hashtags":[],"urls":[]},"in_reply_to_screen_name":"abcnewsSydney","id_str":"544316866340986881","retweet_count":0,"in_reply_to_user_id":16215478,"favorited":false,"user":{"follow_request_sent":false,"profile_use_background_image":true,"profile_text_color":"333333","default_profile_image":false,"id":701895396,"profile_background_image_url_https":"https://abs.twimg.com/images/themes/theme1/bg.png","verified":false,"profile_location":null,"profile_image_url_https":"https://pbs.twimg.com/profile_images/378800000488484333/9ea47180f155593a33f5207542e5d3e3_normal.png","profile_sidebar_fill_color":"DDEEF6","entities":{"description":{"urls":[]}},"followers_count":86,"profile_sidebar_border_color":"C0DEED","id_str":"701895396","profile_background_color":"C0DEED","listed_count":4,"is_translation_enabled":false,"utc_offset":null,"statuses_count":2812,"description":"Recovering workaholic, chocolate lover, football diva, gaming expert, and amateur history buff","friends_count":298,"location":"","profile_link_color":"0084B4","profile_image_url":"http://pbs.twimg.com/profile_images/378800000488484333/9ea47180f155593a33f5207542e5d3e3_normal.png","following":false,"geo_enabled":true,"profile_background_image_url":"http://abs.twimg.com/images/themes/theme1/bg.png","name":"marianne ","lang":"en","profile_background_tile":false,"favourites_count":140,"screen_name":"mscollan","notifications":false,"url":null,"created_at":"Tue Jul 17 22:31:17 +0000 2012","contributors_enabled":false,"time_zone":null,"protected":false,"default_profile":true,"is_translator":false},"geo":null,"in_reply_to_user_id_str":"16215478","lang":"en","created_at":"Mon Dec 15 02:23:48 +0000 2014","in_reply_to_status_id_str":"544300361360498688","place":null},
{"contributors":null,"truncated":false,"text":"@mscollan @abcnewsSydney lets hope so.","in_reply_to_status_id":544316866340986881,"id":544322832516513792,"favorite_count":0,"source":"<a href=\"http://twitter.com\" rel=\"nofollow\">Twitter Web Client</a>","retweeted":false,"coordinates":null,"entities":{"symbols":[],"user_mentions":[{"id":701895396,"indices":[0,9],"id_str":"701895396","screen_name":"mscollan","name":"marianne "},{"id":16215478,"indices":[10,24],"id_str":"16215478","screen_name":"abcnewsSydney","name":"ABC News Sydney"}],"hashtags":[],"urls":[]},"in_reply_to_screen_name":"mscollan","id_str":"544322832516513792","retweet_count":0,"in_reply_to_user_id":701895396,"favorited":false,"user":{"follow_request_sent":false,"profile_use_background_image":true,"profile_text_color":"0F0F0F","default_profile_image":false,"id":309365680,"profile_background_image_url_https":"https://pbs.twimg.com/profile_background_images/344511763024650995/a03a277329e1c8dbd17fc360dc9bab3c.jpeg","verified":false,"profile_location":null,"profile_image_url_https":"https://pbs.twimg.com/profile_images/550823194500665344/cqwAHBhp_normal.jpeg","profile_sidebar_fill_color":"C5D1F0","entities":{"url":{"urls":[{"url":"http://t.co/3dQWtpFyPM","indices":[0,22],"expanded_url":"http://about.me/archristiansen","display_url":"about.me/archristiansen"}]},"description":{"urls":[{"url":"http://t.co/7ER7AfX8TY","indices":[70,92],"expanded_url":"http://instagram.com/archristiansen","display_url":"instagram.com/archristiansen"}]}},"followers_count":2956,"profile_sidebar_border_color":"000000","id_str":"309365680","profile_background_color":"000000","listed_count":49,"is_translation_enabled":false,"utc_offset":-18000,"statuses_count":35430,"description":"Free Markets Entrepreneur, Photographer & Humanitarian. Love #Travel  http://t.co/7ER7AfX8TY #LostOnAnAdventure, For Politics follow me @archristiansen_","friends_count":3248,"location":"From ID, now somewhere in TN","profile_link_color":"214D04","profile_image_url":"http://pbs.twimg.com/profile_images/550823194500665344/cqwAHBhp_normal.jpeg","following":false,"geo_enabled":false,"profile_banner_url":"https://pbs.twimg.com/profile_banners/309365680/1418026042","profile_background_image_url":"http://pbs.twimg.com/profile_background_images/344511763024650995/a03a277329e1c8dbd17fc360dc9bab3c.jpeg","name":"Andrew Christiansen","lang":"en","profile_background_tile":true,"favourites_count":2994,"screen_name":"_archristiansen","notifications":false,"url":"http://t.co/3dQWtpFyPM","created_at":"Wed Jun 01 23:59:05 +0000 2011","contributors_enabled":false,"time_zone":"Eastern Time (US & Canada)","protected":false,"default_profile":false,"is_translator":false},"geo":null,"in_reply_to_user_id_str":"701895396","lang":"en","created_at":"Mon Dec 15 02:47:30 +0000 2014","in_reply_to_status_id_str":"544316866340986881","place":null}
]