[{"contributors":null,"truncated":false,"text":"@miniestmini  you be happy scroll up \"Arabic flag\" eheh loool\n@PzFeed","in_reply_to_status_id":544307776135364608,"id":544308073738031106,"favorite_count":0,"source":"<a href=\"http://twitter.com/download/android\" rel=\"nofollow\">Twitter for Android</a>","retweeted":false,"coordinates":null,"entities":{"symbols":[],"user_mentions":[{"id":568119166,"indices":[0,12],"id_str":"568119166","screen_name":"miniestmini","name":"Miنi "},{"id":292777349,"indices":[62,69],"id_str":"292777349","screen_name":"PzFeed","name":"PzFeed Top News"}],"hashtags":[],"urls":[]},"in_reply_to_screen_name":"PzFeed","id_str":"544308073738031106","retweet_count":0,"in_reply_to_user_id":292777349,"favorited":false,"user":{"follow_request_sent":false,"profile_use_background_image":true,"profile_text_color":"333333","default_profile_image":false,"id":363867827,"profile_background_image_url_https":"https://abs.twimg.com/images/themes/theme1/bg.png","verified":false,"profile_location":null,"profile_image_url_https":"https://pbs.twimg.com/profile_images/588202639088812032/1dSSRhhj_normal.jpg","profile_sidebar_fill_color":"DDEEF6","entities":{"description":{"urls":[]}},"followers_count":743,"profile_sidebar_border_color":"C0DEED","id_str":"363867827","profile_background_color":"C0DEED","listed_count":16,"is_translation_enabled":false,"utc_offset":null,"statuses_count":42298,"description":"100% Assyrian..","friends_count":575,"location":"Ottawa.Ontario.Canada","profile_link_color":"0084B4","profile_image_url":"http://pbs.twimg.com/profile_images/588202639088812032/1dSSRhhj_normal.jpg","following":false,"geo_enabled":true,"profile_banner_url":"https://pbs.twimg.com/profile_banners/363867827/1390282128","profile_background_image_url":"http://abs.twimg.com/images/themes/theme1/bg.png","name":"Sargon","lang":"en","profile_background_tile":false,"favourites_count":10683,"screen_name":"KingSargon26","notifications":false,"url":null,"created_at":"Sun Aug 28 20:37:38 +0000 2011","contributors_enabled":false,"time_zone":null,"protected":false,"default_profile":true,"is_translator":false},"geo":null,"in_reply_to_user_id_str":"292777349","lang":"en","created_at":"Mon Dec 15 01:48:52 +0000 2014","in_reply_to_status_id_str":"544307776135364608","place":null},
{"contributors":null,"truncated":false,"text":"[#SYDNEY ATTACK] \n\n-Entering 3rd hour\n-At Sydney cafe\n-50 hostages\n-2 gunmen\n-Hostages seen holding Arabic flag\n\nVia @PzFeed for the latest","in_reply_to_status_id":544307776135364608,"id":544308074245545984,"favorite_count":0,"source":"<a href=\"http://twitter.com/download/iphone\" rel=\"nofollow\">Twitter for iPhone</a>","retweeted":false,"coordinates":null,"entities":{"symbols":[],"user_mentions":[{"id":292777349,"indices":[117,124],"id_str":"292777349","screen_name":"PzFeed","name":"PzFeed Top News"}],"hashtags":[{"indices":[1,8],"text":"SYDNEY"}],"urls":[]},"in_reply_to_screen_name":"PzFeed","id_str":"544308074245545984","retweet_count":0,"in_reply_to_user_id":292777349,"favorited":false,"user":{"follow_request_sent":false,"profile_use_background_image":true,"profile_text_color":"333333","default_profile_image":false,"id":94045996,"profile_background_image_url_https":"https://pbs.twimg.com/profile_background_images/619786527/ueommr9dogodnf7y0dnw.jpeg","verified":false,"profile_location":null,"profile_image_url_https":"https://pbs.twimg.com/profile_images/555571114119012352/-tez8g66_normal.jpeg","profile_sidebar_fill_color":"EFEFEF","entities":{"url":{"urls":[{"url":"http://t.co/Io8MK28nH6","indices":[0,22],"expanded_url":"http://www.youtube.com/watch?v=GwcGpvJCc-s&feature=youtube_gdata_player","display_url":"youtube.com/watch?v=GwcGpv…"}]},"description":{"urls":[]}},"followers_count":880,"profile_sidebar_border_color":"EEEEEE","id_str":"94045996","profile_background_color":"2C148C","listed_count":27,"is_translation_enabled":false,"utc_offset":-21600,"statuses_count":8841,"description":"Je suis cris contre le regard vide des gens soûlés de mépris, contre l'absence de rêve dans un pays qui en a bien besoin. #QcPays #QuébecLibre #PaysQc","friends_count":2000,"location":"Futur pays du #Québec","profile_link_color":"009999","profile_image_url":"http://pbs.twimg.com/profile_images/555571114119012352/-tez8g66_normal.jpeg","following":false,"geo_enabled":true,"profile_banner_url":"https://pbs.twimg.com/profile_banners/94045996/1353747078","profile_background_image_url":"http://pbs.twimg.com/profile_background_images/619786527/ueommr9dogodnf7y0dnw.jpeg","name":"d@n • L'éveilleur •","lang":"fr","profile_background_tile":false,"favourites_count":140,"screen_name":"MusiqueMaison","notifications":false,"url":"http://t.co/Io8MK28nH6","created_at":"Wed Dec 02 08:02:13 +0000 2009","contributors_enabled":false,"time_zone":"Central Time (US & Canada)","protected":false,"default_profile":false,"is_translator":false},"geo":null,"in_reply_to_user_id_str":"292777349","lang":"en","created_at":"Mon Dec 15 01:48:52 +0000 2014","in_reply_to_status_id_str":"544307776135364608","place":null},
{"contributors":null,"truncated":false,"text":"@PzFeed Not RTing that until you have some solid confirmation on that. Source?","in_reply_to_status_id":544307776135364608,"id":544308097993285632,"favorite_count":0,"source":"<a href=\"https://about.twitter.com/products/tweetdeck\" rel=\"nofollow\">TweetDeck</a>","retweeted":false,"coordinates":null,"entities":{"symbols":[],"user_mentions":[{"id":292777349,"indices":[0,7],"id_str":"292777349","screen_name":"PzFeed","name":"PzFeed Top News"}],"hashtags":[],"urls":[]},"in_reply_to_screen_name":"PzFeed","id_str":"544308097993285632","retweet_count":0,"in_reply_to_user_id":292777349,"favorited":false,"user":{"follow_request_sent":false,"profile_use_background_image":true,"profile_text_color":"333333","default_profile_image":false,"id":128763056,"profile_background_image_url_https":"https://abs.twimg.com/images/themes/theme1/bg.png","verified":false,"profile_location":null,"profile_image_url_https":"https://pbs.twimg.com/profile_images/560592221972357120/DlIYvgrh_normal.jpeg","profile_sidebar_fill_color":"DDEEF6","entities":{"url":{"urls":[{"url":"http://t.co/K4jB3QDZR8","indices":[0,22],"expanded_url":"http://twitpic.com/5l70qb","display_url":"twitpic.com/5l70qb"}]},"description":{"urls":[]}},"followers_count":3028,"profile_sidebar_border_color":"C0DEED","id_str":"128763056","profile_background_color":"C0DEED","listed_count":208,"is_translation_enabled":false,"utc_offset":null,"statuses_count":126725,"description":"Professional asshole and shit talking social commentator. Big Brother Addict and hater.","friends_count":829,"location":"Denver","profile_link_color":"0084B4","profile_image_url":"http://pbs.twimg.com/profile_images/560592221972357120/DlIYvgrh_normal.jpeg","following":false,"geo_enabled":false,"profile_background_image_url":"http://abs.twimg.com/images/themes/theme1/bg.png","name":"Candice","lang":"en","profile_background_tile":false,"favourites_count":14,"screen_name":"BBCandice","notifications":false,"url":"http://t.co/K4jB3QDZR8","created_at":"Fri Apr 02 03:44:58 +0000 2010","contributors_enabled":false,"time_zone":null,"protected":false,"default_profile":true,"is_translator":false},"geo":null,"in_reply_to_user_id_str":"292777349","lang":"en","created_at":"Mon Dec 15 01:48:57 +0000 2014","in_reply_to_status_id_str":"544307776135364608","place":null},
{"contributors":null,"truncated":false,"text":"@PzFeed I thought it was 13?","in_reply_to_status_id":544307776135364608,"id":544308299651227648,"favorite_count":0,"source":"<a href=\"http://twitter.com\" rel=\"nofollow\">Twitter Web Client</a>","retweeted":false,"coordinates":null,"entities":{"symbols":[],"user_mentions":[{"id":292777349,"indices":[0,7],"id_str":"292777349","screen_name":"PzFeed","name":"PzFeed Top News"}],"hashtags":[],"urls":[]},"in_reply_to_screen_name":"PzFeed","id_str":"544308299651227648","retweet_count":0,"in_reply_to_user_id":292777349,"favorited":false,"user":{"follow_request_sent":false,"profile_use_background_image":true,"profile_text_color":"333333","default_profile_image":false,"id":1066414722,"profile_background_image_url_https":"https://pbs.twimg.com/profile_background_images/777020388/4fba928a76770f60e9e634c840deb47a.jpeg","verified":false,"profile_location":null,"profile_image_url_https":"https://pbs.twimg.com/profile_images/519886193895305216/hK_xY3s5_normal.jpeg","profile_sidebar_fill_color":"DDEEF6","entities":{"description":{"urls":[]}},"followers_count":117,"profile_sidebar_border_color":"FFFFFF","id_str":"1066414722","profile_background_color":"C0DEED","listed_count":0,"is_translation_enabled":false,"utc_offset":null,"statuses_count":3372,"description":"JU '14. Accounting major. PKA. Sports. Music.\r\nDuring your life, never stop dreaming. No one can take away your dreams.","friends_count":955,"location":"Jacksonville","profile_link_color":"0084B4","profile_image_url":"http://pbs.twimg.com/profile_images/519886193895305216/hK_xY3s5_normal.jpeg","following":false,"geo_enabled":true,"profile_banner_url":"https://pbs.twimg.com/profile_banners/1066414722/1359506981","profile_background_image_url":"http://pbs.twimg.com/profile_background_images/777020388/4fba928a76770f60e9e634c840deb47a.jpeg","name":"Stevie J","lang":"en","profile_background_tile":false,"favourites_count":324,"screen_name":"scv0208","notifications":false,"url":null,"created_at":"Sun Jan 06 18:55:58 +0000 2013","contributors_enabled":false,"time_zone":null,"protected":false,"default_profile":false,"is_translator":false},"geo":null,"in_reply_to_user_id_str":"292777349","lang":"en","created_at":"Mon Dec 15 01:49:46 +0000 2014","in_reply_to_status_id_str":"544307776135364608","place":null},
{"contributors":null,"truncated":false,"text":"@PzFeed 50 hostages??? 50 against 2??? Are you fucking kidding me?!?!","in_reply_to_status_id":544307776135364608,"id":544308377212710912,"favorite_count":4,"source":"<a href=\"http://twitter.com\" rel=\"nofollow\">Twitter Web Client</a>","retweeted":false,"coordinates":null,"entities":{"symbols":[],"user_mentions":[{"id":292777349,"indices":[0,7],"id_str":"292777349","screen_name":"PzFeed","name":"PzFeed Top News"}],"hashtags":[],"urls":[]},"in_reply_to_screen_name":"PzFeed","id_str":"544308377212710912","retweet_count":0,"in_reply_to_user_id":292777349,"favorited":false,"user":{"follow_request_sent":false,"profile_use_background_image":true,"profile_text_color":"333333","default_profile_image":false,"id":175062171,"profile_background_image_url_https":"https://abs.twimg.com/images/themes/theme1/bg.png","verified":false,"profile_location":null,"profile_image_url_https":"https://pbs.twimg.com/profile_images/485586553977053184/ZfjHKZUn_normal.jpeg","profile_sidebar_fill_color":"DDEEF6","entities":{"url":{"urls":[{"url":"http://t.co/MW33nCOHs2","indices":[0,22],"expanded_url":"http://leviathanpridecast.podbean.com/","display_url":"leviathanpridecast.podbean.com"}]},"description":{"urls":[]}},"followers_count":2833,"profile_sidebar_border_color":"C0DEED","id_str":"175062171","profile_background_color":"C0DEED","listed_count":220,"is_translation_enabled":false,"utc_offset":-18000,"statuses_count":27510,"description":"I don't believe in any god, racism is comedic, and we're all assholes...fuck you, Google it.","friends_count":263,"location":"","profile_link_color":"0084B4","profile_image_url":"http://pbs.twimg.com/profile_images/485586553977053184/ZfjHKZUn_normal.jpeg","following":false,"geo_enabled":true,"profile_banner_url":"https://pbs.twimg.com/profile_banners/175062171/1406749128","profile_background_image_url":"http://abs.twimg.com/images/themes/theme1/bg.png","name":"Jimmy Russo","lang":"en","profile_background_tile":false,"favourites_count":62200,"screen_name":"livingnBoston","notifications":false,"url":"http://t.co/MW33nCOHs2","created_at":"Thu Aug 05 14:50:19 +0000 2010","contributors_enabled":false,"time_zone":"Eastern Time (US & Canada)","protected":false,"default_profile":true,"is_translator":false},"geo":null,"in_reply_to_user_id_str":"292777349","lang":"en","created_at":"Mon Dec 15 01:50:04 +0000 2014","in_reply_to_status_id_str":"544307776135364608","place":null},
{"contributors":null,"truncated":false,"text":"SYDNEY ATTACK\n-Entering 3rd hour\n-At Sydney cafe\n-50 hostages\n-2 gunmen\n-Hostages seen holding Arabic flag\n\nStay with @PzFeed for the latest","in_reply_to_status_id":544307776135364608,"id":544308844864622593,"favorite_count":0,"source":"<a href=\"http://twitter.com/download/iphone\" rel=\"nofollow\">Twitter for iPhone</a>","retweeted":false,"coordinates":null,"entities":{"symbols":[],"user_mentions":[{"id":292777349,"indices":[118,125],"id_str":"292777349","screen_name":"PzFeed","name":"PzFeed Top News"}],"hashtags":[],"urls":[]},"in_reply_to_screen_name":"PzFeed","id_str":"544308844864622593","retweet_count":0,"in_reply_to_user_id":292777349,"favorited":false,"user":{"follow_request_sent":false,"profile_use_background_image":true,"profile_text_color":"333333","default_profile_image":false,"id":2878831764,"profile_background_image_url_https":"https://abs.twimg.com/images/themes/theme1/bg.png","verified":false,"profile_location":null,"profile_image_url_https":"https://pbs.twimg.com/profile_images/526534485714939904/jGnOhqPZ_normal.jpeg","profile_sidebar_fill_color":"DDEEF6","entities":{"description":{"urls":[]}},"followers_count":526,"profile_sidebar_border_color":"C0DEED","id_str":"2878831764","profile_background_color":"C0DEED","listed_count":7,"is_translation_enabled":false,"utc_offset":null,"statuses_count":12678,"description":"Official Twitter Tweeting @YouTube Videos & News @PzFeed & Gaming of BO2 & GTAV, Crew: @OfficialSAPA #FollowMe for News & Gaming","friends_count":971,"location":"LA,California ","profile_link_color":"0084B4","profile_image_url":"http://pbs.twimg.com/profile_images/526534485714939904/jGnOhqPZ_normal.jpeg","following":false,"geo_enabled":false,"profile_banner_url":"https://pbs.twimg.com/profile_banners/2878831764/1418323833","profile_background_image_url":"http://abs.twimg.com/images/themes/theme1/bg.png","name":"Kyle Mason ","lang":"en","profile_background_tile":false,"favourites_count":314,"screen_name":"OpTicISON","notifications":false,"url":null,"created_at":"Mon Oct 27 00:41:08 +0000 2014","contributors_enabled":false,"time_zone":null,"protected":false,"default_profile":true,"is_translator":false},"geo":null,"in_reply_to_user_id_str":"292777349","lang":"en","created_at":"Mon Dec 15 01:51:56 +0000 2014","in_reply_to_status_id_str":"544307776135364608","place":null},
{"contributors":null,"truncated":false,"text":"@PzFeed obamas kenyan religion of peace #WHITEHOUSE2014  #blackend","in_reply_to_status_id":544307776135364608,"id":544309020405014528,"favorite_count":0,"source":"<a href=\"http://twitter.com/download/android\" rel=\"nofollow\">Twitter for Android</a>","retweeted":false,"coordinates":null,"entities":{"symbols":[],"user_mentions":[{"id":292777349,"indices":[0,7],"id_str":"292777349","screen_name":"PzFeed","name":"PzFeed Top News"}],"hashtags":[{"indices":[40,55],"text":"WHITEHOUSE2014"},{"indices":[57,66],"text":"blackend"}],"urls":[]},"in_reply_to_screen_name":"PzFeed","id_str":"544309020405014528","retweet_count":1,"in_reply_to_user_id":292777349,"favorited":false,"user":{"follow_request_sent":false,"profile_use_background_image":true,"profile_text_color":"141842","default_profile_image":false,"id":224775883,"profile_background_image_url_https":"https://pbs.twimg.com/profile_background_images/385553662/25442.jpg","verified":false,"profile_location":null,"profile_image_url_https":"https://pbs.twimg.com/profile_images/417817210208669696/3vm-MtbS_normal.jpeg","profile_sidebar_fill_color":"99CC33","entities":{"url":{"urls":[{"url":"http://t.co/uWilwVBOTa","indices":[0,22],"expanded_url":"http://wefollow.com/prezobummer","display_url":"wefollow.com/prezobummer"}]},"description":{"urls":[]}},"followers_count":821,"profile_sidebar_border_color":"829D5E","id_str":"224775883","profile_background_color":"352726","listed_count":30,"is_translation_enabled":false,"utc_offset":-18000,"statuses_count":22319,"description":"Acorn activist , plACARD STAPLER  CABRINI GREEN LOST JOB MOVED TO 1600 PENNSYLVANIA AVENUE","friends_count":1970,"location":"ANSONIA CT","profile_link_color":"CF2C4F","profile_image_url":"http://pbs.twimg.com/profile_images/417817210208669696/3vm-MtbS_normal.jpeg","following":false,"geo_enabled":true,"profile_background_image_url":"http://pbs.twimg.com/profile_background_images/385553662/25442.jpg","name":"lib fuktard","lang":"en","profile_background_tile":false,"favourites_count":1130,"screen_name":"prezobummer","notifications":false,"url":"http://t.co/uWilwVBOTa","created_at":"Thu Dec 09 21:02:46 +0000 2010","contributors_enabled":false,"time_zone":"Eastern Time (US & Canada)","protected":false,"default_profile":false,"is_translator":false},"geo":null,"in_reply_to_user_id_str":"292777349","lang":"en","created_at":"Mon Dec 15 01:52:37 +0000 2014","in_reply_to_status_id_str":"544307776135364608","place":null},
{"contributors":null,"truncated":false,"text":"@PzFeed Bullshit. 12-13 hostages. Stop sensationalising this","in_reply_to_status_id":544307776135364608,"id":544309195051257856,"favorite_count":0,"source":"<a href=\"http://tapbots.com/software/tweetbot/mac\" rel=\"nofollow\">Tweetbot for Mac</a>","retweeted":false,"coordinates":null,"entities":{"symbols":[],"user_mentions":[{"id":292777349,"indices":[0,7],"id_str":"292777349","screen_name":"PzFeed","name":"PzFeed Top News"}],"hashtags":[],"urls":[]},"in_reply_to_screen_name":"PzFeed","id_str":"544309195051257856","retweet_count":0,"in_reply_to_user_id":292777349,"favorited":false,"user":{"follow_request_sent":false,"profile_use_background_image":true,"profile_text_color":"333333","default_profile_image":false,"id":42372388,"profile_background_image_url_https":"https://abs.twimg.com/images/themes/theme15/bg.png","verified":false,"profile_location":null,"profile_image_url_https":"https://pbs.twimg.com/profile_images/1887147598/Big_Me_normal.jpg","profile_sidebar_fill_color":"C0DFEC","entities":{"description":{"urls":[]}},"followers_count":150,"profile_sidebar_border_color":"A8C7F7","id_str":"42372388","profile_background_color":"022330","listed_count":5,"is_translation_enabled":false,"utc_offset":39600,"statuses_count":5423,"description":"Restaurant Technology specialist with interests in Technology, Travel, Cars, cooking","friends_count":133,"location":"Australia","profile_link_color":"0084B4","profile_image_url":"http://pbs.twimg.com/profile_images/1887147598/Big_Me_normal.jpg","following":false,"geo_enabled":true,"profile_background_image_url":"http://abs.twimg.com/images/themes/theme15/bg.png","name":"Marty Dittmar ","lang":"en","profile_background_tile":false,"favourites_count":438,"screen_name":"MartyDittmar","notifications":false,"url":null,"created_at":"Mon May 25 08:07:50 +0000 2009","contributors_enabled":false,"time_zone":"Sydney","protected":false,"default_profile":false,"is_translator":false},"geo":null,"in_reply_to_user_id_str":"292777349","lang":"en","created_at":"Mon Dec 15 01:53:19 +0000 2014","in_reply_to_status_id_str":"544307776135364608","place":null},
{"contributors":null,"truncated":false,"text":"@dpjtr @PzFeed just look at their pictures. Looks like the flag of isis","in_reply_to_status_id":544308548646502402,"id":544309251964141568,"favorite_count":0,"source":"<a href=\"http://twitter.com/#!/download/ipad\" rel=\"nofollow\">Twitter for iPad</a>","retweeted":false,"coordinates":null,"entities":{"symbols":[],"user_mentions":[{"id":400467605,"indices":[0,6],"id_str":"400467605","screen_name":"dpjtr","name":"Don Paul Jeter"},{"id":292777349,"indices":[7,14],"id_str":"292777349","screen_name":"PzFeed","name":"PzFeed Top News"}],"hashtags":[],"urls":[]},"in_reply_to_screen_name":"dpjtr","id_str":"544309251964141568","retweet_count":0,"in_reply_to_user_id":400467605,"favorited":false,"user":{"follow_request_sent":false,"profile_use_background_image":true,"profile_text_color":"333333","default_profile_image":false,"id":363112901,"profile_background_image_url_https":"https://abs.twimg.com/images/themes/theme1/bg.png","verified":false,"profile_location":null,"profile_image_url_https":"https://pbs.twimg.com/profile_images/1861362943/images1._normal.jpg","profile_sidebar_fill_color":"DDEEF6","entities":{"description":{"urls":[]}},"followers_count":99,"profile_sidebar_border_color":"C0DEED","id_str":"363112901","profile_background_color":"C0DEED","listed_count":3,"is_translation_enabled":false,"utc_offset":3600,"statuses_count":8504,"description":"","friends_count":412,"location":"Sweden","profile_link_color":"0084B4","profile_image_url":"http://pbs.twimg.com/profile_images/1861362943/images1._normal.jpg","following":false,"geo_enabled":false,"profile_background_image_url":"http://abs.twimg.com/images/themes/theme1/bg.png","name":"Littlesaint","lang":"en","profile_background_tile":false,"favourites_count":43,"screen_name":"Mikaels91","notifications":false,"url":null,"created_at":"Sat Aug 27 15:07:24 +0000 2011","contributors_enabled":false,"time_zone":"Amsterdam","protected":false,"default_profile":true,"is_translator":false},"geo":null,"in_reply_to_user_id_str":"400467605","lang":"en","created_at":"Mon Dec 15 01:53:33 +0000 2014","in_reply_to_status_id_str":"544308548646502402","place":null},
{"contributors":null,"truncated":false,"text":"@EsraBengizi1D @PzFeed look at their pictures on twitter. Its the isis flag","in_reply_to_status_id":544309050159423488,"id":544309380599263232,"favorite_count":0,"source":"<a href=\"http://twitter.com/#!/download/ipad\" rel=\"nofollow\">Twitter for iPad</a>","retweeted":false,"coordinates":null,"entities":{"symbols":[],"user_mentions":[{"id":23142690,"indices":[0,14],"id_str":"23142690","screen_name":"EsraBengizi1D","name":"Queen إسراء"},{"id":292777349,"indices":[15,22],"id_str":"292777349","screen_name":"PzFeed","name":"PzFeed Top News"}],"hashtags":[],"urls":[]},"in_reply_to_screen_name":"EsraBengizi1D","id_str":"544309380599263232","retweet_count":0,"in_reply_to_user_id":23142690,"favorited":false,"user":{"follow_request_sent":false,"profile_use_background_image":true,"profile_text_color":"333333","default_profile_image":false,"id":363112901,"profile_background_image_url_https":"https://abs.twimg.com/images/themes/theme1/bg.png","verified":false,"profile_location":null,"profile_image_url_https":"https://pbs.twimg.com/profile_images/1861362943/images1._normal.jpg","profile_sidebar_fill_color":"DDEEF6","entities":{"description":{"urls":[]}},"followers_count":99,"profile_sidebar_border_color":"C0DEED","id_str":"363112901","profile_background_color":"C0DEED","listed_count":3,"is_translation_enabled":false,"utc_offset":3600,"statuses_count":8504,"description":"","friends_count":412,"location":"Sweden","profile_link_color":"0084B4","profile_image_url":"http://pbs.twimg.com/profile_images/1861362943/images1._normal.jpg","following":false,"geo_enabled":false,"profile_background_image_url":"http://abs.twimg.com/images/themes/theme1/bg.png","name":"Littlesaint","lang":"en","profile_background_tile":false,"favourites_count":43,"screen_name":"Mikaels91","notifications":false,"url":null,"created_at":"Sat Aug 27 15:07:24 +0000 2011","contributors_enabled":false,"time_zone":"Amsterdam","protected":false,"default_profile":true,"is_translator":false},"geo":null,"in_reply_to_user_id_str":"23142690","lang":"en","created_at":"Mon Dec 15 01:54:03 +0000 2014","in_reply_to_status_id_str":"544309050159423488","place":null},
{"contributors":null,"truncated":false,"text":"@BBCandice @PzFeed the flag pic is all.over","in_reply_to_status_id":544308097993285632,"id":544309448605331456,"favorite_count":0,"source":"<a href=\"http://twitter.com/download/android\" rel=\"nofollow\">Twitter for Android</a>","retweeted":false,"coordinates":null,"entities":{"symbols":[],"user_mentions":[{"id":128763056,"indices":[0,10],"id_str":"128763056","screen_name":"BBCandice","name":"Candice"},{"id":292777349,"indices":[11,18],"id_str":"292777349","screen_name":"PzFeed","name":"PzFeed Top News"}],"hashtags":[],"urls":[]},"in_reply_to_screen_name":"BBCandice","id_str":"544309448605331456","retweet_count":0,"in_reply_to_user_id":128763056,"favorited":false,"user":{"follow_request_sent":false,"profile_use_background_image":true,"profile_text_color":"333333","default_profile_image":false,"id":27385166,"profile_background_image_url_https":"https://pbs.twimg.com/profile_background_images/689262704/a1e2952c6f0af84cc22332221e441fea.jpeg","verified":false,"profile_location":null,"profile_image_url_https":"https://pbs.twimg.com/profile_images/516801180559609856/qS3vyLW3_normal.jpeg","profile_sidebar_fill_color":"C0DFEC","entities":{"url":{"urls":[{"url":"http://t.co/b4kMDWvte2","indices":[0,22],"expanded_url":"http://www.weekendedition.spyhollywood.com","display_url":"weekendedition.spyhollywood.com"}]},"description":{"urls":[{"url":"http://t.co/rgBvfDTY7z","indices":[83,105],"expanded_url":"http://www.spyhollywood.com","display_url":"spyhollywood.com"}]}},"followers_count":1012,"profile_sidebar_border_color":"FFFFFF","id_str":"27385166","profile_background_color":"022330","listed_count":64,"is_translation_enabled":false,"utc_offset":-28800,"statuses_count":89673,"description":"Your best kept secret...all SNARK free of charge...co-owner/creator SPY Media .... http://t.co/rgBvfDTY7z... oh, and #GoBUCKS !","friends_count":531,"location":"A Jersey boy in SoCal  LA ","profile_link_color":"0084B4","profile_image_url":"http://pbs.twimg.com/profile_images/516801180559609856/qS3vyLW3_normal.jpeg","following":false,"geo_enabled":false,"profile_banner_url":"https://pbs.twimg.com/profile_banners/27385166/1412290826","profile_background_image_url":"http://pbs.twimg.com/profile_background_images/689262704/a1e2952c6f0af84cc22332221e441fea.jpeg","name":"Roy","lang":"en","profile_background_tile":true,"favourites_count":286,"screen_name":"splashroy","notifications":false,"url":"http://t.co/b4kMDWvte2","created_at":"Sun Mar 29 05:13:44 +0000 2009","contributors_enabled":false,"time_zone":"Pacific Time (US & Canada)","protected":false,"default_profile":false,"is_translator":false},"geo":null,"in_reply_to_user_id_str":"128763056","lang":"en","created_at":"Mon Dec 15 01:54:19 +0000 2014","in_reply_to_status_id_str":"544308097993285632","place":null},
{"contributors":null,"truncated":false,"text":"@splashroy @PzFeed No they claimed 50 hostages 2 gun men and other stuff without a source. Not the flag.","in_reply_to_status_id":544309448605331456,"id":544309623063212032,"favorite_count":0,"source":"<a href=\"https://about.twitter.com/products/tweetdeck\" rel=\"nofollow\">TweetDeck</a>","retweeted":false,"coordinates":null,"entities":{"symbols":[],"user_mentions":[{"id":27385166,"indices":[0,10],"id_str":"27385166","screen_name":"splashroy","name":"Roy"},{"id":292777349,"indices":[11,18],"id_str":"292777349","screen_name":"PzFeed","name":"PzFeed Top News"}],"hashtags":[],"urls":[]},"in_reply_to_screen_name":"splashroy","id_str":"544309623063212032","retweet_count":0,"in_reply_to_user_id":27385166,"favorited":false,"user":{"follow_request_sent":false,"profile_use_background_image":true,"profile_text_color":"333333","default_profile_image":false,"id":128763056,"profile_background_image_url_https":"https://abs.twimg.com/images/themes/theme1/bg.png","verified":false,"profile_location":null,"profile_image_url_https":"https://pbs.twimg.com/profile_images/560592221972357120/DlIYvgrh_normal.jpeg","profile_sidebar_fill_color":"DDEEF6","entities":{"url":{"urls":[{"url":"http://t.co/K4jB3QDZR8","indices":[0,22],"expanded_url":"http://twitpic.com/5l70qb","display_url":"twitpic.com/5l70qb"}]},"description":{"urls":[]}},"followers_count":3028,"profile_sidebar_border_color":"C0DEED","id_str":"128763056","profile_background_color":"C0DEED","listed_count":208,"is_translation_enabled":false,"utc_offset":null,"statuses_count":126725,"description":"Professional asshole and shit talking social commentator. Big Brother Addict and hater.","friends_count":829,"location":"Denver","profile_link_color":"0084B4","profile_image_url":"http://pbs.twimg.com/profile_images/560592221972357120/DlIYvgrh_normal.jpeg","following":false,"geo_enabled":false,"profile_background_image_url":"http://abs.twimg.com/images/themes/theme1/bg.png","name":"Candice","lang":"en","profile_background_tile":false,"favourites_count":14,"screen_name":"BBCandice","notifications":false,"url":"http://t.co/K4jB3QDZR8","created_at":"Fri Apr 02 03:44:58 +0000 2010","contributors_enabled":false,"time_zone":null,"protected":false,"default_profile":true,"is_translator":false},"geo":null,"in_reply_to_user_id_str":"27385166","lang":"en","created_at":"Mon Dec 15 01:55:01 +0000 2014","in_reply_to_status_id_str":"544309448605331456","place":null},
{"contributors":null,"truncated":false,"text":"@PzFeed @AdamSchefter whoa","in_reply_to_status_id":544307776135364608,"id":544310439531008000,"favorite_count":0,"source":"<a href=\"http://twitter.com/download/android\" rel=\"nofollow\">Twitter for Android</a>","retweeted":false,"coordinates":null,"entities":{"symbols":[],"user_mentions":[{"id":292777349,"indices":[0,7],"id_str":"292777349","screen_name":"PzFeed","name":"PzFeed Top News"},{"id":51263592,"indices":[8,21],"id_str":"51263592","screen_name":"AdamSchefter","name":"Adam Schefter"}],"hashtags":[],"urls":[]},"in_reply_to_screen_name":"PzFeed","id_str":"544310439531008000","retweet_count":0,"in_reply_to_user_id":292777349,"favorited":false,"user":{"follow_request_sent":false,"profile_use_background_image":true,"profile_text_color":"333333","default_profile_image":false,"id":380117713,"profile_background_image_url_https":"https://abs.twimg.com/images/themes/theme1/bg.png","verified":false,"profile_location":null,"profile_image_url_https":"https://pbs.twimg.com/profile_images/589571366556307456/6rJFChUZ_normal.jpg","profile_sidebar_fill_color":"DDEEF6","entities":{"description":{"urls":[]}},"followers_count":126,"profile_sidebar_border_color":"C0DEED","id_str":"380117713","profile_background_color":"C0DEED","listed_count":1,"is_translation_enabled":false,"utc_offset":null,"statuses_count":2280,"description":"I'm not as good as I should be, I'm not as good as I can be, but thank God im better than I used to be...","friends_count":193,"location":"Bronx, New York","profile_link_color":"0084B4","profile_image_url":"http://pbs.twimg.com/profile_images/589571366556307456/6rJFChUZ_normal.jpg","following":false,"geo_enabled":false,"profile_banner_url":"https://pbs.twimg.com/profile_banners/380117713/1412081264","profile_background_image_url":"http://abs.twimg.com/images/themes/theme1/bg.png","name":"Rolly","lang":"en","profile_background_tile":false,"favourites_count":282,"screen_name":"RollySirjoo","notifications":false,"url":null,"created_at":"Mon Sep 26 03:10:02 +0000 2011","contributors_enabled":false,"time_zone":null,"protected":false,"default_profile":true,"is_translator":false},"geo":null,"in_reply_to_user_id_str":"292777349","lang":"en","created_at":"Mon Dec 15 01:58:16 +0000 2014","in_reply_to_status_id_str":"544307776135364608","place":null},
{"contributors":null,"truncated":false,"text":"@PzFeed @AdamSchefter where is this cafe at??","in_reply_to_status_id":544307776135364608,"id":544310615523983360,"favorite_count":0,"source":"<a href=\"http://twitter.com/download/iphone\" rel=\"nofollow\">Twitter for iPhone</a>","retweeted":false,"coordinates":{"type":"Point","coordinates":[-82.42990524,40.78298275]},"entities":{"symbols":[],"user_mentions":[{"id":292777349,"indices":[0,7],"id_str":"292777349","screen_name":"PzFeed","name":"PzFeed Top News"},{"id":51263592,"indices":[8,21],"id_str":"51263592","screen_name":"AdamSchefter","name":"Adam Schefter"}],"hashtags":[],"urls":[]},"in_reply_to_screen_name":"PzFeed","id_str":"544310615523983360","retweet_count":0,"in_reply_to_user_id":292777349,"favorited":false,"user":{"follow_request_sent":false,"profile_use_background_image":true,"profile_text_color":"333333","default_profile_image":false,"id":2348060155,"profile_background_image_url_https":"https://abs.twimg.com/images/themes/theme1/bg.png","verified":false,"profile_location":null,"profile_image_url_https":"https://pbs.twimg.com/profile_images/575932209720344576/sS9lniJS_normal.jpeg","profile_sidebar_fill_color":"DDEEF6","entities":{"description":{"urls":[]}},"followers_count":983,"profile_sidebar_border_color":"C0DEED","id_str":"2348060155","profile_background_color":"C0DEED","listed_count":3,"is_translation_enabled":false,"utc_offset":null,"statuses_count":21063,"description":"","friends_count":1223,"location":"Northeast Ohio","profile_link_color":"0084B4","profile_image_url":"http://pbs.twimg.com/profile_images/575932209720344576/sS9lniJS_normal.jpeg","following":false,"geo_enabled":true,"profile_banner_url":"https://pbs.twimg.com/profile_banners/2348060155/1401067017","profile_background_image_url":"http://abs.twimg.com/images/themes/theme1/bg.png","name":"BIPOLAR CAVS FAN","lang":"en","profile_background_tile":false,"favourites_count":14866,"screen_name":"MrcavsBball","notifications":false,"url":null,"created_at":"Mon Feb 17 06:59:21 +0000 2014","contributors_enabled":false,"time_zone":null,"protected":false,"default_profile":true,"is_translator":false},"geo":{"type":"Point","coordinates":[40.78298275,-82.42990524]},"in_reply_to_user_id_str":"292777349","lang":"en","created_at":"Mon Dec 15 01:58:58 +0000 2014","in_reply_to_status_id_str":"544307776135364608","place":{"full_name":"Mansfield, OH","url":"https://api.twitter.com/1.1/geo/id/f136163002bd51f6.json","country":"United States","place_type":"city","bounding_box":{"type":"Polygon","coordinates":[[[-82.572489,40.681009],[-82.378653,40.681009],[-82.378653,40.815657],[-82.572489,40.815657]]]},"contained_within":[],"country_code":"US","attributes":{},"id":"f136163002bd51f6","name":"Mansfield"}},
{"contributors":null,"truncated":false,"text":"@PzFeed @AdamSchefter","in_reply_to_status_id":544307776135364608,"id":544310646381510657,"favorite_count":0,"source":"<a href=\"http://twitter.com/download/android\" rel=\"nofollow\">Twitter for Android</a>","retweeted":false,"coordinates":null,"entities":{"symbols":[],"user_mentions":[{"id":292777349,"indices":[0,7],"id_str":"292777349","screen_name":"PzFeed","name":"PzFeed Top News"},{"id":51263592,"indices":[8,21],"id_str":"51263592","screen_name":"AdamSchefter","name":"Adam Schefter"}],"hashtags":[],"urls":[]},"in_reply_to_screen_name":"PzFeed","id_str":"544310646381510657","retweet_count":0,"in_reply_to_user_id":292777349,"favorited":false,"user":{"follow_request_sent":false,"profile_use_background_image":true,"profile_text_color":"333333","default_profile_image":false,"id":1262856372,"profile_background_image_url_https":"https://abs.twimg.com/images/themes/theme1/bg.png","verified":false,"profile_location":null,"profile_image_url_https":"https://pbs.twimg.com/profile_images/531866708462825472/Rs-RdPwY_normal.jpeg","profile_sidebar_fill_color":"DDEEF6","entities":{"description":{"urls":[]}},"followers_count":4,"profile_sidebar_border_color":"C0DEED","id_str":"1262856372","profile_background_color":"C0DEED","listed_count":0,"is_translation_enabled":false,"utc_offset":null,"statuses_count":4,"description":"","friends_count":18,"location":"","profile_link_color":"0084B4","profile_image_url":"http://pbs.twimg.com/profile_images/531866708462825472/Rs-RdPwY_normal.jpeg","following":false,"geo_enabled":false,"profile_banner_url":"https://pbs.twimg.com/profile_banners/1262856372/1363351634","profile_background_image_url":"http://abs.twimg.com/images/themes/theme1/bg.png","name":"Jeff Hollingsworth","lang":"en","profile_background_tile":false,"favourites_count":3,"screen_name":"jholly75_jeff","notifications":false,"url":null,"created_at":"Tue Mar 12 21:05:01 +0000 2013","contributors_enabled":false,"time_zone":null,"protected":false,"default_profile":true,"is_translator":false},"geo":null,"in_reply_to_user_id_str":"292777349","lang":"und","created_at":"Mon Dec 15 01:59:05 +0000 2014","in_reply_to_status_id_str":"544307776135364608","place":null},
{"contributors":null,"truncated":false,"text":"“@PzFeed: SYDNEY ATTACK\n-50 hostages\n-2 gunmen\n-Hostages seen holding Arabic flag\" there is no such thing as an \"Arabic flag\"","in_reply_to_status_id":544307776135364608,"id":544310707404435456,"favorite_count":2,"source":"<a href=\"http://twitter.com/download/iphone\" rel=\"nofollow\">Twitter for iPhone</a>","retweeted":false,"coordinates":null,"entities":{"symbols":[],"user_mentions":[{"id":292777349,"indices":[1,8],"id_str":"292777349","screen_name":"PzFeed","name":"PzFeed Top News"}],"hashtags":[],"urls":[]},"in_reply_to_screen_name":"PzFeed","id_str":"544310707404435456","retweet_count":0,"in_reply_to_user_id":292777349,"favorited":false,"user":{"follow_request_sent":false,"profile_use_background_image":true,"profile_text_color":"333333","default_profile_image":false,"id":1660694940,"profile_background_image_url_https":"https://abs.twimg.com/images/themes/theme1/bg.png","verified":false,"profile_location":null,"profile_image_url_https":"https://pbs.twimg.com/profile_images/581198162330783744/YTB4EG5s_normal.jpg","profile_sidebar_fill_color":"DDEEF6","entities":{"description":{"urls":[]}},"followers_count":314,"profile_sidebar_border_color":"C0DEED","id_str":"1660694940","profile_background_color":"C0DEED","listed_count":0,"is_translation_enabled":false,"utc_offset":null,"statuses_count":10325,"description":"cleveland","friends_count":448,"location":"","profile_link_color":"0084B4","profile_image_url":"http://pbs.twimg.com/profile_images/581198162330783744/YTB4EG5s_normal.jpg","following":false,"geo_enabled":false,"profile_banner_url":"https://pbs.twimg.com/profile_banners/1660694940/1417288402","profile_background_image_url":"http://abs.twimg.com/images/themes/theme1/bg.png","name":"evan suttell","lang":"en","profile_background_tile":false,"favourites_count":20152,"screen_name":"Evansweatshirt","notifications":false,"url":null,"created_at":"Sat Aug 10 18:44:04 +0000 2013","contributors_enabled":false,"time_zone":null,"protected":false,"default_profile":true,"is_translator":false},"geo":null,"in_reply_to_user_id_str":"292777349","lang":"en","created_at":"Mon Dec 15 01:59:20 +0000 2014","in_reply_to_status_id_str":"544307776135364608","place":null},
{"contributors":null,"truncated":false,"text":"@PzFeed @AdamSchefter You'd think 50 people could overpower 2 gunmen....create a distraction and knock one gunman the F out","in_reply_to_status_id":544307776135364608,"id":544310722784944128,"favorite_count":0,"source":"<a href=\"http://twitter.com\" rel=\"nofollow\">Twitter Web Client</a>","retweeted":false,"coordinates":null,"entities":{"symbols":[],"user_mentions":[{"id":292777349,"indices":[0,7],"id_str":"292777349","screen_name":"PzFeed","name":"PzFeed Top News"},{"id":51263592,"indices":[8,21],"id_str":"51263592","screen_name":"AdamSchefter","name":"Adam Schefter"}],"hashtags":[],"urls":[]},"in_reply_to_screen_name":"PzFeed","id_str":"544310722784944128","retweet_count":0,"in_reply_to_user_id":292777349,"favorited":false,"user":{"follow_request_sent":false,"profile_use_background_image":true,"profile_text_color":"333333","default_profile_image":false,"id":1054060230,"profile_background_image_url_https":"https://pbs.twimg.com/profile_background_images/378800000011144605/8d321da805cb1a11a4fc42f65bc05ece.png","verified":false,"profile_location":null,"profile_image_url_https":"https://pbs.twimg.com/profile_images/578981084022513664/7pIv9buZ_normal.jpeg","profile_sidebar_fill_color":"DDEEF6","entities":{"description":{"urls":[]}},"followers_count":196,"profile_sidebar_border_color":"FFFFFF","id_str":"1054060230","profile_background_color":"C0DEED","listed_count":0,"is_translation_enabled":false,"utc_offset":-14400,"statuses_count":8599,"description":"Big Bucks, Pickup Trucks, and T-Bone steak is what I live for. Country boy at heart. Proud NRA member. Views are my own, generally intended to piss someone off.","friends_count":408,"location":"Pittsburgh, PA","profile_link_color":"0084B4","profile_image_url":"http://pbs.twimg.com/profile_images/578981084022513664/7pIv9buZ_normal.jpeg","following":false,"geo_enabled":false,"profile_banner_url":"https://pbs.twimg.com/profile_banners/1054060230/1372523222","profile_background_image_url":"http://pbs.twimg.com/profile_background_images/378800000011144605/8d321da805cb1a11a4fc42f65bc05ece.png","name":"LOVE YOU GALLAGHER! ","lang":"en","profile_background_tile":true,"favourites_count":1437,"screen_name":"Lesnar58","notifications":false,"url":null,"created_at":"Wed Jan 02 03:12:11 +0000 2013","contributors_enabled":false,"time_zone":"Atlantic Time (Canada)","protected":false,"default_profile":false,"is_translator":false},"geo":null,"in_reply_to_user_id_str":"292777349","lang":"en","created_at":"Mon Dec 15 01:59:23 +0000 2014","in_reply_to_status_id_str":"544307776135364608","place":null},
{"contributors":null,"truncated":false,"text":"@PzFeed @AdamSchefter All peaceful, loving, accepting people!","in_reply_to_status_id":544307776135364608,"id":544310733195214851,"favorite_count":0,"source":"<a href=\"http://twitter.com/download/iphone\" rel=\"nofollow\">Twitter for iPhone</a>","retweeted":false,"coordinates":null,"entities":{"symbols":[],"user_mentions":[{"id":292777349,"indices":[0,7],"id_str":"292777349","screen_name":"PzFeed","name":"PzFeed Top News"},{"id":51263592,"indices":[8,21],"id_str":"51263592","screen_name":"AdamSchefter","name":"Adam Schefter"}],"hashtags":[],"urls":[]},"in_reply_to_screen_name":"PzFeed","id_str":"544310733195214851","retweet_count":0,"in_reply_to_user_id":292777349,"favorited":false,"user":{"follow_request_sent":false,"profile_use_background_image":true,"profile_text_color":"663B12","default_profile_image":false,"id":328518851,"profile_background_image_url_https":"https://pbs.twimg.com/profile_background_images/452195067260698624/TpSYB5IY.jpeg","verified":false,"profile_location":null,"profile_image_url_https":"https://pbs.twimg.com/profile_images/551415121898373120/i8dDejeW_normal.jpeg","profile_sidebar_fill_color":"DAECF4","entities":{"description":{"urls":[]}},"followers_count":76,"profile_sidebar_border_color":"000000","id_str":"328518851","profile_background_color":"FFF04D","listed_count":0,"is_translation_enabled":false,"utc_offset":-18000,"statuses_count":12336,"description":"Hockey 24/7","friends_count":196,"location":"USA","profile_link_color":"F50A15","profile_image_url":"http://pbs.twimg.com/profile_images/551415121898373120/i8dDejeW_normal.jpeg","following":false,"geo_enabled":false,"profile_banner_url":"https://pbs.twimg.com/profile_banners/328518851/1414352265","profile_background_image_url":"http://pbs.twimg.com/profile_background_images/452195067260698624/TpSYB5IY.jpeg","name":"Wellsie63","lang":"en","profile_background_tile":true,"favourites_count":781,"screen_name":"DWells63","notifications":false,"url":null,"created_at":"Sun Jul 03 14:44:52 +0000 2011","contributors_enabled":false,"time_zone":"Eastern Time (US & Canada)","protected":false,"default_profile":false,"is_translator":false},"geo":null,"in_reply_to_user_id_str":"292777349","lang":"en","created_at":"Mon Dec 15 01:59:26 +0000 2014","in_reply_to_status_id_str":"544307776135364608","place":null},
{"contributors":null,"truncated":false,"text":"It could be a flag w Arabic on it, but there is no \"Arabic flag\"","in_reply_to_status_id":544310707404435456,"id":544310825071415296,"favorite_count":3,"source":"<a href=\"http://twitter.com/download/iphone\" rel=\"nofollow\">Twitter for iPhone</a>","retweeted":false,"coordinates":null,"entities":{"symbols":[],"user_mentions":[],"hashtags":[],"urls":[]},"in_reply_to_screen_name":"Evansweatshirt","id_str":"544310825071415296","retweet_count":0,"in_reply_to_user_id":1660694940,"favorited":false,"user":{"follow_request_sent":false,"profile_use_background_image":true,"profile_text_color":"333333","default_profile_image":false,"id":1660694940,"profile_background_image_url_https":"https://abs.twimg.com/images/themes/theme1/bg.png","verified":false,"profile_location":null,"profile_image_url_https":"https://pbs.twimg.com/profile_images/581198162330783744/YTB4EG5s_normal.jpg","profile_sidebar_fill_color":"DDEEF6","entities":{"description":{"urls":[]}},"followers_count":315,"profile_sidebar_border_color":"C0DEED","id_str":"1660694940","profile_background_color":"C0DEED","listed_count":0,"is_translation_enabled":false,"utc_offset":null,"statuses_count":10325,"description":"cleveland","friends_count":448,"location":"","profile_link_color":"0084B4","profile_image_url":"http://pbs.twimg.com/profile_images/581198162330783744/YTB4EG5s_normal.jpg","following":false,"geo_enabled":false,"profile_banner_url":"https://pbs.twimg.com/profile_banners/1660694940/1417288402","profile_background_image_url":"http://abs.twimg.com/images/themes/theme1/bg.png","name":"evan suttell","lang":"en","profile_background_tile":false,"favourites_count":20167,"screen_name":"Evansweatshirt","notifications":false,"url":null,"created_at":"Sat Aug 10 18:44:04 +0000 2013","contributors_enabled":false,"time_zone":null,"protected":false,"default_profile":true,"is_translator":false},"geo":null,"in_reply_to_user_id_str":"1660694940","lang":"en","created_at":"Mon Dec 15 01:59:48 +0000 2014","in_reply_to_status_id_str":"544310707404435456","place":null},
{"contributors":null,"truncated":false,"text":"It's the ISIS flag but I guess it's far easier to call it an Arabic flag","in_reply_to_status_id":544310825071415296,"id":544311121000562688,"favorite_count":0,"source":"<a href=\"http://twitter.com/download/iphone\" rel=\"nofollow\">Twitter for iPhone</a>","retweeted":false,"coordinates":null,"entities":{"symbols":[],"user_mentions":[],"hashtags":[],"urls":[]},"in_reply_to_screen_name":"Evansweatshirt","id_str":"544311121000562688","retweet_count":1,"in_reply_to_user_id":1660694940,"favorited":false,"user":{"follow_request_sent":false,"profile_use_background_image":true,"profile_text_color":"333333","default_profile_image":false,"id":1660694940,"profile_background_image_url_https":"https://abs.twimg.com/images/themes/theme1/bg.png","verified":false,"profile_location":null,"profile_image_url_https":"https://pbs.twimg.com/profile_images/581198162330783744/YTB4EG5s_normal.jpg","profile_sidebar_fill_color":"DDEEF6","entities":{"description":{"urls":[]}},"followers_count":315,"profile_sidebar_border_color":"C0DEED","id_str":"1660694940","profile_background_color":"C0DEED","listed_count":0,"is_translation_enabled":false,"utc_offset":null,"statuses_count":10325,"description":"cleveland","friends_count":448,"location":"","profile_link_color":"0084B4","profile_image_url":"http://pbs.twimg.com/profile_images/581198162330783744/YTB4EG5s_normal.jpg","following":false,"geo_enabled":false,"profile_banner_url":"https://pbs.twimg.com/profile_banners/1660694940/1417288402","profile_background_image_url":"http://abs.twimg.com/images/themes/theme1/bg.png","name":"evan suttell","lang":"en","profile_background_tile":false,"favourites_count":20167,"screen_name":"Evansweatshirt","notifications":false,"url":null,"created_at":"Sat Aug 10 18:44:04 +0000 2013","contributors_enabled":false,"time_zone":null,"protected":false,"default_profile":true,"is_translator":false},"geo":null,"in_reply_to_user_id_str":"1660694940","lang":"en","created_at":"Mon Dec 15 02:00:58 +0000 2014","in_reply_to_status_id_str":"544310825071415296","place":null},
{"contributors":null,"truncated":false,"text":"@Evansweatshirt No need to make the distinction for their audience, obviously.","in_reply_to_status_id":544311121000562688,"id":544311469559775232,"favorite_count":0,"source":"<a href=\"http://twitter.com\" rel=\"nofollow\">Twitter Web Client</a>","retweeted":false,"coordinates":null,"entities":{"symbols":[],"user_mentions":[{"id":1660694940,"indices":[0,15],"id_str":"1660694940","screen_name":"Evansweatshirt","name":"evan suttell"}],"hashtags":[],"urls":[]},"in_reply_to_screen_name":"Evansweatshirt","id_str":"544311469559775232","retweet_count":0,"in_reply_to_user_id":1660694940,"favorited":false,"user":{"follow_request_sent":false,"profile_use_background_image":true,"profile_text_color":"333333","default_profile_image":false,"id":1733025583,"profile_background_image_url_https":"https://abs.twimg.com/images/themes/theme1/bg.png","verified":false,"profile_location":null,"profile_image_url_https":"https://pbs.twimg.com/profile_images/548619163896258560/XJBots5__normal.jpeg","profile_sidebar_fill_color":"DDEEF6","entities":{"url":{"urls":[{"url":"http://t.co/h4BpcIT5ZZ","indices":[0,22],"expanded_url":"http://phish.net/faq/watsiyem","display_url":"phish.net/faq/watsiyem"}]},"description":{"urls":[]}},"followers_count":62,"profile_sidebar_border_color":"C0DEED","id_str":"1733025583","profile_background_color":"C0DEED","listed_count":1,"is_translation_enabled":false,"utc_offset":null,"statuses_count":1096,"description":"You can lead a man to slaughter... but you're never gonna make him think! - Roy Harper","friends_count":421,"location":"Tony Iommi's mustache","profile_link_color":"0084B4","profile_image_url":"http://pbs.twimg.com/profile_images/548619163896258560/XJBots5__normal.jpeg","following":false,"geo_enabled":false,"profile_banner_url":"https://pbs.twimg.com/profile_banners/1733025583/1409530192","profile_background_image_url":"http://abs.twimg.com/images/themes/theme1/bg.png","name":"Fox Milenski","lang":"en","profile_background_tile":false,"favourites_count":4372,"screen_name":"Fox_M_APUSH","notifications":false,"url":"http://t.co/h4BpcIT5ZZ","created_at":"Thu Sep 05 20:19:12 +0000 2013","contributors_enabled":false,"time_zone":null,"protected":false,"default_profile":false,"is_translator":false},"geo":null,"in_reply_to_user_id_str":"1660694940","lang":"en","created_at":"Mon Dec 15 02:02:21 +0000 2014","in_reply_to_status_id_str":"544311121000562688","place":null},
{"contributors":null,"truncated":false,"text":"@BBCandice @PzFeed the boss of lindt says there is 50 workers in there.","in_reply_to_status_id":544308097993285632,"id":544311530372608000,"favorite_count":0,"source":"<a href=\"http://twitter.com/download/android\" rel=\"nofollow\">Twitter for Android</a>","retweeted":false,"coordinates":null,"entities":{"symbols":[],"user_mentions":[{"id":128763056,"indices":[0,10],"id_str":"128763056","screen_name":"BBCandice","name":"Candice"},{"id":292777349,"indices":[11,18],"id_str":"292777349","screen_name":"PzFeed","name":"PzFeed Top News"}],"hashtags":[],"urls":[]},"in_reply_to_screen_name":"BBCandice","id_str":"544311530372608000","retweet_count":0,"in_reply_to_user_id":128763056,"favorited":false,"user":{"follow_request_sent":false,"profile_use_background_image":true,"profile_text_color":"333333","default_profile_image":true,"id":2915283038,"profile_background_image_url_https":"https://abs.twimg.com/images/themes/theme1/bg.png","verified":false,"profile_location":null,"profile_image_url_https":"https://abs.twimg.com/sticky/default_profile_images/default_profile_3_normal.png","profile_sidebar_fill_color":"DDEEF6","entities":{"description":{"urls":[]}},"followers_count":7,"profile_sidebar_border_color":"C0DEED","id_str":"2915283038","profile_background_color":"C0DEED","listed_count":0,"is_translation_enabled":false,"utc_offset":null,"statuses_count":27,"description":"","friends_count":167,"location":"","profile_link_color":"0084B4","profile_image_url":"http://abs.twimg.com/sticky/default_profile_images/default_profile_3_normal.png","following":false,"geo_enabled":false,"profile_background_image_url":"http://abs.twimg.com/images/themes/theme1/bg.png","name":"NateDawg","lang":"en-gb","profile_background_tile":false,"favourites_count":13,"screen_name":"nathanrday","notifications":false,"url":null,"created_at":"Mon Dec 01 04:54:32 +0000 2014","contributors_enabled":false,"time_zone":null,"protected":false,"default_profile":true,"is_translator":false},"geo":null,"in_reply_to_user_id_str":"128763056","lang":"en","created_at":"Mon Dec 15 02:02:36 +0000 2014","in_reply_to_status_id_str":"544308097993285632","place":null},
{"contributors":null,"truncated":false,"text":".@Fox_M_APUSH Iraq has Arabic on their flag, and they certainly wouldn't be for this","in_reply_to_status_id":544311469559775232,"id":544311925740683264,"favorite_count":1,"source":"<a href=\"http://twitter.com/download/iphone\" rel=\"nofollow\">Twitter for iPhone</a>","retweeted":false,"coordinates":null,"entities":{"symbols":[],"user_mentions":[{"id":1733025583,"indices":[1,13],"id_str":"1733025583","screen_name":"Fox_M_APUSH","name":"Fox Milenski"}],"hashtags":[],"urls":[]},"in_reply_to_screen_name":"Fox_M_APUSH","id_str":"544311925740683264","retweet_count":0,"in_reply_to_user_id":1733025583,"favorited":false,"user":{"follow_request_sent":false,"profile_use_background_image":true,"profile_text_color":"333333","default_profile_image":false,"id":1660694940,"profile_background_image_url_https":"https://abs.twimg.com/images/themes/theme1/bg.png","verified":false,"profile_location":null,"profile_image_url_https":"https://pbs.twimg.com/profile_images/581198162330783744/YTB4EG5s_normal.jpg","profile_sidebar_fill_color":"DDEEF6","entities":{"description":{"urls":[]}},"followers_count":315,"profile_sidebar_border_color":"C0DEED","id_str":"1660694940","profile_background_color":"C0DEED","listed_count":0,"is_translation_enabled":false,"utc_offset":null,"statuses_count":10325,"description":"cleveland","friends_count":448,"location":"","profile_link_color":"0084B4","profile_image_url":"http://pbs.twimg.com/profile_images/581198162330783744/YTB4EG5s_normal.jpg","following":false,"geo_enabled":false,"profile_banner_url":"https://pbs.twimg.com/profile_banners/1660694940/1417288402","profile_background_image_url":"http://abs.twimg.com/images/themes/theme1/bg.png","name":"evan suttell","lang":"en","profile_background_tile":false,"favourites_count":20167,"screen_name":"Evansweatshirt","notifications":false,"url":null,"created_at":"Sat Aug 10 18:44:04 +0000 2013","contributors_enabled":false,"time_zone":null,"protected":false,"default_profile":true,"is_translator":false},"geo":null,"in_reply_to_user_id_str":"1733025583","lang":"en","created_at":"Mon Dec 15 02:04:10 +0000 2014","in_reply_to_status_id_str":"544311469559775232","place":null},
{"contributors":null,"truncated":false,"text":"@nathanrday @PzFeed We still don’t know who is in there. A lot of people were evacuated through windows. I want to know how they know that.","in_reply_to_status_id":544311530372608000,"id":544312091839299584,"favorite_count":0,"source":"<a href=\"https://about.twitter.com/products/tweetdeck\" rel=\"nofollow\">TweetDeck</a>","retweeted":false,"coordinates":null,"entities":{"symbols":[],"user_mentions":[{"id":2915283038,"indices":[0,11],"id_str":"2915283038","screen_name":"nathanrday","name":"NateDawg"},{"id":292777349,"indices":[12,19],"id_str":"292777349","screen_name":"PzFeed","name":"PzFeed Top News"}],"hashtags":[],"urls":[]},"in_reply_to_screen_name":"nathanrday","id_str":"544312091839299584","retweet_count":0,"in_reply_to_user_id":2915283038,"favorited":false,"user":{"follow_request_sent":false,"profile_use_background_image":true,"profile_text_color":"333333","default_profile_image":false,"id":128763056,"profile_background_image_url_https":"https://abs.twimg.com/images/themes/theme1/bg.png","verified":false,"profile_location":null,"profile_image_url_https":"https://pbs.twimg.com/profile_images/560592221972357120/DlIYvgrh_normal.jpeg","profile_sidebar_fill_color":"DDEEF6","entities":{"url":{"urls":[{"url":"http://t.co/K4jB3QDZR8","indices":[0,22],"expanded_url":"http://twitpic.com/5l70qb","display_url":"twitpic.com/5l70qb"}]},"description":{"urls":[]}},"followers_count":3028,"profile_sidebar_border_color":"C0DEED","id_str":"128763056","profile_background_color":"C0DEED","listed_count":208,"is_translation_enabled":false,"utc_offset":null,"statuses_count":126743,"description":"Professional asshole and shit talking social commentator. Big Brother Addict and hater.","friends_count":829,"location":"Denver","profile_link_color":"0084B4","profile_image_url":"http://pbs.twimg.com/profile_images/560592221972357120/DlIYvgrh_normal.jpeg","following":false,"geo_enabled":false,"profile_background_image_url":"http://abs.twimg.com/images/themes/theme1/bg.png","name":"Candice","lang":"en","profile_background_tile":false,"favourites_count":14,"screen_name":"BBCandice","notifications":false,"url":"http://t.co/K4jB3QDZR8","created_at":"Fri Apr 02 03:44:58 +0000 2010","contributors_enabled":false,"time_zone":null,"protected":false,"default_profile":true,"is_translator":false},"geo":null,"in_reply_to_user_id_str":"2915283038","lang":"en","created_at":"Mon Dec 15 02:04:50 +0000 2014","in_reply_to_status_id_str":"544311530372608000","place":null},
{"contributors":null,"truncated":false,"text":"@nathanrday @PzFeed Was he just saying that as to what daily foot traffic is like or does he have those hard facts. I didn’t hear him speak.","in_reply_to_status_id":544311530372608000,"id":544312242515480577,"favorite_count":0,"source":"<a href=\"https://about.twitter.com/products/tweetdeck\" rel=\"nofollow\">TweetDeck</a>","retweeted":false,"coordinates":null,"entities":{"symbols":[],"user_mentions":[{"id":2915283038,"indices":[0,11],"id_str":"2915283038","screen_name":"nathanrday","name":"NateDawg"},{"id":292777349,"indices":[12,19],"id_str":"292777349","screen_name":"PzFeed","name":"PzFeed Top News"}],"hashtags":[],"urls":[]},"in_reply_to_screen_name":"nathanrday","id_str":"544312242515480577","retweet_count":0,"in_reply_to_user_id":2915283038,"favorited":false,"user":{"follow_request_sent":false,"profile_use_background_image":true,"profile_text_color":"333333","default_profile_image":false,"id":128763056,"profile_background_image_url_https":"https://abs.twimg.com/images/themes/theme1/bg.png","verified":false,"profile_location":null,"profile_image_url_https":"https://pbs.twimg.com/profile_images/560592221972357120/DlIYvgrh_normal.jpeg","profile_sidebar_fill_color":"DDEEF6","entities":{"url":{"urls":[{"url":"http://t.co/K4jB3QDZR8","indices":[0,22],"expanded_url":"http://twitpic.com/5l70qb","display_url":"twitpic.com/5l70qb"}]},"description":{"urls":[]}},"followers_count":3028,"profile_sidebar_border_color":"C0DEED","id_str":"128763056","profile_background_color":"C0DEED","listed_count":208,"is_translation_enabled":false,"utc_offset":null,"statuses_count":126743,"description":"Professional asshole and shit talking social commentator. Big Brother Addict and hater.","friends_count":829,"location":"Denver","profile_link_color":"0084B4","profile_image_url":"http://pbs.twimg.com/profile_images/560592221972357120/DlIYvgrh_normal.jpeg","following":false,"geo_enabled":false,"profile_background_image_url":"http://abs.twimg.com/images/themes/theme1/bg.png","name":"Candice","lang":"en","profile_background_tile":false,"favourites_count":14,"screen_name":"BBCandice","notifications":false,"url":"http://t.co/K4jB3QDZR8","created_at":"Fri Apr 02 03:44:58 +0000 2010","contributors_enabled":false,"time_zone":null,"protected":false,"default_profile":true,"is_translator":false},"geo":null,"in_reply_to_user_id_str":"2915283038","lang":"en","created_at":"Mon Dec 15 02:05:26 +0000 2014","in_reply_to_status_id_str":"544311530372608000","place":null},
{"contributors":null,"truncated":false,"text":"@Evansweatshirt Clear proof that this report is irresponsible journalism.","in_reply_to_status_id":544311925740683264,"id":544312366125809664,"favorite_count":0,"source":"<a href=\"http://twitter.com\" rel=\"nofollow\">Twitter Web Client</a>","retweeted":false,"coordinates":null,"entities":{"symbols":[],"user_mentions":[{"id":1660694940,"indices":[0,15],"id_str":"1660694940","screen_name":"Evansweatshirt","name":"evan suttell"}],"hashtags":[],"urls":[]},"in_reply_to_screen_name":"Evansweatshirt","id_str":"544312366125809664","retweet_count":0,"in_reply_to_user_id":1660694940,"favorited":false,"user":{"follow_request_sent":false,"profile_use_background_image":true,"profile_text_color":"333333","default_profile_image":false,"id":1733025583,"profile_background_image_url_https":"https://abs.twimg.com/images/themes/theme1/bg.png","verified":false,"profile_location":null,"profile_image_url_https":"https://pbs.twimg.com/profile_images/548619163896258560/XJBots5__normal.jpeg","profile_sidebar_fill_color":"DDEEF6","entities":{"url":{"urls":[{"url":"http://t.co/h4BpcIT5ZZ","indices":[0,22],"expanded_url":"http://phish.net/faq/watsiyem","display_url":"phish.net/faq/watsiyem"}]},"description":{"urls":[]}},"followers_count":62,"profile_sidebar_border_color":"C0DEED","id_str":"1733025583","profile_background_color":"C0DEED","listed_count":1,"is_translation_enabled":false,"utc_offset":null,"statuses_count":1096,"description":"You can lead a man to slaughter... but you're never gonna make him think! - Roy Harper","friends_count":421,"location":"Tony Iommi's mustache","profile_link_color":"0084B4","profile_image_url":"http://pbs.twimg.com/profile_images/548619163896258560/XJBots5__normal.jpeg","following":false,"geo_enabled":false,"profile_banner_url":"https://pbs.twimg.com/profile_banners/1733025583/1409530192","profile_background_image_url":"http://abs.twimg.com/images/themes/theme1/bg.png","name":"Fox Milenski","lang":"en","profile_background_tile":false,"favourites_count":4372,"screen_name":"Fox_M_APUSH","notifications":false,"url":"http://t.co/h4BpcIT5ZZ","created_at":"Thu Sep 05 20:19:12 +0000 2013","contributors_enabled":false,"time_zone":null,"protected":false,"default_profile":false,"is_translator":false},"geo":null,"in_reply_to_user_id_str":"1660694940","lang":"en","created_at":"Mon Dec 15 02:05:55 +0000 2014","in_reply_to_status_id_str":"544311925740683264","place":null},
{"contributors":null,"truncated":false,"text":"@Fox_M_APUSH most likely just an Australian tabloid trying to capitalize on real news","in_reply_to_status_id":544312366125809664,"id":544312622141562880,"favorite_count":0,"source":"<a href=\"http://twitter.com/download/iphone\" rel=\"nofollow\">Twitter for iPhone</a>","retweeted":false,"coordinates":null,"entities":{"symbols":[],"user_mentions":[{"id":1733025583,"indices":[0,12],"id_str":"1733025583","screen_name":"Fox_M_APUSH","name":"Fox Milenski"}],"hashtags":[],"urls":[]},"in_reply_to_screen_name":"Fox_M_APUSH","id_str":"544312622141562880","retweet_count":0,"in_reply_to_user_id":1733025583,"favorited":false,"user":{"follow_request_sent":false,"profile_use_background_image":true,"profile_text_color":"333333","default_profile_image":false,"id":1660694940,"profile_background_image_url_https":"https://abs.twimg.com/images/themes/theme1/bg.png","verified":false,"profile_location":null,"profile_image_url_https":"https://pbs.twimg.com/profile_images/581198162330783744/YTB4EG5s_normal.jpg","profile_sidebar_fill_color":"DDEEF6","entities":{"description":{"urls":[]}},"followers_count":315,"profile_sidebar_border_color":"C0DEED","id_str":"1660694940","profile_background_color":"C0DEED","listed_count":0,"is_translation_enabled":false,"utc_offset":null,"statuses_count":10325,"description":"cleveland","friends_count":448,"location":"","profile_link_color":"0084B4","profile_image_url":"http://pbs.twimg.com/profile_images/581198162330783744/YTB4EG5s_normal.jpg","following":false,"geo_enabled":false,"profile_banner_url":"https://pbs.twimg.com/profile_banners/1660694940/1417288402","profile_background_image_url":"http://abs.twimg.com/images/themes/theme1/bg.png","name":"evan suttell","lang":"en","profile_background_tile":false,"favourites_count":20167,"screen_name":"Evansweatshirt","notifications":false,"url":null,"created_at":"Sat Aug 10 18:44:04 +0000 2013","contributors_enabled":false,"time_zone":null,"protected":false,"default_profile":true,"is_translator":false},"geo":null,"in_reply_to_user_id_str":"1733025583","lang":"en","created_at":"Mon Dec 15 02:06:56 +0000 2014","in_reply_to_status_id_str":"544312366125809664","place":null},
{"contributors":null,"truncated":false,"text":"@nathanrday @PzFeed Lindt says 10 staff and up to 30 customers. So they don’t know for sure. Just an estimate.","in_reply_to_status_id":544311530372608000,"id":544313158589222912,"favorite_count":0,"source":"<a href=\"https://about.twitter.com/products/tweetdeck\" rel=\"nofollow\">TweetDeck</a>","retweeted":false,"coordinates":null,"entities":{"symbols":[],"user_mentions":[{"id":2915283038,"indices":[0,11],"id_str":"2915283038","screen_name":"nathanrday","name":"NateDawg"},{"id":292777349,"indices":[12,19],"id_str":"292777349","screen_name":"PzFeed","name":"PzFeed Top News"}],"hashtags":[],"urls":[]},"in_reply_to_screen_name":"nathanrday","id_str":"544313158589222912","retweet_count":0,"in_reply_to_user_id":2915283038,"favorited":false,"user":{"follow_request_sent":false,"profile_use_background_image":true,"profile_text_color":"333333","default_profile_image":false,"id":128763056,"profile_background_image_url_https":"https://abs.twimg.com/images/themes/theme1/bg.png","verified":false,"profile_location":null,"profile_image_url_https":"https://pbs.twimg.com/profile_images/560592221972357120/DlIYvgrh_normal.jpeg","profile_sidebar_fill_color":"DDEEF6","entities":{"url":{"urls":[{"url":"http://t.co/K4jB3QDZR8","indices":[0,22],"expanded_url":"http://twitpic.com/5l70qb","display_url":"twitpic.com/5l70qb"}]},"description":{"urls":[]}},"followers_count":3028,"profile_sidebar_border_color":"C0DEED","id_str":"128763056","profile_background_color":"C0DEED","listed_count":208,"is_translation_enabled":false,"utc_offset":null,"statuses_count":126743,"description":"Professional asshole and shit talking social commentator. Big Brother Addict and hater.","friends_count":829,"location":"Denver","profile_link_color":"0084B4","profile_image_url":"http://pbs.twimg.com/profile_images/560592221972357120/DlIYvgrh_normal.jpeg","following":false,"geo_enabled":false,"profile_background_image_url":"http://abs.twimg.com/images/themes/theme1/bg.png","name":"Candice","lang":"en","profile_background_tile":false,"favourites_count":14,"screen_name":"BBCandice","notifications":false,"url":"http://t.co/K4jB3QDZR8","created_at":"Fri Apr 02 03:44:58 +0000 2010","contributors_enabled":false,"time_zone":null,"protected":false,"default_profile":true,"is_translator":false},"geo":null,"in_reply_to_user_id_str":"2915283038","lang":"en","created_at":"Mon Dec 15 02:09:04 +0000 2014","in_reply_to_status_id_str":"544311530372608000","place":null}
]