[{"contributors":null,"truncated":false,"text":"@Reuters \n\nKaty &amp; Bieber embrace Islam: http://t.co/5aZF6v6kxT\n\nThe Bible &amp; NASA embrace Islam: http://t.co/KL7Pm8FQcT,","in_reply_to_status_id":544334554631536640,"id":544334740497506305,"favorite_count":0,"source":"<a href=\"http://twitter.com\" rel=\"nofollow\">Twitter Web Client</a>","retweeted":false,"coordinates":null,"entities":{"symbols":[],"user_mentions":[{"id":1652541,"indices":[0,8],"id_str":"1652541","screen_name":"Reuters","name":"Reuters Top News"}],"hashtags":[],"urls":[{"url":"http://t.co/5aZF6v6kxT","indices":[44,66],"expanded_url":"http://justpaste.it/religion","display_url":"justpaste.it/religion"},{"url":"http://t.co/KL7Pm8FQcT","indices":[104,126],"expanded_url":"http://justpaste.it/NASA","display_url":"justpaste.it/NASA"}]},"in_reply_to_screen_name":"Reuters","id_str":"544334740497506305","retweet_count":0,"in_reply_to_user_id":1652541,"favorited":false,"user":{"follow_request_sent":false,"profile_use_background_image":true,"profile_text_color":"333333","default_profile_image":false,"id":607311691,"profile_background_image_url_https":"https://abs.twimg.com/images/themes/theme1/bg.png","verified":false,"profile_location":null,"profile_image_url_https":"https://pbs.twimg.com/profile_images/378800000821239542/648fc0dd49d42f9e8cc8ad3617282384_normal.png","profile_sidebar_fill_color":"DDEEF6","entities":{"description":{"urls":[]}},"followers_count":1541,"profile_sidebar_border_color":"C0DEED","id_str":"607311691","profile_background_color":"C0DEED","listed_count":27,"is_translation_enabled":false,"utc_offset":10800,"statuses_count":30036,"description":"I am willing to tweet about extraordinary, extremely interesting and awesome science only. But, I do not have enough time for discussions.","friends_count":1446,"location":"","profile_link_color":"0084B4","profile_image_url":"http://pbs.twimg.com/profile_images/378800000821239542/648fc0dd49d42f9e8cc8ad3617282384_normal.png","following":false,"geo_enabled":false,"profile_banner_url":"https://pbs.twimg.com/profile_banners/607311691/1413815124","profile_background_image_url":"http://abs.twimg.com/images/themes/theme1/bg.png","name":"Mysteries of Science","lang":"ar","profile_background_tile":false,"favourites_count":10760,"screen_name":"10010001001","notifications":false,"url":null,"created_at":"Wed Jun 13 15:34:19 +0000 2012","contributors_enabled":false,"time_zone":"Baghdad","protected":false,"default_profile":true,"is_translator":false},"geo":null,"in_reply_to_user_id_str":"1652541","possibly_sensitive":false,"lang":"sk","created_at":"Mon Dec 15 03:34:50 +0000 2014","in_reply_to_status_id_str":"544334554631536640","place":null},
{"contributors":null,"truncated":false,"text":"@Reuters I'd wipe my ass with that flag","in_reply_to_status_id":544334554631536640,"id":544334940482330624,"favorite_count":6,"source":"<a href=\"http://twitter.com/#!/download/ipad\" rel=\"nofollow\">Twitter for iPad</a>","retweeted":false,"coordinates":null,"entities":{"symbols":[],"user_mentions":[{"id":1652541,"indices":[0,8],"id_str":"1652541","screen_name":"Reuters","name":"Reuters Top News"}],"hashtags":[],"urls":[]},"in_reply_to_screen_name":"Reuters","id_str":"544334940482330624","retweet_count":0,"in_reply_to_user_id":1652541,"favorited":false,"user":{"follow_request_sent":false,"profile_use_background_image":true,"profile_text_color":"333333","default_profile_image":false,"id":2456119072,"profile_background_image_url_https":"https://abs.twimg.com/images/themes/theme1/bg.png","verified":false,"profile_location":null,"profile_image_url_https":"https://pbs.twimg.com/profile_images/589891081615060992/ZDdIhXzD_normal.jpg","profile_sidebar_fill_color":"DDEEF6","entities":{"description":{"urls":[]}},"followers_count":224,"profile_sidebar_border_color":"C0DEED","id_str":"2456119072","profile_background_color":"C0DEED","listed_count":1,"is_translation_enabled":false,"utc_offset":null,"statuses_count":8334,"description":"Marco Huck is the best fighter ever","friends_count":291,"location":"Germany","profile_link_color":"0084B4","profile_image_url":"http://pbs.twimg.com/profile_images/589891081615060992/ZDdIhXzD_normal.jpg","following":false,"geo_enabled":false,"profile_banner_url":"https://pbs.twimg.com/profile_banners/2456119072/1417067805","profile_background_image_url":"http://abs.twimg.com/images/themes/theme1/bg.png","name":"BaldHead Huck jr","lang":"en","profile_background_tile":false,"favourites_count":6265,"screen_name":"ToucanSam87","notifications":false,"url":null,"created_at":"Wed Apr 02 22:31:48 +0000 2014","contributors_enabled":false,"time_zone":null,"protected":false,"default_profile":true,"is_translator":false},"geo":null,"in_reply_to_user_id_str":"1652541","lang":"en","created_at":"Mon Dec 15 03:35:37 +0000 2014","in_reply_to_status_id_str":"544334554631536640","place":null},
{"contributors":null,"truncated":false,"text":"@Reuters Do the leftist Democrats in charge of the Party realize the danger Iran poses with Nuclear weapons? These animals will destroy us","in_reply_to_status_id":544334554631536640,"id":544335260931350528,"favorite_count":0,"source":"<a href=\"http://twitter.com/download/iphone\" rel=\"nofollow\">Twitter for iPhone</a>","retweeted":false,"coordinates":{"type":"Point","coordinates":[-73.03948632,40.83200109]},"entities":{"symbols":[],"user_mentions":[{"id":1652541,"indices":[0,8],"id_str":"1652541","screen_name":"Reuters","name":"Reuters Top News"}],"hashtags":[],"urls":[]},"in_reply_to_screen_name":"Reuters","id_str":"544335260931350528","retweet_count":0,"in_reply_to_user_id":1652541,"favorited":false,"user":{"follow_request_sent":false,"profile_use_background_image":true,"profile_text_color":"333333","default_profile_image":false,"id":715206841,"profile_background_image_url_https":"https://abs.twimg.com/images/themes/theme1/bg.png","verified":false,"profile_location":null,"profile_image_url_https":"https://pbs.twimg.com/profile_images/378800000069846545/4c288675031fa0acf96c1fb2a4682788_normal.jpeg","profile_sidebar_fill_color":"DDEEF6","entities":{"description":{"urls":[]}},"followers_count":59,"profile_sidebar_border_color":"C0DEED","id_str":"715206841","profile_background_color":"C0DEED","listed_count":3,"is_translation_enabled":false,"utc_offset":-18000,"statuses_count":6304,"description":"","friends_count":133,"location":"","profile_link_color":"0084B4","profile_image_url":"http://pbs.twimg.com/profile_images/378800000069846545/4c288675031fa0acf96c1fb2a4682788_normal.jpeg","following":false,"geo_enabled":true,"profile_background_image_url":"http://abs.twimg.com/images/themes/theme1/bg.png","name":"PLima","lang":"en","profile_background_tile":false,"favourites_count":12,"screen_name":"plkarter","notifications":false,"url":null,"created_at":"Wed Jul 25 00:54:54 +0000 2012","contributors_enabled":false,"time_zone":"Eastern Time (US & Canada)","protected":false,"default_profile":true,"is_translator":false},"geo":{"type":"Point","coordinates":[40.83200109,-73.03948632]},"in_reply_to_user_id_str":"1652541","lang":"en","created_at":"Mon Dec 15 03:36:54 +0000 2014","in_reply_to_status_id_str":"544334554631536640","place":{"full_name":"Farmingville, NY","url":"https://api.twitter.com/1.1/geo/id/508436a84be392b6.json","country":"United States","place_type":"city","bounding_box":{"type":"Polygon","coordinates":[[[-73.078514,40.821459],[-73.014675,40.821459],[-73.014675,40.859985],[-73.078514,40.859985]]]},"contained_within":[],"country_code":"US","attributes":{},"id":"508436a84be392b6","name":"Farmingville"}},
{"contributors":null,"truncated":false,"text":"@Reuters  this is the result of financing these criminals that use the relegion to achieve political aims","in_reply_to_status_id":544334554631536640,"id":544335299154046976,"favorite_count":0,"source":"<a href=\"http://twitter.com/#!/download/ipad\" rel=\"nofollow\">Twitter for iPad</a>","retweeted":false,"coordinates":null,"entities":{"symbols":[],"user_mentions":[{"id":1652541,"indices":[0,8],"id_str":"1652541","screen_name":"Reuters","name":"Reuters Top News"}],"hashtags":[],"urls":[]},"in_reply_to_screen_name":"Reuters","id_str":"544335299154046976","retweet_count":0,"in_reply_to_user_id":1652541,"favorited":false,"user":{"follow_request_sent":false,"profile_use_background_image":true,"profile_text_color":"333333","default_profile_image":false,"id":100775509,"profile_background_image_url_https":"https://abs.twimg.com/images/themes/theme1/bg.png","verified":false,"profile_location":null,"profile_image_url_https":"https://pbs.twimg.com/profile_images/2677736757/2284596976da9aa46ceb1fb558dd8984_normal.jpeg","profile_sidebar_fill_color":"DDEEF6","entities":{"description":{"urls":[]}},"followers_count":104,"profile_sidebar_border_color":"C0DEED","id_str":"100775509","profile_background_color":"C0DEED","listed_count":0,"is_translation_enabled":false,"utc_offset":null,"statuses_count":73,"description":"Pure and sewege  water ,construction , industrial  services","friends_count":142,"location":"barranquilla colombia","profile_link_color":"0084B4","profile_image_url":"http://pbs.twimg.com/profile_images/2677736757/2284596976da9aa46ceb1fb558dd8984_normal.jpeg","following":false,"geo_enabled":false,"profile_background_image_url":"http://abs.twimg.com/images/themes/theme1/bg.png","name":"chaouki ajami","lang":"en","profile_background_tile":false,"favourites_count":7,"screen_name":"chaoukiajami","notifications":false,"url":null,"created_at":"Thu Dec 31 14:19:45 +0000 2009","contributors_enabled":false,"time_zone":null,"protected":false,"default_profile":true,"is_translator":false},"geo":null,"in_reply_to_user_id_str":"1652541","lang":"en","created_at":"Mon Dec 15 03:37:03 +0000 2014","in_reply_to_status_id_str":"544334554631536640","place":null},
{"contributors":null,"truncated":false,"text":"@Reuters The damage done by Obama to appease communists will be irreversible. We have to stop this now or our nation will collapse","in_reply_to_status_id":544335260931350528,"id":544335665765552129,"favorite_count":1,"source":"<a href=\"http://twitter.com/download/iphone\" rel=\"nofollow\">Twitter for iPhone</a>","retweeted":false,"coordinates":{"type":"Point","coordinates":[-73.03962026,40.83196406]},"entities":{"symbols":[],"user_mentions":[{"id":1652541,"indices":[0,8],"id_str":"1652541","screen_name":"Reuters","name":"Reuters Top News"}],"hashtags":[],"urls":[]},"in_reply_to_screen_name":"plkarter","id_str":"544335665765552129","retweet_count":0,"in_reply_to_user_id":715206841,"favorited":false,"user":{"follow_request_sent":false,"profile_use_background_image":true,"profile_text_color":"333333","default_profile_image":false,"id":715206841,"profile_background_image_url_https":"https://abs.twimg.com/images/themes/theme1/bg.png","verified":false,"profile_location":null,"profile_image_url_https":"https://pbs.twimg.com/profile_images/378800000069846545/4c288675031fa0acf96c1fb2a4682788_normal.jpeg","profile_sidebar_fill_color":"DDEEF6","entities":{"description":{"urls":[]}},"followers_count":59,"profile_sidebar_border_color":"C0DEED","id_str":"715206841","profile_background_color":"C0DEED","listed_count":3,"is_translation_enabled":false,"utc_offset":-18000,"statuses_count":6304,"description":"","friends_count":133,"location":"","profile_link_color":"0084B4","profile_image_url":"http://pbs.twimg.com/profile_images/378800000069846545/4c288675031fa0acf96c1fb2a4682788_normal.jpeg","following":false,"geo_enabled":true,"profile_background_image_url":"http://abs.twimg.com/images/themes/theme1/bg.png","name":"PLima","lang":"en","profile_background_tile":false,"favourites_count":12,"screen_name":"plkarter","notifications":false,"url":null,"created_at":"Wed Jul 25 00:54:54 +0000 2012","contributors_enabled":false,"time_zone":"Eastern Time (US & Canada)","protected":false,"default_profile":true,"is_translator":false},"geo":{"type":"Point","coordinates":[40.83196406,-73.03962026]},"in_reply_to_user_id_str":"715206841","lang":"en","created_at":"Mon Dec 15 03:38:30 +0000 2014","in_reply_to_status_id_str":"544335260931350528","place":{"full_name":"Farmingville, NY","url":"https://api.twitter.com/1.1/geo/id/508436a84be392b6.json","country":"United States","place_type":"city","bounding_box":{"type":"Polygon","coordinates":[[[-73.078514,40.821459],[-73.014675,40.821459],[-73.014675,40.859985],[-73.078514,40.859985]]]},"contained_within":[],"country_code":"US","attributes":{},"id":"508436a84be392b6","name":"Farmingville"}},
{"contributors":null,"truncated":false,"text":"@plkarter @Reuters islamic state and most islamic terrorists are Sunni, Iran is Shia. They are enemies. Get educated.","in_reply_to_status_id":544335260931350528,"id":544335667447078912,"favorite_count":0,"source":"<a href=\"http://twitter.com/download/iphone\" rel=\"nofollow\">Twitter for iPhone</a>","retweeted":false,"coordinates":null,"entities":{"symbols":[],"user_mentions":[{"id":715206841,"indices":[0,9],"id_str":"715206841","screen_name":"plkarter","name":"PLima"},{"id":1652541,"indices":[10,18],"id_str":"1652541","screen_name":"Reuters","name":"Reuters Top News"}],"hashtags":[],"urls":[]},"in_reply_to_screen_name":"plkarter","id_str":"544335667447078912","retweet_count":0,"in_reply_to_user_id":715206841,"favorited":false,"user":{"follow_request_sent":false,"profile_use_background_image":true,"profile_text_color":"3D1957","default_profile_image":false,"id":241982231,"profile_background_image_url_https":"https://pbs.twimg.com/profile_background_images/196391001/xa9e9997af3dc88beefd1e8e350764d2.jpg","verified":false,"profile_location":null,"profile_image_url_https":"https://pbs.twimg.com/profile_images/2388395704/image_normal.jpg","profile_sidebar_fill_color":"7AC3EE","entities":{"description":{"urls":[]}},"followers_count":34,"profile_sidebar_border_color":"65B0DA","id_str":"241982231","profile_background_color":"14041F","listed_count":0,"is_translation_enabled":false,"utc_offset":28800,"statuses_count":2379,"description":"","friends_count":45,"location":"Here and There","profile_link_color":"FF0000","profile_image_url":"http://pbs.twimg.com/profile_images/2388395704/image_normal.jpg","following":false,"geo_enabled":false,"profile_background_image_url":"http://pbs.twimg.com/profile_background_images/196391001/xa9e9997af3dc88beefd1e8e350764d2.jpg","name":"Mossism","lang":"en","profile_background_tile":true,"favourites_count":741,"screen_name":"JDMoss","notifications":false,"url":null,"created_at":"Sun Jan 23 17:02:35 +0000 2011","contributors_enabled":false,"time_zone":"Hong Kong","protected":false,"default_profile":false,"is_translator":false},"geo":null,"in_reply_to_user_id_str":"715206841","lang":"en","created_at":"Mon Dec 15 03:38:31 +0000 2014","in_reply_to_status_id_str":"544335260931350528","place":null},
{"contributors":null,"truncated":false,"text":"Hostages held in Sydney cafe, forced to hold Islamic flag in window: http://t.co/azW9Zhwf9n via @Reuters","in_reply_to_status_id":544334554631536640,"id":544335875862462464,"favorite_count":0,"source":"<a href=\"http://twitter.com/download/iphone\" rel=\"nofollow\">Twitter for iPhone</a>","retweeted":false,"coordinates":null,"entities":{"symbols":[],"user_mentions":[{"id":1652541,"indices":[96,104],"id_str":"1652541","screen_name":"Reuters","name":"Reuters Top News"}],"hashtags":[],"urls":[{"url":"http://t.co/azW9Zhwf9n","indices":[69,91],"expanded_url":"http://reut.rs/1ssCCah","display_url":"reut.rs/1ssCCah"}]},"in_reply_to_screen_name":"Reuters","id_str":"544335875862462464","retweet_count":0,"in_reply_to_user_id":1652541,"favorited":false,"user":{"follow_request_sent":false,"profile_use_background_image":true,"profile_text_color":"666666","default_profile_image":false,"id":14071491,"profile_background_image_url_https":"https://pbs.twimg.com/profile_background_images/64861417/Graffiti1_2.jpg","verified":false,"profile_location":null,"profile_image_url_https":"https://pbs.twimg.com/profile_images/72431825/danny-camera-man-jan08_normal.jpg","profile_sidebar_fill_color":"000000","entities":{"url":{"urls":[{"url":"http://t.co/QEUiTXYHa2","indices":[0,22],"expanded_url":"http://instagram.com/dhodgson1000","display_url":"instagram.com/dhodgson1000"}]},"description":{"urls":[]}},"followers_count":871,"profile_sidebar_border_color":"181A1E","id_str":"14071491","profile_background_color":"000000","listed_count":59,"is_translation_enabled":false,"utc_offset":0,"statuses_count":8165,"description":"Producing & shooting breaking news around the world since 2001. Based in UK - Canadian at heart. I may offend you but I will endeavour to do so courteously.","friends_count":1988,"location":"London UK","profile_link_color":"787878","profile_image_url":"http://pbs.twimg.com/profile_images/72431825/danny-camera-man-jan08_normal.jpg","following":false,"geo_enabled":true,"profile_banner_url":"https://pbs.twimg.com/profile_banners/14071491/1406378907","profile_background_image_url":"http://pbs.twimg.com/profile_background_images/64861417/Graffiti1_2.jpg","name":"Dan Hodgson","lang":"en","profile_background_tile":true,"favourites_count":2024,"screen_name":"darkroom","notifications":false,"url":"http://t.co/QEUiTXYHa2","created_at":"Mon Mar 03 06:27:58 +0000 2008","contributors_enabled":false,"time_zone":"London","protected":false,"default_profile":false,"is_translator":false},"geo":null,"in_reply_to_user_id_str":"1652541","possibly_sensitive":false,"lang":"en","created_at":"Mon Dec 15 03:39:20 +0000 2014","in_reply_to_status_id_str":"544334554631536640","place":null},
{"contributors":null,"truncated":false,"text":"@ToucanSam87 only after emptying my clip on these m_____r f_____s.","in_reply_to_status_id":544334940482330624,"id":544335930287325184,"favorite_count":2,"source":"<a href=\"http://twitter.com/download/iphone\" rel=\"nofollow\">Twitter for iPhone</a>","retweeted":false,"coordinates":null,"entities":{"symbols":[],"user_mentions":[{"id":2456119072,"indices":[0,12],"id_str":"2456119072","screen_name":"ToucanSam87","name":"BaldHead Huck jr"}],"hashtags":[],"urls":[]},"in_reply_to_screen_name":"ToucanSam87","id_str":"544335930287325184","retweet_count":0,"in_reply_to_user_id":2456119072,"favorited":false,"user":{"follow_request_sent":false,"profile_use_background_image":true,"profile_text_color":"333333","default_profile_image":false,"id":249322219,"profile_background_image_url_https":"https://abs.twimg.com/images/themes/theme1/bg.png","verified":false,"profile_location":null,"profile_image_url_https":"https://pbs.twimg.com/profile_images/1606616044/image_normal.jpg","profile_sidebar_fill_color":"DDEEF6","entities":{"url":{"urls":[{"url":"http://t.co/4SECP2j87e","indices":[0,22],"expanded_url":"http://www.GoodDayPayday.com","display_url":"GoodDayPayday.com"}]},"description":{"urls":[]}},"followers_count":140,"profile_sidebar_border_color":"C0DEED","id_str":"249322219","profile_background_color":"C0DEED","listed_count":3,"is_translation_enabled":false,"utc_offset":-28800,"statuses_count":569,"description":"Your neighborhood's socially responsible retail financial services firm.","friends_count":867,"location":"","profile_link_color":"0084B4","profile_image_url":"http://pbs.twimg.com/profile_images/1606616044/image_normal.jpg","following":false,"geo_enabled":false,"profile_background_image_url":"http://abs.twimg.com/images/themes/theme1/bg.png","name":"Good Day Payday","lang":"en","profile_background_tile":false,"favourites_count":195,"screen_name":"GoodDayPayday","notifications":false,"url":"http://t.co/4SECP2j87e","created_at":"Tue Feb 08 20:29:56 +0000 2011","contributors_enabled":false,"time_zone":"Pacific Time (US & Canada)","protected":false,"default_profile":true,"is_translator":false},"geo":null,"in_reply_to_user_id_str":"2456119072","lang":"en","created_at":"Mon Dec 15 03:39:33 +0000 2014","in_reply_to_status_id_str":"544334940482330624","place":null},
{"contributors":null,"truncated":false,"text":"@chaoukiajami @Reuters this is the result of religious fundamentalism. Period.","in_reply_to_status_id":544335299154046976,"id":544335945600729090,"favorite_count":0,"source":"<a href=\"http://twitter.com/download/iphone\" rel=\"nofollow\">Twitter for iPhone</a>","retweeted":false,"coordinates":null,"entities":{"symbols":[],"user_mentions":[{"id":100775509,"indices":[0,13],"id_str":"100775509","screen_name":"chaoukiajami","name":"chaouki ajami"},{"id":1652541,"indices":[14,22],"id_str":"1652541","screen_name":"Reuters","name":"Reuters Top News"}],"hashtags":[],"urls":[]},"in_reply_to_screen_name":"chaoukiajami","id_str":"544335945600729090","retweet_count":1,"in_reply_to_user_id":100775509,"favorited":false,"user":{"follow_request_sent":false,"profile_use_background_image":true,"profile_text_color":"3D1957","default_profile_image":false,"id":241982231,"profile_background_image_url_https":"https://pbs.twimg.com/profile_background_images/196391001/xa9e9997af3dc88beefd1e8e350764d2.jpg","verified":false,"profile_location":null,"profile_image_url_https":"https://pbs.twimg.com/profile_images/2388395704/image_normal.jpg","profile_sidebar_fill_color":"7AC3EE","entities":{"description":{"urls":[]}},"followers_count":34,"profile_sidebar_border_color":"65B0DA","id_str":"241982231","profile_background_color":"14041F","listed_count":0,"is_translation_enabled":false,"utc_offset":28800,"statuses_count":2379,"description":"","friends_count":45,"location":"Here and There","profile_link_color":"FF0000","profile_image_url":"http://pbs.twimg.com/profile_images/2388395704/image_normal.jpg","following":false,"geo_enabled":false,"profile_background_image_url":"http://pbs.twimg.com/profile_background_images/196391001/xa9e9997af3dc88beefd1e8e350764d2.jpg","name":"Mossism","lang":"en","profile_background_tile":true,"favourites_count":741,"screen_name":"JDMoss","notifications":false,"url":null,"created_at":"Sun Jan 23 17:02:35 +0000 2011","contributors_enabled":false,"time_zone":"Hong Kong","protected":false,"default_profile":false,"is_translator":false},"geo":null,"in_reply_to_user_id_str":"100775509","lang":"en","created_at":"Mon Dec 15 03:39:37 +0000 2014","in_reply_to_status_id_str":"544335299154046976","place":null},
{"contributors":null,"truncated":false,"text":"@GoodDayPayday amen brother","in_reply_to_status_id":544335930287325184,"id":544336593650450432,"favorite_count":0,"source":"<a href=\"http://twitter.com/#!/download/ipad\" rel=\"nofollow\">Twitter for iPad</a>","retweeted":false,"coordinates":null,"entities":{"symbols":[],"user_mentions":[{"id":249322219,"indices":[0,14],"id_str":"249322219","screen_name":"GoodDayPayday","name":"Good Day Payday"}],"hashtags":[],"urls":[]},"in_reply_to_screen_name":"GoodDayPayday","id_str":"544336593650450432","retweet_count":0,"in_reply_to_user_id":249322219,"favorited":false,"user":{"follow_request_sent":false,"profile_use_background_image":true,"profile_text_color":"333333","default_profile_image":false,"id":2456119072,"profile_background_image_url_https":"https://abs.twimg.com/images/themes/theme1/bg.png","verified":false,"profile_location":null,"profile_image_url_https":"https://pbs.twimg.com/profile_images/589891081615060992/ZDdIhXzD_normal.jpg","profile_sidebar_fill_color":"DDEEF6","entities":{"description":{"urls":[]}},"followers_count":224,"profile_sidebar_border_color":"C0DEED","id_str":"2456119072","profile_background_color":"C0DEED","listed_count":1,"is_translation_enabled":false,"utc_offset":null,"statuses_count":8334,"description":"Marco Huck is the best fighter ever","friends_count":291,"location":"Germany","profile_link_color":"0084B4","profile_image_url":"http://pbs.twimg.com/profile_images/589891081615060992/ZDdIhXzD_normal.jpg","following":false,"geo_enabled":false,"profile_banner_url":"https://pbs.twimg.com/profile_banners/2456119072/1417067805","profile_background_image_url":"http://abs.twimg.com/images/themes/theme1/bg.png","name":"BaldHead Huck jr","lang":"en","profile_background_tile":false,"favourites_count":6265,"screen_name":"ToucanSam87","notifications":false,"url":null,"created_at":"Wed Apr 02 22:31:48 +0000 2014","contributors_enabled":false,"time_zone":null,"protected":false,"default_profile":true,"is_translator":false},"geo":null,"in_reply_to_user_id_str":"249322219","lang":"en","created_at":"Mon Dec 15 03:42:11 +0000 2014","in_reply_to_status_id_str":"544335930287325184","place":null},
{"contributors":null,"truncated":false,"text":"@plkarter you do realise that Sydney is in Australia which has a *Conservative* national government who are members of the Liberal Party.","in_reply_to_status_id":544335665765552129,"id":544337927078047745,"favorite_count":1,"source":"<a href=\"http://twitter.com/download/android\" rel=\"nofollow\">Twitter for Android</a>","retweeted":false,"coordinates":null,"entities":{"symbols":[],"user_mentions":[{"id":715206841,"indices":[0,9],"id_str":"715206841","screen_name":"plkarter","name":"PLima"}],"hashtags":[],"urls":[]},"in_reply_to_screen_name":"plkarter","id_str":"544337927078047745","retweet_count":0,"in_reply_to_user_id":715206841,"favorited":false,"user":{"follow_request_sent":false,"profile_use_background_image":true,"profile_text_color":"333333","default_profile_image":false,"id":326888401,"profile_background_image_url_https":"https://abs.twimg.com/images/themes/theme1/bg.png","verified":false,"profile_location":null,"profile_image_url_https":"https://pbs.twimg.com/profile_images/1420618832/me_normal.jpg","profile_sidebar_fill_color":"DDEEF6","entities":{"url":{"urls":[{"url":"http://t.co/fxy7G1yLUe","indices":[0,22],"expanded_url":"http://vanillajava.blogspot.com/","display_url":"vanillajava.blogspot.com"}]},"description":{"urls":[]}},"followers_count":1295,"profile_sidebar_border_color":"C0DEED","id_str":"326888401","profile_background_color":"C0DEED","listed_count":56,"is_translation_enabled":false,"utc_offset":null,"statuses_count":2903,"description":"Innovative developer of high performance Java systems for competitive advantage.","friends_count":386,"location":"U.K.","profile_link_color":"0084B4","profile_image_url":"http://pbs.twimg.com/profile_images/1420618832/me_normal.jpg","following":false,"geo_enabled":true,"profile_background_image_url":"http://abs.twimg.com/images/themes/theme1/bg.png","name":"Peter Lawrey","lang":"en","profile_background_tile":false,"favourites_count":3917,"screen_name":"PeterLawrey","notifications":false,"url":"http://t.co/fxy7G1yLUe","created_at":"Thu Jun 30 17:10:19 +0000 2011","contributors_enabled":false,"time_zone":null,"protected":false,"default_profile":true,"is_translator":false},"geo":null,"in_reply_to_user_id_str":"715206841","lang":"en","created_at":"Mon Dec 15 03:47:29 +0000 2014","in_reply_to_status_id_str":"544335665765552129","place":null},
{"contributors":null,"truncated":false,"text":"What's \"Islamic flag?\" RT @Reuters: Hostages held in Sydney cafe, forced to hold Islamic flag in window: http://t.co/0LqtkSh0ud","in_reply_to_status_id":544334554631536640,"id":544339351421739008,"favorite_count":5,"source":"<a href=\"http://twitter.com/download/iphone\" rel=\"nofollow\">Twitter for iPhone</a>","retweeted":false,"coordinates":null,"entities":{"symbols":[],"user_mentions":[{"id":1652541,"indices":[26,34],"id_str":"1652541","screen_name":"Reuters","name":"Reuters Top News"}],"hashtags":[],"urls":[{"url":"http://t.co/0LqtkSh0ud","indices":[105,127],"expanded_url":"http://reut.rs/1ssCCah","display_url":"reut.rs/1ssCCah"}]},"in_reply_to_screen_name":"Reuters","id_str":"544339351421739008","retweet_count":11,"in_reply_to_user_id":1652541,"favorited":false,"user":{"follow_request_sent":false,"profile_use_background_image":true,"profile_text_color":"333333","default_profile_image":false,"id":167592087,"profile_background_image_url_https":"https://abs.twimg.com/images/themes/theme14/bg.gif","verified":false,"profile_location":null,"profile_image_url_https":"https://pbs.twimg.com/profile_images/509771649844264960/mkYPlIon_normal.jpeg","profile_sidebar_fill_color":"EFEFEF","entities":{"url":{"urls":[{"url":"http://t.co/NEq1wv1agC","indices":[0,22],"expanded_url":"http://sahanjournal.com","display_url":"sahanjournal.com"}]},"description":{"urls":[]}},"followers_count":13059,"profile_sidebar_border_color":"FFFFFF","id_str":"167592087","profile_background_color":"FFFFFF","listed_count":226,"is_translation_enabled":false,"utc_offset":-21600,"statuses_count":17481,"description":"Contributing reporter, @MPRNews • Minnesotan • Lover of social media and international affairs • Somali, American • mukhtaryare@gmail.com • Follow @SahanJournal","friends_count":3161,"location":"","profile_link_color":"BF00FF","profile_image_url":"http://pbs.twimg.com/profile_images/509771649844264960/mkYPlIon_normal.jpeg","following":false,"geo_enabled":true,"profile_banner_url":"https://pbs.twimg.com/profile_banners/167592087/1397266478","profile_background_image_url":"http://abs.twimg.com/images/themes/theme14/bg.gif","name":"Mukhtar Ibrahim","lang":"en","profile_background_tile":false,"favourites_count":1835,"screen_name":"mukhtaryare","notifications":false,"url":"http://t.co/NEq1wv1agC","created_at":"Sat Jul 17 00:20:23 +0000 2010","contributors_enabled":false,"time_zone":"Central Time (US & Canada)","protected":false,"default_profile":false,"is_translator":false},"geo":null,"in_reply_to_user_id_str":"1652541","possibly_sensitive":false,"lang":"en","created_at":"Mon Dec 15 03:53:09 +0000 2014","in_reply_to_status_id_str":"544334554631536640","place":null},
{"contributors":null,"truncated":false,"text":".@Reuters @SeeTac7 thank goodness it wasn't an Uber flag. That would have elicited worldwide outrage.","in_reply_to_status_id":544334554631536640,"id":544339401883398145,"favorite_count":0,"source":"<a href=\"http://twitter.com/#!/download/ipad\" rel=\"nofollow\">Twitter for iPad</a>","retweeted":false,"coordinates":null,"entities":{"symbols":[],"user_mentions":[{"id":1652541,"indices":[1,9],"id_str":"1652541","screen_name":"Reuters","name":"Reuters Top News"},{"id":277561227,"indices":[10,18],"id_str":"277561227","screen_name":"SeeTac7","name":"AJ"}],"hashtags":[],"urls":[]},"in_reply_to_screen_name":"Reuters","id_str":"544339401883398145","retweet_count":0,"in_reply_to_user_id":1652541,"favorited":false,"user":{"follow_request_sent":false,"profile_use_background_image":true,"profile_text_color":"333333","default_profile_image":false,"id":2149902227,"profile_background_image_url_https":"https://abs.twimg.com/images/themes/theme1/bg.png","verified":false,"profile_location":null,"profile_image_url_https":"https://pbs.twimg.com/profile_images/489781112479035393/oRj4Xexv_normal.jpeg","profile_sidebar_fill_color":"DDEEF6","entities":{"description":{"urls":[]}},"followers_count":356,"profile_sidebar_border_color":"C0DEED","id_str":"2149902227","profile_background_color":"C0DEED","listed_count":9,"is_translation_enabled":false,"utc_offset":null,"statuses_count":17055,"description":"Captain, USA (Ret) ~ 1/16th Cherokee ~ Explanatory Tweeter ~ If you like your plan, you can keep your plan™ ~ Family Man ~ Cycling, MIZZOU, Creighton","friends_count":179,"location":"~ Indy, USA ~","profile_link_color":"0084B4","profile_image_url":"http://pbs.twimg.com/profile_images/489781112479035393/oRj4Xexv_normal.jpeg","following":false,"geo_enabled":false,"profile_banner_url":"https://pbs.twimg.com/profile_banners/2149902227/1382558922","profile_background_image_url":"http://abs.twimg.com/images/themes/theme1/bg.png","name":"Ezra Cole","lang":"en","profile_background_tile":false,"favourites_count":1434,"screen_name":"DesertedOdds","notifications":false,"url":null,"created_at":"Wed Oct 23 19:04:41 +0000 2013","contributors_enabled":false,"time_zone":null,"protected":false,"default_profile":true,"is_translator":false},"geo":null,"in_reply_to_user_id_str":"1652541","lang":"en","created_at":"Mon Dec 15 03:53:21 +0000 2014","in_reply_to_status_id_str":"544334554631536640","place":null},
{"contributors":null,"truncated":false,"text":"“@Reuters: Hostages held in Sydney cafe, forced to hold Islamic flag in window: http://t.co/eRqmI3medF http://t.co/KhiT8Mb25Q”","in_reply_to_status_id":544334554631536640,"id":544341196282155008,"favorite_count":0,"source":"<a href=\"http://twitter.com/download/iphone\" rel=\"nofollow\">Twitter for iPhone</a>","retweeted":false,"coordinates":null,"entities":{"symbols":[],"user_mentions":[{"id":1652541,"indices":[1,9],"id_str":"1652541","screen_name":"Reuters","name":"Reuters Top News"}],"hashtags":[],"urls":[{"url":"http://t.co/eRqmI3medF","indices":[80,102],"expanded_url":"http://reut.rs/1ssCCah","display_url":"reut.rs/1ssCCah"}],"media":[{"source_user_id":1652541,"source_status_id_str":"544334554631536640","expanded_url":"http://twitter.com/Reuters/status/544334554631536640/photo/1","display_url":"pic.twitter.com/KhiT8Mb25Q","url":"http://t.co/KhiT8Mb25Q","media_url_https":"https://pbs.twimg.com/media/B43dZLVIgAA-IN_.jpg","source_user_id_str":"1652541","source_status_id":544334554631536640,"id_str":"544334554589593600","sizes":{"large":{"h":378,"resize":"fit","w":522},"small":{"h":246,"resize":"fit","w":340},"medium":{"h":378,"resize":"fit","w":522},"thumb":{"h":150,"resize":"crop","w":150}},"indices":[103,125],"type":"photo","id":544334554589593600,"media_url":"http://pbs.twimg.com/media/B43dZLVIgAA-IN_.jpg"}]},"in_reply_to_screen_name":"Reuters","id_str":"544341196282155008","retweet_count":0,"in_reply_to_user_id":1652541,"favorited":false,"user":{"follow_request_sent":false,"profile_use_background_image":true,"profile_text_color":"000000","default_profile_image":false,"id":43720213,"profile_background_image_url_https":"https://pbs.twimg.com/profile_background_images/170387782/Ernz_Lim.jpg","verified":false,"profile_location":null,"profile_image_url_https":"https://pbs.twimg.com/profile_images/587304886162735104/bqttb48-_normal.jpg","profile_sidebar_fill_color":"8C5200","entities":{"url":{"urls":[{"url":"http://t.co/0fYsZuLUpQ","indices":[0,22],"expanded_url":"http://www.facebook.com/ernzlim","display_url":"facebook.com/ernzlim"}]},"description":{"urls":[]}},"followers_count":404,"profile_sidebar_border_color":"E2FF03","id_str":"43720213","profile_background_color":"000000","listed_count":7,"is_translation_enabled":false,"utc_offset":28800,"statuses_count":14069,"description":"My tweets are beyond fabulous. Go amaze-balls with me. Life's like that, love life. Instagram: @ErnzLim.","friends_count":158,"location":"Tweet Isle,Singapore","profile_link_color":"06146E","profile_image_url":"http://pbs.twimg.com/profile_images/587304886162735104/bqttb48-_normal.jpg","following":false,"geo_enabled":true,"profile_banner_url":"https://pbs.twimg.com/profile_banners/43720213/1349504112","profile_background_image_url":"http://pbs.twimg.com/profile_background_images/170387782/Ernz_Lim.jpg","name":"Ernz Lim","lang":"en","profile_background_tile":true,"favourites_count":140,"screen_name":"ErnzLim","notifications":false,"url":"http://t.co/0fYsZuLUpQ","created_at":"Sun May 31 17:26:10 +0000 2009","contributors_enabled":false,"time_zone":"Singapore","protected":false,"default_profile":false,"is_translator":false},"geo":null,"in_reply_to_user_id_str":"1652541","possibly_sensitive":false,"lang":"en","created_at":"Mon Dec 15 04:00:29 +0000 2014","in_reply_to_status_id_str":"544334554631536640","place":null,"extended_entities":{"media":[{"source_user_id":1652541,"source_status_id_str":"544334554631536640","expanded_url":"http://twitter.com/Reuters/status/544334554631536640/photo/1","display_url":"pic.twitter.com/KhiT8Mb25Q","url":"http://t.co/KhiT8Mb25Q","media_url_https":"https://pbs.twimg.com/media/B43dZLVIgAA-IN_.jpg","source_user_id_str":"1652541","source_status_id":544334554631536640,"id_str":"544334554589593600","sizes":{"large":{"h":378,"resize":"fit","w":522},"small":{"h":246,"resize":"fit","w":340},"medium":{"h":378,"resize":"fit","w":522},"thumb":{"h":150,"resize":"crop","w":150}},"indices":[103,125],"type":"photo","id":544334554589593600,"media_url":"http://pbs.twimg.com/media/B43dZLVIgAA-IN_.jpg"}]}},
{"contributors":null,"truncated":false,"text":"ISIS ? OMG @Reuters: Hostages held in Sydney cafe, forced to hold Islamic flag in window: http://t.co/g4ZnpfT8J1 http://t.co/vU8sOQGwJP”","in_reply_to_status_id":544334554631536640,"id":544342407722962945,"favorite_count":0,"source":"<a href=\"http://twitter.com/download/iphone\" rel=\"nofollow\">Twitter for iPhone</a>","retweeted":false,"coordinates":null,"entities":{"symbols":[],"user_mentions":[{"id":1652541,"indices":[11,19],"id_str":"1652541","screen_name":"Reuters","name":"Reuters Top News"}],"hashtags":[],"urls":[{"url":"http://t.co/g4ZnpfT8J1","indices":[90,112],"expanded_url":"http://reut.rs/1ssCCah","display_url":"reut.rs/1ssCCah"}],"media":[{"source_user_id":1652541,"source_status_id_str":"544334554631536640","expanded_url":"http://twitter.com/Reuters/status/544334554631536640/photo/1","display_url":"pic.twitter.com/vU8sOQGwJP","url":"http://t.co/vU8sOQGwJP","media_url_https":"https://pbs.twimg.com/media/B43dZLVIgAA-IN_.jpg","source_user_id_str":"1652541","source_status_id":544334554631536640,"id_str":"544334554589593600","sizes":{"large":{"h":378,"resize":"fit","w":522},"small":{"h":246,"resize":"fit","w":340},"medium":{"h":378,"resize":"fit","w":522},"thumb":{"h":150,"resize":"crop","w":150}},"indices":[113,135],"type":"photo","id":544334554589593600,"media_url":"http://pbs.twimg.com/media/B43dZLVIgAA-IN_.jpg"}]},"in_reply_to_screen_name":"Reuters","id_str":"544342407722962945","retweet_count":0,"in_reply_to_user_id":1652541,"favorited":false,"user":{"follow_request_sent":false,"profile_use_background_image":true,"profile_text_color":"0C3E53","default_profile_image":false,"id":27836427,"profile_background_image_url_https":"https://abs.twimg.com/images/themes/theme12/bg.gif","verified":false,"profile_location":null,"profile_image_url_https":"https://pbs.twimg.com/profile_images/589481974403698688/CXUgM-RN_normal.jpg","profile_sidebar_fill_color":"FFF7CC","entities":{"description":{"urls":[]}},"followers_count":1290,"profile_sidebar_border_color":"F2E195","id_str":"27836427","profile_background_color":"BADFCD","listed_count":4,"is_translation_enabled":false,"utc_offset":25200,"statuses_count":6556,"description":"• writer (great people and ideas) • dad • shareholder of a great nation : Indonesia • author of #SolusiJokowi •","friends_count":759,"location":"","profile_link_color":"FF0000","profile_image_url":"http://pbs.twimg.com/profile_images/589481974403698688/CXUgM-RN_normal.jpg","following":false,"geo_enabled":true,"profile_banner_url":"https://pbs.twimg.com/profile_banners/27836427/1417354122","profile_background_image_url":"http://abs.twimg.com/images/themes/theme12/bg.gif","name":"Michael F. Umbas","lang":"en","profile_background_tile":false,"favourites_count":83,"screen_name":"MichaelUmbas","notifications":false,"url":null,"created_at":"Tue Mar 31 08:15:29 +0000 2009","contributors_enabled":false,"time_zone":"Jakarta","protected":false,"default_profile":false,"is_translator":false},"geo":null,"in_reply_to_user_id_str":"1652541","possibly_sensitive":false,"lang":"en","created_at":"Mon Dec 15 04:05:18 +0000 2014","in_reply_to_status_id_str":"544334554631536640","place":null,"extended_entities":{"media":[{"source_user_id":1652541,"source_status_id_str":"544334554631536640","expanded_url":"http://twitter.com/Reuters/status/544334554631536640/photo/1","display_url":"pic.twitter.com/vU8sOQGwJP","url":"http://t.co/vU8sOQGwJP","media_url_https":"https://pbs.twimg.com/media/B43dZLVIgAA-IN_.jpg","source_user_id_str":"1652541","source_status_id":544334554631536640,"id_str":"544334554589593600","sizes":{"large":{"h":378,"resize":"fit","w":522},"small":{"h":246,"resize":"fit","w":340},"medium":{"h":378,"resize":"fit","w":522},"thumb":{"h":150,"resize":"crop","w":150}},"indices":[113,135],"type":"photo","id":544334554589593600,"media_url":"http://pbs.twimg.com/media/B43dZLVIgAA-IN_.jpg"}]}},
{"contributors":null,"truncated":false,"text":"Uh oh. RT @Reuters: Hostages held in Sydney cafe, forced to hold Islamic flag in window: http://t.co/my4l9GVZE1 http://t.co/z5vMJ9CM7I","in_reply_to_status_id":544334554631536640,"id":544343374250409985,"favorite_count":0,"source":"<a href=\"http://twitter.com/download/iphone\" rel=\"nofollow\">Twitter for iPhone</a>","retweeted":false,"coordinates":null,"entities":{"symbols":[],"user_mentions":[{"id":1652541,"indices":[10,18],"id_str":"1652541","screen_name":"Reuters","name":"Reuters Top News"}],"hashtags":[],"urls":[{"url":"http://t.co/my4l9GVZE1","indices":[89,111],"expanded_url":"http://reut.rs/1ssCCah","display_url":"reut.rs/1ssCCah"}],"media":[{"source_user_id":1652541,"source_status_id_str":"544334554631536640","expanded_url":"http://twitter.com/Reuters/status/544334554631536640/photo/1","display_url":"pic.twitter.com/z5vMJ9CM7I","url":"http://t.co/z5vMJ9CM7I","media_url_https":"https://pbs.twimg.com/media/B43dZLVIgAA-IN_.jpg","source_user_id_str":"1652541","source_status_id":544334554631536640,"id_str":"544334554589593600","sizes":{"large":{"h":378,"resize":"fit","w":522},"small":{"h":246,"resize":"fit","w":340},"medium":{"h":378,"resize":"fit","w":522},"thumb":{"h":150,"resize":"crop","w":150}},"indices":[112,134],"type":"photo","id":544334554589593600,"media_url":"http://pbs.twimg.com/media/B43dZLVIgAA-IN_.jpg"}]},"in_reply_to_screen_name":"Reuters","id_str":"544343374250409985","retweet_count":0,"in_reply_to_user_id":1652541,"favorited":false,"user":{"follow_request_sent":false,"profile_use_background_image":true,"profile_text_color":"333333","default_profile_image":false,"id":25872740,"profile_background_image_url_https":"https://abs.twimg.com/images/themes/theme1/bg.png","verified":false,"profile_location":null,"profile_image_url_https":"https://pbs.twimg.com/profile_images/3482468583/1004695874950b93cc17832aa32f1578_normal.jpeg","profile_sidebar_fill_color":"DDEEF6","entities":{"description":{"urls":[]}},"followers_count":1659,"profile_sidebar_border_color":"C0DEED","id_str":"25872740","profile_background_color":"C0DEED","listed_count":91,"is_translation_enabled":false,"utc_offset":null,"statuses_count":25048,"description":"Natl Security & other views from the CEO of a cybersecurity VC. Conservative Democrat who loves elephants. Lover of wine & sarcasm","friends_count":1003,"location":"New York City","profile_link_color":"0084B4","profile_image_url":"http://pbs.twimg.com/profile_images/3482468583/1004695874950b93cc17832aa32f1578_normal.jpeg","following":false,"geo_enabled":true,"profile_background_image_url":"http://abs.twimg.com/images/themes/theme1/bg.png","name":"Manish Thakur","lang":"en","profile_background_tile":false,"favourites_count":87,"screen_name":"dailyexception","notifications":false,"url":null,"created_at":"Sun Mar 22 20:20:43 +0000 2009","contributors_enabled":false,"time_zone":null,"protected":false,"default_profile":true,"is_translator":false},"geo":null,"in_reply_to_user_id_str":"1652541","possibly_sensitive":false,"lang":"en","created_at":"Mon Dec 15 04:09:08 +0000 2014","in_reply_to_status_id_str":"544334554631536640","place":null,"extended_entities":{"media":[{"source_user_id":1652541,"source_status_id_str":"544334554631536640","expanded_url":"http://twitter.com/Reuters/status/544334554631536640/photo/1","display_url":"pic.twitter.com/z5vMJ9CM7I","url":"http://t.co/z5vMJ9CM7I","media_url_https":"https://pbs.twimg.com/media/B43dZLVIgAA-IN_.jpg","source_user_id_str":"1652541","source_status_id":544334554631536640,"id_str":"544334554589593600","sizes":{"large":{"h":378,"resize":"fit","w":522},"small":{"h":246,"resize":"fit","w":340},"medium":{"h":378,"resize":"fit","w":522},"thumb":{"h":150,"resize":"crop","w":150}},"indices":[112,134],"type":"photo","id":544334554589593600,"media_url":"http://pbs.twimg.com/media/B43dZLVIgAA-IN_.jpg"}]}},
{"contributors":null,"truncated":false,"text":"Hey, @Reuters, what is an \"Islamic\" flag ? If you don't know what you're talking about, better not report @PabloDiez_ABC","in_reply_to_status_id":544334554631536640,"id":544344859306622976,"favorite_count":0,"source":"<a href=\"http://twitter.com\" rel=\"nofollow\">Twitter Web Client</a>","retweeted":false,"coordinates":null,"entities":{"symbols":[],"user_mentions":[{"id":1652541,"indices":[5,13],"id_str":"1652541","screen_name":"Reuters","name":"Reuters Top News"},{"id":426379678,"indices":[106,120],"id_str":"426379678","screen_name":"PabloDiez_ABC","name":"Pablo M. Díez"}],"hashtags":[],"urls":[]},"in_reply_to_screen_name":"Reuters","id_str":"544344859306622976","retweet_count":0,"in_reply_to_user_id":1652541,"favorited":false,"user":{"follow_request_sent":false,"profile_use_background_image":true,"profile_text_color":"333333","default_profile_image":false,"id":39498918,"profile_background_image_url_https":"https://abs.twimg.com/images/themes/theme1/bg.png","verified":false,"profile_location":null,"profile_image_url_https":"https://pbs.twimg.com/profile_images/455246798261477376/AvSQI1DW_normal.jpeg","profile_sidebar_fill_color":"DDEEF6","entities":{"description":{"urls":[]}},"followers_count":175,"profile_sidebar_border_color":"C0DEED","id_str":"39498918","profile_background_color":"C0DEED","listed_count":7,"is_translation_enabled":false,"utc_offset":null,"statuses_count":8798,"description":"","friends_count":500,"location":"","profile_link_color":"0084B4","profile_image_url":"http://pbs.twimg.com/profile_images/455246798261477376/AvSQI1DW_normal.jpeg","following":false,"geo_enabled":false,"profile_background_image_url":"http://abs.twimg.com/images/themes/theme1/bg.png","name":"roanmartigan","lang":"en","profile_background_tile":false,"favourites_count":407,"screen_name":"roanmartigan","notifications":false,"url":null,"created_at":"Tue May 12 13:31:34 +0000 2009","contributors_enabled":false,"time_zone":null,"protected":false,"default_profile":true,"is_translator":false},"geo":null,"in_reply_to_user_id_str":"1652541","lang":"en","created_at":"Mon Dec 15 04:15:02 +0000 2014","in_reply_to_status_id_str":"544334554631536640","place":null},
{"contributors":null,"truncated":false,"text":"@Reuters I've been REALLY praying 4 them most of the evening.  Please join me &amp; do the same!  Freaking terrifying 2 worry about your life!","in_reply_to_status_id":544334554631536640,"id":544345330691493888,"favorite_count":0,"source":"<a href=\"http://twitter.com\" rel=\"nofollow\">Twitter Web Client</a>","retweeted":false,"coordinates":null,"entities":{"symbols":[],"user_mentions":[{"id":1652541,"indices":[0,8],"id_str":"1652541","screen_name":"Reuters","name":"Reuters Top News"}],"hashtags":[],"urls":[]},"in_reply_to_screen_name":"Reuters","id_str":"544345330691493888","retweet_count":0,"in_reply_to_user_id":1652541,"favorited":false,"user":{"follow_request_sent":false,"profile_use_background_image":false,"profile_text_color":"333333","default_profile_image":false,"id":69032114,"profile_background_image_url_https":"https://abs.twimg.com/images/themes/theme17/bg.gif","verified":false,"profile_location":null,"profile_image_url_https":"https://pbs.twimg.com/profile_images/437683956/MyPhoto_normal.jpg","profile_sidebar_fill_color":"E6F6F9","entities":{"description":{"urls":[]}},"followers_count":1217,"profile_sidebar_border_color":"FFFFFF","id_str":"69032114","profile_background_color":"8B599C","listed_count":40,"is_translation_enabled":false,"utc_offset":-21600,"statuses_count":66084,"description":"Teacher","friends_count":1096,"location":"Brandon, Manitoba, Canada","profile_link_color":"B833CC","profile_image_url":"http://pbs.twimg.com/profile_images/437683956/MyPhoto_normal.jpg","following":false,"geo_enabled":false,"profile_background_image_url":"http://abs.twimg.com/images/themes/theme17/bg.gif","name":"Deborah Boschman","lang":"en","profile_background_tile":false,"favourites_count":7496,"screen_name":"Manitobagal","notifications":false,"url":null,"created_at":"Wed Aug 26 16:54:03 +0000 2009","contributors_enabled":false,"time_zone":"Central Time (US & Canada)","protected":false,"default_profile":false,"is_translator":false},"geo":null,"in_reply_to_user_id_str":"1652541","lang":"en","created_at":"Mon Dec 15 04:16:54 +0000 2014","in_reply_to_status_id_str":"544334554631536640","place":null},
{"contributors":null,"truncated":false,"text":"“@Reuters: Hostages held in Sydney cafe, forced to hold Islamic flag in window: http://t.co/oISl2pFZYa http://t.co/oOwN7rWaRZ”","in_reply_to_status_id":544334554631536640,"id":544348763544760320,"favorite_count":0,"source":"<a href=\"http://twitter.com/download/iphone\" rel=\"nofollow\">Twitter for iPhone</a>","retweeted":false,"coordinates":null,"entities":{"symbols":[],"user_mentions":[{"id":1652541,"indices":[1,9],"id_str":"1652541","screen_name":"Reuters","name":"Reuters Top News"}],"hashtags":[],"urls":[{"url":"http://t.co/oISl2pFZYa","indices":[80,102],"expanded_url":"http://reut.rs/1ssCCah","display_url":"reut.rs/1ssCCah"}],"media":[{"source_user_id":1652541,"source_status_id_str":"544334554631536640","expanded_url":"http://twitter.com/Reuters/status/544334554631536640/photo/1","display_url":"pic.twitter.com/oOwN7rWaRZ","url":"http://t.co/oOwN7rWaRZ","media_url_https":"https://pbs.twimg.com/media/B43dZLVIgAA-IN_.jpg","source_user_id_str":"1652541","source_status_id":544334554631536640,"id_str":"544334554589593600","sizes":{"large":{"h":378,"resize":"fit","w":522},"small":{"h":246,"resize":"fit","w":340},"medium":{"h":378,"resize":"fit","w":522},"thumb":{"h":150,"resize":"crop","w":150}},"indices":[103,125],"type":"photo","id":544334554589593600,"media_url":"http://pbs.twimg.com/media/B43dZLVIgAA-IN_.jpg"}]},"in_reply_to_screen_name":"Reuters","id_str":"544348763544760320","retweet_count":0,"in_reply_to_user_id":1652541,"favorited":false,"user":{"follow_request_sent":false,"profile_use_background_image":true,"profile_text_color":"333333","default_profile_image":false,"id":584695875,"profile_background_image_url_https":"https://pbs.twimg.com/profile_background_images/733361491/a1ba91997b6c47693689c1d459323028.png","verified":false,"profile_location":null,"profile_image_url_https":"https://pbs.twimg.com/profile_images/2233985293/547833_453013351378690_100000100870275_1887608_1587676248_n_normal.jpg","profile_sidebar_fill_color":"DDEEF6","entities":{"description":{"urls":[]}},"followers_count":14080,"profile_sidebar_border_color":"FFFFFF","id_str":"584695875","profile_background_color":"C0DEED","listed_count":10,"is_translation_enabled":false,"utc_offset":null,"statuses_count":101049,"description":"..instagram: @M_aldwesh6 ..../ Al Riyadh - KSA قلب الرياض..","friends_count":872,"location":"","profile_link_color":"0084B4","profile_image_url":"http://pbs.twimg.com/profile_images/2233985293/547833_453013351378690_100000100870275_1887608_1587676248_n_normal.jpg","following":false,"geo_enabled":true,"profile_banner_url":"https://pbs.twimg.com/profile_banners/584695875/1384194958","profile_background_image_url":"http://pbs.twimg.com/profile_background_images/733361491/a1ba91997b6c47693689c1d459323028.png","name":"ماجيدوف/220v","lang":"en","profile_background_tile":true,"favourites_count":282,"screen_name":"M_Aldwesh","notifications":false,"url":null,"created_at":"Sat May 19 09:51:39 +0000 2012","contributors_enabled":false,"time_zone":null,"protected":false,"default_profile":false,"is_translator":false},"geo":null,"in_reply_to_user_id_str":"1652541","possibly_sensitive":false,"lang":"en","created_at":"Mon Dec 15 04:30:33 +0000 2014","in_reply_to_status_id_str":"544334554631536640","place":null,"extended_entities":{"media":[{"source_user_id":1652541,"source_status_id_str":"544334554631536640","expanded_url":"http://twitter.com/Reuters/status/544334554631536640/photo/1","display_url":"pic.twitter.com/oOwN7rWaRZ","url":"http://t.co/oOwN7rWaRZ","media_url_https":"https://pbs.twimg.com/media/B43dZLVIgAA-IN_.jpg","source_user_id_str":"1652541","source_status_id":544334554631536640,"id_str":"544334554589593600","sizes":{"large":{"h":378,"resize":"fit","w":522},"small":{"h":246,"resize":"fit","w":340},"medium":{"h":378,"resize":"fit","w":522},"thumb":{"h":150,"resize":"crop","w":150}},"indices":[103,125],"type":"photo","id":544334554589593600,"media_url":"http://pbs.twimg.com/media/B43dZLVIgAA-IN_.jpg"}]}},
{"contributors":null,"truncated":false,"text":"@mukhtaryare @OzzyForMayor @Reuters What??? Why r they in Sidney??? Send them home with all that bullshit. No ones interested in that.","in_reply_to_status_id":544339351421739008,"id":544371836125855744,"favorite_count":1,"source":"<a href=\"http://twitter.com/download/android\" rel=\"nofollow\">Twitter for Android</a>","retweeted":false,"coordinates":null,"entities":{"symbols":[],"user_mentions":[{"id":167592087,"indices":[0,12],"id_str":"167592087","screen_name":"mukhtaryare","name":"Mukhtar Ibrahim"},{"id":223885276,"indices":[13,26],"id_str":"223885276","screen_name":"OzzyForMayor","name":"Osman Noor"},{"id":1652541,"indices":[27,35],"id_str":"1652541","screen_name":"Reuters","name":"Reuters Top News"}],"hashtags":[],"urls":[]},"in_reply_to_screen_name":"mukhtaryare","id_str":"544371836125855744","retweet_count":0,"in_reply_to_user_id":167592087,"favorited":false,"user":{"follow_request_sent":false,"profile_use_background_image":true,"profile_text_color":"3C3940","default_profile_image":false,"id":325163248,"profile_background_image_url_https":"https://abs.twimg.com/images/themes/theme4/bg.gif","verified":false,"profile_location":null,"profile_image_url_https":"https://pbs.twimg.com/profile_images/1583877500/148891_174764519207954_100000232202585_532164_5017535_n_normal.jpg","profile_sidebar_fill_color":"95E8EC","entities":{"description":{"urls":[]}},"followers_count":1429,"profile_sidebar_border_color":"5ED4DC","id_str":"325163248","profile_background_color":"0099B9","listed_count":30,"is_translation_enabled":false,"utc_offset":null,"statuses_count":50580,"description":"Mother,Crime Victim,under Social Security Disability, Federally and State Indigent and Homeless with HUD Housing Grant since 2003. America Please Help US","friends_count":2002,"location":"Chicago, Illinois","profile_link_color":"0099B9","profile_image_url":"http://pbs.twimg.com/profile_images/1583877500/148891_174764519207954_100000232202585_532164_5017535_n_normal.jpg","following":false,"geo_enabled":false,"profile_background_image_url":"http://abs.twimg.com/images/themes/theme4/bg.gif","name":"Kellie R. Watson","lang":"en","profile_background_tile":false,"favourites_count":32259,"screen_name":"kellie_watson","notifications":false,"url":null,"created_at":"Mon Jun 27 20:58:40 +0000 2011","contributors_enabled":false,"time_zone":null,"protected":false,"default_profile":false,"is_translator":false},"geo":null,"in_reply_to_user_id_str":"167592087","lang":"en","created_at":"Mon Dec 15 06:02:14 +0000 2014","in_reply_to_status_id_str":"544339351421739008","place":null},
{"contributors":null,"truncated":false,"text":"@PeterLawrey Thanks for telling me you conceded gullible liberal. Do you think this garbage is looking for Australians? You &amp; me. F off","in_reply_to_status_id":544337927078047745,"id":544457374233542658,"favorite_count":0,"source":"<a href=\"http://twitter.com/download/iphone\" rel=\"nofollow\">Twitter for iPhone</a>","retweeted":false,"coordinates":{"type":"Point","coordinates":[-73.45091653,40.78508315]},"entities":{"symbols":[],"user_mentions":[{"id":326888401,"indices":[0,12],"id_str":"326888401","screen_name":"PeterLawrey","name":"Peter Lawrey"}],"hashtags":[],"urls":[]},"in_reply_to_screen_name":"PeterLawrey","id_str":"544457374233542658","retweet_count":0,"in_reply_to_user_id":326888401,"favorited":false,"user":{"follow_request_sent":false,"profile_use_background_image":true,"profile_text_color":"333333","default_profile_image":false,"id":715206841,"profile_background_image_url_https":"https://abs.twimg.com/images/themes/theme1/bg.png","verified":false,"profile_location":null,"profile_image_url_https":"https://pbs.twimg.com/profile_images/378800000069846545/4c288675031fa0acf96c1fb2a4682788_normal.jpeg","profile_sidebar_fill_color":"DDEEF6","entities":{"description":{"urls":[]}},"followers_count":59,"profile_sidebar_border_color":"C0DEED","id_str":"715206841","profile_background_color":"C0DEED","listed_count":3,"is_translation_enabled":false,"utc_offset":-18000,"statuses_count":6305,"description":"","friends_count":133,"location":"","profile_link_color":"0084B4","profile_image_url":"http://pbs.twimg.com/profile_images/378800000069846545/4c288675031fa0acf96c1fb2a4682788_normal.jpeg","following":false,"geo_enabled":true,"profile_background_image_url":"http://abs.twimg.com/images/themes/theme1/bg.png","name":"PLima","lang":"en","profile_background_tile":false,"favourites_count":12,"screen_name":"plkarter","notifications":false,"url":null,"created_at":"Wed Jul 25 00:54:54 +0000 2012","contributors_enabled":false,"time_zone":"Eastern Time (US & Canada)","protected":false,"default_profile":true,"is_translator":false},"geo":{"type":"Point","coordinates":[40.78508315,-73.45091653]},"in_reply_to_user_id_str":"326888401","lang":"en","created_at":"Mon Dec 15 11:42:08 +0000 2014","in_reply_to_status_id_str":"544337927078047745","place":{"full_name":"Plainview, NY","url":"https://api.twitter.com/1.1/geo/id/7e4c1c0d1da4b4c2.json","country":"United States","place_type":"city","bounding_box":{"type":"Polygon","coordinates":[[[-73.503654,40.761594],[-73.444446,40.761594],[-73.444446,40.805439],[-73.503654,40.805439]]]},"contained_within":[],"country_code":"US","attributes":{},"id":"7e4c1c0d1da4b4c2","name":"Plainview"}},
{"contributors":null,"truncated":false,"text":"@JDMoss @Reuters We are their enemy. Eventually they all get together for their supremacy. You just another conceded idiot.","in_reply_to_status_id":544335667447078912,"id":544457833333653504,"favorite_count":0,"source":"<a href=\"http://twitter.com/download/iphone\" rel=\"nofollow\">Twitter for iPhone</a>","retweeted":false,"coordinates":{"type":"Point","coordinates":[-73.45097925,40.78522988]},"entities":{"symbols":[],"user_mentions":[{"id":241982231,"indices":[0,7],"id_str":"241982231","screen_name":"JDMoss","name":"Mossism"},{"id":1652541,"indices":[8,16],"id_str":"1652541","screen_name":"Reuters","name":"Reuters Top News"}],"hashtags":[],"urls":[]},"in_reply_to_screen_name":"JDMoss","id_str":"544457833333653504","retweet_count":0,"in_reply_to_user_id":241982231,"favorited":false,"user":{"follow_request_sent":false,"profile_use_background_image":true,"profile_text_color":"333333","default_profile_image":false,"id":715206841,"profile_background_image_url_https":"https://abs.twimg.com/images/themes/theme1/bg.png","verified":false,"profile_location":null,"profile_image_url_https":"https://pbs.twimg.com/profile_images/378800000069846545/4c288675031fa0acf96c1fb2a4682788_normal.jpeg","profile_sidebar_fill_color":"DDEEF6","entities":{"description":{"urls":[]}},"followers_count":59,"profile_sidebar_border_color":"C0DEED","id_str":"715206841","profile_background_color":"C0DEED","listed_count":3,"is_translation_enabled":false,"utc_offset":-18000,"statuses_count":6305,"description":"","friends_count":133,"location":"","profile_link_color":"0084B4","profile_image_url":"http://pbs.twimg.com/profile_images/378800000069846545/4c288675031fa0acf96c1fb2a4682788_normal.jpeg","following":false,"geo_enabled":true,"profile_background_image_url":"http://abs.twimg.com/images/themes/theme1/bg.png","name":"PLima","lang":"en","profile_background_tile":false,"favourites_count":12,"screen_name":"plkarter","notifications":false,"url":null,"created_at":"Wed Jul 25 00:54:54 +0000 2012","contributors_enabled":false,"time_zone":"Eastern Time (US & Canada)","protected":false,"default_profile":true,"is_translator":false},"geo":{"type":"Point","coordinates":[40.78522988,-73.45097925]},"in_reply_to_user_id_str":"241982231","lang":"en","created_at":"Mon Dec 15 11:43:57 +0000 2014","in_reply_to_status_id_str":"544335667447078912","place":{"full_name":"Plainview, NY","url":"https://api.twitter.com/1.1/geo/id/7e4c1c0d1da4b4c2.json","country":"United States","place_type":"city","bounding_box":{"type":"Polygon","coordinates":[[[-73.503654,40.761594],[-73.444446,40.761594],[-73.444446,40.805439],[-73.503654,40.805439]]]},"contained_within":[],"country_code":"US","attributes":{},"id":"7e4c1c0d1da4b4c2","name":"Plainview"}},
{"contributors":null,"truncated":false,"text":"@plkarter @Reuters no, just not afraid of idiots and fundamentalists. If you want to try and make your point, at least learn to spell.","in_reply_to_status_id":544457833333653504,"id":544555575670214656,"favorite_count":0,"source":"<a href=\"http://twitter.com/download/iphone\" rel=\"nofollow\">Twitter for iPhone</a>","retweeted":false,"coordinates":null,"entities":{"symbols":[],"user_mentions":[{"id":715206841,"indices":[0,9],"id_str":"715206841","screen_name":"plkarter","name":"PLima"},{"id":1652541,"indices":[10,18],"id_str":"1652541","screen_name":"Reuters","name":"Reuters Top News"}],"hashtags":[],"urls":[]},"in_reply_to_screen_name":"plkarter","id_str":"544555575670214656","retweet_count":0,"in_reply_to_user_id":715206841,"favorited":false,"user":{"follow_request_sent":false,"profile_use_background_image":true,"profile_text_color":"3D1957","default_profile_image":false,"id":241982231,"profile_background_image_url_https":"https://pbs.twimg.com/profile_background_images/196391001/xa9e9997af3dc88beefd1e8e350764d2.jpg","verified":false,"profile_location":null,"profile_image_url_https":"https://pbs.twimg.com/profile_images/2388395704/image_normal.jpg","profile_sidebar_fill_color":"7AC3EE","entities":{"description":{"urls":[]}},"followers_count":34,"profile_sidebar_border_color":"65B0DA","id_str":"241982231","profile_background_color":"14041F","listed_count":0,"is_translation_enabled":false,"utc_offset":28800,"statuses_count":2378,"description":"","friends_count":45,"location":"Here and There","profile_link_color":"FF0000","profile_image_url":"http://pbs.twimg.com/profile_images/2388395704/image_normal.jpg","following":false,"geo_enabled":false,"profile_background_image_url":"http://pbs.twimg.com/profile_background_images/196391001/xa9e9997af3dc88beefd1e8e350764d2.jpg","name":"Mossism","lang":"en","profile_background_tile":true,"favourites_count":740,"screen_name":"JDMoss","notifications":false,"url":null,"created_at":"Sun Jan 23 17:02:35 +0000 2011","contributors_enabled":false,"time_zone":"Hong Kong","protected":false,"default_profile":false,"is_translator":false},"geo":null,"in_reply_to_user_id_str":"715206841","lang":"en","created_at":"Mon Dec 15 18:12:21 +0000 2014","in_reply_to_status_id_str":"544457833333653504","place":null},
{"contributors":null,"truncated":false,"text":"@JDMoss @Reuters How clever. The tolerance of a conceded idiot. Is this spelled correctly: fuck you.","in_reply_to_status_id":544555575670214656,"id":544557557088808960,"favorite_count":0,"source":"<a href=\"http://twitter.com/download/iphone\" rel=\"nofollow\">Twitter for iPhone</a>","retweeted":false,"coordinates":{"type":"Point","coordinates":[-73.4509518,40.78506358]},"entities":{"symbols":[],"user_mentions":[{"id":241982231,"indices":[0,7],"id_str":"241982231","screen_name":"JDMoss","name":"Mossism"},{"id":1652541,"indices":[8,16],"id_str":"1652541","screen_name":"Reuters","name":"Reuters Top News"}],"hashtags":[],"urls":[]},"in_reply_to_screen_name":"JDMoss","id_str":"544557557088808960","retweet_count":0,"in_reply_to_user_id":241982231,"favorited":false,"user":{"follow_request_sent":false,"profile_use_background_image":true,"profile_text_color":"333333","default_profile_image":false,"id":715206841,"profile_background_image_url_https":"https://abs.twimg.com/images/themes/theme1/bg.png","verified":false,"profile_location":null,"profile_image_url_https":"https://pbs.twimg.com/profile_images/378800000069846545/4c288675031fa0acf96c1fb2a4682788_normal.jpeg","profile_sidebar_fill_color":"DDEEF6","entities":{"description":{"urls":[]}},"followers_count":59,"profile_sidebar_border_color":"C0DEED","id_str":"715206841","profile_background_color":"C0DEED","listed_count":3,"is_translation_enabled":false,"utc_offset":-18000,"statuses_count":6305,"description":"","friends_count":133,"location":"","profile_link_color":"0084B4","profile_image_url":"http://pbs.twimg.com/profile_images/378800000069846545/4c288675031fa0acf96c1fb2a4682788_normal.jpeg","following":false,"geo_enabled":true,"profile_background_image_url":"http://abs.twimg.com/images/themes/theme1/bg.png","name":"PLima","lang":"en","profile_background_tile":false,"favourites_count":12,"screen_name":"plkarter","notifications":false,"url":null,"created_at":"Wed Jul 25 00:54:54 +0000 2012","contributors_enabled":false,"time_zone":"Eastern Time (US & Canada)","protected":false,"default_profile":true,"is_translator":false},"geo":{"type":"Point","coordinates":[40.78506358,-73.4509518]},"in_reply_to_user_id_str":"241982231","lang":"en","created_at":"Mon Dec 15 18:20:13 +0000 2014","in_reply_to_status_id_str":"544555575670214656","place":{"full_name":"Plainview, NY","url":"https://api.twitter.com/1.1/geo/id/7e4c1c0d1da4b4c2.json","country":"United States","place_type":"city","bounding_box":{"type":"Polygon","coordinates":[[[-73.503654,40.761594],[-73.444446,40.761594],[-73.444446,40.805439],[-73.503654,40.805439]]]},"contained_within":[],"country_code":"US","attributes":{},"id":"7e4c1c0d1da4b4c2","name":"Plainview"}},
{"contributors":null,"truncated":false,"text":"@plkarter @Reuters that isn't how you spell conceited. But I guess spelling it wrong twice means you are too dumb to operate spell check too","in_reply_to_status_id":544557557088808960,"id":544594689593077760,"favorite_count":0,"source":"<a href=\"http://twitter.com/download/iphone\" rel=\"nofollow\">Twitter for iPhone</a>","retweeted":false,"coordinates":null,"entities":{"symbols":[],"user_mentions":[{"id":715206841,"indices":[0,9],"id_str":"715206841","screen_name":"plkarter","name":"PLima"},{"id":1652541,"indices":[10,18],"id_str":"1652541","screen_name":"Reuters","name":"Reuters Top News"}],"hashtags":[],"urls":[]},"in_reply_to_screen_name":"plkarter","id_str":"544594689593077760","retweet_count":0,"in_reply_to_user_id":715206841,"favorited":false,"user":{"follow_request_sent":false,"profile_use_background_image":true,"profile_text_color":"3D1957","default_profile_image":false,"id":241982231,"profile_background_image_url_https":"https://pbs.twimg.com/profile_background_images/196391001/xa9e9997af3dc88beefd1e8e350764d2.jpg","verified":false,"profile_location":null,"profile_image_url_https":"https://pbs.twimg.com/profile_images/2388395704/image_normal.jpg","profile_sidebar_fill_color":"7AC3EE","entities":{"description":{"urls":[]}},"followers_count":34,"profile_sidebar_border_color":"65B0DA","id_str":"241982231","profile_background_color":"14041F","listed_count":0,"is_translation_enabled":false,"utc_offset":28800,"statuses_count":2378,"description":"","friends_count":45,"location":"Here and There","profile_link_color":"FF0000","profile_image_url":"http://pbs.twimg.com/profile_images/2388395704/image_normal.jpg","following":false,"geo_enabled":false,"profile_background_image_url":"http://pbs.twimg.com/profile_background_images/196391001/xa9e9997af3dc88beefd1e8e350764d2.jpg","name":"Mossism","lang":"en","profile_background_tile":true,"favourites_count":740,"screen_name":"JDMoss","notifications":false,"url":null,"created_at":"Sun Jan 23 17:02:35 +0000 2011","contributors_enabled":false,"time_zone":"Hong Kong","protected":false,"default_profile":false,"is_translator":false},"geo":null,"in_reply_to_user_id_str":"715206841","lang":"en","created_at":"Mon Dec 15 20:47:46 +0000 2014","in_reply_to_status_id_str":"544557557088808960","place":null},
{"contributors":null,"truncated":false,"text":"@JDMoss Some of us have to work and tweeter is just pastime activity. I'm glad you have shown your tolerance for the new Obama's immigrants.","in_reply_to_status_id":544594689593077760,"id":544633811691376640,"favorite_count":0,"source":"<a href=\"http://twitter.com/download/iphone\" rel=\"nofollow\">Twitter for iPhone</a>","retweeted":false,"coordinates":{"type":"Point","coordinates":[-73.03957282,40.83177238]},"entities":{"symbols":[],"user_mentions":[{"id":241982231,"indices":[0,7],"id_str":"241982231","screen_name":"JDMoss","name":"Mossism"}],"hashtags":[],"urls":[]},"in_reply_to_screen_name":"JDMoss","id_str":"544633811691376640","retweet_count":0,"in_reply_to_user_id":241982231,"favorited":false,"user":{"follow_request_sent":false,"profile_use_background_image":true,"profile_text_color":"333333","default_profile_image":false,"id":715206841,"profile_background_image_url_https":"https://abs.twimg.com/images/themes/theme1/bg.png","verified":false,"profile_location":null,"profile_image_url_https":"https://pbs.twimg.com/profile_images/378800000069846545/4c288675031fa0acf96c1fb2a4682788_normal.jpeg","profile_sidebar_fill_color":"DDEEF6","entities":{"description":{"urls":[]}},"followers_count":59,"profile_sidebar_border_color":"C0DEED","id_str":"715206841","profile_background_color":"C0DEED","listed_count":3,"is_translation_enabled":false,"utc_offset":-18000,"statuses_count":6305,"description":"","friends_count":133,"location":"","profile_link_color":"0084B4","profile_image_url":"http://pbs.twimg.com/profile_images/378800000069846545/4c288675031fa0acf96c1fb2a4682788_normal.jpeg","following":false,"geo_enabled":true,"profile_background_image_url":"http://abs.twimg.com/images/themes/theme1/bg.png","name":"PLima","lang":"en","profile_background_tile":false,"favourites_count":12,"screen_name":"plkarter","notifications":false,"url":null,"created_at":"Wed Jul 25 00:54:54 +0000 2012","contributors_enabled":false,"time_zone":"Eastern Time (US & Canada)","protected":false,"default_profile":true,"is_translator":false},"geo":{"type":"Point","coordinates":[40.83177238,-73.03957282]},"in_reply_to_user_id_str":"241982231","lang":"en","created_at":"Mon Dec 15 23:23:14 +0000 2014","in_reply_to_status_id_str":"544594689593077760","place":{"full_name":"Farmingville, NY","url":"https://api.twitter.com/1.1/geo/id/508436a84be392b6.json","country":"United States","place_type":"city","bounding_box":{"type":"Polygon","coordinates":[[[-73.078514,40.821459],[-73.014675,40.821459],[-73.014675,40.859985],[-73.078514,40.859985]]]},"contained_within":[],"country_code":"US","attributes":{},"id":"508436a84be392b6","name":"Farmingville"}},
{"contributors":null,"truncated":false,"text":"@JDMoss @Reuters and as a good liberal, spell check may be the only thing you operate.","in_reply_to_status_id":544594689593077760,"id":544634361883414528,"favorite_count":0,"source":"<a href=\"http://twitter.com/download/iphone\" rel=\"nofollow\">Twitter for iPhone</a>","retweeted":false,"coordinates":{"type":"Point","coordinates":[-73.03975004,40.83190711]},"entities":{"symbols":[],"user_mentions":[{"id":241982231,"indices":[0,7],"id_str":"241982231","screen_name":"JDMoss","name":"Mossism"},{"id":1652541,"indices":[8,16],"id_str":"1652541","screen_name":"Reuters","name":"Reuters Top News"}],"hashtags":[],"urls":[]},"in_reply_to_screen_name":"JDMoss","id_str":"544634361883414528","retweet_count":0,"in_reply_to_user_id":241982231,"favorited":false,"user":{"follow_request_sent":false,"profile_use_background_image":true,"profile_text_color":"333333","default_profile_image":false,"id":715206841,"profile_background_image_url_https":"https://abs.twimg.com/images/themes/theme1/bg.png","verified":false,"profile_location":null,"profile_image_url_https":"https://pbs.twimg.com/profile_images/378800000069846545/4c288675031fa0acf96c1fb2a4682788_normal.jpeg","profile_sidebar_fill_color":"DDEEF6","entities":{"description":{"urls":[]}},"followers_count":59,"profile_sidebar_border_color":"C0DEED","id_str":"715206841","profile_background_color":"C0DEED","listed_count":3,"is_translation_enabled":false,"utc_offset":-18000,"statuses_count":6305,"description":"","friends_count":133,"location":"","profile_link_color":"0084B4","profile_image_url":"http://pbs.twimg.com/profile_images/378800000069846545/4c288675031fa0acf96c1fb2a4682788_normal.jpeg","following":false,"geo_enabled":true,"profile_background_image_url":"http://abs.twimg.com/images/themes/theme1/bg.png","name":"PLima","lang":"en","profile_background_tile":false,"favourites_count":12,"screen_name":"plkarter","notifications":false,"url":null,"created_at":"Wed Jul 25 00:54:54 +0000 2012","contributors_enabled":false,"time_zone":"Eastern Time (US & Canada)","protected":false,"default_profile":true,"is_translator":false},"geo":{"type":"Point","coordinates":[40.83190711,-73.03975004]},"in_reply_to_user_id_str":"241982231","lang":"en","created_at":"Mon Dec 15 23:25:25 +0000 2014","in_reply_to_status_id_str":"544594689593077760","place":{"full_name":"Farmingville, NY","url":"https://api.twitter.com/1.1/geo/id/508436a84be392b6.json","country":"United States","place_type":"city","bounding_box":{"type":"Polygon","coordinates":[[[-73.078514,40.821459],[-73.014675,40.821459],[-73.014675,40.859985],[-73.078514,40.859985]]]},"contained_within":[],"country_code":"US","attributes":{},"id":"508436a84be392b6","name":"Farmingville"}},
{"contributors":null,"truncated":false,"text":"@plkarter @Reuters you do not know anything about my politics, and certainly don't understand them well enough to use any labels.","in_reply_to_status_id":544634361883414528,"id":544741363250511872,"favorite_count":0,"source":"<a href=\"http://twitter.com/download/iphone\" rel=\"nofollow\">Twitter for iPhone</a>","retweeted":false,"coordinates":null,"entities":{"symbols":[],"user_mentions":[{"id":715206841,"indices":[0,9],"id_str":"715206841","screen_name":"plkarter","name":"PLima"},{"id":1652541,"indices":[10,18],"id_str":"1652541","screen_name":"Reuters","name":"Reuters Top News"}],"hashtags":[],"urls":[]},"in_reply_to_screen_name":"plkarter","id_str":"544741363250511872","retweet_count":0,"in_reply_to_user_id":715206841,"favorited":false,"user":{"follow_request_sent":false,"profile_use_background_image":true,"profile_text_color":"3D1957","default_profile_image":false,"id":241982231,"profile_background_image_url_https":"https://pbs.twimg.com/profile_background_images/196391001/xa9e9997af3dc88beefd1e8e350764d2.jpg","verified":false,"profile_location":null,"profile_image_url_https":"https://pbs.twimg.com/profile_images/2388395704/image_normal.jpg","profile_sidebar_fill_color":"7AC3EE","entities":{"description":{"urls":[]}},"followers_count":34,"profile_sidebar_border_color":"65B0DA","id_str":"241982231","profile_background_color":"14041F","listed_count":0,"is_translation_enabled":false,"utc_offset":28800,"statuses_count":2378,"description":"","friends_count":45,"location":"Here and There","profile_link_color":"FF0000","profile_image_url":"http://pbs.twimg.com/profile_images/2388395704/image_normal.jpg","following":false,"geo_enabled":false,"profile_background_image_url":"http://pbs.twimg.com/profile_background_images/196391001/xa9e9997af3dc88beefd1e8e350764d2.jpg","name":"Mossism","lang":"en","profile_background_tile":true,"favourites_count":740,"screen_name":"JDMoss","notifications":false,"url":null,"created_at":"Sun Jan 23 17:02:35 +0000 2011","contributors_enabled":false,"time_zone":"Hong Kong","protected":false,"default_profile":false,"is_translator":false},"geo":null,"in_reply_to_user_id_str":"715206841","lang":"en","created_at":"Tue Dec 16 06:30:36 +0000 2014","in_reply_to_status_id_str":"544634361883414528","place":null},
{"contributors":null,"truncated":false,"text":"@plkarter it is a really clear indication of ones intelligence, when the only option is to create positions you imagine your detractors have","in_reply_to_status_id":544633811691376640,"id":544742300832632833,"favorite_count":0,"source":"<a href=\"http://twitter.com/download/iphone\" rel=\"nofollow\">Twitter for iPhone</a>","retweeted":false,"coordinates":null,"entities":{"symbols":[],"user_mentions":[{"id":715206841,"indices":[0,9],"id_str":"715206841","screen_name":"plkarter","name":"PLima"}],"hashtags":[],"urls":[]},"in_reply_to_screen_name":"plkarter","id_str":"544742300832632833","retweet_count":0,"in_reply_to_user_id":715206841,"favorited":false,"user":{"follow_request_sent":false,"profile_use_background_image":true,"profile_text_color":"3D1957","default_profile_image":false,"id":241982231,"profile_background_image_url_https":"https://pbs.twimg.com/profile_background_images/196391001/xa9e9997af3dc88beefd1e8e350764d2.jpg","verified":false,"profile_location":null,"profile_image_url_https":"https://pbs.twimg.com/profile_images/2388395704/image_normal.jpg","profile_sidebar_fill_color":"7AC3EE","entities":{"description":{"urls":[]}},"followers_count":34,"profile_sidebar_border_color":"65B0DA","id_str":"241982231","profile_background_color":"14041F","listed_count":0,"is_translation_enabled":false,"utc_offset":28800,"statuses_count":2378,"description":"","friends_count":45,"location":"Here and There","profile_link_color":"FF0000","profile_image_url":"http://pbs.twimg.com/profile_images/2388395704/image_normal.jpg","following":false,"geo_enabled":false,"profile_background_image_url":"http://pbs.twimg.com/profile_background_images/196391001/xa9e9997af3dc88beefd1e8e350764d2.jpg","name":"Mossism","lang":"en","profile_background_tile":true,"favourites_count":740,"screen_name":"JDMoss","notifications":false,"url":null,"created_at":"Sun Jan 23 17:02:35 +0000 2011","contributors_enabled":false,"time_zone":"Hong Kong","protected":false,"default_profile":false,"is_translator":false},"geo":null,"in_reply_to_user_id_str":"715206841","lang":"en","created_at":"Tue Dec 16 06:34:19 +0000 2014","in_reply_to_status_id_str":"544633811691376640","place":null},
{"contributors":null,"truncated":false,"text":"@plkarter the name of the application is Twitter.","in_reply_to_status_id":544633811691376640,"id":544742424065486849,"favorite_count":0,"source":"<a href=\"http://twitter.com/download/iphone\" rel=\"nofollow\">Twitter for iPhone</a>","retweeted":false,"coordinates":null,"entities":{"symbols":[],"user_mentions":[{"id":715206841,"indices":[0,9],"id_str":"715206841","screen_name":"plkarter","name":"PLima"}],"hashtags":[],"urls":[]},"in_reply_to_screen_name":"plkarter","id_str":"544742424065486849","retweet_count":0,"in_reply_to_user_id":715206841,"favorited":false,"user":{"follow_request_sent":false,"profile_use_background_image":true,"profile_text_color":"3D1957","default_profile_image":false,"id":241982231,"profile_background_image_url_https":"https://pbs.twimg.com/profile_background_images/196391001/xa9e9997af3dc88beefd1e8e350764d2.jpg","verified":false,"profile_location":null,"profile_image_url_https":"https://pbs.twimg.com/profile_images/2388395704/image_normal.jpg","profile_sidebar_fill_color":"7AC3EE","entities":{"description":{"urls":[]}},"followers_count":34,"profile_sidebar_border_color":"65B0DA","id_str":"241982231","profile_background_color":"14041F","listed_count":0,"is_translation_enabled":false,"utc_offset":28800,"statuses_count":2378,"description":"","friends_count":45,"location":"Here and There","profile_link_color":"FF0000","profile_image_url":"http://pbs.twimg.com/profile_images/2388395704/image_normal.jpg","following":false,"geo_enabled":false,"profile_background_image_url":"http://pbs.twimg.com/profile_background_images/196391001/xa9e9997af3dc88beefd1e8e350764d2.jpg","name":"Mossism","lang":"en","profile_background_tile":true,"favourites_count":740,"screen_name":"JDMoss","notifications":false,"url":null,"created_at":"Sun Jan 23 17:02:35 +0000 2011","contributors_enabled":false,"time_zone":"Hong Kong","protected":false,"default_profile":false,"is_translator":false},"geo":null,"in_reply_to_user_id_str":"715206841","lang":"en","created_at":"Tue Dec 16 06:34:49 +0000 2014","in_reply_to_status_id_str":"544633811691376640","place":null},
{"contributors":null,"truncated":false,"text":"@JDMoss","in_reply_to_status_id":544742424065486849,"id":544853606290448384,"favorite_count":0,"source":"<a href=\"http://twitter.com/download/iphone\" rel=\"nofollow\">Twitter for iPhone</a>","retweeted":false,"coordinates":{"type":"Point","coordinates":[-73.45093325,40.78524867]},"entities":{"symbols":[],"user_mentions":[{"id":241982231,"indices":[0,7],"id_str":"241982231","screen_name":"JDMoss","name":"Mossism"}],"hashtags":[],"urls":[]},"in_reply_to_screen_name":"JDMoss","id_str":"544853606290448384","retweet_count":0,"in_reply_to_user_id":241982231,"favorited":false,"user":{"follow_request_sent":false,"profile_use_background_image":true,"profile_text_color":"333333","default_profile_image":false,"id":715206841,"profile_background_image_url_https":"https://abs.twimg.com/images/themes/theme1/bg.png","verified":false,"profile_location":null,"profile_image_url_https":"https://pbs.twimg.com/profile_images/378800000069846545/4c288675031fa0acf96c1fb2a4682788_normal.jpeg","profile_sidebar_fill_color":"DDEEF6","entities":{"description":{"urls":[]}},"followers_count":59,"profile_sidebar_border_color":"C0DEED","id_str":"715206841","profile_background_color":"C0DEED","listed_count":3,"is_translation_enabled":false,"utc_offset":-18000,"statuses_count":6305,"description":"","friends_count":133,"location":"","profile_link_color":"0084B4","profile_image_url":"http://pbs.twimg.com/profile_images/378800000069846545/4c288675031fa0acf96c1fb2a4682788_normal.jpeg","following":false,"geo_enabled":true,"profile_background_image_url":"http://abs.twimg.com/images/themes/theme1/bg.png","name":"PLima","lang":"en","profile_background_tile":false,"favourites_count":12,"screen_name":"plkarter","notifications":false,"url":null,"created_at":"Wed Jul 25 00:54:54 +0000 2012","contributors_enabled":false,"time_zone":"Eastern Time (US & Canada)","protected":false,"default_profile":true,"is_translator":false},"geo":{"type":"Point","coordinates":[40.78524867,-73.45093325]},"in_reply_to_user_id_str":"241982231","lang":"und","created_at":"Tue Dec 16 13:56:37 +0000 2014","in_reply_to_status_id_str":"544742424065486849","place":{"full_name":"Plainview, NY","url":"https://api.twitter.com/1.1/geo/id/7e4c1c0d1da4b4c2.json","country":"United States","place_type":"city","bounding_box":{"type":"Polygon","coordinates":[[[-73.503654,40.761594],[-73.444446,40.761594],[-73.444446,40.805439],[-73.503654,40.805439]]]},"contained_within":[],"country_code":"US","attributes":{},"id":"7e4c1c0d1da4b4c2","name":"Plainview"}},
{"contributors":null,"truncated":false,"text":"@JDMoss is that mosquito fucking with me? Typical of a blood sucker. Bye conceded liberal. Only if you could survive without my tax dollars.","in_reply_to_status_id":544742424065486849,"id":544854254448828416,"favorite_count":0,"source":"<a href=\"http://twitter.com/download/iphone\" rel=\"nofollow\">Twitter for iPhone</a>","retweeted":false,"coordinates":{"type":"Point","coordinates":[-73.45091673,40.78514763]},"entities":{"symbols":[],"user_mentions":[{"id":241982231,"indices":[0,7],"id_str":"241982231","screen_name":"JDMoss","name":"Mossism"}],"hashtags":[],"urls":[]},"in_reply_to_screen_name":"JDMoss","id_str":"544854254448828416","retweet_count":0,"in_reply_to_user_id":241982231,"favorited":false,"user":{"follow_request_sent":false,"profile_use_background_image":true,"profile_text_color":"333333","default_profile_image":false,"id":715206841,"profile_background_image_url_https":"https://abs.twimg.com/images/themes/theme1/bg.png","verified":false,"profile_location":null,"profile_image_url_https":"https://pbs.twimg.com/profile_images/378800000069846545/4c288675031fa0acf96c1fb2a4682788_normal.jpeg","profile_sidebar_fill_color":"DDEEF6","entities":{"description":{"urls":[]}},"followers_count":59,"profile_sidebar_border_color":"C0DEED","id_str":"715206841","profile_background_color":"C0DEED","listed_count":3,"is_translation_enabled":false,"utc_offset":-18000,"statuses_count":6305,"description":"","friends_count":133,"location":"","profile_link_color":"0084B4","profile_image_url":"http://pbs.twimg.com/profile_images/378800000069846545/4c288675031fa0acf96c1fb2a4682788_normal.jpeg","following":false,"geo_enabled":true,"profile_background_image_url":"http://abs.twimg.com/images/themes/theme1/bg.png","name":"PLima","lang":"en","profile_background_tile":false,"favourites_count":12,"screen_name":"plkarter","notifications":false,"url":null,"created_at":"Wed Jul 25 00:54:54 +0000 2012","contributors_enabled":false,"time_zone":"Eastern Time (US & Canada)","protected":false,"default_profile":true,"is_translator":false},"geo":{"type":"Point","coordinates":[40.78514763,-73.45091673]},"in_reply_to_user_id_str":"241982231","lang":"en","created_at":"Tue Dec 16 13:59:11 +0000 2014","in_reply_to_status_id_str":"544742424065486849","place":{"full_name":"Plainview, NY","url":"https://api.twitter.com/1.1/geo/id/7e4c1c0d1da4b4c2.json","country":"United States","place_type":"city","bounding_box":{"type":"Polygon","coordinates":[[[-73.503654,40.761594],[-73.444446,40.761594],[-73.444446,40.805439],[-73.503654,40.805439]]]},"contained_within":[],"country_code":"US","attributes":{},"id":"7e4c1c0d1da4b4c2","name":"Plainview"}},
{"contributors":null,"truncated":false,"text":"@plkarter I live in China, I essentially own you. Let that sink in while you watch Fox and Friends later today...","in_reply_to_status_id":544854254448828416,"id":544952290176937984,"favorite_count":0,"source":"<a href=\"http://twitter.com/download/iphone\" rel=\"nofollow\">Twitter for iPhone</a>","retweeted":false,"coordinates":null,"entities":{"symbols":[],"user_mentions":[{"id":715206841,"indices":[0,9],"id_str":"715206841","screen_name":"plkarter","name":"PLima"}],"hashtags":[],"urls":[]},"in_reply_to_screen_name":"plkarter","id_str":"544952290176937984","retweet_count":1,"in_reply_to_user_id":715206841,"favorited":false,"user":{"follow_request_sent":false,"profile_use_background_image":true,"profile_text_color":"3D1957","default_profile_image":false,"id":241982231,"profile_background_image_url_https":"https://pbs.twimg.com/profile_background_images/196391001/xa9e9997af3dc88beefd1e8e350764d2.jpg","verified":false,"profile_location":null,"profile_image_url_https":"https://pbs.twimg.com/profile_images/2388395704/image_normal.jpg","profile_sidebar_fill_color":"7AC3EE","entities":{"description":{"urls":[]}},"followers_count":34,"profile_sidebar_border_color":"65B0DA","id_str":"241982231","profile_background_color":"14041F","listed_count":0,"is_translation_enabled":false,"utc_offset":28800,"statuses_count":2378,"description":"","friends_count":45,"location":"Here and There","profile_link_color":"FF0000","profile_image_url":"http://pbs.twimg.com/profile_images/2388395704/image_normal.jpg","following":false,"geo_enabled":false,"profile_background_image_url":"http://pbs.twimg.com/profile_background_images/196391001/xa9e9997af3dc88beefd1e8e350764d2.jpg","name":"Mossism","lang":"en","profile_background_tile":true,"favourites_count":740,"screen_name":"JDMoss","notifications":false,"url":null,"created_at":"Sun Jan 23 17:02:35 +0000 2011","contributors_enabled":false,"time_zone":"Hong Kong","protected":false,"default_profile":false,"is_translator":false},"geo":null,"in_reply_to_user_id_str":"715206841","lang":"en","created_at":"Tue Dec 16 20:28:45 +0000 2014","in_reply_to_status_id_str":"544854254448828416","place":null},
{"contributors":null,"truncated":false,"text":"@JDMoss I am not a gullible Democrat &amp; fully realize it. I sleep well assured that is being done by your comrades here &amp; they will fail","in_reply_to_status_id":544952290176937984,"id":544961908479377409,"favorite_count":0,"source":"<a href=\"http://twitter.com/download/iphone\" rel=\"nofollow\">Twitter for iPhone</a>","retweeted":false,"coordinates":{"type":"Point","coordinates":[-73.45083347,40.78511307]},"entities":{"symbols":[],"user_mentions":[{"id":241982231,"indices":[0,7],"id_str":"241982231","screen_name":"JDMoss","name":"Mossism"}],"hashtags":[],"urls":[]},"in_reply_to_screen_name":"JDMoss","id_str":"544961908479377409","retweet_count":0,"in_reply_to_user_id":241982231,"favorited":false,"user":{"follow_request_sent":false,"profile_use_background_image":true,"profile_text_color":"333333","default_profile_image":false,"id":715206841,"profile_background_image_url_https":"https://abs.twimg.com/images/themes/theme1/bg.png","verified":false,"profile_location":null,"profile_image_url_https":"https://pbs.twimg.com/profile_images/378800000069846545/4c288675031fa0acf96c1fb2a4682788_normal.jpeg","profile_sidebar_fill_color":"DDEEF6","entities":{"description":{"urls":[]}},"followers_count":59,"profile_sidebar_border_color":"C0DEED","id_str":"715206841","profile_background_color":"C0DEED","listed_count":3,"is_translation_enabled":false,"utc_offset":-18000,"statuses_count":6305,"description":"","friends_count":133,"location":"","profile_link_color":"0084B4","profile_image_url":"http://pbs.twimg.com/profile_images/378800000069846545/4c288675031fa0acf96c1fb2a4682788_normal.jpeg","following":false,"geo_enabled":true,"profile_background_image_url":"http://abs.twimg.com/images/themes/theme1/bg.png","name":"PLima","lang":"en","profile_background_tile":false,"favourites_count":12,"screen_name":"plkarter","notifications":false,"url":null,"created_at":"Wed Jul 25 00:54:54 +0000 2012","contributors_enabled":false,"time_zone":"Eastern Time (US & Canada)","protected":false,"default_profile":true,"is_translator":false},"geo":{"type":"Point","coordinates":[40.78511307,-73.45083347]},"in_reply_to_user_id_str":"241982231","lang":"en","created_at":"Tue Dec 16 21:06:58 +0000 2014","in_reply_to_status_id_str":"544952290176937984","place":{"full_name":"Plainview, NY","url":"https://api.twitter.com/1.1/geo/id/7e4c1c0d1da4b4c2.json","country":"United States","place_type":"city","bounding_box":{"type":"Polygon","coordinates":[[[-73.503654,40.761594],[-73.444446,40.761594],[-73.444446,40.805439],[-73.503654,40.805439]]]},"contained_within":[],"country_code":"US","attributes":{},"id":"7e4c1c0d1da4b4c2","name":"Plainview"}}
]