[{"contributors":null,"truncated":false,"text":"@_AdamTodd @TenNewsSydney Yep, crimestoppers.","in_reply_to_status_id":544311959483473920,"id":544312189570404353,"favorite_count":0,"source":"<a href=\"http://twitter.com\" rel=\"nofollow\">Twitter Web Client</a>","retweeted":false,"coordinates":null,"entities":{"symbols":[],"user_mentions":[{"id":21548431,"indices":[0,10],"id_str":"21548431","screen_name":"_AdamTodd","name":"Adam Todd"},{"id":113193393,"indices":[11,25],"id_str":"113193393","screen_name":"TenNewsSydney","name":"TEN News Sydney"}],"hashtags":[],"urls":[]},"in_reply_to_screen_name":"_AdamTodd","id_str":"544312189570404353","retweet_count":0,"in_reply_to_user_id":21548431,"favorited":false,"user":{"follow_request_sent":false,"profile_use_background_image":true,"profile_text_color":"333333","default_profile_image":false,"id":2917213538,"profile_background_image_url_https":"https://pbs.twimg.com/profile_background_images/540083194914021376/v0QBbPKM.jpeg","verified":false,"profile_location":null,"profile_image_url_https":"https://pbs.twimg.com/profile_images/543727026767556608/Gn8aL6nD_normal.png","profile_sidebar_fill_color":"DDEEF6","entities":{"description":{"urls":[]}},"followers_count":486,"profile_sidebar_border_color":"C0DEED","id_str":"2917213538","profile_background_color":"C0DEED","listed_count":6,"is_translation_enabled":false,"utc_offset":null,"statuses_count":3659,"description":"Surviving Dark Ages in Aus through twitter. Compassion and empathy used to be real in Australia. Now politicians are co-opting our voices. RTs not endorsements.","friends_count":935,"location":"","profile_link_color":"0084B4","profile_image_url":"http://pbs.twimg.com/profile_images/543727026767556608/Gn8aL6nD_normal.png","following":false,"geo_enabled":true,"profile_banner_url":"https://pbs.twimg.com/profile_banners/2917213538/1418523602","profile_background_image_url":"http://pbs.twimg.com/profile_background_images/540083194914021376/v0QBbPKM.jpeg","name":"MarquisTheHerald","lang":"en","profile_background_tile":true,"favourites_count":895,"screen_name":"LaLadyMarquis1","notifications":false,"url":null,"created_at":"Wed Dec 03 04:44:18 +0000 2014","contributors_enabled":false,"time_zone":null,"protected":false,"default_profile":false,"is_translator":false},"geo":null,"in_reply_to_user_id_str":"21548431","lang":"en","created_at":"Mon Dec 15 02:05:13 +0000 2014","in_reply_to_status_id_str":"544311959483473920","place":{"full_name":"Melbourne, Victoria","url":"https://api.twitter.com/1.1/geo/id/01864a8a64df9dc4.json","country":"Australia","place_type":"city","bounding_box":{"type":"Polygon","coordinates":[[[144.593741856,-38.433859306],[145.512528832,-38.433859306],[145.512528832,-37.5112737225],[144.593741856,-37.5112737225]]]},"contained_within":[],"country_code":"AU","attributes":{},"id":"01864a8a64df9dc4","name":"Melbourne"}},
{"contributors":null,"truncated":false,"text":"@_AdamTodd and here http://t.co/lCGlQ47Ck0 (via @ABCNews24)","in_reply_to_status_id":544311959483473920,"id":544312306272710656,"favorite_count":1,"source":"<a href=\"http://twitter.com\" rel=\"nofollow\">Twitter Web Client</a>","retweeted":false,"coordinates":null,"entities":{"symbols":[],"user_mentions":[{"id":21548431,"indices":[0,10],"id_str":"21548431","screen_name":"_AdamTodd","name":"Adam Todd"},{"id":129673790,"indices":[48,58],"id_str":"129673790","screen_name":"ABCNews24","name":"ABC News 24"}],"hashtags":[],"urls":[{"url":"http://t.co/lCGlQ47Ck0","indices":[20,42],"expanded_url":"http://beta.tveeder.com/560/byrange?&from=1418608351.575&to=1418608601.183","display_url":"beta.tveeder.com/560/byrange?&f…"}]},"in_reply_to_screen_name":"_AdamTodd","id_str":"544312306272710656","retweet_count":0,"in_reply_to_user_id":21548431,"favorited":false,"user":{"follow_request_sent":false,"profile_use_background_image":true,"profile_text_color":"333333","default_profile_image":false,"id":296158118,"profile_background_image_url_https":"https://abs.twimg.com/images/themes/theme1/bg.png","verified":false,"profile_location":null,"profile_image_url_https":"https://pbs.twimg.com/profile_images/378800000392881509/5b4d779f89d35740e88b98619ea46e24_normal.jpeg","profile_sidebar_fill_color":"DDEEF6","entities":{"url":{"urls":[{"url":"http://t.co/Gq8h303cP2","indices":[0,22],"expanded_url":"http://www.tveeder.com","display_url":"tveeder.com"}]},"description":{"urls":[]}},"followers_count":432,"profile_sidebar_border_color":"C0DEED","id_str":"296158118","profile_background_color":"C0DEED","listed_count":11,"is_translation_enabled":false,"utc_offset":null,"statuses_count":3990,"description":"Allow hard of hearing people the opportunity to objectively review the quality of captions delivered by TV stations. Now streaming @ABCNews24","friends_count":177,"location":"Australia","profile_link_color":"0084B4","profile_image_url":"http://pbs.twimg.com/profile_images/378800000392881509/5b4d779f89d35740e88b98619ea46e24_normal.jpeg","following":false,"geo_enabled":false,"profile_banner_url":"https://pbs.twimg.com/profile_banners/296158118/1353640405","profile_background_image_url":"http://abs.twimg.com/images/themes/theme1/bg.png","name":"tveeder","lang":"en","profile_background_tile":false,"favourites_count":655,"screen_name":"tveedercom","notifications":false,"url":"http://t.co/Gq8h303cP2","created_at":"Tue May 10 09:06:41 +0000 2011","contributors_enabled":false,"time_zone":null,"protected":false,"default_profile":true,"is_translator":false},"geo":null,"in_reply_to_user_id_str":"21548431","possibly_sensitive":false,"lang":"en","created_at":"Mon Dec 15 02:05:41 +0000 2014","in_reply_to_status_id_str":"544311959483473920","place":null},
{"contributors":null,"truncated":false,"text":"@_AdamTodd Thanks for posting the transcript.  For those of us in the US, the #sydneysiege hashtag has been our up-to-date source of info","in_reply_to_status_id":544311959483473920,"id":544313655714918401,"favorite_count":0,"source":"<a href=\"http://twitter.com\" rel=\"nofollow\">Twitter Web Client</a>","retweeted":false,"coordinates":null,"entities":{"symbols":[],"user_mentions":[{"id":21548431,"indices":[0,10],"id_str":"21548431","screen_name":"_AdamTodd","name":"Adam Todd"}],"hashtags":[{"indices":[78,90],"text":"sydneysiege"}],"urls":[]},"in_reply_to_screen_name":"_AdamTodd","id_str":"544313655714918401","retweet_count":0,"in_reply_to_user_id":21548431,"favorited":false,"user":{"follow_request_sent":false,"profile_use_background_image":true,"profile_text_color":"333333","default_profile_image":false,"id":15362098,"profile_background_image_url_https":"https://abs.twimg.com/images/themes/theme1/bg.png","verified":false,"profile_location":null,"profile_image_url_https":"https://pbs.twimg.com/profile_images/378800000626644718/eed7c0bd597add6161264b40111acbba_normal.jpeg","profile_sidebar_fill_color":"DDEEF6","entities":{"url":{"urls":[{"url":"http://t.co/Sa4CCelItX","indices":[0,22],"expanded_url":"http://www.1000cranes.com","display_url":"1000cranes.com"}]},"description":{"urls":[]}},"followers_count":516,"profile_sidebar_border_color":"C0DEED","id_str":"15362098","profile_background_color":"C0DEED","listed_count":29,"is_translation_enabled":false,"utc_offset":-18000,"statuses_count":2195,"description":"Change Management Consulting | Leadership Development | Communication Powerhouse Tip of the Week | Award Winning Speaker       Believe. Plan. Fly.®","friends_count":504,"location":"DC, Toronto, RTP/NC","profile_link_color":"0084B4","profile_image_url":"http://pbs.twimg.com/profile_images/378800000626644718/eed7c0bd597add6161264b40111acbba_normal.jpeg","following":false,"geo_enabled":true,"profile_banner_url":"https://pbs.twimg.com/profile_banners/15362098/1368540357","profile_background_image_url":"http://abs.twimg.com/images/themes/theme1/bg.png","name":"Naomi Takeuchi","lang":"en","profile_background_tile":false,"favourites_count":24,"screen_name":"1000cranes","notifications":false,"url":"http://t.co/Sa4CCelItX","created_at":"Wed Jul 09 04:10:41 +0000 2008","contributors_enabled":false,"time_zone":"Eastern Time (US & Canada)","protected":false,"default_profile":true,"is_translator":false},"geo":null,"in_reply_to_user_id_str":"21548431","lang":"en","created_at":"Mon Dec 15 02:11:03 +0000 2014","in_reply_to_status_id_str":"544311959483473920","place":null},
{"contributors":null,"truncated":false,"text":"@_AdamTodd @KKeneally Well , at least he didn't make matter worse with stupid three word slogans","in_reply_to_status_id":544311959483473920,"id":544314445732667392,"favorite_count":1,"source":"<a href=\"http://twitter.com\" rel=\"nofollow\">Twitter Web Client</a>","retweeted":false,"coordinates":null,"entities":{"symbols":[],"user_mentions":[{"id":21548431,"indices":[0,10],"id_str":"21548431","screen_name":"_AdamTodd","name":"Adam Todd"},{"id":18925120,"indices":[11,21],"id_str":"18925120","screen_name":"KKeneally","name":"Kristina Keneally"}],"hashtags":[],"urls":[]},"in_reply_to_screen_name":"_AdamTodd","id_str":"544314445732667392","retweet_count":0,"in_reply_to_user_id":21548431,"favorited":false,"user":{"follow_request_sent":false,"profile_use_background_image":true,"profile_text_color":"333333","default_profile_image":false,"id":423994870,"profile_background_image_url_https":"https://abs.twimg.com/images/themes/theme1/bg.png","verified":false,"profile_location":null,"profile_image_url_https":"https://pbs.twimg.com/profile_images/427611039610314752/kmGZ2LlT_normal.jpeg","profile_sidebar_fill_color":"DDEEF6","entities":{"description":{"urls":[]}},"followers_count":26,"profile_sidebar_border_color":"C0DEED","id_str":"423994870","profile_background_color":"C0DEED","listed_count":0,"is_translation_enabled":false,"utc_offset":-36000,"statuses_count":2054,"description":"Some time humanitarian aid worker, tango dancer, proud and loving grand father.","friends_count":76,"location":"Melbourne via Juba Sth Sudan ","profile_link_color":"0084B4","profile_image_url":"http://pbs.twimg.com/profile_images/427611039610314752/kmGZ2LlT_normal.jpeg","following":false,"geo_enabled":true,"profile_background_image_url":"http://abs.twimg.com/images/themes/theme1/bg.png","name":"terry lancashire","lang":"en","profile_background_tile":false,"favourites_count":124,"screen_name":"terrylancashire","notifications":false,"url":null,"created_at":"Tue Nov 29 05:43:48 +0000 2011","contributors_enabled":false,"time_zone":"Hawaii","protected":false,"default_profile":true,"is_translator":false},"geo":null,"in_reply_to_user_id_str":"21548431","lang":"en","created_at":"Mon Dec 15 02:14:11 +0000 2014","in_reply_to_status_id_str":"544311959483473920","place":null},
{"contributors":null,"truncated":false,"text":"@_AdamTodd Holy shit, that looked like the first bit of sense from this guy do date. Well done PM.","in_reply_to_status_id":544311959483473920,"id":544318776187965440,"favorite_count":1,"source":"<a href=\"http://twitter.com\" rel=\"nofollow\">Twitter Web Client</a>","retweeted":false,"coordinates":null,"entities":{"symbols":[],"user_mentions":[{"id":21548431,"indices":[0,10],"id_str":"21548431","screen_name":"_AdamTodd","name":"Adam Todd"}],"hashtags":[],"urls":[]},"in_reply_to_screen_name":"_AdamTodd","id_str":"544318776187965440","retweet_count":0,"in_reply_to_user_id":21548431,"favorited":false,"user":{"follow_request_sent":false,"profile_use_background_image":true,"profile_text_color":"333333","default_profile_image":false,"id":1582690292,"profile_background_image_url_https":"https://abs.twimg.com/images/themes/theme18/bg.gif","verified":false,"profile_location":null,"profile_image_url_https":"https://pbs.twimg.com/profile_images/506013711539003392/cuWqh5Kz_normal.png","profile_sidebar_fill_color":"F6F6F6","entities":{"description":{"urls":[]}},"followers_count":133,"profile_sidebar_border_color":"EEEEEE","id_str":"1582690292","profile_background_color":"ACDED6","listed_count":0,"is_translation_enabled":false,"utc_offset":null,"statuses_count":685,"description":"Former Mental health worker, current Env.Science student. Favour humanity over slogans, treating each other with respect and care, will challenge ignorance.","friends_count":272,"location":"Deep in the watchful left. ","profile_link_color":"038543","profile_image_url":"http://pbs.twimg.com/profile_images/506013711539003392/cuWqh5Kz_normal.png","following":false,"geo_enabled":false,"profile_banner_url":"https://pbs.twimg.com/profile_banners/1582690292/1409477998","profile_background_image_url":"http://abs.twimg.com/images/themes/theme18/bg.gif","name":"smilingmonkey","lang":"en","profile_background_tile":false,"favourites_count":268,"screen_name":"smilingmonkey3","notifications":false,"url":null,"created_at":"Wed Jul 10 09:36:19 +0000 2013","contributors_enabled":false,"time_zone":null,"protected":false,"default_profile":false,"is_translator":false},"geo":null,"in_reply_to_user_id_str":"21548431","lang":"en","created_at":"Mon Dec 15 02:31:23 +0000 2014","in_reply_to_status_id_str":"544311959483473920","place":null},
{"contributors":null,"truncated":false,"text":"@_AdamTodd @tennewsqld Fear-mongering tactics! Best way to manipulate people is through Fear- don't be manipulated! There is no enemy!","in_reply_to_status_id":544311959483473920,"id":544333799497027584,"favorite_count":0,"source":"<a href=\"http://twitter.com\" rel=\"nofollow\">Twitter Web Client</a>","retweeted":false,"coordinates":null,"entities":{"symbols":[],"user_mentions":[{"id":21548431,"indices":[0,10],"id_str":"21548431","screen_name":"_AdamTodd","name":"Adam Todd"},{"id":135371497,"indices":[11,22],"id_str":"135371497","screen_name":"tennewsqld","name":"TEN News Queensland"}],"hashtags":[],"urls":[]},"in_reply_to_screen_name":"_AdamTodd","id_str":"544333799497027584","retweet_count":0,"in_reply_to_user_id":21548431,"favorited":false,"user":{"follow_request_sent":false,"profile_use_background_image":true,"profile_text_color":"333333","default_profile_image":false,"id":626438976,"profile_background_image_url_https":"https://pbs.twimg.com/profile_background_images/613008986/q2cb1z9knlnv8fa5j9jt.jpeg","verified":false,"profile_location":null,"profile_image_url_https":"https://pbs.twimg.com/profile_images/531441691899609089/lvNS6Dkk_normal.png","profile_sidebar_fill_color":"DDEEF6","entities":{"description":{"urls":[]}},"followers_count":65,"profile_sidebar_border_color":"C0DEED","id_str":"626438976","profile_background_color":"C0DEED","listed_count":0,"is_translation_enabled":false,"utc_offset":36000,"statuses_count":314,"description":"","friends_count":342,"location":"Down & Under","profile_link_color":"0084B4","profile_image_url":"http://pbs.twimg.com/profile_images/531441691899609089/lvNS6Dkk_normal.png","following":false,"geo_enabled":false,"profile_banner_url":"https://pbs.twimg.com/profile_banners/626438976/1415540579","profile_background_image_url":"http://pbs.twimg.com/profile_background_images/613008986/q2cb1z9knlnv8fa5j9jt.jpeg","name":"Néstor Lucas","lang":"en","profile_background_tile":true,"favourites_count":11,"screen_name":"BeyondTutoring","notifications":false,"url":null,"created_at":"Wed Jul 04 10:42:30 +0000 2012","contributors_enabled":false,"time_zone":"Brisbane","protected":false,"default_profile":false,"is_translator":false},"geo":null,"in_reply_to_user_id_str":"21548431","lang":"en","created_at":"Mon Dec 15 03:31:05 +0000 2014","in_reply_to_status_id_str":"544311959483473920","place":null}
]