[{"contributors":null,"truncated":false,"text":"@AbdelRahmanM that's y we need proper muslims doing/teaching proper jihad so these uneducated youth don't act off anger &amp; do wrong","in_reply_to_status_id":544329092100005888,"id":544331503887745024,"favorite_count":0,"source":"<a href=\"http://twitter.com/download/android\" rel=\"nofollow\">Twitter for Android</a>","retweeted":false,"coordinates":null,"entities":{"symbols":[],"user_mentions":[{"id":17387561,"indices":[0,13],"id_str":"17387561","screen_name":"AbdelRahmanM","name":"AbdelRahman Murphy"}],"hashtags":[],"urls":[]},"in_reply_to_screen_name":"AbdelRahmanM","id_str":"544331503887745024","retweet_count":0,"in_reply_to_user_id":17387561,"favorited":false,"user":{"follow_request_sent":false,"profile_use_background_image":true,"profile_text_color":"333333","default_profile_image":false,"id":1260682932,"profile_background_image_url_https":"https://pbs.twimg.com/profile_background_images/813540171/da2afce25b530cc2f62ea97e727f92c1.jpeg","verified":false,"profile_location":null,"profile_image_url_https":"https://pbs.twimg.com/profile_images/563868376498733057/dlh1V4Hc_normal.jpeg","profile_sidebar_fill_color":"DDEEF6","entities":{"description":{"urls":[]}},"followers_count":146,"profile_sidebar_border_color":"FFFFFF","id_str":"1260682932","profile_background_color":"C0DEED","listed_count":0,"is_translation_enabled":false,"utc_offset":-14400,"statuses_count":2243,"description":"Used to live the thug life now i live the Islam life. #FreePalestine. #Patriots, #Lakers, & #RedSox fan.","friends_count":162,"location":"Minneapolis","profile_link_color":"0084B4","profile_image_url":"http://pbs.twimg.com/profile_images/563868376498733057/dlh1V4Hc_normal.jpeg","following":false,"geo_enabled":true,"profile_banner_url":"https://pbs.twimg.com/profile_banners/1260682932/1413044183","profile_background_image_url":"http://pbs.twimg.com/profile_background_images/813540171/da2afce25b530cc2f62ea97e727f92c1.jpeg","name":"The Cadaan Muslim","lang":"en","profile_background_tile":false,"favourites_count":1224,"screen_name":"Beardtacular","notifications":false,"url":null,"created_at":"Tue Mar 12 00:07:44 +0000 2013","contributors_enabled":false,"time_zone":"Atlantic Time (Canada)","protected":false,"default_profile":false,"is_translator":false},"geo":null,"in_reply_to_user_id_str":"17387561","lang":"en","created_at":"Mon Dec 15 03:21:58 +0000 2014","in_reply_to_status_id_str":"544329092100005888","place":null},
{"contributors":null,"truncated":false,"text":"@AbdelRahmanM cause even me years ago seeing muslims hurt all over the news had me very angry &amp; i could easily have fallen into these things","in_reply_to_status_id":544331503887745024,"id":544331790069288960,"favorite_count":0,"source":"<a href=\"http://twitter.com/download/android\" rel=\"nofollow\">Twitter for Android</a>","retweeted":false,"coordinates":null,"entities":{"symbols":[],"user_mentions":[{"id":17387561,"indices":[0,13],"id_str":"17387561","screen_name":"AbdelRahmanM","name":"AbdelRahman Murphy"}],"hashtags":[],"urls":[]},"in_reply_to_screen_name":"Beardtacular","id_str":"544331790069288960","retweet_count":0,"in_reply_to_user_id":1260682932,"favorited":false,"user":{"follow_request_sent":false,"profile_use_background_image":true,"profile_text_color":"333333","default_profile_image":false,"id":1260682932,"profile_background_image_url_https":"https://pbs.twimg.com/profile_background_images/813540171/da2afce25b530cc2f62ea97e727f92c1.jpeg","verified":false,"profile_location":null,"profile_image_url_https":"https://pbs.twimg.com/profile_images/563868376498733057/dlh1V4Hc_normal.jpeg","profile_sidebar_fill_color":"DDEEF6","entities":{"description":{"urls":[]}},"followers_count":146,"profile_sidebar_border_color":"FFFFFF","id_str":"1260682932","profile_background_color":"C0DEED","listed_count":0,"is_translation_enabled":false,"utc_offset":-14400,"statuses_count":2243,"description":"Used to live the thug life now i live the Islam life. #FreePalestine. #Patriots, #Lakers, & #RedSox fan.","friends_count":162,"location":"Minneapolis","profile_link_color":"0084B4","profile_image_url":"http://pbs.twimg.com/profile_images/563868376498733057/dlh1V4Hc_normal.jpeg","following":false,"geo_enabled":true,"profile_banner_url":"https://pbs.twimg.com/profile_banners/1260682932/1413044183","profile_background_image_url":"http://pbs.twimg.com/profile_background_images/813540171/da2afce25b530cc2f62ea97e727f92c1.jpeg","name":"The Cadaan Muslim","lang":"en","profile_background_tile":false,"favourites_count":1224,"screen_name":"Beardtacular","notifications":false,"url":null,"created_at":"Tue Mar 12 00:07:44 +0000 2013","contributors_enabled":false,"time_zone":"Atlantic Time (Canada)","protected":false,"default_profile":false,"is_translator":false},"geo":null,"in_reply_to_user_id_str":"1260682932","lang":"en","created_at":"Mon Dec 15 03:23:06 +0000 2014","in_reply_to_status_id_str":"544331503887745024","place":null},
{"contributors":null,"truncated":false,"text":"@AbdelRahmanM @AtefehNaeemi Hey its a jolly practice run  I feel but yeah to keep people against the Moslem community yet again so sad ZIO","in_reply_to_status_id":544329092100005888,"id":544334149234851841,"favorite_count":1,"source":"<a href=\"http://twitter.com\" rel=\"nofollow\">Twitter Web Client</a>","retweeted":false,"coordinates":null,"entities":{"symbols":[],"user_mentions":[{"id":17387561,"indices":[0,13],"id_str":"17387561","screen_name":"AbdelRahmanM","name":"AbdelRahman Murphy"},{"id":2573215164,"indices":[14,27],"id_str":"2573215164","screen_name":"AtefehNaeemi","name":"Atefeh Naeemi"}],"hashtags":[],"urls":[]},"in_reply_to_screen_name":"AbdelRahmanM","id_str":"544334149234851841","retweet_count":1,"in_reply_to_user_id":17387561,"favorited":false,"user":{"follow_request_sent":false,"profile_use_background_image":true,"profile_text_color":"333333","default_profile_image":false,"id":388896551,"profile_background_image_url_https":"https://abs.twimg.com/images/themes/theme1/bg.png","verified":false,"profile_location":null,"profile_image_url_https":"https://pbs.twimg.com/profile_images/540810780816310273/oISq6JNu_normal.jpeg","profile_sidebar_fill_color":"DDEEF6","entities":{"description":{"urls":[]}},"followers_count":43,"profile_sidebar_border_color":"C0DEED","id_str":"388896551","profile_background_color":"C0DEED","listed_count":1,"is_translation_enabled":false,"utc_offset":39600,"statuses_count":2943,"description":"","friends_count":128,"location":"","profile_link_color":"0084B4","profile_image_url":"http://pbs.twimg.com/profile_images/540810780816310273/oISq6JNu_normal.jpeg","following":false,"geo_enabled":true,"profile_background_image_url":"http://abs.twimg.com/images/themes/theme1/bg.png","name":"Shu-Shu","lang":"en","profile_background_tile":false,"favourites_count":1627,"screen_name":"shaslivy","notifications":false,"url":null,"created_at":"Tue Oct 11 14:34:51 +0000 2011","contributors_enabled":false,"time_zone":"Sydney","protected":false,"default_profile":true,"is_translator":false},"geo":null,"in_reply_to_user_id_str":"17387561","lang":"en","created_at":"Mon Dec 15 03:32:29 +0000 2014","in_reply_to_status_id_str":"544329092100005888","place":null},
{"contributors":null,"truncated":false,"text":"@AbdelRahmanM @AtefehNaeemi Its my feeling its a two fold situation keep negative feelings for Moslems and practice run for Cops think about","in_reply_to_status_id":544329092100005888,"id":544334624172687360,"favorite_count":1,"source":"<a href=\"http://twitter.com\" rel=\"nofollow\">Twitter Web Client</a>","retweeted":false,"coordinates":null,"entities":{"symbols":[],"user_mentions":[{"id":17387561,"indices":[0,13],"id_str":"17387561","screen_name":"AbdelRahmanM","name":"AbdelRahman Murphy"},{"id":2573215164,"indices":[14,27],"id_str":"2573215164","screen_name":"AtefehNaeemi","name":"Atefeh Naeemi"}],"hashtags":[],"urls":[]},"in_reply_to_screen_name":"AbdelRahmanM","id_str":"544334624172687360","retweet_count":1,"in_reply_to_user_id":17387561,"favorited":false,"user":{"follow_request_sent":false,"profile_use_background_image":true,"profile_text_color":"333333","default_profile_image":false,"id":388896551,"profile_background_image_url_https":"https://abs.twimg.com/images/themes/theme1/bg.png","verified":false,"profile_location":null,"profile_image_url_https":"https://pbs.twimg.com/profile_images/540810780816310273/oISq6JNu_normal.jpeg","profile_sidebar_fill_color":"DDEEF6","entities":{"description":{"urls":[]}},"followers_count":43,"profile_sidebar_border_color":"C0DEED","id_str":"388896551","profile_background_color":"C0DEED","listed_count":1,"is_translation_enabled":false,"utc_offset":39600,"statuses_count":2943,"description":"","friends_count":128,"location":"","profile_link_color":"0084B4","profile_image_url":"http://pbs.twimg.com/profile_images/540810780816310273/oISq6JNu_normal.jpeg","following":false,"geo_enabled":true,"profile_background_image_url":"http://abs.twimg.com/images/themes/theme1/bg.png","name":"Shu-Shu","lang":"en","profile_background_tile":false,"favourites_count":1627,"screen_name":"shaslivy","notifications":false,"url":null,"created_at":"Tue Oct 11 14:34:51 +0000 2011","contributors_enabled":false,"time_zone":"Sydney","protected":false,"default_profile":true,"is_translator":false},"geo":null,"in_reply_to_user_id_str":"17387561","lang":"en","created_at":"Mon Dec 15 03:34:22 +0000 2014","in_reply_to_status_id_str":"544329092100005888","place":null},
{"contributors":null,"truncated":false,"text":"@AbdelRahmanM \n\nAre there any muslims that DON'T agree with the slogan on the flag?\n\nNo?\n\nDidn't think so.\n\nThis IS Islam.","in_reply_to_status_id":544329092100005888,"id":544358647002718209,"favorite_count":0,"source":"<a href=\"http://twitter.com\" rel=\"nofollow\">Twitter Web Client</a>","retweeted":false,"coordinates":null,"entities":{"symbols":[],"user_mentions":[{"id":17387561,"indices":[0,13],"id_str":"17387561","screen_name":"AbdelRahmanM","name":"AbdelRahman Murphy"}],"hashtags":[],"urls":[]},"in_reply_to_screen_name":"AbdelRahmanM","id_str":"544358647002718209","retweet_count":0,"in_reply_to_user_id":17387561,"favorited":false,"user":{"follow_request_sent":false,"profile_use_background_image":true,"profile_text_color":"333333","default_profile_image":false,"id":2885208507,"profile_background_image_url_https":"https://abs.twimg.com/images/themes/theme14/bg.gif","verified":false,"profile_location":null,"profile_image_url_https":"https://pbs.twimg.com/profile_images/537772140552916993/8AJvyypG_normal.png","profile_sidebar_fill_color":"DDEEF6","entities":{"description":{"urls":[]}},"followers_count":122,"profile_sidebar_border_color":"C0DEED","id_str":"2885208507","profile_background_color":"131516","listed_count":2,"is_translation_enabled":false,"utc_offset":null,"statuses_count":997,"description":"I don't do it for free.","friends_count":256,"location":"Tel Aviv, Israel","profile_link_color":"4A913C","profile_image_url":"http://pbs.twimg.com/profile_images/537772140552916993/8AJvyypG_normal.png","following":false,"geo_enabled":false,"profile_background_image_url":"http://abs.twimg.com/images/themes/theme14/bg.gif","name":"Chaim Shekelberg","lang":"en-gb","profile_background_tile":true,"favourites_count":27,"screen_name":"ChaimSheklberg","notifications":false,"url":null,"created_at":"Thu Nov 20 03:10:23 +0000 2014","contributors_enabled":false,"time_zone":null,"protected":false,"default_profile":false,"is_translator":false},"geo":null,"in_reply_to_user_id_str":"17387561","lang":"en","created_at":"Mon Dec 15 05:09:49 +0000 2014","in_reply_to_status_id_str":"544329092100005888","place":null},
{"contributors":null,"truncated":false,"text":"@AbdelRahmanM @RukiaWadaat 1994 - How to Create an \"Islamic Enemy\" - http://t.co/mzxzVWDkH1","in_reply_to_status_id":544329092100005888,"id":544378303734231041,"favorite_count":0,"source":"<a href=\"https://dev.twitter.com/docs/tfw\" rel=\"nofollow\">Twitter for Websites</a>","retweeted":false,"coordinates":null,"entities":{"symbols":[],"user_mentions":[{"id":17387561,"indices":[0,13],"id_str":"17387561","screen_name":"AbdelRahmanM","name":"AbdelRahman Murphy"},{"id":273635308,"indices":[14,26],"id_str":"273635308","screen_name":"RukiaWadaat","name":"Rukia Wadaat"}],"hashtags":[],"urls":[{"url":"http://t.co/mzxzVWDkH1","indices":[69,91],"expanded_url":"http://www.thenewamerican.com/usnews/foreign-policy/item/18747-how-to-create-an-islamic-enemy","display_url":"thenewamerican.com/usnews/foreign…"}]},"in_reply_to_screen_name":"AbdelRahmanM","id_str":"544378303734231041","retweet_count":0,"in_reply_to_user_id":17387561,"favorited":false,"user":{"follow_request_sent":false,"profile_use_background_image":true,"profile_text_color":"333333","default_profile_image":false,"id":503203687,"profile_background_image_url_https":"https://abs.twimg.com/images/themes/theme1/bg.png","verified":false,"profile_location":null,"profile_image_url_https":"https://pbs.twimg.com/profile_images/562025340571115521/IBI1YqeZ_normal.png","profile_sidebar_fill_color":"DDEEF6","entities":{"url":{"urls":[{"url":"http://t.co/ZeH9wXzQgk","indices":[0,22],"expanded_url":"http://Stop21Texas.com","display_url":"Stop21Texas.com"}]},"description":{"urls":[]}},"followers_count":282,"profile_sidebar_border_color":"C0DEED","id_str":"503203687","profile_background_color":"C0DEED","listed_count":21,"is_translation_enabled":false,"utc_offset":null,"statuses_count":2198,"description":"Stop Agenda 21 in Texas - Kick the United Nations Out!","friends_count":53,"location":"Houston, Texas","profile_link_color":"0084B4","profile_image_url":"http://pbs.twimg.com/profile_images/562025340571115521/IBI1YqeZ_normal.png","following":false,"geo_enabled":false,"profile_background_image_url":"http://abs.twimg.com/images/themes/theme1/bg.png","name":"Stop Agenda 21 Texas","lang":"en","profile_background_tile":false,"favourites_count":25,"screen_name":"StopAgenda21TX","notifications":false,"url":"http://t.co/ZeH9wXzQgk","created_at":"Sat Feb 25 16:08:02 +0000 2012","contributors_enabled":false,"time_zone":null,"protected":false,"default_profile":true,"is_translator":false},"geo":null,"in_reply_to_user_id_str":"17387561","possibly_sensitive":false,"lang":"en","created_at":"Mon Dec 15 06:27:56 +0000 2014","in_reply_to_status_id_str":"544329092100005888","place":null},
{"contributors":null,"truncated":false,"text":"@AbdelRahmanM Praying for the disbelievers taken hostage by a Muslim? But Allah hates disbelievers, he wants to burn their skins off.","in_reply_to_status_id":544329092100005888,"id":544457027909861376,"favorite_count":0,"source":"<a href=\"http://twitter.com\" rel=\"nofollow\">Twitter Web Client</a>","retweeted":false,"coordinates":null,"entities":{"symbols":[],"user_mentions":[{"id":17387561,"indices":[0,13],"id_str":"17387561","screen_name":"AbdelRahmanM","name":"AbdelRahman Murphy"}],"hashtags":[],"urls":[]},"in_reply_to_screen_name":"AbdelRahmanM","id_str":"544457027909861376","retweet_count":0,"in_reply_to_user_id":17387561,"favorited":false,"user":{"follow_request_sent":false,"profile_use_background_image":true,"profile_text_color":"333333","default_profile_image":false,"id":2841798801,"profile_background_image_url_https":"https://pbs.twimg.com/profile_background_images/536904893299040256/0cOKwFcw.jpeg","verified":false,"profile_location":null,"profile_image_url_https":"https://pbs.twimg.com/profile_images/536903570038075392/kR29gYrx_normal.jpeg","profile_sidebar_fill_color":"DDEEF6","entities":{"description":{"urls":[]}},"followers_count":622,"profile_sidebar_border_color":"FFFFFF","id_str":"2841798801","profile_background_color":"C0DEED","listed_count":14,"is_translation_enabled":false,"utc_offset":0,"statuses_count":9734,"description":"'Man is stark raving mad: he cannot create a flea, and yet he makes gods by the dozen.' - Montaigne","friends_count":291,"location":" ","profile_link_color":"0084B4","profile_image_url":"http://pbs.twimg.com/profile_images/536903570038075392/kR29gYrx_normal.jpeg","following":false,"geo_enabled":false,"profile_banner_url":"https://pbs.twimg.com/profile_banners/2841798801/1416843123","profile_background_image_url":"http://pbs.twimg.com/profile_background_images/536904893299040256/0cOKwFcw.jpeg","name":"Antonio Ballista","lang":"en","profile_background_tile":true,"favourites_count":2084,"screen_name":"antonioballista","notifications":false,"url":null,"created_at":"Thu Oct 23 10:22:01 +0000 2014","contributors_enabled":false,"time_zone":"London","protected":false,"default_profile":false,"is_translator":false},"geo":null,"in_reply_to_user_id_str":"17387561","lang":"en","created_at":"Mon Dec 15 11:40:45 +0000 2014","in_reply_to_status_id_str":"544329092100005888","place":null},
{"contributors":null,"truncated":false,"text":"@AbdelRahmanM Islam is the REASON he is taking people hostage and threatening white Australians, you idiot.","in_reply_to_status_id":544540482224005121,"id":544541192134729728,"favorite_count":0,"source":"<a href=\"http://twitter.com\" rel=\"nofollow\">Twitter Web Client</a>","retweeted":false,"coordinates":null,"entities":{"symbols":[],"user_mentions":[{"id":17387561,"indices":[0,13],"id_str":"17387561","screen_name":"AbdelRahmanM","name":"AbdelRahman Murphy"}],"hashtags":[],"urls":[]},"in_reply_to_screen_name":"AbdelRahmanM","id_str":"544541192134729728","retweet_count":0,"in_reply_to_user_id":17387561,"favorited":false,"user":{"follow_request_sent":false,"profile_use_background_image":true,"profile_text_color":"333333","default_profile_image":false,"id":2885208507,"profile_background_image_url_https":"https://abs.twimg.com/images/themes/theme14/bg.gif","verified":false,"profile_location":null,"profile_image_url_https":"https://pbs.twimg.com/profile_images/537772140552916993/8AJvyypG_normal.png","profile_sidebar_fill_color":"DDEEF6","entities":{"description":{"urls":[]}},"followers_count":122,"profile_sidebar_border_color":"C0DEED","id_str":"2885208507","profile_background_color":"131516","listed_count":2,"is_translation_enabled":false,"utc_offset":null,"statuses_count":997,"description":"I don't do it for free.","friends_count":256,"location":"Tel Aviv, Israel","profile_link_color":"4A913C","profile_image_url":"http://pbs.twimg.com/profile_images/537772140552916993/8AJvyypG_normal.png","following":false,"geo_enabled":false,"profile_background_image_url":"http://abs.twimg.com/images/themes/theme14/bg.gif","name":"Chaim Shekelberg","lang":"en-gb","profile_background_tile":true,"favourites_count":27,"screen_name":"ChaimSheklberg","notifications":false,"url":null,"created_at":"Thu Nov 20 03:10:23 +0000 2014","contributors_enabled":false,"time_zone":null,"protected":false,"default_profile":false,"is_translator":false},"geo":null,"in_reply_to_user_id_str":"17387561","lang":"en","created_at":"Mon Dec 15 17:15:11 +0000 2014","in_reply_to_status_id_str":"544540482224005121","place":null},
{"contributors":null,"truncated":false,"text":"@AbdelRahmanM The message on the banner says \"There is no God but Allah and Muhammad is his prophet.\"\n\nSo yes, pretty sure it's Islam, idiot","in_reply_to_status_id":544543048647319554,"id":544543282408079360,"favorite_count":0,"source":"<a href=\"http://twitter.com\" rel=\"nofollow\">Twitter Web Client</a>","retweeted":false,"coordinates":null,"entities":{"symbols":[],"user_mentions":[{"id":17387561,"indices":[0,13],"id_str":"17387561","screen_name":"AbdelRahmanM","name":"AbdelRahman Murphy"}],"hashtags":[],"urls":[]},"in_reply_to_screen_name":"AbdelRahmanM","id_str":"544543282408079360","retweet_count":0,"in_reply_to_user_id":17387561,"favorited":false,"user":{"follow_request_sent":false,"profile_use_background_image":true,"profile_text_color":"333333","default_profile_image":false,"id":2885208507,"profile_background_image_url_https":"https://abs.twimg.com/images/themes/theme14/bg.gif","verified":false,"profile_location":null,"profile_image_url_https":"https://pbs.twimg.com/profile_images/537772140552916993/8AJvyypG_normal.png","profile_sidebar_fill_color":"DDEEF6","entities":{"description":{"urls":[]}},"followers_count":122,"profile_sidebar_border_color":"C0DEED","id_str":"2885208507","profile_background_color":"131516","listed_count":2,"is_translation_enabled":false,"utc_offset":null,"statuses_count":997,"description":"I don't do it for free.","friends_count":256,"location":"Tel Aviv, Israel","profile_link_color":"4A913C","profile_image_url":"http://pbs.twimg.com/profile_images/537772140552916993/8AJvyypG_normal.png","following":false,"geo_enabled":false,"profile_background_image_url":"http://abs.twimg.com/images/themes/theme14/bg.gif","name":"Chaim Shekelberg","lang":"en-gb","profile_background_tile":true,"favourites_count":27,"screen_name":"ChaimSheklberg","notifications":false,"url":null,"created_at":"Thu Nov 20 03:10:23 +0000 2014","contributors_enabled":false,"time_zone":null,"protected":false,"default_profile":false,"is_translator":false},"geo":null,"in_reply_to_user_id_str":"17387561","lang":"en","created_at":"Mon Dec 15 17:23:30 +0000 2014","in_reply_to_status_id_str":"544543048647319554","place":null},
{"contributors":null,"truncated":false,"text":"@AbdelRahmanM He isn't 'co-opting' anything, he is a MUSLIM. \n\nFuck you, you anti-white prick.","in_reply_to_status_id":544543434108059648,"id":544543916280659968,"favorite_count":0,"source":"<a href=\"http://twitter.com\" rel=\"nofollow\">Twitter Web Client</a>","retweeted":false,"coordinates":null,"entities":{"symbols":[],"user_mentions":[{"id":17387561,"indices":[0,13],"id_str":"17387561","screen_name":"AbdelRahmanM","name":"AbdelRahman Murphy"}],"hashtags":[],"urls":[]},"in_reply_to_screen_name":"AbdelRahmanM","id_str":"544543916280659968","retweet_count":0,"in_reply_to_user_id":17387561,"favorited":false,"user":{"follow_request_sent":false,"profile_use_background_image":true,"profile_text_color":"333333","default_profile_image":false,"id":2885208507,"profile_background_image_url_https":"https://abs.twimg.com/images/themes/theme14/bg.gif","verified":false,"profile_location":null,"profile_image_url_https":"https://pbs.twimg.com/profile_images/537772140552916993/8AJvyypG_normal.png","profile_sidebar_fill_color":"DDEEF6","entities":{"description":{"urls":[]}},"followers_count":122,"profile_sidebar_border_color":"C0DEED","id_str":"2885208507","profile_background_color":"131516","listed_count":2,"is_translation_enabled":false,"utc_offset":null,"statuses_count":997,"description":"I don't do it for free.","friends_count":256,"location":"Tel Aviv, Israel","profile_link_color":"4A913C","profile_image_url":"http://pbs.twimg.com/profile_images/537772140552916993/8AJvyypG_normal.png","following":false,"geo_enabled":false,"profile_background_image_url":"http://abs.twimg.com/images/themes/theme14/bg.gif","name":"Chaim Shekelberg","lang":"en-gb","profile_background_tile":true,"favourites_count":27,"screen_name":"ChaimSheklberg","notifications":false,"url":null,"created_at":"Thu Nov 20 03:10:23 +0000 2014","contributors_enabled":false,"time_zone":null,"protected":false,"default_profile":false,"is_translator":false},"geo":null,"in_reply_to_user_id_str":"17387561","lang":"en","created_at":"Mon Dec 15 17:26:01 +0000 2014","in_reply_to_status_id_str":"544543434108059648","place":null},
{"contributors":null,"truncated":false,"text":"@AbdelRahmanM Why are muslims so violent?","in_reply_to_status_id":544544186251616257,"id":544544410629709824,"favorite_count":0,"source":"<a href=\"http://twitter.com\" rel=\"nofollow\">Twitter Web Client</a>","retweeted":false,"coordinates":null,"entities":{"symbols":[],"user_mentions":[{"id":17387561,"indices":[0,13],"id_str":"17387561","screen_name":"AbdelRahmanM","name":"AbdelRahman Murphy"}],"hashtags":[],"urls":[]},"in_reply_to_screen_name":"AbdelRahmanM","id_str":"544544410629709824","retweet_count":0,"in_reply_to_user_id":17387561,"favorited":false,"user":{"follow_request_sent":false,"profile_use_background_image":true,"profile_text_color":"333333","default_profile_image":false,"id":2885208507,"profile_background_image_url_https":"https://abs.twimg.com/images/themes/theme14/bg.gif","verified":false,"profile_location":null,"profile_image_url_https":"https://pbs.twimg.com/profile_images/537772140552916993/8AJvyypG_normal.png","profile_sidebar_fill_color":"DDEEF6","entities":{"description":{"urls":[]}},"followers_count":122,"profile_sidebar_border_color":"C0DEED","id_str":"2885208507","profile_background_color":"131516","listed_count":2,"is_translation_enabled":false,"utc_offset":null,"statuses_count":997,"description":"I don't do it for free.","friends_count":256,"location":"Tel Aviv, Israel","profile_link_color":"4A913C","profile_image_url":"http://pbs.twimg.com/profile_images/537772140552916993/8AJvyypG_normal.png","following":false,"geo_enabled":false,"profile_background_image_url":"http://abs.twimg.com/images/themes/theme14/bg.gif","name":"Chaim Shekelberg","lang":"en-gb","profile_background_tile":true,"favourites_count":27,"screen_name":"ChaimSheklberg","notifications":false,"url":null,"created_at":"Thu Nov 20 03:10:23 +0000 2014","contributors_enabled":false,"time_zone":null,"protected":false,"default_profile":false,"is_translator":false},"geo":null,"in_reply_to_user_id_str":"17387561","lang":"en","created_at":"Mon Dec 15 17:27:59 +0000 2014","in_reply_to_status_id_str":"544544186251616257","place":null},
{"contributors":null,"truncated":false,"text":"@AbdelRahmanM No, they attack white countries because they believe Islam should rule the world. http://t.co/hQLP4gxdSQ","in_reply_to_status_id":544544801149190144,"id":544545249230462978,"favorite_count":0,"source":"<a href=\"http://twitter.com\" rel=\"nofollow\">Twitter Web Client</a>","retweeted":false,"coordinates":null,"entities":{"symbols":[],"user_mentions":[{"id":17387561,"indices":[0,13],"id_str":"17387561","screen_name":"AbdelRahmanM","name":"AbdelRahman Murphy"}],"hashtags":[],"urls":[],"media":[{"expanded_url":"http://twitter.com/ChaimSheklberg/status/544545249230462978/photo/1","display_url":"pic.twitter.com/hQLP4gxdSQ","url":"http://t.co/hQLP4gxdSQ","media_url_https":"https://pbs.twimg.com/media/B46dBIfCEAAO2qz.jpg","id_str":"544545247741480960","sizes":{"small":{"h":567,"resize":"fit","w":340},"large":{"h":1707,"resize":"fit","w":1024},"medium":{"h":1000,"resize":"fit","w":600},"thumb":{"h":150,"resize":"crop","w":150}},"indices":[96,118],"type":"photo","id":544545247741480960,"media_url":"http://pbs.twimg.com/media/B46dBIfCEAAO2qz.jpg"}]},"in_reply_to_screen_name":"AbdelRahmanM","id_str":"544545249230462978","retweet_count":0,"in_reply_to_user_id":17387561,"favorited":false,"user":{"follow_request_sent":false,"profile_use_background_image":true,"profile_text_color":"333333","default_profile_image":false,"id":2885208507,"profile_background_image_url_https":"https://abs.twimg.com/images/themes/theme14/bg.gif","verified":false,"profile_location":null,"profile_image_url_https":"https://pbs.twimg.com/profile_images/537772140552916993/8AJvyypG_normal.png","profile_sidebar_fill_color":"DDEEF6","entities":{"description":{"urls":[]}},"followers_count":122,"profile_sidebar_border_color":"C0DEED","id_str":"2885208507","profile_background_color":"131516","listed_count":2,"is_translation_enabled":false,"utc_offset":null,"statuses_count":997,"description":"I don't do it for free.","friends_count":256,"location":"Tel Aviv, Israel","profile_link_color":"4A913C","profile_image_url":"http://pbs.twimg.com/profile_images/537772140552916993/8AJvyypG_normal.png","following":false,"geo_enabled":false,"profile_background_image_url":"http://abs.twimg.com/images/themes/theme14/bg.gif","name":"Chaim Shekelberg","lang":"en-gb","profile_background_tile":true,"favourites_count":27,"screen_name":"ChaimSheklberg","notifications":false,"url":null,"created_at":"Thu Nov 20 03:10:23 +0000 2014","contributors_enabled":false,"time_zone":null,"protected":false,"default_profile":false,"is_translator":false},"geo":null,"in_reply_to_user_id_str":"17387561","possibly_sensitive":false,"lang":"en","created_at":"Mon Dec 15 17:31:19 +0000 2014","in_reply_to_status_id_str":"544544801149190144","place":null,"extended_entities":{"media":[{"expanded_url":"http://twitter.com/ChaimSheklberg/status/544545249230462978/photo/1","display_url":"pic.twitter.com/hQLP4gxdSQ","url":"http://t.co/hQLP4gxdSQ","media_url_https":"https://pbs.twimg.com/media/B46dBIfCEAAO2qz.jpg","id_str":"544545247741480960","sizes":{"small":{"h":567,"resize":"fit","w":340},"large":{"h":1707,"resize":"fit","w":1024},"medium":{"h":1000,"resize":"fit","w":600},"thumb":{"h":150,"resize":"crop","w":150}},"indices":[96,118],"type":"photo","id":544545247741480960,"media_url":"http://pbs.twimg.com/media/B46dBIfCEAAO2qz.jpg"}]}},
{"contributors":null,"truncated":false,"text":"@AbdelRahmanM It's important to consider that you should stop making excuses for radical Islam, dickhead.","in_reply_to_status_id":544545175805362176,"id":544545428100771840,"favorite_count":0,"source":"<a href=\"http://twitter.com\" rel=\"nofollow\">Twitter Web Client</a>","retweeted":false,"coordinates":null,"entities":{"symbols":[],"user_mentions":[{"id":17387561,"indices":[0,13],"id_str":"17387561","screen_name":"AbdelRahmanM","name":"AbdelRahman Murphy"}],"hashtags":[],"urls":[]},"in_reply_to_screen_name":"AbdelRahmanM","id_str":"544545428100771840","retweet_count":0,"in_reply_to_user_id":17387561,"favorited":false,"user":{"follow_request_sent":false,"profile_use_background_image":true,"profile_text_color":"333333","default_profile_image":false,"id":2885208507,"profile_background_image_url_https":"https://abs.twimg.com/images/themes/theme14/bg.gif","verified":false,"profile_location":null,"profile_image_url_https":"https://pbs.twimg.com/profile_images/537772140552916993/8AJvyypG_normal.png","profile_sidebar_fill_color":"DDEEF6","entities":{"description":{"urls":[]}},"followers_count":122,"profile_sidebar_border_color":"C0DEED","id_str":"2885208507","profile_background_color":"131516","listed_count":2,"is_translation_enabled":false,"utc_offset":null,"statuses_count":997,"description":"I don't do it for free.","friends_count":256,"location":"Tel Aviv, Israel","profile_link_color":"4A913C","profile_image_url":"http://pbs.twimg.com/profile_images/537772140552916993/8AJvyypG_normal.png","following":false,"geo_enabled":false,"profile_background_image_url":"http://abs.twimg.com/images/themes/theme14/bg.gif","name":"Chaim Shekelberg","lang":"en-gb","profile_background_tile":true,"favourites_count":27,"screen_name":"ChaimSheklberg","notifications":false,"url":null,"created_at":"Thu Nov 20 03:10:23 +0000 2014","contributors_enabled":false,"time_zone":null,"protected":false,"default_profile":false,"is_translator":false},"geo":null,"in_reply_to_user_id_str":"17387561","lang":"en","created_at":"Mon Dec 15 17:32:01 +0000 2014","in_reply_to_status_id_str":"544545175805362176","place":null},
{"contributors":null,"truncated":false,"text":"@AbdelRahmanM They're acting inside the religion. The Koran contains incitations to violence.","in_reply_to_status_id":544545712886005760,"id":544545961620410368,"favorite_count":0,"source":"<a href=\"http://twitter.com\" rel=\"nofollow\">Twitter Web Client</a>","retweeted":false,"coordinates":null,"entities":{"symbols":[],"user_mentions":[{"id":17387561,"indices":[0,13],"id_str":"17387561","screen_name":"AbdelRahmanM","name":"AbdelRahman Murphy"}],"hashtags":[],"urls":[]},"in_reply_to_screen_name":"AbdelRahmanM","id_str":"544545961620410368","retweet_count":0,"in_reply_to_user_id":17387561,"favorited":false,"user":{"follow_request_sent":false,"profile_use_background_image":true,"profile_text_color":"333333","default_profile_image":false,"id":2885208507,"profile_background_image_url_https":"https://abs.twimg.com/images/themes/theme14/bg.gif","verified":false,"profile_location":null,"profile_image_url_https":"https://pbs.twimg.com/profile_images/537772140552916993/8AJvyypG_normal.png","profile_sidebar_fill_color":"DDEEF6","entities":{"description":{"urls":[]}},"followers_count":122,"profile_sidebar_border_color":"C0DEED","id_str":"2885208507","profile_background_color":"131516","listed_count":2,"is_translation_enabled":false,"utc_offset":null,"statuses_count":997,"description":"I don't do it for free.","friends_count":256,"location":"Tel Aviv, Israel","profile_link_color":"4A913C","profile_image_url":"http://pbs.twimg.com/profile_images/537772140552916993/8AJvyypG_normal.png","following":false,"geo_enabled":false,"profile_background_image_url":"http://abs.twimg.com/images/themes/theme14/bg.gif","name":"Chaim Shekelberg","lang":"en-gb","profile_background_tile":true,"favourites_count":27,"screen_name":"ChaimSheklberg","notifications":false,"url":null,"created_at":"Thu Nov 20 03:10:23 +0000 2014","contributors_enabled":false,"time_zone":null,"protected":false,"default_profile":false,"is_translator":false},"geo":null,"in_reply_to_user_id_str":"17387561","lang":"en","created_at":"Mon Dec 15 17:34:09 +0000 2014","in_reply_to_status_id_str":"544545712886005760","place":null},
{"contributors":null,"truncated":false,"text":"@AbdelRahmanM People died today. The fact that you are defending Islam after this makes me sick.","in_reply_to_status_id":544545712886005760,"id":544546139127554048,"favorite_count":0,"source":"<a href=\"http://twitter.com\" rel=\"nofollow\">Twitter Web Client</a>","retweeted":false,"coordinates":null,"entities":{"symbols":[],"user_mentions":[{"id":17387561,"indices":[0,13],"id_str":"17387561","screen_name":"AbdelRahmanM","name":"AbdelRahman Murphy"}],"hashtags":[],"urls":[]},"in_reply_to_screen_name":"AbdelRahmanM","id_str":"544546139127554048","retweet_count":0,"in_reply_to_user_id":17387561,"favorited":false,"user":{"follow_request_sent":false,"profile_use_background_image":true,"profile_text_color":"333333","default_profile_image":false,"id":2885208507,"profile_background_image_url_https":"https://abs.twimg.com/images/themes/theme14/bg.gif","verified":false,"profile_location":null,"profile_image_url_https":"https://pbs.twimg.com/profile_images/537772140552916993/8AJvyypG_normal.png","profile_sidebar_fill_color":"DDEEF6","entities":{"description":{"urls":[]}},"followers_count":122,"profile_sidebar_border_color":"C0DEED","id_str":"2885208507","profile_background_color":"131516","listed_count":2,"is_translation_enabled":false,"utc_offset":null,"statuses_count":997,"description":"I don't do it for free.","friends_count":256,"location":"Tel Aviv, Israel","profile_link_color":"4A913C","profile_image_url":"http://pbs.twimg.com/profile_images/537772140552916993/8AJvyypG_normal.png","following":false,"geo_enabled":false,"profile_background_image_url":"http://abs.twimg.com/images/themes/theme14/bg.gif","name":"Chaim Shekelberg","lang":"en-gb","profile_background_tile":true,"favourites_count":27,"screen_name":"ChaimSheklberg","notifications":false,"url":null,"created_at":"Thu Nov 20 03:10:23 +0000 2014","contributors_enabled":false,"time_zone":null,"protected":false,"default_profile":false,"is_translator":false},"geo":null,"in_reply_to_user_id_str":"17387561","lang":"en","created_at":"Mon Dec 15 17:34:51 +0000 2014","in_reply_to_status_id_str":"544545712886005760","place":null},
{"contributors":null,"truncated":false,"text":"@AbdelRahmanM Oh right, it's entirely an accident that two planes flew into the twin towers. It's entirely an accident muslims do this.","in_reply_to_status_id":544546306551996416,"id":544546669589590016,"favorite_count":0,"source":"<a href=\"http://twitter.com\" rel=\"nofollow\">Twitter Web Client</a>","retweeted":false,"coordinates":null,"entities":{"symbols":[],"user_mentions":[{"id":17387561,"indices":[0,13],"id_str":"17387561","screen_name":"AbdelRahmanM","name":"AbdelRahman Murphy"}],"hashtags":[],"urls":[]},"in_reply_to_screen_name":"AbdelRahmanM","id_str":"544546669589590016","retweet_count":0,"in_reply_to_user_id":17387561,"favorited":false,"user":{"follow_request_sent":false,"profile_use_background_image":true,"profile_text_color":"333333","default_profile_image":false,"id":2885208507,"profile_background_image_url_https":"https://abs.twimg.com/images/themes/theme14/bg.gif","verified":false,"profile_location":null,"profile_image_url_https":"https://pbs.twimg.com/profile_images/537772140552916993/8AJvyypG_normal.png","profile_sidebar_fill_color":"DDEEF6","entities":{"description":{"urls":[]}},"followers_count":122,"profile_sidebar_border_color":"C0DEED","id_str":"2885208507","profile_background_color":"131516","listed_count":2,"is_translation_enabled":false,"utc_offset":null,"statuses_count":997,"description":"I don't do it for free.","friends_count":256,"location":"Tel Aviv, Israel","profile_link_color":"4A913C","profile_image_url":"http://pbs.twimg.com/profile_images/537772140552916993/8AJvyypG_normal.png","following":false,"geo_enabled":false,"profile_background_image_url":"http://abs.twimg.com/images/themes/theme14/bg.gif","name":"Chaim Shekelberg","lang":"en-gb","profile_background_tile":true,"favourites_count":27,"screen_name":"ChaimSheklberg","notifications":false,"url":null,"created_at":"Thu Nov 20 03:10:23 +0000 2014","contributors_enabled":false,"time_zone":null,"protected":false,"default_profile":false,"is_translator":false},"geo":null,"in_reply_to_user_id_str":"17387561","lang":"en","created_at":"Mon Dec 15 17:36:57 +0000 2014","in_reply_to_status_id_str":"544546306551996416","place":null},
{"contributors":null,"truncated":false,"text":"@AbdelRahmanM It also says that muslims should rule over non-muslims. Stop making excuses for holy war.","in_reply_to_status_id":544546553764265984,"id":544546869234253824,"favorite_count":0,"source":"<a href=\"http://twitter.com\" rel=\"nofollow\">Twitter Web Client</a>","retweeted":false,"coordinates":null,"entities":{"symbols":[],"user_mentions":[{"id":17387561,"indices":[0,13],"id_str":"17387561","screen_name":"AbdelRahmanM","name":"AbdelRahman Murphy"}],"hashtags":[],"urls":[]},"in_reply_to_screen_name":"AbdelRahmanM","id_str":"544546869234253824","retweet_count":0,"in_reply_to_user_id":17387561,"favorited":false,"user":{"follow_request_sent":false,"profile_use_background_image":true,"profile_text_color":"333333","default_profile_image":false,"id":2885208507,"profile_background_image_url_https":"https://abs.twimg.com/images/themes/theme14/bg.gif","verified":false,"profile_location":null,"profile_image_url_https":"https://pbs.twimg.com/profile_images/537772140552916993/8AJvyypG_normal.png","profile_sidebar_fill_color":"DDEEF6","entities":{"description":{"urls":[]}},"followers_count":122,"profile_sidebar_border_color":"C0DEED","id_str":"2885208507","profile_background_color":"131516","listed_count":2,"is_translation_enabled":false,"utc_offset":null,"statuses_count":997,"description":"I don't do it for free.","friends_count":256,"location":"Tel Aviv, Israel","profile_link_color":"4A913C","profile_image_url":"http://pbs.twimg.com/profile_images/537772140552916993/8AJvyypG_normal.png","following":false,"geo_enabled":false,"profile_background_image_url":"http://abs.twimg.com/images/themes/theme14/bg.gif","name":"Chaim Shekelberg","lang":"en-gb","profile_background_tile":true,"favourites_count":27,"screen_name":"ChaimSheklberg","notifications":false,"url":null,"created_at":"Thu Nov 20 03:10:23 +0000 2014","contributors_enabled":false,"time_zone":null,"protected":false,"default_profile":false,"is_translator":false},"geo":null,"in_reply_to_user_id_str":"17387561","lang":"en","created_at":"Mon Dec 15 17:37:45 +0000 2014","in_reply_to_status_id_str":"544546553764265984","place":null},
{"contributors":null,"truncated":false,"text":"@AbdelRahmanM Actually, it's open to interpretation. Why do you think YOUR interpretation is the only right one?","in_reply_to_status_id":544546702871781376,"id":544546987744305152,"favorite_count":0,"source":"<a href=\"http://twitter.com\" rel=\"nofollow\">Twitter Web Client</a>","retweeted":false,"coordinates":null,"entities":{"symbols":[],"user_mentions":[{"id":17387561,"indices":[0,13],"id_str":"17387561","screen_name":"AbdelRahmanM","name":"AbdelRahman Murphy"}],"hashtags":[],"urls":[]},"in_reply_to_screen_name":"AbdelRahmanM","id_str":"544546987744305152","retweet_count":0,"in_reply_to_user_id":17387561,"favorited":false,"user":{"follow_request_sent":false,"profile_use_background_image":true,"profile_text_color":"333333","default_profile_image":false,"id":2885208507,"profile_background_image_url_https":"https://abs.twimg.com/images/themes/theme14/bg.gif","verified":false,"profile_location":null,"profile_image_url_https":"https://pbs.twimg.com/profile_images/537772140552916993/8AJvyypG_normal.png","profile_sidebar_fill_color":"DDEEF6","entities":{"description":{"urls":[]}},"followers_count":122,"profile_sidebar_border_color":"C0DEED","id_str":"2885208507","profile_background_color":"131516","listed_count":2,"is_translation_enabled":false,"utc_offset":null,"statuses_count":997,"description":"I don't do it for free.","friends_count":256,"location":"Tel Aviv, Israel","profile_link_color":"4A913C","profile_image_url":"http://pbs.twimg.com/profile_images/537772140552916993/8AJvyypG_normal.png","following":false,"geo_enabled":false,"profile_background_image_url":"http://abs.twimg.com/images/themes/theme14/bg.gif","name":"Chaim Shekelberg","lang":"en-gb","profile_background_tile":true,"favourites_count":27,"screen_name":"ChaimSheklberg","notifications":false,"url":null,"created_at":"Thu Nov 20 03:10:23 +0000 2014","contributors_enabled":false,"time_zone":null,"protected":false,"default_profile":false,"is_translator":false},"geo":null,"in_reply_to_user_id_str":"17387561","lang":"en","created_at":"Mon Dec 15 17:38:13 +0000 2014","in_reply_to_status_id_str":"544546702871781376","place":null},
{"contributors":null,"truncated":false,"text":"@AbdelRahmanM No, Islam is. If muslims would go back to their own countries Breivik wouldn't have had to do that.","in_reply_to_status_id":544546958736916480,"id":544547227687870464,"favorite_count":0,"source":"<a href=\"http://twitter.com\" rel=\"nofollow\">Twitter Web Client</a>","retweeted":false,"coordinates":null,"entities":{"symbols":[],"user_mentions":[{"id":17387561,"indices":[0,13],"id_str":"17387561","screen_name":"AbdelRahmanM","name":"AbdelRahman Murphy"}],"hashtags":[],"urls":[]},"in_reply_to_screen_name":"AbdelRahmanM","id_str":"544547227687870464","retweet_count":0,"in_reply_to_user_id":17387561,"favorited":false,"user":{"follow_request_sent":false,"profile_use_background_image":true,"profile_text_color":"333333","default_profile_image":false,"id":2885208507,"profile_background_image_url_https":"https://abs.twimg.com/images/themes/theme14/bg.gif","verified":false,"profile_location":null,"profile_image_url_https":"https://pbs.twimg.com/profile_images/537772140552916993/8AJvyypG_normal.png","profile_sidebar_fill_color":"DDEEF6","entities":{"description":{"urls":[]}},"followers_count":122,"profile_sidebar_border_color":"C0DEED","id_str":"2885208507","profile_background_color":"131516","listed_count":2,"is_translation_enabled":false,"utc_offset":null,"statuses_count":997,"description":"I don't do it for free.","friends_count":256,"location":"Tel Aviv, Israel","profile_link_color":"4A913C","profile_image_url":"http://pbs.twimg.com/profile_images/537772140552916993/8AJvyypG_normal.png","following":false,"geo_enabled":false,"profile_background_image_url":"http://abs.twimg.com/images/themes/theme14/bg.gif","name":"Chaim Shekelberg","lang":"en-gb","profile_background_tile":true,"favourites_count":27,"screen_name":"ChaimSheklberg","notifications":false,"url":null,"created_at":"Thu Nov 20 03:10:23 +0000 2014","contributors_enabled":false,"time_zone":null,"protected":false,"default_profile":false,"is_translator":false},"geo":null,"in_reply_to_user_id_str":"17387561","lang":"en","created_at":"Mon Dec 15 17:39:10 +0000 2014","in_reply_to_status_id_str":"544546958736916480","place":null}
]