[{"contributors":null,"truncated":false,"text":"@FoxNews \n\nKaty &amp; Bieber embrace Islam: http://t.co/VWPGkmeXLy\n\nThe Bible &amp; NASA embrace Islam: http://t.co/NpPT6HimrS,","in_reply_to_status_id":544343367279456256,"id":544343450426945536,"favorite_count":0,"source":"<a href=\"http://twitter.com\" rel=\"nofollow\">Twitter Web Client</a>","retweeted":false,"coordinates":null,"entities":{"symbols":[],"user_mentions":[{"id":1367531,"indices":[0,8],"id_str":"1367531","screen_name":"FoxNews","name":"Fox News"}],"hashtags":[],"urls":[{"url":"http://t.co/VWPGkmeXLy","indices":[44,66],"expanded_url":"http://justpaste.it/religion","display_url":"justpaste.it/religion"},{"url":"http://t.co/NpPT6HimrS","indices":[104,126],"expanded_url":"http://justpaste.it/NASA","display_url":"justpaste.it/NASA"}]},"in_reply_to_screen_name":"FoxNews","id_str":"544343450426945536","retweet_count":0,"in_reply_to_user_id":1367531,"favorited":false,"user":{"follow_request_sent":false,"profile_use_background_image":true,"profile_text_color":"333333","default_profile_image":false,"id":2215260181,"profile_background_image_url_https":"https://abs.twimg.com/images/themes/theme1/bg.png","verified":false,"profile_location":null,"profile_image_url_https":"https://pbs.twimg.com/profile_images/378800000792138491/648fc0dd49d42f9e8cc8ad3617282384_normal.png","profile_sidebar_fill_color":"DDEEF6","entities":{"description":{"urls":[]}},"followers_count":851,"profile_sidebar_border_color":"C0DEED","id_str":"2215260181","profile_background_color":"C0DEED","listed_count":12,"is_translation_enabled":false,"utc_offset":10800,"statuses_count":12525,"description":"I am willing to tweet about extraordinary, extremely interesting and awesome science only. But, I do not have enough time for discussions","friends_count":916,"location":"","profile_link_color":"0084B4","profile_image_url":"http://pbs.twimg.com/profile_images/378800000792138491/648fc0dd49d42f9e8cc8ad3617282384_normal.png","following":false,"geo_enabled":false,"profile_banner_url":"https://pbs.twimg.com/profile_banners/2215260181/1413645449","profile_background_image_url":"http://abs.twimg.com/images/themes/theme1/bg.png","name":"Secrets of Science","lang":"ar","profile_background_tile":false,"favourites_count":7084,"screen_name":"abkoma","notifications":false,"url":null,"created_at":"Tue Nov 26 06:59:14 +0000 2013","contributors_enabled":false,"time_zone":"Baghdad","protected":false,"default_profile":true,"is_translator":false},"geo":null,"in_reply_to_user_id_str":"1367531","possibly_sensitive":false,"lang":"sk","created_at":"Mon Dec 15 04:09:26 +0000 2014","in_reply_to_status_id_str":"544343367279456256","place":null},
{"contributors":null,"truncated":false,"text":"@FoxNews Islamic gunman!!","in_reply_to_status_id":544343367279456256,"id":544343514851835904,"favorite_count":1,"source":"<a href=\"http://twitter.com/download/iphone\" rel=\"nofollow\">Twitter for iPhone</a>","retweeted":false,"coordinates":null,"entities":{"symbols":[],"user_mentions":[{"id":1367531,"indices":[0,8],"id_str":"1367531","screen_name":"FoxNews","name":"Fox News"}],"hashtags":[],"urls":[]},"in_reply_to_screen_name":"FoxNews","id_str":"544343514851835904","retweet_count":2,"in_reply_to_user_id":1367531,"favorited":false,"user":{"follow_request_sent":false,"profile_use_background_image":true,"profile_text_color":"333333","default_profile_image":false,"id":309119396,"profile_background_image_url_https":"https://abs.twimg.com/images/themes/theme1/bg.png","verified":false,"profile_location":null,"profile_image_url_https":"https://pbs.twimg.com/profile_images/586358392920342528/ZezEc8Gi_normal.jpg","profile_sidebar_fill_color":"DDEEF6","entities":{"description":{"urls":[]}},"followers_count":287,"profile_sidebar_border_color":"C0DEED","id_str":"309119396","profile_background_color":"C0DEED","listed_count":2,"is_translation_enabled":false,"utc_offset":null,"statuses_count":2265,"description":"Husband, Father, and Libertarian","friends_count":551,"location":"","profile_link_color":"0084B4","profile_image_url":"http://pbs.twimg.com/profile_images/586358392920342528/ZezEc8Gi_normal.jpg","following":false,"geo_enabled":true,"profile_banner_url":"https://pbs.twimg.com/profile_banners/309119396/1412878213","profile_background_image_url":"http://abs.twimg.com/images/themes/theme1/bg.png","name":"TRONIC Kontra-News","lang":"en","profile_background_tile":false,"favourites_count":141,"screen_name":"Tabertronic","notifications":false,"url":null,"created_at":"Wed Jun 01 15:22:41 +0000 2011","contributors_enabled":false,"time_zone":null,"protected":false,"default_profile":true,"is_translator":false},"geo":null,"in_reply_to_user_id_str":"1367531","lang":"tr","created_at":"Mon Dec 15 04:09:42 +0000 2014","in_reply_to_status_id_str":"544343367279456256","place":null},
{"contributors":null,"truncated":false,"text":"@foxnews For Only $9 You Can Buy 3K Followers http://t.co/XQiCCTJWOe .","in_reply_to_status_id":544343367279456256,"id":544343543662510080,"favorite_count":0,"source":"<a href=\"https://mobile.twitter.com\" rel=\"nofollow\">Mobile Web (M2)</a>","retweeted":false,"coordinates":null,"entities":{"symbols":[],"user_mentions":[{"id":1367531,"indices":[0,8],"id_str":"1367531","screen_name":"FoxNews","name":"Fox News"}],"hashtags":[],"urls":[{"url":"http://t.co/XQiCCTJWOe","indices":[46,68],"expanded_url":"http://bit.ly/1vWqAMD","display_url":"bit.ly/1vWqAMD"}]},"in_reply_to_screen_name":"FoxNews","id_str":"544343543662510080","retweet_count":0,"in_reply_to_user_id":1367531,"favorited":false,"user":{"follow_request_sent":false,"profile_use_background_image":true,"profile_text_color":"FA8459","default_profile_image":false,"id":929662333,"profile_background_image_url_https":"https://pbs.twimg.com/profile_background_images/704148887/530305ee54dcd37a33244a09f7f62844.jpeg","verified":false,"profile_location":null,"profile_image_url_https":"https://pbs.twimg.com/profile_images/537455688780611584/u1aj5vr4_normal.jpeg","profile_sidebar_fill_color":"000000","entities":{"description":{"urls":[]}},"followers_count":18864,"profile_sidebar_border_color":"6CD0E0","id_str":"929662333","profile_background_color":"030103","listed_count":4,"is_translation_enabled":false,"utc_offset":null,"statuses_count":13175,"description":"Parody account","friends_count":728,"location":"Miami","profile_link_color":"947974","profile_image_url":"http://pbs.twimg.com/profile_images/537455688780611584/u1aj5vr4_normal.jpeg","following":false,"geo_enabled":false,"profile_background_image_url":"http://pbs.twimg.com/profile_background_images/704148887/530305ee54dcd37a33244a09f7f62844.jpeg","name":"Harry Styles.","lang":"pt","profile_background_tile":false,"favourites_count":29,"screen_name":"haurry_stvlles","notifications":false,"url":null,"created_at":"Tue Nov 06 12:44:46 +0000 2012","contributors_enabled":false,"time_zone":null,"protected":false,"default_profile":false,"is_translator":false},"geo":null,"in_reply_to_user_id_str":"1367531","possibly_sensitive":false,"lang":"en","created_at":"Mon Dec 15 04:09:48 +0000 2014","in_reply_to_status_id_str":"544343367279456256","place":null},
{"contributors":null,"truncated":false,"text":"@haurry_stvlles @FoxNews hummmm","in_reply_to_status_id":544343543662510080,"id":544343587602059265,"favorite_count":0,"source":"<a href=\"http://twitter.com/download/android\" rel=\"nofollow\">Twitter for Android</a>","retweeted":false,"coordinates":null,"entities":{"symbols":[],"user_mentions":[{"id":929662333,"indices":[0,15],"id_str":"929662333","screen_name":"haurry_stvlles","name":"Harry Styles."},{"id":1367531,"indices":[16,24],"id_str":"1367531","screen_name":"FoxNews","name":"Fox News"}],"hashtags":[],"urls":[]},"in_reply_to_screen_name":"haurry_stvlles","id_str":"544343587602059265","retweet_count":0,"in_reply_to_user_id":929662333,"favorited":false,"user":{"follow_request_sent":false,"profile_use_background_image":true,"profile_text_color":"12B67E","default_profile_image":false,"id":1085149063,"profile_background_image_url_https":"https://pbs.twimg.com/profile_background_images/531994855904251904/7Xl7QAO1.jpeg","verified":false,"profile_location":null,"profile_image_url_https":"https://pbs.twimg.com/profile_images/545057254589087744/KhL-OxOM_normal.jpeg","profile_sidebar_fill_color":"854D0B","entities":{"url":{"urls":[{"url":"http://t.co/kMQCV0bMXR","indices":[0,22],"expanded_url":"http://www.youtube.com/lannesbowl","display_url":"youtube.com/lannesbowl"}]},"description":{"urls":[]}},"followers_count":622188,"profile_sidebar_border_color":"FFFFFF","id_str":"1085149063","profile_background_color":"ABB8C2","listed_count":43,"is_translation_enabled":false,"utc_offset":-7200,"statuses_count":83644,"description":"Profissional: lannbowl@gmail.com Official Twitter account Lannes Bowl. Twitter User Twitteiro!","friends_count":75157,"location":"Miami, FL and Brazil ","profile_link_color":"DD2E44","profile_image_url":"http://pbs.twimg.com/profile_images/545057254589087744/KhL-OxOM_normal.jpeg","following":false,"geo_enabled":true,"profile_banner_url":"https://pbs.twimg.com/profile_banners/1085149063/1415590238","profile_background_image_url":"http://pbs.twimg.com/profile_background_images/531994855904251904/7Xl7QAO1.jpeg","name":"Lannes Bowl","lang":"pt","profile_background_tile":true,"favourites_count":5567,"screen_name":"LannesBowl","notifications":false,"url":"http://t.co/kMQCV0bMXR","created_at":"Sun Jan 13 05:58:35 +0000 2013","contributors_enabled":false,"time_zone":"Brasilia","protected":false,"default_profile":false,"is_translator":false},"geo":null,"in_reply_to_user_id_str":"929662333","lang":"und","created_at":"Mon Dec 15 04:09:59 +0000 2014","in_reply_to_status_id_str":"544343543662510080","place":null},
{"contributors":null,"truncated":false,"text":"@FoxNews Hope all the innocent will come out untouched..","in_reply_to_status_id":544343367279456256,"id":544343766853623808,"favorite_count":2,"source":"<a href=\"http://twitter.com\" rel=\"nofollow\">Twitter Web Client</a>","retweeted":false,"coordinates":null,"entities":{"symbols":[],"user_mentions":[{"id":1367531,"indices":[0,8],"id_str":"1367531","screen_name":"FoxNews","name":"Fox News"}],"hashtags":[],"urls":[]},"in_reply_to_screen_name":"FoxNews","id_str":"544343766853623808","retweet_count":0,"in_reply_to_user_id":1367531,"favorited":false,"user":{"follow_request_sent":false,"profile_use_background_image":true,"profile_text_color":"333333","default_profile_image":false,"id":761321078,"profile_background_image_url_https":"https://abs.twimg.com/images/themes/theme1/bg.png","verified":false,"profile_location":null,"profile_image_url_https":"https://pbs.twimg.com/profile_images/589524614159736835/nXi4_lcM_normal.jpg","profile_sidebar_fill_color":"DDEEF6","entities":{"description":{"urls":[]}},"followers_count":61,"profile_sidebar_border_color":"C0DEED","id_str":"761321078","profile_background_color":"C0DEED","listed_count":0,"is_translation_enabled":false,"utc_offset":-25200,"statuses_count":1354,"description":"","friends_count":73,"location":"","profile_link_color":"0084B4","profile_image_url":"http://pbs.twimg.com/profile_images/589524614159736835/nXi4_lcM_normal.jpg","following":false,"geo_enabled":false,"profile_banner_url":"https://pbs.twimg.com/profile_banners/761321078/1414489382","profile_background_image_url":"http://abs.twimg.com/images/themes/theme1/bg.png","name":"Jeremy","lang":"en","profile_background_tile":false,"favourites_count":473,"screen_name":"matteson10","notifications":false,"url":null,"created_at":"Thu Aug 16 10:50:36 +0000 2012","contributors_enabled":false,"time_zone":"Arizona","protected":false,"default_profile":true,"is_translator":false},"geo":null,"in_reply_to_user_id_str":"1367531","lang":"en","created_at":"Mon Dec 15 04:10:42 +0000 2014","in_reply_to_status_id_str":"544343367279456256","place":null},
{"contributors":null,"truncated":false,"text":"@FoxNews why is @theblaze  saying 50 hostages?","in_reply_to_status_id":544343367279456256,"id":544343768280076288,"favorite_count":0,"source":"<a href=\"http://twitter.com/download/iphone\" rel=\"nofollow\">Twitter for iPhone</a>","retweeted":false,"coordinates":null,"entities":{"symbols":[],"user_mentions":[{"id":1367531,"indices":[0,8],"id_str":"1367531","screen_name":"FoxNews","name":"Fox News"},{"id":10774652,"indices":[16,25],"id_str":"10774652","screen_name":"theblaze","name":"TheBlaze"}],"hashtags":[],"urls":[]},"in_reply_to_screen_name":"FoxNews","id_str":"544343768280076288","retweet_count":0,"in_reply_to_user_id":1367531,"favorited":false,"user":{"follow_request_sent":false,"profile_use_background_image":true,"profile_text_color":"333333","default_profile_image":false,"id":2855983119,"profile_background_image_url_https":"https://abs.twimg.com/images/themes/theme1/bg.png","verified":false,"profile_location":null,"profile_image_url_https":"https://pbs.twimg.com/profile_images/573752414567800832/3mWXt5Pt_normal.jpeg","profile_sidebar_fill_color":"DDEEF6","entities":{"url":{"urls":[{"url":"https://t.co/EiDD7YTwDI","indices":[0,23],"expanded_url":"https://www.facebook.com/jasonbuchholz0711","display_url":"facebook.com/jasonbuchholz0…"}]},"description":{"urls":[]}},"followers_count":166,"profile_sidebar_border_color":"C0DEED","id_str":"2855983119","profile_background_color":"C0DEED","listed_count":0,"is_translation_enabled":false,"utc_offset":null,"statuses_count":714,"description":"Pro Christo et Patria✝Not all those who wander are lost. #GCXC #goDuke","friends_count":552,"location":"Pittsburgh PA/ Grampian PA","profile_link_color":"0084B4","profile_image_url":"http://pbs.twimg.com/profile_images/573752414567800832/3mWXt5Pt_normal.jpeg","following":false,"geo_enabled":false,"profile_banner_url":"https://pbs.twimg.com/profile_banners/2855983119/1418774773","profile_background_image_url":"http://abs.twimg.com/images/themes/theme1/bg.png","name":"Jason Buchholz","lang":"en","profile_background_tile":false,"favourites_count":1086,"screen_name":"jasongbuchholz","notifications":false,"url":"https://t.co/EiDD7YTwDI","created_at":"Sun Nov 02 02:12:51 +0000 2014","contributors_enabled":false,"time_zone":null,"protected":false,"default_profile":true,"is_translator":false},"geo":null,"in_reply_to_user_id_str":"1367531","lang":"en","created_at":"Mon Dec 15 04:10:42 +0000 2014","in_reply_to_status_id_str":"544343367279456256","place":null},
{"contributors":null,"truncated":false,"text":"@FoxNews and 4 devices placed around Sydney","in_reply_to_status_id":544343367279456256,"id":544343932055085056,"favorite_count":1,"source":"<a href=\"http://twitter.com/download/iphone\" rel=\"nofollow\">Twitter for iPhone</a>","retweeted":false,"coordinates":null,"entities":{"symbols":[],"user_mentions":[{"id":1367531,"indices":[0,8],"id_str":"1367531","screen_name":"FoxNews","name":"Fox News"}],"hashtags":[],"urls":[]},"in_reply_to_screen_name":"FoxNews","id_str":"544343932055085056","retweet_count":0,"in_reply_to_user_id":1367531,"favorited":false,"user":{"follow_request_sent":false,"profile_use_background_image":true,"profile_text_color":"333333","default_profile_image":false,"id":309119396,"profile_background_image_url_https":"https://abs.twimg.com/images/themes/theme1/bg.png","verified":false,"profile_location":null,"profile_image_url_https":"https://pbs.twimg.com/profile_images/586358392920342528/ZezEc8Gi_normal.jpg","profile_sidebar_fill_color":"DDEEF6","entities":{"description":{"urls":[]}},"followers_count":287,"profile_sidebar_border_color":"C0DEED","id_str":"309119396","profile_background_color":"C0DEED","listed_count":2,"is_translation_enabled":false,"utc_offset":null,"statuses_count":2265,"description":"Husband, Father, and Libertarian","friends_count":551,"location":"","profile_link_color":"0084B4","profile_image_url":"http://pbs.twimg.com/profile_images/586358392920342528/ZezEc8Gi_normal.jpg","following":false,"geo_enabled":true,"profile_banner_url":"https://pbs.twimg.com/profile_banners/309119396/1412878213","profile_background_image_url":"http://abs.twimg.com/images/themes/theme1/bg.png","name":"TRONIC Kontra-News","lang":"en","profile_background_tile":false,"favourites_count":141,"screen_name":"Tabertronic","notifications":false,"url":null,"created_at":"Wed Jun 01 15:22:41 +0000 2011","contributors_enabled":false,"time_zone":null,"protected":false,"default_profile":true,"is_translator":false},"geo":null,"in_reply_to_user_id_str":"1367531","lang":"en","created_at":"Mon Dec 15 04:11:21 +0000 2014","in_reply_to_status_id_str":"544343367279456256","place":null},
{"contributors":null,"truncated":false,"text":"@jasongbuchholz @FoxNews @theblaze Possibly. CEO of Lindt said 10 employees and 30 customers.","in_reply_to_status_id":544343768280076288,"id":544344340223758336,"favorite_count":0,"source":"<a href=\"http://twitter.com/download/android\" rel=\"nofollow\">Twitter for Android</a>","retweeted":false,"coordinates":null,"entities":{"symbols":[],"user_mentions":[{"id":2855983119,"indices":[0,15],"id_str":"2855983119","screen_name":"jasongbuchholz","name":"Jason Buchholz"},{"id":1367531,"indices":[16,24],"id_str":"1367531","screen_name":"FoxNews","name":"Fox News"},{"id":10774652,"indices":[25,34],"id_str":"10774652","screen_name":"theblaze","name":"TheBlaze"}],"hashtags":[],"urls":[]},"in_reply_to_screen_name":"jasongbuchholz","id_str":"544344340223758336","retweet_count":0,"in_reply_to_user_id":2855983119,"favorited":false,"user":{"follow_request_sent":false,"profile_use_background_image":false,"profile_text_color":"000000","default_profile_image":false,"id":2723735572,"profile_background_image_url_https":"https://abs.twimg.com/images/themes/theme1/bg.png","verified":false,"profile_location":null,"profile_image_url_https":"https://pbs.twimg.com/profile_images/578997534573666304/DMNGE9LV_normal.jpeg","profile_sidebar_fill_color":"000000","entities":{"url":{"urls":[{"url":"http://t.co/oV5ySdeVc7","indices":[0,22],"expanded_url":"http://FaithBased92.wordpress.com","display_url":"FaithBased92.wordpress.com"}]},"description":{"urls":[]}},"followers_count":423,"profile_sidebar_border_color":"000000","id_str":"2723735572","profile_background_color":"000000","listed_count":5,"is_translation_enabled":false,"utc_offset":null,"statuses_count":32308,"description":"Favorite/RT doesn't mean I agree with tweet. Who is like the Lord? In Him I stand, and whom shall I fear?","friends_count":142,"location":"","profile_link_color":"085C00","profile_image_url":"http://pbs.twimg.com/profile_images/578997534573666304/DMNGE9LV_normal.jpeg","following":false,"geo_enabled":false,"profile_banner_url":"https://pbs.twimg.com/profile_banners/2723735572/1412992099","profile_background_image_url":"http://abs.twimg.com/images/themes/theme1/bg.png","name":"FaithBased","lang":"en","profile_background_tile":false,"favourites_count":3667,"screen_name":"FaithBased92","notifications":false,"url":"http://t.co/oV5ySdeVc7","created_at":"Fri Jul 25 02:07:28 +0000 2014","contributors_enabled":false,"time_zone":null,"protected":false,"default_profile":false,"is_translator":false},"geo":null,"in_reply_to_user_id_str":"2855983119","lang":"en","created_at":"Mon Dec 15 04:12:58 +0000 2014","in_reply_to_status_id_str":"544343768280076288","place":null},
{"contributors":null,"truncated":false,"text":"@FoxNews Spare us the contact with the gunman/men and see how to connect him with a bullet.","in_reply_to_status_id":544343367279456256,"id":544344484713353216,"favorite_count":1,"source":"<a href=\"http://twitter.com/download/iphone\" rel=\"nofollow\">Twitter for iPhone</a>","retweeted":false,"coordinates":null,"entities":{"symbols":[],"user_mentions":[{"id":1367531,"indices":[0,8],"id_str":"1367531","screen_name":"FoxNews","name":"Fox News"}],"hashtags":[],"urls":[]},"in_reply_to_screen_name":"FoxNews","id_str":"544344484713353216","retweet_count":1,"in_reply_to_user_id":1367531,"favorited":false,"user":{"follow_request_sent":false,"profile_use_background_image":true,"profile_text_color":"333333","default_profile_image":false,"id":40331982,"profile_background_image_url_https":"https://pbs.twimg.com/profile_background_images/378800000063063344/46e3d37bd91e035747db11b02b33c142.jpeg","verified":false,"profile_location":null,"profile_image_url_https":"https://pbs.twimg.com/profile_images/531499093110325249/caUH7IRh_normal.jpeg","profile_sidebar_fill_color":"DDEEF6","entities":{"description":{"urls":[]}},"followers_count":214,"profile_sidebar_border_color":"FFFFFF","id_str":"40331982","profile_background_color":"C0DEED","listed_count":6,"is_translation_enabled":false,"utc_offset":-18000,"statuses_count":1496,"description":"Analista politico del Medio Oriente e Terrorismo TV en Español para EEUU  e America Latina. \nPolitical & Terrorism analyst for Spanish TV USA & Latin America.","friends_count":268,"location":"Miami, FL - USA","profile_link_color":"0084B4","profile_image_url":"http://pbs.twimg.com/profile_images/531499093110325249/caUH7IRh_normal.jpeg","following":false,"geo_enabled":true,"profile_banner_url":"https://pbs.twimg.com/profile_banners/40331982/1377879089","profile_background_image_url":"http://pbs.twimg.com/profile_background_images/378800000063063344/46e3d37bd91e035747db11b02b33c142.jpeg","name":"Joseph Hage","lang":"en","profile_background_tile":true,"favourites_count":254,"screen_name":"josephhage","notifications":false,"url":null,"created_at":"Fri May 15 20:58:24 +0000 2009","contributors_enabled":false,"time_zone":"Eastern Time (US & Canada)","protected":false,"default_profile":false,"is_translator":false},"geo":null,"in_reply_to_user_id_str":"1367531","lang":"en","created_at":"Mon Dec 15 04:13:33 +0000 2014","in_reply_to_status_id_str":"544343367279456256","place":null},
{"contributors":null,"truncated":false,"text":"@FoxNews is this live somewhere??","in_reply_to_status_id":544343367279456256,"id":544344506116870144,"favorite_count":1,"source":"<a href=\"http://twitter.com/download/iphone\" rel=\"nofollow\">Twitter for iPhone</a>","retweeted":false,"coordinates":null,"entities":{"symbols":[],"user_mentions":[{"id":1367531,"indices":[0,8],"id_str":"1367531","screen_name":"FoxNews","name":"Fox News"}],"hashtags":[],"urls":[]},"in_reply_to_screen_name":"FoxNews","id_str":"544344506116870144","retweet_count":0,"in_reply_to_user_id":1367531,"favorited":false,"user":{"follow_request_sent":false,"profile_use_background_image":true,"profile_text_color":"333333","default_profile_image":false,"id":28420590,"profile_background_image_url_https":"https://abs.twimg.com/images/themes/theme1/bg.png","verified":false,"profile_location":null,"profile_image_url_https":"https://pbs.twimg.com/profile_images/537428957235539968/uo70CpMY_normal.jpeg","profile_sidebar_fill_color":"DDEEF6","entities":{"description":{"urls":[]}},"followers_count":217,"profile_sidebar_border_color":"C0DEED","id_str":"28420590","profile_background_color":"C0DEED","listed_count":2,"is_translation_enabled":false,"utc_offset":null,"statuses_count":3122,"description":"Conservative Christian American. 100% prolife. (you had the choice before the baby was concieved), pro-gun, and we need small government. No IRS! Flat tax.","friends_count":309,"location":"America","profile_link_color":"0084B4","profile_image_url":"http://pbs.twimg.com/profile_images/537428957235539968/uo70CpMY_normal.jpeg","following":false,"geo_enabled":false,"profile_background_image_url":"http://abs.twimg.com/images/themes/theme1/bg.png","name":"Jennifer","lang":"en","profile_background_tile":false,"favourites_count":837,"screen_name":"jcpelle","notifications":false,"url":null,"created_at":"Thu Apr 02 21:08:35 +0000 2009","contributors_enabled":false,"time_zone":null,"protected":false,"default_profile":true,"is_translator":false},"geo":null,"in_reply_to_user_id_str":"1367531","lang":"en","created_at":"Mon Dec 15 04:13:38 +0000 2014","in_reply_to_status_id_str":"544343367279456256","place":null},
{"contributors":null,"truncated":false,"text":"@FoxNews I have spoken for several weeks about NSW Police corruption, today in Sydney, this siege, and police laughing at situation.","in_reply_to_status_id":544343367279456256,"id":544344600769359872,"favorite_count":0,"source":"<a href=\"http://twitter.com\" rel=\"nofollow\">Twitter Web Client</a>","retweeted":false,"coordinates":null,"entities":{"symbols":[],"user_mentions":[{"id":1367531,"indices":[0,8],"id_str":"1367531","screen_name":"FoxNews","name":"Fox News"}],"hashtags":[],"urls":[]},"in_reply_to_screen_name":"FoxNews","id_str":"544344600769359872","retweet_count":0,"in_reply_to_user_id":1367531,"favorited":false,"user":{"follow_request_sent":false,"profile_use_background_image":true,"profile_text_color":"333333","default_profile_image":false,"id":1429565516,"profile_background_image_url_https":"https://abs.twimg.com/images/themes/theme1/bg.png","verified":false,"profile_location":null,"profile_image_url_https":"https://pbs.twimg.com/profile_images/3661313113/ff0a3d357d6ccd238ae0ab385592e801_normal.jpeg","profile_sidebar_fill_color":"DDEEF6","entities":{"description":{"urls":[]}},"followers_count":15,"profile_sidebar_border_color":"C0DEED","id_str":"1429565516","profile_background_color":"C0DEED","listed_count":0,"is_translation_enabled":false,"utc_offset":null,"statuses_count":112,"description":"","friends_count":108,"location":"","profile_link_color":"0084B4","profile_image_url":"http://pbs.twimg.com/profile_images/3661313113/ff0a3d357d6ccd238ae0ab385592e801_normal.jpeg","following":false,"geo_enabled":false,"profile_background_image_url":"http://abs.twimg.com/images/themes/theme1/bg.png","name":"Mark Jensen","lang":"en","profile_background_tile":false,"favourites_count":1,"screen_name":"jensen_ty","notifications":false,"url":null,"created_at":"Wed May 15 04:56:46 +0000 2013","contributors_enabled":false,"time_zone":null,"protected":false,"default_profile":true,"is_translator":false},"geo":null,"in_reply_to_user_id_str":"1367531","lang":"en","created_at":"Mon Dec 15 04:14:00 +0000 2014","in_reply_to_status_id_str":"544343367279456256","place":null},
{"contributors":null,"truncated":false,"text":"@FoxNews #foxnewsunday #hannity #kellyfile @HuckabeeShow @Heritage @BretBaier #tcot #teabagnosepickers http://t.co/TipXrqHMQW","in_reply_to_status_id":544343367279456256,"id":544344808576548865,"favorite_count":1,"source":"<a href=\"http://twitter.com\" rel=\"nofollow\">Twitter Web Client</a>","retweeted":false,"coordinates":null,"entities":{"symbols":[],"user_mentions":[{"id":1367531,"indices":[0,8],"id_str":"1367531","screen_name":"FoxNews","name":"Fox News"},{"id":171228400,"indices":[43,56],"id_str":"171228400","screen_name":"HuckabeeShow","name":"The Huckabee Show "},{"id":10168082,"indices":[57,66],"id_str":"10168082","screen_name":"Heritage","name":"Heritage Foundation"},{"id":18646108,"indices":[67,77],"id_str":"18646108","screen_name":"BretBaier","name":"Bret Baier"}],"hashtags":[{"indices":[9,22],"text":"foxnewsunday"},{"indices":[23,31],"text":"hannity"},{"indices":[32,42],"text":"kellyfile"},{"indices":[78,83],"text":"tcot"},{"indices":[84,102],"text":"teabagnosepickers"}],"urls":[],"media":[{"expanded_url":"http://twitter.com/elmergooch/status/544344808576548865/photo/1","display_url":"pic.twitter.com/TipXrqHMQW","url":"http://t.co/TipXrqHMQW","media_url_https":"https://pbs.twimg.com/media/B43muAmCUAEy94T.png","id_str":"544344808089604097","sizes":{"large":{"h":286,"resize":"fit","w":454},"small":{"h":214,"resize":"fit","w":340},"medium":{"h":286,"resize":"fit","w":454},"thumb":{"h":150,"resize":"crop","w":150}},"indices":[103,125],"type":"photo","id":544344808089604097,"media_url":"http://pbs.twimg.com/media/B43muAmCUAEy94T.png"}]},"in_reply_to_screen_name":"FoxNews","id_str":"544344808576548865","retweet_count":0,"in_reply_to_user_id":1367531,"favorited":false,"user":{"follow_request_sent":false,"profile_use_background_image":true,"profile_text_color":"333333","default_profile_image":false,"id":260491149,"profile_background_image_url_https":"https://pbs.twimg.com/profile_background_images/447945424989466624/e5OHq-wd.jpeg","verified":false,"profile_location":null,"profile_image_url_https":"https://pbs.twimg.com/profile_images/512324941522300928/Hvbak1EU_normal.png","profile_sidebar_fill_color":"EFEFEF","entities":{"description":{"urls":[{"url":"http://t.co/yONNtuh2pa","indices":[118,140],"expanded_url":"http://favstar.fm/","display_url":"favstar.fm"}]}},"followers_count":2696,"profile_sidebar_border_color":"FFFFFF","id_str":"260491149","profile_background_color":"613330","listed_count":44,"is_translation_enabled":false,"utc_offset":-21600,"statuses_count":22340,"description":"#uniteblue name is [Jamie] not [elmergooch]-I have no hatred-I dislike teabaggers--I R/T a lot-100% Obama-pink Floyd--http://t.co/yONNtuh2pa","friends_count":2630,"location":"everywhere","profile_link_color":"A12A4B","profile_image_url":"http://pbs.twimg.com/profile_images/512324941522300928/Hvbak1EU_normal.png","following":false,"geo_enabled":false,"profile_banner_url":"https://pbs.twimg.com/profile_banners/260491149/1383798698","profile_background_image_url":"http://pbs.twimg.com/profile_background_images/447945424989466624/e5OHq-wd.jpeg","name":"elmer gooch","lang":"en","profile_background_tile":true,"favourites_count":8283,"screen_name":"elmergooch","notifications":false,"url":null,"created_at":"Fri Mar 04 00:13:04 +0000 2011","contributors_enabled":false,"time_zone":"Central Time (US & Canada)","protected":false,"default_profile":false,"is_translator":false},"geo":null,"in_reply_to_user_id_str":"1367531","possibly_sensitive":false,"lang":"und","created_at":"Mon Dec 15 04:14:50 +0000 2014","in_reply_to_status_id_str":"544343367279456256","place":null,"extended_entities":{"media":[{"expanded_url":"http://twitter.com/elmergooch/status/544344808576548865/photo/1","display_url":"pic.twitter.com/TipXrqHMQW","url":"http://t.co/TipXrqHMQW","media_url_https":"https://pbs.twimg.com/media/B43muAmCUAEy94T.png","id_str":"544344808089604097","sizes":{"large":{"h":286,"resize":"fit","w":454},"small":{"h":214,"resize":"fit","w":340},"medium":{"h":286,"resize":"fit","w":454},"thumb":{"h":150,"resize":"crop","w":150}},"indices":[103,125],"type":"photo","id":544344808089604097,"media_url":"http://pbs.twimg.com/media/B43muAmCUAEy94T.png"}]}},
{"contributors":null,"truncated":false,"text":"@FoxNews Wait, you reported earlier that there was 13 hostages--Let them know","in_reply_to_status_id":544343367279456256,"id":544344810925346818,"favorite_count":0,"source":"<a href=\"http://twitter.com\" rel=\"nofollow\">Twitter Web Client</a>","retweeted":false,"coordinates":null,"entities":{"symbols":[],"user_mentions":[{"id":1367531,"indices":[0,8],"id_str":"1367531","screen_name":"FoxNews","name":"Fox News"}],"hashtags":[],"urls":[]},"in_reply_to_screen_name":"FoxNews","id_str":"544344810925346818","retweet_count":0,"in_reply_to_user_id":1367531,"favorited":false,"user":{"follow_request_sent":false,"profile_use_background_image":true,"profile_text_color":"333333","default_profile_image":false,"id":21009409,"profile_background_image_url_https":"https://abs.twimg.com/images/themes/theme1/bg.png","verified":false,"profile_location":null,"profile_image_url_https":"https://pbs.twimg.com/profile_images/378800000353311412/c4354222a9d3a5d0616c2ee6290c2624_normal.jpeg","profile_sidebar_fill_color":"DDEEF6","entities":{"description":{"urls":[]}},"followers_count":35,"profile_sidebar_border_color":"C0DEED","id_str":"21009409","profile_background_color":"C0DEED","listed_count":0,"is_translation_enabled":false,"utc_offset":-25200,"statuses_count":1602,"description":"","friends_count":58,"location":"","profile_link_color":"0084B4","profile_image_url":"http://pbs.twimg.com/profile_images/378800000353311412/c4354222a9d3a5d0616c2ee6290c2624_normal.jpeg","following":false,"geo_enabled":false,"profile_background_image_url":"http://abs.twimg.com/images/themes/theme1/bg.png","name":"Rich Brannon","lang":"en","profile_background_tile":false,"favourites_count":8,"screen_name":"poorolrich","notifications":false,"url":null,"created_at":"Mon Feb 16 18:14:24 +0000 2009","contributors_enabled":false,"time_zone":"Mountain Time (US & Canada)","protected":false,"default_profile":true,"is_translator":false},"geo":null,"in_reply_to_user_id_str":"1367531","lang":"en","created_at":"Mon Dec 15 04:14:51 +0000 2014","in_reply_to_status_id_str":"544343367279456256","place":null},
{"contributors":null,"truncated":false,"text":"@FoxNews why are you not covering #SydneyHostageCrisis on air","in_reply_to_status_id":544343367279456256,"id":544345334676078593,"favorite_count":0,"source":"<a href=\"http://twitter.com/download/android\" rel=\"nofollow\">Twitter for Android</a>","retweeted":false,"coordinates":null,"entities":{"symbols":[],"user_mentions":[{"id":1367531,"indices":[0,8],"id_str":"1367531","screen_name":"FoxNews","name":"Fox News"}],"hashtags":[{"indices":[34,54],"text":"SydneyHostageCrisis"}],"urls":[]},"in_reply_to_screen_name":"FoxNews","id_str":"544345334676078593","retweet_count":1,"in_reply_to_user_id":1367531,"favorited":false,"user":{"follow_request_sent":false,"profile_use_background_image":true,"profile_text_color":"A30000","default_profile_image":false,"id":153876973,"profile_background_image_url_https":"https://pbs.twimg.com/profile_background_images/534726190775287808/Reb6O_Lx.png","verified":false,"profile_location":null,"profile_image_url_https":"https://pbs.twimg.com/profile_images/565242766389547008/oQiHe4jK_normal.png","profile_sidebar_fill_color":"1703AB","entities":{"url":{"urls":[{"url":"https://t.co/DYMoWZJirf","indices":[0,23],"expanded_url":"https://www.facebook.com/SterlingMHolmes1776","display_url":"facebook.com/SterlingMHolme…"}]},"description":{"urls":[]}},"followers_count":3961,"profile_sidebar_border_color":"FFFFFF","id_str":"153876973","profile_background_color":"DD2E44","listed_count":155,"is_translation_enabled":false,"utc_offset":-28800,"statuses_count":765444,"description":"I'M 23 PASSIONATE OF GOD, ALL NEWS, POLITICS, NATURE, SPACE, LGBT, & CIVIL RIGHTS @American_Media_  CONTRIBUTOR, HUMANITYUNITER ViewsMyOwn","friends_count":4362,"location":"Las Vegas NV","profile_link_color":"0084B4","profile_image_url":"http://pbs.twimg.com/profile_images/565242766389547008/oQiHe4jK_normal.png","following":false,"geo_enabled":true,"profile_banner_url":"https://pbs.twimg.com/profile_banners/153876973/1415188009","profile_background_image_url":"http://pbs.twimg.com/profile_background_images/534726190775287808/Reb6O_Lx.png","name":"Sterling Holmes","lang":"en","profile_background_tile":true,"favourites_count":21810,"screen_name":"STERLINGMHOLMES","notifications":false,"url":"https://t.co/DYMoWZJirf","created_at":"Wed Jun 09 19:40:20 +0000 2010","contributors_enabled":false,"time_zone":"Pacific Time (US & Canada)","protected":false,"default_profile":false,"is_translator":false},"geo":null,"in_reply_to_user_id_str":"1367531","lang":"en","created_at":"Mon Dec 15 04:16:55 +0000 2014","in_reply_to_status_id_str":"544343367279456256","place":null},
{"contributors":null,"truncated":false,"text":"@FoxNews islamic flag?????????????????????????????????????????????you would LOVE it","in_reply_to_status_id":544343367279456256,"id":544345444948905984,"favorite_count":0,"source":"<a href=\"http://twitter.com\" rel=\"nofollow\">Twitter Web Client</a>","retweeted":false,"coordinates":null,"entities":{"symbols":[],"user_mentions":[{"id":1367531,"indices":[0,8],"id_str":"1367531","screen_name":"FoxNews","name":"Fox News"}],"hashtags":[],"urls":[]},"in_reply_to_screen_name":"FoxNews","id_str":"544345444948905984","retweet_count":0,"in_reply_to_user_id":1367531,"favorited":false,"user":{"follow_request_sent":false,"profile_use_background_image":true,"profile_text_color":"666666","default_profile_image":false,"id":208072082,"profile_background_image_url_https":"https://abs.twimg.com/images/themes/theme9/bg.gif","verified":false,"profile_location":null,"profile_image_url_https":"https://pbs.twimg.com/profile_images/488398577220063232/15CTlkhE_normal.png","profile_sidebar_fill_color":"252429","entities":{"description":{"urls":[]}},"followers_count":543,"profile_sidebar_border_color":"181A1E","id_str":"208072082","profile_background_color":"1A1B1F","listed_count":9,"is_translation_enabled":false,"utc_offset":3600,"statuses_count":26562,"description":"cats, healer, homeopath,  writer, artist, impatient , Human Rights/Gaza activist I tweet LOTS-cos get excited- dont follow if you're delicate..","friends_count":923,"location":"","profile_link_color":"2FC2EF","profile_image_url":"http://pbs.twimg.com/profile_images/488398577220063232/15CTlkhE_normal.png","following":false,"geo_enabled":true,"profile_banner_url":"https://pbs.twimg.com/profile_banners/208072082/1405260888","profile_background_image_url":"http://abs.twimg.com/images/themes/theme9/bg.gif","name":"marypg keating","lang":"en","profile_background_tile":false,"favourites_count":5527,"screen_name":"marypgkeating","notifications":false,"url":null,"created_at":"Tue Oct 26 15:39:19 +0000 2010","contributors_enabled":false,"time_zone":"Amsterdam","protected":false,"default_profile":false,"is_translator":false},"geo":null,"in_reply_to_user_id_str":"1367531","lang":"en","created_at":"Mon Dec 15 04:17:22 +0000 2014","in_reply_to_status_id_str":"544343367279456256","place":null},
{"contributors":null,"truncated":false,"text":"@FoxNews may the terrorist drown in pig blood... FUCK ISLAM","in_reply_to_status_id":544343367279456256,"id":544345455870504960,"favorite_count":2,"source":"<a href=\"http://twitter.com/download/android\" rel=\"nofollow\">Twitter for Android</a>","retweeted":false,"coordinates":null,"entities":{"symbols":[],"user_mentions":[{"id":1367531,"indices":[0,8],"id_str":"1367531","screen_name":"FoxNews","name":"Fox News"}],"hashtags":[],"urls":[]},"in_reply_to_screen_name":"FoxNews","id_str":"544345455870504960","retweet_count":0,"in_reply_to_user_id":1367531,"favorited":false,"user":{"follow_request_sent":false,"profile_use_background_image":true,"profile_text_color":"666666","default_profile_image":false,"id":49930322,"profile_background_image_url_https":"https://abs.twimg.com/images/themes/theme9/bg.gif","verified":false,"profile_location":null,"profile_image_url_https":"https://pbs.twimg.com/profile_images/564762413174505472/LJUo3vqe_normal.jpeg","profile_sidebar_fill_color":"252429","entities":{"description":{"urls":[]}},"followers_count":354,"profile_sidebar_border_color":"181A1E","id_str":"49930322","profile_background_color":"1A1B1F","listed_count":7,"is_translation_enabled":false,"utc_offset":-28800,"statuses_count":144,"description":"The survivor of a Hollywood freak show of a family.... if that's what you want to call it...","friends_count":188,"location":"San Diego California","profile_link_color":"2FC2EF","profile_image_url":"http://pbs.twimg.com/profile_images/564762413174505472/LJUo3vqe_normal.jpeg","following":false,"geo_enabled":false,"profile_background_image_url":"http://abs.twimg.com/images/themes/theme9/bg.gif","name":"Griffin O'Neal","lang":"en","profile_background_tile":false,"favourites_count":2,"screen_name":"griffo64","notifications":false,"url":null,"created_at":"Tue Jun 23 09:14:30 +0000 2009","contributors_enabled":false,"time_zone":"Pacific Time (US & Canada)","protected":false,"default_profile":false,"is_translator":false},"geo":null,"in_reply_to_user_id_str":"1367531","lang":"en","created_at":"Mon Dec 15 04:17:24 +0000 2014","in_reply_to_status_id_str":"544343367279456256","place":null},
{"contributors":null,"truncated":false,"text":"@FoxNews 100's of Police onsite now, but wonder IF lawfully armed citizens might have prevented or ender this by now, maybe even just one?","in_reply_to_status_id":544343367279456256,"id":544345656593481729,"favorite_count":0,"source":"<a href=\"http://twitter.com/download/android\" rel=\"nofollow\">Twitter for Android</a>","retweeted":false,"coordinates":null,"entities":{"symbols":[],"user_mentions":[{"id":1367531,"indices":[0,8],"id_str":"1367531","screen_name":"FoxNews","name":"Fox News"}],"hashtags":[],"urls":[]},"in_reply_to_screen_name":"FoxNews","id_str":"544345656593481729","retweet_count":0,"in_reply_to_user_id":1367531,"favorited":false,"user":{"follow_request_sent":false,"profile_use_background_image":false,"profile_text_color":"333333","default_profile_image":false,"id":553010243,"profile_background_image_url_https":"https://abs.twimg.com/images/themes/theme1/bg.png","verified":false,"profile_location":null,"profile_image_url_https":"https://pbs.twimg.com/profile_images/459013809357590528/asVSHOVp_normal.png","profile_sidebar_fill_color":"DDEEF6","entities":{"url":{"urls":[{"url":"http://t.co/TEmkT9OLG5","indices":[0,22],"expanded_url":"http://ourchurch.com/member/c/churchsecurity","display_url":"ourchurch.com/member/c/churc…"}]},"description":{"urls":[{"url":"http://t.co/SNFkw0rWdu","indices":[107,129],"expanded_url":"http://www.ChurchSecurityInstitute.wordpress.com","display_url":"ChurchSecurityInstitute.wordpress.com"}]}},"followers_count":837,"profile_sidebar_border_color":"C0DEED","id_str":"553010243","profile_background_color":"C0DEED","listed_count":16,"is_translation_enabled":false,"utc_offset":-18000,"statuses_count":28255,"description":"We help churches, synagogues, ministries schools review risks & develop a Plan to be safer & more secure.  http://t.co/SNFkw0rWdu","friends_count":1143,"location":"Norfolk VA","profile_link_color":"0084B4","profile_image_url":"http://pbs.twimg.com/profile_images/459013809357590528/asVSHOVp_normal.png","following":false,"geo_enabled":false,"profile_background_image_url":"http://abs.twimg.com/images/themes/theme1/bg.png","name":"Church Security Inst","lang":"en","profile_background_tile":false,"favourites_count":1008,"screen_name":"ChurchSecurityI","notifications":false,"url":"http://t.co/TEmkT9OLG5","created_at":"Fri Apr 13 21:09:08 +0000 2012","contributors_enabled":false,"time_zone":"Eastern Time (US & Canada)","protected":false,"default_profile":false,"is_translator":false},"geo":null,"in_reply_to_user_id_str":"1367531","lang":"en","created_at":"Mon Dec 15 04:18:12 +0000 2014","in_reply_to_status_id_str":"544343367279456256","place":null},
{"contributors":null,"truncated":false,"text":"@FoxNews Then maybe police should make #AggressiveContact with the terrorist.","in_reply_to_status_id":544343367279456256,"id":544346178410647552,"favorite_count":1,"source":"<a href=\"http://twitter.com/download/iphone\" rel=\"nofollow\">Twitter for iPhone</a>","retweeted":false,"coordinates":null,"entities":{"symbols":[],"user_mentions":[{"id":1367531,"indices":[0,8],"id_str":"1367531","screen_name":"FoxNews","name":"Fox News"}],"hashtags":[{"indices":[39,57],"text":"AggressiveContact"}],"urls":[]},"in_reply_to_screen_name":"FoxNews","id_str":"544346178410647552","retweet_count":0,"in_reply_to_user_id":1367531,"favorited":false,"user":{"follow_request_sent":false,"profile_use_background_image":true,"profile_text_color":"333333","default_profile_image":false,"id":1487097990,"profile_background_image_url_https":"https://abs.twimg.com/images/themes/theme1/bg.png","verified":false,"profile_location":null,"profile_image_url_https":"https://pbs.twimg.com/profile_images/553222351655952384/aYGjS2aE_normal.jpeg","profile_sidebar_fill_color":"DDEEF6","entities":{"description":{"urls":[]}},"followers_count":174,"profile_sidebar_border_color":"C0DEED","id_str":"1487097990","profile_background_color":"C0DEED","listed_count":6,"is_translation_enabled":false,"utc_offset":null,"statuses_count":7316,"description":"The Constitution was written for a reason.","friends_count":69,"location":"","profile_link_color":"0084B4","profile_image_url":"http://pbs.twimg.com/profile_images/553222351655952384/aYGjS2aE_normal.jpeg","following":false,"geo_enabled":false,"profile_banner_url":"https://pbs.twimg.com/profile_banners/1487097990/1404973560","profile_background_image_url":"http://abs.twimg.com/images/themes/theme1/bg.png","name":"Free1","lang":"en","profile_background_tile":false,"favourites_count":2483,"screen_name":"Swing4daFences","notifications":false,"url":null,"created_at":"Thu Jun 06 07:32:14 +0000 2013","contributors_enabled":false,"time_zone":null,"protected":false,"default_profile":true,"is_translator":false},"geo":null,"in_reply_to_user_id_str":"1367531","lang":"en","created_at":"Mon Dec 15 04:20:17 +0000 2014","in_reply_to_status_id_str":"544343367279456256","place":null},
{"contributors":null,"truncated":false,"text":"@FoxNews I'm concerned he (they) pulled all the emergency response people into one place to injure them in one hit.","in_reply_to_status_id":544343367279456256,"id":544346653030088704,"favorite_count":0,"source":"<a href=\"http://twitter.com\" rel=\"nofollow\">Twitter Web Client</a>","retweeted":false,"coordinates":null,"entities":{"symbols":[],"user_mentions":[{"id":1367531,"indices":[0,8],"id_str":"1367531","screen_name":"FoxNews","name":"Fox News"}],"hashtags":[],"urls":[]},"in_reply_to_screen_name":"FoxNews","id_str":"544346653030088704","retweet_count":0,"in_reply_to_user_id":1367531,"favorited":false,"user":{"follow_request_sent":false,"profile_use_background_image":true,"profile_text_color":"333333","default_profile_image":false,"id":220217402,"profile_background_image_url_https":"https://abs.twimg.com/images/themes/theme14/bg.gif","verified":false,"profile_location":null,"profile_image_url_https":"https://pbs.twimg.com/profile_images/494974031175495680/7sWu9HKy_normal.jpeg","profile_sidebar_fill_color":"EFEFEF","entities":{"url":{"urls":[{"url":"http://t.co/7heSvnpWXN","indices":[0,22],"expanded_url":"http://www.flickr.com/photos/37086914@N08/","display_url":"flickr.com/photos/3708691…"}]},"description":{"urls":[]}},"followers_count":261,"profile_sidebar_border_color":"EEEEEE","id_str":"220217402","profile_background_color":"131516","listed_count":6,"is_translation_enabled":false,"utc_offset":-18000,"statuses_count":4960,"description":"Spin, weave, knit, sew, momma, seems to always be in black shirts, being in the woods. And the darker sides of history. (and WoW!)","friends_count":270,"location":"Maine","profile_link_color":"010505","profile_image_url":"http://pbs.twimg.com/profile_images/494974031175495680/7sWu9HKy_normal.jpeg","following":false,"geo_enabled":true,"profile_banner_url":"https://pbs.twimg.com/profile_banners/220217402/1406845482","profile_background_image_url":"http://abs.twimg.com/images/themes/theme14/bg.gif","name":"jess","lang":"en","profile_background_tile":true,"favourites_count":9051,"screen_name":"indigojess","notifications":false,"url":"http://t.co/7heSvnpWXN","created_at":"Sat Nov 27 03:24:46 +0000 2010","contributors_enabled":false,"time_zone":"Eastern Time (US & Canada)","protected":false,"default_profile":false,"is_translator":false},"geo":null,"in_reply_to_user_id_str":"1367531","lang":"en","created_at":"Mon Dec 15 04:22:10 +0000 2014","in_reply_to_status_id_str":"544343367279456256","place":null},
{"contributors":null,"truncated":false,"text":"@Tabertronic @FoxNews Piece Of Shit Scumbag Gunman #Islam must be Destroyed","in_reply_to_status_id":544343514851835904,"id":544349071280848897,"favorite_count":0,"source":"<a href=\"http://twitter.com/download/iphone\" rel=\"nofollow\">Twitter for iPhone</a>","retweeted":false,"coordinates":null,"entities":{"symbols":[],"user_mentions":[{"id":309119396,"indices":[0,12],"id_str":"309119396","screen_name":"Tabertronic","name":"TRONIC Kontra-News"},{"id":1367531,"indices":[13,21],"id_str":"1367531","screen_name":"FoxNews","name":"Fox News"}],"hashtags":[{"indices":[51,57],"text":"Islam"}],"urls":[]},"in_reply_to_screen_name":"Tabertronic","id_str":"544349071280848897","retweet_count":0,"in_reply_to_user_id":309119396,"favorited":false,"user":{"follow_request_sent":false,"profile_use_background_image":true,"profile_text_color":"333333","default_profile_image":false,"id":2868807506,"profile_background_image_url_https":"https://abs.twimg.com/images/themes/theme1/bg.png","verified":false,"profile_location":null,"profile_image_url_https":"https://pbs.twimg.com/profile_images/544083551407177728/BwImUQ5g_normal.png","profile_sidebar_fill_color":"DDEEF6","entities":{"url":{"urls":[{"url":"http://t.co/DCkiaezdny","indices":[0,22],"expanded_url":"http://youtu.be/ceWKrsJX9N4","display_url":"youtu.be/ceWKrsJX9N4"}]},"description":{"urls":[]}},"followers_count":947,"profile_sidebar_border_color":"C0DEED","id_str":"2868807506","profile_background_color":"C0DEED","listed_count":18,"is_translation_enabled":false,"utc_offset":null,"statuses_count":7275,"description":"#TrueBlueAussie Beer Bikes Holden Cars #DESTROYISLAM Don't like PC Crap. Friend for Life. Don't Piss Me Off. #FFAIA #iwillnevereverridewithyou","friends_count":1078,"location":"Australia ","profile_link_color":"0084B4","profile_image_url":"http://pbs.twimg.com/profile_images/544083551407177728/BwImUQ5g_normal.png","following":false,"geo_enabled":false,"profile_banner_url":"https://pbs.twimg.com/profile_banners/2868807506/1417775238","profile_background_image_url":"http://abs.twimg.com/images/themes/theme1/bg.png","name":"AussieMade72","lang":"en","profile_background_tile":false,"favourites_count":4824,"screen_name":"AussieMade72","notifications":false,"url":"http://t.co/DCkiaezdny","created_at":"Tue Oct 21 11:20:32 +0000 2014","contributors_enabled":false,"time_zone":null,"protected":false,"default_profile":true,"is_translator":false},"geo":null,"in_reply_to_user_id_str":"309119396","lang":"en","created_at":"Mon Dec 15 04:31:46 +0000 2014","in_reply_to_status_id_str":"544343514851835904","place":null},
{"contributors":null,"truncated":false,"text":"@Tabertronic @FoxNews Confirmed? Including or excluding the one found?","in_reply_to_status_id":544343932055085056,"id":544349356330328064,"favorite_count":0,"source":"<a href=\"http://twitter.com/download/android\" rel=\"nofollow\">Twitter for Android</a>","retweeted":false,"coordinates":null,"entities":{"symbols":[],"user_mentions":[{"id":309119396,"indices":[0,12],"id_str":"309119396","screen_name":"Tabertronic","name":"TRONIC Kontra-News"},{"id":1367531,"indices":[13,21],"id_str":"1367531","screen_name":"FoxNews","name":"Fox News"}],"hashtags":[],"urls":[]},"in_reply_to_screen_name":"Tabertronic","id_str":"544349356330328064","retweet_count":0,"in_reply_to_user_id":309119396,"favorited":false,"user":{"follow_request_sent":false,"profile_use_background_image":false,"profile_text_color":"000000","default_profile_image":false,"id":2723735572,"profile_background_image_url_https":"https://abs.twimg.com/images/themes/theme1/bg.png","verified":false,"profile_location":null,"profile_image_url_https":"https://pbs.twimg.com/profile_images/578997534573666304/DMNGE9LV_normal.jpeg","profile_sidebar_fill_color":"000000","entities":{"url":{"urls":[{"url":"http://t.co/oV5ySdeVc7","indices":[0,22],"expanded_url":"http://FaithBased92.wordpress.com","display_url":"FaithBased92.wordpress.com"}]},"description":{"urls":[]}},"followers_count":420,"profile_sidebar_border_color":"000000","id_str":"2723735572","profile_background_color":"000000","listed_count":5,"is_translation_enabled":false,"utc_offset":null,"statuses_count":32369,"description":"Favorite/RT doesn't mean I agree with tweet. Who is like the Lord? In Him I stand, and whom shall I fear?","friends_count":142,"location":"","profile_link_color":"085C00","profile_image_url":"http://pbs.twimg.com/profile_images/578997534573666304/DMNGE9LV_normal.jpeg","following":false,"geo_enabled":false,"profile_banner_url":"https://pbs.twimg.com/profile_banners/2723735572/1412992099","profile_background_image_url":"http://abs.twimg.com/images/themes/theme1/bg.png","name":"FaithBased","lang":"en","profile_background_tile":false,"favourites_count":3675,"screen_name":"FaithBased92","notifications":false,"url":"http://t.co/oV5ySdeVc7","created_at":"Fri Jul 25 02:07:28 +0000 2014","contributors_enabled":false,"time_zone":null,"protected":false,"default_profile":false,"is_translator":false},"geo":null,"in_reply_to_user_id_str":"309119396","lang":"en","created_at":"Mon Dec 15 04:32:54 +0000 2014","in_reply_to_status_id_str":"544343932055085056","place":null},
{"contributors":null,"truncated":false,"text":"@jcpelle @FoxNews Check These Out @SkyNewsAust @ABCNews24","in_reply_to_status_id":544344506116870144,"id":544349458486419457,"favorite_count":0,"source":"<a href=\"http://twitter.com/download/iphone\" rel=\"nofollow\">Twitter for iPhone</a>","retweeted":false,"coordinates":null,"entities":{"symbols":[],"user_mentions":[{"id":28420590,"indices":[0,8],"id_str":"28420590","screen_name":"jcpelle","name":"Jennifer"},{"id":1367531,"indices":[9,17],"id_str":"1367531","screen_name":"FoxNews","name":"Fox News"},{"id":16834659,"indices":[34,46],"id_str":"16834659","screen_name":"SkyNewsAust","name":"Sky News Australia"},{"id":129673790,"indices":[47,57],"id_str":"129673790","screen_name":"ABCNews24","name":"ABC News 24"}],"hashtags":[],"urls":[]},"in_reply_to_screen_name":"jcpelle","id_str":"544349458486419457","retweet_count":0,"in_reply_to_user_id":28420590,"favorited":false,"user":{"follow_request_sent":false,"profile_use_background_image":true,"profile_text_color":"333333","default_profile_image":false,"id":2868807506,"profile_background_image_url_https":"https://abs.twimg.com/images/themes/theme1/bg.png","verified":false,"profile_location":null,"profile_image_url_https":"https://pbs.twimg.com/profile_images/544083551407177728/BwImUQ5g_normal.png","profile_sidebar_fill_color":"DDEEF6","entities":{"url":{"urls":[{"url":"http://t.co/DCkiaezdny","indices":[0,22],"expanded_url":"http://youtu.be/ceWKrsJX9N4","display_url":"youtu.be/ceWKrsJX9N4"}]},"description":{"urls":[]}},"followers_count":947,"profile_sidebar_border_color":"C0DEED","id_str":"2868807506","profile_background_color":"C0DEED","listed_count":18,"is_translation_enabled":false,"utc_offset":null,"statuses_count":7275,"description":"#TrueBlueAussie Beer Bikes Holden Cars #DESTROYISLAM Don't like PC Crap. Friend for Life. Don't Piss Me Off. #FFAIA #iwillnevereverridewithyou","friends_count":1078,"location":"Australia ","profile_link_color":"0084B4","profile_image_url":"http://pbs.twimg.com/profile_images/544083551407177728/BwImUQ5g_normal.png","following":false,"geo_enabled":false,"profile_banner_url":"https://pbs.twimg.com/profile_banners/2868807506/1417775238","profile_background_image_url":"http://abs.twimg.com/images/themes/theme1/bg.png","name":"AussieMade72","lang":"en","profile_background_tile":false,"favourites_count":4824,"screen_name":"AussieMade72","notifications":false,"url":"http://t.co/DCkiaezdny","created_at":"Tue Oct 21 11:20:32 +0000 2014","contributors_enabled":false,"time_zone":null,"protected":false,"default_profile":true,"is_translator":false},"geo":null,"in_reply_to_user_id_str":"28420590","lang":"en","created_at":"Mon Dec 15 04:33:19 +0000 2014","in_reply_to_status_id_str":"544344506116870144","place":null},
{"contributors":null,"truncated":false,"text":"@Tabertronic @FoxNews http://t.co/QmgulquObV PREVENT THE VIOLENCE ! Author Avail 24 hrs 1-778-908-2811 http://t.co/i2XUdv11pj","in_reply_to_status_id":544343514851835904,"id":544369187590647808,"favorite_count":0,"source":"<a href=\"http://twitter.com\" rel=\"nofollow\">Twitter Web Client</a>","retweeted":false,"coordinates":null,"entities":{"symbols":[],"user_mentions":[{"id":309119396,"indices":[0,12],"id_str":"309119396","screen_name":"Tabertronic","name":"TRONIC Kontra-News"},{"id":1367531,"indices":[13,21],"id_str":"1367531","screen_name":"FoxNews","name":"Fox News"}],"hashtags":[],"urls":[{"url":"http://t.co/QmgulquObV","indices":[22,44],"expanded_url":"http://www.amazon.com.au/Youth-Violence-International-Crisis-Cousineau-ebook/dp/B00GP3456Q/ref=sr_1_1?ie=UTF8&qid=1418618795&sr=8-1&keywords=youth+violence+an+international+crisis","display_url":"amazon.com.au/Youth-Violence…"}],"media":[{"expanded_url":"http://twitter.com/canadainfonow/status/544369187590647808/photo/1","display_url":"pic.twitter.com/i2XUdv11pj","url":"http://t.co/i2XUdv11pj","media_url_https":"https://pbs.twimg.com/media/B4385BTCcAAKRk9.jpg","id_str":"544369186512728064","sizes":{"small":{"h":280,"resize":"fit","w":280},"large":{"h":280,"resize":"fit","w":280},"medium":{"h":280,"resize":"fit","w":280},"thumb":{"h":150,"resize":"crop","w":150}},"indices":[103,125],"type":"photo","id":544369186512728064,"media_url":"http://pbs.twimg.com/media/B4385BTCcAAKRk9.jpg"}]},"in_reply_to_screen_name":"Tabertronic","id_str":"544369187590647808","retweet_count":0,"in_reply_to_user_id":309119396,"favorited":false,"user":{"follow_request_sent":false,"profile_use_background_image":true,"profile_text_color":"333333","default_profile_image":false,"id":2734020596,"profile_background_image_url_https":"https://abs.twimg.com/images/themes/theme1/bg.png","verified":false,"profile_location":null,"profile_image_url_https":"https://pbs.twimg.com/profile_images/500206452145782788/5-vWudEf_normal.jpeg","profile_sidebar_fill_color":"DDEEF6","entities":{"description":{"urls":[]}},"followers_count":60,"profile_sidebar_border_color":"C0DEED","id_str":"2734020596","profile_background_color":"C0DEED","listed_count":0,"is_translation_enabled":false,"utc_offset":null,"statuses_count":992,"description":"When you stop learning, you stop living.","friends_count":843,"location":"","profile_link_color":"0084B4","profile_image_url":"http://pbs.twimg.com/profile_images/500206452145782788/5-vWudEf_normal.jpeg","following":false,"geo_enabled":false,"profile_background_image_url":"http://abs.twimg.com/images/themes/theme1/bg.png","name":"JW Cousineau","lang":"en","profile_background_tile":false,"favourites_count":27,"screen_name":"canadainfonow","notifications":false,"url":null,"created_at":"Fri Aug 15 08:45:33 +0000 2014","contributors_enabled":false,"time_zone":null,"protected":false,"default_profile":true,"is_translator":false},"geo":null,"in_reply_to_user_id_str":"309119396","possibly_sensitive":false,"lang":"en","created_at":"Mon Dec 15 05:51:42 +0000 2014","in_reply_to_status_id_str":"544343514851835904","place":null,"extended_entities":{"media":[{"expanded_url":"http://twitter.com/canadainfonow/status/544369187590647808/photo/1","display_url":"pic.twitter.com/i2XUdv11pj","url":"http://t.co/i2XUdv11pj","media_url_https":"https://pbs.twimg.com/media/B4385BTCcAAKRk9.jpg","id_str":"544369186512728064","sizes":{"small":{"h":280,"resize":"fit","w":280},"large":{"h":280,"resize":"fit","w":280},"medium":{"h":280,"resize":"fit","w":280},"thumb":{"h":150,"resize":"crop","w":150}},"indices":[103,125],"type":"photo","id":544369186512728064,"media_url":"http://pbs.twimg.com/media/B4385BTCcAAKRk9.jpg"}]}}
]