[{"contributors":null,"truncated":false,"text":"@NewsBreaker Can we PLEASE take these MUSLIM(Terrorists) countries off the Map?! America needs some new beachfront property!","in_reply_to_status_id":544301012492632064,"id":544302876097773569,"favorite_count":0,"source":"<a href=\"http://twitter.com/#!/download/ipad\" rel=\"nofollow\">Twitter for iPad</a>","retweeted":false,"coordinates":null,"entities":{"symbols":[],"user_mentions":[{"id":774393817,"indices":[0,12],"id_str":"774393817","screen_name":"NewsBreaker","name":"NewsBreaker"}],"hashtags":[],"urls":[]},"in_reply_to_screen_name":"NewsBreaker","id_str":"544302876097773569","retweet_count":0,"in_reply_to_user_id":774393817,"favorited":false,"user":{"follow_request_sent":false,"profile_use_background_image":true,"profile_text_color":"333333","default_profile_image":false,"id":1595149356,"profile_background_image_url_https":"https://abs.twimg.com/images/themes/theme1/bg.png","verified":false,"profile_location":null,"profile_image_url_https":"https://pbs.twimg.com/profile_images/548588743914180608/aHciNKX2_normal.jpeg","profile_sidebar_fill_color":"DDEEF6","entities":{"description":{"urls":[]}},"followers_count":78,"profile_sidebar_border_color":"C0DEED","id_str":"1595149356","profile_background_color":"C0DEED","listed_count":2,"is_translation_enabled":false,"utc_offset":null,"statuses_count":726,"description":"I Am Not A Republican Nor A Democrat. I Am An AMERICAN!","friends_count":512,"location":"","profile_link_color":"0084B4","profile_image_url":"http://pbs.twimg.com/profile_images/548588743914180608/aHciNKX2_normal.jpeg","following":false,"geo_enabled":true,"profile_banner_url":"https://pbs.twimg.com/profile_banners/1595149356/1411874422","profile_background_image_url":"http://abs.twimg.com/images/themes/theme1/bg.png","name":"Enough","lang":"en","profile_background_tile":false,"favourites_count":50,"screen_name":"BigJeffNYC","notifications":false,"url":null,"created_at":"Mon Jul 15 06:46:03 +0000 2013","contributors_enabled":false,"time_zone":null,"protected":false,"default_profile":true,"is_translator":false},"geo":null,"in_reply_to_user_id_str":"774393817","lang":"en","created_at":"Mon Dec 15 01:28:12 +0000 2014","in_reply_to_status_id_str":"544301012492632064","place":null},
{"contributors":null,"truncated":false,"text":"“@NewsBreaker: MASSIVE OPERATION: \"Hundreds of armed police have swarmed the area.\" #sydneysiege (LIVE) http://t.co/m9Ghhsk3gX","in_reply_to_status_id":544301012492632064,"id":544304100759064576,"favorite_count":0,"source":"<a href=\"http://twitter.com/download/iphone\" rel=\"nofollow\">Twitter for iPhone</a>","retweeted":false,"coordinates":null,"entities":{"symbols":[],"user_mentions":[{"id":774393817,"indices":[1,13],"id_str":"774393817","screen_name":"NewsBreaker","name":"NewsBreaker"}],"hashtags":[{"indices":[84,96],"text":"sydneysiege"}],"urls":[{"url":"http://t.co/m9Ghhsk3gX","indices":[104,126],"expanded_url":"http://bit.ly/1w7PBDO","display_url":"bit.ly/1w7PBDO"}]},"in_reply_to_screen_name":"NewsBreaker","id_str":"544304100759064576","retweet_count":0,"in_reply_to_user_id":774393817,"favorited":false,"user":{"follow_request_sent":false,"profile_use_background_image":true,"profile_text_color":"000000","default_profile_image":false,"id":89458867,"profile_background_image_url_https":"https://pbs.twimg.com/profile_background_images/57898472/darkness.jpg","verified":false,"profile_location":null,"profile_image_url_https":"https://pbs.twimg.com/profile_images/581195883871641600/E4-3Drqx_normal.jpg","profile_sidebar_fill_color":"FFFFFF","entities":{"description":{"urls":[{"url":"http://t.co/RRZJSdAj0k","indices":[111,133],"expanded_url":"http://sat.NYC","display_url":"sat.NYC"},{"url":"http://t.co/FlrzuhEbJA","indices":[134,156],"expanded_url":"http://5dec.ru","display_url":"5dec.ru"}]}},"followers_count":1202,"profile_sidebar_border_color":"750075","id_str":"89458867","profile_background_color":"FFFFFF","listed_count":38,"is_translation_enabled":false,"utc_offset":-18000,"statuses_count":15025,"description":"Fighting for justice in Magnitsky case.Russian politics.Freedoms & human rights in Russia RT≠ endorse.Sapienti http://t.co/RRZJSdAj0k http://t.co/FlrzuhEbJA","friends_count":1977,"location":"","profile_link_color":"750075","profile_image_url":"http://pbs.twimg.com/profile_images/581195883871641600/E4-3Drqx_normal.jpg","following":false,"geo_enabled":false,"profile_banner_url":"https://pbs.twimg.com/profile_banners/89458867/1380049500","profile_background_image_url":"http://pbs.twimg.com/profile_background_images/57898472/darkness.jpg","name":"Vlad Burlutsky","lang":"en","profile_background_tile":false,"favourites_count":743,"screen_name":"Vladdich","notifications":false,"url":null,"created_at":"Thu Nov 12 14:36:43 +0000 2009","contributors_enabled":false,"time_zone":"Eastern Time (US & Canada)","protected":false,"default_profile":false,"is_translator":false},"geo":null,"in_reply_to_user_id_str":"774393817","possibly_sensitive":false,"lang":"en","created_at":"Mon Dec 15 01:33:04 +0000 2014","in_reply_to_status_id_str":"544301012492632064","place":null},
{"contributors":null,"truncated":false,"text":"@NewsBreaker are you Fucking idiots? What part of don't tweet police locations do you not Fucking understand?","in_reply_to_status_id":544301012492632064,"id":544304254073450496,"favorite_count":1,"source":"<a href=\"http://twitter.com/download/android\" rel=\"nofollow\">Twitter for Android</a>","retweeted":false,"coordinates":null,"entities":{"symbols":[],"user_mentions":[{"id":774393817,"indices":[0,12],"id_str":"774393817","screen_name":"NewsBreaker","name":"NewsBreaker"}],"hashtags":[],"urls":[]},"in_reply_to_screen_name":"NewsBreaker","id_str":"544304254073450496","retweet_count":0,"in_reply_to_user_id":774393817,"favorited":false,"user":{"follow_request_sent":false,"profile_use_background_image":true,"profile_text_color":"333333","default_profile_image":false,"id":1702967827,"profile_background_image_url_https":"https://pbs.twimg.com/profile_background_images/451090208352530432/Q_0k9Uk0.png","verified":false,"profile_location":null,"profile_image_url_https":"https://pbs.twimg.com/profile_images/580502757351800833/2D2Bw5-T_normal.jpg","profile_sidebar_fill_color":"DDEEF6","entities":{"description":{"urls":[]}},"followers_count":1086,"profile_sidebar_border_color":"000000","id_str":"1702967827","profile_background_color":"F7F5F3","listed_count":2,"is_translation_enabled":false,"utc_offset":3600,"statuses_count":7208,"description":"#VoteStereoKicks Tom, Barclay, Reece, Jake, James, Charlie, Chris, Casey are my faves 3 Team follow back :) Andrea followed me 25/11/14 #StereoKicksArmy","friends_count":1149,"location":"Stereo Kicks live in 63 days(:","profile_link_color":"3B94D9","profile_image_url":"http://pbs.twimg.com/profile_images/580502757351800833/2D2Bw5-T_normal.jpg","following":false,"geo_enabled":true,"profile_banner_url":"https://pbs.twimg.com/profile_banners/1702967827/1417631110","profile_background_image_url":"http://pbs.twimg.com/profile_background_images/451090208352530432/Q_0k9Uk0.png","name":"Stereo Kicks- 0/8 :(","lang":"en","profile_background_tile":false,"favourites_count":1278,"screen_name":"Diva_Kick","notifications":false,"url":null,"created_at":"Mon Aug 26 21:10:02 +0000 2013","contributors_enabled":false,"time_zone":"Brussels","protected":false,"default_profile":false,"is_translator":false},"geo":null,"in_reply_to_user_id_str":"774393817","lang":"en","created_at":"Mon Dec 15 01:33:41 +0000 2014","in_reply_to_status_id_str":"544301012492632064","place":null},
{"contributors":null,"truncated":false,"text":"@NewsBreaker you jerks, ever consider they might have access to social media or someone in contact with them might?","in_reply_to_status_id":544301012492632064,"id":544306478689968128,"favorite_count":0,"source":"<a href=\"http://twitter.com/download/iphone\" rel=\"nofollow\">Twitter for iPhone</a>","retweeted":false,"coordinates":null,"entities":{"symbols":[],"user_mentions":[{"id":774393817,"indices":[0,12],"id_str":"774393817","screen_name":"NewsBreaker","name":"NewsBreaker"}],"hashtags":[],"urls":[]},"in_reply_to_screen_name":"NewsBreaker","id_str":"544306478689968128","retweet_count":0,"in_reply_to_user_id":774393817,"favorited":false,"user":{"follow_request_sent":false,"profile_use_background_image":true,"profile_text_color":"123766","default_profile_image":false,"id":349449860,"profile_background_image_url_https":"https://pbs.twimg.com/profile_background_images/806655306/65548aefdc4a24e85c25bef5d5e01f2a.jpeg","verified":false,"profile_location":null,"profile_image_url_https":"https://pbs.twimg.com/profile_images/3340561957/a744fedcfb77f322dddfd25107aff84f_normal.png","profile_sidebar_fill_color":"DAECF4","entities":{"description":{"urls":[]}},"followers_count":613,"profile_sidebar_border_color":"FFFFFF","id_str":"349449860","profile_background_color":"C6E2EE","listed_count":23,"is_translation_enabled":false,"utc_offset":39600,"statuses_count":13052,"description":"Skydiver, rock-climber, scubadiver, nuclear aficionado, general all-round dare-devil & former child television star. My comments are my own. Retweet≠Endorsement","friends_count":924,"location":"","profile_link_color":"1F98C7","profile_image_url":"http://pbs.twimg.com/profile_images/3340561957/a744fedcfb77f322dddfd25107aff84f_normal.png","following":false,"geo_enabled":true,"profile_banner_url":"https://pbs.twimg.com/profile_banners/349449860/1400461998","profile_background_image_url":"http://pbs.twimg.com/profile_background_images/806655306/65548aefdc4a24e85c25bef5d5e01f2a.jpeg","name":"Jasmin CHill","lang":"en","profile_background_tile":true,"favourites_count":644,"screen_name":"jasminchill","notifications":false,"url":null,"created_at":"Sat Aug 06 03:37:00 +0000 2011","contributors_enabled":false,"time_zone":"Sydney","protected":false,"default_profile":false,"is_translator":false},"geo":null,"in_reply_to_user_id_str":"774393817","lang":"en","created_at":"Mon Dec 15 01:42:31 +0000 2014","in_reply_to_status_id_str":"544301012492632064","place":null},
{"contributors":null,"truncated":false,"text":"@NewsBreaker @cenkuygur @AnaKasparian","in_reply_to_status_id":544301012492632064,"id":544337641836404736,"favorite_count":0,"source":"<a href=\"http://twitter.com/download/iphone\" rel=\"nofollow\">Twitter for iPhone</a>","retweeted":false,"coordinates":null,"entities":{"symbols":[],"user_mentions":[{"id":774393817,"indices":[0,12],"id_str":"774393817","screen_name":"NewsBreaker","name":"NewsBreaker"},{"id":429227921,"indices":[13,23],"id_str":"429227921","screen_name":"cenkuygur","name":"Cenk Uygur"},{"id":23865382,"indices":[24,37],"id_str":"23865382","screen_name":"AnaKasparian","name":"Ana Kasparian"}],"hashtags":[],"urls":[]},"in_reply_to_screen_name":"NewsBreaker","id_str":"544337641836404736","retweet_count":0,"in_reply_to_user_id":774393817,"favorited":false,"user":{"follow_request_sent":false,"profile_use_background_image":true,"profile_text_color":"333333","default_profile_image":false,"id":731309641,"profile_background_image_url_https":"https://pbs.twimg.com/profile_background_images/837667093/b248660cde79788810c9a4c2c8cf7080.jpeg","verified":false,"profile_location":null,"profile_image_url_https":"https://pbs.twimg.com/profile_images/587291949184450561/FHBo4R1g_normal.jpg","profile_sidebar_fill_color":"DDEEF6","entities":{"description":{"urls":[]}},"followers_count":410,"profile_sidebar_border_color":"FFFFFF","id_str":"731309641","profile_background_color":"C0DEED","listed_count":1,"is_translation_enabled":false,"utc_offset":null,"statuses_count":3234,"description":"18 // Law Student","friends_count":495,"location":"Scotland ","profile_link_color":"0084B4","profile_image_url":"http://pbs.twimg.com/profile_images/587291949184450561/FHBo4R1g_normal.jpg","following":false,"geo_enabled":true,"profile_banner_url":"https://pbs.twimg.com/profile_banners/731309641/1418685618","profile_background_image_url":"http://pbs.twimg.com/profile_background_images/837667093/b248660cde79788810c9a4c2c8cf7080.jpeg","name":"Vicks","lang":"en","profile_background_tile":true,"favourites_count":1773,"screen_name":"holaamigoxo","notifications":false,"url":null,"created_at":"Wed Aug 01 19:35:39 +0000 2012","contributors_enabled":false,"time_zone":null,"protected":false,"default_profile":false,"is_translator":false},"geo":null,"in_reply_to_user_id_str":"774393817","lang":"und","created_at":"Mon Dec 15 03:46:21 +0000 2014","in_reply_to_status_id_str":"544301012492632064","place":null},
{"contributors":null,"truncated":false,"text":"@NewsBreaker that gun control is working aint it?","in_reply_to_status_id":544301012492632064,"id":544344171608567808,"favorite_count":0,"source":"<a href=\"http://twitter.com/download/android\" rel=\"nofollow\">Twitter for Android</a>","retweeted":false,"coordinates":null,"entities":{"symbols":[],"user_mentions":[{"id":774393817,"indices":[0,12],"id_str":"774393817","screen_name":"NewsBreaker","name":"NewsBreaker"}],"hashtags":[],"urls":[]},"in_reply_to_screen_name":"NewsBreaker","id_str":"544344171608567808","retweet_count":0,"in_reply_to_user_id":774393817,"favorited":false,"user":{"follow_request_sent":false,"profile_use_background_image":true,"profile_text_color":"333333","default_profile_image":false,"id":280291354,"profile_background_image_url_https":"https://abs.twimg.com/images/themes/theme1/bg.png","verified":false,"profile_location":null,"profile_image_url_https":"https://pbs.twimg.com/profile_images/544338681029722112/jwivxZ-B_normal.jpeg","profile_sidebar_fill_color":"DDEEF6","entities":{"description":{"urls":[]}},"followers_count":3,"profile_sidebar_border_color":"C0DEED","id_str":"280291354","profile_background_color":"C0DEED","listed_count":0,"is_translation_enabled":false,"utc_offset":null,"statuses_count":37,"description":"asshole truck driver","friends_count":15,"location":"Myrtle Beach SC","profile_link_color":"0084B4","profile_image_url":"http://pbs.twimg.com/profile_images/544338681029722112/jwivxZ-B_normal.jpeg","following":false,"geo_enabled":false,"profile_banner_url":"https://pbs.twimg.com/profile_banners/280291354/1413688853","profile_background_image_url":"http://abs.twimg.com/images/themes/theme1/bg.png","name":"Ben East","lang":"en","profile_background_tile":false,"favourites_count":24,"screen_name":"BENLEAST","notifications":false,"url":null,"created_at":"Mon Apr 11 01:43:34 +0000 2011","contributors_enabled":false,"time_zone":null,"protected":false,"default_profile":true,"is_translator":false},"geo":null,"in_reply_to_user_id_str":"774393817","lang":"en","created_at":"Mon Dec 15 04:12:18 +0000 2014","in_reply_to_status_id_str":"544301012492632064","place":null}
]