[{"contributors":null,"truncated":false,"text":"It says, paid for by the CIA. Right? @Sara__Firth @FearDept @smh","in_reply_to_status_id":544329251487756288,"id":544331580752527360,"favorite_count":1,"source":"<a href=\"http://twitter.com\" rel=\"nofollow\">Twitter Web Client</a>","retweeted":false,"coordinates":null,"entities":{"symbols":[],"user_mentions":[{"id":16811829,"indices":[37,49],"id_str":"16811829","screen_name":"Sara__Firth","name":"Sara Firth"},{"id":141834186,"indices":[50,59],"id_str":"141834186","screen_name":"FearDept","name":"U.S. Dept. of Fear"},{"id":16675569,"indices":[60,64],"id_str":"16675569","screen_name":"smh","name":"smh.com.au"}],"hashtags":[],"urls":[]},"in_reply_to_screen_name":"Sara__Firth","id_str":"544331580752527360","retweet_count":2,"in_reply_to_user_id":16811829,"favorited":false,"user":{"follow_request_sent":false,"profile_use_background_image":true,"profile_text_color":"333333","default_profile_image":false,"id":292629799,"profile_background_image_url_https":"https://abs.twimg.com/images/themes/theme1/bg.png","verified":false,"profile_location":null,"profile_image_url_https":"https://pbs.twimg.com/profile_images/522384630473699329/i-LR071w_normal.jpeg","profile_sidebar_fill_color":"DDEEF6","entities":{"description":{"urls":[]}},"followers_count":1557,"profile_sidebar_border_color":"C0DEED","id_str":"292629799","profile_background_color":"C0DEED","listed_count":32,"is_translation_enabled":false,"utc_offset":-7200,"statuses_count":46780,"description":"Krafty is a raconteur, and a curmudgeon in the best sense of the word. Jeffersonian. Protestant.  -33-","friends_count":1985,"location":"#MasonDixonLine","profile_link_color":"0084B4","profile_image_url":"http://pbs.twimg.com/profile_images/522384630473699329/i-LR071w_normal.jpeg","following":false,"geo_enabled":true,"profile_banner_url":"https://pbs.twimg.com/profile_banners/292629799/1392650695","profile_background_image_url":"http://abs.twimg.com/images/themes/theme1/bg.png","name":"Krafty.Wurker","lang":"en","profile_background_tile":false,"favourites_count":266,"screen_name":"KraftyWurker","notifications":false,"url":null,"created_at":"Tue May 03 23:47:38 +0000 2011","contributors_enabled":false,"time_zone":"Mid-Atlantic","protected":false,"default_profile":true,"is_translator":false},"geo":null,"in_reply_to_user_id_str":"16811829","lang":"en","created_at":"Mon Dec 15 03:22:16 +0000 2014","in_reply_to_status_id_str":"544329251487756288","place":null},
{"contributors":null,"truncated":false,"text":"@Sara__Firth @smh  Did the Prophet of Islam use any of these flags? Who do these groups follow for guidance? Who train &amp; equip these groups?","in_reply_to_status_id":544329251487756288,"id":544331638587809795,"favorite_count":0,"source":"<a href=\"http://twitter.com/download/android\" rel=\"nofollow\">Twitter for Android</a>","retweeted":false,"coordinates":null,"entities":{"symbols":[],"user_mentions":[{"id":16811829,"indices":[0,12],"id_str":"16811829","screen_name":"Sara__Firth","name":"Sara Firth"},{"id":16675569,"indices":[13,17],"id_str":"16675569","screen_name":"smh","name":"smh.com.au"}],"hashtags":[],"urls":[]},"in_reply_to_screen_name":"Sara__Firth","id_str":"544331638587809795","retweet_count":0,"in_reply_to_user_id":16811829,"favorited":false,"user":{"follow_request_sent":false,"profile_use_background_image":true,"profile_text_color":"333333","default_profile_image":false,"id":1215763321,"profile_background_image_url_https":"https://abs.twimg.com/images/themes/theme1/bg.png","verified":false,"profile_location":null,"profile_image_url_https":"https://pbs.twimg.com/profile_images/438811467727396864/-ubE7f4i_normal.jpeg","profile_sidebar_fill_color":"DDEEF6","entities":{"description":{"urls":[]}},"followers_count":405,"profile_sidebar_border_color":"C0DEED","id_str":"1215763321","profile_background_color":"C0DEED","listed_count":10,"is_translation_enabled":false,"utc_offset":-14400,"statuses_count":24203,"description":"Humanity & Social Justice:- MoreInterests: Journalism. Gov't Policies. Sociology. Religion. Int'l Politics. Globalism","friends_count":288,"location":"","profile_link_color":"0084B4","profile_image_url":"http://pbs.twimg.com/profile_images/438811467727396864/-ubE7f4i_normal.jpeg","following":false,"geo_enabled":false,"profile_banner_url":"https://pbs.twimg.com/profile_banners/1215763321/1383274262","profile_background_image_url":"http://abs.twimg.com/images/themes/theme1/bg.png","name":"saleh ","lang":"en","profile_background_tile":false,"favourites_count":9460,"screen_name":"2zworld","notifications":false,"url":null,"created_at":"Sun Feb 24 15:14:15 +0000 2013","contributors_enabled":false,"time_zone":"Atlantic Time (Canada)","protected":false,"default_profile":true,"is_translator":false},"geo":null,"in_reply_to_user_id_str":"16811829","lang":"en","created_at":"Mon Dec 15 03:22:30 +0000 2014","in_reply_to_status_id_str":"544329251487756288","place":null},
{"contributors":null,"truncated":false,"text":"@Sara__Firth @smh @FearDept thankyou sara most informative","in_reply_to_status_id":544329251487756288,"id":544331701954949120,"favorite_count":0,"source":"<a href=\"https://mobile.twitter.com\" rel=\"nofollow\">Mobile Web (M5)</a>","retweeted":false,"coordinates":null,"entities":{"symbols":[],"user_mentions":[{"id":16811829,"indices":[0,12],"id_str":"16811829","screen_name":"Sara__Firth","name":"Sara Firth"},{"id":16675569,"indices":[13,17],"id_str":"16675569","screen_name":"smh","name":"smh.com.au"},{"id":141834186,"indices":[18,27],"id_str":"141834186","screen_name":"FearDept","name":"U.S. Dept. of Fear"}],"hashtags":[],"urls":[]},"in_reply_to_screen_name":"Sara__Firth","id_str":"544331701954949120","retweet_count":0,"in_reply_to_user_id":16811829,"favorited":false,"user":{"follow_request_sent":false,"profile_use_background_image":true,"profile_text_color":"4A66C1","default_profile_image":false,"id":236684588,"profile_background_image_url_https":"https://pbs.twimg.com/profile_background_images/855541365/0d0b9ded3ede183c30b139fe63bf6d05.jpeg","verified":false,"profile_location":null,"profile_image_url_https":"https://pbs.twimg.com/profile_images/575137824426557440/IeOrUBO5_normal.jpeg","profile_sidebar_fill_color":"0E0E0E","entities":{"description":{"urls":[]}},"followers_count":139,"profile_sidebar_border_color":"4A66C1","id_str":"236684588","profile_background_color":"000000","listed_count":3,"is_translation_enabled":false,"utc_offset":-36000,"statuses_count":7221,"description":"Compiler of Evidence  Aspiring Humanoid  Listener  Speaker  Mother   Australian","friends_count":295,"location":"Warrundinji","profile_link_color":"B8C5C6","profile_image_url":"http://pbs.twimg.com/profile_images/575137824426557440/IeOrUBO5_normal.jpeg","following":false,"geo_enabled":false,"profile_banner_url":"https://pbs.twimg.com/profile_banners/236684588/1415242122","profile_background_image_url":"http://pbs.twimg.com/profile_background_images/855541365/0d0b9ded3ede183c30b139fe63bf6d05.jpeg","name":"Maggie Pie","lang":"en","profile_background_tile":false,"favourites_count":459,"screen_name":"adlitammm","notifications":false,"url":null,"created_at":"Tue Jan 11 04:11:19 +0000 2011","contributors_enabled":false,"time_zone":"Hawaii","protected":false,"default_profile":false,"is_translator":false},"geo":null,"in_reply_to_user_id_str":"16811829","lang":"en","created_at":"Mon Dec 15 03:22:45 +0000 2014","in_reply_to_status_id_str":"544329251487756288","place":null},
{"contributors":null,"truncated":false,"text":"@Sara__Firth @FearDept @smh taliban number 4","in_reply_to_status_id":544329251487756288,"id":544331825687302144,"favorite_count":0,"source":"<a href=\"http://twitter.com\" rel=\"nofollow\">Twitter Web Client</a>","retweeted":false,"coordinates":null,"entities":{"symbols":[],"user_mentions":[{"id":16811829,"indices":[0,12],"id_str":"16811829","screen_name":"Sara__Firth","name":"Sara Firth"},{"id":141834186,"indices":[13,22],"id_str":"141834186","screen_name":"FearDept","name":"U.S. Dept. of Fear"},{"id":16675569,"indices":[23,27],"id_str":"16675569","screen_name":"smh","name":"smh.com.au"}],"hashtags":[],"urls":[]},"in_reply_to_screen_name":"Sara__Firth","id_str":"544331825687302144","retweet_count":0,"in_reply_to_user_id":16811829,"favorited":false,"user":{"follow_request_sent":false,"profile_use_background_image":true,"profile_text_color":"333333","default_profile_image":false,"id":1555679174,"profile_background_image_url_https":"https://pbs.twimg.com/profile_background_images/442350346187186176/XI0BXxwa.jpeg","verified":false,"profile_location":null,"profile_image_url_https":"https://pbs.twimg.com/profile_images/563189761347559425/QTGEmJeU_normal.jpeg","profile_sidebar_fill_color":"DDEEF6","entities":{"description":{"urls":[]}},"followers_count":215,"profile_sidebar_border_color":"FFFFFF","id_str":"1555679174","profile_background_color":"C0DEED","listed_count":0,"is_translation_enabled":false,"utc_offset":10800,"statuses_count":15584,"description":"i m sorry babe, 96 while sleeping.","friends_count":404,"location":"İstanbul","profile_link_color":"0084B4","profile_image_url":"http://pbs.twimg.com/profile_images/563189761347559425/QTGEmJeU_normal.jpeg","following":false,"geo_enabled":false,"profile_banner_url":"https://pbs.twimg.com/profile_banners/1555679174/1394299657","profile_background_image_url":"http://pbs.twimg.com/profile_background_images/442350346187186176/XI0BXxwa.jpeg","name":"universalmind","lang":"tr","profile_background_tile":true,"favourites_count":13181,"screen_name":"bestcitizenever","notifications":false,"url":null,"created_at":"Sat Jun 29 13:28:15 +0000 2013","contributors_enabled":false,"time_zone":"Baghdad","protected":false,"default_profile":false,"is_translator":false},"geo":null,"in_reply_to_user_id_str":"16811829","lang":"tl","created_at":"Mon Dec 15 03:23:15 +0000 2014","in_reply_to_status_id_str":"544329251487756288","place":null},
{"contributors":null,"truncated":false,"text":"@Sara__Firth @jenn_ruth @smh it doesn't matter about the flag there are 1.5 billion Muslims in the world and only a minority are bad","in_reply_to_status_id":544329251487756288,"id":544332209713602562,"favorite_count":0,"source":"<a href=\"http://twitter.com/download/iphone\" rel=\"nofollow\">Twitter for iPhone</a>","retweeted":false,"coordinates":null,"entities":{"symbols":[],"user_mentions":[{"id":16811829,"indices":[0,12],"id_str":"16811829","screen_name":"Sara__Firth","name":"Sara Firth"},{"id":611346290,"indices":[13,23],"id_str":"611346290","screen_name":"jenn_ruth","name":"Jennifer Williams"},{"id":16675569,"indices":[24,28],"id_str":"16675569","screen_name":"smh","name":"smh.com.au"}],"hashtags":[],"urls":[]},"in_reply_to_screen_name":"Sara__Firth","id_str":"544332209713602562","retweet_count":1,"in_reply_to_user_id":16811829,"favorited":false,"user":{"follow_request_sent":false,"profile_use_background_image":true,"profile_text_color":"333333","default_profile_image":true,"id":827625404,"profile_background_image_url_https":"https://abs.twimg.com/images/themes/theme1/bg.png","verified":false,"profile_location":null,"profile_image_url_https":"https://abs.twimg.com/sticky/default_profile_images/default_profile_4_normal.png","profile_sidebar_fill_color":"DDEEF6","entities":{"description":{"urls":[]}},"followers_count":28,"profile_sidebar_border_color":"C0DEED","id_str":"827625404","profile_background_color":"C0DEED","listed_count":0,"is_translation_enabled":false,"utc_offset":null,"statuses_count":692,"description":"","friends_count":73,"location":"","profile_link_color":"0084B4","profile_image_url":"http://abs.twimg.com/sticky/default_profile_images/default_profile_4_normal.png","following":false,"geo_enabled":false,"profile_background_image_url":"http://abs.twimg.com/images/themes/theme1/bg.png","name":"haj","lang":"en","profile_background_tile":false,"favourites_count":39,"screen_name":"haj27466969","notifications":false,"url":null,"created_at":"Sun Sep 16 19:36:49 +0000 2012","contributors_enabled":false,"time_zone":null,"protected":false,"default_profile":true,"is_translator":false},"geo":null,"in_reply_to_user_id_str":"16811829","lang":"en","created_at":"Mon Dec 15 03:24:46 +0000 2014","in_reply_to_status_id_str":"544329251487756288","place":null},
{"contributors":null,"truncated":false,"text":"@Sara__Firth @jenn_ruth @smh","in_reply_to_status_id":544329251487756288,"id":544332212892872706,"favorite_count":0,"source":"<a href=\"http://twitter.com/download/iphone\" rel=\"nofollow\">Twitter for iPhone</a>","retweeted":false,"coordinates":null,"entities":{"symbols":[],"user_mentions":[{"id":16811829,"indices":[0,12],"id_str":"16811829","screen_name":"Sara__Firth","name":"Sara Firth"},{"id":611346290,"indices":[13,23],"id_str":"611346290","screen_name":"jenn_ruth","name":"Jennifer Williams"},{"id":16675569,"indices":[24,28],"id_str":"16675569","screen_name":"smh","name":"smh.com.au"}],"hashtags":[],"urls":[]},"in_reply_to_screen_name":"Sara__Firth","id_str":"544332212892872706","retweet_count":0,"in_reply_to_user_id":16811829,"favorited":false,"user":{"follow_request_sent":false,"profile_use_background_image":true,"profile_text_color":"333333","default_profile_image":true,"id":827625404,"profile_background_image_url_https":"https://abs.twimg.com/images/themes/theme1/bg.png","verified":false,"profile_location":null,"profile_image_url_https":"https://abs.twimg.com/sticky/default_profile_images/default_profile_4_normal.png","profile_sidebar_fill_color":"DDEEF6","entities":{"description":{"urls":[]}},"followers_count":28,"profile_sidebar_border_color":"C0DEED","id_str":"827625404","profile_background_color":"C0DEED","listed_count":0,"is_translation_enabled":false,"utc_offset":null,"statuses_count":692,"description":"","friends_count":73,"location":"","profile_link_color":"0084B4","profile_image_url":"http://abs.twimg.com/sticky/default_profile_images/default_profile_4_normal.png","following":false,"geo_enabled":false,"profile_background_image_url":"http://abs.twimg.com/images/themes/theme1/bg.png","name":"haj","lang":"en","profile_background_tile":false,"favourites_count":39,"screen_name":"haj27466969","notifications":false,"url":null,"created_at":"Sun Sep 16 19:36:49 +0000 2012","contributors_enabled":false,"time_zone":null,"protected":false,"default_profile":true,"is_translator":false},"geo":null,"in_reply_to_user_id_str":"16811829","lang":"und","created_at":"Mon Dec 15 03:24:47 +0000 2014","in_reply_to_status_id_str":"544329251487756288","place":null},
{"contributors":null,"truncated":false,"text":"@Sara__Firth @FearDept @smh So its a new http://t.co/tVJmMhK6vS convientant a 'new' group just after the CIA goes into defense mode","in_reply_to_status_id":544329251487756288,"id":544332324247072768,"favorite_count":0,"source":"<a href=\"http://twitter.com\" rel=\"nofollow\">Twitter Web Client</a>","retweeted":false,"coordinates":null,"entities":{"symbols":[],"user_mentions":[{"id":16811829,"indices":[0,12],"id_str":"16811829","screen_name":"Sara__Firth","name":"Sara Firth"},{"id":141834186,"indices":[13,22],"id_str":"141834186","screen_name":"FearDept","name":"U.S. Dept. of Fear"},{"id":16675569,"indices":[23,27],"id_str":"16675569","screen_name":"smh","name":"smh.com.au"}],"hashtags":[],"urls":[{"url":"http://t.co/tVJmMhK6vS","indices":[41,63],"expanded_url":"http://flag.How","display_url":"flag.How"}]},"in_reply_to_screen_name":"Sara__Firth","id_str":"544332324247072768","retweet_count":0,"in_reply_to_user_id":16811829,"favorited":false,"user":{"follow_request_sent":false,"profile_use_background_image":true,"profile_text_color":"666666","default_profile_image":false,"id":2748686820,"profile_background_image_url_https":"https://pbs.twimg.com/profile_background_images/504460566098743297/_RLyOUmd.jpeg","verified":false,"profile_location":null,"profile_image_url_https":"https://pbs.twimg.com/profile_images/502062624872214528/1PaWw6pu_normal.png","profile_sidebar_fill_color":"252429","entities":{"description":{"urls":[]}},"followers_count":398,"profile_sidebar_border_color":"FFFFFF","id_str":"2748686820","profile_background_color":"1A1B1F","listed_count":13,"is_translation_enabled":false,"utc_offset":null,"statuses_count":22093,"description":"The irony of a bio is that one is normally dead before a biography is made.","friends_count":228,"location":"I am on Mars.","profile_link_color":"DD2E44","profile_image_url":"http://pbs.twimg.com/profile_images/502062624872214528/1PaWw6pu_normal.png","following":false,"geo_enabled":true,"profile_banner_url":"https://pbs.twimg.com/profile_banners/2748686820/1408566078","profile_background_image_url":"http://pbs.twimg.com/profile_background_images/504460566098743297/_RLyOUmd.jpeg","name":"Magnificent","lang":"en","profile_background_tile":true,"favourites_count":3953,"screen_name":"Ironyisfunny8","notifications":false,"url":null,"created_at":"Wed Aug 20 10:52:27 +0000 2014","contributors_enabled":false,"time_zone":null,"protected":false,"default_profile":false,"is_translator":false},"geo":null,"in_reply_to_user_id_str":"16811829","possibly_sensitive":false,"lang":"en","created_at":"Mon Dec 15 03:25:13 +0000 2014","in_reply_to_status_id_str":"544329251487756288","place":null},
{"contributors":null,"truncated":false,"text":"@Sara__Firth @FearDept @smh \n\nAll Authentic Islamic Flags HIJACKED by the Cult called Wahhabism.\n\n#RealMuslimsAgainstWahhabiTerror","in_reply_to_status_id":544329251487756288,"id":544332394242007041,"favorite_count":0,"source":"<a href=\"http://twitter.com/download/android\" rel=\"nofollow\">Twitter for Android</a>","retweeted":false,"coordinates":null,"entities":{"symbols":[],"user_mentions":[{"id":16811829,"indices":[0,12],"id_str":"16811829","screen_name":"Sara__Firth","name":"Sara Firth"},{"id":141834186,"indices":[13,22],"id_str":"141834186","screen_name":"FearDept","name":"U.S. Dept. of Fear"},{"id":16675569,"indices":[23,27],"id_str":"16675569","screen_name":"smh","name":"smh.com.au"}],"hashtags":[{"indices":[98,130],"text":"RealMuslimsAgainstWahhabiTerror"}],"urls":[]},"in_reply_to_screen_name":"Sara__Firth","id_str":"544332394242007041","retweet_count":0,"in_reply_to_user_id":16811829,"favorited":false,"user":{"follow_request_sent":false,"profile_use_background_image":true,"profile_text_color":"333333","default_profile_image":false,"id":302381226,"profile_background_image_url_https":"https://pbs.twimg.com/profile_background_images/694460071/cf144c5b6fd2986e30717c9e52af0beb.jpeg","verified":false,"profile_location":null,"profile_image_url_https":"https://pbs.twimg.com/profile_images/585870778790506496/rEzqdtSL_normal.jpg","profile_sidebar_fill_color":"EFEFEF","entities":{"description":{"urls":[]}},"followers_count":817,"profile_sidebar_border_color":"FFFFFF","id_str":"302381226","profile_background_color":"131516","listed_count":6,"is_translation_enabled":false,"utc_offset":0,"statuses_count":9483,"description":"Cardiff Born................Tottenham Bred","friends_count":1778,"location":"","profile_link_color":"009999","profile_image_url":"http://pbs.twimg.com/profile_images/585870778790506496/rEzqdtSL_normal.jpg","following":false,"geo_enabled":false,"profile_banner_url":"https://pbs.twimg.com/profile_banners/302381226/1418887094","profile_background_image_url":"http://pbs.twimg.com/profile_background_images/694460071/cf144c5b6fd2986e30717c9e52af0beb.jpeg","name":"1laneOnly ","lang":"en-gb","profile_background_tile":true,"favourites_count":1848,"screen_name":"1LaneOnly","notifications":false,"url":null,"created_at":"Sat May 21 02:58:54 +0000 2011","contributors_enabled":false,"time_zone":"London","protected":false,"default_profile":false,"is_translator":false},"geo":null,"in_reply_to_user_id_str":"16811829","lang":"en","created_at":"Mon Dec 15 03:25:30 +0000 2014","in_reply_to_status_id_str":"544329251487756288","place":null},
{"contributors":null,"truncated":false,"text":"@Sara__Firth @jenn_ruth @smh stop painting us all with 1 brush the flags don't represent the Muslims it's just a flag bearing one God","in_reply_to_status_id":544329251487756288,"id":544332446091988992,"favorite_count":0,"source":"<a href=\"http://twitter.com/download/iphone\" rel=\"nofollow\">Twitter for iPhone</a>","retweeted":false,"coordinates":null,"entities":{"symbols":[],"user_mentions":[{"id":16811829,"indices":[0,12],"id_str":"16811829","screen_name":"Sara__Firth","name":"Sara Firth"},{"id":611346290,"indices":[13,23],"id_str":"611346290","screen_name":"jenn_ruth","name":"Jennifer Williams"},{"id":16675569,"indices":[24,28],"id_str":"16675569","screen_name":"smh","name":"smh.com.au"}],"hashtags":[],"urls":[]},"in_reply_to_screen_name":"Sara__Firth","id_str":"544332446091988992","retweet_count":0,"in_reply_to_user_id":16811829,"favorited":false,"user":{"follow_request_sent":false,"profile_use_background_image":true,"profile_text_color":"333333","default_profile_image":true,"id":827625404,"profile_background_image_url_https":"https://abs.twimg.com/images/themes/theme1/bg.png","verified":false,"profile_location":null,"profile_image_url_https":"https://abs.twimg.com/sticky/default_profile_images/default_profile_4_normal.png","profile_sidebar_fill_color":"DDEEF6","entities":{"description":{"urls":[]}},"followers_count":28,"profile_sidebar_border_color":"C0DEED","id_str":"827625404","profile_background_color":"C0DEED","listed_count":0,"is_translation_enabled":false,"utc_offset":null,"statuses_count":692,"description":"","friends_count":73,"location":"","profile_link_color":"0084B4","profile_image_url":"http://abs.twimg.com/sticky/default_profile_images/default_profile_4_normal.png","following":false,"geo_enabled":false,"profile_background_image_url":"http://abs.twimg.com/images/themes/theme1/bg.png","name":"haj","lang":"en","profile_background_tile":false,"favourites_count":39,"screen_name":"haj27466969","notifications":false,"url":null,"created_at":"Sun Sep 16 19:36:49 +0000 2012","contributors_enabled":false,"time_zone":null,"protected":false,"default_profile":true,"is_translator":false},"geo":null,"in_reply_to_user_id_str":"16811829","lang":"en","created_at":"Mon Dec 15 03:25:43 +0000 2014","in_reply_to_status_id_str":"544329251487756288","place":null},
{"contributors":null,"truncated":false,"text":"@Sara__Firth @FearDept @smh And this is Peter O'Toole's flag. http://t.co/19ZPbmAsSV","in_reply_to_status_id":544329251487756288,"id":544332467860418560,"favorite_count":13,"source":"<a href=\"http://twitter.com\" rel=\"nofollow\">Twitter Web Client</a>","retweeted":false,"coordinates":null,"entities":{"symbols":[],"user_mentions":[{"id":16811829,"indices":[0,12],"id_str":"16811829","screen_name":"Sara__Firth","name":"Sara Firth"},{"id":141834186,"indices":[13,22],"id_str":"141834186","screen_name":"FearDept","name":"U.S. Dept. of Fear"},{"id":16675569,"indices":[23,27],"id_str":"16675569","screen_name":"smh","name":"smh.com.au"}],"hashtags":[],"urls":[],"media":[{"expanded_url":"http://twitter.com/mrjammyjamjar/status/544332467860418560/photo/1","display_url":"pic.twitter.com/19ZPbmAsSV","url":"http://t.co/19ZPbmAsSV","media_url_https":"https://pbs.twimg.com/media/B43bfn2IMAA6OP2.png","id_str":"544332466300137472","sizes":{"large":{"h":575,"resize":"fit","w":1024},"small":{"h":191,"resize":"fit","w":340},"medium":{"h":337,"resize":"fit","w":600},"thumb":{"h":150,"resize":"crop","w":150}},"indices":[62,84],"type":"photo","id":544332466300137472,"media_url":"http://pbs.twimg.com/media/B43bfn2IMAA6OP2.png"}]},"in_reply_to_screen_name":"Sara__Firth","id_str":"544332467860418560","retweet_count":20,"in_reply_to_user_id":16811829,"favorited":false,"user":{"follow_request_sent":false,"profile_use_background_image":true,"profile_text_color":"333333","default_profile_image":false,"id":351498444,"profile_background_image_url_https":"https://pbs.twimg.com/profile_background_images/833079665/6fc603cb16add683a6ae2eddc4720efa.jpeg","verified":false,"profile_location":null,"profile_image_url_https":"https://pbs.twimg.com/profile_images/540267811453796352/2zKlbf8l_normal.jpeg","profile_sidebar_fill_color":"F6F6F6","entities":{"description":{"urls":[]}},"followers_count":1204,"profile_sidebar_border_color":"FFFFFF","id_str":"351498444","profile_background_color":"1A1B1F","listed_count":29,"is_translation_enabled":false,"utc_offset":0,"statuses_count":23663,"description":"Stand up & question Injustice on Earth before you have to kneel down & answer before God in the Hereafter.","friends_count":1770,"location":"Oh,east London.. is wonderful","profile_link_color":"385F6B","profile_image_url":"http://pbs.twimg.com/profile_images/540267811453796352/2zKlbf8l_normal.jpeg","following":false,"geo_enabled":false,"profile_banner_url":"https://pbs.twimg.com/profile_banners/351498444/1396789324","profile_background_image_url":"http://pbs.twimg.com/profile_background_images/833079665/6fc603cb16add683a6ae2eddc4720efa.jpeg","name":"Jammy Dodger","lang":"en","profile_background_tile":false,"favourites_count":29976,"screen_name":"mrjammyjamjar","notifications":false,"url":null,"created_at":"Tue Aug 09 10:03:19 +0000 2011","contributors_enabled":false,"time_zone":"London","protected":false,"default_profile":false,"is_translator":false},"geo":null,"in_reply_to_user_id_str":"16811829","possibly_sensitive":false,"lang":"en","created_at":"Mon Dec 15 03:25:48 +0000 2014","in_reply_to_status_id_str":"544329251487756288","place":null,"extended_entities":{"media":[{"expanded_url":"http://twitter.com/mrjammyjamjar/status/544332467860418560/photo/1","display_url":"pic.twitter.com/19ZPbmAsSV","url":"http://t.co/19ZPbmAsSV","media_url_https":"https://pbs.twimg.com/media/B43bfn2IMAA6OP2.png","id_str":"544332466300137472","sizes":{"large":{"h":575,"resize":"fit","w":1024},"small":{"h":191,"resize":"fit","w":340},"medium":{"h":337,"resize":"fit","w":600},"thumb":{"h":150,"resize":"crop","w":150}},"indices":[62,84],"type":"photo","id":544332466300137472,"media_url":"http://pbs.twimg.com/media/B43bfn2IMAA6OP2.png"}]}},
{"contributors":null,"truncated":false,"text":"@Sara__Firth @jenn_ruth @smh and Muhammad peace be upon him as his messenger this is the Shada without this you can't be muslim","in_reply_to_status_id":544329251487756288,"id":544332608990371840,"favorite_count":0,"source":"<a href=\"http://twitter.com/download/iphone\" rel=\"nofollow\">Twitter for iPhone</a>","retweeted":false,"coordinates":null,"entities":{"symbols":[],"user_mentions":[{"id":16811829,"indices":[0,12],"id_str":"16811829","screen_name":"Sara__Firth","name":"Sara Firth"},{"id":611346290,"indices":[13,23],"id_str":"611346290","screen_name":"jenn_ruth","name":"Jennifer Williams"},{"id":16675569,"indices":[24,28],"id_str":"16675569","screen_name":"smh","name":"smh.com.au"}],"hashtags":[],"urls":[]},"in_reply_to_screen_name":"Sara__Firth","id_str":"544332608990371840","retweet_count":0,"in_reply_to_user_id":16811829,"favorited":false,"user":{"follow_request_sent":false,"profile_use_background_image":true,"profile_text_color":"333333","default_profile_image":true,"id":827625404,"profile_background_image_url_https":"https://abs.twimg.com/images/themes/theme1/bg.png","verified":false,"profile_location":null,"profile_image_url_https":"https://abs.twimg.com/sticky/default_profile_images/default_profile_4_normal.png","profile_sidebar_fill_color":"DDEEF6","entities":{"description":{"urls":[]}},"followers_count":28,"profile_sidebar_border_color":"C0DEED","id_str":"827625404","profile_background_color":"C0DEED","listed_count":0,"is_translation_enabled":false,"utc_offset":null,"statuses_count":692,"description":"","friends_count":73,"location":"","profile_link_color":"0084B4","profile_image_url":"http://abs.twimg.com/sticky/default_profile_images/default_profile_4_normal.png","following":false,"geo_enabled":false,"profile_background_image_url":"http://abs.twimg.com/images/themes/theme1/bg.png","name":"haj","lang":"en","profile_background_tile":false,"favourites_count":39,"screen_name":"haj27466969","notifications":false,"url":null,"created_at":"Sun Sep 16 19:36:49 +0000 2012","contributors_enabled":false,"time_zone":null,"protected":false,"default_profile":true,"is_translator":false},"geo":null,"in_reply_to_user_id_str":"16811829","lang":"en","created_at":"Mon Dec 15 03:26:21 +0000 2014","in_reply_to_status_id_str":"544329251487756288","place":null},
{"contributors":null,"truncated":false,"text":"@mrjammyjamjar @FearDept @Sara__Firth @smh \n\nLooooool","in_reply_to_status_id":544332467860418560,"id":544333587760578560,"favorite_count":0,"source":"<a href=\"http://twitter.com/download/android\" rel=\"nofollow\">Twitter for Android</a>","retweeted":false,"coordinates":null,"entities":{"symbols":[],"user_mentions":[{"id":351498444,"indices":[0,14],"id_str":"351498444","screen_name":"mrjammyjamjar","name":"Jammy Dodger"},{"id":141834186,"indices":[15,24],"id_str":"141834186","screen_name":"FearDept","name":"U.S. Dept. of Fear"},{"id":16811829,"indices":[25,37],"id_str":"16811829","screen_name":"Sara__Firth","name":"Sara Firth"},{"id":16675569,"indices":[38,42],"id_str":"16675569","screen_name":"smh","name":"smh.com.au"}],"hashtags":[],"urls":[]},"in_reply_to_screen_name":"mrjammyjamjar","id_str":"544333587760578560","retweet_count":0,"in_reply_to_user_id":351498444,"favorited":false,"user":{"follow_request_sent":false,"profile_use_background_image":true,"profile_text_color":"333333","default_profile_image":false,"id":302381226,"profile_background_image_url_https":"https://pbs.twimg.com/profile_background_images/694460071/cf144c5b6fd2986e30717c9e52af0beb.jpeg","verified":false,"profile_location":null,"profile_image_url_https":"https://pbs.twimg.com/profile_images/585870778790506496/rEzqdtSL_normal.jpg","profile_sidebar_fill_color":"EFEFEF","entities":{"description":{"urls":[]}},"followers_count":817,"profile_sidebar_border_color":"FFFFFF","id_str":"302381226","profile_background_color":"131516","listed_count":6,"is_translation_enabled":false,"utc_offset":0,"statuses_count":9483,"description":"Cardiff Born................Tottenham Bred","friends_count":1778,"location":"","profile_link_color":"009999","profile_image_url":"http://pbs.twimg.com/profile_images/585870778790506496/rEzqdtSL_normal.jpg","following":false,"geo_enabled":false,"profile_banner_url":"https://pbs.twimg.com/profile_banners/302381226/1418887094","profile_background_image_url":"http://pbs.twimg.com/profile_background_images/694460071/cf144c5b6fd2986e30717c9e52af0beb.jpeg","name":"1laneOnly ","lang":"en-gb","profile_background_tile":true,"favourites_count":1848,"screen_name":"1LaneOnly","notifications":false,"url":null,"created_at":"Sat May 21 02:58:54 +0000 2011","contributors_enabled":false,"time_zone":"London","protected":false,"default_profile":false,"is_translator":false},"geo":null,"in_reply_to_user_id_str":"351498444","lang":"und","created_at":"Mon Dec 15 03:30:15 +0000 2014","in_reply_to_status_id_str":"544332467860418560","place":null},
{"contributors":null,"truncated":false,"text":"@mrjammyjamjar @FearDept @Sara__Firth @smh \nThis is from Lorance of Arabia\n\nThe guy who fucked Arabia big time","in_reply_to_status_id":544332467860418560,"id":544334117039398914,"favorite_count":0,"source":"<a href=\"http://twitter.com/download/android\" rel=\"nofollow\">Twitter for Android</a>","retweeted":false,"coordinates":null,"entities":{"symbols":[],"user_mentions":[{"id":351498444,"indices":[0,14],"id_str":"351498444","screen_name":"mrjammyjamjar","name":"Jammy Dodger"},{"id":141834186,"indices":[15,24],"id_str":"141834186","screen_name":"FearDept","name":"U.S. Dept. of Fear"},{"id":16811829,"indices":[25,37],"id_str":"16811829","screen_name":"Sara__Firth","name":"Sara Firth"},{"id":16675569,"indices":[38,42],"id_str":"16675569","screen_name":"smh","name":"smh.com.au"}],"hashtags":[],"urls":[]},"in_reply_to_screen_name":"mrjammyjamjar","id_str":"544334117039398914","retweet_count":0,"in_reply_to_user_id":351498444,"favorited":false,"user":{"follow_request_sent":false,"profile_use_background_image":true,"profile_text_color":"333333","default_profile_image":false,"id":139305621,"profile_background_image_url_https":"https://abs.twimg.com/images/themes/theme14/bg.gif","verified":false,"profile_location":null,"profile_image_url_https":"https://pbs.twimg.com/profile_images/528722049473462272/Y2ViauhZ_normal.jpeg","profile_sidebar_fill_color":"EFEFEF","entities":{"url":{"urls":[{"url":"http://t.co/rRzH5gkJZE","indices":[0,22],"expanded_url":"http://onemantweet.wordpress.com","display_url":"onemantweet.wordpress.com"}]},"description":{"urls":[]}},"followers_count":91,"profile_sidebar_border_color":"EEEEEE","id_str":"139305621","profile_background_color":"131516","listed_count":0,"is_translation_enabled":false,"utc_offset":10800,"statuses_count":3798,"description":"‏‏‏‏‏‏‏‏‏‏‏‏‏‏‏‏محتار في حال الأمة..... لا ليبرالي ولا إخواني ولاكهنوتي ولاجامي وضد المجوس الصفويين عدو لظلم وأكره النفاق لا أحد كامل او مثالي","friends_count":169,"location":"ساحل الخليج العربي","profile_link_color":"009999","profile_image_url":"http://pbs.twimg.com/profile_images/528722049473462272/Y2ViauhZ_normal.jpeg","following":false,"geo_enabled":false,"profile_banner_url":"https://pbs.twimg.com/profile_banners/139305621/1406520682","profile_background_image_url":"http://abs.twimg.com/images/themes/theme14/bg.gif","name":"تغريدة رجل","lang":"en","profile_background_tile":true,"favourites_count":58,"screen_name":"One_Man_Tweet","notifications":false,"url":"http://t.co/rRzH5gkJZE","created_at":"Sun May 02 05:38:32 +0000 2010","contributors_enabled":false,"time_zone":"Riyadh","protected":false,"default_profile":false,"is_translator":false},"geo":null,"in_reply_to_user_id_str":"351498444","lang":"en","created_at":"Mon Dec 15 03:32:21 +0000 2014","in_reply_to_status_id_str":"544332467860418560","place":null},
{"contributors":null,"truncated":false,"text":"@Sara__Firth @smh \nThis is Hammas Flag http://t.co/8R3BO18R6q","in_reply_to_status_id":544329251487756288,"id":544335389985501185,"favorite_count":0,"source":"<a href=\"http://twitter.com/download/android\" rel=\"nofollow\">Twitter for Android</a>","retweeted":false,"coordinates":null,"entities":{"symbols":[],"user_mentions":[{"id":16811829,"indices":[0,12],"id_str":"16811829","screen_name":"Sara__Firth","name":"Sara Firth"},{"id":16675569,"indices":[13,17],"id_str":"16675569","screen_name":"smh","name":"smh.com.au"}],"hashtags":[],"urls":[],"media":[{"expanded_url":"http://twitter.com/One_Man_Tweet/status/544335389985501185/photo/1","display_url":"pic.twitter.com/8R3BO18R6q","url":"http://t.co/8R3BO18R6q","media_url_https":"https://pbs.twimg.com/media/B43eJvHCAAAMreV.jpg","id_str":"544335388827844608","sizes":{"large":{"h":640,"resize":"fit","w":1024},"small":{"h":212,"resize":"fit","w":340},"medium":{"h":375,"resize":"fit","w":600},"thumb":{"h":150,"resize":"crop","w":150}},"indices":[39,61],"type":"photo","id":544335388827844608,"media_url":"http://pbs.twimg.com/media/B43eJvHCAAAMreV.jpg"}]},"in_reply_to_screen_name":"Sara__Firth","id_str":"544335389985501185","retweet_count":0,"in_reply_to_user_id":16811829,"favorited":false,"user":{"follow_request_sent":false,"profile_use_background_image":true,"profile_text_color":"333333","default_profile_image":false,"id":139305621,"profile_background_image_url_https":"https://abs.twimg.com/images/themes/theme14/bg.gif","verified":false,"profile_location":null,"profile_image_url_https":"https://pbs.twimg.com/profile_images/528722049473462272/Y2ViauhZ_normal.jpeg","profile_sidebar_fill_color":"EFEFEF","entities":{"url":{"urls":[{"url":"http://t.co/rRzH5gkJZE","indices":[0,22],"expanded_url":"http://onemantweet.wordpress.com","display_url":"onemantweet.wordpress.com"}]},"description":{"urls":[]}},"followers_count":91,"profile_sidebar_border_color":"EEEEEE","id_str":"139305621","profile_background_color":"131516","listed_count":0,"is_translation_enabled":false,"utc_offset":10800,"statuses_count":3798,"description":"‏‏‏‏‏‏‏‏‏‏‏‏‏‏‏‏محتار في حال الأمة..... لا ليبرالي ولا إخواني ولاكهنوتي ولاجامي وضد المجوس الصفويين عدو لظلم وأكره النفاق لا أحد كامل او مثالي","friends_count":169,"location":"ساحل الخليج العربي","profile_link_color":"009999","profile_image_url":"http://pbs.twimg.com/profile_images/528722049473462272/Y2ViauhZ_normal.jpeg","following":false,"geo_enabled":false,"profile_banner_url":"https://pbs.twimg.com/profile_banners/139305621/1406520682","profile_background_image_url":"http://abs.twimg.com/images/themes/theme14/bg.gif","name":"تغريدة رجل","lang":"en","profile_background_tile":true,"favourites_count":58,"screen_name":"One_Man_Tweet","notifications":false,"url":"http://t.co/rRzH5gkJZE","created_at":"Sun May 02 05:38:32 +0000 2010","contributors_enabled":false,"time_zone":"Riyadh","protected":false,"default_profile":false,"is_translator":false},"geo":null,"in_reply_to_user_id_str":"16811829","possibly_sensitive":false,"lang":"en","created_at":"Mon Dec 15 03:37:24 +0000 2014","in_reply_to_status_id_str":"544329251487756288","place":null,"extended_entities":{"media":[{"expanded_url":"http://twitter.com/One_Man_Tweet/status/544335389985501185/photo/1","display_url":"pic.twitter.com/8R3BO18R6q","url":"http://t.co/8R3BO18R6q","media_url_https":"https://pbs.twimg.com/media/B43eJvHCAAAMreV.jpg","id_str":"544335388827844608","sizes":{"large":{"h":640,"resize":"fit","w":1024},"small":{"h":212,"resize":"fit","w":340},"medium":{"h":375,"resize":"fit","w":600},"thumb":{"h":150,"resize":"crop","w":150}},"indices":[39,61],"type":"photo","id":544335388827844608,"media_url":"http://pbs.twimg.com/media/B43eJvHCAAAMreV.jpg"}]}},
{"contributors":null,"truncated":false,"text":"@One_Man_Tweet @FearDept @Sara__Firth @smh Another agent of The West who used the flag to cause mayhem &amp; destruction in the Middle East.","in_reply_to_status_id":544334117039398914,"id":544335569862799360,"favorite_count":0,"source":"<a href=\"http://twitter.com\" rel=\"nofollow\">Twitter Web Client</a>","retweeted":false,"coordinates":null,"entities":{"symbols":[],"user_mentions":[{"id":139305621,"indices":[0,14],"id_str":"139305621","screen_name":"One_Man_Tweet","name":"تغريدة رجل"},{"id":141834186,"indices":[15,24],"id_str":"141834186","screen_name":"FearDept","name":"U.S. Dept. of Fear"},{"id":16811829,"indices":[25,37],"id_str":"16811829","screen_name":"Sara__Firth","name":"Sara Firth"},{"id":16675569,"indices":[38,42],"id_str":"16675569","screen_name":"smh","name":"smh.com.au"}],"hashtags":[],"urls":[]},"in_reply_to_screen_name":"One_Man_Tweet","id_str":"544335569862799360","retweet_count":0,"in_reply_to_user_id":139305621,"favorited":false,"user":{"follow_request_sent":false,"profile_use_background_image":true,"profile_text_color":"333333","default_profile_image":false,"id":351498444,"profile_background_image_url_https":"https://pbs.twimg.com/profile_background_images/833079665/6fc603cb16add683a6ae2eddc4720efa.jpeg","verified":false,"profile_location":null,"profile_image_url_https":"https://pbs.twimg.com/profile_images/540267811453796352/2zKlbf8l_normal.jpeg","profile_sidebar_fill_color":"F6F6F6","entities":{"description":{"urls":[]}},"followers_count":1204,"profile_sidebar_border_color":"FFFFFF","id_str":"351498444","profile_background_color":"1A1B1F","listed_count":29,"is_translation_enabled":false,"utc_offset":0,"statuses_count":23663,"description":"Stand up & question Injustice on Earth before you have to kneel down & answer before God in the Hereafter.","friends_count":1770,"location":"Oh,east London.. is wonderful","profile_link_color":"385F6B","profile_image_url":"http://pbs.twimg.com/profile_images/540267811453796352/2zKlbf8l_normal.jpeg","following":false,"geo_enabled":false,"profile_banner_url":"https://pbs.twimg.com/profile_banners/351498444/1396789324","profile_background_image_url":"http://pbs.twimg.com/profile_background_images/833079665/6fc603cb16add683a6ae2eddc4720efa.jpeg","name":"Jammy Dodger","lang":"en","profile_background_tile":false,"favourites_count":29978,"screen_name":"mrjammyjamjar","notifications":false,"url":null,"created_at":"Tue Aug 09 10:03:19 +0000 2011","contributors_enabled":false,"time_zone":"London","protected":false,"default_profile":false,"is_translator":false},"geo":null,"in_reply_to_user_id_str":"139305621","lang":"en","created_at":"Mon Dec 15 03:38:07 +0000 2014","in_reply_to_status_id_str":"544334117039398914","place":null},
{"contributors":null,"truncated":false,"text":"@mrjammyjamjar @FearDept @Sara__Firth @smh \n👍","in_reply_to_status_id":544335569862799360,"id":544335755464556544,"favorite_count":0,"source":"<a href=\"http://twitter.com/download/android\" rel=\"nofollow\">Twitter for Android</a>","retweeted":false,"coordinates":null,"entities":{"symbols":[],"user_mentions":[{"id":351498444,"indices":[0,14],"id_str":"351498444","screen_name":"mrjammyjamjar","name":"Jammy Dodger"},{"id":141834186,"indices":[15,24],"id_str":"141834186","screen_name":"FearDept","name":"U.S. Dept. of Fear"},{"id":16811829,"indices":[25,37],"id_str":"16811829","screen_name":"Sara__Firth","name":"Sara Firth"},{"id":16675569,"indices":[38,42],"id_str":"16675569","screen_name":"smh","name":"smh.com.au"}],"hashtags":[],"urls":[]},"in_reply_to_screen_name":"mrjammyjamjar","id_str":"544335755464556544","retweet_count":0,"in_reply_to_user_id":351498444,"favorited":false,"user":{"follow_request_sent":false,"profile_use_background_image":true,"profile_text_color":"333333","default_profile_image":false,"id":139305621,"profile_background_image_url_https":"https://abs.twimg.com/images/themes/theme14/bg.gif","verified":false,"profile_location":null,"profile_image_url_https":"https://pbs.twimg.com/profile_images/528722049473462272/Y2ViauhZ_normal.jpeg","profile_sidebar_fill_color":"EFEFEF","entities":{"url":{"urls":[{"url":"http://t.co/rRzH5gkJZE","indices":[0,22],"expanded_url":"http://onemantweet.wordpress.com","display_url":"onemantweet.wordpress.com"}]},"description":{"urls":[]}},"followers_count":91,"profile_sidebar_border_color":"EEEEEE","id_str":"139305621","profile_background_color":"131516","listed_count":0,"is_translation_enabled":false,"utc_offset":10800,"statuses_count":3798,"description":"‏‏‏‏‏‏‏‏‏‏‏‏‏‏‏‏محتار في حال الأمة..... لا ليبرالي ولا إخواني ولاكهنوتي ولاجامي وضد المجوس الصفويين عدو لظلم وأكره النفاق لا أحد كامل او مثالي","friends_count":169,"location":"ساحل الخليج العربي","profile_link_color":"009999","profile_image_url":"http://pbs.twimg.com/profile_images/528722049473462272/Y2ViauhZ_normal.jpeg","following":false,"geo_enabled":false,"profile_banner_url":"https://pbs.twimg.com/profile_banners/139305621/1406520682","profile_background_image_url":"http://abs.twimg.com/images/themes/theme14/bg.gif","name":"تغريدة رجل","lang":"en","profile_background_tile":true,"favourites_count":58,"screen_name":"One_Man_Tweet","notifications":false,"url":"http://t.co/rRzH5gkJZE","created_at":"Sun May 02 05:38:32 +0000 2010","contributors_enabled":false,"time_zone":"Riyadh","protected":false,"default_profile":false,"is_translator":false},"geo":null,"in_reply_to_user_id_str":"351498444","lang":"und","created_at":"Mon Dec 15 03:38:52 +0000 2014","in_reply_to_status_id_str":"544335569862799360","place":null},
{"contributors":null,"truncated":false,"text":"@haj27466969 @Sara__Firth @jenn_ruth @smh Then they should put their battalions together and head off to destroy ISIS. #CCOT","in_reply_to_status_id":544332209713602562,"id":544335872812781568,"favorite_count":0,"source":"<a href=\"http://twitter.com\" rel=\"nofollow\">Twitter Web Client</a>","retweeted":false,"coordinates":null,"entities":{"symbols":[],"user_mentions":[{"id":827625404,"indices":[0,12],"id_str":"827625404","screen_name":"haj27466969","name":"haj"},{"id":16811829,"indices":[13,25],"id_str":"16811829","screen_name":"Sara__Firth","name":"Sara Firth"},{"id":611346290,"indices":[26,36],"id_str":"611346290","screen_name":"jenn_ruth","name":"Jennifer Williams"},{"id":16675569,"indices":[37,41],"id_str":"16675569","screen_name":"smh","name":"smh.com.au"}],"hashtags":[{"indices":[119,124],"text":"CCOT"}],"urls":[]},"in_reply_to_screen_name":"haj27466969","id_str":"544335872812781568","retweet_count":0,"in_reply_to_user_id":827625404,"favorited":false,"user":{"follow_request_sent":false,"profile_use_background_image":true,"profile_text_color":"333333","default_profile_image":false,"id":105303715,"profile_background_image_url_https":"https://abs.twimg.com/images/themes/theme1/bg.png","verified":false,"profile_location":null,"profile_image_url_https":"https://pbs.twimg.com/profile_images/535727969025552384/1qpFbd1D_normal.png","profile_sidebar_fill_color":"DDEEF6","entities":{"description":{"urls":[]}},"followers_count":2063,"profile_sidebar_border_color":"C0DEED","id_str":"105303715","profile_background_color":"C0DEED","listed_count":55,"is_translation_enabled":false,"utc_offset":-28800,"statuses_count":20925,"description":"Christian, conservative, attorney, teacher, animal trainer, grandfather; poker, Harleys, Packers; not a pundit just a tweeter who speaks his mind #TGDN","friends_count":2145,"location":"California","profile_link_color":"0084B4","profile_image_url":"http://pbs.twimg.com/profile_images/535727969025552384/1qpFbd1D_normal.png","following":false,"geo_enabled":false,"profile_banner_url":"https://pbs.twimg.com/profile_banners/105303715/1402969884","profile_background_image_url":"http://abs.twimg.com/images/themes/theme1/bg.png","name":"Papa Dog","lang":"en","profile_background_tile":false,"favourites_count":643,"screen_name":"eclectichorzman","notifications":false,"url":null,"created_at":"Sat Jan 16 00:02:54 +0000 2010","contributors_enabled":false,"time_zone":"Pacific Time (US & Canada)","protected":false,"default_profile":true,"is_translator":false},"geo":null,"in_reply_to_user_id_str":"827625404","lang":"en","created_at":"Mon Dec 15 03:39:20 +0000 2014","in_reply_to_status_id_str":"544332209713602562","place":null},
{"contributors":null,"truncated":false,"text":"@Sara__Firth Will you please include meanings of those inscriptions? Let people understand what drive those terrorists! @smh","in_reply_to_status_id":544329251487756288,"id":544337876331139073,"favorite_count":0,"source":"<a href=\"http://twitter.com/download/android\" rel=\"nofollow\">Twitter for Android</a>","retweeted":false,"coordinates":null,"entities":{"symbols":[],"user_mentions":[{"id":16811829,"indices":[0,12],"id_str":"16811829","screen_name":"Sara__Firth","name":"Sara Firth"},{"id":16675569,"indices":[120,124],"id_str":"16675569","screen_name":"smh","name":"smh.com.au"}],"hashtags":[],"urls":[]},"in_reply_to_screen_name":"Sara__Firth","id_str":"544337876331139073","retweet_count":0,"in_reply_to_user_id":16811829,"favorited":false,"user":{"follow_request_sent":false,"profile_use_background_image":true,"profile_text_color":"0C3E53","default_profile_image":false,"id":197994906,"profile_background_image_url_https":"https://abs.twimg.com/images/themes/theme12/bg.gif","verified":false,"profile_location":null,"profile_image_url_https":"https://pbs.twimg.com/profile_images/1835063942/WeNeed2ndThought_normal.png","profile_sidebar_fill_color":"FFF7CC","entities":{"description":{"urls":[]}},"followers_count":201,"profile_sidebar_border_color":"F2E195","id_str":"197994906","profile_background_color":"BADFCD","listed_count":4,"is_translation_enabled":false,"utc_offset":19800,"statuses_count":6629,"description":"Universe Is Progressing On Verifiable Scientific Truths. Religions Are Progressing On Unverifiable Half Truths! Why Kill&Die for Lie?","friends_count":597,"location":"","profile_link_color":"FF0000","profile_image_url":"http://pbs.twimg.com/profile_images/1835063942/WeNeed2ndThought_normal.png","following":false,"geo_enabled":true,"profile_background_image_url":"http://abs.twimg.com/images/themes/theme12/bg.gif","name":"ReThink","lang":"en","profile_background_tile":false,"favourites_count":174,"screen_name":"XRajen","notifications":false,"url":null,"created_at":"Sun Oct 03 01:50:38 +0000 2010","contributors_enabled":false,"time_zone":"New Delhi","protected":false,"default_profile":false,"is_translator":false},"geo":null,"in_reply_to_user_id_str":"16811829","lang":"en","created_at":"Mon Dec 15 03:47:17 +0000 2014","in_reply_to_status_id_str":"544329251487756288","place":null},
{"contributors":null,"truncated":false,"text":"@Sara__Firth @divinewrite @smh  Thank you for this!","in_reply_to_status_id":544329251487756288,"id":544338301432233984,"favorite_count":0,"source":"<a href=\"http://twitter.com\" rel=\"nofollow\">Twitter Web Client</a>","retweeted":false,"coordinates":null,"entities":{"symbols":[],"user_mentions":[{"id":16811829,"indices":[0,12],"id_str":"16811829","screen_name":"Sara__Firth","name":"Sara Firth"},{"id":16645290,"indices":[13,25],"id_str":"16645290","screen_name":"divinewrite","name":"Glenn Murray"},{"id":16675569,"indices":[26,30],"id_str":"16675569","screen_name":"smh","name":"smh.com.au"}],"hashtags":[],"urls":[]},"in_reply_to_screen_name":"Sara__Firth","id_str":"544338301432233984","retweet_count":0,"in_reply_to_user_id":16811829,"favorited":false,"user":{"follow_request_sent":false,"profile_use_background_image":true,"profile_text_color":"333333","default_profile_image":false,"id":186725392,"profile_background_image_url_https":"https://abs.twimg.com/images/themes/theme14/bg.gif","verified":false,"profile_location":null,"profile_image_url_https":"https://pbs.twimg.com/profile_images/582427461276708864/csgCkbzQ_normal.jpg","profile_sidebar_fill_color":"EFEFEF","entities":{"description":{"urls":[]}},"followers_count":251,"profile_sidebar_border_color":"EEEEEE","id_str":"186725392","profile_background_color":"131516","listed_count":7,"is_translation_enabled":false,"utc_offset":37800,"statuses_count":9394,"description":"Concerned about environmental, animal and human rights all under threat right now. Blocking not personal.","friends_count":191,"location":"Adelaide","profile_link_color":"009999","profile_image_url":"http://pbs.twimg.com/profile_images/582427461276708864/csgCkbzQ_normal.jpg","following":false,"geo_enabled":false,"profile_banner_url":"https://pbs.twimg.com/profile_banners/186725392/1416889733","profile_background_image_url":"http://abs.twimg.com/images/themes/theme14/bg.gif","name":"Moot","lang":"en","profile_background_tile":true,"favourites_count":361,"screen_name":"stellabella44","notifications":false,"url":null,"created_at":"Sat Sep 04 06:17:21 +0000 2010","contributors_enabled":false,"time_zone":"Adelaide","protected":false,"default_profile":false,"is_translator":false},"geo":null,"in_reply_to_user_id_str":"16811829","lang":"en","created_at":"Mon Dec 15 03:48:59 +0000 2014","in_reply_to_status_id_str":"544329251487756288","place":null},
{"contributors":null,"truncated":false,"text":".@haj27466969 @Sara__Firth @jenn_ruth @smh Baloney. Most want subjugation of women, rape of children, death to infidels, domination.","in_reply_to_status_id":544332209713602562,"id":544341985830531073,"favorite_count":0,"source":"<a href=\"http://twitter.com\" rel=\"nofollow\">Twitter Web Client</a>","retweeted":false,"coordinates":null,"entities":{"symbols":[],"user_mentions":[{"id":827625404,"indices":[1,13],"id_str":"827625404","screen_name":"haj27466969","name":"haj"},{"id":16811829,"indices":[14,26],"id_str":"16811829","screen_name":"Sara__Firth","name":"Sara Firth"},{"id":611346290,"indices":[27,37],"id_str":"611346290","screen_name":"jenn_ruth","name":"Jennifer Williams"},{"id":16675569,"indices":[38,42],"id_str":"16675569","screen_name":"smh","name":"smh.com.au"}],"hashtags":[],"urls":[]},"in_reply_to_screen_name":"haj27466969","id_str":"544341985830531073","retweet_count":0,"in_reply_to_user_id":827625404,"favorited":false,"user":{"follow_request_sent":false,"profile_use_background_image":true,"profile_text_color":"333333","default_profile_image":false,"id":17700085,"profile_background_image_url_https":"https://abs.twimg.com/images/themes/theme13/bg.gif","verified":false,"profile_location":null,"profile_image_url_https":"https://pbs.twimg.com/profile_images/2546267614/nat2plqmw2iyv4nmzo75_normal.jpeg","profile_sidebar_fill_color":"FFFFFF","entities":{"description":{"urls":[]}},"followers_count":1335,"profile_sidebar_border_color":"EEEEEE","id_str":"17700085","profile_background_color":"B2DFDA","listed_count":20,"is_translation_enabled":false,"utc_offset":-21600,"statuses_count":24923,"description":"kids, pets, travel, reading, beach, gardens","friends_count":1997,"location":"wisconsin","profile_link_color":"93A644","profile_image_url":"http://pbs.twimg.com/profile_images/2546267614/nat2plqmw2iyv4nmzo75_normal.jpeg","following":false,"geo_enabled":false,"profile_background_image_url":"http://abs.twimg.com/images/themes/theme13/bg.gif","name":"darlingdelilah","lang":"en","profile_background_tile":false,"favourites_count":2833,"screen_name":"darlingdelilah","notifications":false,"url":null,"created_at":"Fri Nov 28 05:23:03 +0000 2008","contributors_enabled":false,"time_zone":"Central Time (US & Canada)","protected":false,"default_profile":false,"is_translator":false},"geo":null,"in_reply_to_user_id_str":"827625404","lang":"en","created_at":"Mon Dec 15 04:03:37 +0000 2014","in_reply_to_status_id_str":"544332209713602562","place":null},
{"contributors":null,"truncated":false,"text":"@darlingdelilah @Sara__Firth @jenn_ruth @smh 1.5 billion and you say lost its only a hand full Israel and America have committed worse crime","in_reply_to_status_id":544341985830531073,"id":544359808196165632,"favorite_count":0,"source":"<a href=\"http://twitter.com/download/iphone\" rel=\"nofollow\">Twitter for iPhone</a>","retweeted":false,"coordinates":null,"entities":{"symbols":[],"user_mentions":[{"id":17700085,"indices":[0,15],"id_str":"17700085","screen_name":"darlingdelilah","name":"darlingdelilah"},{"id":16811829,"indices":[16,28],"id_str":"16811829","screen_name":"Sara__Firth","name":"Sara Firth"},{"id":611346290,"indices":[29,39],"id_str":"611346290","screen_name":"jenn_ruth","name":"Jennifer Williams"},{"id":16675569,"indices":[40,44],"id_str":"16675569","screen_name":"smh","name":"smh.com.au"}],"hashtags":[],"urls":[]},"in_reply_to_screen_name":"darlingdelilah","id_str":"544359808196165632","retweet_count":0,"in_reply_to_user_id":17700085,"favorited":false,"user":{"follow_request_sent":false,"profile_use_background_image":true,"profile_text_color":"333333","default_profile_image":true,"id":827625404,"profile_background_image_url_https":"https://abs.twimg.com/images/themes/theme1/bg.png","verified":false,"profile_location":null,"profile_image_url_https":"https://abs.twimg.com/sticky/default_profile_images/default_profile_4_normal.png","profile_sidebar_fill_color":"DDEEF6","entities":{"description":{"urls":[]}},"followers_count":28,"profile_sidebar_border_color":"C0DEED","id_str":"827625404","profile_background_color":"C0DEED","listed_count":0,"is_translation_enabled":false,"utc_offset":null,"statuses_count":697,"description":"","friends_count":73,"location":"","profile_link_color":"0084B4","profile_image_url":"http://abs.twimg.com/sticky/default_profile_images/default_profile_4_normal.png","following":false,"geo_enabled":false,"profile_background_image_url":"http://abs.twimg.com/images/themes/theme1/bg.png","name":"haj","lang":"en","profile_background_tile":false,"favourites_count":40,"screen_name":"haj27466969","notifications":false,"url":null,"created_at":"Sun Sep 16 19:36:49 +0000 2012","contributors_enabled":false,"time_zone":null,"protected":false,"default_profile":true,"is_translator":false},"geo":null,"in_reply_to_user_id_str":"17700085","lang":"en","created_at":"Mon Dec 15 05:14:26 +0000 2014","in_reply_to_status_id_str":"544341985830531073","place":null},
{"contributors":null,"truncated":false,"text":"@darlingdelilah @Sara__Firth @jenn_ruth @smh I am muslim I love my religion but also respect all other faiths","in_reply_to_status_id":544341985830531073,"id":544360458296520704,"favorite_count":0,"source":"<a href=\"http://twitter.com/download/iphone\" rel=\"nofollow\">Twitter for iPhone</a>","retweeted":false,"coordinates":null,"entities":{"symbols":[],"user_mentions":[{"id":17700085,"indices":[0,15],"id_str":"17700085","screen_name":"darlingdelilah","name":"darlingdelilah"},{"id":16811829,"indices":[16,28],"id_str":"16811829","screen_name":"Sara__Firth","name":"Sara Firth"},{"id":611346290,"indices":[29,39],"id_str":"611346290","screen_name":"jenn_ruth","name":"Jennifer Williams"},{"id":16675569,"indices":[40,44],"id_str":"16675569","screen_name":"smh","name":"smh.com.au"}],"hashtags":[],"urls":[]},"in_reply_to_screen_name":"darlingdelilah","id_str":"544360458296520704","retweet_count":0,"in_reply_to_user_id":17700085,"favorited":false,"user":{"follow_request_sent":false,"profile_use_background_image":true,"profile_text_color":"333333","default_profile_image":true,"id":827625404,"profile_background_image_url_https":"https://abs.twimg.com/images/themes/theme1/bg.png","verified":false,"profile_location":null,"profile_image_url_https":"https://abs.twimg.com/sticky/default_profile_images/default_profile_4_normal.png","profile_sidebar_fill_color":"DDEEF6","entities":{"description":{"urls":[]}},"followers_count":28,"profile_sidebar_border_color":"C0DEED","id_str":"827625404","profile_background_color":"C0DEED","listed_count":0,"is_translation_enabled":false,"utc_offset":null,"statuses_count":697,"description":"","friends_count":73,"location":"","profile_link_color":"0084B4","profile_image_url":"http://abs.twimg.com/sticky/default_profile_images/default_profile_4_normal.png","following":false,"geo_enabled":false,"profile_background_image_url":"http://abs.twimg.com/images/themes/theme1/bg.png","name":"haj","lang":"en","profile_background_tile":false,"favourites_count":40,"screen_name":"haj27466969","notifications":false,"url":null,"created_at":"Sun Sep 16 19:36:49 +0000 2012","contributors_enabled":false,"time_zone":null,"protected":false,"default_profile":true,"is_translator":false},"geo":null,"in_reply_to_user_id_str":"17700085","lang":"en","created_at":"Mon Dec 15 05:17:01 +0000 2014","in_reply_to_status_id_str":"544341985830531073","place":null},
{"contributors":null,"truncated":false,"text":"@darlingdelilah @Sara__Firth @jenn_ruth @smh please read Quran before you judge my religion and you will realise it's only a minority","in_reply_to_status_id":544341985830531073,"id":544360660348313600,"favorite_count":0,"source":"<a href=\"http://twitter.com/download/iphone\" rel=\"nofollow\">Twitter for iPhone</a>","retweeted":false,"coordinates":null,"entities":{"symbols":[],"user_mentions":[{"id":17700085,"indices":[0,15],"id_str":"17700085","screen_name":"darlingdelilah","name":"darlingdelilah"},{"id":16811829,"indices":[16,28],"id_str":"16811829","screen_name":"Sara__Firth","name":"Sara Firth"},{"id":611346290,"indices":[29,39],"id_str":"611346290","screen_name":"jenn_ruth","name":"Jennifer Williams"},{"id":16675569,"indices":[40,44],"id_str":"16675569","screen_name":"smh","name":"smh.com.au"}],"hashtags":[],"urls":[]},"in_reply_to_screen_name":"darlingdelilah","id_str":"544360660348313600","retweet_count":0,"in_reply_to_user_id":17700085,"favorited":false,"user":{"follow_request_sent":false,"profile_use_background_image":true,"profile_text_color":"333333","default_profile_image":true,"id":827625404,"profile_background_image_url_https":"https://abs.twimg.com/images/themes/theme1/bg.png","verified":false,"profile_location":null,"profile_image_url_https":"https://abs.twimg.com/sticky/default_profile_images/default_profile_4_normal.png","profile_sidebar_fill_color":"DDEEF6","entities":{"description":{"urls":[]}},"followers_count":28,"profile_sidebar_border_color":"C0DEED","id_str":"827625404","profile_background_color":"C0DEED","listed_count":0,"is_translation_enabled":false,"utc_offset":null,"statuses_count":697,"description":"","friends_count":73,"location":"","profile_link_color":"0084B4","profile_image_url":"http://abs.twimg.com/sticky/default_profile_images/default_profile_4_normal.png","following":false,"geo_enabled":false,"profile_background_image_url":"http://abs.twimg.com/images/themes/theme1/bg.png","name":"haj","lang":"en","profile_background_tile":false,"favourites_count":40,"screen_name":"haj27466969","notifications":false,"url":null,"created_at":"Sun Sep 16 19:36:49 +0000 2012","contributors_enabled":false,"time_zone":null,"protected":false,"default_profile":true,"is_translator":false},"geo":null,"in_reply_to_user_id_str":"17700085","lang":"en","created_at":"Mon Dec 15 05:17:49 +0000 2014","in_reply_to_status_id_str":"544341985830531073","place":null},
{"contributors":null,"truncated":false,"text":"@haj27466969 @Sara__Firth @jenn_ruth @smh lol","in_reply_to_status_id":544360660348313600,"id":544360883393429504,"favorite_count":0,"source":"<a href=\"http://twitter.com\" rel=\"nofollow\">Twitter Web Client</a>","retweeted":false,"coordinates":null,"entities":{"symbols":[],"user_mentions":[{"id":827625404,"indices":[0,12],"id_str":"827625404","screen_name":"haj27466969","name":"haj"},{"id":16811829,"indices":[13,25],"id_str":"16811829","screen_name":"Sara__Firth","name":"Sara Firth"},{"id":611346290,"indices":[26,36],"id_str":"611346290","screen_name":"jenn_ruth","name":"Jennifer Williams"},{"id":16675569,"indices":[37,41],"id_str":"16675569","screen_name":"smh","name":"smh.com.au"}],"hashtags":[],"urls":[]},"in_reply_to_screen_name":"haj27466969","id_str":"544360883393429504","retweet_count":0,"in_reply_to_user_id":827625404,"favorited":false,"user":{"follow_request_sent":false,"profile_use_background_image":true,"profile_text_color":"333333","default_profile_image":false,"id":17700085,"profile_background_image_url_https":"https://abs.twimg.com/images/themes/theme13/bg.gif","verified":false,"profile_location":null,"profile_image_url_https":"https://pbs.twimg.com/profile_images/2546267614/nat2plqmw2iyv4nmzo75_normal.jpeg","profile_sidebar_fill_color":"FFFFFF","entities":{"description":{"urls":[]}},"followers_count":1335,"profile_sidebar_border_color":"EEEEEE","id_str":"17700085","profile_background_color":"B2DFDA","listed_count":20,"is_translation_enabled":false,"utc_offset":-21600,"statuses_count":24923,"description":"kids, pets, travel, reading, beach, gardens","friends_count":1997,"location":"wisconsin","profile_link_color":"93A644","profile_image_url":"http://pbs.twimg.com/profile_images/2546267614/nat2plqmw2iyv4nmzo75_normal.jpeg","following":false,"geo_enabled":false,"profile_background_image_url":"http://abs.twimg.com/images/themes/theme13/bg.gif","name":"darlingdelilah","lang":"en","profile_background_tile":false,"favourites_count":2833,"screen_name":"darlingdelilah","notifications":false,"url":null,"created_at":"Fri Nov 28 05:23:03 +0000 2008","contributors_enabled":false,"time_zone":"Central Time (US & Canada)","protected":false,"default_profile":false,"is_translator":false},"geo":null,"in_reply_to_user_id_str":"827625404","lang":"und","created_at":"Mon Dec 15 05:18:42 +0000 2014","in_reply_to_status_id_str":"544360660348313600","place":null},
{"contributors":null,"truncated":false,"text":"@darlingdelilah @Sara__Firth @jenn_ruth @smh who make all of us look bad","in_reply_to_status_id":544341985830531073,"id":544361137274638336,"favorite_count":0,"source":"<a href=\"http://twitter.com/download/iphone\" rel=\"nofollow\">Twitter for iPhone</a>","retweeted":false,"coordinates":null,"entities":{"symbols":[],"user_mentions":[{"id":17700085,"indices":[0,15],"id_str":"17700085","screen_name":"darlingdelilah","name":"darlingdelilah"},{"id":16811829,"indices":[16,28],"id_str":"16811829","screen_name":"Sara__Firth","name":"Sara Firth"},{"id":611346290,"indices":[29,39],"id_str":"611346290","screen_name":"jenn_ruth","name":"Jennifer Williams"},{"id":16675569,"indices":[40,44],"id_str":"16675569","screen_name":"smh","name":"smh.com.au"}],"hashtags":[],"urls":[]},"in_reply_to_screen_name":"darlingdelilah","id_str":"544361137274638336","retweet_count":0,"in_reply_to_user_id":17700085,"favorited":false,"user":{"follow_request_sent":false,"profile_use_background_image":true,"profile_text_color":"333333","default_profile_image":true,"id":827625404,"profile_background_image_url_https":"https://abs.twimg.com/images/themes/theme1/bg.png","verified":false,"profile_location":null,"profile_image_url_https":"https://abs.twimg.com/sticky/default_profile_images/default_profile_4_normal.png","profile_sidebar_fill_color":"DDEEF6","entities":{"description":{"urls":[]}},"followers_count":28,"profile_sidebar_border_color":"C0DEED","id_str":"827625404","profile_background_color":"C0DEED","listed_count":0,"is_translation_enabled":false,"utc_offset":null,"statuses_count":697,"description":"","friends_count":73,"location":"","profile_link_color":"0084B4","profile_image_url":"http://abs.twimg.com/sticky/default_profile_images/default_profile_4_normal.png","following":false,"geo_enabled":false,"profile_background_image_url":"http://abs.twimg.com/images/themes/theme1/bg.png","name":"haj","lang":"en","profile_background_tile":false,"favourites_count":40,"screen_name":"haj27466969","notifications":false,"url":null,"created_at":"Sun Sep 16 19:36:49 +0000 2012","contributors_enabled":false,"time_zone":null,"protected":false,"default_profile":true,"is_translator":false},"geo":null,"in_reply_to_user_id_str":"17700085","lang":"en","created_at":"Mon Dec 15 05:19:43 +0000 2014","in_reply_to_status_id_str":"544341985830531073","place":null}
]