[{"contributors":null,"truncated":false,"text":"Howcome not live on @CNN @FoxNews @ABC? “@ABC: JUST IN: Police: 3 people were able to run from Sydney cafe during ongoing hostage situation\"","in_reply_to_status_id":544355924224532481,"id":544357316540522496,"favorite_count":0,"source":"<a href=\"http://twitter.com/#!/download/ipad\" rel=\"nofollow\">Twitter for iPad</a>","retweeted":false,"coordinates":null,"entities":{"symbols":[],"user_mentions":[{"id":759251,"indices":[20,24],"id_str":"759251","screen_name":"CNN","name":"CNN"},{"id":1367531,"indices":[25,33],"id_str":"1367531","screen_name":"FoxNews","name":"Fox News"},{"id":28785486,"indices":[34,38],"id_str":"28785486","screen_name":"ABC","name":"ABC News"},{"id":28785486,"indices":[41,45],"id_str":"28785486","screen_name":"ABC","name":"ABC News"}],"hashtags":[],"urls":[]},"in_reply_to_screen_name":"ABC","id_str":"544357316540522496","retweet_count":0,"in_reply_to_user_id":28785486,"favorited":false,"user":{"follow_request_sent":false,"profile_use_background_image":true,"profile_text_color":"333333","default_profile_image":false,"id":21003013,"profile_background_image_url_https":"https://abs.twimg.com/images/themes/theme1/bg.png","verified":false,"profile_location":null,"profile_image_url_https":"https://pbs.twimg.com/profile_images/543634482516201472/dkIiubyu_normal.jpeg","profile_sidebar_fill_color":"DDEEF6","entities":{"description":{"urls":[]}},"followers_count":15,"profile_sidebar_border_color":"C0DEED","id_str":"21003013","profile_background_color":"C0DEED","listed_count":0,"is_translation_enabled":false,"utc_offset":-21600,"statuses_count":332,"description":"Brazilian from Rio. Married, to best husband ever! Hoewel mijn hart is Vlaams-Brabant. Catholic. Madonna. Beatles. Monarquista. Partido Novo. FLUMINENSE!","friends_count":73,"location":"Nashville, TN, EUA","profile_link_color":"0084B4","profile_image_url":"http://pbs.twimg.com/profile_images/543634482516201472/dkIiubyu_normal.jpeg","following":false,"geo_enabled":true,"profile_banner_url":"https://pbs.twimg.com/profile_banners/21003013/1417408616","profile_background_image_url":"http://abs.twimg.com/images/themes/theme1/bg.png","name":"Selene Cruz Williams","lang":"en","profile_background_tile":false,"favourites_count":156,"screen_name":"SeleneSCW","notifications":false,"url":null,"created_at":"Mon Feb 16 17:06:05 +0000 2009","contributors_enabled":false,"time_zone":"Central Time (US & Canada)","protected":false,"default_profile":true,"is_translator":false},"geo":null,"in_reply_to_user_id_str":"28785486","lang":"en","created_at":"Mon Dec 15 05:04:32 +0000 2014","in_reply_to_status_id_str":"544355924224532481","place":null},
{"contributors":null,"truncated":false,"text":"@ABC @9NewsAUS ofrezco y soluciono.","in_reply_to_status_id":544355924224532481,"id":544361699852419072,"favorite_count":0,"source":"<a href=\"http://twitter.com/download/android\" rel=\"nofollow\">Twitter for Android</a>","retweeted":false,"coordinates":null,"entities":{"symbols":[],"user_mentions":[{"id":28785486,"indices":[0,4],"id_str":"28785486","screen_name":"ABC","name":"ABC News"},{"id":22993014,"indices":[5,14],"id_str":"22993014","screen_name":"9NewsAUS","name":"Nine News Australia"}],"hashtags":[],"urls":[]},"in_reply_to_screen_name":"ABC","id_str":"544361699852419072","retweet_count":0,"in_reply_to_user_id":28785486,"favorited":false,"user":{"follow_request_sent":false,"profile_use_background_image":true,"profile_text_color":"333333","default_profile_image":false,"id":2199743879,"profile_background_image_url_https":"https://abs.twimg.com/images/themes/theme1/bg.png","verified":false,"profile_location":null,"profile_image_url_https":"https://pbs.twimg.com/profile_images/378800000810908060/f5644102bce543d231c4313f4e629cea_normal.jpeg","profile_sidebar_fill_color":"DDEEF6","entities":{"url":{"urls":[{"url":"http://t.co/ZZuQFCSHFI","indices":[0,22],"expanded_url":"http://www.artalada.blogspot.com","display_url":"artalada.blogspot.com"}]},"description":{"urls":[]}},"followers_count":39,"profile_sidebar_border_color":"C0DEED","id_str":"2199743879","profile_background_color":"C0DEED","listed_count":2,"is_translation_enabled":false,"utc_offset":null,"statuses_count":6112,"description":"ex marine,boina verde y paracaidista 82,ingeniero practico,arquitecto y artista,actualmente retirado.","friends_count":193,"location":"","profile_link_color":"0084B4","profile_image_url":"http://pbs.twimg.com/profile_images/378800000810908060/f5644102bce543d231c4313f4e629cea_normal.jpeg","following":false,"geo_enabled":false,"profile_background_image_url":"http://abs.twimg.com/images/themes/theme1/bg.png","name":"david glam","lang":"es","profile_background_tile":false,"favourites_count":34,"screen_name":"Baabalaba","notifications":false,"url":"http://t.co/ZZuQFCSHFI","created_at":"Thu Nov 28 21:14:47 +0000 2013","contributors_enabled":false,"time_zone":null,"protected":false,"default_profile":true,"is_translator":false},"geo":null,"in_reply_to_user_id_str":"28785486","lang":"es","created_at":"Mon Dec 15 05:21:57 +0000 2014","in_reply_to_status_id_str":"544355924224532481","place":null}
]