[{"contributors":null,"truncated":false,"text":"@rConflictNews So what does prove? It's just convenient because they are near them. Lol so pointing that out means Islam isnt violent???","in_reply_to_status_id":544340578528272385,"id":544341016892153856,"favorite_count":3,"source":"<a href=\"http://twitter.com\" rel=\"nofollow\">Twitter Web Client</a>","retweeted":false,"coordinates":null,"entities":{"symbols":[],"user_mentions":[{"id":2566535282,"indices":[0,14],"id_str":"2566535282","screen_name":"rConflictNews","name":"Conflict News"}],"hashtags":[],"urls":[]},"in_reply_to_screen_name":"rConflictNews","id_str":"544341016892153856","retweet_count":2,"in_reply_to_user_id":2566535282,"favorited":false,"user":{"follow_request_sent":false,"profile_use_background_image":true,"profile_text_color":"333333","default_profile_image":false,"id":2916544419,"profile_background_image_url_https":"https://abs.twimg.com/images/themes/theme1/bg.png","verified":false,"profile_location":null,"profile_image_url_https":"https://pbs.twimg.com/profile_images/589452013051613184/6F2K8jjU_normal.jpg","profile_sidebar_fill_color":"DDEEF6","entities":{"description":{"urls":[]}},"followers_count":14,"profile_sidebar_border_color":"C0DEED","id_str":"2916544419","profile_background_color":"C0DEED","listed_count":0,"is_translation_enabled":false,"utc_offset":-28800,"statuses_count":240,"description":"Scientist. Secular. Hardliner. Troll.","friends_count":17,"location":"","profile_link_color":"0084B4","profile_image_url":"http://pbs.twimg.com/profile_images/589452013051613184/6F2K8jjU_normal.jpg","following":false,"geo_enabled":false,"profile_background_image_url":"http://abs.twimg.com/images/themes/theme1/bg.png","name":"Kourosh Shah","lang":"en","profile_background_tile":false,"favourites_count":35,"screen_name":"ShahKourosh","notifications":false,"url":null,"created_at":"Fri Dec 12 00:16:54 +0000 2014","contributors_enabled":false,"time_zone":"Tijuana","protected":false,"default_profile":true,"is_translator":false},"geo":null,"in_reply_to_user_id_str":"2566535282","lang":"en","created_at":"Mon Dec 15 03:59:46 +0000 2014","in_reply_to_status_id_str":"544340578528272385","place":null},
{"contributors":null,"truncated":false,"text":"@rConflictNews Wrong; in Nigeria, the victims are CHRISTIANS!","in_reply_to_status_id":544340578528272385,"id":544341522679103488,"favorite_count":2,"source":"<a href=\"http://twitter.com\" rel=\"nofollow\">Twitter Web Client</a>","retweeted":false,"coordinates":null,"entities":{"symbols":[],"user_mentions":[{"id":2566535282,"indices":[0,14],"id_str":"2566535282","screen_name":"rConflictNews","name":"Conflict News"}],"hashtags":[],"urls":[]},"in_reply_to_screen_name":"rConflictNews","id_str":"544341522679103488","retweet_count":1,"in_reply_to_user_id":2566535282,"favorited":false,"user":{"follow_request_sent":false,"profile_use_background_image":true,"profile_text_color":"634047","default_profile_image":false,"id":1449766904,"profile_background_image_url_https":"https://abs.twimg.com/images/themes/theme3/bg.gif","verified":false,"profile_location":null,"profile_image_url_https":"https://pbs.twimg.com/profile_images/475710173135122433/g6d6rAYp_normal.jpeg","profile_sidebar_fill_color":"E3E2DE","entities":{"url":{"urls":[{"url":"http://t.co/TuhjotXkh6","indices":[0,22],"expanded_url":"http://Facebook.com/gabby.ogbechie,http://thepropertygazette.com.ng","display_url":"Facebook.com/gabby.ogbechie…"}]},"description":{"urls":[{"url":"http://t.co/TY4r1nyMmg","indices":[92,114],"expanded_url":"http://thepropertygazette.org","display_url":"thepropertygazette.org"},{"url":"http://t.co/Gn6DATRgiH","indices":[117,139],"expanded_url":"http://LinkedIn.com/GabbyOgbechie","display_url":"LinkedIn.com/GabbyOgbechie"}]}},"followers_count":1316,"profile_sidebar_border_color":"D3D2CF","id_str":"1449766904","profile_background_color":"EDECE9","listed_count":3,"is_translation_enabled":false,"utc_offset":null,"statuses_count":1806,"description":"Author, Pastor, Development and Valuation Surveyor, CEO LandAssets Consult Ltd., Publisher, http://t.co/TY4r1nyMmg,\r\nhttp://t.co/Gn6DATRgiH","friends_count":1962,"location":"Lagos","profile_link_color":"088253","profile_image_url":"http://pbs.twimg.com/profile_images/475710173135122433/g6d6rAYp_normal.jpeg","following":false,"geo_enabled":false,"profile_banner_url":"https://pbs.twimg.com/profile_banners/1449766904/1398287313","profile_background_image_url":"http://abs.twimg.com/images/themes/theme3/bg.gif","name":"Gabby Ogbechie","lang":"en","profile_background_tile":false,"favourites_count":347,"screen_name":"GabbyOgbechie1","notifications":false,"url":"http://t.co/TuhjotXkh6","created_at":"Wed May 22 19:50:19 +0000 2013","contributors_enabled":false,"time_zone":null,"protected":false,"default_profile":false,"is_translator":false},"geo":null,"in_reply_to_user_id_str":"2566535282","lang":"en","created_at":"Mon Dec 15 04:01:47 +0000 2014","in_reply_to_status_id_str":"544340578528272385","place":null},
{"contributors":null,"truncated":false,"text":"@rConflictNews Like black people in America kill each other more than anybody else. They don't want to protest that. #BlackLivesMatter Sure.","in_reply_to_status_id":544340578528272385,"id":544342971215122432,"favorite_count":1,"source":"<a href=\"http://twitter.com\" rel=\"nofollow\">Twitter Web Client</a>","retweeted":false,"coordinates":null,"entities":{"symbols":[],"user_mentions":[{"id":2566535282,"indices":[0,14],"id_str":"2566535282","screen_name":"rConflictNews","name":"Conflict News"}],"hashtags":[{"indices":[117,134],"text":"BlackLivesMatter"}],"urls":[]},"in_reply_to_screen_name":"rConflictNews","id_str":"544342971215122432","retweet_count":1,"in_reply_to_user_id":2566535282,"favorited":false,"user":{"follow_request_sent":false,"profile_use_background_image":true,"profile_text_color":"333333","default_profile_image":false,"id":2561732154,"profile_background_image_url_https":"https://abs.twimg.com/images/themes/theme14/bg.gif","verified":false,"profile_location":null,"profile_image_url_https":"https://pbs.twimg.com/profile_images/510148686513328128/lr9d5Eh0_normal.jpeg","profile_sidebar_fill_color":"EFEFEF","entities":{"description":{"urls":[]}},"followers_count":7,"profile_sidebar_border_color":"FFFFFF","id_str":"2561732154","profile_background_color":"131516","listed_count":0,"is_translation_enabled":false,"utc_offset":-25200,"statuses_count":263,"description":"Grateful American.","friends_count":28,"location":"United States of America","profile_link_color":"4A913C","profile_image_url":"http://pbs.twimg.com/profile_images/510148686513328128/lr9d5Eh0_normal.jpeg","following":false,"geo_enabled":true,"profile_banner_url":"https://pbs.twimg.com/profile_banners/2561732154/1405623897","profile_background_image_url":"http://abs.twimg.com/images/themes/theme14/bg.gif","name":"Super Evil Genius","lang":"en","profile_background_tile":true,"favourites_count":6,"screen_name":"lancebagley1","notifications":false,"url":null,"created_at":"Wed Jun 11 17:20:46 +0000 2014","contributors_enabled":false,"time_zone":"Arizona","protected":false,"default_profile":false,"is_translator":false},"geo":null,"in_reply_to_user_id_str":"2566535282","lang":"en","created_at":"Mon Dec 15 04:07:32 +0000 2014","in_reply_to_status_id_str":"544340578528272385","place":null},
{"contributors":null,"truncated":false,"text":"@rConflictNews @Lamarche Live by the sword, die by the sword.","in_reply_to_status_id":544340578528272385,"id":544347798166962176,"favorite_count":0,"source":"<a href=\"http://twitter.com/#!/download/ipad\" rel=\"nofollow\">Twitter for iPad</a>","retweeted":false,"coordinates":{"type":"Point","coordinates":[-90.04679373,30.00497815]},"entities":{"symbols":[],"user_mentions":[{"id":2566535282,"indices":[0,14],"id_str":"2566535282","screen_name":"rConflictNews","name":"Conflict News"},{"id":16166161,"indices":[15,24],"id_str":"16166161","screen_name":"Lamarche","name":"Jason Lamarche"}],"hashtags":[],"urls":[]},"in_reply_to_screen_name":"rConflictNews","id_str":"544347798166962176","retweet_count":0,"in_reply_to_user_id":2566535282,"favorited":false,"user":{"follow_request_sent":false,"profile_use_background_image":true,"profile_text_color":"333333","default_profile_image":false,"id":947913702,"profile_background_image_url_https":"https://abs.twimg.com/images/themes/theme1/bg.png","verified":false,"profile_location":null,"profile_image_url_https":"https://pbs.twimg.com/profile_images/3508333601/6411276238f3dac4204fc284495f67be_normal.jpeg","profile_sidebar_fill_color":"DDEEF6","entities":{"description":{"urls":[]}},"followers_count":1292,"profile_sidebar_border_color":"C0DEED","id_str":"947913702","profile_background_color":"C0DEED","listed_count":24,"is_translation_enabled":false,"utc_offset":null,"statuses_count":17302,"description":"Republican hippie, curmudgeon, private investor. Gram Parsons, Ben Graham, young girls, young girls. Enjoy as much, live as long, offend as many as possible.","friends_count":2001,"location":"NOLa","profile_link_color":"0084B4","profile_image_url":"http://pbs.twimg.com/profile_images/3508333601/6411276238f3dac4204fc284495f67be_normal.jpeg","following":false,"geo_enabled":true,"profile_background_image_url":"http://abs.twimg.com/images/themes/theme1/bg.png","name":"Robert Moulton","lang":"en","profile_background_tile":false,"favourites_count":7692,"screen_name":"rmoultoncapital","notifications":false,"url":null,"created_at":"Wed Nov 14 15:06:39 +0000 2012","contributors_enabled":false,"time_zone":null,"protected":false,"default_profile":true,"is_translator":false},"geo":{"type":"Point","coordinates":[30.00497815,-90.04679373]},"in_reply_to_user_id_str":"2566535282","lang":"en","created_at":"Mon Dec 15 04:26:43 +0000 2014","in_reply_to_status_id_str":"544340578528272385","place":{"full_name":"New Orleans, LA","url":"https://api.twitter.com/1.1/geo/id/dd3b100831dd1763.json","country":"United States","place_type":"city","bounding_box":{"type":"Polygon","coordinates":[[[-90.137908,29.889574],[-89.884108,29.889574],[-89.884108,30.075628],[-90.137908,30.075628]]]},"contained_within":[],"country_code":"US","attributes":{},"id":"dd3b100831dd1763","name":"New Orleans"}},
{"contributors":null,"truncated":false,"text":"@rConflictNews @Lamarche This has always been so. Even the 600s there were massive wars within in Islam as well as outward aggression.","in_reply_to_status_id":544340578528272385,"id":544348351051751425,"favorite_count":0,"source":"<a href=\"http://twitter.com\" rel=\"nofollow\">Twitter Web Client</a>","retweeted":false,"coordinates":null,"entities":{"symbols":[],"user_mentions":[{"id":2566535282,"indices":[0,14],"id_str":"2566535282","screen_name":"rConflictNews","name":"Conflict News"},{"id":16166161,"indices":[15,24],"id_str":"16166161","screen_name":"Lamarche","name":"Jason Lamarche"}],"hashtags":[],"urls":[]},"in_reply_to_screen_name":"rConflictNews","id_str":"544348351051751425","retweet_count":0,"in_reply_to_user_id":2566535282,"favorited":false,"user":{"follow_request_sent":false,"profile_use_background_image":true,"profile_text_color":"333333","default_profile_image":false,"id":45767079,"profile_background_image_url_https":"https://pbs.twimg.com/profile_background_images/378800000037491521/b73fa24933eab299f44a7e6ae29204cf.jpeg","verified":false,"profile_location":null,"profile_image_url_https":"https://pbs.twimg.com/profile_images/378800000640075622/48c400ec03cd332668959d8695649047_normal.png","profile_sidebar_fill_color":"DDEEF6","entities":{"url":{"urls":[{"url":"http://t.co/QO4i12MgMh","indices":[0,22],"expanded_url":"http://www.catchword.ca","display_url":"catchword.ca"}]},"description":{"urls":[]}},"followers_count":574,"profile_sidebar_border_color":"FFFFFF","id_str":"45767079","profile_background_color":"C0DEED","listed_count":50,"is_translation_enabled":false,"utc_offset":-32400,"statuses_count":11281,"description":"Business analyst, content strategist, writer/editor, & defender of lost causes. Avatar from Autostrada Centura Bucureşti.","friends_count":475,"location":"Victoria, British Columbia","profile_link_color":"0084B4","profile_image_url":"http://pbs.twimg.com/profile_images/378800000640075622/48c400ec03cd332668959d8695649047_normal.png","following":false,"geo_enabled":true,"profile_background_image_url":"http://pbs.twimg.com/profile_background_images/378800000037491521/b73fa24933eab299f44a7e6ae29204cf.jpeg","name":"Christopher Burd","lang":"en-gb","profile_background_tile":false,"favourites_count":539,"screen_name":"christopherburd","notifications":false,"url":"http://t.co/QO4i12MgMh","created_at":"Tue Jun 09 04:48:00 +0000 2009","contributors_enabled":false,"time_zone":"Alaska","protected":false,"default_profile":false,"is_translator":false},"geo":null,"in_reply_to_user_id_str":"2566535282","lang":"en","created_at":"Mon Dec 15 04:28:55 +0000 2014","in_reply_to_status_id_str":"544340578528272385","place":{"full_name":"Victoria, British Columbia","url":"https://api.twitter.com/1.1/geo/id/4fdbcad8c3ed7790.json","country":"Canada","place_type":"city","bounding_box":{"type":"Polygon","coordinates":[[[-123.394378,48.403014],[-123.322362,48.403014],[-123.322362,48.4504472],[-123.394378,48.4504472]]]},"contained_within":[],"country_code":"CA","attributes":{},"id":"4fdbcad8c3ed7790","name":"Victoria"}},
{"contributors":null,"truncated":false,"text":"@rConflictNews @CAFalk Absolutely true, and thank you for that critical point.","in_reply_to_status_id":544340578528272385,"id":544366794849255424,"favorite_count":0,"source":"<a href=\"http://twitter.com\" rel=\"nofollow\">Twitter Web Client</a>","retweeted":false,"coordinates":null,"entities":{"symbols":[],"user_mentions":[{"id":2566535282,"indices":[0,14],"id_str":"2566535282","screen_name":"rConflictNews","name":"Conflict News"},{"id":49388157,"indices":[15,22],"id_str":"49388157","screen_name":"CAFalk","name":"Carol  Falk"}],"hashtags":[],"urls":[]},"in_reply_to_screen_name":"rConflictNews","id_str":"544366794849255424","retweet_count":1,"in_reply_to_user_id":2566535282,"favorited":false,"user":{"follow_request_sent":false,"profile_use_background_image":true,"profile_text_color":"333333","default_profile_image":false,"id":18775094,"profile_background_image_url_https":"https://abs.twimg.com/images/themes/theme1/bg.png","verified":false,"profile_location":null,"profile_image_url_https":"https://pbs.twimg.com/profile_images/450701417099972609/bYl1YZo0_normal.jpeg","profile_sidebar_fill_color":"DDEEF6","entities":{"description":{"urls":[]}},"followers_count":810,"profile_sidebar_border_color":"C0DEED","id_str":"18775094","profile_background_color":"C0DEED","listed_count":21,"is_translation_enabled":false,"utc_offset":-25200,"statuses_count":6949,"description":"Voice for justice. All people of conscience are appreciated, don't have to be religious-DO have to care about your fellow humans, no exceptions! #UniteBlue!","friends_count":765,"location":"California","profile_link_color":"0084B4","profile_image_url":"http://pbs.twimg.com/profile_images/450701417099972609/bYl1YZo0_normal.jpeg","following":false,"geo_enabled":false,"profile_background_image_url":"http://abs.twimg.com/images/themes/theme1/bg.png","name":"CHURCHLADY320","lang":"en","profile_background_tile":false,"favourites_count":8943,"screen_name":"CHURCHLADY320","notifications":false,"url":null,"created_at":"Thu Jan 08 19:21:02 +0000 2009","contributors_enabled":false,"time_zone":"Arizona","protected":false,"default_profile":true,"is_translator":false},"geo":null,"in_reply_to_user_id_str":"2566535282","lang":"en","created_at":"Mon Dec 15 05:42:12 +0000 2014","in_reply_to_status_id_str":"544340578528272385","place":null},
{"contributors":null,"truncated":false,"text":"@ShahKourosh @rConflictNews Yes. It means that Islam is NOT violent.  Fundamentalists, no matter who, always ARE.","in_reply_to_status_id":544341016892153856,"id":544366955264634880,"favorite_count":0,"source":"<a href=\"http://twitter.com\" rel=\"nofollow\">Twitter Web Client</a>","retweeted":false,"coordinates":null,"entities":{"symbols":[],"user_mentions":[{"id":2916544419,"indices":[0,12],"id_str":"2916544419","screen_name":"ShahKourosh","name":"Kourosh Shah"},{"id":2566535282,"indices":[13,27],"id_str":"2566535282","screen_name":"rConflictNews","name":"Conflict News"}],"hashtags":[],"urls":[]},"in_reply_to_screen_name":"ShahKourosh","id_str":"544366955264634880","retweet_count":0,"in_reply_to_user_id":2916544419,"favorited":false,"user":{"follow_request_sent":false,"profile_use_background_image":true,"profile_text_color":"333333","default_profile_image":false,"id":18775094,"profile_background_image_url_https":"https://abs.twimg.com/images/themes/theme1/bg.png","verified":false,"profile_location":null,"profile_image_url_https":"https://pbs.twimg.com/profile_images/450701417099972609/bYl1YZo0_normal.jpeg","profile_sidebar_fill_color":"DDEEF6","entities":{"description":{"urls":[]}},"followers_count":810,"profile_sidebar_border_color":"C0DEED","id_str":"18775094","profile_background_color":"C0DEED","listed_count":21,"is_translation_enabled":false,"utc_offset":-25200,"statuses_count":6949,"description":"Voice for justice. All people of conscience are appreciated, don't have to be religious-DO have to care about your fellow humans, no exceptions! #UniteBlue!","friends_count":765,"location":"California","profile_link_color":"0084B4","profile_image_url":"http://pbs.twimg.com/profile_images/450701417099972609/bYl1YZo0_normal.jpeg","following":false,"geo_enabled":false,"profile_background_image_url":"http://abs.twimg.com/images/themes/theme1/bg.png","name":"CHURCHLADY320","lang":"en","profile_background_tile":false,"favourites_count":8943,"screen_name":"CHURCHLADY320","notifications":false,"url":null,"created_at":"Thu Jan 08 19:21:02 +0000 2009","contributors_enabled":false,"time_zone":"Arizona","protected":false,"default_profile":true,"is_translator":false},"geo":null,"in_reply_to_user_id_str":"2916544419","lang":"en","created_at":"Mon Dec 15 05:42:50 +0000 2014","in_reply_to_status_id_str":"544341016892153856","place":null},
{"contributors":null,"truncated":false,"text":"@GabbyOgbechie1 @rConflictNews The MAJORITY are Muslims.","in_reply_to_status_id":544341522679103488,"id":544367044133523457,"favorite_count":0,"source":"<a href=\"http://twitter.com\" rel=\"nofollow\">Twitter Web Client</a>","retweeted":false,"coordinates":null,"entities":{"symbols":[],"user_mentions":[{"id":1449766904,"indices":[0,15],"id_str":"1449766904","screen_name":"GabbyOgbechie1","name":"Gabby Ogbechie"},{"id":2566535282,"indices":[16,30],"id_str":"2566535282","screen_name":"rConflictNews","name":"Conflict News"}],"hashtags":[],"urls":[]},"in_reply_to_screen_name":"GabbyOgbechie1","id_str":"544367044133523457","retweet_count":0,"in_reply_to_user_id":1449766904,"favorited":false,"user":{"follow_request_sent":false,"profile_use_background_image":true,"profile_text_color":"333333","default_profile_image":false,"id":18775094,"profile_background_image_url_https":"https://abs.twimg.com/images/themes/theme1/bg.png","verified":false,"profile_location":null,"profile_image_url_https":"https://pbs.twimg.com/profile_images/450701417099972609/bYl1YZo0_normal.jpeg","profile_sidebar_fill_color":"DDEEF6","entities":{"description":{"urls":[]}},"followers_count":810,"profile_sidebar_border_color":"C0DEED","id_str":"18775094","profile_background_color":"C0DEED","listed_count":21,"is_translation_enabled":false,"utc_offset":-25200,"statuses_count":6949,"description":"Voice for justice. All people of conscience are appreciated, don't have to be religious-DO have to care about your fellow humans, no exceptions! #UniteBlue!","friends_count":765,"location":"California","profile_link_color":"0084B4","profile_image_url":"http://pbs.twimg.com/profile_images/450701417099972609/bYl1YZo0_normal.jpeg","following":false,"geo_enabled":false,"profile_background_image_url":"http://abs.twimg.com/images/themes/theme1/bg.png","name":"CHURCHLADY320","lang":"en","profile_background_tile":false,"favourites_count":8943,"screen_name":"CHURCHLADY320","notifications":false,"url":null,"created_at":"Thu Jan 08 19:21:02 +0000 2009","contributors_enabled":false,"time_zone":"Arizona","protected":false,"default_profile":true,"is_translator":false},"geo":null,"in_reply_to_user_id_str":"1449766904","lang":"en","created_at":"Mon Dec 15 05:43:11 +0000 2014","in_reply_to_status_id_str":"544341522679103488","place":null},
{"contributors":null,"truncated":false,"text":"@lancebagley1 @rConflictNews Actually white people kill one another more.  Get over it.","in_reply_to_status_id":544342971215122432,"id":544367136290766850,"favorite_count":0,"source":"<a href=\"http://twitter.com\" rel=\"nofollow\">Twitter Web Client</a>","retweeted":false,"coordinates":null,"entities":{"symbols":[],"user_mentions":[{"id":2561732154,"indices":[0,13],"id_str":"2561732154","screen_name":"lancebagley1","name":"Super Evil Genius"},{"id":2566535282,"indices":[14,28],"id_str":"2566535282","screen_name":"rConflictNews","name":"Conflict News"}],"hashtags":[],"urls":[]},"in_reply_to_screen_name":"lancebagley1","id_str":"544367136290766850","retweet_count":0,"in_reply_to_user_id":2561732154,"favorited":false,"user":{"follow_request_sent":false,"profile_use_background_image":true,"profile_text_color":"333333","default_profile_image":false,"id":18775094,"profile_background_image_url_https":"https://abs.twimg.com/images/themes/theme1/bg.png","verified":false,"profile_location":null,"profile_image_url_https":"https://pbs.twimg.com/profile_images/450701417099972609/bYl1YZo0_normal.jpeg","profile_sidebar_fill_color":"DDEEF6","entities":{"description":{"urls":[]}},"followers_count":810,"profile_sidebar_border_color":"C0DEED","id_str":"18775094","profile_background_color":"C0DEED","listed_count":21,"is_translation_enabled":false,"utc_offset":-25200,"statuses_count":6949,"description":"Voice for justice. All people of conscience are appreciated, don't have to be religious-DO have to care about your fellow humans, no exceptions! #UniteBlue!","friends_count":765,"location":"California","profile_link_color":"0084B4","profile_image_url":"http://pbs.twimg.com/profile_images/450701417099972609/bYl1YZo0_normal.jpeg","following":false,"geo_enabled":false,"profile_background_image_url":"http://abs.twimg.com/images/themes/theme1/bg.png","name":"CHURCHLADY320","lang":"en","profile_background_tile":false,"favourites_count":8943,"screen_name":"CHURCHLADY320","notifications":false,"url":null,"created_at":"Thu Jan 08 19:21:02 +0000 2009","contributors_enabled":false,"time_zone":"Arizona","protected":false,"default_profile":true,"is_translator":false},"geo":null,"in_reply_to_user_id_str":"2561732154","lang":"en","created_at":"Mon Dec 15 05:43:33 +0000 2014","in_reply_to_status_id_str":"544342971215122432","place":null},
{"contributors":null,"truncated":false,"text":"@lancebagley1 @rConflictNews If I've shed 40 lbs. of skin, why am I still dieting?","in_reply_to_status_id":544367136290766850,"id":544368240122535936,"favorite_count":0,"source":"<a href=\"http://twitter.com\" rel=\"nofollow\">Twitter Web Client</a>","retweeted":false,"coordinates":null,"entities":{"symbols":[],"user_mentions":[{"id":2561732154,"indices":[0,13],"id_str":"2561732154","screen_name":"lancebagley1","name":"Super Evil Genius"},{"id":2566535282,"indices":[14,28],"id_str":"2566535282","screen_name":"rConflictNews","name":"Conflict News"}],"hashtags":[],"urls":[]},"in_reply_to_screen_name":"CHURCHLADY320","id_str":"544368240122535936","retweet_count":0,"in_reply_to_user_id":18775094,"favorited":false,"user":{"follow_request_sent":false,"profile_use_background_image":true,"profile_text_color":"333333","default_profile_image":false,"id":18775094,"profile_background_image_url_https":"https://abs.twimg.com/images/themes/theme1/bg.png","verified":false,"profile_location":null,"profile_image_url_https":"https://pbs.twimg.com/profile_images/450701417099972609/bYl1YZo0_normal.jpeg","profile_sidebar_fill_color":"DDEEF6","entities":{"description":{"urls":[]}},"followers_count":810,"profile_sidebar_border_color":"C0DEED","id_str":"18775094","profile_background_color":"C0DEED","listed_count":21,"is_translation_enabled":false,"utc_offset":-25200,"statuses_count":6949,"description":"Voice for justice. All people of conscience are appreciated, don't have to be religious-DO have to care about your fellow humans, no exceptions! #UniteBlue!","friends_count":765,"location":"California","profile_link_color":"0084B4","profile_image_url":"http://pbs.twimg.com/profile_images/450701417099972609/bYl1YZo0_normal.jpeg","following":false,"geo_enabled":false,"profile_background_image_url":"http://abs.twimg.com/images/themes/theme1/bg.png","name":"CHURCHLADY320","lang":"en","profile_background_tile":false,"favourites_count":8943,"screen_name":"CHURCHLADY320","notifications":false,"url":null,"created_at":"Thu Jan 08 19:21:02 +0000 2009","contributors_enabled":false,"time_zone":"Arizona","protected":false,"default_profile":true,"is_translator":false},"geo":null,"in_reply_to_user_id_str":"18775094","lang":"en","created_at":"Mon Dec 15 05:47:56 +0000 2014","in_reply_to_status_id_str":"544367136290766850","place":null},
{"contributors":null,"truncated":false,"text":"@CHURCHLADY320 @rConflictNews Make a map of where Christians kill Christians and Jews and kill Jews.","in_reply_to_status_id":544366955264634880,"id":544369525920370689,"favorite_count":0,"source":"<a href=\"http://twitter.com\" rel=\"nofollow\">Twitter Web Client</a>","retweeted":false,"coordinates":null,"entities":{"symbols":[],"user_mentions":[{"id":18775094,"indices":[0,14],"id_str":"18775094","screen_name":"CHURCHLADY320","name":"CHURCHLADY320"},{"id":2566535282,"indices":[15,29],"id_str":"2566535282","screen_name":"rConflictNews","name":"Conflict News"}],"hashtags":[],"urls":[]},"in_reply_to_screen_name":"CHURCHLADY320","id_str":"544369525920370689","retweet_count":0,"in_reply_to_user_id":18775094,"favorited":false,"user":{"follow_request_sent":false,"profile_use_background_image":true,"profile_text_color":"333333","default_profile_image":false,"id":2916544419,"profile_background_image_url_https":"https://abs.twimg.com/images/themes/theme1/bg.png","verified":false,"profile_location":null,"profile_image_url_https":"https://pbs.twimg.com/profile_images/589452013051613184/6F2K8jjU_normal.jpg","profile_sidebar_fill_color":"DDEEF6","entities":{"description":{"urls":[]}},"followers_count":14,"profile_sidebar_border_color":"C0DEED","id_str":"2916544419","profile_background_color":"C0DEED","listed_count":0,"is_translation_enabled":false,"utc_offset":-28800,"statuses_count":240,"description":"Scientist. Secular. Hardliner. Troll.","friends_count":17,"location":"","profile_link_color":"0084B4","profile_image_url":"http://pbs.twimg.com/profile_images/589452013051613184/6F2K8jjU_normal.jpg","following":false,"geo_enabled":false,"profile_background_image_url":"http://abs.twimg.com/images/themes/theme1/bg.png","name":"Kourosh Shah","lang":"en","profile_background_tile":false,"favourites_count":35,"screen_name":"ShahKourosh","notifications":false,"url":null,"created_at":"Fri Dec 12 00:16:54 +0000 2014","contributors_enabled":false,"time_zone":"Tijuana","protected":false,"default_profile":true,"is_translator":false},"geo":null,"in_reply_to_user_id_str":"18775094","lang":"en","created_at":"Mon Dec 15 05:53:03 +0000 2014","in_reply_to_status_id_str":"544366955264634880","place":null},
{"contributors":null,"truncated":false,"text":"@ShahKourosh @rConflictNews World church of the Creator, any women's clinic, the Inquisition, it goes on...","in_reply_to_status_id":544369525920370689,"id":544370109288943617,"favorite_count":0,"source":"<a href=\"http://twitter.com\" rel=\"nofollow\">Twitter Web Client</a>","retweeted":false,"coordinates":null,"entities":{"symbols":[],"user_mentions":[{"id":2916544419,"indices":[0,12],"id_str":"2916544419","screen_name":"ShahKourosh","name":"Kourosh Shah"},{"id":2566535282,"indices":[13,27],"id_str":"2566535282","screen_name":"rConflictNews","name":"Conflict News"}],"hashtags":[],"urls":[]},"in_reply_to_screen_name":"ShahKourosh","id_str":"544370109288943617","retweet_count":0,"in_reply_to_user_id":2916544419,"favorited":false,"user":{"follow_request_sent":false,"profile_use_background_image":true,"profile_text_color":"333333","default_profile_image":false,"id":18775094,"profile_background_image_url_https":"https://abs.twimg.com/images/themes/theme1/bg.png","verified":false,"profile_location":null,"profile_image_url_https":"https://pbs.twimg.com/profile_images/450701417099972609/bYl1YZo0_normal.jpeg","profile_sidebar_fill_color":"DDEEF6","entities":{"description":{"urls":[]}},"followers_count":810,"profile_sidebar_border_color":"C0DEED","id_str":"18775094","profile_background_color":"C0DEED","listed_count":21,"is_translation_enabled":false,"utc_offset":-25200,"statuses_count":6949,"description":"Voice for justice. All people of conscience are appreciated, don't have to be religious-DO have to care about your fellow humans, no exceptions! #UniteBlue!","friends_count":765,"location":"California","profile_link_color":"0084B4","profile_image_url":"http://pbs.twimg.com/profile_images/450701417099972609/bYl1YZo0_normal.jpeg","following":false,"geo_enabled":false,"profile_background_image_url":"http://abs.twimg.com/images/themes/theme1/bg.png","name":"CHURCHLADY320","lang":"en","profile_background_tile":false,"favourites_count":8943,"screen_name":"CHURCHLADY320","notifications":false,"url":null,"created_at":"Thu Jan 08 19:21:02 +0000 2009","contributors_enabled":false,"time_zone":"Arizona","protected":false,"default_profile":true,"is_translator":false},"geo":null,"in_reply_to_user_id_str":"2916544419","lang":"en","created_at":"Mon Dec 15 05:55:22 +0000 2014","in_reply_to_status_id_str":"544369525920370689","place":null},
{"contributors":null,"truncated":false,"text":"@CHURCHLADY320 @rConflictNews So are you prepared to make a year 2014, map of Christians beheading and blowing up Christians for Jesus?","in_reply_to_status_id":544370109288943617,"id":544370475150102528,"favorite_count":0,"source":"<a href=\"http://twitter.com\" rel=\"nofollow\">Twitter Web Client</a>","retweeted":false,"coordinates":null,"entities":{"symbols":[],"user_mentions":[{"id":18775094,"indices":[0,14],"id_str":"18775094","screen_name":"CHURCHLADY320","name":"CHURCHLADY320"},{"id":2566535282,"indices":[15,29],"id_str":"2566535282","screen_name":"rConflictNews","name":"Conflict News"}],"hashtags":[],"urls":[]},"in_reply_to_screen_name":"CHURCHLADY320","id_str":"544370475150102528","retweet_count":0,"in_reply_to_user_id":18775094,"favorited":false,"user":{"follow_request_sent":false,"profile_use_background_image":true,"profile_text_color":"333333","default_profile_image":false,"id":2916544419,"profile_background_image_url_https":"https://abs.twimg.com/images/themes/theme1/bg.png","verified":false,"profile_location":null,"profile_image_url_https":"https://pbs.twimg.com/profile_images/589452013051613184/6F2K8jjU_normal.jpg","profile_sidebar_fill_color":"DDEEF6","entities":{"description":{"urls":[]}},"followers_count":14,"profile_sidebar_border_color":"C0DEED","id_str":"2916544419","profile_background_color":"C0DEED","listed_count":0,"is_translation_enabled":false,"utc_offset":-28800,"statuses_count":240,"description":"Scientist. Secular. Hardliner. Troll.","friends_count":17,"location":"","profile_link_color":"0084B4","profile_image_url":"http://pbs.twimg.com/profile_images/589452013051613184/6F2K8jjU_normal.jpg","following":false,"geo_enabled":false,"profile_background_image_url":"http://abs.twimg.com/images/themes/theme1/bg.png","name":"Kourosh Shah","lang":"en","profile_background_tile":false,"favourites_count":35,"screen_name":"ShahKourosh","notifications":false,"url":null,"created_at":"Fri Dec 12 00:16:54 +0000 2014","contributors_enabled":false,"time_zone":"Tijuana","protected":false,"default_profile":true,"is_translator":false},"geo":null,"in_reply_to_user_id_str":"18775094","lang":"en","created_at":"Mon Dec 15 05:56:49 +0000 2014","in_reply_to_status_id_str":"544370109288943617","place":null},
{"contributors":null,"truncated":false,"text":"@rConflictNews growing pains","in_reply_to_status_id":544340578528272385,"id":544373654708965378,"favorite_count":0,"source":"<a href=\"http://twitter.com/download/iphone\" rel=\"nofollow\">Twitter for iPhone</a>","retweeted":false,"coordinates":null,"entities":{"symbols":[],"user_mentions":[{"id":2566535282,"indices":[0,14],"id_str":"2566535282","screen_name":"rConflictNews","name":"Conflict News"}],"hashtags":[],"urls":[]},"in_reply_to_screen_name":"rConflictNews","id_str":"544373654708965378","retweet_count":0,"in_reply_to_user_id":2566535282,"favorited":false,"user":{"follow_request_sent":false,"profile_use_background_image":true,"profile_text_color":"333333","default_profile_image":false,"id":535093370,"profile_background_image_url_https":"https://abs.twimg.com/images/themes/theme1/bg.png","verified":false,"profile_location":null,"profile_image_url_https":"https://pbs.twimg.com/profile_images/588200880895307777/NEjIeUlW_normal.jpg","profile_sidebar_fill_color":"DDEEF6","entities":{"description":{"urls":[]}},"followers_count":19,"profile_sidebar_border_color":"C0DEED","id_str":"535093370","profile_background_color":"C0DEED","listed_count":0,"is_translation_enabled":false,"utc_offset":null,"statuses_count":528,"description":"Proud member of the Excuses and Accusations club. Hypocritically ironic. Genius sociopath. Serial Reddit down voter. Latent hipster. Apartment dweller.","friends_count":210,"location":"Cali","profile_link_color":"0084B4","profile_image_url":"http://pbs.twimg.com/profile_images/588200880895307777/NEjIeUlW_normal.jpg","following":false,"geo_enabled":false,"profile_banner_url":"https://pbs.twimg.com/profile_banners/535093370/1412978095","profile_background_image_url":"http://abs.twimg.com/images/themes/theme1/bg.png","name":"Tem","lang":"en","profile_background_tile":false,"favourites_count":119,"screen_name":"lievan_tem","notifications":false,"url":null,"created_at":"Sat Mar 24 07:08:43 +0000 2012","contributors_enabled":false,"time_zone":null,"protected":false,"default_profile":true,"is_translator":false},"geo":null,"in_reply_to_user_id_str":"2566535282","lang":"en","created_at":"Mon Dec 15 06:09:27 +0000 2014","in_reply_to_status_id_str":"544340578528272385","place":null},
{"contributors":null,"truncated":false,"text":"@rConflictNews\nThe extremists would say the majority weren't Muslims - they were Shi'ite's.....","in_reply_to_status_id":544340578528272385,"id":544408638182653952,"favorite_count":0,"source":"<a href=\"http://twitter.com/download/iphone\" rel=\"nofollow\">Twitter for iPhone</a>","retweeted":false,"coordinates":null,"entities":{"symbols":[],"user_mentions":[{"id":2566535282,"indices":[0,14],"id_str":"2566535282","screen_name":"rConflictNews","name":"Conflict News"}],"hashtags":[],"urls":[]},"in_reply_to_screen_name":"rConflictNews","id_str":"544408638182653952","retweet_count":0,"in_reply_to_user_id":2566535282,"favorited":false,"user":{"follow_request_sent":false,"profile_use_background_image":true,"profile_text_color":"333333","default_profile_image":false,"id":2846001693,"profile_background_image_url_https":"https://abs.twimg.com/images/themes/theme1/bg.png","verified":false,"profile_location":null,"profile_image_url_https":"https://pbs.twimg.com/profile_images/526852536826097664/VigEIs3s_normal.jpeg","profile_sidebar_fill_color":"DDEEF6","entities":{"description":{"urls":[]}},"followers_count":10,"profile_sidebar_border_color":"C0DEED","id_str":"2846001693","profile_background_color":"C0DEED","listed_count":0,"is_translation_enabled":false,"utc_offset":null,"statuses_count":226,"description":"Peace, Freedom & Security for all...","friends_count":34,"location":"","profile_link_color":"0084B4","profile_image_url":"http://pbs.twimg.com/profile_images/526852536826097664/VigEIs3s_normal.jpeg","following":false,"geo_enabled":false,"profile_banner_url":"https://pbs.twimg.com/profile_banners/2846001693/1414448590","profile_background_image_url":"http://abs.twimg.com/images/themes/theme1/bg.png","name":"GlenMinard","lang":"en","profile_background_tile":false,"favourites_count":73,"screen_name":"th3killingmoon","notifications":false,"url":null,"created_at":"Mon Oct 27 00:09:14 +0000 2014","contributors_enabled":false,"time_zone":null,"protected":false,"default_profile":true,"is_translator":false},"geo":null,"in_reply_to_user_id_str":"2566535282","lang":"en","created_at":"Mon Dec 15 08:28:28 +0000 2014","in_reply_to_status_id_str":"544340578528272385","place":null},
{"contributors":null,"truncated":false,"text":"@rConflictNews \n....even though they worship the same God, read the same book, &amp; believe in the same prophet. Makes no sense.","in_reply_to_status_id":544340578528272385,"id":544409391467081728,"favorite_count":0,"source":"<a href=\"http://twitter.com/download/iphone\" rel=\"nofollow\">Twitter for iPhone</a>","retweeted":false,"coordinates":null,"entities":{"symbols":[],"user_mentions":[{"id":2566535282,"indices":[0,14],"id_str":"2566535282","screen_name":"rConflictNews","name":"Conflict News"}],"hashtags":[],"urls":[]},"in_reply_to_screen_name":"rConflictNews","id_str":"544409391467081728","retweet_count":0,"in_reply_to_user_id":2566535282,"favorited":false,"user":{"follow_request_sent":false,"profile_use_background_image":true,"profile_text_color":"333333","default_profile_image":false,"id":2846001693,"profile_background_image_url_https":"https://abs.twimg.com/images/themes/theme1/bg.png","verified":false,"profile_location":null,"profile_image_url_https":"https://pbs.twimg.com/profile_images/526852536826097664/VigEIs3s_normal.jpeg","profile_sidebar_fill_color":"DDEEF6","entities":{"description":{"urls":[]}},"followers_count":10,"profile_sidebar_border_color":"C0DEED","id_str":"2846001693","profile_background_color":"C0DEED","listed_count":0,"is_translation_enabled":false,"utc_offset":null,"statuses_count":226,"description":"Peace, Freedom & Security for all...","friends_count":34,"location":"","profile_link_color":"0084B4","profile_image_url":"http://pbs.twimg.com/profile_images/526852536826097664/VigEIs3s_normal.jpeg","following":false,"geo_enabled":false,"profile_banner_url":"https://pbs.twimg.com/profile_banners/2846001693/1414448590","profile_background_image_url":"http://abs.twimg.com/images/themes/theme1/bg.png","name":"GlenMinard","lang":"en","profile_background_tile":false,"favourites_count":73,"screen_name":"th3killingmoon","notifications":false,"url":null,"created_at":"Mon Oct 27 00:09:14 +0000 2014","contributors_enabled":false,"time_zone":null,"protected":false,"default_profile":true,"is_translator":false},"geo":null,"in_reply_to_user_id_str":"2566535282","lang":"en","created_at":"Mon Dec 15 08:31:28 +0000 2014","in_reply_to_status_id_str":"544340578528272385","place":null},
{"contributors":null,"truncated":false,"text":"@rConflictNews  what a twisted logic","in_reply_to_status_id":544340578528272385,"id":544414663996612609,"favorite_count":0,"source":"<a href=\"http://twitter.com\" rel=\"nofollow\">Twitter Web Client</a>","retweeted":false,"coordinates":null,"entities":{"symbols":[],"user_mentions":[{"id":2566535282,"indices":[0,14],"id_str":"2566535282","screen_name":"rConflictNews","name":"Conflict News"}],"hashtags":[],"urls":[]},"in_reply_to_screen_name":"rConflictNews","id_str":"544414663996612609","retweet_count":0,"in_reply_to_user_id":2566535282,"favorited":false,"user":{"follow_request_sent":false,"profile_use_background_image":true,"profile_text_color":"333333","default_profile_image":false,"id":1705685203,"profile_background_image_url_https":"https://abs.twimg.com/images/themes/theme1/bg.png","verified":false,"profile_location":null,"profile_image_url_https":"https://pbs.twimg.com/profile_images/503650856600731649/YqXl3yBL_normal.jpeg","profile_sidebar_fill_color":"DDEEF6","entities":{"description":{"urls":[]}},"followers_count":5,"profile_sidebar_border_color":"C0DEED","id_str":"1705685203","profile_background_color":"C0DEED","listed_count":0,"is_translation_enabled":false,"utc_offset":null,"statuses_count":6,"description":"just here for information","friends_count":53,"location":"","profile_link_color":"0084B4","profile_image_url":"http://pbs.twimg.com/profile_images/503650856600731649/YqXl3yBL_normal.jpeg","following":false,"geo_enabled":false,"profile_banner_url":"https://pbs.twimg.com/profile_banners/1705685203/1408914867","profile_background_image_url":"http://abs.twimg.com/images/themes/theme1/bg.png","name":"RAK","lang":"de","profile_background_tile":false,"favourites_count":1,"screen_name":"Roman_AKr","notifications":false,"url":null,"created_at":"Tue Aug 27 21:31:12 +0000 2013","contributors_enabled":false,"time_zone":null,"protected":false,"default_profile":true,"is_translator":false},"geo":null,"in_reply_to_user_id_str":"2566535282","lang":"en","created_at":"Mon Dec 15 08:52:25 +0000 2014","in_reply_to_status_id_str":"544340578528272385","place":null}
]